HIERARCHY
ROOT Hips
{
	OFFSET -6.583065 104.355759 -1.477566
	CHANNELS 6 Xposition Yposition Zposition Xrotation Yrotation Zrotation
	JOINT Chest
	{
		OFFSET 1.947950 13.440147 1.312301
		CHANNELS 3 Xrotation Yrotation Zrotation
		JOINT Chest2
		{
			OFFSET 0.727180 20.867043 4.806705
			CHANNELS 3 Xrotation Yrotation Zrotation
			JOINT Chest3
			{
				OFFSET -0.360484 14.922714 0.049319
				CHANNELS 3 Xrotation Yrotation Zrotation
				JOINT Neck
				{
					OFFSET -1.816531 16.807007 3.583415
					CHANNELS 3 Xrotation Yrotation Zrotation
					JOINT Head
					{
						OFFSET -2.908383 8.895462 4.715916
						CHANNELS 3 Xrotation Yrotation Zrotation
						End Site
						{
							OFFSET -2.950796 8.911652 4.658650
						}
					}
				}
				JOINT LeftCollar
				{
					OFFSET 3.352820 13.761169 1.092334
					CHANNELS 3 Xrotation Yrotation Zrotation
					JOINT LeftUpArm
					{
						OFFSET -0.693355 8.704834 -15.239569
						CHANNELS 3 Xrotation Yrotation Zrotation
						JOINT LeftLowArm
						{
							OFFSET 0.546933 31.669281 -11.682676
							CHANNELS 3 Xrotation Yrotation Zrotation
							JOINT LeftHand
							{
								OFFSET -19.740007 1.116531 22.583910
								CHANNELS 3 Xrotation Yrotation Zrotation
								End Site
								{
									OFFSET -4.314299 0.244049 4.935839
								}
							}
						}
					}
				}
				JOINT RightCollar
				{
					OFFSET -1.436499 11.826843 7.737626
					CHANNELS 3 Xrotation Yrotation Zrotation
					JOINT RightUpArm
					{
						OFFSET -11.416099 -4.437927 12.588634
						CHANNELS 3 Xrotation Yrotation Zrotation
						JOINT RightLowArm
						{
							OFFSET 24.757961 -10.558838 20.378628
							CHANNELS 3 Xrotation Yrotation Zrotation
							JOINT RightHand
							{
								OFFSET 25.019156 16.004868 4.340549
								CHANNELS 3 Xrotation Yrotation Zrotation
								End Site
								{
									OFFSET 5.468174 3.498047 0.948662
								}
							}
						}
					}
				}
			}
		}
	}
	JOINT LeftUpLeg
	{
		OFFSET 8.553776 -0.735321 -5.168304
		CHANNELS 3 Xrotation Yrotation Zrotation
		JOINT LeftLowLeg
		{
			OFFSET 8.632231 -44.645863 13.274798
			CHANNELS 3 Xrotation Yrotation Zrotation
			JOINT LeftFoot
			{
				OFFSET -25.677814 -35.065880 -10.564159
				CHANNELS 3 Xrotation Yrotation Zrotation
				JOINT LeftToe
				{
					OFFSET -7.746336 -21.848486 4.711409
					CHANNELS 3 Xrotation Yrotation Zrotation
					End Site
					{
						OFFSET 3.811188 -17.915871 14.968475
					}
				}
			}
		}
	}
	JOINT RightUpLeg
	{
		OFFSET -8.553806 0.735123 5.168286
		CHANNELS 3 Xrotation Yrotation Zrotation
		JOINT RightLowLeg
		{
			OFFSET -0.018669 -47.180630 -4.242560
			CHANNELS 3 Xrotation Yrotation Zrotation
			JOINT RightFoot
			{
				OFFSET -0.066502 -40.901257 -18.101437
				CHANNELS 3 Xrotation Yrotation Zrotation
				JOINT RightToe
				{
					OFFSET 7.213423 -21.636702 6.275050
					CHANNELS 3 Xrotation Yrotation Zrotation
					End Site
					{
						OFFSET 8.198462 -11.803709 18.788660
					}
				}
			}
		}
	}
}
MOTION
Frames: 279
Frame Time: 0.033333
-3.149786 105.191109 -1.111722 -0.976109 -31.624623 3.117884 -7.059530 1.045164 -2.017752 10.419471 -1.626298 -1.639552 -12.551755 -17.773805 -13.498412 -14.663977 16.102642 -2.870669 -0.000001 0.000003 -0.000001 -34.743584 7.508026 -32.969070 -65.286431 18.427106 -58.302256 -65.085781 48.317390 -62.550394 0.000002 0.000002 -0.000000 25.854059 -17.247548 10.694168 32.131348 -37.666000 -28.878842 4.700482 -7.583947 -42.477018 -0.000001 0.000001 -0.000003 22.187429 -3.806943 -11.614882 -18.828590 6.005545 35.991474 -31.408089 2.955638 17.624740 -0.000001 0.000001 -0.000005 -4.956367 2.683116 -4.632083 -0.456501 0.212293 -8.178670 -15.155724 -0.064109 7.666884 0.000002 0.000003 -0.000001 
-3.147652 105.194397 -1.112967 -0.980294 -31.460579 3.112382 -6.833804 1.021483 -2.082221 9.878282 -1.579689 -1.328719 -12.312442 -17.704661 -13.757453 -14.483481 16.021981 -2.963180 -0.000001 0.000003 0.000003 -34.658682 7.370548 -33.089521 -65.110902 18.414680 -58.577000 -65.383140 48.367517 -62.159065 0.000005 0.000003 -0.000004 26.018943 -17.533195 10.889649 31.966098 -37.631948 -28.966429 4.567094 -7.451976 -42.555255 0.000002 0.000003 -0.000006 22.103018 -3.828117 -11.517669 -18.555657 5.968994 35.818905 -31.592285 2.928485 17.630865 -0.000002 0.000001 -0.000004 -5.074775 2.742225 -4.613975 -0.314017 0.194082 -8.134335 -15.324547 -0.528451 7.366619 0.000007 0.000001 0.000000 
-3.141023 105.203865 -1.116688 -1.253306 -31.866852 3.096792 -6.088892 1.027762 -2.551631 8.355113 -1.439123 -0.535928 -11.532670 -17.522345 -14.154878 -14.367259 16.095474 -3.078966 0.000002 0.000002 -0.000001 -34.719897 7.149388 -33.211265 -65.565964 18.447520 -57.947824 -65.638794 48.001931 -62.279905 0.000003 0.000003 0.000001 25.993299 -17.546951 11.044816 32.121417 -38.068117 -28.776413 4.930462 -7.424258 -42.635615 -0.000000 -0.000000 -0.000002 21.965209 -3.846444 -11.474246 -18.106965 5.999686 35.411689 -31.453977 2.988655 17.703695 -0.000000 -0.000002 -0.000003 -4.849579 2.733098 -4.828039 -0.515483 0.134346 -7.958995 -15.347399 -0.374189 7.623362 0.000004 0.000002 0.000003 
-3.135483 105.213318 -1.120788 -1.876980 -31.824225 3.128895 -5.449813 1.023773 -2.992711 7.972837 -1.406906 -0.336338 -11.385732 -17.186071 -14.112510 -14.139927 15.948625 -3.030252 -0.000000 0.000005 0.000002 -34.836349 7.210138 -33.237248 -65.294027 18.166635 -58.323320 -66.488033 47.685796 -61.908992 -0.000001 0.000001 -0.000000 26.242828 -18.411337 11.449374 32.003121 -38.402315 -28.826001 5.181275 -7.473309 -43.057024 0.000005 0.000003 -0.000005 22.481612 -3.991778 -11.833644 -18.225677 5.929783 35.481863 -31.629124 2.992105 17.759504 0.000002 -0.000003 -0.000002 -4.585893 2.700362 -5.008232 -0.466401 0.214171 -7.976938 -15.236059 -0.475854 7.507210 0.000002 -0.000001 -0.000000 
-3.125828 105.221283 -1.122356 -1.877669 -31.635073 3.111159 -5.368560 1.004173 -2.952920 7.913748 -1.474754 -0.201785 -11.458576 -17.391422 -14.291464 -14.112773 16.039337 -3.078520 -0.000002 0.000004 0.000003 -34.831284 7.193609 -33.245478 -65.408992 18.138122 -58.229159 -66.361264 47.654233 -62.147304 0.000003 0.000000 -0.000004 26.018578 -17.972786 11.184745 32.135237 -38.132960 -28.613479 5.194909 -7.909927 -43.194779 0.000003 0.000002 -0.000007 22.580167 -3.965702 -11.893559 -18.307591 5.896391 35.568668 -31.629551 2.900282 17.462171 0.000002 0.000002 -0.000003 -4.438993 2.658069 -5.166760 -0.409729 0.266624 -7.941992 -15.123058 -0.472393 7.449657 0.000001 0.000003 0.000002 
-3.117501 105.229088 -1.127649 -1.726723 -31.521132 3.123389 -5.751857 1.005835 -2.741284 8.138410 -1.538592 -0.256060 -11.314062 -17.018717 -14.361668 -13.704938 15.928903 -3.436938 0.000001 0.000003 -0.000001 -34.395661 6.779831 -33.879289 -65.156378 18.233907 -58.647351 -65.938557 47.982045 -61.868817 0.000002 0.000003 -0.000000 26.352171 -18.739080 11.465114 31.823972 -37.545987 -28.803113 4.742623 -7.782645 -43.144003 -0.000000 0.000001 -0.000003 22.520124 -3.872896 -11.898494 -18.238273 5.989529 35.621492 -31.645776 2.919156 17.556101 -0.000000 -0.000002 -0.000003 -4.395297 2.614708 -5.196762 -0.810866 -0.000280 -7.808219 -15.133385 -0.327875 7.375319 0.000003 -0.000000 -0.000001 
-3.104541 105.233376 -1.131223 -1.922909 -31.694178 3.184020 -5.210531 1.001869 -3.108803 6.823235 -1.528997 0.607686 -10.679638 -17.108874 -15.038560 -13.915004 16.094946 -3.331733 0.000002 0.000005 -0.000001 -34.741211 7.259789 -33.149872 -65.175509 18.266093 -58.459009 -66.128730 48.188583 -61.968940 0.000005 -0.000003 -0.000004 26.119277 -18.594321 11.354067 31.945826 -37.715178 -28.755069 4.963885 -7.820812 -43.582986 -0.000001 0.000003 -0.000005 22.704607 -3.985782 -12.130233 -18.420289 5.912237 35.663416 -31.658098 3.046395 17.812059 -0.000000 -0.000000 -0.000002 -4.192276 2.637450 -5.467800 -1.068977 0.024787 -7.566874 -15.052374 -0.467269 7.312716 0.000004 0.000003 0.000001 
-3.091872 105.238876 -1.136010 -1.716645 -31.875444 3.192214 -5.534440 1.010135 -2.920306 7.449438 -1.485700 0.129569 -10.909971 -17.108586 -14.700961 -13.895848 16.124593 -3.346081 -0.000002 0.000000 -0.000001 -34.642276 7.208067 -33.187647 -65.099045 18.259864 -58.454296 -66.222707 48.287829 -61.888761 0.000000 0.000003 -0.000002 26.029344 -18.625926 11.267971 31.885447 -37.768788 -28.858294 5.001642 -7.519301 -43.611967 0.000005 0.000004 -0.000002 22.799306 -4.012234 -12.222766 -18.895088 5.897912 35.953518 -31.291091 3.071981 17.647802 0.000003 0.000003 -0.000006 -4.322178 2.657192 -5.415261 -1.130227 0.024525 -7.624991 -14.972953 -0.324399 7.389696 0.000003 0.000002 0.000000 
-3.073171 105.238312 -1.134510 -1.618568 -31.663347 3.237270 -4.963095 0.981979 -3.185628 5.659211 -1.490145 1.277730 -10.019298 -17.402933 -15.806579 -13.787887 16.349912 -3.594947 -0.000003 0.000002 0.000001 -34.755411 7.156317 -32.995872 -65.506678 18.277390 -57.771536 -65.627914 48.404181 -62.782996 0.000004 0.000003 -0.000002 25.727642 -18.104499 11.126933 32.220372 -37.991124 -28.514512 5.447866 -7.439498 -43.483320 -0.000001 0.000003 -0.000005 22.687085 -4.093079 -12.245693 -18.810865 5.800475 35.994947 -31.172946 3.028980 17.428447 0.000005 0.000001 -0.000004 -4.447008 2.708274 -5.459401 -0.840649 0.160295 -7.599419 -14.848939 -0.621181 7.128065 0.000001 0.000004 0.000003 
-3.053139 105.239517 -1.135104 -1.703676 -31.777882 3.273040 -4.446447 0.958872 -3.478722 4.157116 -1.451099 2.149124 -9.204540 -17.362512 -16.521980 -13.623634 16.430476 -3.758049 -0.000001 0.000001 -0.000000 -34.478716 6.712273 -33.529955 -65.604322 18.276835 -57.675183 -65.215261 48.267243 -62.980812 0.000001 0.000003 -0.000002 25.615918 -18.062901 11.066588 32.317914 -38.178681 -28.491388 5.633149 -7.477071 -43.602930 0.000001 0.000004 -0.000004 22.920605 -4.193126 -12.468425 -19.155508 5.746594 36.197380 -31.009554 3.033593 17.374342 0.000002 -0.000004 -0.000000 -4.503655 2.731258 -5.521492 -0.575231 0.246630 -7.765315 -14.899757 -0.434842 7.313070 0.000003 0.000003 0.000002 
-3.035924 105.243065 -1.142764 -1.652513 -31.916702 3.199232 -4.500760 0.960698 -3.445457 4.237267 -1.478047 2.181323 -9.252119 -17.518972 -16.608052 -13.831642 16.575406 -3.700404 0.000001 0.000003 0.000003 -34.531159 7.169825 -33.115011 -65.277054 18.235526 -58.206100 -65.596078 48.189645 -62.583364 0.000001 -0.000001 -0.000004 25.502601 -17.324406 10.590257 32.201094 -37.803987 -28.730562 5.210279 -7.337145 -43.139861 0.000001 0.000004 -0.000006 22.735041 -4.118147 -12.302072 -18.930663 5.749265 36.079204 -31.156847 2.974963 17.270142 0.000002 -0.000002 -0.000002 -4.656814 2.752509 -5.355032 -0.484330 0.349170 -7.826181 -14.730445 -0.390422 7.243442 0.000006 -0.000000 -0.000000 
-3.021801 105.238556 -1.141610 -1.555859 -31.980575 3.098720 -4.668345 0.993989 -3.379291 4.271363 -1.508441 2.204661 -9.311722 -17.310361 -16.484988 -13.514121 16.477435 -3.890025 -0.000000 0.000002 0.000001 -34.150256 6.181963 -34.245158 -65.754238 18.483916 -57.347484 -64.034854 48.388602 -63.267851 0.000000 -0.000003 -0.000004 25.652094 -18.177744 10.974468 32.265984 -38.168026 -28.643040 5.407249 -7.058781 -43.522662 -0.000002 0.000002 -0.000003 22.670540 -4.057402 -12.178279 -18.625856 5.754068 35.888812 -31.536117 3.024947 17.621897 -0.000003 -0.000004 -0.000000 -4.727612 2.747831 -5.152929 -0.545157 0.424153 -7.896327 -14.940742 -0.610039 7.212715 0.000000 0.000003 0.000002 
-3.009328 105.238754 -1.145871 -1.532441 -31.910166 3.016613 -4.544532 0.991663 -3.471540 3.979823 -1.558956 2.493495 -9.224621 -17.351298 -16.593016 -13.429369 16.489016 -3.904978 0.000002 0.000004 0.000001 -34.063000 6.219910 -34.179879 -65.687589 18.516525 -57.521299 -64.207842 48.371509 -63.114971 -0.000000 0.000001 -0.000002 25.641051 -18.142736 10.906293 32.241416 -37.637969 -28.627360 5.271674 -7.551102 -43.708737 0.000004 0.000002 -0.000003 22.704969 -4.030407 -12.080283 -18.934469 5.806445 35.992228 -31.369372 3.097073 17.821876 -0.000002 -0.000002 -0.000004 -4.973854 2.757115 -4.891728 -0.580288 0.371847 -7.925415 -14.649549 -0.427473 7.163990 -0.000000 0.000001 -0.000000 
-2.992549 105.241302 -1.145933 -1.637658 -31.905777 3.022298 -4.624936 0.990091 -3.409356 4.829810 -1.497136 1.936402 -9.644435 -17.278756 -16.220685 -13.399321 16.341796 -3.755823 0.000002 0.000004 0.000001 -34.300452 6.842611 -33.577900 -65.220882 18.379479 -58.113968 -65.009283 48.432127 -62.663400 0.000004 0.000002 0.000001 25.735772 -18.265131 10.895675 32.143294 -37.027091 -28.704222 5.111471 -7.838734 -43.665509 0.000000 0.000002 -0.000005 22.651349 -4.066298 -12.090675 -18.743048 5.791317 35.938652 -31.372801 3.034274 17.645737 -0.000000 -0.000000 -0.000002 -5.129047 2.801591 -4.846609 -0.198750 0.482110 -8.117588 -14.886660 -0.434698 7.332737 0.000004 -0.000001 -0.000000 
-2.978921 105.241684 -1.149734 -1.545970 -31.810185 2.994460 -4.446921 0.989909 -3.560437 3.926711 -1.513740 2.494561 -9.072658 -17.154307 -16.614823 -12.879076 16.420579 -4.233300 -0.000000 0.000002 -0.000000 -34.317363 6.813716 -33.631783 -65.330917 18.381427 -57.905565 -64.906871 48.523983 -62.826935 -0.000002 0.000000 0.000003 25.870726 -18.235174 11.000857 32.209041 -37.392434 -28.712975 5.051786 -7.697546 -43.370195 -0.000001 0.000002 -0.000003 22.580238 -4.011305 -11.994945 -18.559542 5.811604 35.839160 -31.489737 2.981241 17.537376 -0.000001 -0.000002 -0.000003 -5.176403 2.762720 -4.742847 -0.218175 0.440017 -8.208232 -14.726585 -0.241963 7.353405 0.000004 0.000002 0.000003 
-2.964363 105.240829 -1.147679 -1.470486 -31.849585 3.043879 -4.777839 1.008208 -3.406115 4.930637 -1.515688 1.864249 -9.661317 -17.209527 -16.073460 -12.842251 16.574579 -4.404776 0.000001 0.000005 0.000001 -34.234841 6.879829 -33.580024 -65.311280 18.368337 -58.137231 -65.353231 48.345660 -62.466144 0.000003 0.000000 -0.000004 25.801957 -18.020954 10.846865 32.285724 -37.559886 -28.769255 4.951326 -7.535568 -43.071251 0.000002 0.000003 -0.000005 22.424571 -3.985549 -12.014774 -18.498254 5.731425 35.829953 -31.478761 2.997204 17.533160 -0.000000 -0.000006 0.000000 -5.337506 2.774265 -4.693450 0.059002 0.556590 -8.397080 -14.847590 -0.314327 7.328235 0.000004 0.000000 0.000000 
-2.947164 105.242355 -1.149797 -1.428308 -31.851402 3.137801 -4.731080 1.034345 -3.531369 4.283339 -1.507321 2.233475 -9.174722 -17.215463 -16.428903 -12.875677 16.688826 -4.427279 0.000001 0.000006 0.000002 -33.988538 6.367929 -34.035403 -65.763281 18.599235 -57.629803 -64.716923 48.298665 -62.798549 -0.000002 0.000001 -0.000000 25.839625 -18.363657 11.024777 32.379564 -37.586186 -28.633116 5.076373 -7.477732 -43.173844 -0.000001 0.000001 -0.000003 22.615122 -4.057438 -12.201555 -18.759572 5.767780 35.960447 -31.363170 2.969244 17.354869 -0.000000 -0.000002 -0.000002 -5.113151 2.762589 -5.016857 -0.251766 0.489680 -8.128525 -14.784877 -0.376892 7.328288 0.000006 0.000000 0.000001 
-2.928006 105.241974 -1.148572 -1.666099 -31.754311 3.206942 -4.284297 1.026751 -3.851927 4.079840 -1.565063 2.473847 -9.212698 -17.321652 -16.628265 -12.963252 16.735973 -4.395223 -0.000001 0.000004 -0.000000 -33.841357 6.068400 -34.196531 -65.997099 18.689604 -57.355940 -64.093539 48.428046 -63.323599 -0.000001 0.000001 -0.000000 25.697962 -18.427480 11.017197 32.527908 -37.663149 -28.570280 5.246677 -7.414992 -43.234435 0.000001 0.000002 -0.000005 22.881750 -4.174554 -12.428467 -18.914022 5.800267 36.042154 -31.502520 2.936043 17.406266 -0.000002 0.000001 -0.000004 -5.149426 2.789318 -5.049611 0.191025 0.564618 -8.385899 -14.766196 -0.330753 7.383876 0.000004 0.000000 -0.000001 
-2.910623 105.242668 -1.141971 -1.919341 -31.920145 3.194741 -3.902438 1.016484 -4.146096 3.277847 -1.562022 2.973699 -8.680142 -17.341813 -17.036862 -12.835884 16.948896 -4.581798 -0.000002 0.000006 0.000002 -33.785415 5.948793 -34.463683 -65.878841 18.786715 -57.399605 -63.386942 48.581899 -63.405254 0.000003 -0.000001 -0.000005 25.734633 -18.088093 10.892316 32.347595 -37.378931 -28.686648 5.051618 -7.406221 -43.045611 -0.000001 0.000003 -0.000003 23.117714 -4.298690 -12.624392 -18.921188 5.794449 36.055923 -31.186616 2.939794 17.198982 -0.000003 0.000001 -0.000006 -4.959024 2.835098 -5.153496 0.415304 0.673209 -8.513415 -14.599873 -0.133415 7.517502 0.000006 0.000003 0.000001 
-2.890837 105.240494 -1.138338 -1.628961 -31.883183 3.141124 -4.064258 1.007784 -3.961548 3.637053 -1.575730 2.766446 -9.028550 -17.191656 -16.769622 -12.538971 16.806900 -4.679442 0.000001 0.000006 0.000002 -33.494954 5.588057 -34.783384 -66.024905 18.907909 -57.471971 -63.163465 48.578402 -63.283615 0.000001 0.000007 -0.000001 25.745280 -18.559461 10.968152 32.337404 -37.277076 -28.689670 4.992255 -7.286919 -43.238164 0.000000 0.000001 -0.000007 23.028176 -4.219063 -12.549985 -19.176161 5.768487 36.239194 -31.358525 2.915917 17.208720 -0.000003 -0.000002 -0.000002 -4.787875 2.794875 -5.272643 -0.314975 0.511432 -8.054360 -14.297819 -0.035100 7.388464 0.000004 0.000002 0.000002 
-2.870065 105.241966 -1.136816 -1.769011 -32.139855 3.157874 -4.011525 1.010504 -4.018358 3.457371 -1.576774 2.886192 -8.914946 -17.220592 -16.905606 -12.264761 17.100743 -5.020073 0.000001 0.000008 0.000001 -33.514748 5.591896 -34.765649 -66.011483 18.957076 -57.433039 -63.785586 48.357497 -62.808972 0.000002 0.000002 -0.000004 25.650123 -18.566759 10.899169 32.411061 -37.239305 -28.746139 4.889684 -7.336858 -43.291395 -0.000001 0.000003 -0.000005 23.214119 -4.291323 -12.721394 -19.420212 5.814895 36.310730 -30.913218 3.005501 17.269490 -0.000000 -0.000002 -0.000004 -4.762570 2.823635 -5.394746 -0.509869 0.403059 -7.902474 -14.414909 0.067884 7.539049 0.000004 0.000000 0.000001 
-2.853551 105.239723 -1.134897 -1.591796 -32.192673 3.104385 -4.266410 1.013837 -3.804164 3.974913 -1.527520 2.471821 -9.197510 -17.452182 -16.661166 -12.447067 17.113857 -4.947282 0.000001 0.000004 0.000001 -33.533049 5.928386 -34.538545 -65.752209 19.034298 -57.606567 -63.544897 48.806305 -62.769807 -0.000004 0.000000 0.000001 25.630995 -18.453397 10.697226 32.302273 -36.829357 -28.903793 4.425657 -7.030340 -43.093361 0.000004 0.000002 -0.000005 22.810636 -4.138904 -12.495475 -19.051792 5.783680 36.172340 -31.076094 3.058361 17.429302 0.000002 -0.000001 -0.000001 -4.922543 2.802119 -5.277069 -0.440618 0.418455 -7.937336 -14.485674 -0.070624 7.382581 0.000006 -0.000000 -0.000000 
-2.836662 105.241035 -1.130502 -1.927931 -32.100287 3.042370 -4.024663 0.998460 -3.899559 4.276765 -1.550230 2.322926 -9.454881 -17.429280 -16.434637 -12.574244 17.044858 -4.906077 0.000002 0.000003 -0.000002 -33.633293 5.872850 -34.554111 -65.715811 18.903197 -57.605044 -63.686501 48.828111 -62.839591 0.000002 0.000002 -0.000007 25.793714 -18.069783 10.835443 32.183517 -37.228134 -28.892909 4.503801 -7.076194 -42.786900 0.000005 0.000002 -0.000005 22.999173 -4.202017 -12.507255 -18.691151 5.806262 35.951776 -31.784873 3.023054 17.720067 -0.000001 0.000002 -0.000006 -4.903192 2.822335 -5.170768 -0.074240 0.492874 -8.173298 -14.570607 -0.102204 7.399029 0.000002 0.000002 -0.000000 
-2.816626 105.241341 -1.124904 -1.611501 -31.964794 3.103301 -4.105442 1.018535 -3.870078 4.050099 -1.605863 2.521247 -9.373272 -17.457789 -16.619268 -12.671691 17.035831 -4.893179 0.000001 0.000004 -0.000000 -33.613458 5.641443 -34.549812 -65.970038 18.825919 -57.328961 -63.773169 48.799472 -63.200806 0.000002 0.000001 -0.000002 25.430990 -17.895360 10.675502 32.520098 -37.365916 -28.639313 4.793245 -7.223402 -43.021299 -0.000000 0.000002 -0.000005 22.657168 -4.105594 -12.394457 -18.489974 5.867430 35.880445 -31.819594 2.930640 17.476455 -0.000003 0.000000 -0.000005 -5.452704 2.856297 -4.890680 0.116242 0.524427 -8.261108 -14.521983 -0.406471 7.097434 0.000006 -0.000000 -0.000000 
-2.796222 105.243546 -1.123935 -1.487497 -32.186611 3.147398 -4.090754 1.032165 -3.985278 4.000832 -1.532877 2.419387 -9.254337 -17.328675 -16.452845 -12.964819 16.822636 -4.589281 0.000003 0.000005 -0.000000 -33.538981 5.659731 -34.423446 -66.145560 18.852446 -57.205870 -63.555757 48.894503 -63.607018 0.000001 -0.000001 0.000001 25.485019 -18.371805 10.846825 32.464289 -37.284080 -28.529132 5.038211 -7.123039 -43.214860 -0.000000 0.000002 -0.000005 22.509042 -4.107757 -12.396453 -18.744156 5.838182 36.012060 -31.339217 2.978606 17.360744 0.000003 0.000001 -0.000004 -5.469227 2.854803 -4.990934 -0.143488 0.468583 -8.181950 -14.243582 -0.082332 7.161574 0.000004 0.000000 0.000001 
-2.778632 105.238701 -1.120069 -1.312965 -32.274707 3.131742 -4.276570 1.034883 -3.876113 3.666399 -1.532366 2.630845 -8.907826 -17.218197 -16.708649 -12.771821 16.859123 -4.738921 -0.000000 0.000004 0.000001 -33.253862 5.599465 -34.718169 -65.811154 18.955542 -57.716902 -63.568058 49.006891 -62.917264 -0.000001 0.000000 -0.000002 25.503527 -18.264310 10.594399 32.338214 -37.228950 -28.851672 4.510939 -7.230982 -43.179407 0.000001 0.000003 -0.000005 22.431847 -4.074550 -12.387051 -18.834428 5.722111 36.052170 -31.121340 3.104355 17.359127 -0.000000 0.000000 -0.000005 -5.466438 2.873366 -4.950998 -0.185417 0.601212 -8.212992 -14.404183 0.205543 7.564339 0.000005 0.000000 0.000001 
-2.764597 105.235977 -1.121227 -1.145963 -32.224552 3.051882 -4.745471 1.053107 -3.559002 4.039692 -1.547354 2.450935 -9.069781 -17.454371 -16.672753 -12.935162 16.965568 -4.603600 -0.000001 0.000004 -0.000000 -33.296585 5.755162 -34.522740 -66.008191 19.073628 -57.442424 -63.462238 48.920653 -63.063478 -0.000001 0.000003 -0.000002 25.618991 -18.016478 10.592891 32.158972 -37.243048 -28.911880 4.519309 -7.451455 -43.172953 -0.000003 0.000001 -0.000004 22.191495 -3.976383 -12.136765 -18.807746 5.688925 35.998830 -30.842037 3.136574 17.302807 -0.000000 0.000001 -0.000004 -5.757341 2.863830 -4.624447 0.069777 0.727305 -8.382590 -14.471323 -0.065594 7.395587 0.000002 -0.000000 -0.000000 
-2.752031 105.232735 -1.122372 -1.230858 -32.236498 3.018104 -4.499761 1.017122 -3.657922 3.690205 -1.526011 2.634123 -8.977523 -17.222496 -16.677126 -12.483157 17.074614 -4.918702 -0.000001 0.000002 0.000001 -33.205221 5.697104 -34.732762 -65.729533 19.081465 -57.756640 -63.707633 48.891095 -62.613410 0.000003 0.000003 -0.000002 25.787782 -18.337188 10.681578 32.013011 -37.204157 -29.126150 4.287537 -7.439936 -43.196336 0.000002 0.000003 -0.000003 22.283567 -3.972389 -12.146638 -18.674991 5.708373 35.896319 -31.042424 3.166063 17.525488 -0.000000 0.000002 -0.000003 -5.648753 2.847499 -4.649685 0.035212 0.717983 -8.406447 -14.632878 -0.043390 7.518092 0.000001 0.000002 -0.000000 
-2.741492 105.229263 -1.116030 -1.094540 -32.337804 3.020189 -4.965881 1.052651 -3.448210 4.523992 -1.547839 2.151565 -9.294974 -17.164344 -16.352752 -12.795804 16.839847 -4.652956 -0.000001 0.000001 0.000002 -33.120243 5.587677 -34.842789 -65.836487 19.057355 -57.814430 -63.421278 48.783796 -62.741701 0.000003 0.000001 -0.000002 25.664316 -18.253675 10.620085 32.195446 -37.068205 -29.004870 4.403093 -7.457570 -43.042947 0.000001 0.000004 -0.000006 22.261665 -3.993886 -12.158433 -18.609561 5.657942 35.914122 -31.188860 3.140270 17.603703 0.000003 -0.000002 -0.000002 -5.656485 2.856870 -4.643670 0.061041 0.667166 -8.467906 -14.879622 0.116941 7.700745 0.000001 -0.000002 0.000001 
-2.732829 105.230728 -1.116814 -1.180016 -32.137013 2.997000 -4.753876 1.029476 -3.531233 4.640277 -1.555736 2.074877 -9.613846 -17.536681 -16.283328 -12.798092 17.001396 -4.810482 -0.000000 0.000004 -0.000000 -33.422352 6.039762 -34.276679 -66.019714 18.979366 -57.300137 -63.349403 48.972538 -63.397898 0.000001 0.000002 0.000001 25.481040 -18.221729 10.596558 32.337872 -37.312285 -28.849838 4.815577 -7.343679 -43.267835 0.000002 0.000004 -0.000004 22.281066 -3.975072 -12.061610 -18.464511 5.678942 35.821282 -31.238912 3.067164 17.486182 0.000002 0.000001 -0.000004 -5.536820 2.834476 -4.693974 -0.258437 0.480820 -8.197469 -14.787471 -0.238473 7.256392 0.000006 0.000000 0.000000 
-2.726101 105.234467 -1.117593 -1.336820 -31.961816 3.021815 -4.727305 1.021968 -3.517634 5.373073 -1.540322 1.588657 -10.157762 -17.577044 -15.805322 -12.744838 17.012695 -4.853044 -0.000001 0.000004 0.000001 -33.791340 6.706846 -33.469453 -65.754976 18.809463 -57.464956 -64.656210 49.001546 -63.058629 0.000003 -0.000002 -0.000000 25.424227 -18.351730 10.633711 32.319093 -37.344882 -28.854814 4.967708 -7.377109 -43.395399 0.000001 0.000004 -0.000002 22.305181 -3.971660 -12.042649 -18.505153 5.636055 35.841284 -31.182330 3.044107 17.362168 -0.000000 -0.000003 -0.000002 -5.248526 2.828224 -4.896886 -0.414835 0.458455 -8.067011 -14.952324 -0.286206 7.346188 0.000004 0.000000 0.000001 
-2.721067 105.238762 -1.121679 -1.113819 -32.209103 3.077994 -4.982855 1.051678 -3.435379 5.205405 -1.458672 1.530070 -9.944814 -17.552888 -15.750626 -12.751944 17.060295 -4.855273 -0.000002 0.000002 0.000001 -33.995368 6.900604 -33.232542 -65.814125 18.838058 -57.079819 -64.552084 49.162486 -63.335975 0.000005 0.000003 0.000001 25.503216 -18.019152 10.655996 31.996499 -37.161345 -28.886622 5.011632 -7.616403 -43.653505 -0.000005 -0.000000 -0.000002 22.187304 -3.913692 -12.008699 -19.037798 5.660584 36.079716 -30.890897 3.084675 17.370607 -0.000002 -0.000002 -0.000003 -5.011612 2.783044 -5.156474 -0.985402 0.306352 -7.835489 -14.685877 0.271891 7.662970 0.000002 0.000000 -0.000001 
-2.720027 105.249214 -1.131125 -1.054387 -32.101609 3.018669 -5.323396 1.050870 -3.149202 5.475331 -1.425632 1.343629 -9.825732 -17.545081 -15.814328 -13.154143 16.920190 -4.446059 -0.000002 0.000002 0.000001 -34.247952 7.194646 -32.789194 -65.510434 18.542464 -57.405418 -65.627777 48.986926 -63.012204 -0.000000 0.000001 0.000003 25.708067 -18.014965 10.865586 31.464872 -36.730421 -28.755267 5.254589 -7.652524 -43.866193 0.000003 0.000002 -0.000003 21.973740 -3.889694 -11.727344 -18.979279 5.627495 35.952743 -30.834588 3.083446 17.352348 0.000003 -0.000003 0.000001 -5.183875 2.827024 -4.992197 -0.945045 0.337965 -7.771464 -14.779592 -0.100591 7.490605 0.000003 0.000001 0.000001 
-2.721101 105.255241 -1.145075 -1.428285 -32.047992 3.024387 -4.683210 1.044264 -3.597756 4.755590 -1.403988 1.714257 -9.387289 -17.346155 -15.999952 -13.158423 16.789681 -4.359471 -0.000002 0.000001 0.000002 -33.996792 6.650924 -33.478480 -65.569850 18.590378 -57.177289 -65.067230 49.063288 -63.230531 0.000001 -0.000002 -0.000000 25.742051 -17.744329 10.836032 31.134113 -36.852166 -28.809236 5.157322 -7.040382 -43.462512 0.000003 0.000001 -0.000005 22.279672 -3.890380 -11.896974 -18.758312 5.573038 35.843665 -30.794413 3.156942 17.387563 -0.000000 -0.000002 -0.000003 -5.250450 2.779510 -4.918238 -0.534619 0.501903 -7.979837 -14.838827 -0.174519 7.498977 0.000002 0.000001 0.000000 
-2.723970 105.272964 -1.159327 -1.948811 -31.821141 3.098389 -4.425036 1.025852 -3.763621 5.185004 -1.359013 1.346832 -9.646446 -17.370185 -15.646027 -13.219791 16.739677 -4.287981 0.000002 0.000003 0.000002 -34.251582 6.613819 -33.586895 -65.321846 18.224410 -57.185704 -64.413718 49.141425 -63.995587 0.000001 0.000002 -0.000000 25.740270 -17.673507 10.953593 30.831870 -37.164528 -28.748095 5.458326 -7.095560 -43.481049 -0.000004 0.000001 -0.000001 22.680639 -4.021022 -12.146443 -18.862513 5.639026 35.924732 -31.213900 3.061943 17.448721 -0.000005 -0.000004 -0.000000 -5.551492 2.784232 -4.734606 -0.082898 0.573053 -8.231216 -14.750910 -0.516090 7.145055 0.000004 0.000001 0.000000 
-2.736204 105.288033 -1.174710 -2.114305 -31.818750 3.126160 -3.933524 1.022343 -4.103526 4.421956 -1.302754 1.746692 -9.236466 -17.305797 -15.820004 -13.572667 16.825184 -4.034026 0.000001 0.000003 0.000002 -34.357375 6.416294 -33.702250 -65.207017 17.814443 -56.736274 -64.130545 49.117137 -64.978636 -0.000001 -0.000001 -0.000000 25.907792 -17.430776 11.201832 30.154005 -37.475260 -28.660843 6.110617 -6.958924 -43.368027 -0.000002 -0.000000 -0.000004 22.660310 -4.026849 -12.118901 -18.324332 5.603637 35.610745 -31.627369 2.989437 17.683657 0.000002 -0.000002 -0.000002 -5.880888 2.770543 -4.463720 0.536340 0.692355 -8.567221 -15.233169 -0.647661 7.302253 0.000004 0.000002 -0.000000 
-2.743557 105.305931 -1.197945 -2.406472 -31.630650 3.239443 -3.503800 1.013827 -4.403078 3.940491 -1.341481 2.107051 -9.025782 -17.014845 -16.016307 -13.484971 16.749342 -3.952083 0.000002 0.000004 0.000003 -34.693290 6.547259 -33.661071 -64.798886 17.412777 -56.745113 -64.087146 49.057817 -65.319175 0.000001 0.000002 -0.000004 26.185028 -17.652492 11.547942 29.449928 -37.145000 -28.543306 6.306553 -7.214018 -43.432213 0.000003 0.000002 -0.000007 22.640059 -4.054288 -12.209703 -18.106008 5.578998 35.587102 -31.904725 2.953830 17.798619 -0.000002 -0.000000 -0.000006 -5.832161 2.770812 -4.633196 0.682965 0.740951 -8.541876 -15.254806 -0.756899 7.244269 0.000006 0.000002 0.000002 
-2.751640 105.340416 -1.237085 -2.593066 -31.366923 3.415764 -3.447787 1.008874 -4.412602 4.451428 -1.320671 1.694467 -9.296500 -17.057723 -15.813126 -13.667461 16.732587 -3.939382 -0.000000 0.000003 -0.000001 -34.709191 5.934986 -34.390078 -65.012015 17.370879 -55.455686 -62.932161 48.874071 -66.120473 0.000001 0.000001 -0.000006 26.301701 -17.631730 11.868580 28.740972 -37.605140 -28.479645 6.689348 -7.435408 -43.498176 0.000003 0.000003 -0.000006 22.682720 -4.129754 -12.310104 -17.647967 5.542270 35.377504 -32.927481 2.777009 17.760018 0.000002 -0.000002 -0.000000 -6.615583 2.863202 -4.394125 1.766568 0.962349 -8.806818 -15.434773 -1.275035 6.915630 0.000003 0.000003 0.000001 
-2.761050 105.367516 -1.271726 -2.760711 -31.117717 3.775306 -3.294483 1.007323 -4.610834 4.308154 -1.190656 1.523051 -9.280601 -17.158699 -15.773555 -13.571164 16.806299 -4.215118 -0.000002 0.000001 -0.000003 -34.676505 5.630011 -34.887059 -65.111367 17.147707 -54.291128 -59.812711 48.981284 -68.341609 -0.000001 0.000001 -0.000000 26.253779 -17.855610 12.072738 28.022799 -38.398675 -28.590716 7.336009 -7.032072 -43.130049 0.000004 0.000001 -0.000005 22.939452 -4.321208 -12.829878 -17.172069 5.341046 35.210435 -33.878261 2.717994 18.068835 -0.000000 0.000001 -0.000004 -7.772236 2.961793 -4.109245 3.586085 1.268342 -9.366730 -15.952404 -1.972091 6.476542 0.000004 0.000001 0.000000 
-2.766837 105.386528 -1.301410 -3.253721 -30.656662 4.103244 -2.477020 0.952767 -5.119032 3.744046 -1.006571 1.556489 -9.053609 -17.572490 -15.901044 -13.335085 17.054185 -4.566221 -0.000002 0.000005 -0.000000 -34.822470 5.848133 -34.733127 -64.587491 16.853534 -53.643046 -58.327548 49.424963 -69.592101 -0.000001 0.000000 0.000001 26.044433 -16.740848 11.661192 27.130806 -38.599981 -28.838712 7.087201 -6.314106 -41.934534 -0.000001 0.000002 -0.000005 23.136448 -4.497902 -13.248083 -16.815395 5.245485 35.095114 -34.751750 2.696668 18.441859 -0.000000 -0.000002 -0.000002 -8.515390 3.066620 -4.023698 5.390522 1.577492 -9.953181 -16.490457 -2.811471 6.024284 0.000006 0.000001 0.000000 
-2.777266 105.407394 -1.339810 -4.240824 -30.307742 4.591184 -1.447759 0.910166 -5.889199 3.263084 -0.876436 1.572575 -9.093431 -17.538773 -15.876674 -13.243070 16.926998 -4.816415 -0.000002 0.000006 0.000002 -35.118316 5.888973 -34.902656 -63.517699 15.866606 -52.243782 -56.108276 50.021922 -72.230070 0.000001 -0.000002 -0.000000 25.837475 -17.429939 11.921667 26.008474 -39.764579 -29.072717 8.153087 -4.600379 -41.880541 0.000001 0.000004 -0.000010 24.094886 -4.855680 -14.230301 -17.082298 5.164278 35.282309 -35.232967 2.614318 18.544928 0.000003 0.000001 -0.000005 -9.774646 3.152606 -3.717491 8.171170 1.879897 -11.185964 -16.784705 -3.211581 5.580078 0.000001 -0.000002 -0.000000 
-2.794363 105.416115 -1.386086 -4.738883 -29.446195 4.911897 -0.768165 0.839894 -6.289551 3.679340 -0.943527 1.379927 -9.617389 -17.926547 -15.882300 -13.416511 16.836572 -4.809207 -0.000000 0.000005 0.000002 -35.036992 5.625419 -35.171233 -61.336028 14.643897 -51.330425 -50.591351 51.702534 -77.013491 0.000003 0.000001 -0.000000 25.461354 -17.354274 11.692854 23.876875 -40.942599 -29.916632 8.428441 -0.028735 -40.535533 -0.000000 -0.000000 -0.000004 24.834081 -5.052772 -14.688697 -17.566813 5.166134 35.608221 -35.466495 2.489457 18.245875 0.000002 -0.000002 -0.000002 -11.233059 3.252810 -3.194028 11.177729 2.144904 -12.321992 -17.443092 -3.730951 5.473761 0.000007 0.000002 -0.000001 
-2.816886 105.423241 -1.438510 -4.281083 -29.403377 5.222848 -0.948839 0.876054 -6.403934 3.726640 -0.770759 1.146950 -9.433045 -17.626230 -15.798572 -13.536240 16.847088 -4.532768 -0.000000 0.000008 0.000001 -34.453035 5.057659 -35.476447 -59.514464 13.770828 -51.029436 -45.214906 52.769444 -81.263842 0.000004 0.000002 -0.000000 24.748405 -16.887708 11.070508 22.414721 -40.564575 -30.132817 8.708741 3.084468 -39.365676 0.000006 -0.000002 -0.000004 24.433743 -5.171995 -14.582524 -17.601981 5.035278 35.396950 -34.845539 2.677416 18.086457 0.000002 -0.000004 -0.000000 -12.192968 3.466472 -2.839758 12.670123 2.546744 -12.805617 -17.617059 -4.603497 5.180899 0.000005 0.000000 0.000000 
-2.846697 105.430969 -1.482749 -4.772895 -28.271118 5.192322 0.023217 0.752992 -6.466846 4.309472 -0.828932 0.714947 -10.311490 -17.894718 -15.384812 -13.303305 16.734457 -4.768026 -0.000002 0.000005 -0.000001 -34.106065 4.752861 -35.150732 -57.257653 12.141433 -49.528195 -36.659545 54.360588 -89.579461 0.000003 0.000000 -0.000004 23.969895 -16.138718 10.581209 20.036679 -40.239868 -29.919080 9.461157 7.041894 -38.839796 0.000003 -0.000002 -0.000006 24.179969 -4.939229 -14.274379 -16.172997 4.661190 34.975845 -35.497094 2.725587 18.194096 0.000003 -0.000002 -0.000002 -13.021086 3.463706 -2.294044 15.024627 2.959399 -13.173838 -18.246825 -5.927373 4.373645 0.000002 0.000001 0.000000 
-2.899326 105.446198 -1.516612 -4.802713 -27.428839 5.171149 0.999035 0.596088 -6.702064 5.069767 -0.654345 -0.204442 -11.184080 -17.618278 -14.112170 -12.831286 16.573558 -4.896219 -0.000002 0.000003 -0.000003 -32.971929 3.991484 -35.415648 -54.541294 10.643779 -47.838488 -22.973423 54.730948 -100.658581 0.000004 0.000003 0.000001 23.208691 -15.994619 10.017000 17.289285 -39.045436 -29.796345 9.547079 11.245068 -37.543111 0.000006 0.000000 -0.000004 22.641631 -4.322395 -13.090954 -14.123340 4.210869 33.592417 -34.926227 3.312395 19.154856 -0.000000 -0.000000 -0.000002 -13.008742 3.327669 -1.946362 15.656575 3.233110 -13.414970 -19.088992 -6.516415 4.353143 -0.000001 0.000003 0.000001 
-2.958610 105.456200 -1.547946 -4.703928 -26.738809 5.097708 1.152829 0.532550 -6.628395 5.414513 -0.549930 -0.674734 -11.172350 -17.496904 -13.566087 -13.154636 16.318107 -4.546584 -0.000002 0.000005 -0.000001 -31.897260 3.474317 -35.760162 -52.090308 9.624306 -47.070860 -11.102219 53.427830 -108.390587 0.000002 -0.000006 0.000001 22.594189 -15.375065 9.192850 15.127469 -38.338347 -30.165397 8.272373 14.718211 -35.064163 0.000006 0.000001 -0.000003 21.511005 -3.833432 -12.202005 -12.244120 3.887847 32.541139 -34.993166 3.632465 19.925472 -0.000001 -0.000002 -0.000004 -13.358698 3.207724 -1.498235 16.899160 3.305429 -13.838282 -19.767944 -7.046639 4.105122 0.000004 0.000001 0.000002 
-3.021748 105.477493 -1.562551 -5.264568 -25.882819 4.972704 0.779797 0.474550 -6.224709 7.938438 -0.760156 -2.053264 -12.729781 -17.530997 -12.213772 -12.287667 16.791769 -5.025991 0.000002 0.000003 0.000002 -31.120193 3.429616 -35.645603 -48.430908 8.170805 -45.623645 1.879083 50.637332 -116.186026 0.000000 0.000000 -0.000004 22.139969 -14.979383 8.513996 12.796248 -38.717470 -31.087592 5.928107 19.324133 -30.956197 0.000003 0.000003 -0.000007 21.051973 -3.401517 -11.590999 -10.610818 3.590864 31.778626 -35.044164 4.285306 21.890915 -0.000000 -0.000004 -0.000000 -13.247716 2.984912 -1.225965 17.749411 3.335822 -14.119118 -20.374342 -7.762595 3.707773 0.000006 0.000002 0.000000 
-3.068521 105.518280 -1.588119 -5.823614 -25.010674 5.098686 0.869485 0.359495 -5.946736 9.332391 -0.837593 -2.929090 -13.759303 -17.721337 -11.350511 -11.205479 17.580991 -5.827740 -0.000003 0.000000 0.000002 -29.979541 3.052761 -34.906358 -45.139262 6.573459 -44.399966 12.136594 46.558749 -120.520792 0.000001 0.000004 -0.000004 21.595998 -15.254650 8.244552 10.641276 -38.680512 -31.384214 4.237258 24.111621 -27.362515 0.000003 0.000000 -0.000007 21.534378 -3.379808 -11.870866 -10.654599 3.370271 32.162329 -34.761374 4.770296 23.071293 0.000002 0.000002 -0.000005 -12.287324 2.855924 -1.836132 17.231587 3.383207 -13.672907 -20.404873 -8.069773 3.671055 0.000004 -0.000003 -0.000001 
-3.104804 105.555496 -1.611676 -6.489638 -24.172145 5.098202 0.271594 0.353545 -5.293011 10.002418 -0.926658 -3.233489 -13.875470 -17.494700 -11.186108 -10.417936 18.016313 -6.442006 -0.000003 0.000003 0.000003 -29.116068 2.841707 -33.868842 -42.834824 4.905805 -44.805669 18.494243 43.030632 -121.674001 0.000000 0.000001 -0.000002 21.423211 -15.928901 8.496999 9.325411 -39.538490 -31.780945 3.175429 28.380691 -24.569539 0.000005 0.000005 -0.000006 23.141767 -3.692957 -12.424537 -11.846994 3.340824 32.877498 -34.090519 4.983985 23.072359 0.000002 -0.000004 -0.000000 -10.945222 2.809666 -2.543448 16.326196 3.367413 -12.978633 -20.194154 -8.288214 3.525214 0.000000 0.000001 0.000001 
-3.124042 105.589394 -1.624254 -7.273944 -22.963663 5.352596 1.345287 0.182406 -5.579372 9.020343 -0.922117 -2.651148 -13.591352 -17.600547 -11.528754 -9.515123 18.348292 -7.159889 -0.000001 0.000001 -0.000000 -28.053305 1.896401 -33.268663 -40.507851 2.470932 -45.188965 23.116680 38.891384 -118.531936 -0.000000 0.000002 -0.000004 20.859526 -16.096642 8.600358 8.728874 -41.532926 -32.046872 1.473407 34.198443 -20.594398 0.000002 0.000000 -0.000003 24.238583 -3.816128 -13.094085 -12.321561 3.225438 33.623351 -34.117215 4.774561 22.342452 -0.000000 0.000003 -0.000006 -10.138651 2.672972 -3.309621 16.431917 3.372002 -12.566006 -20.618594 -9.008096 3.143239 0.000006 0.000002 -0.000000 
-3.150487 105.640755 -1.649917 -6.809471 -21.635072 5.630569 0.145040 0.378990 -5.193839 10.060186 -1.209685 -3.112906 -13.578657 -17.199202 -10.921161 -9.452499 18.896931 -7.827367 -0.000000 0.000002 0.000001 -25.940874 0.835258 -30.710849 -39.722516 1.718945 -43.064169 29.851506 34.293294 -117.725086 -0.000001 0.000001 -0.000000 19.887272 -16.011859 8.685829 8.834998 -42.098499 -31.043428 -1.188022 39.078418 -15.662390 0.000005 0.000004 -0.000004 24.170325 -3.720909 -13.226234 -12.985743 2.997292 34.405070 -33.457299 4.869774 21.440770 -0.000000 0.000001 -0.000006 -9.884024 2.574546 -3.655377 15.191083 3.499485 -11.890487 -19.752668 -9.452020 2.401979 0.000006 0.000002 -0.000000 
-3.178665 105.704384 -1.656946 -7.287988 -21.215334 6.181431 0.531764 0.434201 -5.830221 8.493321 -0.674862 -3.038571 -12.056643 -17.001048 -10.705921 -8.921331 19.603724 -8.745687 -0.000002 0.000002 -0.000001 -24.332443 0.500852 -28.585120 -37.828111 0.666490 -42.341302 34.349199 31.223585 -114.680078 0.000000 0.000006 -0.000002 19.149745 -15.673076 8.412501 8.990366 -41.474046 -30.347097 -4.611260 41.463784 -10.607367 0.000004 0.000003 -0.000005 24.834447 -3.959710 -13.927996 -13.758034 2.996161 34.929874 -33.051729 4.586553 20.182367 -0.000001 0.000003 -0.000007 -8.694871 2.440167 -4.641377 14.033337 3.409989 -11.711258 -19.786286 -9.137272 2.922729 0.000003 0.000002 -0.000000 
-3.187416 105.798332 -1.659642 -6.318748 -19.769072 6.244562 -0.229204 0.452907 -5.301571 9.109942 -0.932552 -3.140537 -12.332119 -17.249808 -10.457710 -8.633364 19.979821 -9.261439 -0.000000 0.000003 -0.000003 -22.499714 -0.248881 -27.340622 -34.457434 -2.357938 -43.576771 35.694558 29.654929 -105.969524 0.000001 0.000001 -0.000000 17.389289 -15.637744 7.513718 10.623081 -40.488320 -28.782690 -9.019874 43.668049 -4.185684 0.000002 0.000008 -0.000009 24.376209 -3.727756 -13.679365 -14.569562 2.984184 35.557377 -32.807355 4.109232 18.469793 -0.000000 0.000002 -0.000003 -8.658954 2.336096 -4.742553 12.283484 3.198599 -11.083513 -18.902391 -8.717510 3.050919 0.000006 0.000003 0.000001 
-3.182195 105.926720 -1.658504 -4.969399 -17.695074 6.156967 -1.581935 0.590646 -4.412693 9.435561 -1.358697 -2.728473 -12.346842 -17.462639 -10.550294 -8.637827 20.283488 -9.792260 -0.000001 0.000003 -0.000002 -20.455214 -1.420549 -25.592162 -31.533119 -5.420461 -44.227691 36.740732 28.119231 -98.602284 0.000001 0.000000 0.000001 15.796107 -15.641102 7.182580 12.596652 -39.919102 -27.048606 -13.349239 45.122115 2.372197 0.000001 -0.000003 0.000003 23.987539 -3.456198 -13.057841 -15.812211 3.028552 36.324090 -33.178556 3.018757 15.529279 0.000002 0.000002 -0.000005 -8.070254 2.279325 -5.032818 9.844268 2.904078 -9.948696 -18.837718 -8.129851 3.603981 0.000002 0.000000 0.000001 
-3.170537 106.070641 -1.653601 -4.391036 -16.092631 6.291301 -1.866956 0.624126 -4.155611 7.845431 -1.096347 -2.183188 -10.965254 -17.617348 -10.781990 -8.489911 20.594096 -10.433075 0.000002 0.000003 -0.000001 -18.786956 -2.354482 -24.388294 -29.435872 -7.619683 -44.640484 37.394582 27.074960 -92.827967 -0.000001 -0.000001 -0.000004 14.967796 -15.953864 7.150575 13.930371 -39.281647 -25.820569 -16.320973 45.795151 6.912366 0.000003 -0.000000 -0.000002 23.666093 -3.371079 -12.863620 -16.087850 3.042530 36.688013 -34.022245 2.297135 13.905288 -0.000000 0.000001 -0.000004 -7.829207 2.282957 -5.517082 8.986060 2.691267 -9.324352 -18.709956 -7.469179 4.095696 0.000002 -0.000000 0.000003 
-3.148209 106.245270 -1.639165 -3.432000 -13.310284 6.686031 -1.771266 0.641010 -4.077053 4.887750 -0.177737 -1.872789 -8.286633 -17.894974 -10.498397 -9.491933 20.939798 -10.169655 0.000003 0.000001 -0.000003 -17.759110 -2.239557 -22.324282 -26.026660 -10.184120 -44.350932 38.160366 26.418504 -83.991588 -0.000000 0.000002 0.000001 14.087637 -15.019654 6.762194 14.379257 -39.387898 -25.074294 -21.412771 45.198534 13.749967 0.000004 0.000002 -0.000007 22.914885 -3.179658 -12.749909 -16.605611 3.025208 37.234568 -34.427555 1.484878 11.631483 0.000002 0.000001 -0.000005 -7.311706 2.238304 -6.430508 6.643877 2.364374 -8.173799 -18.145306 -6.992199 4.290680 0.000007 0.000003 0.000002 
-3.112947 106.433884 -1.620378 -2.665022 -10.503508 7.284995 -1.689638 0.730550 -4.248457 4.144304 0.028646 -1.820473 -7.973811 -17.347034 -9.793358 -9.279507 20.807739 -10.451706 0.000002 0.000005 0.000003 -15.831943 -3.079885 -20.303371 -22.779412 -13.506094 -44.636803 38.343012 25.692571 -76.424510 0.000001 -0.000001 -0.000000 12.501627 -14.662099 6.248359 16.746712 -39.978846 -23.760857 -24.490219 45.284943 18.087849 -0.000002 0.000002 -0.000005 22.327964 -3.096932 -12.886260 -17.155174 2.974114 37.657213 -34.623581 0.590182 8.829203 -0.000002 -0.000003 -0.000003 -7.191789 2.260512 -7.571652 5.445708 2.276772 -7.359097 -17.148021 -5.980895 5.002729 0.000002 -0.000001 -0.000000 
-3.075056 106.622345 -1.606811 -2.047950 -8.319629 7.533472 -2.134198 0.827106 -4.030489 4.878964 -0.254588 -1.927688 -8.638612 -16.453089 -9.196553 -8.304233 20.288365 -11.028648 0.000003 0.000003 0.000003 -14.415797 -3.546983 -18.576375 -20.436679 -15.790667 -44.447111 38.566503 25.267518 -69.424426 -0.000000 -0.000001 -0.000001 11.526065 -14.329366 6.014439 18.090434 -40.809212 -23.030126 -26.486499 46.269604 20.549112 -0.000001 0.000005 -0.000004 22.048399 -2.941939 -12.702346 -17.642476 3.011334 37.882688 -34.660396 -0.188994 6.293783 -0.000000 -0.000005 0.000003 -6.761919 2.207283 -8.253371 4.683386 2.196280 -6.857358 -16.571914 -5.117844 5.690181 0.000001 -0.000002 0.000000 
-3.034572 106.825745 -1.606241 -1.145076 -6.318681 7.739695 -3.311475 1.032032 -3.671721 5.471741 -0.510602 -1.900045 -8.996558 -15.667211 -8.834759 -7.728151 20.286628 -11.716987 -0.000000 0.000003 -0.000003 -12.795633 -3.541102 -16.495612 -16.623168 -18.481563 -43.741177 38.976109 25.044927 -63.266990 -0.000001 0.000002 -0.000001 10.714817 -13.675127 5.638928 19.718729 -39.879060 -21.808453 -27.193703 47.105110 21.318909 0.000006 0.000003 -0.000001 20.980220 -2.683268 -12.358397 -17.258116 3.123156 37.682273 -34.892021 -0.787003 4.424305 -0.000002 0.000002 -0.000004 -6.720878 2.169108 -8.956804 4.245687 2.031852 -6.567447 -16.372281 -3.840943 6.834368 -0.000001 -0.000001 -0.000000 
-2.993404 107.026459 -1.601526 -0.434845 -4.349808 7.665824 -4.849984 1.254506 -3.144126 5.621936 -0.567190 -1.929485 -8.750046 -14.819195 -8.225723 -6.661948 20.025910 -12.444130 0.000003 0.000005 -0.000001 -10.813697 -3.719164 -14.333365 -12.615603 -21.003303 -42.554117 39.733304 24.871195 -60.495689 0.000003 0.000004 -0.000001 10.054243 -13.262913 5.435074 22.906422 -39.094169 -20.236435 -26.446136 47.351936 20.268615 -0.000001 0.000001 -0.000005 20.223254 -2.498318 -11.956720 -17.020497 3.299474 37.652487 -34.902294 -1.246494 3.086841 0.000002 0.000001 -0.000004 -6.429375 2.058403 -9.283737 3.998110 1.811718 -6.032005 -16.256765 -3.561078 7.183009 0.000006 0.000001 -0.000001 
-2.961292 107.200661 -1.595192 0.295079 -3.035755 7.596793 -5.370372 1.299859 -2.861589 5.031390 -0.368294 -1.816148 -8.251264 -14.170728 -7.919243 -6.141566 19.992519 -12.633266 -0.000002 0.000000 -0.000001 -9.482903 -3.647659 -12.931142 -9.261629 -21.909847 -40.885570 38.339973 25.033668 -52.502988 -0.000001 0.000003 -0.000004 9.115611 -12.379135 4.658435 24.898562 -37.558295 -19.556317 -28.407969 45.959325 22.571216 0.000005 0.000001 -0.000003 19.743022 -2.351078 -11.571604 -16.987662 3.484666 37.447690 -34.950624 -1.619707 2.030890 -0.000000 -0.000002 -0.000002 -6.260798 2.029253 -9.413292 2.831330 1.597678 -5.490915 -15.833992 -3.560716 7.086807 0.000004 0.000001 -0.000000 
-2.933903 107.352089 -1.571792 0.683145 -2.078319 7.602889 -6.110540 1.412183 -2.832885 4.270542 -0.094627 -1.719893 -7.344084 -12.792967 -7.004213 -5.569528 19.601629 -12.554311 -0.000003 0.000004 0.000001 -7.884233 -3.767920 -11.901506 -4.531033 -23.269980 -38.805662 34.575442 24.811642 -42.615982 -0.000001 0.000000 0.000001 8.134583 -11.230825 3.710177 26.182150 -34.658566 -18.607457 -28.496927 45.424860 22.406582 0.000000 0.000003 -0.000005 18.778645 -2.143008 -11.125057 -15.135684 3.477909 36.761584 -35.121372 -1.779773 1.486044 -0.000002 0.000003 -0.000006 -6.193583 2.003226 -9.525838 3.001718 1.568220 -5.023727 -15.887372 -4.329485 6.611536 0.000004 0.000000 0.000001 
-2.916240 107.458260 -1.557374 0.934965 -1.230015 7.513428 -6.469022 1.445442 -2.655790 3.801062 -0.099425 -1.465988 -6.904086 -11.122426 -6.391020 -5.044867 18.785366 -12.109953 -0.000003 0.000003 -0.000002 -7.088965 -3.762076 -11.015733 0.880882 -23.534998 -35.043010 28.326355 23.102751 -30.027100 0.000004 -0.000002 0.000003 7.404139 -9.643232 3.146065 27.278681 -31.480356 -17.608631 -30.548308 52.694711 23.220591 0.000001 0.000003 -0.000006 17.208426 -1.945798 -10.143745 -12.319143 3.419122 35.368905 -35.535664 -1.838911 1.431521 -0.000000 0.000001 -0.000005 -5.311444 1.925479 -9.457284 2.010729 1.544923 -4.519359 -15.624915 -5.022864 6.019729 0.000001 -0.000000 0.000002 
-2.904976 107.529045 -1.533415 0.663916 -1.215089 7.508169 -5.500689 1.329795 -2.843479 2.628588 0.261088 -1.196041 -5.857245 -10.113563 -6.097659 -5.674078 18.217151 -11.403163 -0.000005 0.000005 0.000002 -6.057361 -4.263952 -10.269721 3.882640 -22.191056 -31.672892 24.101193 21.094390 -21.495601 0.000002 0.000003 -0.000000 6.925612 -7.968409 2.874354 28.315628 -28.764280 -16.954387 -32.361218 51.932780 25.938243 0.000001 0.000002 -0.000009 16.487424 -2.070130 -9.376306 -10.306282 3.669034 34.083453 -35.513203 -1.773589 2.013214 0.000002 -0.000002 -0.000003 -4.601147 2.031506 -9.420906 1.693322 1.272400 -4.465993 -15.875371 -5.271020 5.914568 0.000002 0.000002 0.000002 
-2.902601 107.565651 -1.496945 -0.228980 -1.075992 7.568976 -4.448886 1.203880 -3.033410 2.749971 0.256151 -1.356335 -5.618733 -8.813691 -5.085935 -4.438831 17.250000 -11.541156 -0.000000 0.000007 0.000001 -4.135154 -5.161335 -9.507132 6.116956 -20.629511 -28.283762 22.903639 20.356523 -18.962461 0.000001 -0.000001 -0.000004 6.834392 -6.413286 2.909388 30.860878 -26.550868 -15.934879 -34.580486 60.066999 26.608955 0.000006 0.000003 -0.000006 14.469134 -1.787490 -8.190458 -6.054739 3.574070 31.939816 -35.283173 -1.659261 2.430029 0.000002 0.000002 -0.000004 -3.212869 1.790480 -9.517852 1.885635 1.077525 -4.417575 -16.742032 -5.621590 6.069654 0.000006 0.000002 0.000000 
-2.913775 107.588943 -1.460284 -0.501751 -0.469397 7.412797 -3.561714 0.866101 -2.860118 2.570389 0.390631 -1.358606 -5.238990 -7.301763 -4.361441 -3.078777 16.134012 -11.124385 -0.000000 0.000004 -0.000000 -2.272963 -3.577091 -8.349770 8.536160 -18.184573 -27.025351 19.483360 18.913395 -10.157799 0.000001 0.000002 -0.000001 6.664370 -5.975839 1.582028 30.291018 -22.546384 -16.818118 -36.329189 67.620806 25.810527 0.000004 0.000002 -0.000003 11.715513 -1.387889 -6.293174 -1.592629 3.177440 29.164740 -33.709217 -2.030742 1.499359 -0.000002 -0.000001 -0.000003 -2.215603 1.684921 -9.190002 1.138369 0.570162 -4.348750 -16.946002 -5.846809 5.360709 0.000004 0.000003 0.000001 
-2.934820 107.599861 -1.429016 -0.099809 0.315770 7.430279 -3.380920 0.721685 -2.550602 2.559420 0.675911 -1.799396 -4.947699 -6.605143 -3.765385 -2.626798 15.307403 -10.568753 0.000001 -0.000002 -0.000000 -1.533889 -2.800654 -7.781600 9.640533 -16.583694 -25.580836 18.325908 18.019931 -5.421709 0.000002 0.000001 -0.000002 6.376073 -5.387269 1.076185 28.802638 -20.811585 -16.846868 -35.892910 72.425468 24.060967 -0.000000 0.000003 -0.000003 8.835618 -1.181233 -4.910253 2.197941 2.467715 26.875927 -31.784791 -2.282073 0.482210 0.000003 0.000000 -0.000002 -1.979344 1.656546 -9.110484 1.180199 0.340377 -4.039360 -16.705051 -6.048650 4.707371 0.000001 0.000001 0.000001 
-2.974293 107.575935 -1.392457 -1.139821 0.786598 7.718092 -2.205246 0.535864 -2.950460 3.670889 0.635623 -2.280352 -5.613682 -5.410491 -2.564642 -1.696593 14.821435 -10.247918 -0.000001 0.000001 -0.000000 -0.721613 -2.043942 -7.365496 10.750110 -14.514686 -23.674899 18.380234 17.085126 0.410966 -0.000002 0.000004 -0.000001 6.645145 -4.825445 0.607626 26.216143 -19.570932 -17.131390 -37.287307 67.250930 26.764390 0.000005 -0.000003 -0.000008 7.228236 -1.086015 -3.572564 5.694102 1.587751 24.332544 -31.129919 -2.480893 0.252066 0.000007 -0.000002 -0.000000 -1.042320 1.555670 -9.188289 1.592186 0.330627 -3.802278 -17.178959 -6.666824 4.289772 0.000002 0.000000 0.000001 
-3.035053 107.519287 -1.354481 -1.272608 1.966736 7.751238 -1.661529 0.413452 -2.759626 3.718724 0.753109 -2.477395 -5.692139 -5.316419 -2.089280 -1.547489 14.309215 -9.678346 -0.000000 -0.000003 0.000003 0.340147 -1.739587 -6.481313 11.185741 -12.821510 -21.638007 16.726047 15.173754 4.689707 0.000001 0.000000 -0.000004 6.414315 -4.600300 0.472152 25.299010 -18.140265 -16.663008 -34.419120 63.141718 24.682839 0.000006 0.000002 -0.000009 5.715742 -0.951297 -2.289373 8.167939 0.630840 22.302647 -29.820107 -2.578338 -0.231097 -0.000002 0.000001 -0.000006 -1.190614 1.591860 -8.862954 2.154587 0.465009 -3.367402 -17.387324 -7.974373 3.100152 0.000000 0.000001 0.000000 
-3.101750 107.452438 -1.319414 -1.568656 2.391754 7.848621 -1.319035 0.353217 -2.770471 4.069666 0.702890 -2.680294 -5.836757 -4.724604 -1.572716 -1.565369 14.009682 -9.206014 -0.000001 0.000001 -0.000000 0.162615 -1.282823 -6.163852 11.616491 -11.394969 -19.904986 14.951906 13.027202 8.821772 -0.000000 0.000001 -0.000000 6.483879 -4.340280 0.478118 24.723067 -16.819339 -16.109037 -32.657604 59.523459 23.561631 0.000005 0.000002 -0.000007 4.745774 -0.853562 -1.368529 9.911282 -0.124251 20.615292 -29.322344 -2.415845 -0.124271 -0.000000 0.000002 -0.000005 -0.977357 1.524302 -8.733164 2.465760 0.640666 -3.193466 -18.032842 -8.587981 2.971188 0.000003 0.000001 0.000002 
-3.190060 107.368591 -1.293701 -2.016069 3.195869 7.886850 -0.827422 0.255123 -2.791297 4.049313 0.733476 -2.672980 -5.787045 -4.567508 -1.223524 -1.380699 13.529158 -8.575657 0.000001 0.000006 -0.000001 0.654364 -0.844072 -5.656402 11.907340 -9.991272 -18.379774 12.277493 10.520505 11.125576 0.000000 0.000001 -0.000002 6.793223 -4.336827 0.512192 23.714796 -15.944805 -15.984885 -31.232184 53.678703 23.460733 0.000006 -0.000001 -0.000004 4.536936 -0.713788 -0.186724 10.599424 -0.830192 18.857350 -27.929574 -2.440210 -0.406618 -0.000000 0.000002 -0.000004 -1.201988 1.587751 -8.451837 3.007649 0.830276 -2.879890 -18.222284 -9.598234 2.101965 0.000004 0.000000 0.000001 
-3.301472 107.259445 -1.264842 -2.398227 3.836892 8.018463 -0.257290 0.250298 -3.008331 3.914258 0.580861 -2.448528 -5.727913 -3.750693 -1.048084 -1.908293 12.921518 -8.007932 -0.000000 0.000004 0.000003 0.858229 -1.365691 -5.389168 12.695612 -9.400184 -16.408785 10.242774 8.921324 10.222197 -0.000001 0.000000 -0.000002 6.586190 -4.650079 0.877645 22.886936 -15.753534 -15.131780 -28.179991 50.333180 21.073178 -0.000001 0.000003 -0.000008 4.184480 -0.487970 1.171807 11.412446 -1.408157 16.665110 -25.966028 -2.427049 -0.732510 0.000002 0.000000 -0.000009 -1.412530 1.564474 -8.238817 3.774758 0.974454 -2.622893 -18.295854 -10.465137 1.297748 0.000006 0.000001 0.000001 
-3.415627 107.142029 -1.241004 -2.848620 4.301712 8.113047 -0.305750 0.293461 -3.160389 4.417336 0.377532 -2.409083 -6.164106 -3.565754 -0.995878 -1.984117 12.650622 -7.643934 0.000003 0.000004 0.000001 1.364158 -1.542304 -5.122753 13.212618 -8.372489 -14.862753 8.092168 7.421328 9.675462 -0.000001 0.000003 -0.000002 6.762192 -4.825436 1.057123 22.949068 -14.458786 -14.704530 -26.591730 48.799642 19.696510 0.000003 -0.000001 -0.000006 3.987615 -0.373138 2.188812 12.405388 -2.063786 14.845348 -24.565363 -2.362610 -0.731407 -0.000003 0.000004 -0.000004 -1.364202 1.555547 -8.028780 3.995075 1.059263 -2.355490 -18.416060 -11.151714 0.659433 0.000006 0.000002 -0.000000 
-3.554413 107.018158 -1.223431 -3.367918 5.036685 8.096205 -0.064858 0.268399 -3.145253 2.524558 1.225832 -2.592940 -3.872608 -4.182338 -0.681924 -2.241215 12.100784 -7.014342 0.000001 0.000003 -0.000001 0.309073 -1.041630 -4.986376 13.539195 -7.453800 -13.285580 6.146680 5.972767 9.078434 0.000005 -0.000003 0.000001 6.707970 -4.967567 1.254753 22.351225 -13.839623 -14.167475 -24.830560 44.939547 18.777023 0.000004 0.000003 -0.000005 3.174595 -0.257277 3.497654 12.161893 -2.570206 12.033133 -22.568335 -1.578140 0.840425 -0.000000 0.000000 -0.000002 -0.800474 1.417650 -7.620479 4.313969 1.023318 -2.104749 -18.106169 -11.519173 0.040914 0.000001 -0.000000 -0.000001 
-3.711187 106.876541 -1.226063 -3.308832 5.652882 7.986059 -0.052413 0.217428 -2.967692 1.579334 1.778904 -3.009754 -3.098846 -4.448574 -0.120873 -0.210621 10.339080 -6.864530 -0.000001 0.000008 -0.000003 -0.020906 -0.862427 -5.086255 13.722413 -6.597655 -11.842693 3.677597 4.057822 9.063143 0.000003 -0.000003 0.000001 6.921282 -4.929610 1.421854 21.597121 -12.465526 -13.219485 -22.785349 43.341672 16.830971 0.000006 0.000003 -0.000010 2.986629 -0.001726 4.863749 10.065000 -2.705481 8.904523 -18.955023 0.122792 3.660308 0.000002 0.000001 -0.000006 -0.716065 1.265841 -7.108826 3.927100 1.060768 -2.068597 -15.927996 -10.651327 -0.097669 -0.000000 -0.000001 -0.000000 
-3.871391 106.729584 -1.223165 -3.436381 6.031124 7.824413 -1.150884 0.432983 -3.035714 3.745166 0.817926 -2.858787 -4.233135 -3.566174 0.011803 0.394826 9.510536 -6.519325 -0.000001 0.000001 -0.000003 0.650663 -1.227258 -4.954714 13.787673 -5.914245 -10.970952 2.027728 3.224957 8.266797 0.000002 0.000000 -0.000002 6.589644 -4.837073 1.280299 20.983019 -11.137137 -12.588723 -21.492596 41.923906 15.537931 0.000003 -0.000001 -0.000004 2.866845 0.150179 5.825548 8.456941 -2.545833 6.569018 -16.570012 1.367903 5.653231 -0.000000 -0.000002 -0.000002 -0.275279 1.092648 -6.597226 3.730091 0.980436 -2.134964 -14.485764 -10.050408 -0.251737 0.000004 0.000002 0.000002 
-4.050979 106.571167 -1.220305 -3.926029 5.982758 7.477956 -0.281703 0.263199 -2.948384 4.146337 0.500553 -2.698010 -4.851437 -3.072578 0.109057 0.310481 8.811506 -6.088609 -0.000000 0.000003 -0.000001 1.644545 -1.411317 -4.774544 12.228790 -4.782204 -10.199096 0.857541 2.315000 8.773473 0.000002 -0.000004 -0.000000 6.773900 -4.159800 1.200236 19.641587 -9.385612 -11.811197 -20.629343 39.376345 14.842080 0.000002 0.000002 -0.000007 2.342689 0.354134 6.799043 6.828939 -2.271176 4.055902 -13.468787 2.172803 6.496929 0.000002 0.000000 -0.000001 0.864580 0.737349 -5.920594 3.971666 0.732507 -2.203132 -13.841670 -8.023851 1.092903 0.000004 0.000001 -0.000000 
-4.242481 106.398987 -1.216640 -3.880581 5.364005 6.934124 -1.136476 0.489533 -3.046385 4.459275 0.306382 -2.744017 -4.518548 -2.215390 0.723511 0.974579 7.826660 -6.107931 0.000003 0.000004 -0.000000 1.219053 -1.586088 -4.693787 12.299293 -4.449885 -8.887034 0.333376 2.481883 7.090296 0.000001 -0.000002 -0.000002 6.656774 -3.836594 1.478853 19.551997 -8.713075 -10.811629 -19.189787 38.304572 13.489014 0.000002 -0.000000 -0.000007 1.123896 0.420533 7.356649 4.688119 -1.726177 2.008335 -11.834537 2.285496 6.192869 0.000003 -0.000002 -0.000004 1.716137 0.404482 -5.174545 4.284082 0.681757 -2.310285 -11.755089 -6.201428 1.517763 0.000003 0.000003 -0.000002 
-4.423783 106.236198 -1.200809 -4.166244 4.619558 6.574716 -1.191784 0.570941 -3.188544 4.703603 0.142528 -2.701656 -4.289229 -1.213215 1.268543 1.353150 7.248150 -5.959771 -0.000000 0.000003 0.000002 2.140148 -2.317290 -4.246041 10.600002 -4.320703 -8.549561 0.363349 2.428938 6.108587 0.000001 0.000001 -0.000000 6.802661 -3.497244 1.845145 18.508093 -8.571506 -10.141549 -17.868620 37.822743 12.258317 0.000003 0.000002 -0.000003 0.755687 0.399809 7.342856 2.456372 -1.020791 0.928821 -10.219089 2.761228 6.683547 0.000002 -0.000000 -0.000002 2.538612 0.220964 -4.722919 4.613339 0.679924 -2.168248 -10.645992 -4.681134 2.252077 0.000002 0.000002 0.000003 
-4.615721 106.080162 -1.188936 -3.790117 4.007550 6.042278 -0.540086 0.507499 -3.132193 2.379910 0.961708 -2.791185 -2.500643 -1.354164 1.446738 1.628584 6.402670 -6.115298 0.000001 0.000009 0.000003 0.195815 -1.425428 -3.919510 8.599215 -3.894051 -7.802141 -0.994960 -0.121009 8.286655 0.000002 0.000002 -0.000000 7.165703 -3.128909 2.380147 17.303545 -7.904506 -9.061856 -16.369624 36.327290 11.173692 0.000004 0.000001 -0.000005 0.115300 0.371462 6.793234 2.036761 -0.753858 0.923197 -9.271394 2.137788 5.192238 -0.000000 0.000001 -0.000008 2.242865 0.178347 -4.101616 6.411581 0.857985 -2.329234 -9.099574 -4.944128 0.795889 0.000001 0.000000 0.000002 
-4.807110 105.944054 -1.197762 -2.797750 3.131426 5.475352 -1.129929 0.656500 -3.187644 0.442216 1.635507 -2.666979 -0.426847 -1.043836 1.596424 1.629058 5.334748 -5.592360 0.000003 0.000003 -0.000002 -0.887890 -0.927343 -3.528347 7.098444 -3.022186 -6.981937 -2.403652 -2.786752 10.527698 0.000002 -0.000003 0.000003 6.727773 -2.655902 2.332270 16.624009 -6.323277 -8.342971 -15.792606 34.717155 11.046023 0.000003 0.000004 -0.000002 -0.128119 0.263609 6.274813 0.282587 -0.115944 0.670906 -6.617762 2.829721 5.749166 -0.000000 -0.000000 -0.000002 2.262210 0.219360 -3.239559 9.147574 1.514055 -3.695227 -7.372045 -3.527550 0.943496 0.000006 0.000001 0.000001 
-4.984291 105.812828 -1.206465 -2.745933 2.661257 5.012138 -0.822515 0.574262 -3.019545 -0.984962 2.227321 -2.669474 0.819686 -1.273216 1.802050 1.771160 5.095152 -5.357301 0.000001 -0.000003 0.000002 -1.636694 -0.434211 -3.167577 6.429168 -2.414022 -6.361309 -3.184909 -3.698467 10.803180 0.000000 0.000000 -0.000002 6.451658 -2.499682 2.307114 16.146306 -5.635970 -7.948079 -15.512423 34.343052 10.820661 0.000005 -0.000000 -0.000002 0.033978 0.180170 5.664818 -0.094242 0.161372 0.829350 -6.333759 3.568058 6.938808 0.000002 0.000003 -0.000007 2.832806 0.138980 -2.711406 9.917930 1.736704 -4.634169 -6.875529 -2.824946 1.308012 0.000006 0.000003 0.000001 
-5.156928 105.674255 -1.212558 -2.028225 2.017059 4.373281 -0.977082 0.556451 -2.820636 -1.505557 2.204418 -2.237284 1.389621 -0.837763 1.659397 0.823623 5.031834 -4.607860 0.000003 0.000003 -0.000001 -2.672085 0.318563 -2.992679 4.896941 -1.750130 -5.688728 -3.367625 -4.820473 11.775095 -0.000001 -0.000001 0.000001 6.056313 -2.616729 2.073951 14.335100 -4.829912 -7.246067 -14.454362 32.776589 10.301328 -0.000002 0.000001 -0.000007 -0.961819 -0.039008 5.091200 0.099487 0.175348 0.682178 -7.219068 4.323088 8.533383 -0.000000 -0.000003 -0.000000 2.779791 0.097729 -1.916221 8.292096 1.894110 -5.769769 -6.560582 -2.539938 1.384943 0.000004 -0.000000 0.000002 
-5.320323 105.541031 -1.219820 -1.827026 1.790766 3.823155 -1.247663 0.580503 -2.503339 -0.155634 1.510814 -2.038300 0.299818 0.265566 1.526706 1.153961 4.068816 -3.991175 0.000001 0.000000 -0.000001 -2.472632 -0.177035 -3.021471 1.851174 -0.736396 -4.599572 -2.860743 -4.635490 11.031312 0.000001 -0.000001 -0.000001 5.751880 -2.982756 2.217716 12.860010 -4.207218 -6.519512 -12.807435 31.721745 8.845716 0.000003 0.000002 -0.000007 -1.152999 -0.162881 4.336034 -0.127510 0.337997 0.654735 -7.005222 4.633494 9.065020 0.000005 0.000000 -0.000005 2.781017 0.095000 -1.293300 5.395239 1.834948 -6.227081 -5.221788 -1.321210 1.568531 0.000001 -0.000001 -0.000000 
-5.470178 105.413002 -1.231556 -1.367414 1.744993 3.527966 -1.268750 0.586795 -2.332501 0.446048 1.091816 -1.734688 -0.350505 0.641303 1.190906 0.840927 3.803096 -3.477004 0.000003 0.000003 0.000003 -2.397558 -0.678394 -2.865993 0.895655 -0.480046 -3.467362 -1.225221 -2.846696 8.567127 0.000003 -0.000003 0.000001 5.167043 -3.168966 2.400769 12.427332 -3.875017 -5.658863 -10.788250 30.529600 7.498183 0.000001 0.000000 -0.000006 -1.386045 -0.350235 3.809920 0.094601 0.029017 0.480450 -6.654068 4.520150 8.763930 -0.000001 -0.000000 -0.000008 2.216305 0.192423 -1.067230 3.929544 2.039554 -6.189281 -3.955807 -0.925494 1.449173 0.000000 -0.000001 -0.000000 
-5.614492 105.287071 -1.251542 -1.295596 1.620530 3.225695 -1.254607 0.608982 -2.110944 0.009640 1.054843 -1.437647 0.067584 0.077692 0.792606 0.170792 3.782998 -3.230186 0.000002 0.000000 0.000002 -3.879494 -0.347042 -2.846586 1.367572 -0.995510 -2.648953 0.105132 -1.470909 5.787773 0.000000 -0.000002 -0.000002 4.812968 -2.658182 2.650846 12.270402 -4.082743 -5.069379 -8.923608 30.484497 6.291257 0.000002 0.000003 -0.000003 -1.093209 -0.436585 3.335423 0.703530 -0.124033 -0.082994 -4.971551 3.188205 6.398173 0.000002 0.000001 -0.000005 2.188763 0.198928 -0.955578 2.493330 1.687499 -5.553685 -2.433897 0.242120 1.291447 0.000004 0.000002 0.000000 
-5.750702 105.165482 -1.272640 -1.105700 1.148272 2.768211 -0.204498 0.431641 -1.979202 -1.553466 1.381009 -0.986611 1.061131 -0.338013 0.444645 -0.354085 3.342799 -2.801184 0.000002 0.000006 0.000002 -3.362074 -0.330504 -2.518929 1.356731 -0.864940 -2.219570 0.475606 -0.763408 3.971531 0.000001 -0.000003 -0.000000 4.141675 -2.044959 2.236223 10.014602 -2.999313 -4.283994 -7.698956 26.973687 5.760265 -0.000002 0.000004 -0.000004 -0.931654 -0.456353 3.162153 -0.118246 0.173380 -0.578457 -2.723616 2.343839 4.714299 0.000003 0.000001 -0.000004 2.039830 0.204971 -0.897261 1.829435 1.359264 -4.929250 -0.675468 1.700379 1.152457 0.000004 0.000000 0.000001 
-5.870492 105.047935 -1.298625 -0.664366 1.275603 2.401285 -0.536018 0.422641 -1.530739 -1.559700 1.249679 -0.799506 1.092030 -0.973580 0.097257 -0.835719 3.537282 -2.676539 -0.000000 0.000004 -0.000000 -3.119556 -0.218525 -2.133259 1.592006 -0.736798 -1.738899 0.962124 0.190791 1.754786 0.000003 0.000000 0.000003 3.683733 -1.882130 2.031002 9.332257 -2.591227 -4.021114 -6.906180 23.435624 5.754240 0.000003 -0.000000 -0.000007 -1.043767 -0.506714 2.953064 -0.254651 0.166637 -0.872740 -0.666013 1.886511 3.621754 -0.000003 -0.000002 -0.000004 1.714197 0.247381 -0.767756 0.957746 1.048553 -4.070048 0.410590 2.008069 0.794407 -0.000000 -0.000001 -0.000000 
-5.990357 104.935364 -1.330766 -0.258902 1.409513 2.110821 -0.985618 0.434874 -1.202326 0.563991 0.414081 -0.739859 -0.383067 -0.575826 -0.177197 -1.030761 3.179010 -2.068363 0.000002 0.000007 0.000001 -2.630030 -0.360766 -1.955055 1.803824 -0.436806 -1.292516 0.955626 0.641141 0.765574 0.000001 -0.000005 0.000003 3.165934 -1.897526 1.669886 7.099157 -2.280017 -3.404971 -6.314810 19.977303 5.354266 0.000002 0.000003 -0.000003 -1.050770 -0.432754 2.710458 -0.637726 0.322136 -1.472847 1.843915 1.341194 2.361167 0.000003 -0.000004 -0.000003 1.474120 0.218902 -0.700577 0.099099 0.821453 -3.445289 1.357365 2.204883 0.606378 0.000005 0.000004 -0.000000 
-6.105991 104.829781 -1.372043 0.157175 1.483478 1.675554 -0.316827 0.286501 -0.915115 -1.464513 0.952465 -0.447619 0.912416 -1.506327 -0.294919 -1.132595 2.683934 -1.823724 0.000001 0.000003 0.000003 -2.210979 -0.638325 -1.474547 2.632110 -1.037625 -0.939999 1.212115 1.425567 -1.560733 0.000001 -0.000003 0.000001 2.689347 -1.364255 1.656870 6.335328 -2.982309 -2.871748 -5.099854 17.824960 4.480539 0.000003 0.000003 -0.000008 -1.258747 -0.334354 2.429804 -0.510148 0.234984 -2.092780 2.291666 0.889237 1.529288 -0.000000 -0.000003 -0.000003 0.650029 0.207978 -0.465693 -0.588386 0.549032 -2.611850 1.137898 1.145260 0.042978 0.000007 0.000001 0.000002 
-6.209210 104.731735 -1.409204 -0.179420 1.496861 1.431488 0.546056 0.107581 -0.706097 -1.780941 0.954543 -0.285001 0.834878 -1.727125 -0.346130 -0.904777 2.350296 -1.487756 0.000001 0.000001 0.000002 -1.651368 -0.747771 -1.137566 3.152521 -1.622717 -0.787897 1.977436 2.069382 -3.139226 -0.000002 -0.000008 -0.000002 2.168821 -0.885451 1.415276 5.255103 -2.774995 -2.248898 -3.814950 15.865288 3.501974 0.000003 0.000002 -0.000005 -0.384195 -0.174644 1.925858 -0.160709 -0.016823 -1.951580 2.499546 0.413050 0.792238 -0.000000 -0.000001 -0.000003 0.748578 0.108887 -0.321093 -1.593530 0.434558 -2.039358 1.770515 1.075964 -0.284250 0.000004 0.000001 0.000000 
-6.304862 104.629951 -1.426844 -0.303668 1.201339 1.092289 0.978302 -0.022134 -0.566756 -1.765761 0.862740 -0.231528 0.715446 -1.439535 -0.166825 -0.488599 1.678730 -1.063927 -0.000001 0.000002 0.000001 -1.442576 -0.542002 -1.039299 1.961205 -0.920518 -0.272320 1.440436 1.490086 -2.091269 0.000001 0.000001 -0.000000 1.806938 -0.653970 1.115413 3.936070 -3.187589 -2.066542 -3.059960 12.485323 2.892417 0.000004 0.000003 -0.000005 -0.160438 -0.037309 1.501183 0.509862 -0.160871 -2.137850 1.813723 -0.137462 0.009044 -0.000002 -0.000003 -0.000003 0.600477 -0.018382 -0.062999 -1.714047 0.159133 -1.727107 0.646192 0.729955 0.077511 0.000006 0.000004 -0.000000 
-6.397128 104.536430 -1.439181 -0.083160 0.974286 0.685134 0.760129 -0.070281 -0.261720 -1.598847 0.729682 -0.162166 0.783409 -1.108733 -0.154243 -0.329575 0.997073 -0.499716 0.000001 0.000003 -0.000004 -0.625374 -0.359763 -0.628774 -0.144001 -0.161088 -0.150342 1.007766 0.914121 -0.598032 0.000004 0.000001 -0.000002 1.641422 -0.860428 0.967019 2.902910 -2.841226 -1.858648 -2.645711 8.869889 2.573236 0.000003 0.000004 -0.000004 -0.271162 -0.036075 0.955715 0.784388 -0.225498 -1.737572 1.308142 -0.346994 -0.312761 0.000002 -0.000003 -0.000001 0.250246 -0.026572 0.053385 -1.277598 -0.049502 -1.191553 0.744823 0.837800 0.071941 0.000003 -0.000001 0.000001 
-6.481919 104.455788 -1.453494 -0.123298 0.343634 0.430375 -0.000549 0.047460 -0.235797 0.873862 -0.137582 -0.285330 -0.710430 0.156177 0.078428 -0.124114 0.420891 -0.236040 -0.000001 0.000004 -0.000000 -0.692298 -0.255790 -0.365717 -0.983634 0.133368 0.448073 0.762205 0.532373 -0.594701 0.000004 -0.000003 0.000001 1.190425 -0.954720 0.908152 2.014253 -1.935048 -0.952674 -1.504045 6.994140 1.511616 0.000004 0.000002 -0.000003 0.134388 -0.037291 0.631538 0.404272 -0.167855 -1.389718 1.473432 -0.170197 -0.254413 -0.000002 -0.000002 -0.000002 0.606769 -0.054426 0.086993 -0.811218 0.093827 -0.936340 0.860323 0.805286 0.147456 0.000006 -0.000001 0.000000 
-6.563598 104.374908 -1.474010 -0.137650 0.132977 0.066699 0.121621 -0.009627 -0.057504 -0.528104 0.199756 -0.012652 0.354495 -0.264198 0.016347 0.104647 0.051501 -0.098754 0.000001 0.000005 -0.000000 0.027388 -0.103701 -0.080796 -0.052670 0.040536 0.097400 0.067249 0.135360 -0.222968 0.000004 -0.000002 0.000003 0.268950 -0.140968 0.180354 0.529315 -0.159405 -0.161906 -0.348793 1.323476 0.312865 0.000003 0.000001 -0.000001 0.008747 0.004219 0.139548 0.011757 0.010831 -0.278854 0.131641 -0.027197 -0.014563 -0.000002 -0.000001 -0.000003 0.128624 -0.012576 0.011133 -0.177901 -0.028848 -0.100140 0.331504 0.155423 -0.089972 0.000004 -0.000001 -0.000000 
-6.632879 104.306740 -1.486672 0.351486 -0.340983 -0.169199 -0.311274 0.024078 0.147255 1.351523 -0.510505 0.040747 -0.906765 0.676437 -0.034388 -0.267355 -0.132588 0.252260 -0.000000 0.000002 0.000001 -0.070769 0.265145 0.206979 0.134455 -0.104116 -0.249051 -0.169666 -0.347520 0.569796 0.000001 0.000000 -0.000002 -0.686175 0.364535 -0.458424 -1.356424 0.400985 0.420920 0.860791 -3.394694 -0.764940 0.000003 0.000004 -0.000005 -0.022453 -0.010694 -0.357057 -0.029842 -0.027962 0.713493 -0.336882 0.069467 0.037554 -0.000000 0.000000 0.000000 -0.329092 0.032285 -0.028364 0.454965 0.075224 0.255814 -0.847115 -0.400007 0.226113 -0.000001 0.000001 0.000001 
-6.696933 104.246315 -1.497070 0.559718 -0.776985 -0.397742 -0.508289 0.045608 0.345754 2.346784 -0.927147 0.092811 -1.582282 1.349229 0.033335 -0.567136 -0.176375 0.331829 -0.000000 0.000004 -0.000004 -0.023194 0.291455 0.406909 0.365876 -0.680736 -0.554211 -0.225210 -0.612388 0.639223 0.000003 0.000002 0.000001 -1.265239 1.516877 -0.727781 -2.973912 0.244304 1.080968 2.557063 -8.174072 -2.398670 0.000003 0.000002 -0.000005 -0.224291 -0.013460 -0.529629 -0.287532 0.085059 1.377951 -1.235212 -0.092833 -0.200052 -0.000002 -0.000000 -0.000002 -0.638472 0.051352 -0.059682 0.566949 0.003608 0.689463 -1.420413 -0.703445 0.355555 0.000001 0.000002 0.000002 
-6.747617 104.193245 -1.498067 0.868932 -1.273556 -0.441531 -0.831688 0.080774 0.357214 2.496744 -1.041156 0.172944 -1.597398 1.977224 0.062832 -0.374288 -0.628014 0.526440 0.000002 0.000004 0.000001 0.626728 0.129806 0.514096 -1.016201 -0.372273 -0.644772 -0.873892 -1.505957 1.665104 0.000001 0.000000 0.000003 -1.861392 1.796604 -1.158381 -4.211583 0.394353 1.341173 3.847531 -13.154870 -4.083393 0.000003 0.000002 -0.000007 -0.319072 -0.042891 -0.869613 -0.360788 0.044549 1.904984 -1.455301 -0.024728 -0.179228 -0.000002 -0.000000 -0.000002 -0.989213 0.100030 -0.156986 0.705017 0.039270 0.877176 -1.651777 -0.981342 0.290598 0.000006 0.000000 0.000001 
-6.790801 104.149956 -1.504095 1.010372 -1.147826 -0.564008 -0.827619 0.067548 0.465141 2.739983 -1.339849 0.526414 -1.870548 2.004563 -0.206700 -0.371653 -0.972441 0.805912 0.000002 -0.000002 -0.000000 1.554668 -0.326714 0.503465 -1.720180 0.079947 -0.404339 -1.478261 -1.953568 2.027102 0.000001 -0.000003 0.000001 -2.360942 1.660458 -1.435688 -5.017827 1.379851 1.936553 4.514715 -15.824746 -5.397960 0.000004 0.000001 -0.000005 -0.569515 -0.049219 -1.122988 -0.528759 0.187352 2.540854 -1.401321 -0.035896 -0.217258 0.000002 0.000001 -0.000005 -0.993587 0.104953 -0.206686 0.861104 -0.025845 1.040619 -0.916362 -0.392662 0.326519 0.000000 0.000001 0.000001 
-6.831360 104.109459 -1.504596 1.198775 -1.127478 -0.551874 -1.070445 0.112400 0.444232 3.263201 -1.608866 0.650501 -2.234872 2.127364 -0.324683 -0.347695 -1.217683 0.957598 0.000001 0.000003 -0.000001 2.202451 -0.637874 0.533937 -1.908740 0.263927 -0.206928 -1.411618 -1.840731 2.045825 0.000003 0.000003 0.000003 -2.843296 1.844863 -1.640727 -5.678875 1.612048 2.237910 5.257113 -18.679898 -6.517768 0.000005 0.000004 -0.000006 -0.231880 0.002304 -1.237843 -0.938278 0.400294 2.765594 -0.967032 -0.094564 -0.348715 -0.000003 -0.000003 -0.000000 -0.830484 0.048304 -0.187154 0.747158 -0.047348 0.787597 -0.058352 0.246042 0.256423 0.000004 0.000002 -0.000001 
-6.858471 104.076248 -1.502160 1.134529 -1.209177 -0.515809 -0.680512 0.053406 0.489434 3.369375 -1.543775 0.522766 -2.548638 2.351358 -0.277924 -0.698336 -1.299618 1.303117 -0.000000 0.000002 0.000001 2.354476 -0.695119 0.559395 -2.954514 0.924171 0.326798 -2.022939 -2.216849 2.051309 0.000001 -0.000001 0.000001 -3.233386 1.821223 -1.854639 -6.628187 2.014019 2.691488 5.827962 -20.810611 -7.696750 0.000001 0.000005 -0.000008 -0.043577 -0.007583 -1.115167 -1.094930 0.444615 2.312590 -0.851140 0.014859 -0.158808 -0.000001 -0.000003 -0.000003 -0.812307 0.097331 -0.143787 0.714951 0.022382 0.706911 -0.750276 -0.132882 0.406463 0.000002 0.000000 0.000002 
-6.884224 104.033562 -1.498503 1.103877 -0.941728 -0.472465 -0.991546 0.134682 0.381401 2.986224 -1.473962 0.689327 -1.973279 2.324543 -0.335121 -0.502356 -1.638096 1.570009 -0.000001 0.000005 0.000003 2.160462 -0.616103 0.633008 -2.158282 0.384742 -0.148742 -1.732543 -2.277206 2.433824 0.000005 -0.000003 -0.000002 -4.103010 1.840106 -2.212598 -7.009279 2.115906 2.984525 6.724233 -22.835358 -8.642649 0.000006 0.000002 -0.000007 -0.259683 -0.089187 -0.820016 -0.955075 0.118795 1.531725 -0.757404 0.126062 -0.109697 -0.000000 -0.000003 -0.000002 -0.531830 0.168380 0.017502 0.752394 0.407013 0.480509 -0.616575 -0.385759 0.342975 0.000006 -0.000001 -0.000001 
-6.902534 103.992912 -1.494059 1.354632 -0.811929 -0.607867 -1.454186 0.181405 0.472624 2.866452 -1.591595 0.949593 -1.895465 2.522414 -0.472108 -0.297572 -1.924429 1.771820 -0.000003 0.000005 -0.000000 1.858707 -0.397698 0.724249 -2.429843 0.377431 -0.154057 -2.026610 -2.964018 3.229452 0.000000 -0.000002 -0.000000 -4.364128 1.719604 -2.326215 -7.093277 2.364344 3.202715 7.186503 -24.382092 -9.131558 0.000002 0.000003 -0.000003 -0.957901 -0.090950 -0.398135 -0.606839 -0.131447 0.873569 -0.853074 0.296237 0.102699 -0.000003 -0.000002 -0.000002 -0.907217 0.190164 0.264114 0.970004 0.565275 0.582937 -1.215397 -1.075379 0.271443 0.000004 -0.000000 -0.000000 
-6.914544 103.944984 -1.491332 1.346445 -0.505752 -0.662567 -1.527947 0.222773 0.397104 2.217235 -1.474497 1.088785 -1.419378 2.318129 -0.383688 -0.320062 -2.101801 1.913161 -0.000004 0.000003 0.000002 2.279744 -0.624468 1.004138 -1.794287 -0.309279 -0.378275 -1.755204 -2.502451 2.163949 0.000003 -0.000003 0.000001 -4.205008 1.768779 -2.008736 -6.947276 2.102621 3.350659 7.439760 -23.566873 -9.212065 0.000003 0.000001 -0.000005 -1.024147 -0.029297 0.054759 -0.169235 -0.124866 0.000403 -0.370034 0.094602 -0.102560 0.000003 -0.000003 -0.000005 -1.222395 0.135079 0.552435 0.883356 0.375937 0.288264 -2.115359 -1.272087 0.440344 -0.000001 0.000001 0.000000 
-6.921639 103.886169 -1.491128 1.240976 -0.156817 -0.727850 -1.903147 0.295627 0.318465 2.589709 -1.772358 1.318218 -1.750619 1.621701 -0.460443 -0.070394 -2.161516 1.757389 -0.000000 0.000004 0.000001 1.343978 0.029428 1.189179 0.828492 -1.150835 -0.410182 -1.678438 -2.220079 1.381134 -0.000001 0.000002 0.000001 -4.584170 2.519353 -2.119518 -6.824192 2.167625 3.627488 7.793066 -23.489244 -9.411226 0.000004 0.000002 -0.000005 -1.418949 0.018771 0.525088 0.678744 -0.598964 -1.433902 1.125076 -0.249336 -0.716312 0.000002 -0.000003 -0.000003 -1.517045 0.077684 0.747637 0.529736 0.228352 0.296799 -2.228391 -1.282609 0.307990 0.000002 0.000000 0.000000 
-6.929967 103.835495 -1.491343 0.411828 0.025467 -0.602448 -0.412110 0.112913 0.090101 0.069290 -0.847243 1.322828 -0.080849 1.219248 -0.246666 0.262717 -2.355954 1.867788 -0.000003 0.000004 -0.000000 1.425201 -0.213560 0.901807 2.166705 -1.360545 -0.447244 -1.446952 -1.884265 1.014618 0.000002 0.000003 0.000001 -4.645217 2.069777 -2.123435 -7.103788 2.227345 3.679099 8.247121 -24.889479 -10.082005 0.000003 0.000002 -0.000003 -1.005951 0.022034 0.852776 0.829980 -0.894945 -3.100071 1.884447 -0.256031 -0.741276 -0.000000 -0.000006 -0.000003 -1.440120 0.110711 0.807816 0.588791 0.292635 0.177674 -2.601894 -1.141668 0.613169 0.000004 0.000002 0.000000 
-6.933974 103.783623 -1.489478 -0.300820 0.529278 -0.686074 1.248788 -0.064047 -0.054267 -1.775294 -0.412152 1.770179 0.818374 0.795530 -0.459310 0.488131 -2.810237 2.202092 0.000001 0.000003 -0.000001 1.546787 -0.479510 0.955765 1.444984 -1.249086 -0.336226 -1.644239 -2.233660 1.347621 0.000003 -0.000001 0.000001 -4.762906 1.756380 -2.013705 -7.324356 2.628881 4.064428 8.516079 -25.270568 -10.574210 0.000003 0.000003 -0.000005 -1.256505 -0.013813 1.448015 1.846014 -1.527019 -5.561479 3.206743 -0.247945 -0.744071 -0.000003 -0.000002 -0.000007 -1.686010 0.170052 1.303747 1.893751 0.688278 -0.235164 -3.290651 -1.457172 0.737512 0.000002 0.000000 -0.000002 
-6.936886 103.725845 -1.489293 -0.600444 0.719359 -0.747956 2.399677 -0.237884 -0.224386 -1.008880 -0.695478 1.838764 -0.921045 1.580524 -0.197822 0.829634 -3.136729 2.472959 -0.000002 0.000003 0.000002 2.170143 -0.980513 1.113439 -0.814040 -1.132315 -0.504721 -1.493501 -2.597667 2.324148 0.000003 -0.000006 0.000001 -4.558442 1.702367 -1.766065 -7.308302 2.239686 4.235302 8.420976 -24.572128 -10.740396 0.000003 0.000001 -0.000009 -1.812243 -0.086014 2.346355 3.400954 -2.478674 -9.352658 4.435791 -1.446921 -2.199373 0.000003 0.000003 -0.000002 -2.569033 0.227429 1.870496 2.940150 0.827939 -1.019850 -4.299813 -1.850597 1.021740 0.000004 0.000000 0.000002 
-6.941250 103.661461 -1.488282 -0.741879 0.794782 -0.896252 2.592428 -0.232981 -0.274821 -0.022597 -1.152989 2.014713 -1.984320 2.310938 -0.186956 0.732055 -3.435170 2.771569 -0.000004 0.000003 -0.000002 2.683110 -1.514084 1.476244 -2.229777 -1.169438 -0.203741 -1.598258 -2.603206 1.778925 0.000002 -0.000001 0.000001 -4.645137 1.579235 -1.516545 -6.871385 1.937823 4.590084 8.812414 -24.691352 -10.947373 0.000003 -0.000002 -0.000010 -2.589678 -0.127781 3.098420 4.679810 -3.432389 -12.567223 3.659637 -2.320774 -3.255903 0.000003 -0.000004 -0.000000 -3.544869 0.269446 2.307784 4.096017 1.032889 -1.209850 -6.134270 -3.320698 1.041633 -0.000003 0.000003 0.000002 
-6.940843 103.590630 -1.488110 -1.307852 0.972428 -1.145644 3.083990 -0.318979 -0.378642 0.453363 -1.461387 2.358595 -2.109166 2.588294 -0.249849 -0.336437 -3.361646 3.323073 -0.000000 0.000001 0.000002 2.842463 -1.059582 1.535312 -2.964090 -0.380148 -0.339879 -3.062741 -3.928753 3.399408 0.000001 -0.000003 -0.000004 -4.844854 1.933550 -2.007849 -8.313916 1.696783 4.099035 8.122904 -25.813440 -11.176949 0.000001 0.000001 -0.000001 -3.660098 -0.204289 3.844896 6.401541 -4.768071 -16.906626 3.569112 -3.998071 -5.217871 -0.000000 0.000000 -0.000001 -4.326139 0.263123 2.926590 5.930576 0.884468 -1.577484 -8.739078 -4.873738 0.879456 0.000004 0.000001 0.000000 
-6.942741 103.514328 -1.481718 -1.431900 1.398526 -1.300199 3.256755 -0.344916 -0.524902 -1.488665 -1.016950 2.673169 -0.409786 2.062071 -0.200189 0.210911 -4.007727 3.680517 -0.000004 0.000004 -0.000000 1.895655 -0.917865 1.111675 -2.158210 -0.151078 -0.728600 -4.171200 -5.005509 5.445719 0.000001 0.000002 -0.000000 -4.627963 1.618983 -1.957596 -8.931395 1.625378 4.100067 7.550461 -26.476267 -12.136252 0.000002 0.000004 -0.000006 -4.739532 -0.219260 4.192474 8.440338 -6.697698 -21.157206 4.068398 -6.149551 -8.090510 0.000002 -0.000001 -0.000001 -5.413429 0.274966 3.287475 7.137435 0.976246 -1.410937 -11.780132 -7.358939 0.426528 0.000005 0.000001 -0.000000 
-6.941653 103.452385 -1.473720 -1.211750 1.556184 -1.514470 3.517188 -0.403514 -0.508409 -1.906482 -0.941366 2.901531 -0.319760 1.695842 -0.313895 0.810317 -4.357230 3.854405 0.000003 0.000007 0.000001 1.639637 -0.214835 0.931700 -2.440205 0.930151 -0.794085 -6.134960 -7.174173 8.134118 0.000002 0.000004 -0.000001 -4.226104 1.738044 -2.286486 -10.701187 2.061885 4.126336 6.817083 -27.753610 -13.118148 0.000002 0.000002 -0.000005 -5.638149 -0.316446 4.598713 9.888659 -8.509499 -24.548011 4.382593 -7.772164 -10.219143 -0.000000 -0.000000 -0.000002 -6.917331 0.433649 3.599062 8.057601 1.113749 -1.011744 -14.502027 -9.698087 -0.400619 0.000002 -0.000001 -0.000000 
-6.943534 103.387138 -1.478679 -1.129914 1.476250 -1.758694 4.033094 -0.509461 -0.534508 -2.741018 -0.709445 3.030783 0.339085 1.658980 -0.234285 0.643410 -4.715167 4.196127 -0.000002 0.000003 0.000003 1.817931 0.076940 0.854576 -2.195938 1.521036 -0.880859 -8.321009 -8.981675 9.392067 0.000002 -0.000001 0.000001 -4.256627 1.757638 -2.660870 -12.071020 2.047868 4.199991 6.159740 -28.250714 -13.732622 0.000002 0.000000 -0.000004 -6.681130 -0.360365 5.416513 8.619169 -8.964788 -29.584572 5.585853 -7.981306 -10.517491 0.000002 -0.000006 -0.000006 -7.153635 0.410489 4.090889 8.178410 1.320082 -1.304266 -16.734187 -10.966250 -0.459747 0.000004 0.000002 -0.000001 
-6.957291 103.316422 -1.488153 -1.098927 1.262802 -2.020300 3.868968 -0.463725 -0.625867 -3.063841 -0.717523 3.155247 1.028691 1.419329 -0.261651 -0.304644 -4.661033 4.569818 -0.000000 0.000003 -0.000001 1.486712 0.446558 0.806968 -2.260172 1.995723 -0.391160 -9.243099 -9.714972 9.593350 0.000004 0.000003 -0.000001 -4.455702 1.781606 -2.868340 -12.947873 2.652583 4.780875 6.052864 -28.018051 -13.781678 0.000002 0.000001 -0.000007 -8.122066 -0.412783 6.432205 6.923328 -9.172448 -34.827172 6.385483 -7.284934 -9.737548 -0.000000 0.000001 -0.000004 -6.735802 0.283718 4.679220 8.118868 1.674656 -1.677856 -18.124773 -11.608634 -0.371950 0.000004 0.000000 -0.000001 
-6.975587 103.243248 -1.495046 -1.604926 0.468065 -2.273390 4.248633 -0.529974 -0.864880 -3.141533 -0.822423 3.311121 1.178242 1.866305 -0.158880 -0.761372 -4.573917 4.826775 -0.000003 0.000004 0.000001 1.931790 0.801615 0.950756 -1.108894 2.151045 -0.412919 -9.866956 -10.142225 10.045112 0.000003 -0.000002 -0.000000 -4.654284 1.906750 -3.194599 -13.596175 3.394132 5.170323 5.686318 -28.571740 -14.035082 0.000002 0.000004 -0.000008 -8.871091 -0.424973 7.513505 4.439890 -8.369087 -39.429053 6.964532 -5.609614 -7.770286 0.000002 0.000003 -0.000006 -5.953519 0.209312 5.102533 8.461526 1.970172 -2.028861 -18.287002 -11.651476 -0.268479 0.000004 0.000000 -0.000001 
-7.000135 103.176987 -1.507711 -0.931718 0.452148 -2.555062 4.395058 -0.538706 -0.888445 -3.536049 -0.878844 3.665991 1.451986 1.901111 -0.473595 -1.729772 -4.734559 5.381536 -0.000003 0.000003 0.000003 1.240253 1.066971 0.870620 -1.397551 2.096377 -0.718885 -9.732985 -10.996291 11.452007 0.000003 0.000002 -0.000000 -5.401407 1.711804 -3.609271 -14.688286 3.627067 5.509195 5.574489 -29.178920 -14.322546 0.000004 0.000001 -0.000005 -10.200837 -0.628092 8.493261 2.436533 -7.426348 -44.099970 6.812861 -3.705682 -5.192155 0.000002 0.000002 0.000000 -6.788508 0.230121 5.492942 8.747886 1.835124 -1.999831 -18.124894 -11.829564 -0.644107 0.000005 0.000002 -0.000001 
-7.038886 103.101768 -1.528223 -0.839664 0.181234 -2.854172 4.881976 -0.530581 -1.140895 -4.110380 -0.930724 4.085375 1.744430 2.350309 -0.573006 -2.903480 -4.851415 6.039600 -0.000001 0.000005 0.000003 1.362941 0.786007 0.924962 -0.708570 1.464402 -0.993945 -8.969569 -10.524741 11.178046 0.000001 0.000004 -0.000001 -5.865045 1.189091 -3.626885 -15.423272 3.500730 5.856670 5.979055 -29.369731 -14.758423 0.000002 0.000004 -0.000006 -10.646261 -0.731355 9.625255 1.747572 -7.718130 -48.576811 8.627875 -0.298955 -1.012067 -0.000000 -0.000002 -0.000002 -6.489521 0.225016 5.852334 8.984042 2.050447 -1.932598 -18.230670 -11.977388 -0.583785 0.000001 0.000000 0.000000 
-7.079378 103.031677 -1.554467 -0.285297 -0.093172 -3.112427 4.690725 -0.485416 -1.292623 -3.578519 -1.257925 4.340807 1.120782 2.694691 -0.694639 -3.448795 -4.913751 6.302001 -0.000003 0.000004 0.000001 1.182430 1.143951 0.978604 0.077182 1.619369 -1.083870 -9.900526 -11.796830 12.149022 0.000001 -0.000005 0.000003 -5.695179 1.110585 -3.664636 -16.685237 3.766714 6.119432 5.658617 -29.237356 -14.639646 0.000003 0.000003 -0.000008 -10.890762 -0.817711 10.422142 2.264571 -8.901321 -51.564575 9.591824 4.342991 4.490923 0.000002 -0.000002 -0.000004 -6.500987 0.244105 5.951297 8.569223 1.935265 -1.606193 -17.724242 -11.869460 -0.743251 0.000003 -0.000001 -0.000001 
-7.123357 102.955124 -1.573340 -0.330317 -0.250323 -3.489139 4.659497 -0.465074 -1.351686 -2.349192 -1.987686 4.836036 0.085565 3.255517 -0.837152 -3.482159 -4.913712 6.295916 0.000003 0.000002 -0.000000 1.977573 1.054577 1.372993 2.063587 0.920433 -1.281754 -9.031545 -10.325375 11.008098 -0.000002 0.000003 -0.000002 -5.808647 1.504166 -3.644779 -17.337281 3.647237 6.453505 6.194240 -30.288901 -15.180620 0.000003 0.000001 -0.000007 -10.674822 -0.765993 11.340587 1.825747 -9.276841 -55.310114 11.657638 5.982991 5.957409 0.000005 -0.000001 -0.000003 -6.682775 0.120155 6.472612 9.222250 2.015290 -1.734436 -18.139229 -11.853338 -0.466147 0.000001 -0.000000 -0.000001 
-7.172350 102.878227 -1.597108 -0.381993 -0.446893 -3.805992 5.447302 -0.549190 -1.451624 -2.100925 -2.292992 5.179087 -0.494903 3.975345 -0.824559 -4.038550 -5.212571 6.778053 -0.000000 0.000003 0.000003 1.490698 0.979025 1.706809 1.729285 0.684196 -0.668632 -8.479094 -9.729012 9.794951 0.000002 0.000000 -0.000002 -6.104742 1.233428 -3.337907 -17.225945 3.382102 7.022543 7.075427 -29.120693 -14.513587 0.000002 0.000005 -0.000002 -10.465103 -0.787796 12.414704 0.574806 -8.833491 -59.490046 14.514779 4.506416 3.758119 0.000002 0.000001 -0.000006 -7.015157 0.069850 6.825665 9.335112 2.214277 -1.540972 -18.222564 -12.506470 -0.727158 0.000006 0.000001 0.000000 
-7.220007 102.811707 -1.638526 -0.497202 0.034465 -4.130910 5.614222 -0.573278 -1.268640 -2.729531 -2.389584 5.610338 -0.042008 3.755968 -0.880111 -4.180153 -5.415366 6.983207 -0.000004 0.000003 -0.000002 2.154512 0.508843 1.835859 2.704740 0.235487 -0.519422 -8.622938 -8.949980 7.974877 0.000002 -0.000002 -0.000000 -6.379291 1.282222 -3.221687 -16.961492 3.247185 7.246025 7.916968 -30.439886 -15.052130 0.000004 0.000003 -0.000005 -10.120628 -0.722103 13.070566 -0.937544 -7.675212 -62.850752 16.664726 2.156745 0.966525 -0.000002 0.000001 -0.000000 -7.589297 0.018021 6.987741 9.630175 2.077785 -0.905152 -18.637163 -13.120033 -1.158884 0.000004 0.000000 -0.000002 
-7.268854 102.737785 -1.673264 -0.263843 0.475588 -4.499189 5.511363 -0.566136 -1.011902 -2.280388 -2.774653 5.930711 -0.819992 3.801163 -0.877347 -3.868166 -5.462674 7.015225 -0.000004 0.000004 0.000001 2.009895 0.386105 1.949179 1.108263 0.595412 0.118092 -9.014907 -9.392967 7.331338 -0.000000 0.000000 0.000001 -6.015507 0.952510 -2.744707 -16.615557 3.706839 7.753770 8.253357 -29.748390 -14.472435 0.000003 0.000001 -0.000005 -10.721335 -0.756915 14.014384 -2.255973 -6.688524 -66.412347 19.511183 0.464245 -1.039304 0.000003 -0.000003 -0.000003 -8.414677 -0.109779 7.501947 10.290792 2.123060 -0.789562 -19.370871 -14.076769 -1.900552 0.000004 0.000002 0.000002 
-7.321354 102.659264 -1.715437 -0.178418 0.690856 -4.691976 5.195696 -0.440876 -1.067865 -0.965717 -3.384940 6.134779 -1.942420 4.282532 -0.789113 -4.032298 -5.725116 6.929045 0.000001 0.000005 -0.000001 1.817940 -0.082949 2.349901 1.434633 -0.246583 1.091736 -7.718834 -7.468668 4.116182 -0.000000 0.000003 -0.000002 -5.977914 0.626232 -1.925213 -15.629052 3.375373 8.703837 10.044474 -29.882822 -14.488020 0.000001 0.000004 -0.000003 -10.804435 -0.725974 15.085666 -2.819837 -6.483388 -69.813604 21.675250 -1.168548 -2.806554 0.000002 -0.000002 -0.000000 -8.815384 -0.305343 8.003546 11.006335 2.290058 -1.175662 -19.457758 -14.441885 -2.200839 0.000002 0.000001 0.000003 
-7.371774 102.578621 -1.755997 -0.500557 1.051950 -4.904893 5.425733 -0.484519 -0.911539 -1.028467 -3.485538 6.289715 -2.198713 3.898536 -0.720335 -3.338042 -5.771414 6.559588 0.000002 0.000006 0.000004 2.139553 -0.198882 2.655432 1.922627 -0.650710 1.415181 -7.118658 -6.413136 2.416448 0.000003 0.000004 -0.000001 -5.808817 0.453501 -1.525109 -14.679832 3.644080 9.110111 10.229395 -27.792810 -13.679870 0.000002 0.000004 -0.000004 -10.755214 -0.649431 15.933761 -2.953871 -6.696873 -72.333985 20.875836 -2.380661 -3.951077 0.000002 0.000005 -0.000006 -8.443660 -0.486357 8.426252 11.169504 2.250599 -1.475764 -19.775515 -14.508543 -2.258131 0.000006 0.000001 0.000002 
-7.422057 102.484886 -1.799239 -0.713747 0.681041 -5.135290 5.340809 -0.434827 -0.905664 -1.418774 -3.579935 6.549310 -1.666769 4.097545 -0.834837 -3.900904 -5.873454 6.673424 -0.000000 0.000004 0.000001 2.305072 -0.224514 3.025690 1.733187 -0.663079 2.106490 -6.731342 -5.624704 0.505584 0.000001 0.000000 0.000001 -5.961247 0.485083 -1.321685 -14.166038 3.397513 9.356977 10.515908 -26.476175 -12.800751 0.000001 0.000002 -0.000007 -11.088921 -0.748532 17.529481 -4.341626 -5.073539 -75.243167 22.793825 -3.091127 -4.696509 -0.000000 0.000000 -0.000005 -7.988034 -0.596235 8.955344 11.027597 2.489444 -2.160814 -19.452976 -14.174353 -1.961488 0.000003 0.000003 0.000001 
-7.464249 102.385117 -1.855135 -0.795157 0.681439 -5.268145 4.878275 -0.353456 -0.910637 -1.186719 -4.005211 7.083039 -1.789252 3.834368 -1.219567 -3.777837 -5.952211 6.433637 0.000001 0.000004 0.000003 2.860519 -0.279212 3.455006 3.322905 -0.547485 2.697709 -6.853160 -4.169477 -2.252931 0.000001 0.000007 -0.000001 -5.888160 0.836927 -1.190784 -13.978616 3.805545 9.692919 10.345518 -25.692002 -12.325259 0.000003 0.000002 -0.000001 -10.995536 -0.682082 18.806403 -4.210424 -5.450057 -77.167149 23.714483 -3.669684 -5.207311 -0.000000 0.000002 -0.000003 -7.821985 -0.713842 9.417814 10.305673 2.370188 -2.923886 -19.681127 -13.690196 -1.461999 0.000004 0.000001 0.000001 
-7.506423 102.287178 -1.919815 -0.510431 1.001243 -5.296159 4.574071 -0.334274 -0.750916 -0.766266 -4.227553 7.197183 -2.130330 3.819087 -1.251117 -4.130013 -5.792975 6.358189 -0.000001 0.000004 0.000001 3.058605 -0.393758 3.499474 4.507151 -0.802531 2.706397 -6.949853 -3.465060 -3.670676 0.000001 0.000004 -0.000001 -5.897056 0.881462 -1.175902 -14.090836 3.753852 9.824322 10.390354 -26.387389 -12.357999 0.000003 0.000001 -0.000007 -11.112194 -0.685690 19.447157 -4.105382 -5.754430 -78.238485 24.455402 -3.742500 -5.337830 -0.000000 -0.000001 -0.000003 -8.033339 -0.772831 9.750729 9.793011 2.380881 -3.431299 -19.493456 -13.708758 -1.583409 0.000005 0.000000 0.000001 
-7.535168 102.177834 -1.970031 -0.791597 1.428373 -5.230042 5.364757 -0.487942 -0.610317 -1.869051 -4.021363 7.374231 -1.618933 3.703190 -1.396252 -3.776754 -5.789319 6.283187 0.000003 0.000004 0.000001 2.360596 0.148063 3.491752 3.195578 0.039318 2.924121 -7.686230 -3.819213 -3.268227 0.000003 -0.000003 -0.000000 -5.509076 0.621315 -1.218354 -14.993177 3.658947 9.700700 10.266828 -27.876597 -12.866185 0.000002 0.000003 -0.000006 -10.627757 -0.616775 20.014309 -4.641980 -5.008054 -79.170123 25.822208 -3.496850 -5.131874 -0.000000 -0.000004 -0.000000 -7.432951 -0.748106 10.170059 9.642278 2.590295 -4.152927 -19.670209 -13.926763 -1.742128 0.000004 0.000001 0.000000 
-7.553078 102.057510 -2.028111 -0.457190 1.837637 -5.152615 4.945480 -0.425865 -0.413186 -1.784992 -4.213357 7.563073 -1.587855 3.520751 -1.567301 -3.794708 -5.791703 6.062335 -0.000000 0.000004 0.000003 2.465372 0.025950 3.681401 3.271212 -0.453287 3.000522 -7.147248 -3.023992 -4.982985 0.000001 0.000002 0.000001 -5.424915 0.735790 -0.888108 -14.856437 3.229222 9.847811 11.084314 -27.660480 -12.688784 0.000003 0.000001 -0.000005 -10.614662 -0.638522 20.054610 -5.137422 -4.275407 -79.470317 26.725996 -3.184554 -4.888532 -0.000000 -0.000001 -0.000006 -8.064874 -0.783993 10.376159 10.249707 2.774154 -4.527690 -20.255355 -14.477057 -2.221916 0.000006 0.000001 0.000001 
-7.561841 101.949081 -2.079087 -0.440082 2.068275 -5.195558 5.022355 -0.470055 -0.207954 -1.414788 -4.302031 7.553923 -2.021058 3.824347 -1.398423 -3.853208 -5.691931 6.203020 -0.000000 0.000001 0.000003 2.484603 0.050173 3.668644 2.731544 -0.291449 3.242722 -7.044341 -2.796254 -5.964241 0.000001 0.000003 -0.000000 -5.442245 0.493624 -0.825268 -14.961476 3.313464 9.901653 11.476332 -27.318002 -12.318756 0.000003 0.000002 -0.000003 -10.146217 -0.535406 20.143032 -5.540424 -3.758730 -79.548925 26.795585 -2.998992 -4.853012 -0.000000 -0.000003 -0.000000 -8.408739 -0.811749 10.601735 10.992770 2.982266 -4.667220 -20.225934 -14.749245 -2.516772 0.000001 -0.000000 -0.000000 
-7.570249 101.826927 -2.120770 -0.245109 2.652571 -5.258743 5.193717 -0.525696 0.003187 -1.166348 -4.429274 7.660143 -2.335999 3.739355 -1.355978 -3.690942 -5.537713 6.167786 -0.000000 0.000005 -0.000001 2.415912 0.133876 3.722322 2.675107 -0.552388 3.027207 -6.212178 -2.242755 -6.236613 0.000001 -0.000001 0.000001 -5.502257 0.231234 -0.795612 -15.608268 3.282945 10.108017 11.694807 -27.262493 -12.379607 0.000001 0.000001 -0.000005 -9.875235 -0.452974 19.843907 -5.229716 -4.368002 -79.251983 27.197050 -2.946517 -4.807282 0.000002 -0.000001 -0.000001 -8.151388 -0.853854 10.700021 11.248712 3.063497 -4.484042 -20.710214 -15.034609 -2.546591 0.000004 -0.000001 -0.000001 
-7.572151 101.703453 -2.146683 0.102999 2.901364 -5.471112 5.027559 -0.553510 0.179490 -0.975993 -4.526472 7.735830 -2.536684 4.144874 -1.077587 -3.588803 -5.648331 6.418632 0.000003 0.000003 -0.000001 2.030586 0.382630 3.759763 1.093361 -0.159907 3.079252 -6.444181 -2.799733 -5.423225 0.000003 0.000001 -0.000002 -5.289016 -0.098847 -0.713364 -16.257867 3.154877 10.213611 11.613757 -27.229181 -12.609860 0.000001 0.000000 -0.000009 -9.201246 -0.283507 19.630659 -4.908154 -5.015118 -78.962321 27.927619 -2.811653 -4.791609 -0.000000 0.000002 -0.000005 -8.092900 -0.911357 11.067977 11.655527 3.181794 -4.606244 -20.608904 -15.008333 -2.470507 0.000002 0.000000 -0.000000 
-7.571114 101.577927 -2.171372 0.128574 3.259907 -5.488737 5.429660 -0.639387 0.298692 -1.391577 -4.372138 7.720058 -2.381771 3.832937 -1.136866 -3.674995 -5.710482 6.683098 -0.000001 0.000004 0.000001 1.965666 0.483330 3.741341 0.787003 0.243844 3.359374 -6.566579 -3.125089 -4.814463 -0.000001 -0.000001 -0.000000 -5.165092 -0.217512 -0.738459 -17.024692 2.681911 10.054229 11.311220 -26.150120 -12.600286 0.000002 0.000004 -0.000006 -9.152629 -0.307333 19.214480 -5.585956 -3.865545 -78.921176 28.636082 -3.259839 -5.108176 -0.000000 -0.000001 -0.000001 -8.080298 -0.886695 11.096890 12.133585 3.185644 -4.491705 -20.582825 -15.172015 -2.692978 0.000004 0.000000 0.000000 
-7.568977 101.449638 -2.190108 0.483901 4.062108 -5.637832 5.700735 -0.716837 0.539924 -2.125961 -4.300273 7.932590 -2.052621 3.939003 -1.274678 -3.946511 -6.125210 7.162831 -0.000000 0.000005 0.000002 1.306894 0.471001 3.412524 -1.673644 0.492754 3.305715 -6.812229 -4.647507 -2.672828 -0.000000 0.000001 -0.000000 -5.160328 -0.816707 -0.674880 -17.423696 2.270026 10.013475 12.058515 -27.921426 -13.278796 0.000003 0.000003 -0.000005 -8.736134 -0.292303 18.749779 -6.066673 -3.134257 -78.743420 30.196983 -3.056577 -4.908191 -0.000002 -0.000004 -0.000006 -9.025417 -0.801171 11.035543 12.694939 3.180893 -3.621252 -21.116203 -16.032658 -3.375838 0.000006 -0.000000 0.000002 
-7.570587 101.317238 -2.206432 2.219571 5.077847 -5.880101 3.497974 -0.452561 0.833922 -1.590421 -4.637208 8.294282 -2.212745 3.055498 -1.745365 -2.525458 -6.285172 6.694583 -0.000000 0.000000 0.000002 1.071151 0.477310 3.159387 -4.017650 1.779859 3.833916 -8.073078 -5.194303 -2.172853 0.000004 0.000000 0.000001 -4.834528 -0.707835 -0.740965 -18.108425 2.319641 9.733542 11.056087 -27.098755 -13.138356 -0.000000 0.000002 -0.000003 -9.685087 -0.509034 18.277147 -4.652164 -5.122707 -78.392854 29.948665 -3.773824 -5.339787 -0.000002 -0.000004 -0.000000 -10.490656 -0.726806 10.842171 12.821179 2.737353 -2.606703 -23.207678 -17.539581 -4.207449 0.000002 0.000001 0.000000 
-7.571198 101.194359 -2.222105 2.602975 5.580936 -6.016280 3.103166 -0.437849 1.125907 -2.292223 -4.565648 8.532833 -1.564103 2.640501 -2.014743 -2.105234 -6.221235 6.446995 -0.000001 0.000003 0.000004 1.149298 0.400304 2.969854 -5.606330 2.478351 4.074624 -8.000382 -5.083950 -1.558896 0.000001 -0.000002 0.000003 -4.669983 -0.595064 -0.822205 -18.501140 2.665139 9.790179 10.377677 -25.954449 -12.923989 -0.000000 0.000005 -0.000008 -9.342322 -0.400942 18.034512 -4.125239 -5.768275 -78.160635 28.896714 -3.974285 -5.471092 0.000003 -0.000002 -0.000003 -10.964352 -0.715249 10.763145 12.691657 2.482704 -2.167138 -23.818864 -18.055093 -4.656431 0.000003 -0.000000 -0.000000 
-7.569295 101.069107 -2.231159 2.928590 5.827564 -6.269461 3.455214 -0.542170 1.501572 -2.863235 -4.476682 8.639914 -1.168303 2.076467 -2.218928 -2.340482 -5.843707 6.266751 -0.000003 0.000005 0.000003 1.166816 0.550138 2.914426 -5.388921 2.759978 3.952444 -8.814305 -5.105836 -1.458229 0.000003 0.000001 0.000003 -4.839481 -0.588217 -1.027531 -19.189703 3.095613 10.048213 9.962981 -26.642893 -13.522522 -0.000000 0.000001 -0.000007 -9.483418 -0.369254 17.764011 -4.800333 -4.425247 -78.053312 28.262920 -4.504886 -5.981176 -0.000001 -0.000004 -0.000003 -11.241128 -0.758043 10.823114 12.845902 2.239368 -1.775236 -23.688107 -18.191522 -4.974355 0.000004 0.000001 0.000000 
-7.566849 100.946526 -2.228621 2.884093 5.553020 -6.330826 4.095422 -0.665956 1.640666 -4.033114 -3.937651 8.304384 -0.346599 1.936940 -1.916798 -2.234356 -5.595333 6.164806 0.000002 0.000003 -0.000001 1.072191 0.694041 2.765099 -5.415424 3.151336 4.179340 -9.383029 -4.915965 -1.944697 0.000001 -0.000001 0.000001 -4.828699 -0.802333 -1.081914 -19.348780 3.275829 10.059007 9.867685 -27.206605 -14.050557 0.000002 0.000003 -0.000005 -8.871668 -0.210022 17.828407 -6.258402 -2.077739 -78.227277 28.433593 -4.675789 -6.196201 -0.000002 0.000002 -0.000004 -10.766437 -0.734801 10.710984 12.594448 2.241360 -1.469729 -23.023915 -17.813389 -4.733576 0.000005 0.000002 0.000003 
-7.562959 100.827003 -2.228654 1.892403 5.090833 -6.542879 4.798767 -0.771150 1.506063 -2.102183 -4.555275 8.526606 -1.779455 3.086515 -1.868831 -3.115284 -5.454659 6.690413 -0.000001 0.000001 -0.000000 2.170139 0.817607 3.141111 -2.362957 2.673044 3.724032 -9.191942 -4.581834 -2.578184 0.000002 0.000001 -0.000002 -5.239686 -0.811314 -1.539864 -19.978286 3.474600 10.071937 10.603790 -30.479869 -14.991364 0.000003 0.000002 -0.000007 -7.586583 -0.039407 18.179042 -7.982563 0.443795 -78.296084 30.877451 -4.605745 -6.228674 -0.000000 0.000003 -0.000005 -9.875384 -0.672070 10.868026 13.020246 2.477146 -1.099131 -21.942025 -17.379591 -4.736945 0.000002 0.000000 0.000001 
-7.558240 100.710068 -2.216506 1.423543 5.123166 -6.836060 5.644765 -0.866672 1.706911 -1.456651 -4.764900 8.428926 -2.447966 3.658843 -1.585728 -2.949771 -5.894064 6.595151 -0.000000 0.000002 0.000001 3.389954 0.164661 3.635878 0.453497 1.333088 3.857410 -8.573829 -3.105131 -5.914230 0.000001 -0.000002 -0.000002 -5.656210 -0.770216 -1.243314 -18.842655 2.698200 10.242166 11.705900 -29.757150 -14.707945 0.000002 0.000007 -0.000004 -7.378436 0.084470 18.410321 -8.878553 1.591408 -78.451983 32.201449 -4.380932 -6.277752 -0.000000 0.000002 -0.000004 -9.429191 -0.834146 11.290395 13.220447 2.747494 -1.090626 -21.309149 -17.167175 -4.822702 -0.000000 -0.000001 -0.000000 
-7.554398 100.599861 -2.209132 0.827215 5.197278 -6.855155 6.512778 -0.947763 1.749099 -1.293677 -4.822210 8.369827 -2.671265 3.462680 -1.603834 -2.225690 -6.089925 6.156642 -0.000001 0.000004 -0.000000 4.755260 -0.253610 4.546313 3.641327 -0.291812 3.430082 -7.842740 -1.170301 -9.907521 0.000004 -0.000002 -0.000002 -5.411596 -0.397151 -0.724689 -17.842624 2.686520 10.753312 12.079942 -26.830942 -13.675960 0.000002 0.000003 -0.000007 -7.458968 0.021844 18.411975 -10.161549 3.566609 -78.475609 33.182698 -4.494676 -6.484058 -0.000000 0.000001 -0.000004 -9.264152 -0.864634 11.562826 13.641642 3.085623 -1.237972 -21.581847 -17.488623 -4.864494 0.000004 0.000003 0.000001 
-7.552902 100.499023 -2.204776 0.859138 5.312359 -6.779400 6.835438 -0.957519 1.754846 -1.661406 -4.591695 8.174441 -2.547983 3.090768 -1.568328 -2.250091 -6.113891 6.112661 -0.000003 0.000003 0.000002 5.819456 -0.731978 4.686607 5.940191 -1.025603 3.263241 -8.409968 -0.676256 -11.949347 0.000001 -0.000003 0.000001 -5.621853 -0.171334 -0.800995 -17.587935 2.425026 10.608913 12.275924 -26.638175 -13.624336 0.000003 0.000002 -0.000005 -7.278449 0.089415 18.276601 -9.590307 2.613138 -78.454490 33.436518 -4.726107 -6.599806 0.000002 -0.000004 -0.000000 -9.492254 -0.901835 11.716518 14.161219 3.221940 -1.542233 -21.454597 -17.341823 -4.769429 -0.000001 -0.000002 -0.000000 
-7.559296 100.392723 -2.210900 1.132650 5.249661 -6.842206 6.383140 -0.849791 1.643581 -1.155947 -4.876794 8.388195 -2.892806 3.358332 -1.735772 -2.021040 -6.380973 6.005589 -0.000002 0.000005 0.000003 7.462964 -1.359017 5.254201 7.443705 -2.085795 2.828933 -8.542557 0.224122 -14.586333 0.000001 -0.000002 0.000003 -5.812205 -0.026179 -0.667462 -16.700945 2.139282 10.459268 12.423510 -25.541598 -13.138568 0.000003 0.000004 -0.000004 -7.891137 -0.102181 18.476106 -9.794765 3.025368 -78.467467 33.582107 -5.108234 -6.899729 0.000003 0.000005 -0.000005 -10.204712 -0.900793 12.009476 14.513346 3.304484 -1.855351 -21.267947 -17.397381 -4.979261 0.000006 0.000000 0.000001 
-7.569812 100.287987 -2.212369 0.964239 5.271671 -6.969306 6.897843 -0.933352 1.590247 -1.049314 -4.947096 8.494083 -3.123963 3.306382 -1.722824 -2.062004 -6.194182 5.965679 -0.000002 0.000004 0.000005 7.988057 -1.257041 5.374372 9.520123 -2.589374 2.062202 -10.140374 0.123255 -14.824639 0.000000 0.000005 0.000001 -5.924338 0.319004 -1.036278 -17.129819 1.789797 9.900418 11.509948 -25.375842 -12.924169 0.000002 0.000003 -0.000007 -8.269426 -0.189039 18.830015 -10.102308 3.703877 -78.390334 33.675295 -5.268292 -6.966055 -0.000000 0.000000 -0.000001 -10.038496 -0.951765 12.515881 15.182647 3.301005 -2.315117 -22.125981 -17.648531 -4.854174 -0.000001 0.000000 -0.000001 
-7.579258 100.181618 -2.218411 1.304707 5.186143 -7.037062 6.421836 -0.881472 1.589223 -0.567458 -5.114634 8.576615 -3.461909 3.236954 -1.859601 -2.008847 -6.130977 5.953052 -0.000006 0.000003 0.000003 9.036587 -1.405048 5.549607 11.112916 -2.841158 1.721488 -11.347933 0.431499 -15.887088 0.000004 -0.000001 0.000001 -6.105580 0.478517 -1.324729 -17.433515 1.860063 9.755910 11.165283 -26.007661 -13.165754 -0.000000 0.000005 -0.000002 -8.608080 -0.245110 18.989756 -9.037355 2.003164 -78.472713 33.618014 -5.377495 -6.950701 0.000002 0.000002 -0.000004 -11.066989 -0.992842 12.587117 15.989901 3.277286 -2.302869 -22.199822 -17.655045 -4.761070 0.000004 -0.000000 -0.000000 
-7.597325 100.096375 -2.222721 1.106085 4.654154 -7.008849 7.258798 -1.039948 1.433386 -0.831304 -4.927179 8.465898 -3.337728 3.484590 -1.732847 -2.145902 -5.847006 5.920468 0.000001 0.000003 -0.000001 9.612483 -1.049856 5.477882 11.628890 -2.122019 1.367702 -13.493339 -0.372913 -14.686582 0.000001 -0.000002 -0.000000 -5.866400 0.874794 -1.784096 -19.434204 2.060774 9.538053 10.492307 -28.344378 -14.238453 0.000003 0.000003 -0.000003 -8.397187 -0.166945 19.121369 -9.447622 2.867448 -78.526371 33.263387 -5.170785 -6.735946 -0.000000 -0.000002 -0.000002 -10.429847 -0.971052 12.525295 15.389408 3.012564 -2.562309 -21.979528 -17.216718 -4.463841 0.000004 0.000000 -0.000002 
-7.627565 100.000900 -2.232831 1.325768 4.629769 -7.282696 7.051223 -0.949565 1.445691 -1.141775 -5.008859 8.675340 -3.199633 3.226444 -1.882772 -2.511132 -5.919868 5.998240 -0.000002 0.000006 0.000002 9.675001 -1.383214 5.862167 13.276228 -3.362281 1.391526 -13.225599 0.203810 -16.778189 0.000004 -0.000002 -0.000000 -5.966389 1.063146 -1.371355 -18.466403 1.808146 9.846889 10.713308 -25.352470 -13.244507 0.000003 0.000000 -0.000006 -8.650038 -0.193044 19.392932 -10.548112 4.716423 -78.815404 33.636974 -4.617981 -6.389574 0.000002 -0.000001 -0.000003 -10.359307 -1.005134 12.518531 15.032900 3.045594 -2.053301 -22.160132 -17.392553 -4.344942 0.000003 0.000001 -0.000000 
-7.656042 99.909683 -2.243264 0.397037 3.866281 -7.406595 8.304137 -1.086681 1.131940 -1.186851 -5.026197 8.728322 -3.283074 3.769182 -1.620896 -2.559246 -5.878564 5.843401 -0.000002 0.000002 0.000001 10.369395 -1.294084 6.318238 13.688337 -3.722509 1.130958 -13.368471 0.514214 -17.598802 -0.000001 -0.000001 0.000001 -5.841644 1.464334 -1.290866 -18.775497 1.609604 9.838713 10.796413 -25.025361 -12.999411 -0.000000 0.000003 -0.000003 -8.269408 -0.141602 19.555919 -11.410050 6.164599 -78.871705 33.428517 -4.760689 -6.452427 0.000002 0.000000 -0.000001 -9.516041 -0.983596 12.536548 15.300665 3.077930 -2.068095 -21.751391 -16.862743 -3.848873 -0.000001 -0.000000 -0.000002 
-7.691072 99.812309 -2.256949 1.414280 3.892332 -7.771005 6.799741 -0.870085 1.299617 -0.440270 -5.441295 9.090505 -3.475843 4.476074 -1.800094 -2.416350 -6.467160 6.213561 -0.000001 0.000006 0.000002 11.329832 -1.838036 6.533261 13.783364 -4.362528 0.943650 -13.911993 0.056847 -17.642508 0.000003 -0.000002 -0.000000 -6.238037 0.417365 -1.258582 -17.948784 1.897060 10.131883 10.696148 -24.217059 -12.528901 0.000004 0.000002 -0.000003 -9.756387 -0.449707 19.523479 -12.567971 8.213629 -78.751036 33.008030 -5.009817 -6.664885 -0.000000 -0.000001 -0.000003 -11.044604 -1.070283 12.663452 16.112018 3.011380 -1.536348 -22.535057 -17.228855 -3.955561 0.000004 0.000000 0.000002 
-7.732512 99.718636 -2.267567 2.386213 4.102871 -8.007947 5.412684 -0.668678 1.339027 0.444801 -5.746186 9.242726 -3.772345 4.623082 -1.881114 -2.132007 -6.854139 6.442453 -0.000001 0.000000 0.000003 11.380035 -1.856395 6.585243 13.319286 -4.242754 1.000212 -14.324181 -0.375337 -17.281980 0.000003 -0.000003 0.000001 -6.267381 0.130697 -1.237057 -17.954875 1.851368 10.162840 10.546080 -23.477237 -11.983044 0.000005 0.000002 -0.000003 -10.762192 -0.684989 19.316967 -13.973655 10.541610 -78.432988 33.284567 -4.911100 -6.565384 -0.000001 -0.000006 -0.000003 -12.044864 -1.060357 12.617390 16.305361 2.950972 -0.906010 -22.568297 -17.461898 -4.270364 0.000005 0.000001 0.000000 
-7.772730 99.626457 -2.281857 2.370493 3.942835 -8.288225 5.470090 -0.678766 1.447675 0.451752 -5.841776 9.351209 -3.812440 4.470227 -1.929699 -2.061624 -6.932128 6.327424 -0.000002 0.000004 0.000001 11.082601 -1.811002 6.764427 14.227877 -5.097430 0.900887 -13.803620 -0.161164 -18.110294 0.000002 0.000000 -0.000002 -6.461230 0.624145 -1.111916 -17.572052 1.989471 10.530384 10.722831 -22.533253 -11.313270 0.000001 0.000002 -0.000003 -11.092693 -0.720060 19.367322 -14.259887 11.100936 -78.257992 33.328014 -4.712690 -6.342501 -0.000000 0.000000 -0.000005 -12.157726 -1.151105 12.827532 16.491167 2.863096 -0.774849 -22.202981 -17.196340 -4.112814 0.000004 0.000000 -0.000001 
-7.811665 99.536163 -2.295169 2.081997 3.839841 -8.457529 5.761943 -0.779045 1.529663 0.470748 -5.787484 9.325933 -3.817851 4.760506 -1.777846 -1.915318 -6.910501 6.461880 -0.000000 0.000005 -0.000000 11.758620 -1.784119 6.465922 14.525943 -4.610780 0.448180 -15.495391 -1.217147 -16.140990 0.000003 -0.000004 -0.000000 -6.340875 0.309582 -1.570801 -18.516752 2.422628 10.363275 9.876667 -24.336901 -11.590504 0.000003 0.000000 -0.000004 -11.163656 -0.712102 19.325180 -14.112667 10.807022 -78.100754 33.101767 -4.712736 -6.430509 0.000003 -0.000003 -0.000003 -12.247361 -1.132441 13.004725 16.770515 2.862557 -0.647294 -22.895474 -17.409993 -4.088758 0.000004 -0.000001 -0.000000 
-7.853635 99.453300 -2.318043 1.730478 3.253250 -8.443439 6.087139 -0.793758 1.284073 0.253029 -5.642304 9.258113 -3.610989 4.671379 -1.808759 -2.134823 -6.690031 6.276562 -0.000003 0.000003 0.000003 11.655970 -1.495901 6.508140 14.826047 -4.749238 -0.154925 -15.624210 -1.261388 -15.281059 0.000005 -0.000002 -0.000000 -6.281738 1.108685 -1.760393 -19.410916 2.206851 10.067018 9.553550 -25.419218 -11.646662 0.000002 0.000002 -0.000005 -10.888387 -0.736048 19.515888 -14.513160 11.522497 -77.927247 32.325503 -5.158254 -6.707887 0.000003 -0.000001 -0.000003 -11.346649 -1.036031 13.041013 16.363279 2.739558 -0.754454 -22.957936 -17.265023 -3.998347 0.000005 0.000000 0.000001 
-7.892832 99.372704 -2.333116 1.938956 3.512923 -8.465056 5.816017 -0.764279 1.408896 0.775008 -5.739851 9.203818 -4.029722 4.252134 -1.979489 -2.191117 -6.621828 6.108634 -0.000003 0.000007 -0.000002 11.696054 -1.556920 6.511990 15.716830 -4.860830 -0.062144 -15.671797 -0.597764 -16.196909 0.000001 0.000003 0.000001 -6.534110 1.172002 -1.857187 -19.354096 2.048570 9.993360 9.420912 -25.472451 -11.533594 0.000003 0.000003 -0.000003 -11.112829 -0.800086 19.488073 -14.358859 11.331825 -77.850783 32.077973 -5.367701 -6.756605 0.000002 0.000002 -0.000005 -11.508077 -1.055013 13.098762 16.166284 2.640272 -0.741300 -23.244498 -17.380518 -4.161863 0.000006 -0.000001 -0.000000 
-7.927841 99.297394 -2.350992 1.843035 3.269429 -8.532734 6.479645 -0.839932 1.373530 -0.223198 -5.480522 9.172299 -3.277801 3.988550 -2.104932 -2.807275 -6.563466 6.139751 -0.000001 0.000003 0.000003 11.207493 -1.404955 6.531292 15.712268 -5.184453 -0.342264 -14.977418 -0.274520 -16.035534 0.000006 0.000001 -0.000002 -6.797844 1.554197 -1.950651 -19.904705 1.929758 10.154947 9.529584 -26.247126 -11.625999 0.000003 0.000004 -0.000008 -11.051794 -0.778928 19.605430 -12.844990 9.041495 -78.299308 32.852585 -5.182956 -6.477237 -0.000000 0.000000 -0.000005 -11.035800 -1.100009 13.346061 15.865117 2.511664 -1.127405 -22.867564 -17.016890 -4.022768 0.000004 0.000002 -0.000000 
-7.967870 99.219597 -2.367004 2.422633 3.611069 -8.698778 5.544926 -0.729047 1.522525 -0.393744 -5.516462 9.264288 -3.182916 3.684574 -2.223126 -2.121138 -6.995981 6.349509 0.000001 0.000004 -0.000000 11.721153 -1.736318 6.428753 16.364479 -5.315694 -0.191578 -14.880851 0.086657 -16.674693 0.000004 -0.000003 0.000001 -6.933675 0.832268 -1.962971 -19.434806 2.289111 10.337122 9.528825 -25.914294 -11.751182 0.000002 0.000001 -0.000005 -11.836478 -0.910409 19.670625 -13.323725 9.844417 -78.244216 33.124942 -5.512253 -6.777228 -0.000000 0.000002 -0.000003 -11.551144 -1.224016 13.527633 16.022410 2.479921 -1.007307 -22.687759 -17.146935 -4.286979 0.000004 -0.000000 -0.000001 
-8.001063 99.150795 -2.386234 3.093072 4.017195 -8.849449 4.740549 -0.620441 1.666567 -0.350109 -5.733379 9.550032 -3.150282 3.419442 -2.504227 -2.147823 -7.037657 6.356368 -0.000003 0.000004 0.000003 11.355214 -1.934616 6.292489 16.136394 -5.455987 0.037058 -14.254893 0.222800 -16.958827 0.000003 -0.000002 -0.000002 -6.916905 0.846425 -1.793721 -19.344971 2.294878 10.734753 10.043400 -25.956833 -12.221971 0.000004 0.000000 -0.000004 -12.591673 -1.034024 19.554910 -12.713247 8.814359 -78.392936 33.314347 -5.479279 -6.879570 0.000002 -0.000001 -0.000006 -11.958113 -1.326063 13.690182 15.403451 2.477445 -0.942822 -22.952875 -17.524336 -4.525644 0.000002 0.000001 0.000000 
-8.036211 99.091820 -2.400201 2.967857 4.259647 -8.918601 5.284230 -0.687536 1.742915 -0.822886 -5.663008 9.642201 -2.890244 3.333699 -2.660075 -2.357636 -7.054015 6.373953 -0.000001 0.000004 -0.000000 10.941336 -1.732236 6.398013 15.387062 -5.356151 -0.045986 -13.937260 0.197896 -16.481023 0.000001 0.000001 -0.000000 -7.015932 0.915319 -1.802424 -19.471754 2.137558 10.742031 9.616102 -24.254500 -11.584758 0.000001 0.000001 -0.000005 -12.256971 -0.977885 19.576808 -13.009168 9.344339 -78.432620 32.920853 -5.249377 -6.710792 0.000002 0.000001 -0.000004 -12.344063 -1.323227 13.779492 16.019254 2.525801 -0.807519 -23.492156 -17.980161 -4.808270 0.000005 0.000001 0.000000 
-8.070724 99.040741 -2.419093 2.499692 4.238362 -8.947811 6.065907 -0.807924 1.663622 -0.610975 -5.628360 9.548773 -3.136939 3.429837 -2.552003 -2.563958 -6.999972 6.433307 -0.000003 0.000003 -0.000001 10.883505 -1.357989 6.504013 14.465977 -4.912036 -0.273178 -14.072279 -0.360904 -15.043457 0.000004 0.000002 -0.000000 -6.731081 1.308735 -1.895758 -20.396944 2.101375 10.645204 9.488354 -24.922008 -11.662971 0.000002 0.000000 -0.000004 -11.540274 -0.873618 19.757914 -12.964575 9.320961 -78.576620 33.317584 -5.052203 -6.412060 -0.000003 0.000002 -0.000005 -11.755542 -1.261835 13.935130 15.835237 2.471801 -0.980776 -23.540034 -17.839853 -4.763278 0.000004 0.000001 0.000001 
-8.105507 99.000130 -2.442460 2.643217 4.521799 -8.982470 6.340466 -0.853142 1.771604 -0.698445 -5.620878 9.549384 -3.294795 3.434451 -2.547624 -2.691500 -6.946221 6.534837 -0.000001 0.000003 0.000002 10.600499 -1.315748 6.563375 14.094443 -5.317826 -0.388634 -13.479068 -0.531281 -14.897869 0.000002 -0.000005 -0.000002 -6.825627 1.542781 -1.785034 -20.116488 1.607940 10.557826 9.867040 -24.179665 -11.616495 0.000003 0.000004 -0.000006 -11.402668 -0.827955 19.679185 -11.687144 7.060860 -78.945881 34.027907 -4.548838 -6.146136 0.000002 0.000001 -0.000000 -12.126857 -1.274517 13.900285 15.501188 2.553488 -0.677805 -23.123634 -18.083993 -5.109213 0.000003 -0.000000 -0.000000 
-8.133126 98.958229 -2.457548 2.499228 4.374557 -8.961923 6.138951 -0.816769 1.648638 -0.550049 -5.673107 9.578619 -3.277490 3.771521 -2.399021 -2.429287 -6.979238 6.487800 -0.000001 0.000003 -0.000001 11.133783 -1.383834 6.700413 13.986396 -5.536482 -0.719733 -13.110729 -0.278902 -14.873811 0.000003 -0.000001 -0.000000 -6.506689 1.548607 -1.697612 -20.046108 1.582604 10.411837 9.788290 -24.381791 -11.762984 0.000002 0.000001 -0.000003 -11.184611 -0.760436 19.801733 -12.013783 7.609111 -79.157917 34.345767 -4.735708 -6.236081 -0.000003 0.000002 -0.000005 -12.438263 -1.286570 13.851362 16.310649 2.635961 -0.572880 -23.123477 -18.122203 -5.190598 -0.000001 -0.000000 0.000003 
-8.163881 98.919930 -2.464022 2.341359 4.385845 -9.080736 6.098384 -0.810948 1.646952 0.412978 -5.955198 9.637423 -3.858025 4.261568 -2.184115 -2.522851 -6.844669 6.429584 -0.000000 0.000004 0.000001 11.017134 -1.444583 6.539262 13.611594 -5.134364 -0.425165 -13.215263 -0.365653 -14.772791 0.000001 0.000001 -0.000000 -6.222739 1.564909 -1.544087 -20.081974 1.171098 10.184872 9.643537 -23.358140 -11.671180 0.000002 0.000004 -0.000004 -11.366236 -0.808290 19.937418 -12.458252 8.341776 -79.241102 34.754694 -4.842730 -6.338234 -0.000002 0.000000 -0.000002 -12.678805 -1.323583 14.080023 16.982292 2.750371 -0.641249 -22.795637 -18.091361 -5.245686 0.000006 -0.000001 -0.000000 
-8.189957 98.881729 -2.480968 2.357698 4.032754 -9.091078 5.984179 -0.788853 1.472414 0.119610 -5.888820 9.619620 -3.623494 4.576403 -1.963414 -2.473239 -7.003337 6.549466 -0.000003 0.000005 0.000005 11.332332 -1.692149 6.470355 13.943881 -5.208947 -0.122187 -13.236196 -0.171328 -15.735781 0.000004 0.000003 -0.000002 -6.265869 1.360733 -1.494793 -19.450420 1.394848 10.344923 9.689436 -22.313540 -11.213789 -0.000000 0.000004 -0.000002 -11.223611 -0.719111 20.170051 -12.626521 8.586611 -79.324342 33.930601 -4.984820 -6.494688 0.000002 0.000002 -0.000003 -12.369285 -1.391253 14.121526 16.571340 2.761209 -0.907594 -23.440803 -17.654808 -4.358526 0.000004 0.000002 -0.000001 
-8.223022 98.844147 -2.495203 2.825531 4.175262 -9.281112 5.471799 -0.731323 1.666993 -0.564367 -5.785567 9.709017 -2.845761 4.025969 -2.194773 -2.584708 -6.872132 6.406070 -0.000002 0.000004 0.000005 10.848716 -1.680225 6.560398 14.416224 -5.759244 -0.064912 -12.650756 0.256813 -16.671252 0.000004 0.000001 -0.000002 -6.291259 1.729230 -1.299829 -18.877652 1.303827 10.558694 10.172243 -22.346429 -11.148239 0.000003 0.000002 -0.000005 -11.598153 -0.811771 20.324859 -12.238340 7.975635 -79.457203 34.146759 -5.021115 -6.577585 0.000002 -0.000002 -0.000004 -13.082123 -1.453312 14.282929 16.748799 2.764334 -0.771290 -23.139851 -17.779302 -4.607725 0.000002 0.000001 -0.000001 
-8.259487 98.805367 -2.522420 2.922374 4.526633 -9.308798 5.449861 -0.733958 1.748697 0.340872 -6.020592 9.741124 -3.717920 4.224695 -2.173737 -2.844329 -6.882697 6.460364 -0.000003 0.000002 -0.000001 10.999554 -1.635422 6.707462 15.155082 -6.273997 -0.373736 -12.512314 0.318394 -16.557815 0.000001 0.000001 -0.000000 -6.594329 1.697097 -1.445815 -18.738209 0.993513 10.329783 10.180254 -22.779939 -11.116427 0.000002 -0.000000 -0.000006 -11.751983 -0.850643 20.269445 -12.908232 9.139801 -79.202293 34.729060 -5.021382 -6.502501 -0.000002 -0.000002 -0.000004 -12.746542 -1.438738 14.302071 16.534056 2.696823 -0.676173 -23.131274 -17.569936 -4.391544 0.000004 0.000000 0.000002 
-8.287871 98.769829 -2.545572 2.477385 5.032382 -9.193396 6.187351 -0.831633 1.828512 0.070241 -5.946910 9.733668 -3.783706 3.963082 -2.337689 -2.535953 -7.044157 6.474388 -0.000002 0.000005 -0.000000 10.877524 -1.608154 6.785385 15.137866 -6.420327 -0.445419 -12.475993 0.261911 -16.514559 0.000002 -0.000002 -0.000000 -6.618789 1.689354 -1.377941 -18.528959 0.925107 10.252056 10.157344 -22.737951 -10.966701 -0.000001 0.000004 -0.000004 -11.345464 -0.745941 20.018330 -13.177749 9.572355 -79.089807 34.682488 -5.101551 -6.564713 0.000002 -0.000003 -0.000005 -12.177298 -1.375846 14.122332 16.403606 2.659773 -0.376393 -22.982212 -17.641947 -4.554946 0.000004 0.000000 -0.000001 
-8.321294 98.737564 -2.562555 3.008436 5.335509 -9.310901 5.421364 -0.735941 1.870961 0.249900 -6.053340 9.815012 -3.723871 3.671534 -2.337731 -2.738486 -7.063985 6.483163 -0.000002 0.000003 0.000003 11.158746 -1.805025 6.752327 14.649446 -6.321934 -0.409683 -12.382425 0.256455 -16.484440 0.000003 -0.000002 -0.000000 -6.507548 1.228425 -1.265703 -18.438384 1.141724 10.420435 10.033725 -21.931562 -10.866864 0.000000 0.000002 -0.000005 -11.752884 -0.825497 19.882298 -12.637176 8.731078 -79.204212 34.623417 -5.158873 -6.589090 -0.000000 0.000002 -0.000004 -12.648724 -1.430750 14.256493 16.563077 2.573207 -0.344453 -22.597681 -17.673103 -4.861124 0.000001 0.000001 0.000002 
-8.348775 98.707802 -2.583174 2.854278 4.841125 -9.448319 5.894628 -0.808236 1.821355 -0.571269 -5.894766 9.899384 -3.027453 3.843476 -2.269498 -2.902845 -7.016696 6.545183 -0.000001 0.000003 0.000002 11.499931 -1.819443 6.673149 14.217967 -6.100224 -0.691969 -12.620141 0.148986 -15.902811 0.000002 0.000001 -0.000000 -6.285616 1.129235 -1.320247 -19.158903 1.547964 10.596851 10.043228 -23.413079 -11.285844 -0.000000 0.000004 -0.000004 -11.375900 -0.760827 20.100528 -13.392857 10.009106 -79.273723 34.792041 -5.406858 -6.741588 -0.000002 -0.000002 -0.000003 -12.618450 -1.409280 14.286604 16.523409 2.535877 -0.264870 -22.777045 -17.715016 -4.806112 0.000004 -0.000001 0.000001 
-8.378274 98.679993 -2.608261 2.319213 4.241353 -9.500024 6.413575 -0.864964 1.704742 -0.027868 -5.949642 9.778793 -3.603273 3.960625 -2.092109 -3.017562 -6.695773 6.407631 0.000001 0.000004 0.000003 11.184030 -1.559278 6.763075 14.516770 -6.068016 -0.502656 -12.201146 0.636748 -16.801816 0.000002 0.000001 -0.000000 -6.075812 1.590712 -1.197395 -19.285601 1.586140 10.662719 10.249899 -23.710080 -11.267888 0.000002 0.000001 -0.000005 -10.846862 -0.628519 20.292074 -13.639607 10.399088 -79.314520 34.550655 -5.625515 -7.008725 0.000003 0.000000 -0.000002 -11.943605 -1.422355 14.328560 16.328076 2.556352 -0.403229 -23.162095 -17.472433 -4.239567 0.000001 0.000001 0.000001 
-8.406982 98.656380 -2.622052 2.320852 4.471031 -9.603809 6.290781 -0.870898 1.820833 -0.249583 -5.915338 9.822997 -3.264994 3.457016 -2.259588 -2.842682 -6.776132 6.413581 -0.000001 0.000005 -0.000000 11.606764 -1.854991 6.589083 14.966392 -5.981596 -0.385779 -11.967451 1.015470 -17.223965 0.000002 0.000000 0.000001 -5.865876 1.454153 -1.163176 -19.360849 1.797469 10.768909 9.956064 -22.731717 -10.916603 0.000003 0.000004 -0.000004 -11.165212 -0.725683 20.220934 -13.828102 10.635164 -79.240296 34.359332 -5.208228 -6.753874 -0.000000 0.000001 -0.000000 -12.157068 -1.397628 14.275538 16.344182 2.522771 0.077522 -22.815721 -17.455996 -4.384579 0.000008 0.000000 0.000003 
-8.438010 98.632996 -2.648856 1.695790 3.977053 -9.727887 6.890983 -0.949865 1.791634 -0.535502 -5.792439 9.687200 -3.112491 3.488087 -2.111931 -2.970963 -6.662543 6.315643 -0.000001 0.000003 -0.000003 11.673515 -1.986547 6.638041 14.816574 -6.284089 -0.347799 -11.466465 1.163763 -17.540691 0.000000 -0.000004 -0.000000 -5.801383 1.540780 -0.976176 -18.747206 1.897526 10.900642 10.195283 -22.742042 -10.909384 0.000001 0.000002 -0.000005 -10.401673 -0.503879 20.509156 -13.350135 9.859259 -79.411754 34.403714 -5.666682 -7.128881 0.000002 -0.000000 -0.000002 -11.472627 -1.493339 14.508025 16.344007 2.515339 -0.268069 -22.195775 -16.798584 -3.932168 0.000000 -0.000000 -0.000000 
-8.465484 98.606194 -2.675837 1.744226 3.970179 -9.784592 6.536252 -0.900007 1.827613 0.044591 -6.001207 9.771741 -3.555819 3.281123 -2.225450 -2.890376 -6.528245 6.172506 -0.000000 0.000003 -0.000001 11.725961 -1.808800 6.881858 14.723887 -6.629364 -0.557516 -10.881252 1.315399 -17.712318 0.000002 0.000000 0.000001 -5.672407 1.910038 -0.894902 -18.464756 1.827637 10.854529 10.327565 -22.553548 -10.675147 0.000002 0.000002 -0.000007 -10.554616 -0.547356 20.491969 -13.689440 10.287803 -79.238958 34.420496 -5.968640 -7.362243 0.000002 0.000003 -0.000004 -11.166395 -1.476674 14.553338 15.832916 2.622509 -0.310815 -22.032295 -16.652524 -3.760096 0.000004 -0.000000 -0.000001 
-8.493073 98.584030 -2.693181 2.208104 4.118547 -9.841071 6.170546 -0.856071 1.794359 0.442403 -6.190037 9.954841 -3.746000 3.138686 -2.386325 -3.066992 -6.528644 6.239287 -0.000003 0.000002 0.000001 11.743918 -1.886098 6.758563 14.546223 -6.368179 -0.612283 -11.056299 1.270040 -17.065706 0.000000 -0.000003 -0.000000 -5.608307 1.739927 -0.930958 -19.105074 2.001885 11.010046 10.240554 -23.319371 -11.214929 0.000001 0.000001 -0.000005 -10.945628 -0.661967 20.304523 -12.590705 8.569916 -79.430811 34.523792 -6.130796 -7.383568 -0.000002 -0.000004 -0.000003 -12.367968 -1.516914 14.631764 16.665071 2.538424 -0.205784 -22.222881 -16.917820 -4.031495 0.000005 0.000001 0.000001 
-8.517195 98.568924 -2.719275 1.912627 3.755256 -9.855210 6.358774 -0.877386 1.712461 0.600629 -6.198591 9.953133 -3.801836 3.295965 -2.446652 -3.023424 -6.605508 6.273957 -0.000005 0.000002 -0.000000 11.791301 -1.705687 6.752680 14.447221 -6.022649 -0.602621 -11.549292 0.582061 -15.881281 -0.000002 -0.000001 0.000001 -5.591648 1.659610 -1.074301 -19.267515 2.192092 10.899743 9.859076 -23.101757 -10.767705 0.000001 0.000000 -0.000005 -10.613979 -0.629622 20.228145 -13.377792 9.895917 -79.167643 34.202070 -5.753340 -7.055525 0.000002 0.000002 -0.000003 -12.109010 -1.430842 14.459579 16.589647 2.462502 0.045420 -22.203393 -16.641005 -3.820078 0.000002 0.000001 0.000004 
-8.539608 98.548653 -2.740419 2.398994 4.042017 -9.930933 5.864974 -0.847216 1.989951 -0.141329 -5.933724 9.852825 -3.168119 2.774516 -2.665952 -3.214584 -6.656468 6.554439 -0.000002 0.000004 0.000001 11.293281 -1.555393 6.649237 14.287132 -5.896941 -0.691109 -11.374165 0.458405 -15.343636 0.000000 -0.000001 -0.000000 -5.907905 1.758863 -1.279998 -19.313311 1.785246 10.529870 9.945946 -24.394128 -10.960104 0.000002 0.000003 -0.000008 -11.527851 -0.866003 19.988730 -13.828162 10.587907 -78.962191 33.960138 -5.953760 -7.265421 0.000003 -0.000001 -0.000001 -11.938924 -1.391333 14.389025 15.829764 2.390176 0.374066 -22.548785 -17.175668 -4.127914 0.000003 0.000001 -0.000000 
-8.556190 98.534203 -2.766457 1.996480 3.855982 -9.916543 6.240205 -0.896320 1.937774 0.297657 -6.054071 9.836976 -3.633444 3.254483 -2.605709 -3.027590 -6.753554 6.561155 0.000001 0.000003 0.000003 11.560817 -1.725925 6.608018 13.846051 -5.717425 -0.616283 -10.952076 0.591667 -15.194412 -0.000001 0.000000 -0.000002 -5.732372 1.680517 -1.168678 -19.533431 1.755215 10.654400 10.156975 -24.948205 -11.141280 0.000002 0.000004 -0.000004 -11.267948 -0.809175 19.897687 -14.584851 11.704269 -78.643194 33.504359 -5.472423 -6.985452 -0.000000 0.000001 -0.000004 -11.073174 -1.320194 14.211426 15.037934 2.389319 0.579715 -22.187854 -16.902188 -3.856631 -0.000001 0.000000 0.000001 
-8.574104 98.525749 -2.799077 1.218854 3.339757 -9.940319 7.899873 -1.061329 1.690245 -0.521318 -5.857687 9.797517 -3.496950 3.708409 -2.442786 -3.256518 -6.808248 6.614054 -0.000000 0.000005 0.000002 11.924852 -1.968860 6.958260 14.163258 -5.967270 -0.365007 -10.368837 1.647498 -17.252308 0.000002 -0.000001 -0.000000 -5.856560 1.685348 -0.996914 -19.294277 1.691961 10.972896 10.522943 -24.859163 -10.854300 0.000001 0.000000 -0.000009 -10.352401 -0.611961 20.107454 -15.190677 12.664035 -78.488552 32.768563 -5.394257 -6.886192 -0.000000 0.000000 -0.000005 -10.360333 -1.299526 14.296903 15.407460 2.649968 0.407175 -22.569757 -16.831821 -3.401836 0.000003 0.000001 0.000001 
-8.589178 98.516792 -2.832687 0.880207 3.027636 -10.009510 7.941703 -1.055899 1.555679 -0.437493 -5.878600 9.785831 -3.355419 3.934004 -2.341266 -3.420586 -6.861668 6.742189 -0.000004 0.000003 -0.000001 12.132512 -2.019242 7.026462 14.250675 -5.963942 -0.432192 -10.502471 1.594567 -17.083307 0.000002 -0.000001 -0.000000 -5.788092 1.746448 -1.008536 -19.392925 1.776440 11.001194 10.469120 -25.389613 -10.803011 0.000003 0.000002 -0.000001 -9.943371 -0.526483 20.283466 -15.221271 12.733946 -78.527600 32.306265 -5.176560 -6.688873 0.000002 0.000001 -0.000009 -10.124038 -1.298304 14.415056 15.325896 2.685850 0.249358 -22.721895 -16.792775 -3.268269 0.000006 0.000001 0.000001 
-8.604424 98.506912 -2.848853 1.657841 3.346527 -10.094454 7.353581 -0.995535 1.699562 -0.075760 -6.043754 9.903710 -3.511335 3.835992 -2.491455 -3.289984 -6.824276 6.597168 -0.000001 0.000005 -0.000000 11.671863 -1.888301 6.805060 14.480151 -5.810096 -0.236194 -10.398191 1.694735 -17.200691 0.000002 0.000000 -0.000002 -5.664966 1.721209 -1.005995 -20.153701 1.704468 11.206170 10.689066 -25.950498 -11.171790 -0.000000 0.000002 -0.000010 -10.749018 -0.696257 20.126406 -15.409694 12.976563 -78.382684 32.487860 -5.529509 -7.060378 0.000002 -0.000000 -0.000006 -10.842582 -1.356327 14.460800 15.389864 2.646377 0.453940 -22.628733 -17.013484 -3.678080 0.000003 -0.000000 -0.000000 
-8.612927 98.499100 -2.862265 1.768297 3.894690 -10.146307 7.669444 -1.067899 1.980347 -0.415694 -5.988208 9.958137 -3.464564 3.621368 -2.669702 -3.418259 -6.840631 6.616119 -0.000002 0.000001 -0.000000 11.487337 -1.917557 6.640392 13.411768 -5.599303 -0.381976 -10.459521 1.179373 -16.046976 0.000003 0.000001 -0.000000 -5.403779 1.653528 -0.909806 -20.435139 1.520863 11.093172 10.488456 -25.717506 -11.015057 0.000003 0.000005 -0.000004 -10.827602 -0.694986 19.779543 -14.712630 11.931496 -78.532600 32.460423 -4.929452 -6.509213 -0.000000 0.000002 -0.000005 -11.174439 -1.370079 14.403979 15.469835 2.482182 0.822107 -22.809610 -17.351355 -4.145107 0.000002 0.000002 -0.000000 
-8.626380 98.485146 -2.880194 1.964809 4.099464 -10.397086 6.754510 -0.981608 2.152316 0.039746 -6.196100 10.157500 -3.441800 3.261577 -2.819713 -3.414088 -6.691872 6.563918 -0.000002 0.000005 -0.000000 11.258419 -1.566910 6.641027 13.588386 -5.604143 -0.637485 -10.865806 0.758622 -15.119525 -0.000001 -0.000002 -0.000000 -5.501403 1.965277 -1.148061 -20.329618 1.855866 10.968636 9.918008 -25.674036 -10.457713 0.000005 0.000002 -0.000005 -11.127813 -0.767542 19.901747 -14.673873 11.936603 -78.578990 32.206900 -5.052590 -6.647970 0.000002 0.000001 -0.000004 -11.788842 -1.383751 14.533357 15.636074 2.348240 1.146372 -22.989602 -17.599258 -4.404355 0.000005 0.000002 0.000002 
-8.640161 98.464325 -2.903032 2.448826 4.208193 -10.482753 5.602232 -0.858190 2.075735 0.922029 -6.476269 10.256033 -3.723081 2.780014 -2.834809 -3.631054 -6.452604 6.562333 -0.000001 0.000003 -0.000003 11.112768 -1.293564 6.637913 13.985332 -5.425517 -0.597162 -11.526819 0.495051 -14.968592 -0.000001 0.000005 0.000001 -5.246651 2.185015 -1.133875 -20.481362 1.790389 10.855174 9.539613 -25.070776 -10.140770 -0.000000 0.000004 -0.000004 -12.084981 -0.983279 19.724229 -13.710400 10.270617 -78.855613 32.616752 -5.992447 -7.460293 0.000007 -0.000003 -0.000002 -12.436250 -1.413333 14.536290 16.002969 2.370596 1.361652 -22.822664 -17.512486 -4.345830 0.000002 0.000000 0.000001 
-8.648172 98.444466 -2.919241 2.628095 4.135662 -10.534322 5.500467 -0.827128 2.019981 0.750552 -6.523923 10.426411 -3.415666 3.532356 -2.737638 -3.534837 -6.769852 6.700844 -0.000002 0.000005 -0.000000 11.728249 -1.759495 6.639557 13.099536 -5.454350 -0.707525 -11.323818 0.361357 -14.729609 -0.000001 -0.000002 -0.000002 -5.106849 1.324549 -0.901745 -20.218244 2.293612 11.190218 9.434776 -24.308988 -9.871579 0.000002 0.000002 -0.000007 -12.566489 -1.121703 19.617454 -13.442443 10.002998 -78.847321 32.532905 -6.627191 -7.867713 0.000002 0.000003 -0.000006 -12.683950 -1.400465 14.521582 16.445928 2.246413 1.487963 -22.857522 -17.378590 -4.240872 0.000002 -0.000001 -0.000000 
-8.659406 98.421028 -2.935266 2.421735 4.033285 -10.690320 6.137564 -0.899682 1.962330 0.879499 -6.608642 10.493014 -3.699467 3.546420 -2.650318 -4.004769 -6.643144 6.795117 0.000001 0.000004 0.000001 11.911612 -1.678569 6.777696 13.086798 -5.384675 -0.553100 -11.369452 0.634111 -15.299328 0.000001 0.000001 -0.000000 -4.936894 1.586647 -0.826314 -20.463950 1.988682 11.239898 9.352529 -23.799577 -9.415508 0.000003 0.000001 -0.000009 -12.739769 -1.131902 19.764933 -13.597020 10.262288 -78.852444 32.886551 -6.999799 -8.187757 -0.000002 0.000000 -0.000005 -12.555657 -1.493332 14.729397 16.692801 2.291942 1.370970 -23.169450 -17.404662 -4.139651 0.000003 0.000001 0.000003 
-8.672843 98.392937 -2.954083 2.048989 3.809463 -10.866134 6.827630 -0.998850 2.020778 0.378192 -6.516367 10.525902 -3.548977 3.586526 -2.575923 -3.900074 -6.541484 6.673403 0.000001 0.000004 -0.000000 12.011319 -1.707042 6.892761 13.206358 -5.688798 -0.544173 -10.967603 0.981775 -15.955163 -0.000001 0.000000 -0.000002 -4.800100 1.954921 -0.664641 -20.205305 2.379472 11.639692 9.274895 -23.152176 -8.535223 0.000002 0.000004 -0.000004 -12.439200 -1.046516 20.115541 -13.908645 10.763747 -78.878808 32.326138 -7.003901 -8.184020 -0.000000 0.000002 -0.000003 -12.473806 -1.562440 14.957184 16.884697 2.337816 1.314866 -23.011722 -17.466452 -4.305152 0.000006 0.000001 0.000003 
-8.688153 98.353935 -2.968448 2.287956 3.651831 -10.958480 6.300406 -0.866043 1.860596 1.024116 -6.782632 10.679285 -3.800970 3.785217 -2.549869 -3.895324 -6.563070 6.592907 -0.000001 -0.000003 0.000002 12.220433 -1.910586 7.236657 13.434338 -6.309412 -0.621052 -10.437475 1.352814 -16.893329 0.000001 0.000001 -0.000002 -5.028324 1.817963 -0.464431 -19.472140 2.695253 12.019276 9.079359 -21.748881 -7.692025 0.000002 0.000000 0.000000 -12.920739 -1.151784 20.174125 -13.645150 10.353707 -79.125604 32.654144 -7.132750 -8.295701 -0.000002 -0.000003 -0.000000 -12.823223 -1.607688 15.051063 17.370797 2.488112 1.391577 -22.718712 -17.378330 -4.176154 0.000001 -0.000001 0.000003 
-8.704145 98.325676 -2.980531 2.551827 3.675505 -10.942644 6.760803 -0.948606 1.889668 0.331633 -6.465317 10.436077 -3.401798 3.806835 -2.441555 -4.082792 -6.635453 6.816650 -0.000003 0.000002 0.000001 11.951550 -1.681661 7.104637 13.103094 -6.114192 -0.746218 -10.543842 1.088764 -16.162541 -0.000000 -0.000004 -0.000000 -5.016514 1.856911 -0.597336 -20.321109 2.499437 11.937740 9.237507 -23.178959 -7.767022 0.000004 0.000002 -0.000007 -13.186864 -1.239403 19.983032 -13.256698 9.687525 -79.307594 32.642447 -6.491997 -7.805024 0.000002 -0.000004 -0.000004 -13.032714 -1.578732 14.976308 17.307093 2.418415 1.534910 -22.576231 -17.250975 -4.113076 0.000003 0.000001 0.000000 
-8.722253 98.291634 -2.995438 2.804270 3.678165 -11.024677 6.463717 -0.925521 1.975895 0.800313 -6.557829 10.483816 -3.687988 3.807124 -2.514278 -4.330173 -6.395857 6.904687 -0.000003 0.000006 -0.000000 11.991606 -1.603156 6.927554 12.680785 -5.701202 -0.682654 -10.368353 1.208267 -15.993240 0.000000 -0.000002 -0.000000 -4.878694 1.747322 -0.709616 -20.974186 2.647576 11.930831 9.007998 -23.185700 -7.577331 0.000003 0.000003 -0.000007 -13.073165 -1.220954 20.073704 -13.813743 10.515916 -79.248595 33.089350 -6.256169 -7.643540 0.000003 -0.000000 -0.000002 -13.194298 -1.576388 15.097455 17.406751 2.492033 1.588099 -22.446320 -17.325376 -4.250732 0.000005 0.000000 -0.000001 
-8.750358 98.255486 -3.016116 3.326564 3.737288 -11.108282 5.871215 -0.835701 1.913417 0.914580 -6.679263 10.626215 -3.770883 4.103986 -2.445060 -4.360657 -6.498717 7.051626 0.000001 0.000005 0.000002 11.740533 -1.663312 6.812700 12.735670 -6.042906 -0.819895 -10.580897 0.667169 -15.554473 0.000000 -0.000001 -0.000000 -4.743258 1.240068 -0.548525 -20.652496 3.101586 12.222062 8.873244 -22.423861 -7.319988 -0.000000 0.000002 -0.000008 -13.777189 -1.349298 19.970548 -14.202741 11.099757 -79.007865 32.887743 -6.209672 -7.600429 0.000002 -0.000003 -0.000002 -13.198714 -1.626326 15.212930 16.745863 2.476915 1.536312 -22.588264 -17.353120 -4.191247 0.000002 -0.000001 -0.000000 
-8.775075 98.220444 -3.033615 3.731895 4.116041 -11.166781 5.383713 -0.782745 2.034208 1.088726 -6.733014 10.664999 -3.936682 4.228602 -2.528485 -4.082536 -6.830707 7.157420 -0.000003 0.000005 -0.000001 11.308746 -1.678826 6.564558 12.557540 -5.641581 -0.629368 -10.707513 0.595727 -15.242452 0.000000 0.000002 -0.000001 -4.514811 1.034694 -0.479360 -20.774512 2.970713 12.089122 8.758162 -22.591382 -7.514525 -0.000000 0.000003 -0.000007 -13.978691 -1.412183 19.829197 -13.191370 9.535971 -79.295307 33.387361 -6.275325 -7.574357 0.000003 0.000003 -0.000005 -13.348164 -1.615311 15.247356 16.223704 2.283629 1.683926 -22.720903 -17.618511 -4.519970 0.000008 0.000000 0.000002 
-8.801431 98.189026 -3.056024 3.926654 3.766402 -11.119150 5.358445 -0.793536 2.038387 1.420666 -6.673301 10.436730 -4.301923 4.519768 -2.267682 -4.120318 -6.650927 7.042497 -0.000003 0.000004 0.000005 11.837010 -1.947750 6.483519 12.881172 -5.775230 -0.867972 -10.452187 1.240315 -15.791281 0.000001 -0.000002 -0.000000 -4.718433 1.427817 -0.649345 -20.871998 2.722901 11.852404 8.779922 -23.268943 -7.827977 0.000003 0.000003 -0.000005 -13.834773 -1.397907 19.841088 -13.362954 9.846026 -79.301864 34.381151 -6.527334 -7.787777 -0.000000 0.000001 -0.000005 -13.627844 -1.588037 15.205181 16.220603 2.275828 1.574722 -22.691500 -17.457702 -4.289435 0.000002 0.000000 0.000000 
-8.835931 98.163643 -3.079059 3.873932 3.688920 -11.079380 5.295818 -0.780182 1.837420 1.520783 -6.604281 10.295383 -4.347563 4.725444 -1.998449 -4.002137 -6.765045 7.052429 -0.000002 0.000000 -0.000003 11.942154 -1.872055 6.300239 13.044085 -5.420338 -1.069563 -11.011596 1.068118 -14.948214 0.000002 0.000003 0.000003 -4.720094 1.359038 -0.872405 -21.170668 2.643481 11.403988 8.095343 -22.650874 -7.780747 0.000003 0.000001 -0.000005 -13.508508 -1.347816 19.965814 -13.655261 10.390927 -79.366532 34.117123 -6.291198 -7.540062 -0.000000 0.000001 -0.000005 -13.952027 -1.544425 15.191056 16.482087 2.179841 1.575069 -22.922981 -17.369977 -4.229156 0.000002 0.000000 0.000001 
-8.869885 98.137451 -3.101015 3.299842 3.514629 -11.080965 6.324594 -0.912341 1.786047 0.714233 -6.327424 10.136305 -3.849885 4.850417 -1.904903 -3.975012 -6.779913 7.062536 -0.000002 0.000004 0.000001 11.851830 -1.729320 6.294605 12.385217 -5.335706 -1.138388 -11.057956 0.560015 -13.952772 -0.000001 0.000003 -0.000004 -4.790804 1.461443 -0.941895 -21.649500 2.765770 11.644494 8.174312 -22.795516 -8.172241 0.000003 0.000003 -0.000005 -12.766484 -1.147896 20.070063 -14.243947 11.333343 -79.287486 33.791562 -6.598224 -7.813365 -0.000000 0.000002 -0.000004 -13.685525 -1.568568 15.330756 16.976871 2.296599 1.393596 -22.274048 -17.062449 -4.191603 0.000004 0.000001 0.000001 
-8.904476 98.106491 -3.127860 3.275999 3.832947 -11.141458 6.308489 -0.898791 1.888561 0.486207 -6.404420 10.309199 -3.790509 4.168018 -2.198667 -3.898929 -6.548963 6.801803 -0.000003 0.000001 0.000002 11.906003 -1.602417 6.565248 12.644819 -5.780089 -1.250366 -10.672288 0.895306 -14.544915 0.000000 -0.000001 -0.000000 -5.031154 1.881565 -0.985617 -21.277147 3.029712 11.861968 8.132360 -21.780983 -8.038013 0.000005 0.000005 -0.000008 -13.179343 -1.186099 19.802412 -14.173812 11.041120 -79.128165 33.464491 -6.484277 -7.797571 0.000002 -0.000003 -0.000003 -14.078576 -1.624737 15.373241 17.353887 2.452684 1.682183 -22.765304 -17.561615 -4.526385 0.000004 0.000000 0.000002 
-8.943520 98.086388 -3.145923 3.201684 3.679857 -11.189358 6.355225 -0.909431 1.798237 0.732902 -6.413061 10.250850 -3.752879 4.793084 -1.958929 -3.807780 -6.596049 6.947757 -0.000002 0.000003 0.000003 11.722328 -1.578970 6.537587 12.163796 -5.646129 -1.401779 -10.872388 0.163837 -13.171819 -0.000001 0.000001 -0.000000 -5.138533 1.475424 -1.022504 -21.066846 3.680142 12.152783 7.221976 -18.893207 -7.382015 0.000003 0.000002 -0.000003 -13.189024 -1.174193 19.898170 -14.468811 11.490336 -78.911170 33.024945 -6.458035 -7.834598 0.000002 -0.000002 -0.000003 -13.469905 -1.633647 15.495148 17.180888 2.493173 1.594220 -22.750310 -17.282523 -3.950291 -0.000000 0.000000 0.000002 
-8.972589 98.071121 -3.157839 3.008932 3.471513 -11.198842 6.717085 -0.951937 1.845493 0.461312 -6.286353 10.123989 -3.501353 4.969019 -1.870496 -3.811756 -6.602181 6.866642 -0.000004 0.000000 0.000002 11.377943 -1.664096 6.450488 11.748192 -5.712073 -1.270427 -10.644526 -0.140413 -12.731964 0.000000 -0.000003 0.000001 -5.178879 1.457532 -0.893608 -20.735155 3.524991 12.195393 7.168457 -17.456847 -7.282939 0.000003 0.000002 -0.000005 -13.223350 -1.154289 19.833556 -15.045682 12.466661 -78.581511 33.249815 -6.169246 -7.593158 -0.000000 -0.000003 0.000001 -12.716870 -1.656149 15.561188 16.799477 2.436190 1.359882 -22.308228 -16.962894 -3.733722 0.000002 0.000001 0.000001 
-9.003710 98.047859 -3.175552 3.075997 3.364374 -11.193896 6.375003 -0.896059 1.708603 0.039982 -6.247912 10.209899 -2.905296 4.861020 -1.883322 -3.789567 -6.697990 6.813303 -0.000000 0.000008 -0.000001 11.289130 -1.409019 6.432067 11.713525 -5.820902 -1.487877 -10.433886 -0.164190 -12.225076 0.000001 -0.000002 -0.000000 -5.006407 1.511009 -0.942136 -20.823008 3.922263 12.306520 6.911464 -16.847652 -7.130164 0.000001 0.000003 -0.000007 -13.527827 -1.182817 19.840108 -16.135770 14.158933 -78.124674 33.159646 -6.666408 -8.020296 -0.000002 -0.000001 -0.000003 -12.930490 -1.666761 15.499473 16.941543 2.409406 1.432283 -22.341528 -16.920250 -3.840919 0.000005 0.000002 -0.000000 
-9.039965 98.017853 -3.183749 3.189048 3.596056 -11.377669 6.434571 -0.913780 1.834538 -0.053572 -6.291030 10.273982 -3.025579 4.588719 -1.952549 -3.598681 -6.694143 6.722908 -0.000001 0.000003 -0.000001 11.005183 -1.321195 6.380208 12.379978 -5.891392 -1.085418 -10.518513 -0.070952 -12.954628 0.000001 0.000004 -0.000001 -5.152896 1.574840 -0.885986 -20.592954 3.985508 12.532633 7.079157 -15.994696 -7.119349 0.000002 0.000004 -0.000008 -13.626962 -1.167543 19.910942 -15.753901 13.484962 -78.478778 33.256099 -6.820900 -8.278703 -0.000000 0.000003 -0.000005 -13.331086 -1.793058 15.727132 17.247642 2.453222 1.524793 -22.108204 -16.898807 -4.041338 0.000001 0.000001 0.000002 
-9.074325 97.990723 -3.193958 3.369381 3.686501 -11.515265 6.107775 -0.893078 1.988209 0.290701 -6.392243 10.272846 -3.179229 4.416159 -1.981368 -3.643164 -6.639246 6.641790 -0.000001 0.000005 -0.000000 10.934685 -1.281952 6.429124 11.853319 -5.899783 -0.951092 -10.229033 0.021944 -13.253826 0.000000 0.000001 -0.000002 -5.273822 1.792109 -0.863077 -20.226009 4.286401 12.819701 6.984151 -14.588022 -6.819297 0.000003 0.000002 -0.000003 -13.643893 -1.130486 20.104298 -15.618665 13.258032 -78.599563 33.196171 -6.785901 -8.249210 0.000002 0.000001 -0.000004 -13.087868 -1.868639 15.881279 16.861463 2.388131 1.521812 -21.614117 -16.754514 -4.133017 0.000006 0.000002 -0.000003 
-9.118395 97.954857 -3.202360 3.308920 3.742219 -11.576882 6.109590 -0.865241 1.798420 0.491019 -6.516718 10.392194 -3.466607 4.779576 -1.898970 -3.369387 -6.849170 6.693165 -0.000003 0.000004 0.000001 11.146652 -1.305230 6.449240 12.482300 -6.240510 -1.031452 -10.039481 0.195672 -13.675114 -0.000001 0.000004 -0.000001 -5.214782 1.828169 -0.832206 -20.280770 4.130002 12.771175 7.569990 -16.257011 -7.344079 0.000003 0.000003 -0.000006 -13.464035 -1.072148 20.317979 -14.595675 11.587531 -79.118753 34.188481 -6.943898 -8.358135 0.000002 -0.000003 -0.000000 -12.817130 -1.897396 16.054997 16.826458 2.427554 1.462859 -21.789389 -16.533554 -3.828815 0.000004 0.000002 -0.000000 
-9.162629 97.919952 -3.213194 3.231833 3.524036 -11.458066 6.077147 -0.833739 1.616651 0.496206 -6.426313 10.214933 -3.487713 4.957363 -1.714831 -3.334798 -6.899230 6.717935 -0.000003 0.000005 -0.000000 11.090371 -1.439506 6.339496 12.209127 -6.204473 -0.929838 -10.011505 0.186535 -13.549313 0.000003 0.000001 -0.000000 -5.159964 1.670358 -0.719429 -19.873007 4.028210 12.728594 7.153860 -14.520116 -7.019414 0.000004 0.000002 -0.000003 -13.047845 -0.938828 20.405204 -14.862333 12.071138 -79.185484 34.074513 -6.863761 -8.354078 0.000003 -0.000004 -0.000000 -12.829170 -1.913773 15.930229 17.107761 2.425340 1.439473 -21.603704 -16.398425 -3.768584 0.000003 0.000000 0.000001 
-9.198420 97.895813 -3.218854 3.116568 3.657678 -11.442105 6.327583 -0.871341 1.679759 0.881351 -6.473862 10.134668 -3.838119 5.413965 -1.552355 -2.973878 -7.076200 6.674113 -0.000000 0.000004 -0.000000 11.263937 -1.460292 6.400132 12.432104 -6.613581 -1.182058 -9.679748 0.591492 -13.967365 -0.000000 0.000000 0.000001 -5.225515 1.535009 -0.710069 -19.575049 3.558573 12.446067 7.120429 -14.208406 -7.120445 0.000003 0.000002 -0.000005 -13.197786 -0.943591 20.233358 -14.800704 12.007004 -79.063838 34.031346 -6.858318 -8.324596 0.000002 -0.000000 -0.000002 -12.796671 -1.957727 15.911378 17.329930 2.385714 1.462124 -21.878295 -16.417089 -3.728893 0.000005 0.000003 -0.000000 
-9.244619 97.861946 -3.231178 2.804920 3.760437 -11.451149 6.531164 -0.896907 1.605717 0.940394 -6.434782 10.078387 -4.056160 5.521087 -1.411733 -2.927002 -7.137283 6.746932 -0.000002 0.000004 0.000001 11.487945 -1.652193 6.305176 11.824111 -6.404351 -1.175861 -9.478035 0.519379 -13.654405 0.000004 0.000003 -0.000002 -5.050851 1.760871 -0.669625 -19.421552 3.384486 12.232112 7.079144 -14.061533 -7.050821 0.000003 0.000002 -0.000003 -12.942485 -0.897185 20.310710 -14.903831 12.168073 -79.181857 33.668663 -7.020483 -8.472017 0.000003 -0.000002 -0.000004 -12.607236 -1.966782 16.008227 17.212288 2.384600 1.471877 -22.177399 -16.670680 -3.833411 0.000004 0.000001 0.000000 
-9.291850 97.831177 -3.245059 2.963480 3.852407 -11.394202 6.113471 -0.830660 1.510593 0.846324 -6.458426 10.149985 -3.733185 5.150515 -1.537052 -3.310877 -6.888316 6.564751 -0.000003 0.000002 0.000001 11.266061 -1.630184 6.181990 13.071093 -6.703788 -1.190140 -10.054944 0.661220 -14.368918 0.000002 -0.000001 -0.000005 -4.989398 2.072046 -0.660719 -19.778922 3.287957 12.289156 7.428858 -14.933736 -7.574920 0.000000 0.000003 -0.000007 -13.046272 -0.948503 20.306511 -14.891689 12.173242 -79.184582 33.718646 -6.937143 -8.362564 -0.000000 0.000001 -0.000005 -12.889642 -1.938237 15.984038 17.161159 2.300082 1.558464 -22.334679 -16.887817 -4.133824 0.000004 0.000000 0.000001 
-9.336545 97.810081 -3.262172 3.095198 4.271152 -11.319722 6.030363 -0.823853 1.430475 0.509377 -6.414479 10.214277 -3.325048 4.821837 -1.621604 -3.316955 -6.902233 6.538766 -0.000001 0.000006 0.000002 11.147425 -1.547487 6.086463 13.145491 -6.565807 -1.261633 -10.348693 0.475847 -14.043315 0.000001 -0.000001 -0.000000 -5.179909 1.965210 -0.836095 -20.010684 3.319847 12.169506 7.361856 -15.153306 -7.649836 0.000003 0.000001 -0.000003 -13.377168 -1.055039 20.061483 -15.126446 12.463229 -78.989198 33.364900 -6.520195 -8.107914 -0.000003 0.000003 -0.000007 -12.837427 -1.871371 15.879102 16.893722 2.271054 1.771166 -22.481933 -17.226031 -4.490789 0.000005 0.000003 0.000001 
-9.380968 97.786880 -3.274051 2.932480 4.075619 -11.252553 6.548612 -0.881907 1.343906 0.224381 -6.301611 10.144094 -3.265502 5.096891 -1.584093 -3.429691 -6.992822 6.581709 -0.000003 0.000003 -0.000001 11.150665 -1.598154 6.081355 13.104258 -6.523664 -1.227785 -10.479952 0.365015 -13.854894 0.000000 -0.000001 -0.000000 -5.065630 2.067640 -0.791599 -20.058758 3.085183 12.063898 7.452339 -15.147235 -7.848795 0.000005 0.000002 -0.000005 -13.201481 -1.022085 20.175107 -15.607271 13.313922 -78.728695 33.254176 -6.785140 -8.325895 -0.000000 -0.000001 -0.000003 -12.344318 -1.837561 15.873300 16.861155 2.252911 1.604342 -22.382450 -16.855210 -4.079433 0.000004 0.000002 -0.000000 
-9.418463 97.775124 -3.287070 2.883090 4.021817 -11.222738 6.176640 -0.851047 1.440287 0.860712 -6.401438 10.085205 -3.600261 5.379844 -1.489394 -3.054648 -6.967630 6.543703 0.000001 0.000002 0.000001 11.593482 -1.793409 5.973114 12.718009 -6.262546 -1.218694 -10.771720 0.129969 -13.722315 0.000001 0.000001 -0.000002 -4.747314 1.810434 -0.717951 -19.632262 3.111563 11.760139 7.361006 -15.016683 -7.729859 0.000003 0.000001 -0.000003 -13.137715 -0.986508 20.133524 -16.410863 14.529984 -78.243259 33.132558 -6.824473 -8.328268 0.000002 -0.000003 0.000001 -12.272543 -1.820887 15.734746 16.688077 2.240060 1.669720 -22.151123 -16.617765 -3.859964 0.000001 0.000001 -0.000000 
-9.452032 97.759903 -3.296156 2.542833 3.791868 -11.246484 6.570568 -0.913526 1.513502 0.634281 -6.301976 10.000224 -3.406444 5.400618 -1.501924 -3.356728 -6.800149 6.612094 -0.000000 0.000006 -0.000003 11.403215 -1.764439 5.919116 13.002336 -6.415716 -1.145735 -10.504060 0.456427 -14.323403 -0.000000 -0.000003 -0.000002 -4.566728 1.662509 -0.611382 -19.615204 3.385710 12.034002 7.808074 -15.946858 -8.246002 0.000001 0.000003 -0.000004 -12.836134 -0.876369 20.342274 -16.790014 15.060521 -78.126559 33.435443 -7.071250 -8.581372 -0.000002 -0.000001 -0.000001 -12.034635 -1.844920 15.728874 17.032641 2.359581 1.687768 -22.002882 -16.403258 -3.646117 0.000006 0.000001 0.000001 
-9.477325 97.765671 -3.304722 2.487882 3.477019 -11.078248 6.342740 -0.871270 1.358513 1.206696 -6.443918 10.028231 -3.735901 5.217571 -1.515384 -2.911975 -6.522159 6.281084 -0.000001 0.000004 0.000001 11.702093 -1.619863 6.017765 12.697627 -6.342820 -1.463627 -10.268150 0.546364 -14.034333 0.000003 0.000002 0.000001 -4.556546 2.168708 -0.773938 -19.698641 3.747134 11.966210 7.698650 -16.349079 -8.328220 0.000004 0.000002 -0.000003 -12.936008 -0.914924 20.122159 -17.235977 15.573644 -77.559291 32.984322 -6.978993 -8.482915 -0.000000 -0.000003 -0.000003 -12.122972 -1.787419 15.442117 17.254465 2.427237 1.715755 -21.648732 -16.007597 -3.365534 0.000006 0.000000 0.000001 
-9.488769 97.811913 -3.310247 2.347547 3.553026 -10.848475 6.537493 -0.857581 1.362577 1.197217 -6.434570 9.988579 -3.614684 5.028027 -1.653360 -2.915169 -6.542884 6.303704 0.000001 0.000006 -0.000000 11.444928 -1.921977 6.039247 12.752528 -6.545201 -1.163179 -10.025733 0.678969 -14.929439 -0.000001 0.000000 0.000001 -4.290317 1.978505 -0.407514 -19.003903 3.598588 12.022303 8.319063 -16.031091 -8.820337 0.000002 0.000003 -0.000003 -12.294239 -0.786517 19.891155 -16.434630 14.200727 -77.477138 33.482974 -6.610594 -8.198641 -0.000002 0.000002 -0.000005 -11.769279 -1.687837 15.058356 16.744065 2.521455 1.809043 -21.088966 -15.979088 -3.433090 0.000004 0.000001 0.000003 
-9.491392 97.888077 -3.328752 1.908601 3.689821 -10.696006 6.681110 -0.886468 1.637546 1.582399 -6.440088 9.795986 -3.892488 4.745791 -1.639035 -2.524140 -6.392347 5.977686 0.000001 0.000003 0.000003 11.713296 -2.170435 6.228195 12.451723 -7.230898 -1.480270 -8.946001 1.441687 -16.131114 -0.000000 0.000003 -0.000002 -4.682854 2.415433 -0.391101 -17.545871 3.131925 11.559629 8.464631 -15.249649 -8.569236 0.000004 0.000002 -0.000003 -11.684873 -0.646886 19.578759 -16.774900 14.479714 -76.637762 32.739955 -5.886249 -7.709627 -0.000000 -0.000003 -0.000005 -11.699327 -1.622272 14.614940 16.903325 2.596751 2.118964 -21.064256 -16.006267 -3.393658 0.000004 0.000001 0.000001 
-9.481989 98.032074 -3.356811 0.634942 2.817666 -9.761971 8.280972 -1.075186 1.100420 1.136644 -5.725697 8.817666 -3.970590 4.802753 -1.163142 -2.720755 -6.133809 5.964606 -0.000000 0.000005 -0.000000 11.943160 -2.379224 6.042934 11.757040 -6.566017 -1.409015 -9.310327 1.302296 -15.756529 -0.000002 -0.000004 -0.000002 -4.672160 3.014624 -0.546354 -17.301783 1.850014 10.250034 8.379957 -16.349139 -9.000772 0.000001 0.000001 -0.000005 -9.405108 -0.220430 19.299246 -18.095504 16.290481 -75.197821 31.545905 -5.180631 -6.951271 0.000002 0.000005 -0.000005 -10.338011 -1.316236 13.348859 16.142597 2.393474 1.828974 -20.738870 -15.107011 -2.414369 0.000008 0.000000 -0.000000 
-9.463543 98.256187 -3.381247 0.309310 2.406520 -8.731237 8.829230 -1.191328 0.581342 1.319036 -5.311535 8.235482 -4.331744 4.397552 -1.082214 -3.159198 -5.357064 5.990304 -0.000003 0.000005 0.000002 11.360638 -1.744239 5.335970 11.500716 -5.225627 -1.938812 -12.550827 -0.894821 -12.907688 0.000002 0.000001 -0.000000 -4.677273 3.219683 -1.456234 -18.413555 2.039388 9.000614 7.025453 -18.087453 -9.189186 0.000003 0.000002 -0.000005 -7.505933 0.132093 18.979832 -17.215181 14.802970 -73.984001 29.416300 -4.473508 -6.153531 -0.000002 -0.000001 -0.000003 -10.044636 -1.013986 12.135831 15.193653 2.119079 1.392659 -21.054258 -14.723434 -1.896269 0.000003 0.000000 0.000001 
-9.431590 98.506355 -3.402064 0.953581 2.242346 -7.836616 8.212626 -1.143346 0.493460 1.471904 -4.982162 7.705634 -4.417541 3.669468 -1.298450 -3.656897 -4.665575 5.844490 -0.000001 0.000003 0.000002 10.781201 -1.454612 4.863037 10.931410 -4.651698 -2.417771 -14.138443 -2.279935 -10.820769 0.000004 0.000002 -0.000000 -4.742667 3.237456 -1.944126 -18.535817 2.453917 8.437079 5.948016 -18.147053 -9.035668 -0.000000 0.000004 -0.000006 -7.148589 0.169053 18.427398 -16.433626 13.499552 -72.777400 28.910374 -3.652894 -5.347394 0.000002 -0.000002 -0.000002 -10.623980 -0.778990 10.937884 14.485047 1.896619 1.362545 -20.719369 -14.145371 -1.365000 0.000004 -0.000002 -0.000000 
-9.369886 98.843002 -3.416738 1.840260 1.171450 -6.578559 7.727265 -1.061267 0.190299 1.533925 -4.453643 6.843242 -4.484849 2.771550 -1.492813 -4.961966 -3.438454 5.415262 -0.000002 0.000004 0.000001 10.075944 -1.583964 3.947854 11.610705 -4.063522 -2.297886 -16.943251 -3.583282 -10.190087 -0.000002 0.000003 -0.000002 -4.517132 3.533259 -2.233770 -18.016857 3.103239 8.072734 4.714750 -16.527077 -8.795799 0.000002 0.000003 -0.000005 -6.836082 0.221949 18.027699 -12.657430 7.868033 -70.746908 24.999341 -0.390388 -2.288910 0.000001 0.000003 -0.000008 -10.674314 -0.527657 9.433271 12.201373 1.488585 0.539513 -20.447800 -12.787624 -0.164945 0.000004 -0.000001 -0.000000 
-9.278291 99.238968 -3.431675 3.799833 0.225940 -5.061466 5.652396 -0.773044 0.019557 2.122424 -3.885136 5.517355 -4.388105 1.123578 -1.582083 -7.217422 -2.014530 5.369172 -0.000001 0.000003 0.000002 8.699764 -1.329479 3.183202 13.338637 -4.827492 -2.900405 -18.775078 -4.090005 -10.009787 0.000002 0.000000 -0.000002 -4.848797 3.493941 -2.602390 -16.431075 3.259096 7.467757 3.931271 -16.979461 -9.419205 0.000003 0.000003 -0.000006 -8.806061 -0.145522 17.618427 -10.222193 4.519846 -67.128882 18.719879 7.263827 5.841778 -0.000000 0.000002 0.000000 -12.274857 -0.237662 7.698122 10.227410 1.199827 -0.272353 -18.870168 -10.886807 0.972589 0.000002 0.000002 0.000003 
-9.183193 99.631729 -3.446447 3.118121 -0.657475 -3.628550 7.048261 -0.877679 -0.721431 1.502463 -3.209327 4.689455 -5.074819 1.198580 -1.228919 -7.259284 -1.750838 4.983070 -0.000002 0.000003 -0.000001 8.638537 -2.028892 2.190377 11.959817 -4.338570 -3.163595 -20.343464 -5.424373 -8.921094 0.000001 0.000002 -0.000001 -3.488806 2.443260 -2.089138 -13.393553 2.719985 5.736345 2.446748 -12.400547 -7.725715 0.000002 0.000004 -0.000006 -8.676923 -0.114606 17.131733 -9.241627 3.259894 -63.719497 17.868965 7.210013 5.981958 0.000005 0.000003 -0.000002 -12.563003 0.097121 6.102835 10.174513 1.232994 -0.680734 -18.949890 -9.959767 1.685289 0.000001 0.000002 0.000000 
-9.062239 100.057945 -3.442510 3.079008 -1.890722 -2.092945 6.077376 -0.642137 -1.263081 2.801103 -2.915200 3.546827 -5.405661 -0.672655 -1.446107 -8.667630 -0.135163 4.189216 -0.000000 0.000005 -0.000001 7.738263 -1.885623 2.038648 13.582373 -5.928205 -4.179164 -19.126598 -2.136747 -12.230773 0.000002 0.000001 -0.000002 -2.986004 2.950144 -1.951664 -10.443178 2.540434 4.750590 1.533736 -8.819337 -7.222882 0.000002 0.000001 -0.000003 -10.382305 -0.523960 16.805793 -6.984164 0.962457 -59.180283 14.238273 4.863110 4.299272 -0.000003 -0.000002 -0.000007 -12.992673 0.483370 4.210328 10.646489 1.122201 -1.079440 -19.904095 -8.908854 3.442684 0.000008 0.000001 -0.000000 
-8.910166 100.515259 -3.448275 1.345704 -3.911344 -0.571089 7.668893 -0.903652 -2.262809 2.443307 -2.180430 2.490770 -5.895696 -2.222716 -1.320446 -8.301263 1.443511 2.686578 -0.000002 0.000003 -0.000001 8.051649 -1.976509 1.495426 14.952754 -7.368077 -5.842263 -19.037004 0.329634 -15.043386 0.000003 0.000001 -0.000002 -1.938753 2.367179 -1.755456 -6.293852 3.547409 3.352496 0.605364 -4.111904 -6.912833 0.000003 0.000002 -0.000005 -10.268219 -0.757223 16.016947 -4.330993 -1.764205 -53.187547 11.938940 5.731599 5.551677 -0.000002 -0.000003 -0.000005 -11.371778 1.073295 1.926444 10.052431 1.171499 -1.025247 -18.776593 -6.925717 4.843326 0.000001 0.000001 0.000001 
-8.759231 100.963776 -3.459018 0.367342 -5.516824 0.373562 8.133826 -0.952060 -2.905181 2.477426 -1.966637 2.077392 -6.107292 -3.669879 -1.685308 -7.883567 2.635062 1.417168 -0.000001 0.000006 0.000003 9.893970 -2.972255 1.230082 14.562739 -8.216351 -7.075577 -18.387834 2.837900 -18.348605 0.000003 0.000006 0.000003 -0.686673 2.480617 -1.373630 -2.525850 4.501778 2.228239 0.184131 -0.058092 -6.753494 0.000004 0.000003 -0.000008 -9.962651 -0.782191 15.675228 -2.575156 -3.009252 -47.915508 10.102009 7.891615 8.521519 0.000002 0.000001 -0.000006 -10.392736 1.338724 0.421299 8.861617 0.948623 -1.031725 -17.403044 -4.897898 5.883671 0.000004 0.000001 0.000001 
-8.594995 101.434807 -3.468805 0.382680 -6.791541 1.486671 7.008738 -0.799277 -3.110979 3.406862 -2.028067 1.612072 -6.753702 -4.833663 -2.323187 -8.733778 4.219595 0.517983 -0.000001 0.000003 -0.000003 9.891156 -3.337926 0.388369 14.116609 -9.810096 -9.396599 -16.843803 5.160321 -20.548757 -0.000002 0.000002 0.000001 0.619735 1.358630 -1.009817 1.997918 3.399353 -0.313441 -0.679581 7.426312 -6.860316 0.000003 0.000003 -0.000005 -9.741985 -0.760838 14.547015 -0.481789 -3.602541 -40.179083 6.484632 9.856593 12.177922 -0.000000 0.000000 -0.000002 -9.003585 1.275391 -0.759009 7.177626 0.507979 -2.172328 -14.677682 -2.438458 6.173550 0.000005 0.000001 0.000002 
-8.427311 101.927071 -3.512336 1.326590 -8.399937 2.313505 3.304181 -0.250137 -2.211584 5.451923 -2.225028 0.861653 -7.201100 -6.435150 -3.517771 -9.219087 6.170334 -0.651730 0.000002 0.000000 -0.000001 8.678721 -3.813327 -0.998134 14.812262 -12.386020 -12.457835 -16.074263 6.775764 -21.710137 0.000001 -0.000002 -0.000002 2.146492 0.942076 -0.534582 7.657397 2.854528 -2.889649 -0.735644 14.619298 -8.342139 0.000000 0.000001 -0.000003 -8.643359 -0.817524 12.953962 1.580102 -4.169561 -30.618550 3.130894 10.233106 13.827137 -0.000000 -0.000000 -0.000006 -8.141379 1.503241 -1.771346 6.635185 0.846601 -3.041704 -7.941292 0.626648 4.570699 0.000004 0.000002 -0.000001 
-8.259823 102.404526 -3.546653 1.873563 -10.003638 3.027079 2.214373 -0.061756 -2.050792 5.611024 -1.996655 0.447130 -7.792820 -8.415339 -4.380170 -9.762810 8.137337 -1.832409 -0.000002 0.000005 -0.000000 7.264190 -4.183919 -1.711310 13.843790 -14.469776 -15.193380 -13.756757 9.045576 -23.692702 0.000001 -0.000001 0.000001 3.038957 2.054613 -0.215662 11.800828 1.919053 -4.391593 0.470910 20.036686 -11.205180 0.000002 0.000002 -0.000005 -8.111341 -0.949361 11.872321 3.684216 -4.597694 -22.688201 -1.773346 10.979192 16.692303 -0.000000 -0.000002 -0.000004 -8.112853 1.744445 -2.574098 6.324673 1.424645 -3.926441 -5.410709 1.926092 4.481317 0.000003 -0.000000 0.000002 
-8.082560 102.826416 -3.545019 1.883314 -12.478653 4.157737 0.855220 0.191337 -2.257917 5.707797 -1.638264 -0.388709 -7.672077 -9.802164 -4.969057 -10.259649 9.979790 -3.166938 -0.000003 0.000004 0.000001 5.123370 -4.885913 -3.789512 12.048638 -16.703407 -18.564181 -10.994381 10.886779 -23.980388 0.000000 -0.000001 0.000001 3.584634 1.704699 0.124576 17.475524 0.997159 -5.976657 3.390155 25.756268 -16.739957 0.000002 0.000001 -0.000001 -7.150958 -0.727827 9.644192 7.517626 -5.553045 -14.156536 -6.521234 8.385904 14.412220 0.000002 -0.000003 -0.000003 -6.903940 1.620558 -3.880418 6.477993 1.698378 -4.647607 -7.204701 1.076941 4.943010 -0.000001 0.000001 0.000000 
-7.890195 103.163002 -3.504599 -0.007368 -15.893382 5.177785 0.701285 0.221125 -2.660188 5.128939 -0.829140 -1.351845 -7.095238 -10.242372 -5.280586 -9.081478 12.117300 -5.220786 0.000001 0.000003 -0.000002 3.233385 -6.418859 -6.903943 8.542031 -18.090504 -22.877048 -6.764194 14.295324 -26.697032 0.000004 -0.000002 0.000003 6.542762 0.191912 1.547281 26.603804 -2.439072 -9.084485 10.158957 33.576274 -27.355743 0.000002 0.000002 -0.000005 -4.945146 -0.508991 7.189808 11.068794 -5.644002 -6.039314 -14.677571 5.600998 12.726445 0.000002 -0.000002 -0.000002 -4.911019 1.448289 -5.296887 6.922087 2.066982 -6.381310 -11.784210 -0.206544 7.043539 0.000004 -0.000001 0.000001 
-7.707700 103.478775 -3.451782 -0.943781 -18.092604 5.956864 0.422455 0.282078 -2.817405 5.833242 -0.397957 -2.458160 -7.207816 -10.347538 -5.201432 -8.585592 13.556545 -6.513997 0.000003 0.000003 -0.000002 0.793363 -6.969953 -9.549633 5.013856 -17.962358 -26.130362 -2.573422 16.822051 -27.586613 0.000002 0.000004 -0.000001 8.821771 -0.178630 2.432315 31.889617 -5.347195 -11.137936 16.760840 37.516962 -37.318487 0.000000 0.000001 -0.000003 -3.870978 -0.477697 5.514081 13.733410 -5.371344 0.006924 -20.750707 3.710838 11.306871 0.000005 -0.000001 -0.000003 -4.982693 1.562970 -6.068124 7.867514 2.349221 -7.448837 -15.313583 -1.168074 8.595342 0.000004 0.000002 -0.000000 
-7.522719 103.761635 -3.401563 -1.513795 -20.300227 6.400077 0.054635 0.305725 -2.629468 6.272167 -0.094756 -3.161381 -7.491742 -10.205098 -5.197864 -8.711498 15.085238 -7.277755 0.000002 0.000003 -0.000001 -3.442521 -6.406675 -12.065530 -0.218521 -18.426375 -30.921643 1.973036 17.859959 -26.600290 0.000000 0.000001 -0.000002 11.536441 -0.308210 3.567865 35.506458 -9.051409 -12.814745 17.810128 34.260984 -40.226396 0.000002 0.000002 -0.000005 -1.734728 -0.412651 3.617894 15.093654 -4.520075 5.729438 -26.868976 2.363376 10.346192 -0.000002 0.000001 -0.000006 -4.890554 1.687633 -6.728429 7.870441 2.753609 -8.170242 -17.406768 -1.296716 10.469489 0.000004 0.000000 0.000002 
-7.345303 104.002739 -3.346383 -2.755591 -22.852703 6.445531 1.582430 0.185801 -3.436973 5.283580 -0.055644 -2.384325 -7.663393 -10.016436 -6.043502 -9.805697 15.953124 -7.172422 0.000001 0.000005 -0.000001 -7.960898 -5.963900 -15.295737 -7.120857 -17.778065 -35.597573 4.712007 16.592227 -21.355370 -0.000001 -0.000003 -0.000000 13.247727 -1.830899 4.562886 36.818749 -13.007473 -13.896396 18.093938 28.739414 -41.566373 0.000003 0.000004 -0.000008 1.261644 -0.493305 1.761329 14.465169 -3.258433 10.603278 -30.768049 1.873473 10.648418 0.000002 -0.000002 -0.000002 -3.538988 1.676918 -7.429404 5.972987 2.916760 -8.321067 -17.661039 -0.116672 12.011712 0.000004 0.000001 0.000000 
-7.183276 104.204750 -3.281928 -2.523661 -24.382073 6.836887 0.890718 0.397606 -3.814463 5.032557 -0.172043 -2.061549 -7.485111 -9.761865 -6.657409 -10.030147 16.054568 -7.108755 -0.000002 0.000004 0.000001 -11.390942 -5.297906 -17.332626 -13.653370 -17.122244 -40.200205 7.207521 16.104355 -18.273975 0.000004 -0.000003 -0.000002 14.113786 -3.562095 5.396871 37.478221 -16.219594 -14.441655 15.872345 23.990647 -39.076998 0.000006 0.000003 -0.000006 2.615784 -0.585564 0.210549 13.633347 -2.353452 14.138756 -33.252390 1.689763 10.955437 0.000002 0.000001 -0.000004 -3.618691 1.759729 -7.820491 5.357676 3.209365 -8.725047 -18.513477 0.305306 13.303303 0.000006 0.000004 0.000001 
-7.033793 104.404541 -3.222948 -1.552448 -26.257090 7.891632 0.402899 0.623139 -4.329857 5.858564 0.051798 -3.079545 -8.616044 -10.211175 -6.785878 -11.011118 16.209355 -6.524788 -0.000001 0.000001 -0.000003 -16.039683 -4.442473 -20.276373 -21.573958 -14.830340 -44.150053 12.775215 19.523915 -25.661733 -0.000000 0.000000 0.000001 14.783490 -4.605612 6.060730 37.183502 -20.203327 -14.827830 15.265304 20.488238 -38.907124 0.000002 0.000004 -0.000010 3.118122 -0.721048 -1.987233 11.536258 -1.221852 17.461259 -34.195588 1.771458 11.330972 0.000004 0.000000 -0.000005 -4.690443 2.017952 -8.629676 5.427943 3.520603 -9.371995 -18.207433 1.182542 13.956123 0.000001 0.000003 0.000001 
-6.881431 104.587479 -3.185628 -1.602576 -27.320424 8.446896 1.357397 0.497159 -4.813264 3.559905 0.506163 -2.160452 -7.850473 -10.954525 -8.648677 -11.643762 16.091028 -6.036759 -0.000001 0.000001 -0.000003 -20.808053 -2.695855 -23.076342 -30.154698 -10.298032 -46.803315 18.098010 22.551610 -34.963059 -0.000001 -0.000002 -0.000000 16.530480 -7.245344 7.416359 37.319771 -25.031837 -16.144117 15.770406 17.401188 -40.308850 0.000004 0.000007 -0.000007 4.939598 -1.174171 -4.123987 8.114331 0.085944 20.216040 -35.075313 2.114854 13.449189 0.000002 0.000001 -0.000006 -5.273949 2.391281 -8.930851 6.029907 3.498390 -10.388832 -18.409487 2.121509 14.520711 0.000002 0.000000 0.000001 
-6.734988 104.712936 -3.136097 -1.023268 -28.266270 8.652411 0.606349 0.538695 -4.335770 5.311684 0.589947 -3.354962 -9.401177 -11.512000 -8.754694 -12.397561 15.840467 -5.290972 0.000001 -0.000001 -0.000002 -24.631119 -0.677110 -24.623363 -37.290254 -6.259029 -48.424327 22.651267 24.172663 -43.071207 0.000005 -0.000008 -0.000002 17.593343 -8.375951 8.160304 37.035926 -28.230075 -17.053316 15.750488 14.938940 -39.689311 0.000005 0.000001 -0.000007 5.167239 -1.497058 -4.636890 5.908056 0.712103 21.120080 -34.610894 2.983939 16.152745 0.000002 0.000001 -0.000004 -5.463966 2.662684 -9.173523 5.921097 3.478797 -10.601951 -18.829631 2.735974 15.315972 0.000001 0.000000 0.000001 
-6.577830 104.821236 -3.099176 1.069408 -28.786447 8.831338 -1.706771 0.627847 -2.950378 6.250969 0.757584 -4.322049 -10.058076 -13.016162 -9.331950 -13.885146 15.718758 -4.250613 -0.000000 0.000003 -0.000002 -28.343817 1.925313 -25.946325 -45.219985 -1.154808 -49.151482 26.361940 25.574528 -54.225295 0.000001 0.000004 -0.000001 18.748635 -9.370693 8.643597 36.147837 -31.173205 -18.167799 15.207303 11.737596 -38.756064 0.000001 0.000002 -0.000007 3.662467 -1.515346 -4.297746 4.369001 1.009734 21.350592 -33.745082 4.166482 19.152481 -0.000000 0.000000 -0.000005 -6.562317 2.843535 -8.942716 4.748958 3.235625 -10.210405 -19.071813 3.366262 15.903170 0.000007 0.000003 0.000001 
-6.397149 104.932007 -3.065257 1.864632 -28.635064 8.914928 -3.187546 0.688155 -2.149649 7.475871 0.547007 -4.593374 -11.001965 -14.359750 -10.405940 -14.591820 15.511848 -3.403186 -0.000001 0.000005 -0.000001 -31.853301 4.080326 -26.912306 -53.104219 4.513755 -47.812052 28.243455 26.738594 -67.203037 0.000002 0.000001 -0.000002 20.139912 -11.371148 9.702739 35.363000 -34.573967 -19.504759 14.804672 8.568838 -38.354364 0.000002 0.000004 -0.000002 4.535834 -2.042925 -5.707934 2.100607 1.807206 23.319536 -33.246554 4.694863 20.660841 -0.000000 -0.000002 -0.000002 -7.286850 3.272810 -9.182267 3.823086 2.873921 -8.969205 -18.393742 2.980113 15.226324 0.000004 0.000002 0.000002 
-6.226770 105.039040 -3.045124 2.328341 -28.485473 9.024218 -3.742395 0.759892 -2.201328 7.672290 0.359321 -4.158673 -11.240594 -15.079750 -11.470700 -15.089831 15.234177 -2.667443 0.000003 0.000002 -0.000001 -33.890606 5.541975 -27.668545 -59.415932 9.251383 -46.155147 28.389244 27.906338 -77.185523 0.000003 -0.000001 -0.000000 20.700770 -12.795991 9.970828 35.095756 -36.922049 -21.016499 13.794030 6.513345 -37.573619 0.000004 0.000004 -0.000006 6.371525 -2.633177 -7.422511 -1.033296 2.514086 25.855527 -32.468663 4.791689 20.651565 -0.000003 -0.000003 -0.000003 -8.305988 3.756756 -9.156312 3.609918 2.751519 -8.050262 -17.435916 2.767033 14.427129 0.000006 0.000001 0.000001 
-6.080065 105.136726 -3.019660 2.620762 -28.190422 8.747010 -3.798236 0.851787 -2.800249 8.133178 -0.009762 -3.637271 -11.953259 -15.932818 -11.920078 -15.710497 15.213022 -1.929723 -0.000000 0.000006 0.000002 -34.606168 5.915874 -29.637523 -65.364548 13.232759 -45.789066 23.607526 29.861256 -83.970551 0.000006 0.000001 0.000003 21.591490 -13.781027 10.132364 34.307835 -37.866415 -22.334389 12.457579 3.252901 -36.246277 0.000005 -0.000000 -0.000006 8.866303 -3.139237 -9.134440 -4.514116 2.720726 28.857778 -31.945290 5.005000 20.727087 -0.000000 0.000002 -0.000007 -9.776340 4.058419 -8.135141 4.105584 3.126583 -7.735147 -17.120250 2.002924 13.651848 0.000003 0.000004 0.000001 
-5.948538 105.233482 -3.004814 1.891435 -28.795599 7.958196 -3.471298 0.852780 -3.215059 7.440111 -0.059958 -2.810001 -11.539856 -16.291424 -12.419074 -16.228104 15.450851 -1.599185 0.000003 0.000002 -0.000001 -34.994659 6.296164 -30.981608 -69.464527 16.415429 -45.642712 15.351122 33.155285 -86.727235 0.000003 0.000001 -0.000000 22.922926 -14.063089 10.294737 32.921505 -37.661506 -23.854294 9.870983 -0.071162 -34.373890 0.000000 0.000001 -0.000005 11.283085 -3.417225 -10.054727 -7.668885 3.051712 31.315584 -30.288675 5.089632 19.968767 -0.000000 0.000003 -0.000006 -9.125402 4.029774 -7.720857 2.713668 2.923774 -7.060200 -15.694929 2.371365 12.748346 0.000004 0.000000 0.000001 
-5.826207 105.323822 -2.991450 1.142714 -29.423649 7.122698 -3.655641 0.811202 -2.977683 7.797921 -0.228104 -2.744177 -11.722639 -16.623103 -12.417261 -16.436280 15.679415 -1.573613 0.000002 0.000007 0.000001 -35.238647 6.612023 -31.914991 -71.875877 18.265977 -45.708719 8.025894 36.096454 -88.014214 0.000003 -0.000003 0.000001 23.991198 -14.677730 10.692030 32.131375 -37.105481 -24.469580 8.397521 -2.866340 -33.895196 0.000003 0.000001 -0.000005 12.750635 -3.381070 -10.203898 -9.234715 3.174030 32.445137 -29.747192 5.274407 20.182125 -0.000000 0.000001 -0.000004 -8.353291 3.786473 -7.464049 2.119985 2.680009 -6.713727 -15.058422 2.970125 12.506297 0.000003 0.000003 0.000001 
-5.690802 105.375839 -2.944776 -0.660466 -29.849105 6.013033 -2.204696 0.644523 -3.400643 8.495966 -0.527725 -2.842935 -12.257695 -16.323368 -11.875950 -16.617065 15.177799 -1.603336 0.000001 0.000005 -0.000001 -34.880007 6.415286 -32.949280 -73.304281 19.511786 -46.699137 1.807493 39.288478 -89.624349 -0.000000 0.000003 -0.000004 24.651053 -15.400545 10.882900 32.002834 -37.641121 -25.251209 6.180942 -4.580873 -32.521816 0.000002 -0.000000 -0.000004 14.044481 -3.096218 -10.254364 -8.558516 3.625071 32.563740 -29.805450 5.354360 20.793357 0.000003 0.000001 -0.000006 -7.093620 3.289724 -7.312915 2.602539 2.056920 -7.148270 -15.234611 3.661739 12.196999 0.000004 0.000002 -0.000000 
-5.541797 105.411362 -2.907111 -1.480290 -29.438576 4.722240 -1.458328 0.454804 -3.152014 7.666090 -0.852037 -1.647616 -11.840459 -16.832585 -12.841806 -16.902184 14.997600 -1.389949 0.000001 0.000003 -0.000001 -34.246408 6.041682 -33.798706 -72.819707 20.120989 -49.813765 -4.424235 42.107276 -88.795635 0.000004 0.000007 -0.000001 25.174511 -16.058931 10.903720 31.593952 -38.217664 -26.521700 4.192912 -6.152310 -31.907741 0.000001 0.000001 -0.000003 15.248568 -2.923166 -9.921856 -8.761858 4.059740 33.092608 -30.059406 5.195914 20.938616 0.000002 0.000002 -0.000003 -6.098694 3.030109 -6.804075 2.057406 1.291364 -6.481671 -15.633174 2.487981 10.801066 0.000007 0.000002 0.000002 
-5.412044 105.441902 -2.866347 -2.403237 -29.113575 3.797644 -1.193559 0.335139 -2.939806 7.913513 -1.085446 -1.303414 -11.997915 -16.956474 -12.917901 -16.974688 14.866940 -1.251461 0.000003 0.000004 0.000001 -33.784950 5.993054 -34.257671 -71.954704 20.317892 -52.304899 -9.957635 44.096511 -86.881953 0.000004 0.000001 -0.000002 25.938873 -16.853779 11.228208 30.900715 -38.441514 -27.526917 3.118330 -7.970745 -32.474975 -0.000003 0.000003 -0.000006 16.567595 -2.873858 -9.759581 -8.985984 4.358877 33.449861 -30.232972 4.790515 20.468684 0.000003 0.000000 -0.000004 -4.757920 2.769006 -6.610973 1.247862 0.619355 -6.127606 -15.610612 2.463517 10.229410 0.000004 0.000000 0.000001 
-5.282670 105.465553 -2.825534 -2.879419 -29.322989 3.071371 -1.156138 0.326517 -2.964024 6.971005 -1.220862 -0.374457 -11.275279 -17.105871 -13.643585 -17.027892 14.845312 -1.267278 -0.000000 0.000003 -0.000001 -33.625612 5.945344 -34.309492 -71.168795 20.153738 -53.604974 -16.393791 45.301698 -84.188454 0.000001 0.000003 0.000003 26.398051 -17.352830 11.530499 30.655860 -39.760266 -28.225825 3.161240 -9.335631 -33.861042 0.000006 0.000001 -0.000003 17.425022 -2.805605 -9.460982 -9.898648 4.695910 33.820266 -29.970665 4.708638 20.286456 -0.000003 0.000000 -0.000002 -3.727547 2.541120 -6.516481 0.192823 0.103875 -5.644336 -15.642048 2.322828 9.942700 0.000004 0.000001 0.000002 
-5.164351 105.495552 -2.785116 -3.346790 -29.460272 2.836216 -1.684631 0.432846 -3.183711 7.340319 -1.403584 -0.140621 -11.236283 -17.069073 -13.953387 -16.505410 14.981132 -1.504845 0.000001 0.000003 -0.000002 -33.435265 6.191122 -34.310943 -69.348700 19.927155 -55.529230 -24.123752 46.220355 -79.367030 0.000007 -0.000003 0.000001 27.157078 -17.980674 11.774803 30.080423 -39.502006 -29.212654 2.719352 -11.193546 -35.601214 0.000002 0.000003 -0.000007 18.780838 -3.028029 -9.958826 -11.367963 4.872203 34.627994 -29.679252 4.598971 19.748367 0.000002 0.000001 -0.000004 -2.800914 2.484786 -6.750593 -0.662577 -0.089044 -5.148602 -15.365745 1.946169 9.603217 0.000004 -0.000002 -0.000002 
-5.055885 105.524170 -2.748133 -3.165970 -29.746611 2.731937 -2.496653 0.527290 -3.105992 7.597311 -1.481683 -0.081999 -11.255418 -17.122217 -14.056966 -16.324417 15.325486 -1.565118 -0.000000 0.000003 0.000003 -33.704156 7.441080 -32.987140 -68.132660 19.819997 -56.702468 -31.293659 46.900901 -75.389975 0.000006 -0.000003 -0.000004 27.311801 -18.220009 11.572144 30.131772 -39.908126 -29.892357 2.345336 -11.897288 -36.900814 -0.000000 0.000000 -0.000004 19.369225 -3.144231 -10.236486 -12.252469 4.797323 35.074944 -29.335003 4.680603 19.621858 -0.000002 -0.000002 -0.000003 -2.717756 2.508663 -6.765350 -0.789748 -0.003675 -4.893636 -15.001187 1.786405 9.379026 0.000006 -0.000002 -0.000000 
-4.956276 105.550285 -2.700246 -3.505551 -30.362394 2.668708 -2.966661 0.618895 -3.211881 7.524514 -1.508497 0.051445 -11.144570 -17.127376 -14.193605 -15.798806 15.920375 -2.199658 0.000001 0.000003 -0.000001 -33.948796 8.130914 -32.352212 -67.640388 19.936525 -56.933626 -38.568658 46.861638 -70.711699 0.000003 -0.000001 -0.000000 27.320260 -18.690447 11.539678 30.739785 -40.213531 -30.120011 2.183008 -12.597230 -38.415600 -0.000000 -0.000001 -0.000004 20.337406 -3.276173 -10.805520 -13.195627 4.862491 35.509020 -29.500396 4.580735 19.596885 0.000003 -0.000002 -0.000002 -2.379881 2.414725 -6.945758 -0.858149 -0.063221 -5.095578 -14.712098 2.399509 9.665502 0.000006 0.000001 -0.000000 
-4.858276 105.566154 -2.652787 -3.373091 -31.093658 2.713519 -3.402043 0.696660 -3.336113 7.536720 -1.375863 -0.037742 -10.937189 -16.898096 -14.140355 -15.661958 16.225171 -2.199328 -0.000000 0.000003 0.000003 -34.061911 8.687255 -32.296823 -67.089793 20.187778 -57.790237 -44.406704 46.221755 -66.352160 -0.000001 0.000002 -0.000000 27.126665 -18.541658 10.996614 31.249055 -39.438400 -30.438181 1.852351 -13.025926 -39.329851 0.000003 0.000000 -0.000004 20.195792 -3.350128 -10.918276 -13.349320 4.803717 35.406485 -28.725979 4.929128 20.043890 0.000002 0.000002 -0.000003 -2.401798 2.501655 -7.113005 -0.932417 0.012500 -5.088791 -14.369892 2.673959 9.737019 0.000006 0.000004 0.000002 
-4.767043 105.578934 -2.602721 -3.174228 -31.354499 2.724364 -3.125011 0.678614 -3.605068 6.368430 -1.181835 0.504646 -10.214118 -16.596035 -14.506601 -15.537502 16.165391 -1.941306 -0.000000 0.000001 -0.000003 -33.805328 8.065069 -33.582667 -67.229258 20.484796 -57.605993 -48.372093 44.932563 -62.932045 -0.000001 0.000001 -0.000002 27.387035 -18.647470 11.037773 31.354820 -38.755012 -30.460243 1.717758 -13.136158 -39.581640 0.000001 0.000000 -0.000005 20.009360 -3.392018 -10.962483 -13.375256 4.899763 35.368335 -28.629610 5.039852 20.514068 0.000002 -0.000002 -0.000002 -3.001656 2.577194 -6.904368 -0.349143 0.028103 -5.279008 -14.612355 2.460568 9.753390 0.000000 0.000002 0.000003 
-4.689978 105.572060 -2.556191 -2.929909 -31.475646 2.591168 -3.940389 0.750484 -3.129522 6.815848 -1.189355 0.190092 -10.103306 -16.559259 -14.501144 -15.436144 16.065344 -2.099442 0.000002 0.000000 -0.000003 -34.294168 8.434409 -32.888928 -67.992149 20.685981 -57.006989 -52.807143 43.701138 -60.470554 0.000000 0.000002 -0.000001 27.481777 -18.555023 11.278048 31.780682 -38.709462 -30.007364 2.261472 -13.488982 -40.675559 0.000001 0.000001 0.000000 19.780313 -3.334294 -10.733961 -13.280362 5.044084 35.338326 -28.243292 5.215446 20.703352 0.000003 0.000001 -0.000006 -2.896950 2.586020 -6.825092 -0.596134 -0.001418 -5.253922 -14.168445 2.505726 9.497156 0.000001 0.000003 0.000002 
-4.622907 105.549263 -2.501368 -2.872307 -31.450583 2.464535 -3.987727 0.747691 -3.085530 7.167054 -1.165553 -0.049136 -10.296753 -16.652252 -14.283484 -15.286324 16.050827 -2.002796 0.000002 0.000005 -0.000001 -34.436601 8.692988 -32.759851 -68.163696 20.838267 -57.063929 -55.315154 43.050764 -59.194258 0.000001 0.000003 0.000003 27.361688 -18.416244 11.109968 32.048976 -38.321531 -29.931661 2.564767 -13.020816 -41.021761 0.000003 0.000002 -0.000005 20.314641 -3.423349 -10.814995 -13.923726 4.968586 35.456509 -27.794739 5.469620 21.075807 -0.000003 0.000001 -0.000004 -2.377875 2.550040 -6.972630 -0.952518 0.050117 -5.081252 -14.254252 2.239195 9.452706 0.000006 0.000001 0.000000 
-4.565265 105.527580 -2.454072 -2.875651 -31.366558 2.359938 -4.246394 0.740819 -2.878645 7.805291 -1.286349 -0.263547 -10.630735 -16.536533 -14.212703 -15.020513 15.956403 -2.104398 -0.000001 0.000004 -0.000000 -34.536671 8.654925 -32.949587 -67.966386 20.748440 -57.315628 -56.931491 42.660651 -58.317309 0.000003 0.000003 0.000001 27.528263 -18.536606 11.292060 32.016454 -38.059826 -29.893634 2.750415 -12.580902 -41.056571 0.000002 0.000001 -0.000004 20.795809 -3.527940 -10.872365 -14.762496 5.017334 35.811471 -27.756012 5.501021 21.215123 -0.000000 0.000000 -0.000005 -2.267535 2.547022 -6.880298 -1.284502 -0.084770 -4.929639 -14.098124 2.124102 9.220924 0.000006 0.000001 -0.000000 
-4.510321 105.505470 -2.403324 -2.501842 -31.324678 2.324664 -4.310891 0.718058 -2.704486 8.076560 -1.404857 -0.210433 -11.133600 -16.781573 -14.280752 -14.896544 16.034586 -2.120660 -0.000003 0.000003 0.000003 -34.461545 8.588881 -33.034627 -67.530572 20.732173 -57.708760 -58.921754 42.523720 -57.151809 -0.000000 0.000000 -0.000002 27.276461 -18.334127 10.948676 32.028676 -37.432558 -29.931433 2.484393 -12.372519 -41.554625 -0.000001 0.000001 -0.000005 20.200967 -3.384133 -10.462602 -14.399746 5.080479 35.512343 -27.605789 5.593310 21.317830 -0.000002 -0.000002 -0.000002 -2.513081 2.579265 -6.670667 -1.356124 -0.083327 -4.919639 -14.141799 1.965817 9.238515 0.000006 0.000001 0.000001 
-4.467078 105.493996 -2.368437 -3.037279 -31.585035 2.301073 -3.757477 0.684199 -3.022711 8.358474 -1.430535 -0.411348 -11.472161 -16.120693 -13.810549 -14.634027 15.496487 -2.057821 -0.000001 0.000004 0.000001 -33.734786 7.486284 -34.358689 -67.420032 20.799780 -57.708746 -60.071316 42.556791 -56.346499 0.000001 0.000009 -0.000003 27.274834 -18.651788 10.910099 31.704676 -36.954807 -30.015867 2.164077 -11.935667 -42.018439 0.000003 -0.000004 -0.000005 20.447153 -3.298347 -10.544728 -14.387466 5.217849 35.327405 -27.481210 5.689790 21.414772 0.000002 0.000002 -0.000004 -2.168889 2.465347 -6.876713 -1.297569 -0.195737 -5.003982 -14.325601 2.338948 9.615273 0.000000 0.000002 0.000003 
-4.424236 105.479462 -2.331370 -2.986611 -31.769884 2.319736 -4.016591 0.687476 -2.799930 8.523373 -1.436521 -0.528825 -11.568855 -15.891113 -13.689861 -14.308800 15.676650 -2.395842 0.000002 0.000006 0.000002 -33.687395 7.228685 -34.555891 -67.314738 20.778402 -57.584553 -61.103979 42.640997 -56.126137 0.000007 0.000000 -0.000004 27.140841 -18.574459 10.829495 31.563049 -37.020783 -30.087342 2.148832 -11.749840 -42.388168 0.000003 -0.000001 -0.000006 20.709321 -3.341763 -10.676726 -14.899878 5.324835 35.473011 -27.487652 5.685164 21.500754 -0.000002 -0.000000 -0.000002 -2.018071 2.441296 -6.971060 -1.559438 -0.248822 -5.041967 -14.106003 2.689012 9.833988 0.000004 0.000000 0.000001 
-4.387427 105.460426 -2.290379 -2.883665 -31.993040 2.501980 -4.187553 0.732444 -2.854774 8.799291 -1.550891 -0.564460 -11.743449 -15.658402 -13.675167 -13.971741 15.693698 -2.832545 -0.000001 0.000004 -0.000000 -33.377724 6.596074 -35.219498 -67.431411 20.887644 -57.252558 -62.172125 42.896703 -55.751057 0.000001 0.000001 -0.000002 26.981535 -18.923430 10.832495 31.591951 -36.982353 -30.066127 1.974777 -10.915885 -42.515865 0.000001 0.000001 -0.000002 20.681565 -3.357783 -10.889505 -15.269638 5.396476 35.629504 -27.291093 5.845385 21.778748 -0.000000 -0.000002 -0.000004 -1.977341 2.459282 -7.208975 -1.615523 -0.316751 -5.100299 -13.989833 3.135565 9.981773 0.000004 0.000003 0.000000 
-4.356034 105.449562 -2.261615 -2.566506 -31.904213 2.571177 -4.475547 0.733491 -2.640528 8.468892 -1.612655 -0.251580 -11.482614 -15.196858 -13.925449 -13.767371 15.588577 -2.935496 -0.000001 0.000005 -0.000000 -33.152499 6.253360 -35.870009 -66.851132 20.517455 -57.726662 -63.531339 43.178462 -55.663416 0.000003 0.000005 0.000003 27.161972 -19.635402 11.090439 31.377619 -36.736316 -30.081140 2.194250 -10.801571 -42.962815 0.000002 0.000003 -0.000003 20.220473 -3.215145 -10.659101 -15.320343 5.237133 35.619744 -27.189532 5.982114 21.911892 0.000002 0.000003 -0.000006 -2.249256 2.447599 -7.148818 -1.716551 -0.365977 -4.871084 -14.101801 3.005338 9.834620 0.000006 -0.000000 -0.000001 
-4.332219 105.435295 -2.235827 -2.726540 -32.055516 2.632663 -4.564082 0.754969 -2.680580 9.114981 -1.624888 -0.705627 -11.922455 -15.431609 -13.535369 -13.891128 15.721574 -3.095364 0.000003 0.000004 -0.000000 -33.051173 6.094724 -36.060537 -66.733264 20.533879 -57.537944 -63.428012 44.014846 -56.192731 0.000003 -0.000002 -0.000002 27.043401 -18.903322 10.788394 31.397287 -36.987237 -30.199965 1.961537 -10.185298 -42.496061 -0.000002 0.000000 -0.000007 20.424069 -3.234206 -10.847622 -15.349158 5.251417 35.603170 -27.131217 6.066136 22.144943 -0.000002 -0.000003 -0.000000 -1.979198 2.400469 -7.386874 -1.831255 -0.455840 -4.829314 -14.360007 3.168017 9.996579 0.000003 0.000003 0.000001 
-4.305145 105.411835 -2.201271 -1.328089 -31.532204 2.631070 -5.415778 0.704046 -1.893189 9.080434 -1.811793 -0.309967 -12.086586 -16.699739 -14.528868 -15.781951 15.640102 -1.809584 -0.000000 0.000005 -0.000000 -33.368749 6.607026 -35.592375 -66.123212 20.379382 -58.091339 -63.246514 44.738128 -56.689925 0.000002 0.000003 -0.000002 26.303668 -16.778141 9.746370 31.732075 -36.420566 -30.139665 1.782210 -10.299139 -41.861693 0.000003 0.000001 -0.000007 19.400118 -3.161731 -10.300454 -15.196754 5.290871 35.823386 -27.695574 5.830070 21.950848 -0.000000 -0.000000 -0.000002 -3.168962 2.613163 -6.761694 -1.316628 -0.509711 -4.703629 -15.253607 2.543053 10.182062 0.000004 0.000000 -0.000002 
-4.291356 105.394302 -2.176635 -0.788165 -31.503889 2.524710 -5.497964 0.695886 -1.793916 8.701184 -1.835487 -0.014891 -11.956792 -17.100000 -14.888310 -16.574600 15.396630 -1.244261 -0.000001 0.000004 -0.000000 -33.367878 6.105809 -35.969555 -65.787952 19.929727 -58.489990 -61.938942 45.300147 -58.185275 0.000002 0.000001 -0.000000 26.154203 -16.157982 9.762979 31.666273 -36.135724 -29.825729 2.409759 -10.028891 -41.623265 0.000002 0.000002 -0.000007 19.459151 -3.227503 -10.108326 -15.571486 5.483459 36.027858 -28.365017 5.667282 22.089715 -0.000002 -0.000002 -0.000004 -3.649211 2.690336 -6.364788 -1.258453 -0.651193 -4.706339 -15.651877 2.283638 10.222038 0.000002 0.000001 0.000000 
-4.282667 105.376862 -2.149719 -0.126512 -31.576333 2.331421 -6.151190 0.697068 -1.326824 9.000462 -1.889799 -0.072110 -11.954412 -17.177690 -14.981361 -17.057115 15.255854 -0.787051 -0.000002 0.000004 0.000003 -33.450274 6.387793 -35.519798 -65.350922 19.699242 -59.056186 -62.086105 45.823599 -58.676359 0.000006 0.000002 0.000001 25.951304 -15.795627 9.527770 31.581186 -35.953853 -29.903101 2.399860 -9.921692 -41.538137 0.000003 0.000000 -0.000005 19.033647 -3.105993 -9.608017 -15.421524 5.515920 35.915242 -28.221105 5.596654 21.856182 0.000002 -0.000002 -0.000003 -4.113526 2.716184 -5.830935 -1.434729 -0.736194 -4.690387 -15.630680 2.358614 10.266726 0.000004 0.000002 -0.000001 
-4.277666 105.356934 -2.125281 -0.248224 -31.475913 2.223698 -5.661233 0.682303 -1.639409 8.954475 -1.963313 0.066605 -12.152585 -17.347781 -14.909596 -17.293242 15.197615 -0.694640 0.000002 0.000002 -0.000001 -33.220896 6.188150 -35.789645 -64.925278 19.264006 -59.671367 -61.593628 46.276246 -59.541839 -0.000000 0.000002 -0.000004 25.726946 -15.622277 9.329262 31.793861 -36.339639 -29.896838 2.564010 -9.594650 -41.271497 0.000002 0.000001 -0.000007 18.905750 -2.965200 -9.359076 -14.993040 5.513877 35.653000 -28.264228 5.524415 21.756692 -0.000002 -0.000002 -0.000003 -4.022709 2.638345 -5.812111 -1.421460 -0.892374 -4.653072 -15.879384 2.747765 10.559119 0.000004 0.000002 0.000002 
-4.277064 105.340393 -2.101999 -0.355032 -31.388353 2.052464 -5.237340 0.676250 -1.844706 8.774133 -1.950676 0.187921 -12.154200 -17.507284 -14.882325 -17.375342 15.257499 -0.706729 0.000001 0.000004 0.000001 -32.989540 5.747293 -36.125960 -64.834860 19.082626 -60.068857 -61.737568 46.284644 -59.519908 0.000004 0.000003 0.000001 25.561800 -15.544327 9.278139 31.731563 -36.005694 -29.666766 2.789687 -9.615492 -41.601340 0.000006 0.000001 -0.000005 18.749892 -2.897184 -9.057638 -14.863844 5.537679 35.555195 -28.278791 5.630571 22.051356 0.000002 -0.000001 -0.000001 -4.011692 2.628395 -5.682270 -1.463170 -0.965221 -4.530202 -16.151680 2.821504 10.815056 0.000000 0.000001 0.000001 
-4.278036 105.324448 -2.082865 0.186489 -31.311278 2.032485 -5.791121 0.719855 -1.516952 9.013104 -1.988687 0.064437 -12.219231 -17.465490 -14.790443 -17.675773 15.066434 -0.449001 -0.000000 0.000005 -0.000000 -33.090375 5.451953 -36.255307 -65.172668 18.931155 -59.697192 -61.725171 46.169241 -59.939684 0.000001 0.000002 -0.000001 25.477446 -15.234325 9.392419 31.865052 -36.674175 -29.414257 3.141095 -9.177638 -41.251897 0.000002 0.000004 -0.000003 18.054283 -2.762184 -8.679471 -14.830977 5.576222 35.657938 -28.101890 5.609141 21.964963 -0.000003 0.000001 -0.000004 -4.278032 2.619065 -5.491690 -1.819876 -1.115823 -4.367982 -16.068986 3.090363 10.982459 0.000003 0.000002 -0.000000 
-4.289190 105.309204 -2.064822 0.422594 -31.115962 1.802828 -5.784336 0.711044 -1.387706 8.637343 -2.031691 0.310205 -12.033344 -17.515533 -14.991207 -17.955220 14.742456 -0.118595 0.000003 0.000003 -0.000002 -33.127527 5.456596 -35.949434 -65.525987 18.912374 -59.229871 -62.407247 46.032494 -59.987769 0.000002 0.000003 -0.000004 25.179701 -15.039788 9.303445 32.339105 -37.150751 -29.130999 3.379435 -9.088118 -41.363783 -0.000001 0.000002 -0.000005 17.076395 -2.415314 -7.757658 -13.492193 5.583419 34.819017 -28.483934 5.562946 22.069583 -0.000002 -0.000000 -0.000002 -4.409458 2.510739 -5.103397 -1.772685 -1.092254 -4.507156 -16.195690 3.258009 11.163008 0.000002 0.000003 0.000001 
-4.298833 105.297028 -2.050418 0.594990 -31.091243 1.651407 -6.046332 0.696035 -1.116779 8.979133 -2.021813 0.019589 -12.165221 -17.566809 -14.803069 -18.014619 14.717821 -0.019783 0.000002 0.000003 -0.000001 -33.168481 5.520694 -35.679617 -65.954588 19.175536 -58.677295 -63.081810 45.933818 -59.607915 -0.000001 -0.000003 -0.000004 24.910267 -14.739167 9.047183 32.680447 -37.416080 -29.002469 3.234855 -9.065865 -41.499010 0.000003 0.000002 -0.000007 16.013985 -2.134924 -6.901016 -12.052876 5.519285 33.964393 -28.525385 5.665103 22.305771 -0.000000 0.000001 -0.000004 -4.201853 2.430526 -5.039976 -1.992856 -1.069992 -4.417758 -16.482963 3.321509 11.514380 0.000001 0.000003 0.000001 
-4.313881 105.282372 -2.039176 0.962098 -31.278206 1.651347 -6.310343 0.728510 -1.147542 8.613959 -1.965272 0.093889 -11.789070 -17.257445 -14.686654 -18.021727 14.501188 0.030243 -0.000001 0.000005 0.000002 -33.264831 5.690097 -35.355938 -66.177587 19.339901 -58.193663 -63.381936 45.964892 -59.633152 0.000002 0.000003 -0.000002 25.057432 -15.324282 9.314702 32.596945 -37.348854 -29.035868 3.288389 -9.146274 -41.850488 0.000003 0.000003 -0.000005 15.730342 -2.003066 -6.557338 -12.175440 5.481158 33.780859 -28.344988 5.861790 22.555750 -0.000000 -0.000000 -0.000006 -4.255925 2.431485 -4.921522 -2.456052 -1.069056 -4.383589 -16.303593 3.631641 11.661014 0.000004 0.000002 0.000003 
-4.328179 105.267105 -2.026377 0.859498 -31.315782 1.693888 -6.209786 0.759003 -1.312660 8.503906 -1.930252 0.078673 -11.694256 -17.292649 -14.638562 -17.989368 14.520494 -0.081558 0.000001 0.000005 -0.000000 -33.295984 5.793015 -35.109262 -66.601905 19.504867 -57.545928 -63.753901 45.993852 -59.574126 0.000001 0.000000 0.000001 25.045981 -15.332564 9.357802 32.588161 -37.460589 -28.875304 3.513285 -9.222673 -42.314364 -0.000001 -0.000001 -0.000006 15.941096 -2.000089 -6.674867 -12.228770 5.406613 33.741063 -28.182914 5.871427 22.302653 0.000003 0.000002 -0.000003 -3.771829 2.385347 -5.234520 -3.107367 -1.181720 -4.036018 -16.166305 3.683851 11.615751 -0.000000 0.000000 -0.000001 
-4.337084 105.250046 -2.011610 0.787410 -31.173786 1.651347 -5.921374 0.731852 -1.350601 7.920510 -1.873274 0.416754 -11.522011 -17.421169 -14.897500 -17.820824 14.720752 -0.211279 0.000001 0.000005 0.000003 -33.590071 6.209647 -34.788080 -66.688861 19.681538 -57.129331 -64.128195 45.923207 -59.175598 -0.000001 0.000003 -0.000001 25.078211 -15.337156 9.372116 32.457790 -37.332438 -28.894832 3.623899 -9.298845 -42.481338 -0.000001 0.000002 -0.000005 16.423287 -2.121796 -6.949083 -12.618874 5.417272 34.010630 -27.944631 5.841354 22.071802 -0.000000 -0.000001 -0.000001 -3.367989 2.370928 -5.399300 -3.516955 -1.259126 -3.806341 -16.178442 3.472609 11.544566 0.000000 0.000000 0.000000 
-4.346657 105.239342 -2.003793 0.747775 -31.025653 1.614716 -5.787641 0.709794 -1.351142 8.070855 -1.827979 0.297423 -11.792532 -17.538580 -14.668323 -17.236199 15.211304 -0.814278 -0.000003 0.000005 -0.000001 -33.533562 6.086774 -34.888634 -67.116034 19.951186 -56.569713 -64.298458 45.537305 -59.086088 0.000001 0.000003 -0.000000 25.402172 -16.240061 9.811650 32.019073 -36.794407 -28.897287 3.954605 -9.418296 -43.006115 -0.000005 0.000003 -0.000006 16.685995 -2.178469 -7.012349 -13.061072 5.516152 34.230897 -28.647304 5.611732 22.111412 -0.000003 -0.000004 -0.000002 -3.135085 2.374766 -5.490338 -4.065668 -1.452574 -3.598638 -15.033924 3.624734 10.805335 0.000004 0.000003 0.000001 
-4.347013 105.222687 -1.992691 1.247686 -30.965677 1.790462 -6.482326 0.724807 -0.920394 8.451761 -1.865792 0.059960 -11.699028 -17.093600 -14.735619 -17.855812 14.692183 -0.245237 -0.000001 0.000004 0.000001 -33.482947 5.765135 -35.139015 -67.240077 19.962548 -56.560250 -63.887561 45.643398 -58.890410 0.000003 0.000000 -0.000002 25.231028 -15.909566 9.711901 32.367877 -37.375270 -28.809229 3.579295 -9.231395 -42.661403 0.000003 0.000003 -0.000004 16.332548 -2.136387 -7.150872 -12.995805 5.662370 34.407481 -28.745182 5.491593 21.836461 -0.000002 -0.000002 -0.000004 -3.426004 2.373422 -5.572485 -3.869000 -1.541699 -3.655025 -15.713829 3.465177 11.194135 0.000006 0.000003 0.000001 
-4.336032 105.209175 -1.980024 1.635374 -30.934750 1.950126 -6.849921 0.710279 -0.625763 8.910229 -1.850215 -0.301048 -12.022552 -17.174004 -14.600731 -17.881019 14.709635 -0.239012 0.000003 0.000001 -0.000000 -33.634932 5.904535 -35.084141 -67.442763 19.990222 -56.185409 -63.538948 45.389387 -59.057921 0.000001 0.000000 0.000001 24.950609 -15.838573 9.519592 32.566653 -37.553999 -28.779729 3.780082 -8.945021 -42.662027 0.000001 0.000000 -0.000005 16.232127 -2.148521 -7.442670 -13.476567 5.679028 34.871671 -28.338841 5.525634 21.658561 -0.000001 0.000002 -0.000003 -3.780633 2.379870 -5.578604 -3.836010 -1.545970 -3.763753 -15.691340 3.584461 11.226337 0.000006 0.000002 0.000000 
-4.320692 105.197029 -1.970035 1.619090 -30.687432 2.211738 -6.714839 0.696047 -0.745830 8.466823 -1.807537 -0.059072 -11.855386 -17.540706 -15.053354 -18.456747 14.789935 0.091265 -0.000001 0.000002 0.000001 -33.909980 6.590420 -34.617188 -67.066563 19.965473 -56.354364 -63.778797 45.339875 -58.724034 0.000002 0.000003 -0.000002 24.753724 -15.216070 9.052903 32.480251 -36.963215 -28.924512 3.539922 -9.065933 -42.639724 0.000002 0.000000 0.000000 16.227242 -2.225855 -7.837365 -13.533058 5.632018 35.124302 -28.784825 5.321871 21.553903 -0.000002 0.000003 -0.000008 -3.718819 2.398625 -5.874035 -3.886317 -1.547490 -3.840810 -15.782153 3.478163 11.066419 0.000003 0.000001 0.000001 
-4.305946 105.183578 -1.966480 1.899759 -30.782098 2.337248 -7.217087 0.704780 -0.503467 9.070174 -1.753779 -0.548049 -12.091852 -17.393987 -14.693765 -18.615512 14.800743 0.206506 -0.000000 0.000003 -0.000002 -33.897700 6.477760 -34.873273 -66.902857 19.873245 -56.251870 -63.683099 45.333851 -58.662924 0.000002 0.000005 0.000001 24.733587 -15.384482 9.069544 32.400454 -37.111522 -29.006499 3.568677 -8.747103 -42.842123 0.000001 0.000004 -0.000003 15.788339 -2.155419 -7.657573 -13.125168 5.694296 34.724897 -28.945232 5.318289 21.765911 -0.000003 -0.000002 -0.000004 -3.947389 2.401079 -5.928772 -3.694962 -1.615741 -3.967385 -16.134495 3.530798 11.345489 0.000004 0.000001 0.000001 
-4.288980 105.166603 -1.957081 1.893438 -31.006552 2.437017 -7.419115 0.723313 -0.452114 9.060059 -1.653311 -0.697931 -11.983082 -17.243190 -14.500394 -18.549230 14.967075 0.203046 0.000001 0.000003 -0.000002 -33.972384 6.691890 -34.510292 -66.626057 19.673482 -56.460932 -64.007000 45.293966 -58.813530 0.000003 0.000000 0.000001 24.636117 -15.335561 9.009545 32.320428 -37.203668 -29.042856 3.865389 -8.649343 -43.051567 0.000004 0.000001 -0.000003 16.168612 -2.298913 -7.990457 -13.423397 5.727374 34.879409 -29.275191 5.254649 21.881947 -0.000002 0.000001 -0.000005 -3.737891 2.413517 -6.104122 -4.005894 -1.585918 -3.955104 -16.092306 3.714826 11.626913 -0.000000 0.000002 -0.000000 
-4.273562 105.150696 -1.945258 2.131828 -31.223284 2.420788 -7.795227 0.724235 -0.190408 9.233629 -1.616892 -0.859235 -11.848857 -16.963907 -14.490506 -18.744020 14.874801 0.440103 -0.000001 0.000005 -0.000000 -33.796080 6.410011 -34.804561 -66.696394 19.701209 -56.251539 -64.000034 45.138418 -58.827661 0.000001 0.000003 -0.000002 24.788819 -15.648218 9.213411 32.087863 -36.997806 -29.017311 4.087138 -8.547766 -43.153774 0.000003 -0.000000 -0.000002 16.276993 -2.316821 -7.989390 -13.984801 5.697886 35.068476 -28.631221 5.352261 21.751540 0.000003 -0.000003 0.000001 -3.838771 2.415481 -6.004056 -4.054622 -1.513477 -4.007128 -16.014937 3.886887 11.761964 0.000004 0.000001 0.000001 
-4.257710 105.137245 -1.937350 2.489703 -31.136005 2.394260 -7.944593 0.714300 -0.039102 9.070860 -1.604203 -0.830771 -11.696860 -16.996938 -14.564147 -18.745676 14.886247 0.337960 0.000001 0.000001 -0.000000 -33.774964 6.437422 -34.367436 -66.997496 19.776890 -55.620949 -63.946048 45.646233 -59.534381 0.000003 0.000001 -0.000000 24.543361 -15.383840 9.110179 32.261702 -37.221157 -28.873525 4.227683 -8.298721 -43.037066 0.000004 0.000002 -0.000005 15.806675 -2.280290 -7.723913 -13.784897 5.606706 35.051178 -28.450571 5.346594 21.499684 -0.000002 -0.000000 -0.000006 -4.006457 2.480961 -5.873180 -4.162981 -1.438794 -3.848417 -16.026166 3.633416 11.611198 0.000004 -0.000001 -0.000000 
-4.242827 105.118286 -1.922376 2.628609 -30.897126 2.382867 -8.252778 0.726200 0.073524 8.472705 -1.640383 -0.362243 -11.195115 -16.907339 -15.051787 -18.579489 14.847081 0.280594 0.000003 0.000001 -0.000003 -33.629352 6.323228 -34.274685 -66.888712 19.593897 -56.041712 -63.622003 45.714313 -59.893266 0.000001 0.000002 -0.000000 24.504653 -16.079548 9.304322 32.495865 -37.130992 -28.659774 4.504148 -8.605425 -43.475534 -0.000002 0.000002 -0.000003 15.953689 -2.321276 -7.849112 -13.998892 5.578193 35.306552 -28.742242 5.307090 21.471584 -0.000000 -0.000002 -0.000004 -3.899708 2.461038 -5.850969 -4.467505 -1.440167 -3.723905 -16.101136 3.232841 11.362493 0.000006 -0.000004 -0.000000 
-4.228048 105.100632 -1.909236 2.017824 -30.792504 2.417668 -7.686219 0.738146 -0.292721 8.694969 -1.713712 -0.417020 -11.512626 -16.864099 -14.925370 -18.134147 14.932672 -0.131137 -0.000002 0.000004 -0.000000 -33.683221 6.239337 -34.212257 -66.851925 19.516108 -55.927293 -63.240448 46.045628 -60.297115 0.000001 0.000006 -0.000002 24.440106 -16.053354 9.359284 32.630532 -37.512242 -28.624913 4.526650 -8.406027 -43.416326 0.000001 0.000002 -0.000003 16.135805 -2.360967 -8.051501 -13.640760 5.625503 35.224078 -28.964032 5.231857 21.457282 -0.000002 -0.000002 -0.000002 -3.283106 2.391035 -6.229123 -4.478503 -1.498657 -3.786813 -15.939903 3.305440 11.242765 0.000003 0.000001 -0.000000 
-4.214467 105.086281 -1.897076 2.465581 -31.053899 2.456248 -8.066451 0.766770 -0.144974 8.490478 -1.605638 -0.455427 -11.256989 -16.720815 -14.821036 -17.965681 15.056694 -0.260454 -0.000000 0.000002 0.000001 -33.592151 6.163561 -34.109111 -67.077573 19.618281 -55.645333 -62.639549 46.190701 -60.878180 0.000003 0.000006 0.000003 24.566920 -16.291774 9.562851 32.493177 -37.394442 -28.599044 4.809415 -8.756273 -43.743106 0.000002 0.000003 -0.000004 15.831584 -2.367338 -7.905067 -13.792224 5.627798 35.211329 -28.591001 5.380949 21.599981 0.000003 0.000002 -0.000009 -3.559079 2.444840 -6.131897 -4.515619 -1.436351 -3.834276 -15.873158 3.540942 11.484452 0.000003 0.000001 -0.000000 
-4.202683 105.070381 -1.887989 2.502449 -30.964799 2.463340 -7.794789 0.774008 -0.324673 8.526269 -1.604608 -0.467265 -11.371192 -16.802233 -14.738105 -18.075730 14.943518 -0.173036 -0.000000 0.000003 -0.000001 -33.412165 6.017041 -33.903799 -67.222975 19.605561 -55.690231 -62.836340 46.182970 -61.008691 0.000002 0.000003 -0.000002 24.221973 -15.735258 9.293861 32.796174 -37.398725 -28.410889 4.845197 -8.677807 -43.349698 -0.000001 0.000003 -0.000003 16.089496 -2.447139 -8.037206 -14.299241 5.661584 35.479288 -28.401013 5.349313 21.437932 -0.000000 0.000003 -0.000008 -3.578524 2.470854 -6.157464 -4.611388 -1.509294 -3.728644 -15.931143 3.377910 11.407304 0.000002 -0.000001 -0.000000 
