HIERARCHY
ROOT Hips
{
	OFFSET -10.795721 105.264893 -7.866684
	CHANNELS 6 Xposition Yposition Zposition Xrotation Yrotation Zrotation
	JOINT Chest
	{
		OFFSET -8.803780 10.395981 -0.755867
		CHANNELS 3 Xrotation Yrotation Zrotation
		JOINT Chest2
		{
			OFFSET -13.350775 16.688904 1.517943
			CHANNELS 3 Xrotation Yrotation Zrotation
			JOINT Chest3
			{
				OFFSET -5.886311 13.698364 0.725330
				CHANNELS 3 Xrotation Yrotation Zrotation
				JOINT Neck
				{
					OFFSET -7.956528 14.908005 3.614033
					CHANNELS 3 Xrotation Yrotation Zrotation
					JOINT Head
					{
						OFFSET -4.093830 8.759995 4.041129
						CHANNELS 3 Xrotation Yrotation Zrotation
						End Site
						{
							OFFSET -4.027111 8.781082 4.062328
						}
					}
				}
				JOINT LeftCollar
				{
					OFFSET -9.610012 8.909912 5.483195
					CHANNELS 3 Xrotation Yrotation Zrotation
					JOINT LeftUpArm
					{
						OFFSET 0.302601 -6.512787 16.309246
						CHANNELS 3 Xrotation Yrotation Zrotation
						JOINT LeftLowArm
						{
							OFFSET -22.329681 -24.016525 8.019971
							CHANNELS 3 Xrotation Yrotation Zrotation
							JOINT LeftHand
							{
								OFFSET -20.417427 -21.518562 4.585531
								CHANNELS 3 Xrotation Yrotation Zrotation
								End Site
								{
									OFFSET -4.462334 -4.703026 1.002195
								}
							}
						}
					}
				}
				JOINT RightCollar
				{
					OFFSET -7.512974 11.870392 -2.111353
					CHANNELS 3 Xrotation Yrotation Zrotation
					JOINT RightUpArm
					{
						OFFSET 8.101616 13.712479 -7.404608
						CHANNELS 3 Xrotation Yrotation Zrotation
						JOINT RightLowArm
						{
							OFFSET -12.258217 28.423080 -13.475838
							CHANNELS 3 Xrotation Yrotation Zrotation
							JOINT RightHand
							{
								OFFSET -7.005337 26.731232 11.718435
								CHANNELS 3 Xrotation Yrotation Zrotation
								End Site
								{
									OFFSET -1.531090 5.842377 2.561192
								}
							}
						}
					}
				}
			}
		}
	}
	JOINT LeftUpLeg
	{
		OFFSET 0.704563 1.316849 9.909020
		CHANNELS 3 Xrotation Yrotation Zrotation
		JOINT LeftLowLeg
		{
			OFFSET 40.810616 -16.944374 17.069595
			CHANNELS 3 Xrotation Yrotation Zrotation
			JOINT LeftFoot
			{
				OFFSET 42.169392 14.818993 -1.645628
				CHANNELS 3 Xrotation Yrotation Zrotation
				JOINT LeftToe
				{
					OFFSET 23.422287 -2.586708 2.065205
					CHANNELS 3 Xrotation Yrotation Zrotation
					End Site
					{
						OFFSET 16.013191 -14.577888 9.519547
					}
				}
			}
		}
	}
	JOINT RightUpLeg
	{
		OFFSET -0.704435 -1.316994 -9.909014
		CHANNELS 3 Xrotation Yrotation Zrotation
		JOINT RightLowLeg
		{
			OFFSET -15.495323 -44.756111 -0.893864
			CHANNELS 3 Xrotation Yrotation Zrotation
			JOINT RightFoot
			{
				OFFSET 14.344826 -42.357597 0.800457
				CHANNELS 3 Xrotation Yrotation Zrotation
				JOINT RightToe
				{
					OFFSET -17.880032 -15.470146 -0.732285
					CHANNELS 3 Xrotation Yrotation Zrotation
					End Site
					{
						OFFSET -23.204166 -0.920734 -4.502790
					}
				}
			}
		}
	}
}
MOTION
Frames: 265
Frame Time: 0.033333
-1.354632 105.734085 -1.111724 34.953415 78.677659 -67.364394 -7.009859 -7.747076 2.683771 -1.613656 -0.949049 3.406965 -25.002403 25.305904 15.996959 -8.557961 -15.518842 -1.136195 -0.000001 0.000001 0.000000 4.786663 13.115097 14.790349 9.520270 9.555814 46.058329 -7.719228 -26.424885 -6.414970 0.000005 0.000003 -0.000003 -55.487005 -12.235538 -20.062701 -76.330308 -23.893550 -32.638462 -31.839852 -42.941020 23.556716 -0.000002 0.000002 -0.000001 13.898396 1.627367 -26.607209 -11.298770 -14.635678 -35.727668 15.927837 -12.547159 -30.406131 -0.000001 -0.000002 -0.000003 -3.829617 -3.006627 56.468473 -0.668175 -11.218468 -25.332897 -1.100826 16.894406 9.811788 -0.000000 -0.000003 0.000001 
-1.351884 105.741089 -1.119611 34.336105 78.492206 -66.998992 -6.999844 -7.755023 2.728276 -1.326208 -0.788398 4.270930 -24.962057 25.462252 15.288602 -8.538962 -15.251295 -1.529836 0.000001 0.000001 -0.000002 4.824040 13.315374 14.948140 9.499511 9.318459 45.959475 -8.043808 -26.563241 -6.654798 0.000006 0.000004 -0.000002 -55.663631 -12.208644 -19.625437 -76.356263 -24.012766 -32.386360 -31.446184 -42.934549 23.580069 0.000001 -0.000001 0.000000 13.908716 1.590818 -26.721290 -11.167905 -14.652789 -35.284026 15.695066 -12.841403 -30.610599 -0.000007 -0.000002 -0.000003 -3.837717 -2.978870 56.341127 -0.609161 -11.138071 -25.036852 -1.068166 16.835865 9.575445 0.000003 -0.000000 0.000000 
-1.349054 105.750938 -1.129929 34.335491 78.535277 -67.096930 -6.992733 -7.708651 2.515714 -1.036939 -0.739950 5.523773 -24.663919 25.614429 14.306252 -8.573041 -15.042438 -1.874613 -0.000001 -0.000000 -0.000001 4.964091 13.363121 15.036202 9.483789 9.127876 45.797064 -8.244980 -26.656719 -6.984803 0.000001 0.000001 0.000003 -55.959890 -12.102957 -19.133363 -76.205554 -24.067018 -32.170649 -31.284531 -42.881526 23.628186 -0.000000 0.000003 -0.000000 13.882474 1.491346 -26.863329 -11.065650 -14.513981 -35.067906 15.604120 -12.778679 -30.458887 -0.000002 0.000000 -0.000001 -3.885924 -2.978007 55.982474 -0.383901 -11.063296 -24.475655 -1.096307 16.722538 9.662809 0.000001 0.000000 -0.000001 
-1.341804 105.754738 -1.142654 34.675552 78.535455 -67.201856 -6.935199 -7.726691 2.825234 -1.292085 -0.815835 4.618766 -24.839381 25.484240 15.102212 -8.693547 -15.088316 -2.014105 -0.000001 0.000000 -0.000002 5.191006 12.886950 15.091072 9.653874 8.836918 45.635926 -8.482646 -26.584498 -7.213978 0.000004 0.000003 0.000001 -56.160284 -12.147647 -19.454136 -75.961655 -24.298108 -31.879522 -31.120056 -42.865830 23.583322 -0.000002 0.000001 -0.000002 13.893340 1.334998 -27.210946 -11.023083 -14.500265 -34.633430 15.712147 -12.857613 -30.609370 -0.000005 -0.000001 -0.000004 -3.824328 -2.923124 56.009655 -0.521833 -11.114397 -24.745033 -1.167344 16.899922 9.688252 -0.000000 -0.000001 -0.000000 
-1.330996 105.756584 -1.154016 35.516202 78.687099 -67.820001 -7.079745 -7.792722 2.480118 -1.216570 -0.772196 4.789397 -24.771966 25.432674 15.073599 -8.772962 -15.231064 -2.090176 0.000001 -0.000000 -0.000001 5.251895 12.779424 15.036084 9.757875 8.838999 45.490235 -8.268973 -26.596693 -7.302747 0.000002 -0.000001 0.000001 -56.125451 -12.096815 -19.492673 -76.124985 -24.131816 -32.393617 -30.722652 -42.742070 24.363449 -0.000000 -0.000003 -0.000006 13.917976 1.278341 -27.347579 -10.997770 -14.528485 -34.395084 15.821189 -12.965033 -30.902272 -0.000002 -0.000005 -0.000010 -3.814702 -2.926187 55.845160 -0.667757 -11.115269 -24.974547 -1.132175 16.717230 10.003288 0.000001 0.000001 -0.000000 
-1.319290 105.765915 -1.165271 34.283643 78.373388 -66.638713 -7.041701 -7.739067 2.397986 -1.138482 -0.737504 5.079762 -25.061016 25.808338 15.035936 -8.814979 -15.239108 -2.103707 -0.000001 0.000001 -0.000002 5.331787 12.938663 15.062959 9.613049 8.831365 45.473835 -8.232097 -26.634510 -7.364225 0.000002 0.000001 -0.000001 -56.107484 -12.152734 -19.967233 -75.967427 -24.189344 -32.189111 -30.915362 -42.788861 24.240271 -0.000000 -0.000003 -0.000002 13.990235 1.259647 -27.454572 -11.008627 -14.535445 -34.640886 15.526929 -13.078643 -30.757424 -0.000005 -0.000001 -0.000003 -3.759671 -2.859620 55.855204 -0.629148 -11.050775 -24.895126 -1.318017 17.142585 9.667317 0.000001 -0.000001 -0.000001 
-1.311038 105.769669 -1.175164 36.046914 78.679661 -68.447409 -7.113251 -7.844210 2.497054 -1.143507 -0.870131 5.379961 -24.669375 25.744356 14.649709 -8.850406 -15.161937 -2.121845 -0.000001 0.000001 -0.000002 5.344212 12.789267 15.202172 9.734620 8.515596 45.411045 -8.604206 -26.600722 -7.450735 0.000003 -0.000000 0.000004 -56.263454 -12.225862 -19.860295 -75.971094 -24.403591 -31.916439 -30.358780 -42.795271 24.515796 -0.000002 -0.000005 -0.000001 13.846607 1.189653 -27.330999 -10.986652 -14.530025 -34.532361 15.694520 -12.914964 -30.706232 -0.000003 -0.000003 -0.000005 -3.916203 -2.965312 55.954112 -0.612207 -11.070148 -25.000301 -1.189164 16.808313 9.616891 -0.000000 -0.000000 -0.000000 
-1.298259 105.774788 -1.184531 34.439716 78.360199 -66.659791 -7.117012 -7.721493 1.759574 -1.023506 -0.804043 5.732109 -24.976817 25.909472 14.773957 -8.750472 -15.216558 -1.987039 -0.000001 -0.000001 0.000001 5.209453 13.127316 15.261030 9.664586 8.663131 45.478241 -8.605174 -26.603044 -7.501252 0.000003 0.000001 0.000003 -56.089742 -12.314934 -20.109469 -76.071000 -24.295693 -32.283644 -30.494551 -42.901088 24.730793 -0.000002 -0.000003 -0.000000 13.961441 1.451700 -27.027270 -11.091005 -14.602255 -35.165144 15.596510 -12.770177 -30.470768 -0.000005 -0.000002 -0.000003 -3.741146 -2.864703 56.103403 -0.675994 -11.164049 -25.327731 -1.375877 17.280602 10.054010 0.000003 -0.000000 0.000001 
-1.284608 105.774109 -1.195905 34.347123 78.273640 -66.370307 -7.041235 -7.690004 2.014825 -1.141462 -0.744069 5.066950 -25.035618 25.544518 15.182664 -8.617856 -14.926497 -2.223224 0.000000 -0.000000 0.000001 5.101229 13.261943 15.109382 9.748100 8.775136 45.363272 -8.236544 -26.658297 -7.383815 0.000004 0.000001 0.000003 -56.052507 -12.160354 -19.579813 -76.215404 -24.108450 -32.374424 -30.601819 -42.766079 24.622378 -0.000002 0.000001 0.000000 13.950788 1.459946 -27.056927 -11.233972 -14.550120 -35.273938 15.709958 -12.700548 -30.393041 -0.000006 -0.000001 -0.000003 -3.731796 -2.880525 55.881620 -0.599938 -11.242021 -25.043739 -1.448028 17.536927 10.035091 -0.000000 -0.000002 -0.000000 
-1.271402 105.775063 -1.211369 34.560156 78.425400 -66.806121 -6.979062 -7.691263 2.277140 -1.228726 -0.802587 4.866987 -25.115270 25.647859 15.359012 -8.640609 -15.059158 -2.100358 0.000003 -0.000000 0.000001 5.170921 12.959323 15.150039 9.925780 8.531922 45.279028 -8.445313 -26.716893 -7.488145 -0.000002 -0.000002 0.000006 -55.920097 -12.334280 -19.975148 -76.134739 -24.268999 -32.277664 -31.069766 -42.973020 23.905614 -0.000005 0.000001 0.000003 13.974471 1.612382 -26.791465 -11.251878 -14.622510 -35.353643 15.939486 -12.660146 -30.594296 -0.000003 -0.000004 -0.000007 -3.646589 -2.828766 56.269243 -0.688691 -11.243145 -25.148456 -1.368862 17.366010 10.052166 -0.000001 -0.000003 -0.000000 
-1.258919 105.777016 -1.223313 34.373709 78.406446 -66.264303 -7.008464 -7.635998 1.853883 -1.303474 -0.638822 4.214260 -25.335972 25.266516 15.966725 -8.647307 -15.118651 -1.991671 -0.000002 -0.000000 0.000001 5.161248 12.928939 15.128982 9.939973 8.597182 45.362418 -8.531920 -26.649656 -7.481179 -0.000000 -0.000000 0.000004 -55.887097 -12.255596 -19.454812 -76.334618 -24.203537 -32.532372 -30.357981 -42.883524 24.823387 -0.000002 0.000000 -0.000003 14.018776 1.427927 -27.245826 -11.293205 -14.566500 -35.356693 15.932921 -12.501394 -30.276306 -0.000005 -0.000004 -0.000010 -3.703408 -2.826920 55.691419 -0.507746 -11.294519 -24.719927 -1.388781 17.572062 9.770147 -0.000000 0.000001 -0.000000 
-1.247957 105.782944 -1.237249 35.045246 78.459435 -66.955989 -7.156784 -7.693408 1.522043 -1.195295 -0.707220 4.906114 -25.048826 25.379888 15.390247 -8.695822 -15.173586 -1.832414 -0.000000 0.000001 0.000000 5.122579 13.024058 15.118407 9.876724 8.687781 45.519277 -8.572160 -26.518618 -7.240587 0.000003 0.000001 -0.000001 -55.982392 -12.280466 -19.820651 -76.086648 -24.329267 -32.376989 -30.861073 -42.940737 24.291008 -0.000004 0.000002 0.000000 13.967151 1.287355 -27.365653 -11.242904 -14.577601 -35.221728 15.801597 -12.573802 -30.251478 -0.000005 -0.000001 -0.000003 -3.778657 -2.861668 55.847814 -0.699175 -11.284949 -25.214364 -1.355258 17.394702 9.833142 -0.000000 -0.000001 -0.000001 
-1.234288 105.783470 -1.247261 35.135217 78.489187 -67.215174 -7.064928 -7.711984 2.090457 -1.422768 -0.739269 3.977801 -25.146246 25.186860 16.015076 -8.814345 -15.295013 -1.892042 0.000000 0.000001 0.000000 5.148962 12.797283 15.045273 9.918741 8.833497 45.645372 -8.502046 -26.506935 -7.484967 0.000000 0.000000 -0.000000 -55.743745 -12.357275 -20.096790 -76.108190 -24.287232 -32.353756 -31.154081 -43.021043 24.207072 -0.000002 0.000001 0.000002 14.014733 1.514445 -26.910617 -11.349713 -14.743901 -35.662207 16.144730 -12.241074 -30.133736 -0.000005 0.000001 0.000001 -3.710636 -2.838110 56.292473 -0.769193 -11.222496 -25.416143 -1.382458 17.339866 9.984351 0.000001 0.000000 0.000001 
-1.220342 105.783997 -1.258428 34.929208 78.448404 -66.925704 -7.168486 -7.701110 1.521292 -1.125551 -0.731386 5.296792 -24.869564 25.494567 15.059230 -8.819000 -15.256761 -1.855143 0.000001 0.000000 -0.000000 5.104787 13.064858 15.092748 9.979269 8.522614 45.390582 -8.470700 -26.628572 -7.247492 0.000001 -0.000001 -0.000001 -55.845672 -12.295873 -19.784439 -76.251644 -24.300961 -32.357014 -30.668284 -42.871458 24.431716 -0.000000 -0.000002 -0.000003 13.993826 1.409588 -27.085009 -11.267785 -14.647877 -35.554311 15.898160 -12.325243 -30.069389 -0.000003 -0.000003 -0.000005 -3.726016 -2.823941 56.129719 -0.790216 -11.188730 -25.458010 -1.344897 17.148962 9.925153 -0.000000 -0.000000 0.000000 
-1.214785 105.790695 -1.265695 34.277625 78.309048 -66.791641 -7.079057 -7.706392 1.947254 -1.040099 -0.689040 5.561802 -24.945560 25.728020 14.850006 -8.795022 -15.448013 -1.687585 0.000000 -0.000001 -0.000003 5.193893 13.107785 15.225332 9.715019 8.506565 45.422059 -8.620392 -26.832046 -7.386636 0.000005 0.000000 -0.000003 -55.938553 -12.372644 -20.082225 -76.182960 -24.332812 -32.420558 -30.892375 -43.032261 24.022320 0.000003 0.000001 -0.000001 13.946947 1.555618 -26.702847 -11.210350 -14.578986 -35.460416 15.724185 -12.512217 -30.113464 -0.000007 -0.000003 -0.000005 -3.613453 -2.769405 56.612860 -0.842568 -11.195842 -25.354489 -1.324005 17.200472 9.936115 0.000001 -0.000001 -0.000001 
-1.207450 105.800034 -1.277077 33.606675 78.290989 -66.601161 -7.008217 -7.663608 2.059700 -0.991001 -0.723558 5.913316 -24.938124 25.888022 14.600627 -8.792019 -15.641823 -1.278950 -0.000001 -0.000000 0.000001 5.146700 13.110241 15.305925 9.863461 8.308200 45.442037 -8.916130 -26.772462 -7.260299 0.000006 -0.000001 0.000001 -55.921156 -12.490815 -20.316637 -76.174689 -24.489513 -32.341909 -31.027237 -43.127983 23.627059 -0.000000 0.000002 -0.000000 13.955897 1.650307 -26.473926 -11.075488 -14.431191 -35.017123 15.606303 -12.878299 -30.494151 -0.000005 -0.000002 -0.000003 -3.616081 -2.732282 56.588749 -0.689580 -11.167177 -24.921808 -1.197602 16.999747 9.922109 -0.000000 0.000001 -0.000000 
-1.202437 105.806274 -1.283727 33.405318 78.202210 -66.171419 -7.080827 -7.640995 1.591603 -0.736942 -0.615316 6.834436 -24.872224 26.223482 13.837644 -8.829789 -15.861084 -0.937735 0.000001 -0.000000 -0.000002 5.216296 12.970576 15.307753 9.947284 8.165104 45.327198 -9.008670 -26.796507 -7.399959 0.000002 0.000001 -0.000001 -56.048368 -12.434946 -20.017917 -76.260401 -24.493414 -32.579640 -30.598575 -43.116071 23.953786 -0.000000 -0.000002 0.000000 13.990302 1.630072 -26.598985 -11.148406 -14.478058 -35.153928 15.562472 -12.900551 -30.486515 -0.000000 -0.000002 -0.000003 -3.617557 -2.742423 56.473517 -0.711468 -11.207573 -25.111570 -1.236346 17.035638 9.974252 0.000000 0.000000 -0.000001 
-1.197475 105.815132 -1.293655 33.741288 78.303522 -66.559333 -7.096447 -7.673905 1.658936 -0.872928 -0.732643 6.488877 -24.730742 26.019201 14.157690 -8.811537 -15.773396 -1.032561 -0.000001 0.000000 -0.000002 5.220570 13.001256 15.382938 10.100597 8.020853 45.213527 -9.141923 -26.540023 -7.211763 0.000004 -0.000001 -0.000001 -56.095722 -12.505204 -20.235800 -76.191286 -24.594468 -32.083065 -30.873032 -43.035864 23.356400 -0.000000 0.000001 0.000002 13.945225 1.578390 -26.701936 -11.147198 -14.440307 -35.060153 15.697417 -12.855119 -30.563744 -0.000003 -0.000005 -0.000007 -3.636563 -2.781532 56.449659 -0.707694 -11.235875 -25.041133 -1.167770 16.914960 10.035966 0.000001 -0.000001 0.000000 
-1.192852 105.820892 -1.305590 33.566360 78.375519 -66.814946 -7.043256 -7.682324 1.975728 -0.847452 -0.777918 6.672351 -24.438820 25.799071 13.876071 -8.810947 -15.675101 -0.894280 -0.000003 0.000000 -0.000002 5.073946 13.458135 15.245474 9.932410 8.343045 45.255645 -8.496988 -26.640357 -7.127006 0.000003 -0.000003 -0.000002 -56.129392 -12.277002 -19.643950 -76.276595 -24.358230 -32.317286 -30.496067 -42.752767 24.222923 -0.000000 0.000000 -0.000002 13.953317 1.817482 -26.123966 -11.169960 -14.495410 -35.335328 15.766945 -12.619749 -30.260532 -0.000002 -0.000003 -0.000005 -3.570852 -2.753303 56.919644 -0.725793 -11.170449 -25.148275 -1.300690 17.025000 10.300165 0.000001 -0.000000 0.000001 
-1.190404 105.832291 -1.310263 33.678495 78.314737 -66.976166 -7.037783 -7.705973 2.199891 -1.278321 -0.968288 5.017239 -24.616391 25.308211 15.251935 -8.719681 -15.715534 -0.905303 0.000001 0.000000 -0.000002 5.241054 13.736294 15.305602 9.717621 8.333263 45.145532 -8.595030 -26.784583 -7.324578 0.000003 -0.000000 -0.000006 -56.463289 -12.195645 -19.861215 -76.027512 -24.334328 -32.302393 -30.422066 -42.835040 24.065456 -0.000002 -0.000004 -0.000001 13.878606 1.714161 -26.300832 -11.203183 -14.462237 -35.445427 15.583976 -12.633144 -30.141751 -0.000003 -0.000005 -0.000007 -3.557621 -2.781408 57.068088 -0.893754 -11.197451 -25.370290 -1.302767 17.078702 10.280095 0.000000 -0.000002 0.000000 
-1.185090 105.838768 -1.313622 32.901602 78.198276 -66.357569 -7.081961 -7.720383 2.006499 -1.138727 -0.898371 5.560542 -24.693209 25.563451 14.995790 -8.796670 -15.758636 -0.843646 0.000001 0.000000 0.000002 5.268902 13.232833 15.354615 9.825590 8.272952 45.328964 -8.963549 -26.534646 -7.137304 0.000002 0.000000 -0.000000 -56.264988 -12.349839 -20.028623 -76.192242 -24.452712 -32.278183 -30.453358 -42.918699 23.926887 -0.000004 0.000003 -0.000002 13.947713 1.859613 -26.032947 -11.118621 -14.465810 -35.434598 15.364511 -12.793682 -30.165148 -0.000003 -0.000001 -0.000001 -3.509396 -2.725477 57.304809 -0.835171 -11.165005 -25.468869 -1.437701 17.330090 10.347268 -0.000001 -0.000000 0.000000 
-1.183174 105.845825 -1.322811 32.553365 78.159228 -66.183440 -7.162503 -7.730468 1.818411 -0.647243 -0.700159 7.316475 -24.766918 26.331668 13.741795 -8.824448 -16.103655 -0.669581 -0.000001 0.000000 -0.000000 5.581395 13.045031 15.344544 9.788233 8.360467 45.140300 -8.796385 -26.470125 -7.019260 0.000003 0.000003 -0.000000 -56.434499 -12.333959 -20.639778 -75.744209 -24.354474 -32.096473 -30.684167 -42.841661 23.826242 -0.000002 -0.000003 -0.000003 13.938224 1.796648 -26.255898 -11.034343 -14.397327 -34.890826 15.397155 -12.991525 -30.519553 -0.000004 0.000002 0.000000 -3.487246 -2.732719 57.279739 -0.593389 -11.116047 -24.847200 -1.487837 17.567533 10.053892 0.000001 0.000002 0.000000 
-1.182276 105.850861 -1.330225 32.157647 77.947232 -65.408890 -7.132678 -7.681571 1.734786 -0.947865 -0.669038 5.871260 -25.089641 25.772462 14.932443 -8.761365 -16.123548 -0.627878 -0.000001 0.000001 -0.000002 5.472804 13.297043 15.362415 9.699400 8.552827 45.140368 -8.485387 -26.558076 -7.166777 -0.000000 0.000001 -0.000001 -56.549653 -12.246482 -20.349480 -75.733821 -24.267476 -31.953490 -31.009066 -42.553660 23.575282 0.000001 0.000002 -0.000002 13.952192 1.568042 -26.752903 -10.896824 -14.300277 -34.483187 15.167774 -13.254589 -30.692865 -0.000003 -0.000001 -0.000007 -3.608535 -2.750442 56.727443 -0.329359 -11.045393 -24.406909 -1.542094 17.773382 9.969710 -0.000000 -0.000001 0.000000 
-1.184220 105.860970 -1.341758 31.889217 78.026626 -65.402620 -6.884088 -7.624386 2.550438 -1.131480 -0.707551 5.185610 -25.147703 25.641527 15.186362 -8.741169 -15.895653 -0.889703 -0.000001 0.000000 -0.000002 5.429016 13.422995 15.446551 9.887978 8.243910 44.907760 -8.569963 -26.454854 -6.987690 0.000002 -0.000001 -0.000001 -56.884421 -12.171202 -20.132683 -75.593501 -24.408321 -31.842646 -30.523992 -42.407197 23.952918 -0.000000 -0.000001 -0.000000 13.966378 1.626273 -26.582604 -10.890871 -14.281888 -34.686569 15.295005 -13.176272 -30.673106 -0.000005 0.000002 0.000001 -3.530551 -2.700779 57.129649 -0.488142 -11.124541 -24.744102 -1.413225 17.620029 9.987609 0.000001 -0.000001 -0.000001 
-1.188132 105.866562 -1.352331 31.740616 78.150717 -65.497334 -6.766069 -7.620761 3.007220 -1.306046 -0.704805 4.444501 -25.157810 25.370654 15.622150 -8.754468 -15.919414 -0.843093 0.000000 -0.000000 -0.000002 5.289735 13.444222 15.437025 9.975652 8.145670 45.020478 -8.730264 -26.525644 -7.040542 0.000006 0.000002 -0.000002 -56.873599 -12.191282 -19.973312 -75.685743 -24.540134 -31.734083 -30.541150 -42.403392 23.635166 -0.000000 -0.000001 -0.000000 14.001949 1.736952 -26.291644 -10.897903 -14.275074 -34.829942 15.297865 -13.109708 -30.493110 -0.000003 -0.000003 -0.000005 -3.492776 -2.632885 57.382823 -0.463780 -11.149241 -24.678635 -1.320696 17.425892 9.968715 -0.000000 0.000000 -0.000001 
-1.193461 105.868507 -1.359439 32.225150 78.176132 -66.084669 -6.828813 -7.663150 2.988055 -1.206990 -0.810803 5.047745 -25.002519 25.601677 15.150750 -8.750069 -16.113162 -0.694331 -0.000001 0.000001 -0.000000 5.239750 13.470505 15.292882 10.065679 8.390672 45.091888 -8.510053 -26.467120 -6.907872 0.000002 0.000000 -0.000003 -56.592410 -12.223453 -20.287151 -75.871531 -24.315053 -32.164399 -30.798604 -42.436235 23.594414 -0.000000 0.000002 -0.000002 13.913079 1.678034 -26.288857 -10.901427 -14.212978 -34.474601 15.308261 -13.243908 -30.718417 -0.000002 -0.000001 -0.000003 -3.595605 -2.721812 57.316612 -0.316832 -11.121582 -24.252629 -1.355375 17.489150 9.742180 0.000001 -0.000001 0.000000 
-1.197495 105.869125 -1.371929 31.818139 78.038634 -65.586263 -6.938882 -7.709184 2.728462 -1.182003 -0.781343 5.105308 -24.898867 25.462921 15.227634 -8.727323 -15.927863 -0.865463 -0.000003 -0.000000 -0.000001 5.074097 13.720288 15.309329 9.965556 8.320212 45.045009 -8.267421 -26.585502 -6.477920 0.000004 0.000000 -0.000000 -56.468907 -12.263472 -20.255191 -75.830707 -24.346290 -31.936527 -30.976817 -42.621477 23.494992 -0.000002 0.000004 -0.000000 13.954512 1.734515 -26.242079 -10.863001 -14.237758 -34.544443 15.053585 -13.206012 -30.382430 -0.000005 0.000000 -0.000001 -3.483688 -2.668665 57.486943 -0.570999 -11.125572 -24.699462 -1.273080 17.312395 9.749147 0.000002 -0.000003 0.000001 
-1.208065 105.879204 -1.383875 31.677659 77.933640 -65.120287 -7.029205 -7.708721 2.248253 -1.019210 -0.738037 5.757549 -24.884606 25.731423 14.755476 -8.718570 -15.926645 -0.788582 0.000001 0.000000 -0.000000 5.232958 13.801857 15.396855 10.008337 8.112655 44.841445 -8.431578 -26.511683 -6.457566 0.000001 0.000001 -0.000001 -56.660859 -12.220101 -20.129624 -75.739572 -24.417691 -31.723633 -30.860250 -42.566579 23.392170 0.000001 0.000001 0.000001 13.945621 1.717625 -26.307268 -10.978580 -14.289083 -34.868874 15.120533 -13.330700 -30.634922 -0.000009 -0.000001 -0.000003 -3.517048 -2.686363 57.158926 -0.623909 -11.183270 -24.838666 -1.410035 17.685202 9.867561 -0.000001 -0.000001 0.000001 
-1.220383 105.880081 -1.398642 32.253608 78.101328 -65.722648 -7.073918 -7.790218 2.503005 -1.184130 -0.784334 5.033833 -24.773007 25.450451 15.192502 -8.743519 -16.062136 -0.852216 -0.000003 0.000001 -0.000000 5.337105 13.354038 15.311708 9.949513 8.331703 44.978592 -8.528886 -26.633073 -6.738333 0.000002 0.000001 0.000003 -56.465833 -12.237734 -20.300099 -75.819048 -24.285129 -31.628379 -30.908348 -42.674359 23.221436 -0.000002 0.000000 -0.000000 13.941571 1.845846 -26.211044 -11.031267 -14.472377 -34.955658 15.281305 -13.075520 -30.405526 -0.000003 -0.000003 -0.000005 -3.462029 -2.754504 57.481117 -0.864309 -11.271410 -25.386300 -1.335572 17.608071 9.907843 0.000001 -0.000004 0.000000 
-1.229300 105.884598 -1.411154 31.331799 77.934350 -64.797766 -7.073989 -7.744175 2.294624 -0.974890 -0.685707 5.709346 -24.785380 25.692725 14.727297 -8.740748 -16.135635 -0.820787 0.000002 0.000000 -0.000001 5.313702 13.590469 15.316306 9.767131 8.448986 45.057638 -8.483113 -26.664456 -6.564003 0.000002 -0.000003 0.000003 -56.526482 -12.159515 -19.867934 -75.974592 -24.236313 -31.545710 -30.484394 -42.628645 23.347468 -0.000002 0.000000 0.000001 13.993622 1.915103 -26.244338 -11.018746 -14.466373 -34.962280 15.225325 -13.003151 -30.288477 -0.000000 -0.000003 -0.000008 -3.442467 -2.740265 57.302056 -0.799897 -11.275316 -25.425226 -1.373176 17.666913 10.190959 0.000000 -0.000004 0.000002 
-1.243217 105.890388 -1.431133 31.986722 78.030274 -65.611945 -7.041492 -7.779167 2.576453 -0.957086 -0.802365 6.019130 -24.517464 25.734560 14.242853 -8.750762 -16.258080 -0.519058 -0.000001 0.000000 -0.000000 5.209892 13.248807 15.218338 9.800371 8.574508 45.241428 -8.379735 -26.805585 -6.732126 -0.000002 -0.000001 0.000001 -56.529381 -12.117963 -19.585352 -75.985049 -24.195969 -31.697238 -30.185225 -42.611549 23.902408 -0.000000 0.000000 0.000001 13.889547 1.792497 -26.207429 -10.893516 -14.434920 -34.632939 15.312425 -12.885743 -30.236872 -0.000003 -0.000002 -0.000003 -3.560806 -2.806601 57.353980 -0.720854 -11.183520 -25.274753 -1.369125 17.466030 10.154285 -0.000001 -0.000003 0.000001 
-1.258504 105.892418 -1.438275 32.600097 78.096977 -66.149836 -7.171104 -7.843280 2.332550 -0.938267 -0.946491 6.436225 -24.165083 25.779297 13.974547 -8.761006 -16.327530 -0.514446 0.000001 0.000000 -0.000000 5.340367 13.270726 15.300899 9.754873 8.409075 45.085027 -8.458379 -26.907751 -6.900823 0.000004 -0.000002 -0.000004 -56.625424 -12.131417 -19.714001 -75.906358 -24.303022 -31.546147 -30.097710 -42.706509 23.991999 -0.000002 -0.000002 -0.000000 13.808704 1.765602 -26.227066 -10.940306 -14.475076 -34.666844 15.553089 -12.878095 -30.440821 -0.000003 -0.000004 -0.000004 -3.545706 -2.823305 57.535225 -0.847852 -11.243285 -25.325221 -1.436299 17.885819 10.112738 0.000001 0.000001 -0.000000 
-1.275656 105.893295 -1.447443 31.294045 77.677214 -64.800252 -7.073649 -7.766861 2.348200 -1.062833 -0.841898 5.672705 -24.732388 25.833674 14.704653 -8.805105 -16.552105 -0.360507 0.000002 0.000000 -0.000002 5.206140 13.122993 15.273631 9.698274 8.644883 45.431519 -8.534145 -26.978974 -7.143726 0.000003 -0.000001 0.000001 -56.416259 -12.295929 -20.235525 -75.992992 -24.319998 -31.569742 -30.259808 -42.783922 23.903000 -0.000004 0.000000 -0.000002 13.884745 1.763149 -26.334967 -10.890917 -14.479436 -34.481674 14.951998 -13.199818 -30.265931 -0.000002 0.000001 -0.000002 -3.508293 -2.783288 57.645854 -0.851406 -11.208996 -25.380829 -1.381048 17.708893 9.892674 -0.000000 -0.000000 -0.000001 
-1.294119 105.896126 -1.458197 30.460847 77.454789 -63.976633 -6.909348 -7.657715 2.601033 -1.089546 -0.752593 5.395961 -25.026800 25.914609 14.841298 -8.948856 -16.729135 -0.312073 0.000003 -0.000001 0.000002 5.238999 12.943750 15.239381 9.903499 8.358935 45.275722 -8.682177 -27.024231 -7.073099 0.000001 -0.000004 0.000003 -56.439673 -12.359484 -20.467729 -75.987569 -24.402365 -31.895389 -29.954956 -43.019448 24.114837 -0.000004 -0.000003 -0.000003 13.897682 2.019098 -25.873429 -10.982055 -14.510448 -35.131341 14.786801 -13.203941 -30.091491 -0.000005 -0.000000 -0.000001 -3.363152 -2.708197 58.008517 -0.919959 -11.199040 -25.726396 -1.709192 18.292228 10.306584 0.000000 -0.000002 0.000000 
-1.308572 105.899490 -1.465467 30.368377 77.467814 -63.585455 -6.994043 -7.668235 2.279785 -1.215300 -0.838261 4.965895 -24.849213 25.601554 15.320603 -8.956495 -16.844975 -0.418399 -0.000001 0.000000 -0.000000 5.294105 12.835865 15.239387 9.858676 8.213941 45.090887 -8.609406 -27.243260 -7.142543 0.000004 -0.000002 0.000002 -56.432867 -12.360740 -20.400206 -76.039178 -24.410613 -31.798492 -29.960707 -43.102476 23.950919 -0.000000 0.000001 -0.000000 13.994180 2.024108 -26.156626 -10.995250 -14.552249 -34.909452 14.817474 -13.284215 -30.243541 -0.000003 -0.000000 -0.000001 -3.222371 -2.626892 57.947680 -1.029659 -11.265520 -25.921529 -1.749693 18.505660 10.577481 0.000002 -0.000001 -0.000001 
-1.321034 105.906059 -1.474337 29.414930 77.076390 -62.780333 -6.896304 -7.645341 2.665967 -1.362944 -0.878282 4.411599 -25.077528 25.638669 15.823274 -8.978525 -16.825900 -0.600113 0.000001 -0.000000 -0.000001 5.266125 13.061599 15.299745 9.984674 7.926989 44.864651 -8.658996 -27.226085 -7.066180 -0.000000 -0.000004 -0.000002 -56.503737 -12.367866 -20.286944 -76.105513 -24.495903 -31.776475 -29.565188 -43.068362 24.269727 -0.000004 0.000003 -0.000001 14.046945 2.049538 -26.120009 -10.898180 -14.526335 -34.579277 14.425211 -13.800637 -30.562723 -0.000007 0.000001 0.000001 -3.232527 -2.568964 57.895709 -0.806689 -11.174692 -25.444649 -1.957356 19.047279 10.263847 0.000001 -0.000001 0.000001 
-1.333004 105.914139 -1.484368 28.391160 76.897500 -61.898316 -6.776580 -7.562557 2.764196 -1.279147 -0.885733 4.725084 -24.908585 25.671382 15.610532 -9.199497 -17.151440 -0.978019 0.000001 0.000000 -0.000001 5.384221 12.638241 15.267515 10.080668 7.979676 44.728778 -8.564676 -26.956038 -7.155453 0.000000 0.000001 0.000003 -56.466840 -12.301291 -20.104937 -76.338012 -24.375070 -31.657876 -29.682920 -42.660880 24.050611 -0.000000 -0.000000 0.000001 14.189977 2.062231 -26.346324 -10.796179 -14.554701 -34.438985 13.768556 -14.254384 -30.560134 -0.000003 -0.000002 -0.000006 -3.156349 -2.496868 57.726498 -0.779963 -11.158992 -25.533844 -2.101792 19.314358 10.503666 0.000002 -0.000000 -0.000000 
-1.342910 105.915482 -1.490523 26.979264 76.295030 -60.522135 -6.603666 -7.486606 3.138081 -1.619897 -1.121349 3.792812 -24.566850 25.260210 16.053267 -9.139444 -17.226027 -0.742998 -0.000001 0.000001 0.000000 5.213270 12.829690 15.448727 10.122337 7.632935 44.580218 -8.968831 -27.061618 -7.502647 0.000001 -0.000005 -0.000002 -56.648728 -12.318625 -19.610119 -76.367628 -24.540622 -31.542059 -29.170638 -42.699061 24.504694 -0.000000 -0.000003 0.000000 14.272918 1.902193 -26.831380 -10.617772 -14.367327 -33.502378 13.323777 -15.010732 -31.199976 -0.000002 -0.000003 -0.000005 -3.103362 -2.431902 57.648060 -0.513781 -11.206923 -25.059524 -2.206308 19.972023 9.779219 0.000001 0.000002 -0.000001 
-1.347982 105.917877 -1.495359 25.336626 75.611314 -59.065256 -6.632389 -7.483890 3.057609 -1.671999 -1.220900 3.929325 -24.463518 25.439221 16.321311 -9.370312 -17.712154 -0.534250 0.000001 0.000000 -0.000002 5.170645 12.626692 15.426206 10.034399 7.528784 44.674150 -9.083169 -26.978045 -7.232194 -0.000000 -0.000004 -0.000000 -56.222924 -12.632457 -20.507674 -76.657016 -24.688561 -31.710314 -29.420316 -42.989911 24.254927 -0.000000 0.000002 0.000002 14.404801 1.959196 -26.858042 -10.622083 -14.259659 -33.448546 12.653586 -15.058960 -30.446989 -0.000003 -0.000000 -0.000004 -2.896429 -2.245439 57.965131 -0.513840 -11.185560 -25.138796 -2.437035 20.263903 10.179281 0.000001 -0.000003 0.000000 
-1.354397 105.923561 -1.507246 24.426466 75.103845 -57.934737 -6.641127 -7.433190 2.643821 -1.575969 -1.392807 4.661295 -23.928634 25.558605 15.524993 -9.414267 -18.161046 -0.215271 0.000004 -0.000000 0.000001 5.212843 12.693707 15.622881 10.294155 6.736564 44.064983 -9.497794 -26.827342 -6.831668 -0.000002 -0.000003 -0.000002 -56.378444 -12.780302 -20.672676 -76.726233 -24.870686 -31.678312 -29.131600 -43.176368 24.069703 -0.000004 -0.000001 -0.000002 14.420128 1.786515 -27.326236 -10.570938 -14.031613 -33.264053 11.971991 -15.467614 -30.338187 -0.000005 -0.000002 -0.000003 -2.851369 -2.177303 57.454479 -0.570348 -11.228975 -25.043254 -2.452726 20.354158 10.458002 0.000002 -0.000003 -0.000002 
-1.359707 105.941483 -1.527022 22.491302 73.945308 -56.432485 -6.417873 -7.341534 3.247435 -1.823580 -1.827586 4.506374 -23.359527 25.539773 15.370630 -9.443956 -18.311269 -0.292260 -0.000003 0.000000 -0.000000 5.273004 12.736944 15.849241 10.460473 6.026777 43.601844 -10.251440 -26.558333 -7.163661 0.000003 0.000003 -0.000003 -56.619038 -12.869711 -20.386392 -76.784010 -25.192593 -31.291398 -28.788790 -43.280289 23.864790 0.000001 -0.000002 -0.000000 14.474035 1.913310 -27.330888 -10.626879 -13.994078 -33.405140 11.068977 -16.293860 -30.574597 -0.000000 -0.000001 -0.000003 -2.694275 -2.077691 57.547165 -0.553928 -11.294531 -24.848464 -2.242150 20.292212 9.906048 0.000001 -0.000001 0.000001 
-1.369483 105.960991 -1.546626 21.311889 72.641569 -55.146124 -6.372320 -7.323443 3.339454 -2.109782 -2.130332 3.977875 -23.444141 25.735316 15.994382 -9.499368 -18.578787 -0.033186 0.000003 0.000002 0.000001 5.332937 12.588968 16.092370 10.493813 5.651588 43.441407 -10.783428 -26.480707 -7.588366 0.000002 -0.000001 -0.000001 -56.927892 -12.947633 -20.149936 -76.756464 -25.427932 -31.527142 -28.246336 -43.290989 24.215080 -0.000000 -0.000002 -0.000002 14.448492 1.972031 -27.210886 -10.599801 -14.063066 -33.994138 10.271787 -16.755547 -30.495319 -0.000003 0.000003 0.000002 -2.666065 -2.031041 57.530233 -0.545695 -11.265323 -25.242323 -2.193282 20.151835 9.871532 0.000000 -0.000001 0.000001 
-1.382174 105.991302 -1.574931 20.136412 70.877167 -53.923377 -6.541296 -7.416475 2.871722 -1.759712 -2.149472 5.651677 -22.937553 26.044973 14.694747 -9.596789 -18.963694 0.389815 0.000002 -0.000000 -0.000002 5.173118 12.614468 16.147926 10.692557 5.393716 43.176826 -10.947296 -26.206626 -7.324962 0.000002 -0.000000 -0.000000 -56.643903 -13.068571 -20.241441 -77.092154 -25.317088 -31.881452 -28.717636 -43.268555 23.793179 -0.000005 -0.000000 -0.000000 14.337014 1.770565 -27.376679 -10.578496 -13.891063 -34.170402 8.988842 -17.297722 -29.773498 -0.000003 0.000000 -0.000001 -2.535754 -1.902703 57.540587 -0.625642 -11.353077 -25.276496 -1.711005 19.299176 9.125251 0.000002 0.000001 0.000000 
-1.404963 106.012833 -1.590288 18.581687 68.432601 -52.494279 -6.310732 -7.274172 3.068142 -1.894120 -2.617977 6.072631 -22.725576 26.433418 14.326429 -9.675608 -19.701945 0.634425 -0.000001 -0.000002 -0.000001 5.120305 12.453683 16.515261 10.744366 4.747141 42.737703 -11.441237 -26.146517 -7.702720 0.000003 -0.000003 -0.000003 -56.682043 -13.436632 -20.665927 -77.186854 -25.643583 -32.131327 -28.568130 -43.384621 23.487562 -0.000002 0.000000 0.000003 14.256644 1.689897 -27.486073 -10.501202 -13.694110 -33.611603 7.599946 -18.562697 -30.278710 -0.000003 -0.000001 -0.000004 -2.263584 -1.688623 57.892383 -0.290164 -11.471084 -24.399229 -1.434481 19.522217 7.316920 0.000001 -0.000002 0.000001 
-1.430062 106.037933 -1.616929 17.055758 66.116942 -51.181162 -6.067182 -7.092617 3.325414 -2.225610 -3.198561 5.853020 -22.492767 26.728455 14.446875 -9.741143 -20.265960 1.245296 -0.000003 0.000000 -0.000000 4.975127 12.254279 16.422587 10.620001 4.895273 42.802545 -11.521481 -25.911182 -7.490093 -0.000000 -0.000003 -0.000003 -56.491023 -13.469611 -20.538136 -77.492635 -25.437808 -32.534083 -29.533041 -43.176494 21.863434 0.000001 0.000001 0.000000 14.224538 1.557643 -27.660936 -10.416579 -13.510661 -33.178023 6.401729 -19.191418 -29.992337 -0.000005 -0.000002 -0.000003 -1.902896 -1.408681 58.156855 -0.209165 -11.347068 -23.905372 -1.016209 18.462531 6.359233 0.000001 0.000001 -0.000001 
-1.473462 106.075424 -1.653135 15.427772 62.850684 -50.002661 -6.033032 -7.080423 3.176011 -2.364180 -3.842920 6.532998 -22.189994 27.595685 14.218220 -10.155211 -21.095937 1.381019 -0.000001 -0.000002 -0.000001 5.346763 11.807233 16.696172 10.278505 4.713794 42.601416 -12.327604 -25.104944 -7.908442 0.000002 -0.000001 0.000001 -56.310747 -13.811025 -21.174375 -77.663021 -25.506448 -32.499748 -30.578794 -42.971787 19.748906 -0.000002 -0.000002 -0.000002 13.790643 1.202918 -27.855743 -9.969633 -12.830390 -32.079691 4.624747 -20.713782 -30.654125 -0.000003 0.000004 0.000002 -1.386448 -1.086058 58.581843 -0.490523 -11.172508 -23.579681 -0.345990 16.803199 4.620121 0.000000 -0.000003 0.000000 
-1.529972 106.122635 -1.714445 14.397878 58.934451 -49.083963 -6.079199 -7.094380 3.215144 -2.514547 -4.688278 7.373227 -21.492894 28.329996 13.562593 -10.453408 -21.740340 1.300190 -0.000001 0.000002 -0.000001 5.287112 12.217982 16.624489 9.874274 5.163165 42.437270 -12.360047 -24.224762 -8.224977 0.000004 0.000001 0.000002 -56.025955 -13.726031 -20.650913 -77.892345 -25.134196 -32.932747 -31.831280 -42.400838 17.811532 -0.000002 0.000001 -0.000001 12.876047 0.307175 -28.453801 -9.603144 -11.977707 -31.157390 2.648330 -21.895189 -30.414689 -0.000005 0.000003 0.000003 -1.005329 -0.902353 58.955877 -1.002988 -11.121690 -24.078256 0.713403 13.782346 3.321263 0.000001 0.000002 -0.000000 
-1.582546 106.173347 -1.790732 13.262080 55.695207 -48.188941 -5.921735 -6.958246 3.365772 -2.562002 -5.247162 8.092351 -21.352336 29.227906 13.341331 -10.785228 -22.185177 0.944325 -0.000001 0.000004 0.000001 5.646301 11.737358 16.515708 9.523105 5.153666 42.104674 -12.764349 -23.627153 -8.898389 0.000002 0.000000 -0.000003 -55.680389 -13.731183 -20.825783 -77.751417 -24.954948 -33.471588 -32.663799 -42.146987 16.700649 -0.000002 -0.000000 -0.000001 12.581074 0.029188 -28.488062 -9.401492 -11.392298 -30.658404 0.994405 -22.957499 -30.409614 -0.000003 -0.000004 -0.000004 -0.659924 -0.619955 59.051282 -1.203427 -11.020998 -24.227665 1.476680 11.354981 2.165874 0.000001 -0.000004 0.000001 
-1.644824 106.226532 -1.868937 12.339205 51.589030 -46.957233 -5.820203 -6.846247 3.288909 -2.135193 -4.970077 9.337673 -20.972408 29.267449 12.369856 -11.723198 -22.612337 -1.076288 -0.000001 -0.000002 0.000001 5.454978 12.301881 16.386754 9.254714 4.854747 41.987369 -13.209569 -22.999419 -8.864562 0.000000 0.000001 -0.000001 -55.545322 -13.648505 -20.613936 -77.456551 -25.212566 -32.978899 -32.800778 -42.177251 16.682083 -0.000002 -0.000001 -0.000003 11.971442 -0.788882 -28.863331 -9.136537 -10.559366 -30.179782 -0.528167 -23.418588 -29.178309 0.000001 -0.000002 -0.000003 -0.452154 -0.372563 59.039882 -1.542522 -10.962594 -25.311809 2.605599 7.092793 1.749178 0.000000 0.000001 -0.000000 
-1.708282 106.288017 -1.954302 11.138608 46.973236 -45.504148 -5.599324 -6.575412 2.934965 -2.039533 -5.297270 10.128640 -21.114744 30.189528 12.440718 -12.403434 -23.144011 -2.398665 -0.000001 0.000006 0.000003 5.900004 11.364548 16.172489 8.869961 4.720370 41.854696 -13.891234 -22.326201 -8.966438 -0.000000 0.000001 -0.000001 -55.144796 -13.551463 -20.563941 -77.146276 -25.215308 -32.505225 -33.151232 -42.169209 16.265648 -0.000004 0.000000 -0.000001 11.664853 -1.135257 -28.798383 -9.024613 -9.892736 -30.097334 -1.999671 -23.897633 -28.309964 -0.000005 0.000001 0.000001 -0.129722 -0.065239 58.567868 -1.343840 -10.934785 -25.563749 3.305429 3.920076 1.504956 0.000001 0.000001 -0.000000 
-1.763595 106.349899 -2.030314 10.495440 43.759038 -44.504338 -5.559856 -6.479054 2.669425 -2.190221 -5.856498 10.318166 -20.684504 30.406090 12.197265 -11.520793 -22.418387 -0.632913 0.000002 0.000001 -0.000001 5.982538 11.923589 16.104350 8.548660 4.696651 41.661658 -14.107430 -21.890174 -8.750861 0.000002 0.000000 -0.000003 -54.620545 -13.390384 -19.733151 -76.882973 -25.094788 -32.361925 -33.188019 -42.256068 16.717924 -0.000004 -0.000001 0.000000 11.594331 -1.174266 -28.758358 -8.808641 -9.246953 -29.570471 -3.116466 -24.510315 -28.135136 -0.000005 0.000002 0.000000 0.280675 0.224710 58.288445 -1.754996 -10.878757 -26.160699 3.847451 1.753262 1.593165 0.000001 -0.000000 0.000001 
-1.825632 106.425644 -2.108872 9.682258 39.373886 -43.380113 -5.530056 -6.428829 2.340681 -1.704957 -5.517688 11.464164 -20.527556 30.934091 11.469554 -12.360505 -23.047638 -2.740086 0.000001 0.000003 0.000001 6.221364 10.553382 15.928648 8.279450 4.194163 41.295716 -15.307456 -21.107487 -9.507465 0.000002 -0.000002 0.000002 -54.382963 -13.427807 -19.208061 -76.397927 -25.374761 -30.738160 -32.277715 -42.492622 17.320426 -0.000005 -0.000002 -0.000002 11.300552 -1.261399 -28.543692 -8.708270 -8.977833 -29.448214 -4.438063 -25.061800 -27.543885 -0.000008 -0.000001 -0.000001 0.490592 0.304650 57.818309 -1.957123 -10.930548 -27.112248 3.580027 2.423484 2.475321 0.000000 -0.000003 0.000002 
-1.904326 106.495476 -2.192641 8.617267 34.803550 -42.221911 -5.039422 -5.947846 2.115304 -1.296849 -5.249540 12.570348 -20.476712 31.147787 10.207803 -12.497416 -22.941204 -3.039054 -0.000001 0.000004 0.000001 6.352167 10.252146 15.620832 7.372482 4.237991 40.696156 -15.609895 -20.087033 -10.026931 0.000003 -0.000001 0.000001 -53.599281 -13.166487 -18.233168 -75.284968 -25.274422 -29.680679 -31.952619 -41.722443 17.478787 -0.000002 0.000000 0.000000 11.563578 -0.612602 -27.456643 -8.889944 -9.576121 -30.568505 -5.338192 -25.573024 -27.519380 -0.000002 -0.000000 -0.000001 0.913945 0.549757 57.402262 -2.000274 -11.028401 -28.468833 2.574507 5.321988 4.493590 0.000002 -0.000000 0.000000 
-1.988091 106.556824 -2.273948 7.682178 31.035403 -41.219891 -4.656543 -5.555877 1.772916 -0.482043 -3.788575 13.554902 -21.154776 30.548417 8.724134 -11.888719 -22.308692 -1.841041 -0.000001 0.000002 0.000000 6.351177 9.804416 15.439441 6.983086 4.441348 40.758966 -15.888345 -19.690457 -9.960736 -0.000001 0.000000 -0.000000 -53.039820 -12.989905 -17.357083 -74.721464 -25.327783 -28.090939 -31.119848 -41.551087 18.200241 -0.000000 -0.000000 0.000002 11.724721 -0.164615 -26.933842 -9.005346 -9.658705 -31.001651 -5.891010 -26.012547 -27.718161 -0.000006 0.000000 -0.000001 1.440272 0.824311 56.851868 -2.122737 -11.277317 -29.106715 2.031239 7.001502 6.183925 -0.000002 0.000001 0.000000 
-2.097660 106.615746 -2.357702 8.313619 26.353433 -39.910913 -6.380339 -6.670159 -0.158831 0.425896 -2.169384 14.304833 -21.762958 30.764572 8.301963 -11.094508 -22.002911 -1.441169 0.000001 -0.000000 -0.000003 6.438792 9.477052 14.741580 6.109717 5.769668 40.264167 -15.088458 -18.083144 -9.647240 0.000002 0.000002 -0.000002 -52.409233 -12.237454 -16.854147 -73.188291 -24.370335 -25.939088 -31.949152 -39.863327 17.482639 -0.000002 -0.000003 0.000001 10.735216 -0.923498 -27.060036 -8.710831 -9.057836 -31.181333 -7.495931 -27.027919 -28.110132 -0.000002 -0.000001 -0.000000 0.718910 0.147982 54.976927 -2.148658 -11.205351 -29.162326 1.122712 9.854144 7.618588 0.000001 0.000001 -0.000001 
-2.232594 106.692116 -2.442503 7.197109 22.266261 -38.801891 -5.303525 -5.684482 -0.047542 0.549279 -2.320550 14.159923 -21.826122 30.394526 7.434270 -10.280404 -21.962480 -1.265942 0.000000 0.000000 0.000002 6.242985 9.281384 13.755347 5.151854 7.343288 39.872752 -14.734132 -16.149415 -8.912625 0.000002 -0.000001 -0.000001 -51.127405 -11.277575 -15.136000 -71.047614 -23.131329 -23.211006 -32.679347 -38.915983 17.643827 -0.000002 -0.000001 0.000003 11.522222 0.210858 -26.474375 -8.542466 -9.420259 -31.346856 -8.736229 -27.431855 -28.310028 -0.000005 -0.000003 -0.000006 1.592540 0.620972 54.097683 -2.431682 -10.946351 -29.160629 0.607981 11.131123 8.996736 0.000000 0.000001 0.000000 
-2.378695 106.781853 -2.536977 6.363522 19.721685 -38.132909 -4.982884 -5.363276 -0.178784 0.888150 -1.897941 14.028945 -21.236182 29.147296 6.486052 -9.043357 -21.661960 -0.533872 0.000000 -0.000001 0.000001 5.869179 9.248010 13.425954 4.818226 8.278772 39.583101 -14.901704 -14.505916 -8.629653 0.000004 0.000000 -0.000000 -50.267710 -10.439727 -12.979960 -69.409789 -22.499721 -20.524795 -32.775079 -37.921046 18.303689 -0.000000 0.000003 0.000001 11.949395 1.102243 -26.030114 -8.147736 -9.787244 -31.584133 -9.563539 -27.598843 -28.329914 -0.000003 -0.000003 -0.000008 2.264533 0.904439 53.663007 -2.654874 -10.973934 -29.180378 0.434466 12.823746 10.013017 -0.000002 0.000001 -0.000000 
-2.569376 106.915695 -2.630193 6.008684 16.455954 -37.234045 -4.840668 -5.182545 -0.841472 0.667693 -2.465142 13.488434 -20.637027 28.967543 6.671888 -8.640118 -21.320043 -0.213274 0.000002 0.000000 0.000001 5.534133 10.092301 13.471470 4.405312 8.479418 39.535416 -15.986138 -13.103667 -8.564810 0.000001 -0.000003 -0.000002 -49.294985 -10.168983 -11.411101 -66.698512 -22.510891 -15.230461 -31.492599 -37.387598 19.228593 -0.000000 0.000002 -0.000000 11.921129 1.370874 -25.609050 -7.996540 -10.222552 -32.329884 -10.044668 -27.353755 -27.427605 -0.000007 -0.000000 -0.000004 2.338248 0.934762 52.908121 -2.762453 -10.625674 -29.241863 -0.189316 14.192987 11.244534 0.000001 0.000001 0.000000 
-2.792934 107.058006 -2.717068 5.667225 13.689992 -36.025249 -4.946021 -5.157204 -1.713938 1.152299 -1.533141 13.250591 -20.620645 28.001645 5.762683 -8.386391 -20.922413 0.383241 -0.000001 0.000002 0.000001 5.754492 10.444869 12.922514 2.855758 9.358361 38.128332 -14.606472 -11.350487 -6.891038 0.000001 -0.000003 -0.000003 -47.639197 -9.318968 -9.912236 -61.971440 -21.455822 -10.956720 -31.989290 -36.106760 20.521561 0.000003 -0.000003 0.000002 11.890372 1.375492 -25.715232 -7.326834 -10.483411 -32.677483 -10.597993 -26.967766 -26.349345 -0.000003 0.000002 0.000000 2.409196 0.901105 51.725931 -2.832880 -9.881700 -29.200817 -1.101229 15.393826 12.125312 0.000001 0.000001 -0.000000 
-3.025106 107.190506 -2.803946 5.087453 11.613599 -34.942114 -4.573986 -4.727345 -2.402947 1.169625 -1.532676 12.989804 -20.509844 27.847470 5.388302 -8.080229 -20.522222 0.923838 0.000001 0.000001 -0.000002 5.898940 10.938436 12.682494 2.229179 10.444842 37.450402 -13.896867 -9.561435 -6.245963 0.000002 -0.000001 -0.000001 -46.256896 -8.649419 -8.348290 -58.349384 -20.191690 -7.515591 -32.652034 -35.357157 22.098601 -0.000004 0.000000 0.000002 12.158932 1.656869 -25.960957 -6.927420 -10.485670 -33.053956 -11.062795 -26.844004 -25.760844 -0.000008 -0.000002 -0.000000 2.688422 0.921690 50.712529 -2.770555 -9.535060 -29.020176 -1.503107 15.706430 12.709369 0.000001 0.000002 -0.000000 
-3.287625 107.324852 -2.903189 5.826778 8.870260 -33.945863 -6.231848 -5.891658 -3.345014 2.394716 1.573878 12.724095 -21.862232 26.353675 4.957947 -7.221658 -19.515993 1.831143 0.000001 0.000001 -0.000001 6.451652 11.105122 12.011560 1.774494 11.838566 36.890402 -12.419115 -7.803240 -5.439447 -0.000001 0.000000 -0.000003 -44.512705 -7.743659 -7.256905 -53.953235 -18.420689 -2.179967 -33.772287 -35.747530 26.119753 -0.000002 -0.000001 -0.000000 11.385092 0.748475 -25.875542 -6.612145 -10.233926 -33.758476 -12.756451 -27.654282 -25.242448 -0.000007 0.000000 -0.000001 1.929151 0.506750 49.707234 -2.972626 -9.118882 -28.983539 -2.440641 17.290298 13.016444 0.000000 -0.000000 0.000000 
-3.577108 107.448494 -3.013963 6.387883 6.346970 -33.036474 -6.238049 -5.804506 -3.560631 1.858717 0.758606 11.651607 -22.039229 27.399164 6.216264 -7.404504 -19.559510 1.521436 0.000003 -0.000001 0.000001 6.725326 10.838458 11.265681 1.086905 13.236944 36.520017 -10.569317 -6.678666 -5.035655 0.000002 0.000000 -0.000000 -42.227054 -6.825034 -5.468596 -50.069173 -16.293648 3.475781 -32.610260 -35.713960 32.321343 -0.000002 -0.000000 -0.000000 11.075379 0.233438 -25.730690 -6.331196 -10.529134 -34.498971 -14.100987 -27.905127 -24.397456 -0.000003 -0.000005 -0.000003 1.346206 0.291463 48.848618 -2.960154 -8.353550 -28.758604 -3.147839 17.368879 13.504751 0.000002 0.000001 -0.000000 
-3.864489 107.563980 -3.119669 6.516730 5.048904 -32.580600 -6.200997 -5.756810 -3.510974 1.879566 1.089753 11.057782 -21.831545 26.842234 6.293757 -7.275961 -19.221923 2.004333 0.000003 0.000000 0.000002 6.785502 10.531306 10.732964 0.320830 13.915620 36.003252 -9.341488 -6.068575 -4.390790 0.000003 -0.000001 0.000001 -40.111102 -6.151953 -3.994722 -46.761077 -14.418125 7.263038 -30.749921 -35.278603 37.568964 -0.000004 -0.000003 0.000000 11.092248 0.138358 -25.506836 -5.953581 -10.285858 -34.813983 -14.850465 -28.268263 -24.514001 -0.000005 -0.000002 -0.000003 1.086420 0.194393 48.559360 -2.996311 -7.857148 -28.653572 -3.481725 17.022114 13.414041 0.000002 0.000002 -0.000000 
-4.174115 107.660210 -3.239700 6.766905 4.093819 -31.920531 -7.382123 -6.686410 -3.547719 2.921016 3.763431 10.572668 -21.994874 24.865451 5.569886 -6.458852 -17.793894 3.246975 0.000001 -0.000000 0.000001 7.564154 9.940186 10.595288 0.312228 14.141936 35.531515 -8.841695 -5.177546 -3.548939 0.000003 0.000003 -0.000003 -37.312019 -5.502346 -2.142408 -42.212126 -12.246977 11.764838 -26.304366 -33.929084 44.711491 -0.000002 -0.000001 -0.000001 10.856949 -0.245108 -25.446688 -5.686875 -10.252119 -35.240935 -16.219864 -28.932842 -24.415281 -0.000006 -0.000003 -0.000002 0.245529 -0.216006 48.157410 -2.591614 -7.528936 -28.721990 -3.367473 16.110391 12.925906 0.000002 0.000001 -0.000000 
-4.506080 107.749352 -3.365777 5.059215 4.055418 -31.385522 -5.702291 -5.380506 -2.883434 1.611783 0.892581 10.058821 -19.951555 25.842798 5.850671 -6.507274 -17.031965 3.657758 0.000001 -0.000000 -0.000001 7.901856 9.220396 10.133653 0.276019 14.748858 35.615591 -8.975336 -4.376276 -3.432823 0.000002 0.000003 -0.000003 -34.056027 -4.660425 0.048398 -36.848867 -9.547862 15.520174 -21.121766 -31.311701 50.716996 -0.000004 0.000002 -0.000003 12.014529 0.694550 -25.595372 -5.557318 -10.318358 -35.405928 -16.495371 -28.897485 -24.534898 -0.000005 -0.000004 -0.000002 1.338806 0.527938 47.898850 -2.524735 -7.012311 -28.733233 -3.388439 14.679130 12.587619 0.000001 0.000001 -0.000000 
-4.821177 107.829720 -3.493187 5.731463 3.252827 -31.073724 -5.766321 -5.489283 -2.346368 1.006462 -0.192807 9.418298 -19.338185 26.382825 6.436184 -7.199954 -17.794248 2.768119 0.000001 -0.000001 0.000001 8.045050 9.111174 9.717982 0.066816 15.005557 34.848653 -9.005243 -2.915465 -3.671174 0.000002 0.000001 -0.000001 -32.020446 -4.275227 0.462840 -32.461550 -7.176472 17.501402 -17.934383 -28.552935 54.700977 -0.000002 0.000000 -0.000002 11.622083 0.224553 -25.453240 -5.396467 -10.398676 -35.697533 -17.424200 -29.418277 -24.413290 -0.000003 0.000001 0.000001 0.788477 0.242592 47.629187 -2.748301 -6.494808 -28.511614 -3.692008 14.514815 12.236193 0.000000 0.000001 -0.000000 
-5.161823 107.886223 -3.619970 6.386318 3.057432 -30.702110 -5.630908 -5.499749 -1.553725 0.593895 -0.608373 8.399767 -18.380024 25.851791 6.709733 -7.358049 -17.601244 2.550526 0.000001 -0.000000 -0.000001 8.367748 7.993667 9.589864 -0.389365 14.606231 33.738614 -10.691396 -0.394714 -4.114205 0.000002 -0.000003 0.000001 -29.484929 -3.930097 1.325272 -27.793192 -5.076042 18.921550 -13.787787 -24.177857 56.955278 -0.000000 0.000000 -0.000001 11.265280 -0.302600 -25.302871 -5.146073 -10.476481 -36.008525 -18.210225 -29.834410 -24.551853 -0.000000 -0.000003 -0.000002 0.108500 -0.025214 47.282763 -2.714498 -5.947511 -28.160474 -3.795160 14.042129 11.898678 0.000001 0.000001 0.000000 
-5.523657 107.928482 -3.742266 6.248329 3.333044 -30.141246 -5.424749 -5.413390 -0.914169 0.110324 -1.424204 7.399937 -17.573704 25.806596 7.151951 -7.604938 -18.339804 1.661797 -0.000001 -0.000000 -0.000001 8.609604 6.349975 9.572620 0.497855 13.977236 33.070915 -12.023702 0.934766 -2.624536 0.000002 0.000000 -0.000003 -26.138091 -3.500436 2.489378 -22.990526 -3.244893 19.923095 -10.208093 -19.982408 54.539679 -0.000000 -0.000001 -0.000000 10.912651 -0.371958 -25.302043 -5.145741 -10.509579 -36.500773 -18.056493 -29.677992 -24.467213 -0.000003 -0.000003 -0.000002 -0.313765 -0.409061 46.715174 -2.258685 -6.055950 -27.506476 -2.969688 12.856882 11.148357 0.000000 0.000001 -0.000000 
-5.876854 107.972382 -3.876064 5.537828 3.905262 -29.835492 -5.644099 -5.612542 -0.352796 0.910341 0.456763 6.787956 -17.472249 23.486464 6.673210 -6.343778 -16.596699 2.318514 0.000001 -0.000001 0.000001 9.446480 5.845608 9.569151 1.604285 13.979547 33.053184 -12.708499 1.699894 -1.871254 0.000004 -0.000001 -0.000005 -23.341198 -3.024057 3.228375 -19.153911 -1.814762 19.894208 -8.111971 -17.522673 52.188369 -0.000002 -0.000003 -0.000000 11.225846 0.002893 -25.330831 -5.261207 -10.692061 -36.633733 -17.087021 -28.940454 -24.323393 -0.000005 -0.000002 -0.000006 -0.024199 -0.281874 46.502858 -2.003284 -6.052472 -27.359007 -2.804796 12.602269 11.033739 0.000002 0.000002 0.000000 
-6.247511 108.020653 -4.019564 4.962418 4.288929 -29.184995 -5.423357 -5.422600 -0.038733 0.288722 -0.672200 6.051992 -16.623956 23.504064 7.010946 -5.837262 -15.865590 2.591961 0.000003 0.000001 -0.000002 9.279479 5.032120 9.232084 2.708977 13.976429 32.874578 -12.957770 2.363547 -0.999672 -0.000000 -0.000001 -0.000001 -20.272019 -2.536614 3.735685 -15.643619 -0.732303 19.318044 -6.411373 -14.935534 48.454284 -0.000000 -0.000002 -0.000000 10.962557 -0.042402 -25.364420 -5.335667 -10.929190 -37.013686 -16.195302 -28.333899 -24.292819 -0.000005 -0.000005 -0.000004 0.201833 -0.243240 45.958355 -1.884394 -6.077293 -27.192417 -2.016677 11.078458 10.482906 0.000000 0.000001 -0.000000 
-6.638869 108.040909 -4.163267 4.442142 4.764219 -28.575148 -4.379339 -4.544045 0.408575 -0.506532 -1.858625 4.917885 -14.935855 22.196365 7.359737 -5.178214 -15.472223 2.377382 0.000001 0.000001 0.000000 8.415137 3.803812 9.278698 3.629367 12.675612 32.971266 -14.881910 2.870386 -0.158989 -0.000002 0.000001 -0.000001 -17.767480 -2.748471 4.294596 -11.217018 -0.194887 20.097804 -2.946834 -12.154428 43.337605 -0.000002 0.000002 0.000001 11.080087 0.321263 -25.166235 -5.913448 -11.041010 -37.319255 -14.483361 -27.470164 -24.714524 -0.000005 -0.000004 -0.000001 0.631177 -0.037017 45.418115 -2.073614 -6.650207 -26.921821 -0.936226 10.285759 10.022574 0.000002 0.000001 -0.000000 
-7.015888 108.040489 -4.321482 4.067022 4.631483 -27.966724 -3.557089 -3.849054 0.513704 -1.104654 -2.933087 4.478714 -13.779935 21.794394 7.344802 -4.742325 -14.799620 2.165071 0.000001 0.000001 -0.000000 8.372459 3.093883 9.398591 2.517275 11.934641 31.959551 -15.963866 3.528263 0.780172 0.000000 -0.000003 0.000001 -16.888164 -3.001090 4.219487 -7.935205 0.342621 20.098378 -1.452290 -11.120100 38.388928 -0.000000 0.000000 -0.000000 11.415135 0.854819 -25.011784 -6.482671 -11.646776 -37.750937 -13.365919 -27.035735 -25.197954 -0.000005 -0.000004 -0.000001 0.916243 0.036423 44.765750 -1.983968 -6.967199 -26.593097 -0.365116 9.773833 9.597480 0.000001 0.000002 -0.000000 
-7.381962 108.008568 -4.483254 3.611328 4.688998 -27.002661 -2.913508 -3.342916 0.738533 -0.429337 -1.089307 3.811679 -13.097333 18.440363 6.835423 -4.926058 -14.645508 1.079766 0.000001 0.000000 0.000001 8.056331 2.234454 9.231472 1.448891 11.258478 30.806680 -16.182533 4.064810 2.064222 0.000006 0.000001 0.000005 -14.870567 -2.685417 4.786475 -5.040473 0.745046 19.431781 1.370807 -8.237962 34.684329 0.000001 0.000001 0.000002 11.568209 0.783311 -24.673971 -6.605687 -12.052278 -38.349852 -11.453430 -26.048900 -26.111637 -0.000003 -0.000006 -0.000003 1.288636 0.446760 43.512458 -1.837580 -6.842601 -26.046882 0.067801 8.319844 9.007900 0.000002 0.000001 -0.000000 
-7.732200 107.948776 -4.637353 5.157536 3.876725 -25.894649 -3.699301 -3.958956 0.623131 -1.406269 -2.646445 2.838645 -12.480128 19.469678 8.037758 -4.322606 -13.470497 1.873292 -0.000001 0.000000 -0.000002 6.980843 1.587210 8.254497 1.985897 10.874265 29.682687 -14.720670 3.654617 3.487934 0.000003 -0.000003 -0.000002 -13.225214 -2.594467 4.366590 -2.359990 1.374226 17.932487 2.195439 -6.991878 30.647260 -0.000002 -0.000004 0.000000 10.130465 -0.257401 -24.041916 -6.820241 -12.361279 -38.753817 -10.540214 -25.364626 -26.292513 -0.000009 -0.000001 0.000002 0.023268 -0.348240 41.545363 -1.633953 -6.505584 -24.476024 -0.083778 7.891393 8.620672 0.000001 0.000001 -0.000000 
-8.054433 107.896645 -4.799114 5.168402 3.498410 -24.983005 -3.698395 -3.916875 0.618601 -2.056964 -3.581737 2.189283 -11.479167 19.742785 8.637000 -4.379563 -13.529371 1.861803 0.000003 0.000000 -0.000002 6.723751 1.411200 7.791446 2.450507 10.204889 28.554415 -14.037251 3.503925 4.983477 -0.000003 -0.000006 -0.000003 -11.979646 -2.475500 4.124662 -0.740931 1.723007 16.919833 2.085913 -6.605749 26.926648 -0.000005 -0.000004 0.000003 9.231559 -0.999144 -23.717424 -6.790905 -12.060215 -38.364735 -10.155778 -25.103940 -26.402156 -0.000000 -0.000003 -0.000005 -0.378061 -0.534672 39.977913 -1.233867 -6.321112 -23.275726 -0.146217 7.277612 8.487857 0.000000 -0.000001 0.000000 
-8.362831 107.827110 -4.969076 5.042772 2.920068 -23.550591 -3.679581 -3.748705 0.005436 -2.120368 -3.444395 1.821702 -10.446321 18.666939 8.701397 -4.556786 -14.016096 2.204499 -0.000001 -0.000000 -0.000001 6.871920 1.191066 7.114695 2.877510 10.211270 27.286683 -13.160750 4.132004 6.557172 0.000003 -0.000003 -0.000002 -11.851846 -2.010527 3.477412 -0.238836 1.897102 15.061266 -1.326735 -7.129208 22.726230 -0.000004 -0.000003 0.000001 8.365421 -1.908950 -23.285242 -6.980437 -12.585174 -36.747032 -7.417221 -22.866725 -24.914018 -0.000007 0.000001 -0.000002 -0.246394 -0.234575 37.730225 -1.079738 -6.008433 -21.529572 0.013257 6.175465 7.784447 0.000002 0.000001 -0.000000 
-8.636199 107.737709 -5.135513 4.207157 2.572051 -21.922561 -3.283414 -3.267400 -0.899593 -1.001836 -1.541404 2.394014 -10.417077 15.602286 7.455380 -3.241017 -11.869019 4.130957 -0.000001 0.000000 0.000001 5.848836 1.313923 6.773454 4.266633 9.172932 26.020487 -11.322367 2.511134 8.082225 -0.000001 0.000000 -0.000003 -10.828649 -1.862546 3.523909 0.581198 1.745053 14.363256 2.658811 -4.798027 20.881963 -0.000000 -0.000000 0.000004 7.800939 -1.885746 -22.632887 -7.213813 -13.154101 -34.808584 -3.633018 -18.548618 -20.577123 -0.000000 -0.000002 -0.000003 0.540432 0.025603 34.867310 -1.470474 -6.147065 -19.224845 1.240550 3.912927 6.931781 0.000000 0.000001 -0.000000 
-8.897203 107.639198 -5.302697 4.951553 1.716234 -20.656722 -3.754645 -3.535379 -1.844861 -1.445699 -2.479704 2.569269 -9.625949 16.282478 7.565327 -3.457243 -12.395954 4.736429 -0.000001 -0.000000 -0.000001 5.008497 0.655526 6.208250 4.858985 8.764658 25.175119 -9.187798 2.044060 9.355583 0.000001 -0.000001 -0.000001 -10.496538 -1.661375 3.594904 0.735450 1.414459 13.232964 4.571560 -2.616115 19.985583 -0.000002 -0.000001 -0.000000 7.233292 -2.187534 -21.582518 -6.635302 -12.816678 -33.838752 -3.803527 -16.906596 -16.831717 -0.000001 -0.000003 -0.000005 -0.167141 -0.224342 32.701231 -1.097618 -5.636085 -17.686671 0.892497 4.172391 6.474843 0.000001 0.000001 -0.000000 
-9.139898 107.525337 -5.459291 4.715500 0.846200 -19.444249 -3.378681 -3.157326 -2.283496 -1.279026 -2.804962 3.289858 -9.118932 16.258400 6.371253 -3.106975 -11.970611 5.325741 -0.000001 -0.000000 -0.000002 4.565567 0.317551 6.246176 4.825613 7.957921 23.622515 -7.803454 1.037013 10.268309 0.000000 -0.000001 0.000001 -9.808236 -1.597300 3.754683 0.781589 0.789329 12.124304 7.346360 -1.456208 18.304140 -0.000002 -0.000001 -0.000002 7.056416 -1.067589 -20.051267 -5.652495 -11.987106 -32.562678 -2.995131 -14.049158 -13.345418 -0.000009 0.000000 0.000001 -0.194812 -0.452793 30.376003 -1.099254 -5.228891 -15.649109 1.122158 4.030746 5.495663 0.000000 -0.000000 0.000000 
-9.363507 107.423264 -5.613008 4.414359 0.232036 -18.138978 -3.093108 -2.963723 -2.518065 -0.500664 -1.623764 3.725816 -9.096509 14.826189 5.381016 -2.752734 -11.059949 5.389018 -0.000001 0.000002 -0.000004 4.430529 0.012244 6.141027 6.022311 6.090332 21.863540 -6.336862 -0.130272 11.260893 0.000002 0.000003 -0.000003 -8.970639 -1.442068 3.901839 1.134241 -0.075007 11.143040 9.777691 -0.640118 15.364791 -0.000006 -0.000001 0.000005 7.211638 -0.001535 -18.278688 -5.085556 -11.413168 -30.943711 -1.777334 -10.900144 -10.134154 -0.000003 0.000001 -0.000002 -0.251827 -0.462560 28.028542 -1.290044 -4.935538 -13.623457 0.849787 4.926219 3.834400 0.000000 -0.000001 0.000000 
-9.571705 107.316147 -5.766273 4.430151 0.005956 -17.097903 -2.994179 -2.835828 -2.910139 -0.094395 -1.211922 4.156182 -9.162913 14.077895 4.471476 -2.702141 -10.362392 5.558273 -0.000001 -0.000000 -0.000003 4.237435 -0.108917 6.250829 6.685007 4.535190 20.490200 -5.739992 -0.731299 11.937385 -0.000000 0.000001 0.000002 -8.023179 -1.315214 3.997795 0.983083 -0.981428 10.340804 9.853535 -1.004479 13.246294 -0.000001 -0.000000 -0.000000 6.762094 0.303380 -16.839268 -4.415696 -11.311155 -29.637933 -1.129724 -8.181188 -7.267334 0.000001 -0.000001 -0.000001 -0.459481 -0.492897 26.359927 -1.271434 -4.463489 -12.492095 0.686902 5.294264 2.732080 0.000001 -0.000000 -0.000000 
-9.765203 107.202148 -5.901046 3.389142 0.514756 -15.929529 -2.415917 -2.359855 -3.102011 0.366328 -0.391378 4.438253 -8.565027 12.206116 3.382446 -2.740265 -9.558769 5.915355 -0.000000 0.000001 0.000000 4.031194 -0.298066 6.111857 7.862389 3.108713 18.806467 -4.932618 -0.551835 12.245109 0.000001 -0.000001 0.000001 -6.892447 -1.246186 4.020533 0.434035 -1.587120 9.091983 8.787003 -1.154053 11.587272 -0.000000 -0.000000 -0.000001 6.166055 0.394970 -15.435823 -3.380035 -8.886762 -27.258073 -2.682564 -7.942595 -4.520419 -0.000003 -0.000002 -0.000003 0.349859 -0.156647 24.584038 -0.781521 -4.157655 -11.481129 0.287816 5.668764 2.301752 0.000000 -0.000000 0.000000 
-9.945818 107.087601 -6.020785 3.187822 0.790045 -14.728936 -2.220121 -2.173774 -3.195613 0.387133 -0.441335 4.479577 -7.605829 11.252618 2.699709 -2.567570 -8.466814 5.739436 -0.000001 0.000001 -0.000000 4.018358 -0.255485 5.732794 8.095310 2.149672 17.131499 -4.272112 -0.224281 11.748659 -0.000002 -0.000001 0.000001 -6.411847 -1.046717 3.683072 -0.599695 -1.958277 7.853205 9.640924 -0.033595 11.072099 -0.000002 -0.000002 -0.000000 5.422433 0.308818 -13.739895 -2.653767 -7.220952 -24.757356 -2.748023 -7.783468 -4.461521 -0.000003 -0.000002 -0.000005 0.329870 -0.115498 22.518237 -0.480607 -3.678736 -9.977792 0.278602 4.988029 1.609367 0.000000 -0.000000 0.000000 
-10.105153 106.966431 -6.145849 2.910027 1.085546 -13.868889 -1.987170 -1.947368 -3.141386 0.374415 -0.439037 4.435361 -7.034352 10.469048 2.366609 -2.500158 -7.737858 5.586828 -0.000003 0.000001 0.000000 4.124182 -0.283726 5.335290 7.702999 1.662229 15.812007 -3.414851 -0.510899 11.171784 0.000003 -0.000003 -0.000002 -6.208868 -0.919917 3.385794 -1.101387 -2.222606 6.709187 8.779912 -0.043869 10.255033 -0.000002 -0.000002 -0.000000 5.046906 0.326579 -12.476708 -2.167263 -6.191963 -22.587774 -3.623706 -7.765378 -3.144937 -0.000004 -0.000001 -0.000001 0.721111 0.142552 20.985766 -0.803733 -3.080569 -8.983340 0.326595 3.560607 1.197523 0.000001 0.000001 -0.000000 
-10.236191 106.836357 -6.257582 2.442089 1.435256 -12.962933 -1.493108 -1.659048 -2.500797 -0.728301 -2.567034 4.174652 -5.340042 11.269436 1.936853 -2.318005 -6.588135 5.064251 -0.000002 0.000001 -0.000000 3.706290 -0.354388 5.205243 6.562702 0.451971 14.295574 -2.554858 -2.302673 10.208115 -0.000001 -0.000003 -0.000002 -5.212744 -1.187978 3.193639 -0.915394 -2.729728 6.220495 9.515041 -0.212038 8.160651 -0.000000 0.000001 0.000001 4.788224 0.483231 -10.930096 -1.517159 -4.027851 -20.015777 -5.211953 -8.925929 -2.152508 -0.000004 0.000001 -0.000002 1.228537 0.483242 19.369044 -1.373698 -2.713921 -8.000137 0.643079 1.821640 1.124569 0.000000 0.000001 -0.000000 
-10.357789 106.719307 -6.372825 2.400901 1.387390 -11.893190 -2.310940 -2.355251 -2.202027 0.306502 -0.439626 4.239450 -5.234168 9.287977 1.241968 -2.218457 -5.789557 4.677857 -0.000003 -0.000000 -0.000002 3.067155 -0.217319 4.514729 5.546435 0.445419 13.042291 -1.469918 -3.099535 8.409541 -0.000002 -0.000002 0.000002 -4.118381 -1.125539 2.900020 -0.877484 -2.656967 5.450024 7.294493 -0.842774 6.471343 -0.000002 -0.000002 0.000001 4.315488 0.546469 -9.119740 -1.508501 -4.797988 -18.259145 -3.650813 -6.299375 -1.092250 -0.000002 -0.000003 -0.000002 1.404893 0.562276 17.701817 -1.159239 -2.361283 -7.139500 0.236680 2.192429 1.448377 0.000001 0.000001 -0.000000 
-10.458921 106.613045 -6.474981 2.203942 0.548711 -11.037797 -1.238893 -1.446459 -2.043392 0.430174 -0.221195 3.971893 -5.912304 8.749467 1.136850 -1.936873 -5.442846 4.264939 -0.000001 0.000001 -0.000000 2.817104 -0.116588 4.223683 4.691846 0.063677 12.065566 -0.988863 -4.355957 6.991505 0.000001 -0.000003 0.000003 -4.042587 -1.176079 2.679430 -1.308211 -3.081640 4.922294 5.435109 -2.155594 4.497928 -0.000004 -0.000001 -0.000001 3.696463 0.428921 -7.901352 -1.237409 -4.358893 -16.973741 -3.681500 -6.115188 -0.879546 -0.000003 0.000001 -0.000002 1.596901 0.643802 16.405810 -1.067610 -2.144993 -6.566221 0.383698 1.558580 1.320323 0.000001 0.000001 -0.000000 
-10.545685 106.515648 -6.589296 2.436782 -0.309402 -9.857052 -0.887194 -1.107166 -1.941688 0.258305 -0.526234 3.586438 -5.646076 8.541893 1.051654 -1.736425 -4.990792 3.693166 -0.000003 -0.000000 -0.000001 2.490804 0.189634 3.777677 3.965735 0.054227 10.611810 -0.773796 -4.141833 5.782333 0.000002 0.000003 -0.000003 -3.558235 -0.946533 2.460906 -1.451728 -2.780901 4.350420 1.159010 -3.349251 3.243581 -0.000004 -0.000002 0.000000 3.006163 0.300524 -6.340994 -0.986526 -4.917511 -15.964348 -1.863498 -5.072389 -2.824170 -0.000005 -0.000000 -0.000001 1.173150 0.510753 14.761120 -1.313803 -1.775921 -6.146725 0.696171 0.329915 1.294316 0.000002 0.000001 0.000000 
-10.628964 106.423752 -6.698294 1.200115 0.344600 -8.750598 -1.257065 -1.406981 -1.573806 0.693192 0.513302 3.430471 -4.212049 6.507272 0.422797 -1.724983 -3.817273 3.530763 -0.000001 0.000000 -0.000001 2.436681 0.605343 3.521523 2.693401 0.089308 8.941058 -0.259479 -3.955567 4.643794 0.000002 -0.000003 0.000001 -2.384700 -0.642258 2.407733 -1.080753 -2.270838 3.914207 -2.725621 -3.900052 2.057581 -0.000001 0.000000 0.000000 2.430492 -0.127156 -5.540521 -0.367444 -3.790092 -13.745657 -2.789877 -4.217046 -0.321265 -0.000003 -0.000002 -0.000003 1.846203 0.762314 13.173763 -1.286227 -1.184624 -5.705271 0.428683 -0.035910 1.789163 0.000001 0.000002 -0.000000 
-10.701501 106.336662 -6.815261 0.970137 0.574628 -7.872637 -1.756608 -1.814793 -1.474305 1.124565 1.395785 3.342628 -3.669827 5.243200 0.028801 -1.713150 -3.168480 3.473297 0.000001 0.000002 0.000000 2.242384 0.509500 3.352263 1.952602 0.045141 7.723172 0.159762 -3.721385 3.752788 0.000001 0.000001 -0.000001 -1.869006 -0.557056 2.317246 -1.167543 -2.040299 3.722676 -3.753962 -3.608912 1.133073 -0.000002 -0.000001 -0.000002 1.823095 -0.523215 -4.843479 0.268636 -2.379921 -12.387459 -4.404269 -4.673632 1.665461 -0.000003 -0.000001 -0.000003 1.836706 0.769691 11.894702 -1.358740 -0.735719 -5.289466 0.390320 -0.292944 1.967305 0.000000 -0.000001 -0.000000 
-10.759777 106.237495 -6.946444 0.285870 0.659046 -6.919464 -0.981146 -1.102638 -1.120176 0.415126 0.149291 3.129030 -2.516090 4.927938 -0.296970 -1.808168 -2.650056 3.102362 -0.000001 -0.000000 -0.000002 2.101307 0.083211 3.154220 1.883850 -0.535909 6.161686 0.828668 -3.741580 2.953141 0.000002 -0.000001 -0.000003 -0.213174 -0.224451 2.455537 -1.948278 -2.026989 3.227959 -4.343526 -3.042690 0.304698 -0.000002 0.000000 -0.000001 1.352339 -0.557152 -3.852606 0.611449 -1.478528 -10.701238 -4.540881 -4.153726 2.491754 -0.000003 0.000001 -0.000002 2.117788 0.830594 10.221411 -1.890227 -0.348611 -4.149015 0.680248 -1.345304 1.613694 0.000001 0.000001 0.000000 
-10.793230 106.117363 -7.077198 0.254063 0.729308 -5.666525 -1.468608 -1.424096 -0.908001 0.866478 1.201419 2.744651 -2.205835 3.492912 -0.520610 -1.643889 -2.052412 2.841332 -0.000000 0.000000 -0.000002 1.171998 -0.007457 2.484123 2.157686 -1.201502 5.012263 1.345600 -4.021008 2.370771 0.000001 -0.000003 -0.000003 -0.201850 -0.290250 2.153354 -1.321117 -1.837405 2.924855 -3.216059 -2.624471 -0.692760 -0.000002 -0.000001 0.000000 1.015939 -0.485954 -2.921795 0.735552 -1.583464 -9.127160 -3.474152 -3.002350 2.164716 -0.000006 0.000000 -0.000001 1.846697 0.698587 8.126331 -1.968424 -0.067818 -2.781431 0.586014 -1.233218 0.861682 0.000002 0.000001 -0.000000 
-10.824164 106.000595 -7.206533 0.053744 1.185211 -4.857208 -1.993467 -1.833089 -0.809612 1.391753 2.191159 2.613870 -1.915193 2.378578 -0.684710 -1.480538 -1.830977 2.744703 -0.000000 0.000002 -0.000002 0.988209 -0.480835 2.151951 2.148733 -1.488473 3.903710 0.894422 -3.027216 2.150065 0.000001 0.000003 -0.000000 -0.291547 -0.215322 1.936808 -1.000548 -1.772359 2.287796 -2.541128 -2.099915 -0.676362 -0.000002 -0.000000 -0.000000 0.770721 -0.419568 -2.309334 0.713352 -1.818525 -7.757234 -2.070011 -2.006672 1.057868 -0.000000 -0.000000 -0.000001 1.802466 0.638775 6.827297 -2.148128 0.006545 -2.081246 1.090683 -3.000192 0.416020 0.000001 0.000001 0.000000 
-10.841634 105.861511 -7.337754 0.408595 0.644042 -3.814114 -1.171579 -1.062655 -0.567432 0.600770 0.920619 1.980981 -1.859990 2.287913 -0.567940 -0.969494 -1.023655 2.141537 -0.000003 -0.000001 0.000001 0.591241 0.017490 1.755479 1.255808 -1.495283 3.025120 -0.182966 -2.251194 1.780253 0.000002 0.000001 -0.000007 -0.999572 -0.141562 1.800673 -0.597372 -1.805095 1.832202 -1.098921 -1.860605 -1.250505 -0.000002 0.000000 0.000001 0.503051 -0.286507 -1.502492 0.515509 -1.116087 -6.044046 -1.662282 -1.213033 1.665300 -0.000003 -0.000002 -0.000003 0.476565 0.258258 5.173708 -1.663425 -0.119557 -1.036103 0.988410 -2.675740 0.136417 0.000002 0.000001 0.000000 
-10.841068 105.705338 -7.478507 -0.175521 0.338825 -2.739507 -0.273112 -0.266717 -0.117682 0.229035 0.366689 1.259187 -1.097598 1.570289 -0.315670 -0.920426 -1.452290 1.042864 -0.000000 -0.000000 -0.000001 0.478677 -0.200454 1.064569 1.064589 -1.428216 2.083753 -0.789017 -1.398359 1.137183 -0.000001 -0.000001 -0.000001 -0.435576 -0.159662 1.118450 -0.366445 -1.359702 1.236777 -0.154048 -1.442248 -0.841533 -0.000000 -0.000000 -0.000000 0.643578 0.034209 -0.978543 0.144552 -1.452989 -3.584664 -0.165142 -0.061885 0.691203 -0.000003 0.000000 -0.000001 0.650692 0.321081 3.519356 -1.071613 -0.119106 -0.427710 0.508878 -1.339987 0.233072 0.000003 0.000002 -0.000000 
-10.834114 105.544991 -7.625511 0.045912 0.214381 -1.776163 -0.180166 -0.160073 -0.149775 0.017661 -0.008941 0.821847 -0.745127 1.289989 -0.163982 -0.420799 -0.877794 0.652617 0.000001 0.000002 0.000001 0.173409 -0.039130 0.754561 0.982580 -1.526288 1.241365 -1.402120 -0.728082 1.024830 -0.000002 -0.000001 0.000001 -0.410005 -0.223526 0.698908 0.282699 -0.947190 0.989094 0.135701 -1.263957 -0.851459 -0.000002 -0.000001 0.000003 0.360335 -0.025621 -0.748855 -0.130799 -0.124417 -1.996314 -0.422454 -0.536912 0.582741 -0.000001 -0.000005 -0.000004 0.015709 0.066361 2.225240 -0.420115 -0.431298 -0.046087 0.409838 -0.523543 -0.067397 0.000002 0.000001 -0.000000 
-10.812243 105.371773 -7.774448 0.142463 0.089292 -0.701630 -0.398769 -0.353292 0.005973 0.211509 0.397165 0.269673 -0.383886 0.305885 -0.033611 -0.192106 -0.531631 0.297039 0.000001 -0.000001 0.000003 0.045252 -0.115369 0.237057 0.589519 -0.566978 0.549706 0.350190 -1.121368 0.138897 0.000002 0.000001 0.000002 -0.326203 -0.066195 0.260570 0.712698 -0.157224 0.361368 1.201328 0.002473 -0.261189 -0.000002 -0.000001 -0.000002 0.231895 0.086310 -0.206591 0.020051 0.074231 -0.696945 -0.221922 -0.278435 0.176243 -0.000004 -0.000002 -0.000006 -0.233766 0.008787 0.865391 0.180871 -0.057367 -0.102827 0.018198 0.056936 0.158863 0.000001 0.000001 -0.000000 
-10.784703 105.193649 -7.928175 -0.094361 -0.060493 0.467629 0.265868 0.235498 -0.005344 -0.142046 -0.264219 -0.180594 0.256029 -0.203794 0.023543 0.129605 0.353865 -0.199020 0.000002 -0.000001 0.000001 -0.029907 0.077013 -0.157981 -0.389992 0.381107 -0.363211 -0.231972 0.748029 -0.088806 -0.000000 0.000000 0.000002 0.217627 0.043306 -0.173931 -0.474582 0.107301 -0.239813 -0.800876 -0.004691 0.174076 -0.000000 0.000000 -0.000001 -0.154424 -0.058002 0.137534 -0.012864 -0.049619 0.464617 0.148419 0.185239 -0.118106 -0.000009 -0.000002 -0.000003 0.155761 -0.007820 -0.576904 -0.120641 0.038066 0.068648 -0.012221 -0.037927 -0.105912 0.000002 0.000002 -0.000000 
-10.742694 105.013168 -8.084746 -0.159819 -0.194176 1.194107 0.240025 0.194831 0.122595 -0.095441 -0.125073 -0.423519 0.561626 -1.076447 0.073229 0.139346 0.632294 -0.754867 0.000001 0.000000 -0.000001 0.062559 -0.070903 -0.352007 -0.637307 0.300391 -0.977954 -0.521202 1.348258 -0.414727 0.000001 -0.000000 -0.000000 0.169452 -0.046849 -0.480725 -0.093894 0.438709 -0.233615 -0.783467 0.224379 -0.270342 -0.000000 0.000000 -0.000000 -0.532326 -0.488512 0.530809 -0.137015 0.444057 1.226060 -0.060920 0.128680 0.196756 -0.000000 -0.000001 -0.000003 0.173417 0.045161 -1.708812 -0.645621 0.146102 0.557332 -0.177133 -0.137250 -0.251494 0.000000 0.000001 0.000000 
-10.693925 104.830826 -8.248021 -0.731314 -0.159703 2.147387 0.368993 0.364737 0.312580 -0.255415 -0.303472 -0.852733 1.197150 -1.529049 0.155460 0.471250 1.240876 -1.388279 0.000000 0.000000 0.000001 0.198153 -0.616858 -0.741520 -0.063306 -0.126057 -1.771910 -0.302799 1.541252 -0.851415 -0.000000 -0.000001 0.000001 0.585840 0.026246 -0.852916 0.486510 0.828591 -0.801160 -1.405412 0.413088 0.380902 -0.000000 -0.000000 -0.000000 -0.589863 -0.537340 0.572814 -0.125965 -0.066241 2.305664 0.310122 0.785902 0.306868 -0.000001 0.000001 -0.000002 0.283587 0.056142 -3.076648 -0.297919 0.333990 1.027637 -0.094950 -0.699012 -0.401480 0.000001 0.000001 0.000000 
-10.645195 104.655792 -8.421935 -0.554471 -0.320805 3.019210 0.282203 0.354803 0.483063 -0.305006 -0.327459 -1.277277 1.496625 -1.660139 0.349064 0.508960 0.992149 -1.978337 0.000001 -0.000001 -0.000001 0.377787 -0.707693 -1.093541 -0.251430 -0.180180 -2.677355 -0.610130 2.067603 -1.378196 -0.000002 0.000001 0.000002 0.414875 0.317382 -1.028582 0.620797 1.282908 -1.236472 0.016907 1.246020 0.668880 0.000001 -0.000001 0.000001 -0.555595 -0.275840 1.080010 0.069672 0.926761 3.027128 -0.045932 0.787855 0.608323 -0.000004 -0.000001 -0.000004 -0.622936 -0.001499 -4.233034 0.046243 0.739133 1.444596 -0.591962 0.158553 -0.616493 0.000001 0.000002 -0.000000 
-10.601398 104.490822 -8.606586 -0.746836 -0.220103 3.630670 0.366886 0.451402 0.527413 -0.491277 -0.649735 -1.459025 1.876604 -1.796305 0.325160 0.800030 1.447561 -2.195517 -0.000000 -0.000001 0.000001 0.366066 -0.803333 -1.204375 -0.820401 0.210100 -3.071859 -1.060726 2.594234 -1.846739 -0.000000 0.000001 -0.000001 0.577849 0.384970 -1.149448 0.530990 1.594677 -1.207395 0.181696 1.455436 0.337564 0.000001 -0.000001 0.000000 -0.685541 -0.253183 1.241920 0.103598 0.972247 3.842193 -0.448195 0.917318 1.247036 -0.000006 0.000001 0.000001 -0.761597 -0.036680 -5.027940 0.599022 0.807360 1.651683 -0.776149 0.852949 -0.789572 0.000003 -0.000000 0.000000 
-10.549647 104.321419 -8.801558 -1.014281 -0.135364 4.359255 0.219818 0.329392 0.542486 -0.530758 -0.766433 -1.532695 2.207286 -1.921911 0.128338 0.761832 1.323119 -2.425446 0.000003 0.000000 -0.000000 0.264182 -1.032587 -1.479726 -1.091851 0.587480 -3.431591 -1.467475 3.223453 -2.458755 0.000001 -0.000001 0.000001 0.743269 0.555818 -1.266270 0.414230 2.031513 -1.245656 0.114296 1.670147 0.528401 -0.000000 -0.000001 -0.000000 -0.767867 -0.241775 1.444660 0.055826 0.810261 4.979254 -0.494430 0.879401 1.260913 -0.000006 0.000002 0.000000 -0.597085 -0.018888 -6.096202 -0.236015 0.876020 2.066822 -0.748155 0.475130 -0.954774 0.000000 0.000002 -0.000000 
-10.480707 104.142311 -8.979082 -0.697668 -0.315976 5.150017 -0.021186 0.134148 0.514135 -0.467651 -0.597771 -1.831966 2.070788 -1.695823 0.066222 0.897791 1.468830 -2.643749 0.000003 0.000000 -0.000000 -0.049874 -1.135675 -1.772799 -0.860715 0.459885 -3.887776 -1.410311 3.230713 -3.352441 -0.000000 -0.000005 -0.000002 0.687271 0.758902 -1.321212 0.773955 2.353470 -1.409632 0.660506 2.051574 1.074242 -0.000000 0.000000 0.000001 -1.107873 -0.365558 1.890049 -0.030080 1.081180 5.717362 -0.958085 0.244732 1.205160 -0.000003 0.000000 -0.000001 -0.821891 -0.060113 -7.280915 -1.055009 0.778035 2.603115 -0.556205 0.107054 -1.103583 0.000002 0.000002 -0.000000 
-10.414241 103.972076 -9.158134 -0.762042 -0.598805 5.678401 0.420665 0.524162 0.601541 -0.553716 -0.662601 -2.106475 2.052880 -1.908413 0.049587 0.961116 1.545849 -2.982521 0.000000 0.000000 0.000001 -0.152190 -1.172867 -2.025315 -1.454059 1.122788 -4.182544 -1.440544 3.601400 -3.886363 0.000002 0.000003 -0.000003 0.498885 0.844954 -1.507794 0.293798 2.662733 -1.463369 0.722722 2.375828 1.825227 -0.000002 -0.000000 -0.000000 -1.260630 -0.486045 2.052248 -0.100255 1.841257 6.454980 -1.234888 -0.108403 1.219379 -0.000005 -0.000002 -0.000009 -0.624891 -0.033287 -8.049935 -1.606149 0.779041 2.942862 -0.526092 0.073558 -1.157548 0.000000 0.000001 0.000000 
-10.346459 103.808601 -9.336204 -0.924782 -0.572707 6.160429 0.255271 0.378136 0.870995 -0.468476 -0.263142 -2.519423 2.260560 -2.444817 0.023391 1.207701 2.334216 -3.131365 0.000001 0.000001 0.000000 -0.143182 -1.676378 -1.883801 -2.111361 1.095998 -4.430163 -2.094803 3.472542 -4.728890 -0.000001 -0.000001 0.000001 0.315821 0.717577 -1.371414 0.269521 2.497542 -1.257338 0.386193 1.965760 1.042515 -0.000002 -0.000000 -0.000000 -1.761827 -1.048969 2.188036 -0.218174 2.545927 7.682453 -1.732109 -0.556204 1.622576 -0.000000 -0.000000 -0.000001 -0.244479 0.019404 -8.602645 -1.379971 0.748424 2.915179 -0.646222 0.587392 -0.771224 0.000001 -0.000000 0.000001 
-10.277258 103.648323 -9.528665 -1.212647 -0.996706 6.712033 0.292282 0.334978 1.038638 -0.155604 0.441333 -2.734183 2.262200 -3.251944 0.145584 1.290558 2.280254 -3.807130 0.000002 0.000000 -0.000000 -0.356358 -1.792184 -1.728761 -2.909698 0.480012 -4.974468 -2.830698 3.268018 -5.595145 0.000003 0.000002 -0.000004 0.533215 0.372395 -1.319295 0.783053 1.931481 -1.037919 -1.315210 1.120562 -0.199279 -0.000002 0.000000 -0.000001 -1.734497 -1.116105 2.309045 -0.481235 2.016653 8.968408 -0.898766 0.607473 1.943886 -0.000004 -0.000003 -0.000002 -0.200577 0.106272 -9.167930 -0.848249 0.561906 2.676377 -0.394921 -0.006359 -1.147914 0.000000 -0.000000 -0.000000 
-10.202427 103.493790 -9.718195 -0.994127 -1.147776 7.158904 0.304756 0.307884 1.111885 -0.242035 0.381490 -2.956844 2.032201 -2.961163 0.271561 1.517698 2.503601 -4.132764 0.000003 0.000000 -0.000000 -0.406950 -2.086347 -1.765959 -3.118450 0.118837 -5.422961 -2.666183 2.829897 -6.451988 0.000001 -0.000001 -0.000003 0.420122 0.176998 -1.499539 1.112689 1.878098 -0.975525 -1.417487 1.167299 -0.592684 -0.000002 -0.000001 -0.000000 -1.904295 -1.398309 2.452644 -0.592231 2.179149 9.664760 -1.016065 0.866082 2.484186 -0.000007 -0.000000 0.000002 -0.435636 0.163518 -9.570278 -0.707692 0.513253 2.444452 -0.284930 -0.284783 -1.199526 0.000002 0.000002 -0.000000 
-10.119307 103.344193 -9.905664 -1.505889 -1.138089 7.421145 0.542832 0.488868 1.475354 -0.558802 -0.129683 -3.039569 2.784946 -3.287193 0.233981 1.515858 2.493013 -4.574308 0.000000 -0.000001 0.000001 -0.692267 -2.016350 -1.716071 -3.848782 0.121610 -5.786208 -3.280581 3.152893 -7.322694 0.000001 -0.000001 -0.000003 0.741814 -0.097532 -1.600814 1.259027 1.862292 -0.759322 -2.838797 0.693081 -1.132112 -0.000004 0.000000 -0.000000 -1.863704 -1.192101 2.879595 -0.278299 0.405439 10.211106 -0.825241 0.951323 2.020507 -0.000005 0.000001 -0.000002 0.176661 0.317756 -9.861971 -0.328272 0.800789 2.174046 -0.273556 -0.526936 -0.623294 0.000003 0.000002 -0.000000 
-10.040368 103.201126 -10.080994 -1.967473 -1.292352 7.954145 0.666033 0.606835 1.618539 -0.434106 0.108430 -3.211247 3.051216 -3.912295 0.226327 1.811605 3.460837 -4.796103 0.000001 0.000001 0.000004 -0.500457 -2.266636 -1.832465 -3.934833 0.276452 -6.154652 -3.586575 3.713375 -8.587108 -0.000001 0.000002 -0.000004 0.714302 0.139646 -1.578126 1.960275 2.029557 -1.257045 -2.758384 1.041215 -0.883514 -0.000000 0.000000 -0.000000 -2.081134 -1.347069 3.185016 -0.018063 0.141328 10.038793 -1.171388 0.773496 2.158011 -0.000003 0.000003 -0.000000 0.645756 0.346998 -10.497574 -0.503980 1.077112 2.124479 -0.312966 -1.136523 -0.565207 0.000001 0.000001 -0.000000 
-9.963288 103.076645 -10.247571 -1.434243 -1.403177 8.521222 0.517740 0.461685 1.479601 -0.584808 -0.014154 -3.448088 3.056185 -3.515787 0.323587 1.442055 2.918354 -4.887764 -0.000001 0.000003 0.000001 -0.710099 -2.537189 -1.757562 -3.754378 -0.591550 -6.440553 -4.283297 3.765323 -9.347708 0.000001 -0.000001 -0.000001 1.055855 -0.075108 -1.548553 2.291332 1.719093 -1.079331 -1.995992 0.942099 -1.636684 -0.000000 -0.000000 0.000002 -2.140470 -1.214109 3.594452 0.012325 -0.628977 9.301381 -1.155232 1.396569 3.001332 0.000002 0.000002 -0.000002 0.211863 0.299803 -11.133204 -0.783646 0.971610 2.197676 -0.212224 -1.286640 -0.437909 0.000003 0.000001 -0.000000 
-9.874754 102.961693 -10.412334 -2.229044 -1.300584 9.008570 0.713136 0.647980 1.784952 -0.480125 0.142155 -3.511234 3.651669 -4.144295 0.023721 1.573295 3.205723 -4.886487 0.000004 -0.000000 0.000001 -0.545170 -3.439150 -1.875851 -3.361790 -1.035017 -7.056165 -3.438368 2.890828 -10.266059 -0.000003 0.000000 -0.000003 1.176655 0.020408 -1.602402 2.627730 2.102761 -1.078819 -1.001985 1.358316 -1.380408 -0.000002 0.000001 -0.000001 -2.274132 -1.269922 3.650369 0.185422 -1.400959 9.136116 -1.216394 1.288075 2.893337 -0.000002 -0.000002 0.000004 1.114190 0.301199 -11.840256 -0.777979 1.024831 2.228876 -0.280347 -0.858605 -0.065347 0.000001 0.000001 -0.000000 
-9.784172 102.852966 -10.591723 -2.155332 -1.291766 9.440973 0.709000 0.638241 1.894143 -0.707749 -0.325615 -3.352716 3.594262 -3.659031 -0.100196 1.273150 2.538242 -4.905940 -0.000003 0.000000 -0.000000 -0.615637 -3.780035 -2.051978 -3.756266 -0.924863 -7.353069 -3.598197 2.935747 -10.778967 -0.000001 -0.000001 -0.000001 1.454445 0.102812 -1.613844 2.955584 2.272939 -1.073724 -0.884388 1.316181 -1.619636 -0.000004 -0.000001 -0.000001 -2.489460 -1.435696 4.005813 0.164226 -2.102316 8.910233 -0.997280 1.817969 3.232615 -0.000005 -0.000001 -0.000001 1.043333 0.287641 -12.343241 -1.174782 0.928364 2.093013 -0.134219 -1.153854 0.170026 0.000001 0.000002 0.000000 
-9.702800 102.747910 -10.763511 -1.543119 -1.583611 9.853127 0.545604 0.511637 1.693640 -0.696643 -0.321460 -3.422612 3.307735 -3.521312 -0.021812 1.525374 2.933672 -4.902755 -0.000001 -0.000003 0.000001 -0.520213 -3.559580 -2.012221 -3.693696 -1.197125 -7.756153 -3.316243 2.354083 -11.501156 0.000004 -0.000000 -0.000006 1.396790 0.292333 -1.498418 3.059470 2.511541 -1.024306 -1.825514 0.939542 -1.511195 -0.000004 0.000000 -0.000002 -2.734407 -1.567538 4.185999 0.113343 -2.175044 8.867717 -0.888479 1.944380 3.195879 -0.000000 -0.000002 -0.000007 0.483951 0.208293 -12.779204 -0.856544 0.842790 2.046030 -0.247249 -0.353766 0.330321 0.000003 0.000001 0.000000 
-9.621742 102.632851 -10.948025 -1.537790 -1.881582 10.178054 0.356208 0.361836 1.683725 -0.571913 -0.195573 -3.298651 3.178143 -3.579725 0.032420 1.429424 2.760870 -5.059410 0.000000 -0.000000 -0.000001 -0.225504 -4.081459 -1.960831 -3.885342 -1.231967 -8.111414 -4.299987 3.410831 -12.101375 0.000003 0.000001 0.000003 1.435397 0.533053 -1.233720 2.899870 2.570160 -0.972120 -1.813015 0.922519 -1.964957 -0.000000 0.000001 0.000002 -2.560522 -1.221329 4.196248 0.086163 -2.324730 9.426531 -0.741484 2.120054 3.039419 -0.000003 -0.000000 -0.000001 -0.324902 0.145627 -13.083434 -1.119764 0.826245 2.011938 -0.208350 -0.581048 0.070793 0.000000 0.000001 0.000000 
-9.546131 102.518723 -11.121480 -2.209260 -1.570413 10.375594 0.778222 0.722573 1.818773 -0.281211 0.158229 -2.958762 3.604662 -4.584510 -0.326816 1.339189 2.864493 -4.732758 0.000004 0.000000 -0.000002 -0.487238 -3.416688 -1.796659 -3.953751 -1.634311 -8.531845 -4.938489 3.700506 -12.560836 0.000001 0.000001 -0.000001 0.943768 0.621835 -1.053894 2.805213 2.682141 -0.660217 -1.610513 0.937593 -1.838461 0.000001 0.000000 -0.000001 -2.895600 -1.605679 3.913003 0.159105 -2.340784 10.160696 -0.790937 1.927349 2.826603 -0.000002 -0.000001 -0.000000 0.052497 0.099789 -13.359803 -1.202144 0.705924 1.976638 -0.306746 -0.125166 -0.047806 -0.000002 0.000001 -0.000000 
-9.471480 102.408188 -11.297690 -2.333031 -1.674378 10.551732 0.872876 0.801890 2.003342 -0.208771 0.236750 -2.953772 3.650343 -4.793812 -0.410558 1.312897 2.756789 -4.743758 -0.000001 -0.000000 -0.000001 -0.644463 -3.146663 -2.016123 -3.344988 -1.665728 -8.541204 -4.723243 3.822705 -13.204997 0.000001 -0.000002 0.000002 0.748396 0.916289 -1.006009 3.010190 2.926426 -1.009188 -1.663702 1.211387 -0.948805 -0.000005 -0.000003 0.000001 -3.223890 -2.032126 3.859043 -0.062803 -1.331794 10.307355 -0.884237 1.571255 2.655792 -0.000000 -0.000002 -0.000006 0.676410 0.058484 -13.627449 -1.082081 0.504518 2.069552 -0.653803 1.193523 0.279403 0.000003 0.000002 0.000000 
-9.389168 102.294640 -11.479187 -2.469175 -1.841057 10.915789 0.705485 0.593812 2.062293 0.039908 0.694289 -2.867149 3.505597 -5.271703 -0.526820 1.603269 3.385319 -4.570659 0.000003 -0.000000 -0.000001 -0.994059 -2.620700 -1.852272 -3.013125 -2.634435 -8.816980 -5.397446 3.838205 -13.494508 0.000001 -0.000001 -0.000001 0.967579 0.699209 -0.950418 3.095104 2.721177 -0.847436 -1.450932 0.961402 -1.650397 -0.000002 0.000000 -0.000002 -3.106603 -1.949615 3.821800 -0.148870 -1.852251 10.089101 -1.001338 1.806073 3.237131 -0.000003 -0.000002 -0.000006 0.996998 0.100217 -14.123422 -1.095649 0.313075 2.066400 -0.685663 1.542208 0.472684 0.000002 0.000001 0.000000 
-9.302570 102.187469 -11.657537 -2.236059 -2.056939 11.270529 1.017336 0.875687 2.236145 -0.210421 0.161770 -2.880851 3.116586 -4.192395 -0.423883 1.926107 4.244043 -4.745789 0.000000 -0.000001 0.000001 -0.505844 -4.380188 -2.037394 -4.223430 -1.167059 -8.981840 -4.575883 3.686642 -13.482889 0.000002 0.000000 -0.000003 1.413367 0.357890 -1.578101 2.174883 2.875068 -1.008419 -2.530062 0.860007 -0.264077 -0.000004 -0.000002 0.000000 -3.627418 -2.382862 3.742541 0.096169 -0.908729 9.943881 -1.020051 1.932709 2.922724 -0.000009 -0.000003 -0.000009 0.329149 0.008618 -14.620705 -0.227322 0.765765 2.166147 -1.136158 2.398002 0.903277 0.000002 0.000002 0.000000 
-9.224573 102.081680 -11.829211 -2.659202 -2.214659 11.492197 1.309941 1.143095 2.458664 -0.526029 -0.140978 -3.174201 3.677490 -4.535900 -0.395820 2.023789 4.044126 -4.585354 -0.000001 -0.000000 0.000001 -0.843154 -3.438139 -1.952098 -3.471199 -2.721525 -9.443330 -5.229832 3.684431 -13.264574 0.000003 0.000001 -0.000001 1.712482 0.378755 -1.292756 2.196358 2.555184 -1.059894 -2.711631 0.517371 -1.328297 -0.000004 -0.000000 -0.000001 -3.636715 -2.689565 3.592277 -0.164079 -1.364998 10.152480 -0.626570 2.630156 3.544441 -0.000005 -0.000000 -0.000001 0.665287 0.062581 -14.758403 -1.049892 0.356585 1.922758 -0.563157 1.168528 0.680961 0.000001 0.000001 -0.000000 
-9.150076 101.980965 -12.004606 -3.237856 -2.229388 11.743031 1.458726 1.302323 2.570552 -0.581966 -0.214946 -3.170536 4.234946 -5.300202 -0.404553 2.022686 3.875489 -4.840975 0.000001 0.000000 -0.000000 -0.887870 -2.896995 -1.974055 -3.696902 -2.652028 -9.660567 -5.379027 3.928122 -13.252989 0.000002 0.000003 -0.000003 1.777960 0.493274 -1.273406 2.538921 2.639663 -1.217914 -3.520065 0.290789 -1.551508 -0.000002 -0.000000 -0.000001 -3.664305 -2.865916 3.474959 -0.235379 -1.435063 10.550283 -0.506825 2.913664 3.798735 -0.000005 0.000002 -0.000006 1.336067 0.090111 -14.956649 -1.446587 0.176448 1.670576 -0.606081 1.549373 0.918779 0.000001 0.000001 0.000000 
-9.073397 101.888550 -12.175314 -3.253390 -2.302373 12.176360 1.397631 1.246246 2.732334 -0.581605 -0.095488 -3.309275 4.609924 -5.493952 -0.406184 1.833329 3.739534 -4.780055 0.000001 0.000001 -0.000001 -1.008732 -2.943031 -2.005887 -4.660172 -2.162577 -9.683810 -5.713284 3.975155 -13.158946 -0.000000 0.000000 -0.000003 1.451785 0.257843 -1.482789 2.175781 2.411899 -1.046283 -4.129453 -0.037972 -1.918070 -0.000002 -0.000001 0.000002 -3.607208 -2.779384 3.731948 -0.195177 -1.675070 10.345091 -0.790829 3.152156 4.536208 -0.000003 -0.000001 -0.000003 1.216604 0.182322 -15.354009 -1.341845 0.286132 1.378611 -0.593228 1.123976 0.750870 -0.000001 0.000001 0.000000 
-8.993466 101.801285 -12.349263 -2.830320 -2.392444 12.669788 1.223164 1.098890 2.650199 -0.358606 0.196161 -3.207185 4.190563 -5.620973 -0.561001 1.779729 3.744022 -5.182490 0.000001 0.000002 0.000001 -1.153863 -3.065253 -2.173925 -4.389245 -2.411619 -9.928389 -5.216695 3.164613 -13.506762 0.000000 -0.000001 -0.000001 1.529936 0.246952 -1.629448 2.887487 2.478120 -1.467558 -4.459364 -0.154307 -1.270889 -0.000002 -0.000001 0.000003 -3.603020 -2.661514 3.912810 -0.309821 -1.742259 10.172540 -0.950743 3.294165 4.996223 -0.000004 -0.000001 -0.000006 0.762190 0.126963 -15.892949 -1.333956 0.156720 1.296820 -0.599148 1.052966 0.968831 0.000000 0.000001 -0.000000 
-8.902076 101.721672 -12.509615 -2.912980 -2.359983 13.222646 1.314129 1.134260 2.524964 0.005155 0.577126 -2.848234 3.638010 -5.650136 -0.752481 1.891231 4.662101 -5.137072 -0.000003 0.000000 -0.000000 -0.824350 -4.269527 -2.186998 -4.805449 -2.198440 -10.204629 -5.975260 4.502614 -13.468197 0.000003 -0.000001 0.000001 1.308776 -0.061861 -1.951026 2.122748 2.323606 -1.553846 -5.708451 -0.665074 -0.254709 0.000001 -0.000000 0.000002 -4.028643 -2.904276 4.016768 -0.499069 -1.733627 9.827915 -1.218709 2.032862 3.904881 -0.000007 -0.000004 -0.000004 0.585137 -0.002333 -16.687651 -0.347998 0.205268 1.482807 -0.843135 1.620141 1.609842 -0.000001 0.000001 -0.000000 
-8.819216 101.657600 -12.680590 -2.370369 -1.713688 13.800832 0.715445 0.583434 2.493308 0.134315 0.759666 -2.693586 3.958775 -6.099598 -0.887640 1.402090 3.994249 -5.587216 0.000001 0.000003 0.000001 -0.940624 -4.385330 -1.967109 -6.271620 -1.639213 -10.187054 -6.956157 4.619741 -13.726949 -0.000000 0.000000 -0.000003 -0.087721 -0.156831 -1.740885 2.458474 1.736672 -1.518810 -6.375871 -1.486152 -0.723410 -0.000002 -0.000000 -0.000000 -4.859556 -3.688231 4.251582 -0.556206 -2.248607 9.287858 -0.377924 3.381852 4.058845 -0.000004 -0.000000 -0.000004 0.293142 -0.067498 -17.245152 -0.150221 0.029361 1.154894 -0.893951 2.172307 2.210257 0.000000 0.000002 -0.000000 
-8.734687 101.596848 -12.850912 -1.460808 -1.569236 14.349369 0.105443 0.075056 2.383741 0.216292 0.890895 -2.804179 3.739406 -5.883379 -0.823383 1.404432 3.979917 -5.983894 0.000001 0.000001 0.000002 -0.809369 -4.583229 -2.089258 -6.615927 -1.048450 -10.193210 -6.755349 4.605371 -14.244308 -0.000003 -0.000002 -0.000004 -1.124613 0.127344 -1.663236 3.407938 1.965019 -1.790630 -6.391996 -1.313633 -0.516765 -0.000000 0.000000 0.000002 -5.283359 -3.987441 4.693043 -0.458900 -1.712100 8.541555 -0.502956 3.525779 4.269921 -0.000001 -0.000003 -0.000002 -0.911905 -0.118374 -17.794159 0.210589 0.094436 0.945624 -1.147842 2.781583 2.689325 0.000001 -0.000000 0.000000 
-8.646307 101.545097 -13.026533 -1.482777 -1.538603 14.997162 0.577228 0.544740 2.326652 -0.298178 0.076538 -2.889441 4.031505 -5.355619 -0.819576 0.919134 3.244838 -6.232455 0.000003 0.000001 0.000000 -1.043393 -4.923684 -2.077333 -6.801937 -1.296195 -10.374219 -6.828672 4.079960 -14.815889 -0.000000 0.000003 -0.000003 -1.758197 0.073884 -1.582611 3.948733 1.720604 -1.864691 -6.419956 -1.472026 -0.619588 -0.000000 0.000000 0.000000 -5.462355 -4.080851 4.926245 -0.415951 -1.885465 8.165363 -0.548672 3.326753 4.239270 0.000001 -0.000004 -0.000001 -0.865344 -0.172003 -18.371220 0.608843 -0.020574 0.600637 -1.347348 3.642899 3.183136 0.000000 -0.000000 0.000000 
-8.540672 101.497627 -13.198574 -2.069860 -1.328016 15.658245 1.070699 1.001155 2.450526 -0.540685 -0.380857 -2.881378 4.455483 -5.703552 -0.979268 0.814747 3.221317 -6.571331 -0.000001 -0.000001 0.000001 -1.263579 -5.024435 -2.071350 -6.592509 -2.051978 -10.730571 -7.208487 3.739360 -15.275740 0.000001 -0.000001 -0.000001 -1.759001 -0.087450 -1.650199 3.811439 1.634153 -1.667876 -6.402913 -1.731075 -0.927506 0.000001 0.000000 -0.000000 -5.822706 -4.369517 5.143655 -0.378197 -2.298606 7.943353 -0.417967 3.456523 4.248550 -0.000001 -0.000004 -0.000004 0.206295 -0.220880 -19.091678 0.709635 -0.149849 0.263795 -1.464983 4.187741 3.728342 0.000003 0.000002 -0.000000 
-8.439018 101.446434 -13.362025 -3.034392 -1.349172 15.928771 1.709688 1.600694 2.724970 -0.581946 -0.580275 -2.857734 4.782644 -6.177587 -1.136494 1.019954 3.520513 -6.854460 0.000003 0.000000 -0.000001 -1.178870 -5.436576 -2.253152 -6.751272 -1.202078 -10.588054 -6.846308 3.809830 -15.556464 -0.000001 -0.000001 -0.000001 -1.941189 0.203563 -1.672423 3.698795 2.044099 -1.885597 -6.359373 -1.478636 -0.376974 -0.000002 -0.000003 0.000001 -6.096488 -4.521567 5.193193 -0.336580 -3.464800 7.944200 -0.232432 3.466928 3.831893 -0.000003 0.000003 -0.000003 0.860756 -0.308775 -19.474198 1.100376 -0.234540 0.200973 -1.294375 3.783181 3.608057 0.000003 0.000001 0.000000 
-8.336704 101.407852 -13.526257 -3.162010 -0.995497 16.645694 2.041998 1.903387 2.676210 -0.763907 -0.868488 -2.948667 5.057811 -6.196664 -1.105177 0.801253 3.261294 -7.393845 -0.000001 0.000004 -0.000005 -1.460546 -5.742897 -2.499464 -6.392172 -1.046021 -10.514757 -6.864939 4.413259 -15.682767 -0.000002 0.000002 -0.000004 -2.114954 0.260475 -1.665428 2.919156 2.097647 -2.161336 -5.729975 -1.035349 -0.082664 -0.000002 -0.000001 -0.000002 -6.420247 -4.851570 5.573411 -0.176198 -3.336651 7.168850 -1.169601 2.898206 4.528799 -0.000002 -0.000005 -0.000001 0.796168 -0.267700 -20.060979 1.676900 -0.081067 -0.245162 -1.354726 3.439051 3.903071 0.000001 0.000001 -0.000000 
-8.242560 101.383286 -13.708662 -3.553956 -0.529121 17.390348 2.216033 2.047974 2.749201 -0.687884 -0.749444 -2.987568 5.279182 -6.538787 -1.179323 0.755442 3.532348 -7.802958 0.000006 0.000000 0.000001 -1.342015 -6.531413 -2.069441 -7.255552 -1.093955 -10.854119 -7.771472 5.358380 -15.140127 0.000001 -0.000001 -0.000001 -1.145467 -0.157438 -1.820990 0.923514 1.435447 -1.974494 -7.051190 -1.546834 -0.142857 -0.000002 -0.000002 0.000002 -7.034347 -5.632980 5.627231 0.153908 -3.920325 6.459066 -1.616919 2.899016 5.106704 -0.000001 -0.000001 -0.000000 1.081874 -0.216711 -20.563316 2.321601 -0.000217 -0.830628 -1.124698 3.016716 4.231257 0.000000 -0.000000 0.000000 
-8.157555 101.361977 -13.901033 -3.314648 -0.112271 17.953834 1.174388 1.108568 2.599698 0.205375 0.659996 -2.781831 5.251016 -7.560485 -1.424063 1.187432 4.252956 -7.924257 0.000004 0.000000 0.000002 -1.829262 -5.058967 -1.875321 -6.364948 -2.155377 -11.207499 -8.046677 5.557237 -14.813712 0.000001 0.000000 -0.000003 -0.716459 -0.121136 -1.531888 -0.868765 1.102906 -1.891433 -6.229867 -1.464353 -0.499778 -0.000004 -0.000002 -0.000000 -7.359374 -5.802153 5.859355 0.029518 -3.712430 5.990991 -1.999890 2.257355 5.078116 -0.000004 -0.000000 0.000002 0.723479 -0.266901 -20.939635 3.258742 -0.327171 -1.189272 -1.401195 4.628930 4.541215 0.000001 0.000001 -0.000000 
-8.069467 101.341606 -14.099466 -3.510166 -0.278360 18.501447 1.026674 1.017693 2.593454 0.462474 1.015300 -2.645333 5.374029 -7.769825 -1.594693 1.117932 4.463939 -8.343436 0.000000 0.000001 0.000002 -1.813149 -4.670708 -1.810180 -5.832909 -2.678909 -11.344709 -8.245097 5.676018 -14.540026 0.000003 0.000003 -0.000003 -0.628667 -0.113591 -1.431123 -1.934228 1.038222 -1.927912 -5.018130 -1.228305 -0.411959 -0.000002 -0.000001 -0.000000 -7.645261 -5.949620 6.047934 0.042265 -4.350670 5.452094 -1.904057 2.677663 5.225890 -0.000005 -0.000002 0.000001 1.000926 -0.343394 -21.392883 3.958795 -0.299303 -1.657923 -1.921317 5.863882 4.980375 0.000002 0.000001 -0.000000 
-7.979658 101.329529 -14.298942 -4.181123 -0.189262 18.774281 1.233762 1.207219 2.976160 0.666186 1.202941 -2.522138 5.502380 -8.135858 -1.622183 1.306765 4.534277 -8.488774 0.000000 -0.000000 0.000001 -1.521799 -4.912484 -2.189532 -5.453822 -1.882365 -11.133590 -7.213004 5.495525 -14.559665 0.000002 -0.000004 -0.000000 -0.690001 0.149895 -1.569658 -2.602732 1.534782 -2.491517 -5.130460 -0.754247 0.921034 -0.000002 -0.000000 0.000002 -7.985742 -6.288428 6.337393 0.111278 -5.679256 4.941018 -2.355121 2.759657 5.697880 -0.000001 -0.000002 -0.000002 1.475021 -0.365938 -21.568020 3.649583 0.011653 -2.078171 -1.918153 4.772969 5.201188 0.000000 -0.000000 -0.000000 
-7.895137 101.318336 -14.497353 -4.403053 -0.004922 18.953683 1.260670 1.242134 2.998266 0.733711 1.175880 -2.177036 5.568397 -8.257309 -1.866749 0.975084 4.094150 -8.338560 0.000004 0.000000 -0.000002 -1.662709 -5.168859 -2.363870 -5.217912 -1.484815 -10.773229 -6.560343 5.123525 -14.533007 0.000001 0.000000 -0.000003 -0.435225 0.311007 -1.466778 -2.716081 1.706259 -2.622804 -5.377559 -0.624398 1.486078 -0.000004 -0.000000 0.000002 -8.453961 -6.858414 6.462964 0.296578 -5.781511 4.776715 -1.995868 3.782910 6.038106 -0.000006 -0.000001 0.000003 1.682543 -0.361707 -21.624577 3.677079 0.157522 -2.463325 -1.839035 4.193724 5.462078 0.000004 0.000002 -0.000000 
-7.813055 101.309532 -14.706715 -4.169152 0.363104 19.309717 1.026860 1.050364 3.021001 0.451306 0.679924 -2.171460 5.705952 -7.623930 -1.883044 1.028368 4.331402 -8.389505 0.000001 -0.000000 -0.000001 -1.714549 -5.674157 -2.471149 -5.177877 -1.118104 -10.467737 -5.861396 4.423829 -14.655868 0.000002 0.000000 -0.000000 -1.355234 0.350256 -1.416151 -1.391852 1.804635 -2.920176 -6.446843 -0.940742 2.106167 -0.000000 -0.000000 -0.000003 -8.796100 -7.216359 6.765491 0.385249 -4.938622 4.446136 -2.651768 3.292221 6.338493 -0.000000 -0.000001 -0.000001 1.528633 -0.301795 -21.852891 3.477450 0.371339 -2.910055 -1.817118 3.642192 5.978438 0.000003 0.000002 -0.000000 
-7.735023 101.310814 -14.908899 -4.198960 0.167812 19.764385 1.276842 1.291894 3.039464 0.237051 0.426421 -2.295123 5.851651 -7.601970 -1.834299 0.928546 4.258094 -8.619057 -0.000000 0.000002 -0.000002 -1.469652 -5.712761 -2.443893 -4.887264 -1.123999 -10.565825 -5.371073 4.708544 -14.678760 0.000001 -0.000002 -0.000004 -1.833463 0.440568 -1.408556 -1.215155 1.970051 -3.080500 -7.425603 -0.855590 2.923227 0.000002 0.000000 -0.000002 -8.958670 -7.635468 6.786404 0.637593 -4.442542 4.049559 -2.901104 3.393903 6.724921 -0.000003 -0.000004 -0.000004 1.757638 -0.204486 -22.192236 3.533802 0.634071 -3.407932 -1.901992 3.305969 6.421536 0.000002 0.000002 -0.000000 
-7.661382 101.313400 -15.103723 -4.592327 0.442982 20.065498 1.333259 1.320078 3.329415 0.278678 0.586223 -2.319399 5.938808 -7.852630 -1.947732 1.053745 4.435200 -8.884252 0.000001 -0.000001 -0.000003 -1.654799 -5.808336 -2.414901 -5.099028 -1.083569 -10.319341 -5.730655 4.767393 -14.586724 0.000003 -0.000001 -0.000003 -1.742391 0.202186 -1.529963 -1.238398 1.626757 -3.239253 -7.261020 -0.969227 3.131655 -0.000002 -0.000000 0.000002 -9.281320 -8.243791 6.508420 0.642525 -4.886549 3.815601 -2.573321 3.658875 6.520007 -0.000001 -0.000001 -0.000003 2.540469 -0.182054 -22.327752 3.537007 0.550353 -3.821522 -1.767360 2.953447 6.786446 0.000001 0.000001 -0.000000 
-7.582274 101.322327 -15.297127 -5.292037 0.396028 20.517385 1.390617 1.414216 3.438843 0.429219 0.809225 -2.306991 6.381960 -8.573958 -2.111690 1.047580 4.565599 -9.138597 0.000003 0.000002 0.000001 -1.563399 -5.846237 -2.676436 -4.328618 -0.749458 -10.249054 -4.823228 4.723716 -14.787515 0.000003 0.000001 -0.000001 -1.837963 0.569799 -1.495131 -1.120747 2.092725 -3.506694 -8.110251 -0.876981 3.800762 -0.000004 0.000000 0.000003 -9.384944 -8.346275 6.363269 0.647812 -5.562348 3.029079 -2.873597 3.864947 7.125091 -0.000004 -0.000001 -0.000007 3.309322 -0.237456 -22.740749 3.373501 0.557447 -4.081324 -1.688622 2.640387 7.122362 0.000001 0.000002 0.000000 
-7.503304 101.331497 -15.499212 -5.880650 0.204225 21.151907 1.419043 1.483800 3.324127 0.470891 0.781212 -2.300779 6.557846 -8.866888 -2.237791 1.139812 4.707860 -9.433907 -0.000003 0.000001 0.000002 -1.613535 -5.906484 -3.005389 -3.060714 -0.855348 -10.076327 -4.186743 4.921856 -15.178203 -0.000000 -0.000002 0.000002 -1.700111 0.844316 -1.610752 -0.765657 2.587884 -3.708741 -7.552909 -0.219577 4.378463 -0.000000 -0.000000 0.000002 -9.302216 -8.134394 6.412306 0.609982 -5.375168 2.226178 -3.648239 3.220536 7.631266 -0.000000 -0.000003 -0.000002 3.081275 -0.313683 -23.382048 3.350186 0.515750 -4.276527 -1.650035 2.428014 7.235480 0.000002 0.000002 -0.000000 
-7.411126 101.334686 -15.680237 -5.886108 0.877246 21.440773 0.903220 1.014797 3.747227 0.590569 1.275804 -2.616834 6.848653 -9.162817 -2.269404 1.017623 4.886520 -9.518197 0.000001 0.000003 -0.000004 -2.456935 -5.545936 -2.841324 -2.847384 -2.209695 -10.019453 -5.314635 5.061917 -14.589813 0.000001 0.000003 0.000001 -1.858691 0.374573 -1.472089 -0.716483 1.441744 -3.350023 -8.948408 -1.382299 3.384774 -0.000003 -0.000000 0.000002 -9.782767 -8.684135 6.690572 0.255352 -5.928486 1.542317 -2.625567 3.751766 7.180448 -0.000002 -0.000003 0.000001 3.435360 -0.386769 -23.761511 2.815634 -0.088531 -4.167953 -0.956914 1.908569 6.867440 0.000000 -0.000000 0.000000 
-7.322137 101.322083 -15.860703 -5.483526 0.974087 21.850455 0.600348 0.752074 3.900989 0.854018 1.857319 -2.856650 6.521760 -9.367809 -2.242643 1.287586 5.321012 -9.616456 -0.000001 0.000001 0.000002 -2.631698 -5.744745 -2.917797 -3.250696 -1.721691 -9.730822 -5.541141 5.145391 -14.284112 -0.000001 -0.000001 0.000001 -1.731195 0.289250 -1.496304 -2.029806 1.232246 -3.275652 -9.486138 -1.636592 3.654898 -0.000002 0.000001 -0.000001 -10.207895 -9.245335 6.945845 0.183166 -5.285135 1.428328 -2.567213 3.280235 6.802766 -0.000007 -0.000001 -0.000003 3.178035 -0.402544 -24.205888 2.286186 -0.297897 -4.353608 -0.887662 2.072605 7.317077 0.000000 -0.000000 -0.000000 
-7.229440 101.303185 -16.044188 -5.248209 1.089863 22.346255 0.396886 0.556449 3.906566 0.957707 2.098182 -3.009706 6.330174 -9.345681 -2.214917 1.144324 5.193038 -9.735521 0.000001 -0.000001 -0.000001 -2.708588 -6.225476 -2.840941 -3.670968 -1.581139 -9.621753 -6.235098 5.248981 -14.355623 0.000004 -0.000000 -0.000000 -2.073332 0.144155 -1.377237 -1.790520 1.160147 -3.024380 -7.908134 -1.344144 3.278632 -0.000002 0.000000 0.000003 -10.522638 -9.593241 7.216207 0.085074 -4.823711 1.296370 -2.873433 2.605906 6.565523 -0.000007 -0.000000 -0.000001 2.965949 -0.366550 -24.748408 1.742201 -0.376355 -4.563567 -0.994127 2.364624 7.572495 0.000003 0.000002 -0.000000 
-7.133637 101.283150 -16.236292 -5.275138 1.441256 22.704191 0.115346 0.292682 3.920465 0.725583 1.700000 -2.887043 6.507886 -8.963419 -2.385405 0.848907 4.694844 -9.801824 -0.000001 0.000002 -0.000001 -2.696093 -6.692918 -2.684553 -4.027122 -1.641037 -9.758401 -6.453214 4.953691 -14.471405 0.000001 0.000003 -0.000003 -2.092505 -0.010888 -1.337796 -1.705378 0.929766 -2.961821 -9.043600 -1.992891 3.148859 -0.000001 0.000001 0.000001 -10.794750 -9.823081 7.386050 -0.089992 -5.263880 1.024047 -2.484883 3.149494 6.702060 -0.000005 -0.000002 -0.000003 3.427738 -0.433902 -25.113754 1.517735 -0.664930 -4.808761 -0.703112 2.084202 7.851512 0.000002 0.000001 0.000000 
-7.039924 101.263008 -16.435635 -5.203112 1.079389 23.363852 -0.108738 0.111812 3.734390 1.199316 2.483448 -2.909009 6.030570 -9.205494 -2.368117 1.361359 5.297762 -9.936691 0.000000 0.000001 0.000004 -2.687374 -6.884482 -2.852472 -3.615252 -1.329429 -9.925440 -5.419873 4.971760 -14.790768 -0.000002 -0.000002 0.000002 -1.522019 0.181285 -1.385920 -2.570880 1.205767 -3.273947 -9.324100 -1.391194 4.030451 -0.000002 -0.000000 -0.000000 -10.593186 -9.697463 7.451736 -0.129405 -4.748359 0.652166 -2.614413 3.077640 6.979218 -0.000007 0.000001 -0.000002 2.907927 -0.415029 -25.727152 0.925557 -0.800404 -5.162154 -0.477622 1.640027 7.848434 0.000003 0.000001 0.000000 
-6.946180 101.244514 -16.644314 -4.676962 1.050516 23.926875 -0.091615 0.149398 3.610367 0.923248 1.982704 -2.956225 6.014133 -8.555287 -2.329919 1.159990 4.744367 -10.235447 0.000004 -0.000001 0.000002 -2.876828 -6.507807 -3.213618 -3.153900 -1.012025 -10.042403 -4.374800 4.836646 -14.973740 0.000002 0.000003 0.000001 -2.244308 0.574070 -1.376557 -2.531769 1.662353 -3.706339 -9.772004 -0.935007 4.841316 -0.000004 0.000000 -0.000003 -10.648586 -9.798000 7.774456 -0.096679 -4.299143 0.048631 -3.097381 3.060421 7.676339 -0.000003 0.000000 -0.000001 2.771801 -0.449908 -26.161189 1.007834 -0.836177 -5.726607 -0.703771 2.054114 8.441370 0.000004 0.000001 -0.000000 
-6.856291 101.219879 -16.846193 -4.440417 1.388056 24.173334 -0.112203 0.156023 3.749602 0.499740 1.311625 -3.150660 6.205757 -7.790479 -2.184500 1.164155 4.773139 -10.482798 -0.000000 -0.000001 0.000002 -3.021296 -6.854508 -3.452845 -3.113783 -0.694012 -9.939208 -4.259527 5.119000 -15.415051 -0.000001 0.000001 0.000003 -2.175949 0.639651 -1.475768 -3.204906 1.843522 -3.748640 -7.739717 0.097634 5.201108 -0.000002 -0.000000 0.000001 -10.872653 -10.113806 8.123147 0.161789 -3.046613 -0.256562 -3.919761 1.675023 7.399045 -0.000001 -0.000003 -0.000002 3.132917 -0.459241 -26.277681 0.908439 -0.642848 -6.063566 -0.781061 1.823129 8.849598 0.000002 0.000002 0.000000 
-6.758920 101.201134 -17.049730 -4.682107 1.018246 24.549875 0.071713 0.312231 3.825882 0.589330 1.510391 -3.152259 6.168800 -8.101589 -2.081665 1.138096 4.774406 -10.817530 0.000005 0.000000 0.000001 -2.957887 -7.274823 -3.382821 -3.638720 -0.922321 -10.090540 -5.069346 5.354352 -15.581786 0.000003 0.000001 0.000002 -2.106897 0.503711 -1.398557 -3.002700 1.650776 -3.536256 -7.397702 -0.002626 4.671482 -0.000002 -0.000002 0.000001 -10.874452 -10.282209 7.943061 0.170844 -2.551514 -0.093777 -3.985077 1.189046 6.820999 -0.000003 -0.000002 -0.000006 3.453774 -0.426173 -26.533108 0.826321 -0.628383 -6.552402 -0.855576 1.787372 9.120353 -0.000001 0.000001 -0.000000 
-6.657712 101.193588 -17.237686 -4.930964 0.966043 24.803246 0.389858 0.618194 4.191028 0.544977 1.470994 -3.275363 6.067176 -8.415192 -2.001573 1.290410 5.225646 -11.122485 -0.000003 0.000000 -0.000000 -2.811619 -7.354566 -3.518868 -3.425222 -0.826345 -10.385511 -4.695807 5.592729 -15.906530 -0.000001 -0.000005 -0.000002 -1.967150 0.642303 -1.500376 -2.598212 2.189892 -3.614428 -6.589056 0.665504 4.829490 -0.000002 -0.000002 -0.000000 -11.108194 -10.647721 7.702089 0.305896 -2.652529 0.117026 -3.866656 1.367816 6.732796 -0.000005 -0.000004 0.000002 3.737978 -0.504278 -26.502437 2.042867 -0.592579 -7.215343 -1.448269 2.900388 9.728787 0.000000 0.000001 -0.000000 
-6.555535 101.190620 -17.422058 -4.630329 1.001445 25.032869 0.171426 0.383829 4.394636 0.529148 1.521406 -3.371175 6.048982 -7.825119 -1.941077 1.058802 4.866025 -11.312105 0.000003 -0.000001 0.000002 -3.126257 -7.461527 -3.704519 -3.428810 -0.847723 -10.376963 -4.792977 5.869042 -16.010819 0.000002 -0.000000 0.000004 -1.412378 0.582250 -1.554555 -3.229137 2.073342 -3.726818 -7.125413 0.585815 4.739699 -0.000004 0.000000 -0.000003 -11.479359 -11.303505 7.608394 0.406166 -2.279115 0.056301 -3.863552 1.312741 6.661775 -0.000002 0.000000 -0.000004 3.800234 -0.503426 -26.682942 1.783636 -0.554271 -7.592920 -1.213427 2.193954 9.917696 0.000000 -0.000001 -0.000000 
-6.454009 101.194611 -17.613956 -4.488901 0.978572 25.383220 -0.234490 0.003221 4.350032 0.752385 1.909757 -3.355886 5.748230 -7.798383 -1.908984 1.249373 5.235054 -11.325973 0.000004 0.000001 0.000000 -3.025134 -7.883724 -3.501421 -3.476346 -1.378673 -10.698253 -5.059763 5.997492 -15.957050 0.000001 0.000001 -0.000001 -0.913106 0.440533 -1.510111 -3.304100 1.838770 -3.494210 -8.786366 -0.079186 4.290032 -0.000001 0.000001 0.000000 -11.428155 -11.245380 7.745584 0.519531 -1.858635 0.103990 -3.908619 1.004611 6.332927 -0.000003 -0.000003 -0.000005 3.736583 -0.501075 -26.861823 2.135374 -0.621813 -8.141697 -1.338968 2.774376 10.147891 0.000002 0.000001 0.000000 
-6.341873 101.204094 -17.794834 -5.099826 0.720729 25.751785 0.191221 0.374233 4.323830 0.188682 1.053245 -3.406445 6.396221 -7.413470 -1.884494 1.127333 4.872822 -11.473498 0.000001 0.000001 0.000000 -3.212977 -8.078734 -3.632661 -3.439122 -1.586694 -10.682135 -5.266053 6.355812 -15.858460 -0.000001 0.000001 0.000003 -0.803332 0.491131 -1.364552 -4.106801 1.712284 -3.556677 -7.597777 0.434387 4.291848 -0.000002 0.000000 -0.000002 -11.126531 -11.109262 7.686797 0.641213 -2.462389 0.052589 -3.651146 1.008329 5.848315 -0.000003 -0.000004 -0.000002 4.250766 -0.455227 -27.267396 2.055962 -0.450551 -8.476455 -0.919705 1.446320 10.511538 0.000001 -0.000001 -0.000000 
-6.245108 101.215691 -17.980732 -5.008708 0.923827 25.925901 -0.160240 0.021909 4.322015 0.899194 2.239919 -3.338921 5.785766 -8.378521 -1.793736 1.515716 5.483059 -11.641120 -0.000001 0.000001 0.000000 -3.363889 -7.799577 -3.633911 -3.291497 -1.758985 -10.718272 -5.340907 6.510586 -15.958626 -0.000001 0.000000 -0.000000 -0.154369 0.434622 -1.285890 -4.264769 1.740601 -3.517199 -7.202258 0.531898 4.066514 -0.000004 0.000000 -0.000005 -11.097663 -11.057650 7.902137 0.694635 -2.652008 -0.034173 -3.864419 0.920368 6.082174 -0.000005 -0.000004 -0.000001 4.455523 -0.443546 -27.224331 1.798916 -0.424578 -8.990300 -0.753396 0.913582 10.791760 0.000002 0.000001 -0.000000 
-6.139384 101.224823 -18.152634 -5.630084 1.097915 26.104944 -0.324103 -0.150928 4.446355 0.711530 1.936354 -3.372082 6.346388 -8.130963 -1.985180 1.330471 5.025002 -11.526532 0.000001 -0.000001 -0.000001 -3.331323 -8.090340 -3.707484 -3.133037 -1.673797 -10.650015 -5.632517 7.023845 -15.916240 0.000001 0.000003 0.000001 -0.529097 0.567593 -1.320579 -3.977410 1.931597 -3.461619 -5.947266 1.062565 4.395710 -0.000002 0.000001 -0.000006 -11.238230 -11.210937 7.720609 0.503195 -3.381633 0.311822 -3.355324 1.602272 6.122900 -0.000002 -0.000001 0.000002 4.783913 -0.525811 -27.414685 2.169181 -0.718258 -9.046799 -0.879962 1.472235 10.993440 0.000000 0.000000 -0.000001 
-6.042911 101.244301 -18.330547 -5.834277 1.148218 26.304252 -0.304905 -0.106606 4.338840 0.683553 1.926170 -3.382270 6.168204 -8.215828 -1.850920 1.837845 5.752048 -11.619759 0.000002 0.000000 -0.000002 -3.163843 -8.262931 -3.635529 -3.254864 -1.932050 -10.682689 -5.752084 6.684947 -15.889072 -0.000001 0.000000 -0.000003 0.203364 0.487175 -1.360713 -4.319699 1.625486 -3.455304 -7.141046 0.450742 4.346242 -0.000001 -0.000000 -0.000000 -11.137926 -11.114319 7.701307 0.254385 -3.506803 0.666735 -2.778374 2.554903 6.449745 -0.000003 -0.000002 -0.000003 5.074246 -0.546664 -27.478864 2.286759 -1.010089 -9.239130 -0.940890 2.063288 11.319276 0.000002 0.000001 -0.000000 
-5.957498 101.260559 -18.506062 -6.176120 0.977537 26.349538 -0.086059 0.093344 4.319757 0.512409 1.614502 -3.354270 6.322662 -8.202585 -1.791604 2.020679 5.995330 -11.607005 0.000001 -0.000001 0.000002 -3.103102 -8.340586 -3.635404 -3.231170 -2.053811 -10.727218 -5.433140 6.343775 -15.973663 0.000000 0.000000 -0.000000 0.247830 0.497152 -1.288943 -4.398784 1.609000 -3.308880 -7.420627 0.413335 3.738870 -0.000002 0.000000 -0.000002 -11.076932 -11.163827 7.526161 0.236918 -3.704114 0.991378 -2.480718 2.633859 6.071252 -0.000002 -0.000003 -0.000008 5.691924 -0.567528 -27.439626 1.970526 -0.969559 -9.449777 -0.786431 1.699568 11.073968 -0.000001 0.000001 -0.000000 
-5.870492 101.278587 -18.674706 -6.372361 1.148044 26.329987 -0.248348 -0.086266 4.456677 0.520526 1.588652 -3.272627 6.395746 -8.343230 -1.860094 2.281254 6.350257 -11.675133 0.000003 0.000001 0.000000 -3.057529 -7.904794 -3.587251 -3.160513 -2.079475 -10.946309 -5.450997 6.671400 -15.890997 0.000001 -0.000002 0.000002 0.067120 0.549135 -1.347160 -4.411852 1.790867 -3.326404 -7.030010 0.699444 3.713792 -0.000002 0.000000 -0.000002 -11.337086 -11.505569 7.418385 0.169865 -4.515020 0.820756 -2.285039 2.884142 6.083554 -0.000008 0.000000 -0.000001 6.598516 -0.659348 -27.285972 1.659233 -1.080492 -9.605801 -0.590172 1.238286 11.039422 0.000001 0.000002 -0.000000 
-5.787919 101.292656 -18.850449 -6.514813 1.432506 26.305111 -0.050443 0.093597 4.527346 0.053687 0.967180 -3.390317 6.473630 -7.971154 -1.649282 2.372834 6.710316 -11.746348 -0.000000 0.000001 -0.000000 -2.901971 -8.040815 -3.309216 -3.961414 -2.185455 -11.213978 -6.296232 6.959818 -15.426841 -0.000000 0.000000 -0.000003 0.135003 0.148355 -1.505255 -4.034005 1.477041 -3.129996 -7.604806 0.092202 3.236587 -0.000002 0.000001 -0.000006 -11.302671 -11.544036 7.519067 0.177445 -3.560779 0.824655 -2.625234 1.942592 5.714374 -0.000003 -0.000003 -0.000005 6.925180 -0.633881 -27.191589 1.263298 -1.113730 -9.656249 -0.540114 1.135777 11.124443 0.000001 0.000001 -0.000000 
-5.707623 101.308357 -19.015440 -6.239849 1.834254 26.287228 -0.275818 -0.082940 4.604551 0.047127 0.919105 -3.469456 6.278540 -7.814144 -1.571473 2.008919 5.703230 -11.779509 0.000004 -0.000001 0.000001 -2.792332 -8.066529 -3.537783 -3.641568 -1.784407 -11.301196 -5.691556 7.073020 -15.562680 0.000001 0.000000 -0.000000 0.219407 0.430547 -1.528620 -4.244403 1.864761 -3.511185 -8.380135 0.186129 4.209102 -0.000002 0.000002 -0.000003 -11.745311 -12.064976 7.366426 0.206078 -3.395870 0.682690 -2.535440 1.751785 5.259450 -0.000003 -0.000001 -0.000001 6.500671 -0.663228 -27.114704 2.068447 -1.185533 -9.691417 -0.827807 1.875163 11.043189 0.000000 0.000001 -0.000000 
-5.634738 101.327385 -19.175629 -6.759879 1.751958 26.058761 -0.306049 -0.126301 4.771564 0.508312 1.504322 -3.115457 6.243943 -8.476886 -1.872172 1.991603 5.691107 -11.550920 0.000001 -0.000000 -0.000002 -2.598639 -8.465749 -3.324445 -3.648436 -1.913041 -11.390073 -5.639490 6.744282 -15.731838 0.000003 0.000003 -0.000000 0.507885 0.518768 -1.277434 -4.623957 1.638026 -3.483215 -8.706517 -0.050369 4.030858 -0.000002 -0.000002 0.000003 -11.864016 -12.132135 6.864395 0.201365 -3.892771 0.967642 -2.632236 1.601404 5.257593 -0.000000 -0.000001 -0.000006 6.712540 -0.751782 -26.868783 2.455206 -1.355408 -9.673602 -0.988911 2.664062 11.105929 0.000001 0.000001 -0.000000 
-5.550642 101.339401 -19.331551 -6.253836 1.940669 25.881781 -0.176799 -0.044076 4.905454 0.152155 0.919328 -3.258687 6.041375 -7.820718 -1.721633 1.590870 4.983795 -11.677752 0.000002 0.000000 -0.000001 -2.735854 -8.294143 -3.464566 -3.663502 -1.773089 -11.435766 -5.442953 6.726857 -15.969105 -0.000000 0.000000 -0.000000 0.276690 0.586294 -1.327947 -4.734491 1.833965 -3.646556 -8.328623 0.329156 4.477631 -0.000000 -0.000002 0.000003 -11.945187 -12.299339 6.958218 0.303800 -2.788780 1.172088 -2.933623 0.811348 4.660271 -0.000007 0.000000 -0.000008 6.104079 -0.679839 -26.835842 2.490109 -1.147094 -9.539692 -1.266612 2.911831 10.965543 0.000001 -0.000000 0.000000 
-5.474947 101.346169 -19.487209 -5.645407 1.735715 25.844603 -0.179577 -0.050646 4.759610 0.165340 0.926790 -3.183482 5.452898 -7.162930 -1.712788 1.572878 5.029664 -11.572953 0.000000 0.000001 -0.000000 -2.706488 -8.711605 -3.406421 -3.886542 -1.565119 -11.338410 -5.721726 7.149599 -16.246956 0.000001 -0.000001 0.000001 0.246678 0.506242 -1.375778 -4.716903 1.759398 -3.633866 -7.718209 0.666627 4.562171 -0.000005 -0.000003 -0.000004 -11.779871 -12.051501 7.201927 0.436187 -2.383045 0.987781 -2.910585 1.022168 4.857345 -0.000003 0.000000 -0.000004 5.377054 -0.604245 -26.944405 2.350966 -1.035340 -9.488845 -1.292324 2.974528 10.766171 -0.000001 0.000001 -0.000000 
-5.400733 101.354202 -19.629372 -5.691640 1.664144 25.639610 -0.268231 -0.157633 4.905792 0.378416 1.312842 -3.132093 5.413890 -7.412098 -1.835331 1.387392 5.246160 -11.362158 0.000003 0.000000 -0.000000 -2.758775 -8.958661 -3.308670 -3.901276 -2.095147 -11.345357 -5.665131 6.551322 -16.371103 -0.000001 0.000001 0.000003 0.197225 0.459025 -1.190469 -3.942101 1.552076 -3.306562 -6.461084 0.827079 3.947446 -0.000003 -0.000002 0.000001 -11.790632 -12.164631 7.067788 0.687998 -1.634101 1.201071 -3.195148 0.516656 4.685361 -0.000004 -0.000003 -0.000003 5.917987 -0.580994 -26.795742 2.037226 -0.756976 -9.449308 -1.329655 2.856627 10.973455 0.000001 -0.000000 -0.000000 
-5.319312 101.362808 -19.768394 -5.289357 1.693000 25.526312 -0.530011 -0.357691 4.942482 0.783369 1.981017 -3.216263 5.094221 -7.660182 -1.621885 1.641486 5.322652 -11.329121 -0.000002 -0.000000 -0.000001 -2.776697 -8.768107 -3.585193 -3.786033 -1.609696 -11.261624 -5.388958 6.568023 -16.216823 0.000002 -0.000001 0.000001 0.251705 0.652940 -1.201801 -4.557474 1.796418 -3.450468 -8.137807 0.265329 4.177397 -0.000002 -0.000000 -0.000000 -12.073596 -12.512173 6.833432 0.511415 -1.985633 0.948051 -2.918721 1.298398 5.118746 -0.000003 -0.000006 0.000000 5.813835 -0.617609 -26.805649 2.136350 -0.826676 -9.345422 -1.358298 3.038276 11.046222 0.000001 0.000001 -0.000000 
-5.240687 101.368759 -19.903385 -5.590544 1.521664 25.367568 -0.144785 -0.044661 5.143191 0.109826 0.881223 -3.301459 5.567302 -7.080963 -1.773310 1.493721 5.236376 -11.194427 0.000001 -0.000001 0.000002 -2.927182 -8.689805 -3.554138 -3.745716 -1.818264 -11.130547 -5.365123 6.217298 -16.404917 0.000001 0.000001 -0.000001 0.263832 0.551644 -1.085073 -3.414104 1.842389 -3.217100 -6.878024 0.534930 3.649958 -0.000004 0.000001 -0.000001 -11.840068 -12.220147 6.746449 0.484887 -2.921259 0.859761 -2.591872 1.810958 5.213354 -0.000008 -0.000002 -0.000000 6.100204 -0.616360 -26.744504 2.073621 -0.766705 -9.244440 -1.074780 2.217582 10.943083 0.000002 0.000001 0.000000 
-5.164510 101.380501 -20.037823 -5.517085 1.501663 25.138329 -0.155760 -0.021489 5.313334 0.378821 1.348982 -3.202335 5.096704 -7.479075 -1.693024 1.791769 5.375770 -11.246058 0.000001 -0.000000 -0.000001 -2.576415 -8.769037 -3.701337 -3.231510 -2.099718 -11.426796 -4.877955 5.968899 -16.492550 -0.000000 -0.000001 -0.000003 0.390297 0.682827 -1.181765 -3.583885 2.191417 -3.404267 -7.804768 0.343514 3.997530 -0.000002 0.000001 0.000006 -11.686174 -12.145292 6.733540 0.272218 -3.926082 0.476346 -2.536264 2.306506 5.835206 -0.000006 0.000000 0.000001 5.873631 -0.556127 -26.559701 2.253419 -0.840142 -9.361630 -0.897288 1.671850 10.925279 0.000000 0.000001 -0.000000 
-5.086831 101.392540 -20.165962 -5.482980 1.690750 24.869567 -0.219207 -0.051021 5.573857 -0.006164 0.789499 -3.459980 5.375974 -6.706388 -1.411870 1.932155 5.384761 -11.030756 0.000001 -0.000001 0.000001 -2.353710 -9.090669 -3.803715 -3.100555 -2.062291 -11.468758 -5.064413 6.281459 -16.581188 -0.000000 -0.000001 0.000002 0.533350 0.734292 -1.258275 -4.080287 2.189163 -3.629504 -8.758721 0.068417 4.399852 -0.000003 -0.000000 -0.000000 -11.679788 -12.166777 6.754508 0.089197 -4.013319 0.159228 -2.943460 1.636309 5.953041 -0.000005 -0.000001 -0.000001 5.639735 -0.552224 -26.308712 2.468234 -0.956237 -9.358946 -0.638528 1.187121 10.970695 0.000002 -0.000001 -0.000000 
-5.022774 101.397888 -20.301880 -5.596070 2.054522 24.604051 -0.573768 -0.381722 5.677651 0.361690 1.347925 -3.184389 5.216080 -7.215986 -1.602789 1.950061 5.433211 -10.838074 0.000001 -0.000000 -0.000001 -2.117445 -8.990539 -3.778654 -2.558726 -2.422915 -11.683093 -4.912210 6.338390 -16.668079 -0.000003 -0.000001 -0.000001 0.290896 0.900312 -1.210380 -4.369396 2.428954 -3.689033 -10.022049 -0.151671 4.700179 -0.000002 -0.000003 0.000004 -11.596281 -11.994316 6.938342 0.021078 -4.053165 0.148460 -2.862882 1.345939 5.453109 -0.000000 -0.000004 0.000001 5.301890 -0.541523 -25.991727 2.910947 -1.003612 -9.350518 -1.121538 2.160800 11.108983 0.000003 0.000001 -0.000000 
-4.941258 101.405251 -20.427794 -5.170930 2.590522 24.501096 -0.658188 -0.496382 5.644160 0.113543 0.948954 -3.241905 5.189813 -6.577494 -1.637361 1.999118 5.491209 -10.409133 0.000003 -0.000000 -0.000001 -2.502597 -8.185160 -3.815767 -2.399775 -2.655272 -11.641317 -5.163637 6.448663 -16.475094 0.000003 -0.000000 -0.000000 -0.702463 0.904793 -1.093862 -3.986099 2.465065 -3.601519 -10.083474 -0.376703 4.899245 -0.000000 -0.000002 0.000004 -11.759530 -12.109672 7.280536 -0.049380 -3.624699 -0.241930 -3.127708 0.885771 5.432007 0.000002 0.000001 -0.000005 4.768330 -0.528075 -26.016998 2.927611 -1.050053 -9.227950 -1.275952 2.574647 11.056358 -0.000001 -0.000000 -0.000000 
-4.852777 101.419823 -20.544233 -5.573228 2.364700 24.070401 -0.475480 -0.383381 5.907475 0.176783 1.045682 -3.067203 5.577504 -6.930167 -1.824860 1.936706 5.636618 -10.124274 0.000001 0.000002 0.000002 -2.784500 -7.361959 -3.611972 -2.712866 -2.901816 -11.656006 -5.830343 6.887189 -16.116391 0.000001 -0.000003 -0.000002 -0.637172 0.954418 -0.744532 -4.125219 2.226390 -3.161482 -10.370776 -0.672965 4.322615 -0.000002 0.000000 0.000001 -11.642145 -11.993535 7.119631 -0.043314 -3.500692 0.425544 -3.013397 1.108805 5.655843 -0.000003 -0.000005 -0.000001 4.330979 -0.497244 -25.774902 2.824613 -1.125992 -9.052393 -1.148038 2.515221 10.977851 -0.000000 0.000001 0.000000 
-4.769229 101.432495 -20.660843 -5.719491 2.286050 23.736352 -0.237739 -0.180490 6.010176 0.255021 1.058543 -2.882563 5.247950 -7.080186 -2.020247 2.154579 6.039503 -9.964410 0.000005 0.000000 0.000002 -2.807752 -6.984421 -3.540271 -2.691500 -2.626732 -11.452105 -6.069739 7.161066 -16.057744 -0.000000 0.000001 -0.000001 -1.030148 1.129921 -0.582068 -3.576768 2.447957 -2.996733 -9.258058 -0.363759 4.560621 -0.000002 0.000002 -0.000002 -11.678804 -11.940160 7.085132 -0.208708 -3.740112 0.818652 -2.958347 1.172493 5.565392 -0.000003 0.000001 -0.000005 4.909772 -0.567203 -25.558614 2.729249 -1.244917 -8.826023 -1.205861 2.791306 11.068540 0.000001 0.000001 -0.000000 
-4.690273 101.442284 -20.788691 -5.951099 1.916530 23.291258 -0.183229 -0.108906 5.725766 0.439189 1.241210 -2.661430 5.275224 -7.220061 -2.083388 1.954544 5.940939 -9.478304 0.000005 0.000001 0.000000 -2.714939 -6.499204 -3.336007 -2.419422 -3.025133 -11.261878 -6.435865 7.232560 -15.648701 0.000001 0.000001 -0.000001 -1.975995 1.349405 -0.247183 -2.457008 2.578339 -2.441257 -10.008905 -0.897171 4.259131 0.000001 0.000000 0.000001 -11.094693 -11.034997 7.274228 -0.314060 -4.675533 1.034497 -2.709803 1.462507 5.614093 -0.000005 -0.000001 -0.000001 4.122747 -0.546758 -25.357514 2.085363 -1.327496 -8.536255 -0.693287 1.869331 10.544776 0.000002 0.000002 -0.000000 
-4.610708 101.457466 -20.909203 -5.643939 1.488954 22.732825 -0.093999 0.000906 5.490254 0.830973 1.834573 -2.695531 4.560584 -7.450727 -1.984797 2.222329 6.054342 -9.179550 0.000003 0.000001 0.000002 -2.612805 -5.798505 -3.342805 -1.896611 -3.026194 -10.957361 -6.181060 7.152445 -15.336047 0.000001 0.000003 0.000001 -2.623065 1.704556 -0.064778 -2.267784 3.031391 -2.104131 -9.690374 -0.704394 4.646266 -0.000002 0.000000 -0.000003 -10.811753 -10.670089 7.177491 -0.352378 -5.454142 0.952830 -2.381141 2.953279 6.423176 -0.000003 -0.000001 -0.000007 4.115763 -0.491140 -25.030741 1.551174 -1.143227 -8.158353 0.013193 0.018384 10.069233 0.000001 0.000002 -0.000000 
-4.546804 101.477119 -21.021923 -5.332180 1.403548 22.175739 -0.005045 0.112498 5.313783 0.665050 1.574974 -2.719103 4.476038 -6.973015 -1.951816 2.075115 6.042938 -8.793022 0.000002 0.000001 -0.000000 -2.464789 -5.902007 -2.974074 -2.245064 -3.027301 -10.701735 -6.498241 7.117744 -14.741778 -0.000000 -0.000001 -0.000003 -2.348335 1.684291 0.201097 -3.003223 2.493501 -1.803899 -9.893684 -1.056374 4.345686 -0.000000 -0.000001 0.000005 -10.827218 -10.632087 6.959599 -0.341758 -5.167978 1.042729 -3.118119 1.609349 6.234934 -0.000004 -0.000003 -0.000005 3.928913 -0.481304 -24.553893 1.589887 -1.227782 -7.861167 0.172649 0.228985 9.883793 0.000000 0.000001 -0.000001 
-4.502796 101.513062 -21.131645 -5.102970 0.974962 21.247025 0.329696 0.447296 5.158224 0.481908 1.225682 -2.615472 4.134631 -6.099046 -2.031562 2.032532 6.164404 -8.023877 -0.000000 -0.000002 0.000003 -2.101126 -6.577535 -2.782717 -2.828835 -2.163493 -10.020833 -5.557568 6.086940 -14.868647 -0.000000 -0.000001 0.000001 -2.617361 1.687366 0.299279 -2.613494 2.280584 -1.654268 -8.945659 -0.871082 4.916736 -0.000002 -0.000002 0.000004 -10.264909 -9.950038 6.646821 -0.048512 -5.281663 0.693383 -3.526192 1.643763 6.779021 -0.000004 -0.000005 -0.000001 3.595138 -0.415725 -23.568360 1.113900 -0.876457 -7.633104 -0.101267 0.614798 9.408752 -0.000001 0.000001 0.000000 
-4.495614 101.577408 -21.243156 -6.057934 -0.328434 19.826917 1.483328 1.451657 5.065570 0.582132 1.182338 -2.208626 3.715691 -5.643447 -2.154494 1.891466 6.069025 -6.946834 0.000000 0.000001 0.000000 -1.738443 -6.891307 -2.328458 -2.504688 -2.477132 -9.526144 -5.204446 5.330348 -14.977492 -0.000000 0.000003 -0.000003 -0.338262 1.514583 0.470934 -2.767288 2.026640 -1.238062 -7.675825 -0.637116 4.667227 -0.000001 -0.000001 0.000004 -9.286236 -8.821006 5.600165 0.132147 -6.115969 1.053342 -3.855098 1.859498 7.270974 0.000001 -0.000004 -0.000004 4.539174 -0.353930 -22.017002 0.088107 -0.623905 -7.446722 -0.041092 0.150737 8.855508 0.000003 0.000001 -0.000000 
-4.487951 101.648140 -21.343273 -6.624128 -0.883505 18.744004 1.954185 1.869162 5.029782 0.315273 0.552374 -1.919243 3.715295 -4.854676 -2.284190 2.056805 6.081142 -6.575627 0.000002 0.000001 -0.000000 -1.510372 -6.723526 -2.242067 -2.210084 -2.363842 -9.047968 -5.869526 5.824271 -14.413957 0.000001 0.000001 0.000003 0.570575 1.595432 0.614009 -2.946607 1.834658 -1.353672 -6.939964 -0.853019 4.706709 -0.000001 -0.000001 -0.000000 -8.796761 -8.136266 4.872133 -0.126887 -6.915618 1.044874 -3.271039 2.976884 7.621567 -0.000009 -0.000003 -0.000005 4.353098 -0.387320 -20.971923 0.173230 -0.819231 -7.005753 -0.240541 0.883360 8.589928 0.000002 0.000001 -0.000000 
-4.520652 101.755768 -21.432085 -8.085703 -1.617421 16.753134 2.642580 2.480742 5.433691 0.461593 0.738393 -1.546444 3.657001 -5.349640 -2.294277 2.478634 6.637745 -5.710804 0.000000 0.000001 -0.000001 -0.838712 -6.785660 -1.883517 -2.388576 -2.162093 -8.279410 -5.979139 5.187017 -13.745911 0.000002 0.000000 -0.000000 1.680662 1.639417 0.866085 -2.502532 1.627875 -1.045782 -7.301535 -1.480495 4.555794 -0.000002 -0.000000 -0.000006 -7.962675 -7.589116 3.593745 -0.476084 -7.207956 1.562265 -2.286050 3.613468 7.070973 -0.000005 -0.000001 -0.000001 5.405562 -0.289734 -18.713062 0.897264 -1.123073 -7.016001 -0.879113 2.965126 8.541938 0.000001 0.000002 -0.000000 
-4.578542 101.906097 -21.492115 -7.807077 -2.184677 14.856990 2.595074 2.428342 5.095901 0.274761 0.346748 -1.327898 3.145573 -4.009853 -2.083445 2.762207 6.730466 -5.229730 -0.000001 -0.000000 -0.000001 -0.274761 -6.501220 -1.801712 -1.688256 -1.455503 -7.130770 -4.181679 3.982152 -13.321125 0.000002 0.000001 -0.000001 1.863158 1.915073 0.918490 -1.992615 1.849550 -0.777547 -7.993032 -1.540751 5.569813 -0.000001 0.000000 -0.000000 -7.180195 -6.970002 2.701072 -0.817677 -7.999878 0.040036 -1.132682 4.323701 6.367212 -0.000003 0.000002 0.000000 5.516623 -0.213322 -16.477251 0.253728 -1.330973 -7.023805 -0.483240 2.518187 8.004563 0.000002 0.000001 -0.000000 
-4.664896 102.079727 -21.558876 -7.862359 -2.526331 13.363357 2.765990 2.604023 4.919560 0.657112 0.987967 -1.172452 2.527585 -4.463906 -1.808270 3.137140 6.956029 -5.173053 0.000003 -0.000002 0.000001 0.436493 -5.568211 -1.649070 -0.568203 -1.679038 -6.661754 -3.594976 4.172986 -12.628426 -0.000000 -0.000000 -0.000000 1.976829 2.180084 0.975637 -1.630038 2.309918 -0.656682 -7.570040 -1.149057 6.626166 0.000001 0.000001 -0.000003 -6.304652 -6.391505 1.974999 -0.954792 -8.028978 -1.205419 -0.536197 4.807481 5.984656 -0.000003 -0.000001 -0.000001 5.571131 -0.009393 -14.476868 0.174693 -1.206078 -7.434638 -0.488406 2.251929 7.769266 0.000001 -0.000000 -0.000000 
-4.802761 102.305527 -21.605358 -8.490718 -2.766366 11.122290 3.264233 2.977136 4.832788 0.342149 0.567886 -1.007181 2.288689 -3.576803 -1.475990 3.311413 6.517091 -4.294928 -0.000002 -0.000001 0.000002 1.135347 -5.148103 -1.104478 0.587583 -1.966357 -4.896814 -4.771888 4.191764 -12.019532 -0.000000 0.000001 -0.000001 2.424872 2.052277 1.517249 -1.541327 2.094789 0.101497 -6.996231 -1.674653 6.048479 -0.000004 0.000003 -0.000002 -5.662759 -6.375226 0.645016 -1.558020 -8.710616 -3.691368 0.577595 4.255200 4.066293 -0.000003 -0.000003 -0.000002 6.082826 0.245704 -11.634970 0.717765 -1.647874 -7.740548 -0.531369 2.763937 7.498845 0.000003 -0.000000 0.000000 
-5.007651 102.583336 -21.653271 -7.753564 -2.631491 8.792492 1.932127 1.708791 3.606784 0.486839 0.387501 0.232492 2.158234 -1.643459 -1.777966 2.581471 4.112241 -3.058397 0.000000 -0.000000 0.000001 1.658570 -4.630811 -0.478732 3.131963 -1.610209 -1.887054 -3.607120 2.729030 -11.929529 -0.000001 -0.000001 0.000001 1.376539 2.702717 2.675214 0.712033 2.622967 1.393991 -3.966896 -0.842615 5.354061 -0.000004 -0.000002 -0.000001 -4.591620 -5.294747 -0.788009 -2.241040 -9.888460 -6.083273 4.248670 4.924009 -0.268399 -0.000003 -0.000001 -0.000003 4.678998 0.055614 -8.155330 2.234575 -2.773113 -8.618014 -0.499759 4.619234 7.476569 0.000000 0.000001 -0.000000 
-5.211546 102.881302 -21.694546 -8.361752 -2.882489 6.837323 2.732576 2.408243 3.159262 0.492190 -0.005222 1.309622 1.179975 -1.063484 -2.416588 2.875280 4.863733 -1.898385 -0.000000 0.000000 0.000001 2.281849 -4.494754 0.059591 5.022118 -1.116837 0.509117 -2.706003 1.856309 -11.433806 -0.000001 -0.000001 -0.000001 0.623153 3.228089 3.488812 2.361435 3.024908 2.320633 -3.146870 -0.617318 5.766550 -0.000002 0.000001 -0.000000 -2.981026 -3.821477 -2.179902 -2.508550 -11.758279 -7.726629 7.663114 5.161483 -4.772318 -0.000009 -0.000001 -0.000006 5.449323 0.215738 -5.628482 2.240680 -3.002252 -8.994592 -0.657329 5.669851 7.733274 0.000001 0.000001 -0.000000 
-5.445538 103.230377 -21.702240 -5.304057 -3.597613 4.681512 1.282609 1.067936 2.028002 0.783717 0.352200 2.250358 -0.732933 2.564860 -2.140248 1.747856 2.818390 -0.474738 -0.000001 -0.000000 -0.000002 2.432740 -4.039669 0.723060 6.650562 -0.154927 4.189628 -1.610010 -0.756983 -10.719360 0.000001 0.000001 -0.000001 -0.434552 3.497642 4.635473 1.427003 2.577276 3.644165 -2.854137 -1.065117 5.737932 -0.000003 0.000001 -0.000001 -1.091559 -2.065734 -3.048742 -2.757989 -12.293733 -10.524370 11.079539 2.238291 -12.577977 -0.000002 -0.000002 -0.000003 3.094500 0.091360 -2.689889 1.418812 -3.019662 -9.172508 -0.431988 4.897819 7.745048 0.000003 -0.000000 -0.000000 
-5.708790 103.586845 -21.723831 -3.034434 -4.226858 2.124671 0.666153 0.452651 0.979810 -0.433485 -2.154610 3.008945 -1.717728 7.752989 -1.554313 0.918469 1.717377 0.652983 -0.000003 0.000000 0.000002 2.676460 -4.027472 2.018156 7.836933 0.184158 8.178061 -2.650736 -2.286842 -9.368534 0.000004 0.000001 -0.000001 -1.729997 3.498998 6.358416 2.091253 2.111923 6.094355 -0.427872 -1.845087 4.544423 -0.000002 0.000002 0.000003 1.194584 -0.104678 -5.135910 -2.808346 -12.846518 -12.740120 13.900658 0.247155 -18.434718 -0.000003 -0.000005 -0.000006 1.676942 0.038432 0.619716 0.574724 -2.920651 -9.454980 0.337700 3.218754 6.999051 -0.000000 -0.000002 0.000000 
-5.976152 103.914459 -21.732397 -3.219996 -3.758913 -0.128380 0.991844 0.534244 0.545190 -0.296038 -1.737640 3.085225 -3.454003 8.906655 -0.397316 1.061644 1.688579 1.143639 -0.000001 0.000000 -0.000001 3.688345 -4.065774 3.270564 7.942602 0.008452 10.574230 -3.358868 -3.351134 -7.834467 0.000001 -0.000001 0.000001 -3.816253 2.858325 6.816557 4.559829 2.489841 8.257821 0.903241 -2.284808 4.482172 -0.000002 -0.000001 0.000003 3.168049 0.997336 -7.401793 -3.628593 -13.972874 -14.241304 16.714947 -0.841360 -22.832423 -0.000000 0.000001 -0.000002 2.893034 0.379389 3.333258 0.207502 -3.506255 -9.663449 0.532725 3.278858 6.634665 0.000003 -0.000000 -0.000000 
-6.261427 104.222588 -21.726574 -2.011327 -2.900846 -3.144827 -1.192314 -1.469739 0.936144 0.520134 -0.088525 3.034515 -5.354653 11.053055 0.915390 1.077081 0.849899 1.369754 -0.000003 0.000000 -0.000001 4.294991 -3.371918 3.801886 8.869369 2.404419 13.962433 -2.445606 -3.636607 -6.424714 0.000002 -0.000001 -0.000001 -5.353475 2.798556 7.173538 3.430517 3.073378 9.376023 0.430148 -2.273971 7.733508 -0.000004 -0.000002 -0.000002 4.056997 0.788956 -10.083511 -3.956385 -13.770364 -16.572964 16.741688 -1.899837 -24.034312 0.000001 -0.000000 -0.000001 2.112497 0.217938 7.132779 0.498640 -3.668308 -9.879729 0.691376 3.131438 5.436436 0.000002 -0.000000 0.000000 
-6.548638 104.503174 -21.716587 -2.274366 -0.668072 -6.379750 -1.754921 -2.027219 1.954286 0.053735 -1.018596 2.854664 -7.593467 14.398918 2.700300 0.806736 -0.916700 0.282685 -0.000003 0.000000 -0.000001 5.148480 -3.512695 3.754710 10.186786 4.845778 17.418593 1.771389 -6.789022 -4.287358 0.000001 0.000002 -0.000002 -6.225288 2.681786 6.864978 4.258261 3.839000 9.847346 -1.927522 -3.459999 12.540198 -0.000002 0.000001 -0.000001 5.197665 0.301625 -14.005623 -4.469139 -14.193100 -18.432288 15.544336 -3.388922 -24.599022 -0.000004 -0.000002 -0.000003 2.769635 0.512145 11.283052 -0.168473 -3.451503 -10.305753 1.443492 0.815786 4.136865 0.000001 -0.000000 -0.000000 
-6.817424 104.762444 -21.708473 -2.380260 0.999364 -8.833683 -2.048413 -2.395744 2.750762 -0.200191 -1.495730 3.043559 -9.017173 16.847369 3.840876 0.567421 -1.680780 -0.657357 -0.000000 -0.000002 0.000001 5.643658 -3.545421 4.445506 10.162795 6.023061 19.567051 2.585152 -7.609165 -3.095808 0.000002 0.000001 -0.000001 -6.837346 2.011711 6.736821 3.782742 3.231250 10.151165 -2.058589 -3.954566 16.263823 -0.000000 -0.000003 0.000002 5.804092 -0.377834 -16.908994 -4.592110 -14.098361 -20.399402 13.452245 -4.799363 -24.088108 -0.000005 0.000002 0.000000 3.506691 0.872365 14.468323 -0.969963 -3.266448 -10.820939 2.215435 -1.660305 3.615079 0.000001 0.000001 -0.000001 
-7.088676 105.022804 -21.701328 -2.266787 1.998522 -11.703248 -1.648718 -2.081651 3.323387 -0.573092 -2.353483 3.892843 -10.735010 19.766330 4.900163 0.144263 -2.208044 -2.182313 -0.000003 0.000001 0.000000 8.228140 -3.420071 5.707843 8.616283 8.188435 22.162487 0.499914 -7.318945 -3.636447 -0.000000 0.000001 -0.000001 -8.872084 1.749900 6.980897 1.931065 3.169633 10.930811 -3.566291 -5.880448 18.367161 -0.000004 0.000000 0.000001 6.112061 -1.542664 -19.907191 -5.693880 -14.441380 -23.220657 9.872476 -6.950291 -22.096241 -0.000009 0.000003 -0.000000 3.643046 1.044560 18.206387 -1.648841 -3.623982 -11.347155 2.472912 -2.983172 2.522968 0.000000 -0.000002 0.000000 
-7.351965 105.274490 -21.683823 -2.530124 4.364046 -14.828897 -2.206592 -2.690884 4.538119 0.115263 -0.504144 4.351835 -12.797229 20.980173 5.603454 -0.931765 -3.397436 -2.997859 0.000004 -0.000002 0.000001 10.257070 -2.137302 7.078683 8.260833 9.592386 25.516535 -3.868511 -5.516861 -6.816999 0.000002 0.000001 0.000003 -10.898275 0.920743 6.579134 -0.083426 2.526647 12.615330 -5.981117 -8.379157 19.498863 -0.000002 -0.000001 -0.000002 6.808882 -2.688074 -23.107397 -5.494237 -11.135078 -24.775840 4.875507 -12.003263 -22.414820 -0.000003 -0.000004 -0.000004 3.942431 1.532421 22.568951 -1.897950 -3.939827 -12.735704 3.193008 -5.328584 2.733277 0.000001 -0.000000 0.000000 
-7.583488 105.487038 -21.676588 -2.412136 7.430308 -16.913609 -3.375389 -3.834823 5.140715 1.104863 1.345406 4.796476 -14.358313 21.151436 5.155422 -1.104644 -4.346899 -2.294858 0.000000 0.000001 -0.000001 10.931970 -0.242033 8.145994 7.743323 10.213998 27.312441 -5.780619 -6.120300 -8.177527 0.000002 0.000000 -0.000003 -11.153982 0.400682 6.789853 -2.655239 1.493981 13.876585 -7.044622 -11.107638 19.889535 0.000003 0.000003 -0.000002 6.508028 -3.663425 -26.297012 -4.721845 -8.438549 -24.514223 1.432565 -15.739140 -23.700594 -0.000005 -0.000003 -0.000002 3.993120 1.483356 25.531671 -2.348433 -4.369482 -13.323803 4.136760 -5.997523 2.962205 0.000002 0.000001 -0.000000 
-7.767008 105.663208 -21.659485 -1.728349 9.671813 -18.939969 -3.243774 -3.701410 5.767049 0.299377 -0.131160 4.427225 -15.609467 24.417532 6.048981 -1.769194 -5.260584 -0.565568 -0.000003 -0.000001 0.000004 10.664159 1.918170 8.445724 7.227223 11.511149 28.436555 -8.338720 -4.301033 -8.499611 -0.000000 -0.000002 0.000002 -13.466554 -0.063566 6.524359 -6.479699 1.360049 15.137965 -7.927530 -12.949738 23.044674 -0.000002 0.000004 -0.000000 7.418335 -3.639245 -29.457342 -4.000326 -6.699725 -24.603395 -2.633739 -19.832410 -25.770630 -0.000003 0.000002 -0.000003 3.547186 1.147618 28.046335 -1.359633 -4.431832 -13.151674 3.694437 -4.432370 2.443221 0.000001 0.000001 -0.000000 
-7.995528 105.791397 -21.657120 -0.498916 13.298980 -21.241181 -3.219161 -3.700419 5.427752 0.078100 -1.060778 5.267736 -16.906390 26.688426 6.246612 -2.460581 -7.260982 1.192744 -0.000003 -0.000000 -0.000001 9.729974 4.007026 8.529515 5.864540 13.561858 29.976105 -7.916649 -4.086270 -9.699194 0.000005 0.000001 -0.000001 -17.190444 -1.071143 4.950881 -11.168160 0.313839 15.276799 -9.501168 -14.243856 27.189171 0.000003 -0.000002 0.000003 8.690117 -3.224373 -31.424235 -3.605157 -7.197407 -25.259433 -5.708228 -22.729118 -27.732226 -0.000002 0.000003 -0.000006 3.249631 0.920556 31.402444 -1.236609 -4.511189 -13.532785 3.249189 -2.741476 2.282046 0.000000 0.000001 -0.000000 
-8.234876 105.917244 -21.648148 0.400990 16.190986 -22.995215 -4.845963 -5.158494 4.443715 1.591493 1.779954 6.457224 -18.514006 25.694685 5.456583 -2.386034 -8.312680 2.938554 -0.000000 -0.000002 -0.000003 9.102799 6.406559 8.225461 5.812941 15.931481 32.409162 -5.137951 -4.625037 -8.613889 0.000002 -0.000000 -0.000000 -19.686579 -1.562389 3.780514 -14.592023 -0.528955 15.120958 -11.796894 -15.091839 30.479149 -0.000001 0.000001 0.000002 10.194853 -2.818556 -32.176085 -3.541852 -7.332421 -26.023967 -7.800778 -24.661622 -29.317166 -0.000004 -0.000004 -0.000001 3.057534 1.089676 34.132812 -1.539933 -4.488253 -14.282569 3.327386 -3.171119 2.595839 0.000001 0.000001 -0.000000 
-8.515746 106.038025 -21.650471 -0.363551 20.489452 -25.661277 -4.291439 -4.845522 4.876020 0.327620 -0.932860 7.294003 -17.827738 28.030164 6.363354 -3.134693 -9.664327 4.514212 -0.000001 -0.000003 -0.000002 8.365748 6.437332 8.827853 5.378509 15.748079 34.984000 -5.568536 -6.158448 -7.899800 -0.000000 0.000000 -0.000003 -23.330709 -3.194512 2.238463 -16.742146 -2.746867 16.450307 -13.625059 -17.862155 29.254158 -0.000006 0.000001 0.000002 11.896377 -1.650363 -31.856610 -3.669929 -8.671731 -26.350878 -7.381332 -24.985151 -30.261829 -0.000003 -0.000001 -0.000001 3.442576 1.610714 38.312997 -1.196029 -4.579651 -14.696218 2.968685 -1.827740 2.198199 0.000000 -0.000000 0.000000 
-8.778457 106.139717 -21.641140 0.592451 24.645238 -28.702046 -5.492892 -6.006688 4.313894 1.325203 -0.093749 10.433812 -18.289583 28.902598 4.482530 -4.058431 -11.066852 5.764392 0.000001 0.000003 -0.000001 8.390824 7.050928 9.746166 4.322621 16.475373 37.003786 -5.908715 -7.362842 -7.863465 0.000002 0.000001 -0.000001 -27.241554 -4.476404 0.485054 -20.307481 -5.192556 15.308293 -15.151607 -20.232912 30.125635 -0.000001 0.000000 -0.000001 11.685390 -1.513705 -31.683028 -3.387957 -9.639651 -26.222541 -6.722688 -24.621541 -30.471957 -0.000004 -0.000003 -0.000005 2.463145 1.062308 42.061323 -0.746908 -4.384953 -14.588939 2.658846 -1.113492 1.880011 0.000002 0.000001 -0.000000 
-9.026036 106.231430 -21.623970 1.680841 28.161403 -31.315526 -6.070048 -6.663483 4.536663 1.569536 -0.362789 12.296585 -18.584477 30.574871 3.880991 -4.607998 -12.349988 6.543342 -0.000001 0.000000 -0.000001 9.008861 6.909369 10.515513 3.204958 15.998487 37.067928 -6.550775 -8.298238 -7.741798 0.000003 -0.000001 -0.000003 -30.180898 -5.628612 -1.578860 -23.156841 -7.269517 13.594453 -16.189753 -22.109314 29.922365 -0.000000 0.000001 -0.000000 11.433617 -1.352354 -31.220921 -3.736318 -10.421066 -26.121712 -5.397177 -23.812049 -29.993259 -0.000004 -0.000004 -0.000001 1.839163 0.595055 44.981973 -1.099016 -4.666405 -14.574737 2.969002 -1.521627 1.345457 0.000001 0.000001 -0.000000 
-9.309282 106.308723 -21.609032 2.792167 32.341803 -34.025848 -6.337228 -6.924065 4.117535 1.340571 -1.033700 12.968985 -19.445964 31.705270 5.094904 -5.725499 -14.420790 6.024493 -0.000001 0.000003 0.000001 9.261781 6.932014 10.993435 2.444677 16.057254 37.702429 -6.805967 -8.837674 -7.956109 0.000001 -0.000000 0.000004 -33.886399 -6.551370 -3.865776 -26.967786 -9.852984 10.343098 -18.114031 -23.637664 29.235703 0.000001 -0.000002 0.000003 11.062652 -1.503602 -30.452713 -4.051259 -10.351255 -25.785889 -3.886895 -23.225969 -30.062535 -0.000001 -0.000001 -0.000006 1.019158 0.090787 47.963754 -1.045721 -5.022792 -14.440680 2.647350 -0.527662 0.664041 0.000001 -0.000000 -0.000000 
-9.557827 106.361755 -21.589602 3.059136 37.465606 -36.388707 -5.764852 -6.595736 4.925424 0.530042 -2.406389 12.321233 -19.985390 32.476235 6.793559 -6.567223 -15.397714 5.353732 -0.000001 -0.000001 0.000002 9.413656 7.137575 11.388435 2.687563 15.689655 38.241731 -7.076916 -9.376759 -8.305254 0.000002 -0.000005 -0.000002 -37.872265 -6.980890 -5.186840 -31.016050 -12.698482 5.698093 -19.610440 -24.346090 26.671045 -0.000002 0.000000 0.000001 11.693297 -1.131948 -30.297066 -4.385654 -11.463012 -23.915747 -2.082441 -22.651868 -30.946692 -0.000003 0.000002 0.000000 1.140541 0.251283 50.705047 -2.109400 -5.020840 -14.365469 3.116312 -2.453069 -0.042128 0.000002 0.000001 0.000000 
-9.767327 106.401924 -21.562330 4.406995 40.237836 -37.747652 -6.261867 -6.989264 3.888768 1.021241 -1.090776 12.865384 -21.680253 32.341789 7.030885 -6.369206 -15.199925 6.748260 -0.000001 0.000000 -0.000002 9.197532 8.020100 12.165888 3.287346 14.195225 38.293568 -8.257460 -10.055469 -9.831091 0.000003 -0.000003 -0.000003 -40.156335 -8.191728 -7.696877 -34.600652 -15.176942 3.816009 -20.446660 -24.945120 24.100684 -0.000000 -0.000000 -0.000000 11.412828 -1.946596 -31.071463 -4.611669 -11.873299 -22.664933 -1.595146 -22.996933 -31.795016 -0.000000 -0.000000 -0.000001 0.413873 -0.001421 50.985030 -2.355862 -5.160599 -13.512597 3.153422 -2.548694 -1.003470 0.000002 -0.000003 0.000001 
-9.960661 106.419914 -21.520824 4.262781 43.960986 -39.084139 -5.597681 -6.473433 4.404017 0.893264 -0.877363 12.087213 -22.867736 32.142020 8.559965 -6.365227 -15.410512 5.344508 -0.000002 0.000002 0.000003 8.738682 9.131682 12.415424 3.963212 14.061730 39.136595 -8.939973 -11.033274 -11.686671 -0.000001 0.000001 -0.000001 -43.227731 -8.695747 -9.534828 -39.142653 -17.170242 -0.193375 -21.495087 -25.181903 21.118132 -0.000001 -0.000000 0.000001 11.734262 -1.631837 -30.707690 -5.143937 -12.074238 -21.456570 1.293719 -21.923712 -32.985722 -0.000003 0.000000 -0.000001 0.665818 0.230831 51.737133 -2.686989 -5.409485 -11.739095 4.074964 -4.943771 -1.235591 0.000000 0.000002 0.000000 
-10.116226 106.437820 -21.475292 4.757699 46.527385 -39.932667 -5.509326 -6.310079 3.652056 1.196315 0.136608 11.740673 -24.686944 31.983447 10.026421 -6.095778 -15.227060 4.701963 0.000002 -0.000002 -0.000001 7.897491 10.546845 12.984487 4.717642 13.465536 40.131149 -10.102543 -11.951382 -11.760163 0.000003 0.000004 -0.000006 -46.147681 -9.328529 -10.978878 -43.434457 -19.623017 -6.141490 -21.771588 -26.633489 20.500990 -0.000000 0.000000 -0.000003 11.267258 -2.105507 -31.268261 -5.394947 -11.955017 -20.921904 3.116079 -21.058493 -33.357910 -0.000002 0.000002 -0.000000 0.541942 0.172827 51.533456 -2.801245 -5.663044 -10.211318 4.580017 -5.601324 -1.677301 0.000002 0.000001 -0.000001 
-10.236095 106.449860 -21.426596 4.511514 50.044164 -41.132950 -4.742615 -5.882620 5.240728 0.827250 -0.454311 11.165239 -24.436054 31.787612 9.684518 -5.884695 -15.338704 4.829735 -0.000000 0.000003 -0.000001 7.533168 12.144922 13.725946 4.887322 13.189784 41.208239 -11.130482 -12.835012 -11.773370 0.000003 0.000001 0.000003 -47.855003 -10.143890 -13.334519 -47.495838 -21.237876 -9.771104 -21.725046 -27.914189 20.152746 0.000001 0.000002 -0.000001 11.431327 -1.852305 -31.355677 -5.467826 -12.183411 -19.517908 5.762113 -19.866131 -34.067293 -0.000006 -0.000000 -0.000001 1.335805 0.733780 52.662647 -4.386736 -5.844034 -9.643168 5.408848 -7.017286 -1.703310 0.000001 0.000001 0.000000 
-10.300223 106.435928 -21.355659 4.921748 53.504676 -42.350069 -4.513157 -5.767195 5.969201 0.797131 -0.399143 10.602682 -24.945990 31.659450 9.756254 -5.800331 -15.731806 4.169808 -0.000000 0.000000 -0.000002 7.866249 12.443847 14.036918 5.068163 13.641524 42.260532 -11.716892 -13.327966 -12.630837 0.000001 -0.000002 -0.000004 -49.741682 -10.468718 -15.677287 -52.527122 -21.969942 -14.419726 -22.612595 -28.787748 18.844862 -0.000005 0.000000 0.000003 11.422907 -1.803517 -31.536749 -5.814963 -12.238004 -18.986203 7.630674 -19.256101 -34.922091 -0.000009 -0.000005 -0.000003 1.964626 1.159175 52.516782 -5.599216 -5.833925 -7.470771 6.112388 -8.539943 -1.847351 0.000002 0.000001 -0.000000 
-10.289911 106.416763 -21.253704 6.117952 56.581014 -44.054181 -4.510957 -5.897448 6.770510 0.615308 -0.555226 10.142695 -25.412282 31.644092 10.272895 -5.802183 -15.813876 3.540705 -0.000001 0.000002 -0.000001 7.923939 12.660464 14.289500 6.343062 13.387283 43.070869 -13.051924 -12.993549 -12.556751 0.000001 -0.000002 0.000002 -51.533873 -10.681528 -17.593452 -57.338140 -22.706783 -19.899842 -23.208723 -29.651798 18.057178 -0.000002 -0.000002 -0.000002 11.398036 -1.618054 -31.000326 -6.454603 -12.329986 -19.391923 8.996478 -18.706041 -35.096729 -0.000003 -0.000003 -0.000002 1.926075 1.150950 52.286563 -6.020834 -6.112870 -5.796528 6.655319 -9.284957 -1.606093 0.000002 0.000001 -0.000000 
-10.253198 106.389290 -21.129398 7.175156 58.672766 -45.270504 -5.033823 -6.293263 5.879163 0.825767 -0.282484 10.630832 -24.959082 30.534385 10.346126 -5.504873 -15.181052 4.050930 0.000001 -0.000000 -0.000001 7.110385 14.044364 14.345841 7.211696 13.368050 44.171264 -14.160296 -13.241379 -12.972501 -0.000001 -0.000005 -0.000002 -52.767723 -10.694045 -18.192976 -61.235364 -23.051304 -24.138262 -23.496522 -30.591164 17.594801 -0.000004 -0.000001 0.000000 11.297420 -1.584876 -30.745325 -6.934360 -12.172263 -19.789047 10.298333 -18.226046 -35.308636 -0.000007 0.000001 -0.000002 1.818210 0.992324 51.373220 -5.689971 -6.333491 -3.397499 6.813279 -9.219606 -1.349246 -0.000001 -0.000000 -0.000000 
-10.140021 106.364235 -20.995991 7.753160 60.621330 -46.436923 -4.670178 -6.077678 6.600959 0.568621 -0.417138 9.739294 -26.404396 30.991895 11.770733 -6.160590 -15.185338 2.174609 0.000001 0.000003 0.000000 7.647887 13.016571 14.582483 7.873793 13.459642 45.045272 -14.474969 -13.484370 -12.544091 0.000001 -0.000001 0.000001 -54.088360 -10.831854 -19.437661 -65.129747 -22.995145 -28.156301 -23.866655 -31.388435 16.450287 -0.000000 0.000003 0.000002 11.638981 -0.465278 -29.253758 -7.442851 -12.859261 -21.994317 11.901350 -17.012558 -34.789944 0.000002 -0.000006 -0.000003 2.228779 1.074677 50.200231 -5.909006 -6.301797 -0.422723 7.443643 -10.386499 -0.223027 0.000002 -0.000001 0.000000 
-9.944831 106.336632 -20.839619 9.471188 63.014977 -48.267256 -4.794844 -6.279090 7.232864 -0.294923 -1.166849 7.439125 -26.405260 29.838522 13.831406 -6.281668 -15.075023 2.121630 -0.000003 -0.000001 -0.000001 7.883659 12.614557 14.352468 8.307703 13.781662 45.468617 -13.476745 -14.705237 -13.185650 0.000001 0.000002 0.000004 -55.123940 -10.522813 -19.584458 -68.773858 -22.309916 -31.656735 -25.087630 -31.764403 14.940996 -0.000005 -0.000000 -0.000000 11.808946 0.391155 -27.737825 -8.375216 -13.471154 -24.532933 13.913815 -15.840223 -34.516317 -0.000002 -0.000001 -0.000000 2.295372 0.936601 49.059661 -5.543542 -6.508295 2.184436 7.408522 -9.693556 0.210404 0.000003 -0.000004 0.000001 
-9.726076 106.327675 -20.690369 11.274782 65.119495 -49.876934 -5.002871 -6.483396 7.352116 -0.674361 -1.503479 6.718991 -26.100987 29.082522 14.363720 -6.411727 -14.860687 1.685719 0.000001 0.000000 0.000001 8.057322 12.657798 14.294000 8.190837 14.221275 46.000224 -12.576251 -15.470486 -13.453235 -0.000000 -0.000001 -0.000003 -56.027526 -10.230286 -19.533159 -71.123511 -21.762834 -34.330556 -25.339636 -31.699803 15.305539 -0.000002 0.000000 -0.000000 11.918249 0.650044 -27.057639 -9.086133 -13.877046 -26.453879 15.539942 -14.895961 -34.300233 -0.000010 -0.000001 -0.000004 2.432107 1.003605 47.946975 -6.278727 -6.714991 3.440930 7.785827 -10.076376 1.412947 0.000002 0.000001 -0.000000 
-9.417063 106.332657 -20.540272 12.159588 67.325714 -51.033585 -4.776575 -6.373825 8.392471 -0.287805 -1.314832 8.022530 -24.998820 28.503505 12.099873 -6.307409 -14.401088 -0.264608 0.000001 0.000001 0.000004 7.564729 14.820530 14.138530 8.089407 13.763343 45.422903 -11.799827 -16.985941 -12.767340 0.000002 -0.000001 -0.000001 -56.770722 -9.869022 -19.077890 -73.307710 -21.052733 -36.426813 -24.842697 -32.330171 16.301317 -0.000002 -0.000001 -0.000002 12.326456 1.483432 -26.007731 -9.696878 -13.825444 -28.134087 17.670932 -13.565946 -34.364861 -0.000003 -0.000002 -0.000003 3.272732 1.515080 46.315543 -6.837436 -6.909881 5.904219 8.274632 -9.611070 3.550933 0.000003 0.000002 -0.000001 
-9.025219 106.341232 -20.378120 14.331675 69.771680 -52.736505 -5.001436 -6.685033 8.746589 -0.141953 -1.383419 9.031855 -23.860904 28.014579 10.687981 -6.407115 -14.037311 -1.491739 -0.000003 0.000000 -0.000003 7.215881 15.089239 14.555268 8.336140 12.602551 45.233078 -12.654636 -18.388235 -13.384443 0.000000 -0.000001 0.000001 -57.014649 -10.242091 -18.708769 -75.391894 -21.013418 -37.466982 -22.815653 -33.286295 18.911122 -0.000002 -0.000001 -0.000002 12.400736 1.622724 -25.714055 -9.906208 -13.294289 -29.300412 19.510150 -12.269027 -34.425748 -0.000003 -0.000002 -0.000003 3.738799 1.803832 43.567796 -7.072415 -6.793343 8.970560 8.806827 -10.204998 4.616739 -0.000001 -0.000001 0.000001 
-8.623898 106.355148 -20.222099 16.701537 71.298815 -54.128638 -5.601174 -7.093580 7.528297 -0.051299 -1.371147 9.482945 -23.329278 27.556545 10.343136 -6.445965 -14.038276 -2.032755 0.000002 0.000002 -0.000002 7.276080 13.742582 14.878297 8.639671 11.982816 45.329104 -13.702106 -18.882282 -13.832453 0.000000 -0.000005 -0.000002 -57.034245 -10.665205 -18.680892 -76.550452 -21.224996 -38.013606 -21.872334 -34.142353 19.581392 -0.000002 -0.000001 0.000000 12.240257 1.630237 -25.797467 -10.105756 -13.042980 -30.747056 20.994050 -11.120157 -34.357228 -0.000002 -0.000003 -0.000005 3.976195 1.817647 41.507172 -6.854586 -6.876681 10.585701 9.105230 -9.560632 5.549767 0.000002 0.000001 -0.000000 
-8.183779 106.370193 -20.068199 19.665660 73.099983 -56.177401 -6.200127 -7.448218 5.992475 0.195523 -1.201550 10.281384 -22.968365 27.124652 9.863708 -6.548268 -14.063133 -2.881801 0.000001 -0.000001 -0.000001 7.049130 13.577106 15.052940 8.385010 11.994645 45.611057 -14.052084 -19.427512 -13.867202 0.000002 0.000000 -0.000003 -57.469820 -10.685533 -18.228282 -76.744907 -21.302417 -37.577980 -21.187505 -34.774867 21.428417 -0.000002 -0.000001 -0.000000 12.117974 1.461873 -26.157442 -10.199796 -12.740033 -31.607083 22.620248 -10.103083 -34.524523 -0.000002 0.000001 -0.000002 3.880052 1.634605 39.689311 -5.442744 -6.800786 12.068120 8.148123 -6.252309 5.672819 0.000000 0.000003 0.000001 
-7.719035 106.418823 -19.921875 20.864664 74.256280 -58.525227 -6.189874 -7.583739 6.460594 0.330595 -0.961495 10.685350 -23.320035 27.318038 9.652853 -6.660494 -14.740899 -1.914767 -0.000001 -0.000001 -0.000001 6.357946 14.450527 15.576463 8.258608 11.472417 45.982312 -14.579165 -20.045169 -12.934210 0.000002 0.000001 -0.000001 -57.399660 -11.374235 -19.760531 -76.361529 -22.177216 -36.558881 -21.246478 -35.970191 22.532128 -0.000004 -0.000002 -0.000000 12.178080 2.102702 -24.826296 -10.156955 -12.689950 -32.191610 23.418946 -9.819060 -34.850473 -0.000004 -0.000001 -0.000003 3.006578 1.237256 40.028126 -2.870499 -6.644463 11.319113 6.497173 -1.043384 5.431625 0.000000 -0.000002 0.000001 
-7.270321 106.471054 -19.770775 23.382775 75.413184 -60.878617 -6.456257 -7.786353 5.932639 0.405524 -0.815350 10.953899 -23.313857 27.177738 9.494851 -6.863377 -14.962841 -1.971943 0.000000 0.000000 -0.000000 5.788403 15.025006 15.790216 8.222329 11.235338 46.157657 -14.535759 -20.598117 -11.992660 0.000003 0.000001 -0.000001 -57.472429 -11.659748 -20.245519 -76.002588 -22.611232 -35.802769 -21.727081 -36.646144 22.616560 -0.000002 -0.000001 -0.000002 12.173456 2.021757 -24.981977 -10.159742 -12.753867 -32.474326 24.208654 -9.386395 -34.954559 0.000001 -0.000002 -0.000006 2.019273 0.705867 40.258037 -0.567777 -6.683521 9.783374 5.122863 3.367432 5.735102 0.000002 -0.000001 0.000002 
-6.820141 106.535889 -19.590595 26.094041 76.720025 -63.296948 -6.294439 -7.648115 5.767210 0.117243 -0.923053 10.044796 -23.615493 26.998428 10.034198 -7.167412 -15.438637 -1.784552 -0.000001 0.000000 0.000001 5.569993 14.776891 15.980853 8.935639 10.553038 46.038152 -15.091042 -20.764045 -11.367660 0.000007 0.000002 -0.000004 -57.184150 -12.031813 -20.851359 -75.781386 -23.040506 -35.987782 -22.031231 -37.767490 23.489961 -0.000002 -0.000003 0.000001 12.412169 2.380949 -24.599526 -10.247627 -12.980231 -32.803944 24.197267 -9.280859 -34.700981 -0.000003 0.000001 -0.000002 0.429514 -0.175454 40.933460 2.760789 -7.036394 6.449444 2.885246 10.003438 6.454991 0.000001 -0.000000 -0.000000 
-6.374491 106.595116 -19.379200 29.890492 78.287096 -67.046373 -6.212746 -7.601886 5.600212 -0.241094 -1.118217 8.979185 -23.432596 26.377357 10.640811 -7.677752 -15.638466 -1.630713 0.000001 0.000002 0.000000 5.485472 13.988179 15.986158 9.472251 10.276125 46.264812 -15.264525 -21.456138 -11.893318 0.000002 0.000003 -0.000003 -56.700631 -12.510414 -21.585134 -75.568817 -23.257054 -36.958509 -22.724610 -38.990343 24.135623 -0.000000 -0.000002 -0.000000 12.673526 3.108009 -23.720876 -10.278403 -13.488776 -32.590835 24.058307 -9.316316 -34.711363 -0.000003 0.000001 -0.000002 -1.121637 -1.091435 41.261016 6.150880 -6.986656 4.477547 0.066380 16.850189 8.170475 -0.000000 0.000002 0.000000 
-5.956390 106.642517 -19.153805 33.599702 79.403128 -70.704718 -6.043795 -7.590531 6.133093 -0.840479 -1.413919 6.959689 -23.181285 25.507818 11.894971 -7.920589 -15.591271 -1.952262 0.000001 0.000000 -0.000000 5.292627 13.133644 16.057870 9.802836 10.390979 46.789357 -15.554453 -21.757771 -12.228147 -0.000000 0.000001 -0.000001 -56.135727 -12.825559 -21.454362 -75.944587 -23.334488 -36.929504 -23.079858 -39.605142 24.518765 -0.000000 0.000002 -0.000000 12.967754 3.578015 -23.412232 -10.343297 -14.142596 -32.122287 24.145936 -9.400495 -34.900354 -0.000003 -0.000002 -0.000003 -2.260620 -1.781635 41.419725 8.927069 -6.925291 3.916868 -2.349429 22.534348 9.397515 -0.000001 0.000000 -0.000001 
-5.560924 106.694588 -18.919897 38.541999 80.233898 -75.288649 -6.128437 -7.620265 5.749172 -1.122610 -1.410095 5.812020 -23.128831 24.834677 12.678906 -8.203487 -15.795028 -1.935189 0.000003 0.000000 -0.000000 5.559810 12.498307 16.027187 9.826628 10.542360 46.995171 -15.222060 -22.244272 -12.509447 0.000006 0.000001 0.000002 -56.148127 -12.883904 -21.684645 -75.640903 -23.464434 -36.736463 -23.957105 -40.270608 24.508667 -0.000004 0.000000 -0.000000 13.236872 3.398874 -24.232232 -10.549957 -14.697590 -31.352938 24.239962 -9.169506 -34.569677 -0.000003 -0.000001 -0.000004 -3.330480 -2.451108 41.753080 11.276840 -7.022604 3.254463 -4.704683 27.289143 11.304011 -0.000000 0.000001 0.000001 
-5.196332 106.743721 -18.673023 43.591066 80.840227 -80.351896 -6.010677 -7.621988 6.125518 -1.295126 -1.388402 5.227387 -23.170066 24.622770 12.867795 -8.557717 -16.072823 -2.042138 -0.000003 0.000001 -0.000000 5.469923 11.987600 16.175964 10.313181 10.221023 47.195887 -15.432295 -22.571610 -12.329196 -0.000003 -0.000001 -0.000001 -56.059771 -13.213759 -21.888547 -75.944436 -23.813484 -36.177221 -23.488180 -40.815660 25.482398 -0.000002 -0.000001 0.000002 13.352415 3.433368 -24.275612 -10.627103 -15.083354 -30.871489 23.580596 -9.638625 -34.390846 -0.000000 0.000002 -0.000000 -4.155197 -2.938330 42.405998 12.400878 -7.327580 1.952422 -5.459207 28.942524 11.421529 0.000000 0.000001 -0.000000 
-4.870142 106.788879 -18.431137 47.914931 81.093682 -84.051960 -6.185071 -7.702423 5.745587 -1.359559 -1.336042 4.917125 -23.123047 24.452880 13.071964 -8.698009 -16.006687 -2.506873 -0.000001 0.000000 -0.000000 5.205044 11.848345 15.963901 10.258029 10.606515 47.598485 -14.860437 -22.621365 -11.074943 -0.000000 -0.000001 0.000001 -55.780113 -13.257890 -21.931930 -76.263030 -23.623582 -36.155804 -24.634139 -41.125505 24.519541 -0.000002 -0.000002 0.000003 13.348522 3.090810 -24.897616 -10.716884 -15.195656 -31.214839 22.477917 -10.195930 -33.991946 -0.000009 -0.000002 -0.000003 -4.601765 -3.220275 42.971760 12.343174 -7.784608 0.017305 -5.327089 28.667407 10.947361 0.000001 0.000000 -0.000002 
-4.564889 106.825096 -18.195221 48.988487 81.090499 -84.875161 -6.260414 -7.639757 5.221834 -1.364290 -1.295933 4.554129 -23.263566 24.255492 13.393770 -8.688988 -16.092797 -2.111931 0.000003 0.000000 -0.000000 5.322030 11.706058 15.664875 9.949800 11.420016 48.125977 -14.318032 -22.655208 -10.608941 0.000000 -0.000001 0.000001 -55.963995 -12.940873 -21.498816 -76.311866 -23.202684 -36.346141 -25.737403 -41.264431 23.475599 -0.000000 -0.000001 -0.000002 13.524961 3.258236 -25.055653 -10.976908 -15.721922 -31.798478 22.258553 -10.344339 -34.065336 -0.000003 0.000002 0.000000 -4.691423 -3.382082 43.561659 11.597602 -8.191235 -1.946387 -4.604177 27.149556 9.865126 0.000001 0.000000 0.000002 
-4.284008 106.842209 -17.953278 48.788413 81.037845 -84.476695 -6.302157 -7.551309 4.638032 -1.371452 -1.209547 4.334977 -23.499356 24.153898 13.800392 -8.658872 -16.143043 -1.718338 -0.000001 0.000000 -0.000000 5.055877 12.302876 15.354935 9.613869 11.905490 48.698853 -13.905584 -22.957509 -10.291365 -0.000004 -0.000001 0.000001 -55.958299 -12.782204 -21.565535 -76.499280 -23.108398 -36.218670 -26.523052 -41.595849 23.122274 -0.000002 -0.000002 0.000002 13.684452 3.352729 -24.814356 -11.230749 -15.806144 -32.372744 21.827601 -10.517825 -33.947041 -0.000003 -0.000002 -0.000002 -4.641456 -3.319731 44.395652 10.693535 -8.630515 -3.826830 -4.006433 25.569643 9.048393 0.000002 0.000001 -0.000000 
-4.028959 106.844780 -17.708466 49.232348 81.069441 -84.568465 -6.292300 -7.537601 4.597651 -1.421690 -1.120999 4.058081 -23.511005 24.031640 13.982998 -8.692334 -16.237984 -1.431257 0.000002 -0.000000 -0.000002 5.023699 12.532641 15.326019 9.586501 11.937472 48.879825 -13.911351 -23.134689 -10.921611 0.000006 0.000005 0.000002 -55.903794 -12.757515 -21.353719 -76.835796 -23.118744 -36.145928 -26.844913 -41.699353 23.283616 -0.000000 -0.000002 -0.000000 13.805552 3.250626 -24.924892 -11.379964 -15.884670 -32.941487 21.759099 -10.201309 -33.445568 -0.000003 0.000000 -0.000001 -4.542538 -3.247781 45.744413 9.946331 -9.052185 -5.901067 -3.878202 25.013804 8.760466 -0.000001 -0.000001 -0.000002 
-3.790080 106.827217 -17.475426 46.614060 81.036656 -81.659522 -6.193581 -7.395975 4.356940 -1.155624 -0.915274 4.947666 -23.576444 24.323851 13.370205 -8.555678 -15.728826 -1.459738 -0.000000 0.000001 0.000000 5.148984 12.778285 15.495911 9.972594 11.177921 48.324756 -14.255224 -23.069941 -11.217172 0.000003 -0.000002 0.000002 -56.292373 -12.684615 -20.671105 -77.026919 -23.389998 -35.697038 -26.755111 -41.890394 23.420674 -0.000000 -0.000000 -0.000000 14.141952 3.212044 -25.380711 -11.469486 -15.727627 -32.935828 21.215852 -10.740104 -33.555012 -0.000003 -0.000001 -0.000003 -4.229440 -3.012833 46.637980 9.563434 -9.391693 -7.338862 -3.888195 24.977877 8.581372 -0.000000 0.000001 0.000002 
-3.573704 106.786331 -17.244621 45.594480 80.997574 -80.382666 -6.155702 -7.357306 4.482969 -1.163396 -0.816117 4.735166 -23.878886 24.496955 13.682103 -8.564352 -15.649765 -1.718963 0.000001 -0.000001 0.000001 5.529539 12.530327 15.519740 10.095984 10.832847 47.898354 -14.185094 -22.951749 -11.278767 0.000002 0.000003 -0.000003 -56.842443 -12.508966 -20.875894 -76.780854 -23.457537 -34.858198 -27.369442 -41.679846 22.608729 -0.000004 -0.000001 -0.000000 14.326190 3.016681 -25.965294 -11.308235 -15.586582 -32.118244 20.993220 -11.103173 -33.827519 -0.000007 -0.000001 -0.000003 -4.158903 -2.981350 47.253113 9.330143 -9.548189 -8.341033 -3.596817 24.310055 7.993731 0.000001 -0.000000 -0.000000 
-3.378746 106.744881 -17.020271 45.454349 80.938432 -80.009218 -6.162325 -7.342471 4.512740 -1.116930 -0.809063 4.843508 -23.993848 24.544544 13.655552 -8.414803 -15.541272 -1.710838 -0.000001 0.000000 -0.000000 5.556481 12.808450 15.508310 10.237700 10.601141 47.625697 -14.126575 -22.946116 -11.147895 0.000001 0.000001 0.000003 -57.377810 -12.355623 -20.994267 -76.328614 -23.607717 -34.402826 -27.397595 -41.708420 22.528208 -0.000002 0.000000 -0.000001 14.361472 2.811648 -26.410924 -11.158971 -15.461800 -31.525834 20.578667 -11.591093 -34.122129 -0.000003 0.000001 -0.000002 -4.210191 -3.016879 47.601839 9.171156 -9.642146 -8.883346 -3.290053 23.815251 7.413642 0.000002 0.000001 0.000000 
-3.200071 106.684990 -16.795757 44.909313 80.765860 -78.951338 -6.199744 -7.285714 4.108822 -1.116061 -0.924212 5.079885 -23.990626 24.604638 13.464916 -8.290278 -15.337589 -1.802163 -0.000001 0.000000 -0.000002 5.351173 12.288776 15.386435 10.800483 10.412536 47.630403 -14.368047 -22.967585 -10.784724 0.000003 -0.000002 0.000002 -57.419549 -12.398592 -20.965168 -76.175665 -23.777582 -34.246609 -27.655984 -42.074355 22.139315 -0.000004 -0.000000 -0.000000 14.481732 2.636578 -27.070241 -11.173641 -15.592837 -30.905892 20.464831 -12.005608 -34.556331 -0.000001 -0.000002 -0.000003 -4.337696 -3.098502 47.628644 8.948794 -9.890998 -9.684664 -2.829258 22.992047 7.039149 0.000002 0.000000 -0.000001 
-3.034680 106.614990 -16.562771 44.174860 80.671644 -78.011777 -6.263267 -7.287051 3.834660 -1.047115 -0.999589 5.656704 -23.852009 24.828841 12.965086 -8.350532 -15.313926 -1.660249 0.000001 0.000000 -0.000000 5.005404 12.420159 15.321094 11.027262 10.191882 47.678467 -14.238679 -23.503443 -10.688344 0.000002 0.000000 -0.000003 -57.279360 -12.566713 -21.394277 -75.953548 -24.037908 -34.092879 -27.755787 -42.431580 22.259790 -0.000000 -0.000001 0.000001 14.596020 2.830752 -26.778587 -11.314938 -15.719556 -31.406210 20.280647 -11.892491 -34.203183 -0.000005 -0.000003 -0.000005 -4.158369 -3.026712 48.786730 8.417438 -10.222664 -11.292476 -2.706699 22.561332 7.004215 0.000001 0.000001 0.000000 
-2.886489 106.557030 -16.333651 44.181840 80.531564 -77.957532 -6.399293 -7.370870 3.605847 -1.129099 -1.073586 5.531130 -23.682259 24.465849 13.121721 -8.233892 -14.903871 -1.793457 -0.000001 0.000000 0.000001 4.625772 12.978411 15.274115 11.104162 10.177025 47.597304 -13.829930 -23.698173 -10.080290 0.000003 -0.000001 0.000001 -57.381615 -12.504240 -21.253571 -75.571576 -24.048130 -34.074198 -28.149219 -42.597031 22.354285 -0.000002 0.000003 0.000003 14.503654 2.989800 -26.261447 -11.366339 -15.715816 -31.818470 19.863037 -12.315202 -34.312640 -0.000001 -0.000001 -0.000003 -4.127103 -3.081249 49.618442 8.062005 -10.416937 -12.261511 -2.815022 22.671805 7.306730 0.000001 0.000001 -0.000000 
-2.756618 106.499397 -16.106928 45.627948 80.595693 -79.111486 -6.539723 -7.464805 3.256358 -1.341422 -1.252065 5.261649 -23.613212 24.260788 13.601616 -8.377039 -14.715818 -1.924772 0.000001 -0.000000 0.000001 4.714582 12.553803 15.410473 11.264671 9.780350 47.544619 -14.065730 -23.963859 -10.587035 0.000001 -0.000001 0.000001 -57.506627 -12.633346 -21.508022 -75.423539 -24.361687 -33.711328 -27.648257 -42.559254 22.812670 -0.000004 0.000001 0.000001 14.533548 2.848876 -26.244317 -11.322976 -15.739305 -32.128967 19.238561 -12.530519 -33.864255 -0.000003 0.000001 -0.000002 -4.344804 -3.112410 49.380007 7.932903 -10.371507 -12.451385 -2.696101 22.115521 7.278658 0.000002 0.000000 -0.000001 
-2.642517 106.451881 -15.892466 46.260123 80.725937 -79.337490 -6.608119 -7.487693 3.014399 -1.214182 -1.218176 5.744233 -23.636962 24.579126 13.149574 -8.349019 -14.590333 -2.315464 0.000003 -0.000000 0.000001 4.915638 12.624564 15.510292 10.898538 9.778207 47.557081 -14.071024 -24.289215 -10.489669 0.000002 -0.000000 0.000004 -57.689383 -12.577578 -21.361582 -75.510555 -24.352942 -33.919317 -27.360350 -42.522354 22.440346 -0.000002 -0.000001 -0.000001 14.599572 2.777481 -26.633676 -11.425996 -15.719761 -31.792796 19.206839 -12.747337 -34.010428 -0.000007 0.000001 -0.000002 -4.381140 -3.172600 48.961456 8.062347 -10.502556 -11.974671 -2.547078 22.231917 6.731379 -0.000001 0.000002 0.000000 
-2.541231 106.413208 -15.688791 46.804513 80.819853 -79.718874 -6.566789 -7.516589 3.372353 -1.297377 -1.183835 5.309809 -23.614310 24.450293 13.215468 -8.312733 -14.383946 -2.513173 0.000001 0.000000 -0.000000 4.913017 12.710355 15.548376 10.989696 9.676837 47.472485 -14.063479 -24.374454 -10.597408 0.000002 -0.000000 0.000004 -57.782383 -12.562009 -21.186504 -75.557991 -24.388249 -34.112314 -27.180924 -42.527186 22.498290 -0.000004 -0.000003 0.000001 14.577521 2.736167 -26.663044 -11.375422 -15.641321 -31.839063 19.155592 -12.811729 -34.050033 -0.000006 0.000002 -0.000000 -4.342592 -3.142775 49.100126 7.794462 -10.540616 -12.328303 -2.431581 21.857852 7.002085 -0.000000 -0.000000 0.000000 
-2.459404 106.372002 -15.480492 49.034973 81.312453 -82.048679 -6.617174 -7.587059 3.577156 -1.395207 -1.227304 4.756925 -23.393929 24.178033 13.478525 -8.235962 -14.571587 -2.523837 -0.000000 0.000000 0.000002 5.163221 13.061285 15.478317 10.503686 10.092264 47.475771 -13.347720 -24.320552 -9.992096 -0.000001 0.000001 -0.000001 -57.770232 -12.423867 -21.326610 -75.319856 -24.142408 -34.266120 -27.812148 -42.663264 22.526340 0.000001 -0.000006 -0.000001 14.560618 2.817311 -26.611855 -11.415912 -15.496410 -31.888439 19.191063 -12.844078 -34.131487 -0.000003 -0.000000 -0.000001 -4.290408 -3.170334 49.344183 7.576903 -10.658043 -12.728521 -2.085820 21.039844 6.781224 0.000002 0.000001 -0.000002 
-2.385029 106.336586 -15.266924 47.434373 81.351474 -80.454622 -6.609289 -7.569356 3.415653 -1.337296 -0.997545 4.489442 -23.746030 24.137214 13.870285 -8.238777 -14.849545 -2.100404 -0.000003 0.000001 -0.000000 5.285963 12.934619 15.559830 10.688158 9.999259 47.363865 -13.240384 -24.364320 -10.189984 0.000002 0.000003 0.000001 -57.737153 -12.449870 -21.274644 -75.159326 -24.214183 -34.106065 -28.684220 -42.728352 21.885415 -0.000000 0.000004 0.000001 14.747505 3.109441 -26.333887 -11.404386 -15.344554 -32.554235 18.204180 -13.409917 -33.863344 -0.000004 -0.000000 -0.000001 -4.136440 -3.050838 49.484922 7.514078 -10.740520 -13.183034 -2.124952 21.139680 7.183713 0.000003 0.000001 -0.000000 
-2.314634 106.305763 -15.049517 46.007683 81.311353 -79.289515 -6.630544 -7.624992 3.624506 -1.179345 -1.010895 5.101425 -23.730104 24.659618 13.336265 -8.155167 -14.972719 -1.996938 -0.000001 0.000000 -0.000002 5.507649 12.620978 15.565436 10.791098 10.106588 47.237807 -12.967988 -24.130905 -9.933588 0.000000 -0.000004 0.000003 -57.483562 -12.391096 -21.048408 -75.175562 -24.012271 -34.142709 -29.432398 -42.760317 21.600197 -0.000004 -0.000006 -0.000002 14.975574 3.367409 -26.206835 -11.394097 -15.372355 -32.622616 17.587886 -13.783969 -33.694283 -0.000000 0.000000 -0.000001 -4.051654 -3.035475 49.726728 7.623600 -10.814807 -13.125351 -2.014177 21.227301 6.925263 0.000001 0.000001 -0.000000 
-2.267520 106.276459 -14.843126 46.130937 81.399695 -79.245774 -6.665422 -7.628605 3.526981 -1.360562 -1.014308 4.220462 -23.999818 24.606969 14.070301 -8.153605 -15.265749 -1.644097 0.000001 0.000000 0.000002 5.505591 12.173512 15.448611 10.728332 10.375360 47.517039 -13.067327 -24.115791 -9.631569 0.000001 0.000003 -0.000003 -57.085143 -12.505428 -21.282953 -75.329105 -23.881096 -34.644185 -29.845400 -43.170702 21.561437 -0.000004 0.000002 -0.000001 14.989057 3.447523 -26.192961 -11.441946 -15.307912 -32.795143 17.352427 -14.019095 -33.807483 -0.000002 -0.000002 -0.000003 -4.023512 -3.069199 49.975449 7.546148 -10.908389 -13.416455 -2.073081 21.400111 6.969723 0.000003 0.000002 -0.000001 
-2.240082 106.244278 -14.636544 43.384774 81.047113 -76.670431 -6.487324 -7.452995 3.534417 -1.226578 -1.002009 4.761243 -24.182283 24.907540 13.739702 -8.131217 -15.326845 -1.534343 0.000001 -0.000000 0.000001 5.363478 12.523300 15.389094 10.218750 10.810515 47.806809 -12.803559 -24.261827 -9.462210 0.000004 0.000001 -0.000001 -57.002751 -12.498277 -21.658110 -75.173991 -23.824079 -34.769385 -30.124959 -43.315154 21.820750 -0.000004 0.000001 0.000001 15.020785 3.408182 -26.238703 -11.305008 -15.101719 -32.317412 16.852602 -14.448439 -33.989163 -0.000003 -0.000002 -0.000006 -4.106545 -3.120292 49.948747 7.889820 -10.774846 -12.686788 -2.058899 21.424640 6.989668 0.000000 -0.000000 0.000000 
-2.224191 106.212242 -14.437408 42.424518 80.750431 -75.762446 -6.370007 -7.405651 3.944077 -1.268955 -0.954299 4.404876 -24.341648 24.791690 13.821541 -8.041037 -14.961246 -1.997274 0.000003 0.000000 -0.000000 5.382155 12.533191 15.410969 10.209945 10.845746 47.747646 -12.827743 -24.104455 -9.388979 0.000001 0.000001 -0.000001 -57.243867 -12.350746 -21.263806 -75.097042 -23.828457 -34.452215 -30.070406 -43.069387 21.622676 -0.000002 -0.000003 -0.000001 14.890220 3.068955 -26.745030 -11.053821 -14.936632 -31.719863 16.446445 -14.653510 -33.922934 -0.000002 0.000000 -0.000001 -4.152538 -3.214939 50.545316 7.628263 -10.881230 -13.475940 -2.012963 21.324307 7.105436 0.000000 0.000001 -0.000001 
-2.220107 106.179810 -14.235506 41.489349 80.661515 -74.824599 -6.213956 -7.260703 3.982740 -1.295128 -1.020556 4.380633 -24.361603 24.589830 13.939369 -7.951442 -14.848534 -2.016305 0.000001 -0.000002 0.000001 5.207181 12.661035 15.330556 10.197661 10.961238 47.721992 -12.700114 -24.349578 -9.703857 -0.000000 -0.000001 -0.000001 -57.323510 -12.253864 -21.229973 -74.870423 -23.757768 -34.329832 -30.376887 -43.084229 21.470099 -0.000000 0.000001 -0.000001 14.862487 2.946555 -27.092598 -10.956023 -14.864949 -31.057160 16.637629 -14.742569 -34.262196 -0.000003 -0.000001 -0.000003 -4.184221 -3.257539 50.221865 7.880940 -10.778655 -12.736587 -1.979702 21.383787 7.035419 0.000002 0.000001 -0.000002 
-2.232773 106.150566 -14.041981 42.626364 80.979023 -76.103914 -6.331428 -7.318121 3.768833 -1.218220 -0.954808 4.483246 -24.022436 24.290955 13.717928 -7.879131 -14.746978 -2.032115 -0.000001 0.000001 -0.000000 4.863832 13.506320 15.275271 9.839688 11.217713 47.797315 -12.466016 -24.393420 -8.766353 -0.000001 0.000001 0.000003 -57.280709 -12.173354 -20.873036 -74.850971 -23.535645 -34.555225 -30.658052 -43.278623 21.398132 -0.000002 0.000000 0.000000 14.699375 2.865880 -27.156945 -10.865992 -14.744077 -30.710153 16.987714 -14.540752 -34.337444 -0.000002 0.000002 0.000003 -4.188797 -3.334431 50.498990 7.795229 -10.790891 -12.858437 -1.886493 21.232461 6.896118 0.000001 0.000001 0.000001 
-2.247602 106.119011 -13.848202 42.634263 81.074680 -75.912300 -6.457963 -7.334510 3.238207 -1.064230 -0.926281 5.048966 -24.044610 24.484063 13.488119 -7.720098 -14.754440 -1.688837 -0.000001 -0.000000 -0.000002 4.911582 13.398639 15.176885 9.868402 11.230393 47.819145 -12.489454 -24.475853 -8.925035 0.000001 -0.000002 0.000002 -57.141390 -12.214998 -21.170571 -74.922374 -23.543541 -34.853602 -30.279246 -43.461740 21.999300 0.000001 -0.000003 -0.000003 14.705459 2.976696 -27.059215 -11.076198 -14.840966 -31.210239 17.306306 -14.166284 -34.137456 -0.000003 0.000001 -0.000002 -4.079333 -3.295614 50.580805 7.667571 -10.922182 -12.955790 -1.797025 21.148134 6.935345 0.000001 0.000000 -0.000001 
-2.269175 106.093544 -13.651043 41.217118 81.101120 -74.684075 -6.548982 -7.370479 2.943299 -1.030359 -0.881166 5.111982 -24.295181 24.820793 13.713041 -7.645733 -14.914222 -1.170122 -0.000001 0.000000 -0.000002 5.161890 12.688614 15.085268 10.036738 11.406935 47.865208 -12.335173 -24.177244 -8.675471 0.000006 0.000001 -0.000001 -56.708537 -12.341432 -21.936324 -74.724585 -23.452749 -35.146238 -31.792236 -43.701815 21.126294 -0.000002 0.000002 -0.000001 14.817622 3.427022 -26.323916 -11.261640 -14.974034 -32.010774 17.346148 -14.233117 -34.157271 -0.000006 0.000000 -0.000005 -3.903808 -3.231967 50.916492 7.685658 -11.048286 -13.029589 -1.885054 21.590513 7.034957 0.000002 0.000001 0.000001 
-2.310134 106.065765 -13.471212 40.666584 81.197309 -74.339888 -6.390218 -7.374435 3.634142 -1.273559 -0.755191 3.845384 -24.647567 24.475389 14.742128 -7.654466 -14.613005 -1.474777 -0.000001 0.000000 -0.000002 5.011046 12.485357 15.188756 10.765485 10.815701 47.489889 -12.511395 -24.583628 -9.394581 -0.000004 -0.000001 -0.000001 -56.559489 -12.441971 -21.301533 -75.154470 -23.537856 -34.800114 -31.240500 -43.608384 21.237946 -0.000004 -0.000003 -0.000000 14.774912 3.388883 -26.329136 -11.219644 -14.873236 -31.840795 17.099659 -14.165113 -33.842300 -0.000003 -0.000001 -0.000004 -3.878794 -3.227659 51.154705 7.671371 -11.045831 -13.073326 -1.799173 21.367851 6.966914 0.000002 0.000001 -0.000001 
-2.355565 106.044449 -13.298158 41.682172 81.241070 -75.284742 -6.496098 -7.486750 3.644028 -1.199193 -0.744641 4.167831 -24.480919 24.586932 14.278726 -7.586151 -14.599258 -1.355869 0.000001 -0.000000 -0.000002 5.054278 12.867451 15.274268 10.569152 10.907924 47.413397 -12.138812 -24.762101 -9.480208 0.000001 0.000000 -0.000003 -56.752677 -12.340225 -21.284253 -74.888994 -23.477341 -34.763918 -31.846293 -43.404110 20.758253 -0.000002 0.000001 -0.000002 14.623193 3.085228 -26.588859 -11.138209 -14.747555 -31.497902 17.126979 -14.227746 -33.929894 -0.000002 0.000000 -0.000001 -4.085693 -3.351373 50.871932 7.701373 -11.095221 -13.007220 -1.715523 21.145533 6.863472 0.000002 0.000001 -0.000002 
-2.412128 106.025665 -13.145266 41.386585 81.143446 -74.681562 -6.721655 -7.615162 3.205026 -0.926248 -0.635759 5.156702 -24.314707 24.866834 13.638100 -7.593175 -14.595278 -1.459268 0.000003 0.000000 0.000002 5.440099 12.946297 15.351487 10.630439 10.537524 46.981227 -12.285973 -24.574150 -9.563444 0.000004 0.000004 0.000003 -56.816345 -12.254223 -21.135532 -74.785674 -23.525092 -34.537565 -31.591585 -43.335576 21.166515 -0.000004 0.000003 0.000001 14.614902 2.769379 -27.107585 -11.060582 -14.602101 -31.194570 16.821100 -14.458105 -33.972791 -0.000003 0.000000 -0.000005 -4.141167 -3.300076 50.445974 7.390031 -11.080269 -13.262314 -1.681742 20.817264 7.195449 0.000002 0.000002 0.000000 
-2.481389 105.997551 -12.991508 38.832180 81.020045 -72.263135 -6.640774 -7.592454 3.306356 -0.949464 -0.470237 4.800718 -24.500643 24.895234 14.038728 -7.583850 -14.459592 -1.286573 0.000000 0.000002 -0.000000 4.857156 14.430697 15.616408 10.877362 9.784852 46.431565 -12.056252 -24.757803 -9.078582 0.000003 0.000001 -0.000001 -56.839724 -12.300220 -20.405106 -75.159880 -23.717501 -34.416394 -30.992270 -43.191172 21.704671 -0.000002 0.000000 -0.000002 14.838468 2.756668 -27.394234 -10.831372 -14.538930 -31.034768 15.822490 -15.119720 -33.986188 -0.000003 0.000001 -0.000002 -3.933506 -3.097113 50.689050 7.068754 -10.960550 -13.606218 -1.650235 20.695022 7.163908 0.000001 0.000001 0.000000 
-2.549037 105.971123 -12.840206 38.227746 81.053486 -71.446552 -6.700353 -7.574863 2.835933 -0.963823 -0.491097 4.808201 -24.576501 25.083810 14.215279 -7.682303 -14.733908 -1.066573 0.000000 0.000002 -0.000002 4.767536 14.955748 15.608958 10.802774 9.653183 46.264505 -11.826169 -24.649178 -8.446981 -0.000000 0.000001 0.000002 -56.639986 -12.320792 -20.753441 -75.148726 -23.627817 -34.569233 -31.569558 -43.219053 21.332185 -0.000002 0.000001 0.000001 14.971988 2.795767 -27.483001 -11.036880 -14.601643 -31.723886 15.565023 -15.316201 -33.971288 -0.000000 -0.000003 -0.000005 -3.849861 -3.024923 50.430651 6.928013 -11.066232 -13.833918 -1.772105 20.924672 7.242338 0.000001 -0.000001 -0.000003 
-2.631011 105.935623 -12.688792 37.086452 80.863586 -70.478113 -6.602448 -7.588447 3.289005 -0.909173 -0.447317 4.985461 -24.701103 25.328073 14.126291 -7.632570 -14.471299 -1.146726 0.000001 -0.000001 0.000001 4.915295 14.977500 15.713938 10.988451 9.368695 45.957198 -11.942622 -24.590392 -8.945792 -0.000001 -0.000000 0.000004 -56.840964 -12.300250 -20.692755 -74.931724 -23.767419 -33.825501 -31.184038 -43.064107 21.755884 -0.000004 0.000000 -0.000001 14.926948 2.596619 -27.706714 -10.848923 -14.410183 -31.057369 15.108372 -15.655897 -34.011757 -0.000001 -0.000002 -0.000003 -3.809524 -2.987690 50.753148 6.802536 -11.000338 -13.851969 -1.804759 20.837225 7.545145 0.000002 0.000002 -0.000001 
-2.722157 105.903816 -12.543585 35.412956 80.580017 -68.873920 -6.627850 -7.581187 3.244824 -0.865525 -0.383223 5.047313 -24.692107 25.379250 14.115372 -7.588519 -14.480271 -0.705326 -0.000002 0.000001 -0.000001 4.938560 15.331287 15.622738 10.814231 9.657896 46.086370 -11.985181 -24.105833 -8.648050 0.000002 0.000001 -0.000001 -56.648892 -12.241821 -20.644846 -74.999172 -23.664346 -34.097691 -31.350582 -43.153101 21.886549 0.000002 0.000000 -0.000000 14.916134 2.594878 -27.721728 -10.943439 -14.388027 -31.109958 15.092548 -15.685478 -33.925174 -0.000003 -0.000003 -0.000005 -3.645570 -2.953889 51.377253 6.450959 -11.204218 -14.651879 -2.007719 21.403853 7.423710 0.000002 0.000001 0.000000 
-2.816566 105.870758 -12.402526 34.289606 80.409672 -67.765257 -6.497603 -7.508397 3.550903 -0.949397 -0.296908 4.518876 -24.786550 25.160154 14.470770 -7.619733 -14.210415 -0.992438 -0.000001 -0.000000 0.000001 4.692137 15.780392 15.665263 10.761790 9.616322 46.167431 -11.987540 -24.235502 -8.887531 -0.000000 0.000000 -0.000003 -56.535467 -12.319513 -20.600124 -75.137081 -23.802678 -33.978074 -31.239779 -43.256520 22.000857 -0.000000 0.000001 0.000001 14.875809 2.516301 -27.695936 -10.863084 -14.229965 -31.021988 14.908729 -15.890840 -34.010022 -0.000003 0.000000 -0.000001 -3.781404 -2.973223 51.017726 6.749418 -11.025394 -13.960919 -1.971107 21.284507 7.303563 0.000001 0.000001 0.000002 
-2.924497 105.843941 -12.265055 34.212937 80.571555 -68.123323 -6.330218 -7.437831 3.996481 -0.928562 -0.324107 4.606451 -24.754962 25.172964 14.370272 -7.653428 -14.303879 -0.977902 0.000001 -0.000001 0.000001 4.712526 15.632126 15.639535 10.265428 9.971840 46.595451 -11.788149 -24.557182 -9.349392 -0.000000 -0.000001 0.000001 -56.407250 -12.372426 -20.750555 -75.257251 -23.864437 -33.962299 -31.563650 -43.272862 21.587803 -0.000002 -0.000003 0.000000 14.736061 2.385216 -27.729094 -10.687215 -14.072184 -30.315436 14.947987 -15.927759 -34.179783 -0.000002 0.000001 -0.000002 -3.883655 -3.058615 51.240936 6.914192 -10.914694 -13.622650 -1.781505 20.858114 7.048468 0.000000 0.000001 0.000000 
-3.038578 105.818565 -12.126705 33.596034 80.628723 -68.102525 -6.154347 -7.363528 4.475656 -1.043761 -0.335672 3.960948 -24.633907 24.715953 14.547478 -7.499870 -14.598968 -0.074395 -0.000001 0.000001 0.000000 4.342288 16.226822 15.552706 10.119449 10.291901 46.928881 -11.670160 -24.557981 -8.964854 0.000002 0.000001 -0.000001 -56.441340 -12.253599 -20.196933 -75.254218 -23.749292 -34.186258 -31.639625 -43.480817 21.688904 -0.000004 0.000000 -0.000001 14.564531 2.581175 -27.206686 -10.636426 -14.043154 -30.279772 15.036740 -15.653808 -33.970472 -0.000003 -0.000002 -0.000003 -4.033312 -3.216128 51.238235 7.358992 -10.729245 -12.920557 -1.831690 20.933568 7.071630 0.000001 0.000000 -0.000001 
-3.148129 105.798454 -11.989847 34.076702 80.502536 -68.142093 -6.370657 -7.453195 3.897063 -1.094143 -0.414654 3.917991 -24.605032 24.670648 14.779474 -7.545012 -14.473227 0.045178 -0.000001 -0.000000 -0.000002 4.436896 16.023684 15.694001 10.398454 10.032032 46.820226 -11.943694 -24.450225 -9.164092 0.000002 -0.000001 0.000001 -56.493331 -12.311777 -20.096833 -75.221754 -23.931622 -33.974160 -31.294595 -43.506403 22.236950 -0.000004 0.000000 0.000003 14.427962 2.423322 -27.378270 -10.477675 -14.149064 -30.512313 14.870049 -15.659904 -33.905182 -0.000005 -0.000001 -0.000003 -4.101190 -3.282841 51.322526 7.139262 -10.646409 -13.553100 -1.970604 21.102604 7.170794 0.000000 0.000002 0.000002 
-3.262091 105.783432 -11.856849 34.732041 80.555859 -69.052045 -6.540948 -7.573296 3.854177 -1.042952 -0.403110 4.066122 -24.710733 24.884435 14.750683 -7.629594 -14.813307 0.685958 -0.000001 0.000001 -0.000002 4.633310 15.792220 15.607640 10.257738 10.278120 47.002797 -11.913134 -24.481954 -9.257007 0.000002 0.000001 -0.000001 -56.456479 -12.302580 -20.505939 -75.129335 -23.848832 -33.848956 -31.681826 -43.467126 21.570772 -0.000001 0.000004 0.000000 14.265709 2.392656 -27.209341 -10.413282 -14.242042 -30.740134 14.802676 -15.610783 -33.808405 -0.000003 -0.000003 -0.000005 -4.159757 -3.363402 51.815516 6.960341 -10.600012 -14.086869 -2.133087 21.189335 7.660049 0.000001 -0.000000 -0.000000 
-3.369375 105.773926 -11.730070 39.944794 81.197200 -72.931749 -7.318569 -7.825326 1.474038 -0.519786 -0.845110 7.321861 -23.622368 25.872109 12.608825 -7.667955 -14.637597 -0.069540 -0.000001 0.000000 -0.000000 5.561017 13.824948 15.574132 10.820393 10.103237 46.711674 -12.634647 -23.655015 -9.395692 0.000001 0.000001 -0.000001 -56.415747 -12.342954 -20.908693 -75.243802 -23.720477 -33.847955 -31.720993 -43.266260 21.126062 -0.000000 0.000002 0.000005 14.166688 1.845280 -28.244401 -10.669382 -14.595884 -31.194563 15.686009 -14.669071 -33.238887 -0.000002 -0.000002 -0.000006 -4.409921 -3.483784 50.777334 6.545924 -10.764300 -14.473350 -1.742586 20.556276 7.083902 0.000001 0.000001 0.000001 
-3.475927 105.770279 -11.614250 43.230450 81.561113 -75.794473 -7.738901 -7.978211 0.351091 -0.185618 -0.956055 9.191498 -23.230442 26.589064 11.413743 -7.767536 -14.774358 -0.231361 0.000001 0.000000 0.000002 6.248433 12.466294 15.600661 11.012148 9.951422 46.576815 -12.957372 -23.280831 -9.755449 0.000000 0.000000 -0.000000 -56.472530 -12.348321 -21.296731 -75.248057 -23.746889 -33.636810 -32.047637 -42.869081 20.321274 0.000001 0.000004 0.000001 14.045140 1.477355 -28.560757 -10.729128 -14.656660 -31.450098 16.217801 -14.106642 -32.891835 0.000001 -0.000002 -0.000003 -4.603044 -3.507854 50.336558 6.257075 -10.798145 -14.604801 -1.481089 19.960350 6.780567 0.000000 0.000002 0.000000 
-3.574523 105.764206 -11.497331 45.506665 81.893244 -77.659982 -8.029641 -8.034227 -0.684834 -0.109309 -1.097256 9.886153 -23.002277 26.704798 11.367370 -7.941572 -14.932974 -0.272134 0.000003 -0.000000 0.000001 6.560839 12.437971 15.778767 10.882843 9.568620 46.337082 -13.246474 -23.471045 -9.879070 0.000001 0.000003 -0.000000 -56.427440 -12.517129 -21.781538 -75.157175 -23.889085 -33.426208 -31.923635 -43.214043 20.400870 -0.000002 0.000002 0.000000 14.004483 1.383086 -28.740493 -10.830860 -14.731227 -31.807983 16.519178 -13.940313 -33.016462 -0.000003 -0.000004 -0.000004 -4.525384 -3.462682 50.403265 5.818491 -10.914838 -15.516588 -1.448611 19.606022 6.914571 0.000001 0.000001 -0.000000 
-3.665856 105.761772 -11.382597 47.541194 82.310091 -79.533407 -8.159277 -8.051470 -1.133455 0.159424 -1.096783 11.073019 -22.578348 27.067362 10.205826 -7.988824 -15.124909 -0.148884 -0.000003 0.000000 -0.000002 6.820482 12.626575 15.805293 10.524938 9.673311 46.227055 -13.046404 -23.852644 -10.269936 -0.000003 0.000001 0.000003 -56.293398 -12.494840 -22.042595 -75.071162 -23.686102 -33.899264 -32.016208 -43.458834 20.882632 -0.000002 -0.000003 -0.000000 14.053563 1.420167 -28.860596 -10.878291 -14.835012 -31.794524 16.850338 -13.790303 -33.176223 -0.000005 -0.000003 -0.000005 -4.443950 -3.440855 50.224994 5.716393 -10.900683 -15.520655 -1.422094 19.464289 7.093997 0.000000 0.000002 -0.000001 
-3.751926 105.760468 -11.269001 48.658343 82.608187 -80.455605 -8.243307 -8.043989 -1.451000 0.185245 -1.123549 11.213466 -22.553671 27.200943 10.312349 -8.066294 -15.265054 -0.372190 -0.000003 -0.000001 0.000001 7.208049 12.006118 15.758988 10.324746 9.827601 46.275235 -13.161181 -23.804109 -10.399849 -0.000001 0.000004 0.000003 -56.130481 -12.499210 -22.398000 -75.096195 -23.560627 -34.194256 -31.826332 -43.620498 21.393993 -0.000004 -0.000000 0.000002 14.123327 1.469275 -28.987979 -10.950872 -14.888691 -31.969448 17.057192 -13.603236 -33.103786 -0.000006 0.000000 -0.000001 -4.376869 -3.418282 50.020484 5.714308 -10.961012 -15.558990 -1.358624 19.434634 6.779300 0.000002 -0.000000 -0.000001 
-3.833238 105.756615 -11.160802 49.290408 82.798709 -81.143262 -8.167576 -8.043689 -1.114987 0.065035 -1.167847 10.761830 -22.368887 26.897357 10.435265 -8.019027 -15.167053 -0.339167 0.000000 -0.000000 -0.000001 7.019092 12.897420 15.830883 10.014545 9.816438 46.165255 -12.790806 -24.090567 -10.349176 0.000000 0.000000 -0.000003 -56.152198 -12.466306 -22.265249 -75.073369 -23.562906 -34.024806 -31.818368 -43.628803 21.626669 -0.000000 0.000001 0.000001 14.182770 1.489630 -29.027208 -10.915459 -14.893166 -31.750636 17.070991 -13.700903 -33.226261 -0.000005 0.000001 -0.000002 -4.359859 -3.382702 49.763539 5.848645 -10.889593 -15.036021 -1.282412 19.310082 6.824220 0.000000 0.000001 0.000000 
-3.906680 105.752556 -11.055081 49.322449 83.073917 -81.343134 -8.029126 -7.966585 -0.835822 0.064844 -1.138298 10.668863 -22.345703 26.924508 10.398086 -8.033441 -15.354999 -0.354688 0.000002 0.000001 -0.000000 7.124492 12.713231 15.727147 9.697879 10.115652 46.302430 -12.528914 -24.096040 -10.156901 -0.000000 0.000003 -0.000000 -56.068190 -12.418476 -22.341380 -75.089638 -23.410887 -34.269928 -32.046124 -43.631399 21.567340 0.000001 -0.000003 -0.000003 14.260655 1.844212 -28.501319 -11.091706 -14.917435 -32.432784 17.269397 -13.369181 -32.967185 -0.000002 0.000001 -0.000002 -4.152965 -3.312906 50.224246 5.807895 -10.985147 -15.262647 -1.328800 19.426619 6.874458 0.000001 -0.000000 0.000000 
-3.972646 105.748817 -10.952253 47.712642 83.038250 -80.058143 -7.887800 -7.974009 -0.229252 0.075672 -1.011031 10.482503 -22.603949 27.100005 10.518724 -8.008199 -15.480571 -0.155118 0.000002 0.000001 -0.000002 7.277261 12.394582 15.832310 9.681435 9.919720 46.188352 -12.597615 -24.173810 -10.273892 0.000002 -0.000006 -0.000005 -56.061728 -12.535972 -22.573780 -75.014888 -23.562385 -33.928565 -31.931606 -43.732520 21.686716 -0.000000 0.000003 -0.000001 14.285276 1.963580 -28.272467 -10.956925 -14.841432 -32.180211 17.094374 -13.495279 -33.007050 -0.000005 -0.000001 -0.000003 -4.047004 -3.236937 50.560093 5.790140 -10.947028 -15.412834 -1.313641 19.425970 6.881279 0.000002 0.000002 -0.000001 
-4.029519 105.748245 -10.846636 46.523864 82.987891 -78.715082 -7.972527 -7.931719 -0.708049 0.162010 -0.987750 10.832539 -22.219982 26.663365 10.209190 -7.803559 -15.031686 0.043879 0.000001 0.000000 0.000002 7.316860 13.110036 15.784137 9.513314 10.019530 46.007423 -12.283890 -24.061209 -10.431032 0.000003 -0.000000 -0.000000 -56.469081 -12.076959 -20.974348 -75.216441 -23.303834 -34.331635 -31.453004 -43.276478 22.179868 -0.000000 0.000003 -0.000001 14.431254 1.953800 -28.454525 -10.978038 -14.912203 -32.333081 16.955552 -13.602177 -33.049728 0.000001 -0.000004 -0.000004 -3.939982 -3.137126 50.601952 5.719903 -10.855936 -15.520287 -1.413177 19.476471 6.807512 0.000001 0.000001 -0.000000 
