HIERARCHY
ROOT Hips
{
	OFFSET -14.338637 100.724503 -2.982331
	CHANNELS 6 Xposition Yposition Zposition Xrotation Yrotation Zrotation
	JOINT Chest
	{
		OFFSET 0.395646 13.301445 3.011504
		CHANNELS 3 Xrotation Yrotation Zrotation
		JOINT Chest2
		{
			OFFSET 4.112341 20.247383 5.674367
			CHANNELS 3 Xrotation Yrotation Zrotation
			JOINT Chest3
			{
				OFFSET 4.523842 14.052505 2.209478
				CHANNELS 3 Xrotation Yrotation Zrotation
				JOINT Neck
				{
					OFFSET 4.734061 16.149261 3.925043
					CHANNELS 3 Xrotation Yrotation Zrotation
					JOINT Head
					{
						OFFSET 2.953211 9.171768 4.121262
						CHANNELS 3 Xrotation Yrotation Zrotation
						End Site
						{
							OFFSET 2.984250 9.190063 4.057679
						}
					}
				}
				JOINT LeftCollar
				{
					OFFSET 6.264430 10.644882 7.017686
					CHANNELS 3 Xrotation Yrotation Zrotation
					JOINT LeftUpArm
					{
						OFFSET 15.929732 -6.691757 3.156478
						CHANNELS 3 Xrotation Yrotation Zrotation
						JOINT LeftLowArm
						{
							OFFSET -18.026968 -25.592041 12.641388
							CHANNELS 3 Xrotation Yrotation Zrotation
							JOINT LeftHand
							{
								OFFSET -22.054136 -15.833199 12.801264
								CHANNELS 3 Xrotation Yrotation Zrotation
								End Site
								{
									OFFSET -4.820059 -3.460442 2.797783
								}
							}
						}
					}
				}
				JOINT RightCollar
				{
					OFFSET -1.179303 13.486313 4.305471
					CHANNELS 3 Xrotation Yrotation Zrotation
					JOINT RightUpArm
					{
						OFFSET -14.605325 3.286682 -9.185782
						CHANNELS 3 Xrotation Yrotation Zrotation
						JOINT RightLowArm
						{
							OFFSET -10.498251 -30.078674 11.171204
							CHANNELS 3 Xrotation Yrotation Zrotation
							JOINT RightHand
							{
								OFFSET 5.527328 -22.491547 19.092785
								CHANNELS 3 Xrotation Yrotation Zrotation
								End Site
								{
									OFFSET 1.208054 -4.915749 4.172916
								}
							}
						}
					}
				}
			}
		}
	}
	JOINT LeftUpLeg
	{
		OFFSET 8.244978 -1.490044 5.497202
		CHANNELS 3 Xrotation Yrotation Zrotation
		JOINT LeftLowLeg
		{
			OFFSET 9.808283 -45.828213 6.896551
			CHANNELS 3 Xrotation Yrotation Zrotation
			JOINT LeftFoot
			{
				OFFSET 28.146282 27.196484 -21.649689
				CHANNELS 3 Xrotation Yrotation Zrotation
				JOINT LeftToe
				{
					OFFSET 18.794809 -5.427658 -13.298717
					CHANNELS 3 Xrotation Yrotation Zrotation
					End Site
					{
						OFFSET 13.865257 -18.383480 -5.418600
					}
				}
			}
		}
	}
	JOINT RightUpLeg
	{
		OFFSET -8.244988 1.489853 -5.497248
		CHANNELS 3 Xrotation Yrotation Zrotation
		JOINT RightLowLeg
		{
			OFFSET -0.793232 -47.317097 -2.115156
			CHANNELS 3 Xrotation Yrotation Zrotation
			JOINT RightFoot
			{
				OFFSET 15.071437 -38.024059 -18.099758
				CHANNELS 3 Xrotation Yrotation Zrotation
				JOINT RightToe
				{
					OFFSET -8.599118 -17.445747 13.463188
					CHANNELS 3 Xrotation Yrotation Zrotation
					End Site
					{
						OFFSET -15.031992 -3.551874 17.915903
					}
				}
			}
		}
	}
}
MOTION
Frames: 199
Frame Time: 0.033333
-0.976385 104.638321 -1.111712 -3.688361 31.432749 6.812446 -6.582629 -3.285286 10.436829 -0.777447 -1.455696 2.770598 1.468029 -5.751068 -1.982079 -12.199778 -3.730805 1.600805 0.000000 -0.000001 0.000001 12.524903 18.543270 -10.730837 18.606176 20.728419 25.705002 -0.662495 -9.554752 0.084045 -0.000003 0.000005 -0.000002 -6.995826 -18.020896 7.833077 17.824355 -25.303298 -13.891327 2.286487 0.246577 -13.609119 0.000001 -0.000003 0.000004 15.922899 0.492376 -9.641710 -60.103158 39.956026 -74.311707 -12.035357 -13.880738 -7.852680 0.000003 -0.000003 -0.000000 6.737921 -0.086031 -4.136227 -7.835631 -1.979775 -12.480768 11.487435 3.546187 8.817148 0.000000 -0.000000 -0.000001 
-0.973038 104.639259 -1.119600 -3.970372 31.553623 6.808990 -6.315254 -3.351222 10.580901 -0.125722 -1.735332 3.160808 0.764696 -5.345169 -2.338594 -12.269712 -3.819105 1.726379 0.000002 -0.000003 -0.000003 12.193582 17.370518 -10.449739 18.996759 20.819865 25.612485 -1.209670 -9.260300 -0.374128 -0.000003 0.000002 0.000002 -7.174004 -18.318583 7.663712 17.877124 -25.338422 -13.870615 2.603562 0.059450 -13.574545 0.000001 0.000000 -0.000001 16.205052 0.488217 -9.374974 -59.895964 39.960425 -74.479934 -12.116716 -13.850035 -7.925799 0.000004 -0.000003 -0.000001 6.951644 -0.062530 -4.082326 -8.003009 -1.829678 -12.360515 11.789181 2.894853 8.824297 0.000001 -0.000002 -0.000000 
-0.966393 104.632172 -1.121180 -4.199458 31.477238 6.792020 -5.889784 -3.439987 10.781250 0.306393 -1.864992 3.351130 0.208109 -5.269411 -2.535423 -11.932725 -3.858768 1.718007 0.000002 -0.000002 -0.000001 12.085610 17.002711 -10.402087 19.137650 20.792414 25.341385 -1.745186 -8.870679 -0.984382 -0.000001 0.000003 0.000001 -7.005967 -17.894197 7.749422 17.967414 -25.597783 -13.615914 2.204495 -0.116790 -13.687866 0.000003 0.000003 -0.000001 16.307049 0.470236 -9.370728 -59.408248 39.672047 -74.155350 -12.524744 -14.153965 -8.388751 0.000003 -0.000002 -0.000002 6.335618 0.042479 -4.617485 -6.280646 -1.824100 -11.069930 11.223379 3.002534 8.433138 0.000000 -0.000002 0.000002 
-0.950023 104.621964 -1.121912 -4.268630 31.603743 6.758478 -5.954914 -3.474852 10.855709 0.647968 -2.070290 3.644005 -0.108454 -5.358421 -2.831782 -11.912814 -3.769578 1.743761 0.000001 -0.000000 -0.000001 12.193699 17.240550 -10.495726 18.873028 20.182524 24.963185 -2.385419 -8.589497 -1.127384 -0.000004 0.000000 -0.000000 -6.757755 -17.549565 8.027494 18.186591 -25.811389 -13.345402 1.473549 -0.126171 -14.335532 -0.000000 0.000002 -0.000002 16.156280 0.462933 -9.426629 -59.024712 39.444855 -73.772696 -12.373982 -14.021681 -8.440264 0.000004 -0.000002 -0.000002 5.741634 0.154747 -5.170446 -4.963011 -1.871590 -9.879587 11.185315 2.922724 8.317257 -0.000001 -0.000000 -0.000000 
-0.942638 104.612045 -1.126790 -4.118794 31.751572 6.707080 -6.020808 -3.485401 10.836025 0.773833 -2.194571 3.822357 -0.433477 -5.544370 -3.102697 -11.544111 -3.872804 1.871003 0.000001 -0.000002 -0.000001 12.176737 17.213351 -10.410355 18.953353 19.971051 24.720259 -2.578715 -8.185365 -0.835922 0.000001 0.000002 0.000001 -6.811821 -17.696889 8.185806 18.085535 -25.610891 -13.331433 1.483938 -0.383024 -14.692003 -0.000002 0.000006 -0.000005 15.654570 0.443182 -9.607564 -58.409838 39.068368 -73.364571 -12.350689 -13.787504 -8.834555 0.000004 -0.000002 -0.000002 4.543028 0.350057 -5.966715 -3.456188 -1.802977 -8.648959 10.922512 2.543157 7.976747 -0.000002 -0.000000 -0.000001 
-0.932633 104.590431 -1.125389 -4.297483 31.712186 6.624751 -5.552939 -3.617678 11.183415 1.215871 -2.352241 4.031340 -1.004297 -5.322586 -3.367156 -11.265644 -4.053918 1.938542 0.000002 -0.000001 0.000001 12.032784 16.758687 -10.383262 19.327207 20.595602 24.785583 -3.067879 -7.709982 -1.399844 -0.000004 0.000000 0.000003 -7.147202 -18.126528 8.256038 18.059872 -26.105610 -13.322876 1.145854 -0.688030 -14.973518 0.000002 0.000002 -0.000002 15.575113 0.582837 -9.419617 -57.947803 39.051231 -73.077533 -12.020967 -13.303661 -8.969542 0.000003 -0.000004 0.000001 3.829054 0.411156 -6.734604 -1.999164 -1.838158 -7.122256 10.788342 2.551017 7.895441 0.000001 -0.000004 -0.000000 
-0.914798 104.553360 -1.128154 -5.026939 31.404377 6.765343 -5.116074 -3.638811 11.322560 1.534598 -2.435832 4.100549 -1.205453 -5.141538 -3.366335 -10.951800 -4.303993 1.832794 0.000002 0.000001 0.000002 12.057336 16.514593 -10.800785 19.767742 21.551803 24.907320 -2.545636 -6.742255 -0.191451 -0.000001 0.000003 0.000004 -7.677740 -18.569218 8.298874 18.235992 -27.407976 -13.192767 1.284947 -1.612952 -15.726275 0.000002 0.000002 -0.000002 16.067813 0.664320 -9.167241 -57.289824 39.092451 -73.016949 -12.081844 -13.162859 -9.275138 0.000003 -0.000003 -0.000001 2.276986 0.790113 -8.597495 1.484110 -1.443888 -3.875386 11.391225 2.551084 8.265385 -0.000001 -0.000004 -0.000002 
-0.900410 104.508766 -1.125493 -5.744258 31.502123 6.913373 -4.470081 -3.776596 11.716391 1.110637 -2.340692 3.889079 -1.085245 -5.586315 -3.466320 -10.502892 -4.481602 1.771190 0.000001 0.000000 -0.000002 12.293792 16.646098 -11.334918 19.659767 22.139433 25.065220 -2.933962 -5.874875 -0.341488 0.000001 0.000003 -0.000003 -7.860872 -18.516680 8.611590 18.085861 -28.147703 -13.389167 0.917220 -2.143510 -16.033082 -0.000003 0.000000 -0.000001 16.559915 0.749435 -8.923416 -56.763711 38.923209 -72.772619 -12.015583 -12.885018 -9.630531 0.000003 -0.000008 -0.000003 1.343553 1.066157 -10.039048 4.773212 -0.986308 -0.676456 12.124195 2.553732 8.660036 -0.000001 -0.000000 0.000000 
-0.893834 104.457504 -1.123278 -6.275810 31.379125 6.988778 -4.440902 -3.797575 11.835180 1.320093 -2.423639 3.970679 -1.181360 -5.472045 -3.552838 -9.979874 -4.619535 1.701922 0.000001 -0.000001 0.000001 12.590269 16.068268 -11.892935 19.859169 22.932615 25.337579 -3.369160 -4.124257 0.581740 -0.000000 0.000001 -0.000000 -7.918477 -18.327100 8.971860 18.086530 -28.795275 -13.647063 0.421910 -3.181996 -17.164704 -0.000003 0.000004 -0.000003 16.925987 0.815186 -8.702065 -56.388399 38.994226 -72.923471 -12.259954 -13.013387 -10.017859 0.000005 0.000002 -0.000003 1.404712 1.182072 -11.142251 6.392041 -0.854282 1.976164 12.540676 2.288117 8.507314 0.000000 -0.000002 0.000001 
-0.919035 104.427406 -1.123158 -7.317196 30.814665 6.793439 -3.457219 -4.030643 12.437539 1.691757 -2.410168 3.990769 -1.449120 -4.720817 -3.405029 -9.486385 -4.663969 1.790230 0.000002 -0.000002 -0.000001 12.967261 16.619250 -12.540831 19.416648 23.241662 25.582205 -4.155735 -2.364915 0.883911 0.000001 0.000003 -0.000002 -8.218335 -18.497839 9.447140 17.396727 -28.652944 -14.618475 -0.868355 -3.903504 -18.021101 0.000001 0.000005 -0.000002 17.195783 0.799060 -8.291054 -55.884065 39.031218 -73.026443 -12.987665 -13.844640 -10.116098 0.000003 -0.000003 -0.000000 1.719205 1.164600 -11.413891 7.246548 -0.718948 3.667170 12.294999 0.314033 7.381723 0.000001 0.000005 -0.000001 
-0.954844 104.406342 -1.123455 -7.568464 30.539610 6.841833 -3.117488 -4.010282 12.415352 1.515204 -2.402798 3.922780 -1.297244 -4.957900 -3.302211 -9.226242 -4.425125 1.577817 0.000001 -0.000002 -0.000001 12.992535 18.011009 -13.131557 18.860688 23.602060 25.457128 -3.832218 -1.053227 0.790085 -0.000003 0.000000 0.000003 -8.435241 -17.852347 9.642491 16.716599 -29.018612 -15.085630 -1.578844 -5.030712 -18.381767 0.000002 0.000002 -0.000002 16.927323 0.603754 -8.489194 -55.605786 38.866051 -72.767975 -13.556477 -14.328301 -10.564758 0.000003 0.000002 -0.000003 1.758068 1.263041 -11.887201 7.421852 -0.709285 4.814851 13.106581 -2.918213 6.469737 0.000001 -0.000004 0.000002 
-1.052246 104.423477 -1.113782 -8.273959 30.131465 6.716399 -1.900826 -4.129084 12.742602 0.550230 -2.143248 3.531735 -0.891630 -5.283214 -3.041854 -8.541054 -4.098153 1.603631 0.000001 -0.000001 0.000001 12.686038 16.948587 -12.881061 17.996625 23.189452 25.572486 -5.703294 0.914417 0.116545 0.000001 0.000003 -0.000001 -8.186833 -17.287019 10.169049 15.845791 -28.335573 -16.374304 -1.258546 -6.372795 -19.512580 0.000006 0.000003 -0.000001 16.954961 0.555400 -8.076688 -55.116529 38.691714 -73.038225 -14.242030 -15.027395 -10.625274 0.000003 -0.000002 -0.000002 1.675387 1.275338 -11.516524 7.754241 -0.356538 5.356369 13.590914 -6.445977 5.303808 0.000001 0.000003 0.000001 
-1.210166 104.472466 -1.097938 -8.280555 29.521085 6.486383 -0.532385 -4.245354 13.139096 -1.204094 -1.485087 2.550053 0.283158 -5.487274 -2.269255 -8.273156 -4.047431 1.411254 0.000002 -0.000002 -0.000001 11.689990 15.764644 -12.120901 17.187507 23.107414 25.046876 -6.217021 3.096216 -0.070550 -0.000000 0.000000 -0.000000 -8.387129 -16.674797 10.111297 14.363374 -27.592007 -17.598124 -1.474199 -8.097995 -19.913031 0.000004 -0.000001 -0.000001 16.178526 0.443433 -8.073182 -54.288116 37.944440 -72.619555 -14.970936 -15.591228 -10.958153 0.000003 -0.000003 -0.000000 2.159385 1.030709 -10.204756 6.039657 -0.718896 4.041616 13.363117 -8.814958 4.039162 0.000000 -0.000000 -0.000000 
-1.394939 104.531891 -1.083897 -8.893842 29.025814 6.325127 0.304341 -4.294724 13.352675 -2.084084 -1.113121 2.018004 0.758580 -5.520729 -1.923883 -7.675310 -3.907964 1.409125 0.000001 -0.000001 0.000001 11.233524 15.328676 -11.651932 16.531057 23.577335 25.424172 -6.249455 4.180905 -0.297060 -0.000005 -0.000002 -0.000002 -8.515008 -16.575518 10.014295 13.657771 -27.483915 -18.514181 -1.300325 -9.195433 -20.300825 -0.000001 0.000005 -0.000002 16.182030 0.487726 -7.670532 -53.608878 37.455665 -72.541923 -15.588174 -15.885258 -11.392241 0.000002 -0.000004 0.000001 3.193447 0.713578 -8.752305 4.200414 -0.855155 2.711004 12.859311 -10.350113 3.048524 0.000002 -0.000000 0.000001 
-1.633212 104.615417 -1.072910 -9.283832 28.233434 6.385479 1.420159 -4.327096 13.531478 -2.686502 -0.726436 1.591959 0.909233 -5.438539 -1.944926 -6.962302 -3.687940 1.575386 0.000000 0.000001 0.000002 10.494741 14.762252 -11.358272 15.186063 24.036979 25.768103 -6.269884 5.852190 -0.842679 -0.000001 -0.000002 -0.000001 -8.498420 -15.490247 9.612973 12.444918 -27.403419 -19.382253 -1.996311 -10.608763 -19.991786 0.000002 0.000000 -0.000000 15.595719 0.177711 -7.830324 -52.778979 36.925550 -72.391338 -16.162719 -16.560238 -11.284205 0.000002 -0.000001 0.000002 4.324390 0.566565 -7.572708 2.135476 -0.945296 1.304744 12.537338 -11.678145 2.653364 0.000001 -0.000002 0.000001 
-1.931169 104.718674 -1.069556 -9.330357 27.054659 6.552008 1.717505 -4.163786 13.021360 -2.108153 -0.540193 1.356690 0.310267 -5.258327 -1.898509 -6.621280 -2.942256 1.362302 0.000002 -0.000001 -0.000001 10.374884 16.412081 -11.596671 12.827136 24.335266 26.115988 -5.399594 6.490557 -1.963493 0.000003 0.000003 0.000001 -8.643389 -14.605477 9.186884 10.545656 -27.170720 -20.710228 -1.379187 -12.672243 -19.749323 0.000001 0.000003 -0.000001 14.928149 0.093197 -8.005296 -52.685962 36.861609 -72.646261 -15.663963 -16.538804 -10.052007 0.000006 0.000001 -0.000001 5.987833 0.226289 -6.462947 -0.696282 -1.153489 -1.167035 11.818032 -9.982306 3.282229 -0.000001 0.000005 -0.000001 
-2.244777 104.819885 -1.067495 -7.700386 27.286505 6.700206 -0.615154 -3.741580 11.853270 1.101236 -1.553107 2.770759 -1.593698 -4.228784 -2.990680 -7.306201 -2.871893 1.332177 0.000001 0.000001 0.000003 9.449369 13.997433 -11.322086 10.986379 24.051891 26.034277 -5.233857 8.283484 -1.519229 -0.000000 0.000002 0.000002 -9.326997 -14.926393 8.389018 9.387438 -27.056309 -21.594507 -2.242822 -13.471605 -19.240534 0.000001 0.000003 -0.000000 12.964065 -0.136785 -8.652248 -52.856925 36.641059 -72.712712 -14.522304 -15.702605 -8.756599 0.000002 -0.000003 -0.000001 5.836073 0.267324 -6.256838 -3.093297 -1.288832 -2.593840 11.635533 -10.065470 3.482106 0.000001 -0.000002 0.000000 
-2.620179 104.927315 -1.063787 -7.068681 26.243711 6.767021 -1.301679 -3.478047 11.009025 1.994487 -1.616222 2.908953 -1.706064 -3.804491 -2.998356 -7.409857 -2.422450 0.985369 0.000002 -0.000004 -0.000000 9.042810 12.350110 -10.872660 8.114515 22.897989 26.515361 -5.361681 9.611276 0.101509 0.000001 0.000003 0.000001 -8.514777 -13.818804 8.129647 8.403137 -25.474497 -22.345225 -3.167652 -14.098187 -20.590877 -0.000003 0.000002 -0.000002 11.645848 -0.111550 -8.723695 -52.780840 36.747172 -72.935615 -13.867384 -15.058726 -7.980193 0.000001 -0.000003 -0.000000 6.105761 0.166474 -5.621563 -4.915411 -1.283696 -4.261428 11.689699 -9.431952 3.974212 0.000002 -0.000002 0.000001 
-3.056022 105.046455 -1.056361 -6.878583 24.857934 6.664615 -1.059572 -3.351949 10.525658 2.886248 -1.473676 2.747725 -2.187694 -3.080585 -2.801114 -6.933694 -2.095615 0.768591 0.000001 -0.000000 -0.000003 8.585350 11.475987 -10.416088 6.429015 23.429108 27.778415 -5.761246 10.425789 -1.045064 -0.000003 0.000004 -0.000002 -8.062831 -12.939968 7.770088 7.097329 -23.959527 -23.377104 -3.674984 -14.977901 -21.107388 0.000003 0.000001 -0.000003 10.074631 -0.110203 -8.494255 -51.326481 36.345779 -72.573512 -13.299200 -14.007409 -8.045865 0.000003 0.000001 -0.000001 6.376831 0.063608 -4.565955 -6.155031 -0.986406 -5.709635 11.434236 -9.236092 4.181781 0.000001 -0.000002 -0.000000 
-3.498557 105.157501 -1.048175 -6.670148 23.688197 6.828210 -1.181906 -3.104654 9.743343 3.548067 -1.346873 2.638535 -2.467263 -2.986966 -2.664701 -6.618124 -1.718593 0.501875 0.000002 -0.000001 -0.000002 8.451236 11.515464 -10.109610 4.714860 23.057873 28.557835 -5.965059 10.745231 -0.704303 -0.000001 -0.000003 -0.000006 -7.461130 -12.119125 7.549494 6.256855 -22.361466 -23.963237 -3.141147 -15.637962 -22.083614 -0.000001 0.000002 -0.000002 9.130325 -0.131840 -8.380450 -50.480289 36.205351 -72.409048 -12.619376 -13.074223 -7.829320 0.000001 0.000001 -0.000001 6.344522 0.063713 -4.164470 -6.995563 -0.747432 -6.713902 11.489999 -9.098462 4.470492 0.000001 -0.000000 -0.000000 
-3.999394 105.244583 -1.045918 -6.460242 22.943046 6.679309 -0.760685 -3.044442 9.543520 3.507298 -1.226754 2.429214 -2.545206 -3.030723 -2.785085 -6.243011 -1.290523 0.290310 0.000003 -0.000002 -0.000001 7.628692 10.737868 -9.647430 2.530825 23.272941 29.049259 -5.125776 11.366169 -1.305206 -0.000006 -0.000001 0.000001 -7.608195 -11.541087 6.924373 4.663121 -21.303792 -24.588080 -3.664969 -16.087146 -21.096451 -0.000000 0.000000 -0.000003 8.106989 -0.145827 -7.528445 -49.552503 35.272046 -71.414839 -10.805514 -9.981118 -9.115883 0.000003 0.000001 -0.000003 6.094863 -0.019663 -3.207020 -7.496233 -0.541742 -7.469469 11.193033 -9.482614 4.209894 -0.000001 -0.000000 -0.000000 
-4.537286 105.291603 -1.040350 -6.067618 21.956772 6.504054 -0.736395 -2.922078 9.107777 3.561445 -1.197955 2.210360 -2.831679 -3.308724 -2.922617 -5.846455 -0.794738 -0.370401 0.000003 -0.000000 -0.000001 7.355899 12.225144 -9.194588 0.994438 23.361349 29.267111 -4.577305 11.058713 -2.265862 -0.000003 0.000003 0.000004 -6.977635 -10.128809 6.201088 3.378582 -19.834325 -24.571296 -4.007222 -16.436066 -21.353593 0.000003 -0.000001 -0.000003 6.894115 -0.000654 -6.683786 -48.012593 33.821502 -69.825420 -9.162286 -6.846010 -10.934739 0.000003 -0.000001 -0.000005 5.319032 -0.153661 -2.445390 -7.119987 -0.353377 -7.927758 10.634622 -9.380392 3.742863 0.000002 -0.000000 -0.000001 
-5.062829 105.320168 -1.040261 -5.819186 20.490699 6.111953 -0.777374 -2.806243 8.729685 4.049769 -1.117511 2.075148 -2.982223 -2.853635 -2.699713 -5.674836 -0.673642 -0.713040 0.000002 -0.000000 0.000000 7.260479 12.593139 -8.911675 0.023967 23.063522 29.510201 -5.274138 11.301625 -2.771756 -0.000000 -0.000001 -0.000004 -6.698350 -9.602317 5.793858 2.854883 -18.412394 -24.644690 -4.537155 -16.260858 -21.622280 -0.000002 0.000003 -0.000000 6.752213 0.125303 -5.529372 -47.651409 33.402180 -69.458905 -8.281995 -5.263695 -12.021611 0.000002 0.000000 -0.000007 5.043874 -0.237807 -1.778270 -6.793292 -0.363050 -8.190171 10.315788 -8.662774 3.516434 0.000001 -0.000002 -0.000001 
-5.605208 105.306816 -1.043499 -5.386997 19.170092 5.683158 -0.688779 -2.682965 8.409635 4.056666 -1.100313 1.965317 -3.353389 -2.539639 -2.766564 -5.601100 -0.400488 -0.831520 0.000000 -0.000000 -0.000001 6.696104 12.124411 -8.226348 -0.943586 22.450653 28.901194 -5.127430 11.640148 -2.453267 0.000001 0.000004 0.000001 -6.552014 -9.061329 4.975696 2.340696 -17.795757 -24.223727 -5.432423 -15.789994 -21.012619 -0.000001 0.000004 0.000001 4.926023 0.207258 -5.117857 -45.805188 31.860012 -67.586238 -8.788300 -5.199673 -13.402602 0.000001 -0.000003 -0.000001 4.408292 -0.404363 -1.272115 -6.395553 -0.300664 -8.073461 9.686988 -8.371198 3.077713 0.000002 -0.000002 0.000002 
-6.153681 105.248329 -1.047947 -6.418634 17.713906 5.138528 1.387691 -2.840629 8.711654 3.499902 -0.850690 1.439296 -4.225924 -2.186440 -2.625049 -3.727034 -0.813015 -0.822284 0.000000 0.000001 0.000001 5.697781 9.749392 -7.463974 -0.840806 22.672791 28.289616 -4.912598 12.141315 -1.601736 -0.000000 0.000001 -0.000000 -5.347274 -6.636338 4.578078 1.851311 -17.515957 -23.636916 -6.142158 -15.527938 -20.934074 -0.000000 0.000000 -0.000000 3.705203 0.384362 -4.414993 -43.364779 29.963306 -64.837825 -9.234526 -5.863159 -12.977709 0.000001 0.000002 0.000004 4.841317 -0.657970 -0.666950 -5.326683 -0.322964 -7.295489 8.241404 -7.460284 2.133359 0.000001 0.000003 0.000001 
-6.677154 105.179199 -1.046118 -5.645907 16.622343 4.671314 0.218616 -2.597772 8.179739 3.831918 -0.869398 1.442609 -3.818214 -2.413545 -2.477577 -3.742310 -0.374277 -1.094431 0.000002 -0.000000 0.000000 5.257395 9.904326 -6.931061 -1.171894 21.669603 26.912820 -4.358462 12.199975 -1.163860 -0.000003 0.000002 -0.000003 -5.072874 -6.009816 4.095917 1.408598 -16.173982 -22.933902 -6.880165 -15.111624 -20.310785 0.000003 -0.000001 -0.000001 1.322069 0.280872 -4.166580 -40.919028 28.582725 -62.532021 -10.616251 -7.605095 -12.721420 0.000005 -0.000002 -0.000002 3.754881 -0.581018 -0.748396 -4.686159 -0.283523 -6.519110 7.361024 -6.627651 1.786693 -0.000001 0.000001 0.000001 
-7.209395 105.085136 -1.046384 -5.520023 15.300189 3.643532 0.113320 -2.510131 8.008690 4.114771 -0.882274 1.457031 -3.999274 -1.385065 -2.204424 -2.021168 -1.114738 -0.444871 0.000002 0.000001 0.000001 4.348941 7.202926 -6.208528 -0.882635 20.216322 25.191826 -4.393663 12.525744 0.475762 -0.000000 0.000000 0.000003 -5.424821 -6.799549 3.424128 1.453618 -14.575533 -21.710641 -7.348801 -13.542067 -19.234296 0.000001 0.000001 -0.000003 -0.210368 0.252924 -2.849577 -36.920249 26.609999 -58.800074 -10.359394 -9.540768 -8.136378 0.000003 0.000003 -0.000003 3.380569 -0.577942 -0.086871 -3.446128 0.112135 -5.490810 6.271648 -6.254243 1.268476 0.000001 -0.000002 0.000001 
-7.746706 104.979309 -1.067431 -5.523845 14.440328 2.748888 1.275675 -2.524082 7.925650 4.267510 -0.991377 1.629701 -4.871649 -2.034489 -2.236333 -1.527915 -0.456619 -0.700905 0.000002 -0.000001 0.000001 3.071237 6.873955 -5.228404 -1.476505 18.215310 22.390893 -1.668623 11.928772 2.152694 -0.000003 -0.000001 -0.000001 -4.604108 -4.606188 3.285981 0.975929 -13.742700 -20.278325 -8.038832 -13.510122 -17.675133 0.000001 0.000003 -0.000004 -1.069279 -0.039709 -1.167670 -33.522466 24.463086 -54.985936 -10.566679 -11.460065 -5.091692 0.000005 -0.000003 -0.000001 3.422043 -0.464758 0.471595 -3.287429 0.341740 -4.452836 5.004773 -5.641166 1.015441 -0.000001 -0.000000 -0.000001 
-8.254971 104.869026 -1.097572 -5.726596 14.218947 2.133852 2.353389 -2.617509 8.114895 1.652502 -0.682741 1.045716 -2.761637 -2.617763 -1.696246 -1.167676 -0.246221 -0.839071 0.000006 -0.000002 0.000003 2.511113 6.154169 -4.415057 -1.153168 16.497472 20.041150 -1.191391 11.582452 3.024102 -0.000000 0.000003 -0.000001 -3.883288 -3.476503 3.080675 1.114010 -12.951018 -19.060604 -9.003309 -12.884697 -17.501402 -0.000000 0.000003 -0.000003 -1.708650 -0.020417 0.051573 -30.935300 22.453864 -51.519840 -10.245349 -12.796034 -2.106013 0.000004 -0.000003 -0.000002 3.282185 -0.546928 0.854724 -2.903976 0.282315 -3.684876 4.401984 -5.536304 0.422152 0.000000 -0.000000 0.000000 
-8.746954 104.733772 -1.138525 -4.204865 13.958342 1.300390 0.602576 -2.366082 7.554287 1.878835 -1.117018 1.749867 -2.839973 -2.945332 -2.155709 -0.539225 -0.369005 -0.835108 -0.000000 -0.000001 -0.000001 1.620787 3.249204 -2.927701 -3.616237 13.391203 18.134700 2.066886 9.735512 6.512019 0.000001 0.000003 -0.000001 -3.035091 -2.616368 2.662245 1.255900 -10.490736 -17.422593 -8.202428 -12.917003 -17.793445 -0.000000 0.000001 0.000003 -3.501654 -0.381975 1.269056 -28.333042 20.225428 -47.324916 -8.822194 -13.480606 1.832788 0.000006 -0.000004 0.000001 1.714918 -0.396260 1.366553 -2.754978 -0.202229 -3.266234 4.324584 -5.564226 -0.101144 -0.000000 0.000001 -0.000000 
-9.215734 104.585693 -1.206680 -4.649417 13.762047 0.108921 1.635240 -2.636537 8.172998 2.431940 -1.579272 2.491014 -3.310367 -2.456482 -2.644142 -1.426250 0.000098 -0.840244 0.000002 -0.000000 -0.000001 1.531158 1.930941 -2.142547 -5.600134 9.881821 15.486074 2.904996 8.078907 9.368137 0.000002 0.000001 -0.000000 -2.590175 -2.902699 2.265201 1.012245 -7.515092 -15.964384 -6.858427 -12.026291 -18.290570 -0.000001 -0.000001 -0.000002 -3.563572 -0.391217 3.096318 -27.470809 16.503144 -42.422786 -7.454474 -12.976873 3.825672 0.000002 -0.000002 -0.000002 1.724747 -0.587435 2.667598 -1.848101 -0.721632 -2.931436 3.114997 -5.124311 -1.083373 0.000001 -0.000000 0.000001 
-9.675838 104.418854 -1.284244 -3.876599 13.611852 -0.517820 0.673043 -2.454701 7.748880 2.897367 -1.916420 2.867979 -4.080282 -2.204541 -2.845867 -0.425080 -0.387371 -0.633292 0.000002 0.000001 0.000001 1.281725 -0.154253 -2.002539 -5.124811 8.622096 13.534891 3.372574 7.206959 10.844899 -0.000000 0.000003 0.000001 -1.633749 -1.438748 2.447193 1.028076 -7.161523 -14.698060 -5.897399 -11.655912 -19.139595 -0.000001 0.000003 -0.000000 -4.440409 -0.311922 4.059384 -27.331564 12.851455 -38.524135 -5.626246 -11.041706 5.283704 0.000001 -0.000002 -0.000002 0.624122 -0.776361 3.309665 -1.637822 -1.097016 -3.012086 2.491330 -4.556179 -1.432209 0.000001 -0.000006 -0.000001 
-10.112679 104.237015 -1.365117 -3.548772 12.330502 -1.340727 0.845637 -2.406315 7.466836 2.458675 -2.187955 3.147448 -3.824823 -1.405399 -2.917306 0.273348 -0.455868 -0.327057 0.000003 0.000001 0.000003 0.621527 -1.964720 -1.903884 -4.794368 7.491822 11.416935 1.600385 8.772219 11.458987 -0.000002 0.000002 -0.000004 -2.091381 -1.798149 1.740605 1.275152 -7.262707 -11.706332 -5.670912 -10.867452 -17.788345 0.000002 0.000000 -0.000003 -3.944359 -0.430768 5.527130 -26.288397 9.373733 -34.574588 -3.323527 -8.353089 7.040743 0.000006 -0.000003 -0.000004 0.233730 -0.864686 4.518939 -1.151600 -0.816299 -3.623462 2.019391 -5.003565 -1.638510 0.000001 -0.000002 0.000000 
-10.534050 104.038620 -1.469676 -3.132539 12.131596 -1.821319 0.514155 -2.265446 7.296023 1.938730 -2.507116 3.470430 -3.112505 -1.933017 -3.560100 0.599571 -0.393691 -0.514751 0.000002 0.000001 -0.000000 -0.448772 -2.439056 -1.973320 -4.552872 7.055269 9.350183 2.239626 8.953287 10.480464 -0.000000 0.000002 0.000003 -3.145403 -2.178373 1.290263 1.716085 -8.785930 -8.531794 -5.325220 -10.250340 -15.451915 -0.000002 0.000003 -0.000001 -3.126931 -0.420090 6.201392 -26.565614 3.920880 -30.164431 -0.218606 -2.979705 5.869906 0.000001 -0.000003 -0.000001 -0.181206 -1.064004 5.566220 -1.528951 -1.004335 -4.519729 1.261120 -4.918666 -1.948529 0.000000 -0.000000 0.000000 
-10.927172 103.839417 -1.581688 -2.224259 10.986577 -2.136827 -0.192836 -2.066582 6.860160 2.323892 -2.517934 3.503609 -3.020495 -1.487872 -3.568435 0.401726 -0.481753 -0.697851 0.000002 0.000001 -0.000000 -0.895356 -2.278951 -2.067139 -3.032141 6.553219 7.456670 1.722030 9.082015 10.068771 0.000003 -0.000001 -0.000000 -3.456502 -2.204362 0.972230 1.831525 -9.172572 -6.393911 -5.152666 -9.521221 -14.388072 0.000002 0.000000 -0.000003 -2.706930 -0.396263 6.827941 -25.721801 0.862864 -26.898485 2.022901 0.334082 5.803863 0.000003 0.000002 -0.000003 -0.941652 -1.135046 5.915886 -1.452031 -1.091142 -5.035619 1.049170 -4.243960 -1.749215 0.000002 -0.000002 0.000001 
-11.298828 103.635559 -1.680666 -1.373568 9.699712 -2.033631 -0.053525 -1.793544 5.945138 1.995157 -2.220804 3.055518 -3.115700 -2.377421 -3.406634 0.193888 0.299071 -0.938187 0.000002 -0.000001 0.000002 -0.705128 -0.307209 -1.271826 -2.386368 4.715377 5.452584 1.308549 8.265342 10.513142 0.000002 0.000002 0.000002 -2.765236 -1.901964 0.786465 2.325467 -8.144575 -4.153944 -5.550367 -8.079508 -13.928743 -0.000002 0.000000 -0.000003 -2.858288 -0.373021 6.348364 -23.385717 -1.836675 -23.118399 3.540745 2.792923 5.930129 0.000005 -0.000005 -0.000003 -1.414380 -0.991319 5.455109 -1.521662 -0.805341 -4.731763 1.091115 -3.416845 -1.193269 -0.000001 -0.000000 -0.000000 
-11.663857 103.402222 -1.783569 -0.988074 7.849121 -1.783679 -0.252946 -1.412678 4.658996 0.729008 -1.841924 2.580638 -1.254085 -1.352185 -2.699243 0.185610 0.199457 -0.203033 0.000000 0.000000 -0.000001 -0.501341 -1.703329 -0.307194 -2.161047 2.933766 4.101426 -1.612457 9.150671 10.824209 -0.000000 -0.000001 -0.000002 -2.246339 -2.463927 0.450466 2.209262 -5.908105 -2.890389 -4.846535 -7.188313 -13.537296 0.000003 0.000003 -0.000002 -3.031180 -0.379433 5.959010 -20.017705 -3.551715 -19.109297 4.141177 4.431862 3.996649 0.000003 -0.000003 -0.000000 -1.080220 -0.836556 4.721945 -1.352090 -0.428993 -4.099336 0.729726 -2.763355 -0.930460 0.000001 -0.000002 -0.000001 
-12.004543 103.185722 -1.894934 -1.082326 7.048533 -1.652291 0.263518 -1.276233 4.085487 -0.888283 -1.448760 1.984929 0.490320 -1.155003 -2.192949 -0.539996 -0.035660 0.134376 0.000003 -0.000001 -0.000004 -0.810940 -1.903526 0.395966 -1.215552 2.092271 2.803085 -3.254188 9.932446 10.640587 0.000002 -0.000001 -0.000003 -1.913491 -2.092241 -0.022975 1.648773 -4.333776 -1.932120 -3.654192 -7.292833 -13.058682 -0.000003 0.000002 -0.000002 -2.318978 -0.340329 5.796119 -17.552531 -4.852740 -16.105941 4.162752 4.821364 3.404278 0.000001 0.000002 -0.000000 -0.277706 -0.693817 4.256632 -2.216368 -0.368510 -3.583419 1.685559 -3.697656 -0.503861 0.000000 0.000005 -0.000000 
-12.328871 102.938225 -2.006939 -0.796223 5.687728 -1.347377 0.420997 -1.027542 3.204242 -0.693521 -1.063415 1.475392 0.137722 -1.289703 -1.853849 -0.865110 0.258829 0.056583 0.000001 -0.000000 0.000000 -0.797417 -1.238139 0.838751 -1.034576 1.369702 2.008171 -3.564996 9.452578 10.134868 -0.000000 0.000001 0.000000 -0.856542 -0.839984 0.003270 0.957540 -2.675380 -1.602301 -3.220608 -6.689418 -12.240398 0.000003 0.000003 -0.000004 -2.073386 -0.289379 5.534079 -14.499085 -4.925751 -13.057501 3.741678 4.431789 3.279086 0.000001 -0.000003 -0.000000 0.165533 -0.543666 3.438768 -2.632434 -0.361153 -3.011917 1.724576 -3.355460 -0.256633 -0.000001 0.000005 0.000000 
-12.639186 102.659447 -2.116710 -0.051067 4.437722 -1.031271 -0.222208 -0.653758 2.324282 -1.078221 -0.735111 1.082558 1.076205 -0.828627 -1.343920 -1.626638 0.136732 0.094178 0.000002 -0.000000 -0.000001 -1.065756 -1.479673 1.033393 -1.431597 0.726494 1.229343 -3.111740 8.261210 8.612154 -0.000002 0.000003 -0.000000 -0.676483 -0.680347 -0.189771 0.674988 -1.958193 -0.944598 -3.621949 -5.556633 -10.511514 -0.000001 0.000002 -0.000002 -2.334861 -0.400883 5.240872 -11.553447 -4.673832 -10.090518 3.509152 4.638311 1.517895 0.000002 0.000003 -0.000001 -0.050064 -0.298264 2.568316 -2.545311 -0.307829 -2.102628 1.586469 -3.380185 -0.261816 -0.000001 0.000003 0.000000 
-12.925677 102.384483 -2.225996 0.057717 3.454207 -0.810363 -0.465551 -0.417915 1.734399 -1.167404 -0.502132 0.836206 1.172020 -1.161452 -1.177381 -1.236445 0.415674 -0.041108 0.000004 -0.000001 -0.000002 -1.039951 -0.962152 1.052143 -1.120824 0.595404 0.910855 -2.179866 7.150161 7.161009 -0.000001 0.000001 -0.000002 -0.359231 -0.255613 -0.223506 -0.089075 -0.617780 -0.586637 -2.353710 -5.469842 -9.202923 -0.000005 0.000002 0.000002 -1.564228 -0.373513 5.120818 -9.497038 -3.961034 -8.352590 3.008911 4.219903 0.309304 0.000003 -0.000006 -0.000003 0.083203 -0.160812 1.988082 -2.128567 -0.159975 -1.511553 1.118795 -2.879161 -0.264447 -0.000000 0.000005 -0.000000 
-13.188910 102.084824 -2.331482 0.402281 2.450976 -0.354025 -0.760862 -0.180654 1.098326 -1.098450 -0.092940 0.235943 1.567953 -0.163479 -0.477614 -1.795631 0.003171 0.104725 -0.000000 0.000001 0.000001 -1.067547 -1.514560 0.808990 -0.722667 0.178395 -0.046328 -1.917554 6.273464 5.860790 0.000001 0.000003 -0.000001 -0.853279 -0.850228 -0.560636 -0.169836 -0.578245 0.120180 -1.390950 -4.817144 -7.754332 -0.000000 0.000002 -0.000002 -0.933973 -0.236856 4.058202 -7.413169 -3.147704 -6.514256 2.482149 3.463039 0.497920 0.000003 -0.000003 -0.000001 -0.364554 -0.028963 1.073844 -1.223902 -0.041961 -0.892260 0.566561 -2.689234 -0.610557 0.000001 0.000003 -0.000000 
-13.433540 101.791794 -2.449859 0.606782 1.441775 -0.240847 -1.110817 -0.031431 0.755659 -1.221986 -0.027524 0.086816 1.471845 -0.606752 -0.484980 -1.579965 0.599135 -0.259754 0.000003 0.000000 -0.000000 -0.821679 -0.300832 0.602813 0.150933 0.390148 -0.110011 -1.275235 5.113887 4.473626 -0.000002 0.000005 0.000000 -0.605827 -0.394171 -0.329811 0.007903 -0.786892 0.580101 -0.944791 -4.183744 -6.347549 -0.000001 0.000003 -0.000000 0.125200 -0.022659 3.294144 -5.471526 -2.035368 -5.122695 1.568096 2.115730 0.873698 0.000005 -0.000003 -0.000000 -0.465769 -0.007603 0.642535 -0.920115 -0.024535 -0.583512 0.183937 -2.016631 -0.659112 0.000000 0.000008 -0.000000 
-13.658752 101.529831 -2.567651 0.669282 0.976408 -0.195639 -0.909048 0.023492 0.489678 -0.384019 0.033223 0.000679 0.717972 -0.377300 -0.243026 -1.646543 0.539617 -0.248453 0.000002 -0.000000 0.000000 -0.841022 -0.455101 0.546117 0.265330 0.370814 -0.263164 -0.797290 3.755839 2.889264 -0.000002 0.000003 0.000002 -0.317890 0.136741 -0.387973 -0.451660 -0.112775 0.441977 -0.484469 -3.422454 -4.727482 -0.000001 0.000004 -0.000000 -0.148765 -0.037364 2.597102 -3.923457 -1.382587 -3.789869 0.935176 1.277140 0.802765 0.000007 -0.000002 -0.000002 -0.444200 -0.007412 0.503147 -1.024811 -0.046470 -0.492434 0.003493 -1.511246 -0.578087 0.000000 0.000008 -0.000001 
-13.864608 101.288254 -2.684790 0.657646 0.462240 -0.115746 -1.100338 0.083048 0.282940 0.383891 0.123093 -0.096302 0.176774 -0.261026 -0.082317 -1.420591 0.420715 -0.179379 0.000003 0.000000 -0.000000 -0.447668 -0.234195 0.421264 -0.267437 0.055706 -0.275101 -0.276520 2.340281 2.093044 -0.000001 0.000002 0.000002 -0.442774 -0.340664 -0.333454 -0.376039 0.197184 0.546718 0.075183 -2.155164 -2.659739 -0.000003 0.000003 -0.000000 0.140743 0.014546 1.662179 -2.449393 -0.669512 -2.577507 0.323659 0.400199 0.631876 0.000001 -0.000002 -0.000002 -0.473288 0.008375 0.271265 -0.758388 -0.115458 -0.303336 0.069496 -0.792612 -0.318686 -0.000001 0.000001 0.000000 
-14.052065 101.058914 -2.790447 0.394655 0.467247 0.004226 -0.630307 0.077612 0.076076 0.353455 0.073927 -0.038187 -0.058705 -0.214765 -0.034614 -0.561129 0.198817 -0.028739 -0.000001 -0.000000 -0.000003 -0.373481 -0.484240 0.467354 -0.373900 -0.203266 -0.224352 -0.395105 1.247654 1.191823 -0.000002 0.000003 -0.000000 -0.343532 -0.475081 -0.395721 -0.549782 0.853968 0.522063 0.407773 -1.148976 -1.598739 0.000001 0.000001 -0.000003 -0.012592 -0.044804 0.775749 -1.323324 -0.901490 -0.953280 0.206451 0.294248 0.087921 0.000003 0.000000 -0.000004 -0.439658 0.062391 0.064888 -0.365558 -0.098085 -0.068892 -0.212249 -0.757770 -0.569855 0.000001 0.000005 0.000000 
-14.227384 100.858597 -2.906100 -0.327857 -0.150817 -0.112135 -0.008983 0.027457 -0.059651 0.228294 0.080019 -0.095265 -0.227134 0.328262 0.249023 0.157671 0.043930 -0.005702 0.000001 0.000002 -0.000001 -0.128809 -0.225660 0.220123 0.592682 0.006244 -0.179744 -0.078401 0.271748 0.493441 -0.000003 0.000004 0.000001 -0.160606 -0.294366 -0.300395 0.129813 -0.134133 0.591482 0.469800 -0.498174 -0.838033 -0.000002 0.000003 -0.000000 0.602940 0.093051 0.579597 -0.471303 0.170704 -0.655484 -0.201030 -0.384928 0.217987 0.000003 -0.000003 -0.000000 0.335881 -0.078295 0.166255 -0.093113 -0.117170 -0.180956 -0.074392 0.198365 -0.055819 0.000000 0.000001 0.000000 
-14.375916 100.679573 -3.007876 0.109796 0.050677 0.037380 0.003017 -0.009193 0.019994 -0.076479 -0.026895 0.031851 0.075799 -0.110221 -0.083161 -0.052835 -0.014721 0.001880 0.000001 0.000000 -0.000002 0.043361 0.075512 -0.073883 -0.198612 -0.002499 0.060226 0.025754 -0.091215 -0.165275 -0.000003 0.000002 -0.000000 0.053480 0.098839 0.100484 -0.043186 0.045244 -0.198140 -0.159052 0.165397 0.281753 -0.000001 0.000002 -0.000002 -0.202263 -0.029821 -0.194449 0.158371 -0.056003 0.219970 0.067702 0.128823 -0.073348 0.000003 -0.000003 -0.000003 -0.112508 0.026455 -0.055615 0.031111 0.039332 0.060594 0.024976 -0.066460 0.018764 -0.000001 0.000001 -0.000001 
-14.509304 100.535141 -3.109783 0.089089 -0.190335 -0.110040 -0.300799 0.008318 0.036300 -0.025415 -0.092420 0.137106 0.245638 0.136382 0.055530 0.658151 -0.340432 0.150764 0.000001 0.000001 -0.000002 0.447829 0.187555 -0.597569 0.203851 0.009083 0.173510 -0.661268 -0.190976 -0.846040 -0.000000 0.000000 0.000003 -0.319425 -0.534269 0.568025 0.395887 -0.504386 -0.777144 -0.746522 0.868768 1.025360 -0.000003 0.000005 0.000002 -0.633376 -0.079010 -0.348100 0.518335 0.412860 0.397049 0.030568 0.024384 -0.016188 0.000002 -0.000002 -0.000002 -0.024142 0.026881 0.071444 0.150026 -0.005982 -0.039396 -0.148913 0.417330 0.145536 -0.000001 0.000001 -0.000001 
-14.622739 100.406837 -3.203435 0.065675 -0.471239 -0.194096 -0.020782 -0.057946 0.115624 -0.083628 -0.054163 0.109262 0.272697 0.393852 0.244043 0.562834 -0.366845 0.049937 0.000003 -0.000001 0.000002 0.573816 0.485668 -0.543335 -0.335394 -0.447997 -0.059408 -1.600478 0.170264 -0.888271 -0.000002 0.000002 0.000002 -0.046876 -0.370582 0.455152 -0.286025 0.859711 -1.266921 -1.397118 0.743286 -0.069606 -0.000001 0.000003 -0.000003 -0.244926 -0.024088 -0.402252 0.529892 0.592957 0.275754 -0.212598 -0.279070 -0.003721 -0.000000 0.000003 -0.000003 0.491324 0.002280 0.097063 -0.264490 -0.161158 -0.144118 0.172074 0.358310 0.299237 -0.000001 0.000008 0.000003 
-14.727624 100.314934 -3.298174 -0.772423 0.128374 -0.318026 0.584854 -0.234586 0.457289 -0.581853 -0.148998 0.208258 0.363278 0.577973 0.124923 1.334806 -0.826409 0.371791 0.000002 -0.000002 -0.000001 0.671902 0.414095 -0.594295 0.089917 -0.620715 -0.310364 -0.750284 -1.875446 -2.385507 -0.000001 0.000001 -0.000000 -0.167010 -0.751009 0.040124 -0.359846 1.132358 -1.603656 -0.385263 1.002919 0.370244 0.000002 0.000005 -0.000002 1.258137 0.155088 -0.397082 -0.213549 -0.467594 0.020318 -0.117706 0.018704 -0.210468 0.000002 -0.000001 -0.000003 1.385805 -0.088456 0.365328 -0.961152 -0.256810 -0.286002 0.508730 -0.020796 0.372283 -0.000001 0.000005 0.000002 
-14.828090 100.277534 -3.376867 -1.405000 1.022318 -0.651520 1.258446 -0.421848 0.843261 0.470985 -0.429062 0.645407 -0.966779 0.717505 -0.115761 1.871783 -1.326475 0.919891 0.000005 -0.000000 -0.000001 0.619820 0.150134 -0.407416 0.405312 -1.049330 -0.782771 -1.530298 -2.061872 -3.341831 0.000001 0.000000 0.000000 0.087614 -0.378025 0.260281 -0.657940 1.645672 -2.508802 -1.253013 0.671508 -0.604518 -0.000001 0.000004 -0.000005 1.818170 0.166250 -0.072386 -0.875087 -1.078712 -0.496264 -0.467709 -0.413363 -0.185473 0.000003 -0.000003 -0.000001 2.450723 -0.215808 1.235861 -2.084987 -0.280226 -0.895704 0.924356 -0.370018 0.689189 -0.000002 0.000005 0.000001 
-14.910290 100.263016 -3.453483 -1.301424 1.111317 -0.857875 0.879529 -0.430644 1.051506 0.320476 -0.498426 0.732211 -0.389255 0.949561 0.089255 1.254204 -1.448271 1.038345 -0.000000 0.000002 -0.000001 0.450604 0.389235 -0.161670 0.117903 -1.588334 -1.414815 -2.420763 -1.248182 -3.050412 -0.000002 0.000003 0.000001 0.725001 0.720706 0.526297 -1.210458 2.390734 -3.604431 -2.802106 -0.627045 -3.675160 -0.000006 0.000006 -0.000005 1.284726 0.102235 0.206549 -1.030286 -0.559448 -1.078151 -0.532720 -0.442491 -0.162142 0.000002 -0.000001 -0.000005 2.252592 -0.245224 1.732103 -2.238595 -0.195969 -1.486424 1.038225 -0.086394 1.040872 -0.000001 0.000006 -0.000001 
-14.979221 100.296654 -3.519376 -1.175806 1.693366 -0.980831 0.408101 -0.512678 1.517612 0.230691 -0.315856 0.494016 0.456865 1.869473 0.585361 -0.149783 -2.267125 1.487838 0.000005 -0.000002 -0.000001 0.281722 -0.986649 0.023305 -1.339007 -2.102801 -1.969632 -4.079099 1.121499 -1.826005 -0.000000 0.000003 0.000001 0.054004 -0.462517 0.308584 -1.844531 3.080733 -4.185005 -3.618688 -2.820888 -8.180592 0.000002 0.000002 -0.000003 0.372842 0.128187 0.507855 -1.308684 0.221050 -2.143637 -1.051177 -1.131885 0.274802 0.000003 -0.000005 -0.000003 2.537618 -0.399512 2.446324 -3.198588 -0.148195 -2.536144 1.547524 -0.691737 1.188492 0.000001 0.000005 0.000000 
-15.032151 100.369431 -3.578344 -1.804070 2.884762 -1.282627 0.288122 -0.784086 2.517395 1.039210 -0.336440 0.536881 0.071035 2.125841 0.616693 0.246471 -2.851693 1.905020 0.000001 -0.000002 0.000003 0.652929 -2.001628 -0.918866 -3.022415 -1.976064 -1.233441 -5.692263 4.117828 0.829784 0.000002 -0.000001 -0.000002 -0.237718 -0.647180 0.983138 -1.859325 2.910970 -6.408309 -5.291739 -4.732073 -13.185859 -0.000003 0.000001 -0.000003 0.070155 0.170938 0.903003 -1.877682 0.808459 -3.507197 -1.374558 -1.862687 1.247230 0.000004 -0.000006 -0.000003 3.495511 -0.618716 3.545314 -4.054411 -0.044171 -3.752013 1.432508 -0.842559 1.061275 -0.000000 0.000006 0.000000 
-15.060040 100.449799 -3.615626 -1.960987 4.219060 -1.044529 0.525941 -0.952081 3.101630 1.760665 -0.327530 0.536639 -0.872030 1.809240 0.504915 0.530956 -3.028874 2.130578 0.000003 -0.000002 0.000001 0.758441 -2.500386 -1.730877 -3.667834 -1.765646 -0.860764 -7.663739 6.815877 3.153011 -0.000001 0.000003 -0.000001 -0.766084 -0.978176 1.493921 -1.470984 1.623666 -8.155048 -7.194511 -5.504731 -16.431089 -0.000001 0.000000 -0.000001 -0.567571 0.243761 0.473227 -2.542628 0.902206 -4.156486 -1.241254 -2.046006 1.978515 0.000003 -0.000008 -0.000003 4.016579 -0.839059 3.885196 -4.576391 -0.206624 -4.638197 1.504645 -1.057260 1.057803 -0.000001 0.000005 -0.000000 
-15.067225 100.594437 -3.659866 -2.648199 6.269675 -0.428762 1.351987 -1.226463 3.817607 2.630498 -0.483582 0.782579 -1.928366 1.034806 -0.062811 0.360933 -3.070021 1.940777 0.000001 -0.000001 0.000001 1.114975 -2.391604 -3.255976 -5.396862 -0.937128 0.250168 -9.248013 10.609985 6.177138 0.000003 -0.000001 0.000001 -1.865295 -1.819344 2.269259 -0.277448 -1.777813 -10.306651 -9.900583 -6.124278 -17.908628 0.000003 -0.000001 -0.000001 -2.044936 0.037473 -0.667917 -2.699943 2.013774 -5.022017 -2.085964 -4.164453 3.820079 0.000004 -0.000004 0.000001 4.240188 -0.844700 3.981467 -4.742497 -0.151167 -5.250963 1.514935 -2.559632 0.303212 0.000001 -0.000000 -0.000000 
-15.025698 100.784081 -3.675873 -1.333992 7.987046 0.790458 0.779278 -1.310413 4.223055 2.475013 -0.503107 0.805064 -2.675981 -0.721754 -1.015169 -0.018214 -2.233252 1.354494 0.000003 -0.000002 0.000003 1.233487 -0.006689 -2.868007 -8.417854 -0.473249 1.135281 -8.594359 12.450681 8.908957 0.000001 0.000001 -0.000000 -1.050168 -0.286145 2.213812 0.026695 -3.751104 -12.189930 -11.363541 -8.206559 -21.599413 -0.000000 0.000002 -0.000005 -3.423783 -0.000321 -2.143418 -3.175474 5.474537 -8.534628 -3.047418 -7.277308 6.801494 0.000003 -0.000009 0.000002 2.676147 -0.794309 3.092134 -5.387328 -0.397709 -6.266135 1.888105 -2.707332 0.211225 0.000001 -0.000004 0.000001 
-14.966753 100.988609 -3.697295 -1.213536 10.594703 1.539986 1.385661 -1.706314 5.292501 2.500772 -0.918085 1.380649 -3.608270 -2.181234 -2.436133 -0.124113 -2.141385 1.123667 0.000005 -0.000002 0.000003 1.849565 1.316704 -3.563680 -9.878379 0.358547 2.474167 -8.654791 13.967400 10.433000 -0.000001 0.000001 -0.000000 -1.072302 0.034417 2.371024 0.351647 -5.690679 -13.743959 -12.423057 -9.857605 -23.926947 0.000007 -0.000001 -0.000001 -5.592057 -0.141657 -3.511258 -3.442545 6.638030 -9.781913 -3.481100 -8.829774 8.056747 0.000004 -0.000003 -0.000001 2.053339 -0.773674 2.767805 -5.693874 -0.751980 -6.742685 2.229305 -3.990418 -0.514209 0.000001 -0.000002 0.000001 
-14.894197 101.206985 -3.720551 -3.207164 14.222722 2.104284 3.296455 -2.371316 7.081996 2.921405 -1.383205 2.038508 -4.479395 -2.695607 -3.544851 -1.263170 -3.312714 1.618284 0.000006 -0.000003 0.000000 3.678217 1.788119 -5.205450 -7.859510 1.448224 4.312027 -12.806589 16.028840 10.670950 -0.000001 0.000001 -0.000004 -2.201641 -2.681938 2.181752 1.309808 -7.202077 -15.446504 -13.126783 -10.345232 -27.107653 -0.000003 0.000002 -0.000003 -5.098979 0.179975 -3.941139 -4.765588 8.293795 -13.006722 -3.826495 -11.280772 11.167765 0.000005 -0.000002 -0.000002 3.138464 -1.079531 3.602432 -5.902923 -1.001271 -7.568321 3.667210 -6.331152 -1.263528 0.000000 -0.000000 -0.000001 
-14.832135 101.445564 -3.737363 -4.095167 17.676460 3.101638 4.677124 -2.778043 8.192926 3.031997 -1.626383 2.284085 -5.275352 -3.556809 -4.058203 -2.593306 -4.309714 1.773317 0.000004 0.000001 0.000001 5.116839 3.080229 -6.908161 -3.699199 3.878616 6.471097 -16.394351 17.744703 8.611983 -0.000000 -0.000002 -0.000002 -2.876593 -4.013177 2.696466 1.598853 -8.769508 -17.892536 -12.817745 -11.448146 -29.703414 -0.000001 0.000008 -0.000006 -7.029441 0.259837 -4.292323 -6.749198 10.696004 -17.443810 -4.259968 -14.351185 14.549573 0.000003 -0.000002 -0.000002 2.139628 -1.185705 3.028671 -4.933359 -1.231155 -7.069761 4.530028 -8.757163 -2.139638 0.000000 0.000001 -0.000000 
-14.777704 101.678123 -3.776514 -3.645632 21.542844 4.142350 4.915594 -2.988881 8.917678 2.440826 -2.040781 2.792147 -5.734650 -4.181943 -4.956159 -3.325979 -5.658368 2.374001 0.000002 -0.000001 -0.000001 5.253556 2.049589 -7.500178 -1.642767 5.523392 7.814750 -17.228208 19.112036 8.259975 -0.000004 0.000003 0.000002 -4.183311 -5.961932 2.546429 2.192795 -11.002213 -19.458956 -12.364310 -12.800431 -30.554093 0.000003 0.000000 -0.000004 -10.014383 0.053519 -5.123305 -8.026282 12.762938 -20.958497 -5.837495 -17.756923 14.965269 0.000003 -0.000003 -0.000001 0.154670 -0.888641 1.702698 -5.315496 -1.455852 -5.942386 5.313096 -12.004093 -3.121547 0.000000 -0.000000 -0.000000 
-14.719807 101.847908 -3.797831 -2.786101 24.446268 5.487310 3.774353 -2.797063 8.280755 2.420926 -2.027626 2.846486 -5.997589 -4.933674 -5.032072 -5.149911 -7.040506 2.943224 0.000003 -0.000002 0.000001 5.301186 2.805317 -6.909787 -1.425020 5.156051 7.453787 -14.693354 18.378198 10.476969 -0.000002 -0.000003 0.000004 -5.006019 -7.407918 2.425550 2.428208 -11.614220 -20.762520 -11.574200 -14.206492 -31.052919 0.000002 0.000000 -0.000001 -13.962671 -0.414951 -4.380529 -7.026447 19.119286 -27.166681 -9.722140 -24.359060 13.831636 0.000002 -0.000004 0.000001 -1.544233 -0.390702 -0.209056 -5.202908 -1.743768 -4.679503 5.549875 -13.690679 -4.011524 0.000001 -0.000002 0.000001 
-14.651266 101.956779 -3.796480 -3.503622 28.726833 6.735612 5.389988 -3.214110 9.332343 1.390835 -2.385057 3.233683 -6.146644 -6.668376 -5.686048 -8.080596 -8.041991 3.236187 0.000000 -0.000003 0.000000 4.857062 2.078351 -5.163089 -4.078835 3.098532 6.015390 -13.249085 18.593395 13.811012 -0.000001 0.000003 0.000001 -4.572336 -7.566096 2.568966 3.368013 -13.130484 -21.835217 -10.832882 -15.294419 -31.864058 -0.000000 0.000004 -0.000006 -16.217219 -0.878941 -2.529846 -5.197633 25.672929 -34.529881 -15.561707 -31.712473 10.179203 -0.000001 -0.000002 -0.000002 -2.553021 0.061658 -2.070561 -4.743856 -1.942483 -1.838330 5.585561 -17.256621 -5.830064 0.000001 -0.000004 0.000000 
-14.577123 102.028191 -3.769294 -3.850114 31.634687 7.465737 6.577131 -3.464592 10.138752 0.641784 -2.796915 3.793041 -6.721325 -7.735346 -6.369641 -9.425261 -8.537596 3.760319 0.000003 -0.000002 0.000001 4.484623 1.946833 -4.335598 -5.196827 1.994048 4.764864 -12.569859 19.085611 15.603238 0.000003 0.000000 -0.000002 -4.367771 -7.414108 3.216349 3.297392 -13.605172 -22.889439 -10.856271 -15.854459 -32.079742 -0.000001 0.000004 0.000001 -18.485805 -1.340630 -1.433275 -2.379233 31.367196 -41.537840 -21.341599 -38.555981 7.060881 0.000004 -0.000002 -0.000002 -4.145113 0.601577 -3.784164 -3.970575 -1.818201 0.914324 5.121023 -20.209048 -7.257124 0.000000 -0.000000 0.000000 
-14.518250 102.060593 -3.729293 -2.850712 35.001004 8.093768 7.177143 -3.524203 10.307366 -0.578863 -3.306994 4.352813 -7.117569 -8.851742 -6.817645 -11.952388 -9.361327 4.191261 0.000003 -0.000002 0.000001 3.589718 1.425261 -3.490382 -5.347636 1.115246 2.814947 -12.188668 20.037077 16.044007 -0.000003 0.000007 -0.000000 -4.338601 -7.030990 3.945285 2.261776 -12.556330 -23.737255 -11.620870 -16.216126 -31.963690 -0.000002 -0.000000 -0.000005 -21.961034 -1.888753 -0.807339 0.893699 37.183898 -50.205227 -28.009692 -45.422489 3.139250 0.000003 0.000000 -0.000004 -8.216997 1.856901 -7.509450 -2.187240 -1.964740 5.442100 4.480551 -23.985650 -9.160088 -0.000001 0.000003 0.000001 
-14.491962 102.055397 -3.688855 -3.854012 37.674675 7.870675 9.490942 -3.982872 11.805153 -2.397496 -3.302890 4.364125 -6.712006 -9.378363 -6.335329 -13.382958 -10.441633 4.905144 0.000003 -0.000000 -0.000003 3.499184 0.248160 -2.110766 -6.579126 -1.106518 1.441790 -13.716219 19.906807 17.708565 -0.000003 -0.000001 0.000001 -3.544032 -7.041399 5.182050 2.634494 -10.209663 -24.673464 -11.144065 -16.036560 -33.238545 0.000005 0.000003 -0.000000 -23.578633 -2.745443 1.922589 4.774568 42.153226 -59.578401 -35.587676 -51.782348 -1.756914 0.000003 -0.000004 0.000001 -10.532282 2.744116 -9.344968 -0.606218 -2.181695 9.676982 3.790412 -26.411034 -10.791251 0.000000 -0.000000 0.000000 
-14.480433 102.027840 -3.641863 -3.177632 39.892119 7.443556 9.762988 -4.141352 12.240020 -3.507132 -3.579947 4.709401 -6.755579 -10.163256 -6.452513 -14.020459 -11.178679 5.408700 0.000001 -0.000001 0.000001 3.273186 -0.452539 -0.734638 -8.350267 -3.039304 0.173125 -13.743357 19.125607 19.345054 0.000001 0.000003 -0.000001 -3.038280 -7.227444 5.902101 2.939711 -8.238307 -25.054401 -10.318906 -15.756772 -33.668581 -0.000002 0.000000 -0.000003 -26.013744 -3.445424 3.155679 9.028565 45.826639 -67.549854 -42.638054 -56.318007 -6.955740 0.000006 -0.000003 -0.000004 -12.458891 3.462952 -10.769384 0.009600 -2.752770 12.371668 3.216210 -27.794133 -12.028837 -0.000001 -0.000002 -0.000001 
-14.499227 101.963112 -3.589476 -3.412501 41.801847 6.594750 10.764152 -4.377140 13.054980 -3.976585 -4.015132 5.381452 -7.156273 -9.720254 -6.251022 -14.314942 -12.321899 6.226715 0.000002 -0.000003 0.000002 2.939098 -1.404108 0.600979 -10.468439 -5.165849 -1.024051 -12.922203 17.210991 20.498955 -0.000000 -0.000002 -0.000001 -2.003365 -6.410644 7.188071 3.062186 -5.572561 -26.249508 -8.847039 -15.439214 -34.205410 0.000002 0.000004 -0.000007 -28.206933 -4.616248 5.434331 14.650214 49.084820 -75.904206 -49.056208 -59.568197 -12.052067 0.000003 -0.000003 -0.000000 -13.432809 3.975428 -11.368245 -0.222018 -3.684833 14.756637 3.853786 -29.911956 -12.342932 0.000001 0.000001 -0.000001 
-14.568204 101.874718 -3.539416 -3.501211 42.457351 5.736247 12.079347 -4.408621 12.968417 -4.344533 -4.384457 5.748274 -7.112539 -9.064326 -5.042646 -15.721255 -13.190548 6.190684 0.000000 0.000001 0.000001 2.463980 -1.271568 1.551309 -11.255050 -6.441144 -2.280240 -12.221485 15.168428 20.039898 -0.000003 0.000001 -0.000000 -0.976784 -4.945859 8.688030 2.928447 -4.049869 -27.360906 -8.475764 -13.782675 -33.766543 -0.000001 0.000003 0.000002 -30.105845 -5.626342 8.083142 20.581419 51.493950 -83.303733 -53.966066 -60.657182 -16.855155 0.000002 0.000002 -0.000000 -15.098372 4.429887 -12.158777 1.277934 -4.133273 17.414981 4.385994 -29.857052 -11.926794 0.000000 -0.000000 -0.000002 
-14.646908 101.769402 -3.488765 -3.391263 43.219542 5.219900 13.326567 -4.549224 13.564078 -5.052940 -4.302547 5.554382 -6.862055 -8.673784 -4.258321 -16.536779 -13.871353 6.348139 -0.000000 0.000001 0.000001 1.567702 -1.531178 2.704047 -12.060980 -7.188454 -3.780495 -11.151852 13.975585 19.112684 -0.000000 0.000001 -0.000006 -0.232128 -3.551043 8.904292 2.377142 -2.963209 -27.815338 -8.830668 -12.742298 -33.085009 0.000002 0.000000 -0.000001 -31.934686 -6.287720 9.479526 25.238022 52.705541 -88.518978 -56.818189 -61.195066 -19.582929 0.000001 -0.000002 -0.000002 -16.287025 4.906387 -13.250422 2.162053 -4.363134 20.104254 4.511824 -30.113491 -11.915223 -0.000002 -0.000004 -0.000001 
-14.736440 101.615540 -3.443186 -3.090727 43.502769 5.042980 14.326440 -4.557973 13.581356 -5.477845 -4.386429 5.434448 -6.750572 -7.772009 -3.437608 -17.924814 -14.576025 6.033176 0.000002 -0.000003 -0.000001 0.357708 -1.784898 3.918881 -14.704725 -7.859453 -5.473913 -8.621301 11.803293 17.714417 -0.000000 -0.000002 0.000002 -0.085384 -2.873093 8.712917 1.656010 -2.348073 -27.836318 -10.374483 -10.124512 -30.885210 -0.000000 0.000002 -0.000002 -33.831283 -6.727718 10.518876 29.759947 53.744525 -92.978709 -59.081587 -61.528550 -21.770364 0.000004 -0.000003 -0.000004 -16.908149 5.123172 -14.417860 2.523104 -5.104458 22.012520 5.224526 -29.914787 -11.266771 0.000001 -0.000002 -0.000001 
-14.817719 101.423294 -3.428970 -3.268053 43.228793 5.049336 14.828771 -4.529798 13.374695 -5.936008 -4.542993 5.569090 -6.570643 -7.474051 -3.264791 -18.027779 -15.089397 6.180532 0.000002 -0.000000 -0.000003 -0.539490 -2.679672 5.308397 -17.957677 -8.749956 -5.579544 -5.481462 8.441712 16.589298 0.000001 -0.000002 -0.000004 0.798882 -1.682227 8.737780 1.874331 -0.749559 -28.055977 -11.247595 -7.696633 -28.325850 -0.000002 0.000004 -0.000003 -34.627358 -7.346694 11.652446 34.674668 54.290373 -98.500993 -60.327899 -61.820076 -22.681989 -0.000001 0.000000 -0.000000 -16.488604 5.441723 -15.142601 1.451138 -5.697936 23.117935 6.701049 -31.853492 -10.508852 0.000001 0.000005 -0.000001 
-14.904728 101.232964 -3.405103 -3.518973 43.209423 5.289776 15.909671 -4.538650 13.396185 -6.368993 -4.488239 5.496921 -6.358078 -7.047545 -2.867902 -18.841231 -15.532656 6.226505 0.000002 -0.000001 -0.000001 -1.144147 -2.731048 6.507218 -21.274031 -9.881452 -6.369621 -3.817707 5.947615 15.992345 0.000001 0.000000 -0.000003 1.442478 -1.080965 8.594507 2.245452 0.054554 -27.884758 -13.023114 -5.721697 -27.163840 -0.000000 -0.000001 -0.000001 -34.893572 -7.669123 12.177788 37.684107 54.454574 -101.704788 -60.963058 -63.149327 -22.309799 0.000002 0.000002 -0.000003 -17.278509 6.213797 -16.620044 1.702141 -5.773468 25.007283 7.279478 -33.162911 -10.370687 -0.000001 -0.000000 -0.000001 
-15.028622 101.041412 -3.389202 -3.449618 43.153463 5.369675 16.796689 -4.460923 12.566734 -7.604488 -3.928506 4.784367 -5.309825 -7.085916 -1.522412 -19.324613 -16.555545 6.731098 0.000003 -0.000001 0.000001 -1.313807 -3.292594 7.417684 -23.427407 -10.686282 -7.134420 -2.980232 4.002941 14.580270 -0.000000 0.000000 -0.000004 1.090134 -2.118344 9.291444 2.777673 -0.094207 -27.357766 -15.681483 -3.082391 -23.988449 -0.000002 0.000003 -0.000000 -35.444888 -7.995301 12.637240 40.818303 54.276149 -104.049927 -61.579708 -62.456732 -23.569333 0.000001 -0.000003 -0.000000 -19.074965 7.188952 -18.138158 2.892727 -5.308508 27.366755 6.951016 -33.083848 -10.508806 0.000001 -0.000000 -0.000000 
-15.178610 100.825333 -3.365381 -3.006399 43.890389 4.895995 17.212821 -4.446911 12.336823 -8.558913 -3.567423 4.303157 -5.015756 -7.586894 -0.876328 -19.741591 -17.817027 7.243709 0.000004 -0.000001 -0.000001 -1.441251 -3.320506 8.574830 -24.643263 -11.386512 -8.323631 -2.442605 1.535557 11.901331 -0.000000 0.000001 -0.000003 0.909015 -3.069028 9.658221 3.078034 0.065217 -27.322003 -18.226496 -0.140526 -19.537985 0.000002 0.000004 -0.000003 -36.271364 -8.201958 13.129492 42.786504 54.025830 -105.310841 -59.940798 -62.306358 -21.946578 0.000003 -0.000001 -0.000003 -19.545198 6.958436 -17.426789 3.533882 -5.061589 27.885016 6.997781 -32.868161 -10.619286 0.000000 -0.000000 -0.000001 
-15.337383 100.620743 -3.343955 -3.365939 44.616302 4.904230 17.939833 -4.474260 12.448786 -8.378152 -3.711824 4.459415 -5.307813 -7.250821 -0.720853 -20.077425 -18.755653 7.711688 0.000002 -0.000001 0.000001 -1.586517 -3.706483 9.006282 -24.836818 -11.576226 -8.996301 -3.371323 1.264861 10.009296 -0.000001 0.000003 0.000001 1.057399 -2.930982 9.754733 2.860253 0.532458 -27.933945 -20.442048 1.253863 -17.340358 -0.000003 0.000002 -0.000005 -36.309825 -8.243169 13.484938 43.604215 53.798743 -105.733603 -58.932156 -61.821852 -21.188664 0.000003 0.000002 -0.000003 -19.626796 6.901989 -17.278540 3.628294 -4.898555 28.536597 7.162274 -33.125448 -10.469906 -0.000001 0.000001 0.000002 
-15.485083 100.410065 -3.321485 -4.823268 44.800423 5.009789 19.644235 -4.561055 13.180647 -8.448180 -3.680372 4.353771 -5.664859 -7.183844 -0.430435 -19.687616 -19.476933 8.109938 0.000002 -0.000001 0.000001 -1.733738 -3.342959 9.158182 -24.481908 -11.581992 -9.385736 -3.965402 0.122412 7.620299 -0.000001 0.000002 -0.000000 1.131547 -2.442217 10.110833 2.910095 -0.413643 -27.892534 -23.362273 3.253422 -13.887546 0.000004 0.000002 -0.000005 -35.633459 -8.082167 13.875878 43.222192 53.638377 -104.094617 -59.034158 -61.383593 -21.710590 0.000004 -0.000003 -0.000004 -20.282815 7.175828 -17.896105 4.488396 -4.515453 29.799723 7.940440 -32.455901 -9.461337 -0.000000 -0.000000 0.000000 
-15.634941 100.193130 -3.308218 -5.508996 45.427626 5.050594 20.440186 -4.591351 13.569185 -8.720093 -3.512658 4.072553 -5.595305 -7.142070 -0.053633 -19.879235 -20.435748 8.488241 -0.000000 0.000002 -0.000003 -1.851975 -3.848728 9.089468 -22.895673 -11.443886 -9.854675 -4.716453 -0.435318 5.046533 0.000003 0.000001 0.000003 0.644724 -2.891285 10.370933 3.034656 -1.695303 -27.691294 -25.759268 4.709452 -10.293740 0.000001 0.000005 -0.000002 -35.533929 -7.796165 13.609209 42.375074 53.514659 -102.168285 -58.435164 -61.202955 -21.038458 -0.000002 0.000000 -0.000004 -20.432682 7.044041 -17.763521 4.556362 -4.468094 29.702686 8.785736 -32.647304 -8.886926 0.000001 0.000001 -0.000001 
-15.782187 99.991524 -3.297662 -5.918302 45.943462 4.882465 21.244614 -4.650047 14.185149 -9.022614 -3.400117 3.899364 -5.534809 -7.032117 0.187395 -20.186209 -21.057535 8.657814 0.000002 -0.000000 -0.000001 -1.946537 -4.425899 8.932533 -21.629636 -11.409610 -10.120924 -5.959577 -0.274074 3.887582 0.000001 0.000003 0.000002 0.716360 -2.470003 10.392302 2.792428 -1.838034 -28.035025 -27.592689 5.483363 -8.996941 -0.000003 0.000003 -0.000001 -35.861123 -7.653368 13.100023 41.093959 53.465819 -99.586733 -57.684629 -60.419136 -20.761548 0.000003 -0.000001 -0.000003 -20.535942 6.997959 -17.655004 4.522346 -4.518479 29.875480 8.760425 -32.456622 -8.830460 0.000000 -0.000000 -0.000001 
-15.911774 99.769875 -3.282993 -5.914588 46.360667 4.808163 21.157351 -4.641877 14.043956 -8.676765 -3.762936 4.355574 -6.273614 -7.332586 -0.378287 -19.707285 -21.397685 8.978816 0.000005 -0.000004 -0.000002 -1.842307 -4.369480 8.936640 -20.613286 -11.530788 -9.982432 -6.979065 -1.030918 2.651932 -0.000002 0.000002 -0.000003 0.850329 -2.325463 10.678520 2.808235 -1.637329 -28.327661 -29.052107 6.703920 -6.650117 -0.000000 0.000003 -0.000001 -35.758383 -7.709667 13.227811 40.807477 53.554899 -99.528997 -57.593207 -60.690609 -20.511420 0.000005 0.000002 -0.000000 -20.632857 6.989659 -17.583064 4.641766 -4.686586 30.044301 9.125998 -32.570560 -8.595733 0.000001 -0.000000 0.000000 
-16.026936 99.540184 -3.263398 -6.048506 46.462741 4.764849 21.429838 -4.647994 14.265238 -8.376775 -4.006634 4.681548 -6.751627 -7.544243 -0.800054 -19.776511 -21.522751 9.013561 0.000005 -0.000003 0.000000 -1.862640 -4.178629 9.064318 -20.735109 -11.668218 -9.837082 -7.375479 -2.044238 1.290174 -0.000002 0.000000 -0.000002 1.071916 -1.882836 10.803114 3.068751 -2.016182 -28.219492 -31.311510 7.859935 -3.925026 0.000003 0.000002 -0.000002 -35.380305 -7.781006 13.443387 40.208927 53.568754 -99.529469 -58.017218 -61.229668 -20.601905 -0.000000 -0.000002 -0.000002 -20.563772 6.995653 -17.492857 4.955143 -4.643133 30.915905 9.073499 -32.628333 -8.624412 0.000000 -0.000000 0.000000 
-16.131447 99.319420 -3.243159 -6.061099 46.531408 4.479844 21.660958 -4.681464 14.744802 -8.471476 -3.942989 4.599578 -6.737568 -7.351602 -0.811084 -19.848523 -21.698271 9.059754 0.000002 -0.000001 0.000001 -1.973402 -4.509850 9.259588 -20.976493 -11.810804 -9.795552 -8.091684 -2.140231 0.806277 0.000003 0.000003 -0.000002 1.249737 -1.626290 10.915563 2.991956 -1.505537 -28.861545 -32.515515 8.400028 -3.621771 0.000001 0.000004 -0.000003 -35.256333 -7.815662 13.598730 39.403334 53.598137 -99.028454 -58.898661 -61.073059 -21.624620 0.000002 0.000002 -0.000003 -20.457193 6.841129 -17.095002 4.966562 -4.680637 31.287433 8.813422 -33.294946 -9.088567 0.000001 0.000001 0.000002 
-16.227646 99.101646 -3.231198 -5.370696 46.495437 4.177903 21.209039 -4.659788 14.540409 -9.019327 -3.451472 4.058528 -6.201807 -8.033092 -0.435051 -20.237138 -21.797721 9.037459 0.000001 0.000001 0.000001 -2.013445 -4.450124 9.673137 -21.636603 -12.059136 -9.866330 -8.349605 -2.480752 0.664291 0.000002 0.000003 0.000005 1.520910 -1.481264 10.865420 3.050394 -0.938913 -29.106090 -33.268441 8.922382 -2.970464 -0.000000 0.000004 -0.000003 -35.240914 -7.729525 13.440521 38.796506 53.612651 -99.238776 -60.475096 -61.428495 -22.943946 0.000002 -0.000005 0.000004 -20.197868 6.492578 -16.373333 4.699775 -4.767078 30.876710 8.071981 -33.845858 -9.997319 0.000001 0.000003 0.000000 
-16.300541 98.876030 -3.204518 -4.808431 46.750299 3.884536 20.853397 -4.680184 14.659468 -9.002173 -3.525706 4.133151 -6.305030 -8.009623 -0.680285 -20.183612 -22.105923 9.134661 0.000002 -0.000001 0.000001 -1.955596 -4.365432 9.501252 -21.372432 -12.073506 -9.978890 -8.415500 -2.899682 0.017427 0.000003 0.000002 0.000005 1.432180 -1.587977 10.773200 2.802560 -0.582457 -29.387756 -33.675411 9.372687 -1.222513 -0.000002 0.000000 -0.000001 -35.703632 -7.610741 12.773468 37.638434 53.524511 -97.956230 -60.015424 -61.207279 -22.566475 0.000003 -0.000003 -0.000001 -19.931943 6.134009 -15.651816 4.505654 -4.860603 30.700628 7.768067 -34.664013 -10.621438 0.000001 0.000001 0.000001 
-16.365118 98.665031 -3.185746 -4.043700 46.943480 3.629311 20.267336 -4.672122 14.479677 -8.886200 -3.552388 4.184989 -6.275710 -8.046155 -0.730890 -20.429652 -22.376772 9.185856 0.000002 -0.000000 -0.000002 -1.923748 -4.304538 9.639545 -21.575920 -12.241633 -10.292571 -8.773725 -3.070778 -0.398140 0.000001 0.000000 0.000000 1.237746 -2.167872 10.579615 2.844030 -0.626201 -29.305514 -34.304086 9.836782 0.488296 -0.000001 0.000008 -0.000003 -36.042048 -7.511361 12.359385 37.282444 53.630734 -98.117607 -60.116436 -61.108405 -22.993174 0.000003 -0.000003 -0.000004 -20.074896 6.108359 -15.619738 4.264405 -5.126892 30.380357 7.532041 -34.788886 -10.984133 -0.000000 -0.000000 -0.000000 
-16.419519 98.461678 -3.167602 -3.126961 47.072062 3.307322 20.008974 -4.673169 14.623606 -8.946774 -3.527424 4.140307 -6.527677 -8.223518 -1.016621 -20.207410 -22.318733 9.306832 0.000000 -0.000003 0.000002 -2.006579 -4.217047 9.572741 -21.312173 -11.998890 -10.267325 -8.438994 -3.540618 -1.441186 0.000001 0.000001 0.000000 1.229007 -1.764859 10.593020 2.760296 -1.235637 -29.158303 -34.632331 9.958181 2.535781 -0.000002 0.000003 -0.000003 -36.308193 -7.547216 12.257726 37.605051 53.639825 -99.394566 -60.383578 -61.171714 -23.131639 0.000004 -0.000003 -0.000001 -20.119220 5.939719 -15.081467 4.090636 -5.078212 29.791229 6.665899 -34.460565 -11.641407 -0.000001 -0.000000 0.000001 
-16.465946 98.261147 -3.145402 -2.511686 47.250569 3.051310 19.724873 -4.647872 14.568264 -9.023757 -3.507846 4.115682 -6.617633 -8.232613 -1.116275 -20.095960 -22.375922 9.529933 0.000002 -0.000002 -0.000003 -1.889983 -4.636103 9.276257 -21.361446 -11.749125 -9.993205 -8.418929 -3.517429 -2.139273 0.000003 0.000003 -0.000001 0.969198 -2.001976 10.915401 2.310672 -0.516673 -29.861013 -34.111601 9.905599 3.678264 0.000001 0.000003 -0.000003 -36.642906 -7.558033 12.043966 37.640790 53.515683 -99.673586 -60.212154 -61.349831 -22.673964 -0.000001 -0.000002 -0.000002 -20.417186 5.924872 -14.881369 3.901096 -4.910079 29.433338 6.497582 -34.496680 -11.625802 0.000002 -0.000000 0.000002 
-16.511717 98.082222 -3.126407 -1.815546 47.478284 2.936754 19.545177 -4.651693 14.601131 -8.977037 -3.437873 4.058559 -6.774069 -8.401382 -1.323725 -20.204931 -22.397329 9.547855 0.000000 -0.000003 0.000000 -1.884712 -4.905751 9.234091 -21.761932 -11.611910 -9.881160 -8.290619 -3.494205 -2.552584 0.000003 0.000002 -0.000002 1.112105 -1.555129 11.015326 2.135190 -0.383246 -30.340254 -34.391836 9.769582 4.112338 -0.000001 0.000003 -0.000000 -37.070172 -7.526513 11.607688 37.525718 53.516025 -99.668087 -60.406022 -61.152699 -23.166154 -0.000000 -0.000003 0.000003 -20.808002 6.112195 -15.174358 3.486189 -5.093080 28.904135 6.496220 -34.366490 -11.632703 0.000001 -0.000006 0.000001 
-16.554585 97.919510 -3.105060 -1.466827 47.278651 2.746513 19.424993 -4.570860 14.190654 -9.174865 -3.454081 4.057853 -6.578709 -8.752788 -1.175967 -19.963091 -22.186818 9.515942 0.000002 0.000001 0.000003 -1.796598 -4.746422 9.075498 -21.513542 -11.471300 -9.605321 -7.955757 -3.869105 -3.104490 -0.000003 0.000000 -0.000002 1.045978 -1.510174 11.425663 2.170512 -0.507905 -30.427035 -34.536749 9.809103 5.180766 -0.000001 0.000004 0.000001 -37.064513 -7.714317 12.041045 38.627759 53.486245 -101.609480 -61.695828 -61.887094 -23.792588 0.000002 0.000003 -0.000001 -20.261176 5.671361 -14.048089 3.211016 -4.873163 28.171798 5.720392 -34.540560 -12.366688 -0.000001 -0.000000 0.000001 
-16.587572 97.763748 -3.086066 -1.618523 47.469036 2.713545 19.451183 -4.587374 14.427916 -8.862370 -3.546377 4.208665 -6.831831 -8.703184 -1.387893 -20.041646 -21.882516 9.444725 0.000005 0.000000 -0.000000 -1.735896 -4.559440 8.883730 -20.774676 -11.396857 -9.734441 -8.058995 -3.780684 -3.524752 -0.000001 0.000003 -0.000003 1.300338 -0.954460 11.377050 1.909182 -0.148970 -30.645768 -34.406207 9.602845 4.760977 -0.000000 0.000001 -0.000003 -37.245906 -7.725646 11.906597 38.414039 53.493423 -100.946528 -61.531118 -61.459716 -23.932264 0.000004 -0.000002 0.000001 -19.888524 5.481494 -13.752330 3.092665 -4.956590 28.221315 5.413925 -34.450491 -12.552706 -0.000001 -0.000002 0.000000 
-16.612974 97.631416 -3.056624 -1.785832 47.662040 2.860451 19.746941 -4.624482 14.757177 -8.469804 -3.728552 4.405285 -7.222144 -8.329521 -1.716152 -20.073774 -21.937768 9.436403 0.000004 0.000000 -0.000000 -1.746955 -4.791114 8.873737 -21.035692 -11.435009 -9.767311 -8.331033 -3.617421 -3.432924 -0.000001 0.000002 0.000002 1.307266 -0.963153 11.246037 1.803249 0.121314 -30.644436 -34.434959 9.645245 4.512466 0.000002 0.000002 -0.000002 -36.972019 -7.664891 12.008139 38.219283 53.499233 -100.816201 -62.133432 -61.024052 -24.828499 0.000002 -0.000003 -0.000001 -20.042302 5.670199 -14.298410 3.239456 -4.990454 28.939218 5.175971 -34.472593 -12.733073 -0.000001 0.000005 -0.000000 
-16.636250 97.519890 -3.021890 -1.107048 47.647003 2.828573 19.429603 -4.554529 14.413801 -8.266556 -3.866809 4.564450 -7.361840 -8.064568 -1.878669 -20.250237 -21.958539 9.420496 0.000003 -0.000003 0.000000 -1.810198 -4.846247 8.724572 -21.383779 -11.455084 -9.952386 -8.372545 -3.189907 -3.271962 -0.000001 0.000003 0.000001 1.383872 -0.609115 11.166379 1.538119 0.671477 -30.976072 -34.527866 9.239456 3.359255 -0.000000 0.000003 -0.000001 -37.030356 -7.747714 12.069749 39.016697 53.514201 -102.313550 -62.252120 -61.251607 -24.604489 -0.000000 -0.000002 -0.000002 -19.886523 5.596212 -14.044386 2.689086 -5.051783 28.184130 5.476906 -34.727011 -12.530888 0.000002 -0.000000 -0.000000 
-16.656528 97.412086 -2.993887 -1.436805 47.348753 2.844281 19.691488 -4.560108 14.382237 -8.250301 -3.748390 4.442045 -7.261999 -8.081966 -1.658923 -20.190172 -21.880584 9.393621 0.000002 -0.000001 0.000001 -1.834469 -4.834674 8.667801 -21.221522 -11.415410 -9.860832 -8.542399 -3.125278 -3.159523 -0.000001 0.000001 0.000000 1.293555 -0.803441 11.135270 1.629282 0.379005 -30.414576 -34.779682 9.360773 3.569904 -0.000002 0.000004 0.000001 -36.671354 -7.780527 12.439734 39.065598 53.582954 -102.386714 -61.718539 -61.421822 -23.976775 0.000003 -0.000003 -0.000001 -20.106079 5.660071 -14.127866 3.284078 -4.876768 28.588737 5.421139 -34.426288 -12.455142 0.000001 0.000001 -0.000002 
-16.681332 97.321205 -2.968733 -1.190831 47.610558 2.757945 19.571743 -4.569622 14.423541 -8.351473 -3.765897 4.454684 -7.162541 -8.390579 -1.793005 -20.546905 -21.837107 9.289158 0.000003 -0.000003 0.000000 -1.944889 -4.921576 8.771334 -21.320663 -11.405849 -9.903173 -8.783631 -2.789109 -3.009617 0.000001 0.000006 -0.000000 1.457829 -0.473889 11.026438 1.556473 0.480380 -30.442372 -35.046404 9.254819 2.903873 -0.000001 0.000004 -0.000003 -37.156390 -7.723800 11.964986 38.678426 53.629648 -101.800015 -61.726291 -61.876835 -23.821956 0.000003 0.000003 0.000001 -19.893619 5.519017 -13.872810 2.924536 -5.091862 28.156637 5.539614 -34.407355 -12.283601 0.000000 -0.000002 0.000000 
-16.696133 97.241585 -2.941279 -1.335334 47.547512 2.653572 19.508238 -4.592453 14.536176 -8.073130 -3.814646 4.529373 -7.397327 -8.214001 -1.871221 -20.247191 -21.816944 9.386331 0.000001 -0.000000 -0.000003 -1.863117 -4.797919 8.582278 -20.538877 -11.296629 -9.778060 -8.743703 -3.013531 -3.463695 0.000002 0.000002 0.000002 1.314394 -0.587462 11.271843 1.773164 -0.354545 -30.480129 -35.348524 9.464507 4.094965 -0.000001 0.000004 -0.000003 -37.234944 -7.709247 11.906409 38.773194 53.615076 -101.677611 -62.273348 -61.629330 -24.491561 0.000002 -0.000002 -0.000002 -20.015985 5.550441 -13.981793 3.055734 -5.077782 28.346475 6.104682 -34.862792 -11.904628 0.000001 0.000001 -0.000000 
-16.706610 97.166306 -2.917532 -1.175462 47.395338 2.684641 19.369394 -4.556581 14.297205 -8.090461 -3.823647 4.555153 -7.388915 -8.120064 -1.890891 -20.524423 -21.873228 9.380253 0.000003 -0.000001 0.000002 -1.821428 -4.853452 8.593406 -20.989725 -11.405503 -9.826448 -8.690739 -3.153724 -3.220961 -0.000003 0.000004 0.000001 1.037974 -1.191790 11.394587 1.907163 -0.394001 -30.362469 -35.489014 9.672061 4.382198 -0.000005 0.000003 -0.000004 -37.094867 -7.744370 12.106607 39.304351 53.687483 -102.637943 -62.468425 -61.833552 -24.522025 -0.000000 0.000002 -0.000003 -20.080994 5.602021 -14.091192 2.997425 -5.142108 28.110658 6.012097 -34.250257 -11.785497 0.000002 -0.000000 -0.000000 
-16.720510 97.097855 -2.893615 -0.960935 47.335496 2.680484 19.137912 -4.500622 13.886232 -8.148306 -3.864030 4.584773 -7.268433 -8.337603 -1.798758 -20.592694 -21.898756 9.386980 0.000002 0.000001 0.000003 -1.813810 -4.509530 8.694337 -21.222776 -11.480417 -9.978254 -8.527054 -3.586867 -3.359572 0.000002 0.000001 0.000003 1.188653 -0.957776 11.412940 1.758063 0.053069 -30.573959 -35.288271 9.725741 4.275048 -0.000002 -0.000003 -0.000004 -37.038292 -7.788040 12.366505 39.942741 53.686817 -103.803753 -62.306058 -62.150002 -24.002856 -0.000000 -0.000002 -0.000002 -20.282308 5.659771 -14.251354 3.057691 -5.081577 28.153469 6.057341 -34.152312 -11.786348 0.000000 -0.000002 0.000004 
-16.726469 97.042946 -2.872954 -0.820124 47.724625 2.624030 18.879104 -4.523912 13.918596 -8.459929 -3.793564 4.520565 -7.165645 -8.935168 -1.999571 -20.170090 -21.936023 9.571427 0.000002 -0.000002 -0.000000 -1.638430 -4.342741 8.585156 -21.529432 -11.641832 -9.770240 -8.468663 -4.069403 -3.200749 0.000003 0.000004 0.000001 1.277139 -0.982997 11.626815 2.070387 -0.065724 -30.553936 -35.749538 9.893215 3.668158 -0.000003 0.000000 -0.000004 -37.282857 -7.703158 11.864806 39.275510 53.708096 -102.713949 -61.555167 -61.397247 -23.912581 0.000002 -0.000003 -0.000000 -20.278550 5.863541 -14.734707 2.614675 -5.465520 28.382433 6.214591 -34.338137 -11.689392 0.000001 0.000001 0.000000 
-16.728132 96.993591 -2.846968 -1.012489 47.495425 2.525413 18.933515 -4.536206 13.970413 -8.201092 -3.885639 4.635526 -7.178157 -8.774191 -1.853514 -20.343993 -21.803799 9.536923 0.000001 -0.000001 0.000001 -1.609147 -4.365965 8.595901 -21.689139 -11.720760 -9.762389 -9.074958 -3.768568 -2.970158 0.000003 0.000001 -0.000000 1.471989 -0.730253 11.596812 2.023074 0.213487 -30.748316 -35.934247 10.122055 3.438148 -0.000002 0.000003 0.000003 -37.213620 -7.622374 11.801994 39.041051 53.648814 -102.290832 -62.459095 -61.833313 -24.443910 -0.000002 -0.000003 -0.000000 -20.235926 5.752091 -14.514292 2.729410 -5.403778 28.581208 6.434089 -34.175500 -11.362049 0.000001 -0.000002 0.000000 
-16.734304 96.953918 -2.822536 -1.363164 47.436811 2.474819 19.227876 -4.552733 14.178117 -8.096937 -3.935128 4.683667 -7.285129 -8.670076 -1.827312 -20.441561 -21.830118 9.581923 0.000002 -0.000002 0.000003 -1.674810 -4.272347 8.569324 -21.414468 -11.581613 -9.722142 -8.832901 -3.926558 -3.249800 -0.000000 0.000001 -0.000002 1.418080 -0.646776 11.588183 2.080174 -0.411522 -30.489551 -36.191431 10.121557 4.187880 -0.000000 -0.000001 -0.000001 -36.991543 -7.592852 11.881806 38.696444 53.586242 -101.823442 -62.402678 -61.613695 -24.513819 0.000002 -0.000003 -0.000000 -20.097564 5.669354 -14.364518 2.682560 -5.316838 28.640423 6.344575 -34.056577 -11.302981 0.000000 0.000001 0.000000 
-16.735453 96.914314 -2.794082 -1.647652 47.545039 2.497901 19.314189 -4.564091 14.310553 -8.335665 -3.874877 4.572422 -7.156627 -9.002135 -1.835294 -20.037378 -21.967123 9.648992 0.000000 -0.000000 0.000000 -1.779174 -4.038033 8.643146 -21.424683 -11.449163 -9.775538 -8.495826 -4.073722 -3.468110 -0.000000 0.000004 0.000001 1.354924 -0.610642 11.463346 1.971734 -0.708333 -30.404768 -36.041170 10.103688 5.030057 0.000002 0.000004 -0.000003 -36.847764 -7.547140 11.937325 38.327514 53.601371 -101.212543 -61.576648 -61.732561 -23.636329 0.000003 0.000002 -0.000000 -20.015395 5.635347 -14.462044 2.856104 -5.360230 28.995229 6.760069 -34.070172 -11.062558 0.000001 -0.000002 -0.000001 
-16.737930 96.878716 -2.771055 -1.794932 47.366122 2.525890 19.202028 -4.548570 14.087041 -7.996665 -4.050910 4.789925 -7.304915 -8.576096 -1.885833 -20.268605 -22.054635 9.626159 -0.000000 0.000000 -0.000002 -1.710767 -5.023737 8.630651 -21.322715 -11.376327 -9.460355 -9.206572 -3.335344 -3.013392 -0.000001 0.000002 -0.000000 1.178038 -1.056730 11.408269 2.089228 -0.925333 -30.421676 -36.228754 10.257708 5.407900 -0.000001 0.000002 -0.000002 -36.895295 -7.524439 11.924990 38.514921 53.645781 -101.215392 -61.336089 -61.181201 -23.898132 0.000003 -0.000003 -0.000001 -19.884282 5.510781 -14.263686 2.876745 -5.431448 28.726751 6.968929 -33.760105 -10.872002 0.000001 0.000001 -0.000001 
-16.739447 96.850121 -2.752129 -2.152748 47.045291 2.564153 19.746649 -4.576666 14.410741 -8.596456 -3.522253 4.186758 -6.803190 -8.813191 -1.415121 -20.143264 -21.980305 9.679899 0.000003 -0.000000 -0.000001 -1.673073 -4.810747 8.592759 -21.618611 -11.295708 -9.500815 -8.649673 -3.560897 -3.242792 -0.000003 0.000003 0.000001 1.151696 -1.103384 11.357665 2.071727 -1.239450 -30.477824 -36.313544 10.175447 6.120526 -0.000001 0.000003 0.000003 -36.480621 -7.601051 12.347022 38.926734 53.552276 -101.897379 -61.132358 -61.173100 -23.566950 0.000001 -0.000002 0.000001 -19.313719 5.195140 -13.614186 2.639845 -5.298336 28.229244 6.222305 -33.202625 -11.175677 0.000001 -0.000002 -0.000001 
-16.747858 96.821289 -2.736829 -1.909712 47.105240 2.639453 19.386676 -4.524953 14.010105 -8.504021 -3.739085 4.444847 -6.803449 -8.720582 -1.668900 -20.314113 -22.169609 9.786590 0.000002 -0.000001 0.000002 -1.666551 -5.457592 8.579737 -21.552793 -11.209497 -9.239016 -8.863221 -3.482947 -3.285798 0.000002 -0.000001 -0.000001 0.908926 -1.617206 11.365942 2.062826 -1.364568 -30.511418 -36.158817 10.374437 7.022695 -0.000000 -0.000000 -0.000004 -36.576172 -7.582137 12.252211 39.045832 53.575802 -102.170116 -60.693942 -61.077157 -23.162152 0.000004 -0.000001 -0.000005 -19.179967 5.132926 -13.602044 2.489573 -5.341362 27.948562 6.181009 -33.263267 -11.161039 0.000001 0.000003 0.000001 
-16.751053 96.793365 -2.714045 -2.012004 46.929578 2.534629 19.355899 -4.510193 13.868376 -8.286557 -3.980603 4.744502 -7.138264 -8.779212 -1.959501 -19.634289 -22.039608 9.911069 0.000004 -0.000002 -0.000001 -1.341219 -4.780134 8.443081 -20.939519 -11.356133 -9.161795 -9.299575 -3.492606 -3.502301 0.000002 0.000003 0.000003 1.145199 -1.436269 11.456304 2.349260 -1.202862 -30.482728 -36.488530 10.466909 7.001724 0.000002 0.000002 -0.000002 -36.532937 -7.670486 12.459350 39.451999 53.490159 -102.553508 -60.907543 -61.266708 -23.301703 0.000001 0.000000 -0.000004 -19.352397 5.228889 -13.591699 2.519397 -5.242358 28.015725 6.330480 -33.003894 -11.045662 0.000002 0.000003 0.000000 
-16.753345 96.766998 -2.694912 -2.016110 46.798609 2.422809 18.967673 -4.475796 13.525234 -7.996277 -4.070664 4.905961 -7.110123 -8.746316 -1.845432 -19.452811 -22.069919 9.950169 0.000002 -0.000002 -0.000000 -1.067624 -4.903687 8.356791 -21.331237 -11.575249 -8.858045 -9.577189 -3.947005 -3.668055 -0.000002 0.000003 0.000001 1.287781 -1.485059 11.513377 2.538499 -0.537124 -30.970383 -36.537294 10.718602 6.693722 -0.000002 0.000005 -0.000002 -36.652564 -7.722224 12.417876 39.692319 53.463750 -102.574497 -61.243089 -61.336205 -23.613376 0.000002 0.000003 -0.000006 -19.393880 5.291082 -13.534633 2.387598 -5.381028 27.904888 6.536208 -32.995647 -10.914661 0.000001 0.000005 0.000001 
-16.756607 96.743744 -2.669596 -2.595707 46.963097 2.423344 19.367000 -4.553854 14.109707 -8.137487 -3.907721 4.719378 -7.193123 -9.223927 -2.011191 -19.044210 -21.960679 10.021959 0.000001 -0.000004 -0.000002 -0.934773 -4.422452 8.172246 -20.987833 -11.514198 -8.722431 -9.589363 -3.898549 -3.639121 -0.000000 0.000005 0.000000 1.555470 -0.891468 11.706677 2.583717 -0.733923 -31.087586 -36.607615 10.688769 6.810608 -0.000000 0.000003 0.000003 -36.475823 -7.694282 12.416046 39.275251 53.372242 -101.806196 -61.138676 -61.433747 -23.356148 0.000001 -0.000002 -0.000002 -19.452087 5.352601 -13.672702 2.575496 -5.271563 28.482517 6.867166 -33.288102 -10.775613 -0.000000 0.000001 -0.000000 
-16.765867 96.723610 -2.653918 -2.360103 47.022943 2.365820 19.143301 -4.543972 13.908263 -8.092858 -4.017537 4.832728 -7.248861 -9.014280 -2.079015 -19.257558 -22.137285 10.007713 0.000002 0.000001 0.000003 -0.985224 -4.658512 8.322378 -21.488605 -11.597320 -8.820242 -9.337431 -4.355244 -3.620628 0.000001 -0.000001 -0.000003 1.294912 -1.532584 11.545864 2.500795 -0.419745 -31.080595 -36.313148 10.868785 7.280700 -0.000001 0.000001 -0.000000 -36.434937 -7.695205 12.475849 39.194931 53.418066 -101.988446 -60.731604 -61.736980 -22.892093 0.000002 -0.000003 -0.000000 -19.536139 5.334163 -13.603956 2.465586 -5.332793 28.107031 6.988723 -33.111453 -10.623908 0.000001 -0.000000 0.000001 
-16.774363 96.704506 -2.632462 -2.707498 46.821842 2.343755 19.706168 -4.586895 14.227938 -8.271260 -3.902694 4.694357 -7.128346 -8.875693 -1.908826 -19.346415 -22.137188 9.972599 0.000003 0.000001 0.000001 -0.982619 -4.920266 8.400683 -22.055442 -11.673065 -8.780792 -9.641767 -3.861211 -3.260902 -0.000001 0.000007 0.000005 1.527367 -1.145025 11.399996 2.346500 0.255336 -31.518956 -36.399943 10.686912 6.628182 -0.000003 0.000004 0.000001 -36.090269 -7.803664 12.919662 39.189221 53.421365 -101.980974 -60.524690 -62.066189 -22.510412 0.000002 0.000001 -0.000001 -19.635803 5.388376 -13.613173 2.678973 -5.260000 28.465611 7.126996 -33.368391 -10.646771 0.000001 0.000001 -0.000001 
-16.783113 96.687889 -2.609955 -2.166729 46.613429 2.353366 19.515898 -4.556139 13.978169 -8.392203 -3.824903 4.618664 -7.131664 -9.072150 -1.938892 -19.631762 -21.933361 9.854543 0.000003 -0.000002 -0.000001 -0.948999 -4.939116 8.509423 -22.355271 -11.892768 -8.891499 -10.307022 -3.258539 -2.612395 -0.000003 0.000004 0.000001 1.920850 -0.633053 11.231297 2.301378 0.941923 -31.889801 -36.632347 10.610266 5.218859 -0.000003 0.000005 -0.000002 -36.325822 -7.810235 12.778463 39.849878 53.412537 -103.045841 -61.921552 -62.009402 -23.811122 0.000003 -0.000004 0.000001 -19.978699 5.575075 -13.884362 2.773323 -5.199767 28.635587 7.120241 -33.597639 -10.716586 0.000001 -0.000000 -0.000000 
-16.785561 96.668213 -2.579573 -2.356556 46.669713 2.326326 19.704543 -4.586002 14.277561 -8.587390 -3.771843 4.520256 -7.138023 -9.035521 -2.022860 -19.178586 -22.049410 9.957185 0.000002 -0.000000 -0.000000 -1.058003 -5.241970 8.424786 -22.737322 -11.668056 -8.593917 -10.108899 -3.200975 -2.774683 -0.000000 0.000000 -0.000002 1.707502 -0.793676 11.182877 2.032916 1.043061 -32.190244 -36.211839 10.557141 5.879158 0.000001 0.000003 -0.000000 -36.355605 -7.823922 12.774872 39.680213 53.422219 -102.489721 -61.212743 -61.664321 -23.281234 0.000003 -0.000003 -0.000000 -20.097347 5.621576 -14.049896 2.988644 -5.149590 28.926722 7.402333 -33.550593 -10.470181 0.000000 -0.000000 0.000001 
-16.789204 96.649872 -2.553325 -2.112749 46.678787 2.283379 19.254411 -4.547092 13.932645 -8.044499 -4.142961 4.975212 -7.370093 -8.734216 -2.207838 -19.514766 -22.145037 9.892515 0.000001 -0.000001 -0.000001 -1.052658 -5.168523 8.459430 -22.923870 -11.736485 -8.766219 -10.213049 -3.041692 -2.721648 0.000001 0.000002 0.000003 1.616394 -1.030145 11.052434 1.953869 1.332090 -32.331766 -36.149459 10.518769 5.944418 -0.000002 -0.000001 -0.000002 -36.401227 -7.837077 12.735589 39.590730 53.403494 -102.354592 -60.616679 -61.731755 -22.599983 -0.000001 0.000001 -0.000001 -20.225652 5.710010 -14.181056 2.966190 -5.172177 29.002114 7.129654 -33.390490 -10.684579 0.000001 -0.000000 0.000000 
-16.791426 96.632751 -2.526487 -2.177830 46.798465 2.484002 19.073457 -4.539710 13.886716 -8.536397 -3.848569 4.605931 -7.119323 -9.368426 -2.310578 -19.194720 -22.208425 10.031403 0.000002 -0.000003 0.000002 -0.951082 -5.151753 8.343786 -23.123889 -11.647621 -8.440495 -9.847358 -3.638116 -2.778489 -0.000001 0.000000 0.000003 1.748654 -0.794094 11.221579 2.057358 1.131692 -32.399836 -36.098991 10.781817 6.561417 -0.000005 0.000000 -0.000007 -36.407511 -7.695451 12.415754 39.222491 53.366266 -101.808334 -60.899865 -61.435147 -23.259818 0.000003 -0.000003 -0.000000 -20.493785 6.014752 -14.894605 2.939105 -5.181239 29.359992 7.481747 -33.483080 -10.356292 0.000001 -0.000000 0.000000 
-16.795105 96.619171 -2.496067 -2.184868 46.561041 2.693434 18.891356 -4.467676 13.379757 -8.288220 -4.012463 4.804764 -7.244584 -9.199016 -2.358149 -19.115227 -22.285761 10.107617 0.000002 -0.000001 0.000002 -0.952427 -5.249746 8.216521 -22.637537 -11.566306 -8.346986 -10.120196 -3.410084 -2.815137 0.000003 0.000000 -0.000000 1.637805 -0.951008 11.177301 2.054350 0.906328 -32.042436 -36.066524 10.853335 6.708301 -0.000000 0.000003 -0.000002 -36.029364 -7.649616 12.620779 39.470550 53.390974 -102.512704 -60.884566 -61.671854 -23.111128 0.000003 -0.000002 -0.000002 -20.497591 5.922737 -14.731480 3.474147 -4.835517 29.349299 7.144661 -33.121595 -10.408210 0.000001 -0.000000 -0.000000 
-16.796526 96.610016 -2.472375 -2.551631 46.413150 2.692183 19.181610 -4.529942 13.808237 -8.523371 -3.633945 4.365549 -6.973608 -9.043569 -2.067550 -19.071164 -22.365186 10.133155 0.000003 -0.000001 0.000001 -1.006612 -5.655008 8.318108 -22.537825 -11.565834 -8.438267 -10.332584 -3.034553 -2.718669 -0.000000 -0.000001 -0.000003 1.627925 -1.050063 11.092280 1.984491 1.049759 -32.267180 -36.052710 10.780873 6.677262 0.000001 0.000003 -0.000003 -36.093124 -7.567354 12.339564 38.941169 53.306666 -101.344189 -60.688102 -61.306064 -23.033274 -0.000000 0.000002 -0.000003 -20.465268 5.889781 -14.632564 3.605986 -4.733235 29.500523 6.982083 -32.861918 -10.468539 0.000001 -0.000000 -0.000002 
-16.794256 96.598534 -2.446800 -2.779694 46.426432 2.809158 19.103838 -4.518703 13.689238 -8.538580 -3.658819 4.395968 -6.840038 -9.145207 -2.026967 -19.364635 -22.255826 9.995181 0.000004 -0.000000 -0.000001 -0.899672 -5.606577 8.228209 -22.577873 -11.629667 -8.349835 -10.658771 -2.765338 -2.516866 -0.000001 0.000007 0.000003 1.659353 -1.092225 11.179018 1.903331 1.675036 -32.696819 -36.003884 10.669296 5.566916 0.000002 0.000006 -0.000001 -35.954362 -7.535488 12.302800 38.751925 53.289597 -100.974327 -60.516241 -61.146995 -22.931056 0.000003 0.000002 -0.000005 -20.281012 5.814906 -14.473080 3.994156 -4.523105 29.678063 6.526244 -32.916959 -10.924257 0.000002 -0.000004 -0.000001 
-16.781513 96.595749 -2.421067 -3.088244 46.063445 2.897330 18.935509 -4.466545 13.362556 -8.439202 -3.635764 4.376204 -6.943572 -9.306971 -2.038643 -19.125127 -22.169261 10.023197 0.000002 -0.000001 0.000001 -0.753543 -5.272395 7.951738 -21.286612 -11.468566 -8.157434 -10.589401 -3.257394 -2.927810 -0.000000 0.000005 0.000001 1.637112 -1.058563 11.435808 2.095401 0.868784 -32.406174 -35.926915 11.010187 6.689698 0.000003 0.000003 -0.000000 -35.733388 -7.431625 12.325123 38.471044 53.307711 -100.420296 -60.599084 -60.789230 -23.274927 0.000003 -0.000002 -0.000002 -19.993108 5.631212 -14.267982 3.914518 -4.560489 29.242229 6.765442 -32.917844 -10.713241 0.000000 -0.000000 0.000000 
-16.767256 96.594887 -2.384883 -3.347915 45.745185 2.880285 18.959902 -4.434590 13.153052 -8.263308 -3.642568 4.403400 -7.014822 -9.317738 -1.892102 -18.985820 -22.087773 10.025612 0.000000 -0.000000 -0.000001 -0.686414 -4.972490 7.816889 -20.813091 -11.434070 -8.169139 -10.477326 -3.376165 -3.006272 -0.000001 0.000003 -0.000000 1.699495 -0.908447 11.560742 2.190004 0.538910 -32.341110 -36.020857 11.103176 7.184713 -0.000002 0.000001 -0.000000 -35.518951 -7.449204 12.543549 38.796209 53.358145 -100.843092 -61.189049 -60.965654 -23.741386 0.000004 -0.000002 -0.000002 -20.035098 5.600052 -14.155510 4.243195 -4.378669 29.331216 6.687506 -32.558996 -10.598393 0.000000 0.000003 0.000001 
-16.757322 96.595245 -2.355047 -3.217346 45.895866 2.986272 18.540308 -4.381556 12.734151 -8.091653 -3.913061 4.726813 -6.917199 -9.108193 -2.075604 -19.590301 -22.294711 9.935904 0.000000 -0.000001 0.000001 -0.551061 -5.604116 7.717345 -20.335283 -11.427797 -7.980471 -10.982636 -2.983719 -3.087866 -0.000000 0.000000 -0.000003 1.411678 -1.621152 11.542134 2.380065 0.531056 -32.239999 -36.035033 11.146784 7.211771 -0.000001 0.000003 -0.000003 -35.647877 -7.392862 12.189787 38.625119 53.257529 -100.635850 -61.283278 -60.914448 -23.878633 0.000001 0.000001 -0.000001 -19.681588 5.519520 -13.990063 4.068990 -4.386582 29.249862 6.072246 -32.631092 -11.158802 0.000002 0.000001 -0.000000 
-16.735992 96.603203 -2.331957 -2.998971 45.463915 2.949258 18.172323 -4.329757 12.423936 -8.450540 -3.689874 4.474378 -6.635738 -9.541019 -1.931345 -19.816493 -21.936452 9.763073 0.000001 -0.000002 -0.000001 -0.371595 -5.010329 7.606086 -20.716934 -11.504451 -7.756749 -10.502948 -3.813385 -3.210595 -0.000002 0.000003 0.000001 1.566913 -1.441977 11.600734 2.617372 0.485992 -32.232694 -35.968582 11.385259 7.620200 0.000004 -0.000001 -0.000002 -35.175010 -7.407975 12.567586 39.116326 53.290891 -101.943504 -61.094628 -61.144373 -23.599552 0.000005 -0.000003 -0.000001 -19.347069 5.307656 -13.528809 4.171791 -4.274995 28.797467 5.647611 -32.320940 -11.520835 0.000003 -0.000002 0.000001 
-16.707909 96.623222 -2.299260 -3.631415 45.247520 3.156338 18.818105 -4.404212 12.923865 -8.403735 -3.431609 4.217969 -6.635786 -9.261218 -1.778272 -20.388649 -21.823878 9.615984 0.000003 -0.000000 -0.000001 -0.325801 -5.267881 7.435059 -20.931065 -11.511204 -7.736053 -10.755737 -3.065850 -2.755410 -0.000001 0.000000 0.000000 1.673364 -1.132564 11.644415 2.654366 0.449142 -32.454286 -36.148783 11.028274 6.505775 -0.000001 0.000003 -0.000001 -34.620945 -7.371806 12.687323 39.166647 53.202304 -102.087238 -61.454531 -61.338220 -23.912704 0.000004 -0.000001 -0.000003 -19.041777 5.266980 -13.376322 4.403036 -4.002233 28.960367 5.555237 -31.699127 -11.254516 0.000001 -0.000002 0.000003 
-16.670368 96.674004 -2.274193 -3.533769 44.544680 3.302787 18.057086 -4.289343 12.284565 -8.072269 -3.350395 4.160335 -6.589641 -8.973686 -1.550239 -20.482364 -21.611273 9.604497 0.000004 -0.000001 -0.000001 -0.188452 -5.370497 7.019164 -20.238667 -11.240076 -7.408343 -10.786021 -2.475323 -1.958159 -0.000005 0.000004 -0.000003 1.217694 -1.861043 11.823842 2.683120 -0.017624 -32.260288 -35.403398 11.026979 5.910450 -0.000001 0.000007 -0.000003 -33.940416 -7.183677 12.857548 39.215743 53.332839 -102.959412 -62.120707 -62.144080 -23.995973 0.000003 0.000002 -0.000003 -18.736505 5.071844 -13.151318 4.819957 -3.729808 28.298956 5.056132 -30.555049 -11.268335 0.000000 0.000003 -0.000000 
-16.609678 96.786308 -2.262667 -3.782553 44.183329 3.779267 17.632833 -4.283279 12.260950 -8.031493 -3.255165 4.074247 -6.350698 -8.690948 -1.509049 -21.065654 -20.785577 9.099731 0.000000 -0.000002 -0.000001 0.055697 -5.448552 6.617724 -20.642893 -11.048644 -6.828807 -10.743894 -1.261239 -0.230940 -0.000002 0.000000 -0.000002 1.093908 -1.996456 12.185104 2.723805 0.044314 -32.489137 -34.041226 10.261308 2.731045 0.000004 0.000004 0.000001 -33.059721 -6.812667 12.240935 38.149096 53.451701 -102.281188 -61.846605 -62.182268 -23.592771 0.000003 -0.000003 -0.000000 -18.223641 5.014948 -13.263354 4.748982 -3.736307 27.237471 5.137267 -29.311364 -10.721269 0.000002 -0.000000 0.000002 
-16.537706 96.926010 -2.262339 -3.245575 44.062715 4.254635 16.408532 -4.192542 11.599934 -7.453354 -3.540455 4.477233 -6.418704 -8.475450 -1.849091 -21.542495 -20.006367 8.774223 0.000002 -0.000003 0.000002 0.112846 -5.412065 6.626794 -21.128244 -11.104506 -6.415983 -10.826426 -0.823385 0.801303 0.000001 0.000003 -0.000000 0.875667 -2.606297 12.192245 3.094011 -0.283628 -32.127113 -33.324172 9.984551 1.076765 0.000001 0.000002 -0.000003 -32.614300 -6.476835 11.333045 37.313446 53.674881 -102.435141 -62.087635 -62.766317 -23.377398 0.000004 0.000002 -0.000003 -18.604580 5.447568 -14.271489 4.950388 -3.696226 26.633119 5.127700 -28.548635 -10.442008 0.000002 -0.000006 -0.000002 
-16.425682 97.147621 -2.262439 -3.555656 43.747635 4.769804 16.198113 -4.352294 12.333495 -7.840254 -3.132079 4.073550 -5.582487 -8.432959 -1.607992 -22.062440 -18.451025 8.047537 0.000005 0.000000 -0.000000 0.235011 -4.670938 6.335605 -21.389000 -11.134511 -6.019949 -11.059456 0.832669 2.886459 0.000001 -0.000001 0.000001 0.996746 -2.563837 11.902737 3.242755 0.081040 -32.082420 -32.050687 8.851035 -2.853814 -0.000001 0.000003 -0.000000 -31.975001 -6.106316 9.858717 35.226024 53.718540 -100.295160 -61.228896 -61.873666 -23.344784 0.000002 -0.000002 -0.000002 -18.527663 5.750600 -14.641935 5.178938 -3.311419 25.443162 5.007452 -27.572417 -9.876696 0.000001 -0.000000 -0.000001 
-16.264784 97.470451 -2.255793 -5.197884 43.017129 5.302617 17.460887 -4.625848 14.336096 -6.239061 -3.500828 4.611307 -6.482027 -6.343025 -1.959228 -22.960736 -16.410897 6.886478 0.000002 -0.000001 0.000001 0.346244 -4.089819 5.524588 -21.237689 -10.364524 -5.469861 -10.479203 2.774831 4.394599 0.000001 0.000003 -0.000001 0.800865 -2.406241 10.897160 2.898116 -0.840870 -31.435775 -30.290414 7.097392 -4.732842 -0.000001 0.000002 -0.000002 -30.585403 -5.564246 8.457223 31.884033 53.598762 -97.261054 -58.037675 -60.076739 -21.497742 -0.000000 -0.000001 0.000002 -18.025566 5.628781 -14.396155 6.099760 -2.520629 24.268627 4.637176 -24.132259 -8.696479 -0.000000 0.000003 -0.000001 
-16.086147 97.817612 -2.246698 -6.081907 42.392314 5.630615 17.665116 -4.795968 15.449770 -4.893198 -3.728273 5.026920 -6.905258 -4.666892 -2.078920 -23.534405 -14.802439 6.195138 0.000001 -0.000002 -0.000001 0.634084 -4.048102 5.123358 -21.815409 -10.183595 -4.703177 -10.812252 3.807594 5.896726 -0.000001 -0.000001 0.000001 0.705190 -2.756256 10.263758 3.039369 -1.069133 -31.521412 -29.107838 6.347988 -6.565258 0.000002 0.000001 -0.000003 -30.131957 -5.079352 6.741571 28.877360 53.435418 -94.475545 -54.503421 -58.795081 -18.888087 0.000006 -0.000003 -0.000000 -16.870226 5.107278 -13.385683 6.071005 -2.345081 22.032749 4.671335 -22.284809 -7.853136 0.000000 0.000001 0.000001 
-15.854016 98.227257 -2.238128 -5.538724 41.958702 6.255546 15.704792 -4.853734 15.326690 -3.924016 -3.836556 5.220329 -6.779994 -3.863713 -2.347788 -23.257836 -13.281304 5.439327 -0.000002 0.000001 0.000003 1.394111 -3.414937 4.091591 -21.362076 -9.682967 -2.938360 -11.356048 4.045227 6.191962 -0.000001 0.000003 -0.000000 0.294957 -3.729498 9.458242 3.807381 -2.341545 -30.887027 -28.014130 5.947568 -7.977361 -0.000002 0.000003 -0.000008 -30.613649 -4.302166 3.297473 23.486125 52.859425 -89.464024 -47.956233 -56.129644 -13.910508 0.000001 0.000002 -0.000003 -16.055369 4.915034 -13.052412 5.769700 -2.347078 18.914214 5.076328 -22.851914 -8.038392 -0.000001 0.000001 0.000000 
-15.567574 98.675583 -2.222489 -6.166996 40.451013 6.790741 14.010063 -4.857196 15.414786 -2.537432 -3.605985 5.014501 -7.213931 -3.484107 -2.484209 -21.821997 -11.654893 4.865215 0.000003 0.000001 0.000003 2.096290 -1.355837 2.468024 -17.946336 -7.770856 -0.756509 -10.528019 4.010895 4.569552 -0.000003 0.000002 -0.000001 0.200011 -3.329383 9.270965 3.869807 -4.662608 -30.453846 -25.118588 5.067723 -7.940821 -0.000000 -0.000003 -0.000002 -29.652013 -3.154636 0.049833 15.923351 51.244167 -82.338723 -40.502537 -51.783021 -8.801723 -0.000001 -0.000002 -0.000002 -14.107243 3.902615 -11.227947 5.838232 -1.750093 15.151793 4.872717 -21.883941 -7.905298 0.000001 -0.000004 0.000002 
-15.279373 99.120079 -2.208278 -6.351597 39.345486 7.182053 12.706841 -4.854653 15.427316 -1.595526 -3.325057 4.642831 -7.369062 -2.978749 -2.440971 -21.338790 -10.672315 4.244307 0.000000 0.000001 0.000003 2.991644 0.394293 1.180140 -14.297024 -5.941409 1.039467 -10.535213 3.831349 2.060218 -0.000001 0.000003 0.000001 -0.381223 -4.161031 9.174529 4.308714 -7.107683 -29.757492 -23.787093 4.669481 -7.181520 -0.000001 0.000005 -0.000002 -28.477538 -2.189087 -2.491230 9.706437 49.343978 -76.816487 -35.765090 -47.212323 -6.795686 0.000003 -0.000007 -0.000004 -12.666949 3.212734 -10.067525 5.634114 -1.509783 12.338698 5.145034 -21.188710 -7.791581 0.000000 -0.000002 0.000001 
-14.984012 99.576385 -2.167912 -6.027451 38.859723 8.007121 11.945894 -4.856311 15.703095 -1.116491 -3.139000 4.298963 -7.382620 -3.014958 -2.905851 -21.645078 -9.247776 3.257724 0.000005 0.000002 -0.000000 3.176972 2.328825 0.105503 -8.744135 -2.834740 3.429841 -11.292228 4.335551 -2.106569 -0.000003 0.000002 0.000006 -1.215400 -4.424182 8.648013 4.429563 -10.241621 -28.462775 -22.366870 3.532668 -6.911576 -0.000001 0.000006 -0.000001 -27.572500 -0.928176 -6.586572 1.352054 46.265348 -69.483098 -29.731919 -39.509277 -5.986689 0.000006 -0.000002 -0.000002 -10.983875 2.508497 -9.376247 5.177736 -1.724491 9.515154 5.534696 -20.230119 -7.352013 0.000000 0.000001 0.000000 
-14.653458 100.017899 -2.120525 -4.706870 37.499187 8.768838 9.953077 -4.692435 14.974082 -0.125619 -2.763255 3.782502 -7.026362 -2.385400 -2.803951 -22.366897 -7.554386 2.213815 0.000002 -0.000000 0.000000 3.284644 4.064634 -0.733243 -4.277234 0.405491 5.368206 -10.374349 4.429957 -4.884984 0.000002 0.000003 -0.000001 -2.235884 -5.171581 7.672832 3.498959 -11.217145 -27.782525 -18.942592 1.290036 -7.773517 0.000002 0.000004 -0.000002 -26.423577 0.365395 -10.966976 -6.451728 42.487567 -63.499347 -23.537983 -31.054934 -5.465870 0.000001 -0.000003 -0.000000 -9.329220 2.007598 -9.142025 3.544131 -1.984989 6.264289 6.446803 -19.244842 -6.356779 0.000000 0.000001 0.000000 
-14.327120 100.416367 -2.064368 -3.691930 36.652786 9.346636 9.046788 -4.658202 14.892772 -0.479346 -2.116155 2.923412 -5.986685 -2.472265 -2.520633 -23.149560 -6.125831 1.309833 -0.000000 0.000001 0.000003 3.094719 5.209834 -1.246434 -1.546297 2.654303 6.793593 -9.392859 4.295506 -6.038872 -0.000002 0.000000 -0.000002 -2.633346 -5.195195 6.877795 2.795319 -10.782149 -27.524962 -16.114986 -0.553373 -9.612908 0.000001 0.000000 -0.000000 -25.286791 1.111191 -14.258337 -12.140446 39.402634 -59.343955 -18.968547 -24.168913 -6.107557 0.000003 -0.000003 -0.000003 -8.476612 1.839029 -9.158955 2.721409 -2.256572 4.233566 7.031032 -18.930948 -5.811698 0.000001 -0.000002 0.000000 
-13.971186 100.796906 -2.016348 -3.073275 35.379267 9.759762 7.202515 -4.535111 14.275712 -0.216575 -1.807003 2.425515 -5.210249 -2.060360 -2.207606 -22.886429 -4.907655 0.288092 0.000002 0.000001 0.000003 3.964983 6.970747 -2.826259 2.150460 5.630095 9.139750 -8.786302 3.736434 -7.239592 -0.000000 0.000002 -0.000003 -3.133634 -5.684629 6.952438 2.563164 -10.311885 -27.241024 -12.207401 -2.665962 -12.539728 0.000002 -0.000001 -0.000002 -23.274109 1.839914 -17.554935 -17.854941 35.624983 -55.748837 -14.165585 -17.311628 -6.427330 0.000003 0.000002 0.000002 -6.752363 1.455584 -8.724336 0.983902 -2.707576 1.774153 8.310432 -18.380654 -4.805180 0.000000 -0.000000 0.000000 
-13.610840 101.201408 -1.992071 -3.952984 33.778810 9.935757 5.651559 -4.435731 13.897547 -0.308576 -1.166656 1.602967 -3.818141 -2.433475 -1.434633 -22.024594 -3.681437 -0.472161 0.000001 -0.000001 0.000001 5.390492 9.997976 -4.664845 7.292686 10.324590 12.777117 -7.468766 1.875899 -9.354753 0.000001 0.000007 0.000003 -4.166260 -7.079478 7.714186 3.709722 -12.724286 -25.751639 -8.590094 -5.127952 -14.902418 -0.000003 0.000003 -0.000002 -18.525954 1.728877 -18.720618 -23.050932 31.681477 -53.708701 -9.102453 -10.743439 -5.833486 0.000003 -0.000002 0.000001 -3.942982 0.910480 -7.474367 -1.029663 -2.753853 -0.604368 9.758175 -16.639895 -2.982816 0.000001 -0.000000 0.000000 
-13.269034 101.582016 -1.970236 -4.513604 32.636614 10.096888 4.464529 -4.288307 13.396906 0.005270 -0.955821 1.399900 -3.120152 -2.276553 -1.104228 -21.197012 -3.060116 -0.676331 0.000001 -0.000000 0.000000 6.477474 12.153983 -6.148331 11.838263 15.261008 16.215486 -6.259424 -0.023746 -10.781014 -0.000001 -0.000002 -0.000001 -5.117345 -8.633928 8.203005 4.487380 -14.571375 -24.649751 -6.269449 -6.831673 -16.609932 0.000001 0.000005 -0.000002 -14.747355 1.513511 -19.422285 -26.658049 28.853393 -52.705541 -5.646064 -6.335479 -5.295344 0.000002 -0.000007 -0.000004 -1.913761 0.581878 -6.608352 -2.345322 -2.574525 -2.280008 10.443043 -15.678607 -1.862640 0.000003 -0.000002 -0.000000 
-12.919888 101.921341 -1.943940 -4.622886 31.771352 10.101460 3.104305 -4.190476 13.080593 0.273799 -0.877883 1.332086 -2.609947 -2.409794 -1.195090 -20.423857 -2.418640 -0.751323 0.000001 -0.000001 0.000002 7.716905 13.025150 -7.772247 13.995881 18.500706 18.867465 -5.730924 0.259667 -8.909302 -0.000000 0.000003 -0.000001 -5.626661 -9.927569 8.957594 5.664783 -16.150218 -23.441021 -5.046513 -8.058308 -19.297813 -0.000000 0.000003 -0.000000 -11.697707 1.413605 -20.454800 -29.786755 26.592797 -52.579404 -5.006375 -4.547615 -6.893665 -0.000001 -0.000001 0.000002 -0.647394 0.416120 -5.898854 -2.942465 -2.036299 -3.701435 10.543610 -15.089715 -1.403192 0.000001 -0.000000 -0.000000 
-12.593164 102.251549 -1.930371 -4.521826 30.666959 9.811757 1.632410 -4.066509 12.626032 0.988396 -0.960888 1.729484 -2.454790 -2.707498 -1.603510 -19.826813 -1.460337 -0.732282 0.000003 -0.000001 0.000001 9.022451 14.347350 -9.185865 15.258149 20.971949 21.396580 -5.555694 0.924639 -7.516204 -0.000000 0.000003 -0.000003 -6.080527 -11.309098 9.524026 7.214041 -17.973421 -22.076983 -4.858965 -9.104669 -20.686258 -0.000000 0.000000 -0.000003 -8.640993 0.845322 -20.341536 -33.330804 26.266025 -54.383155 -6.268764 -5.494739 -8.447162 0.000003 -0.000001 0.000002 -0.177695 0.600727 -5.600433 -3.064588 -1.645058 -4.471006 10.115426 -14.137587 -0.955669 0.000002 0.000003 -0.000000 
-12.300840 102.570953 -1.929749 -4.458479 30.222631 9.626137 0.986043 -4.049114 12.507870 1.154713 -0.914310 1.758957 -2.254894 -2.906270 -1.711003 -19.387364 -0.968233 -0.612267 -0.000000 -0.000001 -0.000001 9.954889 14.894085 -10.269596 15.930981 22.718507 23.289127 -5.650998 1.319736 -6.605473 0.000001 0.000005 0.000003 -6.609439 -12.591665 9.926375 8.497081 -19.767886 -21.251585 -5.022598 -9.262550 -21.413401 -0.000000 0.000001 -0.000000 -6.686333 0.563452 -20.121317 -36.660111 26.704368 -56.808271 -7.446802 -6.588778 -9.078286 0.000001 -0.000002 0.000001 0.588439 0.537140 -5.085627 -4.468066 -1.496591 -5.889620 10.668437 -13.714693 -0.116883 0.000000 -0.000002 0.000000 
-12.012549 102.849083 -1.927442 -4.539737 29.851543 9.491081 0.520519 -4.065811 12.393266 0.986344 -0.616693 1.599516 -1.786362 -3.342828 -1.642591 -18.509365 -0.792165 -0.197187 0.000002 -0.000000 -0.000003 10.863326 15.266171 -11.384672 16.390494 23.799736 24.770736 -6.366578 2.087518 -6.270520 -0.000004 -0.000002 -0.000007 -7.066642 -13.639266 10.060406 9.826766 -21.480503 -20.606754 -4.319685 -9.574329 -21.112349 -0.000000 -0.000003 -0.000000 -5.577231 0.171793 -20.266725 -38.958429 27.647359 -58.605810 -9.533725 -8.993971 -9.822715 0.000003 -0.000001 0.000002 2.118708 0.456566 -4.414875 -5.915889 -1.641778 -6.986725 10.617839 -12.934326 0.473356 0.000001 -0.000007 0.000000 
-11.722149 103.098801 -1.917140 -4.958439 30.156105 9.928461 0.278145 -3.994541 12.168336 1.479781 -0.632304 1.649736 -1.923898 -3.599940 -1.747082 -18.029439 -0.702624 -0.207407 0.000003 -0.000004 -0.000000 11.605775 15.871464 -12.185273 16.817585 24.560481 25.646097 -6.348083 1.813783 -5.838253 -0.000002 0.000000 -0.000003 -7.221104 -14.138977 10.058937 10.709721 -22.540343 -20.026210 -3.684877 -9.353770 -20.934622 0.000001 0.000007 -0.000002 -3.672706 0.098008 -20.602330 -41.482659 28.507505 -60.592589 -11.097332 -11.034824 -9.589122 0.000002 -0.000003 -0.000003 3.074339 0.366238 -4.627591 -6.242855 -1.666080 -7.308794 10.673301 -12.080696 0.872183 0.000001 0.000003 -0.000000 
-11.448036 103.321999 -1.909915 -4.721122 30.735141 10.039808 -0.527962 -3.899060 11.867131 1.492973 -0.779884 1.855905 -1.681722 -3.968944 -2.008640 -18.205422 -0.559105 -0.241057 -0.000000 -0.000001 -0.000000 11.822557 15.593762 -12.405013 17.432024 24.838096 25.913700 -7.021631 1.962822 -5.852669 -0.000004 0.000001 -0.000000 -7.454367 -14.806250 9.605462 11.897661 -24.125490 -19.104053 -3.280590 -8.787223 -20.303873 -0.000001 0.000003 -0.000000 -2.860882 0.010819 -20.839112 -43.029645 28.834391 -61.558460 -11.666013 -11.822629 -9.445055 0.000003 -0.000001 -0.000005 3.340663 0.399206 -4.726785 -6.740818 -1.687868 -7.607927 11.129836 -11.890016 1.348313 0.000001 -0.000006 0.000001 
-11.185695 103.538086 -1.893488 -5.061734 31.438739 10.127081 -0.566416 -3.889272 11.846095 1.902861 -1.138136 2.318970 -2.100741 -4.054942 -2.404519 -17.934760 -0.610041 -0.268146 0.000001 -0.000001 0.000001 11.993542 15.617864 -12.295905 18.129815 24.593426 25.516911 -6.690721 1.601840 -4.656734 0.000003 0.000009 0.000001 -7.643076 -15.585416 9.270270 13.440632 -26.305089 -17.996235 -2.466288 -8.124308 -19.739865 0.000001 0.000002 -0.000002 -1.875327 0.075941 -20.652508 -44.541941 29.102951 -62.312431 -11.405605 -11.492238 -9.571235 0.000003 -0.000002 0.000001 2.219053 0.527841 -5.527022 -5.050500 -1.728435 -6.402957 11.452465 -12.212686 1.229696 0.000000 -0.000000 -0.000000 
-10.926687 103.739326 -1.872147 -5.434542 31.925718 10.083844 -0.209806 -3.951127 11.983823 0.955441 -1.037318 2.109519 -1.524498 -4.287528 -2.211876 -17.597535 -0.844537 -0.451236 0.000002 -0.000000 -0.000002 11.894781 15.321293 -11.899460 19.856968 24.977020 25.343383 -6.985272 0.988246 -3.920691 0.000001 -0.000001 -0.000002 -7.669169 -16.033082 8.981683 14.748554 -27.205354 -16.735102 -2.514776 -7.096640 -19.490836 -0.000001 0.000002 -0.000002 -0.298536 0.010737 -19.816360 -46.358891 29.645354 -62.969174 -10.752943 -10.780294 -9.634524 0.000003 0.000001 -0.000001 1.494481 0.620534 -5.902146 -3.342906 -1.910897 -5.681580 11.732639 -11.817388 1.345665 0.000001 -0.000000 0.000000 
-10.676774 103.929634 -1.843368 -5.412225 32.440270 10.286301 -0.221045 -3.949539 11.920721 0.669284 -0.996366 2.026683 -1.550400 -4.521208 -2.317497 -17.038564 -1.312303 -0.445275 0.000003 -0.000001 0.000002 11.959752 15.006151 -11.585409 20.853210 25.029126 25.100652 -6.419430 0.472644 -2.638171 0.000003 0.000003 -0.000001 -7.638047 -16.421921 8.682752 15.736373 -27.805268 -15.744341 -2.358538 -6.472855 -19.180069 0.000001 0.000002 -0.000002 1.116336 0.002460 -19.401147 -47.901739 30.049042 -63.840357 -10.431073 -10.297354 -9.914487 0.000002 -0.000001 -0.000005 1.050047 0.711511 -6.434346 -2.290584 -2.005386 -5.166411 12.144017 -11.330030 1.565346 0.000001 0.000001 0.000001 
-10.418257 104.116348 -1.812278 -5.095097 32.675564 10.256117 -1.331375 -3.812844 11.435896 1.349311 -1.323872 2.585810 -1.716389 -4.484667 -2.542207 -16.604982 -1.229767 -0.252377 0.000000 -0.000000 -0.000000 12.293095 15.365207 -11.323257 21.841562 24.194041 24.555357 -6.100325 0.004020 -1.189339 -0.000000 0.000001 -0.000000 -7.340794 -16.789962 8.415778 17.063387 -27.635628 -14.425484 -1.735625 -6.194652 -19.409796 -0.000000 0.000004 -0.000003 2.075141 -0.099545 -19.122062 -49.124749 30.665022 -64.850064 -11.006370 -11.117592 -9.785634 0.000001 -0.000001 0.000003 0.765950 0.876698 -6.766081 -1.801513 -1.862989 -5.267507 11.890894 -9.861869 2.002356 0.000001 0.000006 -0.000001 
-10.150321 104.278008 -1.777182 -5.146396 33.215596 10.178365 -2.007088 -3.850005 11.517272 1.032052 -1.316824 2.616193 -1.304037 -4.757383 -2.568987 -15.844741 -1.315694 0.094502 0.000003 -0.000000 -0.000001 12.531213 15.403195 -11.249153 22.856586 23.441964 24.012876 -5.682435 -0.255986 0.565198 -0.000002 0.000003 0.000003 -7.186331 -17.343247 8.396915 17.691484 -26.893533 -13.865125 -2.147367 -5.291462 -19.561134 0.000001 0.000002 -0.000002 4.118917 -0.201467 -18.170894 -50.675311 31.397744 -66.207879 -11.555227 -11.745584 -9.683382 0.000002 -0.000002 -0.000002 1.082845 0.935320 -6.889866 -1.600341 -1.556470 -5.052583 11.699642 -8.584732 2.703486 -0.000002 0.000003 0.000000 
-9.891991 104.416161 -1.739380 -5.107009 33.268140 10.023637 -2.549043 -3.844565 11.531840 0.422703 -1.192521 2.489311 -0.531996 -4.726695 -2.370758 -15.636274 -1.363627 0.310141 0.000004 -0.000003 0.000000 12.730795 15.596409 -11.298268 23.469631 22.882932 23.730073 -5.279934 -0.555601 2.387042 0.000001 0.000003 0.000001 -7.490346 -18.342695 7.894306 18.519971 -27.187421 -13.194083 -1.994859 -4.434082 -19.308702 -0.000003 0.000004 -0.000003 5.458553 -0.278529 -17.413706 -51.745595 32.052370 -66.951522 -12.072367 -12.400628 -9.744216 0.000001 0.000001 -0.000001 1.459487 0.908740 -6.827625 -1.743009 -1.562318 -5.225407 11.594186 -7.543834 3.242700 0.000001 -0.000004 -0.000001 
-9.623007 104.538391 -1.698886 -4.732799 33.809327 9.766250 -3.884845 -3.733680 11.338790 0.598308 -1.641280 3.014968 -0.566483 -5.157969 -2.854640 -14.725719 -1.456575 0.415006 0.000003 -0.000003 0.000000 13.289764 16.063304 -11.980419 24.179104 23.023364 23.645908 -4.854168 -0.704274 3.621581 0.000003 0.000006 -0.000003 -7.665152 -18.764338 7.789108 19.228292 -28.036494 -13.055932 -0.528239 -3.839015 -18.502460 0.000002 -0.000003 -0.000000 7.009765 -0.188540 -16.484405 -53.374841 32.816542 -68.054666 -11.764893 -12.306444 -9.312913 0.000004 0.000002 -0.000003 2.042115 0.710305 -6.472522 -2.560091 -1.724597 -5.883525 11.747481 -6.771508 3.578905 0.000001 -0.000000 -0.000001 
-9.356150 104.649094 -1.657444 -4.878071 34.042332 9.374503 -4.475158 -3.791358 11.573843 0.880826 -1.885841 3.394036 -0.592385 -5.066036 -3.086747 -13.911012 -1.745381 0.879232 0.000001 -0.000002 -0.000001 13.572808 16.057642 -12.380646 24.769876 22.989700 23.536349 -4.810028 -0.880726 4.366580 0.000001 0.000003 0.000001 -7.491818 -18.740072 7.874154 19.236599 -27.479019 -12.823651 0.310034 -3.476808 -18.426399 0.000006 0.000001 0.000001 8.172807 -0.128518 -15.472101 -54.106221 33.180369 -68.526065 -11.454690 -11.964786 -9.216838 0.000002 -0.000003 -0.000003 2.526477 0.539845 -5.848888 -3.093296 -1.667191 -6.467640 11.500789 -6.435529 3.749262 -0.000001 0.000005 -0.000001 
-9.108981 104.743149 -1.625440 -4.820318 34.295613 9.268418 -5.417888 -3.631573 11.219895 0.782017 -1.964982 3.534486 -0.141842 -5.401442 -3.077774 -13.433861 -1.946006 1.132806 0.000005 -0.000001 0.000002 13.738657 16.552472 -12.547992 25.079152 23.187446 23.683862 -4.212470 -1.139587 5.127110 0.000001 0.000003 0.000003 -7.783985 -19.296367 7.806387 19.441672 -27.499694 -12.603466 1.019326 -3.432014 -18.114519 -0.000002 0.000002 -0.000002 9.281493 -0.172559 -14.519780 -54.785603 33.761806 -69.323230 -11.068947 -11.650354 -8.878120 0.000003 -0.000002 -0.000002 3.126188 0.509950 -5.377343 -3.850560 -1.579717 -6.908276 11.700565 -6.464538 4.007264 0.000000 0.000003 -0.000000 
-8.861586 104.813324 -1.595932 -5.457014 33.942837 9.204733 -5.305602 -3.678048 11.315813 0.553565 -1.884903 3.451144 0.124635 -5.006942 -2.994537 -13.051577 -2.471344 1.386176 0.000003 -0.000002 0.000003 13.912596 15.961143 -12.775218 24.347862 22.695194 24.060979 -4.931443 -1.631787 5.124817 -0.000000 0.000002 0.000003 -8.180440 -20.207559 7.804933 19.516762 -27.338095 -12.693661 2.123540 -3.103679 -18.183483 -0.000000 0.000005 -0.000002 10.358740 -0.114785 -13.808757 -55.021443 34.196233 -69.568222 -11.497017 -12.018162 -9.249875 0.000004 -0.000002 -0.000002 3.614251 0.437782 -5.088045 -3.582617 -1.623708 -7.070583 11.345932 -6.183739 3.824925 -0.000000 -0.000002 -0.000001 
-8.617464 104.860603 -1.575348 -5.275545 33.954943 9.172173 -6.169668 -3.507003 10.932480 1.379852 -2.271756 3.963715 -0.683806 -5.574573 -3.634596 -12.403557 -2.434841 1.367625 0.000001 0.000001 0.000003 14.248253 16.972506 -13.018693 23.605134 23.000623 24.855777 -4.158153 -2.478484 5.219397 0.000001 0.000003 0.000003 -7.260617 -18.745321 8.584626 19.371837 -26.928352 -12.595423 2.037633 -2.935730 -18.174619 0.000005 0.000002 -0.000002 10.600994 -0.071446 -13.766583 -55.039966 34.193860 -69.623233 -11.638974 -11.977869 -9.655039 0.000003 0.000000 -0.000004 4.061469 0.324392 -4.793216 -4.301988 -1.673178 -7.753743 11.387830 -6.078006 3.823533 0.000000 0.000001 -0.000000 
-8.387876 104.900154 -1.557163 -5.280283 33.622784 9.061844 -6.239641 -3.512641 10.972666 1.276148 -2.129196 3.788790 -0.766492 -6.070284 -3.658830 -11.900269 -2.171376 1.348944 0.000001 -0.000001 0.000001 14.416526 17.931055 -13.231768 23.046822 23.141594 25.221052 -3.662895 -2.859750 4.769786 0.000002 0.000004 0.000003 -6.729604 -17.667775 9.098404 19.370169 -27.033993 -12.482458 1.643664 -2.903602 -17.869213 0.000002 0.000000 -0.000000 11.336480 -0.063676 -13.237899 -55.564146 34.805872 -70.113661 -11.520589 -11.992300 -9.507999 0.000003 -0.000006 -0.000003 4.782821 0.175961 -4.340037 -5.253180 -1.821340 -8.572413 11.351254 -5.723801 3.945166 0.000000 0.000001 0.000000 
-8.165413 104.927673 -1.543048 -4.934990 33.401814 8.888773 -6.695193 -3.413952 10.763790 1.827583 -2.389264 4.166301 -1.050541 -6.266701 -3.967823 -12.147673 -2.082567 1.334938 0.000003 -0.000001 0.000001 14.602500 17.918883 -13.756340 22.698165 23.657639 25.802380 -3.448536 -2.664545 4.854177 -0.000000 0.000003 0.000001 -6.398303 -16.838418 9.759623 18.937960 -26.577147 -12.764128 0.874855 -2.781844 -17.638569 0.000003 0.000003 -0.000003 11.026037 -0.102320 -13.417738 -55.440441 34.798099 -69.867310 -11.635360 -12.064085 -9.793229 0.000003 -0.000002 0.000001 4.618265 0.217061 -4.427814 -5.312399 -1.893718 -8.563136 11.161286 -5.718323 3.867563 -0.000001 -0.000000 -0.000000 
-7.944263 104.945221 -1.528259 -5.107875 33.251103 8.593823 -6.293208 -3.571465 11.179707 1.290275 -2.248707 3.921877 -0.814153 -6.619384 -3.959715 -12.177128 -2.105529 1.248539 0.000002 0.000000 -0.000001 14.583682 18.430331 -13.965595 22.893114 24.279567 26.049817 -2.647338 -2.873857 5.496705 0.000001 0.000003 -0.000004 -6.511630 -16.737848 9.677740 19.125008 -27.329863 -12.657964 0.932865 -2.311324 -16.904424 0.000002 0.000000 -0.000001 11.241463 -0.042724 -13.207236 -55.405125 34.608230 -69.455381 -11.539393 -11.974676 -9.714278 0.000003 -0.000002 -0.000002 5.106878 0.090095 -3.988198 -5.657548 -1.991369 -8.856909 11.199401 -5.575014 4.022202 -0.000001 0.000001 -0.000001 
-7.747009 104.966003 -1.519179 -5.080598 33.173880 8.333170 -6.285350 -3.561879 11.172380 1.384731 -2.379012 4.091779 -0.956548 -6.494452 -4.022088 -11.790718 -2.486294 1.359523 0.000002 -0.000001 0.000002 14.481196 18.390129 -13.981799 23.199610 24.829008 26.152285 -2.277466 -2.964786 5.299895 -0.000003 0.000001 -0.000000 -6.747952 -16.920496 9.614949 19.026417 -27.662777 -12.880834 0.637907 -1.909028 -15.947448 -0.000001 0.000002 -0.000002 11.030500 -0.062779 -13.190659 -55.475128 34.546018 -69.198573 -11.540282 -11.950714 -9.895266 0.000001 -0.000006 -0.000001 4.895708 0.083574 -3.913918 -5.373086 -2.096627 -8.868329 11.018263 -5.245430 3.982858 0.000000 0.000005 -0.000000 
-7.561424 104.991051 -1.514871 -4.603109 32.873714 8.131079 -6.435093 -3.442256 10.882580 1.123857 -2.217687 3.898024 -0.593940 -6.387984 -3.673508 -12.030393 -2.783725 1.489942 0.000002 -0.000001 0.000001 14.418159 17.942301 -14.014361 23.155900 24.795409 26.079131 -1.835601 -3.095523 5.315273 0.000001 0.000003 -0.000001 -6.883195 -17.095950 9.832459 18.700138 -27.273639 -13.184476 1.138805 -2.108998 -15.817178 0.000003 0.000002 -0.000002 10.720807 -0.101187 -13.222809 -55.747830 34.949101 -69.532685 -11.574041 -12.108456 -9.835165 0.000006 -0.000001 0.000002 4.704747 0.126857 -3.921909 -5.787966 -2.131552 -9.358274 11.069022 -4.874579 4.159292 0.000000 0.000005 -0.000000 
-7.383770 105.014809 -1.514838 -4.334467 32.411843 7.864252 -6.402997 -3.395881 10.764112 1.825829 -2.375541 4.189170 -1.009437 -6.189552 -3.770769 -11.836567 -3.041156 1.723453 0.000003 -0.000001 0.000002 14.520280 17.940134 -14.164566 22.985530 24.534084 26.076117 -2.150770 -3.108090 4.763928 -0.000003 -0.000001 -0.000002 -6.364155 -16.298042 10.197458 18.687295 -26.868262 -13.112280 0.444613 -1.988517 -15.906795 0.000005 0.000002 -0.000002 10.375654 -0.134725 -13.249158 -55.638028 35.021966 -69.452580 -11.583916 -12.167716 -9.771567 0.000003 -0.000003 -0.000000 4.552440 0.170293 -3.901892 -5.919069 -2.067672 -9.504361 11.154101 -4.614810 4.475448 0.000001 -0.000000 -0.000000 
-7.219895 105.040451 -1.522776 -4.086153 32.597798 7.761290 -6.355787 -3.406665 10.788545 1.591716 -2.428975 4.243930 -0.882763 -6.434387 -3.979513 -12.271406 -2.949571 1.733571 0.000002 -0.000000 -0.000001 14.529484 17.464963 -14.276086 22.707234 24.369019 26.112971 -2.253324 -2.976063 4.680831 -0.000003 0.000001 -0.000000 -6.247483 -16.089731 10.202438 18.584574 -26.594615 -13.081357 0.598670 -2.009728 -15.767444 0.000007 0.000002 -0.000002 9.988501 -0.166131 -13.436696 -55.442073 34.766646 -69.239636 -11.353266 -11.837415 -9.845830 0.000003 -0.000005 0.000002 4.375633 0.212103 -3.980423 -6.082055 -2.048738 -9.491340 11.243195 -5.038170 4.432302 0.000000 0.000001 0.000000 
-7.061988 105.066727 -1.532688 -4.265751 31.892629 7.680551 -6.201610 -3.373271 10.694246 1.452645 -2.170448 3.889645 -0.693223 -6.134251 -3.708062 -11.924826 -3.265644 1.857011 0.000002 0.000001 0.000001 14.715042 17.349135 -14.609539 22.044548 24.140525 26.343705 -2.435004 -3.130960 4.564235 -0.000000 0.000003 -0.000001 -6.567749 -16.645514 10.193271 18.562147 -26.912380 -13.529725 1.234576 -1.556585 -15.211046 0.000003 0.000000 -0.000001 10.279120 -0.119217 -13.372869 -55.641552 35.007851 -69.395091 -11.450682 -12.061428 -9.631753 0.000002 -0.000002 -0.000002 4.855714 0.112768 -3.836585 -6.605582 -2.076110 -9.989499 11.289063 -4.470297 4.768700 -0.000001 -0.000000 0.000000 
-6.914032 105.087326 -1.539553 -4.451435 32.205076 7.603893 -5.904837 -3.392173 10.782584 1.213995 -2.229730 3.907735 -0.695529 -6.598981 -3.921261 -12.116326 -3.211749 1.714905 0.000002 0.000000 -0.000000 14.602751 17.560140 -14.729880 21.706753 24.397816 26.532607 -2.426124 -3.374988 3.877994 0.000003 0.000003 -0.000001 -6.391947 -15.962439 10.317142 18.332330 -27.343843 -13.765880 1.245784 -1.267299 -14.477780 0.000001 0.000003 -0.000004 10.053575 -0.068597 -13.327439 -55.622755 35.100660 -69.294947 -11.202148 -11.613894 -9.863921 0.000004 -0.000002 -0.000002 4.977063 0.016472 -3.561940 -6.544052 -2.118304 -10.121397 11.535640 -4.869707 4.776040 0.000001 -0.000000 0.000000 
-6.781566 105.099052 -1.549238 -4.631267 31.934164 7.512557 -5.749909 -3.392082 10.754308 1.305229 -2.106928 3.786370 -0.771209 -6.431633 -3.815197 -11.730165 -3.498880 1.873437 0.000001 -0.000002 -0.000001 14.615913 17.854114 -14.658995 21.523220 24.387728 26.679798 -2.426752 -3.706920 3.758526 0.000001 0.000000 -0.000003 -6.418809 -16.063895 9.994373 18.359484 -27.422600 -13.645978 1.184802 -0.945582 -14.155944 0.000001 0.000002 -0.000002 10.076833 -0.069105 -13.253108 -55.235586 34.979291 -69.234486 -11.546169 -11.898861 -10.051602 0.000006 -0.000004 -0.000002 5.115693 0.021466 -3.407263 -6.458166 -1.999756 -10.147982 11.357276 -4.820185 4.757393 0.000000 -0.000000 0.000000 
-6.658967 105.117607 -1.559627 -4.672106 32.129473 7.416651 -5.815145 -3.370376 10.741117 1.540241 -2.279057 4.006551 -0.999884 -6.558032 -4.094304 -11.751437 -3.481368 1.853528 0.000003 -0.000004 -0.000002 14.578902 18.260543 -14.717123 21.359660 24.853231 26.977605 -1.824222 -4.031150 3.487469 0.000001 0.000001 0.000003 -6.443071 -15.877886 10.075333 18.207201 -27.789861 -13.854261 1.184058 -0.808154 -13.576433 0.000003 0.000001 0.000001 10.202193 -0.051034 -12.998355 -55.303687 35.056451 -69.437383 -11.422427 -11.690334 -10.083142 0.000004 -0.000003 -0.000003 5.208737 0.002837 -3.263712 -6.498045 -1.929510 -10.053746 11.148575 -4.769408 4.643397 0.000000 -0.000000 0.000001 
-6.545660 105.126602 -1.570349 -4.791722 32.195384 7.325536 -5.409099 -3.455005 10.907044 1.017951 -2.058866 3.698028 -0.661722 -6.808648 -3.931976 -12.052982 -3.426331 1.908923 0.000001 -0.000001 0.000001 14.514367 17.770448 -14.599533 21.045430 24.332605 26.881811 -2.156028 -4.189998 3.289927 0.000002 0.000004 0.000001 -6.573435 -16.224694 9.949854 18.306719 -27.652731 -13.890232 0.971351 -0.433213 -13.391575 -0.000001 0.000002 -0.000002 10.744426 -0.028845 -12.517455 -55.721995 35.371890 -69.894425 -11.247314 -11.620149 -9.851202 0.000003 -0.000001 -0.000005 5.323977 -0.006440 -3.085984 -6.612508 -1.917189 -10.160103 11.204806 -4.826031 4.702687 0.000001 -0.000000 0.000000 
-6.444370 105.136444 -1.583478 -4.682717 32.239920 7.233069 -5.616874 -3.399869 10.726732 1.356276 -2.247104 3.955486 -0.778823 -6.661809 -4.001065 -12.304553 -3.357837 1.914037 0.000002 -0.000002 0.000004 14.626645 17.758215 -14.575185 20.888081 23.930408 26.924514 -1.890835 -4.299707 4.071688 -0.000000 0.000003 -0.000001 -6.648886 -16.606367 9.992749 18.204141 -27.012176 -14.157043 1.426858 -0.473178 -13.705400 0.000007 0.000003 -0.000004 10.632330 -0.044816 -12.471536 -55.701798 35.391493 -69.969578 -11.109981 -11.545852 -9.638968 0.000003 -0.000006 -0.000003 5.436597 -0.014391 -2.929310 -6.998340 -1.897974 -10.341639 11.480307 -5.178629 4.768610 0.000001 -0.000002 -0.000000 
-6.345778 105.142570 -1.594403 -4.649383 32.141952 7.211280 -5.770425 -3.329300 10.544551 1.174222 -2.205491 3.873619 -0.461437 -6.662897 -3.848013 -12.318366 -3.499315 1.852821 0.000001 -0.000002 -0.000001 14.584042 17.789036 -14.459432 20.899911 23.910228 26.968722 -2.045270 -4.632477 3.680398 -0.000002 -0.000002 -0.000005 -6.770345 -16.875478 9.796127 18.235968 -26.876562 -14.034706 2.070672 -0.582901 -13.894620 -0.000000 0.000002 -0.000002 10.629070 -0.050735 -12.429783 -55.616338 35.477116 -69.959900 -11.202490 -11.647869 -9.638765 0.000003 -0.000006 0.000002 5.479280 -0.001209 -2.935688 -7.106933 -1.953744 -10.420517 11.466159 -5.190275 4.700246 0.000002 0.000001 -0.000000 
-6.259366 105.149734 -1.603974 -4.610616 32.247133 7.152499 -5.908690 -3.258025 10.391796 0.878737 -2.049409 3.668410 -0.322902 -6.903939 -3.673310 -11.704123 -3.840562 1.965280 0.000003 -0.000002 -0.000003 14.566852 17.984754 -14.558506 20.983210 24.386154 27.212148 -2.125356 -4.960182 3.096285 -0.000000 0.000003 -0.000007 -6.524666 -16.333390 10.068338 18.069064 -26.978513 -14.062208 2.005872 -0.679921 -13.999549 -0.000002 0.000003 -0.000003 10.361079 -0.038478 -12.508983 -55.424321 35.306798 -69.618971 -11.144027 -11.677458 -9.496081 0.000004 -0.000003 -0.000004 5.365842 0.002311 -2.874771 -7.017274 -1.981349 -10.411771 11.464537 -5.300040 4.645227 0.000001 0.000003 0.000001 
-6.177498 105.156273 -1.616801 -4.593990 32.363660 7.158943 -5.732787 -3.313182 10.550081 0.699692 -1.998884 3.598194 -0.297914 -7.189652 -3.774684 -11.985858 -3.646774 1.867258 0.000002 0.000001 0.000001 14.525579 18.070842 -14.442119 21.049024 24.357204 27.046159 -1.945138 -4.741339 3.145033 0.000001 0.000000 0.000004 -6.235549 -15.809205 10.139573 18.058675 -26.874593 -13.930196 2.201919 -0.922509 -14.075965 -0.000001 0.000002 -0.000002 10.587014 -0.023054 -12.311019 -55.614624 35.499792 -69.871961 -11.036250 -11.460625 -9.673640 0.000003 -0.000003 -0.000000 5.508305 -0.038467 -2.895766 -7.287845 -2.061103 -10.409686 11.596491 -5.330251 4.683842 0.000001 0.000001 -0.000000 
-6.103115 105.158348 -1.631183 -4.878709 32.104549 7.155430 -5.735651 -3.258685 10.415470 0.943988 -2.099796 3.713389 -0.306637 -6.623838 -3.665138 -12.131593 -3.823370 1.912247 0.000003 -0.000001 0.000001 14.367533 17.479014 -14.496134 20.708835 24.395825 27.057250 -1.407798 -4.678690 3.221330 -0.000001 0.000002 0.000002 -7.014796 -16.961904 9.806855 17.850404 -27.095456 -14.276515 2.620408 -0.866450 -13.370305 0.000007 0.000002 -0.000002 10.923246 0.022057 -12.192838 -55.864793 35.695023 -69.931151 -11.287446 -11.583390 -10.024821 0.000002 -0.000003 -0.000000 5.665237 -0.101030 -2.795953 -7.174943 -2.067299 -10.539659 11.471797 -4.969912 4.746818 0.000000 -0.000000 -0.000000 
-6.035668 105.159050 -1.647115 -4.839674 31.890659 7.126916 -5.585085 -3.292244 10.472260 1.017829 -2.052414 3.658915 -0.543089 -6.532328 -3.653900 -12.067286 -3.671844 1.882242 0.000001 -0.000002 -0.000001 14.492027 17.633337 -14.484123 20.380677 24.152430 27.211865 -1.407282 -4.957540 3.020201 0.000002 0.000001 -0.000000 -6.773705 -16.697654 9.987565 17.753892 -26.654347 -14.493940 2.389685 -0.737016 -13.484615 0.000005 0.000003 -0.000003 10.591077 0.017784 -12.437366 -55.484789 35.483260 -69.747160 -11.397621 -11.823688 -9.852258 0.000004 -0.000002 -0.000002 5.557240 -0.077265 -2.894618 -6.960860 -2.037838 -10.464038 11.505735 -4.869626 4.727719 0.000000 -0.000000 0.000000 
-5.970251 105.159096 -1.659533 -4.842805 32.133851 7.134173 -5.551684 -3.342580 10.609707 1.248265 -2.046529 3.712137 -0.776034 -6.625522 -3.721737 -12.242311 -3.392282 1.841248 0.000002 -0.000004 -0.000000 14.535566 17.976392 -14.406090 20.317678 24.111247 27.370528 -1.063264 -5.341607 3.065042 0.000002 0.000003 -0.000001 -6.480837 -16.332705 10.015581 17.865910 -26.577478 -14.398648 1.931148 -0.619277 -13.512714 -0.000001 0.000002 -0.000002 10.479915 -0.026273 -12.508581 -55.265755 35.247618 -69.584526 -11.460050 -11.805044 -10.036374 0.000003 -0.000004 -0.000002 5.604226 -0.058837 -2.832846 -6.914072 -1.960251 -10.353459 11.347875 -5.141297 4.572319 0.000001 -0.000000 -0.000002 
-5.906955 105.153847 -1.676877 -4.747880 32.397875 7.240962 -5.941410 -3.263337 10.377314 1.640126 -2.322022 4.077863 -1.071896 -6.812159 -4.037066 -12.441507 -3.197635 1.821552 0.000002 -0.000003 0.000000 14.618068 18.125432 -14.336934 20.021170 23.705380 27.353243 -1.191492 -5.537453 2.900130 -0.000002 0.000001 -0.000002 -6.204530 -16.055401 10.161122 17.940889 -26.385530 -14.471538 1.841595 -0.537087 -13.675980 -0.000001 0.000002 -0.000002 10.638241 -0.026633 -12.503815 -55.429690 35.315879 -69.741067 -11.309580 -11.610051 -10.016939 0.000003 -0.000003 -0.000001 5.624351 -0.043720 -2.886500 -6.885361 -1.913712 -10.276663 11.582835 -5.314018 4.722246 0.000001 -0.000002 0.000000 
-5.851412 105.141640 -1.692790 -4.274624 32.304903 7.220174 -6.378341 -3.169274 10.122790 1.342985 -2.223672 3.923878 -0.698552 -6.839996 -3.818547 -12.410333 -3.175153 1.878917 0.000002 0.000000 0.000004 14.577972 18.108949 -14.164591 19.884405 23.571570 27.357165 -1.175184 -5.808029 2.637477 -0.000001 -0.000001 -0.000002 -6.271020 -16.298307 10.027371 18.026232 -26.421274 -14.503924 1.736710 -0.266097 -13.462583 -0.000002 0.000007 -0.000003 10.771433 0.040952 -12.426857 -55.785632 35.543939 -70.132287 -11.385247 -11.555826 -10.182893 0.000003 -0.000002 0.000001 5.644903 -0.079888 -2.909936 -7.598845 -1.906883 -10.787801 11.622421 -5.446140 4.683603 0.000001 -0.000002 0.000000 
-5.799720 105.129211 -1.708128 -4.869040 32.566448 7.342112 -5.906633 -3.266818 10.345470 1.549903 -2.301673 4.041452 -0.963862 -6.770505 -3.974281 -12.736539 -3.235203 1.949741 -0.000000 -0.000001 -0.000001 14.380439 18.163187 -14.102801 19.743466 23.238115 27.231100 -1.654550 -6.035883 2.412926 -0.000003 0.000000 0.000003 -6.187215 -15.998741 9.972476 18.133778 -26.700420 -14.305689 1.787845 -0.032970 -13.667824 0.000005 -0.000005 0.000002 11.450713 0.032135 -12.093810 -56.109902 35.614379 -70.208006 -11.327666 -11.136263 -10.694516 0.000003 -0.000003 -0.000000 6.127648 -0.114476 -2.679463 -7.574093 -1.904880 -10.674728 11.719638 -5.817682 4.744876 0.000000 -0.000000 -0.000000 
-5.754083 105.119972 -1.725001 -5.037083 32.243213 7.300287 -5.730132 -3.305419 10.383542 1.702759 -2.320256 4.068257 -1.115417 -6.291729 -3.944210 -12.736710 -3.313765 1.956982 0.000002 -0.000001 -0.000001 14.177296 17.740499 -13.911987 19.659649 23.068226 27.259705 -2.453951 -6.285436 1.706316 -0.000001 0.000003 0.000001 -6.279844 -16.175706 9.923226 17.994062 -26.391844 -14.363338 1.875848 0.197763 -13.780216 0.000001 0.000002 -0.000002 11.961202 0.094118 -11.711690 -56.618047 36.191950 -70.521403 -11.469193 -11.208404 -10.968743 0.000002 -0.000002 -0.000002 6.303951 -0.159219 -2.614246 -7.484277 -2.050126 -10.761208 11.761459 -5.524195 4.892434 0.000000 0.000005 -0.000000 
-5.709517 105.113686 -1.745931 -4.573627 32.507295 7.332299 -6.145809 -3.210580 10.174403 0.842803 -2.141721 3.735503 -0.470634 -6.807710 -3.738746 -12.623456 -3.295321 1.741727 0.000002 -0.000002 -0.000003 14.009403 17.861185 -13.756707 19.510041 23.082331 27.197709 -2.724470 -6.697012 0.689033 -0.000001 0.000002 0.000002 -6.382511 -16.279776 9.857506 17.873410 -26.469486 -14.435364 2.529186 0.104480 -13.700606 -0.000001 0.000002 -0.000002 11.638389 0.104477 -11.874520 -56.945463 36.413337 -70.631068 -11.373755 -11.003219 -11.126113 0.000004 -0.000003 -0.000004 5.875947 -0.109994 -2.905225 -7.571462 -2.144625 -10.727854 11.853942 -5.651365 4.841127 0.000001 -0.000000 0.000001 
-5.667736 105.107040 -1.766243 -4.663978 32.496080 7.350059 -6.085349 -3.232344 10.242530 0.938333 -2.156196 3.756625 -0.562375 -6.803529 -3.784833 -12.728511 -3.297540 1.714554 0.000001 0.000000 -0.000002 13.925852 17.762506 -13.574266 19.346060 23.009473 27.131089 -2.889375 -6.842749 -0.283611 -0.000002 0.000000 0.000001 -6.306959 -16.193648 9.948203 17.762050 -26.318222 -14.542892 2.580023 -0.078094 -13.615082 -0.000000 -0.000001 0.000001 11.641696 0.103667 -11.911721 -56.903109 36.414279 -70.758417 -11.440537 -11.239779 -10.830370 0.000003 -0.000002 0.000001 5.856332 -0.090627 -2.965916 -7.366026 -2.074646 -10.476230 11.717009 -5.823787 4.617293 0.000000 0.000001 -0.000000 
-5.627787 105.099930 -1.781278 -4.957496 32.356003 7.326163 -5.827239 -3.283304 10.411484 0.841328 -2.098654 3.709297 -0.424907 -6.845552 -3.713865 -13.310068 -2.889138 1.546192 0.000001 -0.000000 0.000000 13.923855 17.479573 -13.639207 18.852925 22.609770 26.872698 -2.908100 -6.528149 -0.982974 -0.000002 0.000004 0.000001 -6.227149 -15.925679 10.054280 17.770776 -26.441274 -14.541343 2.455726 -0.466786 -13.351842 -0.000000 0.000002 -0.000002 11.842885 0.035931 -11.778412 -56.631953 36.330258 -70.833064 -11.518598 -11.469296 -10.671942 0.000003 -0.000003 -0.000004 6.010181 -0.070816 -2.868514 -7.318020 -1.959513 -10.443943 11.670444 -5.946378 4.505781 0.000001 -0.000000 -0.000000 
-5.588209 105.094376 -1.801230 -4.716169 32.453658 7.425738 -5.964755 -3.244762 10.308949 0.795289 -2.142519 3.773493 -0.396384 -7.066606 -3.818761 -13.459862 -2.697465 1.437091 -0.000000 -0.000001 0.000001 13.993423 17.598804 -13.710953 18.588916 22.394771 26.895072 -3.126062 -6.655950 -1.436269 0.000001 0.000002 0.000002 -6.184092 -15.855050 10.032525 17.754431 -26.236520 -14.523205 2.294410 -0.399161 -13.368133 0.000003 0.000001 0.000003 11.815009 -0.004094 -11.920791 -56.785052 36.335175 -70.837203 -11.424244 -11.360017 -10.732397 0.000005 -0.000001 -0.000005 5.742460 0.004414 -3.145184 -7.073106 -1.995266 -10.285142 11.495937 -5.906855 4.352107 0.000001 0.000001 -0.000000 
-5.552684 105.087326 -1.816746 -4.600784 32.476344 7.447846 -6.246025 -3.184845 10.153257 1.196993 -2.295288 3.994816 -0.842455 -6.963236 -4.071188 -13.207562 -2.726773 1.470988 0.000002 -0.000002 0.000003 13.976061 17.511960 -13.595638 18.723965 22.231463 26.697200 -3.268063 -6.470233 -1.446493 -0.000005 0.000004 0.000003 -6.166133 -15.854636 10.118182 17.805624 -26.214158 -14.613181 2.171977 -0.392382 -13.228325 0.000001 0.000002 -0.000002 11.670115 -0.013010 -12.070394 -56.624918 36.194931 -70.738268 -11.392731 -11.304236 -10.829022 0.000003 -0.000003 -0.000000 5.592189 0.020189 -3.276540 -7.041971 -2.027092 -10.295574 11.478985 -5.759088 4.359759 0.000000 0.000001 -0.000001 
-5.516004 105.077568 -1.829138 -4.807946 32.492750 7.408720 -5.669463 -3.361217 10.562660 0.596374 -2.006620 3.598448 -0.556319 -7.032521 -3.857239 -12.718990 -2.935844 1.608890 0.000000 -0.000001 0.000001 14.089079 17.482392 -13.620489 18.560428 21.986191 26.706992 -3.332544 -6.629027 -1.552879 -0.000000 0.000003 0.000004 -6.206361 -16.077514 10.071503 17.951960 -26.316058 -14.685025 1.799481 -0.152474 -13.095859 -0.000001 0.000003 -0.000001 11.892170 0.003754 -11.908751 -56.680014 36.204572 -70.784508 -11.233738 -11.284403 -10.547176 0.000002 -0.000003 -0.000000 5.769407 -0.013402 -3.114394 -7.049352 -2.040104 -10.336331 11.573567 -5.756620 4.404453 0.000001 0.000001 0.000001 
-5.483454 105.075394 -1.849005 -4.468670 32.271059 7.371837 -6.251328 -3.213589 10.221044 1.292367 -2.293670 3.993228 -0.956657 -6.602180 -4.048530 -12.876548 -2.911687 1.559056 -0.000000 -0.000001 -0.000001 14.040413 17.020910 -13.618856 18.426723 21.828257 26.620287 -3.578455 -6.594521 -1.523817 -0.000001 0.000003 -0.000001 -6.092876 -15.916188 10.190298 17.991939 -26.432429 -14.656920 1.751753 -0.094298 -13.325169 0.000006 0.000000 -0.000000 11.785291 0.021610 -12.004504 -56.818824 36.328226 -70.951916 -11.257058 -11.276011 -10.547684 0.000003 -0.000002 -0.000002 5.462889 0.034430 -3.364224 -6.994728 -1.991495 -10.292583 11.415824 -5.576591 4.378746 0.000001 0.000001 -0.000000 
-5.453065 105.074104 -1.869102 -4.649702 32.022591 7.451730 -5.938932 -3.256260 10.316096 1.081456 -2.094492 3.757239 -0.647910 -6.388486 -3.751224 -13.291491 -2.796991 1.549004 0.000001 -0.000001 -0.000001 14.047237 16.627257 -13.623499 18.213572 21.427835 26.461135 -3.760772 -6.431023 -1.429093 -0.000001 -0.000003 -0.000000 -6.256118 -16.269326 10.071575 17.907866 -25.997105 -14.684231 2.181708 -0.312554 -13.600893 -0.000000 0.000001 -0.000000 11.992615 0.011924 -11.998724 -56.833902 36.435385 -71.106053 -11.527461 -11.585614 -10.624316 0.000004 -0.000004 -0.000003 5.603843 0.044429 -3.459017 -6.975777 -1.976498 -10.224170 11.345109 -5.463848 4.357156 0.000001 -0.000002 -0.000000 
-5.428377 105.074989 -1.887298 -4.849518 31.998839 7.426850 -5.674747 -3.301045 10.444416 0.933551 -2.053696 3.682465 -0.716405 -6.432634 -3.794423 -13.403150 -2.719844 1.543140 0.000002 -0.000000 -0.000001 14.075047 17.008600 -13.714364 18.426997 21.757298 26.541591 -3.681317 -6.506779 -1.663769 -0.000003 0.000000 -0.000002 -6.284633 -16.259759 10.099807 17.831401 -26.103219 -14.714309 2.126703 -0.257091 -13.421329 0.000002 0.000000 -0.000000 12.203640 0.047897 -11.839160 -56.858053 36.448198 -71.130505 -11.506050 -11.591092 -10.482260 0.000003 -0.000008 -0.000003 5.683887 0.007555 -3.376083 -6.880214 -1.919316 -10.137999 11.432525 -5.543903 4.465287 0.000002 0.000005 -0.000001 
-5.407329 105.073746 -1.905305 -4.720318 32.077423 7.334862 -5.863678 -3.284213 10.377467 0.624634 -1.917530 3.495933 -0.438565 -6.683741 -3.637036 -13.189719 -2.856423 1.560295 0.000002 -0.000000 -0.000001 14.128151 16.961858 -13.708878 18.343856 21.686344 26.617063 -3.779673 -6.747356 -1.466139 -0.000001 0.000002 0.000002 -6.320298 -16.408035 10.098739 17.828211 -26.020210 -14.744288 2.099645 -0.163883 -13.599412 0.000001 0.000001 -0.000000 12.339777 0.078495 -11.674617 -57.299727 36.655535 -71.252943 -11.271150 -11.342716 -10.470043 0.000004 -0.000003 -0.000000 5.908029 -0.047991 -3.120576 -7.400719 -2.107545 -10.475376 11.811605 -5.671798 4.611213 0.000000 -0.000000 -0.000000 
-5.388172 105.070724 -1.924398 -4.152528 32.023151 7.351298 -6.516182 -3.085869 9.896120 1.561734 -2.282602 4.004027 -1.009207 -6.436769 -3.883950 -13.522497 -2.796624 1.450882 0.000002 -0.000002 -0.000001 14.132375 17.244732 -13.751650 18.209325 21.635150 26.571898 -3.677125 -6.895076 -1.571876 -0.000001 0.000003 0.000004 -6.164893 -16.034349 10.179707 17.735841 -26.026248 -14.755807 1.914839 -0.110633 -13.549004 0.000003 -0.000003 -0.000000 11.878694 0.052834 -12.026487 -57.234994 36.531202 -71.103779 -11.440090 -11.385576 -10.714877 0.000003 -0.000002 -0.000002 5.276144 0.035562 -3.520364 -7.056550 -2.106393 -10.353369 11.603369 -5.487969 4.556820 0.000001 0.000001 -0.000001 
-5.375751 105.069397 -1.945415 -4.337080 31.878002 7.342994 -6.196643 -3.116419 9.956421 0.985779 -2.077110 3.697470 -0.491225 -6.320483 -3.621925 -13.174464 -3.193656 1.633260 0.000003 -0.000002 -0.000001 13.918507 16.781814 -13.709676 18.213943 21.841618 26.677496 -3.749944 -6.884975 -1.786294 -0.000001 0.000004 0.000001 -6.584362 -16.560115 9.968484 17.766920 -26.430959 -14.833694 1.947366 0.127315 -13.041090 0.000003 0.000000 -0.000001 12.017419 0.046555 -11.879962 -57.184420 36.561446 -71.010956 -11.590138 -11.394553 -11.011939 0.000001 -0.000006 -0.000001 5.418958 0.021737 -3.457507 -7.160115 -2.145886 -10.396492 11.669727 -5.543744 4.579848 0.000002 -0.000000 0.000000 
-5.369211 105.067566 -1.966644 -4.534187 31.929762 7.277228 -6.058928 -3.138990 10.048550 1.013940 -2.085067 3.730990 -0.592995 -6.648214 -3.762783 -13.468502 -3.051703 1.604417 0.000002 -0.000001 -0.000000 13.992133 17.112399 -13.776964 18.164545 21.937558 26.772702 -3.445642 -6.806044 -1.737594 -0.000003 0.000001 -0.000000 -6.454684 -16.320156 10.052540 17.582597 -26.011543 -14.896532 2.325188 -0.165499 -13.075916 0.000004 -0.000003 -0.000000 12.032918 0.022478 -11.763428 -57.172952 36.598360 -71.165476 -11.565033 -11.571086 -10.719123 0.000003 -0.000005 -0.000003 5.644429 0.002718 -3.201939 -7.310684 -2.087893 -10.417062 11.780890 -5.629037 4.633315 0.000001 0.000003 -0.000000 
-5.360892 105.066620 -1.990637 -4.368767 31.854766 7.336688 -5.909564 -3.158467 10.043506 0.645368 -1.917787 3.472795 -0.303622 -6.837247 -3.575779 -13.892589 -2.830114 1.408939 0.000002 -0.000004 -0.000002 14.107524 17.340763 -13.818162 17.972465 21.582151 26.662574 -3.790830 -6.798201 -1.702724 -0.000002 -0.000002 0.000001 -6.253934 -16.085510 10.055733 17.655889 -25.895361 -14.759463 2.446081 -0.108620 -13.398190 0.000002 0.000000 -0.000001 11.773118 0.007875 -12.036841 -57.170282 36.531335 -71.008306 -11.641796 -11.510080 -10.944944 0.000001 -0.000004 0.000001 5.355749 0.052078 -3.456202 -7.060427 -2.106754 -10.304804 11.694973 -5.468209 4.601558 0.000001 -0.000000 0.000001 
-5.354135 105.066605 -2.017803 -4.585227 31.835075 7.364079 -5.617339 -3.215084 10.180121 0.748208 -1.920760 3.491858 -0.538644 -6.594569 -3.671409 -13.702105 -3.007612 1.501500 0.000003 -0.000000 -0.000001 13.998159 17.144823 -13.809911 17.993066 21.810758 26.724662 -3.568087 -6.828395 -1.872272 -0.000001 0.000004 0.000001 -6.438521 -16.280336 9.968028 17.634871 -26.104479 -14.785761 2.379475 -0.113089 -13.140919 0.000001 0.000000 -0.000000 11.857254 0.004432 -11.994252 -57.039316 36.439544 -70.818256 -11.575165 -11.296993 -11.252469 0.000003 -0.000003 -0.000001 5.463603 0.025541 -3.462644 -7.107411 -2.163371 -10.304243 12.009157 -5.539825 4.813248 -0.000000 -0.000000 0.000000 
-5.351258 105.066750 -2.045565 -4.382281 32.208853 7.384550 -5.956963 -3.145216 10.028479 1.028962 -2.110241 3.748018 -0.705570 -6.594330 -3.889429 -13.814303 -3.104634 1.522226 0.000003 -0.000001 0.000002 14.010700 16.843540 -13.783297 17.920337 21.679912 26.664548 -3.502660 -6.678635 -1.707800 -0.000003 -0.000003 0.000005 -6.302370 -16.135916 9.990941 17.771288 -26.183658 -14.718788 2.027842 -0.076096 -13.142055 0.000004 0.000000 -0.000000 11.636076 -0.007875 -12.081706 -57.110429 36.492847 -71.011264 -11.438779 -11.194362 -11.178514 0.000004 -0.000002 -0.000002 5.385378 0.053424 -3.463913 -7.268006 -2.166342 -10.272190 12.089180 -5.735660 4.692817 0.000001 -0.000000 0.000000 
-5.347944 105.062973 -2.069212 -4.601594 32.267432 7.438849 -5.723632 -3.172472 10.118041 1.078026 -2.119523 3.770429 -0.890913 -6.798298 -3.972578 -13.813009 -2.891925 1.429691 0.000002 -0.000002 0.000001 13.853997 16.923902 -13.697896 18.078479 22.023112 26.627513 -2.943274 -6.751836 -1.716916 -0.000001 -0.000003 -0.000001 -6.235373 -15.796846 10.002714 17.704006 -26.489050 -14.601066 2.210994 -0.433959 -12.930135 0.000005 0.000000 -0.000001 11.528244 -0.051569 -12.199409 -56.915423 36.348580 -70.838399 -11.632364 -11.332370 -11.307439 0.000003 0.000000 0.000001 5.621872 0.030089 -3.372851 -7.446586 -2.144337 -10.320916 11.868906 -5.772773 4.565299 0.000002 0.000005 -0.000000 
-5.345982 105.063660 -2.097315 -5.099661 32.076057 7.466285 -5.448678 -3.207629 10.179039 1.148188 -2.052186 3.707451 -0.916812 -6.757696 -3.847630 -13.471355 -3.000666 1.529497 0.000003 0.000001 0.000003 13.849896 17.119560 -13.734836 18.109628 22.196146 26.742870 -2.959595 -6.858467 -1.982773 -0.000000 0.000003 0.000004 -6.294360 -15.805826 9.954603 17.818473 -26.763765 -14.563464 2.150081 -0.371176 -12.771311 0.000003 0.000003 -0.000000 11.883591 -0.057257 -12.013769 -56.878117 36.360232 -70.720066 -11.677219 -11.445499 -11.297848 0.000003 -0.000003 -0.000000 5.901021 -0.006603 -3.220672 -7.468611 -2.185420 -10.483724 12.167798 -5.665332 4.824178 0.000001 0.000005 -0.000000 
-5.345838 105.061905 -2.124715 -4.886912 31.899309 7.451593 -5.590765 -3.164409 10.083833 1.322613 -2.053419 3.719508 -0.842087 -6.505276 -3.724902 -13.902802 -2.821435 1.450038 0.000003 0.000001 0.000001 13.819044 16.984601 -13.701934 18.092650 22.016737 26.645248 -3.205676 -6.775293 -1.964919 -0.000001 0.000002 0.000002 -6.421571 -16.086952 9.705541 17.880988 -26.704272 -14.434240 2.548733 -0.328820 -12.858585 -0.000003 0.000000 -0.000000 11.875793 -0.035135 -12.088951 -57.127111 36.417947 -70.843282 -11.556222 -11.352364 -11.128490 0.000002 -0.000001 0.000002 5.982342 -0.030033 -3.224813 -7.933379 -2.202830 -10.733810 12.263807 -5.672893 4.919402 0.000001 -0.000000 0.000000 
-5.345204 105.063751 -2.150981 -4.809197 31.839350 7.453935 -5.635156 -3.151139 10.024015 1.403394 -2.033396 3.714562 -0.970104 -6.473200 -3.718029 -13.860046 -2.713796 1.458045 0.000001 -0.000001 0.000001 13.997557 17.299740 -13.824767 17.914840 21.887162 26.748698 -3.146466 -6.847901 -1.894338 -0.000000 0.000000 0.000003 -6.253284 -15.884699 9.922650 17.828213 -26.536093 -14.602219 2.509066 -0.329896 -12.995144 0.000001 0.000003 -0.000001 11.683956 -0.056547 -12.244102 -57.146711 36.418630 -70.842872 -11.526545 -11.499831 -10.844401 0.000004 0.000000 -0.000000 5.775162 -0.008027 -3.336279 -7.729318 -2.192464 -10.669881 11.807802 -5.492540 4.679895 -0.000001 -0.000000 0.000000 
-5.343534 105.058022 -2.175689 -4.585369 31.718818 7.373189 -5.712380 -3.145996 10.006454 1.500154 -2.069705 3.773070 -1.132741 -6.378982 -3.828556 -13.313937 -3.095023 1.608995 0.000001 -0.000001 -0.000001 13.755099 16.976148 -13.566531 18.247540 22.049719 26.779947 -3.739546 -6.928351 -2.228199 -0.000003 0.000003 0.000004 -6.457244 -16.223535 9.622691 17.744440 -26.257081 -14.503290 2.526929 -0.047799 -12.941492 0.000002 0.000000 -0.000000 11.532974 -0.076736 -12.238094 -56.836442 36.309982 -70.595100 -11.679354 -11.527631 -11.115656 0.000004 -0.000003 -0.000004 5.567014 0.046002 -3.387493 -7.611823 -2.230481 -10.689180 12.157876 -5.783600 4.807356 0.000001 0.000005 0.000000 
-5.340953 105.058960 -2.197998 -4.683932 31.657684 7.429583 -5.460952 -3.176148 10.035341 0.866219 -1.904119 3.514623 -0.525141 -6.457288 -3.589105 -13.337923 -3.158501 1.668460 0.000003 -0.000001 0.000001 13.894498 16.982874 -13.593050 17.957278 21.611796 26.621400 -3.663909 -6.847039 -1.931029 -0.000000 0.000000 0.000000 -6.747662 -16.842645 9.422594 17.749211 -26.106819 -14.527247 2.899603 -0.177402 -12.817442 0.000003 0.000002 0.000001 11.787871 -0.072317 -12.119822 -56.911209 36.451449 -70.775943 -11.899661 -11.558932 -11.537557 0.000001 0.000000 0.000003 5.680105 0.036880 -3.385246 -7.525715 -2.212868 -10.670214 12.229489 -5.637043 4.846689 -0.000001 -0.000000 -0.000000 
