HIERARCHY
ROOT Hips
{
	OFFSET -1.049083 105.443504 -1.111724
	CHANNELS 6 Xposition Yposition Zposition Xrotation Yrotation Zrotation
	JOINT Chest
	{
		OFFSET 0.071963 13.589531 1.213992
		CHANNELS 3 Xrotation Yrotation Zrotation
		JOINT Chest2
		{
			OFFSET -0.980020 21.287933 2.220275
			CHANNELS 3 Xrotation Yrotation Zrotation
			JOINT Chest3
			{
				OFFSET -0.543031 14.878296 -1.077647
				CHANNELS 3 Xrotation Yrotation Zrotation
				JOINT Neck
				{
					OFFSET 0.346558 17.228836 1.289606
					CHANNELS 3 Xrotation Yrotation Zrotation
					JOINT Head
					{
						OFFSET -0.276058 10.343903 1.659833
						CHANNELS 3 Xrotation Yrotation Zrotation
						End Site
						{
							OFFSET -0.271998 10.355316 1.587761
						}
					}
				}
				JOINT LeftCollar
				{
					OFFSET 4.591397 12.930206 3.678733
					CHANNELS 3 Xrotation Yrotation Zrotation
					JOINT LeftUpArm
					{
						OFFSET 14.109012 -5.698212 -8.772995
						CHANNELS 3 Xrotation Yrotation Zrotation
						JOINT LeftLowArm
						{
							OFFSET 4.478054 -33.461456 0.078380
							CHANNELS 3 Xrotation Yrotation Zrotation
							JOINT LeftHand
							{
								OFFSET -0.776733 -28.053696 10.645842
								CHANNELS 3 Xrotation Yrotation Zrotation
								End Site
								{
									OFFSET -0.169756 -6.131302 2.326709
								}
							}
						}
					}
				}
				JOINT RightCollar
				{
					OFFSET -3.815987 13.071991 4.045995
					CHANNELS 3 Xrotation Yrotation Zrotation
					JOINT RightUpArm
					{
						OFFSET -14.588136 -5.737213 -7.922565
						CHANNELS 3 Xrotation Yrotation Zrotation
						JOINT RightLowArm
						{
							OFFSET -5.786297 -33.256104 -0.534107
							CHANNELS 3 Xrotation Yrotation Zrotation
							JOINT RightHand
							{
								OFFSET 2.692032 -27.787186 11.026346
								CHANNELS 3 Xrotation Yrotation Zrotation
								End Site
								{
									OFFSET 0.588360 -6.073166 2.409916
								}
							}
						}
					}
				}
			}
		}
	}
	JOINT LeftUpLeg
	{
		OFFSET 10.017344 -0.076225 0.257140
		CHANNELS 3 Xrotation Yrotation Zrotation
		JOINT LeftLowLeg
		{
			OFFSET 4.171787 -47.055931 -3.510537
			CHANNELS 3 Xrotation Yrotation Zrotation
			JOINT LeftFoot
			{
				OFFSET 0.994609 -42.886662 -12.661440
				CHANNELS 3 Xrotation Yrotation Zrotation
				JOINT LeftToe
				{
					OFFSET 0.068698 -16.158127 17.276268
					CHANNELS 3 Xrotation Yrotation Zrotation
					End Site
					{
						OFFSET 0.994385 -1.542774 23.583679
					}
				}
			}
		}
	}
	JOINT RightUpLeg
	{
		OFFSET -10.017350 0.076027 -0.257158
		CHANNELS 3 Xrotation Yrotation Zrotation
		JOINT RightLowLeg
		{
			OFFSET -0.714233 -47.339733 -1.565689
			CHANNELS 3 Xrotation Yrotation Zrotation
			JOINT RightFoot
			{
				OFFSET 1.944069 -42.245224 -14.565074
				CHANNELS 3 Xrotation Yrotation Zrotation
				JOINT RightToe
				{
					OFFSET -2.398308 -17.812109 15.379648
					CHANNELS 3 Xrotation Yrotation Zrotation
					End Site
					{
						OFFSET -5.591452 -3.978339 22.637680
					}
				}
			}
		}
	}
}
MOTION
Frames: 314
Frame Time: 0.033333
-1.049083 105.443504 -1.111724 0.000000 -0.000000 0.000000 -0.000000 -0.000000 0.000000 -0.000000 0.000000 0.000000 -0.000002 0.000000 -0.000000 -0.000000 0.000000 -0.000000 -0.000000 0.000001 -0.000000 0.000000 -0.000000 -0.000001 -0.000001 -0.000002 -0.000001 0.000002 0.000001 0.000001 0.000002 0.000002 0.000000 -0.000000 0.000000 0.000002 -0.000000 -0.000000 0.000002 0.000000 0.000001 -0.000000 0.000001 0.000001 0.000001 0.000000 -0.000000 -0.000000 0.000000 0.000000 -0.000000 0.000000 -0.000000 0.000000 -0.000000 -0.000001 -0.000000 0.000000 -0.000000 -0.000000 -0.000000 0.000001 -0.000000 -0.000000 0.000001 -0.000001 -0.000000 0.000000 -0.000002 
-1.048872 105.442429 -1.104666 -0.148779 -0.082888 -0.004495 0.264347 0.027793 -0.080316 -0.129766 0.002502 -0.007411 0.077703 0.238707 0.094263 -0.253139 -0.085769 0.064176 -0.000001 0.000000 -0.000000 -0.145313 -0.182187 -0.201486 0.214758 0.404471 0.162247 -0.358623 0.367496 -0.253460 0.000003 -0.000002 0.000000 -0.156146 -0.042647 0.281506 0.161746 -0.427877 -0.262701 -0.289963 -0.286706 0.226881 -0.000001 0.000001 -0.000000 0.116329 -0.021520 0.017500 0.204417 -0.041451 -0.061388 -0.595694 0.019238 0.069696 -0.000001 0.000000 -0.000000 -0.155568 -0.018110 0.030243 0.639666 0.178610 -0.060700 -0.806070 0.415396 0.083048 0.000001 0.000001 -0.000001 
-1.049674 105.444649 -1.098091 -0.076105 0.076173 -0.014329 0.242476 0.047807 -0.128329 -0.669008 -0.113178 0.137769 0.567786 0.245803 -0.007859 -0.194617 -0.195330 0.073743 0.000000 0.000001 0.000000 -0.336715 0.077977 -0.466610 0.226307 0.676970 0.466938 -0.836421 0.687984 -0.626624 0.000001 -0.000002 0.000000 -0.315762 -0.213224 0.504072 0.182073 -0.764110 -0.584316 -0.376330 -0.567992 0.668094 0.000001 -0.000001 0.000000 -0.169945 -0.050539 0.096529 0.426253 -0.014565 -0.156948 -1.039546 -0.104685 0.049263 -0.000001 -0.000000 -0.000000 -0.191894 -0.035888 0.042598 0.556993 0.198447 -0.037055 -1.290661 0.490153 0.058832 -0.000000 0.000000 -0.000001 
-1.043344 105.443756 -1.095323 -0.433678 0.305304 -0.013434 1.147452 0.009603 -0.147270 -0.868293 -0.099614 0.169375 0.383621 0.442009 0.033036 -0.243211 -0.256952 0.198544 0.000001 0.000001 -0.000000 -0.000336 -0.547292 -0.490750 -0.112819 0.102038 0.307182 -0.923406 0.477077 0.045085 0.000001 0.000004 -0.000002 -0.186122 -0.782685 0.521411 0.191480 -0.324749 -0.652445 -0.890765 -0.278721 0.491131 0.000001 -0.000003 0.000001 0.247920 -0.048037 0.137937 0.614079 -0.066052 -0.198086 -0.953869 -0.411929 -0.089423 -0.000000 -0.000000 -0.000001 -0.090787 -0.004051 0.102280 1.104488 0.263137 -0.142313 -1.160145 0.371104 -0.014365 -0.000001 0.000002 -0.000001 
-1.034888 105.438850 -1.089255 -0.142163 0.181062 -0.010199 0.865777 0.018646 -0.174896 -0.464400 -0.046006 0.101775 0.041189 0.469860 0.134079 -0.128104 -0.193961 0.162602 0.000001 0.000000 -0.000000 0.050990 -0.460378 -0.476131 -0.084666 0.045029 0.256494 -1.223898 0.395263 0.104701 0.000000 0.000003 -0.000001 -0.016382 0.075279 0.420502 0.245341 -0.247365 -0.427686 -1.381701 -0.249337 0.050673 0.000001 0.000001 0.000001 0.107381 -0.069945 0.133025 0.696429 -0.067554 -0.260315 -0.900332 -0.231563 0.036150 0.000000 -0.000000 -0.000001 -0.367413 0.034055 0.101365 1.278926 0.282378 -0.220310 -1.071032 0.408445 -0.004947 0.000002 0.000001 -0.000001 
-1.026258 105.434891 -1.083247 -0.034517 0.100774 -0.008666 0.965631 0.010686 -0.166424 -0.743366 -0.026584 0.072209 0.239517 0.533822 0.176126 -0.441222 -0.146317 0.125344 0.000001 0.000000 -0.000000 0.142051 -0.761297 -0.670316 -0.232762 -0.195109 0.310374 -1.500784 0.312145 0.543774 -0.000000 0.000004 -0.000000 0.021874 0.114136 0.542884 0.188037 -0.029689 -0.529575 -1.107798 -0.189078 -0.064009 0.000001 -0.000002 0.000003 0.251194 -0.056813 0.086329 0.355527 0.002032 -0.246274 -0.925965 -0.223872 0.108723 -0.000000 -0.000001 0.000001 -0.622445 0.043969 0.104408 1.518672 0.205753 -0.286055 -1.199951 0.703489 -0.020815 -0.000001 0.000001 -0.000001 
-1.012658 105.433456 -1.074795 0.004523 0.025469 0.005121 0.893233 0.013844 -0.172949 -1.231594 -0.081731 0.157290 0.617258 0.554879 0.080523 -0.093489 -0.198592 0.121757 0.000001 0.000000 -0.000000 0.103594 -0.156690 -0.409720 -0.110456 -0.098672 0.216349 -1.299177 0.163665 0.094811 0.000002 0.000004 0.000001 -0.024148 -0.234395 0.224052 0.165949 -0.010435 -0.216713 -0.695903 -0.154293 0.097819 0.000001 -0.000002 0.000003 0.314395 -0.002930 0.039901 0.064338 0.024439 -0.226796 -0.754749 -0.257671 0.071251 -0.000001 -0.000001 0.000001 -0.489618 0.011232 0.002747 1.219579 0.102805 -0.269319 -0.752517 0.863196 0.031807 -0.000000 0.000001 -0.000001 
-0.997112 105.431152 -1.064755 0.013871 0.197326 -0.007222 0.760306 0.016553 -0.143499 -1.167945 -0.102993 0.183166 0.537212 0.084561 0.027846 -0.000995 -0.166053 0.006213 -0.000000 0.000000 -0.000000 0.078305 0.227660 -0.139326 -0.143395 -0.007051 -0.042696 -1.057630 0.129180 0.046301 -0.000000 0.000002 0.000001 0.037393 0.058391 -0.053508 -0.048845 0.044787 0.050267 -0.471285 -0.114223 0.082421 0.000001 0.000001 0.000002 0.708196 0.090899 0.074908 -0.399913 0.109666 -0.226374 -0.425380 -0.406405 -0.052493 -0.000000 -0.000000 -0.000000 -0.280194 -0.051414 -0.081613 0.739906 -0.057979 -0.170754 -0.107515 0.476919 -0.094090 0.000001 0.000001 -0.000001 
-0.978576 105.434761 -1.060657 0.560495 0.224915 -0.034029 -0.047906 0.032591 -0.104051 -1.139722 -0.106273 0.188825 0.952025 0.108412 0.046288 -0.541354 -0.197728 0.112986 0.000000 0.000000 -0.000000 0.050702 0.316317 0.002681 -0.043885 0.136338 -0.097251 -0.951426 0.207159 -0.365300 0.000003 -0.000005 0.000002 0.023003 0.146635 -0.021846 -0.330936 0.227883 -0.007250 -0.496830 -0.287275 0.015985 0.000000 0.000001 0.000001 0.248605 0.047922 0.091435 -0.863345 0.075159 -0.268598 0.168462 -0.067071 0.011738 -0.000001 -0.000001 0.000001 -0.706585 -0.004065 -0.087969 0.313718 -0.056546 -0.142234 0.379968 0.467711 -0.003044 0.000002 0.000001 -0.000001 
-0.958890 105.430466 -1.046572 0.634752 0.208364 -0.038229 -0.014288 0.021390 -0.139442 -0.919147 -0.095810 0.191714 0.551990 0.337416 0.112180 -0.397439 -0.234762 0.205104 0.000000 0.000001 0.000000 0.159817 -0.123793 0.128017 0.047240 0.178202 -0.198487 -1.477095 0.153677 -0.392572 0.000000 0.000002 -0.000001 -0.032743 -0.313544 -0.050051 0.066654 -0.012804 -0.091674 -0.789522 -0.271487 0.341013 0.000003 -0.000001 -0.000001 0.370565 0.012794 0.095909 -1.130356 0.082173 -0.331079 0.057086 0.027997 0.086367 -0.000000 -0.000000 0.000001 -0.536979 0.002394 -0.064956 0.055758 -0.073372 -0.259415 0.588135 0.353312 0.007943 0.000001 0.000000 -0.000001 
-0.931729 105.428200 -1.036385 0.391832 0.285488 -0.114162 0.367366 0.007160 -0.071884 -1.282834 -0.077975 0.152942 0.901818 0.345350 0.223387 -0.337048 -0.408194 0.353346 -0.000000 0.000001 0.000000 0.072033 0.146139 -0.039587 -0.161020 0.030577 -0.069009 -1.853975 0.054283 -0.423757 0.000001 -0.000006 -0.000000 -0.051453 -0.354701 0.066905 -0.011779 0.016299 -0.221069 -1.044176 -0.169784 0.218529 0.000001 0.000002 0.000002 0.335014 0.026465 0.158011 -0.743833 0.124240 -0.367282 -0.150325 0.053532 0.147233 -0.000001 -0.000000 0.000000 -0.736766 -0.009501 -0.041615 0.656501 -0.041416 -0.233827 0.327069 0.452659 -0.001479 0.000001 0.000001 -0.000002 
-0.905998 105.425072 -1.023366 0.435353 0.446148 -0.052345 0.493880 -0.002759 -0.127579 -1.840901 -0.052124 0.123832 1.207767 0.380987 0.286978 -0.223367 -0.511095 0.523559 0.000001 0.000000 -0.000000 0.198495 -0.229842 -0.060553 -0.257478 -0.216286 -0.113857 -1.780504 -0.020745 -0.149909 0.000001 0.000004 0.000001 -0.004015 -0.542824 0.111264 0.007477 0.176003 -0.228658 -1.004130 -0.068094 0.065888 0.000005 -0.000002 0.000002 0.335364 -0.006866 0.059373 -0.793158 0.050939 -0.361503 -0.080935 0.082018 0.139122 -0.000000 -0.000000 0.000000 -0.607538 0.030185 -0.133870 0.526522 0.011420 -0.171105 0.236793 0.334022 -0.008788 0.000000 0.000001 -0.000000 
-0.872717 105.426682 -1.010889 0.189704 0.568422 -0.053511 0.692754 -0.003441 -0.135570 -1.176399 -0.128067 0.214897 0.452072 0.233659 0.246760 -0.229951 -0.540717 0.483505 0.000000 0.000001 -0.000000 0.115405 0.269998 0.016753 -0.471907 -0.255023 -0.191317 -1.157683 0.127849 -0.366079 -0.000002 0.000004 -0.000001 0.016954 -0.151976 0.109597 -0.036544 0.142174 -0.319726 -0.838636 -0.168136 0.089019 0.000003 -0.000000 0.000002 0.322382 0.010133 -0.015214 -0.580050 0.072273 -0.305290 -0.357689 -0.084917 0.152957 -0.000001 -0.000001 0.000000 -0.718476 -0.001176 -0.119268 1.026280 -0.036790 -0.189967 0.079183 0.197511 -0.192863 -0.000001 0.000003 -0.000001 
-0.829151 105.423004 -0.996014 -0.170106 0.539791 -0.064687 1.018604 0.002305 -0.102000 -1.129750 -0.151225 0.209492 0.478099 0.420636 0.375579 -0.276885 -0.656756 0.476328 0.000002 0.000000 0.000000 -0.027116 0.730910 -0.044219 -0.296729 0.100106 -0.081426 -1.503336 0.184082 -0.962780 0.000002 0.000002 -0.000001 -0.100728 -0.328008 0.238508 -0.233621 0.079823 -0.646295 -0.862738 -0.293373 0.341183 0.000001 -0.000001 0.000001 0.850119 0.086490 -0.052549 -0.613429 0.080526 -0.380651 -0.283476 -0.062462 0.129323 -0.000001 -0.000001 -0.000000 -0.609737 -0.034593 -0.166887 1.251833 -0.011592 -0.200194 0.226362 -0.044757 -0.302857 0.000001 -0.000001 -0.000000 
-0.787999 105.419609 -0.975384 0.087792 0.583293 -0.181191 0.661244 -0.008686 0.020486 -1.276765 -0.215930 0.313719 0.907487 0.229950 0.331484 0.099868 -0.677860 0.506458 0.000001 0.000000 -0.000000 0.063802 0.431439 0.009959 -0.184859 0.016322 -0.122605 -1.807830 -0.046688 -0.731248 0.000003 0.000004 0.000000 -0.029360 -0.092955 0.263983 -0.350790 0.363104 -0.731924 -1.145741 -0.152859 0.078706 0.000000 -0.000000 0.000001 0.698901 0.053633 0.014720 -0.672281 0.045453 -0.377679 -0.228151 -0.086721 0.076523 -0.000000 -0.000001 0.000001 -0.964459 0.022713 -0.081295 1.621340 0.110993 -0.200518 -0.047366 0.010567 -0.294244 -0.000000 0.000001 -0.000001 
-0.738156 105.414948 -0.956626 0.585671 0.880499 -0.320207 0.126238 -0.027995 0.174867 -0.397309 -0.289923 0.431527 0.270999 0.041252 0.253374 -0.005007 -0.885427 0.739043 -0.000000 0.000000 -0.000000 0.119108 0.057620 0.376671 -0.271367 -0.149986 -0.309723 -1.817078 -0.138174 -0.706293 0.000004 -0.000006 -0.000001 0.030140 0.207289 0.020047 -0.186736 0.347765 -0.694093 -1.347553 -0.018719 0.033205 0.000002 -0.000006 0.000002 0.457096 0.007801 0.147291 -0.648049 0.010733 -0.430240 -0.767776 -0.325578 0.039722 -0.000001 -0.000001 -0.000000 -1.465613 0.068789 0.020550 2.050591 0.217532 -0.180919 -0.646078 0.155164 -0.316387 0.000000 0.000000 -0.000001 
-0.676869 105.416100 -0.937623 0.524477 1.010732 -0.340946 0.492962 -0.051167 0.262425 -1.003487 -0.344321 0.544030 0.655168 -0.105292 0.128347 0.091365 -1.234488 1.106194 -0.000000 -0.000000 -0.000000 0.279432 0.152264 0.444893 -0.349754 -0.582586 -0.130487 -2.194563 -0.581349 -0.682553 0.000006 0.000000 0.000001 0.107341 -0.310888 0.128316 -0.090179 0.723599 -0.992457 -1.742823 0.337518 0.014970 0.000003 -0.000008 0.000002 0.463854 0.019116 0.090427 -0.338400 0.072462 -0.381464 -1.101544 -0.534682 0.034126 -0.000001 -0.000000 -0.000001 -1.972032 0.124147 -0.032259 2.609946 0.227871 -0.161179 -1.034635 0.332665 -0.371129 0.000000 0.000001 -0.000001 
-0.618379 105.415947 -0.917533 0.778090 0.992881 -0.334448 0.245091 -0.053849 0.208476 -0.875254 -0.401051 0.642594 0.632944 -0.065054 0.112675 -0.237994 -1.343769 1.328798 0.000002 0.000001 -0.000000 0.433998 -0.429088 0.460981 -0.465461 -0.810618 -0.101562 -2.236104 -0.623574 -0.305426 0.000004 0.000001 -0.000000 0.223451 0.079877 0.144020 0.093140 0.737576 -1.095990 -2.362666 0.329618 -0.273486 0.000001 -0.000004 0.000001 0.196817 -0.015189 -0.023236 -0.344857 0.031566 -0.337859 -1.207367 -0.416308 0.104296 -0.000000 -0.000000 -0.000000 -2.374356 0.168396 -0.089375 2.663890 0.255924 -0.137198 -1.131079 0.498233 -0.305200 0.000001 0.000000 -0.000001 
-0.550394 105.415863 -0.895094 0.458886 0.881631 -0.366297 0.682321 -0.059589 0.256299 -1.040132 -0.465318 0.746050 0.773843 -0.366300 0.046523 0.266222 -1.620627 1.529854 0.000001 0.000001 0.000000 0.339725 0.132705 0.560355 0.029750 -0.523780 0.173027 -2.437561 -0.764407 -0.850591 0.000002 0.000004 -0.000001 0.167599 -0.496595 0.258129 0.407355 0.595285 -1.420855 -2.611855 0.519075 -0.054655 0.000001 -0.000004 0.000000 0.700525 0.051239 -0.097039 -0.270621 0.078107 -0.365371 -1.610981 -0.145902 0.317378 -0.000000 -0.000001 -0.000001 -2.458757 0.159828 -0.121591 3.230020 0.310565 -0.224447 -1.288169 0.750144 -0.228834 -0.000000 0.000001 -0.000002 
-0.480474 105.416267 -0.875839 0.734098 0.808356 -0.390907 0.353245 -0.032247 0.096874 -1.029272 -0.576262 0.979778 0.839590 -0.683189 -0.085618 0.393968 -2.146948 2.087632 0.000000 0.000000 0.000000 0.453913 0.020805 1.006833 -0.130267 -0.735091 -0.002504 -2.362530 -0.829900 -0.814028 0.000003 0.000002 0.000000 0.237240 -0.750469 0.122166 0.950322 0.342473 -1.406420 -2.845951 0.628442 0.071954 0.000003 -0.000001 0.000000 0.501367 0.011963 -0.191089 -0.421499 0.022549 -0.363242 -1.238930 0.315495 0.509475 -0.000001 -0.000001 0.000000 -2.886951 0.212207 -0.179674 3.288185 0.371697 -0.200249 -0.952680 0.503595 -0.241797 0.000002 0.000000 -0.000001 
-0.411364 105.410583 -0.851684 0.704444 0.581942 -0.447799 0.337165 -0.018345 0.057456 -0.782378 -0.662898 1.091279 0.643512 -0.470176 -0.118916 0.590982 -2.705573 2.578859 0.000001 0.000001 -0.000000 0.412539 -0.111699 1.305706 -0.280205 -0.683343 -0.061140 -1.752521 -0.654486 -1.172564 -0.000000 0.000004 -0.000001 0.105109 -1.111389 -0.100298 1.359661 -0.138605 -1.409166 -2.933609 0.537548 0.412034 -0.000001 0.000003 -0.000000 0.875961 0.040294 -0.243845 -0.793150 -0.002568 -0.371059 -1.125147 0.650935 0.610495 -0.000000 -0.000001 0.000000 -3.565968 0.245544 -0.149444 4.167985 0.608876 -0.251977 -1.328839 0.686112 -0.174875 0.000000 -0.000001 -0.000001 
-0.337200 105.408325 -0.829883 0.937881 0.150119 -0.590994 0.287195 -0.009191 -0.001362 -1.384791 -0.823072 1.323623 1.099161 -0.598680 -0.246914 0.535349 -3.525680 3.335841 -0.000000 -0.000000 -0.000000 0.288221 -0.094818 1.372709 -0.190812 -0.453203 -0.064503 -1.566416 -0.443005 -1.087778 0.000001 0.000002 0.000001 -0.003112 -1.194493 -0.222264 1.378143 -0.400553 -1.382719 -3.289800 0.496852 0.471282 0.000003 0.000001 0.000000 0.837400 0.010959 -0.190671 -0.933519 0.014862 -0.401934 -1.217952 0.855907 0.776543 -0.000001 -0.000000 -0.000001 -3.626223 0.238280 -0.064465 3.937898 0.604424 -0.376497 -1.150847 1.146201 0.071704 0.000001 -0.000001 -0.000000 
-0.265427 105.411484 -0.813402 0.898942 -0.106347 -0.695872 0.277612 0.013522 -0.170580 -2.031123 -1.023294 1.561956 1.539756 -0.742456 -0.393040 1.034695 -4.864763 4.300649 0.000000 -0.000000 0.000001 0.398939 -0.568004 1.729745 -0.356301 -0.630783 -0.179161 -0.515247 -0.773864 -0.966222 0.000001 -0.000003 0.000003 0.021560 -1.562627 -0.487142 1.440439 -0.422888 -1.093246 -3.345775 0.990938 0.031681 0.000003 -0.000000 0.000002 0.952213 0.130901 -0.146098 -1.163506 0.172709 -0.435327 -0.663886 1.280697 0.908677 -0.000000 -0.000001 -0.000000 -3.975582 0.173568 -0.044116 3.929853 0.432003 -0.459741 -0.462994 1.260940 0.096021 0.000001 0.000001 -0.000001 
-0.196095 105.417542 -0.790729 2.069879 -0.444802 -0.796932 -2.048261 0.131673 -0.166496 1.191138 -1.105737 1.659095 -0.029612 -1.151950 -0.368153 -0.293875 -5.761879 4.650123 0.000001 -0.000001 0.000001 -0.167009 -0.198604 1.726442 -0.643105 -0.046950 -0.028685 0.394316 -0.261605 -1.788152 0.000003 -0.000001 0.000002 -0.369258 -1.288226 -0.395610 1.691754 -1.611092 -1.348581 -4.287377 0.696229 0.789148 0.000001 -0.000001 0.000001 -0.749399 0.081984 -0.092297 -0.422910 0.148939 -0.399254 -0.439093 1.852927 1.037846 0.000000 -0.000000 -0.000000 -5.367744 0.180885 0.066864 3.920235 0.595080 -0.418454 -0.075511 1.740778 0.493231 0.000001 0.000001 -0.000001 
-0.117213 105.429443 -0.772534 0.816180 -1.178841 -0.818902 -0.217718 0.095630 -0.501864 -0.195732 -1.255506 1.898778 0.504538 -0.926285 -0.430493 1.312368 -6.953680 5.715192 0.000001 0.000000 0.000000 0.335334 -0.601210 1.790477 -0.537572 -0.624872 0.025834 -0.211909 -0.807464 -1.326989 0.000003 -0.000001 0.000001 -0.041904 -1.686684 -0.697033 1.849744 -0.933648 -0.880678 -4.045311 1.081875 -0.241666 0.000000 -0.000002 0.000001 0.759760 0.198730 -0.299306 -0.377025 0.172826 -0.432417 -1.306730 2.099646 1.354843 -0.000000 -0.000000 -0.000001 -5.295260 0.227119 0.035529 5.383302 0.696767 -0.692957 -0.562923 2.609360 0.560542 0.000001 -0.000002 -0.000002 
-0.031276 105.455795 -0.758780 0.282886 -1.988173 -0.926614 1.067617 0.073419 -0.711364 -1.770803 -1.551038 2.352271 1.370170 -1.419649 -0.853404 2.284162 -8.307989 7.009462 0.000001 -0.000000 0.000001 0.557247 -0.542702 1.893273 -0.951309 -1.201148 0.067331 -0.097849 -1.154375 -1.123264 0.000003 -0.000001 0.000001 0.216683 -1.277421 -0.962818 2.202285 -0.918089 -0.391113 -4.437022 1.353252 -1.012424 0.000001 -0.000000 0.000001 0.854016 0.232516 -0.459123 0.003645 0.210128 -0.444672 -2.081305 2.656016 1.851790 -0.000000 -0.000001 -0.000001 -6.497339 0.263933 -0.019375 7.313402 0.804633 -0.801042 -0.737849 3.560520 0.770390 0.000001 0.000001 -0.000000 
0.048625 105.487709 -0.755330 -0.070700 -2.840004 -1.065968 1.856960 0.036800 -0.776110 -2.485499 -1.696700 2.601349 1.718580 -1.431643 -1.158458 2.687904 -9.401669 8.192775 -0.000000 0.000001 -0.000000 0.865668 -0.902536 2.026204 -1.232074 -1.738855 0.042719 0.730042 -1.385467 -0.797019 0.000001 -0.000001 0.000001 0.419378 -1.486197 -1.301411 2.678385 -0.905161 0.191491 -4.361665 1.587371 -1.684448 0.000001 -0.000002 0.000002 0.921930 0.241732 -0.559151 0.334544 0.193554 -0.415509 -1.850528 3.634398 2.362893 -0.000001 -0.000000 -0.000001 -7.557009 0.315566 -0.016389 9.662107 1.075591 -0.865574 -0.945697 4.458494 1.019800 -0.000000 0.000000 -0.000002 
0.126202 105.526443 -0.748556 -0.028236 -4.294292 -1.302855 2.193471 -0.001301 -0.944966 -3.245826 -1.873538 2.967553 2.609364 -1.546557 -1.433835 2.665198 -10.825663 9.753127 0.000001 0.000003 -0.000000 1.235126 -0.997094 2.288267 -1.784781 -2.792684 0.099758 0.737257 -1.869676 -0.512454 0.000003 0.000002 0.000000 0.707684 -1.762471 -1.439155 2.538023 -0.187037 0.589227 -4.273052 1.816715 -2.528257 0.000003 -0.000001 0.000000 0.732160 0.107684 -0.603549 0.504829 0.199241 -0.500647 -1.818452 4.902667 3.044037 0.000000 -0.000000 -0.000000 -8.925156 0.472465 -0.153763 12.130807 1.385181 -0.685870 -0.598474 5.697091 1.598172 0.000001 0.000001 -0.000001 
0.185098 105.578552 -0.760321 0.351030 -6.229746 -1.791973 2.554515 -0.031005 -1.100322 -3.156228 -2.304476 3.755553 2.331010 -1.853467 -2.116719 2.989458 -12.617854 11.705133 0.000004 0.000002 -0.000001 1.820629 -1.563531 2.547474 -2.162769 -3.498687 0.322781 0.694275 -2.138269 -0.112058 0.000004 0.000002 0.000001 1.023187 -2.269597 -1.061082 2.587420 0.109389 0.807926 -4.192205 1.792205 -3.400164 0.000003 -0.000001 0.000001 -0.023814 0.006333 -0.280790 0.358053 -0.035255 -0.665524 -1.584380 6.571252 3.916568 -0.000001 -0.000000 -0.000001 -10.825791 0.667114 -0.410473 14.673341 1.711460 0.308057 -0.055126 6.760488 1.936208 -0.000001 0.000003 -0.000001 
0.233899 105.619095 -0.770665 0.465002 -7.668875 -2.258877 2.599988 -0.045092 -1.078498 -2.207553 -2.623449 4.332022 1.538762 -2.425958 -2.620589 3.742381 -13.541310 12.763441 -0.000000 -0.000001 -0.000002 2.042499 -1.829518 2.677576 -2.407421 -3.583151 0.527648 0.146974 -1.885910 0.205686 0.000003 0.000002 -0.000000 1.149965 -2.180689 -1.064958 2.831802 -0.271642 1.176221 -4.370011 1.538407 -3.788106 0.000001 0.000001 -0.000000 -0.464035 -0.001036 0.028984 0.455102 -0.109558 -0.774086 -1.734088 7.914716 4.600395 -0.000001 -0.000000 0.000001 -12.643416 0.734122 -0.477438 17.510539 2.141882 1.028035 0.222940 7.395135 2.200630 0.000002 -0.000001 -0.000003 
0.272659 105.658295 -0.793708 0.224300 -10.451507 -2.800922 3.554392 -0.039315 -1.485638 -2.221625 -3.432640 5.474496 1.560784 -2.187155 -3.520478 4.258476 -14.901483 13.925455 0.000001 0.000004 0.000000 2.174737 -2.270852 2.872524 -2.652339 -3.547407 0.994034 -0.843268 -1.791581 0.923492 0.000002 -0.000005 0.000001 1.033545 -3.022635 -1.072885 3.870909 -1.440155 1.240760 -4.510335 1.650922 -3.783577 0.000003 -0.000001 0.000001 -0.131764 0.137463 0.322777 0.359601 -0.048979 -1.077038 -2.527843 9.517446 5.478394 -0.000001 -0.000001 0.000000 -14.183831 0.819938 -1.029315 21.514034 2.822295 2.048252 -0.057511 7.925141 2.390938 0.000002 -0.000002 -0.000001 
0.294318 105.717728 -0.843878 -0.068048 -13.792629 -3.574858 4.463991 -0.033753 -1.901918 -1.311379 -4.291857 6.732082 0.828923 -2.499015 -4.463945 4.970284 -16.263024 14.797407 0.000003 0.000005 -0.000001 2.303809 -2.738343 3.315930 -2.792280 -3.664441 1.216471 -1.368926 -1.664632 2.289804 0.000003 -0.000001 0.000001 0.988190 -3.438315 -1.113460 4.840594 -2.156855 1.040110 -2.394140 1.420553 -5.112969 0.000001 0.000001 -0.000000 0.019948 0.218863 1.274849 -0.202005 0.378381 -1.847103 -3.646635 11.054795 6.552475 -0.000000 -0.000000 0.000000 -15.341795 0.947252 -1.773099 23.763258 3.050682 3.703732 -0.502576 5.170288 1.089638 -0.000001 0.000000 -0.000001 
0.302353 105.783211 -0.899894 0.356488 -17.075061 -4.224717 4.072765 0.024798 -2.022479 -0.246076 -4.814652 7.564640 0.162541 -2.530663 -5.005989 5.439577 -17.375451 15.620011 -0.000000 -0.000004 -0.000001 2.152418 -2.927068 4.048822 -2.455974 -3.236920 1.241167 -1.164815 -1.674742 2.280705 0.000003 0.000005 0.000001 0.763177 -4.073900 -0.991202 5.496097 -2.815949 0.483824 -0.970192 1.393256 -5.830722 0.000004 0.000001 -0.000000 -0.402252 0.240233 2.272857 -1.337607 0.780367 -2.307782 -3.043742 12.808089 7.255203 0.000000 -0.000000 -0.000000 -16.287080 1.024375 -2.164969 22.980754 2.824066 5.191848 -1.052500 0.914712 -0.709699 0.000002 0.000001 -0.000001 
0.313257 105.850517 -0.972547 0.101501 -21.065577 -4.891305 3.986048 0.055715 -2.116522 1.610402 -5.179501 8.309069 -1.081793 -2.721873 -5.446484 6.462509 -17.899382 15.903358 -0.000000 -0.000002 -0.000000 2.006737 -3.086924 4.620534 -2.701336 -3.383411 1.305626 -1.407074 -1.391483 3.675835 0.000000 -0.000001 0.000001 0.573847 -4.255094 -1.311280 6.128383 -3.223416 0.127404 -0.597462 1.288539 -6.491463 0.000003 -0.000001 0.000001 -0.522437 0.110509 2.936293 -1.722811 1.325002 -2.801876 -2.656507 15.515108 8.523638 -0.000001 -0.000001 0.000000 -15.914394 1.249218 -3.175780 20.346346 2.088548 6.464955 -1.361062 -4.815645 -3.083810 0.000000 -0.000001 -0.000001 
0.345696 105.914497 -1.058151 -0.075991 -25.642014 -5.514584 3.339857 0.082600 -1.606481 4.638350 -4.834386 7.994195 -3.047629 -3.302369 -5.117093 7.610896 -18.141684 15.816189 0.000002 -0.000002 0.000000 1.684450 -4.133073 5.186109 -2.915763 -2.837583 1.248896 -1.148502 -0.547459 4.511658 0.000001 0.000004 0.000001 0.079461 -4.185590 -1.957936 6.398652 -3.963676 -0.425291 -0.563559 1.071412 -6.405883 0.000003 0.000002 -0.000001 -0.794423 0.139887 3.526122 -1.567845 1.976649 -3.408653 -2.369065 18.471429 9.953785 -0.000000 -0.000001 0.000000 -16.502608 1.420340 -4.408339 18.569505 1.319177 7.582365 -0.924221 -11.010450 -5.370229 0.000001 -0.000005 -0.000001 
0.365388 105.964622 -1.149767 -0.391514 -29.227182 -5.887687 2.976943 0.140537 -1.689032 6.616877 -4.642323 7.743800 -4.308198 -3.769651 -4.682971 8.406500 -18.348434 15.641857 0.000000 0.000001 0.000000 1.237905 -4.064460 5.178743 -3.053990 -2.434981 1.534222 -0.462428 -0.029681 4.858190 -0.000000 -0.000001 0.000001 -0.227564 -3.930597 -2.149295 6.282414 -4.473022 -0.588254 -0.037556 0.780365 -6.984759 0.000003 -0.000001 0.000001 -0.699122 0.271231 3.784072 -1.467368 2.264719 -4.068103 -3.233523 20.849938 11.424398 -0.000000 -0.000001 0.000000 -16.011913 1.596945 -5.918427 16.603333 0.759632 8.435918 -0.323650 -16.864955 -7.402398 0.000001 0.000004 -0.000001 
0.372733 105.982109 -1.241548 -0.381122 -34.088989 -6.126111 1.961663 0.193625 -1.256773 7.926533 -4.265163 7.198358 -4.951900 -3.271420 -4.278775 9.325148 -17.913699 15.283001 0.000003 0.000001 0.000000 0.610311 -4.261121 5.209605 -3.396356 -1.725492 2.274858 0.502988 1.437051 4.546540 0.000002 -0.000002 0.000001 -0.888952 -4.424975 -2.623431 6.398995 -5.686540 -0.688142 0.023440 -0.400826 -6.417067 0.000003 -0.000001 -0.000000 -1.532994 0.190118 4.446401 -0.755570 2.373123 -5.461915 -4.628340 24.824003 13.920993 -0.000000 0.000001 -0.000000 -16.233227 1.876772 -7.453192 14.821487 0.610030 8.593283 1.254984 -21.102057 -8.162903 0.000002 -0.000001 -0.000002 
0.351012 105.966438 -1.322149 -1.256277 -37.588112 -6.215605 2.949804 0.237768 -1.913333 7.905164 -4.927693 8.338370 -5.448759 -4.100348 -5.273996 9.998372 -17.267297 14.871974 0.000002 -0.000000 -0.000001 0.695862 -4.684118 5.656360 -3.441533 -1.622107 2.587012 1.532667 2.052682 4.581544 -0.000000 -0.000003 0.000001 -1.060802 -4.649684 -3.187911 6.078716 -5.628685 -0.413620 -0.081347 -0.630179 -6.023415 0.000001 0.000000 0.000003 -1.291013 0.347231 4.093558 -0.185040 2.082402 -6.170622 -5.237835 28.094786 15.842296 -0.000001 -0.000001 -0.000001 -16.200478 2.159592 -9.505635 14.104215 0.636887 8.478535 4.211298 -21.534456 -7.239516 0.000001 -0.000003 -0.000000 
0.314188 105.930412 -1.400349 -2.346226 -40.786061 -6.331778 3.677235 0.281462 -2.474306 8.264768 -4.920111 8.324707 -5.994233 -4.665793 -5.260212 10.441752 -16.387726 14.290538 0.000001 0.000003 -0.000001 0.447286 -4.548620 5.710243 -3.296652 -1.377451 3.197883 1.760135 2.808159 4.866922 0.000001 0.000002 -0.000001 -1.322432 -4.680837 -3.648703 5.894131 -5.933603 -0.273090 -0.270437 -1.129019 -5.366437 0.000002 -0.000003 0.000001 -0.869040 0.358906 3.528484 0.249131 1.722970 -6.823354 -6.009145 31.420130 17.813813 -0.000001 -0.000001 0.000000 -16.049145 2.427325 -11.065729 13.230771 0.883952 9.069714 6.488827 -22.180329 -6.345799 0.000001 0.000001 0.000000 
0.216879 105.858070 -1.468903 -2.975030 -44.712522 -6.351958 4.031111 0.286976 -2.631780 7.647327 -5.333839 8.863461 -6.102010 -4.810150 -6.079257 10.908638 -15.286660 13.578405 0.000003 0.000003 0.000000 0.170647 -3.870176 6.049921 -2.478297 -0.551584 3.303128 2.359894 3.106833 4.649933 0.000002 0.000001 0.000002 -1.720687 -5.584539 -4.509836 6.051394 -6.543976 -0.040314 -0.266366 -1.275814 -4.730305 0.000001 0.000001 0.000001 -0.926921 0.363175 3.334088 1.202614 1.463839 -7.855880 -6.913012 34.883941 19.928168 -0.000001 -0.000001 0.000000 -16.458809 2.710596 -12.309815 12.448256 1.057878 10.086223 8.821263 -21.799223 -5.102221 0.000000 0.000002 0.000000 
0.056138 105.756943 -1.551128 -2.540769 -48.867418 -6.186501 3.175332 0.200126 -1.945518 8.417235 -4.457498 7.512110 -7.209651 -6.089853 -5.426902 11.078580 -13.607555 12.951095 0.000003 0.000001 -0.000000 0.452392 -3.017454 6.489250 -2.023579 -0.381572 3.136182 3.095469 3.131775 5.192191 -0.000000 -0.000001 0.000003 -1.670640 -6.332355 -5.431296 6.558334 -6.977543 0.331862 -1.200588 -1.148848 -4.195591 0.000001 -0.000003 0.000001 -1.763193 0.375295 3.502567 2.359128 0.645244 -8.630860 -8.289644 38.516540 22.487252 -0.000000 -0.000000 0.000000 -17.972506 2.800295 -11.973411 11.211540 1.345082 10.756493 10.739854 -21.582646 -3.968087 0.000001 0.000001 -0.000001 
-0.140420 105.651459 -1.644405 -2.548681 -51.788899 -5.764185 2.769451 0.219377 -2.245380 8.870364 -4.178267 7.082540 -8.025315 -7.030373 -5.212686 11.635166 -12.811038 12.666922 0.000003 0.000000 0.000000 0.720824 -2.690302 6.713968 -1.512276 -0.024286 3.054071 3.611812 3.000671 6.024387 0.000000 0.000002 -0.000001 -1.722956 -7.086784 -6.184342 7.090125 -7.485128 0.478065 -1.904981 -0.731336 -3.658045 0.000001 -0.000001 0.000000 -2.223620 0.538465 3.329693 3.646417 0.167398 -9.272058 -9.789493 40.284340 24.280684 -0.000001 0.000000 -0.000001 -18.655924 2.728189 -12.015545 10.521375 1.225445 10.596910 11.798119 -21.623802 -3.565384 0.000002 0.000000 0.000000 
-0.424635 105.507500 -1.756580 -1.665934 -56.462722 -5.147248 1.682393 0.239721 -2.036535 9.065895 -3.643284 6.004957 -8.384614 -7.412073 -4.345696 11.658228 -11.271000 11.000446 -0.000000 0.000001 0.000000 0.344095 -1.318187 6.425160 -0.893327 1.108720 3.737569 4.262935 4.289358 6.339004 -0.000000 0.000000 -0.000000 -2.120286 -7.212448 -6.902551 6.662353 -8.140544 -0.167668 -0.935442 -1.944811 -2.786674 -0.000001 0.000001 0.000000 -3.102184 0.355980 3.826447 4.739254 -0.246861 -10.247093 -10.740099 43.457362 26.598676 -0.000001 -0.000001 0.000001 -19.650149 2.729326 -11.568654 9.508819 1.219662 11.011955 11.688531 -24.269769 -4.255939 0.000001 -0.000001 -0.000001 
-0.788286 105.330223 -1.859357 -0.868415 -61.779539 -3.941048 1.078425 0.369367 -3.051482 8.822682 -3.221723 4.906608 -8.322545 -6.762594 -3.700532 11.607543 -10.158030 9.872635 0.000001 0.000001 -0.000000 0.004389 -0.272071 5.954094 -0.440647 1.882514 4.937520 4.629741 5.106590 7.995224 0.000003 0.000003 -0.000001 -2.438062 -7.109310 -7.435461 6.369960 -8.922637 -0.339169 0.396276 -2.400273 -1.760717 0.000001 -0.000001 -0.000000 -4.192906 0.387961 4.102373 6.305550 -0.588028 -10.978435 -9.543007 46.107551 27.082499 -0.000000 -0.000000 0.000002 -20.371835 2.658780 -11.223789 8.663105 1.347956 10.970023 10.036475 -26.921964 -5.367543 0.000001 0.000001 -0.000002 
-1.174667 105.131729 -1.945680 -0.556482 -66.072361 -3.184626 0.773421 0.364656 -3.213424 8.124597 -2.855291 4.144998 -7.691396 -6.441857 -3.294399 11.028370 -9.137716 9.138444 0.000000 0.000001 -0.000000 0.141084 0.449951 6.101552 0.066743 1.764745 4.088877 5.445804 4.738834 8.298787 -0.000000 -0.000002 0.000004 -2.212446 -6.774363 -7.785236 5.649494 -7.927563 -0.044895 0.941814 -2.272971 -2.511204 0.000001 -0.000002 0.000002 -4.250247 0.421429 3.791493 7.285198 -0.840468 -11.484695 -9.739432 47.684358 27.997676 -0.000001 -0.000001 0.000001 -20.340846 2.724682 -11.458993 7.705603 1.201396 11.918474 7.825030 -29.729546 -6.970801 0.000002 -0.000003 -0.000001 
-1.646260 104.899567 -2.031962 -0.628623 -71.118361 -3.323125 0.913440 0.241403 -2.378038 7.052054 -2.232077 3.008195 -6.665407 -6.230330 -2.431251 9.847501 -8.523273 8.459524 -0.000000 0.000001 -0.000000 0.042598 2.059549 5.888957 0.175273 0.945208 5.550988 6.173708 4.156228 7.124098 0.000001 -0.000001 0.000002 -2.098882 -7.296584 -7.802555 6.362738 -7.810034 -1.623439 1.046980 -2.558285 -4.257773 -0.000000 0.000001 0.000001 -4.126056 0.143674 4.100668 9.122778 -1.041056 -12.917517 -10.009781 49.117837 29.064514 0.000000 0.000002 0.000001 -20.237449 2.772222 -10.830548 7.362036 1.314990 12.417968 5.149962 -30.118276 -8.054877 0.000001 0.000002 -0.000000 
-2.191889 104.673927 -2.148111 1.531412 -75.702743 -1.303271 1.078611 0.206896 -1.822319 5.738170 -1.902158 2.522605 -5.384296 -5.173473 -2.250691 8.384689 -8.805915 8.435384 -0.000002 0.000001 0.000000 -0.365234 2.960024 5.268740 -0.439430 -0.076757 6.538758 7.294025 4.558067 6.876651 0.000004 0.000002 0.000000 -1.993810 -6.924764 -7.110504 5.584320 -6.771361 -2.143110 1.669030 -3.314254 -5.233390 0.000004 -0.000003 0.000003 -4.809564 -0.487059 4.932275 11.163985 -0.896925 -14.145866 -9.096775 50.042003 29.318116 -0.000001 0.000003 0.000000 -20.800373 2.998304 -9.953022 7.360701 1.433238 12.663376 2.480040 -30.693996 -9.344581 0.000001 -0.000003 -0.000000 
-2.739999 104.461647 -2.267588 5.028070 -79.401591 0.907837 1.200634 -0.029538 0.282433 5.038235 -0.999127 0.978337 -4.753502 -4.335298 -1.627479 7.492167 -8.886810 8.116524 0.000002 0.000001 0.000001 -0.756801 3.263905 4.675574 -1.562535 -0.888412 7.659902 9.154392 5.438942 6.659411 0.000000 -0.000005 0.000001 -2.156496 -6.373662 -6.808557 4.849349 -6.513999 -2.693842 2.109747 -4.362778 -5.566302 0.000003 0.000005 0.000003 -5.158076 -0.994762 6.660168 12.584124 -0.745187 -15.169613 -9.448505 51.003734 30.309958 -0.000001 -0.000002 -0.000003 -21.315837 2.704316 -7.912939 7.458435 1.292602 12.975170 0.546117 -30.224991 -9.946418 0.000001 0.000002 -0.000002 
-3.327318 104.297066 -2.405781 12.087653 -83.820566 7.503170 1.795665 -0.226473 1.683213 4.736284 -0.415965 -0.170130 -4.957689 -4.927996 -1.094180 7.522088 -8.910053 7.978668 -0.000000 -0.000000 -0.000000 -0.349714 2.801966 4.436897 -1.153959 -0.376754 8.020934 10.316705 4.807152 4.466379 0.000001 0.000000 0.000001 -1.930953 -5.750455 -7.093642 3.681263 -6.041705 -2.679989 0.612259 -3.858487 -5.015077 -0.000001 0.000003 0.000001 -5.423457 -1.038124 8.068754 15.103657 -1.378820 -16.941267 -8.559813 50.098597 28.832028 -0.000003 -0.000002 0.000000 -22.033487 2.090362 -5.511638 8.049614 1.660389 12.094907 -0.967880 -27.138442 -9.438685 0.000000 0.000001 -0.000001 
-3.889554 104.150787 -2.528533 65.765556 -87.216174 61.374202 1.986974 -0.396250 2.558259 4.444894 -0.681686 0.069918 -5.645701 -6.731059 -1.626514 7.298172 -7.871306 7.170821 -0.000000 0.000001 -0.000000 0.576718 2.258606 4.784317 0.282777 1.033642 7.203738 9.060785 3.187845 2.202400 0.000002 -0.000004 0.000003 -1.412383 -5.902741 -6.973627 2.931609 -5.607351 -1.679534 -3.226763 -2.572799 -4.649145 -0.000002 -0.000002 -0.000003 -7.290013 -0.993699 8.995225 19.935015 -2.820967 -18.109738 -6.579059 44.659168 24.192581 0.000001 -0.000004 -0.000002 -24.502846 1.383123 -2.903026 9.863416 2.420819 10.013359 -1.664901 -23.510940 -8.380594 0.000001 -0.000001 -0.000000 
-4.392025 103.990891 -2.627646 122.770123 -85.281366 118.302633 1.997846 -0.494827 3.112497 4.319568 -1.518149 1.417594 -6.175712 -7.142497 -2.846228 6.907113 -8.000921 7.164120 0.000002 0.000002 -0.000000 0.770307 1.324758 5.705598 1.362568 2.280019 6.543714 8.383681 2.352546 -0.062820 -0.000000 -0.000005 0.000002 -1.396894 -5.726811 -6.710034 2.571444 -5.750431 -0.907927 -4.610664 -2.297542 -4.668211 0.000003 0.000003 0.000001 -9.345365 -1.326734 9.091054 24.724948 -3.856586 -18.028776 -5.863501 37.960532 20.152480 0.000002 -0.000001 -0.000003 -27.197392 1.068634 -1.131819 11.611948 2.869514 8.919788 -1.879477 -21.683224 -7.682109 -0.000000 0.000000 -0.000001 
-4.863629 103.785103 -2.683796 139.329152 -82.037341 136.118130 2.498872 -0.307588 1.588013 4.429070 -3.436599 4.835055 -6.378702 -7.031190 -5.295490 5.510251 -7.891433 7.088666 0.000000 -0.000000 0.000001 0.638575 0.605098 6.843967 2.189900 3.439796 4.998779 7.292954 2.461743 -1.630182 -0.000003 -0.000001 0.000002 -1.273610 -4.562091 -6.224716 1.617061 -5.189922 -0.064367 -6.479987 -2.634425 -4.830605 0.000003 -0.000001 0.000001 -10.596520 -1.531478 7.456990 30.029278 -5.000014 -17.581018 -7.508497 31.265099 17.433324 0.000001 -0.000000 -0.000001 -29.974511 1.660030 -1.953636 13.721961 3.484368 9.556408 -3.166176 -22.606184 -8.260884 -0.000001 0.000000 -0.000002 
-5.324028 103.537788 -2.752682 147.718168 -77.919631 144.988824 2.829597 -0.231535 1.302015 5.199346 -3.897820 5.662866 -7.067963 -7.209382 -5.639000 4.320466 -7.384188 6.534110 -0.000001 0.000000 -0.000000 0.161765 -0.823279 8.057640 3.430589 6.226079 3.481300 6.125766 3.902360 -4.034705 0.000001 0.000001 0.000002 -2.048470 -3.842259 -6.713220 1.842512 -7.078277 0.620039 -7.115073 -4.100949 -1.699574 0.000004 -0.000004 0.000003 -10.506729 -1.500118 6.829345 34.249222 -5.889751 -16.222398 -5.458490 25.022278 13.201718 0.000002 0.000001 -0.000000 -32.896684 1.763188 -1.822264 16.295546 4.101875 9.361199 -3.831603 -21.791737 -8.148903 0.000003 -0.000001 -0.000001 
-5.763917 103.263565 -2.826477 152.192379 -74.480904 149.646344 3.200749 -0.182330 1.291678 6.061058 -3.895824 5.789096 -7.788122 -6.790507 -5.513879 3.636367 -7.039750 6.292067 -0.000000 0.000001 -0.000001 0.086000 -1.982848 8.618552 4.007765 7.671967 2.236652 5.483829 5.248284 -4.833969 0.000001 -0.000006 0.000003 -2.457422 -4.083782 -6.817334 2.080951 -7.892520 0.843579 -7.911359 -5.019858 0.125236 -0.000004 -0.000003 0.000001 -9.511580 -1.525422 7.332617 37.171884 -6.531871 -14.984981 -2.146282 20.432560 9.662786 0.000002 -0.000000 0.000000 -35.059682 1.911552 -1.791655 18.431991 4.659708 9.164934 -4.513770 -20.738847 -8.102317 0.000001 -0.000001 -0.000003 
-6.208849 102.911644 -2.902913 155.070006 -70.476788 153.244897 4.155356 -0.229423 2.220336 4.995385 -2.068572 2.393313 -6.933982 -9.301251 -3.335634 3.249096 -6.700547 5.872732 0.000000 0.000001 -0.000000 0.313982 -2.543644 8.199452 3.451714 7.183426 0.738559 5.149897 5.267140 -4.250142 0.000004 0.000000 0.000001 -2.180443 -3.479959 -6.496324 1.843545 -7.164775 0.907145 -9.394364 -4.491153 0.949904 0.000000 -0.000004 0.000003 -7.175712 -1.159353 7.029261 39.165278 -6.133768 -10.970687 4.625751 14.186255 4.726683 0.000000 -0.000001 0.000002 -38.104751 2.324606 -2.294084 21.929338 5.218816 9.415855 -5.696669 -18.845778 -7.957340 0.000001 0.000001 -0.000001 
-6.635750 102.450157 -2.978812 156.177958 -66.556348 154.885618 5.019300 -0.303735 2.918432 4.556562 -1.265139 0.880556 -6.802264 -10.505817 -2.089037 2.346812 -4.945665 4.654044 -0.000000 -0.000004 -0.000000 0.546503 -2.611382 7.844272 3.534578 6.722989 0.715077 4.263876 4.133709 -5.489314 0.000001 0.000004 -0.000001 -1.826173 -2.861019 -6.194055 1.162875 -6.026243 -0.281314 -11.447405 -3.702034 2.290291 0.000000 -0.000001 -0.000000 -4.454120 -0.628608 6.395502 39.756554 -5.594854 -7.111847 11.128274 7.715815 0.495006 0.000002 -0.000000 -0.000001 -41.928916 2.757859 -2.758090 26.166511 6.203270 10.476859 -7.730955 -16.776418 -7.646806 -0.000000 0.000009 -0.000000 
-7.014562 101.936417 -3.031924 156.250262 -63.780757 155.652156 5.786889 -0.281669 3.096614 4.309577 -1.136481 0.541327 -7.035190 -10.788095 -1.739790 1.473879 -3.903264 3.698068 0.000002 -0.000001 -0.000001 0.491298 -2.752084 7.946356 4.322714 7.414210 1.297698 3.820973 3.759901 -7.053927 0.000003 -0.000001 0.000001 -1.802107 -2.331014 -6.437108 0.501305 -5.567770 -1.227024 -12.738209 -3.174160 3.648816 -0.000002 0.000000 -0.000001 -2.133271 -0.143826 5.672320 39.912702 -5.252463 -3.178147 14.830207 2.533843 -2.156684 -0.000000 -0.000001 -0.000001 -45.356807 3.381156 -3.636187 29.663348 7.395664 12.177645 -8.907868 -16.219293 -7.657280 0.000001 0.000004 -0.000000 
-7.357090 101.269585 -3.060856 156.106077 -61.128731 155.561493 6.815629 -0.330115 4.100191 4.973922 -1.943995 1.862239 -8.671653 -9.849368 -3.058913 1.284535 -3.032207 3.294428 0.000003 -0.000003 0.000000 0.591097 -3.284286 8.048112 4.716282 7.749502 1.201389 3.036484 3.116828 -9.245632 0.000003 -0.000005 0.000002 -1.618190 -1.385235 -6.033183 0.335982 -5.539249 -2.473605 -14.342765 -2.729805 5.743735 0.000002 -0.000002 0.000002 0.793950 0.410209 6.090016 38.409787 -5.132649 -0.270268 18.535265 -2.111960 -4.512641 0.000001 -0.000001 0.000000 -49.496369 4.317870 -4.717653 33.452778 9.013130 13.617717 -9.210620 -16.005041 -7.261263 0.000001 -0.000001 -0.000002 
-7.647973 100.444519 -3.078182 155.289132 -58.750528 154.847656 7.880740 -0.422234 4.756894 5.555871 -2.419895 2.763622 -10.137569 -9.323872 -3.547435 2.289034 -3.955809 4.541541 0.000001 0.000002 -0.000001 1.474117 -3.333787 8.310546 4.676872 6.666176 0.905054 1.361942 1.279933 -10.140995 0.000001 0.000000 0.000001 -0.848593 -1.219558 -5.508174 -0.177753 -3.885727 -3.591952 -17.346239 -1.332252 5.769261 -0.000001 0.000002 0.000002 3.264488 0.945079 6.519300 36.510021 -4.727249 2.128007 21.256066 -6.290448 -6.112452 0.000000 0.000000 0.000001 -54.234649 5.018978 -5.168880 38.201504 10.477371 14.964905 -10.161183 -15.486976 -7.342140 0.000002 0.000003 -0.000000 
-7.898127 99.587395 -3.092993 155.281919 -56.681995 154.802740 9.535239 -0.486421 5.942733 4.388491 -1.241769 0.539721 -9.563354 -10.506918 -1.683871 1.306722 -3.053032 4.005240 0.000002 0.000004 -0.000001 1.958847 -3.438319 8.264502 4.497367 5.864722 0.658429 1.157949 0.481392 -9.625323 0.000002 0.000004 -0.000000 -0.423972 -0.948182 -5.369280 -0.339535 -2.906780 -3.822054 -19.604450 -0.485996 4.735259 0.000001 -0.000002 0.000001 4.950119 1.319327 6.528534 34.921330 -4.812347 3.077998 23.687236 -8.883540 -7.107170 -0.000001 0.000000 0.000002 -57.941219 5.229798 -4.872877 41.981990 11.811683 15.461433 -11.402302 -15.306109 -7.605436 0.000000 0.000002 -0.000001 
-8.090123 98.546402 -3.093629 154.192586 -54.994754 154.663022 10.689933 -0.486091 6.024789 4.560224 -1.078193 0.214441 -10.425623 -11.013533 -1.303899 1.305096 -3.810262 4.851220 0.000003 0.000001 -0.000001 2.330146 -4.170067 8.584754 4.084355 5.718439 -0.265802 -0.058585 0.230928 -10.951966 0.000002 -0.000005 0.000002 -0.285633 -0.423581 -5.116088 -0.513215 -2.635409 -4.317886 -20.667468 -0.487442 5.180075 -0.000000 -0.000001 0.000000 6.097158 1.577562 5.670092 33.367646 -4.860483 4.463162 25.595453 -12.779287 -8.174916 -0.000001 0.000000 0.000001 -62.707222 6.404288 -5.803576 46.046110 13.351055 16.747853 -11.771594 -15.342521 -7.880959 0.000000 -0.000001 -0.000001 
-8.214298 97.315033 -3.074523 154.840006 -52.649325 154.902461 12.768329 -0.462832 6.785503 4.528666 -0.797125 -0.434931 -10.674232 -10.573979 -0.158849 -0.118172 -3.412881 4.472365 0.000001 0.000001 -0.000001 2.285345 -4.917903 8.849970 3.824088 6.154264 -1.086224 -1.417988 0.445268 -13.086747 0.000002 0.000001 -0.000000 -0.453252 0.368389 -5.345528 -1.454434 -2.463594 -4.770777 -21.342210 -1.010008 7.146441 0.000001 -0.000004 0.000002 8.711366 2.040045 6.747640 31.004500 -4.920169 4.801838 26.136827 -15.596597 -8.908927 0.000000 0.000001 0.000001 -67.788337 6.610742 -5.278984 50.925146 14.862157 16.774188 -11.708432 -14.788760 -7.634404 0.000000 -0.000003 -0.000000 
-8.292746 96.034401 -3.052835 153.913095 -51.903164 154.570910 13.649121 -0.435428 6.925145 3.956804 -0.817106 -0.389970 -10.383434 -11.304491 -0.183166 -0.533332 -3.646072 4.555511 0.000001 -0.000000 -0.000001 2.259124 -4.468528 9.122063 3.226134 5.836552 -1.616936 -1.643278 0.452055 -14.080597 0.000003 0.000002 0.000001 -0.363002 0.636500 -5.354681 -2.222662 -1.654834 -4.831265 -22.094532 -1.048902 6.777867 0.000002 -0.000004 0.000003 9.954199 2.197293 7.463062 29.861399 -4.788163 5.937509 26.409794 -18.868743 -9.685362 -0.000000 0.000001 -0.000001 -71.791920 7.644556 -5.838225 54.322356 16.222770 17.894718 -12.376010 -15.434684 -8.338348 0.000001 0.000000 -0.000000 
-8.299900 94.564415 -3.019833 155.431132 -50.753005 155.123254 15.808365 -0.300604 7.390003 4.376516 -1.758718 1.287008 -11.259898 -9.363550 -1.192178 -0.376794 -4.430185 4.815605 -0.000000 -0.000003 -0.000000 1.794322 -5.135186 9.317787 2.929030 6.289353 -2.278802 -3.619423 0.549500 -16.257329 0.000003 0.000002 0.000001 -0.642407 1.580690 -4.595999 -2.503868 -2.270572 -5.045610 -22.296067 -1.578131 7.213197 0.000005 0.000001 0.000001 11.559460 2.362118 8.024408 31.154398 -4.578120 6.328091 24.518938 -20.026610 -10.022202 0.000000 -0.000002 -0.000003 -75.292249 7.869601 -5.294449 57.947052 17.783634 18.961560 -13.051027 -15.611576 -8.560206 0.000000 0.000000 -0.000001 
-8.242046 92.891632 -3.012839 156.057501 -50.055226 155.300429 17.317803 -0.118427 7.857304 4.442176 -2.423036 2.403242 -11.748947 -8.695996 -1.907876 0.203466 -5.166924 4.913845 0.000000 0.000001 -0.000002 1.271997 -6.024022 9.781844 3.060718 7.070635 -3.176671 -4.879509 0.892909 -17.013525 0.000002 0.000000 -0.000001 -0.995731 3.358828 -4.226226 -3.095401 -2.509328 -5.468661 -22.982483 -1.892904 6.871917 0.000004 -0.000001 0.000001 11.618300 2.305964 7.484585 34.925838 -4.321248 6.596263 20.273958 -18.474091 -9.676082 -0.000000 0.000000 -0.000002 -78.916641 8.807832 -5.656382 60.841126 19.242694 20.747039 -13.798868 -16.090438 -9.185714 0.000001 -0.000005 0.000000 
-8.170805 91.234833 -3.006356 156.865075 -48.908171 156.128576 18.338901 -0.007515 7.663235 3.900177 -1.585280 0.870252 -11.257810 -8.953914 -0.419732 0.539293 -6.378055 5.353671 0.000003 0.000001 -0.000000 1.229502 -6.942460 9.693305 2.266922 6.927722 -3.844868 -5.521999 1.041241 -16.387074 0.000002 -0.000001 0.000001 -1.346904 3.354472 -3.623751 -3.251377 -2.805113 -5.561733 -23.074039 -2.199013 7.442970 0.000001 0.000003 0.000001 11.747805 2.291077 6.730792 37.208036 -4.298248 5.186243 17.749169 -15.301847 -8.690397 0.000000 0.000000 0.000002 -81.835160 8.994592 -5.336192 63.818945 19.700782 20.038119 -13.167370 -14.605663 -8.583264 0.000000 0.000001 0.000000 
-8.062450 89.397842 -3.009124 159.420249 -47.773782 157.555225 20.110696 0.160739 7.872815 4.168454 -2.070635 1.727835 -11.705317 -7.407712 -0.735994 1.058717 -6.545003 5.094734 0.000001 0.000001 -0.000001 1.102228 -7.378003 9.299782 2.349505 7.605200 -4.206034 -5.360256 1.758056 -15.173595 0.000003 -0.000001 0.000001 -1.437856 4.573205 -2.940311 -4.112261 -2.655035 -6.173069 -21.992494 -2.740544 5.730000 -0.000000 -0.000001 0.000001 13.274841 2.568305 6.560337 39.184095 -4.924969 2.772864 15.292995 -11.245467 -7.401213 -0.000000 0.000001 0.000002 -84.593566 8.523899 -4.397174 67.513025 21.261581 20.304091 -13.564000 -15.233461 -9.199755 0.000001 -0.000001 -0.000001 
-7.925190 87.411957 -3.012278 161.783645 -47.229843 159.042239 21.864313 0.288816 8.407884 3.462272 -1.579978 0.956972 -11.168854 -7.220704 -0.138510 0.857026 -6.542649 5.257635 -0.000000 0.000001 -0.000002 0.825715 -6.857048 8.879208 2.166725 7.074253 -4.291280 -6.540771 1.285003 -14.659387 0.000003 0.000004 -0.000000 -1.400963 4.316547 -2.175447 -5.240072 -1.442254 -7.065216 -21.101475 -2.434231 4.564228 0.000003 -0.000001 -0.000000 14.666849 2.608216 6.788940 41.829554 -5.856657 -0.266664 12.696165 -6.774124 -5.754289 -0.000001 0.000000 -0.000005 -87.739681 8.619459 -3.827594 71.202646 23.056403 20.300999 -13.490991 -16.922075 -9.554569 0.000002 0.000000 -0.000001 
-7.776538 85.477783 -3.009566 162.136014 -47.571854 160.146626 21.946255 0.336631 8.058700 3.343391 -1.953146 1.598938 -10.939473 -7.521524 -0.620865 0.976997 -6.654309 5.265247 0.000001 -0.000001 0.000001 0.694731 -8.378050 8.974401 2.385812 7.876382 -4.666992 -6.617284 1.983132 -14.057229 0.000002 0.000004 -0.000000 -1.598646 5.588152 -1.809101 -5.826649 -1.854999 -7.514173 -21.396684 -3.131188 5.636072 -0.000000 -0.000003 0.000002 14.629490 2.500669 6.333544 44.017448 -6.460222 -1.990487 10.865986 -4.288947 -4.710972 -0.000000 -0.000001 0.000002 -90.380478 9.624882 -4.289749 74.079248 24.109717 19.735316 -12.815394 -17.455855 -9.254923 0.000001 0.000001 -0.000001 
-7.608675 83.431168 -3.006469 165.360615 -47.369056 162.146901 24.039824 0.518323 8.999706 2.525591 -0.866918 -0.300877 -10.279717 -7.877008 0.937458 1.362167 -6.805510 5.271073 0.000003 -0.000002 0.000001 0.914216 -8.995140 8.645638 1.888114 7.556691 -4.389388 -7.558552 2.027170 -14.148132 0.000002 0.000000 -0.000001 -1.263429 6.495743 -1.064856 -6.508684 -1.130644 -7.729587 -24.293103 -2.783836 5.043928 0.000001 -0.000002 0.000001 16.499872 2.783872 6.782170 46.145858 -7.264161 -5.043773 9.021633 -1.540423 -3.408715 -0.000000 0.000001 -0.000001 -91.726975 9.184600 -3.732906 77.466865 25.050806 19.111059 -13.048065 -16.861534 -9.213534 0.000001 0.000001 -0.000001 
-7.447919 81.307869 -3.024247 167.789498 -47.514027 163.943419 25.011487 0.617343 9.140968 1.874875 -0.645906 -0.695622 -9.764776 -7.439358 1.519916 1.791335 -7.296747 5.515312 -0.000001 -0.000001 -0.000000 0.888257 -9.323307 8.393605 2.453193 8.265840 -3.772878 -6.329146 2.071775 -13.597178 -0.000000 0.000002 0.000001 -1.492322 5.383287 -0.681793 -6.936767 -1.268717 -7.928447 -24.127008 -2.696856 5.580236 0.000003 0.000003 0.000000 18.937294 3.287124 7.981167 47.897589 -7.739921 -6.966281 7.092162 0.423686 -2.317420 -0.000000 -0.000001 -0.000003 -92.972836 9.357518 -3.779120 80.413108 25.736096 18.523159 -13.092914 -16.042607 -8.917935 0.000001 0.000001 -0.000000 
-7.294398 79.289246 -3.060826 167.265199 -48.269729 164.487580 24.009179 0.565460 8.842082 2.375814 -1.588637 0.904591 -10.246454 -7.376220 0.218790 1.760640 -7.263145 5.410883 0.000001 0.000000 0.000000 0.426291 -7.843607 7.578333 2.082891 8.203096 -2.811216 -4.340446 2.142860 -13.487936 -0.000000 0.000000 -0.000001 -1.710899 4.688913 -0.386758 -7.246974 -1.294606 -7.950729 -24.217443 -2.774515 5.399574 0.000001 0.000001 0.000001 19.471233 3.499745 8.836853 49.091066 -7.798455 -7.502457 5.856728 1.047178 -1.781213 -0.000000 -0.000001 0.000003 -94.376234 10.814788 -4.885216 81.718303 26.255590 18.865903 -13.357249 -15.970241 -8.974492 -0.000000 0.000001 0.000000 
-7.151391 77.237915 -3.157742 168.574806 -48.895347 165.072067 23.828751 0.584557 9.229979 2.204274 -1.655922 1.120361 -10.171352 -7.761218 -0.143945 2.655925 -7.827244 6.319666 0.000001 0.000001 0.000000 0.262628 -7.479219 7.570076 1.883209 8.270895 -2.302419 -1.960511 2.419854 -12.718932 0.000003 0.000000 0.000001 -1.829355 4.110410 -1.035751 -7.703402 -1.295040 -8.172776 -17.008061 -3.381696 -1.478909 0.000000 -0.000005 0.000001 20.835352 3.935694 10.150518 50.479121 -8.148197 -8.183586 4.036477 2.233544 -1.011942 -0.000000 -0.000000 -0.000002 -94.305474 12.361462 -6.260303 80.380241 27.539984 21.830166 -12.849773 -17.228836 -9.142028 -0.000000 0.000001 0.000000 
-7.050914 75.217850 -3.288496 169.335921 -48.829852 165.057067 23.019781 0.580910 9.182329 1.936152 -1.703752 1.321338 -9.693709 -7.718169 0.101188 2.700047 -8.320168 7.097439 0.000006 0.000001 0.000000 0.226472 -7.724393 8.302411 2.441614 8.775781 -2.531768 -0.819823 2.657990 -12.845565 0.000002 0.000002 0.000000 -2.282228 2.158724 -1.556439 -7.378829 -1.619793 -8.046824 -10.704318 -4.802596 -5.263057 -0.000000 0.000001 -0.000000 21.918975 4.233902 11.013941 50.960782 -8.640956 -10.134711 2.699569 5.276943 0.666817 -0.000001 -0.000000 -0.000000 -94.663676 13.536838 -7.145140 78.944221 28.421010 24.470140 -12.288038 -18.039904 -9.384100 0.000001 -0.000001 -0.000002 
-6.948320 73.371765 -3.384809 168.932189 -48.720849 164.970829 22.183355 0.545991 8.649746 1.685084 -2.070230 2.037013 -9.424271 -7.884071 -0.071823 2.443946 -8.472794 7.376913 0.000001 0.000002 0.000001 -0.189677 -6.755478 8.433558 3.245118 9.364625 -2.383683 0.623695 2.720780 -12.858260 -0.000001 -0.000003 0.000002 -2.290114 2.941490 -2.041041 -7.106151 -1.960568 -7.827000 -6.630032 -6.052271 -8.084156 -0.000000 0.000001 0.000001 22.472188 4.283855 11.589316 51.171873 -8.571733 -10.717999 2.361813 7.261997 1.772426 -0.000001 -0.000001 -0.000001 -95.601953 14.835263 -7.948437 78.245158 29.122475 26.362729 -11.921415 -18.853134 -9.518201 0.000002 -0.000003 -0.000000 
-6.895633 71.588943 -3.522842 169.080158 -48.868050 164.084052 22.020701 0.611169 9.574956 1.292320 -2.148339 2.148562 -9.551337 -8.084204 -0.080388 2.199556 -9.396914 8.253208 0.000002 -0.000003 0.000001 -0.508929 -7.402918 9.082511 4.638678 11.201725 -2.693695 3.031203 3.971093 -12.652314 0.000002 -0.000003 0.000003 -2.894115 1.912815 -1.815076 -6.912418 -3.264752 -8.377720 -2.649788 -8.144485 -9.185835 0.000002 -0.000000 0.000001 23.172679 4.587535 13.024536 51.360318 -8.747840 -11.647995 2.297732 7.626445 1.938108 -0.000001 0.000000 -0.000000 -95.772223 16.043887 -8.942468 76.344952 29.618887 28.800534 -11.023978 -19.839319 -9.558409 0.000000 -0.000001 -0.000000 
-6.859294 69.904205 -3.664150 169.080172 -49.023792 163.265946 21.870686 0.642549 10.010849 0.591092 -2.304300 2.456445 -9.216463 -8.111184 0.077052 1.628473 -10.367656 9.231838 0.000003 -0.000005 0.000000 -0.271836 -8.033293 9.683299 5.567809 11.643597 -2.854663 3.795802 3.929842 -12.634865 0.000002 -0.000003 0.000002 -2.948682 0.705240 -1.292570 -6.720865 -3.158760 -8.859430 -0.107676 -9.075245 -10.860485 0.000003 -0.000003 0.000001 23.930017 4.851068 14.162897 51.113605 -9.040207 -12.704909 1.764268 8.850706 2.697343 -0.000000 -0.000001 -0.000000 -96.441513 17.029714 -9.505234 75.383726 30.104298 30.264787 -9.908041 -20.425580 -9.366669 0.000002 0.000003 -0.000000 
-6.843970 68.387634 -3.797315 168.628901 -48.655812 162.482086 21.775502 0.680726 10.661574 0.092259 -2.217020 2.274787 -9.138465 -8.545755 0.186625 0.806410 -10.677893 9.579771 0.000002 0.000002 -0.000000 -0.248108 -7.794782 9.730182 5.877750 11.747209 -3.016163 4.356135 3.946900 -12.198784 0.000003 -0.000003 0.000002 -2.836435 0.655326 -0.988621 -6.513281 -3.258792 -8.902482 0.869916 -9.452151 -12.625488 0.000001 0.000001 -0.000001 24.488610 5.195263 15.172820 50.022963 -9.472024 -14.591856 1.407070 10.614181 3.526675 -0.000001 -0.000000 0.000002 -97.081399 17.209285 -9.484176 75.158336 29.953173 29.899310 -9.114101 -20.011686 -8.829879 0.000002 -0.000005 -0.000001 
-6.853919 66.980911 -3.926103 167.081781 -48.767721 161.158641 20.708765 0.587619 10.841892 -0.013169 -2.675200 3.020081 -9.259892 -8.977642 -0.240104 0.308257 -11.705468 10.287837 0.000001 0.000000 -0.000000 -0.302126 -7.822360 9.685316 5.331307 11.630805 -3.362262 5.481236 4.282616 -12.039550 0.000001 0.000004 -0.000001 -2.993050 0.846589 -0.434518 -5.414045 -4.615862 -9.047501 0.980809 -10.336346 -13.967732 0.000001 0.000009 -0.000001 24.116937 5.099073 15.639137 49.296204 -9.879077 -16.741139 0.099194 12.121497 4.592027 0.000000 0.000000 -0.000000 -98.350831 18.303722 -9.988484 74.905237 30.134361 30.648845 -8.356841 -19.874440 -8.586334 -0.000001 -0.000003 -0.000001 
-6.882777 65.686119 -4.034867 165.292053 -48.700471 159.814078 19.420586 0.487315 10.905468 -0.222491 -2.989647 3.539949 -9.287349 -9.627628 -0.511790 -0.421480 -12.255058 10.862724 0.000001 0.000000 -0.000001 -0.349491 -7.695565 9.608285 5.450811 12.044419 -3.649076 5.952318 4.763434 -12.216995 0.000003 0.000000 0.000001 -3.010872 1.368544 -0.058185 -3.303063 -6.793480 -8.424489 1.061360 -10.958738 -15.340448 0.000001 0.000001 -0.000002 23.650705 5.113408 15.917858 48.724104 -10.183196 -17.766826 0.048552 12.356891 4.684826 0.000000 -0.000000 0.000001 -99.833098 19.159828 -10.285623 74.953922 30.412247 31.102612 -7.805302 -19.913913 -8.420670 0.000001 -0.000001 -0.000001 
-6.928404 64.523560 -4.140646 164.417488 -48.547530 158.900594 18.786968 0.383967 11.152784 -0.446899 -3.146068 3.788849 -9.316453 -10.028992 -0.547756 -0.645761 -12.631288 11.326789 0.000000 0.000001 -0.000000 -0.210147 -6.957438 9.648458 5.113658 11.747506 -3.930052 6.516464 4.937075 -12.320931 0.000001 -0.000001 0.000001 -2.805789 1.782585 0.507363 -1.524117 -8.164944 -7.869487 0.850162 -11.455168 -17.021673 0.000001 -0.000003 -0.000000 23.552878 5.148893 16.119485 48.571886 -10.433138 -18.199476 1.146531 11.639610 4.054419 0.000000 0.000000 -0.000002 -100.956493 19.415964 -10.200228 75.207957 30.798535 31.633642 -7.691384 -20.403319 -8.689446 -0.000000 -0.000003 -0.000001 
-7.023614 63.444855 -4.256006 164.934288 -48.326201 158.546668 18.762077 0.356274 11.660150 -0.704582 -3.241089 3.964668 -9.472649 -9.921928 -0.505162 -0.566619 -13.078713 12.094559 0.000001 -0.000000 0.000000 0.179336 -6.545617 9.843640 5.044263 11.435278 -4.034846 7.009155 4.874954 -12.921660 0.000004 -0.000001 0.000002 -2.484741 1.690333 1.367514 -1.043356 -8.116034 -8.581957 1.273096 -12.134428 -19.246758 0.000001 0.000002 -0.000001 24.602975 5.382871 16.264878 47.420064 -10.851762 -19.411474 5.199539 9.686313 2.083963 -0.000000 -0.000000 -0.000001 -100.794659 19.318015 -10.144233 74.939244 31.151810 32.092747 -6.915242 -20.481659 -8.503469 -0.000000 0.000001 -0.000000 
-7.137196 62.423439 -4.386186 165.194518 -48.537045 157.606492 17.943563 0.225030 11.944714 -0.462493 -3.718957 4.945443 -9.956859 -9.172343 -0.916189 -0.017863 -13.684677 13.079161 0.000001 0.000000 -0.000000 0.834592 -7.414543 10.581955 4.712774 10.686990 -4.614347 7.660267 4.733779 -12.650670 0.000002 -0.000005 0.000002 -2.301712 0.300893 2.822384 -0.929884 -7.392530 -10.244830 0.946735 -12.714954 -21.143149 0.000005 -0.000004 0.000002 25.424324 5.407561 16.831546 46.387445 -10.804020 -19.854615 11.060615 5.435357 -0.845291 -0.000000 -0.000000 0.000002 -100.360976 20.020551 -10.633992 73.642396 31.454384 33.772499 -5.379606 -20.248429 -7.737945 0.000001 -0.000003 -0.000001 
-7.262764 61.464951 -4.554204 166.286788 -48.955398 157.466665 17.912928 0.219926 12.114846 -1.119489 -3.706424 4.841446 -9.140314 -9.688074 -0.328271 0.642038 -14.076725 13.454469 0.000000 0.000001 0.000000 0.504811 -5.875721 10.328228 4.131300 10.326797 -3.980919 8.409238 4.693319 -13.705499 0.000003 0.000002 -0.000000 -2.392490 -0.693792 3.997314 -1.220735 -7.014899 -11.666287 0.758856 -13.330403 -22.047700 0.000003 -0.000005 0.000005 26.441578 5.671667 17.327444 45.126186 -10.641367 -20.473934 16.748437 0.682127 -3.413545 -0.000000 -0.000001 -0.000002 -99.956438 19.834248 -10.567645 73.883153 31.902700 34.427159 -5.231337 -20.740139 -7.979354 0.000002 -0.000003 -0.000002 
-7.386352 60.531506 -4.738820 166.177901 -49.326994 157.007389 17.218680 0.209497 12.283543 -2.138946 -3.645865 4.787608 -8.421047 -10.698286 -0.458553 0.893620 -14.388065 13.567627 0.000004 -0.000000 -0.000000 0.303436 -4.125544 10.504649 3.624649 9.648034 -3.586834 8.717212 4.110693 -14.417310 0.000003 -0.000001 0.000001 -1.988566 0.600544 4.642546 -1.714181 -5.972124 -12.236804 1.670025 -13.813935 -23.881104 0.000000 0.000003 0.000004 27.057772 5.658258 17.167177 42.214852 -9.459792 -19.443443 22.373147 -4.848618 -5.542654 0.000003 -0.000001 -0.000001 -100.175229 20.566417 -10.998383 73.825882 32.786773 36.200173 -4.984085 -21.245877 -8.247009 0.000001 0.000002 -0.000002 
-7.501848 59.615360 -4.955444 166.282936 -50.331725 156.448638 15.912947 0.076925 11.914520 -1.868932 -4.071994 5.588226 -8.109133 -10.691491 -0.608750 1.198309 -15.033041 14.158916 -0.000000 -0.000000 -0.000001 1.090408 -5.079434 10.965946 2.745809 8.416455 -3.641532 7.473227 3.310549 -14.466679 0.000003 0.000002 0.000000 -1.573018 0.059563 5.107963 -2.261856 -4.546444 -12.762946 4.038308 -14.157562 -24.397292 0.000005 0.000000 0.000005 27.244501 5.552576 17.149188 39.006681 -8.293401 -17.608081 27.427822 -9.503069 -6.936073 0.000003 -0.000002 0.000001 -99.620980 21.828836 -12.061871 72.827206 33.142045 37.997794 -3.485319 -21.057480 -7.722734 0.000001 0.000000 -0.000001 
-7.597695 58.768040 -5.176570 167.531945 -50.302243 156.431713 15.723331 0.050455 11.946607 -0.650678 -4.874289 7.103682 -9.259782 -8.960879 -1.819932 2.217345 -15.724796 15.087277 0.000000 0.000000 -0.000000 1.198053 -5.232867 11.374265 2.784189 8.321781 -3.401109 6.581170 3.065737 -15.128676 0.000003 0.000002 -0.000000 -1.600836 -0.473609 5.583048 -2.673718 -4.153404 -13.141135 5.382784 -14.737250 -24.221024 0.000001 0.000001 -0.000000 28.096364 5.560779 16.856671 36.642312 -7.584464 -16.021619 31.254556 -14.459369 -8.062515 -0.000000 -0.000002 -0.000000 -99.064121 22.001299 -12.264402 71.721576 33.323796 39.264705 -2.447069 -21.295244 -7.286276 0.000001 -0.000002 -0.000001 
-7.665000 57.958920 -5.383368 169.474287 -50.627596 156.616716 16.617131 0.133346 13.001322 -2.269549 -4.185588 5.660716 -8.163597 -9.389105 -0.977308 1.788413 -16.127842 15.345557 0.000001 0.000001 0.000000 0.927154 -4.742668 11.467810 3.719770 9.353603 -2.680574 6.564510 3.137630 -15.813423 0.000001 -0.000001 0.000001 -1.724369 -0.304690 5.398243 -2.742373 -4.835225 -12.723059 5.891061 -14.876792 -24.552976 -0.000000 0.000001 -0.000000 29.990063 6.307652 17.513976 35.305118 -7.150554 -13.953519 33.913764 -17.525106 -8.662207 -0.000005 0.000002 0.000000 -98.291149 21.326154 -12.082180 71.443779 33.966080 40.512536 -2.109741 -22.103530 -7.402650 0.000001 0.000000 -0.000002 
-7.731059 57.186115 -5.604714 170.239801 -51.312425 156.690113 16.671658 0.075000 13.954784 -3.069798 -3.790217 4.917801 -7.832230 -10.311969 -1.040532 1.599552 -16.482206 15.619968 0.000002 -0.000000 0.000000 0.930045 -4.403236 11.251798 4.441777 9.685735 -1.792615 7.190382 2.987308 -15.091195 0.000000 -0.000002 0.000001 -1.647623 -0.747155 5.248759 -2.879746 -4.398771 -12.298485 7.433317 -14.976503 -24.880335 0.000000 -0.000001 0.000003 31.557188 6.894489 18.146004 33.394427 -6.573113 -13.269980 37.125869 -18.789902 -8.700866 -0.000003 -0.000002 -0.000000 -98.352784 21.403265 -12.159873 72.333261 34.402293 40.654413 -2.338499 -21.856274 -7.524474 0.000001 0.000000 -0.000000 
-7.796665 56.456379 -5.836704 170.579863 -51.727939 156.913283 16.012678 -0.003661 13.719812 -3.180007 -3.926844 5.090047 -7.635031 -10.636637 -1.293964 1.764848 -17.030009 16.081853 0.000001 0.000001 0.000001 0.972622 -4.660523 11.292283 5.128688 10.206795 -1.155387 7.505142 2.974202 -14.770260 0.000003 -0.000001 0.000001 -1.716394 -1.408319 5.275533 -2.842113 -4.448808 -12.173492 8.381800 -15.185244 -24.960394 -0.000001 -0.000001 0.000000 32.465716 7.198894 18.183596 32.343439 -6.077998 -12.417683 38.938321 -20.411378 -8.828532 -0.000003 -0.000001 -0.000001 -98.526483 21.524814 -12.247496 73.409808 34.763723 40.470046 -2.270998 -21.592916 -7.518287 0.000001 0.000000 -0.000000 
-7.863533 55.724998 -6.095723 170.966916 -52.315134 156.924826 15.311828 -0.056814 13.555239 -3.596569 -4.215677 5.470597 -7.481692 -11.129500 -1.757599 1.754071 -17.498794 16.456721 0.000001 0.000000 0.000001 0.684197 -4.285637 11.218003 5.100413 10.348211 -0.502823 8.340674 3.491393 -14.474023 0.000003 0.000002 0.000000 -1.952526 -1.874398 5.306435 -2.084555 -5.325917 -11.960376 8.903850 -15.824158 -25.025825 -0.000000 -0.000002 -0.000003 33.815269 7.598205 18.789710 30.831341 -5.529044 -11.608255 41.269902 -21.025662 -8.651095 -0.000003 0.000002 -0.000001 -98.294345 22.334363 -12.952930 72.932015 35.332575 42.188593 -2.658898 -22.656320 -8.132480 0.000002 0.000001 -0.000001 
-7.914163 55.024094 -6.332262 171.719207 -52.622346 156.892109 15.123256 -0.025867 13.838975 -4.724747 -4.246397 5.418022 -6.524219 -11.526924 -1.785080 1.354312 -18.133719 16.912409 0.000001 0.000000 -0.000001 0.419703 -4.155441 11.231974 5.358038 10.874319 0.310845 8.095396 4.155964 -15.478713 0.000002 0.000002 0.000001 -2.269749 -2.367498 5.106823 -1.590504 -6.034248 -11.681057 9.615702 -16.906076 -25.016761 0.000001 -0.000001 0.000005 35.123667 7.706140 18.761266 29.488563 -5.247768 -10.813630 42.947926 -20.762459 -8.440481 0.000003 0.000000 0.000002 -98.236876 22.636832 -13.159938 71.885487 36.759392 45.770590 -4.561278 -24.719807 -9.676746 0.000002 -0.000001 -0.000000 
-7.951743 54.357014 -6.554262 171.210180 -52.890652 156.429405 14.366326 -0.076017 13.856258 -4.809950 -4.599958 5.854435 -6.749085 -11.361089 -2.233454 0.667406 -18.452431 16.967107 0.000001 0.000001 -0.000000 0.084021 -3.689504 11.491223 5.493906 11.535564 0.742164 8.990655 4.400970 -15.961864 -0.000000 0.000002 0.000001 -2.537943 -2.896877 4.758881 -1.308658 -6.906955 -11.737607 9.653999 -16.978887 -25.077135 -0.000001 -0.000001 -0.000002 35.726496 7.971940 18.418355 29.021122 -4.841325 -8.702497 43.947486 -22.085683 -8.504124 -0.000003 -0.000001 0.000002 -99.077611 22.898213 -13.207689 72.240602 38.043105 47.742834 -6.199542 -25.670136 -10.756816 0.000001 0.000002 -0.000000 
-7.987997 53.680531 -6.790693 170.750986 -53.472267 155.655968 13.392934 -0.147382 13.758097 -5.093170 -5.168059 6.530313 -6.744034 -11.724418 -2.861207 0.337280 -19.158812 17.324153 -0.000000 0.000002 0.000001 -0.188657 -4.022708 11.491951 5.693413 12.740007 1.211316 9.103865 5.693020 -15.963322 0.000001 -0.000001 0.000001 -3.066042 -4.183827 4.921025 -1.275690 -8.185536 -12.529369 9.153027 -17.929477 -24.506191 -0.000000 -0.000004 -0.000003 35.750856 7.584450 16.788637 28.748464 -4.858630 -6.543943 43.838067 -23.064888 -8.855197 -0.000001 -0.000000 -0.000003 -99.684541 23.145010 -13.247516 70.428765 40.001290 52.919223 -9.278830 -28.002042 -12.975824 0.000002 -0.000004 -0.000001 
-8.016746 52.988525 -7.028819 168.357688 -54.559899 153.981588 11.392463 -0.314353 12.860104 -5.209776 -6.366348 8.201462 -7.022827 -13.323002 -4.365766 0.687347 -19.493691 17.405766 0.000001 0.000000 0.000001 -0.766845 -1.344333 11.857481 5.627843 12.601243 1.831507 8.821515 5.964881 -14.769919 0.000001 -0.000005 0.000002 -3.072479 -3.197954 4.598337 -0.439565 -8.945433 -12.062987 8.770423 -18.048886 -24.948501 0.000000 -0.000000 0.000002 34.885697 6.875814 15.192501 28.681358 -4.916682 -3.828136 43.690927 -23.874093 -9.004985 -0.000000 -0.000002 0.000002 -99.992699 25.341028 -14.770868 66.561976 41.181902 59.645515 -12.894525 -30.436235 -15.859725 0.000000 0.000001 -0.000000 
-8.047480 52.347454 -7.253531 167.170710 -55.393732 153.209011 9.919225 -0.400812 11.753565 -3.891766 -7.822673 10.434068 -8.431980 -12.734627 -5.973503 1.287773 -20.410489 17.861199 0.000001 -0.000001 0.000000 -0.868035 -1.649147 11.937014 5.972746 13.355529 2.439776 7.734223 6.357288 -14.495224 0.000000 0.000000 -0.000001 -3.462270 -5.341443 4.772906 -0.853823 -9.170104 -13.081520 8.216992 -17.879487 -24.600745 0.000003 0.000000 0.000004 34.460842 6.667521 14.078557 28.865547 -4.881609 -1.895223 43.407498 -24.655666 -9.166114 -0.000002 0.000002 -0.000001 -100.943174 26.303600 -15.261168 65.162347 42.347306 63.571480 -15.398105 -31.869000 -17.914531 0.000001 0.000006 -0.000000 
-8.069386 51.721195 -7.459961 167.988817 -55.364243 153.090863 10.018446 -0.456822 12.278812 -6.250202 -6.931215 8.665534 -6.321120 -14.196883 -4.709894 1.670251 -20.634654 18.375813 0.000001 0.000001 0.000000 -0.561962 -1.276483 12.060430 5.806962 12.603249 2.608363 6.798445 6.688607 -11.610666 0.000002 0.000004 0.000001 -3.194433 -6.460959 4.752262 -0.278678 -8.963274 -13.251399 7.424767 -16.929780 -25.055692 0.000002 -0.000001 0.000004 35.414982 6.835676 13.720679 28.738294 -5.227431 -0.507873 42.506221 -24.694457 -9.406488 0.000004 -0.000003 0.000000 -101.298399 26.726358 -15.462145 61.589332 42.769272 69.032230 -18.167345 -34.481469 -20.699187 0.000001 -0.000002 -0.000000 
-8.101041 51.129135 -7.658772 168.752364 -55.362163 153.097201 10.028074 -0.509799 12.757531 -7.601930 -6.239636 7.564768 -5.415118 -15.272815 -4.059447 1.167815 -20.935804 18.716503 0.000001 0.000000 -0.000000 -0.566726 -0.370167 11.904522 5.683569 12.961279 3.746867 6.262317 7.656140 -9.492983 0.000001 0.000003 0.000001 -3.288808 -7.987171 4.118937 0.238597 -9.878565 -13.347907 7.215859 -17.027207 -24.353466 0.000006 -0.000007 -0.000001 36.177671 7.159099 13.933167 28.485179 -5.163864 -0.085504 41.825551 -25.052627 -9.456000 0.000001 -0.000000 -0.000004 -101.790903 26.803981 -15.374831 59.554591 43.184172 72.920315 -20.270284 -35.338999 -22.472680 0.000001 -0.000005 -0.000002 
-8.129280 50.570759 -7.855628 168.956887 -54.994183 153.310344 9.274176 -0.570504 12.177027 -7.251340 -6.332355 7.679959 -5.601528 -14.861732 -3.918510 0.673914 -21.295656 18.806424 0.000001 0.000001 -0.000001 -0.945944 0.627267 11.675647 5.035930 13.059568 4.544365 5.570945 8.361859 -8.342173 0.000003 0.000004 0.000002 -3.699650 -9.161702 3.401567 0.523569 -10.774155 -13.631731 7.197983 -17.245562 -23.535789 0.000000 0.000001 0.000002 36.795370 7.526039 14.220416 27.762585 -5.020149 -0.909203 41.305555 -25.004831 -9.472969 -0.000001 0.000001 -0.000002 -102.743517 26.253867 -14.716406 60.785446 44.001673 72.703757 -21.155416 -34.376871 -22.716682 0.000002 -0.000001 -0.000001 
-8.171303 50.047668 -8.042442 166.712610 -56.073883 152.651313 6.925697 -0.628672 10.574151 -5.625241 -7.456678 9.742832 -7.355701 -15.070269 -6.026227 0.833709 -21.526077 19.255960 0.000001 0.000001 -0.000001 -0.863777 0.120613 11.715396 4.792724 13.165757 4.825498 4.410730 9.117058 -6.475582 0.000002 -0.000007 0.000002 -3.925873 -10.122286 2.736941 0.863790 -11.688795 -14.306526 8.140260 -17.847023 -22.484674 0.000000 -0.000002 0.000003 36.282614 7.586326 15.172483 27.131436 -4.938339 -0.695944 41.803770 -26.048864 -9.504735 0.000000 0.000000 0.000001 -102.990804 28.395033 -16.179472 59.222105 44.223009 75.454848 -22.424227 -33.993052 -23.036712 -0.000000 0.000009 -0.000000 
-8.210723 49.574959 -8.227394 166.192805 -57.036611 152.533369 5.961301 -0.719084 9.969679 -6.779846 -6.931778 8.844513 -6.056517 -17.474593 -5.561176 1.215119 -21.219690 19.548812 -0.000000 -0.000000 -0.000000 -0.765272 1.617361 11.082615 4.306778 11.641858 5.801365 4.493121 9.149014 -3.149837 0.000002 0.000005 0.000003 -3.372343 -9.859996 2.399271 1.599922 -10.970366 -14.950367 9.722735 -17.293797 -22.065855 0.000004 -0.000003 -0.000000 36.457839 7.652186 15.790316 27.109485 -5.051895 0.518097 41.186853 -27.108418 -9.694694 -0.000001 -0.000002 0.000001 -103.015208 29.399132 -16.794853 57.740739 44.582076 78.030301 -23.081152 -34.987043 -23.658904 0.000001 0.000002 -0.000001 
-8.258006 49.145859 -8.416149 167.282275 -57.091792 152.604731 5.858789 -0.829769 10.803554 -7.173480 -6.442333 8.043684 -5.903014 -18.372782 -5.350317 1.144726 -20.931154 19.467967 0.000001 -0.000001 -0.000003 -0.976544 2.516008 10.699446 4.157566 11.486330 6.202230 3.853485 9.017173 -1.614987 0.000002 0.000003 0.000002 -3.584746 -11.011352 1.828942 1.942374 -11.610175 -16.080769 10.001239 -16.423646 -21.164589 0.000004 0.000000 -0.000002 37.278592 8.156228 16.267100 26.874819 -5.145844 0.719620 40.226717 -27.272455 -9.934175 -0.000004 -0.000001 -0.000000 -102.345774 28.886632 -16.770020 56.874381 44.584476 79.454238 -23.060438 -34.731167 -23.529088 0.000003 -0.000002 -0.000001 
-8.287516 48.765865 -8.593632 167.692742 -57.062679 152.682404 5.232704 -0.764554 10.405721 -6.920029 -6.783226 8.459671 -6.167663 -17.792551 -5.938918 1.745527 -21.890632 20.029255 0.000002 0.000001 -0.000001 -0.751700 1.316456 10.485105 4.930448 12.076533 6.687550 2.927653 9.285864 0.382894 0.000002 0.000005 0.000003 -4.111987 -13.608376 0.857554 3.015594 -12.743977 -17.436390 10.961597 -15.515299 -19.653251 0.000005 -0.000005 0.000001 37.751022 8.595641 17.240099 26.647075 -5.439244 0.263616 40.126368 -25.723894 -9.795010 -0.000002 0.000001 0.000000 -102.282377 28.928723 -16.881417 55.470101 44.682315 81.810858 -23.127734 -35.931156 -24.383634 0.000001 0.000004 -0.000000 
-8.302337 48.447369 -8.746870 167.664683 -57.502960 152.314598 4.573346 -0.681762 9.750694 -5.817261 -7.819680 10.046127 -2.903966 -17.320928 -6.475601 -0.833377 -23.565616 20.706220 0.000002 0.000001 -0.000000 -1.353170 1.831401 10.677396 2.118129 10.113567 6.493175 3.127649 10.373011 3.184902 -0.000000 -0.000001 0.000001 -4.610807 -15.144010 1.341613 1.724453 -11.936967 -18.288894 11.653417 -15.328498 -18.564347 0.000001 0.000004 0.000003 37.477036 8.666582 17.774900 27.162023 -5.747040 0.614900 39.696793 -24.976800 -9.792992 -0.000000 -0.000000 0.000001 -101.918355 29.722845 -17.641118 53.039721 44.151357 84.784593 -23.318647 -37.727629 -25.314974 0.000002 0.000002 -0.000003 
-8.306591 48.174862 -8.887026 167.515922 -57.343038 152.032511 3.788336 -0.610613 8.897855 -5.262981 -8.246635 10.803492 -5.572228 -17.366273 -7.252863 2.082818 -23.327053 21.298116 0.000001 -0.000000 -0.000000 -1.335477 2.140575 10.457203 4.487467 11.624014 6.625193 3.519611 10.136555 3.367746 -0.000000 0.000003 0.000001 -4.905138 -16.084985 -0.525327 4.104118 -14.085050 -20.085044 10.673565 -13.978156 -16.961609 0.000003 0.000002 0.000002 37.558162 8.931709 18.605650 26.748880 -6.055641 -0.110348 39.580096 -24.599234 -9.882135 -0.000002 -0.000000 0.000000 -102.183585 30.078316 -17.773995 51.401446 43.734948 86.688522 -23.269638 -39.024361 -25.889946 0.000001 0.000000 -0.000003 
-8.300926 47.938400 -9.021237 167.690215 -57.017391 151.630391 3.710571 -0.732204 9.314865 -6.917665 -7.203464 9.083685 -4.679256 -19.171294 -6.155029 1.753115 -22.861437 20.998023 0.000001 0.000000 -0.000001 -0.747650 1.443323 9.992312 6.464764 12.391247 6.607291 4.111360 9.358685 2.720428 0.000000 0.000002 0.000001 -4.960921 -16.518852 -2.233347 6.199405 -15.519242 -22.388385 9.895448 -12.688819 -14.906266 0.000003 -0.000000 -0.000002 37.538788 9.065883 19.113975 26.769748 -6.106668 -0.944257 38.421320 -24.559115 -9.955061 -0.000006 -0.000002 0.000001 -101.710881 30.169885 -18.018433 50.318980 42.894766 87.471910 -22.667216 -39.041423 -25.720464 0.000002 0.000001 -0.000001 
-8.296898 47.781677 -9.112185 166.597302 -57.023552 151.770410 2.151810 -0.552791 7.404277 -4.853990 -8.065531 10.845125 -7.176732 -20.213928 -7.751238 4.160323 -22.442216 21.329755 0.000001 0.000001 -0.000000 -0.788520 3.109329 9.622879 7.798974 13.614727 7.453005 7.876489 8.983713 0.323626 0.000004 -0.000006 0.000003 -4.840545 -15.319197 -3.649467 7.078337 -17.087559 -25.535472 10.430458 -12.292163 -12.717361 0.000000 -0.000002 -0.000004 36.690229 8.962748 19.047878 27.359352 -6.190825 -0.847313 37.301627 -24.981996 -10.162529 -0.000003 0.000000 0.000000 -102.038498 31.287840 -18.774360 50.178569 42.715921 87.518424 -21.672481 -37.983420 -24.575350 0.000002 0.000004 -0.000002 
-8.301697 47.666130 -9.189206 167.170519 -56.530436 152.125552 2.130359 -0.591060 7.957607 -5.153683 -7.472992 9.961827 -7.047893 -20.887299 -7.550249 4.779082 -22.597455 21.564960 0.000001 -0.000000 0.000001 -0.357449 1.936472 9.105734 9.539435 15.501808 7.978604 10.251661 8.736945 -3.005928 0.000002 0.000004 0.000002 -5.459015 -16.260498 -5.788372 7.686070 -18.504929 -27.864885 11.360468 -12.683052 -10.865409 0.000003 -0.000000 0.000002 36.827482 8.959460 18.969285 27.695606 -6.345311 -1.185816 37.604023 -25.186669 -10.117278 0.000001 0.000000 0.000002 -101.987777 31.667834 -19.081843 48.886078 41.937402 88.961158 -20.243747 -38.356406 -24.291636 0.000000 0.000004 -0.000002 
-8.282962 47.579994 -9.249942 167.238766 -56.877499 152.559966 2.900377 -0.516371 7.506504 -6.416471 -7.044507 9.154834 -5.901998 -22.105969 -6.973417 2.570286 -23.155451 21.143650 0.000002 0.000001 0.000000 -0.488854 3.027317 8.742359 10.595571 16.170203 9.615913 14.732949 7.513096 -8.515473 0.000002 0.000004 0.000000 -5.798002 -16.258273 -7.930443 7.321781 -18.019673 -30.229598 14.388152 -13.446401 -9.659950 0.000001 -0.000004 0.000002 36.930491 8.656484 19.496071 27.608120 -6.282997 -1.780583 39.145286 -26.306868 -9.995997 -0.000002 0.000000 -0.000001 -101.046440 32.733982 -20.039247 47.035408 40.386079 89.981301 -21.292678 -36.561846 -23.962216 0.000001 0.000002 -0.000000 
-8.253599 47.436676 -9.367748 163.976067 -57.022292 148.506508 0.669561 -0.707890 7.804744 -8.992093 -6.071977 7.424735 -3.675538 -23.679769 -6.033396 2.200863 -23.798510 21.665063 0.000001 0.000001 0.000002 -0.252335 2.663682 9.629393 12.750140 17.925304 10.503384 21.843128 5.040011 -15.013717 0.000003 -0.000005 0.000002 -6.468930 -16.618275 -11.188454 8.464922 -19.951071 -33.132974 14.803895 -12.868782 -7.572434 0.000002 0.000001 -0.000000 35.201169 8.972770 22.622036 26.742696 -6.424962 -5.121478 43.238202 -25.431837 -9.448213 -0.000005 0.000000 -0.000001 -96.125309 32.606312 -22.097381 46.937712 36.253094 82.369090 -14.178704 -35.635552 -19.475559 0.000001 0.000002 -0.000001 
-8.253260 47.255394 -9.511214 164.380578 -54.816038 146.958022 -2.656962 -0.859974 7.158618 -8.557539 -5.725149 7.022601 -2.545131 -23.213617 -4.780272 4.166996 -23.606884 22.130329 0.000001 0.000000 0.000002 -0.094970 5.431526 10.174211 14.013110 17.896909 11.752210 29.753042 1.711180 -18.576072 0.000003 0.000002 0.000000 -5.905900 -16.147537 -12.759220 9.918348 -20.940510 -35.701600 14.485795 -10.849388 -6.832868 -0.000000 -0.000001 -0.000000 36.058543 9.560186 22.931399 24.915839 -6.469680 -7.152291 43.200038 -26.096423 -9.670757 -0.000001 -0.000001 -0.000000 -85.063538 31.027791 -26.215630 41.760033 27.842716 75.128898 -4.287848 -31.012751 -12.424321 0.000003 0.000002 -0.000001 
-8.222642 47.114468 -9.635161 165.901853 -55.147361 148.322749 -2.519143 -0.730776 6.191006 -7.540846 -5.647948 7.052937 -3.709565 -24.751041 -5.404263 5.122133 -23.408617 22.249976 0.000001 0.000000 -0.000001 0.053795 7.342902 9.707131 15.543489 17.528145 10.638184 39.676863 -1.039777 -19.137152 -0.000002 -0.000005 0.000002 -5.530642 -15.309772 -14.107891 9.850550 -19.313997 -38.634883 16.663423 -9.635408 -6.932963 -0.000000 -0.000001 0.000001 36.903307 9.593264 22.090502 25.027090 -6.477930 -6.178741 41.859914 -28.314218 -10.054142 -0.000005 0.000003 -0.000001 -89.834241 30.477547 -23.193454 45.002327 31.892995 77.813504 -7.526173 -34.421193 -15.659481 0.000000 0.000004 -0.000002 
-8.187132 47.027313 -9.780521 168.005537 -56.491279 150.594060 -2.203239 -0.235129 3.040972 -5.433523 -6.894495 9.235812 -5.935797 -25.382084 -7.148261 6.084003 -23.859719 22.930410 0.000001 0.000000 0.000001 -0.098188 7.820712 9.520348 17.763413 18.945905 8.813145 46.691658 -6.460435 -24.672325 -0.000001 0.000004 -0.000001 -5.688885 -14.930083 -15.278010 9.492949 -19.321222 -42.830498 16.793466 -9.139355 -6.038625 0.000002 0.000000 0.000003 37.383439 9.399247 21.243415 26.277749 -6.400937 -4.783510 41.019312 -30.356451 -10.438827 -0.000002 -0.000001 0.000000 -93.344336 29.828508 -20.902353 45.404185 35.000393 83.824787 -11.087152 -36.230008 -18.185732 0.000002 -0.000003 -0.000002 
-8.131997 46.959431 -9.899595 170.222412 -57.009028 152.258686 -1.482008 -0.059411 1.575232 -5.013928 -7.049364 9.600990 -6.080941 -25.869698 -7.382473 6.631705 -24.233839 23.323388 0.000001 0.000000 -0.000001 0.101127 7.857596 9.637208 19.689379 19.772991 7.615167 50.879698 -11.970004 -30.207697 0.000003 0.000004 -0.000000 -5.662496 -14.844480 -16.137947 9.463247 -18.606559 -45.647076 16.933596 -8.919915 -5.199761 0.000001 0.000002 -0.000002 38.699432 9.742827 21.924475 26.315018 -6.016767 -5.269712 41.197140 -30.132776 -10.221993 -0.000001 -0.000002 0.000003 -95.213588 29.137963 -19.380742 45.227774 36.475997 87.745985 -13.260100 -36.961938 -19.849245 0.000002 0.000000 -0.000001 
-8.068094 46.925774 -9.980159 171.565227 -58.870534 153.233395 -1.696166 0.247797 -0.526229 -3.205612 -7.310815 10.450294 -7.579724 -26.766670 -8.166544 6.244561 -24.518885 23.758827 0.000001 0.000000 -0.000002 -0.366225 7.517118 10.348278 22.159845 22.574258 6.213358 56.152122 -17.590411 -36.257356 -0.000000 0.000002 0.000001 -6.579110 -14.746013 -17.495460 7.957197 -19.502663 -50.111903 17.374908 -10.888387 -4.529727 0.000001 0.000003 0.000000 38.852295 9.853948 22.514472 27.439995 -5.924352 -3.710869 41.470026 -30.062176 -10.191976 -0.000001 -0.000000 -0.000003 -95.190994 30.200969 -20.290187 44.762912 37.075653 90.283920 -13.464868 -36.700297 -19.547931 0.000001 -0.000001 -0.000002 
-8.014672 46.931995 -10.035992 173.788863 -60.422244 155.033915 -1.955766 0.542911 -2.351465 -2.008540 -7.064664 10.115475 -8.046300 -26.844401 -8.151866 6.841838 -25.006059 24.029051 0.000002 -0.000000 -0.000002 -1.236112 7.246927 10.865811 23.795778 24.505638 4.439148 61.998945 -23.431790 -41.092880 0.000003 -0.000002 -0.000000 -7.237900 -14.159505 -18.059563 5.909932 -19.379398 -54.677853 18.377777 -12.714512 -5.828197 0.000003 -0.000001 0.000001 39.217105 9.967235 22.480591 28.375253 -5.938385 -2.710186 41.208089 -29.256159 -10.341268 -0.000001 0.000000 -0.000002 -93.552848 30.377164 -21.172386 43.597200 37.059678 92.815488 -14.701854 -37.941551 -20.622855 0.000001 0.000003 -0.000002 
-7.947289 46.973064 -10.082898 174.179523 -60.977094 155.703683 -2.763068 0.916916 -4.295503 0.129573 -7.577986 11.288018 -9.965778 -25.442926 -9.092349 5.984132 -25.189517 23.828389 0.000001 0.000001 -0.000001 -1.742667 6.962866 11.091672 24.133203 25.288741 3.247730 63.220572 -29.225024 -47.330042 0.000003 -0.000002 -0.000000 -7.802741 -14.186667 -18.609762 4.465847 -19.302647 -58.059490 18.243247 -13.909961 -6.805000 -0.000001 -0.000003 0.000001 38.935473 10.060354 23.038720 28.885212 -6.113655 -2.093154 40.752846 -29.265318 -10.623384 -0.000001 -0.000001 0.000001 -92.937851 30.402422 -21.425173 42.452313 36.855469 94.587827 -16.266147 -39.260214 -21.840628 0.000001 -0.000001 -0.000003 
-7.886371 47.003914 -10.144880 173.415115 -61.203959 155.400928 -3.811084 1.238249 -5.391481 -1.499099 -6.469071 8.977760 -7.868526 -26.804343 -7.801219 5.992387 -25.305081 23.552546 0.000002 0.000000 -0.000002 -2.901984 7.445879 11.436715 24.188466 26.257192 2.446915 70.842176 -33.425675 -47.567305 0.000003 0.000003 0.000003 -8.835293 -13.936752 -20.103181 1.737784 -18.112159 -61.620560 19.770394 -15.452051 -8.565141 0.000003 -0.000001 0.000001 38.212552 9.924152 23.236679 29.062947 -6.161159 -2.046788 40.571061 -28.726604 -10.793745 -0.000003 0.000001 0.000001 -92.568816 30.698985 -21.877197 41.699842 36.554066 95.333171 -15.909368 -39.425942 -21.131244 0.000001 -0.000003 -0.000003 
-7.832392 47.048004 -10.191776 171.248402 -61.500150 154.239291 -5.625045 1.787685 -7.228713 -0.628380 -6.961965 9.867807 -9.068393 -26.530721 -9.358026 4.514245 -25.398979 23.103431 0.000001 0.000000 -0.000002 -3.477963 7.571819 11.371771 24.178392 26.687012 2.393292 80.474942 -36.009857 -44.700590 0.000002 -0.000001 0.000001 -8.789601 -12.425081 -20.362204 0.352918 -16.991311 -65.294074 21.568959 -16.954053 -11.009312 0.000001 0.000002 -0.000000 36.905674 9.635849 23.032467 29.211500 -6.177553 -1.673729 40.649331 -28.170012 -10.796514 -0.000002 -0.000001 -0.000002 -92.325129 31.713098 -23.019693 39.755512 35.277422 97.856305 -15.817036 -40.114838 -21.304186 0.000002 0.000000 -0.000003 
-7.779393 47.086384 -10.246005 170.484582 -61.587775 153.841815 -6.535576 2.163939 -8.380445 0.059340 -7.302343 10.426131 -9.621435 -26.238805 -9.910942 2.195734 -25.503774 22.266972 -0.000001 0.000001 -0.000001 -4.034177 7.513146 11.133946 23.763738 26.959424 1.690353 87.864851 -37.244451 -42.218817 0.000003 0.000002 0.000001 -9.002864 -11.486894 -20.691402 -1.155808 -15.881366 -68.199330 22.542353 -18.374599 -12.668152 0.000003 -0.000002 0.000003 36.294840 9.593141 23.028994 29.288152 -6.242599 -1.738207 40.380256 -26.942931 -10.730043 -0.000003 -0.000001 0.000000 -92.044128 31.917341 -23.468007 38.782695 34.621563 99.003503 -15.784101 -40.676403 -21.356221 0.000001 0.000004 -0.000001 
-7.704267 47.105389 -10.302118 169.795334 -61.752280 153.757039 -7.004121 2.499615 -9.476272 -0.156450 -6.943911 9.643927 -9.176905 -27.073980 -9.718544 0.712000 -25.906303 22.185998 -0.000001 -0.000000 -0.000001 -4.552954 7.475479 10.920407 23.918453 27.899783 1.586953 97.136512 -35.577707 -37.181289 0.000003 -0.000001 0.000002 -9.540967 -11.141214 -21.917302 -3.145709 -13.341714 -69.754448 22.545348 -19.659361 -14.567291 0.000000 0.000000 -0.000001 35.732736 9.607615 22.939195 29.656391 -6.257456 -0.931625 40.311510 -27.913037 -10.983103 -0.000005 -0.000000 0.000000 -92.445135 32.145029 -23.643214 38.407479 34.458407 99.497681 -16.784061 -40.963161 -22.028345 0.000000 0.000003 -0.000000 
-7.611860 47.087727 -10.382264 171.036406 -61.775059 154.523850 -6.489104 2.415362 -9.319955 -1.456424 -5.897957 7.670224 -7.220216 -28.474348 -8.537205 0.223820 -25.825234 21.749457 0.000003 0.000001 -0.000001 -5.042615 7.583691 10.859957 24.195785 28.048619 0.993752 103.508614 -33.551843 -33.601430 0.000002 0.000002 -0.000001 -9.780940 -10.591266 -22.960871 -4.179762 -11.061766 -71.165066 22.889412 -20.578884 -16.020195 0.000002 -0.000001 0.000000 35.779393 9.383847 22.574410 30.334438 -6.387583 -0.803748 40.798462 -27.622009 -10.888964 -0.000004 0.000000 -0.000001 -92.597120 31.645626 -23.026958 38.818253 34.809878 98.607018 -15.209969 -41.026306 -20.885808 0.000001 0.000001 -0.000002 
-7.507996 47.071255 -10.455245 171.435918 -62.220776 154.968414 -6.058912 2.507474 -9.925737 -0.212588 -6.412985 8.722256 -8.845051 -27.852337 -9.788144 -0.497230 -25.864221 21.322298 0.000000 0.000001 -0.000002 -5.240371 6.749925 10.645818 24.734936 28.819399 0.896892 105.389033 -33.421290 -33.175759 0.000004 -0.000002 -0.000001 -9.638237 -9.569462 -22.647796 -4.769694 -10.565139 -73.349333 23.090370 -21.431011 -17.234032 -0.000000 -0.000003 0.000001 35.743920 9.412592 22.957166 30.651536 -6.415268 -0.660357 41.029202 -28.274164 -10.904075 -0.000005 -0.000001 0.000002 -92.357367 31.928085 -23.336007 38.258055 34.530230 99.524339 -15.081469 -41.909143 -21.089650 0.000002 0.000002 -0.000001 
-7.392895 47.038651 -10.518805 171.243921 -62.649897 154.731625 -5.559550 2.407365 -9.884720 -1.168209 -5.514337 6.989152 -7.458003 -28.353664 -8.420824 -2.605250 -25.809190 20.479569 -0.000001 0.000001 -0.000002 -5.099761 5.609213 10.546757 24.660584 28.371187 -0.716209 108.422020 -31.843998 -30.957467 0.000001 -0.000001 0.000002 -10.264573 -10.485287 -24.243094 -5.717212 -8.444141 -74.170677 24.108712 -22.030012 -18.780481 0.000003 -0.000001 0.000001 35.563992 9.733509 23.770530 30.939405 -6.354093 0.379574 40.840368 -29.489594 -11.320938 -0.000003 -0.000000 0.000000 -92.223168 32.406748 -23.893303 38.150568 34.446645 99.654612 -15.639817 -41.800713 -21.222735 0.000002 -0.000002 -0.000000 
-7.265798 46.985691 -10.588767 171.764327 -63.061702 154.585868 -4.846255 2.225315 -9.235964 -1.842960 -4.948744 5.950544 -6.851088 -28.693321 -8.231035 -4.097041 -25.844562 19.917677 0.000001 0.000000 -0.000002 -5.249472 4.587458 10.226162 25.554588 29.473407 -1.186066 110.136725 -31.403612 -30.510520 0.000004 -0.000004 0.000001 -10.717480 -10.390914 -25.186869 -6.881165 -6.823455 -75.583980 25.126920 -23.270282 -19.177909 -0.000001 0.000007 0.000001 35.434618 9.768403 24.168662 31.469994 -5.999650 1.249320 41.030825 -30.673611 -11.373336 -0.000002 -0.000001 0.000001 -92.220504 32.436001 -23.985831 37.796662 34.095929 100.379540 -14.750726 -41.497111 -20.491083 0.000002 0.000003 -0.000001 
-7.140396 46.929604 -10.669225 170.940374 -63.221044 154.168899 -5.366480 2.516596 -10.407700 -0.687408 -5.576983 7.099523 -8.302773 -28.989785 -9.482505 -3.232674 -25.608199 20.077134 0.000002 -0.000001 -0.000000 -5.593963 4.954480 10.052926 26.439763 30.592400 -1.140690 108.148293 -33.012288 -32.332603 0.000004 -0.000005 0.000002 -10.430941 -9.010499 -25.012213 -7.578337 -6.686343 -77.570404 25.511177 -24.135956 -19.184296 0.000000 0.000003 0.000001 34.728186 9.523767 24.129221 31.856504 -5.971449 1.722781 41.372525 -31.762391 -11.463119 -0.000003 -0.000001 0.000001 -92.843943 32.381626 -23.673542 38.406587 34.620026 99.478768 -15.145396 -41.709558 -20.651434 -0.000000 -0.000002 -0.000002 
-7.015383 46.873569 -10.750232 171.067374 -63.283677 154.032760 -5.199127 2.581793 -10.846770 0.357203 -5.980081 7.988862 -9.508360 -28.233757 -10.228522 -4.760205 -25.116632 19.336785 0.000003 -0.000000 0.000002 -5.733115 5.948593 10.500600 27.191629 31.093101 -1.181875 109.781583 -32.446342 -31.441628 0.000001 0.000004 0.000001 -10.173463 -8.423511 -25.129548 -7.598918 -6.757730 -79.241130 25.961889 -24.525628 -19.059614 0.000002 -0.000000 0.000000 34.360004 9.248370 23.839233 32.532782 -6.103341 2.233656 40.984034 -32.016399 -11.598714 -0.000003 0.000001 -0.000001 -92.985314 32.129128 -23.318078 38.595203 34.805394 98.943602 -15.555810 -41.528079 -20.767042 0.000001 0.000000 -0.000001 
-6.895148 46.800327 -10.854095 170.381897 -63.655061 153.965004 -4.886439 2.680144 -11.590248 -0.506572 -5.182446 6.607505 -8.134516 -29.154656 -9.198187 -5.682410 -25.194001 19.134763 0.000004 0.000001 0.000001 -5.417833 5.570865 9.969240 27.306610 30.719500 -1.553103 110.583385 -33.109018 -31.022729 -0.000000 0.000002 0.000001 -10.094356 -8.380220 -25.709327 -7.394202 -6.504335 -79.822918 27.154329 -24.652011 -19.408650 0.000003 -0.000006 -0.000002 33.713745 9.005570 23.638725 33.132571 -6.065571 3.014995 40.821643 -32.827300 -11.692162 -0.000000 0.000000 -0.000001 -93.204263 32.209738 -23.252995 39.527801 35.382948 97.639316 -15.838901 -41.159908 -20.719261 0.000001 -0.000000 -0.000004 
-6.792227 46.742744 -10.958104 169.937538 -63.810796 153.230527 -4.818372 2.629325 -11.251621 -1.012769 -5.046564 6.300414 -8.300476 -29.448634 -9.742581 -6.604384 -24.713918 18.582950 0.000003 0.000001 0.000000 -5.251756 5.397670 9.691506 28.089095 31.111676 -1.515082 110.692272 -33.730572 -31.108578 0.000002 -0.000000 0.000005 -10.168829 -8.444252 -26.999866 -7.437673 -5.818001 -79.442996 28.115685 -24.739087 -19.888555 0.000002 0.000004 -0.000002 32.997481 8.903411 23.707735 33.804819 -6.125426 2.785077 40.740111 -32.495574 -11.613858 -0.000003 0.000000 -0.000002 -92.728813 32.209816 -23.543910 38.569429 34.682915 98.816479 -16.442782 -42.471066 -21.655024 -0.000000 0.000000 -0.000003 
-6.705642 46.677731 -11.070944 169.475981 -64.423908 152.851519 -4.789963 2.667100 -11.376185 -0.625021 -5.255572 6.542793 -9.222472 -29.873314 -10.681455 -6.920348 -24.080380 17.861413 0.000001 -0.000000 -0.000000 -5.891126 6.952045 11.134757 29.525282 32.605052 -1.682845 114.387036 -30.562576 -28.558394 0.000003 -0.000000 0.000004 -10.188652 -7.616464 -27.559473 -8.433487 -5.246447 -79.661644 28.614895 -25.459079 -20.636867 0.000001 -0.000000 0.000002 32.214905 8.971624 23.882586 34.368214 -5.964367 2.869143 41.056547 -32.699025 -11.715928 -0.000002 -0.000000 0.000001 -91.987096 32.626786 -24.450161 37.586108 33.876850 100.271569 -16.841459 -43.268070 -22.434559 0.000002 -0.000002 -0.000000 
-6.612492 46.616570 -11.189398 169.319242 -64.335130 152.769789 -4.807885 2.748908 -11.710905 0.091587 -5.359372 6.721163 -9.954736 -29.411863 -10.902117 -7.411274 -23.638328 17.363306 0.000004 0.000001 -0.000001 -6.264226 7.044665 11.148449 30.047652 33.379537 -1.833325 112.243176 -32.377747 -30.453136 0.000006 -0.000003 0.000002 -10.571215 -7.408455 -28.505412 -9.000895 -5.294943 -79.960731 28.404183 -25.789491 -20.359498 0.000003 -0.000000 0.000002 32.068725 9.099136 24.223081 34.332895 -5.992179 2.431181 41.366808 -33.093728 -11.764214 0.000002 0.000000 0.000001 -92.074427 32.589455 -24.431418 37.366561 33.721067 100.479664 -16.902751 -43.440242 -22.408548 0.000002 0.000001 -0.000001 
-6.532568 46.567032 -11.305529 169.136494 -64.690231 152.663935 -4.741539 2.780458 -11.928545 0.559292 -5.471548 6.911684 -10.521854 -29.073889 -11.291300 -8.227392 -23.272459 16.767498 0.000002 0.000001 0.000001 -6.279102 6.942307 11.227122 30.159100 33.536301 -2.022396 113.772332 -31.837260 -29.634818 0.000006 0.000002 0.000001 -10.638799 -7.330449 -28.949600 -9.209574 -5.357347 -80.198538 28.439434 -25.908858 -20.629000 0.000003 0.000002 0.000004 31.668705 9.089795 24.113225 34.727438 -5.951204 2.896497 41.457759 -33.000503 -11.821438 -0.000001 -0.000001 0.000001 -91.685167 32.663355 -24.745144 37.316762 33.626329 100.459030 -16.907780 -43.825697 -22.576712 0.000002 -0.000000 0.000002 
-6.448985 46.507420 -11.432328 168.518621 -64.804732 152.209495 -4.930882 2.855987 -12.334536 0.834845 -5.477714 6.895563 -10.471143 -28.964681 -11.174759 -10.018235 -23.096737 16.125756 -0.000002 0.000001 0.000000 -5.955353 5.950401 10.467610 30.511753 34.074024 -1.182075 108.115508 -35.963719 -33.661566 0.000003 0.000002 0.000001 -10.712639 -7.527111 -29.490271 -9.202150 -5.193889 -80.814347 29.145165 -25.062597 -19.157477 -0.000002 -0.000004 0.000004 31.151803 9.121498 24.223546 35.104628 -5.862709 3.350550 41.622493 -33.128682 -11.829316 -0.000002 -0.000003 0.000001 -92.026711 32.589913 -24.581059 37.432015 33.635164 100.395414 -16.871197 -44.104447 -22.761503 -0.000000 0.000004 -0.000000 
-6.360968 46.468372 -11.544497 168.808125 -64.478058 152.415562 -4.938473 2.959552 -12.951377 -0.084392 -4.786147 5.726422 -9.138015 -29.430916 -9.942966 -10.071136 -22.648180 15.885500 0.000003 0.000000 -0.000002 -5.572587 5.191341 10.526497 31.261243 34.318815 -0.855612 104.475414 -38.281441 -36.333352 0.000003 0.000004 0.000000 -10.513582 -7.455071 -29.941094 -8.723099 -4.920392 -80.846770 30.162443 -25.154279 -19.316659 -0.000001 0.000003 0.000000 31.334862 9.276186 24.883851 34.861757 -6.036624 2.469486 42.204091 -33.033250 -11.541394 -0.000002 -0.000001 -0.000001 -92.526100 32.295655 -24.079289 37.775229 33.835480 99.938809 -16.860486 -43.756323 -22.599446 0.000002 -0.000002 -0.000001 
-6.288625 46.435966 -11.652193 168.713227 -64.249001 152.037006 -5.308434 3.055681 -13.192615 -0.239241 -4.482600 5.189418 -8.644370 -29.336359 -9.224106 -9.797212 -22.117951 15.732571 0.000005 0.000002 0.000000 -5.566300 5.180531 10.905929 31.586360 34.737973 -0.224391 101.246244 -39.904803 -38.686185 0.000004 -0.000001 0.000002 -10.533357 -7.482021 -30.207277 -8.804526 -4.628969 -81.150495 30.429114 -25.141771 -19.429460 0.000002 -0.000001 0.000001 31.532630 9.548015 25.482573 34.454561 -6.144384 2.079976 42.005254 -33.245826 -11.705126 -0.000004 -0.000001 0.000000 -92.420833 32.421146 -24.274339 36.823059 33.078828 101.064383 -17.267546 -44.691048 -23.327000 -0.000000 0.000004 -0.000000 
-6.202849 46.394695 -11.753512 168.118099 -64.181068 151.619531 -5.382769 3.143230 -13.537401 0.733452 -5.131495 6.341409 -10.161622 -28.415984 -10.243084 -11.724989 -21.592598 14.724768 0.000004 0.000001 0.000000 -5.751342 5.296586 11.263323 32.033553 35.690013 0.756243 98.732051 -41.048378 -40.864684 0.000002 -0.000001 0.000001 -10.662174 -7.495771 -30.469508 -9.169018 -3.981463 -81.418184 30.493629 -25.172001 -19.099065 0.000001 -0.000003 0.000002 31.477460 9.657782 25.894144 34.111665 -6.061807 2.071702 42.553229 -33.217006 -11.595854 -0.000000 -0.000001 0.000000 -92.563639 32.838665 -24.564456 35.958409 32.405450 102.429608 -16.745575 -44.770264 -23.103187 0.000000 -0.000003 -0.000000 
-6.124603 46.357872 -11.867149 168.974878 -63.782567 151.991762 -5.698277 3.264126 -13.737366 1.143990 -5.209183 6.444982 -10.640343 -27.932002 -10.398599 -12.109312 -20.963678 14.027663 0.000003 -0.000001 -0.000000 -5.866250 5.199061 11.457702 32.651368 36.439408 1.078369 98.262195 -41.188903 -41.241884 0.000006 -0.000001 0.000006 -10.712630 -7.394919 -30.471147 -9.602606 -3.058390 -81.753355 30.255225 -24.942970 -18.894590 0.000003 0.000002 -0.000002 31.520100 9.571201 25.135048 34.358611 -5.960777 1.942368 42.139252 -33.590502 -11.760282 0.000000 0.000001 0.000000 -92.388308 32.252573 -24.185350 35.963026 32.270342 102.150417 -16.605805 -44.035736 -22.584312 0.000001 0.000001 -0.000001 
-6.044755 46.314533 -11.977706 168.346104 -63.913379 151.887479 -5.724042 3.360463 -14.200523 1.171287 -5.366867 6.720523 -11.049521 -28.146414 -10.971508 -11.500374 -21.090653 14.173838 0.000004 0.000000 -0.000001 -5.789818 5.301296 11.514478 32.896807 36.750611 1.761954 97.455120 -41.766702 -41.956940 0.000002 -0.000003 0.000005 -10.646248 -7.447456 -30.576069 -9.408370 -2.741118 -82.168200 30.275975 -24.498403 -18.318461 0.000001 -0.000000 0.000003 31.512116 9.554393 25.327173 34.027576 -5.844902 2.209712 43.175371 -34.777442 -11.617594 0.000001 0.000000 -0.000001 -92.591841 32.843409 -24.557136 35.844027 32.203857 102.432846 -15.913610 -43.701623 -21.911740 0.000001 0.000004 -0.000001 
-5.971830 46.271488 -12.082808 168.764412 -63.614183 152.037497 -5.746773 3.316133 -14.133687 0.544066 -5.153011 6.222087 -10.603871 -27.735230 -10.711720 -10.929965 -21.130903 14.281629 0.000001 0.000002 0.000001 -5.714897 5.098420 11.395062 33.074132 37.068625 2.495634 97.025760 -41.915146 -42.228614 0.000003 -0.000003 0.000005 -10.515277 -7.354836 -30.467800 -9.369297 -2.361505 -82.393248 30.306191 -24.386371 -18.333611 0.000006 -0.000000 0.000003 31.937760 9.714500 25.465836 33.690885 -5.920170 2.071621 43.070572 -34.661765 -11.704852 -0.000002 -0.000002 0.000000 -92.478227 32.612367 -24.407944 35.329953 31.696733 102.979541 -16.376471 -44.432607 -22.640926 0.000002 -0.000002 -0.000002 
-5.895901 46.189941 -12.195549 168.348126 -63.884856 152.192775 -5.512681 3.318147 -14.448965 0.057401 -4.999099 5.982548 -10.046392 -28.318832 -10.684740 -11.846178 -20.747226 13.833997 -0.000000 -0.000001 -0.000001 -5.534259 5.209369 11.219110 32.809476 36.661180 2.863353 94.715948 -42.924624 -43.990018 0.000000 -0.000001 0.000003 -10.189146 -7.089098 -30.523443 -8.912247 -2.296735 -82.093697 30.591707 -23.984862 -17.744352 0.000001 -0.000001 -0.000000 32.074743 9.752611 25.882992 33.260241 -6.053668 1.414873 43.797956 -34.822538 -11.504129 0.000000 -0.000001 0.000001 -92.802101 33.080573 -24.595328 34.691525 31.294045 104.239758 -16.825182 -45.256205 -23.392131 0.000002 0.000004 -0.000000 
-5.830552 46.124813 -12.294874 167.361081 -64.413663 151.833398 -5.559257 3.444091 -15.070497 -0.555259 -4.857067 5.663267 -9.362371 -29.207477 -10.610698 -12.038380 -20.753598 13.683813 0.000001 0.000000 0.000000 -5.571905 5.321513 11.195285 32.649414 36.776259 3.536430 94.239959 -43.224255 -44.326770 -0.000000 -0.000000 0.000005 -10.193238 -7.064094 -30.620312 -8.910257 -1.996704 -82.182953 30.809313 -23.840623 -17.502040 0.000003 0.000001 -0.000001 31.725600 9.660836 26.011857 33.194234 -5.846769 1.878800 44.775271 -34.922388 -11.228371 0.000001 -0.000000 0.000000 -92.615084 33.809911 -25.338735 34.755752 31.282683 104.346726 -17.330611 -45.363695 -23.836363 0.000001 0.000007 -0.000002 
-5.769970 46.052059 -12.399468 167.833676 -64.441202 152.158556 -5.441611 3.413647 -14.901651 0.087453 -5.047608 6.055736 -10.004984 -28.508778 -10.834756 -12.760720 -20.244730 13.157318 -0.000002 0.000003 0.000001 -5.728901 5.765990 11.598877 32.187297 36.948427 4.390299 96.375014 -42.451306 -42.706673 0.000001 0.000003 0.000004 -10.210900 -6.986968 -30.748559 -9.124680 -1.937193 -82.089906 30.487775 -23.807126 -17.557473 -0.000000 -0.000003 0.000006 32.026122 9.808439 25.921751 33.264538 -5.742094 2.087380 44.322259 -35.014869 -11.326714 -0.000003 -0.000001 0.000001 -92.103031 33.802456 -25.660592 34.413024 30.912022 104.912525 -18.157505 -45.873176 -24.748274 0.000003 0.000004 -0.000001 
-5.702283 45.978603 -12.497675 167.262727 -64.619026 151.966737 -5.071999 3.375337 -15.012431 -0.319461 -5.033970 5.960451 -10.005856 -28.808126 -11.075007 -12.543450 -20.571975 13.261624 0.000001 0.000002 0.000001 -5.730502 5.952317 12.010163 32.168306 37.019506 4.539125 97.843669 -41.569402 -41.329307 0.000003 0.000003 0.000002 -10.244910 -7.021147 -31.147865 -9.073771 -2.028681 -82.141296 30.578313 -23.859731 -17.982686 0.000000 -0.000000 -0.000002 32.097531 10.120671 26.841315 32.921751 -5.458461 2.389187 44.752335 -35.498491 -11.174558 -0.000007 0.000000 -0.000001 -92.718158 33.958891 -25.511183 35.153010 31.447072 104.138030 -18.313411 -45.330886 -24.718670 0.000004 -0.000001 -0.000001 
-5.639690 45.889179 -12.603973 166.937487 -64.862755 151.982760 -4.822080 3.390637 -15.267191 0.570359 -5.550704 6.883483 -11.171758 -28.099081 -11.818821 -12.438310 -20.692155 13.229820 0.000001 0.000004 0.000001 -5.740953 5.910512 12.149508 31.781423 37.140287 5.037808 99.504197 -40.185309 -39.882052 -0.000000 -0.000001 0.000003 -10.248604 -6.868242 -31.076497 -9.122043 -2.288225 -82.210383 30.335414 -23.968442 -18.075621 0.000006 -0.000001 0.000001 32.066068 10.232346 27.030356 32.883471 -5.331727 3.106846 44.817499 -36.031334 -11.199177 -0.000007 -0.000001 0.000000 -92.903516 34.144437 -25.634713 35.886726 32.065006 103.341896 -17.661922 -44.707847 -24.192194 0.000001 -0.000001 -0.000001 
-5.573698 45.824142 -12.700653 169.619688 -65.474098 153.894202 -3.782444 3.117684 -14.776855 -0.021152 -4.632345 5.270209 -9.250274 -29.254510 -10.140203 -12.233210 -21.186864 13.448472 0.000001 0.000003 0.000001 -5.719705 5.506010 12.297537 31.501181 36.649924 4.469542 96.550864 -39.299542 -40.774867 0.000003 0.000003 0.000004 -10.224050 -6.665920 -31.255338 -9.130729 -2.523625 -81.571351 30.496924 -24.209257 -18.776123 -0.000000 -0.000002 0.000001 33.189163 10.643083 27.358598 32.964433 -5.258342 3.410751 44.824561 -35.833331 -11.138772 -0.000001 0.000001 -0.000001 -92.357347 33.365474 -25.202520 36.580943 32.703724 102.426589 -17.326721 -44.451920 -23.672917 0.000001 0.000001 0.000000 
-5.513219 45.781166 -12.792378 170.967736 -64.986593 154.232010 -3.662036 3.024107 -14.391446 -0.043194 -4.497914 5.139659 -8.681841 -28.788732 -9.386679 -11.394216 -21.502942 13.938511 0.000002 -0.000000 0.000000 -5.588613 5.367827 12.416621 31.162461 35.858001 4.258470 92.022743 -37.965661 -42.170028 0.000006 0.000001 -0.000004 -9.966568 -6.501631 -30.934777 -8.468066 -2.803797 -81.738363 30.882847 -24.007582 -18.399592 0.000000 0.000000 0.000004 33.930812 10.903844 27.995876 32.866276 -5.511727 2.582253 44.391131 -35.253799 -11.135987 -0.000003 0.000000 -0.000000 -92.471185 32.545380 -24.301922 36.139084 32.332736 102.672599 -17.813533 -44.638128 -23.926166 0.000002 0.000002 0.000000 
-5.473443 45.748535 -12.877338 169.972249 -64.852025 153.172238 -4.157575 3.119466 -14.570037 -0.111925 -4.620283 5.416308 -8.442235 -28.699929 -9.250779 -11.559521 -21.365728 13.835894 0.000001 -0.000000 0.000001 -5.656782 5.347925 12.523078 31.084382 35.874961 4.993515 90.240528 -36.303582 -41.988694 0.000005 0.000003 0.000003 -10.036220 -6.650826 -31.055562 -8.236736 -2.746836 -81.538716 30.923367 -24.112502 -18.652480 0.000001 -0.000005 0.000005 33.463607 10.547681 27.759287 33.114168 -5.573717 2.547449 44.552340 -35.276865 -11.028555 -0.000003 -0.000000 0.000001 -92.505835 32.946681 -24.555358 35.143615 31.360732 103.732856 -18.300925 -45.454076 -24.657729 0.000001 -0.000003 -0.000001 
-5.460871 45.709023 -12.954668 169.376848 -64.016590 152.157531 -5.089789 3.198816 -14.185278 -0.614318 -4.594553 5.365545 -7.784669 -28.125073 -8.837113 -10.770384 -21.533363 14.262074 0.000004 0.000003 0.000000 -5.582267 5.426259 12.510602 30.989583 35.975238 5.887551 88.731240 -33.881088 -41.265807 0.000003 0.000004 0.000000 -10.034143 -6.684262 -31.335166 -7.821732 -2.558656 -81.487804 31.349574 -24.371216 -19.083731 -0.000003 -0.000004 0.000008 33.689198 10.694837 27.994026 32.670284 -5.684581 1.413682 44.258731 -34.245455 -10.986523 -0.000004 -0.000001 0.000001 -92.576357 33.011619 -24.572336 34.046840 30.073231 105.007199 -18.518579 -45.996082 -25.304234 0.000002 0.000005 -0.000001 
-5.452197 45.653259 -13.046109 169.450190 -63.239847 152.043986 -5.285701 3.162162 -13.852573 -1.130239 -4.467747 5.116881 -7.253888 -27.754057 -8.376800 -10.760709 -21.763691 14.432755 0.000001 0.000002 0.000002 -5.577234 5.697284 12.241996 30.596396 35.737213 6.375069 86.438202 -31.578365 -40.799681 0.000003 0.000000 -0.000001 -9.890986 -6.567595 -31.021497 -7.526552 -2.624167 -81.767302 31.618742 -24.113576 -18.801096 -0.000001 -0.000003 0.000001 33.848187 10.632618 27.455180 32.598792 -5.643646 0.718888 43.825909 -32.594657 -10.872543 0.000003 -0.000000 0.000000 -93.012854 32.643708 -24.015264 34.446693 30.219943 104.285104 -18.282442 -45.703080 -25.190795 0.000002 0.000004 -0.000001 
-5.443404 45.614311 -13.147086 169.302508 -62.927393 152.289313 -5.295300 3.230104 -14.112060 -1.137517 -4.488607 5.101135 -7.348342 -27.544384 -8.404180 -10.512614 -21.872800 14.443898 -0.000001 0.000000 -0.000000 -5.604291 5.625745 11.719526 29.983929 35.740901 7.101703 85.559437 -28.881667 -39.605094 -0.000001 0.000004 -0.000001 -10.208847 -7.026607 -31.328848 -7.681396 -2.108418 -81.290016 31.658169 -24.252684 -18.988290 -0.000001 -0.000001 0.000003 33.753524 10.604728 27.276763 32.540821 -5.606872 0.294355 44.505345 -31.132870 -10.543887 -0.000005 -0.000000 0.000002 -93.430567 32.155803 -23.399345 34.951492 30.632715 103.668044 -18.913221 -45.963871 -25.798813 0.000002 0.000002 -0.000000 
-5.453309 45.628727 -13.238203 167.647198 -61.988714 150.626899 -6.223226 3.373534 -14.079426 -0.985711 -4.921496 5.858090 -8.298709 -26.604132 -9.002498 -10.481503 -21.192615 13.704936 0.000002 0.000002 0.000001 -5.860592 6.507653 11.557460 28.882432 35.964723 9.457295 86.953048 -23.327710 -35.435821 0.000001 0.000004 -0.000000 -10.399181 -7.526848 -31.217291 -7.981696 -1.471047 -81.170064 31.520804 -24.733647 -19.702538 -0.000003 0.000002 0.000003 32.987358 10.349777 27.418186 32.246655 -5.675349 -1.465539 45.263100 -28.539541 -10.218039 -0.000002 -0.000001 0.000000 -92.777642 31.400173 -22.998374 34.022566 28.767210 102.846229 -18.969802 -46.863069 -26.495897 0.000002 0.000001 -0.000001 
-5.501794 45.697830 -13.377072 169.575197 -60.756623 150.182992 -7.321220 3.374364 -13.160225 0.695032 -5.641580 7.349853 -10.255923 -24.174382 -9.805143 -8.224556 -20.798664 13.758869 0.000004 0.000000 -0.000000 -6.356611 7.307453 11.946841 28.118856 36.732542 12.124186 85.318365 -15.924132 -31.368235 0.000003 -0.000004 0.000001 -10.306132 -7.166164 -30.086041 -8.307231 -1.272651 -82.111045 30.704279 -25.090203 -20.386991 0.000002 -0.000001 -0.000000 32.749131 9.854675 25.895730 33.534439 -5.710712 -1.951560 44.745225 -26.229064 -10.025773 0.000000 -0.000002 -0.000000 -89.667967 28.302672 -21.754144 33.977206 27.092722 99.122594 -16.410894 -45.531906 -24.018582 0.000000 0.000009 -0.000002 
-5.552016 45.754055 -13.545420 170.672180 -59.619164 150.571684 -8.334984 3.618924 -13.482764 1.567318 -5.947558 8.013447 -10.641907 -22.759614 -9.688605 -7.724558 -20.002554 13.171091 -0.000001 -0.000001 -0.000001 -6.623974 7.915607 12.588320 27.841347 37.201882 13.870152 84.315086 -5.192755 -24.187716 0.000004 0.000002 -0.000001 -10.352996 -7.182744 -30.101596 -8.323793 -1.239012 -82.246495 30.588920 -24.453956 -20.350082 0.000003 -0.000001 -0.000001 33.112183 9.781302 24.781671 33.844093 -5.517739 -1.616679 43.515477 -25.947721 -10.059996 -0.000003 0.000001 -0.000001 -88.296533 26.074886 -20.410149 34.843216 26.981269 95.900528 -16.020851 -44.711129 -23.450165 0.000003 -0.000001 -0.000002 
-5.567666 45.743755 -13.701222 171.581346 -58.960454 151.130476 -7.397467 3.234927 -12.394088 0.552032 -5.460791 7.087892 -9.729517 -22.024874 -8.687778 -6.702380 -19.980144 13.494451 -0.000000 -0.000001 -0.000001 -6.498365 8.256842 12.802163 26.399280 36.072927 15.641975 77.813900 3.017414 -18.435463 0.000001 0.000004 -0.000001 -10.288625 -7.389230 -30.536403 -7.926923 -1.410498 -81.646599 31.448824 -24.131723 -20.132013 0.000005 -0.000002 0.000004 33.984071 9.784829 23.848536 33.206962 -5.654291 -1.865482 42.108359 -26.863105 -10.336570 0.000001 0.000001 -0.000001 -85.404535 25.214548 -20.824318 35.093693 25.735740 91.439444 -13.554984 -42.120035 -20.657979 0.000001 0.000004 -0.000001 
-5.578457 45.721130 -13.818744 172.717876 -58.669194 151.229390 -6.440127 2.812214 -10.853725 -0.887360 -4.992411 5.994945 -8.465386 -21.542068 -7.491217 -6.286352 -19.558575 13.427676 -0.000001 0.000001 0.000001 -6.552554 8.846278 14.634199 25.428113 35.845509 17.965418 68.561145 8.513943 -13.159363 0.000001 0.000001 -0.000002 -9.947522 -6.953697 -30.730558 -7.878878 -1.691637 -81.529639 32.118295 -23.431377 -19.777911 0.000001 0.000004 0.000003 35.200787 10.855519 25.294197 31.709167 -5.752051 -3.048647 42.464068 -27.761020 -10.545331 -0.000004 -0.000002 0.000002 -79.491579 24.453214 -22.979864 34.269945 22.205266 83.640386 -6.167050 -37.056112 -14.136202 0.000001 -0.000004 -0.000000 
-5.576623 45.669785 -13.906955 170.391268 -57.279752 148.739172 -8.283711 2.825709 -9.898643 -2.285082 -4.681914 5.270676 -6.807229 -21.524938 -6.559135 -6.145700 -18.717717 13.170217 -0.000001 0.000001 -0.000001 -7.018480 10.309140 17.238989 23.840637 35.538352 21.667617 59.595456 11.546798 -8.973903 0.000006 -0.000004 0.000004 -9.718669 -6.412380 -31.251708 -7.999055 -1.717506 -81.160768 32.571137 -23.433271 -19.723554 0.000000 0.000002 0.000003 35.972998 12.100201 28.254119 28.542596 -5.833542 -6.098496 42.379005 -28.054355 -10.739349 0.000000 -0.000000 -0.000001 -67.732527 19.922110 -23.542279 26.583141 11.643348 68.475133 12.941400 -28.237003 -2.204005 0.000002 -0.000001 -0.000003 
-5.570208 45.573757 -14.040402 165.912904 -56.308322 144.827263 -10.785343 2.869385 -9.084076 -3.047475 -4.192326 4.461769 -5.552234 -22.033465 -6.011656 -7.189551 -18.194097 12.780875 0.000000 0.000001 -0.000001 -6.897137 10.502931 17.332373 20.603085 32.431391 22.166978 49.224354 10.930332 -8.563201 0.000001 0.000001 0.000002 -9.761758 -6.743927 -31.929782 -7.489430 -2.485713 -81.743649 32.916273 -22.942546 -18.380661 -0.000000 0.000000 -0.000002 33.773148 11.710157 29.796116 28.111571 -5.831463 -7.179486 41.934541 -27.657919 -10.742439 0.000002 -0.000000 -0.000001 -59.953495 14.559672 -19.927408 30.093260 12.250816 49.850293 5.379450 -15.735530 -1.353425 0.000000 0.000002 -0.000000 
-5.571684 45.522518 -14.156913 163.578017 -56.825541 143.796683 -11.192512 3.096476 -9.472516 -2.994894 -4.410731 4.667359 -5.997158 -22.626614 -7.016865 -7.540617 -18.157506 12.523276 -0.000002 -0.000002 -0.000001 -7.428494 9.941478 17.416941 16.683727 31.012365 24.703691 38.588721 14.217782 -3.951021 -0.000001 0.000002 0.000001 -10.165915 -6.111526 -31.606506 -9.127480 -2.288240 -82.233927 32.367225 -24.083872 -17.314876 -0.000000 0.000002 -0.000001 33.311376 12.147653 32.363595 27.685205 -5.997088 -9.314505 41.567555 -26.094813 -10.810786 -0.000005 0.000002 -0.000001 -58.238134 14.035673 -20.029637 35.454699 14.647636 42.171470 1.396670 -12.519555 -1.095186 0.000002 0.000000 0.000000 
-5.534697 45.547523 -14.273913 163.406989 -59.233750 146.617251 -8.547328 3.617336 -12.884408 -2.706786 -5.311083 6.025794 -7.285035 -23.934730 -8.896222 -6.889528 -19.479997 13.520167 0.000005 -0.000001 -0.000001 -7.441934 7.592678 16.085963 13.425257 30.505308 28.131956 29.887439 16.878985 -0.290576 0.000003 0.000000 -0.000001 -11.065787 -6.376570 -31.649758 -11.133778 -0.808021 -80.380685 32.028191 -26.127669 -17.903423 0.000001 0.000001 0.000002 32.071577 11.206015 30.939698 29.989643 -6.153100 -6.925964 42.976452 -25.623842 -10.570965 -0.000001 -0.000001 0.000000 -70.541367 19.015301 -21.143756 34.578468 17.242111 58.733049 2.516934 -27.336413 -5.775817 -0.000001 0.000002 -0.000001 
-5.486916 45.561100 -14.373003 165.001142 -60.323807 149.244264 -6.867243 3.655644 -14.274195 -2.032247 -5.490301 6.534536 -7.161537 -23.620795 -8.686279 -5.722228 -20.334947 14.303786 -0.000000 0.000002 -0.000000 -7.351988 5.795699 17.476246 9.446328 26.909434 30.893967 23.590766 18.721718 4.096164 0.000003 -0.000001 0.000002 -11.560213 -6.939376 -31.360831 -12.107022 0.622360 -78.805329 32.072468 -26.876005 -17.618483 0.000000 0.000002 -0.000000 33.109089 10.961211 30.132845 30.605559 -5.608595 -4.780581 40.880277 -26.856572 -10.858695 -0.000001 -0.000000 0.000001 -79.876747 23.925427 -22.267672 35.754032 21.241041 71.866417 -4.548970 -33.901231 -11.169597 0.000003 -0.000000 -0.000000 
-5.459528 45.616119 -14.457581 166.296856 -60.412989 150.404973 -6.278674 3.551273 -14.638706 -1.515776 -6.234548 7.736759 -7.642951 -21.657521 -9.101518 -5.078968 -20.545165 14.165955 -0.000001 -0.000002 -0.000001 -7.691464 4.510237 20.712962 4.914574 22.966508 34.530609 20.128303 20.617425 7.494805 0.000002 -0.000001 0.000003 -12.386545 -7.368150 -31.727031 -13.626417 1.997955 -76.758697 30.780691 -28.271748 -18.611231 0.000000 0.000001 0.000003 33.660415 10.506412 29.178770 31.022873 -4.853055 -4.088665 38.531286 -26.995151 -11.050579 -0.000004 0.000001 0.000000 -86.432376 28.042648 -23.140304 35.027259 23.815451 84.162178 -10.595711 -40.811630 -17.204415 0.000001 0.000004 -0.000001 
-5.434140 45.676353 -14.534797 165.768172 -61.242604 150.830507 -5.560208 3.597179 -15.149886 -1.729525 -6.762739 8.368012 -8.307685 -22.261207 -10.244373 -4.956331 -20.538895 13.639376 0.000001 0.000002 0.000001 -8.593908 3.528703 22.548623 1.067265 20.489410 38.317221 18.366099 22.728727 9.493022 0.000003 -0.000001 0.000002 -12.705922 -6.116995 -30.604329 -15.400270 2.344834 -77.381658 29.784235 -29.215700 -18.681959 0.000001 -0.000001 -0.000001 33.146922 10.101343 28.396037 31.579093 -4.322490 -2.353263 37.440706 -27.822941 -11.268708 0.000000 -0.000000 0.000001 -90.464387 31.153439 -24.082045 34.589106 26.009820 92.799492 -16.055379 -44.881320 -22.312532 0.000001 0.000003 -0.000002 
-5.399953 45.705276 -14.642872 163.809834 -61.377036 150.716184 -6.416812 4.117371 -16.784235 -1.806205 -7.167831 8.856559 -7.586037 -24.178059 -10.323025 -5.237159 -20.374601 13.204694 -0.000000 0.000003 0.000000 -9.330723 3.291657 24.459744 -3.057007 16.004177 41.407858 20.651084 25.167203 10.724780 0.000003 0.000002 0.000001 -13.264749 -5.801035 -31.579168 -16.433360 3.123907 -76.725783 29.603874 -29.591945 -17.807113 0.000003 -0.000001 -0.000000 31.837841 9.223971 26.971160 32.409125 -4.400615 0.047781 34.788158 -27.886418 -11.599279 0.000001 -0.000001 -0.000003 -93.338346 33.223437 -24.469306 34.021726 27.536823 98.605522 -20.431288 -46.687929 -25.959374 0.000002 -0.000002 -0.000004 
-5.375602 45.747597 -14.767083 163.953555 -61.572243 150.547587 -6.583297 4.076520 -16.476911 -1.738317 -7.537021 9.483673 -7.450310 -24.375110 -10.535181 -6.189041 -19.560087 12.290157 0.000001 0.000001 0.000000 -9.313701 2.558442 26.717492 -6.050554 10.394005 44.709442 24.228655 25.919958 10.882220 0.000001 -0.000005 0.000001 -13.104079 -5.657245 -31.341682 -15.403620 3.818556 -77.600293 30.904079 -28.940437 -17.364532 -0.000001 -0.000001 0.000001 31.413563 8.802341 26.284443 32.973196 -4.139244 2.236519 33.214756 -28.105434 -11.625418 0.000000 -0.000001 -0.000002 -93.367306 33.566828 -24.706527 33.015188 27.511329 102.761774 -22.497340 -46.793080 -27.492939 0.000000 0.000002 0.000003 
-5.357755 45.778759 -14.902432 163.516587 -61.656172 150.148294 -6.950885 4.100199 -16.591805 -1.400438 -8.050270 10.367725 -7.717586 -24.113015 -10.942591 -7.669566 -19.053916 11.658067 0.000001 -0.000001 -0.000002 -9.247184 2.046579 28.609624 -8.021074 6.029860 47.463476 27.034147 26.150532 9.998483 0.000003 0.000001 -0.000002 -13.111111 -5.788859 -31.603176 -14.872788 4.279781 -78.064431 31.695349 -28.718227 -16.795295 0.000001 -0.000001 -0.000000 30.885784 8.171550 25.491943 33.618891 -3.873832 3.499189 32.022000 -27.715354 -11.482380 0.000001 -0.000001 -0.000003 -92.798474 34.170183 -25.401742 32.364407 27.166410 104.789343 -23.066937 -46.677701 -27.688424 0.000001 0.000002 -0.000000 
-5.340834 45.787495 -15.065690 162.734339 -61.755722 149.731721 -6.929599 3.915423 -15.959499 -2.463952 -7.432205 9.218542 -7.375038 -26.031345 -10.586988 -6.844953 -18.304840 11.340604 0.000001 0.000001 -0.000000 -9.668490 3.233764 31.747553 -10.427827 1.278790 50.164386 28.214333 26.452003 8.932862 0.000003 -0.000001 0.000003 -12.742905 -5.076766 -31.522655 -14.890885 4.561439 -78.650031 32.240948 -29.009347 -15.752322 0.000002 -0.000001 0.000000 30.278649 7.849692 25.129009 33.838424 -4.263586 4.266496 30.918101 -26.980594 -11.648932 0.000001 -0.000001 0.000001 -91.873134 34.925342 -26.476757 31.476865 26.511577 105.893689 -23.406999 -47.279030 -28.180394 0.000002 0.000000 -0.000001 
-5.327370 45.790138 -15.219867 162.679096 -61.517799 149.855074 -7.072431 3.871286 -15.518939 -2.098250 -7.388364 9.249624 -7.833678 -26.137346 -10.589538 -6.387196 -17.819347 11.122819 0.000001 0.000003 0.000000 -9.662008 3.139803 34.413601 -11.648908 -2.536767 54.888804 28.873884 26.256637 7.553380 0.000003 -0.000001 0.000002 -12.801458 -5.177972 -31.929809 -14.856858 4.649243 -79.146620 32.701184 -28.801897 -14.669027 0.000001 0.000001 -0.000000 30.607174 7.989944 25.557957 33.305403 -4.768607 4.118210 32.145305 -26.165452 -11.405410 -0.000001 -0.000001 -0.000003 -91.708260 35.327343 -26.857892 31.250554 26.631225 105.992084 -23.269217 -46.653710 -27.687920 0.000001 0.000006 -0.000002 
-5.318422 45.774948 -15.375214 161.235618 -61.616694 149.286953 -7.413183 3.989959 -15.714261 -1.551565 -7.516652 9.480736 -8.370589 -26.740901 -10.838654 -6.948311 -17.856474 10.869136 0.000003 0.000001 -0.000000 -10.008939 2.638148 35.900700 -12.788682 -5.016613 59.023285 29.000300 26.950475 6.297574 0.000005 0.000005 0.000004 -13.077892 -4.710034 -31.875974 -15.583995 4.341609 -79.777368 32.560943 -29.424817 -13.932201 0.000001 -0.000001 0.000001 29.992464 7.636703 25.323768 33.283928 -4.996216 4.371087 32.473093 -26.878166 -11.580482 0.000002 -0.000000 0.000000 -91.668638 36.317656 -27.722657 30.896480 26.364457 106.224550 -23.895900 -46.314642 -27.768363 0.000001 0.000005 0.000001 
-5.323158 45.778336 -15.504672 161.059330 -61.542798 149.125050 -7.474573 3.744877 -14.894848 -1.916215 -6.977270 8.640701 -8.160413 -27.169072 -10.588629 -6.404167 -17.579881 10.999648 -0.000002 -0.000000 -0.000000 -9.024732 2.242768 38.037323 -12.409010 -7.922686 64.193205 30.572985 26.745685 5.062606 0.000002 0.000004 -0.000002 -12.817979 -5.254928 -32.685484 -14.564634 4.242115 -79.533018 32.906253 -29.523817 -13.808362 0.000003 -0.000000 0.000002 30.455861 7.809624 25.758161 32.614590 -5.860821 4.095589 33.677224 -26.003254 -11.407291 0.000002 -0.000001 0.000002 -91.364579 36.960770 -28.334053 30.434961 26.200093 106.317529 -22.808495 -46.328302 -27.254410 0.000001 0.000004 -0.000000 
-5.353359 45.798458 -15.624382 161.554027 -60.816496 148.729582 -8.056393 3.536561 -13.470275 -2.115383 -6.625767 8.018832 -7.858797 -26.054648 -10.402907 -8.049153 -17.549602 10.939137 0.000000 0.000001 0.000000 -8.916115 1.693162 40.442380 -12.127841 -10.092311 70.120648 29.160680 26.848251 4.598653 0.000006 0.000002 0.000001 -13.657591 -6.282977 -33.994053 -15.091935 4.581062 -78.656076 31.892906 -29.788958 -13.576755 -0.000000 -0.000005 0.000005 30.882219 7.857661 25.466960 32.457954 -6.114719 3.687893 33.523088 -25.632344 -11.479243 -0.000001 -0.000002 -0.000001 -90.965873 36.532018 -28.156915 30.412988 26.078656 105.446878 -22.455060 -46.800924 -27.238747 0.000002 -0.000002 -0.000002 
-5.391387 45.832352 -15.733901 161.729481 -60.576033 148.113622 -8.586524 3.496653 -13.061771 -1.939790 -6.877687 8.397319 -8.137407 -25.933366 -10.855640 -5.852880 -17.958072 11.762786 0.000000 0.000002 0.000000 -8.696917 1.364912 42.460704 -11.558070 -11.618048 74.749932 29.119262 27.708756 5.141104 0.000003 0.000004 0.000004 -13.203214 -5.478232 -33.018323 -14.663419 3.938453 -79.896814 31.147473 -30.198531 -13.901003 0.000004 -0.000002 0.000003 31.141114 7.943461 25.695648 32.338173 -6.334039 3.521543 33.253855 -24.515214 -11.355925 -0.000000 -0.000001 0.000000 -90.054863 36.570124 -28.681030 30.001937 25.436970 105.154382 -21.616302 -46.663723 -26.587059 0.000001 0.000002 -0.000000 
-5.438622 45.829792 -15.862757 161.902517 -60.224865 147.672351 -8.856715 3.422360 -12.508099 -2.035037 -7.134410 8.670692 -7.966022 -25.757458 -11.206851 -4.690117 -18.900264 12.401283 0.000005 0.000004 0.000002 -8.591000 0.296721 43.869393 -10.966873 -13.277566 79.826074 28.024263 29.297854 8.910951 -0.000000 -0.000000 0.000004 -13.328321 -4.882547 -32.733101 -14.875064 3.301016 -80.297220 29.648403 -30.554701 -14.406944 0.000002 0.000003 -0.000000 31.250346 7.738011 25.099502 32.412902 -5.562690 3.869540 32.154584 -25.042892 -11.471409 0.000000 -0.000002 -0.000000 -89.824405 36.445633 -28.750800 30.458272 25.404549 104.661045 -20.817833 -45.545067 -25.593158 0.000003 0.000001 -0.000000 
-5.496306 45.831738 -15.998728 160.890556 -60.035478 146.650636 -9.038618 3.369260 -12.044093 -2.947025 -7.034347 8.293903 -7.832805 -25.983331 -11.705151 -3.457367 -19.372409 13.209243 -0.000000 -0.000002 -0.000000 -8.152942 -1.230411 45.011602 -10.386070 -14.301410 84.304362 24.727201 31.583136 15.115571 0.000001 -0.000002 0.000004 -13.290215 -3.976032 -31.810749 -15.223228 2.396964 -80.727085 27.427262 -30.941611 -14.616357 0.000003 -0.000002 0.000003 30.665674 7.396105 24.765320 32.386319 -5.194551 3.760569 30.845507 -26.028347 -11.813579 0.000001 -0.000002 0.000001 -89.239031 36.944883 -29.501363 30.019583 24.663641 104.950255 -18.988595 -45.132538 -23.976962 0.000003 0.000004 -0.000001 
-5.554537 45.821152 -16.140888 161.272924 -59.806093 146.341092 -8.907507 3.166513 -11.118405 -3.541989 -6.757240 7.726582 -7.080129 -25.543552 -11.086354 -5.260545 -18.950831 12.520521 0.000002 -0.000001 0.000000 -8.391807 -1.274430 45.795141 -10.243536 -16.286644 86.616709 21.286968 32.925702 20.899626 0.000003 -0.000002 0.000001 -13.516476 -3.846988 -31.908974 -15.431984 1.766006 -80.875505 26.042461 -30.737265 -14.674130 -0.000000 -0.000001 0.000001 30.751581 7.447200 24.706797 32.371139 -5.072524 3.283209 30.968894 -25.845113 -11.816570 0.000000 -0.000000 -0.000001 -88.070508 36.859662 -30.086502 29.671257 24.139278 105.024431 -18.347025 -45.095006 -23.386061 0.000000 0.000007 0.000001 
-5.605332 45.826324 -16.275349 161.324164 -59.548984 145.974489 -8.626932 3.036744 -10.787292 -4.320263 -6.719406 7.431766 -6.476546 -25.125652 -10.678585 -4.775941 -19.552588 13.017340 0.000005 -0.000003 -0.000000 -8.832734 -0.999907 46.151144 -10.110180 -18.508156 89.351394 16.802680 34.417795 28.619729 0.000003 0.000003 -0.000001 -14.152540 -4.306148 -32.563255 -16.119528 1.786923 -80.553810 24.802082 -30.662502 -14.671975 -0.000004 -0.000003 0.000003 30.560677 7.494708 24.599821 32.369687 -5.063351 3.207602 31.033829 -26.842908 -12.217448 0.000002 0.000000 0.000001 -88.425378 36.512791 -29.606490 29.820626 24.401961 104.963984 -17.562365 -45.089535 -22.811705 0.000001 0.000003 0.000001 
-5.659791 45.825294 -16.423626 161.557511 -59.334707 145.935953 -8.468145 3.040752 -10.729155 -4.581903 -6.604454 7.237210 -6.976188 -25.182583 -10.779239 -4.029291 -19.273016 13.688907 0.000005 -0.000002 -0.000001 -8.121214 -1.884084 46.496294 -9.894740 -19.188476 92.028610 11.783788 35.684866 36.706939 -0.000001 0.000004 0.000001 -14.151697 -4.139449 -32.462742 -16.650832 1.952407 -80.137312 23.157562 -30.977555 -15.702581 0.000003 0.000001 0.000001 30.344536 7.686686 24.459650 32.224453 -5.241349 2.159429 32.357103 -28.282388 -12.492377 -0.000004 -0.000000 -0.000003 -88.380128 36.096320 -29.399238 29.486265 24.168525 105.621219 -16.616436 -44.997092 -21.949629 0.000002 0.000001 -0.000002 
-5.716796 45.835297 -16.558384 160.800698 -59.306949 145.539447 -8.727594 3.160649 -11.222001 -3.549228 -7.234029 8.449672 -8.784547 -24.122264 -12.177816 -3.628927 -19.241592 14.290010 0.000002 -0.000000 -0.000000 -7.665433 -1.978729 47.243179 -9.257905 -19.526905 93.645732 8.912395 36.491652 42.754355 0.000002 -0.000001 0.000002 -14.140242 -4.493707 -32.650124 -16.194797 1.758418 -79.458965 21.879596 -30.966578 -16.402506 -0.000000 0.000005 0.000001 30.066192 7.708372 24.642076 31.928170 -5.482181 1.462203 33.609609 -28.300978 -12.366779 -0.000001 0.000001 0.000002 -88.057428 36.591236 -30.075877 29.055222 23.755244 106.239918 -15.850279 -45.066336 -21.511370 0.000001 0.000007 -0.000002 
-5.764813 45.825779 -16.707891 160.548405 -58.788422 145.080649 -9.205058 3.325754 -11.639040 -3.361406 -7.695210 9.332001 -8.841424 -24.153069 -12.350847 -4.947752 -18.501712 13.608137 -0.000001 0.000000 -0.000001 -7.558829 -1.969496 47.452364 -8.607943 -20.815430 95.399588 4.932417 36.889384 50.178924 0.000001 -0.000005 0.000003 -13.811448 -3.885230 -32.388825 -15.581900 1.412352 -79.315346 21.156243 -31.058892 -16.714410 -0.000001 -0.000003 -0.000000 29.899310 7.600023 24.893961 31.808973 -5.767794 0.040514 34.559562 -27.994691 -12.073120 -0.000001 -0.000001 0.000001 -88.323758 36.833072 -30.100691 28.368214 22.742554 107.110268 -13.716176 -45.877052 -20.690400 0.000003 0.000003 0.000001 
-5.800900 45.804317 -16.860222 160.980168 -58.264690 144.896002 -9.036293 3.234639 -11.216686 -3.778543 -7.428733 8.927856 -8.348860 -24.277416 -11.709934 -4.743652 -18.453650 13.672524 0.000001 -0.000000 0.000001 -7.904454 -1.314549 47.753619 -8.073462 -20.601423 96.616755 1.946630 37.216584 56.998554 -0.000002 -0.000004 0.000004 -13.743731 -3.874219 -32.305046 -15.347198 1.159204 -79.033731 20.694444 -31.007887 -17.140218 0.000000 -0.000003 -0.000000 29.942375 7.654427 25.173950 31.971060 -6.007599 -1.235966 35.152757 -26.388366 -11.655702 -0.000004 -0.000001 -0.000000 -88.892802 36.631517 -29.552347 27.692034 21.934152 108.239367 -13.446911 -46.920343 -21.166947 0.000004 -0.000003 -0.000001 
-5.830547 45.782528 -17.015339 160.736836 -57.980800 144.496914 -9.055477 3.270671 -11.403356 -3.817830 -7.590217 9.208562 -8.110687 -23.997818 -11.572516 -4.338766 -18.656373 13.795838 0.000001 -0.000001 -0.000000 -8.165938 -1.327090 47.986017 -7.966905 -20.354087 97.032502 -1.050378 37.082883 62.490828 -0.000002 -0.000002 -0.000001 -13.799164 -3.757196 -31.875834 -15.167289 0.365369 -79.473575 19.834396 -31.370181 -17.823681 0.000000 -0.000001 0.000004 29.784290 7.470511 25.462262 32.210250 -6.045380 -1.863116 35.119829 -26.007697 -11.507960 -0.000004 0.000000 -0.000001 -89.147417 36.728533 -29.401123 27.140762 21.144141 108.723600 -13.655124 -47.851212 -21.772498 0.000001 0.000002 -0.000001 
-5.851086 45.768051 -17.166916 160.476633 -57.804895 144.288798 -9.142243 3.368837 -11.742080 -3.301882 -7.714293 9.529507 -8.669695 -24.070804 -11.789257 -3.220679 -18.575890 13.997901 0.000005 -0.000001 -0.000000 -8.150577 -0.778183 47.904734 -7.613193 -21.254398 97.388341 -2.441785 37.372978 68.457279 0.000001 0.000002 -0.000000 -13.430906 -3.611761 -31.343366 -14.726880 -0.188361 -79.098911 19.499328 -30.937263 -18.589769 -0.000000 -0.000001 -0.000000 29.519156 7.429621 25.269897 32.587003 -6.127029 -1.239261 34.453803 -26.547391 -11.714392 -0.000002 0.000001 -0.000001 -89.548028 36.772362 -29.212053 26.954377 20.910025 109.033827 -12.347550 -47.975317 -20.916011 0.000003 -0.000000 -0.000004 
-5.860890 45.750187 -17.322147 161.283251 -57.449609 144.464648 -8.680873 3.198419 -11.421915 -3.672284 -7.407495 9.078376 -7.969796 -23.923240 -10.981861 -2.504924 -18.468913 14.120135 -0.000002 0.000000 0.000001 -7.847379 -0.326599 47.355109 -6.533033 -20.860800 97.846544 -2.891480 37.926934 74.307117 -0.000000 0.000002 -0.000000 -12.892818 -3.858957 -30.488977 -13.537594 -0.897106 -79.272658 19.657054 -30.360423 -19.454783 0.000002 -0.000000 0.000002 29.846178 7.590737 25.480974 32.593567 -6.098979 -1.765209 33.925539 -26.012905 -11.673588 -0.000003 -0.000001 -0.000002 -89.798826 36.302940 -28.555146 27.024690 20.907926 108.878700 -12.939728 -48.372096 -21.634822 0.000002 0.000004 -0.000002 
-5.867264 45.734062 -17.481045 162.511688 -57.438660 144.722911 -8.096191 2.991980 -10.925974 -3.537734 -7.233873 8.841273 -7.846077 -23.411971 -10.436854 -1.921799 -18.211451 13.968288 0.000000 0.000002 0.000001 -7.627274 -0.412985 46.912792 -6.240460 -20.990985 97.766672 -4.594179 37.571409 79.406454 0.000003 0.000006 -0.000000 -12.743053 -4.077897 -30.063505 -13.122870 -1.379766 -79.090763 19.526599 -30.163341 -20.181479 0.000000 -0.000003 0.000001 30.137872 7.639884 25.230097 33.181247 -6.097510 -1.294342 33.531260 -25.487932 -11.709302 -0.000004 0.000002 -0.000002 -89.388359 35.678456 -28.174479 26.909127 20.700748 108.561130 -13.175634 -48.770095 -21.825931 0.000002 0.000006 -0.000002 
-5.865929 45.703285 -17.648006 162.191311 -57.468986 144.828943 -8.155789 3.060231 -11.356153 -2.516858 -7.523604 9.418468 -8.866959 -22.828213 -10.944559 -1.594269 -17.764405 13.605905 0.000003 -0.000001 -0.000000 -7.681891 -0.008777 46.307805 -6.138128 -21.180616 97.325210 -6.581055 36.829599 84.857642 0.000000 0.000002 -0.000000 -12.246748 -3.634705 -28.720365 -12.536121 -2.545356 -80.323776 19.627092 -29.768710 -20.571147 0.000002 0.000003 0.000004 30.093492 7.651646 25.013341 33.093141 -6.118761 -0.731723 33.550934 -25.219796 -11.773574 -0.000004 -0.000000 -0.000001 -89.183938 36.055302 -28.613723 26.715993 20.411271 108.447251 -12.586836 -48.506402 -21.326128 0.000001 0.000010 -0.000001 
-5.855650 45.599777 -17.875065 162.537260 -57.450121 145.059025 -7.436052 2.912565 -10.840849 -3.180263 -7.093830 8.528061 -8.123084 -23.360335 -10.259166 -2.147539 -17.277565 12.752414 -0.000000 0.000001 -0.000000 -7.874729 -0.397092 45.410847 -6.680243 -21.340943 96.579647 -10.578600 34.433634 90.666834 0.000006 -0.000007 0.000005 -12.229770 -3.167095 -28.384912 -12.729188 -3.431243 -80.403279 19.545486 -29.610065 -20.789339 0.000001 0.000003 0.000003 29.745313 7.541972 24.378489 33.122856 -6.041806 -1.020230 34.486844 -24.491132 -11.656597 -0.000002 -0.000001 -0.000001 -89.569298 35.659373 -28.131425 26.816535 20.453437 107.880263 -12.387081 -48.753938 -21.218507 0.000003 0.000002 -0.000001 
-5.845153 45.510319 -18.098755 162.890231 -57.293549 145.205614 -7.419008 2.890239 -10.631083 -2.719788 -7.068337 8.590103 -8.391395 -23.199564 -10.239360 -1.842337 -16.968642 12.583458 0.000001 -0.000001 -0.000000 -7.682440 -0.296910 44.955294 -6.409133 -21.254772 96.324683 -11.305031 34.005599 94.247151 0.000005 -0.000004 -0.000001 -12.002096 -3.293151 -28.337893 -12.311951 -3.946197 -80.287453 19.783711 -28.725324 -20.359580 0.000003 0.000002 0.000003 29.866898 7.666503 24.118849 33.054940 -6.088402 -0.941280 34.201107 -24.267374 -11.719669 -0.000001 -0.000002 -0.000000 -89.494931 35.366013 -27.943851 26.882573 20.460907 107.193604 -12.128857 -48.564885 -20.907450 0.000001 0.000004 -0.000002 
-5.829372 45.445549 -18.299454 162.299064 -57.159859 144.997703 -7.769729 3.038981 -11.142401 -2.137964 -7.393734 9.258023 -8.810436 -22.518516 -10.599596 -2.645040 -15.995306 11.796927 0.000002 -0.000001 -0.000000 -7.680614 0.138712 44.642390 -6.065387 -20.871497 95.672693 -10.809875 35.001748 97.185191 0.000004 -0.000004 0.000004 -11.946318 -3.887905 -28.118132 -11.556907 -4.265041 -80.050773 20.061778 -28.216485 -20.611435 0.000001 -0.000002 0.000003 29.710934 7.695638 24.355763 33.102321 -6.028533 -0.502028 33.908590 -24.066708 -11.595164 -0.000004 0.000000 0.000001 -89.416575 35.814964 -28.386558 26.350808 19.678065 108.006485 -12.806343 -49.212247 -21.831474 0.000002 0.000006 -0.000003 
-5.794671 45.361641 -18.506218 161.743647 -56.911175 145.056880 -7.876110 3.110681 -11.483199 -2.255508 -7.215350 9.015290 -8.299805 -22.714117 -10.373696 -3.321471 -15.590021 11.454051 0.000000 0.000002 0.000001 -7.414666 0.181198 44.029927 -5.558708 -20.079144 95.583436 -10.362911 35.959085 100.097112 0.000002 -0.000002 0.000001 -11.964854 -4.522372 -28.719586 -10.936925 -4.943292 -79.276708 20.376401 -27.658352 -20.603091 0.000004 -0.000002 0.000003 29.644718 7.743153 24.450634 32.872813 -5.962365 -0.467267 33.818760 -24.208002 -11.588690 -0.000004 0.000003 0.000001 -90.447790 36.222085 -28.188216 26.542245 19.916570 107.684578 -12.561654 -49.497589 -21.852207 0.000004 0.000003 -0.000000 
-5.755617 45.271339 -18.718018 161.912175 -56.792647 145.202090 -7.608816 3.063164 -11.423943 -2.233543 -7.027466 8.727821 -8.058712 -22.546629 -9.905373 -3.516527 -15.093617 11.029828 -0.000000 -0.000001 -0.000000 -7.282156 0.410278 43.809465 -5.326502 -19.813382 95.177484 -9.649671 36.930232 101.835211 0.000004 -0.000000 0.000004 -11.851965 -4.838351 -28.890491 -10.511799 -5.475667 -78.840074 20.659403 -27.181105 -20.781580 0.000000 0.000000 0.000003 29.825134 7.903338 24.497664 32.820517 -5.877936 -0.352514 33.720289 -24.465394 -11.652940 -0.000005 0.000000 -0.000001 -90.839064 36.063068 -27.854527 26.853136 20.229198 106.950831 -12.504366 -49.379840 -21.840611 0.000002 0.000002 -0.000003 
-5.712346 45.202053 -18.921146 161.430660 -56.725787 145.219411 -7.522218 3.103478 -11.834756 -1.656226 -7.320288 9.366040 -8.688373 -21.973485 -10.405892 -4.250106 -14.403686 10.488464 0.000002 -0.000002 -0.000001 -7.348737 0.581285 43.556898 -5.360192 -19.623415 94.539599 -10.056848 37.370014 103.945876 0.000001 -0.000001 -0.000004 -11.842924 -4.916909 -28.478846 -10.177870 -6.075354 -78.737465 20.456635 -27.384392 -20.446825 0.000000 -0.000002 0.000003 29.653915 7.701501 24.573752 32.774536 -5.898560 -0.593945 33.619035 -24.755944 -11.695933 -0.000003 0.000003 0.000001 -91.152720 36.434606 -27.910258 26.599837 19.949526 107.228629 -12.612717 -50.220865 -22.108969 0.000002 0.000005 -0.000003 
-5.668151 45.169468 -19.102268 161.714250 -57.073901 145.470189 -7.197041 3.088052 -12.026549 -1.702764 -7.177948 9.229988 -8.454655 -21.800497 -10.320924 -4.841564 -13.830880 10.142449 0.000002 -0.000001 -0.000000 -6.941040 0.099318 42.980475 -5.328110 -19.404426 94.372485 -10.524989 37.393291 105.630604 0.000001 0.000004 0.000002 -12.089583 -5.570878 -28.992913 -10.037013 -6.673187 -78.181118 19.965167 -27.600531 -21.012502 0.000004 0.000002 -0.000001 29.640064 7.626187 24.652026 33.008351 -5.976535 -0.717857 33.705600 -24.737145 -11.644384 -0.000003 -0.000001 0.000000 -90.307156 36.376563 -28.284891 26.659021 19.985656 106.676060 -11.941277 -49.541111 -21.219265 0.000002 -0.000000 0.000001 
-5.618133 45.137589 -19.283367 161.863899 -56.944339 145.749284 -7.160354 3.092773 -12.196703 -1.752489 -7.036546 9.071144 -8.197120 -21.588848 -10.043592 -4.970725 -13.829825 10.232636 0.000003 0.000002 0.000001 -6.835398 0.268411 42.743358 -5.183052 -19.219602 93.992077 -10.146806 37.929639 106.467602 0.000002 0.000002 0.000001 -11.873151 -5.522307 -28.525701 -9.745233 -6.895251 -77.926919 20.102553 -27.511980 -21.242855 0.000001 0.000004 -0.000002 29.650176 7.590702 24.571172 33.045166 -5.927253 -0.899744 33.524447 -24.912067 -11.696835 -0.000004 0.000002 -0.000001 -90.700213 36.352831 -28.027541 26.402381 19.670694 107.610307 -12.260135 -49.743595 -21.527462 0.000001 0.000007 -0.000003 
-5.562454 45.111145 -19.468506 161.963347 -56.864620 145.933453 -6.982091 3.052097 -12.191765 -1.667276 -6.953294 8.969107 -8.165463 -21.410307 -9.959752 -5.047368 -13.611851 9.953813 0.000004 0.000001 -0.000000 -6.931377 0.343767 42.551658 -5.125842 -18.769473 93.734074 -10.284268 37.820373 106.602362 0.000002 0.000002 0.000001 -12.013962 -5.673652 -28.752101 -9.575385 -7.333468 -77.520393 19.834702 -27.602763 -21.240792 0.000001 0.000003 -0.000000 29.645845 7.515810 24.680769 33.057439 -5.803382 -0.926172 33.147489 -25.752969 -11.815420 -0.000003 0.000000 -0.000000 -90.863407 36.145108 -27.714713 26.695359 19.944967 107.211949 -12.495248 -49.147924 -21.476958 0.000002 0.000006 -0.000002 
-5.503308 45.094383 -19.633690 161.352755 -57.091530 146.035127 -7.094335 3.214242 -12.710905 -1.431224 -6.985353 8.993391 -8.396509 -21.670913 -10.082893 -5.371374 -13.305023 9.628243 0.000002 -0.000001 0.000001 -6.973542 0.382849 42.294847 -5.509922 -18.972585 93.318648 -10.575190 37.517017 106.817397 0.000004 -0.000000 0.000004 -12.120669 -5.805528 -28.904230 -9.869634 -7.462269 -77.288563 19.492612 -27.256466 -21.338127 0.000002 0.000001 -0.000000 29.182226 7.467633 24.294495 33.163598 -5.797736 0.021196 33.623047 -26.510517 -11.907839 -0.000002 0.000001 -0.000004 -91.103454 36.513105 -28.015582 27.165148 20.638381 106.714254 -12.711001 -48.199982 -21.289580 0.000002 0.000006 -0.000001 
-5.448596 45.061096 -19.812351 162.201857 -56.884127 146.372593 -7.032856 3.144658 -12.278342 -1.093887 -6.999284 9.039701 -8.622842 -21.331611 -10.023911 -5.195853 -13.545694 9.842533 -0.000001 0.000001 0.000001 -7.134314 0.328977 42.108338 -5.874965 -19.395900 93.147873 -11.985774 35.976529 107.459073 0.000005 0.000003 0.000002 -12.282978 -5.798390 -29.110017 -10.231733 -7.330873 -77.322031 19.387319 -27.187940 -20.768327 0.000001 0.000003 -0.000000 29.578810 7.573642 24.052026 33.141724 -5.813289 0.371842 33.649648 -26.342153 -11.889525 -0.000002 -0.000002 0.000003 -91.267235 36.087571 -27.562786 27.469207 21.104648 106.214161 -12.109699 -47.658126 -20.539904 0.000002 0.000000 -0.000001 
-5.399311 45.021904 -19.996178 161.992922 -56.827696 146.484171 -7.304650 3.262575 -12.643185 -0.661768 -7.198594 9.399431 -8.871325 -21.122756 -10.123933 -5.796058 -13.524250 9.689023 0.000002 -0.000002 0.000000 -7.018210 0.073441 41.666951 -6.094788 -19.754114 92.973286 -12.638289 35.081341 108.043026 -0.000000 0.000002 0.000001 -12.225587 -5.794999 -28.827794 -10.340607 -7.550568 -77.838735 19.411596 -27.120405 -20.884697 0.000000 0.000003 -0.000003 29.608648 7.582155 23.879294 32.916160 -5.855219 0.507783 33.677918 -27.052400 -12.026917 -0.000003 0.000001 -0.000001 -91.409228 36.269848 -27.658492 27.732586 21.449944 105.600025 -11.903379 -47.104741 -20.153677 0.000002 0.000010 -0.000000 
-5.360027 44.972164 -20.178715 161.882040 -56.903894 146.839204 -7.150174 3.301865 -12.917094 -1.746236 -6.632241 8.296699 -7.588738 -21.644811 -9.162560 -5.634964 -13.999840 10.022422 0.000005 -0.000002 0.000001 -6.748971 -0.535655 41.418469 -5.882775 -18.913043 93.325806 -13.107483 34.519937 108.436438 0.000004 0.000004 0.000001 -12.755085 -6.648219 -29.937071 -10.506930 -7.116798 -76.649715 19.348157 -27.083114 -21.008552 -0.000001 -0.000000 0.000002 29.721835 7.581132 23.688646 32.707655 -5.930147 0.415527 34.166942 -27.154725 -11.992332 -0.000000 -0.000000 -0.000002 -91.218898 36.574263 -28.029361 27.948171 21.855031 105.509634 -11.141602 -46.206885 -19.253004 -0.000001 0.000006 -0.000002 
-5.322127 44.913307 -20.369995 161.793712 -56.861909 146.960454 -7.024793 3.230265 -12.735602 -2.430105 -6.259654 7.618501 -6.904540 -21.827092 -8.800092 -5.973305 -14.244996 10.199489 -0.000000 0.000001 0.000001 -6.524676 -0.786323 41.206948 -5.612934 -18.643500 93.746225 -12.900550 34.784787 108.456307 -0.000000 -0.000000 -0.000000 -13.091839 -7.304503 -30.790773 -10.485491 -6.887065 -75.649167 19.348382 -27.095461 -21.046847 0.000001 0.000001 0.000002 29.776763 7.573831 23.696914 32.607835 -6.013508 0.221498 34.048701 -26.962213 -11.990062 -0.000000 0.000001 -0.000003 -91.470624 36.539873 -27.841617 27.820378 21.837044 106.115383 -11.161738 -46.019076 -19.233198 0.000002 0.000003 -0.000000 
-5.291333 44.864819 -20.555027 162.390780 -56.766064 147.154404 -6.805290 3.118305 -12.324639 -2.481970 -6.161856 7.438334 -6.694033 -21.612488 -8.370305 -6.599098 -13.999524 9.835450 0.000001 -0.000001 -0.000000 -6.534075 -0.961651 41.025555 -5.737691 -18.761623 93.907110 -12.810923 34.876848 108.168388 0.000000 0.000003 -0.000004 -13.279083 -7.523136 -30.943274 -10.771026 -6.525290 -75.393677 19.759567 -27.298579 -21.178919 0.000001 -0.000004 0.000004 30.118966 7.703348 23.760278 32.504310 -5.928838 -0.343141 33.571083 -27.100218 -12.101343 -0.000005 -0.000001 0.000002 -91.489045 35.924821 -27.322259 28.032090 22.026288 106.008320 -11.828328 -45.818494 -19.505255 0.000001 0.000001 0.000000 
-5.265961 44.815266 -20.750805 161.953020 -56.964877 147.044602 -6.707108 3.156864 -12.495915 -2.408955 -6.309304 7.630069 -7.000261 -21.923164 -8.579343 -6.452605 -14.494681 10.252254 0.000002 0.000000 0.000000 -6.562421 -1.211118 41.008258 -6.135775 -19.223154 93.823870 -13.683937 33.589057 108.185921 0.000003 0.000002 -0.000000 -13.486315 -7.449652 -31.129502 -11.150560 -6.589193 -75.589601 20.058995 -27.726200 -21.583480 0.000001 -0.000002 0.000004 29.855607 7.740760 23.957746 32.563303 -5.748995 -0.217955 33.897054 -27.437415 -12.144752 -0.000002 0.000001 0.000000 -92.098756 35.945366 -27.061857 28.672741 22.817073 105.514231 -12.052112 -45.328930 -19.343881 0.000004 -0.000001 -0.000001 
-5.239166 44.774719 -20.934822 162.099035 -57.244546 147.072824 -6.251408 3.007745 -12.019134 -2.174159 -6.389110 7.747000 -7.525101 -21.534907 -8.916226 -6.511349 -14.686636 10.370124 0.000002 0.000004 0.000000 -6.561154 -1.240349 40.833391 -6.354449 -19.435935 93.781093 -13.817414 33.222242 108.024462 0.000003 -0.000004 0.000005 -13.538379 -7.491682 -31.035437 -11.340354 -6.748467 -75.594594 20.326004 -27.809711 -21.769688 -0.000000 0.000001 -0.000003 29.768867 7.900142 24.223583 32.728948 -5.681460 -0.287741 33.660156 -27.921810 -12.243574 -0.000003 -0.000001 -0.000002 -91.822755 35.958419 -27.286775 28.200077 22.234863 106.618467 -12.819235 -46.336379 -20.382505 0.000002 0.000008 0.000000 
-5.213860 44.739025 -21.121487 162.096727 -57.047004 147.157300 -6.281338 3.009344 -11.939043 -1.290723 -6.903830 8.675683 -8.683743 -20.691059 -9.696495 -6.922089 -15.038644 10.597117 0.000001 0.000001 -0.000000 -6.545582 -1.322889 40.899507 -6.389078 -19.199776 93.623541 -13.664771 33.003894 107.307319 0.000004 -0.000003 0.000002 -13.095422 -6.643576 -30.198800 -11.012223 -7.927121 -76.955127 20.648372 -27.489152 -21.020274 0.000002 0.000001 0.000002 29.526088 7.820048 23.718129 32.957937 -5.588095 -0.305637 33.568201 -27.835347 -12.274179 -0.000000 -0.000001 0.000001 -92.393280 35.794798 -26.880578 28.596394 22.739720 106.450342 -11.935326 -45.794892 -19.633498 0.000004 0.000004 -0.000001 
-5.200244 44.707699 -21.308327 162.263411 -57.007470 147.175578 -6.240054 2.948287 -11.618223 -1.238389 -6.836943 8.537590 -8.860597 -20.652214 -9.649038 -6.593223 -15.151523 10.645027 0.000004 -0.000002 -0.000001 -6.571139 -1.484333 40.805640 -6.624568 -19.453910 93.515255 -14.597098 31.684875 107.020697 0.000001 -0.000000 0.000004 -12.985490 -6.224370 -29.893023 -11.033284 -8.390688 -77.572555 20.595121 -27.385410 -20.422885 -0.000001 -0.000002 0.000004 29.658823 7.891677 23.671926 32.940828 -5.475569 -0.285669 33.805946 -27.487231 -12.128930 -0.000002 0.000001 -0.000002 -92.331535 35.713611 -26.874908 28.644649 22.757048 106.642004 -11.918819 -45.661546 -19.657716 0.000003 0.000002 0.000000 
-5.192461 44.685081 -21.488815 162.336890 -56.824913 147.172039 -6.438528 2.951215 -11.568903 -1.540292 -6.643127 8.179757 -8.475542 -20.704241 -9.292594 -6.689508 -15.264433 10.781156 0.000001 -0.000000 0.000001 -6.479721 -1.612617 40.633700 -6.568881 -20.138143 93.587300 -14.990935 31.017317 106.838625 -0.000000 -0.000004 0.000003 -12.849437 -6.076525 -29.614782 -10.849121 -8.462025 -77.532216 20.492613 -27.538740 -20.846847 0.000001 -0.000001 0.000001 29.829929 7.907979 23.661771 32.675697 -5.579303 -0.503773 33.921755 -27.587937 -12.164544 -0.000004 -0.000000 0.000001 -92.071073 35.673279 -26.937785 28.335711 22.535072 107.374904 -11.775374 -45.437352 -19.435211 0.000005 0.000004 -0.000001 
-5.185058 44.657967 -21.672932 161.435018 -56.879917 146.700579 -6.647691 3.016056 -11.728212 -1.312951 -6.909602 8.644356 -9.219211 -21.154506 -10.080637 -7.136898 -15.443507 10.934753 0.000005 -0.000001 -0.000000 -6.509269 -1.306562 40.789780 -6.494768 -20.300700 93.711432 -14.680363 30.942570 106.314852 0.000000 -0.000004 -0.000000 -12.673298 -5.893293 -29.403736 -10.802713 -8.438495 -77.562044 20.345339 -27.119758 -20.414361 0.000003 -0.000003 0.000001 29.280468 7.781363 23.602914 32.679190 -5.663197 -0.606967 33.980014 -26.868567 -12.059729 -0.000003 0.000001 -0.000003 -92.290827 36.091802 -27.222265 28.278609 22.471215 107.397205 -11.656168 -45.525888 -19.258118 0.000003 0.000006 0.000001 
-5.178489 44.634388 -21.856220 161.966161 -56.524972 146.892275 -6.752302 3.009689 -11.511971 -1.615385 -6.726071 8.179802 -8.703594 -21.407765 -9.583537 -6.155127 -16.105871 11.368741 0.000005 -0.000001 0.000000 -6.499516 -1.588827 40.772893 -6.952884 -20.870989 93.497667 -15.695464 29.357594 105.944799 0.000007 -0.000004 0.000005 -12.475728 -5.354425 -28.780286 -11.047910 -8.864686 -78.446048 20.099807 -26.820177 -20.141145 -0.000001 -0.000000 0.000001 29.477928 8.017323 23.670564 32.596941 -5.598467 -0.976514 34.016292 -26.784819 -12.169607 -0.000004 0.000001 -0.000001 -92.831546 35.473510 -26.464685 28.760226 22.993594 106.644654 -11.538169 -45.313364 -19.173610 0.000005 0.000005 0.000001 
-5.170643 44.625927 -22.024673 162.248056 -56.498143 146.885049 -6.601999 2.968063 -11.392526 -1.734662 -6.652681 8.065156 -8.511704 -21.425166 -9.312481 -6.498787 -16.058010 11.253975 -0.000001 0.000001 0.000002 -6.414414 -1.469765 40.878245 -6.973995 -21.197948 93.276260 -15.807035 28.945689 105.787329 0.000004 -0.000003 0.000006 -12.400329 -5.413205 -29.057459 -10.895195 -9.013886 -78.174759 20.142265 -26.816400 -20.640149 -0.000001 0.000004 -0.000003 29.531074 8.074072 23.747929 32.628029 -5.570104 -1.188461 34.184352 -26.765625 -12.089136 0.000000 0.000000 -0.000000 -92.803085 35.257054 -26.288804 29.032546 23.249675 106.070140 -11.296390 -44.903330 -18.884327 0.000003 0.000007 -0.000003 
-5.164883 44.608757 -22.205185 162.702838 -56.324489 147.032444 -6.481552 2.913580 -11.212836 -1.786853 -6.573323 7.920941 -8.406764 -21.159906 -9.211217 -6.359495 -16.651964 11.731878 0.000003 -0.000000 -0.000000 -6.461764 -1.603880 40.685244 -7.033879 -21.545309 93.478836 -16.653393 27.641048 105.175604 0.000002 -0.000002 0.000001 -12.559368 -5.599912 -28.855142 -11.107975 -8.677155 -78.261161 20.055206 -27.007275 -20.444568 0.000003 -0.000001 -0.000000 29.723296 8.052570 23.780106 32.780458 -5.548394 -1.358748 33.961627 -26.556829 -12.019961 -0.000004 -0.000001 -0.000000 -92.580776 34.832319 -26.012586 28.899668 23.103576 106.232521 -11.830075 -45.257967 -19.304925 0.000004 0.000001 -0.000001 
-5.159554 44.599873 -22.374435 162.144415 -56.429889 146.963336 -6.600811 3.066073 -11.903188 -1.935194 -6.627409 8.002507 -8.039168 -21.603627 -9.157209 -6.440477 -16.907350 11.938346 0.000000 0.000002 0.000001 -6.518871 -1.819558 40.640937 -7.395305 -21.797797 93.252279 -17.421926 27.024888 104.400097 0.000005 0.000003 0.000004 -13.203580 -6.433686 -30.007466 -11.752890 -7.594843 -76.754196 19.809359 -27.727438 -20.840524 -0.000001 -0.000003 0.000001 29.500752 7.766854 23.512383 32.962425 -5.550210 -0.903766 33.352483 -27.671226 -12.265731 -0.000003 0.000000 -0.000001 -92.891249 35.196443 -26.129905 29.045455 23.383573 106.053597 -12.106733 -45.271477 -19.507381 0.000002 0.000002 -0.000003 
-5.152330 44.595173 -22.541840 162.702797 -56.299890 147.052579 -6.459904 3.020943 -11.723763 -2.414590 -6.270457 7.346662 -7.196847 -21.641635 -8.420856 -6.655650 -17.405337 12.216867 0.000002 -0.000002 -0.000000 -6.481971 -2.386383 40.409919 -7.645235 -21.578915 93.465593 -18.552498 25.884826 103.996064 0.000002 -0.000004 0.000004 -13.709577 -6.898453 -30.628119 -12.218173 -7.454781 -76.389894 19.217304 -27.985800 -20.588169 0.000001 0.000000 0.000003 29.587638 7.680894 23.243576 33.172637 -5.571834 -1.161551 33.591096 -26.976225 -12.097951 -0.000003 -0.000001 -0.000001 -92.928794 34.781441 -25.755887 29.058668 23.379166 105.944178 -11.754193 -45.019945 -19.184485 0.000005 0.000000 0.000000 
-5.146476 44.587116 -22.708424 162.541017 -56.325278 146.857386 -6.419841 2.978643 -11.555703 -2.556860 -6.166207 7.172805 -7.189412 -21.940734 -8.492008 -7.630674 -17.153808 11.939110 -0.000000 0.000002 0.000000 -6.775404 -1.901859 40.594584 -7.922846 -21.588235 93.122505 -19.094707 25.364264 103.516810 0.000003 0.000002 -0.000001 -13.770357 -6.865221 -30.660214 -12.513767 -7.097058 -76.228565 19.164128 -28.304582 -20.460358 -0.000002 0.000002 -0.000002 29.432228 7.554106 23.238161 33.124884 -5.747100 -1.526629 34.009387 -25.922781 -11.897468 -0.000005 -0.000001 0.000000 -92.855609 34.876500 -25.860261 28.667595 22.998381 106.434305 -11.904876 -45.337553 -19.331927 0.000004 0.000004 -0.000003 
-5.135625 44.581261 -22.868282 162.871339 -56.102706 146.786311 -6.479284 2.933532 -11.389522 -2.997658 -6.023772 6.928148 -6.742407 -22.088502 -8.373283 -6.294944 -17.055541 12.066320 0.000003 -0.000002 -0.000001 -6.914979 -1.714601 40.782025 -7.874308 -21.982826 92.895286 -19.309939 24.878431 103.387057 0.000003 0.000002 0.000001 -13.728216 -6.747621 -30.711423 -12.495301 -6.673376 -75.826759 19.355829 -28.566916 -20.798100 0.000003 -0.000002 0.000002 29.786151 7.620317 23.593818 32.989165 -5.825255 -1.811372 33.699436 -25.446722 -11.864321 -0.000003 0.000000 -0.000001 -92.968819 34.768795 -25.606570 28.501867 22.800565 106.206552 -11.509099 -45.724688 -19.197485 0.000002 0.000002 0.000001 
-5.122813 44.569775 -23.029354 163.388343 -55.661312 147.173009 -6.425186 2.937267 -11.432578 -2.507714 -6.104231 7.123115 -6.961039 -21.366946 -8.125019 -7.059416 -16.751502 11.755789 0.000003 0.000001 0.000000 -6.870176 -1.748573 40.875755 -7.801391 -21.399471 92.800039 -18.649196 25.825674 103.575611 0.000002 -0.000002 0.000004 -13.731990 -6.823454 -30.879511 -12.391322 -6.830135 -75.947592 19.553167 -28.414424 -20.660574 0.000006 -0.000002 0.000003 30.170305 7.733610 23.418313 32.713826 -5.858946 -2.413662 33.539279 -25.386111 -11.881083 -0.000004 0.000002 0.000000 -93.302570 34.294516 -25.047863 28.859988 23.290156 105.780349 -11.634335 -45.506699 -19.144004 0.000004 0.000003 -0.000002 
-5.109938 44.562714 -23.184273 162.931308 -55.734518 146.994496 -6.549389 2.971663 -11.572438 -1.997978 -6.374602 7.631505 -7.706339 -21.298461 -8.816211 -6.409060 -16.709943 11.933623 0.000003 -0.000000 -0.000000 -6.877028 -1.686389 40.825724 -7.634733 -21.281772 92.927087 -18.299545 26.169404 103.728396 0.000005 -0.000001 0.000002 -13.621423 -6.642175 -30.833776 -12.262224 -6.880710 -75.700564 19.387528 -28.374832 -20.965132 0.000003 -0.000001 0.000001 29.655134 7.451354 22.945730 33.053915 -5.877070 -2.167269 33.687852 -24.959057 -11.800645 -0.000005 -0.000002 0.000000 -93.392189 34.582115 -25.244336 28.499393 22.839372 106.273557 -11.756805 -46.240360 -19.467199 0.000003 0.000003 -0.000001 
-5.089800 44.556797 -23.344421 162.014273 -55.680501 146.450088 -7.050360 3.117489 -12.019047 -1.212206 -6.953963 8.719910 -8.601690 -21.341087 -9.724936 -5.686928 -16.762254 12.129211 -0.000000 -0.000000 -0.000000 -6.878938 -1.105194 40.650448 -7.123975 -21.879604 93.371616 -17.653336 26.753745 104.387332 0.000004 -0.000005 0.000003 -12.881925 -5.797541 -29.701245 -11.583109 -7.369622 -76.842852 19.690061 -27.755056 -20.200728 0.000003 -0.000000 0.000002 29.178315 7.375640 23.175810 33.089459 -5.997336 -1.658056 33.370467 -25.048351 -11.894091 -0.000001 -0.000002 0.000001 -93.553251 35.162579 -25.618411 27.871311 21.990445 106.810205 -12.368614 -47.137167 -20.388757 0.000005 0.000003 0.000001 
-5.069964 44.543827 -23.501957 161.507691 -55.850675 146.145517 -7.051085 3.130296 -12.083184 -0.927305 -7.119720 9.038820 -9.104344 -21.049576 -10.095089 -4.995970 -16.962657 12.423083 0.000000 -0.000002 0.000000 -6.694282 -1.209731 40.595188 -7.041120 -22.310558 93.350593 -17.414377 27.070181 104.858840 0.000003 0.000003 0.000003 -12.753625 -5.791461 -29.448385 -11.392457 -7.427117 -77.028811 19.547202 -27.572173 -20.296158 0.000001 0.000001 -0.000000 28.909230 7.375038 23.317921 33.191352 -6.092182 -1.280770 33.459707 -25.388086 -11.935218 -0.000001 0.000001 -0.000004 -93.024472 35.653577 -26.321935 27.368032 21.274760 107.195161 -12.234056 -47.439765 -20.501561 0.000003 0.000007 -0.000001 
-5.046193 44.540661 -23.656433 161.532799 -55.764355 146.066888 -7.103623 3.111637 -11.939189 -0.618580 -7.241845 9.291360 -9.524184 -21.277639 -10.327121 -4.633708 -16.739428 12.329357 0.000003 0.000001 -0.000000 -6.926454 -0.992580 40.681857 -7.239201 -22.424507 93.355920 -17.747538 26.599060 104.376444 0.000005 0.000002 0.000001 -12.538399 -5.131051 -28.927661 -11.494994 -7.644387 -77.912296 19.479891 -27.526950 -19.703339 -0.000001 0.000001 -0.000000 28.853653 7.404284 23.363705 33.264568 -5.945853 -1.207709 33.455288 -25.233154 -11.859981 -0.000004 0.000002 -0.000002 -93.111823 35.484311 -26.164549 27.696658 21.548472 106.631636 -11.885197 -46.765960 -19.969139 0.000004 0.000004 -0.000001 
-5.028403 44.550594 -23.801964 160.961071 -56.020648 146.146473 -7.090878 3.208543 -12.425947 -0.365750 -7.439897 9.646236 -9.813518 -21.344930 -10.555755 -4.350533 -16.593724 12.219720 0.000002 0.000000 0.000000 -7.284243 -0.752695 41.094864 -7.918967 -23.528590 92.266935 -18.344790 26.048750 104.074946 0.000005 -0.000005 0.000006 -12.723287 -5.005137 -29.151756 -11.772947 -7.524906 -77.629820 19.291379 -27.942777 -20.003189 0.000000 0.000000 -0.000002 28.532999 7.183021 23.298479 33.504725 -5.935791 -0.758712 33.149275 -26.291440 -12.064538 -0.000002 0.000002 -0.000001 -92.857330 35.798831 -26.521872 27.993831 21.964700 106.010738 -12.025419 -46.647334 -19.832168 0.000002 -0.000001 -0.000004 
-5.015265 44.575268 -23.940544 161.220099 -56.214704 146.038091 -6.975897 3.141078 -12.077511 -0.708120 -7.243085 9.240665 -9.498858 -21.435937 -10.274339 -3.289570 -16.646851 12.426144 -0.000002 -0.000004 -0.000001 -7.094249 -1.448536 40.845245 -8.300813 -23.644433 92.435033 -19.415192 24.506295 103.010311 0.000002 -0.000001 0.000001 -12.780920 -4.770435 -28.923720 -12.219282 -7.728903 -78.230487 18.830859 -28.121431 -20.016597 0.000003 0.000001 0.000001 28.692873 7.345407 23.672129 33.504899 -5.795259 -0.576430 33.216962 -26.237040 -12.090607 -0.000004 -0.000000 0.000001 -92.701206 35.493659 -26.408593 27.927460 21.909111 106.548274 -12.282831 -46.731150 -20.076745 0.000003 0.000003 -0.000000 
-4.993907 44.637516 -24.034050 160.825888 -56.602826 146.074087 -6.757065 3.123418 -12.207144 -1.259239 -7.042694 8.811513 -9.071009 -21.994758 -10.196098 -3.445781 -16.703112 12.479421 0.000000 -0.000000 -0.000000 -7.555467 -0.377006 41.327139 -8.323023 -23.864932 92.522931 -18.069154 26.134619 101.184260 0.000004 0.000003 0.000003 -12.644856 -4.642874 -28.682423 -12.227791 -7.787358 -78.196111 18.672136 -28.153463 -20.118589 0.000001 0.000001 -0.000000 28.721307 7.526974 24.344538 33.286435 -5.784549 -0.474340 33.237326 -27.115559 -12.253054 -0.000001 -0.000001 -0.000001 -93.027306 35.855167 -26.572281 28.146639 22.300721 106.657768 -12.929326 -46.670754 -20.479209 0.000003 0.000006 -0.000003 
-4.979363 44.742432 -24.100552 160.294800 -56.834626 146.015361 -7.061310 3.238183 -12.507428 -1.227871 -7.058282 8.806172 -9.264066 -22.626260 -10.617820 -2.757646 -16.898624 12.861915 0.000000 -0.000001 -0.000001 -7.643466 -0.157358 41.704766 -8.779524 -24.561065 92.847447 -18.272317 25.431298 97.362817 0.000001 0.000003 0.000002 -12.655903 -4.331980 -28.656188 -12.782397 -7.739533 -78.475424 18.517351 -28.514196 -20.236321 -0.000000 0.000001 0.000001 28.409485 7.576439 24.280301 33.486929 -5.471246 0.502697 32.603256 -28.398965 -12.582131 -0.000005 0.000000 -0.000001 -93.445246 35.754142 -26.409575 29.129080 23.397059 105.812778 -14.033310 -46.065815 -21.007271 0.000004 0.000001 -0.000001 
-4.965111 44.863243 -24.147404 159.808081 -57.258582 146.091203 -6.693271 3.201901 -12.560623 -1.402684 -7.029343 8.702072 -9.674732 -22.724878 -11.055630 -1.800304 -17.104496 13.267934 0.000003 0.000000 -0.000000 -7.762752 -0.381172 41.939916 -9.400631 -24.971329 92.621293 -19.834190 23.376922 94.022731 0.000003 -0.000003 0.000003 -12.957602 -4.299968 -28.839613 -13.431960 -7.683577 -78.411514 18.219726 -28.958213 -20.184915 -0.000001 -0.000002 0.000002 28.339090 7.707077 24.813799 33.256615 -5.361517 0.451709 32.423403 -29.806730 -12.888319 -0.000004 -0.000001 0.000001 -93.335396 35.959843 -26.680998 29.339781 23.772458 106.105595 -15.043126 -46.152336 -21.670899 0.000005 0.000004 -0.000000 
-4.933264 44.979393 -24.208946 159.346879 -57.541496 146.407878 -6.016666 3.105147 -12.445564 -1.673619 -6.752261 8.184180 -9.683056 -23.019016 -10.903723 -1.777189 -16.712039 13.005506 0.000001 -0.000002 -0.000001 -7.813334 -1.116000 41.821395 -10.626495 -26.745148 91.967541 -21.911257 21.330368 88.222548 0.000004 0.000001 0.000002 -13.638273 -4.598946 -29.491992 -14.422054 -7.604146 -78.263634 18.060690 -29.805832 -19.302236 0.000003 0.000002 -0.000001 27.994401 7.630730 25.221870 33.320955 -5.425813 -0.014794 32.412980 -29.658375 -12.792455 -0.000004 -0.000001 0.000002 -94.139903 35.745546 -26.093655 30.947898 25.757728 103.818274 -16.739241 -45.018593 -21.938971 0.000002 0.000007 -0.000000 
-4.893524 45.170834 -24.236855 159.705942 -58.600708 146.952490 -4.810826 2.943730 -12.535133 -2.172701 -6.559960 7.810948 -9.108108 -23.397523 -10.719083 -1.571234 -16.035773 12.398024 -0.000001 -0.000000 0.000000 -7.928449 -1.176805 42.242336 -11.496411 -26.653726 90.587556 -20.780582 22.894770 81.473515 0.000005 -0.000001 0.000001 -14.242048 -5.318636 -30.163191 -14.970600 -7.576814 -77.042936 18.306884 -30.345031 -17.812401 -0.000000 -0.000002 0.000002 27.751877 7.393008 25.689615 34.072242 -5.468338 0.495607 31.906802 -29.475374 -12.785987 -0.000002 -0.000002 0.000000 -93.763375 35.391687 -25.953769 32.385957 27.430528 101.859485 -18.529694 -44.162016 -22.527094 0.000002 -0.000002 -0.000004 
-4.843721 45.366421 -24.273193 159.732580 -59.429660 147.278782 -3.549702 2.753827 -12.464084 -3.033686 -6.246750 7.236784 -8.491226 -23.913640 -10.401303 -0.704608 -15.931802 12.325827 0.000000 0.000001 0.000000 -7.227465 -2.142532 42.342218 -10.729747 -23.927179 90.199574 -17.445232 24.842496 75.185978 0.000003 0.000004 0.000001 -14.501140 -6.149691 -30.686288 -14.666757 -7.228145 -75.664713 19.433811 -29.661814 -16.900579 0.000001 -0.000000 0.000003 27.460781 7.373087 26.353277 34.424188 -5.334134 0.472348 31.976063 -29.307491 -12.526705 0.000001 -0.000001 0.000001 -94.407421 35.023762 -25.276560 34.456651 29.261381 99.244213 -18.779369 -42.484562 -21.873239 0.000001 0.000001 -0.000000 
-4.772216 45.623173 -24.289627 160.982545 -60.392922 148.260471 -1.698200 2.451847 -11.887925 -2.649024 -6.375343 7.335108 -8.592718 -23.383178 -9.959895 -1.368604 -15.654911 11.568514 0.000002 0.000000 -0.000001 -7.613273 -2.642144 41.797438 -11.629543 -21.626032 87.920886 -14.597866 26.360934 66.904852 -0.000001 -0.000004 0.000003 -15.053677 -6.276338 -30.548229 -15.342241 -8.033768 -75.107137 19.850879 -29.423560 -15.826911 -0.000000 -0.000001 0.000000 27.293952 7.577978 27.066511 35.356020 -5.181425 0.794974 31.503244 -29.142170 -12.493198 -0.000002 0.000001 -0.000002 -94.919248 33.742927 -24.042145 37.942520 32.060109 94.772652 -18.629179 -39.299614 -20.062982 0.000001 0.000001 0.000000 
-4.661454 45.932854 -24.311035 160.512164 -61.447729 148.438520 -0.248650 2.271907 -11.613584 -2.877517 -6.046580 6.629349 -8.414666 -24.240778 -9.619714 -0.695970 -14.380108 10.028342 0.000001 -0.000000 -0.000000 -7.979436 -3.115807 40.689175 -13.717427 -23.368891 83.703675 -15.508795 24.888470 59.921618 0.000002 -0.000001 0.000001 -15.445074 -6.330997 -30.488715 -15.605321 -9.152435 -73.993871 19.863341 -28.976234 -14.242797 -0.000000 0.000003 -0.000000 25.960110 7.149616 27.371549 36.840531 -5.005986 1.677422 30.117702 -28.106141 -12.470321 -0.000001 -0.000000 0.000001 -95.833107 32.960058 -22.946608 41.227719 34.536544 91.242284 -19.740876 -36.499257 -19.370910 0.000001 0.000002 -0.000001 
-4.542361 46.271343 -24.307991 159.625510 -62.310948 148.784743 1.061190 2.127481 -11.649865 -3.570402 -5.765806 6.071801 -7.389720 -24.795702 -8.928037 -1.416997 -13.314191 8.353745 0.000002 0.000000 -0.000001 -8.412788 -2.909596 39.471602 -14.418888 -23.697362 80.509318 -14.646912 24.321901 54.742853 0.000006 0.000002 0.000000 -15.294557 -6.569571 -29.836315 -14.947056 -10.003584 -73.569340 20.425491 -27.885513 -12.806072 0.000001 -0.000001 -0.000000 25.014204 6.717290 27.845303 37.753003 -4.871204 2.383919 28.976876 -27.221514 -12.264018 0.000001 -0.000001 -0.000001 -96.579886 33.066493 -22.553141 43.644680 36.338068 88.779270 -20.343763 -35.047500 -18.890616 0.000002 0.000004 -0.000001 
-4.375319 46.681572 -24.285198 158.437002 -63.834941 149.515272 2.785159 1.874640 -11.725781 -4.028001 -5.481981 5.721942 -6.953095 -25.812036 -9.367770 -1.332757 -12.453966 7.445616 -0.000000 0.000001 0.000001 -7.951407 -3.354222 37.564838 -14.306320 -21.867937 77.180318 -13.410416 23.529715 48.617635 0.000004 0.000000 -0.000000 -14.966594 -7.303899 -29.423287 -14.072398 -10.375815 -70.868076 21.052007 -27.382186 -11.716652 0.000003 -0.000001 0.000001 23.435337 5.752076 27.177635 39.404680 -4.628821 3.430330 26.218424 -26.576017 -12.333086 -0.000002 -0.000000 -0.000001 -97.407042 33.176811 -22.108868 47.679403 38.710784 84.469318 -20.092321 -32.394699 -17.307317 0.000001 0.000001 -0.000001 
-4.159824 47.219254 -24.204170 158.139821 -65.964280 149.648529 4.857571 1.514522 -11.078426 -3.389930 -5.500332 5.820862 -7.461527 -25.313531 -9.250803 -0.937127 -11.478145 6.919336 0.000000 -0.000002 -0.000001 -7.816197 -3.655892 35.182144 -15.528379 -19.492189 72.619131 -11.725651 23.746565 40.708399 -0.000001 0.000004 0.000005 -15.227700 -8.231146 -29.009381 -14.469078 -10.816746 -67.935247 21.250626 -28.128635 -10.802754 0.000003 -0.000001 0.000001 21.785998 5.328722 27.934567 41.706761 -4.254257 5.160914 26.035879 -26.420903 -12.347237 -0.000001 -0.000001 0.000000 -96.556711 32.951349 -22.318604 50.134722 40.188980 82.049778 -19.717785 -30.389055 -15.821015 0.000002 -0.000001 0.000000 
-3.923659 47.766918 -24.118767 156.912299 -67.911451 149.514166 6.453404 1.342268 -11.136167 -2.867276 -5.864438 6.173145 -8.061279 -25.057683 -9.502601 -0.857727 -10.979048 6.385504 0.000001 0.000001 0.000001 -7.877394 -3.964331 33.264353 -16.313297 -16.605974 68.977425 -11.130101 23.572931 34.164056 -0.000000 0.000003 0.000003 -15.643370 -9.148163 -28.839446 -14.882912 -11.353911 -65.960394 21.414562 -27.682811 -9.707358 -0.000002 -0.000002 0.000002 19.942332 5.102970 28.116067 43.512673 -4.255074 6.818151 26.510768 -26.271366 -12.468742 0.000001 -0.000001 -0.000003 -96.289787 32.997542 -22.652117 53.615469 41.841401 78.141735 -19.285384 -27.673375 -14.062238 0.000002 0.000001 0.000000 
-3.626953 48.397469 -24.009609 159.579761 -68.374661 151.168533 8.549410 1.045997 -9.469772 -1.633654 -6.060083 6.174655 -9.039474 -22.771622 -8.952916 -2.056350 -10.237550 4.849442 0.000000 0.000004 0.000000 -8.126504 -3.859508 30.374459 -17.707890 -14.114637 64.831671 -9.520730 24.056377 26.981462 0.000001 -0.000000 0.000004 -15.616492 -9.458147 -27.757460 -15.568289 -12.115732 -63.420267 21.387003 -26.643400 -7.628164 0.000002 0.000002 0.000003 19.042009 5.585269 29.094816 45.933958 -4.684475 7.144037 23.980611 -22.654262 -12.085916 0.000003 -0.000001 0.000002 -97.060806 30.264435 -20.373464 57.627064 43.566444 74.004485 -18.266304 -24.545890 -12.178819 0.000001 0.000001 -0.000000 
-3.258941 49.079033 -23.886166 157.607981 -70.288630 149.631345 10.597157 0.813152 -8.841177 -1.134806 -6.316275 6.610121 -9.360438 -22.304949 -8.634895 -2.119955 -10.027443 4.531148 -0.000000 -0.000004 0.000001 -7.624934 -4.401095 27.341398 -18.106700 -12.115250 59.950189 -6.000570 24.399154 22.158491 -0.000000 0.000002 0.000001 -14.883889 -9.343198 -26.099852 -14.194665 -13.965693 -60.522566 20.038988 -25.213616 -6.611219 0.000002 0.000003 0.000001 16.351685 4.841410 29.176707 48.767103 -4.437709 8.792398 20.590276 -19.983211 -11.619525 -0.000000 -0.000000 -0.000001 -97.109833 29.542733 -19.837443 61.625997 44.374773 69.205785 -17.392262 -21.514187 -10.528408 0.000001 -0.000001 0.000001 
-2.871114 49.743069 -23.756817 154.828463 -71.870515 147.313889 12.111277 0.646451 -8.091428 -0.729770 -6.255372 6.590493 -10.195528 -22.673434 -8.713969 -1.055042 -10.395215 5.087221 0.000002 0.000001 0.000000 -6.691331 -6.151146 24.856327 -17.935226 -10.296466 56.602133 -3.175083 23.967964 19.182754 0.000002 0.000002 -0.000000 -14.174662 -9.081302 -24.469233 -13.239307 -15.050383 -58.167933 19.337715 -24.319590 -7.069073 -0.000001 -0.000002 0.000002 13.773666 4.248978 29.048873 51.056921 -3.760930 10.428744 17.551599 -19.073500 -11.437726 0.000001 0.000001 -0.000000 -97.011909 29.330113 -19.890967 64.822334 44.498570 65.255580 -16.976657 -19.049112 -9.348290 0.000001 -0.000002 -0.000001 
-2.435418 50.416306 -23.622707 156.902750 -71.726077 148.498449 14.401715 0.417673 -6.233500 -0.915400 -5.562671 5.578173 -9.754742 -20.685974 -7.201203 -2.306962 -9.502419 3.910708 0.000004 -0.000002 -0.000001 -5.760471 -7.698721 21.350178 -16.959230 -9.360130 53.004044 -0.043300 22.457073 17.424012 0.000003 -0.000001 0.000002 -13.135541 -9.161007 -22.891635 -11.961425 -14.755369 -53.883055 18.870197 -22.595743 -8.893365 0.000001 0.000003 0.000001 12.658700 3.907788 29.545008 53.064692 -3.134520 10.986847 14.597518 -18.152633 -11.071696 -0.000001 -0.000001 0.000001 -97.327607 27.309635 -18.122189 68.138493 43.975483 60.354721 -16.664106 -17.685836 -8.831699 0.000001 0.000001 -0.000001 
-1.936959 51.045963 -23.519814 158.774441 -70.771203 149.666288 16.052548 0.271718 -4.838903 -0.308326 -5.187028 5.236783 -9.638252 -18.612773 -5.984368 -3.499444 -7.459371 2.218857 0.000002 -0.000003 0.000001 -5.329212 -8.443514 17.823787 -16.327400 -8.608046 49.008223 2.394730 21.154908 15.057926 0.000006 0.000002 0.000001 -11.907787 -8.339616 -20.360099 -11.164588 -14.213234 -49.447315 16.941321 -21.627785 -10.529815 -0.000001 -0.000003 -0.000000 11.746650 3.378119 28.762152 54.613479 -3.189239 10.639019 10.834937 -17.068337 -10.716975 -0.000001 -0.000001 0.000003 -98.211720 24.957839 -15.706059 71.342364 43.130316 54.803368 -17.060295 -16.404714 -8.310434 0.000002 0.000001 0.000000 
-1.436469 51.634129 -23.417606 159.592424 -70.021119 149.900031 17.175124 0.183511 -4.096123 -0.422134 -5.063222 5.141651 -9.228066 -17.636013 -5.272438 -4.234981 -6.310394 1.384250 0.000000 -0.000002 -0.000000 -5.058848 -9.209076 15.316448 -15.573760 -7.603601 46.165027 3.843997 20.658993 13.945780 -0.000000 -0.000001 0.000000 -10.659141 -6.553996 -17.603237 -10.115694 -14.510090 -46.329303 14.104700 -21.120951 -12.208753 -0.000001 0.000003 0.000005 10.941861 2.892533 28.316719 55.677199 -3.231799 10.449145 8.625242 -16.836478 -10.659683 -0.000001 -0.000000 -0.000001 -98.745889 23.476757 -14.140499 72.397936 42.361697 52.046216 -17.760094 -16.261769 -8.387136 0.000000 0.000000 -0.000002 
-0.893715 52.225227 -23.308861 157.624510 -70.162510 147.910970 18.435705 0.152913 -2.999215 -0.825037 -4.846752 4.935072 -9.179600 -17.031522 -4.959186 -4.737966 -5.423829 0.947696 0.000002 -0.000002 0.000000 -4.718723 -9.915425 12.756717 -15.626035 -7.154602 41.804439 4.480324 19.937875 11.836104 0.000002 -0.000008 0.000003 -9.483475 -5.168233 -14.883406 -8.870262 -14.121444 -41.512749 10.155337 -20.438591 -15.663710 0.000001 -0.000004 0.000001 9.293087 2.205367 27.940950 56.828554 -3.215315 11.086397 6.109541 -16.340044 -10.478369 -0.000001 -0.000000 0.000001 -98.671679 23.537826 -13.940381 72.362173 41.342169 49.980647 -18.283769 -16.318148 -8.650745 0.000002 -0.000001 -0.000001 
-0.317621 52.838959 -23.195400 153.109496 -71.331299 144.445524 19.727531 0.047574 -1.697052 -1.137654 -4.824215 5.134089 -9.604278 -16.894131 -5.420035 -5.417152 -4.007738 0.551418 0.000001 0.000001 0.000001 -3.213884 -10.896010 10.423099 -14.758191 -7.840900 37.760940 5.959048 18.270309 11.040925 -0.000001 0.000000 0.000006 -7.532662 -3.975934 -12.111184 -7.228409 -11.612525 -35.695412 6.031822 -19.028123 -21.036477 0.000001 -0.000004 0.000001 7.095910 1.355799 26.670931 57.306032 -2.919841 12.418440 4.821279 -16.298887 -10.340941 -0.000001 -0.000001 0.000003 -98.171593 24.873619 -15.041448 72.565255 39.955305 47.557617 -17.886659 -15.833265 -8.611146 0.000001 0.000000 -0.000001 
0.224349 53.457882 -23.064236 153.347473 -71.034159 143.608293 21.267770 0.078507 0.594617 -2.476676 -2.974122 2.262216 -8.791355 -16.499497 -3.407356 -5.683997 -3.854433 0.893969 0.000001 0.000000 0.000001 -2.537904 -12.335207 9.002354 -14.095694 -7.455621 34.593173 6.105936 16.905533 9.442093 0.000000 0.000003 0.000002 -6.336375 -1.824493 -10.441367 -7.370678 -9.050801 -31.703983 7.428393 -19.129881 -23.673670 0.000001 0.000002 -0.000000 6.721427 1.185511 27.024977 57.201731 -2.977896 12.266204 4.083683 -15.188930 -9.786853 0.000001 -0.000000 -0.000001 -97.891425 24.000815 -14.377249 72.158408 39.161795 46.633765 -17.588395 -15.797171 -8.479623 0.000001 0.000001 -0.000000 
0.765952 54.184727 -22.917923 149.032433 -72.336088 138.945090 22.393269 0.210219 2.586700 -2.343572 -3.206599 2.637303 -9.936385 -14.639201 -4.491830 -5.442128 -4.444405 1.723809 0.000000 0.000005 -0.000002 -2.410284 -13.456485 8.745454 -13.820550 -6.175512 30.002367 6.300301 15.712307 7.690644 0.000000 0.000001 0.000003 -5.595996 1.097439 -10.022936 -8.523228 -6.862445 -26.103446 11.467147 -20.327102 -25.149680 0.000001 -0.000001 -0.000001 5.179846 0.610061 26.655039 56.847934 -2.781044 13.357998 3.897164 -15.716878 -10.039879 -0.000001 -0.000000 -0.000003 -96.215693 24.312798 -15.170253 70.843617 37.777537 45.454199 -17.159906 -15.725254 -8.144977 0.000001 -0.000003 -0.000001 
1.304458 55.020782 -22.772900 144.360898 -73.542546 135.382354 23.594998 0.257388 3.584786 -2.030457 -3.325384 2.895272 -10.461286 -14.218615 -4.725076 -7.035146 -3.952429 1.498026 0.000000 0.000005 -0.000000 -2.281556 -14.680419 8.015903 -13.286055 -4.952967 25.430266 6.861041 14.490183 7.329039 0.000002 0.000003 0.000002 -4.841340 4.931409 -9.185309 -11.896410 -2.660811 -21.835075 20.144492 -22.966866 -24.586678 0.000009 0.000001 0.000000 4.321374 0.167841 25.592283 55.024455 -2.784118 13.704625 5.144686 -16.286193 -10.205870 -0.000001 -0.000000 -0.000001 -93.975746 25.179168 -16.597300 69.417542 36.076875 44.136792 -15.954480 -15.961660 -7.798809 -0.000001 -0.000001 -0.000000 
1.757024 55.862644 -22.624130 141.227138 -72.555856 131.490649 21.835486 0.305674 4.416212 -0.823817 -3.770841 3.618905 -10.848745 -11.919289 -4.511041 -6.732905 -3.547755 1.308688 0.000003 -0.000002 0.000001 -2.205207 -15.075641 7.652360 -12.990033 -3.906922 21.307806 6.934119 13.419059 6.739203 -0.000000 -0.000001 0.000002 -4.430605 6.976189 -7.723791 -13.394068 -0.883485 -18.959263 22.888416 -23.383909 -24.876770 0.000001 0.000001 0.000001 3.321682 -0.058908 25.832971 53.246604 -3.336958 12.853160 6.937115 -15.954861 -10.183904 -0.000001 0.000000 -0.000001 -93.161786 25.186201 -16.819821 66.177177 35.002804 45.546239 -15.467163 -17.172667 -8.225184 0.000001 -0.000001 -0.000001 
2.105553 56.889584 -22.498417 141.081601 -71.951856 130.650003 20.880370 0.344947 4.980926 -0.913572 -2.808480 2.040743 -10.192486 -10.941950 -3.008343 -5.783272 -3.943065 1.523651 0.000002 0.000002 -0.000000 -1.985652 -15.417474 6.969972 -11.723640 -2.244600 17.424436 7.148525 12.247554 6.972062 0.000003 -0.000001 0.000002 -4.053394 8.142836 -5.016358 -12.420112 -1.090386 -16.026173 9.703282 -16.265983 -20.034808 -0.000001 -0.000003 0.000001 3.841316 0.196031 24.298070 49.689531 -3.540378 11.830116 11.040183 -16.666317 -10.145678 -0.000000 -0.000001 0.000003 -90.090441 23.609976 -16.667132 64.727551 32.526348 42.908358 -14.897515 -15.020692 -7.258084 0.000001 0.000001 -0.000001 
2.361228 58.115517 -22.355537 133.620247 -73.180587 125.433105 20.044684 0.220412 4.361456 -0.821105 -2.948791 2.207866 -10.173969 -10.598977 -3.079402 -6.406665 -2.855461 0.899260 0.000001 0.000006 -0.000003 -2.014849 -14.300086 6.106714 -9.379196 -0.329627 15.055496 7.544743 11.142505 6.066027 0.000000 -0.000001 0.000003 -3.793013 7.426828 -4.443704 -10.921621 -1.733192 -14.379744 0.473846 -11.849633 -16.037815 -0.000004 -0.000000 -0.000003 4.486489 0.439474 24.254645 43.771544 -3.537995 11.971139 18.431407 -16.492614 -9.712415 -0.000000 -0.000001 -0.000000 -88.358305 22.833346 -16.703837 67.787934 30.949083 36.632804 -15.853668 -11.797906 -6.011244 0.000001 -0.000001 -0.000001 
2.557557 59.388103 -22.204403 126.721073 -74.137687 120.541637 19.534382 0.108286 3.575446 -0.763879 -3.195405 2.619549 -10.120045 -10.209123 -3.458685 -6.912152 -2.991925 1.044377 0.000003 0.000004 -0.000000 -2.276300 -13.234334 5.536142 -8.085590 0.902834 13.380025 7.714822 10.535894 3.638891 -0.000000 -0.000002 0.000001 -3.800666 6.853762 -4.131768 -9.620607 -2.949640 -13.059321 -6.109408 -9.310008 -11.670232 -0.000002 -0.000002 0.000003 4.838733 0.447498 23.845201 39.030395 -3.393199 12.322768 23.949099 -18.906807 -10.029560 -0.000001 -0.000000 -0.000001 -86.864522 22.680464 -17.153634 69.264969 29.506957 32.769369 -16.032472 -10.146621 -5.315239 0.000000 0.000000 -0.000001 
2.624928 60.885273 -22.069016 117.188629 -75.010490 112.754675 18.235733 0.027152 3.265904 -0.371508 -2.892691 2.520890 -9.753431 -9.736403 -4.035010 -8.382730 -1.277456 0.139559 0.000002 0.000002 -0.000001 -2.062123 -11.180974 4.838102 -7.384100 0.451570 11.492490 9.002166 9.729970 3.465939 0.000001 0.000002 0.000000 -3.275802 5.837355 -4.472430 -7.356684 -3.561852 -11.413591 -8.142075 -7.832809 -8.472168 0.000001 -0.000000 0.000002 5.830390 0.496321 25.590386 32.186969 -3.431093 12.206858 30.387713 -22.946715 -10.232116 -0.000001 -0.000000 -0.000002 -83.976534 22.564240 -17.992298 67.998966 28.077636 31.733407 -16.075434 -9.826056 -5.383223 0.000001 0.000000 -0.000002 
2.519457 62.587517 -21.912079 104.038200 -76.661360 101.569189 17.839546 -0.015150 2.569293 0.364642 -2.233209 1.562854 -10.223673 -9.135197 -3.732722 -8.778812 0.193067 -0.496896 0.000001 0.000001 -0.000000 -1.895595 -7.917469 4.452253 -5.973789 0.447902 11.478649 9.527212 8.274113 1.749382 0.000002 0.000002 -0.000000 -3.052143 3.614158 -6.943870 -3.966294 -5.433545 -9.663783 -7.145697 -6.328033 -4.340641 0.000001 -0.000003 -0.000001 6.998487 1.015410 28.914192 24.334958 -4.114475 10.737303 37.704622 -24.033583 -9.735471 -0.000001 -0.000001 -0.000002 -77.836419 23.350521 -21.445826 63.638109 27.591493 34.893797 -17.217385 -12.689234 -7.411307 0.000001 0.000000 -0.000003 
2.372235 64.289169 -21.742474 87.243789 -77.076711 86.350113 17.264123 -0.039550 2.836614 0.818928 -1.117491 -0.303067 -10.551559 -10.046206 -2.990963 -9.028716 1.656098 -1.355040 0.000003 0.000001 -0.000000 -1.735666 -6.266472 3.868153 -5.112907 0.714706 12.563373 9.985877 8.242011 2.418182 0.000000 0.000002 0.000001 -3.157438 1.833466 -9.094803 -1.371202 -7.369167 -9.006486 -6.217306 -5.783892 -2.050863 0.000001 0.000002 0.000002 5.806158 0.895534 31.827548 18.677653 -4.383927 9.459739 42.819067 -22.007585 -9.125931 -0.000001 -0.000000 -0.000001 -73.041367 23.994560 -24.641982 60.547551 26.808095 36.640369 -17.387380 -14.718677 -8.846114 0.000000 -0.000001 -0.000001 
2.078074 66.140472 -21.623627 65.481570 -75.423675 65.849779 15.863755 -0.005432 2.582031 1.330848 -0.702816 -1.042698 -10.656988 -10.478398 -3.132723 -8.834394 0.939458 -1.326004 0.000000 -0.000000 -0.000000 -1.863829 -5.980520 4.237778 -4.238479 1.308436 14.121723 10.375499 7.860908 1.222816 -0.000000 -0.000001 -0.000003 -3.351313 0.826294 -10.019420 -1.439226 -7.255096 -8.181557 -3.299188 -5.433637 -1.144120 0.000001 -0.000001 0.000000 2.209600 -0.412903 34.395207 15.066154 -3.993574 5.906783 47.615373 -14.972365 -8.349496 -0.000001 0.000003 0.000000 -66.336614 24.489227 -29.044901 54.635349 24.765953 39.885614 -17.235899 -18.825787 -11.083262 0.000000 0.000001 -0.000001 
1.727736 68.245300 -21.536594 47.929152 -72.456921 50.203564 16.749058 -0.067276 -0.335173 2.232906 -0.609135 -1.059309 -11.365991 -9.341335 -2.599457 -9.083408 0.935286 -1.474353 0.000002 0.000001 0.000000 -1.520196 -8.714467 4.035217 -4.840572 0.535654 14.170536 11.887867 9.064485 4.333862 0.000001 0.000004 -0.000000 -2.523298 3.844716 -10.087769 -5.141393 -3.850934 -7.095296 4.234168 -6.428823 -3.327231 0.000002 0.000001 0.000001 -2.333211 -2.238424 33.289662 14.920934 -3.809992 2.651571 50.421017 -5.679078 -8.025126 -0.000000 0.000001 0.000001 -59.715149 23.323173 -31.440317 50.912476 21.738542 37.040218 -15.841222 -21.071012 -11.721312 0.000001 -0.000001 -0.000002 
1.370855 70.329910 -21.438393 41.140039 -70.230088 43.606714 16.772482 -0.066619 -1.739885 2.506034 -2.091450 1.406579 -11.686242 -5.792633 -3.980272 -8.622931 0.920737 -1.727887 0.000001 0.000001 -0.000000 -1.386359 -10.318868 4.034215 -4.735761 0.838921 13.903830 12.771060 9.216789 5.267040 -0.000000 0.000001 0.000001 -2.066146 5.969035 -9.677187 -6.620875 -2.886878 -6.306541 7.795899 -6.808076 -4.383917 0.000002 0.000004 -0.000002 -5.329620 -3.276309 32.570665 15.236685 -3.639492 1.819395 51.476554 0.492331 -8.033882 -0.000000 -0.000003 -0.000001 -55.260161 21.629811 -31.830048 47.698387 19.424170 35.208297 -15.321648 -21.675264 -12.096501 0.000002 -0.000001 -0.000003 
0.946442 72.563164 -21.339355 32.045919 -66.805452 34.791952 16.799035 -0.104174 -1.793721 3.881023 -0.950213 -0.207939 -12.351788 -5.571154 -2.701238 -7.388094 1.484410 -2.207475 0.000002 0.000002 -0.000001 -0.913688 -11.412742 3.753005 -5.159593 0.025389 13.539008 12.630117 9.096026 5.854037 0.000003 -0.000002 0.000000 -1.612761 6.743450 -8.304264 -6.665286 -2.441369 -3.908561 6.473136 -6.864700 -5.472981 0.000000 -0.000001 -0.000001 -9.637432 -4.915115 31.217554 18.927287 -3.662117 -0.168598 50.047368 7.066769 -7.568181 -0.000001 -0.000002 0.000002 -50.331445 19.378859 -31.176634 45.178925 17.010122 31.463499 -14.333555 -20.880353 -11.589992 0.000001 0.000001 -0.000001 
0.476195 74.923889 -21.221035 24.933993 -61.265281 27.511582 16.135895 -0.152317 -1.503522 4.460481 -1.091478 0.199941 -12.230743 -5.548248 -3.140319 -5.703448 3.045786 -3.465518 0.000003 0.000002 0.000000 -0.685779 -11.587734 3.643182 -6.030368 -1.015541 12.870810 11.511377 9.769707 8.812839 -0.000000 -0.000001 0.000001 -1.253288 7.797824 -7.186956 -5.758471 -2.969604 -1.777831 3.875187 -6.819098 -6.533439 0.000000 -0.000006 0.000003 -15.897313 -6.881661 29.206804 24.407671 -4.004766 -1.658977 43.874113 12.107677 -6.055281 -0.000000 -0.000004 -0.000001 -46.578615 16.843993 -29.063664 42.511968 14.938944 27.998615 -14.810893 -21.684088 -12.166267 0.000002 0.000000 -0.000001 
0.010179 77.194359 -21.106949 20.764190 -56.783823 23.732971 16.382321 -0.203873 -2.583789 4.044801 -1.631908 1.115361 -11.620791 -4.748313 -3.426841 -4.718878 3.428701 -3.858762 0.000001 0.000003 -0.000001 -0.532954 -12.232392 4.043519 -7.198657 -1.859047 12.494778 10.796862 11.025823 11.832131 0.000000 0.000003 0.000001 -1.358167 7.778876 -6.923010 -4.881263 -3.786045 -0.503334 2.734710 -7.105862 -6.757397 -0.000000 0.000001 -0.000000 -20.652429 -7.824840 26.424200 29.605240 -4.559861 -3.848329 35.718959 16.162673 -3.669136 0.000003 -0.000002 0.000000 -42.860287 15.216663 -28.549740 39.347665 13.293962 26.540003 -14.300501 -24.059188 -13.127192 0.000001 0.000001 -0.000001 
-0.487993 79.552773 -20.982437 17.500553 -53.196225 20.677993 16.633387 -0.225732 -3.298092 4.036148 -1.643577 1.386729 -10.785588 -2.670993 -3.153720 -4.876577 2.423171 -3.082006 0.000001 0.000005 -0.000001 -0.030642 -12.686533 4.127009 -8.359943 -3.882078 12.045183 10.544930 10.350729 13.732239 0.000002 -0.000002 -0.000000 -0.895780 7.448901 -7.149004 -4.199876 -3.287864 0.335333 1.881655 -5.795169 -6.948554 0.000001 0.000002 -0.000001 -24.565926 -8.440265 23.966840 32.954696 -4.836991 -6.447315 26.200495 17.350557 -0.803469 0.000003 -0.000003 0.000002 -38.489530 13.276173 -27.434607 35.862076 11.294834 23.679839 -12.352557 -24.612926 -12.621992 0.000001 -0.000002 -0.000001 
-1.004529 81.975922 -20.844566 13.671734 -48.097980 17.047175 17.329855 -0.248459 -2.719457 4.950378 -1.683004 1.827690 -10.902584 -2.711156 -3.785014 -4.083763 2.763471 -3.437357 0.000001 0.000001 -0.000001 0.407910 -12.484908 2.941700 -8.983262 -5.262882 11.487530 8.640750 9.734767 16.533923 0.000002 -0.000004 0.000004 -0.242228 7.685102 -6.675893 -3.295087 -2.913461 0.698954 1.305144 -4.965583 -7.058377 0.000001 -0.000003 0.000001 -27.668970 -8.064209 19.710066 35.487419 -5.348727 -8.732035 16.237627 16.326768 1.818324 0.000000 -0.000002 0.000002 -32.620488 11.280464 -27.023075 30.393546 8.930375 22.137073 -9.896206 -27.191253 -12.984229 0.000002 0.000002 -0.000001 
-1.501027 84.284828 -20.707996 12.139259 -44.303879 14.984359 17.164836 -0.261702 -1.949091 5.227136 -1.919164 2.498619 -10.605715 -0.927093 -4.575145 -3.350117 2.480440 -3.295987 0.000004 0.000000 -0.000001 0.824362 -13.305927 2.253494 -9.612555 -6.427705 11.400783 7.939028 8.980429 17.338155 -0.000001 0.000002 0.000001 -0.056339 6.601226 -5.931966 -2.675968 -2.711111 0.313887 1.473741 -4.073719 -6.478857 0.000000 -0.000000 0.000002 -29.632127 -7.515769 16.528633 36.633081 -5.732492 -10.787556 9.338186 15.159519 3.480148 0.000000 -0.000001 -0.000000 -29.046623 9.554193 -25.203996 26.058924 7.052827 19.887059 -7.392605 -27.212565 -12.055460 0.000001 -0.000001 -0.000001 
-1.981724 86.567276 -20.552216 9.868561 -39.450951 13.006780 18.260690 -0.306502 -1.961782 3.988436 -2.125895 2.963383 -9.145794 0.151823 -4.859855 -3.326555 2.111856 -2.625040 0.000004 0.000004 -0.000002 1.160736 -13.702674 1.778237 -10.488245 -7.622618 9.620981 6.889458 8.066056 19.147549 -0.000000 -0.000001 0.000002 0.498313 7.521859 -5.963371 -2.296806 -2.268588 1.523786 1.694113 -2.929945 -7.320661 -0.000001 -0.000003 -0.000000 -30.645829 -6.103341 12.185290 37.284251 -5.571443 -12.731917 3.871778 12.868845 4.281142 -0.000002 -0.000001 -0.000001 -25.506127 7.690431 -23.192773 22.214704 5.090267 16.746813 -5.514046 -27.881257 -11.780709 0.000001 0.000000 -0.000001 
-2.470325 88.770607 -20.385639 8.673253 -34.120244 11.208901 17.118015 -0.270925 -0.813317 3.881863 -1.892114 2.779734 -7.726570 0.594174 -4.710798 -3.059114 1.646731 -2.216647 0.000002 -0.000001 0.000001 1.520789 -12.938021 0.945735 -11.439261 -9.286920 7.937714 6.183310 6.714686 20.258691 -0.000002 -0.000007 0.000002 1.226067 7.803284 -5.803497 -1.499362 -1.558211 2.140254 0.443631 -1.475292 -7.679752 -0.000001 0.000003 -0.000000 -31.397283 -5.036939 8.702446 36.773807 -5.305187 -14.643905 0.710007 11.044095 4.559277 -0.000001 -0.000000 -0.000001 -22.622000 6.098751 -20.313707 18.667363 3.544971 13.433253 -5.322411 -27.877263 -12.022269 0.000003 -0.000004 -0.000001 
-2.935173 90.769417 -20.207203 6.745730 -29.722883 9.876727 16.952830 -0.257008 -0.138679 3.422144 -2.032368 3.014192 -6.747517 0.940484 -4.873741 -2.334952 0.916928 -1.840856 0.000001 0.000001 -0.000002 1.647736 -12.656582 0.504388 -11.558463 -9.234296 6.167494 5.559315 5.990097 19.523145 -0.000001 -0.000009 0.000001 0.988409 5.714447 -5.117166 -1.050374 -1.242624 2.036269 0.626286 -0.828512 -6.986279 0.000003 -0.000001 0.000001 -30.250785 -3.819109 5.710046 34.723118 -4.632349 -14.677226 -0.088793 10.167963 4.552146 -0.000000 -0.000000 0.000000 -18.973670 4.886792 -18.991385 15.741404 2.432228 11.184118 -5.306201 -28.627121 -12.608469 0.000001 0.000003 -0.000002 
-3.385417 92.623947 -20.030067 4.660193 -25.037525 8.876824 16.747390 -0.241294 0.441653 3.045924 -1.578030 2.306842 -6.198842 0.960047 -4.316791 -1.190941 0.339189 -1.530415 0.000000 0.000000 -0.000002 1.750320 -12.035155 0.185852 -10.768219 -8.241555 3.609917 4.378361 4.800403 18.457456 0.000000 0.000002 -0.000001 1.122715 5.106636 -5.118422 -0.212256 -1.222799 2.596032 -0.679217 0.117563 -6.656251 0.000003 -0.000003 0.000001 -28.625354 -2.639949 2.779746 31.045925 -3.647288 -13.719015 1.981972 11.848891 4.951561 -0.000000 -0.000002 0.000000 -14.465705 3.750610 -18.280351 12.471899 1.383845 9.500226 -5.096881 -31.625371 -14.113941 0.000001 -0.000005 -0.000001 
-3.796085 94.265068 -19.836700 3.195916 -20.606554 7.994759 15.753218 -0.242134 0.845406 1.889832 -1.429131 2.120304 -4.882848 1.542727 -3.997084 -0.158298 -0.148936 -1.030582 0.000003 0.000001 0.000000 1.686039 -9.972568 -0.345733 -9.097704 -7.003434 1.493292 5.024033 3.444945 15.486568 0.000003 -0.000007 0.000002 1.245046 4.034982 -4.547931 0.407001 -0.721074 2.750876 -0.514160 0.805207 -7.052283 -0.000002 -0.000001 0.000000 -25.358563 -1.463400 -0.134860 26.284890 -2.338804 -10.964824 1.096882 12.938695 5.791178 -0.000001 -0.000001 0.000001 -10.233587 2.776884 -17.274009 9.099890 0.408131 8.184834 -4.755650 -34.421578 -15.267477 0.000001 0.000000 -0.000001 
-4.156918 95.722107 -19.650211 3.280266 -17.355774 7.294885 13.222142 -0.239869 1.575473 2.665651 -1.002498 1.451154 -4.625586 2.029193 -3.355711 0.581380 -0.562204 -0.717031 0.000001 -0.000001 -0.000001 1.686009 -9.055845 -0.781603 -8.138195 -6.185097 0.354768 4.872949 2.859018 13.722787 0.000002 -0.000002 0.000000 1.255877 3.527622 -3.859512 0.879161 -0.641103 2.371374 -0.320769 0.772546 -6.956827 0.000001 0.000001 0.000001 -23.600455 -0.933963 -1.666957 22.124195 -1.677702 -8.630967 0.457665 12.953508 5.957212 -0.000001 -0.000001 0.000000 -9.008231 2.427242 -15.896915 7.388170 0.124968 7.501707 -4.992966 -36.560418 -16.420620 0.000001 -0.000001 0.000000 
-4.477533 96.999718 -19.471382 3.701567 -14.300142 6.293691 10.340805 -0.237458 1.976228 3.048101 -0.623717 0.870015 -4.396908 2.410018 -2.425316 1.598096 -0.789402 -0.294292 0.000001 -0.000001 -0.000000 1.499768 -7.489611 -0.683741 -5.687935 -4.411556 -0.780606 3.180626 1.755296 12.283350 -0.000000 0.000004 -0.000001 1.104381 2.403105 -3.002962 1.182067 -0.368703 1.395260 -0.400776 1.460097 -6.178040 -0.000001 -0.000001 0.000000 -20.528062 -0.472809 -2.472993 17.309547 -0.893333 -5.830352 1.120256 10.084148 4.484383 -0.000001 -0.000001 -0.000000 -8.457028 2.016554 -14.057579 6.423907 -0.139911 6.500559 -4.573468 -36.875426 -16.355837 0.000002 0.000002 -0.000000 
-4.707672 98.112885 -19.283062 4.047554 -11.721705 5.112799 8.374044 -0.282468 2.319495 2.782704 -0.533469 0.729355 -3.722175 2.348252 -1.843832 1.361834 -0.732310 -0.213439 0.000003 0.000001 -0.000000 1.423139 -5.814631 -0.406136 -3.655822 -3.033773 -1.493816 1.950482 0.926870 10.595347 0.000003 -0.000001 0.000002 1.159718 2.450947 -2.169650 1.465579 -0.277331 0.872805 0.219038 1.331577 -6.582772 0.000000 -0.000001 0.000001 -17.738462 -0.286947 -2.711605 13.106132 -0.575327 -3.736403 1.258491 7.784156 3.440804 -0.000000 -0.000001 0.000001 -7.812467 1.716452 -12.460147 5.569345 -0.341209 5.844375 -4.158395 -37.938463 -16.735502 0.000003 0.000000 -0.000003 
-4.875551 99.087219 -19.087643 4.337825 -9.747900 4.242498 6.758274 -0.323454 2.668572 3.606096 -0.389334 0.511883 -3.949603 2.411689 -1.328403 1.345424 -0.713015 -0.218182 0.000001 0.000000 -0.000000 1.262662 -4.999020 -0.386064 -3.276924 -2.996239 -1.522686 1.687748 0.356073 9.218297 0.000002 0.000004 -0.000002 0.996307 1.546822 -1.408672 1.702187 -0.177789 0.206451 -0.163537 1.625269 -6.702826 0.000001 -0.000002 0.000001 -16.883591 -0.233620 -2.692931 11.420925 -0.340515 -2.487983 1.232696 6.373146 2.808837 -0.000001 -0.000001 -0.000000 -7.745833 1.590781 -11.523846 5.750524 -0.391788 5.645090 -4.001181 -38.626940 -16.833215 0.000002 0.000004 -0.000003 
-4.955813 99.935806 -18.881088 4.231031 -7.815666 3.360476 5.382701 -0.378804 2.827165 4.495481 -0.178288 0.259903 -4.320324 2.069528 -0.805514 1.621039 -0.551668 -0.140117 -0.000001 0.000000 0.000001 1.295621 -4.094095 -0.669571 -2.556148 -2.661078 -1.372108 0.109368 0.000864 8.090872 0.000002 -0.000005 0.000002 1.226078 2.166259 -0.768327 1.211535 0.540735 -0.108348 -1.214255 1.507721 -7.273727 0.000003 0.000001 0.000000 -14.794750 -0.109626 -2.886849 8.521533 -0.166643 -1.425362 1.057359 5.018502 2.313330 -0.000001 -0.000000 -0.000001 -8.406532 1.611611 -10.983605 7.323376 -0.209457 6.083320 -3.897147 -39.474412 -17.158557 0.000001 0.000002 0.000000 
-4.941063 100.658485 -18.674400 3.369349 -5.880933 2.652332 5.195064 -0.365935 2.665937 4.946848 -0.230174 0.290652 -4.604130 2.086088 -0.490044 1.814766 -0.773407 -0.153385 -0.000000 0.000001 -0.000001 1.219461 -4.373333 -0.771455 -1.925165 -1.959513 -1.360727 -1.414682 -0.249948 7.280489 0.000002 -0.000001 0.000003 0.908192 1.030305 -0.017529 1.985253 -0.347921 -0.837238 -1.222972 1.374795 -6.887623 -0.000001 0.000003 0.000000 -12.141976 0.120395 -3.082113 6.142265 0.071158 -0.804935 0.850295 3.454180 1.685036 -0.000000 -0.000001 0.000001 -8.953938 1.635402 -11.445631 10.378593 0.079809 7.360478 -3.726864 -40.120654 -17.569142 0.000001 0.000001 -0.000000 
-4.881618 101.273781 -18.459106 3.502823 -4.724691 2.169768 4.639208 -0.370942 2.709889 4.467201 -0.311309 0.407982 -4.277566 2.153573 -0.474330 1.967727 -1.012401 -0.186239 0.000000 -0.000000 0.000000 1.121314 -4.294732 -0.787066 -1.531518 -1.464374 -1.508843 -1.573220 -0.273951 6.853726 0.000001 -0.000003 0.000002 0.673399 0.542258 0.162914 2.001817 -0.697922 -1.024333 -0.503321 0.942153 -6.623131 0.000000 -0.000001 0.000001 -10.954048 0.156602 -3.073803 4.945152 0.128075 -0.757943 0.303308 2.548266 1.329263 -0.000001 -0.000001 -0.000000 -10.095127 1.915791 -12.176800 13.046546 0.489157 9.040592 -3.425896 -40.247743 -17.377948 0.000001 -0.000003 -0.000000 
-4.754632 101.768906 -18.222950 2.959202 -2.829361 1.311242 4.146800 -0.394885 3.038733 4.705095 -0.424744 0.495797 -4.322195 1.316925 -0.389069 1.529330 -0.886754 -0.495392 -0.000001 0.000001 0.000001 1.225705 -3.625254 -0.981862 -1.896746 -1.833786 -1.333275 -0.665076 -0.345998 6.636491 0.000003 0.000001 0.000002 0.951629 1.845666 0.482959 1.746660 -0.372735 -1.065183 -0.711531 0.917303 -8.034575 0.000003 -0.000001 0.000000 -9.553814 0.269931 -2.702683 4.732631 -0.050339 -0.833822 -1.148189 1.734935 1.098593 -0.000000 -0.000000 -0.000001 -11.020978 2.133286 -13.154660 17.546705 1.519883 11.271523 -4.421371 -37.846597 -17.061821 0.000001 -0.000001 -0.000001 
-4.552197 102.183578 -17.987644 1.462338 -2.484868 0.957808 6.775624 -0.328618 2.562349 2.385186 -0.281028 0.242583 -3.286075 1.212278 0.144029 1.253708 -0.719211 -0.742873 0.000001 0.000001 -0.000000 0.987742 -1.455161 -1.614140 -1.947517 -1.981034 -0.418496 -1.463468 -0.538026 5.445346 -0.000001 -0.000001 0.000001 1.006625 1.997988 1.039818 1.525396 -0.254185 -1.692446 -2.631761 1.096882 -8.414776 0.000001 -0.000001 0.000000 -7.553825 0.434537 -2.986938 4.664504 -0.036044 -0.813938 -2.107979 1.845310 1.356009 -0.000001 -0.000001 0.000000 -11.285663 2.381951 -14.900427 22.617700 2.812585 13.208660 -3.453425 -35.524552 -15.732415 0.000001 0.000003 -0.000001 
-4.337589 102.534576 -17.739517 0.826453 -1.741651 0.530158 7.633694 -0.323036 2.564414 1.134312 -0.256506 0.160245 -2.871815 1.114778 0.415983 1.053900 -0.646740 -0.921253 0.000000 0.000000 -0.000000 0.997151 -2.075252 -1.355529 -2.041189 -1.723081 -0.525290 -1.510886 -0.310695 5.010920 0.000001 -0.000003 0.000003 0.916097 2.409078 1.354267 1.017560 -0.230675 -2.069407 -3.366828 0.812687 -8.708798 0.000000 0.000003 0.000001 -6.192357 0.545614 -3.005721 4.343789 -0.110032 -0.585488 -2.998387 1.324412 1.228431 -0.000000 -0.000000 -0.000001 -11.616523 2.538647 -15.860469 26.448922 3.935393 14.940364 -3.545791 -32.982533 -14.766454 0.000000 -0.000004 0.000001 
-4.086605 102.827957 -17.482609 0.580896 -1.080337 0.140088 7.173667 -0.289844 2.464674 2.158098 -0.288194 0.215608 -3.376594 0.875409 0.364787 0.291485 -0.689621 -0.747613 -0.000000 0.000001 0.000000 0.732668 -1.711026 -1.072551 -2.557230 -1.601602 -0.326767 -2.455869 0.276284 4.116635 -0.000000 -0.000001 0.000001 0.593633 1.943753 1.599357 0.934653 -0.797301 -2.204942 -3.939255 -0.030217 -8.098075 0.000002 -0.000000 0.000002 -4.639003 0.471270 -3.041696 3.220279 -0.177140 -0.256551 -2.843364 1.026090 1.020518 -0.000001 -0.000001 0.000000 -12.543711 2.818465 -15.981401 30.410249 5.381557 15.884742 -2.537506 -29.710852 -12.846671 0.000001 -0.000003 0.000002 
-3.829591 103.111237 -17.205952 0.710062 -0.144675 -0.266565 6.593108 -0.246584 2.229726 1.496410 -0.364752 0.318408 -2.766604 0.782645 0.477741 -0.545016 -0.927800 -0.711724 0.000000 0.000001 0.000000 0.635862 -2.159964 -0.577929 -2.038580 -0.856561 -0.470263 -2.804379 0.412841 3.386548 0.000005 -0.000002 0.000000 0.332497 1.365836 1.936097 1.185217 -1.479703 -2.437496 -4.417328 -0.249961 -7.523799 0.000001 0.000001 0.000001 -3.514602 0.469182 -2.876459 2.237306 0.059766 0.143058 -2.831799 -0.482108 0.322009 -0.000000 -0.000000 -0.000001 -13.693198 2.825428 -15.139302 34.025619 6.195452 15.352614 -1.292197 -24.166396 -10.301441 0.000003 0.000003 -0.000001 
-3.578509 103.387245 -16.934528 0.370903 0.233362 -0.459418 6.987890 -0.203214 1.960877 0.822264 -0.383978 0.376198 -2.190747 0.532569 0.518779 -1.793930 -0.906774 -0.661955 0.000000 -0.000000 0.000000 0.622271 -2.598974 -0.188407 -1.759276 -0.699178 -0.554873 -2.816776 0.224223 3.222530 0.000005 -0.000001 0.000002 0.313493 1.633898 2.040855 0.571763 -1.099652 -2.439102 -4.318725 -0.265136 -7.332290 0.000002 -0.000002 0.000002 -3.509304 0.370751 -2.885732 2.376367 -0.141874 0.212261 -2.489036 -0.507074 0.240317 -0.000000 -0.000000 -0.000001 -14.465753 2.899695 -14.204327 36.442280 6.954973 14.512499 -0.739790 -19.982173 -8.461138 0.000002 0.000000 0.000000 
-3.325781 103.668388 -16.647114 -0.148182 1.037320 -0.674284 6.740455 -0.167153 1.699449 0.245865 -0.408703 0.427500 -1.801272 0.280402 0.593326 -1.041620 -1.125272 -0.494437 0.000001 0.000001 -0.000000 0.600668 -2.271137 -0.389919 -1.477988 -0.413324 -0.369633 -2.305953 0.280931 2.840395 0.000002 0.000003 0.000002 0.365285 1.712320 2.335402 0.830426 -1.426383 -2.597158 -4.244113 -0.284432 -6.685690 0.000002 -0.000000 0.000002 -2.402155 0.413276 -3.061232 1.642108 -0.330193 0.773486 -2.261863 -0.978622 -0.072916 -0.000000 -0.000000 -0.000000 -15.292438 2.745292 -12.464510 37.992647 7.294337 12.842820 -0.123425 -15.245518 -6.477315 0.000001 0.000000 -0.000002 
-3.080801 103.944832 -16.350430 -0.498989 2.055074 -1.081604 6.096672 -0.179781 1.401277 0.123908 -0.519158 0.670955 -1.280274 -0.053999 0.597772 -1.713121 -1.266813 0.118676 0.000000 0.000000 -0.000000 0.789715 -2.183319 -0.224584 -1.075435 -0.290111 -0.771337 -1.783680 0.114763 3.038085 0.000001 -0.000001 0.000001 0.444747 0.884646 2.380937 0.991434 -1.414232 -2.624891 -4.266330 0.019246 -5.593837 0.000005 -0.000001 0.000001 -0.848024 0.485595 -3.004288 0.431969 -0.464258 1.488232 -2.001243 -1.332136 -0.269044 -0.000000 -0.000000 0.000000 -15.510772 2.301759 -9.930265 37.576771 6.845248 10.114978 0.326765 -9.511639 -4.156968 0.000002 -0.000001 -0.000001 
-2.855870 104.199532 -16.050415 -0.626418 2.950259 -1.383892 5.502160 -0.186403 1.262572 0.354779 -0.682113 0.931501 -1.474064 -0.626924 0.495393 -0.997251 -1.335890 0.305730 0.000001 0.000001 0.000000 0.774941 -1.577063 0.103774 -0.524038 0.127397 -1.026901 -1.355463 0.161868 2.417975 0.000004 0.000002 -0.000001 0.446558 0.555831 2.159587 1.213396 -1.564546 -2.360043 -4.433337 0.047691 -4.842499 0.000001 0.000001 0.000001 0.136224 0.537459 -2.896026 -0.494123 -0.661206 2.028834 -1.652670 -1.378759 -0.350810 -0.000001 -0.000001 -0.000000 -15.209530 1.922787 -8.023421 37.309007 6.605105 8.037224 0.659895 -4.699982 -2.219537 0.000002 0.000000 -0.000002 
-2.645346 104.447365 -15.753748 -0.498823 3.782597 -1.693389 4.730160 -0.193015 1.016176 0.015676 -0.764740 1.132872 -0.659136 -0.887063 0.513657 -1.886113 -1.503850 0.553808 0.000001 0.000000 -0.000000 1.018738 -1.529147 0.272491 -0.688165 -0.206698 -1.351366 -1.611355 -0.121877 2.323142 0.000003 0.000001 0.000002 0.647257 0.480189 2.422838 1.169062 -0.917304 -2.235317 -4.779903 0.275730 -5.236030 0.000001 -0.000001 0.000001 0.962561 0.550444 -2.688773 -1.517611 -0.797067 2.407611 -0.889497 -1.437793 -0.369062 -0.000001 -0.000001 0.000000 -15.544162 1.605147 -5.742604 35.459258 5.752966 5.292673 0.527883 0.118916 -0.577233 0.000002 0.000000 -0.000003 
-2.445741 104.690697 -15.462364 -0.859743 4.971897 -1.942142 4.376771 -0.193956 0.799739 -0.274975 -0.953766 1.544681 -0.161429 -1.704550 0.248980 -2.189993 -1.483380 0.817249 0.000000 0.000000 -0.000000 1.134143 -1.489295 0.029880 -1.167390 -0.587807 -1.420537 -1.634863 0.178553 2.329062 0.000003 0.000003 0.000002 0.778354 0.576335 2.667661 1.082560 -0.697741 -2.055501 -4.823449 0.000265 -5.136509 0.000003 0.000000 -0.000001 1.642278 0.414970 -2.345664 -1.401651 -0.910944 2.616750 -0.496373 -1.531652 -0.404386 -0.000001 0.000000 -0.000000 -15.727129 1.346474 -3.725705 32.436459 4.969207 2.976925 -0.157097 3.331281 0.582905 0.000003 -0.000002 -0.000001 
-2.255637 104.921791 -15.183001 -1.129342 5.536673 -1.986140 3.911687 -0.175998 0.608416 0.646362 -1.009229 1.670488 -1.356223 -1.936789 0.164441 -0.716564 -1.566087 0.785660 -0.000001 0.000001 -0.000000 1.093076 -1.167402 -0.146790 -0.779248 -0.375098 -1.374249 -1.263802 -0.006359 1.995447 0.000004 0.000000 -0.000001 0.709540 0.170136 3.078792 1.585213 -0.910555 -2.282215 -4.316300 0.141391 -4.861770 0.000000 -0.000000 0.000001 1.988013 0.426025 -2.202621 -0.981260 -0.707185 2.794797 -0.074903 -1.978301 -0.538977 -0.000001 -0.000001 -0.000002 -15.827384 1.139527 -2.554954 30.515100 4.185810 1.172996 -0.175996 5.984697 1.363152 -0.000000 -0.000001 -0.000002 
-2.069082 105.147148 -14.900876 -0.881506 6.490103 -1.992243 2.829706 -0.157400 0.604285 0.662969 -0.954337 1.630649 -1.130759 -2.346864 0.127557 -0.905051 -1.385622 0.877107 0.000000 0.000001 -0.000000 1.087937 -1.307445 -0.728686 -1.149715 -0.544835 -1.376469 -0.473417 0.457555 2.196207 -0.000000 0.000002 -0.000001 0.720689 0.013710 3.330464 1.266103 -0.839076 -2.384931 -3.949285 -0.290233 -4.734971 0.000002 -0.000003 -0.000000 2.522213 0.360364 -1.869533 -1.868501 -0.864848 2.523764 0.895884 -2.331225 -0.891776 0.000000 -0.000001 0.000001 -14.403587 0.946610 -1.717593 25.323077 3.539920 -0.027520 0.174915 7.521547 2.175963 0.000000 0.000001 -0.000001 
-1.895202 105.357666 -14.614342 -1.203946 7.171734 -1.849728 2.940879 -0.176298 0.651250 0.226198 -0.798108 1.359967 -0.953636 -2.146028 0.230398 -0.548862 -1.514152 0.951034 0.000000 -0.000000 -0.000000 1.063634 -1.185071 -0.821612 -0.670433 -0.279418 -1.596827 0.278123 0.490963 2.185217 0.000003 0.000004 -0.000000 0.730448 0.099944 3.202021 1.236672 -0.705117 -2.111458 -3.516609 -0.363051 -5.049317 0.000001 0.000001 0.000001 2.794658 0.361012 -1.801989 -2.092264 -0.854066 2.414089 1.450569 -2.706065 -1.171566 0.000001 0.000000 0.000000 -12.921438 0.813147 -1.356336 21.042703 2.927678 -0.737204 0.701906 7.411494 2.169502 0.000003 -0.000001 -0.000001 
-1.732369 105.553207 -14.335754 -1.591138 7.491112 -1.673467 3.130922 -0.166468 0.613820 0.126908 -0.692650 1.175461 -0.996630 -2.080312 0.400384 -0.063404 -1.310580 0.762650 -0.000000 0.000000 -0.000000 0.961643 -0.910676 -0.790643 -0.409625 0.091758 -1.859525 0.043196 0.787705 1.975922 0.000001 0.000004 -0.000000 0.656329 0.309980 3.196062 1.423002 -0.940706 -2.068207 -3.552357 -0.738905 -5.181870 0.000001 0.000003 -0.000000 3.301108 0.355436 -1.876948 -2.296156 -0.869903 2.408847 1.683541 -2.951994 -1.329606 -0.000001 -0.000001 0.000001 -11.893827 0.777663 -1.397219 18.115530 2.579824 -0.950700 0.835168 6.608649 1.915440 0.000001 0.000000 -0.000001 
-1.580061 105.711037 -14.063641 -1.937559 7.687725 -1.421942 3.003919 -0.207530 0.705313 0.617555 -0.457372 0.917455 -1.351621 -1.535134 0.492494 -0.237112 -1.078323 0.937162 0.000000 -0.000000 -0.000000 1.056503 -1.228061 -1.020070 -0.066180 -0.101134 -1.778602 0.294650 0.599515 2.237583 0.000003 0.000002 -0.000000 0.699654 -0.020983 3.326103 0.630818 0.122410 -2.205791 -2.582468 -0.906232 -5.738028 0.000001 -0.000002 0.000002 3.870518 0.265041 -2.020839 -2.775170 -0.797904 2.291079 1.569242 -3.137126 -1.379518 -0.000000 -0.000000 0.000001 -10.292733 0.813012 -1.750757 15.376206 2.261802 -0.572080 0.543029 5.336361 1.617313 0.000001 0.000002 -0.000001 
-1.452715 105.834183 -13.803431 -1.580844 8.184512 -1.206674 2.697103 -0.221681 0.814367 1.250355 -0.347440 0.713403 -1.794767 -1.469131 0.436999 -0.965150 -0.886006 0.908121 0.000000 0.000000 -0.000000 0.721084 -0.434670 -1.245005 0.826256 0.424860 -1.300022 1.184320 0.577399 1.985597 0.000004 0.000002 -0.000001 0.571566 0.054790 3.203244 0.334936 0.255446 -2.320113 -1.778083 -0.891172 -5.522062 0.000002 -0.000004 0.000003 4.046801 0.192873 -1.901799 -3.717652 -0.524707 1.929700 2.470234 -3.201466 -1.573528 -0.000001 -0.000001 0.000001 -8.579407 0.755250 -1.947670 12.354666 1.874616 -0.350186 0.486758 4.143802 1.389040 0.000000 -0.000002 -0.000000 
-1.334887 105.939011 -13.559437 -1.304051 8.616548 -0.983649 1.357030 -0.189568 0.702588 3.383592 -0.418678 0.862562 -3.149222 -1.332593 0.193245 -1.126749 -0.944262 1.042531 0.000002 -0.000000 -0.000001 0.535778 -0.211690 -1.487354 1.324325 0.999693 -0.791812 1.354674 0.993144 1.332394 0.000001 0.000002 0.000000 0.419654 -0.100948 3.112078 0.511462 -0.118021 -2.264292 -1.088231 -1.380942 -5.292395 0.000003 -0.000004 0.000003 3.694253 0.128122 -2.113843 -3.860049 -0.428163 1.863338 2.490036 -3.322946 -1.617783 -0.000000 0.000000 -0.000001 -7.916236 0.768648 -2.193137 10.612829 1.657449 -0.222001 0.663393 3.304632 1.193672 0.000002 -0.000002 -0.000000 
-1.234206 106.009193 -13.337442 -1.213210 8.640953 -0.624014 0.583325 -0.178482 0.567877 5.036014 -0.344525 0.748266 -4.264774 -1.143555 0.149168 -1.317209 -0.907991 1.001253 0.000001 0.000000 0.000000 0.562444 0.348712 -1.791630 1.748653 1.079688 -0.244993 1.936734 0.886428 1.538756 0.000001 0.000004 0.000002 0.513649 0.073367 2.808781 0.321743 0.232670 -2.090840 -0.992172 -1.217349 -5.528411 -0.000000 0.000001 0.000002 3.339730 0.104519 -2.403410 -3.891437 -0.292592 1.648104 2.767371 -2.923794 -1.454246 -0.000001 -0.000000 -0.000001 -5.474180 0.632968 -2.215340 6.849043 1.098292 -0.703876 0.813342 3.399439 1.149986 -0.000000 0.000000 -0.000001 
-1.154532 106.053764 -13.119430 -1.634373 8.705282 -0.255938 0.059235 -0.173134 0.419150 5.739129 -0.238597 0.576979 -4.629373 -0.851122 0.148989 -1.260169 -0.851427 1.060446 -0.000000 0.000000 -0.000000 0.612844 0.261116 -2.328892 1.688153 0.692553 0.257907 2.752637 0.844654 2.386983 0.000004 0.000000 0.000001 0.559724 -0.135288 2.961068 -0.103508 0.924604 -2.215244 0.157547 -1.083923 -5.670516 -0.000000 0.000002 -0.000001 3.668297 0.109133 -2.771396 -4.538133 -0.257902 1.611755 2.896827 -2.296736 -1.214089 -0.000001 -0.000001 -0.000001 -3.415698 0.543642 -2.227189 3.963130 0.778101 -1.129407 0.923768 3.297115 1.193559 0.000001 -0.000001 -0.000003 
-1.090846 106.073517 -12.904153 -1.528526 8.917801 -0.072428 -0.575121 -0.182217 0.473538 6.318786 -0.179212 0.474285 -5.011208 -0.927123 -0.051071 -1.075361 -0.867529 1.091926 0.000002 0.000001 -0.000000 0.599454 0.387860 -2.813689 2.081210 0.891367 0.812957 2.965472 0.966675 2.761877 0.000003 0.000003 0.000001 0.515949 -0.223283 2.894876 -0.324856 1.179810 -2.276210 0.805009 -1.169040 -5.233716 0.000003 -0.000000 0.000001 3.897487 0.078775 -2.895867 -5.279576 -0.228575 1.569726 2.733332 -2.418481 -1.247080 -0.000001 -0.000001 0.000001 -2.186896 0.483685 -2.334029 1.628929 0.439274 -1.225731 1.116659 2.978686 1.100018 0.000001 0.000000 -0.000002 
-1.044916 106.065811 -12.710156 -1.324114 8.152651 0.121336 -0.879096 -0.193540 0.400055 6.206803 0.004805 0.187891 -4.877954 -0.110154 0.086993 -1.533611 -0.894510 1.217099 0.000000 0.000001 -0.000000 0.880546 -0.228738 -3.250127 1.310000 -0.151897 0.891067 3.308486 0.704749 4.133171 0.000003 -0.000005 0.000002 0.727348 -0.409121 2.776752 -0.500153 1.867293 -2.263004 0.769595 -0.595954 -5.089581 0.000001 0.000003 0.000000 3.477407 0.101345 -3.209961 -4.998650 -0.144962 1.554973 2.160480 -1.858041 -0.908040 -0.000001 -0.000000 -0.000001 -1.530397 0.458765 -2.706286 0.436257 0.126452 -1.063693 0.675137 3.176420 1.091351 0.000000 0.000000 -0.000002 
-1.025306 106.032761 -12.510397 -1.095260 7.274521 0.065586 -1.350085 -0.190344 0.351670 6.359388 0.113695 0.015657 -5.014059 0.409270 0.241465 -1.497541 -0.755587 1.221362 0.000001 0.000000 -0.000000 0.930989 0.790588 -3.579407 1.099483 -0.642215 1.235031 4.217154 0.600611 4.659204 0.000003 0.000002 0.000001 0.900203 -0.594069 2.794163 -0.492436 2.195892 -2.400739 0.571208 -0.102329 -4.538163 0.000003 0.000003 0.000000 3.418603 0.118404 -3.151496 -5.244557 -0.127326 1.496171 2.072772 -1.080324 -0.595994 -0.000001 -0.000001 0.000001 -0.893543 0.406665 -2.622836 -0.836907 0.000099 -1.078279 0.893042 3.446776 1.281043 -0.000000 0.000003 -0.000001 
-1.017869 106.003769 -12.315486 -1.000468 7.157975 -0.017773 -1.775225 -0.185924 0.362655 6.975650 0.051479 0.138926 -5.357912 0.754474 0.156108 -1.388657 -0.819104 1.311994 0.000000 0.000001 0.000000 1.044935 0.330396 -3.856157 0.948528 -0.827254 1.459673 4.594557 0.684305 5.127080 0.000003 -0.000005 0.000002 0.892350 -1.096705 3.009438 -0.600568 2.321930 -2.560459 0.695259 -0.070893 -4.340975 0.000001 0.000001 -0.000000 3.355498 0.131303 -3.017061 -5.358576 -0.169260 1.502940 2.227499 -0.890729 -0.529313 -0.000000 -0.000001 0.000001 -0.565727 0.364369 -2.455959 -1.472229 -0.081941 -1.089736 0.779287 3.475909 1.259120 0.000000 0.000000 -0.000001 
-1.030397 105.976791 -12.122215 -0.567845 6.709784 -0.004804 -1.988148 -0.144663 0.184739 6.524621 0.077216 0.105353 -4.975786 1.115936 0.239590 -1.833454 -0.876733 1.320526 0.000002 0.000000 -0.000000 1.103642 -0.087795 -3.865821 0.912570 -0.950493 1.412627 4.288578 0.606214 5.443159 0.000001 0.000000 0.000001 0.840700 -1.794238 3.081929 -0.482160 2.312549 -2.409855 0.892353 -0.032413 -4.226349 0.000001 0.000001 0.000001 3.224875 0.104396 -3.011131 -5.396117 -0.172906 1.463510 2.135826 -0.751507 -0.439845 -0.000001 -0.000001 0.000000 -0.597132 0.404093 -2.352369 -1.766154 -0.075877 -1.198996 1.185019 3.632269 1.312032 -0.000000 -0.000001 -0.000001 
-1.056061 105.950226 -11.921768 -1.037840 5.851245 -0.043816 -1.754910 -0.125000 0.092789 6.882817 0.085081 0.100928 -5.191479 1.285417 0.317331 -2.066361 -0.577604 1.136726 0.000000 0.000001 -0.000000 1.030068 -0.002003 -3.789424 0.684559 -1.062811 1.301224 3.713094 0.610679 5.447114 0.000003 -0.000000 -0.000002 0.900374 -0.969385 3.227409 -0.472452 2.254949 -2.346921 0.500239 -0.098609 -4.203630 0.000002 0.000001 -0.000001 3.672591 0.087593 -2.894070 -5.232545 -0.135595 1.363567 1.693359 -0.327832 -0.142433 -0.000001 -0.000002 0.000000 0.041961 0.384664 -2.139844 -2.023471 -0.046023 -1.355438 1.582110 4.144798 1.548426 0.000001 -0.000001 -0.000001 
-1.084656 105.925743 -11.726251 -1.078850 5.351903 -0.115139 -1.932344 -0.114964 0.066746 6.834251 0.086529 0.103942 -5.172996 1.125439 0.321665 -1.719868 -0.454588 1.003646 0.000003 0.000001 -0.000000 1.114888 -0.353758 -3.505103 0.931004 -0.843864 0.969206 3.490106 0.563193 5.587846 0.000003 0.000004 0.000001 0.969464 -0.743910 3.076676 -0.586620 2.364546 -2.168314 0.812896 -0.055436 -3.894009 0.000003 0.000003 0.000000 3.813431 0.090017 -2.779569 -5.277386 -0.161421 1.304900 1.918428 0.050041 -0.010130 -0.000000 -0.000002 0.000000 0.174475 0.391526 -1.968515 -2.494156 -0.071619 -1.437185 1.550625 4.206267 1.512556 0.000002 0.000000 -0.000002 
-1.120581 105.901962 -11.544271 -0.650355 5.010313 -0.302241 -1.660391 -0.103254 0.136258 6.490301 0.018134 0.171625 -5.105566 1.632620 0.311766 -2.358827 -0.642047 1.134100 0.000001 0.000001 0.000000 1.038911 -1.471522 -3.348149 0.400116 -0.885157 0.723821 4.012737 0.832876 5.573568 0.000002 0.000000 -0.000001 0.744005 -1.004079 2.996313 -0.495103 1.991721 -2.299819 0.504491 -0.108697 -3.540010 -0.000000 0.000004 -0.000000 3.152366 0.093890 -2.564315 -5.167269 -0.072286 1.304487 1.881976 0.154755 0.060875 -0.000001 -0.000001 -0.000001 -0.051472 0.334619 -1.635400 -2.739731 -0.142748 -1.653271 1.269105 4.500096 1.544184 0.000001 -0.000001 -0.000002 
-1.161652 105.874130 -11.364633 -0.325544 4.872061 -0.428648 -2.065237 -0.095350 0.132863 6.385505 -0.020603 0.229611 -4.953397 1.270313 0.337026 -2.829813 -0.475019 0.954105 0.000000 0.000000 -0.000000 0.945930 -0.616548 -3.320080 0.101490 -0.918913 0.828948 3.916504 0.779670 4.733725 0.000000 0.000001 0.000002 0.695039 -1.171468 3.346636 -0.536619 1.899684 -2.853612 0.380738 -0.199886 -3.332067 0.000003 -0.000002 0.000003 2.625112 0.128462 -2.414391 -4.628173 -0.064147 1.321824 1.578800 -0.029107 0.050061 -0.000001 -0.000001 0.000000 -0.303812 0.241272 -1.410555 -2.848351 -0.289371 -1.791184 1.077316 4.966419 1.586217 0.000001 0.000000 -0.000002 
-1.204251 105.845284 -11.181691 -0.201077 4.504347 -0.546789 -1.639655 -0.096520 0.096220 5.384858 0.024241 0.153195 -4.319331 1.476710 0.499753 -2.889834 -0.621304 1.080395 0.000001 0.000000 0.000000 1.002408 -0.846282 -3.139498 -0.063837 -1.101507 0.671635 3.928136 0.610499 4.666722 0.000003 0.000000 0.000001 0.692064 -1.460710 3.427522 -0.410456 1.912372 -3.008383 0.201242 -0.035179 -3.371156 0.000001 0.000001 0.000000 2.420656 0.113204 -2.266903 -4.267615 -0.102301 1.287065 1.132140 0.129149 0.171023 -0.000001 -0.000000 0.000000 -0.145976 0.229445 -1.194128 -3.040914 -0.274645 -1.912476 1.194689 5.364030 1.745562 0.000001 0.000000 -0.000002 
-1.246766 105.807533 -10.991796 -0.440835 4.533609 -0.770621 -1.180764 -0.113567 0.276277 5.711650 -0.163598 0.438957 -4.630412 1.440549 0.249423 -2.802591 -0.755763 1.193253 0.000000 0.000001 0.000000 0.872278 -1.614495 -3.066994 -0.285183 -0.894670 0.692218 3.577147 1.100319 4.239840 0.000005 0.000006 0.000000 0.501617 -1.217298 3.444083 -0.249788 1.375790 -3.003952 0.169423 -0.599127 -3.498224 0.000001 0.000001 0.000002 2.788536 0.125282 -2.013371 -4.613189 -0.023273 1.331913 1.231616 0.624442 0.403752 -0.000001 0.000001 -0.000000 0.349370 0.134234 -0.839082 -3.233840 -0.263301 -1.900956 1.281056 5.122163 1.743165 0.000000 -0.000001 -0.000002 
-1.292426 105.767166 -10.796339 -0.388940 3.988656 -1.000062 -1.026409 -0.110429 0.216364 5.900034 -0.178944 0.480272 -4.864880 1.834385 0.409106 -2.807430 -0.926050 1.328633 0.000001 0.000001 0.000000 0.840906 -2.003074 -2.740661 -0.441590 -0.877049 0.497823 3.158348 1.086626 3.838268 0.000001 0.000000 -0.000000 0.395934 -1.650737 3.455864 -0.435872 1.400306 -3.058872 0.775116 -0.766972 -3.471373 0.000001 -0.000001 0.000001 2.944501 0.116198 -1.793889 -5.082900 0.178306 1.299978 1.361891 1.331744 0.777613 -0.000001 -0.000002 -0.000000 0.614373 0.077453 -0.515957 -3.831126 -0.463076 -2.069436 1.375292 5.641605 1.966508 0.000000 -0.000001 -0.000003 
-1.338008 105.730515 -10.605870 -0.212462 4.236243 -1.163410 -1.224908 -0.122317 0.297090 6.112408 -0.255472 0.603176 -4.943227 1.603378 0.291616 -2.511714 -1.146351 1.430152 0.000000 0.000001 -0.000000 0.850163 -1.858562 -2.568890 -0.960095 -1.181600 0.482952 3.671760 1.181456 3.485340 0.000004 -0.000005 0.000001 0.431577 -1.342081 3.403263 -0.409666 1.329768 -2.893119 0.817410 -0.948977 -3.815044 -0.000000 0.000001 0.000001 2.617879 0.069141 -1.541085 -4.739080 0.201177 1.263908 1.336752 1.041222 0.666543 -0.000000 -0.000001 -0.000000 0.230642 0.086030 -0.297601 -3.495283 -0.491059 -2.037191 1.422605 5.404992 1.823496 0.000001 -0.000001 -0.000002 
-1.377215 105.696953 -10.413856 -0.012577 4.243545 -1.256730 -1.331919 -0.116923 0.251796 5.885804 -0.305766 0.677191 -4.651546 1.242374 0.298810 -2.716607 -0.974669 1.338059 0.000000 0.000000 -0.000000 0.915168 -1.908729 -2.385798 -1.273137 -1.477678 0.523206 3.499527 1.023457 3.103667 0.000003 -0.000001 0.000001 0.504386 -1.138257 3.495793 -0.353230 1.394245 -2.954206 1.106232 -0.909195 -4.000366 0.000000 0.000001 0.000002 2.588607 0.108444 -1.427591 -5.020660 0.203419 1.245027 1.614596 1.080646 0.648568 -0.000001 -0.000002 0.000000 0.211775 0.047297 -0.171213 -3.906762 -0.563138 -2.054468 1.644979 5.343274 1.788814 0.000001 -0.000001 -0.000003 
-1.411141 105.671158 -10.232374 0.213954 4.069615 -1.167571 -1.751107 -0.081877 0.135394 6.014710 -0.298993 0.646739 -4.636010 1.392380 0.331171 -2.508247 -0.976852 1.302989 0.000000 0.000001 0.000000 0.928564 -2.696547 -2.225539 -1.530271 -1.568201 0.755590 2.813598 0.887295 2.387542 0.000003 0.000006 -0.000000 0.393501 -1.435524 3.533352 -0.135095 1.070812 -2.982352 1.019128 -0.992137 -3.883839 0.000000 0.000003 -0.000000 2.200898 0.093545 -1.513325 -4.700350 0.222226 1.151957 1.286386 1.029827 0.687815 -0.000001 -0.000002 0.000000 -0.212300 0.074020 -0.280203 -3.648035 -0.536611 -2.068154 1.622505 5.160503 1.697245 0.000001 0.000000 -0.000002 
-1.446166 105.648193 -10.053930 0.021951 3.935139 -1.150199 -1.419794 -0.072362 0.091343 5.645994 -0.252491 0.552428 -4.367809 1.379005 0.434722 -2.724500 -0.882060 1.251820 0.000001 0.000001 0.000000 0.954504 -2.774872 -2.230022 -1.813477 -1.829907 1.058089 2.541140 0.792928 1.787790 0.000003 0.000002 0.000000 0.408927 -1.287264 3.588220 -0.316378 1.238657 -3.003903 0.712701 -1.028791 -3.978098 0.000007 -0.000001 -0.000000 2.327884 0.110061 -1.496451 -4.946549 0.164327 1.077036 1.463638 1.177971 0.688360 -0.000001 -0.000001 0.000000 -0.064807 0.058075 -0.258801 -3.688368 -0.455770 -2.125369 1.689145 5.117657 1.685383 0.000000 -0.000001 -0.000003 
-1.475279 105.630386 -9.881990 -0.304779 3.915423 -1.141614 -0.945953 -0.088715 0.180434 5.677278 -0.249986 0.559017 -4.491824 1.283349 0.394976 -2.752164 -0.713222 1.085507 0.000000 0.000000 -0.000000 0.912468 -2.555203 -2.118319 -1.773748 -1.835265 1.245480 2.546050 0.703207 1.257251 0.000002 0.000003 0.000002 0.375194 -1.125889 3.622510 -0.187300 1.144633 -3.127552 0.393574 -1.088387 -3.688554 0.000000 -0.000000 0.000002 2.773384 0.102883 -1.488765 -5.015647 0.135312 1.119244 1.488597 1.182293 0.694048 0.000000 -0.000000 -0.000001 0.318765 0.070431 -0.247722 -3.908283 -0.487225 -2.164604 1.776157 4.984998 1.638980 0.000001 -0.000001 -0.000003 
-1.497634 105.616737 -9.723513 -0.015545 3.635447 -1.150736 -1.297924 -0.084372 0.179012 6.465350 -0.279741 0.647909 -5.167670 1.364641 0.286888 -2.521317 -0.728956 1.105545 0.000001 0.000001 0.000000 0.908238 -2.447849 -2.003119 -1.923621 -1.991474 1.291076 2.679465 0.622834 1.176398 0.000000 -0.000003 0.000001 0.367389 -1.191254 3.486570 -0.403506 1.332483 -3.021561 0.790184 -1.063358 -3.498355 0.000000 -0.000003 0.000000 2.417493 0.053428 -1.462190 -4.626617 0.174891 1.021154 1.266588 1.044568 0.687001 -0.000001 -0.000000 0.000001 -0.137823 0.113482 -0.313124 -3.844254 -0.532770 -2.175990 1.700981 5.195783 1.731851 0.000001 -0.000001 -0.000001 
-1.513681 105.609070 -9.573447 -0.038063 3.642291 -1.120685 -1.173949 -0.090821 0.164270 6.235508 -0.259332 0.621833 -4.945409 1.241644 0.306379 -2.566803 -0.752202 1.083493 0.000001 0.000000 -0.000000 0.976134 -2.715311 -1.997229 -2.082826 -2.146944 1.279566 2.513081 0.585651 1.355812 0.000001 0.000002 -0.000001 0.417826 -1.046315 3.406356 -0.879738 1.730274 -2.893394 0.424215 -1.027433 -3.760530 0.000000 0.000001 0.000000 2.331812 0.025925 -1.477472 -4.698791 0.185426 0.968560 1.101126 1.339298 0.836076 -0.000001 -0.000001 -0.000001 -0.290166 0.160073 -0.403755 -3.711476 -0.535229 -2.086640 1.599238 4.834240 1.591515 0.000001 0.000001 -0.000001 
-1.523614 105.599655 -9.414387 -0.354601 3.701329 -1.069779 -0.714384 -0.091107 0.182161 5.596570 -0.251034 0.584307 -4.504104 1.048783 0.304716 -2.337698 -0.662261 0.996742 0.000000 0.000000 -0.000000 0.879511 -2.550296 -2.015148 -1.862170 -1.976677 1.310815 2.458590 0.557578 1.197815 0.000006 0.000004 -0.000000 0.418707 -0.754483 3.339987 -0.711049 1.526574 -2.822225 0.364688 -1.002389 -3.583559 0.000001 -0.000003 0.000001 2.728025 0.044434 -1.540514 -4.928324 0.110211 0.941641 1.049242 1.529793 0.874658 -0.000001 0.000000 -0.000001 0.001399 0.175648 -0.488374 -3.813172 -0.410252 -2.011065 1.910609 4.458924 1.566042 0.000002 -0.000001 -0.000001 
-1.532674 105.591187 -9.259062 0.051994 3.666295 -1.019221 -0.945094 -0.076611 0.132500 4.983062 -0.243120 0.550423 -3.998968 1.001824 0.329431 -2.237229 -0.591234 0.911249 0.000001 0.000001 0.000000 0.849961 -2.488171 -1.992366 -1.915636 -2.093992 1.259824 2.170940 0.436263 1.209999 0.000003 0.000002 0.000000 0.483989 -0.319208 3.299717 -0.625394 1.528555 -2.667276 -0.117823 -0.813323 -3.801039 0.000000 -0.000000 0.000001 2.615768 0.042975 -1.610744 -5.189815 0.127414 0.988122 0.950049 1.313007 0.766760 -0.000001 -0.000001 -0.000000 -0.262934 0.214986 -0.601137 -4.182983 -0.417506 -2.022997 2.135641 4.502916 1.624433 0.000000 -0.000001 -0.000002 
-1.539794 105.583000 -9.110867 0.236143 3.836688 -1.025319 -1.273195 -0.067994 0.145818 5.893093 -0.276431 0.619392 -4.616182 1.031775 0.264704 -2.499326 -0.707788 1.018237 0.000001 0.000001 -0.000000 0.876418 -2.827969 -1.906089 -1.769101 -1.898620 1.156553 2.101076 0.462868 1.239817 -0.000000 0.000000 0.000001 0.406245 -0.639881 3.161116 -0.682165 1.472296 -2.547066 -0.496007 -0.804075 -3.656617 0.000001 -0.000006 0.000003 2.314776 0.030199 -1.614929 -5.031581 0.176369 1.014188 0.779654 1.399018 0.846948 -0.000001 -0.000000 -0.000000 -1.020575 0.236461 -0.607184 -3.424478 -0.397877 -2.001174 1.620014 4.442061 1.522517 0.000001 -0.000001 -0.000002 
-1.540009 105.582230 -8.966805 0.579237 3.835074 -0.913847 -1.558283 -0.059098 0.087573 6.017218 -0.289955 0.649966 -4.581566 0.912330 0.188750 -2.797525 -0.658014 0.955390 0.000002 0.000001 -0.000000 0.893614 -2.942183 -1.974630 -2.059535 -1.994806 1.063973 1.978087 0.703099 1.351896 0.000003 0.000000 -0.000001 0.364458 -0.709772 3.041142 -0.999993 1.626483 -2.484746 -0.177820 -1.052453 -3.320593 -0.000002 0.000001 0.000000 2.074262 0.009515 -1.739926 -5.247323 0.167648 0.933136 0.894603 1.599201 0.923181 -0.000000 0.000000 0.000000 -1.214521 0.255876 -0.856093 -3.578431 -0.441878 -1.889790 1.670533 4.301410 1.431277 0.000002 0.000000 -0.000002 
-1.539194 105.583015 -8.821429 0.406740 3.766696 -0.815099 -1.369648 -0.060852 0.106255 5.939019 -0.299504 0.640298 -4.614504 0.950561 0.121179 -2.597168 -0.717213 0.938423 0.000000 0.000001 0.000000 0.826389 -2.651740 -2.130067 -2.181814 -2.043465 1.015162 2.365302 0.773080 1.436810 -0.000000 -0.000001 0.000001 0.363188 -0.749651 3.043503 -0.963626 1.581249 -2.632113 0.125023 -0.966665 -2.932202 0.000000 -0.000001 0.000001 2.324588 0.047069 -1.849398 -5.587848 0.146787 0.961920 1.124353 2.071036 1.068935 0.000000 -0.000001 -0.000000 -0.649377 0.242314 -0.974124 -3.961237 -0.396793 -1.887999 1.676291 4.388262 1.503125 0.000002 0.000001 -0.000003 
