HIERARCHY
ROOT Hips
{
	OFFSET -0.467049 105.791939 -1.111724
	CHANNELS 6 Xposition Yposition Zposition Xrotation Yrotation Zrotation
	JOINT Chest
	{
		OFFSET 0.235366 13.506577 1.916019
		CHANNELS 3 Xrotation Yrotation Zrotation
		JOINT Chest2
		{
			OFFSET -0.800438 21.205803 2.956319
			CHANNELS 3 Xrotation Yrotation Zrotation
			JOINT Chest3
			{
				OFFSET -0.614271 14.906555 -0.486936
				CHANNELS 3 Xrotation Yrotation Zrotation
				JOINT Neck
				{
					OFFSET 0.264287 17.187958 1.766369
					CHANNELS 3 Xrotation Yrotation Zrotation
					JOINT Head
					{
						OFFSET -0.390968 10.388763 1.322231
						CHANNELS 3 Xrotation Yrotation Zrotation
						End Site
						{
							OFFSET -0.386798 10.397873 1.249843
						}
					}
				}
				JOINT LeftCollar
				{
					OFFSET 4.522113 12.844009 4.047986
					CHANNELS 3 Xrotation Yrotation Zrotation
					JOINT LeftUpArm
					{
						OFFSET 14.331318 -5.129730 -8.763488
						CHANNELS 3 Xrotation Yrotation Zrotation
						JOINT LeftLowArm
						{
							OFFSET 4.029346 -33.512253 -0.649513
							CHANNELS 3 Xrotation Yrotation Zrotation
							JOINT LeftHand
							{
								OFFSET -0.560614 -28.386902 9.737396
								CHANNELS 3 Xrotation Yrotation Zrotation
								End Site
								{
									OFFSET -0.122522 -6.204124 2.128164
								}
							}
						}
					}
				}
				JOINT RightCollar
				{
					OFFSET -3.886811 12.937820 4.394781
					CHANNELS 3 Xrotation Yrotation Zrotation
					JOINT RightUpArm
					{
						OFFSET -14.494861 -5.544617 -8.225120
						CHANNELS 3 Xrotation Yrotation Zrotation
						JOINT RightLowArm
						{
							OFFSET -4.985720 -33.340302 -1.817064
							CHANNELS 3 Xrotation Yrotation Zrotation
							JOINT RightHand
							{
								OFFSET 1.864403 -28.289932 9.856913
								CHANNELS 3 Xrotation Yrotation Zrotation
								End Site
								{
									OFFSET 0.407478 -6.183044 2.154328
								}
							}
						}
					}
				}
			}
		}
	}
	JOINT LeftUpLeg
	{
		OFFSET 10.013950 -0.217850 0.304099
		CHANNELS 3 Xrotation Yrotation Zrotation
		JOINT LeftLowLeg
		{
			OFFSET 5.071339 -46.842358 -4.905504
			CHANNELS 3 Xrotation Yrotation Zrotation
			JOINT LeftFoot
			{
				OFFSET 1.948515 -42.540680 -13.677048
				CHANNELS 3 Xrotation Yrotation Zrotation
				JOINT LeftToe
				{
					OFFSET 1.829199 -16.769434 16.583115
					CHANNELS 3 Xrotation Yrotation Zrotation
					End Site
					{
						OFFSET 2.320210 -2.373213 23.421001
					}
				}
			}
		}
	}
	JOINT RightUpLeg
	{
		OFFSET -10.013958 0.217659 -0.304127
		CHANNELS 3 Xrotation Yrotation Zrotation
		JOINT RightLowLeg
		{
			OFFSET -1.589321 -47.081074 -4.985963
			CHANNELS 3 Xrotation Yrotation Zrotation
			JOINT RightFoot
			{
				OFFSET 1.397906 -42.286896 -14.506729
				CHANNELS 3 Xrotation Yrotation Zrotation
				JOINT RightToe
				{
					OFFSET -3.906489 -18.225494 14.564606
					CHANNELS 3 Xrotation Yrotation Zrotation
					End Site
					{
						OFFSET -7.065552 -4.540496 22.113752
					}
				}
			}
		}
	}
}
MOTION
Frames: 184
Frame Time: 0.033333
-0.467048 105.791939 -1.111724 0.000000 -0.000000 -0.000000 0.000001 0.000000 -0.000000 0.000002 0.000000 -0.000000 -0.000001 -0.000000 -0.000000 0.000001 -0.000000 -0.000000 0.000001 -0.000000 0.000000 -0.000001 0.000001 0.000002 -0.000000 -0.000001 0.000001 -0.000000 0.000000 -0.000001 0.000002 0.000001 -0.000000 -0.000000 0.000000 -0.000000 0.000001 0.000002 0.000001 0.000002 0.000002 -0.000000 -0.000002 -0.000001 -0.000001 0.000001 -0.000000 -0.000000 -0.000001 0.000000 -0.000000 0.000000 0.000000 -0.000000 -0.000000 -0.000001 -0.000000 -0.000001 0.000000 -0.000000 -0.000001 -0.000001 0.000001 -0.000000 -0.000002 0.000002 0.000000 0.000002 0.000001 
-0.473731 105.794357 -1.112554 -0.282941 -0.285959 0.077413 0.711151 0.009299 -0.129404 -0.856330 0.078647 -0.112363 0.564679 0.106023 0.129908 -0.058059 -0.058170 0.024595 0.000001 0.000000 0.000000 -0.092027 0.091899 0.083628 0.112457 0.168839 0.094006 -0.344575 0.076369 -0.281746 -0.000001 0.000003 -0.000001 0.029465 0.692615 0.088354 -0.247389 0.082438 0.095888 -0.237532 -0.089961 -0.357956 -0.000000 -0.000000 -0.000001 -0.114140 -0.013608 -0.079013 0.578418 -0.109034 -0.055240 -0.825236 0.046996 0.257468 -0.000000 0.000001 -0.000000 0.013914 0.009266 -0.082981 0.467892 0.142117 -0.015774 -0.412783 0.041703 0.008248 0.000000 0.000001 -0.000000 
-0.481313 105.795204 -1.107565 -0.403106 -0.307162 0.148750 0.786977 0.013835 -0.213341 -1.530388 -0.002907 0.007590 1.248413 -0.203966 0.008491 -0.144200 0.151684 -0.143285 0.000001 0.000000 0.000000 -0.168755 0.505991 0.005054 0.006917 0.070343 0.196475 -0.538624 0.105603 -0.223367 -0.000000 0.000005 -0.000001 0.063210 1.035423 0.206437 -0.318528 0.097062 0.065703 -0.047760 -0.143431 -0.369405 -0.000003 -0.000001 -0.000001 0.115503 -0.022974 -0.179657 0.522092 -0.177741 -0.010615 -0.957098 0.075538 0.310417 -0.000000 -0.000001 -0.000000 0.147201 0.028496 -0.124568 0.379640 0.182915 -0.032104 -0.222912 -0.057420 0.013767 -0.000002 0.000000 0.000000 
-0.490066 105.795914 -1.102627 -0.182910 -0.494194 0.221870 0.572070 0.031182 -0.233266 -1.118792 0.045573 -0.090601 0.943780 -0.149426 0.033138 -0.298812 0.021597 -0.139924 0.000001 0.000001 0.000000 -0.185505 0.429231 -0.026138 -0.206637 -0.041409 0.218124 -0.032305 0.177855 -0.081465 0.000002 -0.000002 0.000001 0.037492 0.779557 0.232392 -0.469495 0.147831 0.136829 0.119190 -0.142273 -0.458036 -0.000000 -0.000001 -0.000003 0.133288 0.026247 -0.267123 0.198031 -0.087552 0.012391 -0.622092 0.234847 0.289477 -0.000000 -0.000001 -0.000000 0.118033 0.012952 -0.201765 0.377543 0.135165 -0.043816 -0.311292 0.360938 0.100427 -0.000000 0.000002 0.000001 
-0.501062 105.799324 -1.102721 -0.506746 -0.381548 0.262684 0.776412 0.018756 -0.217432 -0.866979 -0.061827 0.058454 0.730209 -0.081142 -0.149181 0.204785 -0.065206 -0.087619 0.000000 -0.000000 0.000000 -0.166239 0.308011 -0.004120 -0.307580 -0.110805 0.340748 0.077886 0.217726 -0.442818 -0.000002 -0.000002 0.000001 -0.109357 -0.150355 0.233434 -0.212667 -0.038495 0.010918 0.172707 -0.191791 -0.012679 -0.000004 -0.000001 -0.000002 0.569777 0.074431 -0.261024 0.314780 -0.093141 0.031527 -0.662161 -0.009577 0.175758 -0.000001 -0.000001 0.000000 0.290213 -0.030845 -0.269761 0.823769 0.143815 0.024457 -0.628703 0.397654 0.071213 -0.000001 0.000001 -0.000001 
-0.517015 105.800056 -1.101153 -0.639445 -0.428953 0.265075 0.985887 0.007959 -0.215785 -1.417357 -0.047015 0.063142 1.085416 -0.386293 -0.162779 0.380271 0.072565 -0.207544 0.000001 -0.000000 -0.000000 -0.116713 0.337203 0.108958 -0.206444 -0.124791 0.305370 -0.244692 0.128966 -0.565001 0.000000 -0.000006 0.000001 0.036561 0.445951 0.233324 -0.031923 -0.042795 0.161748 -0.080743 -0.126064 -0.327940 -0.000002 -0.000002 -0.000001 0.676390 0.075185 -0.259981 0.546648 -0.130859 0.063346 -0.713825 -0.194806 0.096717 -0.000000 -0.000000 0.000000 0.439871 -0.021544 -0.240106 0.606601 0.130935 -0.000213 -0.436185 0.415114 0.073540 -0.000001 0.000000 -0.000000 
-0.532272 105.801376 -1.096279 -0.277243 -0.544600 0.334302 0.213578 0.048554 -0.331708 -0.760631 -0.047457 0.064244 0.784298 -0.165652 -0.089813 0.389700 0.047916 -0.130127 0.000001 0.000000 -0.000000 -0.055775 -0.078789 -0.036489 -0.179256 -0.073932 0.288194 0.164957 0.277128 -0.315046 -0.000000 0.000002 0.000000 -0.066041 -0.063566 0.405025 0.038121 -0.120319 -0.011971 0.419671 -0.289388 -0.320549 -0.000002 0.000001 -0.000002 0.659747 0.026566 -0.329222 0.117063 -0.158884 0.036139 -0.768904 -0.110899 0.117165 -0.000000 -0.000001 -0.000000 0.198741 0.031492 -0.307217 0.402348 0.184356 -0.045038 -0.369425 0.522205 0.189943 0.000001 0.000000 0.000000 
-0.549179 105.810379 -1.092698 -0.665004 -0.658716 0.407538 0.527233 0.040290 -0.406567 -0.712769 -0.012638 0.024086 0.666439 -0.216236 -0.045804 0.761772 -0.064424 -0.065782 0.000002 0.000000 0.000000 -0.003221 0.242730 -0.148421 -0.210949 -0.179868 0.324689 0.464494 0.232090 -0.274749 -0.000000 0.000001 -0.000000 -0.027674 -0.079411 0.427923 0.381557 -0.279078 -0.068468 0.217893 -0.280768 -0.327761 -0.000002 0.000001 -0.000002 1.071958 0.049711 -0.402130 0.093878 -0.187327 0.014649 -0.549262 -0.026599 0.125376 0.000000 -0.000001 -0.000000 0.519736 0.025848 -0.396799 0.497141 0.128515 -0.040972 -0.402143 0.935690 0.237602 -0.000001 0.000002 0.000001 
-0.567724 105.818306 -1.083325 -0.832320 -0.609849 0.356834 0.333675 0.040243 -0.338991 -0.927402 0.007571 -0.009573 1.005268 -0.430156 -0.059985 1.126334 -0.155864 -0.074900 0.000001 -0.000000 -0.000000 -0.076473 0.466965 -0.052583 -0.043388 0.015671 0.240827 0.561537 0.236765 -0.505976 0.000003 0.000004 0.000001 -0.048385 0.152040 0.400656 0.649489 -0.528464 -0.045060 0.235784 -0.299008 -0.229029 0.000001 -0.000001 -0.000001 1.243660 0.054093 -0.374259 0.336937 -0.187055 0.119991 -0.687221 -0.248253 0.097728 0.000000 0.000000 -0.000000 0.775706 0.004931 -0.287053 0.452275 0.068874 -0.056816 -0.388265 1.025787 0.209168 -0.000000 0.000002 0.000001 
-0.592574 105.828796 -1.077374 -1.180529 -0.481198 0.309566 0.569175 0.032329 -0.322880 -1.109823 0.058769 -0.084144 1.124386 -0.468941 0.018141 1.132579 -0.264235 -0.077148 0.000001 0.000000 0.000000 -0.171587 0.539764 -0.161652 -0.142489 0.071683 0.284488 0.925389 0.432670 -0.619371 0.000002 0.000004 0.000001 -0.128033 0.051775 0.452959 0.730310 -0.740183 -0.068935 0.566184 -0.451939 -0.198526 -0.000002 -0.000001 -0.000001 1.322950 0.024942 -0.284585 0.686368 -0.178367 0.149925 -1.352758 -0.642422 0.074505 0.000000 -0.000001 -0.000000 1.087490 -0.018991 -0.125219 0.343912 0.079742 -0.112793 -0.439567 1.008850 0.245956 0.000002 -0.000001 0.000000 
-0.616772 105.835503 -1.070650 -1.037006 -0.690474 0.342344 0.708768 0.034319 -0.354334 -1.424592 0.074387 -0.108035 1.350448 -0.505311 -0.013562 1.005695 -0.214949 -0.152957 0.000001 0.000000 0.000000 -0.228331 0.985826 -0.368612 -0.090548 0.068889 0.502885 0.466881 0.347216 -0.661360 -0.000002 -0.000002 0.000001 -0.123866 -0.138771 0.583405 0.608656 -0.631426 -0.213514 0.489887 -0.393725 -0.014252 -0.000003 0.000001 -0.000001 1.241319 0.010538 -0.325895 0.457493 -0.181317 0.109611 -1.190842 -0.388016 0.123507 -0.000000 -0.000001 -0.000000 0.926441 0.010808 -0.192016 0.629099 0.147031 -0.026065 -0.283175 0.816865 0.183747 0.000001 0.000002 -0.000000 
-0.642560 105.842384 -1.062740 -0.844392 -0.767870 0.332882 0.310625 0.046841 -0.307841 -1.224742 0.010616 -0.011670 1.218822 -0.658127 -0.155188 1.661350 -0.020961 -0.360706 0.000001 -0.000000 0.000000 -0.272767 1.210470 -0.351168 0.090212 0.304594 0.508475 0.470976 0.469696 -0.812745 -0.000000 0.000001 -0.000001 -0.088184 0.116049 0.656837 0.519343 -0.625122 -0.254096 0.781754 -0.549543 -0.038978 -0.000004 -0.000001 -0.000001 0.961162 0.010365 -0.332856 0.584633 -0.217069 0.121328 -1.700385 -0.318132 0.304192 -0.000000 -0.000000 -0.000000 0.688732 0.011069 -0.190616 0.926020 0.208202 -0.002328 -0.844607 1.398565 0.363709 -0.000000 0.000001 -0.000002 
-0.666200 105.855408 -1.057830 -1.590459 -0.896527 0.312119 1.297361 0.015188 -0.298546 -1.675803 -0.031687 0.051715 1.361576 -0.470473 -0.228950 1.687867 -0.060287 -0.324903 0.000001 0.000000 0.000000 -0.257361 1.051683 -0.463552 0.258725 0.443129 0.643867 0.201731 0.517996 -0.840840 0.000001 0.000001 0.000003 -0.155118 -0.339538 0.784070 0.516536 -0.631312 -0.484033 0.817116 -0.565348 0.186899 -0.000001 0.000003 -0.000002 1.457212 0.037922 -0.328533 1.008382 -0.233143 0.128603 -1.998815 -0.467299 0.319620 0.000000 -0.000000 -0.000000 1.302766 -0.027147 -0.203471 0.780803 0.174865 -0.014049 -0.482397 1.182820 0.299866 -0.000000 0.000000 -0.000000 
-0.692930 105.856903 -1.047960 -1.205703 -1.171168 0.321131 0.802285 0.034092 -0.337393 -1.935967 0.003288 0.025748 1.760255 -0.625241 -0.222037 2.088855 0.188916 -0.495633 0.000001 -0.000000 0.000000 -0.240064 1.513473 -0.380745 0.323673 0.353817 0.608131 0.389230 0.457111 -0.759179 -0.000000 0.000002 0.000001 0.013172 0.313875 0.660173 0.359687 -0.354236 -0.325218 0.825285 -0.517673 0.063456 -0.000000 -0.000001 -0.000001 1.102109 -0.010194 -0.382100 1.084916 -0.290155 0.120548 -1.950158 -0.152190 0.459893 0.000000 -0.000001 -0.000000 1.163415 0.027338 -0.258900 0.752625 0.234836 0.034821 -0.822371 1.423556 0.408166 0.000001 0.000000 0.000000 
-0.727585 105.858749 -1.040695 -0.918705 -1.462196 0.233607 0.687994 0.037992 -0.374873 -1.739815 0.004174 0.014094 1.452469 -0.213053 -0.185727 2.424164 0.044333 -0.419407 0.000001 -0.000000 0.000000 -0.139245 0.812755 -0.291527 0.277059 0.270276 0.493383 0.358012 0.379808 -0.410071 -0.000003 0.000002 0.000002 -0.005624 0.005252 0.493462 0.502697 -0.418643 -0.214621 0.737103 -0.327140 0.135006 -0.000004 -0.000003 -0.000002 0.878304 -0.003204 -0.225147 1.132593 -0.237967 0.049247 -1.767884 0.079734 0.526869 -0.000000 0.000001 -0.000000 0.971270 -0.001435 -0.157605 0.677108 0.169904 -0.004732 -0.655519 1.731352 0.504070 0.000002 0.000004 0.000000 
-0.762849 105.860374 -1.030156 -1.489959 -1.205103 0.176621 1.438074 0.009223 -0.372058 -2.484390 -0.105704 0.138800 2.073489 -0.471054 -0.346208 2.369225 -0.001106 -0.424939 0.000001 0.000000 0.000000 -0.126587 0.560585 -0.225875 0.151174 0.284638 0.402665 0.428418 0.525081 -0.304884 0.000002 -0.000003 0.000002 -0.017609 0.073473 0.515654 0.313156 -0.330273 -0.278526 1.041013 -0.524766 0.272988 -0.000001 -0.000004 -0.000000 1.486348 0.019270 -0.092326 1.047738 -0.278827 0.063151 -1.573669 -0.010187 0.389594 -0.000001 -0.000001 0.000000 1.623012 -0.035116 -0.072936 0.642830 0.236570 0.070955 -1.008775 1.731053 0.544254 -0.000001 0.000004 -0.000001 
-0.802994 105.863327 -1.031841 -1.277019 -1.494102 0.130830 0.742848 0.041817 -0.450844 -1.775759 -0.087604 0.080475 1.693645 -0.462701 -0.274710 2.756485 -0.096381 -0.494254 0.000001 0.000000 0.000000 -0.173819 0.797395 -0.071457 0.008339 0.337051 0.226688 0.735460 0.681634 -0.327669 -0.000003 0.000002 0.000001 -0.059623 0.115921 0.492211 0.071657 -0.246130 -0.362942 0.855721 -0.573045 0.504176 -0.000000 -0.000001 -0.000001 0.866398 -0.034770 -0.028984 1.686902 -0.360514 -0.000519 -2.220878 0.115829 0.640237 -0.000000 -0.000000 0.000000 1.167766 -0.006501 -0.058780 0.903935 0.236238 0.164907 -1.625857 1.890759 0.499904 -0.000000 0.000001 -0.000000 
-0.848579 105.861252 -1.026000 -1.207513 -1.658857 0.068897 0.803351 0.074259 -0.629883 -2.520819 -0.130350 0.115488 2.313820 -0.568528 -0.209588 2.743117 -0.170923 -0.428674 0.000001 0.000000 0.000000 -0.337509 1.241027 0.040950 -0.222260 0.342004 0.115889 1.508394 0.915438 -0.540140 -0.000002 -0.000002 0.000002 -0.137902 0.319377 0.526427 -0.092977 -0.287907 -0.497967 0.883499 -0.633935 0.605462 -0.000005 -0.000001 -0.000001 0.758525 -0.034525 0.069535 1.929641 -0.398441 -0.050861 -2.479402 0.468886 0.883398 0.000000 0.000001 -0.000000 1.159125 -0.038658 0.069351 0.967829 0.308251 0.131114 -1.790444 2.142397 0.670363 0.000001 0.000002 0.000001 
-0.891971 105.853218 -1.013948 -1.322701 -1.518873 0.049963 1.081531 0.099554 -0.687807 -2.463450 -0.183058 0.150659 2.135405 -0.699187 -0.214729 2.663528 -0.240677 -0.505087 0.000000 0.000000 -0.000000 -0.472546 0.865507 0.105760 -0.149670 0.644188 -0.025027 1.328168 1.028502 -0.661881 -0.000002 0.000001 0.000003 -0.228098 0.589935 0.550552 -0.128742 -0.481594 -0.684897 1.217044 -0.695008 0.682646 -0.000002 -0.000001 -0.000001 0.882040 -0.010598 0.125399 1.794600 -0.336348 -0.006139 -2.281102 0.539326 0.874882 -0.000001 0.000000 -0.000000 1.337876 -0.074277 0.109779 0.993532 0.256654 0.189754 -1.711581 1.782870 0.524371 -0.000001 0.000000 -0.000000 
-0.943169 105.846733 -1.010377 -1.224207 -1.781669 -0.266043 1.147407 0.116380 -0.612702 -2.246897 -0.256940 0.223599 1.900035 -0.386296 -0.156347 2.354553 -0.511199 -0.349021 0.000001 -0.000000 -0.000000 -0.643051 0.117515 0.472615 -0.120309 1.285374 -0.507795 1.331614 1.557380 -0.877907 0.000002 -0.000000 0.000000 -0.550149 0.098424 0.546906 -0.204464 -1.024314 -0.918867 0.427880 -1.069042 1.102712 -0.000001 -0.000002 -0.000001 0.659915 -0.039425 0.496997 2.172809 -0.236293 -0.097459 -2.048725 0.991971 1.046379 -0.000000 0.000000 0.000000 1.222194 -0.158075 0.468569 1.094911 0.229493 0.159721 -1.638348 1.896570 0.583396 -0.000000 0.000004 0.000000 
-1.002958 105.831902 -1.000993 -1.334216 -2.010305 -0.578554 0.873213 0.124910 -0.611610 -1.583090 -0.338838 0.312740 1.554242 -0.541926 -0.085605 2.577784 -0.472219 -0.447347 0.000001 0.000000 0.000000 -0.686007 -0.336879 0.778332 -0.823250 1.008248 -1.143003 1.752795 1.759386 -0.402126 -0.000000 -0.000002 0.000000 -0.573271 0.511366 0.495942 -0.572655 -0.900175 -1.011188 0.366806 -1.097195 0.839326 -0.000000 0.000001 -0.000002 0.432376 -0.042804 0.813841 3.297768 -0.234708 -0.092630 -2.450760 0.919861 1.148708 -0.000001 -0.000000 -0.000000 1.547732 -0.238426 0.813508 1.103851 0.186483 0.151616 -1.940890 1.956993 0.607569 0.000000 0.000002 0.000001 
-1.058136 105.817032 -0.993794 -1.240451 -2.419316 -0.825293 0.834650 0.123266 -0.690283 -1.751670 -0.402955 0.423676 1.633273 -0.440868 0.014924 2.903847 -0.368538 -0.561129 0.000002 0.000000 0.000000 -0.509105 -0.495096 1.066522 -1.691554 0.380478 -1.868344 1.825321 1.734442 0.391727 0.000002 0.000002 0.000001 -0.416905 0.876575 0.437659 -0.865419 -0.456560 -1.088246 0.600588 -0.972304 0.357136 0.000001 0.000001 -0.000002 0.303616 -0.030367 1.049346 3.640119 -0.140154 -0.116301 -1.938699 1.437370 1.256048 -0.000000 0.000000 -0.000001 1.616869 -0.312959 1.045670 0.711548 -0.030064 0.097391 -1.614948 2.138224 0.626350 -0.000001 0.000000 0.000000 
-1.121756 105.802338 -0.982484 -1.179392 -3.020190 -1.113125 0.529022 0.146570 -0.766776 -1.439781 -0.532098 0.493978 1.251851 -0.346980 0.117218 3.622392 -0.571110 -0.769531 0.000001 0.000001 -0.000000 -0.271828 -1.161624 1.261460 -3.366667 -0.648121 -2.720127 2.863107 1.798285 1.354002 -0.000002 0.000000 0.000002 -0.330823 1.024855 0.520177 -1.141969 -0.180023 -1.403427 0.885548 -0.791100 -0.054833 -0.000000 0.000001 -0.000003 -0.524496 0.035820 1.217298 5.213490 -0.272758 -0.071071 -2.805837 1.653017 1.625256 0.000000 0.000000 -0.000000 1.617530 -0.437233 1.320394 0.929088 -0.129543 0.031318 -2.202586 3.041997 0.688327 -0.000000 0.000002 0.000001 
-1.181527 105.785278 -0.972542 -1.877075 -4.107508 -1.607082 0.862761 0.146619 -0.772818 -0.493408 -0.675658 0.706981 0.335375 -0.140988 0.122077 4.252314 -0.625330 -0.828989 0.000001 -0.000001 0.000000 -0.092747 -2.548174 1.486276 -5.192578 -1.545588 -3.712996 3.194158 2.181590 2.246069 -0.000001 -0.000003 -0.000002 -0.256863 1.753830 0.279941 -1.863283 0.222534 -1.738543 0.902299 -0.867828 -0.445923 -0.000001 0.000001 -0.000002 -2.148090 -0.086772 1.459505 8.564171 -0.514466 -0.071169 -3.411924 2.585771 2.330161 -0.000001 -0.000001 -0.000000 1.748907 -0.507849 1.624915 1.954923 -0.005477 0.070055 -3.101909 3.942259 0.947040 -0.000000 0.000004 0.000000 
-1.243772 105.774124 -0.958505 -2.437025 -4.756655 -1.919506 1.681587 0.147050 -0.958980 -0.613761 -0.853223 0.941566 0.248419 -0.202243 0.061980 4.661322 -0.669977 -0.988176 0.000002 0.000000 0.000000 0.106279 -3.607875 1.770966 -7.361146 -2.689768 -4.398391 3.515875 2.795989 2.828620 -0.000000 -0.000006 0.000001 -0.266604 2.244618 0.237186 -2.709885 0.782102 -1.977093 0.881018 -1.369777 -0.949870 -0.000002 0.000003 -0.000002 -3.708589 -0.250825 1.582262 11.846163 -0.734160 -0.003255 -4.080123 2.850177 2.720647 -0.000001 -0.000000 -0.000000 1.693420 -0.539826 1.793998 3.114392 0.017290 0.149350 -3.663150 4.714233 1.074350 0.000001 -0.000001 0.000000 
-1.297854 105.746841 -0.943340 -3.281757 -6.581252 -2.499078 2.278660 0.174940 -1.143127 -0.665740 -1.107755 1.244206 0.183631 0.101919 -0.030741 5.227870 -0.629466 -1.265450 0.000001 0.000001 0.000000 0.195077 -5.101216 2.291410 -11.221491 -4.563036 -5.297363 5.083279 4.139966 3.790178 -0.000000 -0.000005 0.000003 -0.329695 3.747723 -0.040267 -4.327967 1.376249 -2.159791 1.599979 -2.498569 -1.705093 0.000001 -0.000004 0.000000 -5.970054 -0.480198 1.860652 16.421964 -1.159021 -0.423591 -4.240594 4.871064 3.748318 -0.000001 -0.000001 0.000000 2.367137 -0.608089 1.774040 3.898574 0.236197 0.452478 -4.239301 5.908908 1.514562 -0.000001 0.000002 -0.000001 
-1.329314 105.679214 -0.925792 -4.418274 -8.387515 -3.312923 3.428025 0.142063 -1.196665 -0.491851 -1.452891 1.661803 -0.367046 0.282836 -0.257474 6.197939 -0.647175 -1.393302 0.000000 0.000001 0.000000 0.028346 -5.747761 2.961036 -15.683793 -6.534368 -6.516665 6.316344 5.534414 4.527669 -0.000000 0.000003 0.000003 -0.519395 5.269430 -0.516508 -7.658080 3.066165 -2.042713 1.402904 -3.727478 -3.140358 -0.000003 -0.000003 -0.000001 -8.990335 -0.798842 2.303596 22.479037 -1.647313 -1.021941 -4.581816 6.794765 4.833728 -0.000000 -0.000000 -0.000000 2.431422 -0.713008 1.854049 6.365455 0.588821 0.782410 -5.637981 6.894218 1.960089 -0.000001 0.000002 0.000000 
-1.350888 105.587669 -0.899537 -5.782725 -9.603819 -4.042338 4.652174 0.141820 -1.208663 -0.504326 -1.733979 1.988625 -0.667512 0.230490 -0.505785 7.136779 -0.683256 -1.470201 0.000000 -0.000001 0.000000 0.016782 -6.976271 3.490983 -18.773226 -7.730447 -7.624918 5.807931 6.275797 5.953293 -0.000000 0.000000 0.000001 -0.606934 6.785196 -0.841440 -10.263615 4.344703 -1.987421 0.729003 -4.452378 -4.511355 -0.000003 -0.000001 -0.000001 -10.619530 -0.972905 2.613355 28.223535 -2.203861 -1.544646 -4.519096 7.993689 5.355352 0.000001 -0.000000 -0.000000 2.817053 -0.775494 1.938676 8.573362 1.035443 1.065400 -6.714030 7.356368 2.227409 -0.000000 0.000001 -0.000000 
-1.362749 105.483231 -0.881122 -6.527024 -10.792315 -5.086254 3.508296 0.135172 -0.606903 2.369782 -1.658381 2.025039 -2.658237 -1.012577 -0.915907 8.734357 -0.868855 -1.494854 0.000000 -0.000001 0.000000 0.318620 -9.907170 4.583836 -22.761648 -9.888205 -8.348052 5.776851 7.092754 7.897333 -0.000000 -0.000002 -0.000001 -0.477913 9.526555 -1.081238 -13.427578 6.483861 -2.134312 -0.375958 -5.100816 -6.844963 -0.000003 0.000001 -0.000002 -12.066862 -1.385186 3.191183 33.402678 -2.555072 -1.855693 -3.571714 8.848288 5.424375 -0.000000 0.000000 -0.000000 1.518378 -0.654580 2.410581 11.761254 1.439747 1.698314 -7.455838 6.595066 1.984122 -0.000002 0.000004 -0.000000 
-1.344325 105.324539 -0.841218 -7.384771 -12.459165 -6.544961 3.445990 0.099494 0.016369 4.021714 -1.982431 2.491827 -4.114798 -1.601135 -1.686750 10.488292 -1.433160 -0.932845 0.000001 0.000001 0.000001 0.490579 -13.227360 5.423039 -26.992423 -11.955189 -8.083584 5.284430 8.390811 10.053895 0.000003 0.000000 0.000001 -0.773764 11.458598 -1.235344 -17.449284 8.245024 -2.358046 -1.871578 -5.962404 -8.365543 -0.000004 -0.000000 -0.000000 -12.758959 -1.527894 4.078697 39.595180 -3.205967 -2.526364 -3.989683 9.553014 5.879270 -0.000000 -0.000001 -0.000000 0.481034 -0.851710 3.101122 15.599732 2.179616 1.889098 -8.903702 6.710142 2.273580 -0.000000 0.000001 -0.000000 
-1.302597 105.151993 -0.804150 -8.575559 -13.536889 -7.689710 4.552234 0.053363 0.199579 4.800434 -2.269164 2.838099 -5.052971 -2.242266 -2.031187 11.212531 -1.857625 -0.391469 0.000000 0.000001 0.000001 0.578756 -15.295240 5.836112 -30.308408 -13.857902 -7.844769 5.012993 9.218409 11.669349 -0.000000 -0.000002 0.000002 -0.917837 13.218930 -1.455640 -19.991667 9.573798 -2.914437 -3.998363 -6.297709 -9.439677 -0.000003 0.000001 -0.000003 -12.818762 -1.597231 4.587615 44.509519 -3.844358 -2.885666 -3.788002 10.723365 6.234802 -0.000002 0.000000 -0.000000 0.861803 -0.965683 3.187165 17.996082 2.748937 2.269288 -9.822066 7.567618 2.921523 0.000000 0.000002 -0.000000 
-1.213858 104.902512 -0.757064 -11.042334 -14.703743 -9.114821 7.444791 0.034599 -0.317457 4.591791 -2.790487 3.539515 -5.801792 -2.897297 -2.072206 13.482670 -2.060061 -0.211038 0.000000 -0.000000 -0.000000 0.531041 -16.340837 7.239943 -34.262408 -16.945520 -7.145151 4.477905 8.904168 11.500781 0.000003 0.000002 0.000002 -1.081208 14.056242 -2.413122 -23.852452 12.070134 -2.420287 -5.535035 -5.946442 -11.349526 -0.000001 0.000002 -0.000003 -11.902628 -1.635844 5.197322 49.917959 -4.264119 -2.134136 -3.151006 11.257191 6.056538 -0.000001 -0.000000 0.000000 2.216742 -1.005220 2.968652 20.565025 3.407061 2.555211 -11.652244 8.224603 3.589329 -0.000001 0.000004 0.000002 
-1.078895 104.594566 -0.716350 -12.078005 -17.935737 -10.100226 7.307731 0.103641 -1.504235 5.136789 -2.911798 3.513280 -6.066338 -2.171232 -1.378028 15.719175 -2.507321 0.011889 -0.000001 0.000002 -0.000001 0.938653 -16.326345 8.781494 -35.605151 -18.539761 -6.097172 -1.686641 6.624362 7.871244 -0.000000 0.000002 0.000002 -0.980297 13.811664 -3.490433 -26.050869 13.672335 -1.944240 -8.704777 -4.951948 -13.249971 -0.000001 -0.000001 -0.000003 -12.759632 -1.689242 6.421304 54.999391 -5.027454 -2.027516 -0.046869 12.116599 4.880564 -0.000000 -0.000001 -0.000000 1.993027 -1.031713 1.727637 23.339375 4.094457 2.209648 -12.679011 9.770639 4.334849 -0.000001 0.000004 0.000000 
-0.918828 104.301346 -0.677717 -13.582022 -20.021692 -11.078055 8.511927 0.171306 -2.607045 4.235849 -3.720941 4.600961 -5.137197 -1.359917 -1.921877 17.203261 -2.984478 0.309934 0.000000 0.000001 0.000000 1.060117 -16.573329 9.656736 -34.973444 -19.092006 -4.656246 -8.910579 4.464399 3.818087 -0.000001 0.000000 0.000002 -1.086552 12.672981 -4.048374 -25.701133 13.736114 -2.435296 -13.216781 -3.212830 -13.297598 -0.000000 -0.000004 0.000001 -12.732630 -1.844491 7.556873 58.903073 -5.066981 -1.176295 1.532450 12.114417 4.150741 -0.000003 -0.000000 0.000001 2.865139 -1.036742 0.773107 24.801993 4.370886 2.055509 -13.882993 11.494936 5.296310 -0.000000 0.000006 0.000001 
-0.661705 104.016068 -0.632085 -14.885921 -22.397094 -12.312049 9.311133 0.124055 -3.069491 5.275091 -3.994601 5.117751 -6.580438 -2.146212 -2.400425 19.300530 -3.480732 1.151786 -0.000001 -0.000002 0.000001 1.310890 -17.224561 10.141712 -31.259945 -17.343723 -1.828237 -19.181989 2.869984 -2.574738 -0.000002 -0.000003 0.000002 -1.337627 11.139074 -4.981173 -21.389046 10.545037 -4.685570 -21.309705 -1.536023 -9.897348 -0.000003 0.000002 0.000001 -12.948457 -2.069815 9.506563 62.649808 -4.934460 0.348182 3.064513 12.626845 3.664177 0.000002 0.000000 -0.000001 0.936311 -1.067036 0.386921 27.984344 4.737932 1.801703 -15.192644 12.877756 6.001327 -0.000000 0.000002 0.000002 
-0.300705 103.739716 -0.589452 -15.810956 -26.701195 -13.972422 8.265246 0.247235 -3.028897 7.032129 -3.807021 4.871214 -7.154041 -1.584181 -2.508593 20.903077 -4.619258 2.146458 0.000001 -0.000001 -0.000001 1.761438 -20.001140 11.284442 -30.725510 -18.001462 2.043412 -25.537237 2.817660 -4.458036 -0.000000 0.000002 0.000001 -1.834470 10.764397 -5.598973 -20.059022 8.826476 -5.938326 -27.641108 -1.071436 -6.386200 0.000003 -0.000002 -0.000006 -12.170226 -2.615606 13.083444 63.981128 -5.388627 -0.568067 5.152499 15.495280 3.939992 -0.000000 -0.000001 -0.000000 -1.477504 -0.937390 0.113850 30.914720 5.131105 0.531906 -16.528139 15.281640 7.264201 -0.000000 0.000000 -0.000000 
0.089598 103.468132 -0.552868 -16.909902 -29.155735 -15.041373 8.597279 0.330979 -3.459307 6.701514 -4.406012 5.818303 -6.614388 -1.811593 -3.627627 22.406231 -4.301086 2.019909 0.000000 0.000001 0.000001 1.773247 -21.193152 12.632939 -29.877344 -17.487451 4.315677 -29.943044 3.438224 -5.744139 -0.000004 -0.000001 -0.000002 -2.293060 11.085927 -6.380151 -19.872903 7.641722 -6.305123 -31.135776 -1.800477 -2.797929 -0.000005 0.000002 -0.000004 -10.327919 -2.685697 15.174167 63.308955 -5.622648 -0.195622 5.807900 16.545503 3.905144 -0.000002 -0.000001 0.000000 -1.683715 -0.742528 -0.950594 31.900856 5.718683 0.273002 -16.950930 16.381574 8.099954 0.000000 0.000004 0.000002 
0.616730 103.246086 -0.518402 -17.906241 -31.878760 -15.948297 8.850530 0.390869 -3.770945 6.780172 -4.731429 6.447217 -6.633055 -2.128643 -4.384425 24.084668 -4.865928 3.135760 -0.000000 -0.000001 -0.000000 2.086113 -23.227827 13.351241 -30.159383 -18.203195 6.101928 -29.792776 4.005092 -4.005792 -0.000001 -0.000003 0.000001 -2.526224 11.548014 -6.272835 -20.727637 7.529340 -6.345676 -31.465729 -2.851769 -1.263275 -0.000000 -0.000001 -0.000001 -7.226672 -2.455068 17.104658 60.655727 -5.478002 0.321750 8.345894 16.594124 2.680049 -0.000004 0.000002 -0.000001 -2.686183 -0.416709 -2.271039 32.221742 6.138107 0.062067 -17.055298 17.593678 9.216748 0.000001 0.000002 -0.000001 
1.320628 103.064102 -0.493834 -18.750201 -35.103327 -16.878299 8.626943 0.389766 -3.293799 8.027885 -4.236222 5.956246 -7.409052 -3.725749 -4.387340 25.573647 -4.808516 3.237649 -0.000001 0.000004 -0.000002 2.040746 -23.555391 13.489256 -28.942558 -17.441076 6.592135 -30.701881 4.167670 -2.710739 0.000002 -0.000003 0.000003 -2.489472 12.059236 -6.271103 -20.501076 7.423801 -6.284024 -32.416665 -3.395529 -1.569348 0.000007 -0.000001 -0.000003 -3.907437 -2.186729 18.701500 57.252432 -5.487832 -0.026816 9.740035 15.052342 1.504909 -0.000003 0.000001 -0.000005 -3.651279 0.184317 -4.180542 31.576979 6.354075 0.029903 -15.908076 18.331686 9.759771 -0.000000 0.000002 -0.000003 
2.079492 102.912163 -0.470428 -18.590925 -37.947650 -17.393316 7.951876 0.424827 -2.637477 8.593156 -4.148103 5.755352 -7.670821 -4.248328 -4.635465 26.341173 -5.043670 3.196702 0.000001 0.000001 -0.000000 1.542903 -24.115475 13.682532 -28.929970 -16.617606 6.429671 -28.389299 5.065306 -1.845576 -0.000004 -0.000002 0.000002 -2.879736 12.796621 -6.040042 -21.011656 6.695648 -5.335905 -31.548210 -4.138619 -1.559061 0.000001 -0.000002 -0.000006 -1.464157 -1.877633 19.537372 53.233839 -5.075219 0.279124 8.249576 12.409579 1.075945 -0.000001 0.000001 -0.000000 -4.463874 0.637874 -5.775409 30.048031 6.305099 0.048351 -14.155560 19.149981 10.208971 -0.000000 -0.000003 -0.000001 
3.056336 102.829071 -0.450751 -18.099393 -41.170994 -17.147735 8.320036 0.476627 -3.209848 7.137758 -5.803767 8.193526 -6.870004 -3.175978 -6.520111 26.946932 -5.185172 2.779196 0.000001 -0.000000 0.000001 1.892716 -24.846218 14.162120 -30.320846 -17.417404 5.589117 -23.416926 5.394190 -2.440966 -0.000000 -0.000000 -0.000000 -2.725965 13.099970 -5.417708 -20.998730 6.585398 -4.670611 -29.440871 -3.689796 -2.391703 -0.000001 -0.000003 -0.000002 0.707572 -1.111691 19.112836 47.802684 -4.484480 0.951095 5.051770 8.163563 0.518846 0.000002 -0.000001 -0.000001 -6.325059 1.137819 -7.799122 28.984249 6.030022 -0.943813 -12.561024 21.941984 11.387207 0.000001 -0.000003 -0.000001 
4.274201 102.788658 -0.427029 -16.103402 -44.519692 -16.023711 6.664131 0.465946 -1.977442 7.784131 -6.239822 8.846103 -7.270353 -3.331831 -7.638409 27.329831 -5.190799 2.201763 -0.000001 0.000002 -0.000000 1.601464 -25.767452 13.336165 -30.014300 -15.516928 3.368535 -19.952594 5.737025 -5.882538 -0.000000 -0.000003 0.000003 -2.974944 13.001788 -4.737967 -19.561921 4.826296 -4.604648 -25.879708 -3.875330 -2.432462 0.000001 0.000001 -0.000000 1.348133 -0.684530 18.948965 42.011210 -4.250972 -0.203812 0.435121 5.898161 1.003607 0.000000 -0.000003 0.000001 -9.587607 1.779326 -9.424689 27.229891 5.806357 -1.641892 -10.239762 23.900114 12.054779 -0.000000 -0.000003 -0.000001 
5.537280 102.766579 -0.391540 -13.996903 -46.730863 -14.623539 5.452045 0.443737 -1.356608 8.597351 -6.232238 8.873502 -7.818594 -4.250161 -7.970698 27.177678 -5.239440 1.823856 -0.000001 -0.000001 -0.000001 2.017789 -26.319007 13.125248 -29.964422 -15.898845 2.785045 -15.447905 4.985313 -5.874474 -0.000002 -0.000000 -0.000001 -2.723700 12.643425 -4.120858 -18.618389 4.703647 -4.414493 -22.600814 -3.279499 -4.008202 -0.000001 0.000005 -0.000003 1.533858 -0.491478 18.845279 37.233789 -4.051370 -1.903011 -2.819150 5.170477 1.727128 0.000001 0.000000 0.000001 -11.814541 2.461366 -10.944781 25.113680 5.530699 -1.492782 -8.201475 25.443061 12.256639 -0.000001 0.000002 -0.000001 
7.064364 102.744537 -0.355533 -11.556752 -49.041124 -11.505601 4.341718 0.575452 -1.550569 9.341617 -5.475986 7.426997 -8.374168 -5.949885 -6.561180 26.419759 -4.899794 0.432281 -0.000002 -0.000001 0.000001 1.254026 -25.852881 12.137740 -26.676231 -13.805264 4.598070 -8.194834 5.322095 -4.596786 -0.000004 -0.000001 0.000003 -3.314553 10.361559 -4.488479 -16.857978 2.455418 -3.823289 -16.204106 -3.805779 -4.940829 0.000002 0.000001 0.000004 2.299712 -0.160075 16.617603 30.794932 -3.417748 -4.556268 -5.184319 6.609701 3.259258 -0.000001 -0.000001 0.000001 -13.590098 3.428809 -13.696672 20.503511 4.964390 -1.564969 -4.206468 24.604732 11.076784 -0.000001 0.000007 0.000001 
8.908105 102.734718 -0.358475 -8.503323 -50.919231 -7.818935 3.682149 0.516697 -0.944202 8.411676 -5.914849 7.839102 -7.382903 -6.718707 -7.629939 24.148337 -6.115407 1.709476 0.000003 -0.000002 -0.000001 0.979349 -24.782054 11.424121 -23.289308 -11.107447 4.514884 -1.368574 5.619882 -3.098703 0.000000 -0.000004 0.000001 -3.042579 10.040773 -4.703673 -14.722855 0.577639 -2.997578 -9.644872 -4.427017 -8.069970 -0.000003 -0.000005 -0.000001 2.786860 0.265064 13.418733 23.486324 -2.537166 -6.070705 -7.379709 8.660793 5.122047 0.000001 0.000006 0.000000 -15.861689 4.312791 -15.700522 14.535141 4.303861 -1.531440 0.512471 21.457623 9.095013 -0.000002 0.000000 0.000001 
10.793353 102.709785 -0.359251 -5.169062 -53.382511 -4.566851 3.267592 0.537420 -0.739645 7.147258 -6.079766 7.998213 -6.395697 -7.148899 -7.780078 22.097953 -5.956055 1.915232 -0.000001 -0.000000 0.000001 0.518157 -23.517668 10.599054 -19.855884 -8.925447 4.433108 3.318905 5.591168 -2.574986 -0.000001 -0.000001 0.000003 -2.839689 9.381408 -4.704144 -13.345047 -0.185549 -1.316423 -5.448081 -4.657453 -8.656108 -0.000003 0.000001 -0.000002 2.600121 0.231902 10.787614 17.547454 -1.765103 -7.111234 -9.244553 10.591170 7.014928 -0.000002 0.000001 -0.000001 -18.279304 5.362583 -17.059340 9.423595 3.885727 -1.010114 4.354341 17.236519 7.365389 -0.000000 0.000007 0.000000 
12.861826 102.645081 -0.363811 0.567761 -57.455818 -0.247090 1.857996 0.177363 1.368815 6.114957 -4.522218 5.578557 -4.921602 -7.550235 -6.785989 19.692597 -5.498254 2.351965 0.000003 -0.000001 0.000001 0.320922 -19.688316 10.289843 -15.426698 -7.358608 5.291844 8.537755 6.024360 -0.316252 0.000001 -0.000001 -0.000001 -2.278803 7.645589 -5.244852 -9.925493 -0.869208 -0.373687 -1.563428 -4.712328 -7.439346 -0.000002 0.000003 -0.000001 0.344863 -0.357207 8.911266 12.162230 -1.250797 -8.039332 -10.867945 14.290122 9.891732 0.000000 -0.000003 0.000001 -22.213324 6.540528 -17.335046 4.489809 3.594898 -0.764321 8.015137 8.313770 4.564811 -0.000002 0.000002 0.000001 
15.091197 102.515984 -0.379204 4.909038 -60.383783 4.470956 3.411411 -0.109787 2.199449 6.009992 -2.575655 2.688869 -5.589853 -9.038813 -5.049575 16.781012 -5.561410 2.825308 0.000005 -0.000001 0.000000 0.351485 -14.138795 9.301305 -10.417962 -5.494670 7.743082 10.573790 7.122170 6.390524 -0.000000 0.000002 0.000001 -1.701429 3.860208 -5.980746 -5.700744 -1.732406 -1.164568 3.753320 -4.810489 -9.068048 0.000001 0.000004 -0.000004 -2.076175 -0.179898 5.781537 9.958109 -0.842531 -8.565273 -12.951585 15.560954 11.831396 -0.000001 0.000002 -0.000000 -24.521537 7.545287 -18.815749 -0.068055 2.834579 -1.205667 9.181004 -0.709237 1.819953 -0.000000 0.000006 0.000001 
17.270079 102.334496 -0.405155 11.151011 -62.209704 9.433365 3.978512 -0.383058 3.354364 4.831400 -2.157636 2.121630 -5.298309 -8.971876 -4.880555 14.185454 -4.592871 1.833354 0.000003 0.000000 -0.000000 0.518510 -9.384478 8.965376 -7.286333 -4.938589 9.489855 12.942240 8.009210 11.844878 0.000003 0.000001 -0.000002 -1.437999 0.043664 -7.013632 -1.324225 -2.917346 -1.640654 4.857816 -4.082834 -9.889312 -0.000001 -0.000002 0.000001 -5.454163 -0.296693 4.470163 9.943113 -0.657158 -9.277787 -15.238393 16.344195 13.667755 -0.000000 0.000005 0.000000 -26.917313 8.289248 -19.075431 -3.531818 2.075608 -1.341544 9.119140 -7.841151 -0.475399 0.000001 0.000006 -0.000000 
19.664183 101.994232 -0.429497 18.792454 -63.425280 15.504569 6.889112 -0.610360 4.971035 2.942408 -2.116788 2.187072 -5.228862 -7.924843 -5.578075 8.480909 -5.556916 3.163267 -0.000002 -0.000000 -0.000000 0.350384 -4.947665 9.262116 -4.416008 -4.593066 12.707225 15.418544 9.001214 16.475555 -0.000005 -0.000002 0.000000 -1.843308 -4.394060 -7.375973 2.573959 -3.977608 -6.620752 6.254084 -4.639424 -13.870302 -0.000003 0.000000 -0.000004 -11.392604 -0.857079 3.096491 13.610079 -1.621189 -10.014055 -17.938723 17.909070 16.099062 -0.000001 0.000001 -0.000001 -31.312094 9.233491 -17.981472 -5.197682 2.394298 -2.391799 7.999057 -14.343121 -2.678328 0.000002 0.000002 -0.000000 
22.194593 101.551270 -0.441162 27.633241 -63.969339 23.633728 10.147389 -0.721045 6.722487 1.318877 -0.988864 0.481856 -5.748683 -7.453002 -4.654520 1.359226 -5.572641 3.259287 0.000003 0.000000 0.000000 -0.086237 -0.666617 8.702575 -1.227373 -2.307663 12.784686 20.316546 9.911077 17.311731 -0.000001 0.000002 0.000001 -2.131926 -7.691742 -7.639455 5.951382 -5.947206 -8.375359 10.193081 -5.150828 -13.560576 0.000004 -0.000003 0.000002 -18.958056 -1.293269 1.430560 18.493675 -3.189769 -10.837324 -20.646704 20.417061 18.894339 -0.000001 0.000002 0.000000 -36.125147 10.419327 -17.351722 -6.585371 3.698230 -4.168549 8.068784 -21.425567 -4.468312 -0.000003 0.000002 0.000001 
24.589741 101.063736 -0.459835 34.069947 -64.568906 29.139247 12.857314 -0.721196 8.292580 0.040520 -0.620804 -0.211451 -6.077049 -5.606014 -4.344867 -4.278807 -4.653624 2.488445 -0.000000 -0.000000 0.000000 -0.882812 2.028584 8.643312 1.648149 1.319544 11.823448 28.059520 9.807498 10.579056 -0.000001 -0.000004 0.000001 -2.761205 -9.095859 -7.730639 8.712313 -9.216854 -9.115337 14.561248 -5.927909 -9.139387 0.000003 0.000003 -0.000003 -24.659449 -1.595413 0.753272 21.804945 -4.277671 -11.337867 -21.553794 21.946747 20.067873 -0.000001 0.000001 0.000000 -39.276702 10.898237 -16.598777 -8.535021 4.361348 -4.643391 8.249042 -26.273631 -5.435614 0.000002 0.000002 -0.000003 
27.015800 100.401520 -0.490984 41.664437 -64.985425 36.405315 15.560585 -0.574229 8.548133 -1.659943 -0.347344 -0.604611 -5.856810 -3.733925 -3.522601 -10.963262 -4.318369 2.286764 -0.000000 -0.000001 0.000001 -1.578459 5.131603 9.079867 5.649702 5.327214 11.424092 32.277927 10.580847 9.083562 0.000003 0.000000 0.000002 -3.588271 -11.301111 -8.760841 12.591817 -13.263608 -10.650479 22.332651 -8.590677 -9.429036 -0.000004 0.000001 -0.000001 -31.176955 -2.202777 0.248839 25.431479 -5.551246 -12.691778 -22.392541 24.915548 22.192668 -0.000001 -0.000000 -0.000000 -43.777363 11.729720 -15.541199 -9.128394 5.266319 -5.210785 7.597908 -28.785470 -6.101442 -0.000001 0.000000 0.000000 
29.435673 99.607086 -0.534662 44.734003 -64.058760 41.437665 18.649661 -0.394343 8.029302 -3.175361 -1.101917 0.378642 -5.933128 -1.921174 -4.485135 -17.479403 -3.975746 2.307322 0.000001 0.000001 -0.000000 -2.089985 6.373524 8.457619 8.504133 8.499315 12.111315 34.625897 13.274634 11.451246 0.000001 -0.000000 0.000000 -4.578523 -12.956972 -9.783788 14.818732 -16.265390 -12.116389 30.466404 -12.217725 -11.152580 -0.000001 -0.000002 -0.000004 -38.126113 -2.686794 -0.530230 30.203199 -6.936998 -15.486387 -23.969714 26.930606 24.472961 -0.000000 -0.000000 0.000000 -46.979544 13.571570 -16.908548 -8.835010 6.242559 -6.514574 7.551356 -29.783812 -6.124115 0.000001 0.000002 -0.000000 
31.696579 98.807129 -0.579819 46.638195 -63.715427 44.773533 21.226302 -0.236526 7.322558 -4.092739 -0.033331 -1.177476 -6.185483 -2.805385 -2.714411 -22.240751 -3.204416 1.767146 0.000002 -0.000000 0.000000 -3.132648 8.186513 8.027626 9.890771 11.018658 13.941627 31.674353 16.456899 16.118970 -0.000000 -0.000003 0.000002 -5.642564 -13.930851 -10.746839 16.026605 -18.911896 -13.390325 34.768456 -16.048460 -13.770285 0.000003 -0.000001 0.000004 -42.825218 -2.682590 -1.584983 33.245857 -7.932104 -17.056166 -24.874634 28.114242 25.743664 0.000000 0.000003 0.000000 -49.191275 14.917162 -17.855685 -9.048651 6.710130 -6.533314 7.139817 -30.604353 -6.341773 -0.000001 0.000004 -0.000000 
33.917957 97.907410 -0.648001 50.554359 -62.875976 49.292031 23.167257 -0.130623 7.882463 -5.784805 1.250160 -2.924295 -5.782885 -3.278018 -1.823950 -26.729754 -2.490847 1.222383 0.000001 -0.000000 0.000000 -3.894339 9.915410 8.373560 10.440878 12.483871 16.554726 29.246665 18.549489 19.420248 -0.000002 -0.000000 0.000001 -6.418211 -14.672689 -12.305873 16.836935 -20.676190 -14.271892 37.300790 -18.928935 -16.089441 0.000001 0.000001 -0.000002 -48.420304 -2.945237 -1.933131 36.531683 -9.237738 -19.355769 -26.447508 29.832825 27.782979 -0.000000 0.000001 0.000000 -52.767105 16.213085 -18.047339 -8.363010 7.327675 -6.854622 6.806736 -30.010004 -6.092899 0.000003 0.000002 0.000001 
36.077942 96.943596 -0.737401 55.172349 -62.217423 54.021978 25.090514 -0.109149 6.888734 -7.768289 0.148782 -1.651794 -5.423858 -0.789218 -2.434312 -30.750475 -2.527430 1.004971 -0.000000 0.000000 0.000000 -4.676820 11.742092 8.692207 11.378719 14.759984 18.391123 25.313914 20.013687 22.536530 -0.000000 0.000000 0.000002 -7.239871 -15.242040 -13.574789 17.336796 -22.438698 -14.953736 37.197938 -21.851025 -19.021783 -0.000004 -0.000000 0.000000 -54.131971 -3.602409 -1.549831 39.558536 -10.566168 -21.634192 -27.606598 31.735972 29.780349 0.000001 0.000001 0.000000 -56.922127 17.087289 -17.414027 -7.641319 7.503033 -6.683367 5.329944 -28.912945 -6.329177 0.000002 0.000005 0.000002 
38.075256 96.015717 -0.831938 57.890423 -61.711230 56.925515 26.522733 -0.124150 6.226637 -8.789362 -0.027271 -1.574268 -5.577857 0.110337 -2.156070 -33.467217 -2.603864 1.071973 0.000001 0.000000 0.000001 -5.003756 12.393582 8.917200 12.060652 16.615424 19.443703 21.729472 20.838007 24.678812 -0.000002 0.000002 0.000001 -7.720182 -15.352619 -14.369425 17.613518 -23.799724 -15.796078 36.082827 -23.583967 -20.827410 0.000000 -0.000001 -0.000002 -58.267244 -3.935269 -1.403934 41.885514 -11.503877 -22.928209 -28.354806 31.983829 30.365228 0.000000 0.000001 -0.000000 -60.001122 17.538614 -16.855338 -6.802888 7.583102 -6.895807 4.421049 -27.644588 -6.289253 0.000003 0.000001 -0.000002 
39.987469 95.045174 -0.943684 60.378742 -61.058572 59.219414 27.907741 -0.059458 7.093047 -9.211823 1.646089 -3.768907 -6.240585 -1.239735 -0.673760 -35.670697 -1.117634 0.494735 0.000001 -0.000001 0.000000 -5.024668 11.936467 9.276033 12.501501 18.097266 20.057810 21.511792 21.771952 24.502156 0.000001 -0.000004 0.000000 -7.950003 -14.677785 -15.718038 17.382210 -24.647610 -16.138374 34.660140 -24.664259 -22.164602 0.000000 -0.000003 0.000003 -62.340523 -4.352126 -1.181619 44.225922 -12.539147 -24.140636 -29.357659 32.668511 31.586708 -0.000000 0.000001 0.000000 -62.782928 18.176491 -16.632904 -6.243832 7.743545 -6.698409 3.961382 -27.674624 -6.420762 0.000003 0.000002 0.000001 
41.793476 94.069641 -1.065157 62.755020 -60.710485 61.180497 29.678176 -0.022553 7.156464 -10.099092 1.655282 -3.810044 -6.598716 -0.422015 -0.331178 -38.336342 -1.448642 0.860526 0.000001 0.000001 0.000000 -5.261211 11.765468 9.610600 12.283566 18.687814 20.856889 22.116112 22.300837 23.576797 -0.000003 -0.000003 0.000003 -8.024070 -13.999496 -15.789138 17.177787 -25.408592 -16.452240 33.632408 -25.681300 -23.353380 0.000001 0.000002 -0.000004 -65.905452 -5.338928 -0.343702 45.933258 -13.672697 -26.054448 -30.239208 33.735527 32.821938 -0.000001 0.000003 0.000000 -65.440951 18.481756 -15.943197 -5.281518 8.262335 -6.881436 3.927232 -27.840244 -6.230772 0.000005 0.000004 0.000000 
43.427311 93.153503 -1.193158 61.835929 -60.200529 61.547429 30.903078 -0.075889 6.251323 -11.069367 -0.530732 -1.188179 -6.449813 2.179236 -2.355239 -39.670200 0.015010 0.452113 0.000001 -0.000000 0.000001 -4.913682 9.677155 9.276375 12.538746 19.582810 20.541601 20.823126 22.625640 24.306744 0.000000 0.000002 0.000001 -8.634019 -14.841409 -16.563226 16.977287 -26.051904 -16.378577 32.419285 -26.602345 -25.037582 -0.000004 0.000003 -0.000001 -68.151395 -5.177881 -0.803164 47.304422 -14.350478 -27.188210 -30.088605 33.720333 32.659209 0.000000 0.000001 0.000000 -66.265560 19.640924 -17.067514 -4.664919 8.362810 -6.875034 3.881826 -27.418434 -5.940436 0.000000 0.000001 -0.000002 
44.943958 92.268684 -1.317415 61.910030 -59.862476 62.448324 32.244285 -0.082750 6.027317 -11.736866 -0.991156 -0.684135 -6.802269 1.573041 -3.025059 -41.233135 1.236598 0.245700 0.000001 0.000000 0.000000 -4.966615 9.735949 9.416638 12.331497 19.875973 20.980210 20.171369 22.682141 24.523833 -0.000001 0.000000 0.000001 -8.371790 -13.509906 -16.781461 16.795806 -26.298708 -16.111711 31.070312 -26.576683 -26.052360 -0.000004 0.000000 0.000002 -70.202289 -5.055071 -1.066202 48.248371 -14.865277 -28.369184 -30.648425 34.293355 33.402685 -0.000000 0.000003 0.000000 -67.191986 20.589136 -17.975151 -4.177988 8.243840 -6.742841 4.004463 -27.204010 -5.786528 -0.000002 0.000004 -0.000000 
46.332333 91.446083 -1.447920 62.987882 -59.549073 63.997097 33.365208 -0.149079 5.377871 -12.607348 -1.385759 -0.243656 -6.804516 1.521871 -3.326703 -43.039064 1.591591 0.261126 0.000001 -0.000001 -0.000000 -5.030861 9.895536 9.690329 12.438393 19.991866 20.826295 19.464466 22.475590 24.860350 -0.000003 0.000003 -0.000000 -8.192817 -12.688170 -17.152516 16.632895 -26.037472 -15.026864 30.844325 -26.714816 -26.742772 -0.000003 -0.000002 -0.000003 -71.992550 -5.168080 -1.098488 48.828257 -15.097734 -29.251743 -31.013355 34.819577 34.054886 -0.000001 0.000002 0.000000 -68.426652 21.347440 -18.388483 -3.975213 7.973250 -6.037725 3.827465 -27.928469 -6.020508 -0.000001 0.000001 -0.000001 
47.570480 90.702827 -1.570112 63.709150 -59.462247 64.419120 34.192740 -0.128545 5.468914 -12.984336 -1.450149 -0.177291 -6.951632 1.511909 -3.475965 -44.383833 1.868112 0.320318 0.000001 -0.000002 0.000000 -5.136751 9.688665 10.258396 12.312577 20.161535 21.144801 19.740338 22.537500 24.190421 -0.000000 0.000002 0.000002 -8.145268 -12.097202 -17.167494 16.440728 -26.195276 -14.941204 30.574276 -26.742453 -26.529447 -0.000004 -0.000002 0.000002 -72.987279 -5.543955 -0.777898 49.115771 -15.396150 -30.120065 -31.898493 35.527492 35.241037 -0.000000 -0.000003 -0.000001 -69.328899 21.313416 -17.984281 -3.471814 8.127572 -6.315317 3.590755 -28.204161 -6.062294 0.000002 0.000004 0.000000 
48.693184 90.021172 -1.694083 65.203588 -59.510393 65.261406 34.688762 -0.040425 6.084311 -13.119840 -0.657147 -1.117894 -7.066516 1.309125 -2.640501 -45.525605 2.482551 0.211665 0.000001 0.000001 0.000000 -5.174512 9.176995 10.493842 12.545513 20.442099 20.630329 21.110855 22.798062 23.453271 -0.000001 -0.000000 0.000000 -8.120936 -11.486280 -17.374779 16.568027 -26.445862 -14.429960 30.305734 -26.988770 -26.970687 -0.000002 0.000005 -0.000003 -73.710493 -5.947033 -0.455956 49.348332 -15.440457 -30.265422 -32.379096 35.717689 35.750289 0.000000 -0.000001 -0.000000 -70.158269 21.103186 -17.366577 -3.404396 8.146974 -6.245206 2.980535 -27.571797 -6.025482 0.000001 0.000002 -0.000000 
49.707859 89.399040 -1.829198 66.230924 -59.758261 65.972647 35.291485 -0.032325 6.025395 -13.460228 -0.859817 -0.863717 -6.939368 1.993906 -2.473387 -46.131538 2.966390 0.157233 0.000001 -0.000000 0.000000 -5.126068 9.094379 10.538178 12.552657 20.184355 20.624726 23.328282 22.820683 22.026141 0.000000 -0.000001 -0.000002 -7.918361 -11.041363 -17.158151 16.571992 -26.208737 -14.277833 31.597063 -27.211762 -26.865975 -0.000003 -0.000004 -0.000000 -73.970163 -6.157507 -0.303141 49.461119 -15.432826 -30.371710 -32.502958 36.089695 36.186049 -0.000000 -0.000001 -0.000001 -70.742018 20.701299 -16.670040 -3.458737 8.100283 -6.296055 2.980947 -27.537446 -5.976787 0.000003 0.000004 0.000000 
50.599602 88.843002 -1.960857 65.783744 -59.787931 65.919856 35.594271 -0.023909 5.936030 -13.620669 -1.051101 -0.607511 -6.810073 1.805415 -2.784622 -46.567526 2.630180 0.276285 0.000001 -0.000000 0.000001 -5.116712 8.839822 10.873593 12.393348 19.975196 20.655778 23.969816 22.917323 21.609522 0.000001 -0.000000 -0.000000 -7.854513 -10.863757 -17.000699 16.507932 -26.065979 -14.353772 31.252282 -27.237466 -27.163869 0.000002 0.000002 0.000000 -74.099766 -5.997718 -0.542335 49.627881 -15.507490 -30.670732 -32.958118 36.243036 36.718356 -0.000001 0.000005 0.000000 -70.476979 21.119872 -17.209579 -3.392992 8.052520 -6.291840 2.919602 -27.726023 -6.115498 0.000006 0.000000 0.000002 
51.392754 88.344910 -2.094139 65.892058 -59.884018 65.844567 35.728419 0.024255 6.200091 -13.643071 -0.624823 -1.063219 -6.713302 1.625432 -2.391935 -46.550311 2.902348 0.215015 0.000001 -0.000001 0.000001 -5.090827 8.923332 10.584435 12.784153 20.153735 20.167759 24.183632 23.044215 21.733372 0.000000 0.000000 0.000001 -7.748770 -10.775830 -16.952427 16.617826 -25.822867 -13.968560 31.941448 -27.322338 -26.998602 0.000000 0.000000 0.000003 -74.239355 -6.372129 -0.204835 49.595585 -15.634979 -31.141698 -32.572756 36.720565 36.762530 -0.000000 0.000001 -0.000000 -70.596603 20.976385 -16.957936 -3.375522 8.107418 -6.387956 3.020775 -28.185517 -6.227428 0.000003 0.000004 0.000001 
52.091953 87.901382 -2.222819 66.137910 -60.031106 66.298146 35.927430 -0.066774 5.681905 -13.563489 -0.321489 -1.469008 -6.869651 1.075519 -1.850895 -46.277817 3.336512 0.051075 0.000001 -0.000000 0.000000 -5.043252 8.934185 10.624123 13.074937 20.479661 19.915170 23.065829 22.902394 22.211149 0.000000 0.000002 0.000001 -7.764967 -10.722204 -17.182620 16.613375 -25.921907 -14.011994 31.546902 -27.034746 -26.600472 -0.000001 0.000001 -0.000001 -74.179474 -6.219256 -0.318575 49.430697 -15.654819 -31.323913 -33.191748 36.975673 37.384139 -0.000000 0.000001 -0.000000 -70.667056 20.862944 -16.842456 -3.609461 8.056700 -6.327857 2.674567 -27.757081 -6.260955 0.000001 0.000006 -0.000002 
52.703392 87.512169 -2.343009 65.474733 -60.026298 65.763124 36.078944 -0.037984 5.916682 -13.386410 -0.495992 -1.263941 -7.042620 1.093741 -2.383520 -46.261927 2.540272 0.383003 0.000001 0.000000 -0.000000 -4.946910 8.678247 10.841060 12.572584 19.992182 20.406479 22.712054 22.801221 22.495056 0.000001 -0.000004 0.000001 -7.733179 -10.654699 -17.168053 16.655102 -25.962191 -14.214283 31.050306 -26.636780 -26.357288 0.000002 -0.000000 -0.000000 -74.160131 -6.080474 -0.444551 49.695329 -15.706869 -31.202104 -32.936514 36.906965 37.154064 -0.000001 0.000003 0.000000 -70.139185 21.141672 -17.408021 -3.679675 7.991796 -6.251439 2.768910 -27.934383 -6.243562 0.000003 0.000002 -0.000002 
53.240501 87.164459 -2.464142 66.366305 -60.271194 66.454250 36.134313 -0.014029 6.121825 -13.060396 -0.072383 -1.804038 -7.413209 0.887067 -1.933436 -46.083635 2.711497 0.389891 0.000001 -0.000000 -0.000000 -4.940691 8.566690 10.856184 12.204985 19.741917 20.973655 22.965396 22.582480 22.115826 -0.000000 -0.000004 0.000001 -7.638763 -10.401031 -16.914907 16.365386 -25.905461 -14.578159 31.126924 -26.608704 -26.455490 0.000001 0.000001 -0.000003 -74.104684 -6.451211 0.016980 49.461214 -15.769527 -31.776813 -33.274421 37.072204 37.450163 -0.000000 -0.000000 -0.000000 -70.322849 20.891426 -17.069208 -3.813525 7.990211 -6.020591 2.652256 -28.180346 -6.290126 0.000008 0.000004 0.000000 
53.710308 86.856567 -2.581003 66.672892 -60.331560 66.696244 36.235421 -0.008000 6.221105 -13.114397 -0.202749 -1.590302 -7.392412 1.074025 -1.860515 -46.247197 3.146292 0.309220 0.000001 0.000000 0.000000 -4.857043 8.551813 11.045933 11.802894 19.012907 21.059814 23.801797 22.334061 21.672013 0.000002 -0.000003 -0.000001 -7.475634 -10.281206 -16.758943 16.115847 -25.425634 -14.700495 31.169223 -26.581124 -26.834492 0.000001 0.000000 0.000001 -74.183757 -6.430590 -0.050363 49.691388 -15.759321 -31.545608 -33.768961 37.203958 37.955348 -0.000001 -0.000001 -0.000000 -70.396977 20.917248 -17.032033 -3.709958 7.967489 -5.930893 2.828722 -28.425827 -6.275987 -0.000004 0.000000 0.000001 
54.132988 86.581932 -2.699739 66.944877 -60.439115 66.926121 36.255447 0.060734 6.613006 -12.903149 -0.009996 -1.808111 -7.558339 1.011159 -1.779652 -46.251985 3.328348 0.289324 0.000001 0.000000 0.000000 -4.807419 8.255359 10.741342 12.058256 19.373231 20.702618 23.081345 22.472489 22.077279 -0.000001 -0.000001 0.000004 -7.515533 -10.236200 -16.546649 15.994928 -25.494670 -14.703635 30.808709 -27.071386 -27.654237 -0.000002 -0.000004 -0.000001 -74.078729 -6.411425 -0.064927 49.649413 -15.763155 -31.533054 -33.628057 37.371933 38.003654 -0.000001 -0.000001 -0.000000 -70.470682 20.794625 -16.862047 -3.685887 8.042579 -5.963237 2.999241 -28.263794 -6.088399 -0.000005 0.000004 -0.000000 
54.494633 86.330650 -2.810430 67.436070 -60.617820 67.210339 36.325111 0.123990 6.881895 -12.917334 0.357247 -2.217431 -7.385039 0.950922 -1.370161 -46.509258 3.068000 0.398798 0.000001 -0.000001 -0.000000 -4.857873 8.205813 10.592420 11.361413 18.516670 21.375533 23.435016 22.347196 22.025658 -0.000003 -0.000002 -0.000000 -7.435837 -10.043490 -16.402301 15.849992 -25.201265 -14.550654 31.239154 -27.170568 -28.010597 0.000004 -0.000002 -0.000000 -74.118078 -7.015823 0.552599 49.668521 -15.897197 -32.232411 -33.887458 37.562523 38.289706 -0.000001 -0.000004 -0.000000 -70.651750 20.515224 -16.450686 -3.368426 8.186462 -6.358197 2.810058 -28.892110 -6.332342 -0.000003 0.000002 0.000003 
54.804527 86.101715 -2.915912 67.585664 -60.748249 67.578397 36.457204 0.126988 7.012782 -12.858238 0.646217 -2.539584 -7.414843 0.403616 -1.192356 -46.692341 2.645061 0.574323 0.000000 0.000001 0.000001 -4.739064 8.225353 10.631209 11.037000 17.703068 21.747718 24.165862 21.856768 21.516785 -0.000000 0.000000 0.000001 -7.248104 -9.984974 -16.132570 15.541655 -24.460000 -14.885265 31.505873 -26.865663 -28.076071 -0.000002 -0.000001 -0.000001 -74.132892 -7.050776 0.571080 49.857635 -15.892271 -32.315309 -34.028487 37.605621 38.704554 -0.000000 -0.000004 -0.000000 -70.359876 20.814114 -16.879648 -3.545395 7.989137 -6.078171 2.908461 -28.918072 -6.350283 0.000003 0.000006 -0.000002 
55.073299 85.897018 -3.010590 67.096712 -60.874184 67.803056 36.648568 0.127067 6.988035 -12.734613 0.636880 -2.528140 -7.540791 0.004714 -1.401301 -46.808164 2.728485 0.546173 0.000001 -0.000001 0.000000 -4.618399 8.016999 10.231854 10.961970 17.623864 21.853173 24.490951 21.792801 21.368701 -0.000002 0.000004 0.000002 -7.155134 -9.944019 -15.903853 15.316721 -24.272512 -15.038506 32.227131 -26.999202 -28.176333 0.000000 -0.000001 -0.000003 -74.042024 -6.744801 0.298762 49.903497 -15.963139 -32.769936 -34.557533 37.687990 39.141359 -0.000001 -0.000003 -0.000000 -69.918434 21.242209 -17.594707 -3.596867 7.885856 -6.041247 2.965306 -28.946502 -6.386229 0.000002 0.000004 -0.000001 
55.316879 85.706375 -3.109054 68.424248 -60.933108 68.567408 36.539852 0.094484 6.854973 -12.627257 0.878096 -2.792651 -7.619289 0.091734 -0.894435 -46.752457 2.367703 0.720033 0.000002 -0.000001 0.000000 -4.386699 7.946043 10.346984 10.872906 17.207328 21.984883 25.202225 21.460331 21.016065 0.000000 -0.000003 0.000002 -6.923954 -9.847984 -15.834858 15.280168 -23.864076 -14.751919 32.228767 -26.609165 -27.978340 -0.000002 0.000001 0.000004 -74.192138 -7.185647 0.742019 49.931073 -16.049935 -32.762437 -34.296528 37.643078 38.862414 -0.000000 -0.000001 -0.000000 -70.373515 20.740081 -16.808962 -3.775369 8.028645 -6.315031 2.957575 -28.774976 -6.324897 -0.000000 0.000002 0.000002 
55.536709 85.531128 -3.211340 68.354928 -61.119231 69.198149 36.778281 0.019932 6.401782 -12.544254 0.588026 -2.414553 -7.662766 -0.046578 -1.160137 -46.785717 2.223473 0.827377 0.000000 -0.000001 0.000000 -4.014649 7.729026 10.490332 10.521020 16.366448 22.138417 25.779697 20.864471 20.652096 0.000002 -0.000002 -0.000000 -6.511939 -9.580735 -15.630572 15.236422 -23.325323 -15.016613 32.774482 -26.043817 -27.314982 -0.000004 -0.000002 -0.000001 -74.044667 -6.679121 0.218832 50.037840 -16.004168 -32.761631 -33.951778 37.722592 38.661207 -0.000000 0.000002 -0.000000 -70.217152 20.931367 -17.084400 -3.978797 7.873586 -6.171217 2.637158 -27.825993 -6.249271 -0.000000 0.000002 -0.000001 
55.735992 85.373398 -3.310937 68.599032 -61.221882 69.244471 36.938356 0.093729 6.843077 -12.466571 1.254123 -3.147537 -7.647981 -0.593048 -0.526993 -46.779884 2.393209 0.821037 0.000001 0.000001 0.000000 -3.891648 7.677481 10.194068 10.653594 15.946680 21.845447 26.189973 20.490028 20.829280 0.000002 -0.000001 -0.000003 -6.335291 -9.543115 -15.377522 15.261817 -22.863454 -14.862562 33.313763 -25.781186 -27.345569 0.000000 -0.000003 -0.000003 -73.995305 -6.766147 0.263833 50.170099 -15.987229 -32.768317 -34.042315 37.656732 38.768130 -0.000001 -0.000004 -0.000000 -70.159327 20.914574 -17.030093 -4.271227 7.701693 -5.639584 2.428207 -27.923434 -6.348575 -0.000002 0.000002 -0.000003 
55.908604 85.222725 -3.406932 68.764664 -61.221567 69.643033 36.940962 0.090345 6.913047 -12.343494 1.785021 -3.747318 -7.785209 -1.456546 -0.031572 -46.472105 2.792801 0.728627 0.000000 0.000001 0.000000 -3.651893 7.572654 10.334655 10.565795 15.349954 21.931684 27.292485 19.999946 20.137845 -0.000001 0.000002 0.000000 -6.081420 -9.481213 -15.504717 15.252362 -22.245108 -14.669612 33.529378 -25.352161 -27.341307 -0.000001 -0.000000 -0.000000 -74.054803 -6.581513 0.095386 50.275855 -15.976002 -32.656774 -33.670053 37.643775 38.487430 0.000000 0.000004 0.000000 -70.203362 21.093485 -17.194296 -4.394884 7.603012 -5.356216 2.218512 -28.136297 -6.515028 0.000000 0.000003 0.000003 
56.059956 85.083405 -3.498420 69.564725 -61.272705 70.484574 37.033798 0.067227 6.738659 -12.572507 1.747110 -3.682994 -7.631305 -1.220883 0.248721 -46.626805 2.703759 0.710573 0.000001 -0.000000 0.000000 -3.667475 7.521322 10.504771 10.221101 14.792566 22.216420 27.940817 19.574183 19.511316 0.000000 -0.000004 0.000002 -6.054253 -9.443834 -15.474798 15.165190 -22.137608 -15.027164 33.768278 -25.105457 -27.150553 0.000003 0.000001 -0.000001 -74.273635 -7.035336 0.533210 50.032423 -16.047840 -33.447949 -33.774599 38.074565 38.889755 -0.000001 -0.000002 -0.000001 -70.522318 21.065881 -17.003122 -4.363311 7.562660 -5.315971 2.246513 -27.875045 -6.428175 -0.000007 0.000004 -0.000000 
56.200253 84.953514 -3.585907 70.384929 -61.419363 70.974449 37.154002 0.138236 7.075682 -12.403224 2.483280 -4.529085 -7.750944 -1.686460 1.019092 -46.692823 2.785826 0.661854 0.000001 -0.000001 -0.000000 -3.675105 7.417690 10.491722 10.075786 14.655532 22.404544 27.702960 19.540796 19.495177 -0.000001 0.000001 -0.000001 -6.034069 -9.196946 -15.604443 15.175294 -22.279247 -15.348741 33.348201 -24.980324 -27.135997 0.000003 -0.000005 -0.000002 -74.293709 -7.516489 0.999945 49.960932 -16.055316 -33.817240 -33.804628 38.075115 39.111921 0.000000 -0.000001 -0.000000 -70.735515 20.904185 -16.717824 -4.530425 7.425538 -5.018035 2.004921 -28.374774 -6.707546 -0.000000 0.000001 -0.000001 
56.316444 84.843124 -3.666204 70.476344 -61.478191 71.099496 37.327015 0.144028 7.111216 -12.616331 1.928125 -3.813170 -7.668224 -1.067945 0.326393 -46.887592 1.935391 1.020958 0.000001 0.000001 0.000001 -3.500782 7.375686 10.691259 9.834944 14.062621 22.652457 28.041297 19.236408 19.094871 -0.000000 -0.000005 0.000004 -5.873859 -9.239529 -15.263618 15.067496 -21.822256 -15.448447 33.789147 -24.891393 -26.973699 0.000001 -0.000001 -0.000003 -74.358931 -7.705912 1.155535 49.948412 -16.170189 -34.168219 -33.651604 38.452070 39.195607 0.000000 0.000001 -0.000000 -70.935975 20.762523 -16.462433 -4.365682 7.483990 -5.245712 2.248925 -28.527036 -6.668583 -0.000000 0.000000 0.000000 
56.419407 84.745377 -3.741231 71.297531 -61.591190 71.721993 37.332677 0.146387 7.217662 -12.419497 2.263665 -4.188756 -7.858436 -1.076448 0.704098 -46.851758 1.976319 1.085730 0.000001 0.000000 -0.000001 -3.345115 7.338609 10.552313 9.627907 13.568114 23.092958 27.957156 19.017094 19.107418 -0.000001 -0.000000 -0.000000 -5.733373 -9.158601 -15.160144 14.965289 -21.429783 -15.558992 34.049132 -24.789985 -26.934759 -0.000006 -0.000004 -0.000000 -74.302165 -7.991933 1.458658 49.754366 -16.177496 -34.345582 -33.845537 38.588766 39.608871 0.000000 -0.000001 -0.000000 -71.130089 20.517029 -16.080757 -4.300687 7.514801 -5.406955 2.346773 -27.947468 -6.515155 -0.000007 0.000000 0.000003 
56.506645 84.654778 -3.816565 71.296820 -61.561260 71.672324 37.170190 0.172707 7.503328 -12.263308 2.450900 -4.408989 -7.929789 -1.216438 0.797510 -46.764550 2.579901 0.908100 -0.000000 -0.000000 0.000000 -3.235127 7.281032 10.505067 9.519279 13.265484 23.136240 28.015093 18.928484 19.214712 -0.000004 -0.000003 0.000004 -5.666718 -9.159320 -15.315442 14.936194 -21.184431 -15.497216 34.539085 -24.675884 -26.664341 -0.000001 -0.000002 0.000001 -74.401462 -8.165822 1.642595 49.845915 -16.236608 -34.401682 -33.734858 38.522045 39.405028 0.000000 0.000001 0.000000 -71.115137 20.570288 -16.150662 -4.405836 7.420595 -5.219892 2.187986 -28.497842 -6.807895 -0.000000 0.000002 -0.000000 
56.590511 84.572983 -3.892241 71.475471 -61.606093 71.812028 37.064831 0.173251 7.527861 -12.213426 2.324990 -4.285404 -7.936099 -1.125243 0.793348 -46.576184 2.303396 0.933561 0.000001 -0.000001 -0.000000 -3.245399 7.276370 10.697246 9.517414 13.370865 23.016597 28.090562 18.939602 19.007173 0.000002 -0.000005 -0.000001 -5.702706 -9.162013 -15.545055 14.914353 -21.237377 -15.423397 34.632508 -24.749095 -26.467796 -0.000000 -0.000004 -0.000005 -74.344888 -8.359064 1.906578 49.702132 -16.330964 -34.861668 -33.882359 38.666295 39.697305 -0.000001 -0.000000 0.000000 -71.194969 20.460457 -16.030828 -4.439658 7.441912 -5.152492 2.009202 -28.658490 -6.977297 -0.000004 0.000001 -0.000001 
56.668438 84.504333 -3.973780 70.997576 -61.800952 72.092182 36.941590 0.138212 7.276544 -11.859000 2.095911 -3.988539 -7.995222 -1.272722 0.308365 -46.281065 2.136471 0.968405 0.000001 -0.000000 0.000001 -3.027979 7.101771 10.532476 9.553116 12.866990 22.774533 29.003848 18.626858 18.825936 -0.000002 0.000004 0.000002 -5.418064 -9.059365 -15.189484 14.963973 -20.691385 -15.229549 35.921003 -24.673889 -26.305452 0.000002 -0.000005 -0.000002 -73.989472 -7.834001 1.385131 49.514111 -16.213868 -34.715676 -33.545586 38.785584 39.362401 0.000000 0.000004 0.000000 -70.764373 20.937165 -16.697574 -4.538021 7.314269 -4.732043 1.932204 -28.854373 -7.128359 0.000004 0.000002 -0.000000 
56.729450 84.443192 -4.051131 69.983464 -62.042672 71.709972 37.044993 0.207301 7.604694 -11.681632 2.327638 -4.228880 -7.967119 -1.968462 0.225035 -46.277124 2.495596 0.848110 0.000000 -0.000001 -0.000001 -2.973951 6.939083 10.102757 9.791845 12.989182 22.503515 29.114381 18.651544 18.903103 -0.000003 -0.000002 0.000001 -5.359424 -8.955647 -15.133505 15.091684 -20.649620 -15.198865 36.308924 -24.891957 -26.431779 0.000004 0.000002 -0.000000 -73.445407 -7.493767 1.011529 49.169053 -16.221984 -35.176891 -33.701403 38.773925 39.414238 -0.000000 0.000003 0.000000 -70.059880 21.362918 -17.376662 -4.533545 7.446893 -4.806466 1.805795 -29.150168 -7.248210 0.000000 0.000002 -0.000002 
56.787334 84.396683 -4.134367 69.882582 -62.069945 71.700607 36.860468 0.193914 7.606246 -11.596083 2.020969 -3.899099 -7.928475 -1.707786 -0.127190 -46.245944 2.013363 0.904788 0.000001 -0.000000 0.000000 -2.911848 6.987174 10.218234 9.729307 12.938173 22.176798 29.396806 18.796471 19.047077 0.000000 -0.000002 0.000002 -5.347632 -9.167915 -14.945538 14.935042 -20.523651 -15.201008 36.874497 -25.077022 -26.424933 0.000005 -0.000004 -0.000000 -73.194643 -7.397216 0.979026 49.103347 -16.108646 -34.935297 -33.295359 38.214908 38.688292 0.000001 0.000002 0.000000 -70.018134 21.145946 -17.176934 -4.483054 7.456560 -5.162207 2.020964 -28.499721 -6.980830 -0.000000 0.000002 -0.000000 
56.840965 84.370544 -4.221675 69.899418 -62.131779 72.048906 36.812565 0.122257 7.043643 -11.846407 1.393555 -3.172729 -7.720520 -1.201899 -0.569850 -46.204119 2.336896 0.778942 0.000001 0.000000 0.000000 -2.988701 7.066889 10.275786 9.673746 13.000134 22.309163 29.387777 18.988320 19.014700 -0.000005 -0.000002 0.000001 -5.488063 -9.388952 -15.099057 14.942243 -20.630257 -15.472144 36.519147 -24.802632 -26.170864 0.000002 -0.000000 0.000000 -72.975776 -7.438581 1.042654 48.692080 -16.112739 -35.238575 -33.273550 38.352168 38.718997 -0.000000 0.000002 0.000000 -70.096524 21.054217 -17.040386 -4.451930 7.530717 -5.190024 2.311593 -28.459984 -6.829344 0.000003 0.000000 0.000000 
56.887405 84.352371 -4.313526 68.712208 -62.190225 71.805355 36.848580 0.032373 6.431729 -11.782002 0.875026 -2.553447 -7.785568 -1.420005 -1.214928 -45.965192 2.549753 0.693826 -0.000000 -0.000000 0.000001 -2.999393 7.289513 10.168570 9.691145 12.914898 22.500458 28.858567 18.997982 19.250885 0.000001 -0.000001 0.000004 -5.513067 -9.498251 -15.419526 15.104026 -20.554273 -15.289250 36.616081 -24.623640 -25.887592 0.000001 -0.000000 -0.000000 -72.665228 -6.687865 0.255004 48.605761 -16.031419 -34.780184 -32.954351 38.231598 38.354763 -0.000000 -0.000001 0.000000 -69.515200 21.518504 -17.793411 -4.592645 7.542633 -5.175976 2.180643 -28.195596 -6.847622 0.000001 0.000003 0.000005 
56.912006 84.360458 -4.396620 69.401702 -62.507146 72.312524 36.622378 0.047592 6.497522 -11.378078 0.993148 -2.728940 -7.971251 -1.374048 -1.093586 -45.798915 2.359549 0.714992 0.000000 -0.000000 -0.000000 -3.211118 7.126719 10.396079 9.519393 13.281181 23.002493 28.838759 19.133708 18.684932 0.000000 -0.000002 -0.000000 -5.739411 -9.239136 -15.361720 14.922261 -21.174789 -16.023489 35.508340 -25.015725 -26.034635 -0.000003 0.000002 0.000001 -72.015022 -7.026733 0.650640 47.921143 -16.016855 -35.317433 -33.474614 38.620782 39.016260 -0.000000 -0.000000 0.000000 -69.319863 21.145798 -17.403228 -4.909295 7.607473 -5.073735 2.290197 -28.585648 -6.782583 -0.000002 0.000002 0.000001 
56.906902 84.398865 -4.488816 70.617073 -63.074038 72.610962 36.118037 0.099563 6.967671 -11.028793 1.190464 -3.003554 -7.882215 -0.651182 -1.041232 -45.385839 1.676825 0.985532 0.000001 -0.000000 -0.000001 -3.296483 7.366035 10.735577 9.560238 13.838240 22.666165 29.573619 19.612017 17.887328 -0.000000 -0.000003 0.000002 -5.819115 -9.274872 -15.479994 14.848898 -21.595231 -16.087162 35.541262 -25.521366 -25.898868 -0.000001 -0.000002 -0.000000 -70.884427 -7.553937 1.499000 47.382443 -15.902227 -34.962796 -33.199234 38.226052 38.403726 -0.000001 0.000005 0.000000 -69.195362 19.992797 -16.181307 -4.943778 7.902809 -5.594023 3.089249 -28.510849 -6.349127 0.000001 0.000002 -0.000001 
56.877480 84.467522 -4.572697 69.870656 -63.585516 72.269528 35.875067 0.125785 7.128817 -10.539260 2.042966 -4.055658 -7.898620 -1.708785 -0.409315 -45.029211 2.188987 0.811833 0.000001 -0.000001 -0.000001 -3.398159 7.416592 10.503308 9.551745 14.217659 22.346868 27.963524 20.033187 18.885833 0.000000 0.000001 -0.000000 -5.956635 -9.341069 -15.582551 14.853961 -22.002093 -16.643337 34.568223 -25.732297 -26.004724 0.000002 0.000001 -0.000001 -69.709812 -7.389289 1.476642 46.791048 -15.740946 -35.033242 -33.110793 38.090845 38.240969 0.000000 0.000004 0.000000 -68.466984 19.677999 -16.079327 -4.765630 8.170391 -6.215425 3.410053 -27.733025 -5.964016 -0.000002 0.000002 -0.000000 
56.798615 84.607536 -4.657419 69.324658 -64.081450 71.250921 35.099468 0.201652 7.645324 -9.953105 2.457692 -4.501520 -7.914698 -1.507430 -0.154839 -44.053883 2.895779 0.558944 0.000001 -0.000000 0.000001 -3.562537 7.159387 10.259790 9.686900 14.531683 21.841490 27.652132 20.583262 19.276252 -0.000003 -0.000005 0.000001 -6.161618 -9.388021 -15.669907 14.902776 -22.345381 -16.572942 34.881619 -26.383513 -26.129720 -0.000001 -0.000003 -0.000003 -67.850327 -7.188065 1.452054 46.052031 -15.300355 -34.008717 -32.566765 37.079714 37.076022 -0.000000 0.000002 0.000000 -67.386496 18.982385 -15.626670 -5.197259 8.316292 -6.337710 4.345437 -27.017293 -5.234577 0.000000 0.000001 0.000000 
56.662426 84.837234 -4.750789 66.449162 -64.571625 68.255098 34.250598 0.181782 7.592548 -9.546712 2.262806 -4.153857 -7.557854 -1.478235 -0.650307 -43.277936 2.713986 0.389090 0.000001 -0.000000 0.000000 -3.774596 7.298907 10.360224 10.027231 14.566019 21.038005 26.987170 20.845676 20.196019 0.000000 -0.000003 0.000002 -6.363611 -9.928763 -15.954501 15.153823 -22.153502 -16.581182 33.915250 -25.798236 -26.014708 -0.000002 -0.000000 -0.000000 -65.594152 -6.368571 0.679393 45.940187 -14.683638 -31.444483 -31.683714 35.738613 35.492627 -0.000000 0.000007 0.000001 -65.678614 18.190230 -15.219770 -5.498221 8.370619 -6.937398 5.101572 -25.328233 -4.500080 -0.000003 0.000002 -0.000001 
56.493111 85.107574 -4.839046 64.105847 -64.829642 66.176467 33.359535 0.015200 6.644729 -9.131172 1.210611 -2.874120 -7.531113 -0.830263 -1.460031 -42.586872 2.381507 0.434690 0.000001 -0.000000 0.000000 -3.821094 7.869672 10.358064 10.270333 14.710207 20.465827 25.891331 20.842457 21.440725 0.000003 -0.000002 0.000002 -6.332570 -10.473807 -15.754099 15.142746 -21.941706 -16.224850 33.586864 -25.796708 -26.947016 0.000001 -0.000001 -0.000002 -63.857290 -5.707310 0.207260 45.632702 -14.355362 -30.055988 -30.750215 34.651568 33.885583 -0.000000 0.000004 0.000000 -64.318901 17.915048 -15.400383 -5.651954 8.419541 -6.821918 5.599556 -24.463911 -4.046715 -0.000003 0.000005 0.000001 
56.219822 85.500031 -4.928597 59.484725 -64.969504 61.580869 32.126515 -0.111462 5.723388 -8.760089 0.169260 -1.539813 -7.184916 -0.579941 -2.327133 -41.257467 2.328176 0.242766 0.000001 0.000000 0.000001 -3.722824 7.905685 10.805953 10.107659 14.075167 20.529027 25.534276 20.154509 21.492082 -0.000003 -0.000003 -0.000002 -6.268231 -11.197992 -16.207971 15.444429 -21.573328 -16.199967 32.886159 -24.418918 -26.607876 -0.000001 0.000005 -0.000001 -60.974820 -4.557509 -0.898384 45.375658 -13.382939 -26.987252 -29.285102 32.784170 31.527559 -0.000000 -0.000002 -0.000000 -62.039763 17.443516 -15.739068 -5.700342 8.095991 -6.741033 6.712629 -23.150522 -3.555028 0.000002 0.000004 0.000000 
55.802635 86.014359 -5.014850 55.170679 -65.031140 56.169847 30.162689 -0.170475 5.377053 -8.242180 -0.965774 -0.124300 -6.624884 0.327301 -3.460786 -39.138121 1.770596 -0.081842 0.000001 -0.000000 0.000000 -3.865494 7.875511 11.729073 10.925993 14.463844 19.620724 24.079267 19.578261 21.908382 0.000002 -0.000002 0.000002 -6.584108 -12.121791 -17.037804 16.809058 -22.180826 -16.240926 29.200595 -22.097627 -25.629006 0.000002 0.000003 -0.000002 -57.243324 -4.008462 -1.246452 44.410177 -12.034330 -23.596869 -27.426097 30.664151 28.809963 -0.000000 0.000001 -0.000000 -59.977783 16.585576 -15.457326 -4.972081 7.480461 -6.037020 7.533501 -21.985763 -3.274006 -0.000002 0.000000 0.000000 
55.303219 86.571945 -5.080429 51.231026 -64.196641 51.350349 28.077612 -0.061875 6.886397 -7.573621 0.690930 -2.096490 -6.535980 -1.740728 -3.002878 -37.144693 0.824396 0.049096 0.000001 -0.000000 0.000000 -4.139859 8.828231 12.380138 11.736614 14.611064 18.394832 21.413193 18.693012 23.469367 0.000001 -0.000001 -0.000001 -6.838488 -13.491847 -17.404473 17.830561 -22.340697 -15.297739 26.233206 -20.386503 -26.146502 -0.000000 -0.000001 -0.000001 -54.495026 -3.349683 -1.922844 43.720956 -10.880281 -20.223958 -25.984628 28.364988 26.303615 0.000001 0.000001 0.000000 -58.471863 16.325696 -15.755240 -4.374223 7.070187 -5.152682 8.243051 -21.032181 -2.863242 0.000001 0.000000 0.000000 
54.601910 87.288925 -5.139163 46.442363 -63.114930 46.102547 25.763395 -0.083367 7.010024 -7.817045 0.285191 -1.561161 -6.257396 -2.168527 -4.123999 -34.161055 0.297175 0.071454 0.000001 0.000001 0.000000 -4.441825 9.491913 13.766654 13.037749 15.595579 16.688369 19.172857 17.532086 23.376343 -0.000004 0.000004 0.000001 -7.199956 -14.756617 -16.839138 18.425776 -22.504447 -13.740280 21.085386 -17.769000 -24.612281 -0.000001 -0.000002 -0.000001 -50.248206 -2.368120 -2.900059 41.359316 -9.740461 -16.462465 -24.664269 25.708122 23.713821 -0.000000 0.000004 0.000001 -55.732609 15.994158 -16.553057 -3.745277 6.855767 -4.429027 10.246763 -17.529414 -1.528818 0.000000 0.000000 0.000000 
53.683025 88.145325 -5.174971 41.029691 -61.458151 39.866202 22.617591 -0.224160 6.609090 -6.711298 0.317722 -1.696474 -6.413299 -2.760447 -4.062978 -30.567026 -0.419725 0.366086 0.000001 -0.000001 -0.000000 -3.875256 8.530411 15.142302 14.237659 16.261758 14.179820 20.421603 16.506708 21.006151 0.000001 -0.000000 -0.000000 -7.050128 -14.883346 -17.100422 18.534179 -21.685321 -11.854055 24.128519 -17.008004 -21.365025 -0.000002 0.000005 -0.000001 -45.256185 -1.710276 -3.155755 38.163026 -8.591042 -13.111029 -23.058495 22.022345 20.353923 0.000000 0.000003 0.000000 -52.075220 15.685130 -18.033858 -3.102633 6.136761 -2.827758 12.257228 -13.681506 -0.423647 -0.000004 0.000004 0.000002 
52.683384 89.032440 -5.199484 37.955833 -60.173680 35.747687 19.928504 -0.343305 6.471827 -5.962226 0.306580 -1.595181 -6.380594 -2.732715 -3.998427 -27.446849 -0.310924 0.363536 0.000000 0.000001 0.000000 -3.372807 9.188184 15.835599 14.197270 14.858168 12.866177 19.386751 14.870295 21.461955 -0.000000 0.000003 0.000005 -6.465365 -14.959166 -17.703123 18.467568 -19.922315 -10.680072 27.126914 -15.759208 -19.669121 0.000003 -0.000003 -0.000001 -41.289064 -1.733327 -2.600904 35.037709 -7.773738 -11.265359 -22.090664 20.016774 18.576352 0.000001 0.000003 0.000000 -48.795011 15.486756 -19.302463 -2.978339 5.501397 -1.178144 14.569589 -10.875963 0.458508 -0.000005 0.000002 -0.000001 
51.443256 90.033127 -5.213872 33.507822 -57.846662 29.853708 16.294963 -0.460706 7.251633 -4.261851 1.027539 -2.458888 -6.114702 -3.704225 -3.540036 -23.946309 0.644591 -0.222212 0.000001 0.000003 0.000000 -2.722742 7.608048 15.438382 12.861689 12.863937 12.771203 21.785279 14.218836 19.480155 -0.000001 -0.000006 0.000001 -5.842962 -13.821945 -17.303627 18.128924 -19.219889 -13.193252 27.451808 -13.261009 -15.294651 -0.000001 0.000003 -0.000003 -36.582770 -2.362079 -0.783223 30.879340 -6.944864 -9.912625 -20.335737 16.929566 15.600314 -0.000001 -0.000003 -0.000000 -45.013826 14.617737 -19.788221 -1.761006 5.271290 -0.532518 15.972708 -6.046888 1.593474 -0.000000 0.000002 0.000002 
49.963009 91.135483 -5.213631 27.354669 -54.391996 23.462514 13.767454 -0.570384 6.629970 -3.096027 0.656566 -1.981543 -5.663036 -4.406717 -3.886235 -20.343286 1.575558 -1.227792 0.000001 0.000002 0.000000 -1.999064 6.356415 14.457325 10.773019 10.562609 13.023519 23.337583 13.420277 17.810914 0.000002 0.000002 0.000002 -5.020771 -13.310666 -15.054002 17.540144 -18.048116 -13.043126 23.085302 -10.357566 -12.115722 0.000006 -0.000001 -0.000003 -30.861889 -2.198800 0.212548 26.346094 -5.998043 -7.501850 -17.770142 12.732910 11.623625 0.000001 0.000008 0.000000 -41.754377 13.028712 -18.930201 1.747161 5.519676 -2.190354 15.123422 1.741175 2.900246 -0.000000 0.000002 -0.000000 
48.431660 92.207596 -5.200496 23.239336 -51.645567 19.257387 12.032934 -0.647218 5.624193 -2.082157 0.334164 -1.517876 -5.933801 -4.419510 -3.867063 -17.678903 1.947348 -0.992506 0.000001 -0.000002 -0.000000 -1.205681 5.450692 13.977068 9.894079 9.304843 12.158965 24.833123 12.418476 16.293070 -0.000002 -0.000002 0.000001 -4.438167 -13.083797 -13.815478 18.161722 -17.893996 -11.772980 20.812985 -8.546352 -10.282725 -0.000001 -0.000004 -0.000001 -26.089216 -1.960737 1.141403 22.317436 -5.333011 -6.014881 -15.556750 8.829468 8.372836 -0.000001 -0.000004 -0.000000 -39.592086 11.621514 -17.769033 4.353629 5.605138 -3.831084 14.622028 7.552567 4.137109 0.000001 0.000002 -0.000000 
46.624741 93.313248 -5.168973 17.750256 -47.054099 15.058568 9.422950 -0.678568 4.652362 -0.153524 -0.171666 -0.671762 -6.381326 -5.896484 -4.880367 -14.217334 1.627714 -0.664903 0.000001 0.000002 -0.000001 -0.834428 5.804982 12.491093 8.019942 7.514474 11.833020 24.370748 11.967348 16.397877 0.000000 -0.000001 0.000002 -3.634169 -12.214561 -11.719326 17.843099 -17.291387 -11.537737 18.428965 -7.449155 -8.531951 -0.000001 0.000003 -0.000003 -20.642546 -1.587693 1.494233 18.649671 -4.933552 -4.121253 -13.323514 4.777653 5.214610 -0.000000 0.000005 0.000000 -37.422275 10.322069 -16.259037 7.858113 5.823100 -5.389327 12.940991 14.033082 5.607607 -0.000003 0.000007 0.000001 
44.589909 94.421211 -5.136840 12.690999 -41.638305 11.033499 8.202021 -0.535217 3.159653 -0.447831 -1.361429 1.299886 -5.228593 -5.400755 -5.837580 -10.484712 1.968376 -1.248865 0.000001 -0.000000 -0.000000 -0.117592 3.645412 10.639597 6.026575 4.716271 10.970461 22.273679 10.795041 18.064855 -0.000001 -0.000004 -0.000000 -3.305541 -12.916693 -11.741736 16.918664 -15.446295 -13.393859 14.000736 -5.799961 -10.690356 -0.000001 0.000003 0.000004 -15.897648 -1.813111 3.195944 16.122110 -4.317915 -2.482694 -10.551999 0.951334 2.193842 0.000000 0.000001 0.000000 -33.986028 9.010030 -14.891773 11.413009 5.792019 -6.484710 9.929411 18.901840 7.071615 -0.000001 0.000006 -0.000002 
42.566463 95.472023 -5.094573 9.763685 -37.873160 8.396033 7.167583 -0.394078 2.049775 -0.038144 -1.980143 2.315987 -4.438995 -4.690938 -5.995562 -9.069889 1.463208 -1.109264 0.000001 0.000003 0.000001 0.032119 3.088972 9.664984 4.256558 3.076693 10.045182 20.664959 10.365535 18.630907 -0.000001 0.000002 0.000001 -2.997098 -12.428000 -11.262926 16.049273 -14.498963 -13.839707 11.144406 -4.736905 -10.488771 0.000003 -0.000003 0.000002 -12.649711 -2.056974 5.252404 14.214849 -4.079310 -2.001631 -8.267843 -0.853534 0.511528 0.000000 0.000004 -0.000000 -30.591461 7.880895 -13.900731 12.752927 5.717752 -6.804135 8.269733 21.050279 7.835274 -0.000003 0.000000 -0.000000 
40.369434 96.496674 -5.050130 6.084397 -33.713916 5.488851 6.781637 -0.236578 0.866020 1.041441 -2.266279 2.785488 -4.015888 -3.236742 -5.350091 -6.933840 1.236382 -1.636999 0.000002 -0.000003 0.000000 -0.341860 2.729231 7.408833 3.040102 3.032270 9.216663 19.348177 10.678343 17.547268 0.000000 -0.000002 0.000002 -3.663893 -13.174466 -10.718133 14.987151 -14.518682 -13.914280 8.936745 -4.816458 -8.304136 -0.000003 0.000001 0.000002 -9.476176 -2.313571 7.860648 12.656492 -3.878657 -0.978208 -4.982742 -2.730930 -1.409089 0.000000 0.000002 0.000000 -24.927679 6.546461 -13.392817 11.693320 5.149272 -5.722351 5.543390 19.994658 7.638669 -0.000000 -0.000001 -0.000001 
38.045959 97.484131 -4.998176 3.048650 -29.056397 3.099737 6.007967 -0.199883 0.386149 1.772795 -2.462648 3.168344 -3.754357 -2.313941 -5.079006 -5.250541 0.781570 -1.583110 0.000001 0.000007 0.000000 -0.377362 1.882872 5.063965 2.300320 2.823838 7.764733 16.936916 10.427388 17.695755 0.000003 -0.000001 -0.000002 -3.424129 -11.378939 -9.624815 14.010751 -13.739356 -11.863028 7.265423 -5.954939 -10.090613 -0.000001 -0.000004 -0.000004 -7.489121 -2.655445 10.217336 12.552301 -3.575196 0.377736 -0.969993 -3.865128 -2.984896 -0.000002 0.000000 0.000000 -19.336913 5.357503 -12.556132 11.036764 4.596228 -4.080932 3.714422 16.300735 6.569444 0.000000 0.000002 -0.000000 
35.808750 98.378120 -4.930938 0.571797 -24.708786 1.670621 6.961358 -0.183057 -0.030314 0.222538 -3.129035 3.940568 -2.675259 -1.845314 -5.500114 -4.028237 0.528681 -1.831389 0.000001 0.000003 0.000000 -0.320480 2.047913 3.759772 1.417711 2.151150 6.545894 16.561481 9.891815 17.114103 -0.000000 -0.000002 0.000001 -2.946826 -10.086284 -9.242213 13.680346 -13.078599 -10.015393 5.646200 -5.385020 -11.582780 0.000001 0.000002 0.000000 -6.778721 -2.522352 11.499883 14.842245 -3.603129 0.980820 1.121423 -3.120914 -3.224873 -0.000000 -0.000000 -0.000001 -14.935611 4.344351 -11.923450 10.372265 4.295078 -2.725297 2.407648 12.825821 5.320666 0.000001 0.000000 -0.000000 
33.518608 99.217285 -4.862998 0.300223 -21.310634 0.778733 4.457620 -0.099561 -0.078873 2.703278 -2.031612 2.551944 -4.003090 -0.657303 -3.897266 -3.544798 -0.294210 -0.998943 0.000001 -0.000002 -0.000000 -0.119801 0.865895 2.606945 -0.104426 1.174001 4.638009 15.006926 9.399735 16.910300 -0.000002 -0.000005 0.000002 -2.548427 -8.520352 -8.184360 12.708429 -11.965233 -7.823644 2.404187 -4.836564 -12.448096 0.000000 0.000000 -0.000004 -7.699696 -2.656314 11.997643 18.478551 -3.466289 0.285376 3.690877 2.494848 -1.219922 -0.000001 -0.000001 -0.000000 -13.542173 3.403186 -9.495251 10.865381 3.866901 -2.662658 0.313372 9.956374 4.139026 -0.000002 -0.000001 0.000000 
31.252438 99.985847 -4.777364 -0.715355 -16.962099 -0.073692 3.538309 -0.072931 0.273153 3.729564 -1.606555 1.876894 -4.422594 -0.329775 -3.173553 -2.553703 -0.849202 -0.824715 0.000001 0.000000 0.000000 -0.676301 0.924834 1.124282 -1.164869 1.740726 2.741107 13.034939 9.434225 15.510665 0.000000 -0.000001 0.000005 -2.527015 -6.780514 -6.808050 10.553626 -11.347157 -7.000987 1.212788 -5.150651 -13.333278 -0.000004 0.000001 -0.000003 -9.015968 -2.529864 11.189623 21.804684 -3.224737 -0.125073 3.603814 7.337889 1.114942 0.000000 -0.000001 -0.000001 -10.997824 2.348295 -7.630654 10.205451 3.192879 -1.861360 -0.839545 5.514654 2.290325 0.000001 0.000002 -0.000000 
29.145466 100.669365 -4.685763 -1.292493 -13.896656 -0.380416 2.911931 -0.043480 0.222069 4.667296 -1.177340 1.317758 -4.873333 -0.371466 -2.528676 -1.566988 -0.605683 -0.880269 0.000001 0.000001 0.000000 -1.027974 1.288156 0.151271 -1.802388 1.990467 1.294402 11.837318 9.565067 14.330384 -0.000003 0.000000 0.000002 -2.406033 -5.515464 -5.567857 8.974195 -10.565611 -6.831914 0.716882 -5.543592 -14.227005 -0.000001 -0.000001 -0.000001 -10.305044 -2.542749 9.889304 24.322932 -3.017574 -0.776092 1.630303 9.327346 2.947701 -0.000000 -0.000001 0.000000 -9.220868 1.804469 -6.485509 9.303397 2.758639 -1.281922 -1.401834 2.036308 1.017703 0.000000 0.000002 -0.000000 
27.090321 101.270142 -4.577014 -1.429228 -10.686385 -0.566508 2.371495 -0.014061 0.107317 4.920429 -0.892275 0.730525 -4.917013 -0.630042 -1.747224 -0.768197 -0.557874 -1.432866 0.000000 0.000004 0.000000 -1.192504 1.693048 -0.676269 -1.005052 3.579234 0.028087 8.966867 9.106964 12.175841 0.000000 0.000002 0.000001 -2.171041 -3.166142 -4.449730 7.498285 -10.135265 -6.763695 -0.507430 -5.873602 -13.943621 -0.000001 0.000002 0.000001 -11.792459 -2.194785 7.994234 25.786151 -2.924940 -2.478794 -0.206927 8.400989 3.426499 -0.000001 -0.000001 0.000000 -7.989259 1.146530 -5.247827 8.668894 2.012789 -0.855353 -1.860723 -0.047951 -0.292942 -0.000000 0.000004 0.000000 
25.115314 101.801765 -4.482150 -2.049229 -7.198381 -0.808856 3.983514 -0.092230 0.147590 3.302057 -0.843829 0.494857 -4.053515 -0.486460 -1.330489 -2.237199 -0.941913 -1.455136 0.000001 -0.000001 -0.000000 -1.139821 0.446716 -1.275805 -1.036979 3.846068 -1.024964 5.122399 8.189748 10.541538 -0.000002 -0.000002 0.000001 -2.180739 -2.004438 -3.507250 5.416519 -8.394267 -6.707491 -1.832774 -5.894409 -13.464057 0.000001 -0.000001 -0.000001 -11.262044 -1.629143 5.552119 24.940241 -2.850772 -3.196763 -1.368747 5.747468 2.743864 -0.000002 -0.000000 -0.000000 -6.293194 0.758990 -4.043052 7.947548 1.592415 -0.313913 -3.086833 -1.853244 -1.466483 0.000000 0.000002 -0.000000 
23.311670 102.271278 -4.391973 -2.379697 -5.236293 -0.896437 4.539824 -0.122636 0.221337 2.059261 -0.624108 0.164815 -2.824834 -0.570635 -0.995981 -3.026916 -0.683654 -1.513642 0.000001 -0.000000 0.000000 -1.388963 0.363336 -1.454649 -0.640808 4.378505 -1.185024 2.000317 7.640644 8.435479 0.000000 -0.000000 0.000000 -2.260520 -1.427707 -2.944325 3.488210 -7.049120 -6.733831 -3.569444 -5.791987 -12.461945 0.000001 -0.000002 0.000000 -10.700361 -1.289099 3.610529 23.238984 -2.575560 -3.948993 -3.102499 4.901253 3.034554 -0.000001 0.000000 -0.000000 -5.460127 0.594303 -3.429935 8.120307 1.583488 0.255771 -3.742444 -3.139000 -1.920235 0.000001 0.000004 0.000000 
21.603767 102.690231 -4.289329 -3.187591 -2.906382 -0.866713 4.862754 -0.130328 0.232401 0.410926 -0.392340 -0.182745 -1.431981 -0.729698 -0.572372 -2.060476 -0.673197 -1.664543 0.000001 -0.000000 -0.000000 -1.537711 0.332425 -1.615280 -0.000701 5.041981 -0.662582 0.883239 7.279695 5.914142 -0.000002 -0.000002 0.000001 -2.351525 -0.897410 -2.056344 3.196796 -7.050612 -6.870076 -3.426903 -6.257619 -11.730753 0.000001 -0.000002 -0.000000 -8.929312 -0.716079 1.405168 21.545120 -2.100010 -3.828325 -4.724835 4.944217 3.743545 0.000001 -0.000000 -0.000000 -4.021645 0.302186 -2.584483 8.281229 1.319521 0.101661 -4.341389 -3.497596 -2.256647 -0.000000 0.000000 -0.000000 
19.986731 103.064362 -4.197007 -3.321628 -0.633260 -0.916641 4.081989 -0.123345 0.165618 0.477055 -0.002183 -0.551961 -1.024045 -0.910891 0.040918 -1.405055 -0.408181 -1.248269 0.000001 0.000000 0.000000 -1.522968 0.227205 -1.596521 0.041670 4.444109 0.067348 -0.180759 6.388757 3.587575 -0.000000 -0.000001 0.000002 -2.167487 -0.709568 -1.000978 1.665262 -5.434819 -6.285056 -2.764325 -6.385625 -11.836621 -0.000000 -0.000000 0.000000 -7.157393 -0.524994 0.107600 18.316119 -1.631417 -3.213895 -5.920011 4.310983 3.936177 0.000000 -0.000000 -0.000000 -3.663613 0.222001 -1.650265 8.477735 1.462394 0.119256 -4.486551 -4.005780 -2.131952 0.000000 0.000000 -0.000000 
18.522564 103.396698 -4.116038 -3.514291 0.527733 -0.913926 3.803886 -0.095367 0.048700 0.447547 0.181740 -0.757331 -1.000714 -0.715021 0.414334 -1.202286 -0.408872 -1.105336 -0.000000 -0.000001 0.000000 -1.454778 0.179485 -1.346701 0.050763 4.030071 0.409940 -0.239651 5.618082 1.866574 -0.000001 -0.000000 0.000001 -2.092890 -0.670894 -0.451698 1.133349 -4.719959 -5.558338 -1.910993 -6.322914 -11.835849 -0.000003 -0.000000 -0.000001 -5.840891 -0.388004 -0.679519 15.608377 -1.305901 -2.520681 -6.223577 3.904653 3.903767 -0.000001 0.000000 -0.000001 -3.261214 0.193682 -1.213804 8.315741 1.350846 0.129619 -4.621306 -3.706268 -2.083777 -0.000001 0.000002 -0.000000 
17.161463 103.700989 -4.034611 -3.896713 1.598554 -1.014724 3.103811 -0.031194 -0.136858 0.786181 0.170515 -0.732728 -1.045794 -1.108595 0.646185 0.271861 -0.332306 -1.028341 0.000001 -0.000000 0.000000 -1.357025 0.560775 -1.318478 -0.034878 3.307085 0.902713 -0.073127 4.527702 0.548429 -0.000002 -0.000002 0.000001 -1.759719 0.076181 0.178377 0.630999 -3.901842 -4.276967 -1.418660 -5.559317 -11.762697 -0.000002 -0.000001 -0.000004 -3.706698 -0.165828 -0.898608 11.285748 -1.183635 -1.406441 -5.468758 3.781112 3.542555 -0.000000 0.000001 -0.000000 -3.285503 0.187522 -0.978691 8.943787 1.440303 0.825323 -4.651817 -3.981535 -2.221259 0.000000 0.000002 0.000001 
15.904455 103.983818 -3.952727 -4.419739 2.723517 -0.963202 3.127266 0.001790 -0.516216 2.055056 0.142551 -0.524575 -2.397195 -1.039031 0.782920 1.602621 -0.507707 -0.556549 0.000001 -0.000000 0.000000 -0.920733 0.368826 -1.130335 -0.449685 2.058396 1.064570 0.838193 3.368601 -0.441553 -0.000002 -0.000002 0.000002 -1.401265 -0.559031 0.954819 0.479313 -2.904815 -2.910140 -0.423657 -5.014870 -11.626123 -0.000002 0.000003 -0.000003 -1.464040 -0.069711 -0.742685 7.790772 -1.125204 -0.690295 -5.496371 3.204638 3.329188 -0.000000 0.000000 -0.000000 -3.007017 0.226064 -0.822386 9.290024 1.418668 1.298189 -4.050662 -4.433757 -2.371439 -0.000000 0.000001 -0.000000 
14.772688 104.226692 -3.857133 -4.913511 3.520785 -0.995301 3.126621 -0.010879 -0.660090 3.083295 0.151581 -0.427256 -3.437686 -1.056090 0.957824 2.498367 -0.475651 -0.257624 0.000001 0.000000 0.000000 -0.576341 0.491275 -1.094265 -0.943925 1.038067 1.070472 1.729667 2.690451 -0.935278 0.000000 -0.000003 0.000002 -0.950292 -0.218972 1.637773 -0.322911 -1.627526 -1.911519 -0.175139 -4.436542 -12.054109 -0.000000 -0.000002 0.000001 -0.507680 -0.025935 -0.475609 6.199778 -1.102495 -0.255228 -5.266996 2.605340 3.027411 -0.000000 -0.000000 -0.000000 -1.993446 0.121700 -0.566990 8.569076 1.269386 1.436559 -3.892049 -4.593872 -2.431857 -0.000001 0.000002 -0.000000 
13.749964 104.443916 -3.765646 -4.752178 4.582507 -0.979936 2.589018 -0.029561 -0.651997 1.049989 0.177749 -0.399252 -1.308738 -0.974196 1.143994 2.873062 -0.685723 -0.041095 0.000001 -0.000000 -0.000000 -0.247336 0.131270 -0.665220 -0.454451 0.632408 0.442705 2.261393 1.329453 -0.825634 0.000000 -0.000000 -0.000000 -0.638674 -1.342881 2.356618 -0.914694 -0.606592 -1.301299 1.072389 -3.359650 -11.074915 -0.000004 -0.000002 -0.000000 1.264652 0.113079 -0.098252 2.840524 -0.652445 -0.184488 -3.561899 2.005405 2.179972 -0.000001 0.000001 0.000000 -0.662144 -0.007655 -0.197748 6.597484 0.900802 1.111852 -2.814726 -4.441062 -2.101486 0.000000 -0.000001 0.000000 
12.846265 104.635086 -3.680150 -3.008725 4.518327 -0.810750 -0.342832 0.106953 -0.992254 3.484770 0.016587 -0.138770 -2.733018 -1.458628 1.171853 3.813579 -0.269213 -0.641727 0.000001 0.000000 0.000000 -0.234631 2.007793 -0.242599 0.756499 1.062037 -0.074850 1.702965 0.313159 -1.236138 -0.000001 0.000000 0.000001 -0.055407 0.139072 2.668463 -1.720397 0.365533 -0.403432 1.170557 -2.424452 -10.057405 -0.000001 0.000003 -0.000002 1.918044 0.192004 -0.501925 -0.400274 -0.305364 0.046660 -1.991566 2.791744 2.076277 -0.000001 0.000001 -0.000000 -1.021378 0.092956 -0.343027 4.469838 0.547601 0.766258 -1.647449 -4.137175 -1.920792 -0.000001 0.000001 -0.000000 
12.046526 104.798523 -3.594249 -2.278149 4.548534 -0.739539 -1.521113 0.166508 -1.131015 4.224849 -0.010338 -0.093399 -2.978130 -1.186307 1.348126 4.429010 -0.384540 -0.591531 0.000001 0.000000 0.000000 -0.103466 1.801533 -0.098928 1.357573 1.237428 -0.434494 1.010841 -0.106080 -1.143640 0.000000 -0.000001 0.000003 0.155658 0.364438 2.846387 -2.314078 1.093826 -0.150857 1.445498 -1.874489 -8.864329 0.000001 -0.000003 -0.000002 2.520530 0.233405 -0.650581 -2.445246 -0.033550 0.145242 -0.934776 3.410475 2.050239 -0.000000 0.000000 -0.000000 -0.891591 0.119318 -0.299466 3.378150 0.381378 0.495840 -1.067816 -3.946416 -1.793572 -0.000001 0.000000 0.000000 
11.351453 104.910057 -3.518468 -1.211207 4.196809 -0.520258 -2.522665 0.203642 -1.170005 4.368218 0.043033 -0.099003 -2.837486 -0.974042 1.418647 3.523482 -0.067580 -0.655353 0.000001 -0.000000 0.000000 0.114706 2.317383 -0.002862 1.533833 0.995745 -0.633068 0.771289 -0.369284 -1.028412 0.000001 0.000000 0.000002 0.447105 0.394198 2.529478 -2.381597 1.543055 0.150592 0.971998 -1.336275 -7.013876 -0.000000 -0.000003 -0.000003 2.478125 0.238196 -0.994021 -3.629687 -0.031421 0.228864 -0.716876 3.140695 1.782467 -0.000000 0.000001 -0.000000 -0.933783 0.160282 -0.530137 2.398145 0.333751 0.232874 -0.682256 -3.284930 -1.480334 0.000001 0.000001 -0.000000 
10.748229 104.986061 -3.452751 -0.368677 4.336693 -0.330774 -3.785213 0.235664 -0.976293 4.779303 -0.045672 0.011984 -2.940649 -1.184111 1.124837 3.194335 -0.046638 -0.722792 0.000000 -0.000000 0.000000 -0.059456 3.077981 -0.129715 1.573734 1.021202 -0.308339 1.536724 -0.447855 -1.204082 -0.000001 0.000004 0.000001 0.373917 0.468499 2.251460 -2.232672 1.459753 -0.363627 0.642478 -0.847634 -4.510877 -0.000004 -0.000003 -0.000001 2.402881 0.322567 -1.077752 -4.470122 0.114707 0.278019 -0.724606 1.577336 1.016332 -0.000001 -0.000000 0.000000 -1.029438 0.104513 -0.589289 1.476248 0.138926 -0.110338 -0.316152 -3.258351 -1.526928 -0.000001 0.000000 0.000000 
10.216713 105.036850 -3.389297 -0.175718 4.202277 -0.141516 -3.946917 0.241205 -0.889595 4.338797 -0.051349 0.021450 -2.355760 -0.633487 1.031909 2.539861 -0.196753 -0.385740 0.000001 -0.000001 0.000000 0.061461 1.741354 -0.426010 1.560727 0.988734 -0.146170 1.453265 -0.245756 -0.616925 0.000001 -0.000005 0.000003 0.303892 0.350785 2.033053 -2.428667 1.634534 -0.594133 0.316704 -0.724670 -3.234534 -0.000000 -0.000001 -0.000002 2.700181 0.325382 -1.223836 -5.153464 0.041872 0.228939 -0.668078 1.015978 0.663867 -0.000001 -0.000000 0.000000 -0.843795 0.135204 -0.603368 0.962047 0.336612 -0.309987 -0.408383 -3.457128 -1.462693 -0.000000 -0.000001 0.000000 
9.756317 105.072800 -3.334835 0.100760 3.865480 0.152264 -3.980015 0.217273 -0.798568 4.318482 -0.006191 0.006361 -2.362986 0.048328 0.841798 1.089491 -0.327420 -0.007018 0.000000 -0.000000 -0.000000 0.206688 0.324814 -1.102310 1.103926 0.275663 0.289817 2.055764 -0.357122 0.710571 -0.000000 -0.000002 0.000001 0.348252 -0.015246 1.869496 -2.092726 1.666986 -0.744960 0.060662 -0.120901 -2.887563 0.000001 -0.000000 0.000000 2.181039 0.231858 -1.582251 -5.029695 0.274900 0.090130 -1.137303 1.052331 0.834934 -0.000001 0.000001 -0.000000 -1.419332 0.287033 -0.811925 1.412511 0.458261 -0.558429 -0.651474 -3.556040 -1.328516 0.000000 0.000001 -0.000000 
9.352536 105.108734 -3.277107 0.791624 3.779934 0.323557 -4.185608 0.192627 -0.605719 4.459074 0.014719 -0.034786 -2.728518 0.473625 0.715945 -0.165811 -0.420216 0.074200 0.000000 0.000000 -0.000000 0.286022 -0.508221 -1.327743 0.751929 0.197599 0.265248 2.931369 0.009411 1.641777 -0.000004 -0.000006 0.000001 0.219492 -0.332225 1.576448 -2.086382 1.475371 -0.653335 0.576279 -0.285537 -2.803223 0.000001 -0.000001 -0.000002 1.540538 0.216744 -1.768887 -5.273019 0.289567 -0.072288 -0.889313 0.986685 0.728669 -0.000001 0.000001 -0.000000 -1.329831 0.290199 -1.048599 0.030916 0.285206 -0.790857 -0.361010 -3.231627 -1.301896 0.000000 0.000004 -0.000000 
8.997075 105.150002 -3.220150 0.933364 3.516886 0.385839 -4.125182 0.156530 -0.449838 5.175238 0.078858 -0.127039 -3.403775 0.915200 0.737124 -0.782219 -0.568944 0.286520 0.000001 -0.000000 -0.000000 0.386309 -1.106508 -1.430871 0.603468 0.080490 0.188332 3.228230 0.158234 2.275443 0.000000 0.000000 0.000001 0.252057 -0.227830 1.495934 -2.194667 1.593358 -0.563791 0.680456 -0.338427 -3.122554 0.000001 -0.000006 -0.000000 1.346284 0.275858 -1.922909 -5.160656 0.286088 -0.064168 -1.096670 0.898236 0.738115 -0.000000 -0.000000 -0.000000 -1.617187 0.304822 -1.231135 0.188752 0.274418 -0.706908 -0.587022 -3.456266 -1.412833 -0.000000 0.000001 -0.000000 
8.678571 105.209824 -3.160349 0.595490 3.254847 0.237637 -3.947590 0.088956 -0.188048 5.500635 0.043135 -0.075853 -3.591950 0.973107 0.713353 -1.256604 -0.456378 0.114767 0.000001 -0.000001 0.000000 0.544277 -1.427024 -1.308658 0.470147 -0.033221 0.060590 3.363374 0.103270 2.611280 0.000000 -0.000000 -0.000000 0.372479 0.179182 1.585462 -2.045591 1.549829 -0.792070 0.989554 -0.259537 -2.996811 -0.000001 -0.000006 -0.000000 1.002270 0.265468 -1.767081 -4.512939 0.154948 -0.163009 -0.997982 1.086730 0.768154 -0.000001 0.000000 -0.000000 -1.752475 0.286675 -1.145770 0.348104 0.290224 -0.719534 -0.438846 -3.370382 -1.455761 -0.000000 0.000002 -0.000001 
8.389700 105.260406 -3.098599 0.727137 2.878152 0.230314 -3.674066 0.089727 -0.202324 5.220880 0.016933 -0.039016 -3.459461 1.177025 0.698279 -1.414867 -0.372301 0.094868 0.000001 -0.000001 0.000000 0.554994 -1.914440 -1.176881 0.418896 -0.025163 0.222679 3.018121 0.122388 2.321664 -0.000001 0.000002 0.000000 0.398977 0.449392 1.710337 -2.192240 1.567071 -1.228456 1.260239 -0.274025 -2.216979 0.000001 -0.000001 -0.000003 0.585467 0.212409 -1.722436 -4.231496 0.209779 -0.296730 -1.104915 1.303540 0.903233 -0.000001 -0.000000 0.000000 -2.035935 0.318827 -1.156225 0.395708 0.386378 -0.767208 -0.513061 -3.171546 -1.273827 -0.000002 0.000002 -0.000002 
8.125875 105.299377 -3.036682 0.625646 2.902435 0.187355 -3.635921 0.070501 -0.097107 5.539349 -0.067923 0.074077 -3.579189 1.084836 0.528652 -1.601057 -0.289512 -0.008741 0.000000 0.000001 0.000000 0.522952 -2.167160 -1.281493 0.418532 -0.120471 0.481574 2.338958 -0.015096 2.191750 0.000003 0.000002 -0.000001 0.354122 0.202628 1.789247 -2.157784 1.646910 -1.419926 0.658659 -0.031892 -1.983475 -0.000000 -0.000002 0.000000 0.300658 0.189788 -1.688624 -3.791993 0.239502 -0.206659 -1.100560 1.178184 0.863081 -0.000000 -0.000000 0.000000 -2.033325 0.314437 -1.037177 0.536636 0.365129 -0.807506 -0.556499 -3.370693 -1.364128 0.000001 -0.000001 -0.000001 
7.885219 105.337624 -2.978621 0.454464 2.736315 0.305235 -3.722594 0.076047 -0.141648 5.692330 -0.038503 0.054137 -3.662544 1.050121 0.450849 -1.518014 -0.176487 -0.099082 0.000001 0.000000 0.000000 0.610284 -1.999584 -1.527591 0.513223 -0.372022 0.794531 2.322151 -0.320664 2.528559 -0.000001 -0.000002 0.000001 0.469064 -0.109586 1.855356 -1.882712 1.820474 -1.509465 0.442754 0.319231 -2.068049 -0.000003 -0.000003 -0.000002 0.807190 0.236586 -1.811488 -4.307502 0.301637 -0.180159 -1.190784 1.124414 0.898634 -0.000000 0.000000 0.000000 -1.977568 0.356788 -1.148963 0.961479 0.382813 -0.746804 -0.591572 -3.502335 -1.473389 0.000000 0.000002 -0.000000 
7.661857 105.372887 -2.926174 0.514881 2.551874 0.365055 -3.346386 0.068630 -0.111591 4.766442 -0.000572 -0.027676 -2.849673 0.774206 0.362784 -1.331550 0.036374 -0.324847 -0.000000 -0.000000 0.000000 0.545822 -1.736141 -1.510797 0.668081 -0.240965 0.801888 2.078928 -0.280632 3.091013 -0.000004 -0.000000 0.000001 0.593060 0.634163 1.582741 -2.022101 1.820657 -1.114908 0.381181 0.445367 -2.369806 -0.000000 -0.000004 -0.000000 0.551961 0.304354 -1.963688 -4.150976 0.284404 -0.004157 -1.130676 1.413791 0.989199 -0.000001 0.000001 -0.000000 -2.346248 0.365401 -1.239186 1.215798 0.428644 -0.688896 -0.459477 -3.375554 -1.373963 -0.000002 0.000002 0.000001 
7.453317 105.408028 -2.871723 0.561683 2.214603 0.357189 -3.444702 0.058939 -0.153358 5.700403 0.077254 -0.149959 -3.693445 1.135157 0.493175 -0.794720 -0.136869 -0.229771 -0.000000 0.000000 -0.000000 0.717226 -1.475097 -1.459203 0.555972 -0.494519 0.621582 2.097099 -0.470342 3.758497 -0.000000 -0.000000 0.000000 0.749866 0.648415 1.408988 -2.074531 2.039695 -0.919070 0.538425 0.645278 -2.535076 -0.000000 -0.000001 -0.000001 0.366440 0.328659 -1.973858 -3.986772 0.220434 0.024127 -1.151415 1.526956 1.060014 -0.000001 -0.000001 0.000000 -2.376921 0.360563 -1.218763 1.170379 0.390909 -0.735718 -0.610213 -3.021535 -1.347353 -0.000000 0.000000 -0.000000 
7.250080 105.437683 -2.821490 0.726423 2.183781 0.362594 -3.529721 0.060001 -0.148009 5.592343 0.090366 -0.194881 -3.573177 1.198197 0.485964 -0.048085 -0.320119 -0.099350 0.000001 0.000000 -0.000000 0.749384 -2.136318 -1.216677 0.819124 0.041373 0.356332 2.413887 0.007670 4.032977 -0.000000 -0.000004 0.000002 0.610764 0.478770 0.964145 -2.158360 1.770838 -0.637921 0.693800 0.356521 -2.016088 0.000000 0.000001 -0.000000 0.070074 0.313323 -2.012127 -3.618538 0.092035 0.024491 -1.104324 2.099382 1.335452 -0.000001 0.000000 -0.000000 -2.647368 0.345180 -1.195652 1.460179 0.429314 -0.614385 -0.782567 -2.970475 -1.328198 -0.000000 0.000002 0.000000 
7.046697 105.458466 -2.760772 0.520578 1.993784 0.317579 -3.405984 0.078810 -0.230479 5.722934 0.076389 -0.214218 -3.720002 0.285515 0.540912 1.913277 -0.111972 -0.515243 0.000001 -0.000000 0.000000 0.325036 0.419437 -0.938071 1.004719 0.276173 0.510437 2.603224 -0.064887 2.904069 -0.000002 -0.000002 0.000001 0.634242 1.513593 0.913399 -2.182384 1.614977 -0.609899 0.784112 0.162956 -1.901965 0.000000 -0.000004 -0.000001 0.165177 0.291037 -1.966938 -3.461117 -0.124856 -0.042775 -1.046403 3.013967 1.716210 -0.000001 0.000001 -0.000000 -2.002024 0.345398 -1.088761 0.846704 0.502446 -0.483177 -0.588761 -3.083556 -1.299981 -0.000001 0.000004 0.000001 
6.855040 105.479980 -2.706939 0.724312 1.188524 0.293889 -3.624223 0.123880 -0.332587 5.683079 0.153996 -0.338220 -3.638353 0.994271 0.683438 2.682648 -0.488917 -0.212199 -0.000000 -0.000000 0.000000 0.379522 -0.705398 -0.762739 0.987573 0.407583 0.493392 1.907019 0.016663 2.496777 0.000000 0.000000 0.000001 0.505692 1.336526 0.742964 -2.593794 1.775354 -0.255249 0.986825 -0.047645 -2.147045 -0.000001 -0.000004 0.000000 -0.319333 0.242403 -2.007999 -2.907715 -0.129909 -0.141011 -1.498253 3.768165 2.212721 -0.000001 0.000000 -0.000000 -2.162477 0.366161 -1.119522 0.679458 0.524289 -0.523659 -0.847410 -2.449462 -1.077791 -0.000001 0.000000 0.000000 
6.660747 105.498093 -2.644403 0.809401 0.692349 0.116567 -3.486936 0.091836 -0.235954 5.008324 0.208857 -0.452588 -3.190097 1.085723 0.866580 3.181443 -0.499358 -0.344457 0.000001 -0.000000 0.000000 0.282302 -0.180060 -0.461544 1.019876 0.298068 0.480426 1.788838 -0.466624 1.552640 0.000001 0.000001 -0.000000 0.480832 1.331630 0.675469 -2.150869 1.524177 -0.124708 1.148567 0.176419 -2.244543 0.000001 -0.000004 -0.000000 -0.392240 0.235501 -1.830571 -2.811813 -0.122639 -0.113616 -1.414432 4.485704 2.545864 -0.000000 -0.000000 -0.000000 -2.044337 0.347536 -0.925139 0.433337 0.426623 -0.522493 -0.897497 -2.071553 -0.976602 0.000000 0.000002 0.000001 
6.468052 105.509148 -2.575826 0.723051 0.601905 0.129917 -2.894459 0.056001 -0.263968 4.375162 0.233140 -0.502667 -2.812833 0.393424 0.826354 3.524818 -0.311028 -0.667709 0.000002 0.000000 0.000000 0.347131 0.639242 -0.310450 0.471336 -0.425920 0.698683 1.096442 -1.144134 0.558771 0.000000 0.000003 -0.000001 0.577806 1.261004 0.562501 -1.965608 1.712775 0.027302 1.199855 0.517741 -2.142441 0.000001 -0.000002 -0.000000 -0.188099 0.272245 -1.790236 -2.677262 -0.098864 -0.053703 -1.365800 4.311248 2.515705 -0.000001 -0.000001 -0.000000 -1.536584 0.289795 -0.869953 0.031078 0.154736 -0.616414 -0.159492 -1.611341 -0.953707 0.000000 0.000002 -0.000001 
6.283866 105.522797 -2.513283 0.420903 0.751656 0.030362 -2.388358 0.030064 -0.237880 4.133852 0.161349 -0.380757 -2.761189 0.396580 0.728417 3.496243 -0.466802 -0.591269 0.000001 -0.000000 -0.000000 0.532634 0.435898 -0.144131 0.043973 -0.926689 0.636471 0.525336 -1.499921 0.132368 -0.000004 -0.000001 0.000002 0.667867 1.161762 0.566387 -2.095602 2.006811 0.059180 1.321089 0.608995 -2.332788 0.000003 -0.000002 -0.000001 -0.001350 0.269805 -1.608297 -2.604058 -0.086536 0.039279 -1.428023 4.119508 2.493321 -0.000000 -0.000001 -0.000000 -0.852240 0.220199 -0.712034 -0.624036 -0.059523 -0.567178 -0.181140 -1.631038 -1.078136 0.000001 0.000004 0.000001 
6.101114 105.539162 -2.446058 -0.402545 1.391004 -0.008650 -1.138202 -0.014860 -0.142186 1.281778 -0.009820 -0.073708 -0.611226 0.391386 0.323280 4.074454 -0.812828 -0.219761 0.000000 -0.000000 0.000000 0.441186 0.196674 -0.020789 0.062668 -0.983912 0.598239 -0.133042 -1.805030 -0.542078 0.000002 -0.000003 0.000002 0.323462 -1.143034 0.588122 -1.569890 1.677994 -0.124232 1.343130 0.845547 -1.516809 -0.000001 0.000001 -0.000001 0.527262 0.230690 -1.336107 -2.596605 0.050530 0.034811 -0.400477 4.002518 2.067064 0.000000 0.000000 0.000000 0.064489 0.147728 -0.459234 -0.617469 -0.078476 -0.520701 -1.259722 -1.818731 -1.153225 -0.000000 0.000000 0.000001 
5.928517 105.557053 -2.376390 -0.850219 1.207933 0.023148 -0.429638 -0.035248 -0.116780 0.170629 -0.031454 -0.026072 0.165712 0.390786 0.244753 4.220416 -0.781328 -0.233121 0.000001 -0.000000 0.000000 0.377349 0.456736 0.050400 -0.025312 -0.744936 0.405646 0.986814 -1.457067 -1.211469 -0.000000 0.000002 0.000001 0.206291 -1.649993 0.539866 -1.447313 1.439583 -0.215881 1.755223 0.541894 -1.049572 -0.000001 0.000001 -0.000003 0.839157 0.234135 -1.334581 -2.492355 0.058913 0.117158 -0.071471 4.261656 2.138126 0.000000 0.000001 0.000000 0.500850 0.077967 -0.426822 -0.277526 -0.101905 -0.593495 -1.431849 -1.352953 -1.027896 -0.000001 0.000000 0.000000 
5.767766 105.568848 -2.311012 -1.310700 0.977300 0.098156 0.231515 -0.036769 -0.125704 -0.451900 0.008667 -0.041030 0.466876 0.026208 0.154487 4.200435 -0.535188 -0.277845 0.000000 -0.000001 0.000000 0.238072 1.180076 -0.021662 -0.061331 -0.684430 0.331394 0.906109 -1.325737 -1.564256 0.000001 -0.000002 0.000002 0.136208 -1.845020 0.410118 -1.405998 1.378980 -0.159907 1.502051 0.413082 -0.605440 -0.000002 -0.000002 -0.000000 1.328532 0.218536 -1.396748 -2.740896 -0.002569 0.093962 0.109730 4.475630 2.178748 -0.000000 0.000001 0.000000 0.959027 0.084580 -0.485999 -0.475577 -0.002324 -0.623919 -1.336690 -1.275331 -0.918854 -0.000000 0.000002 -0.000000 
5.614459 105.583809 -2.238276 -1.485973 0.816683 0.212327 0.385007 -0.017195 -0.141353 -0.820663 -0.027223 0.036892 0.812632 -0.305445 -0.051000 3.997272 -0.359585 -0.284254 0.000001 -0.000000 0.000000 0.162419 1.163291 -0.262469 0.051713 -0.492532 0.203014 1.006481 -1.095155 -1.504879 -0.000000 0.000004 0.000001 -0.006262 -2.087422 0.428933 -1.400057 1.279365 -0.033390 1.450730 0.204722 -0.386020 -0.000003 -0.000002 -0.000000 1.369541 0.163692 -1.470718 -2.783269 -0.081842 0.035883 -0.085741 4.920801 2.454635 -0.000001 -0.000001 -0.000000 1.058761 0.130708 -0.570140 -0.216853 0.124825 -0.520576 -1.454123 -1.375489 -0.855021 -0.000001 0.000002 0.000001 
5.466903 105.601799 -2.165815 -1.830912 0.522786 0.355024 0.949806 -0.022230 -0.163376 -0.989178 -0.008981 0.044610 0.524929 -0.034553 -0.176610 4.307566 -0.400896 -0.184101 0.000001 -0.000000 0.000000 0.244850 0.349914 0.013713 -0.341668 -0.628940 -0.229508 1.418566 -0.940309 -1.542904 -0.000000 -0.000005 0.000002 -0.123494 -2.391728 0.205354 -1.894490 1.546488 0.338287 2.501211 -0.056131 -0.108868 -0.000003 -0.000001 -0.000001 1.747635 0.160333 -1.642202 -2.925689 -0.108552 0.082595 0.017462 5.155503 2.533755 -0.000000 0.000000 -0.000000 1.330065 0.132749 -0.747542 -0.142643 0.134694 -0.495136 -1.387674 -1.040753 -0.668274 -0.000001 0.000004 0.000001 
5.328914 105.614532 -2.094098 -1.545492 0.364892 0.442852 0.847893 -0.012450 -0.254955 -1.141874 0.059181 -0.088244 0.535921 0.133957 -0.004197 3.967555 -0.517571 -0.162617 0.000000 -0.000000 -0.000000 0.410820 0.073252 0.028681 -0.747604 -0.937250 -0.395557 1.353133 -1.061864 -1.362007 0.000002 -0.000000 0.000000 0.246992 -0.667209 0.093481 -1.533263 1.323830 0.668471 1.605899 0.113845 -0.919816 -0.000000 -0.000001 -0.000003 1.473430 0.235265 -1.707399 -3.107933 -0.018127 0.114953 0.182251 5.300467 2.512528 -0.000001 -0.000000 -0.000000 0.901402 0.106667 -0.809963 -0.001250 0.057533 -0.579616 -1.237187 -0.901075 -0.734769 -0.000000 -0.000001 -0.000001 
5.202333 105.620728 -2.031229 -1.285395 0.473216 0.571237 0.643445 -0.005500 -0.215358 -1.149445 0.090081 -0.085893 0.789915 -0.164768 -0.128858 3.156565 -0.392955 -0.042740 0.000001 -0.000000 0.000000 0.409486 -0.468684 0.251980 -0.789073 -0.871671 -0.525056 0.901040 -0.844551 -1.666983 0.000000 -0.000001 0.000003 0.023191 -1.249177 -0.167337 -2.063443 1.586374 0.839315 2.454142 -0.274516 -0.227060 -0.000001 -0.000001 -0.000002 1.249806 0.097789 -1.837848 -3.040500 -0.192211 0.099610 0.342445 5.413825 2.490626 -0.000001 0.000001 -0.000000 0.552673 0.228366 -0.886921 0.068437 0.227984 -0.522340 -0.895267 -1.508451 -0.816726 0.000000 0.000002 -0.000000 
5.080131 105.637833 -1.970005 -1.330099 0.508488 0.611227 1.040984 -0.018748 -0.177646 -1.423544 0.099456 -0.100345 0.858366 -0.166473 -0.147977 3.272518 -0.422688 -0.080233 0.000001 0.000000 0.000000 0.362346 -0.317080 0.352116 -0.889783 -0.965032 -0.388019 0.316798 -1.074374 -2.131407 -0.000000 -0.000004 -0.000001 0.096599 -0.659395 -0.182941 -2.240818 1.683210 0.849261 2.240034 -0.117144 -0.290012 -0.000001 -0.000001 -0.000002 1.193811 0.092086 -1.862423 -3.001293 -0.155103 0.168163 0.456237 5.187750 2.375596 -0.000001 0.000000 0.000000 0.599367 0.214341 -0.929775 0.160503 0.168076 -0.477897 -1.433193 -0.738778 -0.612566 -0.000001 0.000004 0.000000 
4.963259 105.649910 -1.911305 -1.070892 1.041861 0.706646 0.606657 -0.006257 -0.157072 -0.494462 0.110425 -0.145242 0.244276 -0.241796 -0.174375 2.883134 -0.683473 0.096204 0.000001 -0.000000 -0.000000 0.363294 -0.875947 0.063483 -1.341438 -1.211875 0.042630 0.076218 -0.907359 -2.462895 0.000000 -0.000002 0.000001 0.042797 -0.438815 -0.070626 -1.959167 1.345702 0.663032 1.622356 -0.252334 -0.042182 -0.000000 0.000003 -0.000002 0.532540 0.066727 -1.894152 -2.490085 -0.114067 0.301071 -0.054949 4.559853 2.332603 -0.000001 0.000000 0.000000 0.194666 0.213967 -0.929306 0.509886 0.078547 -0.405110 -1.878169 -0.916112 -0.777573 -0.000001 0.000002 -0.000001 
4.850372 105.660217 -1.851084 -1.385470 1.240028 0.787875 1.061512 -0.014438 -0.217598 -1.341797 0.121723 -0.154357 0.871944 -0.443366 -0.144071 2.501232 -0.605305 0.059266 0.000001 0.000000 0.000000 0.380403 -0.749757 0.145929 -1.132376 -1.281149 0.121489 -0.534187 -1.210430 -2.543205 0.000002 0.000002 0.000000 0.112979 -0.308190 -0.207388 -2.099122 1.680692 0.615001 1.481667 0.101042 0.154523 -0.000003 -0.000004 -0.000000 1.093400 0.108202 -1.855356 -2.903777 -0.028447 0.294757 0.085931 4.400249 2.243700 -0.000000 -0.000001 -0.000000 0.675614 0.176990 -0.914644 0.073367 -0.067391 -0.453826 -1.700231 -1.082692 -0.886887 -0.000000 0.000004 0.000000 
4.735999 105.674408 -1.796933 -1.776374 1.370155 0.834851 1.505368 -0.020877 -0.280927 -0.725438 0.158978 -0.187530 0.158151 -0.233183 -0.034319 2.657517 -0.616756 0.160370 0.000001 -0.000000 -0.000000 0.253482 -0.325750 0.260305 -0.847188 -1.009829 0.275427 -0.881761 -1.089398 -3.182894 -0.000001 -0.000000 0.000001 -0.051647 -0.954335 -0.088786 -2.228811 1.710770 0.380268 2.015734 -0.161082 0.470096 0.000003 -0.000001 -0.000002 1.349352 0.068587 -1.815676 -2.548566 -0.130224 0.319478 0.185453 4.264539 2.103982 -0.000000 0.000001 0.000000 0.829497 0.187651 -0.850913 0.325500 0.049720 -0.422668 -1.463953 -1.558971 -0.980211 0.000000 0.000000 0.000000 
4.628172 105.685234 -1.738105 -1.385801 1.253169 0.884362 1.249311 0.002434 -0.343359 -1.287307 0.243849 -0.287830 0.681795 -0.067407 0.150683 2.731033 -0.548277 0.055774 0.000001 -0.000000 -0.000000 0.254466 -0.318823 0.313895 -0.871924 -0.980062 0.244800 -0.838986 -1.038896 -3.251720 -0.000000 0.000002 0.000001 0.071626 -0.142723 0.105647 -2.111817 1.594905 0.289904 1.443824 -0.239660 0.038029 0.000001 -0.000002 -0.000000 1.216896 0.047488 -1.806876 -2.911149 -0.089156 0.265327 0.322296 4.314143 2.054074 -0.000001 0.000000 -0.000000 0.385133 0.231673 -0.894252 0.362803 0.061865 -0.397339 -1.481630 -1.625476 -0.971771 -0.000000 0.000004 0.000000 
4.523567 105.700142 -1.692424 -1.498205 1.378273 0.871198 0.763357 -0.002493 -0.315679 0.703204 0.174535 -0.179130 -0.664227 0.114806 0.040356 2.133831 -0.548579 0.320723 0.000001 -0.000000 0.000000 0.305198 -0.791606 0.094190 -0.885566 -1.117815 0.280082 -1.300679 -1.013803 -2.640429 0.000003 0.000002 0.000002 -0.119151 -1.200286 0.155559 -2.607239 2.121097 0.203709 1.578254 -0.225334 0.299001 -0.000001 -0.000004 -0.000002 1.228891 -0.033744 -1.656195 -2.975280 -0.160528 0.083223 0.127120 4.510306 2.206381 -0.000001 -0.000000 0.000000 0.469891 0.263847 -0.796012 0.056552 0.140996 -0.359941 -0.995844 -2.081720 -0.993632 -0.000001 0.000004 -0.000001 
4.420997 105.708687 -1.646467 -1.552047 1.347296 0.883489 0.778807 -0.016468 -0.305276 0.373067 0.197057 -0.196018 -0.426555 -0.232398 0.045190 1.858956 -0.222503 0.167679 0.000000 -0.000000 -0.000000 0.270052 -0.514772 0.209506 -0.600429 -0.937023 0.149881 -0.573330 -0.872198 -2.473649 -0.000001 -0.000002 0.000000 -0.053208 -0.726276 0.094389 -2.758486 2.311571 0.330178 2.393671 -0.349537 0.222851 -0.000003 -0.000000 -0.000000 1.209624 -0.089641 -1.559225 -2.641546 -0.261780 -0.067606 0.114143 4.692075 2.297368 -0.000001 -0.000000 -0.000000 0.655679 0.283983 -0.717143 -0.230971 0.184125 -0.399356 -0.710586 -2.254936 -0.971537 -0.000000 0.000007 0.000000 
4.321129 105.717651 -1.598446 -1.287021 1.046133 0.929212 0.574707 -0.003260 -0.330320 -0.324314 0.250701 -0.262352 0.031007 0.049809 0.095937 2.095780 -0.196545 0.169150 0.000000 0.000000 0.000000 0.265920 -0.296198 0.300433 -0.152434 -0.425611 0.065309 -0.263489 -0.555558 -2.604498 -0.000003 -0.000002 0.000001 -0.118150 -1.053419 -0.017481 -2.142895 1.726655 0.505186 2.560520 -0.689254 0.447003 -0.000002 0.000001 -0.000001 0.862041 -0.092281 -1.633284 -2.629569 -0.385919 -0.048538 0.294062 4.932946 2.329845 -0.000001 0.000000 0.000000 0.516181 0.290632 -0.780874 -0.393854 0.226546 -0.401956 -0.597439 -2.048539 -0.891854 -0.000000 0.000000 0.000000 
4.225708 105.730896 -1.558078 -1.471965 1.013120 0.998930 0.343325 0.007361 -0.367468 0.585308 0.185428 -0.154207 -0.665890 -0.411383 -0.040579 1.865051 0.278643 -0.143583 0.000001 0.000000 -0.000000 0.117908 0.528748 -0.036977 -0.376804 -0.644794 0.220777 0.577645 -0.454076 -2.141495 -0.000002 0.000002 0.000000 -0.125955 -1.082574 0.248047 -2.329630 1.855671 0.400260 2.613451 -0.709704 0.361986 0.000001 -0.000002 -0.000000 0.814162 -0.097670 -1.705911 -2.425025 -0.394815 -0.028135 -0.046607 5.076635 2.563836 -0.000001 -0.000001 -0.000000 0.522377 0.297336 -0.859895 -0.241945 0.239117 -0.293658 -0.758699 -2.149447 -0.903076 -0.000002 -0.000001 0.000000 
4.132985 105.742249 -1.513395 -1.534755 1.039139 1.047313 0.036128 0.046407 -0.391545 1.100867 0.149182 -0.133356 -0.933712 -0.188822 -0.049731 1.657818 0.128681 -0.134262 0.000001 0.000000 -0.000000 0.114311 -0.214970 -0.146014 -0.340186 -0.367028 0.063224 1.430730 -0.150027 -1.623731 -0.000002 -0.000003 0.000001 -0.270219 -1.265568 0.220165 -2.181349 1.485736 0.415159 2.612360 -0.866398 0.408819 0.000001 -0.000002 0.000001 0.859097 -0.075689 -1.718342 -2.595077 -0.390087 -0.000921 0.160852 5.092494 2.467319 -0.000001 0.000001 0.000000 0.517942 0.292296 -0.874843 -0.112169 0.254334 -0.246117 -0.712084 -2.295256 -1.009449 -0.000001 0.000001 -0.000000 
4.046581 105.751137 -1.474530 -1.545554 1.010331 1.018047 0.112002 0.022086 -0.219499 1.068082 0.219715 -0.262162 -0.944363 -0.016628 -0.014149 1.255160 0.000178 -0.204250 -0.000000 0.000000 -0.000000 0.162964 -0.469739 -0.123627 -0.448637 -0.340008 -0.047956 1.830804 -0.120812 -1.399956 -0.000002 0.000004 0.000002 -0.245034 -0.966577 0.269877 -2.463848 1.641349 0.379052 2.448997 -0.816599 0.057177 -0.000000 -0.000001 -0.000001 0.750102 -0.048338 -1.663145 -2.331350 -0.344424 -0.014285 -0.069816 4.925199 2.501189 0.000000 -0.000000 0.000000 0.686477 0.240260 -0.845114 -0.381952 0.088001 -0.272219 -0.556920 -2.229412 -1.075094 -0.000002 0.000002 0.000001 
3.961912 105.759506 -1.431769 -1.436997 0.830034 1.076498 0.060278 0.045223 -0.330129 1.289271 0.232982 -0.265549 -1.028702 0.018231 0.033099 1.290134 0.111916 -0.137936 0.000001 -0.000000 -0.000000 -0.031213 -0.362026 -0.082231 -0.032411 0.091839 -0.071697 2.334365 0.204095 -1.450216 -0.000001 0.000002 0.000001 -0.396246 -1.108624 0.172288 -2.390587 1.418033 0.435099 2.323573 -1.100857 0.284309 -0.000002 0.000001 -0.000001 0.983038 -0.087233 -1.667905 -2.619500 -0.310858 -0.140055 0.192957 5.109186 2.497880 -0.000000 -0.000002 -0.000000 0.718900 0.259998 -0.841546 -0.595802 0.193768 -0.333003 -0.264019 -2.328104 -0.910176 0.000000 -0.000003 0.000001 
3.884113 105.762413 -1.383805 -1.550020 0.763948 1.177161 -0.570624 0.065993 -0.335850 3.489437 0.179779 -0.183045 -2.485141 -0.649601 -0.178719 1.444575 0.550374 -0.398745 0.000001 -0.000000 0.000000 -0.168699 0.856217 -0.148096 0.138493 0.001635 0.159696 2.611280 0.063846 -1.499517 -0.000002 0.000002 -0.000000 -0.170073 0.181372 0.060738 -2.522852 1.646419 0.644394 2.493436 -0.944248 -0.159437 -0.000001 -0.000001 -0.000002 0.819462 -0.110490 -1.887796 -2.234291 -0.301425 0.019727 0.225829 5.274237 2.548746 0.000000 0.000001 -0.000000 0.893042 0.264280 -0.966476 -0.217688 0.201395 -0.243937 -0.538666 -2.204115 -0.863650 0.000001 -0.000001 -0.000001 
3.807382 105.761246 -1.337243 -1.307915 0.717582 1.148042 -0.999614 0.067214 -0.271093 2.727499 0.146481 -0.172192 -1.684479 -0.515839 -0.252707 1.514673 0.355721 -0.362257 0.000001 0.000000 -0.000000 -0.199629 0.690505 -0.038233 0.312327 0.270917 0.073294 2.384926 0.200282 -1.511989 -0.000000 0.000004 0.000000 -0.320819 -0.581290 -0.099371 -2.344582 1.342525 0.780208 2.454966 -0.983802 0.099062 -0.000003 -0.000004 -0.000001 0.961918 -0.048976 -1.824741 -2.577289 -0.204106 0.086639 0.222142 4.944615 2.371330 -0.000000 0.000001 -0.000000 1.159782 0.189374 -0.914297 -1.052383 0.036403 -0.370173 -0.213615 -2.055133 -0.802252 0.000000 0.000002 -0.000001 
3.731880 105.761986 -1.293397 -0.954116 0.629115 1.223920 -1.191232 0.117759 -0.382398 1.782030 0.134255 -0.151369 -0.929690 -0.152623 -0.271290 1.502678 0.171865 -0.180135 0.000001 -0.000000 -0.000000 -0.363397 0.511102 -0.013330 0.420612 0.529145 0.152087 2.925183 0.398211 -1.683980 -0.000000 0.000002 0.000002 -0.582054 -1.467469 -0.103836 -1.992598 0.867598 0.696011 2.423349 -1.073952 0.620276 -0.000000 0.000001 -0.000002 0.754496 -0.082300 -1.798317 -2.714994 -0.062071 -0.027293 0.421644 5.033185 2.348641 -0.000000 0.000001 -0.000000 0.704426 0.226832 -0.964347 -0.873134 0.074628 -0.400429 -0.227718 -2.123703 -0.785890 -0.000000 0.000001 -0.000000 
3.660213 105.763466 -1.256629 -0.789731 0.418382 1.279926 -1.296138 0.145836 -0.507820 1.875482 0.169989 -0.197163 -1.149624 -0.169556 -0.159526 1.522275 0.203769 -0.224177 0.000001 -0.000000 0.000000 -0.286313 0.730737 -0.068474 0.446636 0.404951 0.297305 2.828331 0.171010 -1.773428 -0.000000 -0.000002 0.000001 -0.383459 -0.632937 -0.005751 -1.700787 0.801407 0.679649 2.235589 -0.986808 0.263095 0.000001 -0.000001 -0.000002 0.357596 -0.096251 -1.891972 -2.246888 -0.234421 -0.040863 0.022116 5.290023 2.567773 -0.000000 0.000000 -0.000000 0.347535 0.286646 -0.996101 -0.680662 0.183197 -0.382435 -0.316928 -1.967438 -0.759053 -0.000001 0.000000 -0.000000 
3.595434 105.761749 -1.220319 -0.864925 0.290384 1.244554 -0.974656 0.139595 -0.481759 1.049748 0.248234 -0.317357 -0.515334 0.191436 -0.014305 1.653929 -0.011054 -0.085046 0.000001 0.000000 -0.000000 -0.304775 0.134795 -0.128699 0.332193 0.467936 0.346921 2.705080 0.347894 -1.866590 -0.000000 -0.000000 0.000000 -0.571208 -1.288525 0.015666 -1.711784 0.662981 0.572165 2.322360 -1.097544 0.462256 -0.000002 0.000001 -0.000002 0.568582 -0.094551 -1.810338 -2.293079 -0.135771 -0.109951 -0.012937 5.316018 2.624749 -0.000001 -0.000000 -0.000000 0.454936 0.257779 -0.977563 -0.552318 0.127466 -0.348523 -0.589489 -1.677624 -0.686609 0.000001 0.000002 -0.000000 
3.530033 105.753639 -1.178770 -0.905575 0.343359 1.169266 -1.185942 0.126835 -0.358751 2.307883 0.207935 -0.290863 -1.598015 -0.149657 -0.160672 1.706746 -0.008605 -0.165987 0.000001 -0.000000 0.000000 -0.399254 0.671912 -0.025915 0.479282 0.585674 0.415822 2.650976 0.306128 -2.228619 0.000000 -0.000002 0.000001 -0.695774 -1.990390 -0.173332 -1.908505 0.797892 0.507520 3.033647 -1.043209 1.002297 -0.000003 0.000001 -0.000001 0.512333 -0.092926 -1.702113 -2.116382 -0.134014 -0.107199 -0.080115 5.268632 2.632891 -0.000000 0.000000 -0.000000 0.593281 0.236453 -0.840347 -0.603306 0.143806 -0.338186 -0.602803 -1.846226 -0.766305 -0.000000 0.000000 0.000000 
3.472290 105.738380 -1.135502 -0.910540 0.006541 1.277623 -0.636104 0.133055 -0.446172 0.607680 0.203942 -0.306974 -0.337831 -0.049647 -0.191578 1.428162 -0.065151 -0.197480 0.000001 0.000000 0.000000 -0.431500 0.510264 0.051045 0.363576 0.669589 0.419602 2.453768 0.319389 -2.523873 -0.000004 -0.000004 0.000001 -0.594267 -0.945918 -0.527908 -1.506566 0.313629 0.783875 2.822255 -1.068231 0.922572 -0.000001 -0.000001 -0.000001 0.686086 -0.001956 -1.930871 -2.188814 -0.118521 0.039303 -0.059495 5.573433 2.801606 -0.000001 0.000000 -0.000001 0.966291 0.164618 -1.033757 -0.988141 0.030789 -0.368701 -0.308268 -1.524556 -0.676245 -0.000000 0.000004 -0.000001 
3.416923 105.723213 -1.089203 -1.038964 0.019997 1.233326 -1.057322 0.121747 -0.384656 2.067687 0.233707 -0.352416 -1.280274 -0.641203 -0.192354 1.597470 0.177878 -0.362343 0.000001 0.000000 -0.000000 -0.400482 0.925948 0.031663 0.155377 0.469191 0.443473 2.550888 0.323256 -2.510144 -0.000000 0.000000 0.000001 -0.389273 -0.078543 -0.464015 -1.901545 0.621274 0.762003 2.946939 -1.111449 0.657619 -0.000001 -0.000002 -0.000001 0.536252 0.005437 -1.968880 -1.889118 -0.223104 0.095762 -0.176596 5.702193 2.862458 -0.000000 0.000001 -0.000000 0.945057 0.172887 -0.997872 -0.761245 0.121530 -0.286434 -0.554545 -1.722134 -0.768530 0.000000 -0.000003 -0.000000 
3.363209 105.706757 -1.040761 -0.948321 -0.172793 1.152338 -1.250419 0.121749 -0.321366 2.030617 0.222328 -0.293405 -1.169825 -0.471945 -0.276706 1.608068 0.101054 -0.242835 0.000001 0.000000 0.000000 -0.523878 1.221192 -0.060148 0.179744 0.613799 0.661725 2.437035 0.572410 -2.942467 -0.000001 -0.000003 0.000002 -0.537246 -0.383835 -0.451385 -1.868747 0.475187 0.687077 2.991691 -1.420606 0.942690 -0.000003 0.000001 -0.000001 0.467299 -0.059485 -1.936361 -1.906500 -0.245865 0.155533 0.111437 5.881391 2.897779 -0.000001 0.000001 -0.000000 0.982393 0.166777 -0.922281 -0.732207 0.064585 -0.251453 -0.489511 -1.397251 -0.647266 0.000000 0.000000 -0.000000 
3.312569 105.690491 -0.995447 -1.192512 -0.027890 1.131018 -0.510125 0.090141 -0.303024 1.038721 0.175284 -0.227930 -0.700760 -0.268882 -0.359404 1.302768 -0.100364 -0.076216 0.000001 0.000000 -0.000000 -0.400306 0.884908 -0.221516 -0.009004 0.294659 0.659162 2.550169 0.469381 -2.515163 -0.000001 -0.000000 0.000000 -0.447723 -0.161309 -0.386034 -1.711468 0.524681 0.769775 2.809355 -1.342036 0.492467 -0.000003 -0.000000 -0.000000 0.627888 -0.064483 -1.841903 -1.549105 -0.281840 0.099067 -0.110341 5.669098 2.859705 -0.000000 0.000001 -0.000000 1.315294 0.141724 -0.845466 -0.868024 0.025123 -0.236749 -0.490524 -1.464210 -0.678331 -0.000000 0.000001 -0.000000 
3.269024 105.676750 -0.950625 -0.728665 -0.157893 1.176269 -1.834437 0.140716 -0.390117 2.804053 0.157333 -0.253641 -1.687012 -0.888736 -0.330771 1.501857 0.194639 -0.458559 0.000001 0.000000 0.000000 -0.342741 1.296142 -0.219541 0.086619 0.267787 0.537595 2.588545 0.348308 -2.054450 -0.000001 -0.000003 0.000003 -0.219775 0.622686 -0.529130 -2.327452 1.127130 0.962440 3.442157 -1.184576 0.302799 -0.000004 -0.000001 -0.000001 0.145250 -0.025296 -1.926115 -1.600480 -0.388318 0.115609 -0.235628 5.806244 2.917024 -0.000001 -0.000000 0.000000 0.810243 0.177859 -0.914133 -0.875922 0.111727 -0.205082 -0.442851 -1.620394 -0.754637 0.000001 0.000000 -0.000000 
3.230801 105.661415 -0.908920 -0.696284 -0.319471 1.181792 -1.238687 0.154965 -0.437201 0.958855 0.216247 -0.345126 -0.401652 -0.084225 -0.154608 1.313792 -0.191145 -0.163763 0.000001 0.000000 0.000000 -0.415197 0.597345 -0.335494 0.178264 0.494029 0.534738 2.602188 0.471583 -1.911865 -0.000004 0.000000 0.000001 -0.433191 0.041040 -0.465716 -1.668898 0.428882 0.760640 2.800871 -1.142035 0.559207 -0.000001 -0.000002 -0.000000 0.183954 -0.017572 -1.900500 -1.466816 -0.260229 0.033666 -0.189194 5.991261 2.973217 -0.000001 0.000000 -0.000000 0.834214 0.163058 -0.941309 -0.990482 0.060628 -0.243416 -0.278683 -1.485461 -0.657932 0.000002 0.000000 0.000000 
3.191768 105.649979 -0.866377 -0.417650 -0.052202 1.156796 -0.943179 0.131476 -0.403992 -0.774012 0.166778 -0.267928 0.979079 0.031433 -0.216465 1.236422 -0.298509 -0.087857 0.000001 0.000000 0.000000 -0.422968 0.605738 -0.156311 0.155355 0.525528 0.355880 2.780030 0.406660 -1.978928 -0.000001 -0.000002 0.000002 -0.411481 0.134923 -0.485235 -1.316279 0.106257 0.708038 2.271171 -1.000316 0.621467 0.000003 -0.000000 -0.000000 0.105733 -0.022044 -1.836989 -1.798198 -0.201366 0.105503 0.015697 5.829452 2.833384 -0.000001 -0.000001 -0.000000 0.695781 0.148685 -0.867815 -1.053637 0.014906 -0.292968 -0.327481 -1.477833 -0.642201 0.000000 0.000004 0.000000 
3.160913 105.638840 -0.823434 -0.980016 -0.062396 1.221775 -0.181620 0.110307 -0.468448 -0.761357 0.191937 -0.277084 0.568343 -0.234512 -0.223023 1.414642 -0.132727 -0.200800 0.000000 -0.000000 0.000000 -0.442440 0.842305 -0.122669 0.173009 0.614235 0.408195 2.334320 0.519243 -2.185096 -0.000001 0.000000 0.000001 -0.347958 0.684520 -0.438171 -1.153341 -0.067253 0.685217 2.146116 -1.201930 0.667038 -0.000001 -0.000001 -0.000002 0.745759 -0.010396 -1.953784 -1.819810 -0.205357 0.155279 0.022684 5.911429 2.924673 -0.000000 0.000000 -0.000000 1.160012 0.136698 -0.958266 -0.874090 0.008116 -0.306247 -0.457159 -1.479744 -0.672999 0.000000 -0.000001 -0.000001 
3.130585 105.625374 -0.779218 -0.656245 0.134519 1.061205 -0.759948 0.097070 -0.326798 -0.662337 0.165249 -0.215905 0.550208 -0.204622 -0.279246 1.682037 -0.241187 0.038857 0.000001 0.000000 0.000000 -0.342466 0.496746 -0.067758 0.099373 0.505461 0.360880 2.591684 0.492962 -2.340463 -0.000001 0.000002 0.000002 -0.367468 0.299987 -0.406179 -1.251276 0.067696 0.655556 2.111571 -1.206359 0.752520 0.000003 -0.000002 -0.000001 0.411832 -0.056787 -1.766246 -1.784901 -0.278180 0.141321 -0.236087 5.796043 2.940516 -0.000000 -0.000001 -0.000000 1.025725 0.136169 -0.731762 -1.040297 0.069774 -0.311674 -0.748309 -1.420804 -0.631324 -0.000000 0.000001 -0.000000 
3.109888 105.610039 -0.735044 -0.806157 0.281899 1.011174 -1.447805 0.112222 -0.286831 1.573105 0.080343 -0.132926 -0.815172 -0.208737 -0.341273 1.654416 -0.355560 0.055701 0.000001 -0.000000 0.000000 -0.301093 0.495680 0.226020 0.061867 0.374013 0.119933 3.008520 0.220509 -2.474695 -0.000001 0.000000 0.000002 -0.538615 -1.019946 -0.583138 -1.582707 0.464433 0.710159 2.696511 -0.914033 1.147830 0.000001 0.000001 -0.000003 0.776756 -0.012330 -1.717336 -2.234160 -0.202788 0.185089 0.003084 5.610869 2.769830 -0.000001 0.000000 -0.000000 1.324767 0.104806 -0.717820 -1.492718 -0.051183 -0.327002 -0.340938 -1.678266 -0.778829 0.000001 0.000000 -0.000000 
3.090025 105.599190 -0.695288 -0.431462 0.151500 0.999484 -2.170414 0.137402 -0.319165 3.313512 0.057744 -0.160312 -2.120713 -0.059637 -0.258810 1.988852 -0.550169 -0.005938 0.000001 0.000000 0.000000 -0.212301 0.485131 0.042709 0.112588 0.368944 0.288149 2.507565 0.038690 -2.425744 -0.000001 0.000002 0.000001 -0.552333 -1.577852 -0.468302 -1.963136 0.830218 0.588286 2.988846 -0.769165 1.153033 -0.000001 -0.000001 -0.000002 0.495200 0.039285 -1.728073 -2.131792 -0.280724 0.161671 0.032423 5.621317 2.755281 0.000000 0.000000 -0.000000 0.812461 0.119334 -0.735714 -1.099777 -0.036532 -0.343278 -0.663109 -1.351361 -0.837677 0.000000 0.000002 0.000001 
3.070991 105.586685 -0.654243 -0.584579 -0.009953 0.983515 -1.486224 0.131466 -0.386785 1.801826 0.080022 -0.148836 -1.105079 -0.184824 -0.254391 1.798083 -0.436626 0.099689 0.000001 -0.000000 0.000000 -0.308533 0.641397 0.040454 0.040019 0.259098 0.362692 2.007489 -0.022119 -2.486087 -0.000000 -0.000002 0.000001 -0.474377 -1.057819 -0.371343 -1.767451 0.642895 0.638408 2.564598 -0.754006 0.951844 -0.000001 -0.000002 -0.000001 0.806240 0.041254 -1.702985 -2.376008 -0.244190 0.143165 0.084537 5.820631 2.814893 -0.000001 0.000001 -0.000000 1.327808 0.103726 -0.772052 -1.568185 0.002295 -0.295897 -0.473659 -1.401196 -0.698544 0.000001 0.000000 0.000000 
3.052121 105.577713 -0.613658 -0.915494 0.018529 0.916384 -0.852289 0.105502 -0.390909 0.906060 0.072167 -0.104640 -0.437607 -0.291831 -0.246491 1.681627 -0.339048 0.140403 0.000002 -0.000000 0.000000 -0.331586 0.848194 -0.048958 -0.190173 0.085447 0.398124 1.808750 0.133326 -2.398593 -0.000003 0.000002 0.000000 -0.440925 -0.703852 -0.212296 -1.909898 0.708250 0.565201 2.367988 -0.984030 0.841666 -0.000000 0.000001 -0.000002 1.045225 -0.015884 -1.619392 -2.285113 -0.260837 0.104651 -0.146034 5.688360 2.865878 -0.000001 0.000001 -0.000000 1.463837 0.103535 -0.680469 -1.218585 0.091456 -0.322363 -0.556461 -1.544741 -0.704449 0.000000 0.000002 -0.000001 
3.040347 105.566589 -0.574403 -0.772463 -0.063906 0.917038 -1.193780 0.116786 -0.435545 1.486780 0.088090 -0.094261 -0.817558 0.008767 -0.207349 1.378154 -0.408932 0.289206 0.000001 0.000000 -0.000000 -0.200928 0.341240 -0.195430 -0.124131 -0.059694 0.474218 1.414563 -0.018531 -2.072669 0.000000 0.000002 0.000002 -0.383737 -0.849023 -0.139152 -2.015984 0.982947 0.545243 2.258242 -0.814550 0.609794 -0.000000 -0.000003 -0.000001 1.058625 -0.036280 -1.655563 -2.328355 -0.218753 0.110517 -0.305148 5.490941 2.880106 -0.000000 0.000001 -0.000000 1.508389 0.109146 -0.672554 -1.462741 0.005250 -0.364837 -0.584158 -1.360475 -0.639896 -0.000000 0.000004 0.000000 
