HIERARCHY
ROOT Hips
{
	OFFSET -11.592635 103.599617 -3.621297
	CHANNELS 6 Xposition Yposition Zposition Xrotation Yrotation Zrotation
	JOINT Chest
	{
		OFFSET 0.644089 13.410934 -2.426150
		CHANNELS 3 Xrotation Yrotation Zrotation
		JOINT Chest2
		{
			OFFSET 5.461357 20.039253 5.260102
			CHANNELS 3 Xrotation Yrotation Zrotation
			JOINT Chest3
			{
				OFFSET 2.790704 14.642044 0.801450
				CHANNELS 3 Xrotation Yrotation Zrotation
				JOINT Neck
				{
					OFFSET 1.217833 17.095108 2.211345
					CHANNELS 3 Xrotation Yrotation Zrotation
					JOINT Head
					{
						OFFSET -2.664945 9.863586 2.331379
						CHANNELS 3 Xrotation Yrotation Zrotation
						End Site
						{
							OFFSET -2.656634 9.882156 2.261190
						}
					}
				}
				JOINT LeftCollar
				{
					OFFSET 5.789746 12.579773 3.167423
					CHANNELS 3 Xrotation Yrotation Zrotation
					JOINT LeftUpArm
					{
						OFFSET 13.826621 2.412170 -10.559612
						CHANNELS 3 Xrotation Yrotation Zrotation
						JOINT LeftLowArm
						{
							OFFSET 33.690353 0.596252 -2.081512
							CHANNELS 3 Xrotation Yrotation Zrotation
							JOINT LeftHand
							{
								OFFSET 8.056931 -17.731979 22.838791
								CHANNELS 3 Xrotation Yrotation Zrotation
								End Site
								{
									OFFSET 1.760895 -3.875443 4.991537
								}
							}
						}
					}
				}
				JOINT RightCollar
				{
					OFFSET -2.239110 12.826813 5.680496
					CHANNELS 3 Xrotation Yrotation Zrotation
					JOINT RightUpArm
					{
						OFFSET -17.496368 -1.377396 -0.690094
						CHANNELS 3 Xrotation Yrotation Zrotation
						JOINT RightLowArm
						{
							OFFSET -30.958385 -6.558731 11.759940
							CHANNELS 3 Xrotation Yrotation Zrotation
							JOINT RightHand
							{
								OFFSET -5.920818 -14.961960 25.338478
								CHANNELS 3 Xrotation Yrotation Zrotation
								End Site
								{
									OFFSET -1.294060 -3.270111 5.537960
								}
							}
						}
					}
				}
			}
		}
	}
	JOINT LeftUpLeg
	{
		OFFSET 9.907351 -0.715462 -1.323501
		CHANNELS 3 Xrotation Yrotation Zrotation
		JOINT LeftLowLeg
		{
			OFFSET 31.039944 9.563705 34.482544
			CHANNELS 3 Xrotation Yrotation Zrotation
			JOINT LeftFoot
			{
				OFFSET 1.031660 -27.124695 35.549316
				CHANNELS 3 Xrotation Yrotation Zrotation
				JOINT LeftToe
				{
					OFFSET 10.545326 3.238701 20.925255
					CHANNELS 3 Xrotation Yrotation Zrotation
					End Site
					{
						OFFSET 11.317806 16.678932 12.380608
					}
				}
			}
		}
	}
	JOINT RightUpLeg
	{
		OFFSET -9.907363 0.715271 1.323536
		CHANNELS 3 Xrotation Yrotation Zrotation
		JOINT RightLowLeg
		{
			OFFSET 0.369535 -45.238747 14.047497
			CHANNELS 3 Xrotation Yrotation Zrotation
			JOINT RightFoot
			{
				OFFSET 9.511599 -39.551498 -18.595394
				CHANNELS 3 Xrotation Yrotation Zrotation
				JOINT RightToe
				{
					OFFSET -4.917179 -16.955690 15.744292
					CHANNELS 3 Xrotation Yrotation Zrotation
					End Site
					{
						OFFSET -11.092939 -3.101701 20.661129
					}
				}
			}
		}
	}
}
MOTION
Frames: 166
Frame Time: 0.033333
-0.348362 105.381508 -1.111717 18.554947 -9.745903 3.691855 -25.062059 -0.425470 16.750083 7.344776 1.579856 -3.375134 -2.582392 -7.434978 -11.518336 -4.989398 22.346031 -11.878807 -0.000002 0.000000 -0.000002 -1.648809 8.569576 -30.181827 0.336322 0.936089 -54.693126 -11.639051 34.447789 47.556473 0.000008 0.000001 0.000001 10.526636 -8.329096 14.468332 23.210402 18.395305 42.039145 -3.451333 -17.616472 -26.334650 -0.000002 -0.000001 0.000002 62.965410 -39.291756 -42.592141 -45.452655 26.474913 33.007569 -4.903177 -33.001985 26.287436 0.000002 0.000000 0.000001 -2.704635 1.042353 -3.613132 -23.502169 -3.763276 -14.961388 3.750286 35.075897 11.214666 0.000002 -0.000001 -0.000000 
-0.352309 105.382011 -1.114624 18.704143 -9.708399 3.699782 -24.890336 -0.442290 16.732860 7.165888 1.687273 -3.401134 -2.353056 -7.456082 -11.504489 -5.531993 22.465063 -11.720700 -0.000002 0.000000 -0.000002 -1.481882 8.731429 -30.246369 0.259817 0.221298 -54.730292 -11.546594 34.243529 47.971656 0.000005 0.000007 -0.000003 10.695485 -8.517954 14.572323 23.112573 18.980305 41.757263 -3.583184 -17.239073 -26.709779 -0.000001 0.000003 -0.000003 62.805338 -39.272457 -42.594467 -45.516961 26.368948 33.099015 -5.011784 -32.861416 26.157266 -0.000001 -0.000001 -0.000000 -2.402809 0.997402 -3.703302 -24.048152 -3.858793 -14.837000 3.974533 35.236171 11.155221 0.000001 0.000003 -0.000001 
-0.360758 105.373070 -1.116255 19.040693 -9.771590 3.716553 -25.006403 -0.440345 16.714629 7.192243 1.718541 -3.423588 -2.380384 -7.090725 -11.407306 -5.119626 22.337971 -11.704177 -0.000001 0.000002 -0.000001 -1.248180 7.893329 -30.163464 0.294969 0.080866 -54.942168 -11.544996 33.827963 48.255246 0.000005 -0.000001 0.000002 10.618244 -8.796347 14.280992 23.321985 19.064310 41.871399 -3.562416 -16.726660 -26.705937 -0.000002 0.000001 0.000001 62.759719 -39.198647 -42.577432 -45.468959 26.346944 33.073603 -4.859089 -32.848326 26.211978 -0.000001 -0.000000 -0.000001 -2.243064 1.008201 -3.666954 -24.134036 -3.887168 -14.888465 3.791847 35.346670 11.204771 0.000001 -0.000001 0.000002 
-0.369477 105.365799 -1.116207 19.028405 -9.907219 3.750663 -24.672761 -0.441777 16.641488 6.486404 1.871010 -3.266040 -1.976696 -7.231614 -11.490542 -5.210736 22.476973 -11.818597 -0.000002 -0.000000 0.000001 -1.346732 8.846820 -29.865917 0.343223 0.340219 -54.985652 -11.200239 34.444357 47.597693 0.000006 0.000004 -0.000000 10.587335 -8.523557 14.065378 23.220454 19.201830 41.831132 -3.328676 -16.811162 -26.451644 -0.000003 -0.000002 0.000003 63.065479 -39.252448 -42.586786 -45.811021 26.109737 33.092444 -4.264327 -32.650917 26.175443 0.000001 -0.000000 0.000000 -1.522016 0.909235 -3.776241 -25.038599 -4.081019 -14.808815 4.394173 35.571864 11.103210 0.000001 -0.000003 0.000001 
-0.380134 105.363853 -1.119895 19.019881 -9.899370 3.701137 -24.519495 -0.458338 16.666982 6.672016 1.821476 -3.293962 -2.030473 -7.229252 -11.504310 -5.632400 22.499847 -11.669110 -0.000002 0.000001 -0.000001 -1.300677 8.502231 -29.938519 0.387624 0.363599 -54.953636 -11.243539 34.232925 47.730223 0.000006 -0.000001 0.000003 10.653265 -8.476190 14.167573 23.096585 19.397413 41.634023 -3.341049 -16.708750 -26.465480 -0.000001 0.000000 0.000001 62.726586 -39.111176 -42.492792 -45.289331 26.462776 32.998754 -4.487839 -32.798131 26.226861 -0.000003 -0.000000 0.000000 -2.007335 1.026372 -3.601601 -24.341112 -3.875265 -14.916150 4.346873 35.317750 11.058646 0.000001 -0.000001 0.000001 
-0.393049 105.359390 -1.123131 19.424290 -9.803920 3.659506 -25.281102 -0.457708 16.833565 7.316038 1.553151 -3.298184 -2.416499 -7.380719 -11.637663 -6.048324 22.564759 -11.608183 -0.000001 0.000000 -0.000001 -1.311265 8.725955 -29.852933 0.346049 0.336877 -55.095711 -11.430040 34.340477 47.977045 0.000005 0.000003 0.000001 10.701551 -8.134975 14.087161 23.033394 19.551555 41.672494 -3.333856 -17.025544 -26.565971 0.000000 -0.000003 -0.000000 62.432860 -39.001780 -42.423391 -45.171490 26.451323 32.964197 -4.615927 -32.542686 25.980971 0.000002 0.000000 0.000001 -2.452836 1.100034 -3.525873 -24.463036 -3.888336 -14.803465 4.164453 35.033679 11.002194 0.000002 -0.000003 0.000003 
-0.408325 105.354904 -1.124257 19.302243 -9.780272 3.589250 -25.240430 -0.484521 16.898960 7.051523 1.677504 -3.321182 -2.162440 -7.204104 -11.596506 -5.863393 22.379193 -11.615197 -0.000001 0.000000 -0.000002 -1.380160 9.344062 -29.817153 0.156851 -0.158906 -55.040731 -11.190808 35.351956 47.787190 0.000006 -0.000000 0.000001 10.605901 -8.814305 14.282802 22.931525 19.655690 41.584138 -3.269650 -17.441822 -26.608336 0.000003 -0.000001 0.000001 62.533182 -38.913329 -42.394472 -45.369627 26.389254 32.990674 -4.630543 -32.801881 26.222568 -0.000001 -0.000001 -0.000002 -1.726466 1.021096 -3.605466 -25.368514 -4.144034 -14.722594 4.093635 35.337466 11.089145 -0.000000 -0.000003 0.000001 
-0.424804 105.352921 -1.125375 18.969940 -9.873001 3.559110 -24.846616 -0.474394 16.798661 6.337081 1.869789 -3.211697 -1.704915 -7.185685 -11.594341 -5.565142 22.320628 -11.741147 -0.000002 0.000002 0.000000 -1.433564 9.096976 -29.688087 0.321331 0.416596 -55.195165 -11.222328 34.975937 47.681117 0.000005 0.000000 0.000003 10.452103 -9.172686 14.284722 22.919502 19.464779 41.627332 -2.910739 -17.677860 -26.217999 -0.000004 0.000002 -0.000000 63.020680 -38.853920 -42.380023 -45.597636 26.079745 32.912192 -4.616342 -32.522885 26.012750 0.000002 -0.000002 0.000002 -1.226324 0.965104 -3.610171 -25.607202 -4.211649 -14.748219 4.578358 35.309605 10.897413 0.000002 -0.000003 0.000001 
-0.439417 105.350990 -1.126476 18.965016 -9.692277 3.564516 -24.818968 -0.449719 16.705941 6.471317 1.842367 -3.260201 -1.854299 -7.045574 -11.517055 -5.210900 22.155539 -11.734421 -0.000002 0.000000 0.000000 -1.453351 9.166675 -29.594431 0.275776 0.186585 -55.232991 -10.952238 35.402359 47.547344 0.000008 0.000001 -0.000001 10.441501 -8.848623 14.104337 23.141060 19.217610 41.782641 -3.067224 -17.447735 -26.474612 -0.000002 0.000000 0.000004 62.799778 -38.847579 -42.378312 -45.373654 26.257349 32.939520 -5.070036 -32.634818 25.922315 -0.000001 -0.000001 0.000001 -1.487100 0.996946 -3.581081 -24.817723 -3.943258 -14.935826 4.098257 35.281677 11.107431 0.000000 0.000001 0.000002 
-0.453179 105.351364 -1.126325 18.290704 -9.616057 3.554945 -24.271733 -0.444279 16.565917 6.145994 1.866228 -3.116342 -1.665529 -7.266663 -11.672401 -5.285819 22.223161 -11.784823 -0.000000 0.000000 0.000000 -1.525283 10.077971 -29.579271 0.395026 0.020380 -55.123510 -10.602468 35.495834 47.450636 0.000005 0.000000 0.000003 10.530790 -8.726259 14.210130 23.109445 19.436867 41.537372 -2.903835 -17.431162 -26.541406 -0.000001 -0.000004 -0.000001 63.258364 -38.926665 -42.400585 -45.214978 26.393097 32.875282 -5.398987 -32.669379 25.907293 -0.000001 -0.000004 0.000003 -1.550668 1.036979 -3.519736 -24.225604 -3.913482 -15.093311 4.356258 34.923037 10.845957 -0.000000 0.000001 0.000002 
-0.464253 105.358009 -1.127007 18.718535 -9.745094 3.671480 -24.923275 -0.435103 16.630326 6.465297 1.871105 -3.278786 -1.825925 -7.148037 -11.533182 -4.656038 22.195857 -11.945626 -0.000001 -0.000000 -0.000000 -1.515815 9.915411 -29.686734 0.449695 -0.041244 -55.107489 -10.584182 35.238346 47.683029 0.000004 0.000000 -0.000001 10.569897 -8.780990 14.249270 23.248236 19.232991 41.472243 -2.712631 -17.310187 -26.572267 -0.000002 0.000001 -0.000003 62.757643 -38.941996 -42.411168 -45.291637 26.379714 32.865754 -5.196947 -32.687984 25.956389 0.000004 -0.000003 -0.000000 -2.080142 1.059426 -3.555786 -23.913433 -3.889645 -15.110504 4.059998 35.089953 11.032516 0.000002 0.000001 0.000000 
-0.475814 105.367844 -1.138490 18.749269 -9.794266 3.628129 -24.864935 -0.425457 16.624365 6.416681 1.889746 -3.283888 -1.792013 -7.226231 -11.466837 -5.190993 22.212648 -11.781129 -0.000000 0.000001 -0.000001 -1.418886 8.720840 -29.690064 0.479385 0.726387 -55.273391 -11.116109 35.178124 47.755467 0.000006 0.000001 -0.000000 10.524115 -8.698113 14.279809 23.073112 19.029737 41.394245 -2.767335 -17.183400 -26.101711 -0.000004 0.000003 -0.000002 62.865389 -38.835974 -42.398768 -45.429566 26.118698 32.889451 -4.964756 -32.504197 25.905294 -0.000001 -0.000001 -0.000002 -2.006457 1.048796 -3.546599 -24.144917 -3.878194 -15.008492 3.915253 34.866558 10.977991 0.000001 0.000001 0.000002 
-0.485438 105.377930 -1.146122 18.487828 -9.513069 3.625625 -25.050970 -0.411893 16.547752 6.847379 1.741904 -3.319101 -1.994611 -7.470871 -11.514352 -5.252350 22.138960 -11.684417 -0.000002 0.000000 0.000000 -1.390356 9.599554 -29.645907 0.397592 0.183871 -55.099618 -11.006610 35.058579 47.665746 0.000001 -0.000002 -0.000002 10.615294 -8.690098 14.279495 23.085915 19.221505 41.088601 -2.735644 -16.706332 -26.053545 -0.000003 -0.000003 0.000004 62.941798 -38.942344 -42.425802 -45.123382 26.235844 32.951056 -5.473754 -32.465600 25.719130 0.000006 -0.000002 0.000002 -2.760226 1.150013 -3.532302 -22.831881 -3.586186 -15.067812 3.904942 34.291819 10.773650 0.000001 0.000001 0.000000 
-0.496739 105.385269 -1.152840 18.637585 -9.332046 3.565229 -25.370130 -0.398703 16.599013 7.445514 1.512675 -3.319157 -2.370523 -7.553182 -11.566746 -5.028048 22.245494 -11.722117 -0.000000 -0.000001 0.000001 -1.398704 9.029898 -29.648851 0.555555 0.987356 -55.006676 -11.330892 34.271628 47.483383 0.000007 0.000004 -0.000001 10.534312 -8.823772 14.359631 23.040740 18.676490 40.802584 -2.463763 -16.271577 -25.108865 -0.000003 0.000000 -0.000001 62.657942 -38.832030 -42.378185 -44.757154 26.415917 32.844057 -5.836477 -32.540486 25.685949 0.000006 -0.000002 0.000000 -3.448371 1.208459 -3.339003 -21.891586 -3.337283 -15.272445 3.525496 33.738314 10.755017 0.000003 -0.000003 0.000003 
-0.505306 105.399513 -1.169950 18.056011 -9.337109 3.735410 -24.153846 -0.340172 16.132628 6.592227 1.809151 -3.274997 -1.956688 -7.551814 -11.442900 -5.059435 22.025569 -11.698150 -0.000002 0.000000 0.000000 -1.438073 9.322582 -29.687110 0.908082 1.494938 -54.387359 -11.021484 33.588391 46.986463 0.000005 0.000002 -0.000001 10.520860 -9.087948 14.497114 23.134501 18.006151 40.092432 -2.002308 -15.585985 -24.462155 0.000003 -0.000001 -0.000001 63.171614 -39.025129 -42.495122 -44.516431 26.412548 32.623866 -5.903114 -32.528482 25.641428 0.000005 -0.000001 -0.000000 -3.899897 1.218907 -3.350742 -20.840647 -3.155814 -15.585419 3.473843 33.437205 10.609979 0.000001 0.000001 0.000002 
-0.520421 105.418518 -1.198276 17.740414 -9.100286 3.889746 -24.005593 -0.312124 15.928935 7.144889 1.799555 -3.582536 -2.425868 -7.364157 -11.170437 -4.916299 21.798429 -11.746336 -0.000001 0.000000 -0.000001 -1.553137 9.244634 -30.145590 1.402692 2.208029 -52.945304 -11.289309 33.037396 47.089899 0.000004 -0.000002 -0.000000 10.544150 -9.090520 14.887686 23.045166 17.068540 38.683944 -2.077310 -14.199279 -23.863259 -0.000001 0.000001 -0.000004 63.147107 -39.137373 -42.501928 -44.269168 26.480541 32.450686 -6.374196 -32.784167 25.713089 0.000000 -0.000000 -0.000001 -4.651668 1.280181 -3.382118 -19.327752 -3.001740 -15.864414 2.853218 32.536258 10.419556 -0.000001 0.000001 0.000001 
-0.534405 105.445755 -1.238274 17.239946 -9.254292 4.059646 -23.245659 -0.285265 15.704673 7.043167 1.901888 -3.759973 -2.449110 -7.172220 -10.962866 -4.693983 21.641490 -12.039991 -0.000000 -0.000001 -0.000001 -1.806277 9.312347 -30.213154 1.787674 3.365340 -51.655266 -11.630584 32.626806 47.044256 0.000003 0.000000 0.000000 10.507622 -8.535124 15.118342 22.758464 15.925722 37.459319 -1.754143 -13.829204 -23.076142 0.000002 0.000001 -0.000004 62.959482 -39.232002 -42.676234 -43.758980 26.813620 32.313249 -6.856949 -32.866939 25.562787 0.000001 -0.000003 0.000001 -5.146573 1.201271 -3.439154 -18.137299 -2.837362 -16.058994 2.031967 31.724019 10.293101 0.000001 0.000001 0.000002 
-0.562612 105.482246 -1.281449 16.460348 -9.230079 4.300628 -22.826752 -0.219416 15.433545 6.808022 2.079498 -3.883689 -2.193238 -7.223676 -10.915557 -4.072774 21.436410 -12.215978 -0.000002 0.000000 -0.000001 -2.086968 10.144279 -30.186062 2.536844 4.862281 -49.010589 -12.417964 34.475079 47.332798 0.000005 -0.000000 -0.000003 10.244466 -9.190316 15.355662 22.580862 14.182046 35.312867 -0.876680 -14.800229 -21.396367 0.000002 0.000001 -0.000002 63.371424 -39.493673 -42.725681 -43.688745 26.537259 32.455925 -7.107437 -32.613689 25.249411 0.000003 -0.000002 0.000000 -5.213122 1.261220 -3.668045 -16.671466 -2.279398 -16.196696 2.083644 29.382794 9.442947 0.000001 -0.000001 0.000003 
-0.594624 105.551964 -1.333378 15.538595 -9.459040 4.522240 -21.663147 -0.228935 15.313033 6.151669 2.414969 -3.984801 -1.927421 -7.288124 -11.009403 -4.420265 21.282144 -12.307741 -0.000001 0.000000 -0.000001 -2.518526 10.536573 -30.181872 2.913047 6.160690 -45.274985 -14.897228 36.619789 49.142275 0.000005 -0.000000 -0.000000 9.679553 -8.906445 15.046915 21.632748 12.320469 32.854497 -0.865659 -16.570215 -20.203647 -0.000001 -0.000001 0.000000 63.192965 -39.440278 -42.459789 -42.389056 26.978687 32.254168 -7.722484 -32.306658 24.799672 -0.000003 -0.000000 -0.000001 -5.220498 1.307590 -3.984385 -14.955007 -1.763448 -16.090420 2.134562 26.370619 8.431589 0.000001 -0.000001 0.000001 
-0.630568 105.639862 -1.390627 15.210001 -9.705463 4.867548 -21.055983 -0.203426 15.139929 6.785902 2.484859 -4.395424 -2.495953 -6.797483 -10.748229 -4.669216 21.172828 -12.161706 -0.000001 -0.000001 0.000001 -2.816717 10.616236 -30.110821 2.951275 6.681301 -41.985190 -17.307553 37.740104 50.775606 0.000006 -0.000001 -0.000002 9.341960 -8.680413 15.016357 20.259651 11.622246 30.514840 -1.487436 -18.065960 -19.677970 -0.000005 0.000002 -0.000002 62.627289 -39.530724 -42.222034 -41.754476 26.819909 32.360610 -7.957692 -31.584393 24.033199 0.000002 -0.000000 0.000000 -4.808758 1.285914 -4.669434 -14.891715 -1.265546 -15.451242 2.444083 23.451081 7.638782 0.000001 -0.000001 0.000001 
-0.685784 105.739883 -1.444480 15.130624 -9.847610 5.160357 -19.734845 -0.228949 14.844115 6.372129 2.912170 -4.756795 -2.534475 -6.552757 -10.486527 -4.890855 20.866462 -12.178905 -0.000002 0.000000 -0.000001 -2.891725 10.063660 -29.022690 2.969934 7.166166 -38.286902 -20.500861 37.471173 53.775572 0.000006 0.000005 -0.000003 8.604790 -8.170470 13.798320 18.700822 10.824709 27.917232 -2.531252 -20.588270 -20.278058 -0.000003 -0.000001 -0.000000 61.532163 -39.407603 -42.018036 -40.464206 27.320261 32.309288 -8.526200 -31.250721 23.367675 -0.000001 -0.000003 -0.000000 -4.872716 1.283726 -5.065633 -14.426908 -0.803518 -15.096130 2.724276 20.970281 6.906771 0.000002 0.000001 0.000002 
-0.765409 105.839584 -1.492697 15.195900 -10.003112 5.559071 -19.553262 -0.214918 14.690665 6.508734 3.133851 -5.133397 -2.819653 -6.479780 -10.312748 -4.967994 20.937272 -12.258742 -0.000003 0.000000 -0.000001 -3.133008 9.750337 -27.890213 2.314430 5.909661 -33.752725 -23.097951 33.535590 54.913300 0.000007 -0.000001 0.000001 7.778745 -7.657883 12.859334 16.511088 10.360822 24.760211 -5.344422 -21.756217 -21.203117 -0.000001 -0.000002 -0.000003 60.908144 -39.388584 -41.785772 -39.525154 27.439727 32.280444 -9.127516 -30.885467 22.681439 -0.000001 -0.000003 -0.000000 -4.431158 1.160103 -5.683954 -15.280308 -0.532954 -14.247244 3.421861 18.830843 6.407439 0.000001 -0.000001 -0.000001 
-0.855462 105.930389 -1.536555 15.249212 -10.148605 5.883513 -19.979126 -0.132896 14.448598 6.815405 3.182800 -5.360966 -3.030131 -6.567798 -10.171748 -4.925669 20.942760 -12.295916 -0.000002 0.000001 0.000000 -3.097351 9.608234 -26.793531 2.362687 5.546101 -30.415266 -25.068976 31.331553 56.666975 0.000006 0.000006 -0.000003 7.156414 -7.607539 11.857792 15.442694 9.713530 22.455393 -7.397809 -23.369369 -22.797968 -0.000004 0.000001 0.000001 60.501153 -39.374128 -41.646908 -38.939120 27.382087 32.280762 -9.425876 -30.315535 21.991136 0.000000 0.000000 -0.000001 -4.067466 1.153574 -5.998268 -15.679133 -0.199798 -13.981727 3.744861 18.020655 6.256389 0.000001 0.000001 -0.000000 
-0.965210 106.016510 -1.572140 15.098823 -9.832564 6.043631 -20.453384 -0.066955 14.501171 6.737193 3.241583 -5.493851 -3.020119 -7.080192 -10.306871 -4.557645 20.763978 -12.382448 -0.000001 0.000000 0.000000 -3.102280 9.804154 -25.199597 2.256751 4.805198 -26.580093 -27.570603 30.375142 59.263502 0.000005 0.000001 -0.000003 6.132782 -8.026616 10.255847 13.793315 9.996066 19.962894 -10.258397 -24.365035 -25.448004 -0.000001 -0.000005 0.000002 60.419280 -39.258042 -41.755781 -38.311556 27.298458 32.200575 -9.478557 -30.270582 21.707735 0.000000 -0.000000 0.000000 -3.128586 0.923895 -6.177917 -16.571133 0.022771 -13.871190 4.426395 17.627496 6.135893 0.000001 0.000001 0.000000 
-1.099534 106.102768 -1.603848 14.622914 -9.703324 6.113396 -19.266717 -0.061942 14.283665 4.089396 3.938413 -5.028880 -1.649363 -7.833016 -10.627078 -3.974591 20.821588 -12.636223 -0.000001 0.000000 0.000000 -3.188578 9.793737 -23.272946 2.078309 3.779902 -22.859137 -29.284153 28.993596 60.765919 0.000005 -0.000001 0.000001 4.916377 -8.310856 8.331656 12.692713 8.680754 17.639638 -13.125659 -23.665718 -27.802615 0.000003 -0.000003 0.000003 60.109032 -38.756573 -41.813458 -36.367434 27.907282 31.707920 -9.858756 -30.485972 21.523299 0.000002 -0.000002 0.000000 -1.429506 0.559836 -6.259816 -17.959448 0.157898 -13.780491 4.664670 17.817242 6.296990 0.000001 -0.000003 -0.000002 
-1.234640 106.189598 -1.627387 14.552270 -9.367446 6.086883 -19.617031 -0.028998 14.439317 4.279692 3.802932 -5.102940 -2.064779 -8.047510 -10.652725 -3.541080 20.718112 -12.584009 -0.000002 -0.000000 -0.000001 -3.510099 9.492289 -21.798105 1.595044 3.700643 -20.066988 -31.353399 29.600687 62.052590 0.000006 0.000004 0.000002 3.664815 -8.551325 6.999666 11.447380 7.436820 16.297473 -15.283373 -24.906886 -29.479564 -0.000001 0.000001 0.000003 59.193916 -38.171407 -41.706764 -34.293666 28.594997 31.077948 -9.702632 -30.513959 21.418409 0.000002 -0.000000 0.000000 -0.397356 0.302038 -6.264255 -19.343821 0.198628 -13.521462 5.034861 17.428081 6.302229 0.000001 -0.000003 -0.000000 
-1.398681 106.277054 -1.649333 13.833910 -8.985933 6.134215 -18.576257 0.035057 14.097432 2.319139 4.154977 -4.634413 -0.784440 -8.706324 -10.986352 -3.739067 20.681292 -12.741789 -0.000000 0.000000 0.000000 -4.096521 8.512935 -20.197669 0.967344 3.033979 -17.040632 -33.344536 30.263499 63.149224 0.000002 -0.000001 -0.000001 2.284667 -8.219946 5.749955 9.637407 6.794353 14.777456 -17.907204 -26.047760 -31.524065 0.000004 0.000001 0.000002 58.242929 -37.164961 -41.234436 -30.383786 29.913319 29.243527 -10.084755 -30.910854 21.450303 0.000000 0.000001 -0.000001 0.683780 0.105019 -6.296685 -19.275728 0.393943 -13.470467 3.933401 17.039543 6.540954 0.000002 -0.000003 0.000001 
-1.590238 106.339951 -1.665411 13.684683 -8.740912 6.186650 -18.069013 0.141831 13.846919 1.587727 4.198378 -4.610532 -0.575328 -8.721110 -10.862256 -3.115565 20.294449 -13.035548 -0.000001 0.000000 -0.000001 -5.097502 7.712504 -18.386709 -0.588960 3.164299 -13.919374 -35.638985 31.514247 62.941826 0.000005 0.000004 0.000002 0.475166 -8.340871 4.680134 7.131303 5.178448 13.488200 -20.302085 -27.382642 -32.385793 -0.000004 0.000002 0.000003 56.432259 -35.758124 -40.691272 -25.712619 31.172994 26.914137 -9.811535 -30.990324 21.351100 -0.000003 -0.000000 0.000000 1.030207 -0.103356 -6.249687 -18.742857 0.638354 -13.133229 2.920363 16.203275 6.631153 0.000001 -0.000001 0.000002 
-1.787136 106.407158 -1.679994 13.741311 -8.684866 6.234300 -18.198896 0.204539 13.768756 0.730718 4.314729 -4.427728 -0.136383 -8.791028 -10.948176 -2.704080 19.941832 -13.137756 -0.000001 0.000000 -0.000001 -5.280097 7.237801 -17.453900 -0.941067 2.540545 -11.874114 -36.609807 32.202593 63.657151 0.000005 -0.000002 -0.000000 -0.252794 -8.393305 3.792284 5.789596 5.196651 12.348831 -21.517807 -27.880422 -33.655378 0.000001 -0.000003 -0.000000 54.885290 -34.750309 -40.289834 -22.281984 31.955105 25.166737 -9.775656 -31.261660 21.407968 -0.000004 -0.000003 -0.000000 1.471431 -0.287698 -6.401910 -18.957199 0.574949 -12.579549 2.373671 15.746764 6.597359 0.000002 -0.000003 -0.000000 
-2.010393 106.481964 -1.680757 13.133349 -8.165510 6.070950 -18.883395 0.279713 13.831124 3.921538 3.237405 -4.906792 -2.530672 -8.737275 -10.805054 -1.828100 19.725047 -13.301516 -0.000002 -0.000001 0.000001 -6.168631 8.510633 -15.915459 -1.857313 0.912388 -10.196006 -38.206992 33.331316 63.580954 0.000004 0.000001 0.000001 -1.114731 -7.400811 2.819048 4.431244 4.696787 11.757495 -23.217551 -26.906239 -33.514201 0.000000 0.000000 0.000002 53.132475 -33.372533 -39.416417 -17.177547 32.979876 22.346846 -8.606143 -31.592968 21.885034 -0.000001 -0.000001 0.000001 1.820043 -0.346088 -6.251186 -18.221244 0.649066 -12.147574 2.388544 14.100638 6.151004 0.000001 -0.000001 0.000001 
-2.258223 106.545662 -1.687863 11.879490 -7.945736 6.004956 -18.493215 0.317925 13.719188 5.034910 2.831601 -5.173993 -3.453592 -8.321879 -10.584575 -0.836871 19.080519 -13.241862 -0.000000 -0.000001 -0.000000 -6.470353 8.175684 -14.759619 -2.693230 0.386236 -9.044501 -38.617808 32.983243 63.070452 0.000004 0.000000 -0.000002 -2.106694 -7.346869 1.727872 3.034785 4.630644 11.520931 -23.296252 -25.224597 -32.214338 0.000000 -0.000002 0.000001 51.302435 -31.899794 -38.824827 -11.628346 34.027094 19.267892 -7.043142 -32.099987 22.471186 0.000002 0.000001 0.000001 3.147278 -0.684353 -6.112829 -18.022675 0.579451 -12.020248 2.143682 13.751235 6.092972 0.000003 -0.000001 -0.000000 
-2.503278 106.593300 -1.698263 11.648384 -7.917005 5.940738 -17.411161 0.322443 13.466521 2.645870 3.508344 -4.945769 -2.087657 -8.932506 -10.650679 -0.093337 18.693550 -13.367286 -0.000001 0.000001 -0.000001 -6.819482 8.237765 -13.944974 -3.432577 0.439143 -8.118793 -39.038049 32.743756 62.909662 0.000005 0.000006 0.000003 -2.707992 -6.405455 0.867655 2.120308 3.676654 11.549461 -23.164850 -24.193015 -31.177683 -0.000001 -0.000001 0.000001 49.936988 -30.767171 -38.389194 -7.600720 34.596049 16.973659 -4.562533 -32.183312 22.924524 0.000001 0.000000 0.000001 3.711577 -0.882293 -5.883455 -17.997168 0.481230 -11.977003 1.331436 13.935792 6.283102 0.000001 0.000003 0.000001 
-2.772367 106.623833 -1.711505 11.388557 -7.317666 5.654275 -17.054943 0.375313 13.379187 1.225499 3.879206 -4.814232 -1.292959 -9.329924 -10.601121 0.434201 17.987593 -13.016788 -0.000002 0.000001 0.000000 -7.012627 8.103274 -13.223668 -4.141871 0.388960 -7.502468 -38.816532 31.940925 62.529788 0.000005 -0.000000 -0.000000 -3.301105 -6.115519 0.194540 0.978005 3.730322 11.706346 -22.473872 -22.920932 -29.988871 -0.000002 0.000003 0.000000 48.694850 -29.570252 -38.090876 -4.495747 35.097603 15.236745 -1.780141 -33.074467 24.114200 0.000001 -0.000000 -0.000001 3.741919 -1.064431 -5.427200 -17.402475 0.452143 -11.817374 0.510335 13.729220 6.254828 0.000001 0.000003 0.000002 
-3.061629 106.634842 -1.722480 12.099099 -6.262201 5.061402 -18.606354 0.424484 13.846977 3.663329 2.851935 -5.008243 -3.257342 -9.587630 -10.748481 0.418433 17.406334 -12.646044 0.000001 -0.000000 0.000001 -6.520027 6.631289 -12.969670 -4.213318 2.265193 -6.811417 -38.256829 30.293030 62.342087 0.000002 0.000003 0.000001 -3.307391 -4.948192 -0.509429 0.860491 2.842363 11.748548 -22.715517 -21.961389 -30.465960 -0.000003 0.000002 0.000001 46.583878 -28.305535 -37.540359 -0.938922 35.984090 13.299517 0.790171 -34.024492 25.387665 0.000006 0.000001 0.000001 2.922468 -0.989768 -4.637765 -17.326428 0.164995 -11.475350 0.245566 12.832250 5.798652 0.000001 -0.000001 0.000002 
-3.347573 106.636871 -1.737555 12.597514 -5.577118 4.627306 -19.617715 0.449471 14.148505 5.102638 2.177025 -4.967343 -4.197131 -9.300088 -10.915949 0.086927 16.629392 -12.161911 0.000001 0.000001 -0.000002 -6.153486 5.437660 -13.005726 -4.172573 2.465248 -6.723566 -38.165355 29.197088 62.408620 0.000004 0.000003 0.000001 -3.692130 -5.634327 -1.044906 0.923344 2.866051 11.758710 -22.687409 -21.228897 -30.328038 -0.000002 -0.000004 -0.000000 45.177798 -27.412560 -36.939343 1.476240 36.470642 11.932274 2.735832 -34.692269 26.389631 0.000000 -0.000001 -0.000002 2.466790 -0.812188 -4.101571 -17.354587 0.021613 -11.164193 0.074512 11.873783 5.436638 0.000001 0.000003 0.000000 
-3.647057 106.614761 -1.760095 12.385105 -5.046306 4.307429 -20.026492 0.506307 14.122961 5.271555 1.953190 -4.867459 -3.964106 -8.731949 -10.789913 0.398785 15.599925 -11.479845 0.000003 0.000000 -0.000002 -6.247354 4.714752 -12.808732 -4.802288 2.138345 -6.866308 -37.447240 28.322510 60.378217 0.000005 0.000001 0.000001 -4.567587 -7.177302 -1.335702 0.266371 3.260502 12.005402 -22.047743 -20.988666 -29.378631 0.000001 0.000000 -0.000000 44.847166 -26.685870 -36.660344 2.779376 36.782973 11.144084 3.027109 -35.179600 26.943276 0.000001 -0.000001 -0.000001 2.852921 -0.857141 -3.625692 -17.442418 -0.122767 -10.928819 0.514212 11.270610 5.274430 0.000001 -0.000001 -0.000000 
-3.961423 106.590187 -1.789652 12.150118 -4.615143 3.848825 -19.782198 0.488366 14.058954 4.999342 1.885498 -4.682017 -3.818112 -8.335185 -10.690902 0.525251 14.600772 -10.890291 0.000001 0.000000 0.000000 -6.226491 4.773561 -12.493259 -4.776134 1.994321 -7.347695 -36.618427 27.218671 59.260627 0.000006 0.000000 -0.000000 -4.952346 -8.150375 -1.479513 0.483007 3.265422 11.915546 -21.842306 -21.038946 -29.430739 -0.000002 0.000000 0.000003 44.782637 -25.878289 -36.209913 3.216558 36.694245 10.744938 3.919704 -35.331582 27.401968 0.000002 0.000002 -0.000003 3.238584 -0.728197 -3.065871 -17.923222 -0.432000 -10.668327 1.197302 10.756488 4.947771 0.000001 -0.000001 -0.000002 
-4.268721 106.556267 -1.814687 12.167973 -4.494860 3.591336 -19.578949 0.517474 13.929536 5.037393 1.869564 -4.713737 -3.756993 -8.143021 -10.362838 0.563200 14.056121 -10.599961 0.000001 0.000001 -0.000001 -6.611510 5.823652 -11.897794 -5.146449 1.504381 -7.987733 -35.802912 26.412772 57.718213 0.000006 0.000000 -0.000000 -4.886667 -7.725847 -1.393971 0.222244 3.453604 12.206963 -21.879437 -20.589826 -29.264717 0.000001 -0.000001 0.000001 44.346195 -25.205635 -35.830069 4.216464 36.435094 9.919900 3.888842 -35.079165 27.253293 0.000004 0.000000 0.000001 3.139220 -0.699908 -2.713951 -17.573472 -0.568548 -10.508125 1.044009 11.161565 5.040657 0.000001 0.000003 0.000000 
-4.583352 106.517960 -1.830540 11.632114 -4.295859 3.201306 -19.216922 0.535010 13.890659 5.683249 1.702909 -4.698052 -4.215620 -7.960982 -10.096302 0.152854 13.719619 -9.846595 -0.000001 0.000001 0.000000 -6.475771 5.716474 -11.701426 -5.429676 1.763777 -8.488868 -34.466999 24.758389 55.081579 0.000004 -0.000000 -0.000003 -5.005051 -7.927015 -1.412060 0.238874 2.746027 12.271442 -21.614499 -20.036430 -27.916810 -0.000002 -0.000001 0.000001 44.096097 -24.115002 -35.081484 7.570215 35.789501 7.921624 6.059964 -34.331925 27.256701 0.000000 0.000001 -0.000000 4.070374 -0.653744 -2.356853 -17.789083 -0.578724 -10.063777 0.680533 10.821314 5.022632 0.000002 -0.000003 0.000003 
-4.904181 106.468903 -1.850464 12.368456 -3.300302 2.846331 -19.341328 0.625311 13.593779 5.297055 1.718280 -4.363489 -4.000351 -8.405147 -10.097814 -0.092175 13.235604 -9.270302 -0.000000 0.000001 -0.000002 -6.345350 5.882227 -11.727672 -5.140800 1.508228 -9.082300 -33.654654 23.546439 54.019847 0.000005 0.000004 0.000002 -4.474834 -7.494921 -1.124463 0.364785 4.238610 12.419036 -21.927878 -20.179662 -28.475468 -0.000005 0.000002 0.000005 42.451624 -23.158064 -34.028778 10.398250 34.746835 6.085606 8.279602 -33.605910 27.314879 0.000001 -0.000001 -0.000001 3.020775 -0.417535 -2.208067 -16.912517 -0.593239 -9.198621 1.732180 9.374546 4.404989 0.000001 -0.000004 0.000001 
-5.219529 106.409943 -1.880826 12.302874 -2.802602 2.642982 -18.413266 0.620793 13.261652 4.937907 1.753108 -4.371759 -4.033423 -8.132704 -9.732444 -0.224083 12.501095 -8.904250 -0.000002 -0.000001 0.000001 -6.443660 5.766453 -11.756385 -5.369494 1.684993 -9.397961 -32.655934 22.752786 52.867775 0.000005 0.000003 0.000001 -4.332958 -7.072637 -0.897792 0.335332 3.894363 12.710577 -22.014029 -19.642593 -28.984540 -0.000001 0.000000 -0.000000 41.445390 -22.194580 -33.484767 12.611470 33.833294 4.586432 9.955891 -32.960157 27.052764 0.000000 -0.000000 -0.000001 3.007152 -0.489801 -2.042698 -16.530012 -0.810416 -8.651531 2.245510 8.897162 4.083481 0.000001 -0.000003 -0.000000 
-5.547025 106.368149 -1.907073 11.572664 -1.970763 2.504648 -17.236829 0.649238 12.684834 4.722329 1.723357 -4.300121 -4.136360 -7.866273 -9.332159 -0.543008 11.691166 -8.438054 -0.000002 -0.000001 -0.000000 -6.492630 5.578122 -11.642283 -5.599229 2.603250 -10.179159 -31.683315 21.798170 51.067941 0.000006 0.000002 -0.000000 -4.305835 -7.277449 -0.460145 0.602778 4.091814 13.449677 -22.686695 -19.457735 -29.716954 -0.000001 -0.000001 -0.000001 41.014063 -20.939016 -32.737909 16.052196 32.386182 2.315962 8.899959 -30.068344 24.008421 -0.000001 -0.000002 -0.000001 3.291766 -0.490649 -2.081605 -16.196187 -1.139610 -7.504745 2.721362 7.278745 3.384915 0.000001 0.000003 0.000003 
-5.891983 106.336380 -1.954934 12.165006 -0.846053 2.247941 -16.950989 0.762026 12.001395 5.116329 1.436660 -4.160486 -4.834719 -7.903254 -8.955098 -0.331923 10.925859 -7.773657 -0.000002 0.000001 -0.000001 -6.052377 5.305269 -12.053439 -5.468122 1.804465 -11.173796 -31.487739 21.120871 51.382734 0.000003 -0.000000 -0.000000 -3.469724 -6.655990 0.081199 1.039829 5.018652 14.008583 -24.060815 -20.322048 -32.340379 -0.000002 -0.000003 0.000000 39.502679 -19.388583 -31.638164 18.452451 30.036553 0.539287 4.047187 -23.813519 17.733896 0.000002 -0.000001 -0.000000 1.267042 -0.329865 -1.872866 -15.883497 -1.422300 -6.633298 3.574847 6.190143 2.747257 0.000001 -0.000003 -0.000000 
-6.230127 106.314346 -2.015471 12.484040 0.217778 1.941042 -16.474664 0.829166 11.465492 5.130006 1.127909 -3.828161 -5.209552 -7.843238 -8.812249 -0.364520 10.199983 -7.258242 -0.000001 -0.000001 0.000001 -5.913582 4.895673 -12.198848 -5.809889 1.550906 -11.907929 -31.432735 20.716227 50.577390 0.000004 -0.000000 -0.000003 -3.293732 -6.733767 0.423758 1.263335 4.806822 14.769468 -25.153700 -20.074857 -33.173775 0.000002 -0.000002 0.000001 38.656760 -18.120261 -30.743078 20.098897 28.279247 -0.544729 -0.401030 -17.680875 12.597357 -0.000004 -0.000000 -0.000001 0.018499 -0.199736 -1.681022 -16.591231 -1.625461 -6.110088 4.037312 6.006433 2.663675 0.000001 -0.000003 0.000001 
-6.587329 106.296524 -2.094484 12.005059 1.523931 1.491359 -14.883308 0.846563 10.802399 4.826753 0.891124 -3.322193 -5.554921 -8.097985 -8.632114 -0.862368 9.453984 -6.553669 -0.000001 0.000001 0.000000 -5.873314 4.070055 -12.542058 -6.395103 0.197104 -12.430329 -31.556860 21.226462 49.946359 0.000002 0.000003 -0.000000 -3.065511 -6.628109 1.237564 1.166670 3.882932 15.318446 -25.697907 -19.049082 -32.578787 -0.000002 -0.000003 -0.000000 37.421688 -16.111209 -29.163450 22.187489 25.389454 -1.964257 -6.294906 -10.612281 7.965174 0.000001 -0.000000 0.000001 -0.444274 -0.170565 -1.606752 -17.582365 -2.029211 -5.044872 4.543250 5.774908 2.678262 0.000001 -0.000001 -0.000001 
-6.960398 106.274994 -2.181586 11.838337 2.296983 0.930691 -12.840549 0.850983 9.900340 3.889914 0.765984 -2.600517 -5.413422 -7.989143 -8.272050 -1.642831 8.629667 -5.853228 -0.000002 0.000000 -0.000002 -5.476522 2.723319 -12.406605 -5.992821 -0.756929 -10.965693 -29.109652 22.572223 46.007898 0.000003 -0.000003 -0.000001 -2.603819 -5.996267 1.785572 1.062174 3.614775 14.968971 -24.608900 -18.171939 -30.510534 0.000003 0.000001 0.000002 34.263121 -13.978488 -26.777501 23.596601 21.790127 -2.925944 -13.069619 -4.128586 4.896324 0.000004 0.000001 -0.000003 -1.120992 0.081017 -1.359000 -18.264266 -2.018680 -3.728930 5.471849 3.640017 2.162876 0.000001 -0.000003 0.000001 
-7.326981 106.255264 -2.280829 12.013141 2.316944 0.448245 -11.763538 0.936839 9.133832 2.987533 0.560920 -1.881670 -4.828966 -7.861886 -8.028085 -2.380986 8.001462 -5.437859 -0.000001 0.000000 -0.000002 -5.367573 1.975888 -11.289099 -5.634415 -1.984199 -9.691162 -25.195156 24.283879 40.212896 0.000004 -0.000003 -0.000001 -2.632243 -5.707864 1.752864 0.568224 4.885800 14.626208 -22.365915 -19.188438 -28.588213 -0.000000 0.000004 0.000003 31.479802 -11.910092 -24.435299 22.837952 17.896778 -2.999335 -17.909869 1.040433 3.054708 0.000004 -0.000000 -0.000001 -1.658642 0.337198 -1.185006 -19.082290 -2.067112 -2.630510 6.857086 2.098282 1.894603 0.000001 0.000001 0.000003 
-7.695806 106.203987 -2.386891 13.258787 2.797264 0.093630 -10.530198 0.886992 7.883287 1.831038 0.493390 -1.084710 -4.390262 -7.456756 -7.448606 -3.761453 7.366574 -4.878616 -0.000000 0.000001 -0.000000 -3.943736 1.004750 -9.208616 -3.140123 -0.838936 -7.658268 -18.657235 18.485999 31.353638 0.000005 -0.000002 0.000001 -1.097112 -3.088339 1.061742 1.368838 4.825626 10.381070 -17.451518 -16.600362 -24.109731 -0.000001 0.000003 0.000004 26.319080 -10.178134 -21.193350 20.801572 13.176732 -3.163259 -21.709295 3.566985 2.664985 -0.000002 -0.000003 -0.000000 -3.608393 0.590203 -1.844904 -18.796853 -2.746042 -0.594004 8.039459 0.385522 1.500102 0.000000 0.000001 -0.000001 
-8.070917 106.118713 -2.499298 12.738733 2.717588 -0.381551 -9.061069 0.706722 7.138279 1.103821 0.498649 -0.715458 -3.374775 -6.009490 -6.461490 -3.461529 6.782590 -4.016737 0.000001 0.000001 -0.000002 -3.157007 3.249960 -7.249457 -0.502574 0.425207 -5.796569 -13.056429 10.733618 23.182070 0.000008 -0.000000 -0.000000 -0.620587 -4.253207 0.254169 2.758576 4.764491 7.216318 -13.574544 -9.340532 -19.054122 0.000001 -0.000002 -0.000001 21.563332 -8.298503 -18.150220 17.603640 8.950001 -2.560686 -22.996337 3.800830 2.617544 -0.000003 -0.000002 0.000000 -4.709687 0.483865 -2.231891 -16.485169 -2.723220 1.629263 7.148326 -0.685128 1.271091 0.000000 -0.000003 0.000001 
-8.416842 106.017334 -2.601046 12.007966 1.995439 -0.427508 -8.893252 0.772280 6.291196 1.316596 0.281907 -0.517295 -2.912943 -4.759159 -5.554360 -2.540318 6.267046 -3.509810 0.000001 0.000000 0.000000 -2.165341 2.968680 -6.159776 0.630046 1.001360 -4.780553 -9.125697 6.455823 17.274370 0.000006 0.000002 -0.000001 -0.335796 -4.161235 -0.282109 3.121183 4.493577 5.433999 -11.218472 -3.940910 -14.926214 -0.000001 -0.000004 0.000000 18.479739 -6.370546 -15.511571 14.251249 5.440771 -2.023476 -21.920159 3.763317 2.389912 -0.000001 0.000000 0.000001 -4.494710 0.323823 -2.285712 -14.412348 -2.532760 2.688515 5.933236 -0.783704 1.129882 -0.000000 -0.000003 -0.000000 
-8.747538 105.876953 -2.693752 10.812843 0.470404 -0.071323 -8.374960 0.873568 5.047728 1.440974 0.401128 -0.701747 -2.146330 -2.791271 -4.128271 -2.015914 5.725937 -2.824791 -0.000002 0.000001 0.000001 -1.512274 2.525964 -5.119578 0.740496 2.433493 -3.842610 -6.352242 3.953568 12.269736 0.000004 0.000001 0.000001 -0.374595 -4.014283 -0.517665 2.926866 3.427685 4.471899 -9.119199 -0.014451 -10.473571 -0.000005 -0.000002 0.000001 16.043708 -3.533706 -12.255107 9.689271 1.216933 -1.295611 -18.702658 4.400129 1.382994 0.000000 0.000001 -0.000003 -3.678889 0.223034 -2.526708 -12.140682 -1.931665 3.390508 4.137584 -0.610230 1.133719 -0.000000 0.000001 0.000005 
-9.062468 105.734528 -2.800251 8.891196 0.018022 -0.119784 -7.471368 0.770018 4.481031 1.183464 0.475598 -0.575806 -1.387402 -1.979919 -3.319543 -1.321257 5.271902 -2.272633 0.000001 -0.000000 -0.000001 -0.734056 2.557425 -4.101296 1.712789 2.673959 -3.299951 -4.495543 1.662819 10.301352 0.000002 -0.000000 -0.000000 0.055247 -4.199242 -0.572465 3.388511 3.120085 3.113035 -6.985542 2.632714 -8.032755 -0.000003 -0.000001 -0.000000 13.642200 -1.773190 -9.678658 5.526643 -1.153104 -0.675910 -14.764554 3.759220 1.000073 -0.000001 -0.000000 0.000003 -2.982654 0.089105 -2.983294 -10.539212 -1.902842 4.664803 4.127330 -0.649943 0.899084 -0.000000 0.000001 0.000001 
-9.340898 105.591530 -2.899870 7.142576 -0.657734 0.071917 -6.106787 0.593434 4.044320 1.589321 0.404412 -0.648589 -1.600417 -0.915300 -2.753892 -0.722609 4.799203 -2.128583 -0.000001 -0.000001 0.000003 -0.237254 2.017032 -3.629635 2.087884 3.429096 -2.475949 -3.462105 0.167330 8.792139 -0.000000 0.000006 -0.000000 0.167491 -4.213662 -0.520171 3.325829 3.108160 2.101849 -5.153775 4.002802 -5.977991 0.000003 -0.000001 0.000003 12.322930 -0.525790 -7.985441 2.604934 -2.236155 -0.201237 -11.671966 3.718460 0.328463 -0.000000 -0.000000 0.000000 -2.632855 0.000309 -3.383347 -8.620554 -1.646684 5.323378 3.591364 -0.365623 0.742615 0.000001 0.000003 0.000003 
-9.591391 105.433540 -2.981953 5.446325 -1.143168 0.255567 -4.771814 0.411535 3.501594 1.588739 0.182802 -0.479930 -1.624270 -0.489695 -2.393368 -0.268618 4.455162 -2.125898 -0.000002 0.000000 0.000002 -0.335911 2.856529 -2.686911 2.502571 2.190151 -1.933338 -2.039863 -0.328206 7.662023 0.000005 0.000003 -0.000001 0.542496 -3.072695 -0.579544 3.393398 2.903799 1.239604 -4.003945 5.260496 -5.026427 -0.000001 0.000001 0.000002 10.496346 -0.111763 -6.686481 -0.196841 -1.920704 0.348422 -8.504718 3.009983 0.004659 -0.000003 0.000001 0.000001 -1.301807 -0.217723 -3.494717 -6.875824 -1.531861 5.214816 3.109987 -0.600702 0.375743 -0.000000 0.000001 0.000003 
-9.811470 105.273201 -3.043821 4.378351 -1.068640 0.280182 -4.227569 0.393471 3.074491 2.193277 -0.227670 -0.370327 -2.186191 -0.079865 -1.929631 0.550587 3.760506 -1.927170 -0.000002 -0.000000 -0.000000 -0.185993 2.856912 -1.837605 2.452201 1.783430 -1.569636 -1.355742 -1.135015 6.117470 0.000002 0.000002 -0.000001 0.553651 -2.593044 -0.436927 3.153480 2.635818 0.764736 -2.822025 5.174717 -3.875040 -0.000001 -0.000002 -0.000000 8.273487 -0.149227 -5.409183 -1.588332 -1.277475 0.873317 -5.936294 2.448964 -0.284217 -0.000002 -0.000004 0.000002 -0.234052 -0.247082 -2.971543 -5.793537 -1.290184 4.159232 2.185727 -0.407641 0.174843 -0.000000 0.000001 -0.000001 
-10.008757 105.117393 -3.092994 3.174007 -0.749956 0.320781 -3.033352 0.187712 2.742356 1.743972 -0.150423 -0.232155 -2.095941 -0.921522 -1.863602 0.608576 3.835649 -1.843013 -0.000001 0.000000 0.000000 -0.200758 3.633769 -1.172346 2.733269 0.941641 -1.600944 -1.219387 -1.567126 5.858890 0.000003 0.000000 -0.000002 0.991729 -1.542219 -0.486442 3.412337 2.188744 0.510832 -2.932174 5.729629 -3.507125 -0.000001 -0.000001 0.000003 6.811098 -0.742313 -4.804800 -1.485913 -0.261217 1.257112 -4.345475 1.767898 -0.172979 -0.000001 -0.000002 -0.000003 0.147726 -0.052847 -2.494299 -4.551384 -0.734624 3.443763 1.372419 -0.533380 0.113315 0.000001 0.000001 -0.000002 
-10.188149 104.940201 -3.131503 2.224305 -0.050973 0.321645 -2.425880 0.107294 2.459458 0.132721 0.275020 -0.064949 -0.379570 -0.758127 -1.723004 0.885614 2.781809 -1.046884 -0.000002 0.000001 -0.000000 0.400900 2.044540 -1.014200 2.527234 1.447022 -1.277596 -1.471634 -2.326549 5.248135 0.000005 0.000001 -0.000002 0.460713 -2.824325 -0.489912 3.138401 1.810930 0.392636 -1.781590 5.513446 -1.817749 0.000003 0.000000 0.000001 4.811664 -1.785168 -4.305099 -0.788266 0.951511 1.390586 -2.753279 0.749083 0.140600 -0.000003 -0.000001 -0.000000 0.454621 0.216092 -1.298267 -3.349669 -0.210143 1.541978 0.502027 -0.851549 -0.020140 0.000001 -0.000001 0.000001 
-10.352170 104.768005 -3.165370 1.297770 0.247604 0.509259 -1.137455 -0.085268 1.916761 -1.538598 0.958886 -0.123710 1.262570 -0.910333 -1.255219 0.650343 2.331060 -0.625425 0.000001 0.000001 -0.000001 0.769015 1.006240 -0.950303 2.287816 1.499551 -1.305819 -1.864831 -2.829113 5.247530 0.000005 -0.000001 0.000001 0.462120 -2.402954 -0.656541 2.933444 1.438961 0.301430 -1.564123 5.007223 -1.493061 0.000002 -0.000002 0.000002 3.391637 -2.381691 -3.830912 -0.147513 1.548614 1.246505 -1.583732 -0.023458 0.563024 0.000001 -0.000002 0.000000 0.637070 0.417258 -0.329511 -1.804248 0.298036 -0.258768 -0.103641 -0.395648 0.045695 0.000001 0.000001 -0.000001 
-10.500382 104.613396 -3.204448 1.024486 0.407044 0.454370 -1.218869 -0.061953 1.832577 -1.883067 0.991731 0.014073 1.865525 -1.014071 -1.264495 1.128212 2.113047 -0.518738 -0.000001 0.000000 -0.000002 1.065783 0.368807 -1.067192 2.365810 1.877807 -1.270030 -2.050963 -3.244004 5.404828 0.000004 -0.000001 -0.000002 0.509180 -2.673123 -0.477792 3.067278 1.228483 0.133211 -1.693625 5.451175 -1.298917 -0.000001 -0.000002 -0.000000 2.314966 -2.660076 -3.352663 0.306213 1.544996 0.960240 -1.068276 -0.350254 0.644296 0.000002 0.000001 0.000001 0.503983 0.507980 0.092200 -1.235820 0.324799 -0.917854 0.154080 -0.314835 -0.035329 0.000001 -0.000001 -0.000001 
-10.642056 104.468185 -3.246945 0.867322 0.812945 0.327256 -1.030745 -0.084939 1.749745 -2.375434 1.179021 -0.008993 2.206317 -1.139641 -1.089264 0.878686 1.569866 -0.156793 -0.000001 0.000000 -0.000001 1.198048 0.169191 -0.757181 2.274824 1.665988 -1.414339 -1.585192 -3.142153 4.779467 0.000003 0.000000 -0.000001 0.398427 -2.670766 -0.583021 3.167780 0.462010 0.388240 -1.271480 5.346252 -0.952455 -0.000000 -0.000001 -0.000000 1.157490 -2.859258 -2.816268 1.536015 1.082692 0.235628 -1.328013 -0.198571 0.618257 -0.000002 -0.000003 -0.000000 0.224371 0.341044 -0.156444 -0.886588 0.081763 -0.314493 0.176289 -0.498655 -0.245887 0.000001 -0.000003 -0.000000 
-10.777616 104.333466 -3.281373 0.681342 0.346675 0.302568 -0.999069 -0.039707 1.314524 -1.824387 1.068899 -0.157263 1.821724 -0.185656 -0.586094 1.096087 1.035125 -0.015156 -0.000000 -0.000000 -0.000002 1.461538 -0.705892 -0.647050 2.111911 1.617170 -1.512689 -1.851594 -3.405352 4.895952 -0.000000 0.000000 -0.000000 0.410014 -2.416437 -0.484007 2.916063 0.812270 0.350094 -0.741205 4.202740 -1.018137 -0.000003 0.000001 0.000003 0.739688 -2.108101 -1.963864 2.050991 0.017312 -0.279386 -1.547667 0.341993 0.236398 0.000002 -0.000001 0.000001 0.564993 0.223194 -0.489256 -0.345776 0.120325 0.376663 -0.499293 -0.384492 -0.269484 0.000001 -0.000001 0.000001 
-10.901455 104.212029 -3.313996 0.845767 0.143167 0.331351 -1.245116 0.049197 1.022790 -2.075993 1.165880 -0.197359 2.199540 -0.130991 -0.316178 1.313726 0.936035 -0.005607 -0.000003 0.000000 0.000001 1.407012 -0.800987 -0.559124 1.924166 1.368310 -1.590533 -1.805372 -2.991947 4.715012 0.000006 0.000001 -0.000001 0.449908 -2.221537 -0.290685 2.725835 0.708227 0.206722 -0.583544 3.891786 -0.848424 -0.000000 0.000000 0.000003 0.270237 -1.702770 -1.337217 2.491198 -0.653368 -0.568420 -1.711464 0.768119 -0.054221 -0.000003 0.000003 0.000001 0.518608 0.148452 -0.715788 -0.040826 0.229107 0.792060 -0.812832 -0.585180 -0.285560 0.000001 0.000001 -0.000001 
-11.012245 104.100807 -3.343984 0.539505 0.391536 0.143387 -0.424471 -0.070399 1.032851 -1.896378 1.034120 -0.215303 1.915362 0.108510 -0.212531 0.831166 0.499787 0.231125 -0.000002 0.000000 0.000001 1.127059 -0.704077 -0.442358 1.519131 1.757000 -1.114851 -1.666792 -2.936361 3.505348 -0.000000 0.000000 -0.000001 0.298506 -1.616023 -0.369177 1.983382 1.102477 0.149720 -0.356076 2.397440 -0.716631 -0.000000 0.000001 0.000000 -0.078534 -2.104240 -1.438710 3.003198 -0.053049 -0.394391 -2.050821 0.216393 0.275113 -0.000003 -0.000001 -0.000002 0.792973 0.145899 -0.674674 -0.056256 0.421064 1.174750 -1.112940 -1.057061 -0.399800 0.000001 0.000001 -0.000000 
-11.122154 103.997681 -3.381423 0.681977 0.502321 -0.007815 -0.365989 -0.094658 0.855299 -2.191551 1.022720 -0.052457 2.193091 -0.148160 -0.232618 0.349972 0.223328 0.619934 -0.000002 0.000000 -0.000002 1.218533 -0.467363 0.017536 1.597898 1.715363 -1.108435 -1.710265 -2.911622 3.712905 0.000005 0.000002 -0.000000 0.238376 -1.648468 -0.574018 2.101134 0.874508 0.103307 -0.676580 2.433662 -0.910197 -0.000001 0.000001 0.000001 -0.413233 -2.151192 -1.196181 2.741589 0.395336 -0.199465 -1.846182 -0.191632 0.660013 -0.000001 0.000000 -0.000002 0.362275 0.291294 -0.203429 0.221556 0.461633 0.665367 -1.070242 -0.675086 -0.271510 0.000001 -0.000001 -0.000001 
-11.226062 103.906006 -3.415789 0.475067 0.606446 -0.079607 0.267869 -0.221513 0.791376 -1.857556 0.906401 -0.084461 1.643546 -0.044900 -0.143841 0.451456 0.166721 0.534317 0.000000 0.000000 0.000002 1.342470 -0.963706 -0.036723 1.360346 1.036933 -0.940581 -2.034147 -2.263556 4.227128 0.000003 0.000000 -0.000001 0.275139 -1.406606 -0.480990 1.424121 2.464899 -0.142881 -0.479403 0.694683 -1.357752 -0.000001 0.000001 0.000001 -0.483332 -2.269045 -1.320289 2.606969 0.937518 -0.034334 -1.780350 -0.563192 0.817498 -0.000002 -0.000000 0.000000 0.352439 0.296897 0.122319 0.134024 0.376660 0.240460 -0.673546 -0.664107 -0.249884 0.000000 -0.000003 0.000003 
-11.328808 103.823799 -3.464150 1.116790 1.101266 -0.208779 -0.056774 -0.117501 0.896315 -1.953103 0.956091 -0.189147 1.614022 -0.505635 -0.116377 0.426569 -0.170439 0.508604 0.000000 -0.000001 -0.000001 1.110030 -1.458515 -0.125139 0.675354 1.630809 -0.542055 -1.872545 -1.949097 3.133904 0.000005 0.000003 -0.000001 -0.189809 -1.615463 -0.475830 0.892542 1.123145 0.056274 -0.593075 1.110851 -0.693969 -0.000000 -0.000001 0.000000 -1.213796 -2.401564 -1.047658 2.456725 1.006551 -0.159967 -2.176873 -0.560456 0.985846 -0.000003 0.000001 -0.000001 -0.381803 0.221285 0.225601 -0.257875 0.074799 0.210009 -0.045667 -0.773961 -0.415494 0.000001 -0.000001 0.000002 
-11.418117 103.749016 -3.511149 0.408376 0.860870 -0.185383 0.682138 -0.234366 0.723716 -1.691444 0.825477 -0.156083 1.160561 -0.079903 -0.054168 0.480515 -0.298437 0.549364 -0.000002 0.000000 -0.000002 1.078866 -2.103151 -0.088024 0.167043 1.420179 -0.650554 -1.486057 -0.774298 2.480115 0.000000 0.000001 -0.000001 -0.356085 -1.519165 -0.267146 0.410396 0.564251 0.061172 -0.470894 0.472929 -0.275934 -0.000001 -0.000003 -0.000000 -0.793092 -2.129230 -1.106530 1.874644 1.485897 -0.043674 -1.637349 -0.751673 1.084598 -0.000004 0.000001 0.000001 0.473627 0.114869 0.167012 -0.019190 -0.009111 0.238840 -0.009501 -0.812428 -0.428035 0.000001 -0.000001 -0.000002 
-11.505948 103.674736 -3.563803 0.225886 0.729468 -0.247740 0.633424 -0.191244 0.612524 -2.079079 0.818770 0.000357 1.640257 -0.021415 -0.125434 0.703575 -0.463009 0.621188 -0.000001 -0.000001 0.000002 0.931950 -2.434952 0.056650 -0.121467 1.639831 -0.506958 -0.995067 -0.248775 1.316397 0.000003 0.000000 -0.000002 -0.761572 -2.125483 -0.130732 -0.084297 0.949026 0.203615 0.132888 -0.183130 0.454185 -0.000003 -0.000001 0.000001 -0.724396 -1.707041 -0.778893 1.311782 1.286193 -0.032076 -0.944911 -0.607818 0.739886 0.000004 0.000002 -0.000003 0.249240 0.127894 0.154155 0.239989 0.070781 0.512317 0.335916 -0.824940 -0.235451 -0.000000 -0.000001 -0.000002 
-11.581116 103.610298 -3.613310 -0.020367 0.045249 -0.025101 0.099096 -0.027556 0.050367 -0.092239 0.024176 0.012802 0.040939 0.047296 -0.017112 0.132956 -0.006433 0.012237 -0.000002 0.000000 -0.000002 0.068890 -0.162159 0.009663 -0.016376 0.157256 -0.039526 -0.070510 -0.030450 0.076944 0.000003 0.000000 0.000003 -0.067550 -0.205682 0.021595 -0.013141 0.023122 -0.034296 0.034794 0.068058 0.110703 -0.000003 -0.000001 0.000001 -0.022724 -0.168708 -0.111161 0.145136 0.127596 0.012802 -0.099159 -0.054822 0.065253 0.000004 0.000000 0.000001 0.061968 0.015869 0.050919 0.001535 0.008320 -0.036093 -0.017023 0.078947 0.026165 0.000001 -0.000001 0.000002 
-11.651794 103.544724 -3.662299 0.104901 -0.232206 0.129146 -0.508464 0.142868 -0.257901 0.473603 -0.124470 -0.065124 -0.209994 -0.243041 0.087323 -0.682694 0.033456 -0.062592 -0.000000 0.000002 0.000000 -0.353330 0.832884 -0.046582 0.085798 -0.807271 0.203700 0.362655 0.154856 -0.395693 -0.000000 0.000000 -0.000001 0.348147 1.055752 -0.114758 0.067701 -0.118516 0.176220 -0.180729 -0.348401 -0.569108 -0.000003 -0.000003 0.000002 0.111534 0.866943 0.569774 -0.745741 -0.654659 -0.070811 0.510177 0.279739 -0.336590 -0.000002 -0.000002 -0.000001 -0.318428 -0.080609 -0.261729 -0.007771 -0.042743 0.185313 0.086848 -0.405502 -0.133999 0.000001 -0.000004 0.000000 
-11.713491 103.489449 -3.709895 -0.196107 -0.587629 0.169667 -0.153996 0.084445 -0.369006 1.717395 -0.544883 -0.130991 -1.189935 1.169136 0.281569 -0.370278 -0.181787 -0.024688 -0.000000 -0.000001 -0.000001 -0.476461 0.455970 -0.508936 -0.108075 -1.298115 0.424241 0.428175 0.452257 -0.545335 -0.000000 0.000002 -0.000001 0.042082 0.150896 0.146582 -0.455030 0.595663 -0.097149 0.338645 -0.953601 -0.394675 -0.000001 0.000001 0.000000 0.393867 1.280977 0.617618 -1.241752 -0.245572 0.161818 0.610272 0.218441 -0.411869 0.000001 0.000001 -0.000001 -0.216081 -0.156732 -0.369422 0.186917 0.009180 0.355127 0.055287 -0.397923 -0.122053 -0.000000 -0.000003 0.000001 
-11.778878 103.433464 -3.754776 -0.359089 -0.551240 0.253427 -0.478492 0.203672 -0.463573 1.406172 -0.486495 -0.126519 -0.703171 0.598596 0.201468 -0.704541 -0.193377 -0.176959 -0.000002 -0.000000 -0.000001 -0.701083 0.165861 -0.438166 -0.618917 -1.077436 0.484393 1.231301 1.774269 -1.849131 0.000004 0.000000 -0.000000 -0.102241 0.756860 0.216136 -0.751926 -0.111250 0.227058 0.850828 -1.296369 0.534565 -0.000005 -0.000002 -0.000000 0.362191 1.365175 0.713246 -1.764835 0.099602 0.480671 1.044752 0.270133 -0.456184 -0.000003 0.000002 0.000000 -0.194336 -0.238466 -0.731063 0.600222 0.180450 0.917891 -0.100366 -0.747097 -0.321979 0.000001 0.000003 -0.000001 
-11.835412 103.376259 -3.782524 -0.588617 -0.954191 0.381147 -0.652892 0.294558 -0.687124 1.243008 -0.507332 -0.067513 -0.446944 0.400376 0.129310 -0.510767 -0.045342 -0.432682 -0.000002 0.000000 0.000000 -1.186081 0.655257 -0.292443 -0.979109 -0.915883 0.527882 2.010579 2.632700 -3.315163 0.000004 0.000001 0.000001 -0.303130 0.920457 0.342594 -0.976210 -0.637893 0.497043 1.313966 -1.308822 1.580125 -0.000002 -0.000001 -0.000000 0.707278 2.183232 1.136264 -2.293773 -0.274824 0.524139 1.372785 0.734790 -0.981992 0.000006 0.000000 0.000001 -0.117990 -0.246772 -0.851878 1.251184 0.457836 0.946525 -0.318322 -0.285165 -0.113298 -0.000001 -0.000001 -0.000000 
-11.889471 103.327469 -3.813377 -1.095771 -0.950574 0.434578 -0.624785 0.314805 -0.849774 1.477710 -0.625188 -0.026912 -0.661212 0.358197 0.187592 -0.560816 -0.016850 -0.466163 -0.000000 0.000000 0.000000 -1.360322 0.799913 -0.172688 -1.062919 -0.822822 0.691289 2.824270 3.352166 -4.388697 0.000004 -0.000002 -0.000001 -0.228070 1.251386 0.501369 -1.036493 -0.723329 0.561333 1.581086 -1.593841 1.781461 -0.000005 -0.000002 -0.000000 0.985808 2.516304 1.183991 -2.055676 -0.249890 0.359522 1.464677 0.635822 -0.925483 0.000007 0.000001 -0.000004 0.304875 -0.315592 -0.930230 1.204225 0.377401 0.901268 -0.328932 0.480577 0.161374 0.000001 -0.000001 0.000002 
-11.934223 103.291931 -3.845576 -0.754814 -0.909024 0.593745 -0.647778 0.347580 -0.941431 1.029151 -0.430083 -0.037826 -0.437712 0.028146 0.177006 -1.048266 0.126753 -0.481364 -0.000002 0.000000 -0.000001 -1.637850 1.383322 -0.346873 -0.953474 -1.757462 0.924819 3.378758 3.918960 -4.863644 0.000007 0.000001 0.000002 -0.089519 1.750136 0.404231 -1.152240 -0.109209 0.631833 1.303182 -1.971819 1.234970 -0.000000 0.000002 0.000001 0.907319 2.932622 1.570478 -2.103582 -0.825617 0.317348 1.478887 0.880228 -1.152689 0.000004 0.000000 0.000001 -0.143595 -0.313832 -1.105917 0.912163 0.443629 0.939696 -0.149715 0.372661 0.218421 0.000000 -0.000001 -0.000000 
-11.976627 103.256050 -3.880862 -1.019312 -0.977856 0.623301 -0.780040 0.383632 -0.915512 1.607459 -0.679586 -0.006392 -0.913734 0.151690 0.135681 -0.867915 0.178005 -0.601918 -0.000000 -0.000000 -0.000000 -1.586864 1.047474 -0.590641 -0.906818 -1.518310 1.315327 4.055264 4.574622 -5.500220 0.000005 0.000004 -0.000000 0.214052 2.534035 0.632234 -1.213311 -0.573245 0.300730 1.268589 -1.979515 1.254631 -0.000002 -0.000002 -0.000000 0.981814 2.975633 1.512821 -2.217376 -0.329154 0.444334 1.640430 0.521316 -0.935557 0.000005 -0.000000 -0.000001 0.154028 -0.377458 -1.075310 0.929506 0.387605 0.747684 -0.053248 0.197614 0.101851 0.000001 -0.000003 0.000001 
-12.018827 103.227722 -3.921397 -0.729926 -0.847979 0.626046 -1.158842 0.450712 -0.857348 1.666709 -0.761118 0.072885 -0.804888 0.268410 0.058328 -1.213072 0.128462 -0.508356 0.000001 -0.000000 -0.000002 -1.521143 0.881385 -0.746619 -0.829263 -1.356897 1.551630 4.122961 4.374645 -5.600595 0.000003 0.000000 -0.000001 0.178680 2.245721 0.654906 -1.162790 -0.696218 0.203200 1.185040 -1.626491 1.232171 -0.000001 -0.000003 -0.000000 0.711098 3.180861 1.814568 -2.224585 -0.466536 0.229800 1.270766 0.644496 -0.711637 0.000003 -0.000001 -0.000002 -0.124521 -0.422431 -1.096095 0.806185 0.182962 0.763809 -0.091090 0.273508 -0.007077 -0.000001 -0.000003 0.000001 
-12.054511 103.197952 -3.950200 -0.693022 -0.512048 0.669767 -1.251177 0.456049 -0.737063 1.839251 -0.748375 -0.025824 -0.839930 -0.087251 -0.004824 -1.478896 0.169364 -0.470988 -0.000000 -0.000001 -0.000000 -1.556338 1.059677 -0.686839 -0.803861 -1.645732 1.402205 3.800632 4.021407 -5.108970 -0.000000 -0.000000 -0.000000 0.427964 3.053643 0.509316 -1.196022 -0.386290 0.181094 1.045463 -2.252141 0.566608 -0.000001 -0.000003 -0.000001 0.331000 3.018745 1.904361 -1.684848 -0.312847 -0.000107 0.863012 0.467345 -0.562386 0.000002 -0.000000 -0.000001 -0.139881 -0.491738 -1.074476 0.958436 0.113330 0.551273 -0.089815 0.553623 0.151953 0.000001 -0.000001 0.000002 
-12.086461 103.173210 -3.977353 -0.929570 -0.453794 0.798881 -0.959780 0.407724 -0.875054 1.778119 -0.745848 0.016470 -0.893935 0.212262 -0.014010 -1.523276 -0.134340 -0.251899 -0.000002 -0.000000 -0.000002 -1.319578 0.400009 -0.699431 -1.011574 -1.105963 1.206173 3.306846 3.710522 -4.782531 0.000000 0.000001 0.000001 0.029657 2.029927 0.485173 -1.324399 -0.162554 0.361704 1.348217 -2.045463 1.173298 -0.000000 -0.000002 -0.000001 0.489370 3.138391 1.911737 -1.899539 -0.373290 0.141041 0.958523 0.548105 -0.648041 0.000006 -0.000001 0.000001 -0.103312 -0.490121 -1.080318 1.090428 0.261378 0.272548 -0.244538 0.688422 0.255336 0.000001 0.000001 -0.000001 
-12.115397 103.150131 -3.998555 -1.357207 -0.276809 0.772865 -0.626698 0.310898 -0.728500 0.962206 -0.551362 0.089953 -0.359954 0.471125 -0.118279 0.049581 -0.307799 -0.303055 -0.000000 0.000001 -0.000000 -1.084141 -0.200576 -0.866516 -0.958161 -1.584575 1.147199 3.147965 3.758328 -4.304143 0.000003 0.000002 -0.000001 -0.341892 0.886951 0.536937 -1.444033 0.679357 0.567597 1.916287 -2.540706 1.497367 -0.000003 -0.000003 -0.000002 0.509806 2.611751 1.482710 -1.621039 0.494821 0.268277 1.119776 -0.089952 -0.286092 -0.000001 -0.000000 0.000000 0.231959 -0.508566 -1.034323 1.404665 0.231039 0.197580 -1.075302 1.095841 0.342823 0.000001 -0.000003 -0.000004 
-12.140957 103.125229 -4.023794 -1.581270 -0.389089 0.882568 -0.389574 0.259338 -0.813049 1.259173 -0.611425 0.045538 -0.658387 0.279186 -0.089970 -0.364101 -0.089929 -0.377095 -0.000001 -0.000001 0.000001 -1.086111 0.044432 -0.934892 -0.813648 -1.794958 1.116450 2.821143 3.430474 -3.704406 0.000001 0.000000 -0.000000 -0.269282 0.859619 0.537198 -1.332050 0.701464 0.613423 1.582965 -1.939512 1.376119 -0.000001 0.000000 -0.000000 0.688963 2.751985 1.468909 -1.599259 0.645030 0.287964 1.161534 -0.233920 -0.217816 -0.000000 -0.000000 0.000000 0.167534 -0.531206 -1.167686 1.923282 0.338114 0.300355 -1.432022 1.404563 0.432509 0.000001 0.000001 0.000001 
-12.164785 103.096275 -4.050883 -1.975256 -0.377507 0.942329 -0.129307 0.203924 -0.757179 1.268287 -0.530562 -0.026626 -0.709838 0.185715 -0.030339 -0.500132 0.118759 -0.445163 -0.000000 -0.000001 0.000001 -0.967289 -0.184293 -0.983837 -0.757458 -1.994109 0.946527 2.799323 3.679312 -3.369485 0.000003 0.000001 -0.000002 -0.183358 0.867672 0.638123 -1.229860 0.485898 0.449130 1.621069 -1.691743 1.466441 -0.000000 -0.000002 -0.000000 0.944459 2.704397 1.256683 -1.860559 0.992550 0.541998 1.517327 -0.215866 -0.290347 0.000002 0.000000 -0.000002 0.525415 -0.590825 -1.293549 1.932689 0.354341 0.457372 -0.870410 1.238332 0.444611 0.000001 0.000003 -0.000001 
-12.185376 103.067085 -4.074652 -1.740604 -0.447703 0.958742 -0.394128 0.275912 -0.741744 1.502411 -0.636076 -0.008478 -0.818551 0.033024 -0.077890 -0.596606 0.214333 -0.494671 -0.000001 -0.000001 -0.000000 -1.156262 0.103054 -0.994956 -0.855801 -1.773587 1.127649 2.874436 3.582912 -3.757003 0.000003 -0.000001 0.000001 -0.101321 1.397372 0.641709 -1.358862 0.439335 0.434350 1.534438 -1.616428 1.508755 -0.000001 -0.000002 -0.000000 0.835468 2.797778 1.387165 -2.267124 1.014153 0.715585 1.845522 -0.201961 -0.434908 -0.000000 -0.000001 -0.000002 0.331237 -0.613046 -1.344995 1.591169 0.298656 0.481705 -0.687024 1.145051 0.413351 -0.000000 0.000003 0.000000 
-12.206085 103.031982 -4.102435 -1.954672 -0.666597 1.043193 -0.731656 0.351934 -0.840195 1.286372 -0.445390 -0.094487 -0.525521 -0.644408 -0.027365 -0.591128 0.650295 -0.678979 -0.000002 0.000000 0.000000 -1.330077 0.659406 -0.804278 -0.758581 -1.856671 0.998253 2.946194 3.893979 -3.795849 0.000005 0.000001 0.000001 0.340857 2.403729 0.735938 -1.033358 -0.030889 0.412176 1.230195 -1.422514 1.263903 -0.000004 0.000000 0.000003 1.183959 3.229979 1.507176 -2.711641 0.733851 0.837878 2.063852 0.121973 -0.504619 0.000002 -0.000001 -0.000000 0.563353 -0.611409 -1.499133 1.535046 0.346522 0.626709 -0.612939 0.448694 0.130724 0.000002 -0.000003 0.000001 
-12.227377 102.992973 -4.126908 -2.014839 -0.722662 1.106801 -0.844377 0.387944 -0.881907 1.823824 -0.535559 -0.224575 -0.993728 -0.633202 0.096469 -0.926290 0.657586 -0.704696 0.000001 -0.000001 -0.000000 -1.490625 0.875666 -0.812248 -0.821149 -2.058654 1.085800 3.273966 4.350174 -4.219437 0.000001 -0.000000 -0.000000 0.383082 2.536149 0.852713 -1.147207 0.342527 0.549478 1.266799 -1.789369 1.207889 -0.000003 -0.000002 0.000002 1.319267 3.574578 1.683921 -2.658959 0.482335 0.702318 2.128961 0.135166 -0.573362 0.000008 -0.000001 0.000001 0.339653 -0.661028 -1.766843 1.975723 0.405021 1.197307 -0.153059 -0.224217 -0.108095 0.000001 -0.000001 0.000003 
-12.254507 102.953049 -4.161849 -1.980301 -0.006845 0.941816 0.430626 0.078295 -0.520407 -1.043734 0.400544 -0.135967 1.137919 -0.816196 -0.072244 -0.220358 0.147861 -0.207340 -0.000002 0.000000 -0.000001 -1.295576 -0.278738 -0.719951 -1.077484 -1.682465 0.826236 2.832687 4.277534 -4.156880 -0.000000 0.000003 -0.000001 -0.288570 1.504967 0.677847 -1.798374 2.541411 1.100736 2.001204 -4.602437 1.234432 -0.000003 0.000000 0.000002 0.809303 2.726901 1.582522 -1.878991 0.773776 0.660623 1.662492 0.279135 -0.713319 0.000004 0.000001 -0.000001 0.196642 -0.557277 -2.006135 2.393478 0.757306 2.430234 0.243674 -1.435449 -0.195560 0.000001 -0.000004 0.000001 
-12.283455 102.919014 -4.186548 -2.772494 0.170636 1.067229 1.467517 -0.129055 -0.797176 -1.505334 0.633726 -0.213264 1.262390 -0.427191 0.146735 0.434582 -0.156118 0.094551 -0.000000 0.000000 -0.000002 -1.230103 -0.942911 -0.804757 -1.169874 -1.422578 0.862441 2.862671 4.459808 -4.424182 0.000000 -0.000003 0.000001 -0.523950 1.176797 0.762688 -2.012052 2.873669 1.208103 2.287748 -5.369864 1.481008 -0.000003 0.000002 -0.000001 1.239093 2.516269 1.182642 -1.328129 1.096265 0.667913 1.205469 0.105918 -0.539889 0.000003 0.000001 -0.000002 0.872532 -0.603590 -2.202396 2.752920 1.007054 2.814241 0.285247 -1.752972 -0.125278 0.000001 -0.000003 -0.000002 
-12.307554 102.883575 -4.215261 -2.184456 0.575705 1.059402 0.787977 -0.008614 -0.500714 -2.440956 1.037849 -0.226535 2.360638 -0.892901 -0.048777 0.281707 -0.226686 0.299649 -0.000000 0.000001 -0.000002 -1.007980 -1.119819 -1.031876 -0.895940 -1.777855 0.662416 2.189574 3.885048 -3.278979 0.000003 0.000001 0.000001 -0.582609 0.562065 0.689199 -1.802275 3.751634 1.169523 2.435195 -5.898374 1.069455 -0.000001 0.000000 -0.000002 0.625348 2.049363 1.267305 -1.211520 1.377015 0.814471 1.201570 -0.136800 -0.341646 0.000007 0.000000 -0.000005 0.324056 -0.562711 -2.318817 2.795607 1.000618 3.177533 0.430869 -2.315527 -0.351091 -0.000000 0.000003 0.000002 
-12.328998 102.850632 -4.241948 -1.933547 0.632823 1.093848 0.566289 0.017933 -0.519678 -2.169580 0.989506 -0.292824 2.098821 -0.846362 -0.058571 0.231787 -0.201808 0.388132 -0.000002 0.000000 -0.000002 -0.764909 -1.197077 -1.122001 -0.704670 -1.737494 0.569784 1.960902 3.658705 -2.647653 -0.000000 0.000002 -0.000000 -0.553607 0.211271 0.592414 -1.612776 4.199051 1.156776 2.322594 -5.781384 0.744819 -0.000001 -0.000001 0.000001 0.431018 1.839116 1.218945 -1.298849 1.715642 1.024617 1.028951 -0.193200 -0.251064 0.000000 0.000001 -0.000001 0.107619 -0.560316 -2.285263 2.843640 0.998986 3.083661 0.325297 -2.078177 -0.373557 0.000002 -0.000002 0.000004 
-12.351013 102.823036 -4.267049 -1.740936 0.749811 1.132118 0.219717 0.102305 -0.455617 -2.557259 1.068236 -0.230064 2.563480 -1.356222 -0.321276 0.613323 -0.171156 0.258493 0.000001 0.000001 -0.000001 -0.758699 -1.520596 -1.125759 -0.995382 -1.593972 0.351080 2.111057 4.191625 -2.862786 0.000005 0.000003 -0.000000 -0.694338 0.220345 0.585204 -1.664069 3.233538 1.370074 2.272326 -5.126827 1.337397 -0.000003 -0.000002 -0.000000 0.390501 2.065069 1.429386 -1.322863 1.356979 0.962858 0.793102 0.081624 -0.472637 -0.000000 -0.000002 0.000000 -0.355207 -0.542326 -2.355327 2.962199 1.107715 3.199168 0.304326 -2.099399 -0.434098 0.000000 -0.000001 0.000002 
-12.369439 102.801041 -4.289298 -2.461447 0.626172 1.287639 1.233578 -0.095230 -0.674816 -2.059883 0.977962 -0.364220 1.890469 -1.045397 -0.191011 0.735019 -0.228457 0.173249 0.000000 0.000000 -0.000000 -0.904947 -1.633571 -1.153936 -1.119760 -1.505862 0.193408 1.815699 3.833885 -2.896244 0.000007 -0.000000 0.000001 -0.721986 0.421686 0.586978 -1.841303 3.808907 1.421205 2.256073 -5.751506 1.016232 -0.000005 0.000000 0.000004 1.026979 2.249876 1.096900 -1.407805 1.554368 0.962206 0.695725 0.008549 -0.354904 0.000000 -0.000000 -0.000001 0.338991 -0.612897 -2.447121 2.859382 1.074613 3.025856 0.678615 -2.002511 -0.298880 0.000001 0.000001 0.000002 
-12.384794 102.784523 -4.314288 -1.804220 0.968724 1.105619 0.460781 0.044127 -0.304033 -1.866183 0.758727 -0.235385 1.760173 -1.325402 -0.535882 0.939658 -0.230432 0.103446 -0.000001 0.000001 -0.000000 -1.033014 -1.450689 -1.273829 -1.220955 -1.364556 0.403235 2.073728 3.889696 -3.553654 0.000009 -0.000001 -0.000001 -0.818673 0.339446 0.635011 -1.966161 3.509757 1.460896 2.359814 -5.688965 1.427067 0.000001 -0.000001 0.000002 0.399793 1.993440 1.351748 -1.614420 1.549698 1.031809 0.955868 -0.089166 -0.376699 0.000005 -0.000002 -0.000001 -0.113718 -0.552079 -2.280389 2.415387 0.940063 3.056961 0.897450 -2.325002 -0.398017 0.000001 -0.000003 0.000001 
-12.399693 102.765388 -4.327882 -1.732047 0.380907 1.352068 -0.111202 0.202342 -0.680510 -0.230322 0.241507 -0.248478 0.432699 -0.857321 -0.445679 -0.554576 -0.067098 0.044451 -0.000003 0.000001 0.000000 -1.063229 -0.782082 -1.332775 -0.977722 -1.663928 0.452344 2.474408 4.157654 -3.708288 0.000004 -0.000002 -0.000001 -0.444032 0.548013 0.682426 -1.433457 3.074854 1.219451 1.704529 -4.431387 0.855051 0.000001 -0.000003 0.000001 0.941045 3.016304 1.759495 -2.226447 0.810676 1.062214 1.441795 0.126931 -0.426887 0.000004 -0.000001 -0.000000 -0.224721 -0.522765 -2.327519 2.445830 0.934639 2.391477 -0.018165 -1.266071 -0.235859 0.000001 -0.000001 0.000002 
-12.410974 102.749146 -4.338327 -1.880265 0.141404 1.427811 -0.751250 0.348805 -0.768831 1.359469 -0.198207 -0.394041 -0.736971 -0.926850 -0.359072 -0.544584 0.149284 -0.213427 0.000001 0.000000 -0.000002 -1.159449 -0.109779 -1.197533 -0.927144 -1.362109 0.541787 2.799958 4.021521 -4.205613 0.000006 -0.000000 0.000001 0.035321 1.712971 0.671252 -1.088778 2.355255 1.250267 1.258659 -3.948087 0.388285 -0.000000 0.000002 -0.000000 1.166626 3.381888 1.810234 -2.342868 0.675846 1.013856 1.879061 -0.155129 -0.421748 -0.000001 -0.000001 -0.000000 -0.397374 -0.558325 -2.301113 2.491473 0.827225 2.005435 -0.419373 -0.763402 -0.189458 0.000001 0.000001 0.000001 
-12.422837 102.738228 -4.362682 -2.391325 0.381540 1.369300 0.689537 0.032066 -0.691617 -0.673009 0.424767 -0.312340 0.571905 -0.990646 -0.440225 0.658467 -0.092303 -0.082280 -0.000001 0.000000 0.000000 -0.993639 -1.331905 -1.339826 -1.262127 -1.228763 0.390819 2.402007 4.353895 -4.019796 0.000005 0.000002 -0.000001 -0.603986 0.578729 0.734244 -1.615607 3.289820 1.599757 1.922708 -4.975252 1.199931 -0.000002 0.000000 -0.000001 1.132763 2.633762 1.279045 -1.683048 1.654900 1.090098 1.418019 -0.628549 -0.067020 0.000002 0.000001 0.000001 -0.213723 -0.579665 -2.376752 2.827052 0.994326 2.455976 0.747964 -1.249146 -0.232664 -0.000000 -0.000001 0.000003 
-12.434285 102.729492 -4.380394 -1.930373 -0.176107 1.516079 -0.545933 0.314976 -0.952160 1.103277 -0.149244 -0.332796 -0.484740 -0.383212 -0.353787 -0.384104 -0.047529 -0.025459 -0.000003 0.000002 -0.000001 -0.906868 -1.028044 -1.556435 -0.848169 -1.500956 0.492194 1.906438 3.824701 -2.960127 -0.000001 -0.000001 0.000002 -0.423090 0.224586 0.761077 -1.091820 3.000555 1.431173 1.296123 -3.582391 0.744724 -0.000000 -0.000002 -0.000002 1.468905 3.628882 1.819489 -2.858174 0.659548 1.205355 1.886454 0.061334 -0.639994 0.000002 -0.000001 -0.000001 -0.150044 -0.548384 -2.409790 2.526367 0.923760 2.032109 -0.339402 -0.832411 -0.167983 0.000001 0.000001 0.000001 
-12.443336 102.714272 -4.403870 -2.168052 -0.120963 1.357473 -0.188575 0.201639 -0.739767 -1.041919 0.437811 -0.150578 1.298818 -1.414343 -0.721337 0.782312 0.062088 -0.114748 -0.000002 0.000000 -0.000002 -0.924305 -1.128145 -1.388602 -0.860243 -1.410758 0.313744 1.880902 4.233085 -2.680628 0.000005 0.000000 -0.000001 -0.718801 -0.172246 0.626993 -1.100997 3.270608 1.961492 1.790452 -3.771429 1.424486 -0.000001 -0.000003 -0.000000 1.361549 3.221885 1.624380 -2.444089 1.104698 1.222077 1.562258 0.042276 -0.612968 0.000005 -0.000002 0.000002 0.090478 -0.560378 -2.427087 2.713632 1.003391 2.609811 -0.056071 -1.319322 -0.234841 0.000001 -0.000006 0.000002 
-12.453661 102.701950 -4.424970 -2.804896 0.034781 1.353262 0.596435 0.034197 -0.885203 -2.503475 0.992877 -0.168629 2.613682 -1.810978 -0.519998 1.088063 -0.020116 -0.005568 -0.000001 -0.000000 0.000000 -1.028265 -1.081720 -1.362207 -0.929045 -1.165172 0.213584 1.838552 3.968628 -2.922603 0.000001 0.000000 -0.000001 -0.714336 0.016442 0.638164 -1.336787 3.918442 2.034191 2.104054 -4.890514 1.360912 -0.000002 0.000001 0.000002 1.568469 2.652188 1.056902 -1.778328 1.924708 1.281111 1.002337 -0.335263 -0.203797 0.000005 0.000001 0.000001 0.485522 -0.611616 -2.537940 2.969087 1.120752 2.945356 0.593171 -1.493263 -0.154533 -0.000000 0.000003 -0.000001 
-12.465023 102.691681 -4.450962 -2.751763 0.042582 1.223973 0.394391 0.064768 -0.889339 -2.030895 0.774373 -0.160044 2.369739 -1.487287 -0.453376 1.234815 -0.154992 0.052969 0.000001 0.000000 -0.000002 -1.037343 -1.246019 -1.386866 -1.030276 -1.122814 0.129240 1.877167 4.211954 -2.934364 0.000001 0.000001 -0.000001 -0.775627 0.008688 0.711022 -1.541562 4.112186 2.068641 2.136828 -5.429751 1.346501 0.000001 -0.000003 0.000000 1.574398 2.644631 1.049378 -1.614830 1.956186 1.138730 0.724102 -0.439466 -0.067166 0.000000 0.000002 0.000001 0.564268 -0.616873 -2.422768 2.767987 0.972095 2.972162 0.520347 -1.363329 -0.161174 0.000001 -0.000004 0.000001 
-12.466098 102.690552 -4.473705 -2.666691 -0.525369 1.135002 -0.469989 0.290367 -0.887612 0.218101 0.131852 -0.367289 0.452922 -1.463881 -0.299204 0.475773 0.317398 -0.453685 0.000001 0.000001 -0.000001 -1.652629 0.375268 -1.511290 -1.172035 -1.338536 0.542040 3.187015 5.177014 -4.523744 0.000006 -0.000000 0.000003 0.035217 1.961846 1.093610 -1.375142 2.237745 1.483875 1.627169 -4.387924 1.098948 0.000001 -0.000001 0.000003 1.851402 3.107619 1.084545 -2.360253 1.782785 1.363694 1.605274 -0.670474 -0.055337 0.000003 0.000001 0.000001 0.969639 -0.704479 -2.222758 1.830963 0.647088 2.352863 0.389918 -0.753660 -0.045592 0.000001 -0.000001 -0.000000 
-12.469270 102.681458 -4.495778 -3.705680 -0.649930 1.045236 0.875090 -0.004701 -1.080826 0.508796 -0.045699 -0.298096 -0.095365 -0.737221 -0.261080 1.022431 -0.035029 -0.167546 -0.000000 -0.000000 -0.000002 -1.144840 -0.979539 -1.455519 -1.086264 -0.694218 0.125062 2.445251 4.673475 -3.248033 0.000005 0.000000 -0.000000 -0.090254 1.438044 1.125439 -1.407113 2.937681 1.715777 1.621613 -4.603505 0.883959 -0.000002 0.000001 0.000002 2.316528 2.750105 0.512059 -1.541511 2.596947 1.171106 0.936840 -1.091901 0.424487 0.000003 -0.000001 -0.000002 1.667204 -0.664922 -2.060603 2.754829 0.863543 2.324426 0.488573 -0.427333 0.149673 -0.000000 0.000003 0.000003 
-12.466324 102.680237 -4.511653 -2.815723 -0.941045 1.021840 -0.901724 0.418527 -1.067092 1.863151 -0.497583 -0.355511 -0.848128 -0.886261 -0.327401 0.730639 0.146283 -0.504777 -0.000000 -0.000000 -0.000000 -1.366825 -0.762767 -1.730930 -1.387946 -0.394748 0.345394 2.890392 5.402314 -3.798038 0.000002 -0.000000 -0.000000 -0.009321 1.536956 1.314963 -1.353160 1.613432 1.585204 1.880162 -3.443805 1.438878 -0.000003 0.000000 0.000002 2.092687 3.552273 1.149276 -1.857756 1.321865 0.994701 1.048125 -0.643299 0.035779 -0.000001 -0.000001 -0.000000 1.057958 -0.652213 -1.895909 2.338784 0.847033 1.873484 -0.356815 -0.058755 0.191056 0.000002 -0.000001 0.000001 
-12.459325 102.681305 -4.525641 -2.999664 -1.119619 1.048406 -1.599240 0.599894 -1.143226 2.523596 -0.742392 -0.359670 -1.168309 -0.763702 -0.319569 0.420647 0.292838 -0.667675 -0.000002 0.000000 -0.000001 -1.564636 -0.319879 -1.747035 -1.529917 -0.123458 0.307278 3.423758 5.673169 -4.565921 0.000004 -0.000002 0.000001 -0.024859 1.470746 1.347197 -1.217291 1.039522 1.755844 2.017730 -2.962992 1.714836 -0.000000 -0.000002 0.000002 2.337990 3.541976 0.922430 -1.407052 1.147216 0.827370 0.624452 -0.762799 0.232238 0.000003 -0.000003 0.000002 1.634480 -0.688883 -1.794062 2.201469 0.853566 1.396395 -1.278049 0.551915 0.355410 0.000001 -0.000001 0.000003 
-12.451631 102.683846 -4.540736 -3.038212 -1.359648 1.102569 -1.660040 0.619932 -1.194011 2.331694 -0.639841 -0.395091 -1.077434 -0.795875 -0.371511 0.057787 0.273165 -0.663208 -0.000000 0.000000 -0.000002 -1.492265 -0.441753 -1.934854 -1.524470 0.295768 0.240412 3.291015 5.712111 -4.145119 0.000005 -0.000001 0.000002 -0.044424 1.249834 1.323336 -1.128572 1.165956 2.033161 1.910571 -2.802021 1.500126 0.000001 -0.000002 -0.000000 2.458283 3.565173 0.800924 -1.349299 1.181025 0.773005 0.526488 -0.681489 0.180024 0.000004 -0.000000 -0.000001 2.087568 -0.739010 -1.730843 2.078649 0.812204 0.984155 -1.843357 0.879398 0.450436 0.000001 -0.000001 0.000001 
-12.433828 102.711029 -4.565861 -3.168946 -1.542244 1.080764 -2.063621 0.716585 -1.131501 3.055470 -0.759330 -0.526344 -1.685171 -0.961796 -0.306043 0.375211 0.683258 -0.954536 -0.000003 0.000000 -0.000001 -2.017578 0.561474 -2.091063 -1.708576 0.403947 0.127364 4.016991 6.514587 -5.009887 0.000000 -0.000002 -0.000001 0.178234 1.820201 1.713351 -1.205622 0.469635 1.925210 1.845552 -2.787537 1.666446 -0.000000 -0.000003 -0.000000 2.982448 3.425998 0.374046 -1.706556 1.328541 0.953865 0.288859 -0.494710 0.106113 0.000000 -0.000000 -0.000001 2.574981 -0.723526 -1.720314 1.716487 0.758376 0.853648 -1.663202 1.318082 0.606433 0.000002 -0.000004 0.000001 
-12.405834 102.762604 -4.593302 -2.760948 -2.461474 1.328082 -2.786923 0.852592 -1.217108 2.723455 -0.589718 -0.593543 -1.203510 -0.661247 -0.348834 0.259580 0.989016 -1.278470 -0.000002 0.000000 0.000000 -2.159380 0.940207 -2.568858 -1.676205 1.072988 -0.151319 3.985327 6.903680 -4.390766 0.000003 0.000001 0.000001 -0.108279 0.407587 1.875184 -1.116955 0.359780 2.022784 2.166706 -1.867693 2.240162 -0.000002 -0.000001 -0.000003 4.231691 4.179145 0.002879 -3.424563 0.866568 1.114012 0.308317 -0.063409 -0.185725 0.000003 -0.000001 -0.000000 2.839243 -0.731871 -1.582140 1.205912 0.478272 -0.273924 -1.876769 2.413502 0.971682 -0.000001 0.000001 0.000004 
-12.371141 102.830002 -4.626040 -2.560534 -2.399682 1.561180 -2.753394 0.815138 -1.090054 3.083878 -0.615204 -0.684617 -1.610024 -1.359518 -0.596363 -0.128217 1.772737 -1.720432 -0.000002 0.000000 -0.000002 -2.284721 1.422093 -3.077340 -1.487245 1.268278 -0.607945 3.562180 7.471028 -2.927730 -0.000000 -0.000002 -0.000000 0.250624 0.905362 1.932415 -0.792617 0.431417 2.041440 1.624607 -1.767769 1.461417 -0.000001 0.000002 -0.000001 5.091823 3.863480 -0.813610 -4.048403 0.696797 1.323275 0.235216 -0.122423 -0.126828 0.000002 -0.000000 0.000000 3.235233 -0.767066 -1.739324 0.308362 0.316931 -0.684448 -2.382699 3.202538 1.255475 -0.000000 0.000003 0.000000 
-12.314275 102.936966 -4.657200 -1.933565 -2.553722 1.903350 -2.946797 0.754058 -0.590359 2.396807 -0.247800 -0.777888 -1.021274 -0.801211 -0.983242 0.351289 2.305563 -2.194205 -0.000002 -0.000001 -0.000001 -1.641577 0.331312 -4.017882 -0.967951 2.543945 -2.177649 1.807567 7.432271 0.643842 0.000004 0.000000 -0.000002 -0.075593 -0.994129 1.791679 0.118565 1.540984 2.468390 0.635035 -1.677505 -0.018742 -0.000001 -0.000003 -0.000001 6.764254 3.190135 -2.248973 -4.890468 0.427893 1.729735 -0.642010 0.649180 -0.417366 0.000001 -0.000002 0.000000 3.531426 -0.594608 -1.926625 -0.758718 0.188862 -1.320888 -2.396392 3.410847 1.224831 0.000001 0.000001 0.000000 
-12.206141 103.099823 -4.687205 -1.507043 -2.317513 2.214781 -3.123618 0.615339 0.973075 2.885353 -0.270853 -0.998191 -1.861031 -1.651040 -2.140373 1.130424 3.666236 -3.367901 -0.000000 0.000000 0.000000 -1.627516 -0.190389 -5.632748 -1.141799 5.155140 -4.075633 -0.032272 8.339290 3.777460 0.000006 0.000003 -0.000002 -0.403490 -2.263640 1.827271 0.850858 1.072891 3.310070 -0.287163 -0.505452 -0.174730 -0.000000 -0.000002 -0.000002 8.636452 1.014608 -4.979670 -3.999621 2.250208 2.205019 -2.883029 -0.226768 0.818334 0.000000 -0.000000 0.000000 4.626414 -0.716775 -2.276258 -2.433843 -0.161150 -1.920433 -1.892281 3.713067 1.177404 0.000001 0.000003 -0.000001 
-12.090748 103.283134 -4.719057 -0.190981 -2.121844 2.562288 -4.125320 0.688189 1.915647 3.573441 -0.404238 -1.096922 -2.584938 -2.287410 -2.947054 0.884259 4.756829 -3.843036 -0.000001 0.000000 0.000000 -1.641420 -0.648523 -6.799026 -1.286293 7.188419 -5.871706 -1.752600 8.822280 6.828228 0.000011 0.000002 0.000002 -0.617563 -3.134231 1.618731 1.492042 0.374417 4.227112 -1.376829 0.711353 -0.862638 -0.000001 -0.000003 0.000003 9.895099 -0.425979 -6.795821 -2.794032 3.181666 2.107104 -5.210196 -0.974955 1.954103 0.000005 -0.000001 0.000001 4.763329 -0.819226 -2.513418 -4.376462 -0.529815 -2.587400 -1.407502 4.092028 1.349348 0.000001 0.000003 -0.000002 
-11.951026 103.540604 -4.777811 2.190929 -2.162988 3.131243 -5.219263 0.663318 3.184232 4.077662 -0.048280 -1.641935 -3.647704 -2.661459 -3.658210 0.522389 6.160268 -4.417287 -0.000000 0.000001 0.000001 -1.766089 -0.431754 -8.793130 -1.348096 8.926571 -8.247859 -4.214938 9.040671 10.813580 0.000004 -0.000001 -0.000001 -0.440003 -3.739538 1.508651 2.109306 1.878391 5.548004 -3.106857 -0.200922 -3.299600 -0.000000 -0.000004 -0.000001 12.531575 -1.821113 -9.315426 -0.701097 3.966024 1.911677 -9.636373 -1.886229 3.341691 -0.000004 0.000000 0.000001 3.629588 -0.831854 -3.030427 -7.486939 -0.969966 -3.289362 0.257541 4.628464 1.691361 0.000001 -0.000003 -0.000000 
-11.773463 103.836182 -4.830109 4.690225 -2.150518 3.757477 -7.139296 0.780138 4.680457 4.171461 0.512779 -2.262341 -3.661473 -3.516632 -4.532462 -0.839647 7.716476 -4.909654 -0.000001 0.000000 -0.000000 -2.409247 0.968447 -10.750245 -1.383265 10.704193 -10.889449 -6.377475 9.084361 14.155088 0.000002 -0.000001 -0.000002 0.025448 -3.696716 1.870061 2.638121 3.390046 6.670273 -4.715950 -1.895107 -6.123081 -0.000002 -0.000001 -0.000002 16.020035 -4.110515 -12.817448 -0.482928 5.598640 2.589048 -14.456669 -2.208416 4.487526 -0.000000 0.000001 -0.000001 3.315788 -0.976239 -3.602380 -10.961789 -1.433562 -4.069250 1.622816 5.162250 1.958361 0.000001 -0.000001 -0.000001 
-11.589666 104.129456 -4.893363 6.418730 -2.416126 4.139962 -8.909897 0.863412 5.855978 4.594468 0.744202 -2.705701 -4.120799 -4.060269 -5.128494 -1.204098 8.900793 -5.451797 -0.000001 0.000000 -0.000000 -2.924472 3.094508 -12.056603 -1.241176 10.762346 -13.003162 -7.431073 10.406274 16.586976 0.000005 0.000001 -0.000000 0.383969 -4.071305 2.040969 3.379198 4.471059 7.752903 -5.829578 -3.021169 -8.223419 0.000000 0.000000 0.000002 19.216292 -5.963299 -15.755609 -1.642246 6.671507 3.627291 -17.365264 -2.032637 4.782305 -0.000002 -0.000002 -0.000003 3.734252 -1.114062 -3.867863 -14.198903 -1.811199 -4.748666 2.451035 6.501494 2.484877 0.000001 0.000001 0.000000 
-11.377022 104.418060 -4.959254 8.286819 -2.512799 4.548513 -10.697848 0.826000 7.317067 5.028554 1.139711 -3.331644 -4.523931 -4.478172 -5.828599 -1.967085 10.135436 -5.857465 -0.000001 0.000000 -0.000001 -3.195662 4.502503 -14.098157 -0.847709 10.671850 -15.650675 -8.969594 11.523367 20.502172 -0.000001 -0.000000 -0.000003 1.085651 -4.311898 2.597088 4.428475 5.492521 8.838741 -7.343817 -4.415965 -11.472369 -0.000003 -0.000002 0.000001 23.351259 -9.044761 -19.696022 -1.582134 9.927599 4.938412 -21.973040 -2.029747 5.475114 -0.000001 -0.000003 0.000002 3.648410 -1.097338 -4.139683 -17.214981 -2.012755 -5.565235 3.481331 6.654785 2.595057 0.000002 -0.000001 -0.000000 
-11.139010 104.659332 -5.014523 10.917448 -2.365180 4.762612 -13.485304 0.904815 8.938243 6.279063 1.038852 -3.940266 -5.238884 -5.073556 -6.571264 -3.722092 11.312890 -6.348158 -0.000001 0.000000 0.000000 -3.861639 5.536074 -15.989005 -1.327955 11.168589 -18.666996 -10.617786 13.571394 23.785970 0.000003 0.000000 -0.000002 1.121038 -5.110583 3.432035 4.746139 6.109966 10.670786 -8.506810 -6.187617 -13.898492 -0.000000 0.000000 0.000004 27.251843 -12.682946 -23.731021 1.832224 15.263542 5.255818 -27.976660 -1.129703 6.116284 0.000007 -0.000001 -0.000002 2.036601 -0.988622 -4.128709 -19.108566 -2.143841 -6.435987 3.213897 6.733586 2.573414 0.000001 -0.000001 -0.000000 
-10.901411 104.873451 -5.052567 11.646233 -2.573027 5.005877 -14.422477 0.818066 9.818514 6.698780 1.076040 -4.278372 -5.620742 -5.415888 -7.004890 -5.423041 12.029757 -6.572726 -0.000002 0.000000 -0.000001 -4.222931 5.973162 -17.431886 -1.756778 10.999607 -21.128997 -12.023921 15.871929 26.895058 0.000004 0.000001 0.000001 1.276018 -5.651338 4.149393 5.188662 6.019675 12.238732 -9.427909 -6.462986 -15.453795 -0.000002 0.000000 -0.000002 31.073515 -15.574899 -27.010902 5.713098 20.299865 4.776234 -30.585823 -0.373750 6.261928 -0.000002 -0.000001 -0.000000 1.338275 -0.969895 -4.120044 -19.259356 -2.129975 -7.183960 2.597434 7.071739 2.692429 0.000001 0.000001 0.000000 
-10.636721 105.031517 -5.048892 12.103349 -3.313074 5.074283 -15.568400 0.668001 10.890313 6.824225 1.453328 -4.694146 -5.201257 -6.386227 -7.305394 -6.474895 13.525543 -7.446287 -0.000002 0.000000 0.000000 -4.643664 7.617652 -18.586418 -1.585867 11.732411 -24.436170 -13.533866 17.509613 30.282453 0.000005 0.000003 -0.000003 2.346860 -3.997499 5.116734 6.514209 5.643727 13.782613 -11.526334 -7.014783 -18.622605 0.000000 -0.000002 0.000004 34.913318 -19.242318 -30.315067 8.805466 26.838923 4.603774 -28.194504 -1.774927 6.511573 -0.000005 -0.000001 -0.000000 0.859284 -0.680293 -3.789366 -18.307531 -2.022289 -8.120279 0.966467 8.208899 3.126137 0.000002 -0.000001 -0.000000 
-10.358391 105.160858 -5.011276 12.564681 -4.800128 5.013942 -15.984948 0.459952 11.845159 6.808826 1.668574 -4.819014 -4.896915 -6.508369 -7.636660 -7.654424 14.951790 -8.137702 -0.000001 0.000000 0.000000 -4.971336 8.274818 -20.249947 -1.475478 11.310195 -28.058576 -16.043262 19.825671 35.333716 0.000001 0.000000 0.000002 3.185372 -3.408326 6.396999 7.131752 7.812000 15.604556 -12.978880 -9.473532 -21.789494 0.000000 -0.000006 -0.000000 37.547619 -23.150399 -33.049407 8.829007 33.215616 5.895845 -24.992828 -7.418798 8.492323 0.000004 -0.000000 0.000000 0.501506 -0.250147 -3.238620 -17.037944 -1.548631 -9.232143 0.177624 9.723462 3.744552 0.000001 -0.000001 -0.000000 
-10.088200 105.276398 -4.973237 13.059395 -5.936417 4.882766 -17.039261 0.355894 12.696010 7.718254 1.477339 -5.037060 -5.455841 -6.784848 -7.734440 -8.346051 16.239526 -8.855864 -0.000002 0.000000 -0.000001 -5.240378 9.529843 -21.156344 -1.653804 10.674247 -30.961978 -17.938770 21.711688 39.308548 0.000007 0.000003 -0.000002 3.874118 -2.828880 7.265633 7.864737 8.228359 17.119966 -13.693344 -10.697347 -23.798264 0.000002 -0.000001 0.000002 38.859958 -26.037077 -35.015924 7.574519 38.121263 7.696679 -22.388201 -12.908763 10.801176 -0.000002 -0.000000 0.000000 0.133388 -0.085056 -2.915726 -16.420996 -1.345218 -9.866255 -0.180974 11.369549 4.343174 0.000001 -0.000001 -0.000001 
-9.821262 105.390968 -4.934718 14.103224 -7.347549 4.866582 -18.419374 0.261846 13.366532 7.348167 1.926761 -5.271840 -4.529074 -5.905049 -7.531421 -9.434185 17.048338 -9.142736 -0.000002 0.000000 -0.000000 -4.856708 9.003419 -22.870318 -1.513253 9.988501 -34.129547 -20.236174 23.659984 44.168474 0.000003 0.000006 -0.000000 4.324197 -5.409395 8.939486 8.683173 10.194657 18.789357 -13.922398 -13.634936 -25.921808 0.000004 -0.000001 0.000000 39.735268 -28.571740 -36.481297 1.519217 41.339703 12.196236 -19.559073 -18.583768 13.610660 0.000003 -0.000000 0.000000 -0.144702 0.180973 -2.698854 -17.450211 -1.533256 -10.475749 -0.069032 13.586630 4.981490 0.000001 -0.000001 -0.000001 
-9.556886 105.512444 -4.900789 13.736794 -8.223133 4.806329 -16.522713 0.054021 13.320404 5.713025 2.610867 -4.865036 -3.813560 -6.737378 -8.050268 -10.491332 18.413019 -9.595824 -0.000001 0.000000 -0.000001 -5.131528 10.138165 -24.183171 -1.459042 9.330787 -36.974300 -22.600865 25.692211 47.824465 0.000001 -0.000005 0.000003 5.401347 -4.080476 10.543846 10.108122 10.821204 21.036791 -15.928389 -16.626420 -28.469181 0.000002 -0.000002 -0.000000 42.976247 -30.773595 -37.483778 -6.056633 42.481994 17.243637 -16.489941 -23.273552 16.489600 -0.000001 -0.000000 0.000000 0.106413 0.548611 -2.909717 -17.931419 -1.666680 -10.536127 0.751385 15.153883 5.638561 -0.000000 0.000004 0.000001 
-9.304514 105.612518 -4.862795 13.772663 -8.351076 4.618007 -16.727345 -0.034046 13.623443 5.589846 2.630277 -4.620658 -3.745111 -6.504855 -8.386140 -10.493920 18.773509 -9.663053 -0.000002 -0.000000 0.000001 -4.864643 10.476417 -25.308658 -1.154308 8.425015 -39.171381 -24.375009 28.337970 51.744468 0.000004 0.000000 -0.000002 5.747805 -6.677058 11.612859 11.594922 11.698369 22.897302 -16.194011 -18.817361 -30.549117 -0.000002 0.000000 0.000004 45.846654 -32.129695 -38.329505 -11.284909 42.803494 20.894353 -14.377031 -26.786950 18.873385 -0.000003 -0.000000 0.000000 0.226683 0.706174 -2.872557 -17.907930 -1.603219 -10.714486 2.279087 15.956790 5.680850 0.000000 -0.000003 0.000003 
-9.061105 105.707367 -4.841060 14.264743 -8.324102 4.341416 -17.088286 -0.071386 13.924530 4.662553 2.794114 -4.126244 -2.687406 -6.713966 -8.958651 -11.137887 19.251477 -9.531319 -0.000001 -0.000000 -0.000001 -4.910790 10.631294 -26.152065 -0.951575 8.645920 -41.708618 -25.960089 30.227613 54.589604 0.000005 0.000003 0.000001 6.073920 -8.329438 12.816570 13.395777 10.910818 25.555851 -17.075770 -21.317989 -32.456970 -0.000001 0.000001 0.000003 48.734455 -32.917564 -38.691440 -17.063537 41.380814 24.044744 -12.503915 -29.301512 20.818833 -0.000001 -0.000002 0.000000 -0.083591 0.957602 -2.654943 -18.354600 -1.597152 -11.021332 3.611150 16.504664 5.922807 0.000001 -0.000001 -0.000001 
-8.824735 105.784378 -4.828365 14.600404 -7.865519 4.249602 -17.206956 -0.060432 13.947004 4.393556 2.727738 -3.846666 -2.590382 -7.385960 -9.432287 -11.762384 19.751034 -9.725328 0.000001 0.000001 -0.000001 -5.053183 10.882731 -26.958927 -0.690636 9.579345 -44.087823 -26.412101 30.503495 55.644151 0.000004 0.000002 0.000002 6.411460 -8.990335 13.802432 15.137830 10.062096 28.640262 -17.822646 -21.973309 -33.772010 -0.000004 -0.000002 -0.000001 51.636794 -33.486348 -39.164896 -22.654071 38.872044 26.412331 -9.757162 -30.986509 22.559850 0.000004 -0.000002 0.000000 -0.149423 0.971111 -2.697494 -18.853397 -1.866071 -11.498706 4.565104 17.001048 5.951552 -0.000000 0.000003 0.000001 
-8.598999 105.838554 -4.811166 15.353751 -7.460815 4.231227 -17.608330 -0.025058 13.929922 3.812279 2.840593 -3.548451 -2.289296 -8.492591 -9.942220 -11.976492 20.452013 -9.792143 -0.000003 0.000000 0.000000 -5.150784 12.021209 -27.375456 -0.278381 10.026177 -45.750718 -26.750532 31.137832 56.594398 0.000002 0.000002 -0.000000 6.998555 -8.076576 14.167480 16.822157 9.470225 31.053496 -18.543958 -22.485212 -35.229815 -0.000005 0.000001 0.000003 52.713320 -33.836149 -39.291667 -25.908373 37.002379 27.566553 -8.418387 -31.551581 23.354363 0.000002 -0.000003 0.000002 -0.951138 1.057792 -2.744285 -18.326919 -1.729555 -11.711639 3.997754 17.180434 6.210332 0.000001 0.000001 0.000001 
-8.370887 105.865982 -4.796238 15.814705 -7.235326 4.111291 -17.935855 -0.033587 14.092526 4.354039 2.590942 -3.454931 -2.832667 -9.087035 -10.300330 -11.892526 20.981957 -10.053908 -0.000001 0.000000 -0.000002 -4.926512 12.772747 -28.111314 0.005121 9.480363 -47.605203 -26.507158 31.747938 57.663216 0.000006 0.000003 0.000001 7.682972 -6.653385 14.386757 18.649137 9.525210 33.796029 -19.217719 -22.130803 -36.744369 -0.000005 -0.000004 0.000003 53.378960 -34.027979 -39.382881 -27.864351 35.807455 28.280531 -7.815170 -31.831731 23.758451 -0.000001 -0.000001 -0.000002 -0.975433 1.075269 -2.880038 -18.757593 -1.977943 -11.727826 4.217804 17.522458 6.093018 0.000001 0.000001 0.000002 
-8.137069 105.866066 -4.774283 16.415468 -6.952995 4.000747 -19.484090 0.026950 14.387302 4.503914 2.499407 -3.377357 -2.343460 -9.531829 -10.636090 -11.925815 21.241079 -10.016323 -0.000001 0.000000 -0.000001 -4.869986 13.767383 -28.306054 0.092558 9.557979 -49.673411 -26.621021 33.850004 58.802765 0.000006 0.000004 -0.000001 8.011146 -6.265087 14.571425 19.901981 10.097354 36.671149 -19.415579 -19.951022 -36.769388 0.000001 -0.000002 -0.000002 53.659547 -34.145058 -39.520386 -29.326404 35.022495 28.754058 -6.710634 -32.634456 24.810679 -0.000001 -0.000003 -0.000000 -1.167132 1.024600 -2.944492 -18.898870 -2.320791 -11.868714 4.581288 17.498926 5.701779 0.000001 -0.000001 -0.000000 
-7.913162 105.862228 -4.747862 16.918143 -6.819723 3.897132 -20.881674 0.040228 14.707527 5.260769 2.230024 -3.388595 -2.378211 -9.361515 -10.844489 -11.054202 21.301465 -10.084855 -0.000000 0.000001 0.000000 -4.627731 13.308899 -28.560873 -0.026837 9.168431 -51.544975 -27.778055 35.913603 61.132502 0.000005 0.000003 0.000001 8.148894 -6.829451 14.817877 20.626927 10.857457 38.652075 -19.302897 -19.070669 -36.737679 -0.000004 -0.000001 0.000001 53.905694 -34.307678 -39.620425 -30.578221 34.551772 29.098027 -6.190676 -33.217419 25.511622 -0.000001 -0.000000 0.000000 -1.878813 1.057345 -2.896111 -18.106000 -2.405787 -12.010147 4.696447 17.563852 5.624388 0.000001 -0.000003 0.000003 
-7.677967 105.847900 -4.715720 17.452124 -6.887504 3.743310 -22.110265 -0.002698 15.036702 5.218257 2.081450 -3.175969 -1.919352 -9.324947 -11.207365 -10.074387 21.313890 -10.264653 -0.000000 0.000000 0.000000 -3.956672 11.582976 -29.396680 0.342570 9.071264 -53.331893 -28.493459 37.554501 63.636818 0.000002 -0.000003 0.000002 8.827330 -7.269527 15.135954 21.186770 12.558230 40.293513 -18.613138 -19.386563 -37.873898 -0.000003 -0.000003 0.000001 54.536448 -34.492274 -39.981257 -32.019025 33.996088 29.616875 -5.807122 -33.438052 25.818115 0.000000 -0.000002 0.000000 -2.106273 0.962699 -2.944792 -17.797332 -2.561861 -11.934155 4.970306 17.742069 5.478171 0.000001 0.000003 0.000001 
-7.445233 105.840324 -4.682981 17.511820 -7.019046 3.541585 -22.118989 -0.061561 15.147702 5.313288 2.055635 -3.135747 -2.092668 -9.390775 -11.237862 -9.202732 21.608045 -10.421949 0.000000 0.000001 -0.000001 -3.596902 11.751143 -29.793671 0.326024 8.095045 -54.799229 -27.684710 37.869086 63.505337 0.000004 -0.000002 -0.000000 9.480210 -6.885974 15.489361 21.692472 14.175621 41.598656 -18.514000 -19.825094 -38.737145 -0.000002 -0.000001 0.000000 55.684736 -34.612813 -40.137327 -33.328519 33.207864 30.107190 -5.336711 -33.644501 26.138483 0.000001 -0.000003 0.000002 -1.583462 0.911856 -3.141887 -18.021181 -2.658046 -11.594168 5.016026 18.208704 5.589356 0.000001 0.000001 0.000002 
-7.222383 105.830620 -4.650526 17.813183 -7.147543 3.331010 -22.838544 -0.101916 15.460067 5.507883 1.922140 -3.067460 -2.010527 -9.451314 -11.396995 -8.284057 21.749622 -10.805946 -0.000002 0.000000 -0.000002 -3.368742 10.866203 -29.963114 0.599975 8.328062 -55.934236 -27.083469 38.422130 63.594204 0.000009 0.000002 -0.000003 9.717577 -6.500000 15.543902 21.955648 15.025366 42.672966 -18.090132 -19.492175 -38.871194 -0.000001 -0.000001 0.000001 56.543738 -34.592460 -40.262466 -34.514558 32.626144 30.371894 -4.152339 -33.901248 26.717654 -0.000001 -0.000002 0.000000 -1.171254 0.860645 -3.063014 -19.094144 -3.097841 -11.671026 5.281334 18.533730 5.544155 0.000001 0.000001 0.000001 
-7.003698 105.826584 -4.615794 17.780739 -7.222232 3.201341 -23.065629 -0.135844 15.561131 6.338757 1.706322 -3.197596 -2.602180 -9.162205 -11.278182 -6.127846 21.743783 -11.316839 0.000000 0.000001 0.000000 -2.973152 10.304275 -30.167743 0.527091 7.420713 -56.850854 -25.681894 38.128708 62.610240 0.000002 -0.000001 0.000002 10.049575 -6.687158 15.594908 22.496138 15.610408 43.318535 -17.139759 -19.096374 -38.403005 -0.000003 -0.000001 0.000000 57.672785 -34.666031 -40.444624 -35.167889 32.128797 30.525099 -3.734351 -33.910827 26.861155 -0.000003 0.000001 -0.000003 -1.102676 0.834283 -3.155643 -18.871507 -3.066038 -11.546563 5.359916 18.764756 5.569997 0.000002 -0.000004 0.000001 
-6.794240 105.819221 -4.589955 18.114357 -7.005476 2.768695 -24.074397 -0.199938 15.912104 6.663463 1.403343 -2.921066 -2.618902 -9.313939 -11.634729 -6.021400 21.923712 -11.214653 -0.000001 0.000000 0.000000 -2.496594 10.445358 -30.151068 0.837303 7.038697 -57.450415 -23.689753 37.424294 60.880468 0.000002 0.000002 0.000002 10.394719 -7.431358 15.573197 22.962843 16.324780 43.553531 -15.724494 -18.714792 -37.669521 0.000003 -0.000001 -0.000000 59.180454 -34.617461 -40.634240 -37.142514 30.904711 31.067262 -2.742742 -34.327383 27.546699 0.000001 -0.000000 -0.000001 -0.946240 0.848223 -2.844003 -19.755106 -3.350373 -11.640323 6.093926 19.057345 5.423579 0.000001 0.000003 0.000001 
-6.606247 105.809799 -4.567390 18.244180 -7.097886 2.584302 -25.024616 -0.197281 16.052990 6.435566 1.399896 -2.763452 -2.028501 -9.583072 -11.784884 -5.764292 22.075793 -11.254602 -0.000002 0.000001 -0.000000 -2.317188 10.993913 -29.991268 1.247773 7.066944 -57.762541 -22.422140 36.946109 59.699248 0.000003 -0.000001 0.000003 10.651377 -7.411098 15.572963 23.388004 16.753190 43.649553 -15.036381 -18.701538 -37.460903 -0.000003 0.000001 0.000002 59.974286 -34.590209 -40.741604 -38.681240 29.789792 31.387106 -2.929282 -34.065032 27.342067 0.000001 -0.000001 -0.000001 -0.535640 0.865911 -2.662423 -20.910018 -3.618619 -11.817861 6.151852 19.280668 5.433459 -0.000000 -0.000001 0.000002 
-6.422367 105.788757 -4.542933 18.656855 -7.331741 2.177122 -25.458268 -0.233393 16.301852 6.398622 1.228800 -2.585838 -1.851963 -9.329069 -11.829928 -5.697659 21.830541 -11.226072 -0.000001 0.000000 -0.000001 -2.610586 11.437648 -29.671510 1.819475 8.327878 -57.759549 -21.470490 37.538112 58.502107 0.000000 0.000003 -0.000002 10.331225 -8.350666 15.790767 23.639532 16.022618 43.739497 -13.360152 -18.853074 -35.627093 -0.000003 0.000001 -0.000003 60.750694 -34.234827 -40.691508 -39.820184 28.914793 31.540055 -2.936666 -33.933660 27.160078 0.000004 -0.000002 0.000000 0.089616 0.941625 -2.176062 -22.478772 -3.877481 -11.976981 6.228623 19.755578 5.681369 0.000001 0.000001 -0.000000 
-6.241825 105.757126 -4.514891 18.587468 -7.373620 2.135991 -25.116089 -0.206167 16.099164 6.407850 1.272490 -2.679669 -2.297483 -9.229279 -11.687329 -5.662429 21.628185 -11.149667 -0.000000 0.000000 0.000000 -2.570631 11.733173 -29.564498 2.349779 8.844591 -57.626709 -20.491377 37.876708 57.926431 0.000005 0.000001 -0.000000 10.412896 -8.340480 15.767814 23.887559 15.910002 43.957414 -11.981532 -18.634998 -34.634721 -0.000006 0.000000 0.000003 61.787824 -34.438196 -40.906935 -40.846222 28.263070 31.749291 -2.586475 -34.206216 27.438663 -0.000001 -0.000003 -0.000001 1.178989 0.855988 -2.232360 -23.656285 -4.094883 -12.100582 6.202863 20.209193 5.799991 0.000001 -0.000004 0.000001 
-6.074976 105.728943 -4.496550 19.347501 -7.484262 2.036103 -26.380106 -0.216545 16.307181 6.740182 1.123465 -2.625657 -2.220272 -9.135522 -11.791449 -5.786048 21.656040 -11.097440 -0.000002 0.000000 0.000000 -2.293047 11.988837 -29.564242 2.486303 8.088624 -57.620726 -19.959816 37.976262 58.261145 0.000005 0.000002 -0.000001 10.818991 -8.424823 15.973126 23.980951 16.690716 43.659956 -11.196375 -18.722964 -34.767695 -0.000002 0.000003 -0.000000 61.434710 -34.354345 -40.860196 -41.349890 27.945526 31.738926 -2.859336 -34.085820 27.331741 0.000000 -0.000004 0.000003 0.796390 0.956941 -2.114738 -24.284763 -4.321841 -12.071448 5.909840 20.079165 5.726069 -0.000000 -0.000001 -0.000001 
-5.913419 105.700882 -4.478428 19.805513 -7.680941 1.998449 -26.620884 -0.191408 16.298030 6.748375 1.138839 -2.641213 -2.312034 -8.883666 -11.725703 -5.720896 21.527633 -11.086895 -0.000002 0.000001 -0.000003 -2.254895 11.385710 -29.544523 2.498385 7.955162 -57.579936 -19.710568 37.706930 58.227438 0.000000 0.000005 -0.000003 10.940778 -8.078602 16.127456 23.647939 17.328784 43.808704 -10.584280 -19.392391 -34.383217 0.000002 -0.000001 -0.000001 61.148641 -34.351549 -40.836414 -41.783952 27.636653 31.772599 -3.194783 -34.059599 27.206624 -0.000001 -0.000002 0.000002 1.011050 0.970147 -2.103299 -25.010044 -4.457096 -12.105457 5.987745 20.228966 5.781707 -0.000000 -0.000001 0.000001 
-5.753376 105.670555 -4.455821 18.831153 -8.590944 2.403388 -25.273474 -0.105585 15.727923 5.816890 1.709927 -2.893018 -1.425279 -8.237958 -11.162667 -4.653158 21.412249 -11.474256 -0.000002 0.000000 -0.000002 -2.367365 12.527149 -29.095807 2.958714 8.587069 -57.292849 -18.276072 37.277735 56.661726 0.000001 0.000001 0.000002 10.820162 -9.237750 16.256547 23.716268 17.195433 43.710055 -9.109280 -19.031168 -33.040528 -0.000005 0.000001 -0.000002 62.119833 -34.772053 -41.152122 -42.325043 27.364571 31.704703 -3.090865 -33.734349 27.007067 0.000004 -0.000000 0.000000 2.773837 0.668628 -2.525012 -26.259053 -4.777221 -12.380788 6.991794 21.587259 5.959297 0.000001 -0.000001 -0.000000 
-5.600785 105.641068 -4.436445 18.707041 -9.463474 2.679507 -24.852989 -0.085229 15.562895 5.933942 1.917851 -3.198844 -1.299318 -7.227604 -10.728932 -4.502278 21.244873 -11.444674 -0.000002 0.000000 0.000000 -2.330039 12.098497 -29.083980 2.814882 8.071279 -57.234451 -18.056042 37.499149 56.538868 0.000003 0.000003 -0.000000 10.612072 -10.401745 16.322535 23.608043 17.539649 43.474291 -7.815096 -19.461560 -31.917074 -0.000001 -0.000002 -0.000000 62.241759 -35.006308 -41.233275 -42.689420 27.247079 31.725781 -3.222790 -33.288727 26.710368 0.000000 -0.000001 -0.000000 3.619634 0.541034 -2.756846 -27.385500 -5.070259 -12.527083 7.245742 22.762838 6.217719 0.000001 -0.000003 0.000001 
-5.457273 105.605629 -4.416427 19.355125 -10.183863 2.954861 -25.168921 -0.021360 15.397932 5.701698 2.103658 -3.234496 -0.937869 -7.198949 -10.661906 -4.309957 21.466569 -11.554117 -0.000001 -0.000000 -0.000001 -2.323986 12.572630 -29.167944 2.482175 7.094420 -57.164213 -18.285813 37.396385 57.012412 -0.000000 0.000000 -0.000002 10.719160 -9.928015 16.080729 23.604521 17.847643 43.276594 -6.986533 -19.412410 -31.016760 -0.000001 -0.000003 0.000001 62.137400 -35.193806 -41.148113 -43.011525 26.866636 31.712575 -3.645023 -32.567028 26.082766 -0.000003 -0.000001 -0.000000 3.185662 0.617885 -2.975125 -27.726132 -5.082867 -12.441532 7.406170 22.898009 6.282256 0.000001 -0.000001 0.000001 
-5.317479 105.569054 -4.394079 19.900926 -10.220082 3.020797 -25.574008 0.001676 15.389890 6.044602 2.036812 -3.267551 -1.110247 -6.798008 -10.711362 -4.680411 21.220971 -11.234344 -0.000002 0.000000 -0.000001 -2.054603 11.297349 -29.385960 2.215162 6.332548 -57.243682 -18.383587 36.551013 57.271587 0.000007 0.000003 -0.000002 10.690474 -10.446607 16.068961 23.642792 17.974553 42.973819 -6.377187 -19.070925 -30.192592 0.000001 -0.000005 0.000003 61.633120 -35.273754 -41.059020 -43.110651 26.808841 31.784497 -4.165453 -32.468715 25.911998 -0.000001 -0.000000 0.000000 2.728716 0.698988 -3.070319 -27.590061 -5.075137 -12.387661 7.383719 22.961684 6.342568 0.000001 0.000003 -0.000000 
-5.192645 105.535843 -4.373244 19.710092 -10.326219 3.064335 -24.910065 0.019086 15.200441 5.766690 2.094898 -3.195085 -1.089988 -6.620967 -10.744933 -4.743667 21.234974 -11.266408 -0.000000 0.000000 -0.000001 -1.986831 10.141052 -29.465658 2.168842 6.544295 -57.395070 -18.604906 35.920532 57.395705 0.000005 -0.000004 0.000003 10.579869 -10.560474 16.038795 23.642881 17.683319 42.873446 -5.892715 -19.040764 -29.448033 0.000002 -0.000003 0.000001 61.817112 -35.375404 -41.118494 -42.945661 27.000212 31.739773 -4.111448 -32.509136 25.974364 0.000004 -0.000001 -0.000000 2.983788 0.639122 -3.177350 -27.616104 -5.116641 -12.361918 7.451256 22.950788 6.310654 0.000001 0.000001 -0.000001 
-5.073708 105.500275 -4.346238 19.926068 -10.740899 3.174340 -25.052070 0.028065 15.139473 5.752467 2.185437 -3.242370 -1.056221 -6.455351 -10.637070 -5.327011 21.242575 -11.049924 -0.000000 0.000000 -0.000002 -1.813756 10.287698 -29.621864 1.878472 5.387847 -57.263602 -18.643679 36.202905 57.848171 0.000007 0.000003 -0.000000 10.632812 -11.012705 16.034378 23.554032 18.242614 42.403689 -5.307062 -18.726555 -28.976067 0.000002 -0.000003 0.000003 61.908766 -35.400406 -41.083759 -43.140400 26.661369 31.642436 -4.629597 -32.143826 25.632749 0.000004 0.000001 0.000001 2.781587 0.707484 -3.146310 -27.369816 -5.071875 -12.553380 7.198086 23.419523 6.468301 0.000001 -0.000001 -0.000001 
-4.965392 105.463890 -4.317352 19.722627 -10.831393 3.112025 -24.855354 0.015972 15.123079 5.398884 2.238424 -3.139193 -1.039336 -6.792947 -10.742649 -5.281279 21.405219 -11.230988 -0.000001 0.000000 0.000000 -1.849795 11.171193 -29.388535 1.673795 4.819412 -57.112570 -18.383837 36.792269 57.481533 0.000004 0.000000 0.000003 10.605266 -10.575687 15.722320 23.507549 18.429905 42.254836 -4.808687 -18.761174 -28.409803 -0.000000 -0.000003 0.000002 62.241608 -35.347414 -41.160970 -43.081469 26.668740 31.561823 -4.518530 -32.277657 25.756456 -0.000003 -0.000002 0.000002 3.276031 0.629824 -3.116202 -27.635172 -5.185979 -12.592039 6.918897 23.717350 6.566368 0.000002 -0.000003 0.000003 
-4.868717 105.426903 -4.287050 21.421488 -10.124431 2.787250 -26.511451 -0.031970 15.637602 5.852705 1.852984 -2.916547 -1.436412 -8.277600 -11.376775 -7.137203 21.825694 -10.968470 -0.000002 0.000000 0.000001 -1.803943 11.567971 -29.257815 1.815529 4.860240 -57.121613 -18.331364 36.918860 57.592585 0.000006 0.000000 0.000003 10.894392 -8.208154 15.051053 23.371046 19.058492 42.474358 -5.429673 -18.316165 -29.143102 -0.000003 0.000001 -0.000003 61.060580 -34.976668 -40.942568 -43.412986 26.447881 31.683666 -3.765333 -32.782941 26.312049 0.000002 -0.000002 0.000000 1.954132 0.833520 -2.804712 -27.991898 -5.369151 -12.387171 6.350486 23.357510 6.484421 -0.000001 -0.000001 -0.000000 
-4.781428 105.393059 -4.256601 22.140383 -9.831841 2.622439 -26.886162 -0.053797 15.805717 5.572270 1.798553 -2.735110 -1.414976 -8.732367 -11.681717 -7.852145 21.854300 -10.833866 -0.000001 0.000000 -0.000001 -1.797427 11.389489 -29.241037 1.812842 4.771053 -56.927800 -18.158280 37.117263 57.329746 0.000004 -0.000001 0.000002 10.932115 -7.469369 14.814158 23.286277 19.226897 42.463266 -5.340735 -18.324923 -29.083383 -0.000003 -0.000002 -0.000000 60.400913 -34.768976 -40.847711 -43.489443 26.474788 31.731170 -3.542253 -33.117405 26.630670 0.000002 -0.000000 0.000000 1.160084 0.931918 -2.623804 -27.829461 -5.417947 -12.314141 5.998444 23.115561 6.439481 0.000001 -0.000001 0.000000 
-4.698277 105.365723 -4.232460 21.400171 -10.608816 2.875471 -26.200059 -0.011362 15.560184 6.120382 1.850394 -3.096025 -1.481754 -7.159121 -11.061043 -6.652004 21.308199 -10.842653 -0.000002 -0.000001 0.000001 -1.821903 10.468342 -29.308509 1.910547 5.178623 -56.711689 -17.759226 36.636916 56.503071 0.000002 -0.000002 0.000004 10.520261 -9.714941 15.298396 23.406857 18.534828 42.168587 -4.267319 -18.792424 -27.873049 -0.000002 0.000000 0.000001 60.932377 -34.879707 -40.937538 -43.367067 26.376835 31.603835 -3.766510 -32.422993 26.018882 0.000000 0.000001 -0.000001 1.782846 0.830915 -2.765252 -27.852627 -5.361880 -12.367864 6.310870 23.680052 6.596724 0.000001 -0.000001 -0.000000 
-4.626462 105.342316 -4.209438 20.572210 -10.902369 3.008822 -25.019828 0.013862 15.218546 5.145410 2.182878 -3.006285 -0.715466 -6.551638 -10.930187 -6.420360 20.900334 -10.670537 -0.000000 0.000000 0.000001 -1.697808 9.413762 -29.319345 1.875613 5.069652 -56.742432 -17.655914 36.453864 56.459980 0.000001 -0.000003 0.000004 10.376134 -10.629296 15.442855 23.445473 18.499603 42.169800 -4.027686 -18.738861 -27.682965 0.000001 -0.000002 -0.000000 61.738865 -35.073025 -41.076884 -43.411747 26.341868 31.559886 -3.676277 -32.264294 25.903274 0.000003 -0.000001 -0.000000 2.753873 0.677809 -3.002613 -28.242936 -5.460095 -12.357829 6.889340 23.744883 6.495625 0.000003 -0.000001 0.000000 
-4.558750 105.325264 -4.187100 20.405294 -11.274832 3.164672 -24.763688 0.031539 15.117237 5.528558 2.189739 -3.210851 -0.958817 -6.188195 -10.701082 -6.430208 20.834744 -10.644161 -0.000001 -0.000001 0.000001 -1.707262 9.161730 -29.353653 1.807139 5.005146 -56.623901 -17.492437 36.028257 56.150968 0.000008 0.000003 0.000001 10.346109 -10.524648 15.423100 23.337097 18.632725 42.197144 -4.105257 -18.363939 -27.567548 -0.000001 0.000002 0.000001 61.543105 -35.070556 -41.042289 -42.819730 26.660323 31.339954 -4.192850 -32.064385 25.627070 -0.000001 -0.000002 0.000000 2.659984 0.688510 -3.066146 -27.879376 -5.395763 -12.390880 6.837286 23.634456 6.445575 0.000002 -0.000001 0.000001 
-4.496387 105.298309 -4.164159 21.617100 -10.567954 2.927939 -26.364252 -0.003088 15.661728 5.939353 1.865762 -3.064027 -1.180506 -7.487309 -11.247625 -7.914890 21.083746 -10.483617 -0.000002 0.000000 0.000000 -1.961867 9.816150 -29.099625 1.751913 5.465568 -56.334328 -17.418222 36.823537 55.422894 0.000004 0.000002 -0.000001 10.238928 -9.747835 15.263456 22.736919 18.823054 42.218861 -3.837177 -18.594876 -26.811190 0.000003 0.000001 0.000002 60.591018 -34.877480 -40.879877 -43.142692 26.497497 31.547271 -4.411934 -32.751887 26.069427 0.000002 -0.000001 -0.000000 1.506668 0.824060 -2.896431 -27.837582 -5.382182 -12.197180 6.375223 23.058949 6.335578 0.000001 -0.000001 -0.000001 
-4.444896 105.270386 -4.139755 22.108728 -10.191032 2.810589 -27.346428 -0.017324 15.936290 6.271585 1.659795 -2.991276 -1.548604 -8.208008 -11.511108 -7.958446 21.303258 -10.621526 -0.000000 0.000000 0.000000 -2.105318 10.697792 -28.840170 1.755060 5.557155 -56.192745 -17.072206 37.255168 54.820580 0.000002 -0.000000 0.000003 10.366403 -8.053574 14.737690 22.989303 18.480212 42.628423 -4.266714 -18.219087 -27.128350 -0.000000 0.000000 0.000003 60.282355 -34.809902 -40.866968 -43.289531 26.508961 31.600891 -4.324900 -33.153595 26.387017 0.000004 0.000001 0.000001 1.046724 0.873426 -2.801261 -27.656495 -5.350428 -12.191794 5.945625 23.011145 6.437464 0.000001 0.000001 -0.000001 
-4.395201 105.243988 -4.113471 21.013287 -10.683564 3.025749 -26.148715 -0.005545 15.620772 6.009395 1.889149 -3.120164 -1.047149 -6.773922 -11.092741 -6.624754 20.676470 -10.598242 0.000001 0.000000 -0.000002 -1.851816 9.612331 -28.856077 1.694064 5.319378 -56.271968 -16.875862 37.289800 54.565893 0.000006 0.000003 0.000001 10.082957 -10.299661 15.035265 23.216189 18.186869 42.368097 -3.515288 -18.464315 -26.408617 -0.000002 -0.000003 0.000001 61.389843 -35.100854 -41.059959 -43.442722 26.299102 31.645113 -3.988957 -32.554294 26.007199 0.000000 -0.000001 -0.000000 2.344531 0.692952 -3.060408 -28.119486 -5.409722 -12.277894 6.823919 23.268837 6.295364 0.000001 0.000001 -0.000001 
-4.349514 105.224663 -4.089600 20.843179 -11.098795 3.184290 -25.667574 -0.008597 15.543091 6.027431 1.999119 -3.286286 -1.141486 -6.408869 -10.818083 -5.848008 20.690665 -10.907519 -0.000000 -0.000000 -0.000003 -1.911479 9.492925 -28.991359 1.774142 5.477982 -56.035538 -16.462986 36.049240 53.861752 0.000005 -0.000001 0.000003 10.105643 -10.035587 15.110772 23.221368 17.951665 42.184638 -3.544389 -18.023457 -26.205604 -0.000001 -0.000001 0.000001 61.290662 -35.117110 -41.034889 -43.062178 26.464925 31.508557 -4.313061 -32.078544 25.517655 0.000002 -0.000000 0.000000 2.396433 0.711050 -3.077742 -28.126623 -5.328643 -12.360032 7.273211 23.303137 6.271238 0.000001 -0.000001 0.000002 
-4.306764 105.203812 -4.065561 20.356088 -11.177328 3.201239 -25.182025 -0.032411 15.512178 5.383829 2.167936 -3.172897 -0.598780 -6.128150 -10.826267 -5.759165 20.576015 -10.873172 -0.000002 0.000001 -0.000001 -1.872231 9.021878 -28.890672 1.593923 5.252957 -56.141235 -16.499874 36.125697 53.845335 0.000004 0.000000 -0.000001 9.917060 -10.986857 15.158614 23.360101 17.615659 42.145491 -3.056695 -18.172944 -25.741409 -0.000000 0.000001 0.000001 61.850232 -35.240020 -41.123019 -43.217769 26.392083 31.553746 -4.366047 -32.151384 25.566192 -0.000001 -0.000003 -0.000001 3.038673 0.619353 -3.189201 -28.352496 -5.382161 -12.362767 7.445232 23.426275 6.289934 0.000002 -0.000001 -0.000000 
-4.271381 105.185303 -4.043071 20.447177 -11.313596 3.263874 -25.241275 -0.046488 15.647359 5.561689 2.160984 -3.275427 -0.654973 -6.182867 -10.814644 -5.977405 20.741276 -10.895138 -0.000001 0.000000 0.000000 -2.116010 9.569853 -28.743833 1.657276 5.756557 -56.001216 -16.537848 36.687975 53.358059 0.000002 0.000002 -0.000001 9.688047 -10.942230 15.094144 23.258396 17.349348 42.303603 -2.911706 -18.636135 -25.225318 -0.000001 0.000000 0.000001 61.673910 -35.231912 -41.069938 -43.019803 26.481038 31.515073 -4.367979 -31.969547 25.441471 -0.000001 -0.000000 0.000000 2.793863 0.620288 -3.203080 -28.236140 -5.347483 -12.293184 7.149280 23.293349 6.324415 0.000002 0.000001 0.000002 
-4.238022 105.166466 -4.022099 20.078256 -11.332870 3.245799 -25.007853 -0.061441 15.680035 5.505849 2.129804 -3.245233 -0.851665 -6.244201 -10.727446 -5.579589 20.944715 -11.206722 0.000001 0.000001 -0.000002 -2.236523 9.896552 -28.607038 1.727085 6.268325 -55.886923 -16.289735 37.146981 52.690050 0.000005 0.000001 0.000001 9.670976 -10.529450 15.132721 23.408052 16.710842 42.323073 -3.142666 -18.177584 -25.041044 0.000001 0.000003 -0.000003 62.078292 -35.236724 -41.115772 -42.973529 26.386064 31.485676 -4.574530 -31.947148 25.376830 0.000003 -0.000001 -0.000002 3.065371 0.568932 -3.201488 -28.102981 -5.286151 -12.361901 7.085050 23.442304 6.393186 0.000001 -0.000001 0.000003 
-4.208371 105.148529 -4.000087 20.208607 -11.239555 3.209177 -25.066583 -0.114067 15.779769 5.648308 2.051853 -3.216556 -1.045782 -6.478446 -10.785522 -5.007177 21.199878 -11.552270 -0.000000 0.000001 -0.000002 -2.193019 10.500079 -28.623866 1.721942 5.885541 -55.814130 -16.000049 36.902310 52.681778 0.000002 -0.000000 -0.000003 9.857935 -10.020287 15.047494 23.346350 17.196099 42.176186 -3.216886 -18.022130 -25.498445 -0.000005 -0.000002 0.000002 61.861044 -35.135893 -41.111937 -42.820512 26.537696 31.390802 -4.283436 -31.924714 25.450169 -0.000001 -0.000001 -0.000000 3.040488 0.561389 -3.177090 -28.067973 -5.407520 -12.352418 7.171999 23.538324 6.332533 -0.000000 -0.000001 -0.000000 
-4.184669 105.135399 -3.977885 20.380280 -10.841330 3.105159 -25.321526 -0.138862 15.944100 5.357334 2.080817 -3.121257 -0.672624 -6.350705 -10.929963 -5.304843 20.932479 -11.309260 -0.000001 0.000000 0.000000 -2.117409 9.934627 -28.720211 1.662738 5.910781 -55.770783 -16.013051 36.946023 52.495755 -0.000004 -0.000001 -0.000002 9.771244 -10.485050 15.103799 23.343129 17.082172 42.191721 -3.120317 -18.191729 -25.268826 0.000000 0.000001 0.000002 61.613770 -35.015002 -41.118517 -42.696957 26.621817 31.364516 -4.338995 -32.063592 25.546793 0.000001 -0.000000 0.000000 2.940817 0.536988 -3.109563 -28.128812 -5.443550 -12.337208 6.885646 23.293959 6.272487 0.000002 -0.000001 0.000001 
-4.167853 105.122986 -3.960620 20.485472 -11.007311 3.262442 -25.520397 -0.122950 15.953164 5.726732 1.959886 -3.201632 -0.890066 -6.244793 -10.898172 -5.478088 20.844214 -11.386980 -0.000000 0.000001 0.000000 -2.135067 9.627009 -28.858625 1.583419 5.876590 -55.691955 -16.070837 36.958522 52.489836 0.000003 -0.000006 0.000003 9.758234 -10.575435 15.265879 23.160982 17.155378 42.158110 -3.085675 -18.307716 -25.228905 0.000001 -0.000001 0.000000 61.212715 -35.073322 -41.122824 -42.488991 26.815478 31.304574 -4.568905 -31.967232 25.402262 -0.000001 -0.000001 -0.000000 2.727106 0.524281 -3.175109 -28.273780 -5.534285 -12.396518 6.788050 23.555444 6.281938 0.000001 0.000001 -0.000001 
-4.149879 105.110497 -3.941848 21.896816 -10.237275 2.952396 -26.753066 -0.191707 16.466683 5.425627 1.811599 -2.895329 -0.973268 -7.574619 -11.510627 -6.821302 21.199748 -11.272859 -0.000001 0.000000 0.000002 -2.253722 10.022389 -28.749448 1.753474 6.222097 -55.695794 -15.940526 37.164890 52.477843 0.000003 -0.000001 0.000004 9.973467 -8.308282 14.713056 22.948302 17.609983 42.617679 -3.740224 -18.522910 -26.228623 -0.000000 -0.000002 0.000002 59.899045 -34.762149 -40.922453 -42.475901 27.016885 31.371004 -4.289470 -32.527475 25.872956 0.000004 0.000001 -0.000003 1.252193 0.728043 -2.897598 -27.784158 -5.497458 -12.229621 5.950537 23.151918 6.333441 0.000001 0.000003 0.000001 
-4.135857 105.106125 -3.931359 21.353374 -10.751972 3.214585 -26.018166 -0.168585 16.186204 5.507766 1.963120 -3.074136 -0.877955 -7.160125 -11.189503 -6.244435 21.218305 -11.361453 -0.000000 -0.000001 0.000001 -1.988793 10.015376 -28.906757 1.885672 5.800992 -55.721933 -15.784951 36.793338 52.781366 0.000008 0.000002 0.000002 10.162804 -8.605102 14.703686 23.176270 17.945572 42.313633 -3.658718 -18.060519 -26.414447 -0.000000 -0.000003 0.000003 60.481940 -34.928915 -41.017376 -42.460844 26.782321 31.424191 -4.730213 -32.214997 25.507186 0.000004 -0.000003 -0.000000 1.789466 0.685471 -3.117806 -27.956763 -5.386179 -12.239554 6.781930 23.229789 6.172807 0.000002 -0.000001 0.000002 
-4.122730 105.097267 -3.912943 22.404499 -10.023139 2.942129 -27.056466 -0.216978 16.591042 5.748379 1.690150 -2.897650 -1.219045 -8.073214 -11.616448 -6.951578 21.423932 -11.411017 -0.000003 0.000000 -0.000001 -2.165216 10.252585 -28.770584 1.559522 5.431868 -55.835850 -16.002305 37.175654 53.040561 0.000005 0.000000 -0.000001 10.286045 -7.170790 14.520402 23.012347 17.883925 42.472077 -4.053768 -18.057803 -26.785478 -0.000004 -0.000002 -0.000002 59.593776 -34.707408 -40.872627 -42.585683 26.781774 31.440184 -4.635974 -32.797749 25.923732 -0.000004 -0.000000 -0.000001 0.646742 0.834799 -2.891353 -27.585669 -5.368471 -12.139173 6.133722 22.787413 6.174081 0.000002 -0.000001 0.000001 
-4.114277 105.090324 -3.896424 22.571333 -9.924364 2.853462 -27.246991 -0.237610 16.671647 5.864237 1.653837 -2.877185 -1.263908 -8.140151 -11.618523 -7.194424 21.392050 -11.218190 -0.000002 -0.000001 0.000001 -2.026005 9.999217 -28.682089 1.552905 5.274057 -56.004990 -15.951751 36.963399 53.075949 0.000006 0.000004 -0.000002 10.407793 -6.770595 14.350830 23.259782 17.816591 42.454161 -4.374772 -17.431520 -27.012271 0.000000 0.000001 0.000000 59.339229 -34.608910 -40.809772 -42.555504 26.847114 31.512574 -4.364405 -32.813048 26.010383 -0.000001 -0.000000 0.000000 0.569804 0.894530 -2.778587 -27.711543 -5.308492 -12.204096 6.116644 22.929213 6.238720 0.000001 -0.000003 0.000001 
-4.116199 105.083984 -3.880933 22.105301 -9.784868 2.847424 -26.396612 -0.206398 16.438793 5.376214 1.800177 -2.826713 -1.292512 -8.352893 -11.619669 -6.837818 21.329501 -11.325568 -0.000000 0.000000 0.000000 -2.169827 10.292820 -28.442877 1.674060 5.831828 -56.016400 -15.769790 36.843434 52.644554 0.000003 -0.000002 0.000003 10.265982 -6.552419 14.220181 23.141746 17.682602 42.664592 -4.182213 -17.844402 -26.785630 -0.000002 0.000003 0.000003 59.739655 -34.628260 -40.832681 -42.550487 26.747931 31.418891 -4.235154 -32.886148 26.109877 -0.000003 -0.000002 0.000000 0.955422 0.842742 -2.806999 -27.700018 -5.347968 -12.212240 5.741732 22.775942 6.270737 0.000001 0.000001 -0.000001 
-4.118233 105.077339 -3.863918 22.344190 -9.916198 2.900144 -26.970566 -0.231236 16.567379 5.837049 1.771941 -2.964743 -1.462152 -8.392377 -11.580644 -7.283840 21.427891 -11.091956 -0.000000 0.000001 -0.000002 -2.018783 10.498413 -28.560581 1.670731 5.396885 -55.947008 -15.693061 36.562365 52.721462 0.000007 0.000004 0.000003 10.443277 -6.360016 14.161670 23.050792 18.283163 42.541543 -4.453242 -17.808156 -27.195870 -0.000002 -0.000002 0.000003 59.540391 -34.617099 -40.767873 -42.554322 26.759488 31.436998 -4.223937 -32.602354 25.955009 0.000002 0.000002 -0.000002 0.916521 0.869936 -2.801411 -27.910082 -5.412072 -12.175672 5.729184 22.909462 6.308498 0.000001 0.000003 -0.000001 
