HIERARCHY
ROOT Hips
{
	OFFSET -1.974227 105.409012 -3.279584
	CHANNELS 6 Xposition Yposition Zposition Xrotation Yrotation Zrotation
	JOINT Chest
	{
		OFFSET 2.940344 13.303650 0.722150
		CHANNELS 3 Xrotation Yrotation Zrotation
		JOINT Chest2
		{
			OFFSET 3.179612 20.824432 3.911462
			CHANNELS 3 Xrotation Yrotation Zrotation
			JOINT Chest3
			{
				OFFSET 0.627476 14.912262 -0.224742
				CHANNELS 3 Xrotation Yrotation Zrotation
				JOINT Neck
				{
					OFFSET 0.274185 17.230911 1.279223
					CHANNELS 3 Xrotation Yrotation Zrotation
					JOINT Head
					{
						OFFSET -1.654283 10.119263 2.166015
						CHANNELS 3 Xrotation Yrotation Zrotation
						End Site
						{
							OFFSET -1.645926 10.135513 2.095232
						}
					}
				}
				JOINT LeftCollar
				{
					OFFSET 4.784082 12.980515 3.228499
					CHANNELS 3 Xrotation Yrotation Zrotation
					JOINT LeftUpArm
					{
						OFFSET 14.532368 5.593704 -8.125284
						CHANNELS 3 Xrotation Yrotation Zrotation
						JOINT LeftLowArm
						{
							OFFSET 23.061132 20.128693 14.238941
							CHANNELS 3 Xrotation Yrotation Zrotation
							JOINT LeftHand
							{
								OFFSET -26.345043 7.511490 12.266379
								CHANNELS 3 Xrotation Yrotation Zrotation
								End Site
								{
									OFFSET -5.757849 1.641724 2.680883
								}
							}
						}
					}
				}
				JOINT RightCollar
				{
					OFFSET -3.546612 13.024231 4.427121
					CHANNELS 3 Xrotation Yrotation Zrotation
					JOINT RightUpArm
					{
						OFFSET -16.918751 -3.628159 -3.014737
						CHANNELS 3 Xrotation Yrotation Zrotation
						JOINT RightLowArm
						{
							OFFSET -18.383831 -12.365417 25.472832
							CHANNELS 3 Xrotation Yrotation Zrotation
							JOINT RightHand
							{
								OFFSET 14.207071 26.267685 3.020452
								CHANNELS 3 Xrotation Yrotation Zrotation
								End Site
								{
									OFFSET 3.105106 5.741058 0.660149
								}
							}
						}
					}
				}
			}
		}
	}
	JOINT LeftUpLeg
	{
		OFFSET 9.778581 -2.134796 -0.491065
		CHANNELS 3 Xrotation Yrotation Zrotation
		JOINT LeftLowLeg
		{
			OFFSET 0.759645 -41.148338 23.456907
			CHANNELS 3 Xrotation Yrotation Zrotation
			JOINT LeftFoot
			{
				OFFSET -20.677874 -37.024258 -14.219643
				CHANNELS 3 Xrotation Yrotation Zrotation
				JOINT LeftToe
				{
					OFFSET -8.684329 -19.317760 10.534050
					CHANNELS 3 Xrotation Yrotation Zrotation
					End Site
					{
						OFFSET -1.142078 -10.268087 21.279589
					}
				}
			}
		}
	}
	JOINT RightUpLeg
	{
		OFFSET -9.778626 2.134605 0.491054
		CHANNELS 3 Xrotation Yrotation Zrotation
		JOINT RightLowLeg
		{
			OFFSET -0.354685 -47.176979 4.268290
			CHANNELS 3 Xrotation Yrotation Zrotation
			JOINT RightFoot
			{
				OFFSET 6.218884 -40.711609 -17.449051
				CHANNELS 3 Xrotation Yrotation Zrotation
				JOINT RightToe
				{
					OFFSET -0.264692 -18.907640 14.212238
					CHANNELS 3 Xrotation Yrotation Zrotation
					End Site
					{
						OFFSET -5.281231 -6.077994 22.242361
					}
				}
			}
		}
	}
}
MOTION
Frames: 230
Frame Time: 0.033333
1.669122 105.824234 -1.111724 5.313628 -3.869714 10.657274 -7.221457 1.362693 -1.353025 0.086579 5.310363 -5.364031 3.861510 -6.909347 -4.632936 -7.269732 9.604007 -4.769451 -0.000001 0.000001 0.000001 2.758461 6.663626 -42.189597 22.598408 7.690343 -78.300401 66.166037 48.748638 -103.461595 -0.000003 0.000003 -0.000001 7.763109 -9.823283 10.708413 42.318623 -2.369155 31.943480 104.997261 -3.603105 37.205663 -0.000000 0.000003 -0.000000 31.869400 -6.797091 -4.958837 -35.970177 9.498911 28.820905 -21.286705 0.932842 -2.239483 0.000001 -0.000001 0.000003 2.444396 0.278117 -12.513386 -7.177617 -1.558281 -6.458852 -1.278867 10.218745 2.318874 0.000001 -0.000002 0.000004 
1.673507 105.827034 -1.120030 5.168472 -3.902586 10.630602 -7.182437 1.330611 -1.300421 0.455103 5.219768 -5.337724 3.463262 -6.615795 -4.700137 -6.734094 9.486048 -4.630185 0.000001 -0.000000 0.000001 2.908824 6.176325 -42.297381 22.731843 7.724176 -78.223213 66.176166 48.987766 -103.423845 0.000003 -0.000001 0.000000 7.832122 -10.576177 11.020345 42.409041 -2.614336 31.658080 105.341475 -3.662227 37.144512 0.000000 0.000001 -0.000002 31.899425 -6.808056 -4.938992 -35.784833 9.470655 28.777544 -21.452419 1.111567 -2.146913 0.000003 0.000000 0.000002 2.470272 0.283245 -12.585838 -7.249258 -1.554537 -6.313642 -1.279936 10.180535 2.361226 0.000003 -0.000003 0.000000 
1.686319 105.833450 -1.128675 5.250019 -3.949942 10.614925 -7.201973 1.327856 -1.242121 0.235979 5.171303 -5.221445 3.537454 -6.802642 -4.792999 -6.287488 9.635026 -4.762109 -0.000001 0.000000 0.000001 2.927429 6.365586 -42.288399 22.713900 7.587978 -78.177731 66.032712 48.908495 -103.045322 0.000001 0.000004 0.000001 7.921748 -10.502198 11.062462 42.479600 -2.672753 31.585923 105.353079 -3.735066 37.191849 0.000001 -0.000005 0.000000 31.879553 -6.777372 -5.011015 -36.099927 9.478130 28.903090 -21.139301 1.057878 -2.159789 0.000005 0.000002 -0.000002 2.192172 0.321232 -12.579602 -6.750887 -1.392259 -6.336693 -1.458673 9.939667 2.288240 0.000001 -0.000001 0.000001 
1.698830 105.838806 -1.137242 5.547800 -3.820261 10.616535 -7.357124 1.361214 -1.252353 0.050572 5.179034 -5.167142 3.688482 -7.045365 -4.804292 -6.132574 9.696717 -4.808585 -0.000001 0.000000 0.000001 2.965507 6.569071 -42.334639 22.735084 7.051194 -77.982264 66.039815 49.305233 -102.997627 -0.000005 0.000004 0.000000 8.015512 -10.452320 11.110038 42.509786 -2.672061 31.376533 105.253304 -4.069967 36.942331 -0.000003 -0.000003 -0.000001 31.796986 -6.719900 -4.998733 -36.275538 9.589070 28.914619 -21.191104 0.896467 -2.268190 0.000002 0.000000 0.000002 1.894255 0.357724 -12.617590 -6.507073 -1.494854 -6.286472 -1.524222 9.856412 2.204452 0.000002 -0.000002 0.000002 
1.714124 105.843857 -1.145727 5.409083 -4.102259 10.728541 -7.713182 1.461446 -1.309846 0.943745 5.014349 -5.258677 3.081386 -6.673084 -4.782947 -6.066901 9.669898 -4.877134 0.000000 0.000000 0.000001 3.033369 6.259828 -42.392174 22.639953 6.917564 -77.814829 66.312893 49.486377 -103.796623 -0.000002 0.000002 -0.000004 8.008022 -11.130816 11.409343 42.403587 -2.782412 31.204600 105.676967 -3.983673 37.012365 0.000001 0.000003 -0.000002 32.117995 -6.812958 -5.196196 -36.615736 9.689586 29.002687 -20.879842 0.777406 -2.284121 0.000004 -0.000001 0.000003 1.641231 0.369089 -12.774697 -5.931797 -1.505237 -6.356381 -1.563770 10.266946 2.250768 -0.000001 -0.000001 -0.000002 
1.733816 105.852898 -1.157891 5.492819 -3.994657 10.794151 -7.858775 1.513085 -1.352668 1.035592 5.023170 -5.294464 3.177172 -6.705230 -4.753964 -6.508939 9.570282 -4.736526 0.000000 0.000001 0.000000 3.028588 6.195070 -42.300338 22.661938 6.825969 -77.943093 66.307859 49.561103 -103.906186 0.000001 0.000000 -0.000003 8.030278 -10.881383 11.427434 42.272884 -2.669151 31.119790 105.960133 -3.926922 37.568728 -0.000002 -0.000004 0.000002 31.982159 -6.861153 -5.266703 -36.605064 9.694162 29.002066 -21.071619 0.889209 -2.228031 0.000000 -0.000001 0.000002 1.454133 0.423116 -12.910936 -5.989387 -1.537686 -6.208063 -1.334454 10.190296 2.216186 0.000001 -0.000001 -0.000001 
1.754565 105.859604 -1.166176 5.528919 -3.785756 10.735614 -8.026972 1.531469 -1.261500 1.156134 4.943206 -5.224626 2.923553 -6.890329 -4.832772 -6.007020 9.632326 -4.842713 0.000000 -0.000000 0.000001 3.069801 6.121729 -42.306677 22.774427 7.142213 -78.198986 66.209129 49.574210 -103.653933 0.000002 0.000002 -0.000003 8.098197 -10.253584 11.326052 42.395442 -2.837641 31.140878 106.134965 -3.827642 37.582539 -0.000003 -0.000004 0.000002 31.808662 -6.860935 -5.223333 -36.336787 9.630476 29.000061 -21.320195 0.817389 -2.320406 0.000003 0.000000 0.000002 1.200926 0.520244 -12.895488 -5.719679 -1.504450 -6.154098 -1.313482 9.946901 2.112592 -0.000000 0.000001 0.000001 
1.775792 105.866432 -1.173962 4.989004 -3.868675 10.779944 -7.143502 1.347254 -1.438958 0.324526 5.085339 -5.164487 3.359233 -6.640599 -4.783578 -5.773769 9.441230 -4.786220 0.000000 0.000000 0.000001 3.118454 6.055340 -42.236657 22.854988 7.182652 -78.320919 66.175804 49.652764 -103.238985 0.000001 -0.000001 -0.000001 8.103280 -10.653042 11.327888 42.306434 -2.720103 31.012047 106.307154 -3.934796 37.352676 -0.000002 -0.000001 0.000003 32.446096 -6.930649 -5.300390 -36.596403 9.700833 29.082689 -21.242710 0.809793 -2.316064 -0.000000 0.000000 0.000002 1.800799 0.310471 -13.013699 -5.904215 -1.598840 -6.175196 -1.401926 10.187302 2.154138 0.000003 -0.000001 -0.000000 
1.793868 105.869469 -1.172479 4.623027 -3.675134 10.725122 -6.928424 1.300760 -1.399166 0.206715 5.096781 -5.122214 3.407818 -6.953074 -4.811852 -5.229542 9.621335 -4.871550 -0.000001 0.000000 0.000001 2.848089 6.699368 -42.176131 22.765645 7.488648 -78.550133 66.279357 49.190739 -103.633217 -0.000000 -0.000001 0.000003 7.981516 -10.336622 11.340071 42.107498 -2.872910 31.107892 106.656279 -3.333819 37.494658 -0.000001 -0.000004 0.000000 32.728241 -7.039852 -5.171669 -36.265958 9.516413 28.978700 -21.454174 1.000956 -2.252627 0.000001 -0.000001 0.000003 2.141786 0.299153 -12.999920 -5.643179 -1.311176 -6.041068 -1.692350 9.625139 2.229085 -0.000002 -0.000002 -0.000000 
1.813890 105.874100 -1.173929 4.513880 -3.740205 10.804385 -6.804849 1.273062 -1.452441 0.689890 5.030228 -5.201799 2.938448 -6.899129 -4.797312 -5.463946 9.685155 -4.860295 0.000000 0.000000 0.000001 2.852423 6.303034 -42.410714 22.670477 7.478320 -78.626009 65.365621 49.272889 -102.524199 0.000004 0.000002 0.000000 7.977919 -10.042365 11.425549 41.508497 -2.412070 30.843113 107.005466 -3.061676 38.076843 -0.000000 -0.000001 0.000005 32.539520 -7.047099 -5.231618 -35.746673 9.451416 28.786543 -21.832597 1.288165 -2.073897 0.000002 0.000001 -0.000000 1.789523 0.383141 -13.058223 -4.877932 -1.178739 -6.065173 -1.829119 9.420129 2.145464 -0.000000 -0.000002 0.000001 
1.831630 105.878937 -1.177032 5.002905 -3.699427 10.796277 -7.462479 1.412672 -1.367641 1.308773 4.896001 -5.224648 2.526154 -6.914820 -4.832900 -5.489371 9.692590 -4.804444 -0.000001 0.000000 0.000001 2.947675 6.153090 -42.480795 22.637002 6.775076 -78.501522 65.042430 49.712818 -102.404582 -0.000002 0.000000 -0.000003 8.083525 -9.775406 11.361587 41.121786 -1.790705 30.585099 107.108616 -3.270600 38.336588 -0.000000 -0.000004 0.000001 32.332312 -6.952321 -5.150403 -35.832846 9.443507 28.658179 -21.682007 1.119180 -2.229616 0.000003 0.000000 0.000002 1.474875 0.481566 -13.021578 -5.361983 -1.181720 -6.042274 -1.700807 9.366970 2.128595 -0.000000 -0.000001 0.000001 
1.846884 105.883301 -1.173025 4.930723 -3.634881 10.767463 -7.337572 1.382808 -1.348859 1.216894 4.948917 -5.241338 2.519923 -6.829996 -4.768509 -5.249627 9.655668 -4.777000 0.000000 -0.000000 0.000001 2.817394 6.066577 -42.571722 22.348512 6.512052 -78.650953 64.920388 49.455337 -103.230899 -0.000002 0.000001 -0.000001 7.973933 -9.404502 11.438710 40.868181 -1.783499 30.776641 107.360588 -2.516771 38.453115 -0.000001 0.000000 0.000005 32.448887 -6.960251 -4.984132 -35.726329 9.387717 28.524700 -21.708703 1.032685 -2.280235 0.000003 0.000000 0.000002 1.542255 0.492572 -12.934613 -5.482271 -1.128290 -6.106628 -1.545458 9.337325 2.191096 -0.000000 -0.000002 0.000000 
1.867323 105.890663 -1.172389 4.645852 -3.565771 10.882331 -7.474642 1.394418 -1.309335 2.557831 4.778860 -5.388074 1.392094 -6.689877 -4.793540 -5.267896 9.582969 -4.667712 -0.000001 0.000000 0.000000 2.885765 5.621002 -42.764060 22.275088 6.101015 -79.005440 63.965248 49.961246 -103.087977 -0.000003 0.000003 -0.000001 7.947431 -9.232259 11.304753 40.289872 -1.080085 30.652639 107.732970 -2.149413 38.662839 0.000000 -0.000001 -0.000001 32.274222 -6.989452 -5.092009 -35.525047 9.358799 28.491680 -21.635307 0.943215 -2.305990 0.000002 0.000000 0.000002 1.143566 0.560941 -13.146551 -4.803688 -1.079491 -5.978557 -1.529874 9.096766 2.145000 0.000002 -0.000001 0.000001 
1.877316 105.889328 -1.164295 4.952947 -3.413890 10.926453 -7.847501 1.475566 -1.304155 2.088012 4.874680 -5.373475 1.795300 -6.728587 -4.787518 -4.965939 9.562521 -4.744065 -0.000001 -0.000000 0.000001 3.001487 5.506186 -42.622450 22.187081 5.505754 -79.242345 63.461753 50.222337 -102.844112 -0.000001 0.000003 -0.000001 8.035607 -8.545177 10.999476 39.910523 -0.430484 30.666846 108.033000 -2.022966 39.013549 -0.000001 -0.000003 0.000003 32.000731 -6.881530 -5.075181 -35.550721 9.313594 28.412443 -21.816029 0.890022 -2.430968 0.000002 -0.000000 0.000001 0.950273 0.592788 -13.202912 -5.218507 -1.113375 -5.938484 -1.525392 8.966279 2.092735 0.000002 -0.000003 -0.000001 
1.888945 105.896400 -1.157941 4.817482 -3.451212 10.985529 -7.742054 1.436893 -1.312162 1.978979 4.985201 -5.503589 1.846143 -6.413645 -4.629860 -4.812398 9.436191 -4.719639 0.000001 0.000000 0.000001 3.300966 4.414485 -42.715262 22.118982 4.722271 -79.372126 62.369292 50.880067 -102.084697 0.000000 -0.000000 0.000001 8.203157 -8.083099 10.891759 39.121343 0.382688 30.062931 108.683425 -1.852892 38.942511 0.000000 0.000003 0.000002 32.272138 -6.857861 -5.061834 -36.049134 9.444733 28.356172 -21.821385 0.757511 -2.528026 0.000000 -0.000000 0.000002 1.077881 0.529416 -13.252659 -5.569691 -1.268531 -6.005671 -1.525971 9.101279 2.014813 0.000003 -0.000003 0.000002 
1.887933 105.908463 -1.146235 4.633497 -3.258791 11.093760 -7.793488 1.463828 -1.360124 2.875453 4.825516 -5.583225 1.015228 -6.501264 -4.724842 -4.713860 9.490397 -4.769102 0.000001 0.000000 0.000001 3.330340 4.974334 -42.860001 22.051404 4.194988 -79.365869 62.182773 51.045880 -101.637573 -0.000000 0.000003 -0.000001 8.279724 -7.542233 10.534166 38.648451 1.166383 30.000674 109.097983 -1.753963 38.436319 -0.000000 -0.000001 0.000001 32.779126 -6.856389 -5.051469 -36.698688 9.380178 28.434771 -21.900986 0.214807 -3.098253 0.000003 -0.000001 0.000005 1.330276 0.429246 -13.345052 -5.862056 -1.246909 -5.990183 -0.624657 8.887766 1.883468 0.000001 -0.000001 -0.000000 
1.877772 105.921104 -1.133795 4.833133 -3.164176 11.213799 -8.162949 1.575312 -1.515612 3.070732 4.808522 -5.609184 0.785372 -6.312888 -4.690491 -4.341354 9.295233 -4.664305 -0.000001 0.000000 0.000001 3.553833 4.463510 -42.633327 22.117840 3.528584 -79.521440 61.895775 51.448502 -101.698983 -0.000000 0.000001 -0.000001 8.348136 -7.328975 10.231113 38.008094 2.297908 29.596265 109.771399 -1.611034 38.604130 -0.000001 -0.000001 -0.000003 32.859740 -6.886704 -5.024917 -37.349821 9.318193 28.427051 -21.606591 0.123883 -3.140048 -0.000000 -0.000001 0.000002 1.107073 0.537072 -13.417545 -5.844653 -1.155057 -5.976658 -0.524882 8.863564 1.865895 0.000001 -0.000001 0.000002 
1.862291 105.922600 -1.121884 4.768300 -3.201479 11.327531 -7.626194 1.451767 -1.569447 2.029355 5.018986 -5.541028 1.592951 -6.409653 -4.823266 -4.406749 9.335363 -4.659659 0.000000 0.000000 0.000001 3.578865 4.000213 -42.508905 22.018085 2.835682 -79.488615 61.108651 51.683666 -100.798709 -0.000002 -0.000002 -0.000002 8.261577 -6.776484 9.636000 37.130493 3.341214 29.225068 109.847713 -1.392406 37.070804 -0.000002 -0.000002 -0.000001 33.180417 -6.984014 -4.978218 -37.413905 9.329728 28.409859 -21.506406 -0.076223 -3.312402 0.000002 0.000000 0.000000 0.982445 0.626264 -13.529643 -5.442211 -0.996234 -5.990133 -0.501263 9.058070 2.036776 0.000002 -0.000004 -0.000000 
1.849052 105.926064 -1.113010 4.912918 -2.939694 11.616520 -7.832952 1.513662 -1.585366 2.315935 5.001735 -5.636669 1.402272 -6.526196 -4.945902 -4.707030 9.416635 -4.721482 -0.000001 0.000001 0.000001 3.509275 3.762916 -42.619400 21.840233 2.887109 -79.487132 60.858953 51.098305 -99.915327 0.000000 0.000000 0.000001 8.038933 -6.360527 9.058436 36.644122 3.617847 29.188793 110.013673 -0.781797 34.824297 -0.000001 0.000000 0.000002 33.298654 -7.084165 -5.191421 -38.010358 9.415121 28.568890 -21.356250 -0.758633 -3.859095 0.000003 0.000000 -0.000000 0.533662 0.667736 -13.913154 -5.297934 -1.092013 -5.837220 -0.486386 9.145526 2.016624 0.000002 -0.000001 -0.000000 
1.829227 105.933159 -1.107154 4.700781 -2.517084 11.882913 -7.421888 1.445243 -1.758629 2.473952 5.040820 -5.712130 1.084443 -6.817149 -5.066273 -4.775673 9.493903 -4.547941 -0.000001 -0.000000 0.000001 3.462311 3.886828 -42.677798 21.841587 2.845392 -79.268519 61.078045 50.712631 -99.428969 0.000006 0.000000 0.000001 7.927442 -6.457418 8.743775 36.154882 3.965793 28.839197 110.381027 -0.341309 32.696239 -0.000001 -0.000002 0.000004 33.402306 -7.159331 -5.288677 -37.758758 9.388113 28.461065 -21.869393 -0.930049 -4.159775 0.000004 0.000000 0.000000 -0.131186 0.818939 -14.206432 -4.286847 -0.897518 -5.709900 -1.010930 8.871944 2.091938 0.000001 -0.000001 -0.000001 
1.800278 105.942192 -1.091308 4.806897 -2.486859 12.348847 -7.237930 1.465158 -2.043641 2.841939 5.179667 -6.004894 0.724969 -7.160607 -4.992905 -4.892944 9.757414 -4.586877 -0.000001 0.000001 0.000001 3.432043 3.799593 -42.677716 21.540941 2.243534 -78.825226 61.475821 50.123835 -99.506936 -0.000002 -0.000001 0.000003 7.850624 -5.157583 8.078268 34.785102 4.538178 27.727442 111.050598 0.638372 29.650883 -0.000002 -0.000000 0.000005 33.057299 -7.420268 -5.650826 -37.206048 9.214798 28.405071 -21.951207 -1.074092 -4.303425 0.000003 0.000002 -0.000002 -2.089574 1.396226 -14.661563 -1.156454 -0.346026 -5.422427 -0.940782 8.299723 1.974315 0.000003 -0.000002 -0.000000 
1.754146 105.975349 -1.065082 5.635185 -1.856480 12.548216 -8.898659 1.968172 -2.027534 5.792867 4.491084 -6.208406 -0.997851 -7.201940 -5.110096 -5.833259 9.385244 -4.721054 -0.000001 0.000000 0.000001 2.834997 3.128228 -42.594658 20.724727 2.664388 -78.938634 62.747001 49.296440 -101.690110 0.000000 0.000001 -0.000001 7.043110 -5.596542 7.541169 34.202848 3.128465 27.907760 113.186746 1.934332 24.956811 -0.000003 0.000000 0.000003 32.062848 -7.064990 -5.684036 -36.693422 9.313815 28.181468 -21.184868 -1.863967 -4.932436 0.000003 0.000001 0.000000 -3.035234 1.489214 -14.709866 -1.399333 -0.425675 -5.471036 0.447294 8.830987 2.011730 0.000003 -0.000003 0.000001 
1.709299 106.015663 -1.038630 6.246453 -1.544528 12.819422 -10.451831 2.385859 -1.961009 7.169002 4.236490 -6.382991 -1.399744 -7.650146 -5.223637 -6.562182 9.465962 -4.865914 -0.000001 0.000001 0.000000 2.395532 3.002935 -42.625448 20.057223 2.486624 -78.651630 63.791863 48.476308 -104.011173 -0.000001 -0.000001 -0.000000 6.570460 -5.209103 7.024514 33.530864 2.554098 27.708775 115.441317 3.289289 21.712796 0.000002 0.000000 0.000003 30.929518 -7.057827 -5.932304 -36.247390 9.160798 28.230128 -21.209220 -1.766388 -4.947869 0.000002 0.000001 -0.000002 -3.924496 1.712246 -14.932359 -1.233084 -0.279098 -5.380132 0.437247 8.587021 1.986760 0.000003 -0.000003 0.000002 
1.652471 106.090675 -1.023822 5.663504 -1.654141 12.957098 -9.491421 2.140303 -2.015361 7.074065 4.357809 -6.462839 -1.403156 -7.548869 -5.281449 -7.059866 9.597871 -4.903289 0.000000 0.000000 0.000001 2.427120 2.269404 -42.656830 19.945783 1.727963 -78.175640 64.011529 48.196144 -104.633724 0.000002 -0.000003 0.000002 6.371009 -4.467785 6.043999 31.995823 3.238398 25.984405 117.026890 4.079994 17.288373 0.000000 -0.000001 -0.000002 30.235738 -7.096864 -5.904433 -34.815387 8.976235 27.999380 -21.125857 -1.708746 -4.900047 0.000005 0.000001 0.000000 -2.549389 1.405762 -15.113066 -2.738256 -0.501956 -5.410799 0.788942 9.089031 2.246739 0.000001 -0.000001 0.000001 
1.594753 106.171974 -1.013386 5.607507 -1.728543 13.190308 -9.438877 2.005128 -1.807377 7.799828 4.454485 -6.823355 -2.074161 -7.269345 -5.276822 -6.211863 9.789072 -5.083078 0.000001 -0.000000 0.000001 2.784633 1.680910 -42.871567 20.116521 1.171642 -77.703565 64.251043 47.782928 -103.637001 0.000000 -0.000004 0.000001 6.390895 -3.907937 4.863475 30.349946 4.070361 23.836331 118.442939 4.410580 12.036462 0.000000 -0.000002 0.000001 28.483555 -6.989666 -6.182956 -33.006025 8.694534 27.779932 -20.886227 -1.489063 -4.602897 0.000004 0.000002 -0.000002 -2.010985 1.259186 -15.364036 -3.175150 -0.672426 -5.559526 0.240179 9.521850 2.402572 0.000003 -0.000001 0.000003 
1.533141 106.264801 -1.007276 5.867827 -2.173069 13.322999 -9.804106 2.002211 -1.644698 7.769092 4.763877 -7.253603 -2.198250 -7.213778 -5.093368 -5.226776 9.968235 -5.306953 -0.000001 0.000000 0.000001 3.168362 1.126293 -43.041769 20.086406 -0.240398 -76.809917 64.480326 48.147667 -104.159695 0.000000 0.000001 -0.000001 6.662214 -2.815344 4.090173 28.373243 5.391061 21.488004 119.496236 4.373167 8.453548 -0.000000 -0.000001 -0.000002 27.182430 -6.810571 -6.319606 -32.088478 8.465570 27.533934 -20.510520 -1.363254 -4.385717 0.000002 0.000003 -0.000001 -1.692018 1.115154 -15.448751 -4.024403 -0.869478 -5.767065 0.117883 10.258882 2.543886 0.000003 -0.000001 0.000000 
1.468085 106.370430 -0.986066 4.232725 -2.431060 13.430150 -7.097546 1.315281 -1.669761 6.807511 5.163184 -7.497349 -2.533075 -6.661226 -4.990554 -4.314155 10.000813 -5.422073 -0.000001 0.000000 0.000001 3.179557 1.938927 -43.408318 20.275345 -1.209701 -76.303062 66.060995 48.260839 -105.836445 -0.000001 0.000001 -0.000001 6.679847 -2.434705 2.973681 26.075606 6.558318 18.618244 119.789565 3.935390 3.475592 -0.000001 -0.000002 0.000005 27.794200 -6.876119 -6.239246 -31.128051 8.088412 27.137735 -20.579184 -1.059572 -4.371882 0.000000 0.000001 0.000002 1.530516 0.233081 -15.529676 -6.238306 -0.893141 -5.969722 -0.225626 11.180679 3.089684 0.000002 -0.000000 -0.000001 
1.398710 106.480522 -0.958269 4.128396 -3.231892 13.585646 -6.138583 1.000627 -1.501809 5.491858 5.721195 -7.829751 -1.790925 -5.603746 -4.765008 -4.161786 9.845970 -5.480379 -0.000001 0.000000 0.000001 3.761556 0.337421 -43.585667 20.513165 -3.335630 -75.205546 65.955011 49.870940 -105.265161 -0.000001 0.000001 -0.000001 6.630790 -2.561415 1.594939 23.453073 8.473934 15.182828 118.040559 3.021553 -1.946769 0.000003 -0.000001 -0.000004 26.598645 -6.712029 -6.349217 -29.538820 7.767444 26.684142 -20.218306 -0.764831 -4.036953 0.000003 0.000000 0.000002 3.304183 -0.268267 -15.543682 -8.056562 -1.269518 -6.435443 -0.885903 12.673469 3.441099 -0.000000 -0.000001 -0.000001 
1.321743 106.594917 -0.929857 3.624506 -3.239937 13.464733 -5.705005 0.809920 -1.191307 5.305826 5.820058 -7.872033 -1.731973 -5.070885 -4.828008 -3.713472 9.685182 -5.420640 -0.000001 -0.000000 0.000001 3.983180 -1.010505 -43.675781 20.522027 -4.264181 -74.686923 65.886388 50.161756 -105.128940 -0.000005 -0.000005 0.000003 6.607916 -2.135886 0.791589 21.775377 9.022221 12.875113 117.277517 2.811710 -6.566998 -0.000002 -0.000001 -0.000002 25.938847 -6.541150 -6.085520 -28.238410 7.479534 26.323614 -20.009428 -0.733134 -4.047191 0.000002 0.000003 -0.000001 4.677800 -0.584731 -15.296962 -9.218785 -1.299902 -6.544707 -0.407119 13.005093 3.626337 0.000001 -0.000001 -0.000001 
1.239617 106.718651 -0.900412 2.864965 -3.431902 13.099530 -5.229051 0.603379 -0.672043 5.784115 5.717773 -7.980884 -2.284751 -4.585571 -4.798885 -2.695554 9.572862 -5.767743 0.000000 -0.000001 0.000002 4.105708 -1.297848 -43.822248 20.532023 -4.565517 -74.449035 65.862380 49.909948 -103.693132 -0.000001 -0.000001 0.000002 6.574601 -1.703942 -0.214136 19.780388 9.677735 10.147247 113.676198 2.576879 -11.126733 0.000001 -0.000004 0.000006 25.416322 -6.027671 -5.503646 -26.375440 7.102779 25.736914 -19.983330 -0.815728 -4.219849 0.000003 0.000001 0.000002 5.872914 -0.932171 -14.665629 -10.015514 -1.318892 -6.957698 -0.564578 13.677888 3.732908 0.000001 -0.000001 -0.000000 
1.162328 106.854919 -0.875498 2.751352 -3.844353 12.530481 -5.097169 0.362939 0.230516 6.009973 5.599346 -7.906778 -2.514340 -4.524533 -4.967471 -1.963594 9.987156 -6.156679 0.000001 0.000000 0.000001 4.255806 -1.433295 -43.624039 20.438802 -4.445632 -74.429733 66.489528 48.874392 -102.990647 -0.000000 -0.000003 0.000003 6.468877 -0.914915 -1.774537 17.519119 10.539901 7.518710 108.417164 3.123808 -14.401117 -0.000001 -0.000002 0.000003 23.687026 -5.414300 -4.730632 -24.819138 6.714603 25.027575 -19.283326 -0.544894 -3.898565 -0.000000 0.000001 0.000001 6.738239 -1.043825 -13.955483 -11.508507 -1.346191 -7.048320 -0.493317 13.815710 3.882039 0.000003 0.000000 0.000001 
1.096088 106.989334 -0.866568 2.983305 -4.408937 12.368668 -4.875476 0.267325 0.520666 6.018711 5.571801 -7.835523 -2.541150 -3.958947 -5.004016 -2.335355 9.995752 -6.122413 0.000000 -0.000001 0.000001 4.368684 -2.463462 -43.247668 20.350412 -4.133391 -74.357537 67.765872 47.790564 -103.638463 -0.000000 -0.000001 0.000003 6.060032 -1.054368 -2.962003 15.585471 11.298051 5.339986 104.817189 3.884870 -17.194820 -0.000000 0.000000 -0.000001 22.675441 -5.147215 -4.387673 -24.509685 6.670962 24.664346 -18.599548 -0.401732 -3.562301 -0.000000 0.000001 0.000003 7.177210 -1.098332 -13.775423 -12.979110 -1.572375 -7.153954 -0.351810 14.356107 4.038315 0.000001 -0.000002 0.000002 
1.024443 107.128555 -0.869996 2.936074 -5.551650 12.877171 -5.179071 0.437496 0.246081 5.649563 5.972091 -8.322270 -2.051658 -3.811486 -4.625433 -2.187596 10.145618 -6.186880 0.000000 -0.000001 0.000002 4.170930 -2.281555 -42.544377 20.222008 -2.442393 -74.257257 71.477376 44.831197 -106.087304 -0.000003 -0.000004 -0.000003 5.673448 -0.548544 -3.781465 13.696572 11.574590 3.385344 98.040713 4.787150 -16.844392 -0.000003 -0.000002 0.000006 22.047157 -5.191740 -4.662361 -23.862227 6.424449 24.198126 -17.949081 -0.335835 -3.371120 0.000002 0.000001 0.000000 7.372966 -1.247939 -14.221668 -13.557748 -1.495588 -7.348017 -0.595950 15.327540 4.517120 0.000003 -0.000001 -0.000001 
0.933384 107.263596 -0.889694 2.872351 -6.401443 13.414816 -5.422427 0.604477 -0.260821 5.715907 6.320835 -8.901171 -1.832087 -3.743242 -4.086420 -2.483512 10.290032 -6.061819 -0.000001 -0.000000 0.000002 4.336721 -2.086760 -41.498003 20.286852 -0.387355 -73.961366 75.811616 40.761698 -107.442578 -0.000000 -0.000005 0.000004 5.467937 -0.374226 -4.679031 11.597944 12.045876 0.615259 91.268457 5.891106 -17.578733 -0.000000 -0.000002 0.000006 21.760231 -5.132791 -4.746271 -23.615673 6.073308 23.402450 -17.300123 -0.112561 -3.165262 0.000002 0.000001 0.000000 7.621233 -1.401712 -14.586718 -14.078057 -1.261192 -7.509640 -0.590741 15.619417 4.656305 -0.000000 -0.000001 0.000000 
0.846801 107.387924 -0.914052 2.869948 -7.079543 13.795178 -4.971488 0.565241 -0.536956 5.379802 6.717393 -9.464118 -1.723099 -3.855705 -3.581882 -2.063206 10.434377 -6.368554 -0.000001 0.000000 0.000001 4.216225 -1.436605 -41.036483 20.192529 0.334044 -72.946017 79.235249 37.502564 -107.862716 0.000002 0.000001 -0.000001 5.360587 0.338070 -5.639749 10.045685 12.168139 -1.570913 85.728914 6.850710 -18.874234 -0.000002 -0.000001 -0.000004 21.485518 -5.057572 -4.886674 -23.134216 5.948016 22.992549 -17.099824 -0.327367 -3.368521 0.000001 0.000001 0.000000 7.780804 -1.562925 -14.961138 -14.113728 -1.265671 -7.595384 -0.672443 16.164595 4.750697 0.000002 -0.000001 0.000001 
0.764290 107.493103 -0.942292 2.732625 -7.350615 13.992016 -4.755969 0.559297 -0.659184 6.618700 6.589173 -10.004296 -2.752183 -3.794876 -3.229616 -1.936654 10.294984 -6.372697 0.000000 -0.000000 0.000001 3.887481 -1.743919 -40.408598 19.680036 2.679120 -72.022637 83.096751 32.501636 -107.545365 0.000002 0.000002 -0.000003 4.937703 1.034162 -6.822163 8.217069 11.035777 -3.699922 78.687133 8.088448 -19.617422 -0.000001 -0.000002 0.000001 20.418337 -4.697861 -4.907678 -21.197912 5.590136 22.525621 -16.983008 -0.376951 -3.536384 0.000003 0.000002 -0.000002 7.759991 -1.741905 -15.041151 -13.639993 -1.061838 -7.655375 -0.765415 15.893929 4.733951 0.000002 -0.000001 0.000003 
0.685639 107.592621 -0.975425 2.323671 -6.912834 14.338380 -3.806699 0.451809 -0.994073 6.932006 6.507240 -10.230826 -3.239576 -3.598542 -3.046174 -1.821563 9.697660 -6.014834 0.000000 0.000000 0.000001 3.297857 -1.812200 -39.914857 18.700423 4.847665 -70.179258 87.597408 26.178437 -107.817002 0.000003 -0.000001 -0.000001 4.338202 2.037559 -7.877752 6.730675 8.330386 -5.653989 71.877660 9.390068 -18.995280 -0.000001 -0.000003 0.000003 19.697851 -4.653629 -5.138283 -18.977167 5.084193 22.191430 -17.430778 -0.555002 -3.950732 0.000003 0.000001 -0.000002 7.405147 -1.781751 -15.241188 -12.091923 -0.677010 -7.575263 -1.303070 15.119703 4.652204 0.000003 -0.000001 0.000001 
0.611933 107.679230 -1.008795 2.100791 -5.967793 14.530980 -2.640094 0.206659 -1.173356 6.546318 6.525252 -10.124732 -3.132820 -3.695800 -3.123660 -1.825338 9.135311 -5.506723 -0.000001 0.000001 0.000001 3.340777 -2.793423 -39.428572 18.076340 4.887760 -67.891589 90.937890 21.604322 -107.247084 -0.000000 -0.000001 -0.000000 4.194957 2.666969 -8.463370 5.699739 6.351328 -8.064687 65.625721 8.964160 -15.699557 0.000001 -0.000002 0.000006 19.394722 -4.694173 -5.243094 -18.243526 4.853889 22.137237 -17.731649 -0.947215 -4.373167 -0.000000 0.000002 -0.000001 7.378702 -1.780876 -15.312608 -11.399651 -0.544751 -7.413573 -1.865492 14.024266 4.387019 0.000002 -0.000003 0.000001 
0.528720 107.744400 -1.044497 1.647561 -5.359413 14.609310 -2.256911 0.192524 -1.540959 5.963369 6.317347 -9.708082 -2.914779 -3.768683 -3.292125 -1.797784 8.284146 -4.972584 -0.000001 0.000001 0.000001 3.360305 -3.715266 -38.254780 17.150031 3.792565 -64.717490 94.746929 16.905927 -106.775336 0.000001 -0.000001 -0.000001 3.994376 3.447831 -9.241626 4.581285 4.204492 -10.078479 60.446232 7.945071 -12.343747 -0.000001 -0.000003 0.000004 17.442889 -4.296105 -5.056692 -14.984402 4.103231 21.598095 -17.587218 -1.529511 -4.923891 0.000000 0.000000 0.000002 7.236487 -1.759287 -15.070913 -10.474652 -0.318767 -7.437536 -2.075455 13.147345 4.117797 0.000001 -0.000001 0.000001 
0.442300 107.825912 -1.081229 2.213988 -4.453184 14.800074 -3.464861 0.551458 -1.577794 5.430599 6.085630 -9.257956 -2.617949 -4.007435 -3.837079 -0.918008 7.386081 -4.238193 -0.000001 -0.000001 0.000001 3.051846 -3.923217 -36.797255 16.083029 2.823641 -61.576280 98.819771 11.442525 -106.485784 0.000000 -0.000001 0.000004 2.682564 2.678285 -12.124732 4.959143 4.022636 -7.827003 55.143331 6.359982 -8.199567 0.000003 -0.000001 0.000003 14.512917 -3.852488 -4.781970 -12.310090 3.558356 20.986911 -17.063928 -2.359685 -5.505261 -0.000001 0.000002 -0.000001 6.406182 -1.484809 -14.970574 -9.797482 -0.055131 -7.221502 -2.293341 12.395730 4.064339 0.000002 -0.000001 0.000001 
0.354461 107.902237 -1.105729 2.009428 -3.865677 14.782858 -3.262335 0.572697 -1.523422 5.334255 5.788050 -8.946198 -3.023894 -4.249059 -4.273247 0.210105 6.776621 -3.831638 -0.000002 0.000001 0.000000 2.753634 -4.437831 -35.205418 14.788331 2.587825 -59.831685 101.977122 6.434158 -106.306109 0.000002 0.000003 -0.000001 1.326236 1.777640 -13.887575 4.515879 4.127771 -5.739367 49.467720 6.138339 -6.550136 -0.000000 0.000001 -0.000002 12.339255 -3.366446 -4.452720 -8.941358 2.573226 20.305555 -15.909689 -3.221310 -6.050497 0.000002 0.000001 0.000001 6.849148 -1.707311 -14.815141 -9.735238 0.283229 -6.966991 -1.470784 11.793127 3.974004 0.000001 -0.000002 -0.000000 
0.275879 107.943245 -1.138527 0.995154 -3.608299 14.384064 -2.141295 0.322925 -1.348998 4.661955 5.379037 -8.251504 -2.936234 -4.515073 -4.714885 1.545665 6.433613 -4.092084 0.000000 0.000000 0.000001 2.748129 -5.158434 -33.389434 13.709247 2.017373 -57.020526 105.614006 2.633360 -102.620799 0.000003 -0.000003 0.000003 0.556944 0.335525 -12.770651 2.006124 4.489626 -7.772190 39.060008 5.236352 -5.186013 -0.000001 0.000000 0.000001 10.845570 -2.852515 -3.881788 -4.647807 1.447738 19.636210 -15.871029 -3.025491 -6.015744 0.000003 0.000001 0.000000 7.461129 -1.934224 -14.449248 -8.855094 0.459654 -6.685305 -1.843901 11.086061 3.633108 0.000003 -0.000003 0.000001 
0.188712 107.973343 -1.173606 -0.345420 -4.318675 13.904073 -1.387641 0.165785 -1.289610 4.509708 5.019179 -7.663362 -2.753357 -4.135402 -4.737927 2.357314 6.764355 -4.482504 -0.000001 0.000001 0.000001 3.024883 -6.192720 -31.691415 13.117074 1.134576 -53.123087 108.745341 0.998744 -96.373559 0.000003 -0.000002 0.000001 0.351678 -0.472486 -11.485975 -0.209647 5.826661 -9.902471 30.726415 1.895566 -1.477311 -0.000001 -0.000004 0.000002 10.599712 -2.475388 -2.850436 -1.657852 0.509606 18.292544 -14.428542 -2.809770 -5.474707 0.000003 0.000003 -0.000001 8.605413 -2.192098 -14.096659 -8.434227 0.723187 -6.457529 -2.883596 11.394488 3.919464 0.000003 -0.000000 0.000000 
0.094498 108.005295 -1.212246 -0.775966 -5.016785 13.649967 -1.738385 0.281875 -1.213278 4.867282 4.847908 -7.575908 -3.090266 -3.827627 -4.612455 2.879965 6.970725 -4.863777 0.000000 0.000001 0.000001 2.781966 -5.968294 -30.565551 12.461073 1.271202 -50.591211 111.519784 -0.398847 -91.486853 0.000003 -0.000003 0.000003 0.123885 -0.303177 -10.925098 -1.391377 6.560262 -10.225442 27.809185 -1.080290 1.945272 -0.000003 -0.000001 -0.000001 10.853719 -2.319200 -2.169909 -1.458407 0.280723 17.169897 -13.119736 -2.541909 -5.000819 0.000004 0.000003 -0.000005 9.231704 -2.314585 -13.997481 -8.663637 0.787383 -6.206029 -2.706575 11.809114 4.129786 0.000003 -0.000001 -0.000001 
-0.021155 107.996758 -1.250118 -0.988184 -4.991112 13.324307 -1.709953 0.389526 -1.546779 2.457055 5.327479 -7.376300 -1.158602 -4.560992 -4.046501 3.024924 7.453748 -4.820408 0.000001 -0.000001 0.000001 2.915876 -5.671286 -28.541230 12.099421 0.079586 -47.308841 112.041351 1.482986 -84.766411 0.000003 0.000002 0.000000 0.384642 0.040989 -10.499363 -2.254756 7.472576 -10.814736 23.797603 -6.396495 6.263089 -0.000002 -0.000001 -0.000002 10.067812 -1.805898 -1.714070 -0.327665 -0.274750 16.092190 -11.705328 -1.654210 -4.021491 -0.000000 -0.000001 -0.000001 8.802557 -2.332529 -13.472416 -7.005224 1.285011 -6.262332 -3.491763 11.756710 4.330242 0.000001 -0.000001 -0.000000 
-0.144414 107.981010 -1.278163 -1.769819 -4.343252 12.775591 -1.566989 0.379708 -1.533974 2.528376 5.204041 -7.194749 -1.441331 -5.070436 -3.763910 3.044763 7.421927 -4.560529 0.000000 0.000000 0.000001 2.772373 -5.097147 -26.489832 11.849091 -2.733688 -43.406180 110.974906 4.018044 -78.708860 -0.000003 0.000003 0.000002 0.436480 0.441682 -9.843557 -3.010865 8.209679 -10.703100 20.395119 -11.839876 10.378218 -0.000001 -0.000003 0.000003 9.267888 -1.539934 -1.194438 2.941053 -1.273402 15.165446 -9.934036 -1.051474 -3.057958 0.000003 0.000001 0.000000 9.326908 -2.449458 -12.733178 -6.169454 1.382986 -5.847266 -0.744474 10.909363 3.835974 0.000002 -0.000001 0.000001 
-0.258301 107.956062 -1.308482 -1.828019 -4.082221 12.143081 -1.952371 0.491607 -1.319213 2.894805 4.746419 -6.745692 -2.030653 -5.572780 -3.926356 2.842318 7.235579 -4.365383 0.000000 0.000000 0.000001 2.666663 -5.595283 -24.911127 11.135459 -4.228230 -40.456187 109.106118 5.861451 -74.640826 -0.000001 -0.000001 -0.000000 0.242323 0.697485 -9.205931 -3.937102 8.688007 -9.873789 19.806116 -15.058783 13.359360 -0.000002 -0.000002 0.000001 9.183565 -1.246568 -0.813704 4.103861 -1.700014 14.887051 -9.364606 -0.476255 -2.576123 0.000002 0.000001 -0.000002 9.134879 -2.465947 -12.030250 -5.253957 1.601561 -5.658336 0.612945 10.846703 3.825868 -0.000000 -0.000000 -0.000001 
-0.370763 107.927162 -1.362259 -2.398485 -4.471847 11.460068 -1.438044 0.428731 -1.346741 2.424501 4.482865 -6.157924 -1.532117 -5.343448 -3.870521 2.720233 7.274915 -4.683109 -0.000001 0.000000 0.000001 2.827245 -6.356145 -23.048960 10.904964 -4.950954 -36.116370 106.150600 8.558930 -69.486301 -0.000006 -0.000000 -0.000003 0.391735 1.271229 -8.866462 -4.436000 9.494741 -10.218771 21.527580 -19.265098 17.904562 -0.000000 -0.000000 0.000005 9.513285 -1.443557 -0.678402 4.488059 -1.645738 15.016610 -8.711532 0.646189 -1.462441 -0.000000 0.000003 -0.000003 9.593498 -2.372980 -11.567091 -5.280028 1.468269 -5.181094 -0.688449 10.206188 3.568721 -0.000000 -0.000001 0.000002 
-0.478406 107.877441 -1.406515 -1.803841 -5.057799 10.611946 -3.193299 0.863818 -1.027869 3.554115 3.818022 -5.604005 -1.837992 -4.589985 -3.703565 3.034955 7.242582 -4.878412 0.000000 -0.000000 0.000001 2.503838 -6.350986 -20.971100 10.007912 -5.669171 -32.340239 103.249285 10.368849 -64.479226 0.000000 0.000002 -0.000002 0.262719 2.226624 -8.555899 -5.035793 9.122924 -9.342557 25.241085 -20.787481 21.586929 0.000001 -0.000001 0.000003 7.829922 -1.266550 -0.698186 6.062253 -1.660180 16.164730 -8.915033 1.342983 -0.889203 0.000003 0.000000 -0.000002 8.966610 -2.229184 -10.779498 -4.931873 1.245910 -5.042447 -1.862559 10.387169 3.703409 0.000003 -0.000004 0.000003 
-0.581510 107.824921 -1.459072 -2.349194 -4.739867 10.109866 -2.098372 0.630625 -1.148260 4.216540 3.377993 -5.267538 -2.962106 -3.951422 -3.375949 2.718540 7.192006 -4.619850 -0.000001 0.000001 0.000002 2.520401 -6.624819 -19.289766 9.085750 -6.095840 -29.449061 100.329059 11.612913 -59.849915 0.000001 0.000001 -0.000002 0.170463 2.518511 -8.348568 -5.550114 8.495067 -9.331134 26.167459 -22.718604 24.342094 0.000001 0.000001 0.000001 7.425307 -1.229564 -1.196609 6.800367 -1.734009 17.663101 -9.547476 1.520486 -0.941730 0.000003 0.000003 -0.000003 9.114564 -2.374915 -10.174391 -4.874293 1.329506 -4.955730 -1.479882 10.619131 3.881742 0.000003 -0.000001 0.000001 
-0.682068 107.746506 -1.518193 -1.994420 -4.333419 9.226117 -1.009646 0.388290 -1.088218 3.152807 3.054941 -4.697997 -2.862767 -3.794328 -3.107752 2.301425 6.780242 -4.496716 0.000001 0.000001 0.000000 2.256606 -6.844304 -17.141738 7.440410 -6.077187 -26.345370 99.509771 11.339950 -56.558119 0.000002 0.000001 0.000007 -0.370285 2.994268 -8.215346 -6.415580 7.636359 -8.270844 27.225262 -22.931114 26.206319 0.000003 -0.000001 0.000003 6.756993 -1.034556 -1.352054 7.219478 -1.482193 19.581408 -10.069630 1.394010 -1.153074 0.000002 -0.000000 0.000002 8.650407 -2.365646 -9.191255 -4.512066 1.288901 -4.810822 -1.512581 10.832411 3.931036 0.000002 -0.000001 -0.000001 
-0.787950 107.661499 -1.592716 -1.608246 -4.177112 8.429662 -0.948837 0.399929 -1.202008 2.107514 2.878906 -4.224647 -1.946650 -3.653120 -2.591533 2.166802 6.653989 -4.279143 -0.000001 0.000000 0.000001 2.276126 -6.555064 -14.512434 6.354719 -5.217388 -23.239708 96.697406 12.610018 -51.448936 -0.000000 0.000001 0.000003 -0.561729 3.246754 -8.163252 -6.665478 7.182326 -7.546692 26.618350 -24.219497 27.602806 -0.000000 -0.000000 0.000003 5.656924 -0.783862 -1.052670 8.258973 -1.719824 20.466093 -9.906354 1.748487 -1.045541 0.000001 -0.000000 -0.000001 7.816368 -2.067216 -8.242659 -3.735845 1.629768 -4.776491 -1.551294 10.689547 4.055588 -0.000001 -0.000001 0.000002 
-0.892694 107.575500 -1.674321 -1.411389 -3.832815 7.838587 -0.653144 0.313134 -1.283277 1.573002 2.882115 -4.121862 -1.565136 -3.185102 -2.027671 1.353206 6.210401 -3.792459 -0.000002 0.000001 0.000000 2.495488 -6.233887 -12.623691 6.018892 -4.807499 -20.212818 93.978028 13.965380 -46.942220 -0.000003 0.000007 0.000002 -0.630806 2.898149 -8.115000 -6.445278 6.511210 -7.549935 26.384900 -25.525913 28.595753 -0.000003 0.000000 -0.000002 5.208399 -0.666020 -0.924934 9.165155 -1.786581 21.235282 -9.809818 1.048814 -1.666720 0.000003 0.000001 0.000002 7.369882 -1.880017 -7.504679 -3.201674 1.678550 -4.697622 -1.226509 11.077636 4.179510 0.000003 -0.000003 -0.000000 
-0.994942 107.479309 -1.750943 -1.242307 -3.434881 7.184527 -0.996995 0.374088 -1.337663 1.350245 2.934824 -4.131526 -1.237141 -2.563860 -1.279782 1.230736 5.854382 -3.222582 0.000000 0.000000 0.000001 2.524107 -5.146172 -10.260595 5.897697 -5.119068 -17.180415 90.800719 15.204189 -40.373866 -0.000002 -0.000001 -0.000005 -0.630243 2.343889 -7.814343 -5.977627 5.790957 -7.183531 24.590027 -26.732710 28.803932 -0.000002 -0.000005 0.000002 4.677579 -0.587249 -0.723686 10.445040 -2.236007 21.140272 -8.465572 -0.315891 -2.515602 -0.000005 0.000002 0.000003 8.258820 -1.957191 -6.783355 -3.489426 1.787150 -4.728628 0.176526 12.839003 4.771608 -0.000000 0.000000 0.000001 
-1.093943 107.388741 -1.839520 -0.153931 -3.105978 6.400326 -2.118001 0.659378 -1.389439 1.236137 2.783751 -3.935436 -1.047384 -1.753641 -0.510840 1.027240 5.256103 -2.760494 -0.000002 0.000001 0.000000 1.935383 -3.488960 -7.015483 5.676541 -5.549679 -16.244159 88.468537 15.792029 -33.334219 -0.000002 0.000004 -0.000000 -1.004407 1.207663 -7.039926 -5.644471 4.943289 -6.324950 17.315255 -29.694968 27.254786 -0.000000 0.000002 -0.000000 3.903387 -0.466675 -0.452733 9.201644 -2.024462 20.640393 -7.150331 -0.869630 -2.626840 0.000002 -0.000001 -0.000001 8.546401 -1.942152 -6.063516 -2.270323 2.037026 -5.044049 2.335785 16.136747 5.694249 0.000001 -0.000001 0.000002 
-1.182865 107.308105 -1.953774 0.590001 -2.560614 5.778097 -2.281137 0.707161 -1.246751 0.954568 2.649074 -3.663288 -1.000619 -1.369790 -0.265185 0.652833 4.648423 -2.390753 -0.000001 0.000001 0.000002 1.742954 -3.060954 -4.648995 5.188133 -5.340437 -15.685417 84.337134 16.291347 -28.819662 0.000001 -0.000001 -0.000001 -1.338073 0.065862 -6.646960 -5.619695 4.453166 -5.608442 15.076019 -28.457563 25.037605 -0.000000 -0.000002 0.000003 3.443760 -0.403086 -0.252118 7.830195 -1.681727 20.172177 -5.588591 -1.200650 -2.510776 -0.000002 0.000003 0.000003 8.949573 -1.955833 -5.628551 -0.236858 2.441626 -5.218842 4.206821 18.667045 6.381937 0.000005 -0.000002 0.000002 
-1.264544 107.224091 -2.062489 1.614690 -2.405145 5.129015 -2.382511 0.761970 -1.213983 0.720624 2.571139 -3.480053 -0.421880 -1.058136 0.106819 -0.246631 3.872413 -2.166921 -0.000001 0.000000 0.000001 1.150728 -2.139522 -2.716893 4.350415 -4.307315 -13.969046 77.633364 16.487349 -23.335891 0.000002 0.000003 -0.000002 -1.463712 -0.390544 -6.177879 -5.655942 3.737062 -5.434701 8.859023 -29.520788 22.867043 -0.000001 0.000000 -0.000000 2.437357 -0.488215 -0.120719 8.908966 -1.957670 19.554724 -3.792291 -1.027276 -1.977245 -0.000001 0.000002 0.000002 8.377539 -1.679493 -5.219922 1.882187 2.902214 -5.410743 4.795267 19.939308 6.755384 0.000003 0.000000 0.000001 
-1.344766 107.109383 -2.154905 2.979095 -2.163409 4.415011 -4.212208 1.206488 -1.156341 1.618691 2.178425 -3.267909 -0.004480 -1.033043 0.471082 -0.302890 2.896274 -1.730725 -0.000001 0.000001 0.000000 -0.353228 1.028074 -2.225124 3.974141 -4.243746 -10.629671 68.155002 15.664163 -14.193682 -0.000001 0.000002 -0.000003 -1.233087 -0.589897 -5.296314 -5.614167 3.381891 -5.791130 0.581216 -32.318778 20.660902 -0.000002 -0.000001 0.000003 -0.208876 -0.330488 -0.168687 12.335917 -2.887259 19.532149 -4.222101 -0.434958 -1.708690 -0.000001 0.000002 0.000003 6.830336 -1.297293 -4.466495 3.351756 3.161247 -5.506031 4.662732 19.158783 6.362367 0.000003 0.000000 -0.000001 
-1.418498 107.013756 -2.257895 2.449902 -1.989728 3.953763 -2.645576 0.835328 -1.294263 1.019629 2.248722 -3.171867 0.192712 -0.178552 0.815975 -0.798342 1.987075 -1.146236 0.000000 -0.000001 0.000001 -0.503114 1.692568 -2.279368 3.448375 -2.856809 -7.691572 58.845884 13.911631 -6.697688 0.000000 0.000002 -0.000000 -0.885362 -0.879823 -4.514787 -5.192241 2.503714 -6.614398 -3.163864 -32.504505 18.756304 -0.000000 0.000001 0.000002 0.160552 -0.487481 -0.270129 13.187179 -3.317915 19.505111 -2.863427 0.016390 -1.209100 -0.000001 0.000000 -0.000000 7.722740 -1.272250 -4.210221 3.165536 3.364063 -5.281049 5.324832 18.983596 6.231059 0.000003 -0.000003 -0.000000 
-1.489820 106.891182 -2.360455 2.971740 -2.482442 3.424247 -3.459243 1.047205 -1.074354 1.459462 1.952709 -2.918958 0.480750 -0.437900 0.662761 -1.184854 1.779199 -1.110398 -0.000001 0.000000 0.000001 -1.033778 2.113191 -2.625383 2.933426 -3.412631 -4.960043 51.534925 12.081667 -4.013387 0.000003 0.000005 -0.000002 -1.021056 -1.059927 -3.705108 -5.330552 3.085272 -5.587246 -6.106914 -29.022440 15.825164 0.000000 -0.000001 0.000001 -0.666302 -0.350485 0.248552 13.101513 -3.643797 17.627057 -1.676607 0.830546 -0.442710 -0.000003 0.000002 -0.000001 7.196555 -1.112777 -3.719922 2.681137 3.295345 -5.157649 7.111708 18.402956 5.739714 0.000001 0.000002 0.000001 
-1.561633 106.759239 -2.462525 1.212877 -3.445586 2.955401 -2.253867 0.829716 -1.330136 1.288479 1.719087 -2.475801 -0.195080 0.019443 0.714637 -0.433404 1.830359 -0.736517 -0.000002 0.000001 0.000000 -0.180118 0.179314 -2.672573 1.709164 -1.778736 -3.628407 43.941045 9.756093 -1.092699 0.000003 -0.000001 -0.000001 -0.773174 -0.682182 -2.615524 -4.020162 2.352242 -3.819715 -8.672095 -24.567345 12.515207 0.000000 -0.000001 0.000003 0.594443 -0.332684 1.113606 10.837751 -3.574423 13.958386 -0.766156 1.963161 0.683546 0.000000 0.000002 0.000001 7.552947 -1.058854 -3.197185 2.762649 3.163499 -4.113206 6.889595 17.269447 5.619540 0.000003 -0.000001 0.000001 
-1.629845 106.624031 -2.571932 1.294485 -3.772189 2.619394 -2.530708 0.902758 -1.360118 1.410505 1.537496 -2.250776 -0.548923 0.240764 0.843538 -0.831114 1.792411 -0.300275 0.000000 0.000000 0.000002 0.263556 -0.506928 -2.409725 1.379953 -1.713398 -2.974716 36.199962 7.313241 1.539327 0.000001 0.000003 -0.000003 -0.639435 -0.619535 -2.285922 -3.352071 2.135240 -2.696585 -9.165690 -21.369985 10.494611 -0.000003 0.000002 -0.000002 0.522675 -0.045940 1.331985 8.613589 -2.995459 11.823057 -0.536105 4.167098 2.207445 0.000002 0.000001 -0.000000 6.349186 -0.987763 -2.768252 2.155000 2.598222 -3.499564 5.953455 16.094567 5.402465 0.000006 0.000001 0.000002 
-1.692289 106.465096 -2.663654 0.724579 -2.817912 2.165700 -2.153848 0.806658 -1.141515 1.552428 1.133914 -1.655626 -0.304058 -0.683887 0.394295 -0.749901 2.000130 -0.549931 0.000000 -0.000000 -0.000000 -0.310006 0.242952 -1.752353 2.419586 -3.585356 -2.810692 30.071294 6.059269 1.482205 -0.000004 -0.000000 0.000000 -0.780566 -1.046010 -1.899346 -2.967563 3.141523 -1.613032 -6.343287 -16.457672 8.871430 -0.000001 -0.000001 0.000001 0.170814 -0.177426 1.068995 8.197758 -3.056477 9.626003 -0.341180 6.616691 3.891979 0.000001 0.000002 0.000003 4.998593 -0.658459 -2.063503 0.479235 1.969386 -2.449195 5.951548 11.541947 4.057720 0.000002 -0.000001 -0.000000 
-1.750199 106.292572 -2.757515 -0.135600 -1.654460 1.592913 -2.017473 0.666632 -0.706001 1.497035 0.705966 -1.028249 -0.392185 -0.924649 0.005657 0.288665 1.818315 -0.426681 -0.000002 0.000000 0.000001 0.264481 -0.563427 -1.237333 1.790658 -2.513543 -2.563075 24.906551 5.441856 0.930242 0.000004 -0.000000 -0.000000 -0.875471 -2.006547 -1.518811 -2.098657 3.034972 -0.187107 -5.693679 -12.035963 6.405263 0.000001 -0.000001 0.000004 0.379455 -0.175900 0.546663 7.422296 -2.709668 8.086331 -0.364734 7.773102 4.689018 -0.000000 0.000002 0.000003 4.015857 -0.546223 -1.192346 0.024724 1.342851 -1.863533 4.423565 8.061184 3.040494 0.000003 -0.000003 0.000001 
-1.804145 106.119415 -2.857691 -0.070714 -1.199713 1.384555 -1.911062 0.595361 -0.595512 1.577230 0.556033 -0.844858 -0.498798 -0.973362 -0.054271 0.237317 1.732737 -0.480005 0.000000 0.000001 0.000000 0.231892 0.042635 -0.816436 1.791225 -2.151448 -1.932017 19.991356 4.753307 0.633800 0.000000 -0.000001 -0.000001 -0.650734 -2.018162 -1.501826 -1.473249 3.158525 0.038772 -4.124396 -9.789323 5.274369 -0.000001 -0.000001 0.000001 0.147655 -0.170187 0.244653 5.765557 -2.059322 6.697858 -0.407403 7.791047 4.799080 0.000000 0.000004 -0.000001 3.328832 -0.448554 -0.855772 -0.499971 0.818170 -1.679329 3.748357 6.457444 2.390729 0.000002 -0.000002 0.000002 
-1.851751 105.955421 -2.966531 -0.722386 -0.801117 1.074911 -0.934208 0.342458 -0.514057 1.136030 0.407127 -0.575712 -0.312946 -0.591727 -0.084015 0.350343 1.359613 -0.419545 0.000000 -0.000001 0.000001 0.328176 -0.079622 -0.685049 1.349439 -0.979304 -1.059537 14.169234 3.382058 0.894935 -0.000001 0.000001 -0.000001 -0.660729 -2.610875 -1.178659 -0.849938 3.132160 0.399036 -3.065062 -6.733290 3.561097 0.000001 -0.000000 0.000005 0.676660 -0.237741 0.129966 3.564824 -1.544074 4.543890 0.242519 6.560906 4.039715 0.000002 0.000001 0.000004 2.394707 -0.247737 -0.603869 -0.099730 0.765276 -1.205356 2.693322 4.251838 1.668132 -0.000001 -0.000001 0.000002 
-1.893642 105.780586 -3.074303 -0.780772 -0.483353 0.602030 0.349604 -0.014392 -0.357446 0.120290 0.282174 -0.298720 -0.147350 -0.227067 0.017898 -0.416188 0.653329 -0.329827 -0.000001 0.000000 0.000001 0.953542 -0.939123 -0.484516 -0.296552 1.706146 -0.222891 7.565351 1.448410 1.455996 0.000000 0.000001 -0.000000 0.117907 -0.371530 -0.535419 -0.387530 0.956250 -0.520948 -2.760399 -5.379349 2.620417 -0.000000 -0.000002 0.000003 0.384263 -0.052544 0.164182 2.792419 -1.012524 2.691367 0.172018 3.166015 1.974952 0.000000 0.000001 0.000000 1.833345 -0.249413 -0.179811 -0.048485 0.208457 -1.232509 1.444967 4.528055 1.441418 0.000002 -0.000001 0.000002 
-1.933652 105.597687 -3.173518 -0.692333 -0.361462 0.402235 -0.147333 0.092216 -0.265669 0.543332 0.127527 -0.185927 -0.194364 0.123629 0.094739 -0.117694 0.375625 -0.149862 0.000001 -0.000000 0.000000 0.278901 -0.234864 -0.237401 0.024264 0.624166 -0.269466 3.867061 0.606021 1.091393 0.000002 0.000001 -0.000002 -0.298837 -1.809396 -0.268027 -0.406065 1.710285 0.354844 -0.705634 -2.070887 0.966358 -0.000001 -0.000002 0.000001 0.281134 0.002752 0.079473 2.048250 -0.688633 1.248327 -0.174575 1.714951 1.037246 0.000002 0.000001 0.000000 1.120366 -0.190894 -0.152472 0.241718 0.156555 -0.779490 0.500415 2.253490 0.801753 0.000000 0.000000 -0.000001 
-1.973091 105.413948 -3.276689 -0.005816 0.001826 0.010212 -0.009335 0.003263 -0.002842 0.059411 -0.002002 -0.008450 -0.049012 0.007284 0.004057 -0.008877 0.003242 0.006099 0.000001 0.000001 0.000002 0.009407 -0.013066 -0.005571 0.008699 -0.013566 -0.007178 0.224410 0.049879 0.012833 -0.000000 0.000001 -0.000001 -0.007806 -0.020614 -0.010505 -0.013780 0.020861 -0.003203 0.031737 -0.059677 0.046433 -0.000002 -0.000002 0.000005 -0.008011 0.000248 -0.001461 0.072817 -0.035916 0.035487 -0.020368 0.042609 0.018544 -0.000000 0.000001 0.000002 0.008850 -0.001160 -0.004121 0.008372 0.012920 -0.013399 0.001390 0.022129 0.012653 -0.000000 -0.000001 0.000001 
-2.013669 105.237137 -3.380105 0.201553 -0.064033 -0.354341 0.324130 -0.113008 0.099007 -2.062385 0.063980 0.294528 1.701020 -0.254943 -0.136935 0.307822 -0.113110 -0.211472 0.000002 -0.000000 0.000001 -0.327568 0.452846 0.194743 -0.302877 0.470290 0.250366 -7.799523 -1.694860 -0.565147 0.000004 0.000001 -0.000002 0.269019 0.716300 0.362587 0.478990 -0.723277 0.114262 -1.071978 2.087333 -1.592069 -0.000001 -0.000001 -0.000003 0.278143 -0.008498 0.050788 -2.514316 1.274255 -1.203509 0.698612 -1.483058 -0.634318 0.000002 0.000001 -0.000004 -0.307381 0.039867 0.143158 -0.288754 -0.449707 0.464023 -0.051280 -0.767909 -0.439526 -0.000000 -0.000001 0.000001 
-2.049426 105.063736 -3.481431 0.445457 -0.176353 -0.496739 0.998890 -0.325288 0.090536 -3.644338 0.312352 0.281587 2.653872 0.139831 0.044452 0.577178 -0.384613 0.036560 -0.000001 -0.000001 0.000001 -0.476871 0.877752 0.370022 -0.536286 0.761970 0.498476 -14.474814 -2.762945 -1.424786 0.000000 -0.000001 -0.000001 0.326020 0.774171 0.297461 0.892426 -1.434056 0.260228 -1.789414 3.627639 -2.760740 -0.000000 -0.000002 0.000001 0.696374 0.031168 0.034067 -3.904575 2.056262 -2.150199 1.158873 -2.888566 -1.290748 0.000003 0.000001 -0.000000 -0.511557 -0.003674 0.244302 -0.040391 -0.723093 0.477754 0.549954 -0.114532 -0.270391 -0.000000 -0.000001 -0.000001 
-2.080824 104.897186 -3.579725 0.270826 -0.283404 -0.708450 0.951139 -0.369619 0.064192 -3.822457 0.188422 0.555707 2.923501 0.265796 0.024448 1.008629 -0.381730 0.162385 0.000001 0.000000 0.000001 0.721912 -0.269311 0.526021 -1.292404 3.174270 1.047775 -23.729033 -3.158386 -3.080494 0.000003 0.000001 0.000002 0.831405 0.606094 0.651073 1.421740 -1.335698 -0.262920 -3.829285 4.623580 -3.908352 -0.000001 -0.000002 0.000004 1.279969 -0.003877 -0.039531 -5.220411 2.709629 -3.001732 1.267861 -4.087365 -1.939339 0.000002 0.000001 0.000007 -0.551353 -0.012146 0.401060 0.714030 -0.784326 0.550840 0.316462 0.705685 -0.114657 0.000001 0.000001 0.000001 
-2.108558 104.719048 -3.669416 0.492335 -0.137121 -0.927637 0.790811 -0.384855 0.085991 -3.595473 0.095310 0.757035 2.742879 0.412002 -0.047309 1.268915 -0.605991 0.460620 0.000000 0.000000 0.000001 1.265251 -0.402031 0.939675 -1.347997 4.503133 1.726907 -29.440076 -1.837788 -4.638988 0.000004 0.000001 -0.000001 1.186758 0.109892 0.633680 2.366198 -1.189877 -0.203812 -4.623881 5.632025 -5.017029 0.000001 -0.000001 0.000001 1.459014 -0.056229 -0.273623 -4.829484 2.734385 -3.552805 2.028774 -5.442004 -2.413113 0.000003 0.000002 0.000005 -0.548939 0.002953 0.716198 0.642978 -1.037515 0.419596 0.169885 0.579597 -0.244831 0.000002 -0.000000 -0.000001 
-2.134464 104.548172 -3.750085 0.260964 -0.241581 -1.101550 0.458172 -0.318990 -0.012363 -3.491606 -0.127610 1.070015 2.807586 0.159240 -0.193226 1.556550 -0.491475 0.411224 -0.000001 -0.000001 0.000002 1.511081 -0.243511 1.401093 -0.939625 4.889999 1.905112 -32.549891 0.214085 -5.926714 0.000001 -0.000000 0.000001 1.428766 -0.287890 0.628082 3.205417 -0.824486 0.157139 -1.660398 7.223523 -6.267313 -0.000001 -0.000001 0.000003 1.851683 -0.065288 -0.268293 -4.997880 2.959091 -4.181369 2.467854 -5.974715 -2.511731 0.000005 -0.000000 0.000004 -0.532112 0.017685 0.900902 1.231364 -1.072010 0.431953 0.006672 0.500994 -0.309034 -0.000000 0.000001 -0.000000 
-2.158525 104.377350 -3.822276 -0.332614 -0.142375 -1.223893 1.590303 -0.565198 -0.148363 -4.090441 -0.150094 1.145650 3.029906 0.397956 -0.151857 1.632109 -1.022687 0.701205 0.000002 -0.000001 0.000002 1.856677 -0.710892 1.937853 -1.490802 5.670363 2.270217 -32.612261 2.308093 -6.895466 -0.000001 0.000000 0.000001 1.385322 -0.245907 0.389865 4.070734 -1.709625 1.002208 2.613066 9.499898 -7.823017 -0.000002 0.000001 0.000003 2.715645 0.011095 -0.273007 -4.762774 2.957146 -5.140744 2.442724 -6.728968 -2.963176 0.000005 0.000000 0.000000 -0.425668 -0.076495 1.224517 1.977225 -1.005380 0.230915 -1.017137 -0.645016 -0.825804 0.000001 -0.000002 0.000003 
-2.186442 104.203094 -3.879258 -0.309885 -0.142864 -1.378668 1.125947 -0.463208 -0.185655 -3.211445 -0.415472 1.273135 2.427400 0.048836 -0.318894 1.661871 -1.215534 0.447452 -0.000001 -0.000001 0.000001 1.773239 -0.348568 2.168765 -1.543893 6.235538 2.838284 -36.881751 3.742727 -7.898094 -0.000002 -0.000002 0.000000 1.256307 -1.011097 0.368765 4.850555 -1.240855 1.939096 6.288184 12.265032 -10.018317 -0.000000 -0.000001 0.000003 3.461243 -0.023455 -0.061578 -3.801595 2.847103 -5.934926 2.227023 -8.001393 -3.563995 -0.000000 0.000002 0.000001 -0.303404 -0.049809 1.920821 2.447329 -1.232917 -0.706341 -1.835981 -0.574019 -1.166307 0.000001 -0.000001 0.000002 
-2.215678 104.035049 -3.931253 -0.848633 -0.112426 -1.536335 1.687293 -0.587793 -0.230889 -3.114096 -0.616941 1.484247 2.212771 -0.261351 -0.546267 1.602864 -1.320495 0.237877 -0.000001 -0.000000 0.000003 1.849681 -0.126978 2.530923 -1.125899 5.999259 2.985699 -40.080704 4.818165 -8.582742 -0.000002 -0.000001 -0.000001 1.310527 -1.060496 0.219544 5.619148 -1.165275 2.545859 9.764216 13.607857 -11.367316 -0.000003 0.000001 0.000005 4.461658 -0.046424 0.249760 -3.232741 2.455158 -6.844507 2.349725 -8.377583 -3.687795 0.000004 -0.000001 0.000006 0.357136 -0.085531 2.309190 2.704913 -1.231396 -1.034052 -1.755534 -0.930874 -1.494486 0.000000 0.000002 0.000001 
-2.250588 103.863998 -3.979275 -0.921819 -0.090075 -1.750646 1.901712 -0.652841 -0.263888 -2.906169 -0.725575 1.587087 2.135020 -0.559476 -0.586377 0.934203 -1.526051 0.241766 -0.000001 0.000001 -0.000000 2.025832 -0.208274 2.894780 -1.328485 6.612917 3.274940 -39.526178 6.231403 -8.978693 -0.000004 0.000001 -0.000000 1.499681 -0.902361 0.455802 5.892900 -1.444426 2.471711 11.441776 14.694740 -12.489194 -0.000002 0.000001 -0.000003 4.649838 0.017654 0.730009 -2.398775 1.938318 -7.779225 2.091676 -9.633654 -4.472391 -0.000000 0.000000 -0.000003 -0.060982 -0.000908 2.648930 3.344277 -1.145226 -1.036011 -2.528595 -1.709081 -1.826537 0.000003 -0.000003 0.000000 
-2.294416 103.694519 -4.027004 -0.762459 -0.230898 -1.918719 1.588453 -0.544415 -0.443523 -2.874401 -0.875112 1.792145 2.221875 -0.675515 -0.643485 0.812455 -1.825002 0.193592 -0.000001 -0.000001 0.000002 1.733677 0.617235 3.415514 -0.723089 6.209985 3.202089 -41.738200 7.203338 -9.534556 0.000003 0.000002 -0.000000 1.541878 -1.286461 0.475826 6.561986 -1.780243 2.616961 14.607903 16.007037 -13.929075 -0.000000 0.000000 -0.000000 4.609749 0.052780 1.234934 -2.179806 1.651370 -8.653108 1.642689 -10.568114 -5.102664 0.000003 0.000003 0.000003 -0.641619 0.158455 2.792302 3.584326 -1.114856 -0.782428 -2.656168 -2.363718 -2.192596 -0.000000 -0.000001 -0.000001 
-2.333046 103.524651 -4.066890 -0.833968 -0.234408 -2.081162 1.061831 -0.433005 -0.245376 -2.476185 -1.079113 1.961057 2.186063 -1.140856 -0.978852 0.517176 -1.891340 -0.086770 -0.000000 -0.000001 0.000002 1.446621 1.046213 3.693088 -0.242836 5.520770 2.932295 -41.648940 8.506435 -10.244962 -0.000000 -0.000001 -0.000002 1.193437 -2.310391 0.501228 6.939068 -1.417060 3.345506 17.310534 18.003185 -15.894974 -0.000000 -0.000000 -0.000001 4.616832 0.004325 1.479950 -1.402948 1.142664 -8.948236 1.547375 -11.406454 -5.577579 0.000003 0.000001 -0.000006 -0.704015 0.243107 3.134428 3.943374 -1.037991 -0.996832 -2.758285 -2.086944 -2.230750 0.000003 -0.000003 0.000003 
-2.377742 103.354401 -4.096868 -1.166417 -0.293491 -2.250172 1.581564 -0.574042 -0.331757 -3.786174 -1.066458 2.280764 3.343495 -1.475216 -1.139376 0.636987 -1.504212 -0.045727 -0.000002 -0.000000 0.000002 1.177696 2.050761 4.183443 0.463703 5.521164 3.062219 -42.509513 9.064337 -10.167433 0.000000 -0.000000 0.000000 1.434782 -2.244977 0.288813 7.631803 -1.473583 3.059581 17.506589 18.344556 -16.467654 0.000003 -0.000001 -0.000000 5.201856 -0.046430 1.986852 -1.910951 1.261758 -9.897405 0.977294 -11.380075 -5.651287 -0.000003 0.000002 0.000001 -0.696899 0.322120 3.316033 4.786187 -0.895194 -0.855011 -3.155309 -2.058383 -2.155646 0.000000 -0.000002 -0.000000 
-2.426797 103.178291 -4.124173 -0.970187 -0.325155 -2.434471 1.034993 -0.504603 -0.276279 -3.522126 -1.236666 2.447962 3.226500 -1.614609 -1.182715 1.000662 -1.530343 -0.135363 -0.000001 0.000001 0.000001 1.028552 2.672245 4.581827 0.366963 5.707912 3.046014 -40.653921 8.823736 -9.907080 0.000001 -0.000001 -0.000001 1.442838 -2.585218 0.249675 7.898024 -1.766240 3.109743 18.301014 20.086483 -18.058590 -0.000000 -0.000001 0.000002 5.117284 0.042060 2.302815 -2.327493 1.468018 -10.409242 1.727565 -11.707686 -5.588421 0.000003 0.000001 0.000002 -0.748687 0.298490 3.695841 5.096189 -0.892431 -1.064649 -3.644933 -1.562742 -1.997026 0.000002 -0.000001 0.000001 
-2.476905 103.012344 -4.152812 -0.598903 -0.349375 -2.528296 0.453226 -0.403411 -0.286264 -3.582398 -1.373185 2.644287 3.407436 -1.907673 -1.316773 1.862018 -1.448807 -0.286788 0.000001 -0.000000 0.000003 1.270059 2.798251 4.843508 0.498058 6.058292 3.151760 -41.282398 8.846495 -9.721490 -0.000001 0.000002 0.000002 1.585537 -2.386049 0.048599 8.450404 -2.026850 3.043598 17.915871 20.749514 -18.642383 -0.000002 -0.000004 0.000001 4.954452 0.051919 2.465804 -2.248641 1.427459 -10.604007 1.928241 -12.367744 -5.818325 0.000003 0.000002 -0.000002 -1.111262 0.377017 3.954306 5.502401 -0.969499 -1.320428 -3.804864 -0.948132 -1.934350 0.000002 -0.000004 -0.000000 
-2.530663 102.843552 -4.184101 -0.767311 -0.492067 -2.770906 0.829554 -0.551546 -0.171455 -4.050850 -1.287691 2.665023 3.880191 -1.927362 -1.286402 1.719524 -1.286641 -0.232736 -0.000001 -0.000001 0.000001 1.344701 2.969364 4.967050 0.596231 6.301722 3.492436 -43.778804 10.247869 -10.426891 -0.000002 0.000001 -0.000002 1.593997 -2.868624 0.176746 8.536578 -1.952207 2.852136 20.237048 21.574520 -19.884113 0.000003 -0.000002 -0.000002 5.448880 0.076880 2.917156 -2.841463 1.850505 -11.274090 2.597068 -13.466125 -6.103306 0.000002 0.000000 -0.000000 -1.117311 0.368970 4.256389 5.925958 -1.108573 -1.379911 -3.698313 -0.745081 -1.843305 0.000003 -0.000002 0.000004 
-2.587572 102.678513 -4.222396 -0.140763 -0.425379 -3.035105 0.824526 -0.590429 -0.038820 -3.411204 -1.473937 2.877993 3.237117 -1.800783 -1.362997 1.685081 -1.257627 -0.043074 0.000002 -0.000001 0.000001 1.345904 3.293104 5.218919 0.648393 6.834185 3.885454 -44.630140 10.388578 -10.156373 -0.000000 -0.000001 -0.000001 1.728176 -3.174940 0.088128 8.965327 -2.279035 2.579897 20.147460 21.992087 -20.544205 -0.000001 -0.000003 0.000003 4.740660 0.188405 3.187527 -3.470349 2.230474 -11.747464 2.563280 -14.045158 -6.392219 0.000002 0.000001 0.000004 -2.060098 0.503454 4.349152 6.238660 -1.148799 -0.807417 -3.740679 -1.200592 -1.978753 0.000001 0.000000 -0.000001 
-2.641628 102.525726 -4.261112 -0.233026 -0.612340 -3.267520 0.990947 -0.639767 -0.124675 -3.757685 -1.555815 3.061142 3.589495 -1.415794 -1.351346 1.818217 -1.551783 0.244763 0.000000 0.000000 0.000001 1.648899 3.040520 5.641426 0.563003 7.420546 4.025740 -44.810996 10.754935 -10.141269 0.000006 0.000001 -0.000001 1.705118 -3.964931 0.152740 9.343507 -2.387869 2.618572 21.332839 22.621781 -21.561992 0.000003 -0.000001 0.000001 4.931459 0.261034 3.581205 -3.943140 2.582700 -12.323826 2.247292 -14.346457 -6.597737 -0.000003 0.000005 -0.000002 -2.123915 0.528502 4.595449 6.786673 -1.161965 -0.739124 -3.307378 -1.196226 -1.998679 0.000002 -0.000003 -0.000002 
-2.702118 102.373131 -4.295452 -0.718920 -0.298600 -3.485537 1.003144 -0.664293 -0.104728 -3.922655 -1.583342 3.101978 3.792474 -1.902000 -1.361481 1.903163 -1.693118 0.376540 -0.000001 -0.000001 0.000001 1.602458 3.189393 5.971980 0.549313 7.494418 4.055961 -46.432538 11.680382 -10.612377 0.000001 0.000001 -0.000001 1.704026 -4.152842 0.364657 9.960944 -3.212218 3.128595 23.191964 24.428779 -23.805431 -0.000001 0.000002 0.000002 5.369543 0.202436 3.612680 -4.141563 2.601370 -12.442565 1.926950 -14.648343 -6.895727 -0.000001 0.000001 0.000001 -1.562261 0.490626 4.777626 6.524391 -1.194072 -0.383688 -4.118173 -1.377643 -2.041500 0.000004 0.000001 0.000001 
-2.762568 102.222786 -4.331117 -0.887198 -0.093154 -3.721680 1.228041 -0.746639 -0.074670 -3.897582 -1.564139 3.103431 3.636960 -2.035336 -1.149890 1.780869 -1.766768 0.600310 -0.000001 -0.000001 0.000001 1.757868 3.450106 6.327804 0.921653 7.930983 3.945118 -47.231161 12.472221 -10.338340 -0.000001 0.000001 -0.000001 1.944270 -4.394593 0.371821 10.666962 -3.530088 3.028964 23.809455 24.176438 -24.264124 -0.000001 -0.000002 0.000001 6.054656 0.234054 3.716233 -4.132462 2.456390 -12.780814 2.011395 -15.102703 -7.155961 0.000003 0.000000 -0.000003 -1.613181 0.502785 4.947146 6.911215 -1.136478 -0.044638 -3.849741 -1.520403 -2.063282 -0.000000 -0.000001 0.000003 
-2.816479 102.079704 -4.357675 -0.424251 -0.176466 -3.834037 1.995692 -0.955664 -0.062512 -4.105662 -1.455468 3.014205 3.308254 -1.346969 -0.874708 2.064167 -1.924927 0.744394 0.000001 0.000001 0.000001 1.872079 3.619748 6.309317 1.187945 7.913610 4.334262 -48.518925 13.301179 -10.426612 0.000004 -0.000001 -0.000002 2.097306 -4.577734 0.443171 10.675127 -3.360540 2.473037 24.025163 23.044199 -23.429355 -0.000002 -0.000003 0.000001 5.543408 0.298748 3.799687 -3.897318 2.281011 -13.115525 2.229113 -15.304248 -7.189719 0.000003 0.000001 0.000004 -2.318773 0.571176 4.955268 7.407659 -1.167630 0.231012 -3.769543 -1.841761 -2.271346 -0.000000 -0.000001 0.000001 
-2.877008 101.931786 -4.389961 0.146073 -0.317120 -3.902068 2.240552 -1.023368 -0.216327 -4.779608 -1.398314 3.053940 3.820118 -1.097678 -0.800621 1.574897 -2.245337 0.975230 0.000000 -0.000001 0.000002 1.687564 4.128173 6.468896 0.852931 8.399220 4.844406 -48.662595 13.994672 -10.699018 0.000001 -0.000000 -0.000000 2.316963 -4.008238 0.446210 10.868223 -4.243170 2.103783 24.198916 23.153846 -23.601773 0.000001 -0.000002 0.000001 4.914239 0.328312 3.809821 -3.644786 2.084605 -13.494535 2.644457 -15.492211 -7.188929 0.000004 -0.000001 -0.000005 -2.939935 0.647062 4.998758 7.161961 -1.263418 0.496547 -4.357604 -3.107506 -2.759713 0.000003 0.000000 0.000002 
-2.939323 101.781334 -4.416671 0.296695 -0.080744 -4.206611 1.693343 -0.903554 -0.075940 -4.441135 -1.567729 3.233370 3.598974 -1.534255 -0.868318 1.771250 -2.234005 1.086996 -0.000001 0.000001 0.000001 1.491458 4.162141 6.774490 1.135926 7.894150 4.705152 -48.819761 13.740893 -10.624605 0.000007 -0.000003 -0.000000 2.294753 -4.051139 0.689085 10.910936 -4.761415 2.054308 26.424358 23.882105 -25.044082 -0.000003 -0.000002 0.000001 4.976530 0.354498 3.889074 -2.837431 1.689260 -13.597725 2.466253 -16.046315 -7.579462 -0.000000 0.000002 -0.000002 -3.123401 0.689302 5.314969 7.858637 -1.061394 0.783516 -4.994497 -3.408970 -2.737703 -0.000000 -0.000002 -0.000000 
-2.996530 101.636497 -4.442190 0.771622 0.003563 -4.292581 1.438025 -0.844870 -0.008102 -4.576231 -1.600696 3.289275 3.707399 -1.399083 -0.854379 1.312132 -2.478515 1.267748 0.000001 0.000001 0.000002 1.192550 4.523075 6.833849 1.061841 7.851627 4.862501 -50.749002 13.904419 -10.727773 0.000000 -0.000000 0.000000 2.111576 -4.760132 0.808179 10.520389 -4.594976 1.812018 27.226859 24.312371 -25.769288 -0.000000 -0.000001 0.000001 4.370923 0.378324 3.822795 -2.160493 1.259645 -13.687601 2.436409 -16.291125 -7.782291 0.000002 0.000001 0.000002 -3.690922 0.747186 5.460971 8.489761 -0.890523 0.895541 -5.452294 -3.554750 -2.764604 0.000002 0.000000 0.000003 
-3.048136 101.501556 -4.470416 0.914588 0.276679 -4.352803 1.815722 -0.944245 -0.079303 -3.837638 -1.733828 3.372624 3.110203 -1.295571 -0.733651 0.894104 -2.506950 1.245379 0.000001 0.000003 0.000001 1.271375 4.831194 6.971325 1.144657 8.087897 5.139746 -51.924519 14.530626 -10.712315 0.000002 0.000001 -0.000001 2.370222 -4.187342 0.578375 10.252924 -4.620422 0.910187 26.704090 23.056340 -24.454215 -0.000006 -0.000002 0.000001 4.262779 0.435087 3.917215 -1.425729 0.807804 -14.055492 1.673057 -17.114181 -8.522427 0.000003 0.000001 0.000000 -4.262373 0.772484 5.416629 9.072593 -0.901485 1.225537 -5.627734 -3.914923 -3.001658 -0.000001 0.000001 0.000003 
-3.097997 101.378601 -4.492717 2.706212 0.525851 -4.440586 -0.497838 -0.448479 0.087309 -1.125731 -2.091397 3.469265 1.032836 -0.412096 -0.775655 2.106421 -2.955367 1.733992 0.000002 -0.000001 0.000001 2.740731 2.529170 7.190207 -0.084209 10.249857 5.146031 -52.924523 16.088552 -11.306696 -0.000003 0.000001 -0.000001 2.085072 -5.363215 0.598627 10.585372 -5.678114 0.744764 28.822346 23.020019 -24.973596 0.000005 0.000001 0.000003 2.892634 0.454308 3.981890 -0.971554 0.539596 -14.401553 0.704598 -17.423533 -9.008750 -0.000000 -0.000000 0.000004 -5.834026 0.969701 5.427898 8.823989 -1.024485 1.555595 -5.397412 -4.197179 -3.056310 0.000001 -0.000002 -0.000000 
-3.138741 101.261604 -4.518184 3.525756 0.317260 -4.448920 -1.290285 -0.315695 0.075194 0.441760 -2.192107 3.413555 -0.207739 0.241602 -0.590275 2.253642 -3.142910 2.050906 -0.000001 0.000000 0.000002 3.521213 1.854280 7.487095 -0.580094 11.681132 5.329071 -55.077693 15.969167 -11.102502 0.000001 -0.000000 -0.000000 2.053558 -6.232819 0.378033 10.876555 -5.628064 0.489836 28.636646 22.752183 -24.775283 0.000003 0.000001 0.000003 2.076704 0.535265 4.238862 -0.526136 0.268584 -15.028622 0.256487 -17.883133 -9.394187 0.000003 0.000001 0.000000 -6.980867 1.078614 5.490238 9.175915 -1.075924 1.524093 -5.734799 -4.448130 -3.278595 0.000001 -0.000001 -0.000001 
-3.175687 101.153450 -4.543786 3.298043 0.251260 -4.452253 -1.666776 -0.222632 -0.007474 1.415344 -2.432263 3.647744 -0.948369 0.454482 -0.637401 2.560630 -3.176565 2.157664 0.000001 0.000000 0.000002 3.974555 1.389384 7.480698 -0.543524 12.172022 5.544708 -56.055434 16.384958 -10.918280 -0.000002 -0.000002 0.000001 2.273386 -6.142292 0.602098 10.988822 -6.184819 -0.177871 29.184896 22.547467 -24.912442 0.000002 0.000000 0.000001 2.437202 0.520755 4.409796 0.014611 -0.178635 -15.593839 -0.010053 -18.443910 -9.848736 0.000003 -0.000001 0.000003 -6.853983 1.134538 5.511770 9.236846 -0.982128 1.618130 -5.936672 -4.817661 -3.353119 0.000001 -0.000002 -0.000001 
-3.207982 101.049744 -4.564375 3.736475 0.653773 -4.564586 -1.611283 -0.271401 0.144764 0.774501 -2.546329 3.901530 -0.591893 0.235093 -0.844572 2.445703 -3.301387 2.293191 0.000002 0.000001 0.000001 4.018344 1.554518 7.729891 -0.390544 12.261881 5.619929 -54.540980 16.215521 -10.565531 0.000001 -0.000001 -0.000001 2.282782 -6.403455 0.450041 10.939711 -6.490515 -0.730282 28.851156 22.569641 -24.970275 -0.000001 -0.000002 0.000003 2.261363 0.547652 4.538601 0.443002 -0.534669 -16.035833 0.743517 -18.901456 -9.834476 -0.000000 0.000001 0.000002 -7.485731 1.213240 5.529524 9.388347 -0.928346 1.985430 -5.928153 -5.194997 -3.448598 0.000001 -0.000006 0.000001 
-3.237014 100.951019 -4.582580 3.623151 0.731907 -4.756143 -1.432172 -0.356505 0.278520 1.164080 -2.667625 4.064313 -1.094570 0.477265 -0.852039 2.453639 -3.385745 2.502882 0.000001 -0.000001 0.000003 4.311663 1.497638 8.070236 -0.231667 12.382551 5.689985 -55.277080 17.118167 -10.593099 -0.000001 -0.000002 0.000001 2.433472 -6.421723 0.362464 10.895889 -6.747683 -1.266077 28.616420 22.355687 -24.840064 -0.000001 0.000002 0.000002 2.323199 0.660544 4.904517 0.767397 -0.842606 -16.614362 0.043231 -18.979040 -10.174966 0.000001 0.000000 0.000008 -7.874772 1.237446 5.687869 9.690549 -0.878513 2.182290 -6.213117 -5.731251 -3.724680 0.000002 -0.000001 0.000002 
-3.263054 100.857483 -4.592882 3.638133 0.520420 -4.845621 -1.505626 -0.355357 0.221012 0.696961 -2.709611 4.203057 -0.638838 0.470715 -0.808379 2.894393 -3.353420 2.508888 0.000000 0.000001 0.000002 4.618248 1.463882 8.403673 0.181797 12.253506 5.725421 -56.350242 18.603869 -10.671890 -0.000000 -0.000001 -0.000001 2.631955 -6.525019 0.333597 10.802719 -6.771468 -1.954354 28.456952 22.050928 -24.761369 -0.000000 -0.000001 0.000005 2.326262 0.829399 5.294825 1.055996 -1.069225 -17.395175 0.825532 -18.806456 -9.716445 0.000002 0.000000 -0.000003 -7.969770 1.202320 5.930377 10.080325 -0.818833 1.910137 -6.088741 -5.266085 -3.568113 0.000004 -0.000002 -0.000001 
-3.283608 100.766968 -4.617113 3.467349 1.176762 -4.959235 -1.447441 -0.378595 0.309415 0.589568 -2.889588 4.363260 -0.618049 -0.001975 -0.924826 2.923931 -3.780344 2.600946 -0.000001 0.000000 0.000002 4.548018 1.611785 8.605703 0.059784 12.026581 5.742648 -55.535759 18.837873 -10.814860 0.000003 -0.000001 -0.000000 2.644528 -6.175354 0.331521 10.728515 -7.919750 -2.142019 29.742035 22.309742 -25.309705 0.000001 0.000001 -0.000000 2.269428 0.957892 5.323353 1.180864 -1.235234 -17.677604 0.803555 -18.683284 -9.758412 0.000007 -0.000001 -0.000003 -7.959324 1.112049 5.868028 10.275600 -0.793992 2.367893 -5.824836 -5.061418 -3.522156 0.000001 -0.000001 0.000001 
-3.306538 100.684937 -4.634262 3.520601 1.437108 -4.984344 -1.581941 -0.331969 0.286274 0.778927 -2.998252 4.427058 -0.635272 0.009356 -0.941970 3.004985 -4.204700 2.717220 0.000000 0.000001 0.000001 4.407194 1.761480 8.803209 -0.148263 12.090750 6.020369 -55.795873 18.973239 -10.874782 0.000004 -0.000001 -0.000002 2.454231 -6.684911 0.349157 10.752056 -8.514757 -2.209156 29.971307 23.125050 -26.217485 -0.000001 -0.000003 0.000001 1.913765 1.014377 5.447548 1.348754 -1.380341 -18.063204 0.974418 -18.667322 -9.694729 -0.000001 0.000000 -0.000000 -8.338602 1.135189 6.009366 10.593359 -0.741469 2.317467 -5.662985 -5.453714 -3.751181 -0.000000 -0.000001 0.000002 
-3.325380 100.606522 -4.654194 4.264647 1.616962 -5.049599 -1.349344 -0.334307 0.186426 0.592551 -3.003367 4.413712 -0.746187 0.012259 -0.754531 2.569536 -4.580914 2.897056 0.000000 0.000001 0.000003 4.435598 1.442593 9.168364 -0.432456 12.095744 6.097764 -56.567531 19.455603 -11.054730 0.000000 0.000001 -0.000001 2.364652 -6.289397 0.213105 10.581713 -9.660110 -2.619831 29.552552 22.869181 -25.836575 0.000002 -0.000002 0.000005 0.745353 1.099103 5.504288 1.602097 -1.495486 -18.403759 1.501949 -19.049741 -9.683553 0.000004 0.000002 0.000003 -9.415020 1.186330 6.129066 10.626590 -0.792726 2.328055 -5.633019 -5.595326 -3.849533 0.000001 -0.000002 0.000000 
-3.340069 100.527023 -4.684579 4.918691 1.933323 -4.939256 -0.988791 -0.413296 0.085758 0.279643 -2.929196 4.378170 -0.740824 0.204556 -0.745830 2.178422 -4.984544 3.341351 -0.000002 0.000000 0.000000 4.508372 1.432973 9.314205 -0.706064 12.230231 6.503149 -56.983876 19.825449 -11.257463 -0.000003 0.000001 0.000000 2.249972 -6.480020 -0.027565 10.369436 -9.847423 -2.955318 29.222531 22.266560 -25.019785 -0.000003 -0.000002 -0.000001 -0.017442 1.113722 5.476302 1.890461 -1.909509 -18.887625 1.734061 -19.610018 -9.954178 0.000000 -0.000000 0.000004 -10.263603 1.260182 6.204995 11.069889 -0.590340 2.110990 -5.696817 -5.313807 -3.752739 0.000002 -0.000001 -0.000002 
-3.353593 100.458290 -4.709545 5.038399 2.032235 -4.911869 -0.704907 -0.481758 0.054160 0.596753 -2.914374 4.324775 -1.144571 0.344319 -0.632940 1.940275 -4.977226 3.405262 -0.000001 0.000001 0.000001 4.417771 1.637580 9.444945 -0.427801 11.874666 6.425868 -58.462246 20.363272 -11.317296 -0.000000 -0.000002 0.000001 2.335833 -6.033685 -0.201819 10.391527 -10.290240 -3.227238 28.266548 21.780707 -24.282060 0.000001 -0.000001 0.000007 -0.627296 1.213858 5.693032 1.912531 -2.014289 -19.710879 1.011984 -19.591735 -10.224056 0.000005 0.000003 -0.000001 -10.644128 1.272004 6.241895 11.118773 -0.610254 2.034389 -5.989123 -5.190503 -3.734947 0.000002 -0.000002 -0.000000 
-3.365740 100.385750 -4.740241 5.045825 2.368188 -4.862668 -0.118566 -0.625809 0.026447 0.343990 -2.912535 4.331579 -1.076771 0.401079 -0.600635 1.232454 -5.205281 3.436049 0.000000 -0.000001 0.000002 4.591431 1.466890 9.713781 -0.966273 12.797310 6.360393 -58.683865 20.957356 -11.525366 0.000000 0.000003 -0.000003 2.221562 -6.201386 -0.331340 10.162063 -10.300914 -3.530840 28.468657 21.429457 -23.831715 -0.000001 -0.000003 0.000004 -1.298656 1.244550 5.900389 2.629047 -2.539722 -20.425971 0.839058 -20.212721 -10.640857 0.000003 0.000000 0.000006 -11.468423 1.353773 6.088199 11.700625 -0.614356 2.336586 -5.975585 -5.771087 -4.036861 -0.000000 -0.000004 -0.000000 
-3.377782 100.314583 -4.771501 5.682305 2.919109 -4.907687 -0.062263 -0.670121 0.083310 -0.016424 -3.015339 4.536457 -1.030758 0.311515 -0.768841 0.708873 -5.336093 3.598156 -0.000002 -0.000002 0.000002 4.023721 2.284606 9.953467 -0.532758 12.371585 6.559402 -59.385899 21.878855 -11.662494 0.000001 -0.000000 0.000000 2.149256 -6.650188 -0.379937 10.019558 -10.136270 -3.990724 27.726116 20.891402 -23.087342 -0.000002 -0.000000 0.000003 -2.061827 1.204935 6.089660 3.070537 -2.931188 -21.112910 0.753642 -21.191260 -11.239380 0.000002 0.000000 -0.000003 -12.507542 1.567260 6.088070 11.563375 -0.557229 2.544981 -6.285027 -6.495388 -4.230716 0.000001 -0.000001 -0.000004 
-3.390057 100.244858 -4.793882 5.410741 3.324366 -4.903386 0.163727 -0.712762 0.089433 0.549176 -3.102032 4.622085 -1.603998 0.180744 -0.805107 0.670983 -5.210111 3.652275 0.000001 0.000000 0.000001 3.977345 2.391732 9.975452 -0.460836 12.529623 7.004405 -60.027862 23.212886 -11.774864 0.000001 -0.000001 -0.000001 2.275382 -6.632658 -0.358483 10.189265 -10.208682 -4.137175 27.362180 20.667813 -22.959394 -0.000002 -0.000002 0.000001 -2.005605 1.173620 6.162390 3.581015 -3.465728 -21.547642 1.110466 -21.797070 -11.477054 0.000004 -0.000000 0.000002 -12.951707 1.687691 6.050555 12.112089 -0.204698 2.874083 -6.558953 -7.032715 -4.332033 0.000001 -0.000000 -0.000001 
-3.405253 100.173264 -4.820291 5.112650 3.666846 -5.003240 0.556870 -0.790140 0.072600 0.085637 -3.161282 4.748059 -1.463995 -0.023158 -0.826606 0.994138 -5.236280 3.580420 0.000002 0.000000 0.000001 4.365299 1.997761 10.197519 -0.586522 12.551037 7.295795 -58.355920 23.240113 -11.727600 0.000001 0.000000 0.000001 2.384643 -6.446958 -0.236290 10.252648 -10.458514 -4.134984 27.354016 20.608296 -23.001581 0.000000 -0.000004 0.000006 -1.767285 1.278644 6.203953 4.224064 -3.810521 -21.658257 0.769321 -22.409036 -11.944843 0.000003 -0.000002 0.000003 -12.680912 1.547137 6.211810 12.355313 -0.357227 2.694831 -6.710550 -6.606781 -4.399714 0.000001 -0.000003 0.000001 
-3.424883 100.096191 -4.851141 5.348492 3.543583 -5.172873 0.558318 -0.793953 -0.010345 0.176372 -3.168869 4.748068 -1.436339 0.585513 -0.575122 0.539381 -5.528297 3.826227 0.000000 -0.000001 0.000002 4.380710 2.060757 10.595090 -0.881404 13.406518 7.335914 -58.019677 23.836611 -11.634130 0.000001 0.000004 -0.000004 2.472853 -6.392362 -0.194600 10.386725 -10.814922 -4.386707 25.850369 20.138613 -22.288844 -0.000000 -0.000004 0.000004 -1.668495 1.331384 6.551063 4.254121 -3.745926 -22.252138 0.958442 -22.506498 -11.871126 0.000002 -0.000001 -0.000001 -13.364238 1.623826 6.255775 12.855783 -0.318321 3.000541 -7.029154 -6.752660 -4.473552 0.000002 0.000000 -0.000001 
-3.442306 100.022751 -4.881252 5.100421 3.793117 -5.384178 0.143824 -0.680866 0.103995 -0.177135 -3.342690 5.008937 -1.177767 -0.005464 -0.722017 1.005593 -5.516293 3.780379 -0.000001 -0.000001 0.000002 4.396206 1.731786 10.629175 -0.999580 12.920148 7.251335 -56.837638 24.152765 -12.031257 0.000004 0.000002 -0.000003 2.351490 -6.524328 0.152231 10.186013 -11.003448 -4.094675 27.831820 20.866867 -23.470798 0.000006 -0.000002 0.000003 -1.334767 1.422156 6.616897 4.153094 -3.779026 -22.359480 0.370616 -22.337043 -12.105038 0.000001 -0.000002 -0.000005 -12.965636 1.510431 6.430109 12.780075 -0.254959 3.187568 -6.913748 -7.259933 -4.633705 -0.000001 -0.000000 0.000000 
-3.460015 99.946602 -4.912777 4.570507 3.768435 -5.598439 0.355201 -0.714288 0.204957 -0.341944 -3.524332 5.256124 -0.961424 -0.120658 -0.889070 1.718985 -5.395634 3.547490 0.000000 -0.000001 0.000001 4.208153 1.640574 10.877798 -1.134952 12.750792 7.118372 -57.058208 23.336289 -11.898044 -0.000002 -0.000003 0.000003 2.109178 -6.781273 0.361357 10.164515 -11.226342 -3.532541 29.803899 21.926137 -25.013881 -0.000001 0.000000 0.000001 -0.677893 1.483515 6.836086 4.087162 -3.624675 -22.553495 0.268351 -22.011692 -11.921759 -0.000000 -0.000000 0.000002 -12.061837 1.367988 6.804126 12.429036 -0.437349 2.924017 -7.275957 -7.426136 -4.804175 -0.000003 0.000001 -0.000000 
-3.481640 99.862473 -4.938828 4.775188 3.722640 -5.730316 0.645414 -0.815909 0.161538 0.038730 -3.559539 5.301863 -1.268964 0.241591 -0.732657 1.354922 -5.502362 3.905626 0.000001 0.000001 0.000002 4.512866 1.698012 11.259379 -0.999300 13.101642 7.401946 -57.925926 23.526177 -11.555111 -0.000003 -0.000002 0.000000 2.418056 -6.782385 0.426868 10.183889 -10.966123 -4.056514 27.201186 20.932556 -23.465508 -0.000002 0.000003 0.000002 -1.082876 1.585758 7.152219 4.068060 -3.812210 -23.149027 0.729129 -21.759466 -11.598965 -0.000000 0.000002 0.000003 -12.925676 1.452202 6.855301 13.453372 -0.057377 3.265770 -7.028041 -7.427608 -4.638525 0.000003 -0.000003 0.000002 
-3.498622 99.792503 -4.969747 5.087263 4.000389 -5.783739 0.933418 -0.885595 0.206009 -0.044433 -3.588672 5.348800 -1.235757 0.394584 -0.715102 1.066876 -5.638973 4.129622 0.000000 0.000000 0.000001 4.386315 1.769407 11.413994 -0.892917 12.534609 7.589402 -57.931008 24.051031 -11.907330 0.000001 -0.000004 0.000001 2.282070 -6.909783 0.402747 9.855572 -10.735852 -4.214117 28.091024 20.366092 -22.983242 -0.000001 -0.000002 0.000001 -1.244530 1.622403 7.226195 4.245809 -3.989734 -23.178898 0.855287 -22.141091 -11.766992 0.000002 -0.000002 -0.000001 -13.710045 1.509256 6.722920 14.155629 0.165188 3.585064 -6.073956 -7.340958 -4.505078 0.000001 -0.000002 -0.000001 
-3.515172 99.719849 -5.002072 4.934543 4.146063 -5.744202 0.934672 -0.904599 0.237301 0.577797 -3.621429 5.373434 -1.806275 0.017033 -0.722855 1.347502 -5.384310 4.064040 0.000000 -0.000001 0.000001 4.600716 2.004468 11.664881 -0.666087 12.937300 7.239712 -58.107035 23.562573 -11.451120 -0.000002 0.000000 -0.000003 2.641982 -6.076217 0.289783 10.169212 -10.712376 -4.315220 26.729766 19.870262 -22.244782 -0.000000 0.000003 -0.000005 -1.352552 1.680875 7.355388 4.293729 -4.203295 -23.525844 0.655905 -21.840614 -11.655435 0.000003 0.000004 -0.000002 -13.661087 1.517201 6.552597 14.437808 0.216552 3.862626 -6.260813 -7.227354 -4.552085 -0.000000 -0.000001 0.000003 
-3.528012 99.658829 -5.039671 5.103324 4.483923 -5.733729 0.663484 -0.824940 0.303833 0.702353 -3.814058 5.627971 -1.935621 -0.079340 -0.821830 1.359303 -5.346771 4.007432 -0.000001 0.000002 0.000001 4.841153 1.478260 11.763064 -0.990434 13.117164 7.082729 -56.183818 23.967267 -11.749244 -0.000001 -0.000004 0.000000 2.530320 -5.976332 0.367893 10.091561 -11.102800 -4.108540 27.689875 20.316266 -22.880010 -0.000003 -0.000001 0.000001 -1.327335 1.769393 7.527660 4.059683 -4.172960 -23.888995 1.319020 -21.933209 -11.428108 0.000003 0.000002 0.000003 -13.991672 1.514048 6.576881 14.531622 0.236823 3.736010 -6.313706 -7.301582 -4.588938 0.000002 -0.000002 -0.000000 
-3.535409 99.609230 -5.073461 4.900414 4.797937 -5.691194 1.022407 -0.877842 0.468231 0.466201 -3.856257 5.682086 -1.696615 0.093190 -0.887526 1.196601 -5.469557 3.998631 0.000000 -0.000001 0.000001 4.715389 0.732833 11.744319 -1.208237 12.600237 7.044118 -56.122261 23.727698 -12.199070 -0.000005 0.000000 0.000001 2.117102 -6.326292 0.621470 9.807007 -11.358267 -3.670081 30.245573 20.937528 -23.926072 -0.000003 -0.000001 0.000003 -1.058984 1.743456 7.648629 4.125664 -4.089870 -24.066677 1.704260 -22.287667 -11.442811 0.000004 0.000001 0.000002 -13.871796 1.542001 6.464554 14.222146 0.212855 3.810200 -6.176412 -7.452105 -4.468747 0.000001 -0.000001 0.000000 
-3.539738 99.568321 -5.093125 4.775600 4.755342 -5.577223 1.779015 -1.022392 0.503275 -0.053441 -3.763590 5.624945 -1.329459 0.287459 -0.796047 1.157233 -5.514010 4.014608 -0.000001 0.000000 0.000001 4.710952 0.431506 12.059238 -1.358842 12.582542 7.108123 -53.788819 23.776986 -12.526108 0.000004 0.000001 -0.000002 1.778679 -6.426902 0.447405 9.722928 -11.008362 -3.263322 31.214979 21.024166 -23.984223 -0.000001 0.000000 -0.000002 -0.850394 1.704455 7.988222 3.816898 -4.141651 -24.882861 2.371162 -21.974904 -10.974637 0.000003 0.000001 0.000002 -13.974090 1.631676 6.442649 14.635316 0.390871 3.659841 -5.779864 -7.229086 -4.356619 0.000001 -0.000001 0.000000 
-3.541086 99.522285 -5.117265 4.257426 5.126053 -5.463361 1.742431 -1.016624 0.478405 -0.417773 -3.923556 5.841216 -1.180626 -0.245802 -0.979271 1.970991 -5.442877 3.897226 -0.000001 0.000000 0.000002 4.864344 0.128624 12.286989 -1.368560 12.758775 7.144969 -53.455642 25.248238 -12.988483 -0.000004 0.000003 -0.000001 1.840625 -6.339277 0.766288 9.885417 -11.132237 -3.110981 32.698308 21.674828 -25.125184 -0.000003 -0.000000 0.000003 -0.763065 1.674658 8.085754 4.008081 -4.342007 -25.215595 2.898595 -21.921605 -10.735187 0.000003 0.000004 0.000001 -13.044280 1.585838 6.347769 14.182690 0.312684 3.635771 -5.479083 -7.123604 -4.245376 0.000002 -0.000001 -0.000000 
-3.536653 99.478622 -5.147570 4.395905 5.055223 -5.329284 1.066837 -0.849928 0.447214 0.352153 -4.044898 5.870443 -1.504185 -0.260400 -0.999601 2.232054 -5.424292 3.668978 -0.000002 0.000000 0.000001 4.652685 0.170650 12.490056 -1.377061 12.653465 7.001491 -52.589639 24.837826 -13.080868 -0.000003 0.000002 0.000002 1.795166 -5.908613 0.670192 10.069445 -11.625432 -2.924138 33.158495 22.104970 -25.638160 -0.000002 -0.000000 0.000003 -1.588729 1.668803 8.338655 3.991922 -4.408490 -26.032185 3.000574 -21.783572 -10.584673 0.000004 -0.000002 0.000003 -13.443293 1.694766 6.061488 14.403711 0.351561 3.910284 -5.147166 -7.386891 -4.346480 0.000002 -0.000001 0.000001 
-3.525343 99.448151 -5.173690 4.343468 5.100404 -5.195563 1.331204 -0.930756 0.421667 0.788757 -4.182480 6.025191 -1.982301 -0.172255 -0.977233 2.191405 -5.126413 3.459710 0.000000 -0.000001 0.000001 4.852941 0.201200 12.674453 -1.481826 13.112243 6.970701 -52.796727 25.633003 -13.106404 -0.000000 -0.000005 0.000003 1.874527 -5.816065 0.410628 10.054947 -11.233000 -3.008154 32.406399 21.834848 -25.263509 -0.000004 -0.000001 0.000003 -1.725027 1.751379 8.513492 4.015705 -4.566877 -26.633597 2.572759 -21.444692 -10.613066 0.000003 0.000002 -0.000002 -14.032397 1.756775 5.876489 14.910766 0.489036 3.997328 -5.493726 -7.792748 -4.578553 -0.000001 0.000001 0.000001 
-3.510244 99.418938 -5.206400 3.954770 5.768781 -5.148302 1.736923 -1.085440 0.702667 -0.312642 -4.165837 6.123316 -1.390570 -0.722499 -1.264172 2.223287 -5.247105 3.626222 -0.000001 0.000001 0.000001 5.028534 0.267640 12.848741 -1.402413 12.938933 6.878642 -53.557730 26.053007 -13.248390 -0.000002 -0.000002 0.000001 1.940398 -5.966332 0.580617 9.898624 -11.104816 -2.966710 33.688358 22.488922 -26.232414 -0.000002 0.000001 -0.000002 -1.618708 1.720149 8.372065 4.165919 -4.940588 -26.792293 2.906750 -22.045887 -10.885099 -0.000000 0.000005 0.000002 -13.453380 1.677521 5.890140 14.843898 0.593749 3.839948 -5.465966 -7.610916 -4.502396 0.000003 -0.000000 0.000000 
-3.496760 99.397232 -5.237919 4.102090 5.654637 -5.078475 1.623965 -1.049251 0.702229 -0.113881 -4.093086 6.116688 -1.698178 -0.510623 -1.195874 2.124234 -5.234014 3.913072 -0.000001 0.000001 0.000000 5.006373 0.415716 12.910511 -1.241364 12.722955 7.087127 -54.056193 26.710963 -13.266078 -0.000001 0.000001 -0.000001 1.992047 -6.054030 0.603043 9.658390 -10.590625 -3.059704 34.188368 22.005988 -25.867984 -0.000002 0.000000 0.000002 -1.522135 1.742790 8.576122 3.682736 -4.887663 -27.360783 3.274874 -21.988831 -10.770308 -0.000003 -0.000000 0.000004 -13.881893 1.754188 5.835236 15.108121 0.887507 3.787419 -5.266159 -7.507273 -4.243608 0.000000 -0.000003 -0.000000 
-3.484413 99.369362 -5.261799 4.029473 6.214700 -5.097304 1.641233 -1.086017 0.778051 -0.397068 -4.117044 6.206318 -1.528109 -0.599079 -1.275286 2.012337 -5.402517 4.178465 -0.000001 0.000000 0.000002 5.068975 0.558166 13.067772 -1.292564 12.883963 7.026937 -56.068555 27.471356 -13.288242 -0.000001 -0.000000 0.000000 1.988360 -6.704428 0.728236 9.733569 -10.668222 -3.025252 33.897167 22.592306 -26.513857 -0.000000 -0.000003 0.000003 -1.391039 1.766235 8.571120 4.505170 -5.599845 -27.105391 3.182375 -22.147433 -10.955899 0.000003 0.000002 -0.000001 -14.215937 1.756482 5.977616 14.981999 0.973372 3.583851 -6.187791 -7.694129 -4.362271 0.000000 -0.000003 -0.000000 
-3.470447 99.339050 -5.281972 4.371355 6.812912 -5.051343 1.832398 -1.161052 0.943854 -0.951450 -3.984080 6.105036 -1.199258 -0.580143 -1.287061 1.199023 -5.665116 4.532538 0.000001 0.000000 0.000002 5.072323 0.772600 13.003901 -1.265769 12.821623 7.150509 -57.936349 28.762149 -13.563758 -0.000003 -0.000001 0.000001 2.033513 -6.618772 0.579693 9.684247 -10.654564 -3.121642 33.178115 22.316270 -25.869476 -0.000005 0.000003 -0.000003 -1.825843 1.733595 8.352252 4.771760 -5.959983 -27.178767 3.127169 -22.243858 -11.085405 0.000003 -0.000002 0.000001 -15.034075 1.835693 5.728883 14.937730 1.064451 3.940559 -6.129291 -8.680959 -4.729915 0.000000 0.000000 0.000000 
-3.458407 99.307053 -5.295920 4.162381 6.893993 -4.953674 2.522948 -1.263356 0.853186 -0.959819 -3.933984 6.040874 -1.465349 -0.209276 -1.141764 1.118507 -5.832938 4.676455 0.000000 0.000000 0.000002 4.949617 0.479651 12.960654 -1.516703 12.558633 7.448556 -56.044724 28.993166 -14.205398 -0.000002 -0.000002 0.000001 1.827724 -6.606218 0.537798 9.394922 -10.441058 -2.932191 34.271977 22.338441 -26.057670 -0.000003 -0.000001 0.000003 -1.904078 1.718573 8.419480 4.914233 -6.165397 -27.556110 2.962219 -21.909100 -10.995556 -0.000000 0.000001 -0.000002 -15.142161 1.882807 5.782299 15.241738 1.275046 3.830496 -6.170794 -9.045294 -4.709607 -0.000000 -0.000002 -0.000002 
-3.448079 99.275955 -5.310969 4.762636 6.895968 -5.069199 1.660691 -1.035611 0.850519 -0.378658 -4.081151 6.173367 -1.783332 -0.190978 -1.221854 1.387422 -5.850848 4.651005 0.000002 0.000001 0.000002 4.663616 0.442979 12.870125 -1.746895 12.510466 7.547991 -54.645239 29.202378 -14.642848 -0.000000 0.000000 0.000001 1.715364 -6.413161 0.593908 9.396451 -10.943579 -2.805228 35.164611 22.648561 -26.644554 0.000000 0.000000 0.000001 -2.513072 1.734220 8.564195 4.844596 -6.099405 -27.795969 2.773880 -22.105950 -11.190435 -0.000000 0.000001 -0.000002 -15.816529 1.959071 5.910878 15.171284 1.293564 3.728810 -6.425026 -9.202817 -4.696517 0.000002 -0.000002 -0.000000 
-3.440140 99.246407 -5.322856 4.584457 6.896222 -5.044839 1.572579 -0.990521 0.787708 0.350515 -4.052032 6.047789 -2.448281 0.190165 -1.033015 1.715031 -6.072737 4.913374 0.000001 0.000001 0.000001 4.583953 0.054379 12.762286 -2.038967 12.177841 7.631961 -53.682271 29.486193 -15.112267 0.000001 0.000004 -0.000000 1.509743 -6.516386 0.739350 9.120743 -11.240578 -2.553711 37.284411 22.958902 -27.638408 -0.000001 0.000001 0.000003 -2.501161 1.821731 8.564613 4.855226 -6.166398 -27.967989 2.965200 -22.277297 -11.289790 -0.000002 0.000000 -0.000005 -15.404090 1.852935 6.048419 14.739393 1.289981 3.551766 -6.450913 -9.296424 -4.652288 0.000001 -0.000002 -0.000001 
-3.436431 99.214310 -5.337571 4.716064 7.187563 -5.081244 1.991830 -1.058630 0.788702 -0.694214 -3.942815 5.986183 -1.924290 -0.174535 -1.101510 1.419220 -6.293912 5.011860 0.000000 -0.000001 0.000003 4.443326 0.055405 12.865779 -1.918574 11.754038 7.625670 -54.247391 29.919469 -15.359313 0.000004 0.000001 -0.000000 1.431399 -6.568467 0.786980 8.969486 -11.153590 -2.476515 38.145589 23.270514 -28.248337 -0.000000 -0.000003 0.000004 -2.897617 1.787741 8.481279 4.694490 -6.052745 -28.190747 3.490558 -22.543915 -11.209424 -0.000000 0.000001 -0.000002 -15.448187 1.864278 6.081278 14.677907 1.311382 3.614305 -6.375827 -9.509697 -4.684318 0.000003 -0.000000 -0.000001 
-3.430462 99.183655 -5.347026 4.778599 7.242690 -5.262761 1.726708 -1.012408 0.765026 -0.006589 -4.045271 6.023389 -2.222789 -0.170435 -0.970837 1.546786 -6.412045 5.001317 -0.000000 -0.000000 0.000001 4.572017 -0.155637 13.033748 -2.029370 11.960430 7.754654 -52.524950 29.489895 -15.234812 -0.000000 0.000007 -0.000002 1.529375 -6.229167 0.943625 8.982915 -11.690830 -2.710838 37.977764 23.431570 -28.497988 0.000000 0.000001 0.000001 -2.874614 1.830282 8.625182 4.837513 -6.234659 -28.317831 3.564715 -22.572332 -11.229803 0.000001 -0.000001 0.000001 -15.531387 1.863570 6.208951 14.459003 1.276895 3.726022 -6.430173 -9.629535 -4.745043 0.000001 -0.000000 -0.000002 
-3.425725 99.149803 -5.360175 5.018825 7.543512 -5.328414 1.596537 -0.995721 0.804917 0.100096 -4.127638 6.113056 -2.261211 -0.352483 -1.057293 1.664034 -6.412368 4.878046 0.000001 -0.000000 0.000001 4.386384 0.000801 12.983472 -2.115683 11.961521 7.939574 -51.142216 29.198157 -15.211364 0.000004 0.000004 -0.000003 1.613580 -5.833418 1.009429 8.905327 -12.082879 -2.822213 37.833517 23.419127 -28.393653 0.000000 0.000002 -0.000000 -2.815296 1.776083 8.559637 4.994441 -6.327047 -28.668916 4.170543 -23.073986 -11.212909 0.000001 -0.000000 0.000004 -15.896586 1.931799 6.155260 14.437857 1.204560 3.933570 -6.507730 -9.965168 -4.898637 -0.000001 -0.000000 -0.000001 
-3.419793 99.121185 -5.369790 4.806192 7.681498 -5.315836 2.089520 -1.105344 0.757865 -0.792408 -4.033412 6.108186 -1.526268 -0.205732 -1.075043 1.511759 -6.572738 4.934839 -0.000001 -0.000001 0.000002 4.287382 0.339249 13.102193 -1.586318 11.517855 8.111703 -51.774787 29.835031 -15.226228 0.000002 0.000001 -0.000002 1.651367 -5.981633 0.820506 9.188147 -11.918374 -2.794171 37.086233 23.055165 -27.715950 -0.000002 -0.000001 0.000003 -2.510331 1.690252 8.620825 5.048582 -6.456638 -28.899248 4.336221 -23.409659 -11.267116 0.000002 -0.000003 0.000000 -15.964865 2.019502 5.913576 14.557075 1.204212 4.420259 -6.284088 -10.296903 -5.056604 0.000001 -0.000001 -0.000001 
-3.413655 99.094421 -5.384788 4.707814 7.607571 -5.395313 2.155428 -1.129214 0.799307 -0.847498 -3.997625 6.092772 -1.526425 -0.215507 -1.081672 1.684266 -6.565008 5.001467 -0.000001 -0.000001 0.000002 4.557060 0.163666 13.287367 -1.293671 11.328751 8.090368 -52.674385 30.478756 -15.254186 0.000004 0.000004 0.000000 1.756545 -6.316491 0.994929 9.222518 -11.552550 -3.033802 36.317420 23.136779 -27.716467 -0.000001 -0.000001 -0.000001 -2.291536 1.728103 8.803123 4.917726 -6.394587 -29.318447 4.765489 -23.715718 -11.178035 -0.000001 0.000001 0.000002 -15.744078 1.987304 6.110003 14.287247 1.060875 4.186527 -5.953969 -10.496118 -5.186216 0.000002 -0.000000 0.000000 
-3.404306 99.070961 -5.398354 4.813685 7.477598 -5.499810 1.963394 -1.116834 0.866051 -0.414068 -4.002718 6.142541 -2.023877 -0.476429 -1.116212 1.826867 -6.413441 5.087971 0.000000 -0.000001 0.000002 5.005219 0.008040 13.431495 -1.560182 12.142079 8.175426 -54.563861 30.857996 -14.750965 -0.000000 0.000001 -0.000002 1.897863 -6.280068 0.929106 9.495311 -11.401804 -2.988238 35.919657 23.189612 -27.886028 0.000001 0.000001 -0.000002 -2.563300 1.806529 8.879127 4.947541 -6.455971 -29.469445 4.487292 -23.895055 -11.349546 -0.000002 -0.000000 0.000002 -16.056332 1.963567 6.101068 14.423567 0.977933 4.332705 -6.266510 -10.106217 -5.222881 0.000001 -0.000000 0.000000 
-3.395941 99.053612 -5.412197 5.050898 7.086545 -5.485722 1.883912 -1.072319 0.772572 -0.035531 -4.001954 6.049603 -2.324288 0.028084 -0.946309 1.697139 -6.591839 5.224681 0.000001 -0.000001 0.000001 4.980628 -0.216187 13.543313 -2.189930 12.391327 8.190437 -54.022667 31.837622 -15.652470 0.000002 0.000001 -0.000001 1.674872 -6.551768 1.020051 9.209839 -11.686419 -2.751290 36.995132 23.760312 -28.620176 -0.000001 0.000001 -0.000000 -2.870408 1.894019 9.061884 4.431282 -6.377681 -30.182114 4.444989 -23.613132 -11.351169 0.000002 -0.000002 -0.000001 -16.609639 1.963574 6.056981 14.777003 1.247503 4.415208 -6.013280 -9.919103 -4.964630 0.000001 0.000000 -0.000001 
-3.386068 99.029648 -5.428851 5.170017 7.453170 -5.641977 1.587883 -1.032689 0.917822 0.149099 -4.092687 6.185903 -2.559773 -0.570847 -1.128879 2.024441 -6.517065 5.220962 -0.000002 -0.000001 0.000003 4.822560 0.118428 13.530319 -1.869357 11.882454 8.297757 -53.251037 30.950384 -15.339603 -0.000001 0.000002 -0.000000 1.698252 -6.629030 1.043288 9.399097 -11.857175 -2.624386 37.891478 23.788401 -28.999542 -0.000002 0.000001 0.000003 -3.030910 1.867845 8.973812 4.683266 -6.538657 -29.953583 4.220238 -23.931381 -11.639098 0.000002 0.000000 0.000006 -16.600903 1.967769 5.941878 14.419062 1.105592 4.842068 -5.707669 -10.342349 -5.121320 0.000002 -0.000001 0.000000 
-3.377583 99.009163 -5.447869 5.235200 7.175990 -5.566859 1.460591 -0.965486 0.806091 0.729576 -4.097546 6.185753 -2.836500 -0.288947 -1.025097 1.709028 -6.523541 5.283889 0.000003 0.000000 0.000003 4.855951 -0.039779 13.668858 -2.130398 12.047483 8.161021 -54.019655 31.227017 -15.539937 0.000000 -0.000004 0.000001 1.610834 -6.519909 0.891933 9.339782 -12.050148 -2.611802 37.842089 23.773961 -28.892192 -0.000001 -0.000003 0.000003 -3.214016 1.889971 8.977778 4.784362 -6.491785 -29.891169 4.006442 -24.154078 -11.780095 0.000003 -0.000002 0.000001 -16.768697 1.979481 6.005414 14.589595 1.152050 4.551556 -6.137838 -10.371330 -5.232222 -0.000002 0.000000 0.000003 
-3.373291 98.986572 -5.471366 4.821751 7.019524 -5.570220 1.526165 -0.947518 0.745829 0.514040 -4.080298 6.213559 -2.719620 -0.616682 -1.058405 2.036219 -6.396251 5.207726 0.000002 -0.000000 0.000003 4.892111 -0.320416 13.687870 -2.220152 11.768328 8.093716 -50.180864 29.771340 -15.740765 0.000000 -0.000001 -0.000000 1.500231 -6.635012 1.044260 9.232432 -12.071737 -2.340272 39.661433 24.318571 -30.121998 -0.000002 -0.000001 0.000001 -2.676702 1.939197 9.126081 4.699317 -6.371926 -29.953173 4.402258 -24.249893 -11.606988 -0.000000 0.000001 -0.000002 -15.963134 1.854078 6.346226 14.363406 1.108020 3.979212 -6.277592 -9.854969 -5.001579 0.000001 -0.000001 -0.000000 
-3.367489 98.963524 -5.490816 5.135137 7.202755 -5.629952 1.709482 -0.980888 0.778923 -0.082935 -3.986924 6.127028 -2.262722 -0.522503 -1.000280 1.645154 -6.694677 5.379943 -0.000001 0.000002 0.000002 4.930484 -0.433951 13.930914 -2.493671 12.181138 8.095397 -49.500700 30.115711 -16.074317 -0.000000 0.000002 -0.000005 1.528610 -6.315100 0.975799 9.154809 -12.408907 -2.636495 38.427457 24.039469 -29.209564 -0.000004 -0.000003 0.000003 -3.165210 1.881490 9.026639 4.885120 -6.453392 -29.879547 4.488102 -24.145429 -11.467215 0.000002 -0.000002 0.000003 -16.364589 1.910180 6.378043 14.281336 1.085057 4.019173 -6.374561 -10.193572 -5.148701 0.000002 -0.000000 -0.000001 
-3.362078 98.940414 -5.511769 5.244967 7.205710 -5.674449 1.394374 -0.900152 0.650421 0.040465 -4.070149 6.267241 -2.433037 -0.571123 -1.014455 1.620240 -6.622520 5.504229 0.000001 0.000001 0.000002 4.877940 -0.211781 13.876786 -1.950686 11.428311 8.128700 -49.665639 30.209278 -16.027082 0.000001 0.000003 -0.000002 1.610891 -6.322665 0.961220 9.243759 -12.412800 -2.639092 38.915454 23.922871 -29.282978 -0.000000 0.000001 0.000005 -3.133091 1.875994 9.071687 4.857564 -6.609101 -29.860993 4.881404 -24.379303 -11.498155 -0.000002 0.000000 -0.000000 -16.069611 1.904484 6.485733 13.806960 1.156689 3.959554 -6.334807 -10.294270 -5.038130 0.000002 0.000000 0.000001 
-3.358400 98.917427 -5.532082 5.158196 7.129049 -5.721553 1.690604 -0.974021 0.634488 0.054767 -3.982501 6.136977 -2.662665 -0.449001 -0.811065 1.705359 -6.647669 5.539010 0.000001 -0.000000 0.000001 4.735729 0.011631 13.952791 -1.780564 11.006383 8.220719 -49.713648 30.390244 -16.147677 0.000000 0.000002 -0.000000 1.519354 -6.529222 0.893867 9.203359 -12.320054 -2.559530 39.522586 23.978305 -29.522929 0.000001 -0.000001 -0.000000 -3.031380 1.923735 9.140993 4.987600 -6.673747 -29.744784 4.626926 -24.331485 -11.575520 0.000003 0.000000 -0.000003 -16.295284 1.899208 6.525882 14.243748 1.225830 3.991180 -5.973935 -10.497232 -5.120137 -0.000000 -0.000002 -0.000002 
-3.349146 98.896439 -5.550486 5.036060 7.328198 -5.744954 2.004775 -1.044687 0.643131 -0.429391 -3.935035 6.152881 -2.269694 -0.614585 -0.844802 1.731806 -6.774442 5.695045 -0.000001 -0.000000 0.000002 4.606563 0.619020 13.888158 -1.408849 11.012255 8.506677 -50.900294 30.507825 -15.545569 0.000003 -0.000000 0.000000 1.924155 -6.329025 0.975780 9.464080 -12.423281 -3.126670 37.199232 23.480915 -28.514713 -0.000000 -0.000002 0.000001 -2.838365 1.930177 9.021275 5.439856 -6.916793 -29.483621 4.972770 -24.558268 -11.512165 0.000001 0.000000 -0.000000 -16.209291 1.894057 6.456457 14.339707 1.174931 4.157911 -6.040518 -10.301834 -5.077897 0.000002 0.000001 -0.000001 
-3.338643 98.877632 -5.571244 5.138433 7.430942 -5.839682 2.107885 -1.061839 0.643724 -0.725420 -4.004880 6.261375 -2.131752 -0.524807 -0.841006 1.533988 -6.859850 5.741627 0.000002 0.000002 0.000001 4.563596 0.544847 14.000175 -1.374082 10.879912 8.498769 -51.170558 30.509335 -15.561001 0.000004 0.000001 -0.000002 1.849339 -6.458588 1.130420 9.133843 -12.312570 -3.386747 38.012475 23.509426 -28.787410 -0.000001 -0.000001 0.000005 -3.089471 1.908713 9.028217 5.591075 -7.003492 -29.492289 4.283653 -24.482683 -11.804870 0.000004 -0.000002 0.000003 -16.272704 1.908363 6.552325 14.181377 1.183405 4.150968 -5.995768 -10.427342 -5.094037 0.000003 -0.000001 0.000000 
-3.325344 98.862144 -5.593063 5.194942 7.566244 -5.891458 1.907328 -1.039369 0.765962 -0.467600 -4.036749 6.293336 -2.322355 -0.544695 -0.914370 1.469359 -6.928072 5.918790 0.000001 -0.000001 0.000001 4.377800 0.869188 13.914356 -1.116955 10.530924 8.644649 -50.433280 31.018000 -15.646362 0.000004 -0.000000 -0.000000 1.977708 -6.251932 1.047304 9.162993 -12.285267 -3.396140 37.592542 23.214165 -28.439151 -0.000001 0.000002 -0.000005 -2.875953 1.919092 8.906164 5.184289 -6.757522 -29.632229 4.415145 -24.254826 -11.657804 -0.000000 -0.000003 -0.000002 -16.115205 1.876907 6.380462 13.773975 1.093491 4.479813 -5.749138 -10.642042 -5.101263 -0.000000 -0.000002 0.000002 
-3.312534 98.849625 -5.613386 5.724718 7.326059 -6.033238 1.931557 -1.049172 0.784886 0.228400 -4.097101 6.321707 -2.819989 0.108189 -0.708345 1.394201 -6.879766 5.953361 -0.000001 0.000001 0.000002 4.266275 0.984880 13.986739 -1.295588 10.732556 8.774657 -49.568015 30.973818 -15.620021 0.000001 0.000002 0.000001 2.010155 -5.850449 0.735022 9.022626 -12.437763 -3.603367 36.379592 22.523958 -27.233530 -0.000002 -0.000001 0.000001 -3.548248 1.939963 8.983806 4.835905 -6.511032 -29.842985 4.534203 -24.542990 -11.764311 0.000003 -0.000006 -0.000001 -16.659234 1.927897 6.419757 13.519481 1.054183 4.527314 -5.588995 -10.723460 -5.125502 0.000002 -0.000001 0.000001 
-3.296074 98.833359 -5.635621 5.464639 8.024523 -6.210725 2.437704 -1.189526 1.055466 -0.077926 -4.177216 6.427206 -2.796632 -0.424760 -0.944964 1.518161 -7.123461 6.037627 -0.000001 0.000002 0.000003 4.396528 0.584211 14.271151 -1.503941 10.746683 8.616571 -48.217440 30.786859 -16.016454 -0.000000 0.000003 -0.000001 1.889384 -5.890949 0.853384 8.920873 -12.563784 -3.381029 37.592173 22.973620 -27.935038 -0.000000 -0.000002 0.000001 -3.608629 1.872866 8.742422 5.444278 -6.864333 -29.238691 4.359880 -24.911694 -12.045010 0.000004 -0.000001 -0.000001 -16.754043 1.949711 6.246811 13.906154 1.174467 5.189907 -5.398896 -11.086095 -5.146617 0.000001 -0.000003 -0.000000 
-3.287962 98.818832 -5.659760 5.228810 7.903841 -6.190601 3.286649 -1.385837 1.041782 -0.815271 -3.984427 6.264930 -2.375447 -0.071505 -0.801135 1.092996 -7.346182 6.181233 0.000000 -0.000000 0.000002 4.707929 0.161090 14.249626 -2.028920 11.638040 8.812811 -49.491885 31.263821 -16.042480 0.000001 0.000000 -0.000003 1.887814 -5.879243 0.894281 8.768827 -12.281982 -3.497497 37.303539 22.508134 -27.278754 0.000000 -0.000001 0.000001 -3.497478 1.868087 8.831496 5.722844 -7.036930 -29.238633 4.190448 -25.042802 -12.150626 0.000003 -0.000003 -0.000002 -16.914383 1.992077 6.271082 14.302755 1.218026 5.241812 -5.390517 -11.370758 -5.237053 -0.000000 -0.000003 0.000001 
-3.281368 98.803070 -5.678968 5.267056 7.859293 -6.265465 2.473614 -1.153345 0.764098 -0.219547 -4.196341 6.468975 -2.478469 -0.085979 -0.739057 1.192299 -7.424311 6.395602 -0.000001 0.000001 0.000002 4.223733 0.688645 14.241950 -1.792776 11.077459 8.994248 -49.517867 31.429334 -16.301875 -0.000002 0.000000 0.000002 1.833281 -6.370088 1.160730 8.642827 -12.247853 -3.592159 38.470515 22.983428 -28.290900 -0.000001 -0.000003 0.000003 -3.413058 1.920961 8.946188 5.557146 -7.035237 -29.422269 4.157251 -24.783012 -12.075226 0.000001 -0.000002 0.000001 -16.686451 1.934468 6.515975 14.025513 1.348213 5.019833 -5.837948 -11.255891 -5.169937 0.000003 -0.000003 -0.000001 
-3.272233 98.789215 -5.707771 5.188152 7.823749 -6.425298 2.460747 -1.168663 0.867759 -0.356084 -4.312595 6.644133 -2.635319 -0.587135 -0.908246 1.457427 -7.251301 6.209183 -0.000001 -0.000001 0.000002 4.834278 0.029810 14.352024 -1.473967 10.908160 8.696746 -49.280740 32.281684 -16.361804 -0.000002 0.000001 -0.000001 1.969343 -6.087053 1.212342 8.707710 -12.117442 -3.649420 38.705504 22.868513 -28.446563 -0.000000 0.000000 -0.000002 -3.118169 1.988957 9.140230 5.505244 -7.063797 -29.528042 4.577672 -25.004626 -11.985654 0.000004 -0.000002 0.000003 -16.394653 1.883890 6.715891 13.744984 1.225573 4.859556 -5.991472 -11.075375 -5.208004 0.000003 -0.000002 -0.000000 
-3.265917 98.771332 -5.730329 5.772517 8.076998 -6.440284 1.796089 -1.013666 0.871465 -0.452991 -4.310459 6.636615 -2.534922 -0.556200 -0.964834 1.632557 -7.348712 6.285018 -0.000001 0.000000 0.000002 4.937095 -0.067423 14.413258 -1.723937 11.329046 8.600597 -47.881067 31.563260 -16.254182 0.000001 0.000000 0.000001 1.836971 -6.564909 1.103888 8.791130 -12.302307 -3.621386 38.886415 22.911461 -28.584068 0.000001 0.000001 -0.000002 -3.634989 1.933894 8.875047 5.653022 -7.234450 -29.297195 4.401460 -25.184936 -12.230021 0.000003 0.000003 -0.000001 -16.659506 1.918197 6.698466 13.472078 1.235741 4.869301 -5.959888 -11.035986 -5.106675 0.000002 -0.000002 0.000000 
-3.256860 98.755051 -5.750939 5.526228 7.964351 -6.456208 2.145301 -1.079033 0.801968 -0.890227 -4.308114 6.669517 -2.387466 -0.572154 -0.973135 1.986863 -7.308577 6.165053 0.000001 -0.000001 0.000002 5.089715 -0.056981 14.387344 -1.571444 11.705265 8.582782 -49.321622 31.987306 -15.736266 0.000003 0.000000 0.000001 2.079973 -5.953733 0.964963 9.128024 -12.322622 -3.739287 37.457157 22.203396 -27.485334 0.000000 -0.000002 0.000001 -3.506054 1.961666 8.991358 5.646808 -7.174965 -29.330991 4.362703 -25.227413 -12.260594 0.000003 -0.000001 -0.000003 -16.379460 1.927902 6.733041 13.533975 1.155668 4.931963 -6.102006 -10.854748 -5.168165 0.000003 -0.000003 0.000001 
-3.248839 98.735596 -5.771325 5.939433 7.795496 -6.301684 2.020966 -1.014154 0.559484 -0.157784 -4.247506 6.534027 -2.905374 -0.393051 -0.810931 1.942144 -7.332136 6.275302 0.000001 0.000000 0.000002 4.746193 0.519831 14.517618 -0.952186 10.821874 8.532662 -49.558087 33.293518 -15.972609 0.000003 -0.000001 -0.000000 2.079247 -5.929706 0.589273 9.197438 -12.129826 -3.611727 36.105060 21.484246 -26.422664 -0.000001 -0.000001 0.000001 -4.197249 1.968954 8.766027 5.808170 -7.274802 -29.297174 4.409749 -25.271374 -12.252823 -0.000004 0.000003 -0.000001 -17.367677 2.020738 6.436061 13.983912 1.226959 5.081512 -6.549691 -11.342463 -5.449964 -0.000001 0.000002 -0.000001 
-3.240514 98.730591 -5.788085 5.901899 7.985628 -6.314315 2.240386 -1.070465 0.552546 -0.306675 -4.221598 6.510734 -2.785162 -0.745210 -0.821855 2.027235 -7.327814 6.268040 0.000002 -0.000000 0.000004 5.288397 -0.179535 14.507653 -1.170491 11.149405 8.467789 -48.090532 33.205525 -16.244611 -0.000001 -0.000000 0.000000 2.163718 -5.664543 0.749608 9.095636 -12.401351 -3.781097 36.012306 21.660647 -26.443120 0.000001 0.000001 -0.000002 -4.032279 1.932855 8.775988 5.732085 -7.397199 -29.355357 4.697504 -24.958541 -12.019099 -0.000003 0.000002 -0.000001 -17.450179 2.059994 6.389992 14.186197 1.407729 5.235726 -7.251856 -11.271829 -5.458536 0.000002 -0.000001 0.000001 
-3.232713 98.725121 -5.803802 6.272950 8.049023 -6.275066 2.614704 -1.171677 0.510291 0.083235 -4.240408 6.483027 -3.233522 -0.130329 -0.877800 1.689009 -7.603799 6.501660 -0.000001 0.000000 0.000003 5.204625 -0.115518 14.437751 -1.127703 11.102090 8.781253 -48.962488 33.430036 -16.229648 -0.000000 0.000001 -0.000000 2.121441 -5.718396 0.533720 9.090645 -12.262428 -3.809800 34.122293 21.118545 -25.205348 -0.000002 -0.000003 0.000002 -4.437784 1.873502 8.656458 5.571167 -7.314291 -29.346540 4.328329 -24.686163 -12.074466 -0.000001 0.000000 -0.000004 -17.954260 2.128759 6.277053 14.185332 1.484071 5.308259 -6.588307 -11.582610 -5.423310 0.000002 0.000001 -0.000001 
-3.232062 98.718437 -5.822316 5.177661 8.015877 -6.311943 3.378626 -1.333967 0.467238 -0.151195 -4.148953 6.351716 -3.187714 -0.105688 -0.683074 2.192244 -7.555058 6.470975 0.000001 0.000000 0.000003 5.318818 -0.474011 14.213403 -1.269396 10.954908 8.460537 -47.451489 32.718211 -16.666242 0.000001 -0.000001 -0.000001 2.081934 -5.523831 0.780223 9.130371 -12.590704 -3.432412 35.423670 21.628523 -25.823967 -0.000003 -0.000001 0.000001 -3.805800 1.937501 8.957778 4.910658 -6.993593 -29.896325 5.114237 -24.579003 -11.717508 -0.000002 0.000002 -0.000001 -17.348392 2.052125 6.296803 14.335256 1.610086 5.593465 -6.517118 -11.800017 -5.474073 0.000002 -0.000003 0.000001 
-3.232100 98.701248 -5.836806 5.373447 8.308666 -6.345953 2.994983 -1.236626 0.368575 -0.599268 -4.130054 6.366929 -2.866924 -0.462762 -0.804797 2.670884 -7.698250 6.663738 0.000003 0.000001 0.000003 5.051899 -0.323819 14.195502 -1.071427 10.249533 8.259530 -47.941053 33.265238 -17.170469 0.000001 -0.000001 -0.000000 1.829511 -5.933028 0.791313 9.384248 -12.983887 -2.789410 36.455619 22.419087 -26.888356 -0.000004 -0.000005 0.000001 -3.932555 1.933496 8.880296 5.333323 -7.260032 -29.577076 4.965529 -24.730952 -11.878788 0.000000 -0.000001 0.000003 -17.398754 2.015044 6.390080 14.317192 1.598371 5.533625 -6.605861 -12.038335 -5.588093 -0.000000 -0.000001 -0.000001 
-3.238513 98.683601 -5.853677 5.371707 8.596141 -6.307117 3.184478 -1.236522 0.189527 -1.002511 -4.033803 6.214162 -2.609307 -0.494054 -0.695722 2.769155 -8.122610 6.815495 0.000000 -0.000000 0.000003 4.981725 -0.665693 14.115046 -1.570826 10.248078 8.038999 -45.904960 32.271589 -17.672017 -0.000000 -0.000000 -0.000000 1.458114 -6.291805 0.978178 9.202919 -13.194574 -2.283878 38.450898 22.755357 -27.468661 -0.000004 -0.000001 0.000003 -3.960624 1.922938 8.828985 5.537820 -7.383882 -29.602467 4.773168 -24.726115 -12.003611 -0.000000 0.000001 0.000002 -17.236918 1.996051 6.287376 13.879151 1.397308 5.674829 -6.166677 -11.981093 -5.505792 0.000001 -0.000001 -0.000000 
-3.250356 98.673859 -5.878862 4.814572 8.710667 -6.409558 3.329465 -1.291406 0.144160 0.033306 -4.200419 6.288891 -3.292580 -0.252850 -0.559269 2.748550 -8.097109 6.684876 -0.000001 0.000000 0.000003 4.952246 -0.582477 13.796319 -1.772646 11.000096 7.664711 -45.487673 31.852505 -17.257240 -0.000002 -0.000002 0.000002 1.682799 -5.677565 1.133382 9.356379 -13.466691 -2.289243 36.718728 22.195840 -26.407188 -0.000001 -0.000001 0.000001 -3.693238 2.038995 9.075608 5.224929 -7.261649 -30.014611 5.360328 -24.539236 -11.666760 -0.000000 0.000000 -0.000000 -16.806906 1.880870 6.452446 13.719208 1.327465 5.694963 -6.143309 -12.028077 -5.589501 0.000002 -0.000001 0.000000 
-3.262220 98.671875 -5.913624 5.228949 9.048195 -6.399180 3.312448 -1.289450 0.161151 -0.832772 -4.114021 6.271987 -2.672755 -0.401238 -0.689854 2.534062 -8.283882 6.891947 0.000000 0.000001 0.000001 5.104271 -0.771398 13.377259 -1.818892 11.163855 7.509188 -45.870738 31.595584 -17.033933 0.000001 -0.000004 0.000005 1.717165 -5.810270 1.329556 9.508025 -13.773654 -2.277817 35.644230 21.920821 -25.735448 -0.000001 -0.000005 0.000002 -4.083472 2.030406 8.817700 5.268919 -7.302294 -29.909197 5.534743 -24.524877 -11.597459 -0.000002 -0.000001 0.000003 -17.392170 1.939820 6.160108 13.559923 1.255637 6.032624 -6.243995 -12.312107 -5.730046 -0.000000 -0.000002 0.000000 
-3.278921 98.693008 -5.942101 5.282181 8.793776 -6.146085 3.380873 -1.334680 -0.020782 -1.060865 -3.770635 5.906012 -2.304266 -0.227254 -0.460663 2.122578 -8.177064 7.061972 0.000001 0.000001 0.000003 4.909992 -0.194268 12.746468 -1.620640 11.306559 7.364730 -44.616128 31.080069 -16.851224 -0.000001 -0.000007 0.000005 1.862535 -5.891473 1.328222 10.130369 -13.617844 -1.947270 33.886030 21.197902 -24.455907 0.000003 0.000001 0.000003 -3.887090 2.061625 8.830695 4.662525 -6.735063 -30.227641 6.054420 -24.674188 -11.337907 0.000002 -0.000003 -0.000002 -17.251219 1.909001 6.005127 12.935344 0.814567 5.607115 -6.193782 -11.533235 -5.553997 0.000003 -0.000001 0.000002 
-3.298452 98.750587 -5.973301 4.265217 8.331235 -5.635949 3.804814 -1.339057 -0.412748 -0.894158 -3.722566 5.737645 -2.101276 -0.260325 -0.410394 2.269695 -7.718899 6.542236 -0.000001 0.000001 0.000002 4.586051 -0.372671 11.966695 -1.503478 11.492957 6.144942 -41.947904 29.836780 -16.853412 0.000003 0.000002 0.000001 1.819076 -5.573437 1.614110 11.030015 -14.067102 -0.871555 34.391918 20.852938 -24.178161 -0.000003 -0.000004 0.000004 -3.392512 1.997222 8.762306 4.646623 -6.426981 -29.761818 5.491347 -24.023763 -11.200242 0.000002 0.000000 -0.000000 -15.791992 1.849165 5.754989 12.249330 0.586515 5.189205 -5.562136 -11.041318 -5.154031 0.000002 0.000001 -0.000001 
-3.314646 98.837494 -6.000774 2.688742 7.766851 -5.151347 5.938878 -1.802824 -0.516656 -1.498364 -3.377757 5.288979 -2.024840 -0.289940 -0.106279 2.376547 -6.791860 5.660931 -0.000002 -0.000000 0.000002 3.089173 1.100935 11.019892 -0.412484 9.562556 5.328838 -39.326126 28.710567 -17.118769 0.000004 -0.000003 -0.000001 1.997524 -3.803570 1.722301 11.493904 -14.788236 -0.247913 34.232700 20.447746 -23.246971 0.000000 -0.000001 -0.000001 -2.387571 1.976393 8.875580 5.138208 -6.557647 -29.092812 4.335470 -23.093698 -11.180832 0.000001 0.000001 -0.000000 -14.000750 1.734553 5.363742 12.230232 0.557356 5.119362 -6.154728 -9.961318 -4.708775 0.000001 -0.000003 0.000001 
-3.327174 98.988731 -6.023253 0.917554 6.904006 -4.284377 6.814109 -1.959281 -0.959475 -1.285906 -3.040446 4.794587 -2.081086 -0.614971 0.107738 3.081314 -5.728114 4.718650 -0.000003 0.000000 0.000001 2.277019 1.826357 9.733127 0.025281 8.610871 3.886439 -36.028780 26.795775 -17.166147 0.000003 -0.000003 0.000003 2.133906 -2.701600 1.881993 12.523089 -15.135325 1.304538 35.849156 20.967608 -23.922949 -0.000001 -0.000001 0.000003 -1.713158 1.972420 8.968763 5.362278 -6.208526 -28.060531 3.675859 -22.206984 -10.832111 -0.000001 0.000001 0.000004 -10.877525 1.415578 4.748287 10.786223 0.015310 4.404678 -5.840705 -8.188342 -4.015685 0.000001 -0.000001 0.000001 
-3.345601 99.201027 -6.049764 -0.275820 5.945850 -3.211047 7.037396 -1.980046 -1.266600 -1.487707 -2.478267 4.188239 -1.679951 -0.899453 0.025155 3.035500 -4.632550 4.071993 -0.000002 0.000000 0.000001 2.500970 0.953418 7.990271 -0.341512 9.280101 1.891807 -33.356520 24.788942 -17.096288 -0.000001 0.000001 -0.000001 1.875262 -3.728117 2.493320 13.004971 -14.408480 2.712593 39.383349 21.863809 -25.436183 -0.000002 -0.000001 0.000001 -2.091709 1.841726 8.902896 6.288768 -6.334702 -26.410175 3.345563 -21.121614 -10.239020 0.000001 0.000001 -0.000002 -8.635189 1.279976 3.772160 9.538816 -0.351491 3.874126 -5.139661 -6.407561 -3.160140 0.000002 -0.000001 0.000001 
-3.359182 99.436646 -6.078996 -0.674898 5.167850 -2.260123 6.860078 -1.882066 -1.341252 -1.844104 -1.888500 3.488533 -1.125203 -1.300553 -0.052110 2.493170 -3.791285 3.303584 0.000000 0.000000 0.000002 2.166582 1.239180 6.197071 -0.025527 9.453036 0.812498 -33.814453 23.408662 -16.313722 0.000001 0.000002 -0.000003 1.921720 -3.756771 2.392278 13.638389 -13.615429 3.573397 39.818514 21.582143 -25.159094 0.000003 -0.000001 -0.000001 -2.417247 1.770854 8.702032 6.906101 -6.357569 -24.736923 2.732475 -20.012972 -9.785402 0.000002 0.000003 -0.000004 -7.698699 1.265861 2.766149 8.601824 -0.459147 3.402961 -4.231483 -5.301602 -2.702104 0.000002 -0.000002 0.000002 
-3.374356 99.750496 -6.108363 -0.459126 3.895330 -1.042321 4.402147 -1.199135 -1.641112 -0.192704 -1.536188 2.812348 -1.386289 -1.510621 -0.369188 1.471310 -3.444930 3.023971 0.000000 -0.000001 0.000001 2.230520 0.970693 3.841793 0.933838 8.334940 -1.253528 -29.723897 22.308993 -15.869026 -0.000003 0.000001 0.000000 1.872910 -4.777209 2.930694 14.790770 -13.606559 5.185127 42.429074 21.670997 -26.168733 0.000002 0.000002 -0.000000 -3.910130 1.942546 8.835974 8.234917 -6.454833 -22.630302 0.971063 -17.168825 -8.667210 -0.000000 0.000002 0.000005 -6.652438 0.989079 1.645617 7.009746 -1.080346 1.921684 -2.508823 -2.625972 -1.828365 0.000001 -0.000003 -0.000000 
-3.389143 100.113609 -6.147753 0.413768 2.812218 0.325228 1.905512 -0.488113 -1.811701 1.342900 -1.172346 1.968385 -1.810083 -1.887498 -0.549445 -0.150534 -2.586461 2.171471 -0.000001 0.000000 0.000002 2.196831 0.549320 0.736702 1.875403 6.793589 -3.953048 -27.242809 20.354059 -14.863786 -0.000000 0.000001 -0.000000 1.872643 -5.048768 3.474799 15.721675 -13.684631 6.781785 45.042417 21.063747 -26.260146 -0.000001 -0.000000 0.000005 -5.671255 2.173822 8.908253 9.422889 -6.549777 -19.794918 0.590011 -14.143490 -7.037765 -0.000000 -0.000001 -0.000000 -5.727152 0.767288 0.215576 5.682721 -1.295444 0.805933 0.572722 1.034512 -0.688351 0.000003 -0.000001 0.000001 
-3.404415 100.489296 -6.185933 0.289770 2.237071 1.291579 0.621002 -0.151778 -1.600694 2.182066 -0.802442 1.179937 -2.107355 -2.371377 -0.664317 -1.184516 -1.725026 1.637662 -0.000001 0.000000 0.000002 2.155986 0.006584 -1.795831 2.414293 5.471288 -6.840340 -23.555477 18.875672 -14.128412 -0.000000 0.000004 -0.000003 1.677616 -5.464348 3.870732 16.826606 -14.851775 8.692696 49.707412 21.117750 -27.907808 -0.000001 -0.000002 0.000006 -5.861600 2.421039 8.698971 9.862096 -6.255548 -16.795363 1.659103 -11.921056 -5.561807 -0.000003 0.000000 -0.000002 -3.335916 0.201268 -0.931719 4.288280 -1.414885 0.463939 3.468454 4.494601 0.436642 -0.000000 0.000000 -0.000001 
-3.412258 100.890518 -6.210823 0.384974 1.013098 2.747371 -0.839316 0.284205 -1.589613 3.673609 -0.311939 0.048280 -3.302506 -2.557536 -0.499568 -1.041878 0.076669 0.310980 0.000000 -0.000001 0.000003 1.448378 0.432244 -5.124059 2.503122 4.266464 -11.201980 -19.188517 15.917471 -12.825252 -0.000003 0.000001 0.000000 1.248624 -6.343376 4.378399 18.532426 -16.828469 11.579449 56.983107 21.320029 -30.618420 -0.000000 -0.000003 0.000003 -5.982698 2.698684 8.290833 11.387551 -6.222205 -12.395350 0.826949 -8.889048 -4.233114 0.000002 0.000001 -0.000000 -0.504226 -0.594255 -2.508190 4.023581 -1.382308 -0.250467 6.257433 8.810556 1.642861 0.000001 -0.000001 -0.000001 
-3.412792 101.309692 -6.221284 0.758504 0.421751 4.472709 -0.172576 0.184317 -1.625145 3.521513 0.547211 -1.210256 -3.748973 -3.400024 -0.533413 -1.609617 2.462839 -1.575805 -0.000002 0.000001 0.000001 0.027277 2.556629 -8.926713 4.064737 1.198658 -15.906457 -13.456303 14.064623 -11.414179 -0.000000 0.000002 -0.000003 1.271471 -6.784595 5.090813 20.671351 -18.055525 14.255269 61.236669 20.587430 -31.024526 -0.000001 0.000002 -0.000000 -5.533352 2.451386 7.224769 14.468762 -6.844688 -6.509581 0.694579 -4.860690 -2.096663 -0.000002 0.000000 0.000000 2.534915 -1.175520 -4.598684 6.103551 -0.273032 -1.724147 5.768677 11.340009 2.575385 0.000006 -0.000002 0.000002 
-3.412162 101.709114 -6.212496 0.375831 -0.055379 5.699033 1.017511 -0.149189 -1.781415 3.837531 1.215649 -2.178519 -4.440907 -2.628231 -0.281310 -1.977668 3.699831 -2.456472 0.000000 0.000000 0.000001 0.608234 2.034491 -12.053908 5.682532 0.126786 -19.532927 -13.335562 12.369592 -9.174905 -0.000000 -0.000004 0.000001 1.578999 -8.215788 5.674724 22.289499 -17.525318 15.604875 61.827166 18.937656 -28.575372 -0.000000 0.000004 0.000000 -4.144053 2.049093 6.451780 16.684902 -7.349878 -1.944394 0.411846 -0.768305 0.117244 -0.000001 -0.000000 -0.000001 4.703543 -1.474910 -5.819462 6.739059 0.569100 -3.648695 2.716226 13.090157 3.523389 0.000003 -0.000001 -0.000000 
-3.399177 102.107918 -6.176642 -0.980342 -1.159865 6.985558 0.602857 -0.044289 -1.802771 5.554215 1.604874 -3.290547 -4.886358 -2.539640 -0.167295 -1.970520 5.453173 -3.531056 -0.000001 0.000000 0.000002 0.554666 1.060461 -15.885596 6.457044 -0.764960 -25.782695 -6.852140 11.280761 -8.121810 0.000001 0.000000 0.000001 1.872051 -6.323431 6.247124 23.675941 -16.865583 18.181156 62.644589 16.120215 -22.461424 -0.000000 0.000002 0.000002 -1.890079 1.785333 5.186853 17.238337 -6.708468 3.268132 -3.819118 -0.603958 -0.950006 0.000001 0.000002 0.000001 6.352542 -1.899169 -6.920407 6.604923 1.272772 -3.734718 0.590313 13.417514 4.201354 0.000000 -0.000002 -0.000000 
-3.364477 102.462379 -6.100091 -2.090280 -2.197081 8.406535 0.971422 -0.186825 -1.913409 5.857905 2.210501 -4.234067 -4.765835 -2.651032 -0.543741 -2.609804 6.468005 -3.871135 -0.000001 0.000000 0.000002 0.532637 1.020665 -20.140348 7.716269 -1.452720 -33.036850 -1.054796 9.843154 -6.214664 -0.000001 -0.000002 0.000001 2.111124 -7.366661 6.927240 27.329863 -16.846342 21.718830 62.431330 14.750156 -19.293828 -0.000003 0.000000 0.000002 0.353284 1.287517 3.877784 16.620207 -5.762072 7.957761 -7.331190 0.630118 -0.938117 -0.000001 0.000002 0.000001 6.736337 -1.968764 -8.239802 5.156705 1.521340 -3.308368 -1.691354 10.959356 3.756804 -0.000003 -0.000002 0.000003 
-3.325279 102.795357 -6.009959 -2.539672 -2.806555 9.310162 1.969356 -0.488226 -1.786410 5.315824 2.876260 -5.016426 -4.215629 -3.054150 -0.608143 -3.050107 7.399124 -4.439507 -0.000001 -0.000000 0.000002 0.252585 1.579912 -23.480027 8.333419 -0.403803 -39.480399 4.531909 8.344390 -4.142756 0.000001 -0.000001 -0.000002 2.487221 -7.470766 8.391923 29.553679 -17.813548 23.486644 61.675433 14.308979 -17.149642 -0.000002 0.000001 0.000001 1.877883 0.788878 3.003002 16.326900 -5.117516 11.459385 -10.030257 1.904182 -0.657984 0.000003 0.000000 -0.000000 6.873315 -1.918114 -9.115862 3.625264 1.516083 -3.089642 -3.541134 8.519220 3.041853 -0.000000 -0.000002 0.000001 
-3.267730 103.117439 -5.918734 -1.761901 -3.867296 10.455285 3.904754 -1.003861 -1.754309 4.931756 3.771706 -6.104232 -3.841426 -3.601628 -0.775923 -5.297049 8.403475 -4.745233 0.000000 0.000000 0.000002 -0.430975 3.364373 -27.377664 9.387145 -0.701480 -46.652747 11.607627 8.502800 -3.477128 -0.000000 -0.000001 -0.000000 3.364523 -4.931740 10.113208 30.027950 -17.574710 23.460581 58.935032 11.996603 -11.290134 -0.000003 -0.000003 -0.000003 3.000496 0.155569 2.206374 14.750606 -3.960109 13.844698 -13.890288 3.493667 -0.002633 0.000002 0.000001 0.000000 5.347007 -1.456957 -10.388600 3.339245 1.409794 -3.505251 -6.317411 7.799128 2.989908 0.000001 -0.000001 -0.000001 
-3.185038 103.429878 -5.852557 0.148627 -5.637602 11.376621 1.245840 -0.403029 -1.431672 6.711448 3.973161 -6.880338 -4.306251 -3.922820 -1.392067 -6.680566 9.028646 -5.104471 -0.000001 0.000001 0.000001 -0.771044 5.366139 -31.233328 10.729145 2.252101 -54.589256 21.415524 11.099083 -5.008358 -0.000003 0.000001 -0.000000 3.578978 -5.770111 10.134102 32.883976 -16.932756 25.847823 64.648212 9.337313 -6.585361 -0.000000 0.000001 -0.000001 4.404922 -0.301202 1.617727 10.522902 -2.143070 15.248172 -15.111257 2.252452 -0.903626 0.000000 0.000003 -0.000003 4.016473 -1.108754 -11.617409 1.436254 0.771950 -4.054697 -7.563229 9.392164 3.539167 0.000002 -0.000001 -0.000000 
-3.093058 103.715935 -5.805163 1.728136 -5.740113 11.746629 -1.671647 0.147222 -0.574257 8.302875 3.672705 -6.766229 -4.943542 -4.586413 -2.625643 -8.046573 9.261873 -5.004169 0.000000 0.000001 0.000002 -0.508724 4.954415 -34.142876 12.207720 6.068967 -61.036203 28.849585 13.662243 -7.853064 -0.000001 0.000003 -0.000002 3.658111 -6.479660 9.743250 36.523299 -17.246890 28.819109 70.205083 7.813613 -3.205270 -0.000001 -0.000001 -0.000002 4.310237 -0.689575 1.104546 8.283228 -0.908204 16.967383 -17.188799 0.954952 -2.144519 0.000000 0.000000 0.000002 3.136179 -0.802288 -12.183959 -0.503216 0.073841 -3.885449 -6.669907 9.423165 3.406904 -0.000000 0.000000 0.000001 
-2.985643 103.982674 -5.754726 3.037399 -5.568542 12.381347 -4.143965 0.580974 -0.093135 9.288951 3.664409 -7.009122 -5.105223 -4.872815 -3.231583 -8.431941 9.610906 -5.036146 0.000001 0.000000 0.000001 -0.213620 6.288897 -36.816007 14.126837 11.212830 -67.259270 37.754663 16.942670 -13.296450 0.000001 0.000004 -0.000001 4.012194 -7.039492 9.395871 39.811052 -16.460544 31.877459 74.617774 6.040188 1.734190 -0.000002 -0.000003 0.000004 5.957716 -1.273742 -0.319012 4.419785 0.489940 18.905880 -18.840047 -0.387016 -3.619676 0.000002 0.000001 -0.000000 2.617800 -0.667939 -13.045669 -2.076478 -0.412045 -3.940781 -5.609414 10.043305 3.441223 0.000003 -0.000001 0.000001 
-2.868209 104.208702 -5.695548 3.055699 -5.960429 12.733940 -3.927090 0.430807 -0.092895 8.643376 3.967964 -6.994156 -4.087508 -4.138881 -3.534850 -9.165697 9.674272 -5.406154 0.000001 0.000000 0.000001 0.599527 6.024876 -38.903316 16.710657 12.775281 -73.606053 41.008538 20.398789 -20.006958 -0.000001 -0.000000 -0.000000 4.383386 -9.221895 9.637068 41.708779 -14.002073 33.043683 77.676053 4.271756 6.776314 -0.000001 -0.000001 -0.000002 8.581900 -2.182669 -1.249638 1.329737 1.510789 19.549325 -19.018337 -0.082936 -3.174930 0.000006 0.000001 0.000002 2.984575 -0.478434 -13.533855 -2.068353 -0.689521 -4.419315 -6.365065 10.773027 3.444670 0.000002 -0.000003 0.000001 
-2.757084 104.427673 -5.625835 3.839132 -6.163551 12.718073 -2.956995 0.115545 -0.025127 7.472089 4.425280 -7.067129 -3.494326 -4.646521 -3.578179 -10.409811 10.424295 -5.627380 -0.000001 0.000000 0.000001 0.971142 7.929646 -40.162933 19.059078 13.210378 -78.646008 42.614838 23.688264 -25.571518 0.000001 -0.000001 -0.000001 5.204866 -8.439033 9.624985 41.909228 -11.057333 32.900553 77.932595 1.683965 11.151332 0.000000 0.000004 0.000000 9.227692 -2.506169 -1.741926 -0.600544 2.266969 20.205506 -18.465886 -0.102473 -2.809701 0.000003 0.000001 0.000002 2.276226 -0.173024 -13.490091 -2.491819 -1.076064 -4.762569 -6.510760 11.717727 3.608736 0.000001 -0.000003 0.000001 
-2.643041 104.646210 -5.572573 4.244272 -6.150991 12.554055 -1.663129 -0.219563 0.138814 4.806491 5.003853 -6.794983 -1.625207 -4.891072 -3.858436 -11.538852 10.919607 -5.866672 0.000001 0.000000 -0.000000 1.140193 7.626934 -40.937555 20.484009 13.248897 -82.689863 42.938831 27.183654 -33.524419 -0.000003 0.000000 0.000001 5.429033 -7.734253 9.329072 41.749135 -8.637199 33.195734 80.004369 0.330625 15.836275 0.000004 0.000001 0.000001 9.431709 -2.869897 -2.092204 -2.969991 3.136575 20.674945 -17.859415 1.516939 -1.119457 0.000003 0.000002 -0.000002 1.934157 0.110592 -13.398780 -3.789800 -1.456256 -4.790498 -6.119601 11.991037 3.570933 0.000002 -0.000002 -0.000001 
-2.529462 104.858116 -5.530884 5.001613 -5.231178 12.489406 -3.129714 0.100994 0.513821 5.502362 4.847372 -6.767401 -1.743928 -5.811458 -4.275999 -12.327434 11.141969 -6.105390 0.000000 0.000000 0.000001 1.042547 7.397377 -41.757164 20.565980 11.938383 -83.912221 43.609269 30.640901 -42.413576 0.000004 -0.000003 -0.000000 5.577664 -6.466488 9.417354 41.037573 -6.687501 33.492256 82.990787 -0.903376 22.035420 -0.000000 -0.000004 0.000004 11.163436 -3.407486 -2.917479 -8.446402 4.548972 22.043368 -17.514451 2.698694 -0.056006 -0.000000 0.000002 -0.000005 1.353369 0.314331 -13.357158 -5.654109 -1.870208 -4.802695 -4.930617 12.212698 3.394699 0.000001 -0.000003 0.000001 
-2.424441 105.042152 -5.498910 4.890631 -4.680900 12.565179 -3.048592 0.147336 0.412752 3.857339 5.135997 -6.588376 -0.581823 -6.195741 -4.457328 -12.305995 11.232629 -6.179810 0.000001 0.000000 -0.000000 0.839556 7.521666 -42.195430 20.561480 11.133412 -84.266530 44.438334 33.615623 -50.051507 -0.000001 -0.000004 0.000001 5.502073 -6.823919 9.687887 41.107118 -5.905884 34.116757 85.835923 -1.580542 26.790282 -0.000001 0.000001 0.000001 13.109048 -3.955722 -3.573727 -12.275398 5.506844 23.197390 -17.396282 3.193561 0.371759 -0.000000 0.000001 -0.000004 1.770793 0.259527 -13.453827 -7.022021 -2.053338 -4.869035 -4.000140 12.236987 3.337666 0.000003 -0.000001 0.000001 
-2.327195 105.207062 -5.479993 5.249517 -4.307229 12.656079 -3.209361 0.234334 0.064799 2.277639 5.472174 -6.452513 0.734608 -6.543377 -4.456619 -12.887630 11.293072 -6.015404 0.000000 -0.000001 0.000001 1.113177 7.456535 -42.346811 20.374446 9.310883 -83.246701 45.057563 36.929279 -57.940372 0.000002 -0.000000 0.000001 5.737233 -7.025067 9.762997 40.920783 -4.597427 34.111003 88.759039 -2.095330 31.812460 -0.000000 0.000000 0.000001 16.244377 -4.668451 -4.184498 -17.729906 6.445725 24.528090 -17.104920 3.011997 0.241768 0.000002 0.000001 -0.000004 1.126709 0.528116 -13.518413 -7.573187 -1.972351 -4.903644 -3.111435 12.233251 3.255565 -0.000001 -0.000001 0.000000 
-2.236577 105.356079 -5.449646 4.785312 -4.541631 12.630869 -3.123249 0.288017 -0.332764 1.731996 5.639190 -6.394378 1.233773 -6.320627 -4.398165 -12.623197 11.445351 -5.752866 -0.000001 0.000000 0.000002 1.373872 6.317120 -42.732727 20.776223 9.643837 -82.052053 46.463366 39.910264 -65.565390 -0.000003 -0.000000 0.000005 6.165571 -6.958773 10.301175 40.532716 -3.669904 33.425208 91.509638 -2.543209 35.434806 0.000000 0.000000 0.000001 18.490391 -5.144132 -4.384922 -20.693930 7.061942 25.285671 -17.629833 3.277865 0.379336 0.000002 0.000000 0.000002 0.997050 0.662511 -13.532974 -7.774928 -1.841694 -4.842615 -2.265688 11.813120 3.262729 0.000002 -0.000001 0.000001 
-2.145683 105.493256 -5.424009 4.648394 -4.709570 12.694400 -3.368125 0.341469 -0.625384 1.595434 5.817690 -6.508832 1.328883 -6.544443 -4.242312 -12.094765 11.623897 -5.695534 0.000000 0.000000 0.000001 1.822776 5.950688 -43.053974 21.241379 9.857347 -81.353584 47.386025 42.271037 -70.548034 -0.000003 -0.000001 0.000000 6.654192 -6.505958 10.349516 41.209680 -3.635928 33.259490 93.228653 -2.816793 36.756267 -0.000001 -0.000000 0.000003 19.980236 -5.492843 -4.631899 -22.976854 7.450022 25.906158 -18.559673 3.731965 0.644870 -0.000001 0.000000 -0.000000 0.310966 0.885212 -13.733924 -7.099859 -1.766250 -4.632742 -2.119117 11.424240 3.146474 0.000001 -0.000000 0.000000 
-2.053003 105.619408 -5.407337 4.415020 -4.770261 12.678277 -3.628349 0.422201 -0.826933 2.484591 5.718576 -6.645199 0.699237 -6.248993 -4.214937 -12.015990 11.653986 -5.557288 -0.000001 0.000000 0.000001 1.923059 5.896189 -43.283640 21.527552 10.435211 -80.729954 49.108432 44.253578 -76.580866 -0.000003 0.000004 -0.000000 6.787913 -6.874114 10.378734 41.213840 -3.355081 32.977704 95.590499 -2.469932 37.480772 -0.000001 -0.000004 0.000001 21.107663 -5.720728 -4.734407 -24.738932 7.810022 26.404104 -18.738972 3.348808 0.317811 0.000003 0.000002 -0.000002 0.322320 0.902631 -13.766023 -7.519587 -1.828583 -4.671590 -1.830017 11.668738 3.253707 0.000001 -0.000002 -0.000000 
-1.955024 105.740059 -5.392612 4.327672 -4.703927 12.578896 -4.263963 0.560603 -0.851609 3.547035 5.515827 -6.687535 0.176288 -5.904764 -4.367185 -12.031708 11.463897 -5.300927 -0.000001 0.000000 0.000002 2.193399 5.720301 -43.442216 21.736589 10.434241 -79.975382 51.010298 46.014178 -82.449071 0.000000 0.000001 0.000002 6.928967 -7.461221 10.307727 41.251908 -2.830841 32.606401 97.736223 -2.113941 38.185375 -0.000002 0.000001 -0.000004 21.819096 -5.769212 -4.628333 -26.039606 7.947548 26.490195 -19.116520 3.382320 0.323900 0.000002 0.000000 0.000000 0.472926 0.911937 -13.790277 -7.813210 -1.848154 -4.573834 -1.605699 11.505983 3.089056 -0.000000 -0.000001 0.000000 
-1.856842 105.843979 -5.375942 3.991051 -4.574512 12.451855 -4.763277 0.670557 -0.770187 4.337728 5.287244 -6.632071 -0.266198 -5.979420 -4.553615 -11.191561 11.438152 -5.437637 0.000000 -0.000000 0.000001 2.260674 5.731583 -43.402147 21.907190 10.507673 -79.847186 52.532710 47.299190 -86.687839 -0.000000 -0.000003 -0.000000 7.035491 -7.528941 10.311782 41.346041 -2.842632 32.451161 99.529947 -1.817966 38.731100 0.000000 -0.000002 -0.000001 22.913343 -5.858297 -4.554514 -27.022156 8.103229 26.585874 -19.213285 3.121754 0.041381 0.000003 0.000000 0.000002 0.893634 0.815203 -13.724887 -8.207627 -1.865587 -4.601945 -1.503895 11.275941 2.980377 0.000002 -0.000001 0.000004 
-1.751045 105.933586 -5.362477 4.232050 -4.331683 12.328893 -5.286078 0.823779 -0.761974 4.887341 5.031548 -6.480163 -0.503714 -6.022558 -4.773209 -11.277878 11.206410 -5.332547 0.000000 -0.000000 0.000001 2.261689 5.922132 -43.601797 22.174803 11.042502 -79.894471 53.933540 48.501761 -90.514507 -0.000002 0.000002 0.000001 7.173881 -7.472063 10.273910 41.388850 -2.726680 32.343650 100.946993 -1.767207 38.903043 0.000002 -0.000002 0.000006 23.362199 -5.842805 -4.527492 -27.975423 8.278510 26.691276 -18.725320 2.800383 -0.168628 -0.000000 0.000002 -0.000004 0.656105 0.869272 -13.648057 -8.579658 -1.823072 -4.642410 -0.891628 11.083494 2.823551 -0.000000 -0.000001 -0.000000 
-1.633927 106.004173 -5.345346 4.314552 -4.045133 12.186780 -5.993522 0.937310 -0.698344 5.326253 4.917392 -6.386875 -0.715440 -6.208032 -4.901739 -10.328704 11.068823 -5.261090 -0.000001 0.000000 0.000001 2.677598 6.714868 -43.928351 22.832363 10.799303 -79.884998 55.234876 50.490869 -93.424454 0.000000 0.000001 -0.000001 7.727142 -7.773233 10.270276 41.455321 -2.018290 31.809461 101.474973 -2.915964 38.644056 0.000000 -0.000001 -0.000001 24.465003 -5.915403 -4.565399 -29.602730 8.498342 27.007389 -18.282316 2.330611 -0.480638 0.000002 0.000001 0.000000 1.586970 0.612711 -13.653328 -9.934590 -2.074206 -4.703971 -0.080041 10.956618 2.625722 0.000003 0.000000 0.000001 
-1.519513 106.064720 -5.333103 4.318187 -3.953019 12.031352 -6.272619 1.003287 -0.688912 4.829971 4.916929 -6.224202 -0.099762 -6.073392 -4.905934 -9.781307 10.928165 -5.214417 -0.000001 0.000001 0.000000 2.797077 6.547972 -44.089793 23.178635 10.743662 -80.309999 55.463363 51.914041 -95.037813 0.000003 -0.000000 0.000001 7.901069 -8.055227 10.445576 41.473964 -1.850665 31.591585 101.876684 -3.529112 38.556790 0.000003 0.000000 -0.000000 24.861728 -5.820767 -4.475223 -30.195266 8.583264 26.905251 -17.962889 2.202925 -0.589201 0.000002 0.000002 -0.000001 1.989838 0.494960 -13.527361 -10.041481 -2.002709 -4.813471 -0.666117 11.495256 2.894056 0.000003 -0.000002 -0.000000 
-1.395780 106.115082 -5.319313 3.751569 -3.820084 11.823030 -6.042296 0.923190 -0.668721 4.557985 4.876458 -6.041471 0.082876 -6.131503 -4.991748 -9.260161 10.844489 -5.172028 -0.000001 0.000001 0.000001 2.815787 6.916807 -44.283600 23.302459 10.341110 -80.570578 55.680788 52.692406 -96.229490 0.000004 0.000002 -0.000003 7.978440 -8.377738 10.642886 41.598185 -1.795187 31.529605 102.634794 -3.411202 38.359186 -0.000002 -0.000004 0.000002 25.833112 -5.987423 -4.473044 -30.541942 8.589800 27.193789 -18.382908 2.012102 -0.831062 0.000002 0.000000 -0.000000 2.557078 0.388418 -13.469895 -10.081985 -1.997688 -4.656537 -0.812086 10.840819 2.742028 0.000001 -0.000002 0.000002 
-1.265005 106.161072 -5.316274 3.825734 -4.013903 11.848878 -6.236603 0.986478 -0.802668 4.435435 4.847469 -5.979373 0.184098 -6.196862 -5.004953 -8.108217 10.992505 -5.426752 -0.000001 -0.000000 0.000001 2.646736 7.350495 -44.344477 23.421523 10.674606 -80.946047 56.589637 53.001226 -98.004957 0.000003 -0.000000 0.000000 7.971893 -7.921059 10.657705 41.685830 -1.747195 31.754451 103.313400 -3.165980 38.457390 0.000001 -0.000001 0.000001 26.096555 -6.050149 -4.570983 -30.853508 8.877243 27.263276 -18.613273 1.867211 -0.952121 -0.000000 0.000002 -0.000001 2.473880 0.355460 -13.607485 -10.065746 -2.176581 -4.641179 -0.765536 11.031687 2.816183 0.000002 -0.000002 -0.000001 
-1.136292 106.201981 -5.314541 3.480296 -4.127282 11.903268 -6.380182 1.040161 -0.841542 4.606540 4.840818 -6.023520 0.146063 -6.051278 -5.034377 -7.662572 10.846371 -5.345105 0.000000 -0.000000 0.000001 2.524988 6.885977 -44.511110 23.288609 10.763013 -80.951102 56.584395 52.689244 -98.051860 -0.000003 0.000001 -0.000001 7.769440 -8.229280 10.989516 41.722272 -1.939621 31.927081 103.508375 -2.532942 38.141935 -0.000001 -0.000001 0.000003 26.510765 -6.257389 -4.646525 -30.960670 8.980583 27.193389 -19.004870 2.196115 -0.696883 0.000002 0.000002 -0.000001 2.632426 0.357168 -13.699333 -9.941043 -2.217414 -4.676972 -0.748198 10.857082 2.769289 -0.000000 -0.000002 -0.000000 
-1.005792 106.231003 -5.311990 3.477505 -4.061761 11.909366 -6.795773 1.149754 -0.830715 4.728972 4.787607 -6.023450 0.332548 -6.010221 -5.046791 -7.030381 10.785007 -5.434433 0.000000 0.000000 0.000001 2.324908 6.912093 -44.953529 23.066421 10.985449 -80.684458 56.856291 52.293492 -98.335804 0.000002 -0.000001 0.000000 7.594472 -8.430743 11.201964 41.528503 -1.960032 32.117899 103.669533 -2.140404 37.677687 -0.000000 0.000000 0.000001 26.528822 -6.308091 -4.764927 -30.741213 9.050670 27.183651 -18.920428 2.155587 -0.693362 0.000002 0.000002 -0.000002 2.701173 0.288952 -13.706480 -9.642503 -2.233565 -4.830465 -0.639001 10.960422 2.785302 0.000001 -0.000001 0.000001 
-0.876298 106.249199 -5.310309 3.325286 -3.990543 11.765188 -7.171694 1.160820 -0.628790 5.797209 4.575928 -6.015864 -0.517144 -6.384276 -5.170647 -6.756087 11.092099 -5.494269 0.000000 0.000000 0.000001 2.622682 7.386144 -45.053328 23.475686 10.451813 -80.526093 57.040966 53.072165 -98.219548 0.000001 0.000004 0.000000 7.926722 -8.346824 11.127669 41.250384 -1.012398 31.498360 103.907784 -2.779559 37.594891 0.000000 -0.000000 0.000003 27.087839 -6.405098 -4.769981 -31.417767 9.003779 27.425844 -18.722998 1.861571 -0.904509 0.000003 0.000001 0.000002 3.170897 0.210051 -13.672246 -10.233329 -2.355249 -4.740930 -0.569937 10.512160 2.579596 0.000002 -0.000002 0.000003 
-0.757046 106.267609 -5.309069 3.286898 -3.853272 11.685912 -7.137026 1.136764 -0.588780 5.151155 4.673233 -5.928976 -0.095726 -6.784805 -5.228551 -6.052107 11.185835 -5.583847 -0.000001 -0.000000 0.000001 2.607953 7.530196 -45.010178 23.496290 10.743076 -80.683905 56.542785 52.698393 -97.212074 0.000003 -0.000001 -0.000001 7.905721 -8.100040 11.049062 41.467472 -1.100678 31.752306 103.888455 -2.417715 37.335593 -0.000001 0.000000 0.000001 27.172895 -6.429799 -4.717858 -31.595075 8.992545 27.424965 -19.121924 1.922574 -0.941868 0.000000 0.000001 -0.000001 3.558118 0.113639 -13.589688 -10.929022 -2.421787 -4.754484 -0.337481 10.103481 2.466266 0.000003 -0.000003 0.000000 
-0.640729 106.285515 -5.308678 3.250585 -3.805178 11.645951 -7.200029 1.118265 -0.512477 5.355499 4.635628 -5.936478 -0.242880 -6.421153 -5.224968 -5.863548 11.009592 -5.440043 -0.000001 0.000000 0.000002 2.777396 7.107599 -44.683999 23.697285 10.523499 -80.754112 57.193477 52.875923 -97.810693 -0.000002 0.000001 -0.000001 7.901978 -8.923376 11.055744 41.853623 -1.203518 31.845883 104.131760 -2.506200 37.173930 0.000001 -0.000001 -0.000001 27.706638 -6.521910 -4.743522 -32.090039 9.025736 27.537400 -18.787480 1.738228 -1.062275 0.000002 0.000001 0.000002 3.982448 0.007383 -13.585977 -11.444615 -2.469151 -4.823044 -0.366080 10.216643 2.524281 0.000003 -0.000001 -0.000001 
-0.533561 106.298805 -5.312048 3.113359 -3.899004 11.626707 -7.010404 1.080213 -0.526512 4.880256 4.761616 -5.959083 0.104183 -6.346330 -5.109128 -5.663844 11.134490 -5.567390 -0.000002 0.000001 0.000001 2.688243 7.660296 -44.576693 23.764223 10.629550 -80.780497 57.473481 52.641880 -97.816061 0.000001 -0.000002 0.000002 7.857775 -9.161271 11.093041 41.873137 -1.293796 31.718176 104.331952 -2.366392 36.972678 -0.000000 0.000003 0.000002 28.361249 -6.685886 -4.780184 -32.660247 9.116995 27.690564 -18.964106 1.846816 -0.945813 -0.000001 0.000001 -0.000001 4.193978 -0.029106 -13.652648 -11.411609 -2.499200 -4.811952 -0.468196 10.187833 2.497662 0.000003 -0.000001 0.000000 
-0.431626 106.307068 -5.317873 3.193026 -3.952099 11.572775 -6.850008 1.027075 -0.453888 4.498452 4.832226 -5.934263 0.394813 -6.190442 -5.110125 -6.187791 11.090293 -5.468105 0.000000 0.000001 0.000001 2.766697 7.169708 -44.561042 23.742207 10.637901 -80.661105 57.564349 52.590790 -97.801233 -0.000004 0.000004 0.000001 7.864672 -9.047532 10.961053 42.029002 -1.378600 31.834528 104.010264 -2.536408 36.518259 0.000001 -0.000001 0.000001 28.507878 -6.671946 -4.765976 -32.919114 9.140879 27.736544 -18.836682 1.764937 -1.022487 0.000001 0.000002 -0.000002 4.074260 0.001130 -13.596823 -11.263990 -2.422307 -4.878266 -0.423757 10.245624 2.545060 0.000002 0.000000 0.000001 
-0.332493 106.314972 -5.321134 3.092895 -4.282849 11.631674 -7.205136 1.096163 -0.379704 4.816894 4.829583 -6.010269 0.379683 -6.062485 -5.078401 -5.808395 11.308035 -5.605806 0.000000 0.000000 0.000001 2.768464 7.348340 -44.366583 23.775593 10.692475 -80.745622 57.916507 52.479922 -98.279052 -0.000000 -0.000002 -0.000003 7.831000 -9.589458 10.989219 42.061336 -1.521388 31.744096 104.678441 -2.356466 36.875737 -0.000000 0.000000 -0.000000 28.757501 -6.805396 -4.898722 -33.379858 9.248026 27.775610 -18.686913 1.885781 -0.859905 -0.000002 0.000001 0.000002 4.142872 -0.025442 -13.751601 -11.243925 -2.417221 -4.883382 -0.442860 10.450753 2.631442 0.000001 -0.000001 0.000000 
-0.239384 106.317291 -5.325188 3.437435 -4.320633 11.663303 -8.039476 1.271797 -0.262349 5.930981 4.627219 -6.075079 -0.317064 -5.957469 -5.111206 -5.677893 11.313787 -5.557050 0.000000 0.000000 0.000001 2.800251 7.478045 -44.326890 23.783873 10.470379 -80.462634 58.375434 52.420517 -98.492762 0.000000 -0.000001 0.000000 7.901385 -9.592418 10.910403 42.033500 -1.366843 31.573437 104.971135 -2.577953 37.301760 -0.000002 -0.000004 0.000001 28.429993 -6.773274 -5.023688 -33.161849 9.262693 27.782583 -18.567676 2.005043 -0.703346 -0.000002 0.000002 -0.000002 3.975723 -0.018024 -13.797699 -11.205652 -2.451736 -4.902582 -0.383440 10.633322 2.686592 0.000002 -0.000002 0.000001 
-0.151420 106.316589 -5.325878 3.569094 -4.330070 11.679638 -8.368070 1.316361 -0.164194 6.528977 4.519668 -6.096550 -0.739264 -5.986639 -5.197751 -5.535535 11.407545 -5.563378 -0.000001 0.000000 0.000001 2.874824 7.777052 -44.212081 23.865695 10.335904 -80.401736 58.786728 52.538713 -98.998456 0.000000 0.000003 -0.000001 8.024521 -9.352699 10.759152 42.109059 -1.226445 31.508759 104.858546 -2.852893 37.326007 -0.000001 -0.000005 -0.000001 28.720945 -6.815539 -5.077995 -33.709326 9.354558 27.889267 -18.407467 1.819579 -0.801353 0.000003 0.000001 -0.000002 4.024870 -0.062659 -13.813197 -11.475501 -2.540686 -4.962034 -0.275216 10.815520 2.721013 -0.000000 0.000000 0.000003 
-0.073290 106.316193 -5.332782 3.504912 -4.449413 11.636824 -8.189584 1.277043 -0.153341 6.212281 4.577872 -6.076213 -0.605214 -6.000385 -5.228900 -5.782252 11.295301 -5.474386 0.000000 -0.000000 0.000001 2.853138 7.525056 -44.152334 23.798167 10.271945 -80.288109 58.921549 52.523417 -98.995751 0.000000 0.000002 -0.000002 7.980197 -9.344675 10.787958 42.323076 -1.534546 31.675381 104.708453 -2.934977 37.094430 -0.000001 -0.000003 0.000001 28.727096 -6.849474 -5.046070 -33.612365 9.358737 27.847429 -18.249212 1.966937 -0.617408 0.000003 0.000001 -0.000000 4.049412 -0.020863 -13.816227 -11.333669 -2.558998 -4.918934 -0.494746 11.043088 2.811470 0.000001 -0.000002 -0.000001 
-0.005652 106.312943 -5.337961 3.436189 -4.644626 11.482824 -7.955503 1.208164 -0.127193 5.698070 4.645545 -5.969165 -0.183373 -6.037961 -5.186379 -6.149429 11.344731 -5.496760 0.000000 0.000000 0.000001 3.075983 7.320904 -44.144329 24.002251 9.860263 -80.019163 59.109543 53.050711 -98.611840 0.000004 0.000000 -0.000003 8.267648 -9.389602 10.904353 42.031676 -1.077996 31.112499 104.587818 -3.713368 36.990925 -0.000001 -0.000005 0.000004 28.878238 -6.759174 -4.930684 -33.477694 9.350327 27.811931 -18.424965 2.217724 -0.492143 0.000002 0.000002 -0.000002 4.035777 0.018604 -13.602776 -11.068368 -2.468876 -5.009050 -0.694652 11.202483 2.889748 -0.000000 -0.000002 0.000002 
0.057767 106.311951 -5.347252 3.291325 -4.706660 11.442139 -7.745937 1.164532 -0.121448 5.312526 4.709995 -5.936814 0.159107 -6.087314 -5.164739 -6.009536 11.358274 -5.580989 0.000001 0.000001 0.000001 3.013650 7.392560 -44.059146 24.034551 10.145216 -80.094555 59.158557 52.785918 -98.223311 0.000004 -0.000003 0.000003 8.250488 -9.126687 10.908225 42.003013 -1.237787 31.085704 104.391156 -3.641598 36.707499 -0.000003 -0.000002 -0.000001 28.625953 -6.734003 -4.915515 -33.093090 9.282444 27.767432 -18.611881 2.471682 -0.334330 -0.000001 0.000002 -0.000004 3.920749 0.075416 -13.600150 -10.739792 -2.409874 -4.923774 -0.755348 10.812622 2.761740 0.000001 -0.000001 0.000001 
0.114457 106.306870 -5.354373 2.965680 -4.573286 11.395248 -7.534015 1.133103 -0.168420 6.034101 4.475154 -5.890075 -0.525643 -6.205349 -5.247552 -6.140307 11.214718 -5.574096 0.000000 0.000000 0.000001 3.037853 7.656161 -44.154673 23.975537 9.908781 -79.643619 59.779550 52.890495 -98.632897 0.000002 -0.000001 0.000003 8.353957 -9.219167 10.954560 41.788880 -1.045710 30.787549 104.751497 -3.969668 36.817766 -0.000001 -0.000002 0.000001 28.723790 -6.635042 -4.969993 -32.600151 9.245433 27.838786 -18.782406 2.223733 -0.582244 0.000003 -0.000000 0.000004 4.225099 -0.084405 -13.634395 -10.651683 -2.522366 -4.847937 -0.569688 10.596907 2.510046 0.000003 -0.000002 0.000002 
0.166194 106.297577 -5.357260 2.855756 -4.744993 11.413176 -7.375747 1.105138 -0.236726 6.558107 4.367425 -5.940934 -1.012390 -5.936518 -5.210582 -5.760138 11.007885 -5.566072 -0.000001 -0.000000 0.000002 3.190096 7.191951 -43.885970 23.898622 9.593959 -79.519665 60.072354 52.910600 -98.774876 0.000004 0.000004 0.000001 8.282259 -9.836232 10.815889 41.801229 -0.996648 30.776501 104.980957 -3.943426 36.368220 -0.000003 -0.000001 -0.000002 29.163152 -6.671951 -5.039542 -32.915904 9.261339 27.911090 -18.637938 2.162020 -0.582421 0.000001 0.000001 -0.000000 4.501567 -0.206340 -13.665353 -10.734226 -2.585526 -4.928679 -0.828630 11.113099 2.591618 0.000002 -0.000001 0.000001 
0.216186 106.290710 -5.362198 2.545962 -4.910194 11.447371 -6.848704 0.998114 -0.364239 6.322018 4.436298 -5.971272 -0.979328 -5.862978 -5.117547 -6.299990 10.957573 -5.516719 0.000000 0.000000 0.000001 3.261021 7.252143 -43.987088 23.845234 9.295060 -79.243247 60.005848 53.007315 -98.485652 0.000001 -0.000000 0.000000 8.373404 -9.655216 10.834393 41.673969 -0.894656 30.570537 105.012198 -4.091685 36.535758 0.000000 0.000002 0.000004 29.484984 -6.737820 -5.100688 -32.814872 9.269245 27.878940 -18.877526 2.397094 -0.404587 0.000001 0.000001 -0.000000 4.752877 -0.296790 -13.749462 -10.613399 -2.634028 -4.965911 -0.651047 11.460771 2.611038 0.000001 -0.000003 -0.000000 
0.257373 106.279976 -5.367502 2.560743 -5.053682 11.446740 -7.088809 1.057797 -0.343692 6.062448 4.506234 -5.997932 -0.536566 -5.814743 -5.104354 -6.383673 10.865139 -5.470133 0.000001 0.000000 0.000001 3.182293 7.284953 -43.864950 23.859478 9.665079 -79.255336 60.328964 52.669392 -98.460414 0.000001 0.000005 -0.000002 8.322799 -9.319794 10.721064 41.802052 -1.109147 30.749098 104.649536 -4.040882 36.056630 -0.000000 -0.000002 -0.000001 29.170631 -6.717211 -5.147748 -32.372798 9.173252 27.847053 -18.776458 2.619473 -0.234504 0.000001 0.000001 -0.000002 4.540249 -0.230618 -13.747284 -10.026649 -2.467999 -4.959979 -0.834937 11.771424 2.787037 0.000003 -0.000001 0.000003 
0.295884 106.268623 -5.371919 2.964103 -4.953741 11.473230 -7.243496 1.103997 -0.347918 4.530715 4.794820 -5.901093 0.713807 -6.227067 -5.084472 -6.184003 10.981763 -5.644721 0.000001 0.000000 0.000001 3.033388 7.811519 -43.725621 23.794429 9.755521 -79.384509 60.464707 52.413902 -98.568536 -0.000000 -0.000000 0.000000 8.289456 -9.122409 10.775281 41.883369 -1.427715 30.821177 104.799492 -3.800272 36.071086 -0.000003 -0.000001 0.000001 29.128704 -6.774053 -5.173086 -32.763721 9.208768 27.988980 -18.788858 2.444310 -0.397410 0.000002 0.000002 -0.000002 4.554864 -0.211297 -13.807291 -10.562978 -2.521855 -4.911901 -0.694549 11.708033 2.781895 0.000002 -0.000001 0.000001 
0.331160 106.257629 -5.375455 3.127336 -4.893360 11.482134 -7.514917 1.170541 -0.315752 5.235323 4.650352 -5.921994 0.169068 -6.139718 -5.119992 -6.430140 10.973541 -5.606540 -0.000001 0.000000 0.000001 2.963473 7.660781 -43.745405 23.608498 9.586882 -79.247154 60.466954 52.185176 -98.773831 0.000001 0.000003 -0.000001 8.198786 -9.367766 10.953212 41.731971 -1.569673 30.798238 104.892438 -3.451223 36.031461 -0.000000 -0.000002 -0.000001 28.958803 -6.775639 -5.147054 -32.832200 9.233078 27.959533 -18.909925 2.550456 -0.329717 -0.000002 0.000002 -0.000002 4.445212 -0.172625 -13.836871 -10.514477 -2.505352 -4.852611 -0.505315 11.461855 2.719868 0.000003 -0.000002 0.000001 
0.363615 106.244492 -5.376873 3.326518 -5.053034 11.525057 -7.859680 1.259723 -0.315849 4.873868 4.735012 -5.954895 0.522039 -6.193484 -5.047370 -6.342580 10.982303 -5.709039 0.000001 -0.000000 0.000001 2.888162 8.121203 -43.739299 23.675637 9.898180 -79.281544 60.975926 52.067017 -99.154744 0.000000 -0.000001 0.000000 8.152247 -9.460312 10.853114 41.779150 -1.599743 30.822622 105.155004 -3.472236 35.959986 -0.000005 -0.000003 0.000001 28.989925 -6.794054 -5.219226 -33.230506 9.283040 28.008570 -18.743513 2.593957 -0.283987 0.000001 0.000001 -0.000002 4.377849 -0.155860 -13.883902 -10.631205 -2.514742 -4.894229 -0.514516 11.372233 2.674471 0.000003 -0.000002 -0.000000 
0.394664 106.240265 -5.382024 2.869282 -4.910819 11.564415 -7.819488 1.264601 -0.371186 5.279159 4.637222 -5.955843 0.261105 -6.080503 -5.086362 -6.228797 10.777412 -5.582405 0.000001 0.000000 0.000001 3.003160 7.575189 -43.821302 23.685136 9.947081 -79.241881 60.668158 52.038252 -98.500159 0.000002 0.000003 -0.000001 8.174492 -9.617728 10.916991 41.808100 -1.637234 30.751414 105.186839 -3.537521 36.155572 -0.000002 -0.000005 0.000000 29.503228 -6.916714 -5.321182 -33.287832 9.269763 28.106088 -18.918222 2.536846 -0.363995 -0.000000 0.000001 -0.000000 4.868379 -0.294655 -13.962074 -10.529107 -2.487885 -4.956685 -0.658485 11.579958 2.700501 0.000002 -0.000001 0.000001 
0.423424 106.235336 -5.388374 2.956586 -4.768228 11.546241 -7.966494 1.301236 -0.368727 6.224997 4.459631 -6.011839 -0.554194 -6.071846 -5.115516 -6.838883 10.684613 -5.415648 0.000000 0.000000 0.000001 3.001720 7.337696 -43.791826 23.543093 9.581365 -79.132714 60.375334 51.942127 -98.066907 0.000001 0.000001 -0.000001 8.095138 -9.844615 10.912559 41.664140 -1.631016 30.730039 105.343005 -3.272475 36.040757 -0.000000 -0.000002 0.000001 29.407994 -6.898261 -5.319956 -33.058877 9.292388 28.127327 -18.903354 2.389189 -0.457239 0.000005 0.000001 0.000000 4.802481 -0.295240 -13.930629 -10.601955 -2.568975 -4.971546 -0.563950 11.665183 2.709754 0.000003 -0.000001 0.000000 
0.448729 106.230179 -5.395494 2.847027 -4.813066 11.477970 -7.780902 1.260721 -0.350465 5.145270 4.637095 -5.875798 0.184646 -6.129371 -5.220029 -6.579997 10.614185 -5.314630 0.000001 -0.000001 0.000002 2.878032 7.535389 -43.737629 23.597530 10.083725 -79.340065 60.591585 51.671091 -98.358720 -0.000001 0.000005 -0.000002 7.952902 -10.166204 10.934014 41.885421 -1.916964 30.959287 105.560922 -2.946065 35.926771 0.000000 0.000005 0.000000 29.517537 -6.924804 -5.235195 -32.916860 9.273829 28.065003 -18.788746 2.462914 -0.336990 0.000002 0.000002 -0.000002 4.954776 -0.315228 -13.874360 -10.666879 -2.564172 -4.939608 -0.859810 11.758375 2.834525 0.000003 -0.000001 0.000002 
0.473207 106.227646 -5.407140 2.946309 -5.011316 11.475887 -8.289464 1.372814 -0.332320 7.090604 4.322194 -6.094306 -1.354237 -6.077522 -5.116236 -6.970985 10.716564 -5.320837 0.000000 -0.000000 0.000001 2.833781 7.920058 -43.742454 23.562573 10.057873 -79.321405 60.884860 51.582832 -98.660450 0.000002 -0.000000 -0.000004 8.001382 -9.940460 10.918112 41.738845 -1.734033 30.948058 105.596466 -3.088231 36.164950 -0.000003 0.000005 0.000000 29.474059 -6.841503 -5.281980 -32.998194 9.408907 28.058299 -18.793250 2.567501 -0.191179 0.000003 0.000002 -0.000002 4.813516 -0.362979 -13.887854 -10.668671 -2.714560 -4.983216 -0.959990 12.082462 2.881351 -0.000000 -0.000001 0.000003 
0.494081 106.221947 -5.420773 2.855031 -4.814028 11.453738 -8.465687 1.413604 -0.321600 8.024601 4.076585 -6.094397 -1.977304 -6.054632 -5.184887 -6.984592 10.621584 -5.340143 0.000002 -0.000000 0.000001 2.934165 7.418220 -43.789586 23.407197 9.584962 -79.045021 60.848994 51.835077 -98.931752 0.000001 0.000003 -0.000001 8.112520 -9.571360 11.054210 41.778778 -1.868895 30.918511 105.399900 -3.259291 36.148985 -0.000003 0.000003 0.000002 29.546592 -6.783923 -5.265713 -33.206659 9.384408 28.092128 -18.616502 2.305505 -0.393192 0.000003 0.000003 -0.000003 5.001048 -0.435007 -13.887793 -10.919014 -2.786850 -4.897750 -0.771054 11.758224 2.650765 0.000001 -0.000001 0.000001 
0.516657 106.212051 -5.427155 3.205511 -4.970685 11.363799 -8.568331 1.439456 -0.284527 7.464124 4.173794 -6.038026 -1.512303 -6.183616 -5.197455 -6.797304 10.649826 -5.380010 0.000000 -0.000000 0.000001 2.807948 7.671536 -43.689319 23.359167 9.882709 -79.124367 61.388900 51.380576 -99.480886 0.000005 0.000002 -0.000002 8.005502 -9.461561 10.890115 41.863517 -1.932809 31.165320 105.413144 -3.054383 35.991381 -0.000001 -0.000003 0.000001 29.158235 -6.712923 -5.241063 -33.007087 9.383235 28.124567 -18.624679 2.431382 -0.297971 0.000002 0.000002 -0.000002 4.769238 -0.373215 -13.787068 -10.965714 -2.803660 -4.896896 -0.740795 11.857612 2.711942 0.000003 -0.000000 0.000001 
0.541593 106.206070 -5.433052 3.355191 -5.193932 11.311887 -8.540554 1.432750 -0.340884 7.223351 4.242169 -6.059058 -1.330337 -5.904537 -5.059612 -6.939338 10.609148 -5.204150 0.000000 0.000000 0.000001 2.843351 7.566973 -43.584738 23.238059 9.645802 -79.088646 61.848811 51.084231 -100.315262 0.000004 -0.000004 0.000000 7.945627 -9.759481 10.920188 41.937252 -2.004530 31.284329 105.420261 -2.844619 36.092092 -0.000001 0.000003 0.000002 28.848110 -6.682361 -5.217770 -32.566059 9.237906 28.026918 -18.457618 2.604440 -0.109982 0.000000 0.000000 0.000000 4.588138 -0.325542 -13.718096 -11.038571 -2.751305 -4.984949 -0.893140 11.851800 2.774849 0.000001 -0.000001 0.000000 
0.564330 106.197479 -5.435126 3.387634 -4.994344 11.227754 -8.588691 1.443714 -0.250825 7.188416 4.221961 -6.015022 -1.311529 -6.151859 -5.144854 -6.753292 10.619916 -5.201579 0.000000 0.000000 0.000001 2.671125 7.800235 -43.619767 23.180593 9.924584 -79.077143 62.116507 50.729130 -100.723925 -0.000001 -0.000002 -0.000003 7.957846 -9.023201 10.921592 41.867881 -2.098975 31.331813 105.226625 -2.731305 36.269957 0.000000 -0.000002 -0.000001 28.893753 -6.679748 -5.147513 -32.690402 9.258630 28.085922 -18.563795 2.521924 -0.197202 0.000000 0.000000 0.000000 4.489055 -0.269664 -13.593333 -11.129060 -2.682314 -5.000757 -0.607962 11.688971 2.775965 0.000003 -0.000001 0.000000 
0.594126 106.197105 -5.436343 2.847322 -5.028743 11.203299 -7.962298 1.326654 -0.347555 7.099951 4.244593 -6.004901 -1.379561 -6.040716 -5.100759 -6.745676 10.648484 -5.179203 0.000000 0.000001 0.000000 2.756135 7.037503 -43.757641 23.197071 9.857356 -78.998951 61.805876 50.773386 -100.299497 0.000001 -0.000002 0.000001 8.002297 -9.102536 11.138053 41.747708 -2.142537 31.066893 105.297591 -2.801365 36.492642 -0.000001 -0.000002 -0.000001 29.195125 -6.755796 -5.141345 -32.571062 9.172783 27.979498 -18.652152 2.748795 -0.045058 0.000002 0.000002 -0.000003 4.696717 -0.285746 -13.621803 -10.822051 -2.520697 -4.981935 -0.722548 11.463025 2.730560 0.000001 -0.000001 -0.000000 
0.630486 106.199028 -5.436711 3.170195 -4.982550 11.108463 -8.120848 1.345958 -0.253787 6.655755 4.272548 -5.889893 -0.898921 -5.857143 -5.150390 -6.974030 10.569052 -5.076176 0.000000 -0.000000 0.000001 2.789447 6.391134 -43.827350 23.195145 9.847975 -79.115645 61.439519 50.791971 -100.010915 -0.000003 -0.000001 0.000003 8.018002 -8.994329 11.342582 41.572093 -2.097113 30.919355 105.203163 -2.777522 36.956187 -0.000001 -0.000003 -0.000001 28.814925 -6.721669 -5.072901 -32.481183 9.114408 27.933935 -18.481901 2.759866 -0.003446 0.000000 0.000000 -0.000000 4.515335 -0.192643 -13.591289 -10.905398 -2.493862 -4.951551 -0.557029 11.590298 2.782467 0.000003 -0.000001 0.000000 
0.660703 106.199669 -5.443746 3.173698 -5.130104 11.099741 -8.176180 1.373777 -0.321381 7.051909 4.178851 -5.917124 -1.173332 -5.872061 -5.109873 -7.512342 10.521733 -5.023411 -0.000001 -0.000000 0.000002 2.744839 6.397876 -43.967314 23.088601 9.805208 -78.964179 61.386995 50.692079 -100.043031 -0.000002 -0.000000 0.000000 7.987780 -8.977994 11.448486 41.361392 -2.086372 30.810157 105.239029 -2.678631 36.993759 -0.000003 0.000001 0.000001 28.642164 -6.692531 -5.072172 -32.277333 9.123699 27.872646 -18.577529 2.933676 0.119259 0.000003 0.000000 0.000000 4.261940 -0.133069 -13.567764 -10.619961 -2.460854 -4.987976 -0.887925 11.655914 2.806559 0.000001 -0.000003 0.000001 
0.700125 106.207359 -5.451963 3.178254 -4.972610 11.034963 -8.209903 1.363243 -0.233416 6.994295 4.221929 -5.947950 -1.212860 -6.133052 -5.128087 -7.384284 10.510414 -5.048278 0.000001 0.000000 -0.000000 2.676845 6.866562 -44.067172 22.995522 9.640685 -78.856911 61.736659 50.545968 -100.723495 -0.000001 0.000000 -0.000004 8.068130 -8.361449 11.511146 41.017116 -1.905839 30.566674 105.406778 -2.482615 37.602698 -0.000001 0.000001 0.000002 28.721967 -6.690597 -4.983949 -32.684183 9.181825 27.854662 -18.421263 2.927549 0.147396 0.000002 0.000000 0.000000 4.308183 -0.130450 -13.580555 -10.923739 -2.512993 -4.924806 -0.815081 11.343947 2.721409 0.000002 -0.000001 -0.000001 
0.742639 106.213562 -5.455921 3.026314 -5.027200 10.945798 -8.283465 1.388364 -0.223038 7.684054 4.080845 -5.960476 -1.848764 -6.062244 -5.127932 -7.643293 10.502381 -4.982110 -0.000001 0.000000 0.000001 2.592717 6.923924 -44.057869 22.931722 9.564895 -79.041572 61.624992 50.573289 -100.983684 0.000002 0.000000 0.000001 7.973466 -8.869141 11.672985 40.685361 -1.683756 30.478278 105.825892 -2.186705 38.118432 0.000000 -0.000001 0.000001 29.204256 -6.762805 -4.917805 -33.254128 9.337492 27.938872 -18.445021 2.741270 0.012282 0.000003 0.000002 -0.000003 4.797387 -0.250023 -13.566662 -11.414425 -2.628967 -4.944593 -0.869461 11.499005 2.812378 0.000002 -0.000001 0.000003 
0.785612 106.219315 -5.458588 3.516926 -5.142614 10.904483 -8.728786 1.463967 -0.147799 7.218757 4.144762 -5.918432 -1.236766 -5.985693 -5.149787 -7.972678 10.484119 -4.998541 -0.000001 0.000000 0.000001 2.637011 6.768449 -44.028205 22.948061 9.259563 -79.076385 61.534991 50.855615 -100.965557 -0.000000 -0.000003 0.000003 7.975676 -9.047758 11.682169 40.369225 -1.331540 30.229352 106.110110 -2.235410 38.411949 -0.000003 0.000002 -0.000002 28.928443 -6.705602 -4.899967 -33.483578 9.389763 27.949465 -18.217600 2.654496 -0.037594 0.000002 0.000001 0.000002 4.351130 -0.116180 -13.510063 -11.595385 -2.683682 -4.996745 -0.807161 11.797747 2.899499 0.000003 -0.000001 0.000001 
0.835836 106.221710 -5.461224 3.456852 -5.099283 10.861983 -8.356345 1.337818 -0.109965 7.189176 4.150676 -5.899175 -1.372476 -5.976097 -5.203136 -8.328558 10.603152 -4.992158 0.000000 0.000000 0.000001 2.842242 6.986478 -43.982317 23.123272 8.890348 -79.059815 61.520723 50.926386 -100.337521 -0.000001 0.000002 0.000002 8.116028 -8.822555 11.458044 40.664026 -1.208782 30.175325 105.605557 -2.487699 37.919120 -0.000003 -0.000001 -0.000001 29.097883 -6.763157 -4.898799 -33.410478 9.248603 27.919544 -18.379371 2.794147 0.039078 0.000003 0.000002 -0.000004 4.465228 -0.099166 -13.525224 -11.639195 -2.621913 -5.034944 -0.770932 11.754032 2.843238 -0.000000 -0.000002 0.000000 
0.891773 106.218231 -5.459668 3.826885 -5.002945 10.853238 -8.582899 1.398114 -0.154307 7.127249 4.152127 -5.848237 -1.341142 -5.984985 -5.231894 -7.955917 10.598920 -4.923124 0.000000 0.000000 0.000001 2.901484 6.828472 -44.017376 23.178710 8.696923 -78.920548 61.435550 50.832173 -99.886380 0.000003 -0.000000 0.000001 8.168244 -8.805363 11.486663 40.654112 -1.141743 29.961786 105.640104 -2.484219 37.783346 -0.000000 -0.000005 -0.000001 28.987651 -6.799406 -4.905329 -33.552515 9.275251 27.908112 -18.260299 2.835693 0.114414 0.000001 0.000001 -0.000002 4.278459 -0.024767 -13.552846 -11.689458 -2.577468 -5.035780 -0.438113 11.508947 2.792925 0.000003 -0.000001 -0.000001 
0.943764 106.221275 -5.459792 3.836411 -4.968664 10.801218 -8.326127 1.336546 -0.162673 6.322134 4.279091 -5.801687 -0.742046 -5.999080 -5.216445 -7.937542 10.531856 -4.953409 0.000000 0.000000 0.000001 2.835394 7.071113 -44.040609 23.192331 8.935894 -78.883535 61.827009 50.509587 -99.851417 0.000001 -0.000000 0.000004 8.163195 -9.079271 11.710984 40.466419 -1.166037 29.754893 105.966020 -2.399081 37.841017 -0.000002 -0.000002 0.000003 28.848837 -6.772431 -4.953201 -33.330695 9.241239 27.949001 -18.119435 2.796602 0.097335 0.000005 0.000000 0.000002 3.891072 0.075386 -13.577616 -11.118977 -2.509185 -4.922880 -0.724591 11.369029 2.737517 -0.000000 -0.000001 -0.000001 
