HIERARCHY
ROOT Hips
{
	OFFSET -8.464133 100.302628 -2.129164
	CHANNELS 6 Xposition Yposition Zposition Xrotation Yrotation Zrotation
	JOINT Chest
	{
		OFFSET 3.011968 13.124092 2.200126
		CHANNELS 3 Xrotation Yrotation Zrotation
		JOINT Chest2
		{
			OFFSET 3.370588 20.235893 6.181762
			CHANNELS 3 Xrotation Yrotation Zrotation
			JOINT Chest3
			{
				OFFSET -0.850996 14.870148 0.987207
				CHANNELS 3 Xrotation Yrotation Zrotation
				JOINT Neck
				{
					OFFSET 0.608796 17.083115 2.532293
					CHANNELS 3 Xrotation Yrotation Zrotation
					JOINT Head
					{
						OFFSET -2.464946 9.941833 2.216261
						CHANNELS 3 Xrotation Yrotation Zrotation
						End Site
						{
							OFFSET -2.450248 9.960602 2.147164
						}
					}
				}
				JOINT LeftCollar
				{
					OFFSET 5.073683 12.625549 4.081373
					CHANNELS 3 Xrotation Yrotation Zrotation
					JOINT LeftUpArm
					{
						OFFSET 13.050671 10.235275 -5.780854
						CHANNELS 3 Xrotation Yrotation Zrotation
						JOINT LeftLowArm
						{
							OFFSET 7.881493 27.013885 18.650991
							CHANNELS 3 Xrotation Yrotation Zrotation
							JOINT LeftHand
							{
								OFFSET -8.966461 23.707733 16.077713
								CHANNELS 3 Xrotation Yrotation Zrotation
								End Site
								{
									OFFSET -1.959678 5.181458 3.513878
								}
							}
						}
					}
				}
				JOINT RightCollar
				{
					OFFSET -3.232994 12.721252 5.433790
					CHANNELS 3 Xrotation Yrotation Zrotation
					JOINT RightUpArm
					{
						OFFSET -16.753145 3.472198 -3.971443
						CHANNELS 3 Xrotation Yrotation Zrotation
						JOINT RightLowArm
						{
							OFFSET -17.991077 20.927475 19.444691
							CHANNELS 3 Xrotation Yrotation Zrotation
							JOINT RightHand
							{
								OFFSET -3.958130 24.213867 17.290936
								CHANNELS 3 Xrotation Yrotation Zrotation
								End Site
								{
									OFFSET -0.865082 5.292191 3.779099
								}
							}
						}
					}
				}
			}
		}
	}
	JOINT LeftUpLeg
	{
		OFFSET 9.507905 -1.738892 -2.644832
		CHANNELS 3 Xrotation Yrotation Zrotation
		JOINT LeftLowLeg
		{
			OFFSET 19.978441 -41.710808 10.249826
			CHANNELS 3 Xrotation Yrotation Zrotation
			JOINT LeftFoot
			{
				OFFSET -29.080761 -24.688694 -23.352633
				CHANNELS 3 Xrotation Yrotation Zrotation
				JOINT LeftToe
				{
					OFFSET -11.736094 -19.970182 4.797436
					CHANNELS 3 Xrotation Yrotation Zrotation
					End Site
					{
						OFFSET -0.300217 -17.711472 15.677134
					}
				}
			}
		}
	}
	JOINT RightUpLeg
	{
		OFFSET -9.507953 1.738701 2.644801
		CHANNELS 3 Xrotation Yrotation Zrotation
		JOINT RightLowLeg
		{
			OFFSET 0.999130 -40.625664 24.342751
			CHANNELS 3 Xrotation Yrotation Zrotation
			JOINT RightFoot
			{
				OFFSET 9.134952 -41.220211 -14.765732
				CHANNELS 3 Xrotation Yrotation Zrotation
				JOINT RightToe
				{
					OFFSET 3.987706 -16.342314 16.630812
					CHANNELS 3 Xrotation Yrotation Zrotation
					End Site
					{
						OFFSET -4.693218 -4.450995 22.753429
					}
				}
			}
		}
	}
}
MOTION
Frames: 169
Frame Time: 0.033333
0.733689 105.151787 -1.111721 -3.970251 -15.031141 9.021192 -5.913255 0.923511 -0.208255 9.653623 7.248183 -10.419248 -1.045310 -0.339545 1.336203 -2.851525 18.074497 -9.478641 -0.000001 0.000000 -0.000003 7.943642 16.505557 -61.196255 36.161969 16.587311 -91.551521 28.445660 25.439634 -17.956791 -0.000003 0.000007 -0.000002 15.920442 -2.865888 36.671682 45.558762 4.184275 72.083706 31.775310 -7.188130 5.949033 -0.000006 0.000003 -0.000000 21.778138 -5.853462 -33.164086 -32.251942 -16.121541 63.462518 -15.192880 0.692075 7.845060 0.000003 -0.000001 0.000001 31.339941 -9.246922 -10.617915 -29.411672 -6.738136 -17.228208 -4.564682 34.264686 -1.431516 0.000001 0.000000 0.000003 
0.737484 105.151436 -1.102585 -3.971583 -15.160404 9.064719 -6.023773 0.946557 -0.220593 9.507356 7.333327 -10.453391 -0.923605 -0.364694 1.373213 -2.893564 18.091474 -9.488613 -0.000002 0.000000 -0.000000 7.953057 16.754847 -61.240412 36.212307 16.398142 -91.502624 28.166027 25.441056 -17.901378 -0.000003 0.000003 -0.000000 15.938342 -2.798414 36.627190 45.674520 4.181133 72.190715 31.608428 -7.242111 6.006558 -0.000003 -0.000001 -0.000003 21.934826 -5.950988 -33.289744 -32.368915 -16.186150 63.479826 -15.545888 0.717875 8.036565 0.000003 -0.000001 0.000000 31.676819 -9.373935 -10.733110 -29.673716 -6.780627 -17.206245 -4.416578 34.622413 -1.530747 0.000003 -0.000000 0.000001 
0.743812 105.149780 -1.084766 -3.842401 -15.161352 8.970660 -6.088501 0.924240 -0.137632 9.166750 7.392809 -10.379447 -0.620070 -0.096424 1.444248 -2.887620 18.013903 -9.415661 -0.000003 -0.000001 0.000000 7.977198 16.857172 -61.281147 36.185519 16.098457 -91.326630 28.059339 25.594268 -18.340014 -0.000003 -0.000002 -0.000002 15.903132 -3.046859 36.662936 45.779794 3.938999 72.380949 31.646677 -7.132855 5.944884 0.000001 0.000002 -0.000003 21.792098 -5.893585 -33.164858 -32.330670 -16.192770 63.430082 -15.590573 0.714321 8.024654 0.000007 0.000001 -0.000001 31.632993 -9.314217 -10.638483 -29.757737 -6.789526 -17.178305 -4.727348 34.817323 -1.411727 0.000000 -0.000001 0.000004 
0.749282 105.150383 -1.072114 -4.055376 -14.970117 9.047789 -5.954705 0.932725 -0.235428 8.660618 7.382074 -10.139893 -0.212603 -0.663992 1.189136 -2.522180 18.192117 -9.636010 -0.000000 -0.000001 -0.000001 7.956603 17.325352 -61.442189 36.099978 16.273651 -91.179569 28.057698 25.667485 -18.546264 -0.000004 0.000003 0.000002 16.018433 -2.028621 36.411199 45.785794 4.008322 72.600034 31.300284 -7.186253 5.845244 -0.000005 0.000001 -0.000003 21.988329 -5.918131 -33.231281 -32.491876 -16.259726 63.347443 -15.634660 0.802215 8.128426 0.000006 0.000001 -0.000001 31.626822 -9.381975 -10.721928 -29.581392 -6.709426 -17.135587 -4.559331 34.571026 -1.485576 0.000001 0.000001 0.000001 
0.763538 105.150703 -1.056639 -4.266025 -14.999766 9.067686 -5.888959 0.913876 -0.229709 8.841713 7.373055 -10.204473 -0.326935 -0.004646 1.254257 -2.244451 17.805647 -9.429156 -0.000002 -0.000000 0.000000 7.948739 16.680884 -61.218849 36.161323 16.491832 -91.446022 28.230425 25.833375 -18.690263 0.000001 0.000002 -0.000002 15.833625 -3.200083 36.592957 46.003359 3.520526 73.057370 31.699410 -7.209002 5.734194 -0.000003 0.000000 -0.000001 22.300825 -5.993615 -33.396825 -32.659472 -16.215800 63.420595 -15.504123 0.702121 8.063388 -0.000000 -0.000000 0.000001 31.693451 -9.429099 -10.785125 -29.372826 -6.804420 -17.232473 -4.656056 34.813737 -1.503882 0.000002 -0.000000 0.000001 
0.774824 105.148125 -1.039624 -3.919249 -14.807075 9.087699 -6.600966 1.019085 -0.028722 9.307059 7.273022 -10.278192 -0.703594 -0.403372 1.240585 -2.038105 17.987430 -9.511955 -0.000003 -0.000001 0.000000 7.889272 17.370371 -61.079937 36.147253 16.720996 -91.583616 28.331772 26.032327 -19.433584 -0.000005 0.000000 -0.000001 15.817098 -3.234133 36.599705 45.883995 3.768734 72.871480 31.552663 -7.307646 6.265821 -0.000003 0.000006 -0.000001 22.299774 -6.043871 -33.408122 -33.109608 -16.473692 63.504503 -15.393452 0.605137 7.895568 0.000003 -0.000001 0.000001 31.539775 -9.373127 -10.814832 -29.649312 -6.827004 -17.056500 -4.214176 34.804134 -1.683028 0.000000 -0.000002 -0.000001 
0.786690 105.146011 -1.027388 -3.785928 -14.814344 9.109177 -6.665293 1.049800 -0.065451 9.561826 7.216187 -10.331684 -0.829094 -0.854588 1.252562 -1.861337 18.238495 -9.759174 -0.000002 -0.000002 0.000001 7.824417 18.278910 -61.337838 36.024508 16.689801 -91.234546 28.678858 25.974899 -19.583566 -0.000006 -0.000000 -0.000004 15.909338 -2.664570 36.643200 45.726050 3.943687 72.532846 31.457597 -7.192853 6.040481 -0.000000 -0.000001 -0.000003 22.136467 -6.014451 -33.358890 -33.049171 -16.388356 63.439637 -15.372599 0.607191 7.863726 0.000006 -0.000001 -0.000002 31.580128 -9.410489 -10.860427 -29.982741 -6.906038 -16.942696 -4.136218 34.842584 -1.720909 0.000002 -0.000001 0.000003 
0.797569 105.149544 -1.017375 -3.603555 -15.012939 9.091969 -6.816243 1.063738 0.001176 9.434946 7.277199 -10.334260 -0.689315 -0.963523 1.226797 -1.685735 18.350517 -9.823317 0.000000 0.000000 -0.000001 7.899336 17.979829 -61.333364 36.130014 16.751087 -91.339874 28.650031 25.814020 -18.882539 -0.000005 0.000003 -0.000000 16.002139 -2.230396 36.494862 45.823063 4.012540 72.614514 31.402577 -7.024163 5.592249 -0.000004 -0.000002 -0.000002 22.104266 -6.026276 -33.384718 -33.150111 -16.469169 63.478002 -15.356065 0.586423 7.844949 0.000004 -0.000000 0.000001 31.389514 -9.351316 -10.869522 -30.069495 -6.915599 -16.883411 -4.025061 34.885987 -1.774234 0.000000 -0.000000 0.000001 
0.808809 105.153503 -1.005365 -3.821184 -14.994678 9.044154 -6.604578 1.034341 -0.074967 9.182939 7.293636 -10.248081 -0.337499 -0.959385 1.243891 -2.032351 18.355041 -9.773844 0.000000 -0.000002 -0.000001 7.862042 18.232922 -61.296611 36.158980 16.681861 -91.318331 28.747064 25.880239 -18.892763 -0.000002 0.000001 -0.000003 15.997281 -2.290720 36.435012 45.836546 4.023466 72.618469 31.479850 -7.047913 5.493144 -0.000003 0.000000 -0.000000 22.265001 -6.050985 -33.376863 -32.965119 -16.393147 63.508158 -15.348668 0.475896 7.662213 0.000005 -0.000002 0.000003 31.372118 -9.290707 -10.766283 -29.752144 -6.851107 -17.111328 -4.228629 35.036910 -1.686189 0.000002 0.000001 -0.000000 
0.819266 105.155334 -0.989271 -3.923817 -15.030280 9.046629 -6.377930 0.997728 -0.104857 8.306633 7.375278 -9.955764 0.334478 -0.768792 1.054493 -1.922398 18.315446 -9.838741 -0.000002 -0.000002 0.000001 7.750935 17.970892 -61.151414 36.098076 16.764843 -91.428823 28.826752 25.776210 -19.133184 -0.000003 0.000005 0.000001 15.848547 -2.575883 36.398884 45.794513 3.975901 72.723258 31.614046 -6.998720 5.714172 -0.000003 0.000003 -0.000005 22.294077 -6.101598 -33.415136 -33.052358 -16.473667 63.547465 -15.493155 0.543529 7.761481 0.000006 0.000001 -0.000001 31.483494 -9.285889 -10.783657 -29.706275 -6.759345 -17.196470 -4.229796 35.042982 -1.639519 0.000000 0.000000 0.000005 
0.829179 105.157768 -0.982165 -3.674223 -14.964039 9.089212 -6.871631 1.076561 0.016215 9.486521 7.225787 -10.284442 -0.552212 -0.499970 1.220443 -1.882425 18.102091 -9.651364 -0.000001 -0.000001 -0.000000 7.918996 17.024289 -61.184124 36.213342 16.601178 -91.306037 28.647246 25.766216 -18.598805 -0.000005 0.000005 -0.000003 15.907666 -2.730354 36.423384 45.898663 4.129256 72.554839 31.452099 -7.129630 5.402893 -0.000002 0.000000 -0.000002 22.183580 -6.093752 -33.388038 -33.261348 -16.511009 63.510172 -15.349897 0.417217 7.544028 0.000001 -0.000000 0.000001 31.475834 -9.272809 -10.827110 -30.078070 -6.836509 -17.050652 -4.283069 35.009091 -1.604933 -0.000000 -0.000000 -0.000001 
0.838334 105.155144 -0.965467 -3.726506 -15.254886 9.055837 -6.841545 1.099224 -0.034800 9.327944 7.255883 -10.276303 -0.166444 -0.528919 1.269082 -2.096516 18.263371 -9.740368 0.000000 0.000000 -0.000001 7.760708 18.004872 -61.196193 36.067996 16.503632 -91.213229 28.892858 25.773338 -19.185938 -0.000004 -0.000001 -0.000001 15.881131 -2.477036 36.352746 45.802077 4.086371 72.705554 31.403403 -7.062596 5.612031 -0.000000 -0.000002 -0.000002 22.268485 -6.062088 -33.373793 -33.369483 -16.523592 63.414140 -14.931893 0.544329 7.568173 0.000003 -0.000004 0.000003 31.665064 -9.365539 -10.805229 -30.173928 -6.785077 -17.116280 -4.329110 35.204130 -1.594680 0.000000 0.000000 0.000005 
0.843301 105.154587 -0.951458 -3.440547 -15.283849 9.132821 -7.009062 1.131785 -0.030301 9.385835 7.254816 -10.304481 -0.381664 -0.823797 1.256794 -1.591785 18.412170 -9.920727 -0.000001 0.000000 -0.000001 7.805536 18.723507 -61.290368 36.090996 16.525646 -91.019319 29.150178 25.917194 -19.429277 -0.000005 -0.000002 -0.000003 15.969104 -2.495612 36.390490 45.858300 4.088826 72.537681 31.520930 -7.285618 5.956628 -0.000001 0.000003 -0.000001 21.892966 -5.972269 -33.404888 -33.090269 -16.480056 63.393301 -15.261714 0.588268 7.707038 0.000003 -0.000001 0.000001 31.223984 -9.287927 -10.839704 -29.827924 -6.731047 -17.123144 -4.189829 35.069470 -1.687411 0.000002 -0.000001 -0.000001 
0.846288 105.152611 -0.933795 -3.621424 -15.108167 9.083352 -6.574751 1.024530 -0.066307 9.146009 7.256003 -10.204628 -0.272092 -0.756332 1.139383 -2.041129 18.300324 -9.762324 -0.000001 0.000000 -0.000000 7.914380 18.102687 -61.319936 36.131120 16.511371 -91.084596 29.011488 25.762531 -19.006704 -0.000004 0.000003 0.000001 15.927842 -2.898492 36.530410 45.833411 4.211292 72.323603 31.592391 -7.146478 5.957452 -0.000003 0.000000 -0.000001 22.095778 -6.006362 -33.381952 -32.961687 -16.470185 63.444002 -15.586720 0.566979 7.797243 0.000007 -0.000000 0.000001 31.368122 -9.279493 -10.742286 -29.472348 -6.686894 -17.244764 -4.035096 34.842267 -1.781818 0.000001 -0.000000 0.000003 
0.844316 105.152405 -0.914190 -3.682734 -14.842891 9.058269 -6.516945 1.008329 -0.012021 9.432106 7.117347 -10.177988 -0.607691 -0.039394 1.135077 -1.629879 17.759784 -9.485360 -0.000002 0.000000 -0.000002 7.839974 17.069456 -61.055963 36.054427 16.697820 -91.459361 28.857563 25.713518 -19.305820 -0.000005 0.000000 -0.000001 15.674844 -3.517953 36.472111 45.935385 3.588009 73.201945 31.766052 -6.856744 5.939642 -0.000004 0.000000 -0.000002 22.097889 -5.966800 -33.258370 -32.914921 -16.386365 63.370434 -15.517536 0.444994 7.622265 -0.000000 -0.000001 0.000001 31.528928 -9.312651 -10.709004 -29.533086 -6.751074 -17.141065 -4.186492 34.728049 -1.720954 0.000001 -0.000000 0.000003 
0.841380 105.149979 -0.897309 -3.837231 -15.033298 9.053402 -6.281718 0.973088 -0.114297 9.224032 7.276143 -10.272301 -0.503642 -0.354051 1.301324 -1.696862 18.064139 -9.705008 0.000001 0.000000 -0.000001 7.839523 17.684690 -60.994505 36.125011 16.208905 -91.384304 28.512382 25.785427 -19.384166 -0.000003 0.000001 -0.000003 15.852222 -2.429210 36.160234 45.906121 3.902880 72.931640 31.459752 -6.863725 5.666727 -0.000000 0.000000 -0.000006 22.107437 -5.973593 -33.234225 -32.692332 -16.331220 63.266717 -15.386960 0.585926 7.743227 0.000003 -0.000004 0.000004 31.805029 -9.407578 -10.734389 -29.781414 -6.772645 -17.144997 -4.230798 34.921029 -1.709544 0.000000 0.000001 0.000003 
0.827495 105.151093 -0.879751 -3.935277 -15.028416 9.009266 -6.173320 0.962992 -0.178655 8.451223 7.438014 -10.085328 0.084848 0.024483 1.317066 -1.272323 17.824512 -9.527567 0.000000 -0.000001 -0.000001 7.933432 17.079084 -60.856145 36.285452 16.110046 -91.506421 28.244477 25.981324 -19.099594 -0.000005 0.000002 -0.000001 15.831405 -3.270129 36.403580 45.907013 4.022425 72.599133 31.674319 -7.202521 6.069212 0.000001 0.000000 -0.000005 22.200975 -5.933798 -33.183494 -32.685051 -16.293015 63.338072 -15.254504 0.458114 7.543563 0.000004 0.000001 -0.000003 31.931824 -9.447684 -10.650647 -29.989472 -6.877877 -17.136943 -4.216725 35.079626 -1.723319 0.000000 0.000000 0.000003 
0.811019 105.148842 -0.864914 -3.677196 -15.352023 9.039891 -6.332246 1.008917 -0.238076 8.440627 7.526549 -10.164865 0.143074 0.780277 1.496356 -1.686150 17.447397 -9.097867 -0.000002 0.000001 -0.000001 8.031653 16.757077 -60.667673 36.458570 15.987835 -91.680168 28.232297 25.982104 -18.845197 -0.000004 0.000003 -0.000002 15.755843 -4.026518 36.309210 46.124810 4.028428 72.882715 31.843643 -7.159114 6.020889 -0.000001 0.000000 -0.000001 22.071843 -5.925041 -33.252913 -32.722473 -16.374655 63.389148 -15.040855 0.547024 7.683555 0.000003 0.000001 -0.000001 32.035971 -9.506599 -10.700204 -30.175349 -6.902219 -17.186827 -4.418800 35.700408 -1.639605 0.000003 -0.000002 -0.000001 
0.796213 105.151062 -0.848539 -3.855659 -15.323879 8.913351 -6.449596 0.991158 -0.047732 8.568095 7.513990 -10.229600 -0.066791 0.874998 1.524227 -1.351923 17.191402 -9.078049 -0.000001 -0.000000 0.000000 8.130102 16.562997 -60.859888 36.356697 16.265592 -91.768789 28.086873 25.928409 -18.733197 -0.000004 0.000003 -0.000003 15.710441 -4.408695 36.391531 46.027805 3.885353 72.908322 31.901710 -7.155576 6.467025 -0.000001 0.000004 0.000000 22.026387 -5.868400 -33.097478 -32.419213 -16.356141 63.386314 -15.024879 0.561476 7.626780 0.000003 0.000001 -0.000001 32.325168 -9.508454 -10.647071 -30.243463 -6.853841 -17.022612 -4.597056 35.316422 -1.573105 -0.000001 0.000001 0.000003 
0.780142 105.152184 -0.838672 -3.796999 -15.146441 8.861656 -6.684493 0.994735 0.106114 9.107526 7.308426 -10.182351 -0.485879 0.409161 1.311932 -1.238018 17.394363 -9.196379 0.000000 -0.000001 -0.000001 8.158120 16.963185 -60.930232 36.460697 16.022903 -91.744699 27.737094 25.825997 -18.251686 -0.000004 0.000002 -0.000002 15.914865 -3.475203 36.199914 46.137894 3.969587 72.915821 31.666362 -7.052403 5.981656 -0.000001 0.000001 -0.000001 21.772256 -5.840116 -32.959938 -32.123855 -16.348022 63.383063 -15.127447 0.576134 7.610131 0.000003 0.000001 -0.000001 32.232462 -9.393258 -10.600383 -30.040350 -6.714415 -16.947004 -4.681909 34.939778 -1.464055 0.000000 -0.000001 0.000003 
0.760441 105.147125 -0.822588 -3.624608 -15.257569 8.849362 -6.729767 0.998963 0.120979 8.944729 7.352485 -10.209149 -0.340890 0.435724 1.302547 -1.112714 17.195601 -9.232173 -0.000002 0.000000 -0.000001 8.074272 17.025365 -60.885925 36.465502 16.136715 -92.019881 27.472464 25.739020 -17.842623 -0.000003 0.000001 -0.000003 15.846474 -3.216067 36.044356 46.129557 4.035507 73.123869 31.700650 -7.037198 5.808515 -0.000003 -0.000002 -0.000006 21.720113 -5.802878 -32.917905 -31.836659 -16.198449 63.302425 -15.412235 0.657605 7.828654 0.000006 -0.000002 0.000002 31.502806 -9.105878 -10.498916 -28.908229 -6.568530 -17.232634 -4.716528 34.760626 -1.521303 0.000002 -0.000001 0.000004 
0.745275 105.143944 -0.806664 -3.388165 -15.395725 8.916040 -7.112277 1.079585 0.166053 9.296167 7.269527 -10.257129 -0.480870 0.259699 1.263776 -1.142309 17.222442 -9.232175 -0.000001 -0.000000 0.000000 7.977950 17.350279 -60.693116 36.513208 16.252898 -92.617058 26.794766 25.526012 -17.429680 -0.000003 0.000006 -0.000001 15.739961 -3.044704 35.683487 45.858061 4.798684 72.745490 31.536267 -7.227445 6.674806 -0.000000 0.000002 -0.000004 21.597330 -5.804633 -32.978219 -31.880987 -16.164409 63.185643 -15.336459 0.878121 8.169344 0.000003 0.000001 -0.000001 31.066084 -9.001952 -10.511472 -28.825505 -6.563426 -17.372714 -4.491880 35.000307 -1.637635 -0.000000 -0.000001 0.000004 
0.736576 105.139893 -0.785832 -3.963610 -15.540922 8.990562 -6.737109 1.026726 0.004229 9.367481 7.311527 -10.364267 -0.645247 0.615181 1.397072 -1.188943 16.969344 -9.025920 0.000001 0.000000 -0.000002 8.060395 16.638706 -60.739370 36.609650 16.189032 -92.926684 25.692250 25.409325 -16.496237 -0.000003 0.000004 -0.000003 15.750189 -2.913256 35.625912 45.685459 5.241305 72.329688 31.484078 -7.338077 6.654992 -0.000003 -0.000003 -0.000002 21.829201 -5.879485 -33.236701 -31.368371 -16.065723 63.175486 -15.313779 1.113415 8.492416 0.000005 -0.000000 0.000001 31.014523 -9.015283 -10.551272 -28.097409 -6.360542 -17.731986 -4.420212 34.942736 -1.639396 0.000001 0.000000 0.000003 
0.726316 105.127945 -0.756706 -3.800124 -15.170309 9.097938 -7.027934 1.083820 0.038071 9.266105 7.312795 -10.333550 -0.383838 0.640440 1.344283 -1.311530 16.681117 -8.722771 -0.000001 -0.000001 -0.000000 7.882351 16.243148 -60.891335 36.516138 16.562872 -93.189872 24.341186 25.068164 -15.378162 -0.000005 0.000007 -0.000000 15.660953 -2.545962 35.500379 45.311267 5.893369 71.799741 31.708200 -7.558953 6.989656 -0.000003 0.000002 -0.000001 21.341633 -5.748934 -33.162699 -30.465226 -15.547457 62.992465 -15.944522 1.237566 8.991782 0.000002 -0.000002 0.000003 30.243135 -8.709934 -10.297281 -26.914569 -6.144823 -18.477625 -5.148931 34.572362 -1.201830 0.000002 0.000000 0.000003 
0.714639 105.103661 -0.710298 -4.234112 -15.235082 9.342579 -6.246055 1.012103 -0.406885 8.325799 7.603495 -10.325308 0.148179 1.014152 1.480586 -0.933859 16.384159 -8.637335 -0.000001 -0.000001 -0.000000 7.796542 16.995736 -61.211643 36.310570 16.838856 -92.975383 21.633024 24.987373 -14.494787 -0.000004 0.000001 -0.000002 15.581816 -2.566606 35.242376 44.910389 7.029100 71.142014 32.044355 -8.092635 8.536713 -0.000003 -0.000000 -0.000005 21.615725 -5.854135 -33.446572 -29.825128 -15.184313 62.648530 -15.770830 1.577586 9.459263 0.000006 0.000000 -0.000002 30.184768 -8.765325 -10.377246 -25.944427 -5.889676 -19.148652 -5.551950 34.585401 -0.978847 0.000001 0.000001 0.000005 
0.702564 105.078514 -0.662461 -4.254229 -14.952056 9.485531 -6.365332 1.039982 -0.458542 8.952693 7.566189 -10.508563 -0.152257 0.653527 1.482205 -0.841767 16.353098 -8.721916 -0.000000 -0.000000 0.000000 7.963722 17.736564 -61.491052 36.286244 17.525996 -92.589396 19.652186 24.978007 -13.379425 -0.000006 0.000001 -0.000003 15.801380 -2.029607 35.160516 44.677422 8.534989 69.804007 32.145783 -8.250325 8.709268 -0.000002 -0.000001 -0.000004 21.212307 -5.839258 -33.319445 -29.420637 -14.944131 62.224471 -15.268765 1.820093 9.731382 0.000004 -0.000001 0.000001 29.366538 -8.415192 -10.305245 -24.786236 -5.723602 -19.686857 -5.217298 34.245059 -1.247298 0.000001 -0.000001 0.000003 
0.668094 105.057793 -0.616694 -3.454639 -14.524995 9.588924 -6.822957 1.235823 -0.547107 8.948595 7.538419 -10.491603 -0.393608 1.357761 1.597578 -1.942553 15.525737 -7.878195 -0.000002 -0.000000 0.000001 7.815112 16.837637 -61.456437 35.706453 17.421215 -90.948347 16.292542 24.604870 -11.466045 -0.000003 -0.000002 -0.000004 15.639764 -1.689505 35.032307 44.249924 9.303483 69.351938 33.686066 -7.168325 7.525182 -0.000003 0.000003 -0.000002 19.989353 -5.396778 -32.762249 -28.315120 -14.190280 61.557312 -16.510932 2.146698 10.736341 0.000005 0.000000 -0.000004 27.109455 -7.703683 -9.978633 -22.338108 -5.418411 -20.326160 -6.222380 33.902242 -0.686710 0.000002 -0.000002 0.000001 
0.636850 105.047272 -0.571295 -4.502403 -14.512038 9.944173 -4.173156 0.836140 -1.405439 7.525494 8.115942 -10.531402 -0.908116 1.922966 1.956499 -0.644168 14.813528 -7.314322 -0.000001 0.000000 -0.000001 7.701562 16.786626 -60.640953 34.842277 17.871612 -88.586768 14.326412 23.705795 -10.159008 -0.000005 0.000000 -0.000001 15.205488 -2.332840 34.287816 43.476073 11.333413 67.739152 36.510715 -5.266431 7.758449 -0.000000 -0.000002 -0.000003 19.863840 -5.573591 -33.100439 -26.773670 -14.039260 61.060095 -16.352808 2.797297 11.590162 0.000003 -0.000001 0.000000 25.678748 -7.713205 -10.852917 -18.980276 -4.892030 -19.704391 -5.481307 33.274090 -0.885486 0.000000 0.000000 0.000005 
0.604487 105.033791 -0.524547 -4.866234 -14.642930 9.912915 -2.523852 0.500519 -1.686356 5.786401 8.630240 -10.366663 0.405813 2.737199 2.094933 -1.112449 14.255290 -6.799651 0.000000 -0.000000 -0.000000 7.576968 14.645910 -59.525816 33.972125 19.006263 -87.208934 12.834309 22.355930 -8.686003 -0.000001 0.000004 -0.000000 14.900507 -1.789703 33.017237 42.738375 13.229678 66.167649 38.745300 -3.254959 6.618473 -0.000003 -0.000000 -0.000001 18.684604 -5.500087 -32.896568 -24.611583 -13.416353 60.654006 -16.154133 3.498886 12.603822 0.000003 -0.000001 0.000000 23.613993 -7.230638 -11.128936 -15.251701 -4.409892 -19.523737 -4.834874 32.830626 -0.935594 0.000000 -0.000000 -0.000002 
0.550778 105.047401 -0.497739 -4.755944 -14.673131 10.032885 -2.279988 0.376211 -1.280992 7.460494 8.878450 -11.499513 -0.733904 1.944423 2.285389 -2.193510 14.377654 -6.755522 -0.000001 -0.000001 -0.000001 6.548498 16.061144 -58.065692 31.714423 19.133037 -83.016298 12.088419 20.480575 -9.302083 -0.000002 0.000000 -0.000002 14.780272 1.532362 30.595890 41.007172 16.222739 62.757848 41.452135 0.080791 5.388247 -0.000003 -0.000000 0.000003 16.868018 -5.433142 -32.604557 -22.910483 -13.816361 59.812547 -14.348120 4.917551 13.086777 0.000001 -0.000001 -0.000002 20.658440 -6.530165 -11.793821 -10.576369 -2.939208 -18.482748 -3.540405 30.777341 -0.602282 0.000001 -0.000000 -0.000001 
0.441475 105.082047 -0.465640 -6.305580 -14.491578 10.088158 -0.719222 0.018987 -1.621397 7.611927 9.514770 -12.383231 -1.874324 1.435855 3.005881 -1.521885 14.266681 -6.554045 0.000000 -0.000001 0.000000 6.669715 14.827077 -55.965067 29.682752 18.442528 -77.090972 8.610730 19.983771 -9.193999 -0.000007 -0.000003 -0.000005 15.238504 5.176531 27.596013 39.503984 19.457814 56.907132 42.400896 2.978940 1.177617 -0.000003 0.000002 -0.000000 17.720670 -5.660048 -32.681977 -21.622391 -14.789940 59.115936 -14.869404 6.300613 14.485901 -0.000000 -0.000001 -0.000000 18.889983 -6.198786 -12.360846 -6.145441 -1.450676 -17.314634 -1.598692 26.384954 -0.789929 0.000000 -0.000001 0.000003 
0.299173 105.136833 -0.424800 -5.957306 -15.999190 10.028451 -2.226595 0.393108 -1.468601 9.290550 9.932203 -13.883003 -3.046845 3.346505 4.370058 -0.229127 13.298223 -6.055923 0.000000 -0.000001 -0.000001 6.966423 12.055900 -54.309283 27.658677 17.708929 -71.649135 5.616962 19.843612 -9.388138 -0.000009 0.000005 0.000001 15.003889 6.066196 25.309683 38.086863 21.892090 51.882868 44.336066 5.426368 -1.203877 -0.000004 0.000003 -0.000002 16.589882 -5.259377 -32.335512 -20.925169 -15.030497 58.323552 -13.585131 7.817865 15.710011 0.000006 -0.000001 0.000000 16.942489 -5.565769 -11.814148 -3.183573 -0.754116 -18.160503 -0.650987 24.086884 -0.928662 0.000000 0.000001 -0.000001 
0.123031 105.258232 -0.383929 -6.018706 -16.042987 9.412737 -2.068393 0.218655 -0.772528 7.403899 10.780873 -14.072895 -1.237292 3.513913 4.886990 -0.369795 13.276336 -6.493942 0.000000 -0.000001 -0.000001 6.311806 11.644355 -51.421130 24.693012 18.379976 -65.804761 4.551710 18.534313 -9.456482 -0.000006 0.000004 -0.000002 15.067348 8.920698 21.359381 36.388898 23.172487 45.247152 41.242011 7.151144 -7.053874 -0.000005 -0.000004 -0.000003 16.345445 -4.933280 -31.135622 -21.041045 -15.304601 57.952331 -13.348752 8.022275 15.434465 0.000006 0.000001 -0.000002 18.501183 -5.818733 -11.329443 -5.725970 -0.548011 -17.122466 -0.791362 22.900895 -0.571978 -0.000001 -0.000001 -0.000001 
-0.106228 105.416077 -0.346072 -6.880081 -16.059993 9.579958 -1.303070 0.135180 -0.882836 6.935894 10.875798 -14.213239 -1.319600 3.498052 4.861022 0.049942 13.644841 -7.040367 0.000000 -0.000001 -0.000001 5.136189 10.265042 -47.497962 19.735002 19.460232 -59.291267 4.925335 16.765439 -12.761104 -0.000005 0.000005 0.000000 14.324011 11.289545 16.771842 33.264602 23.931830 40.058728 42.620896 11.394666 -12.311733 -0.000009 -0.000001 -0.000000 17.266073 -4.890479 -31.076213 -21.205036 -15.636922 58.393405 -13.730522 7.437923 14.448596 0.000002 0.000001 -0.000001 21.312664 -6.783443 -11.108342 -9.342807 -0.745935 -17.023111 -1.692849 22.514781 0.118922 -0.000002 0.000002 -0.000000 
-0.347545 105.555939 -0.297303 -5.974475 -16.975795 9.966670 -1.514388 0.476098 -1.488992 7.488771 10.862646 -14.812273 -1.716691 4.051463 5.629059 0.120556 13.590166 -7.580787 0.000000 0.000000 -0.000001 3.897039 9.296662 -44.558050 14.809549 19.896321 -53.618467 5.832591 15.102535 -15.439451 -0.000001 -0.000003 0.000002 13.249194 12.552009 12.877560 29.935490 24.560286 35.353851 40.067020 13.424177 -13.817558 -0.000004 -0.000001 -0.000004 16.434661 -4.532102 -31.123796 -20.753521 -15.655868 58.479007 -13.658413 6.609523 13.069149 0.000006 -0.000002 0.000003 21.247865 -6.986372 -10.609885 -9.778555 -0.783819 -18.227728 -1.047535 24.185830 -0.154586 -0.000001 -0.000001 0.000003 
-0.629892 105.720230 -0.255956 -4.057490 -17.518032 10.781894 0.316335 0.373632 -2.989844 7.199641 11.310996 -15.233801 -1.738902 3.882948 5.950579 -0.645675 13.599783 -7.555209 -0.000003 -0.000000 -0.000000 3.447139 8.783460 -40.860825 10.812540 20.418092 -45.902375 4.888215 15.429585 -16.517131 -0.000004 -0.000002 -0.000000 12.821822 12.928515 7.081484 27.238837 22.598915 26.445529 35.415699 14.298381 -18.958365 -0.000000 0.000006 -0.000000 13.804348 -3.998357 -30.574929 -20.399992 -15.721017 58.239261 -13.624206 5.622591 11.355075 0.000003 0.000001 -0.000001 20.883869 -6.888042 -10.447926 -11.171217 -0.743296 -18.669892 -1.655683 24.412718 0.176928 0.000000 0.000001 0.000001 
-0.952921 105.902634 -0.210679 -5.049178 -16.441160 11.882163 0.961871 0.223294 -3.183935 4.719204 12.061600 -14.907883 -0.567096 2.560907 5.176829 -0.329219 14.524669 -8.454003 -0.000001 -0.000000 -0.000001 3.470504 7.430111 -36.910267 8.517263 19.322588 -39.117047 2.727519 16.129835 -17.071488 -0.000008 0.000000 -0.000000 12.501842 13.345789 1.148993 25.240594 21.083537 19.514846 29.765343 13.836261 -18.730192 -0.000007 -0.000002 -0.000003 14.805029 -4.053824 -30.764384 -21.406011 -15.939969 58.244343 -14.903632 4.418150 9.877724 -0.000000 -0.000001 0.000001 24.770376 -8.369214 -11.351601 -16.498790 -1.436400 -17.336890 -2.306161 22.721941 0.390153 -0.000001 0.000001 -0.000002 
-1.276024 106.066132 -0.192799 -3.376484 -15.953343 12.545917 -1.748484 0.898081 -2.509780 5.248114 11.983849 -15.130915 -0.795006 1.859465 4.846150 2.463391 15.463784 -9.362325 -0.000001 0.000000 -0.000002 2.741140 6.143412 -34.102735 6.524988 17.266568 -34.238079 1.186457 15.596296 -18.526111 -0.000004 0.000001 -0.000002 11.563429 13.716004 -1.805713 22.155342 19.402443 14.723547 27.612541 15.151617 -19.209840 -0.000003 0.000002 -0.000006 13.348695 -3.799499 -30.133268 -21.959039 -16.145012 57.886249 -15.074253 3.559307 8.396112 0.000005 0.000001 -0.000001 24.913941 -8.325196 -11.229696 -19.514730 -1.385799 -16.808390 -1.801770 20.945695 0.633612 0.000001 -0.000002 0.000001 
-1.612759 106.233231 -0.166539 -2.391678 -16.155452 13.478003 -1.469555 1.168936 -3.188483 3.966859 12.067927 -14.722941 -0.535237 1.344194 4.735882 2.637005 16.313615 -10.561105 -0.000002 0.000000 -0.000001 1.036126 5.599027 -30.540334 4.709612 14.355143 -30.505346 -0.493399 13.574133 -19.509783 -0.000001 -0.000002 -0.000002 9.904322 14.033101 -5.356908 17.938013 17.141879 11.352364 22.473995 17.159805 -20.874482 -0.000002 0.000006 0.000003 12.608537 -3.715472 -29.430619 -21.917782 -15.849691 56.960851 -15.933677 2.449526 6.640724 0.000006 -0.000001 0.000001 25.960634 -8.573281 -11.209083 -22.946338 -1.313418 -16.926640 -1.948863 20.060353 1.026568 0.000000 -0.000001 0.000001 
-1.950073 106.381363 -0.174067 -1.839859 -15.811186 14.457692 -2.478977 1.761780 -3.366828 2.687040 11.710024 -13.957709 0.828670 1.145251 4.100500 0.610696 16.393863 -11.769266 0.000001 0.000000 -0.000001 -1.712017 5.062656 -27.432382 2.284403 10.776776 -27.342519 -2.402978 10.770563 -20.989094 -0.000003 -0.000001 0.000000 7.243846 13.810623 -7.913876 12.920160 15.643000 9.107803 18.540467 18.281109 -18.602498 -0.000002 0.000000 -0.000002 12.392981 -3.587708 -28.982422 -22.317559 -14.973885 56.683286 -15.353219 2.190864 5.888082 0.000008 -0.000006 0.000004 26.998380 -9.061928 -11.340552 -25.766921 -1.680774 -17.070979 -0.983384 20.966857 0.740362 -0.000001 0.000001 -0.000001 
-2.270246 106.521980 -0.188236 -0.562814 -14.986273 15.030260 -4.385026 2.260515 -2.969280 2.349521 11.538046 -13.712050 1.672195 0.736816 3.802699 -0.308102 16.684434 -12.495686 -0.000002 -0.000001 0.000000 -3.143871 5.592830 -25.430142 2.456197 7.289291 -24.518491 -3.611431 9.673086 -21.472870 -0.000008 0.000002 0.000000 5.066546 12.205918 -9.574306 10.383879 15.169101 6.503845 14.001611 17.570317 -16.062329 -0.000005 0.000001 -0.000003 11.669045 -3.416507 -28.351856 -22.252823 -14.542186 56.271791 -14.512371 3.622872 7.763791 -0.000000 0.000001 -0.000001 26.898265 -9.145385 -11.574917 -27.702146 -2.044957 -16.533316 -0.627658 21.034319 0.470323 -0.000001 -0.000000 0.000003 
-2.585370 106.645058 -0.211801 -0.135439 -13.499409 15.065208 -5.621237 2.398679 -2.111530 2.557724 11.097890 -13.473078 1.973404 -0.337401 3.397755 -0.652182 17.605064 -13.004287 -0.000002 0.000000 -0.000000 -3.811213 5.693156 -22.701022 1.801734 5.044780 -21.969083 -5.872442 8.652520 -21.497752 -0.000005 -0.000001 0.000004 3.626128 11.672385 -11.058279 7.063745 13.286019 4.074422 9.281005 16.147315 -12.414163 -0.000000 0.000001 0.000002 10.116992 -2.970003 -27.175859 -18.286544 -13.603800 54.972282 -11.554653 5.515628 9.251384 0.000003 -0.000002 0.000003 25.625656 -8.794516 -11.344145 -26.280220 -1.672945 -15.898623 -0.457113 21.525056 0.395934 -0.000001 0.000001 -0.000001 
-2.890665 106.744949 -0.219963 -1.524376 -13.117104 14.731779 -4.974576 2.132268 -1.699267 3.908433 10.267825 -13.359365 0.418583 -0.500083 3.217188 0.619227 17.643574 -13.498571 0.000001 -0.000001 -0.000001 -4.353842 6.038573 -20.071542 1.976711 2.785076 -19.503393 -5.310234 8.566188 -21.357158 -0.000006 0.000002 -0.000001 2.204616 10.241961 -12.276000 4.428378 11.661436 1.574729 5.233187 13.098513 -9.376593 -0.000003 0.000003 -0.000002 9.920256 -2.390839 -26.039405 -12.683009 -11.988288 52.613849 -8.237840 7.405856 10.536129 0.000009 -0.000000 0.000001 25.902895 -8.959373 -10.745587 -24.120072 -1.439972 -16.184097 -1.193789 22.308433 0.351480 0.000000 -0.000001 -0.000001 
-3.180759 106.831520 -0.240891 -2.247374 -13.289139 14.394613 -4.154252 1.950108 -1.687794 2.661041 10.212074 -12.794406 0.854001 -0.569837 3.180744 1.474471 17.697473 -13.543366 -0.000001 -0.000001 0.000000 -5.157346 6.516382 -18.147843 1.933318 1.267428 -17.730572 -6.385522 8.675367 -21.259491 -0.000005 -0.000001 0.000003 1.186796 9.399666 -12.802708 2.278171 10.368440 0.113150 1.727599 10.885833 -7.842471 -0.000006 0.000002 -0.000000 10.040327 -2.047266 -25.265310 -8.783811 -10.775122 49.971276 -6.655184 8.453072 11.227536 0.000002 -0.000001 0.000004 26.481193 -9.066887 -10.215734 -23.521715 -1.225176 -16.421467 -1.381754 22.997448 0.441070 -0.000001 -0.000001 0.000004 
-3.465470 106.944298 -0.320111 0.542064 -11.574077 13.930678 -6.299702 2.240415 -0.519562 3.202449 9.038114 -11.908078 0.790863 -0.739699 1.979445 0.373467 16.561875 -13.438057 0.000000 0.000001 -0.000001 -6.343974 6.441842 -16.625104 0.880745 0.164796 -15.125206 -7.741493 8.587938 -21.276261 -0.000004 0.000001 0.000002 -1.509569 6.414489 -13.152502 0.288339 9.916196 -0.746578 -1.665621 8.983731 -6.562893 -0.000003 0.000003 -0.000005 7.496676 -1.635475 -23.976652 -3.552066 -9.600812 48.466660 -7.979814 6.891403 9.287830 0.000002 -0.000003 0.000002 24.401337 -8.275083 -9.619219 -22.053212 -0.843515 -17.297107 -1.410663 25.434328 0.444981 -0.000001 -0.000001 0.000003 
-3.727502 107.061867 -0.366073 -0.759111 -10.874017 13.492152 -5.543070 1.974284 -0.313453 4.138575 8.301463 -11.386967 -0.556916 -1.734114 1.454073 1.397560 16.480630 -12.930366 0.000001 0.000002 0.000000 -6.757034 7.490392 -15.230350 0.861804 -0.147877 -12.153390 -6.400114 9.426220 -20.882591 -0.000003 -0.000000 0.000001 -1.150790 6.634203 -12.643387 -2.044262 6.301204 -2.398845 -0.584468 7.792068 -5.112905 -0.000003 -0.000004 -0.000000 7.891598 -1.721800 -23.565587 2.794032 -8.139756 43.086080 -7.173509 3.807016 4.854204 0.000003 -0.000001 0.000000 24.262835 -8.053929 -9.579186 -19.556937 -0.519117 -16.406130 -2.266481 23.539615 1.068461 -0.000001 -0.000004 0.000000 
-3.976841 107.157593 -0.439790 0.833855 -9.943846 13.171394 -5.912574 1.925331 0.122236 1.486824 8.613924 -10.625316 1.521764 -1.833646 1.210976 0.210253 15.991090 -12.234385 -0.000000 -0.000001 -0.000001 -6.450422 6.044695 -14.692620 0.371011 -1.054567 -10.949172 -6.621652 8.599119 -20.999765 -0.000004 0.000003 -0.000005 -1.754476 6.349462 -12.333242 -3.180331 5.591432 -2.127322 0.668440 7.772150 -3.526801 -0.000006 0.000003 0.000002 6.445923 -1.476937 -23.166014 8.717574 -7.831678 41.647014 -6.534049 3.422063 3.970432 0.000005 0.000002 0.000004 23.172680 -7.599612 -9.020210 -18.333372 0.098265 -17.645425 -3.373541 25.430355 1.719889 0.000003 -0.000001 0.000003 
-4.202856 107.251503 -0.497676 -0.088634 -9.788083 12.671288 -5.334234 1.692314 0.386825 3.844944 7.585503 -10.385936 -0.703571 -1.885239 0.812669 0.672148 15.610259 -11.288745 0.000000 0.000000 -0.000001 -6.657037 6.600183 -13.855253 -0.031770 -1.072119 -8.617948 -6.778624 9.131016 -21.011952 -0.000003 -0.000001 -0.000001 -2.977091 3.989111 -11.694431 -4.170397 4.439961 -3.437065 1.958656 7.696877 -2.702850 -0.000002 0.000001 -0.000004 7.824379 -1.902169 -23.378175 15.100292 -7.366521 37.536654 -7.137936 0.084659 -0.380080 0.000002 0.000008 -0.000002 23.321391 -7.307152 -8.791813 -16.679187 0.527659 -17.491250 -4.730718 24.495702 2.623663 0.000001 0.000001 0.000001 
-4.407907 107.279015 -0.543023 -0.950719 -8.455263 12.092467 -4.321048 1.254206 0.719454 3.969513 6.834638 -9.423147 -0.878812 -2.265659 0.016311 0.624604 15.146573 -10.467570 -0.000002 0.000000 -0.000001 -5.990910 6.505000 -12.956461 0.221309 -0.673074 -6.708462 -6.742726 9.680288 -20.577319 -0.000007 0.000000 -0.000000 -3.126361 2.579578 -11.163604 -3.952420 2.983207 -4.197766 1.179387 6.603006 -1.785086 -0.000003 -0.000000 -0.000000 9.080752 -2.236131 -23.603375 14.421963 -7.481034 33.415273 -4.709755 0.023376 -0.931715 0.000003 -0.000001 -0.000001 23.518425 -6.852437 -8.282374 -17.240028 0.611208 -16.845142 -2.979560 24.818198 1.951020 0.000003 0.000001 0.000001 
-4.601151 107.269997 -0.590139 -1.534558 -7.210723 11.609324 -4.185071 1.097290 1.255572 3.470616 6.398079 -8.725101 -0.544142 -2.832905 -0.646139 0.861412 14.592725 -10.149660 -0.000003 -0.000001 -0.000001 -5.968340 5.979091 -12.461819 0.210129 -1.249694 -6.300184 -5.143271 8.990791 -20.621477 -0.000004 -0.000000 -0.000001 -3.629253 1.961163 -10.767128 -4.160373 2.674130 -3.497998 2.008211 6.652270 -1.228685 -0.000003 0.000001 0.000003 10.085714 -2.319156 -23.585835 11.855379 -7.587403 31.240872 -2.208020 1.196307 0.032489 0.000002 0.000001 -0.000001 23.387322 -6.629261 -7.792673 -17.313348 0.705869 -16.142573 -1.609309 25.292033 1.467187 0.000001 -0.000003 0.000001 
-4.794845 107.239571 -0.637267 -1.135447 -6.377649 11.020326 -5.019649 1.194724 1.698783 4.268349 5.710327 -8.356589 -1.127306 -3.227600 -0.973943 0.423459 13.810857 -9.741710 0.000000 -0.000001 -0.000001 -6.267069 5.894430 -11.552279 -0.183967 -1.810984 -5.951851 -5.005451 8.176962 -20.597499 -0.000008 0.000000 0.000002 -3.950570 1.769641 -10.113629 -4.539415 2.305970 -2.702287 3.617112 7.147291 -0.161934 -0.000003 -0.000000 0.000000 9.932008 -2.210076 -23.243188 9.932111 -7.462205 30.026960 -0.953663 1.094127 -0.336375 0.000007 0.000001 -0.000001 22.965941 -6.381092 -7.245082 -17.016431 0.540674 -15.598989 -1.312581 25.388532 1.126490 0.000001 -0.000001 -0.000001 
-4.989375 107.180862 -0.697956 0.102390 -5.765509 10.353796 -5.115340 1.139543 2.019297 0.969347 6.122281 -7.684743 1.697468 -3.774812 -1.230764 -0.759613 12.845991 -9.969577 -0.000003 0.000001 -0.000001 -5.928242 4.049381 -11.100380 -0.822244 -2.027988 -6.091668 -5.268788 7.409357 -20.043124 -0.000006 0.000001 -0.000004 -3.559231 3.071179 -9.107216 -4.773278 2.011179 -1.046961 3.542204 6.503485 1.174029 -0.000004 -0.000002 -0.000002 9.082313 -2.006509 -22.330883 10.780218 -7.056683 31.143556 -0.097552 1.519613 0.034096 0.000006 0.000000 -0.000002 21.836794 -5.802679 -6.502031 -16.522166 0.189875 -16.785463 -3.456123 26.576230 1.662484 0.000002 0.000000 0.000003 
-5.170199 107.091965 -0.738441 -1.650679 -5.758588 9.825295 -4.324526 0.907824 1.983951 2.414479 5.468877 -7.458625 0.293460 -2.485826 -1.175995 -0.056791 12.141845 -8.847708 -0.000000 -0.000002 0.000000 -4.469082 2.549596 -10.604803 -1.135271 -1.571773 -5.674291 -4.676410 7.044016 -19.857204 -0.000004 0.000003 -0.000003 -3.927170 1.849605 -8.954948 -3.552942 2.529200 -0.132819 3.331172 5.927301 2.301689 -0.000003 -0.000000 -0.000000 10.795025 -2.083472 -22.276237 6.117839 -6.924934 28.485599 1.297308 0.663761 -1.240461 0.000004 0.000002 -0.000000 22.828951 -5.896901 -6.104575 -17.192582 0.109961 -15.348933 -1.098591 26.450206 0.763089 -0.000000 0.000001 -0.000001 
-5.359078 106.985657 -0.788096 -1.255736 -5.166001 9.213148 -5.491637 1.006786 2.431383 3.456208 5.099424 -7.400166 -0.639807 -2.844025 -1.353884 0.587495 11.619455 -8.114926 -0.000001 -0.000001 0.000000 -3.611668 2.037239 -10.214387 -0.584157 -1.791100 -4.959909 -5.032941 7.007529 -18.843623 -0.000007 0.000003 -0.000003 -3.727096 1.241621 -8.207486 -2.321657 3.170312 0.576549 2.139154 4.471541 2.970152 -0.000004 0.000003 -0.000001 10.315064 -1.853788 -21.459326 3.685430 -6.838093 26.906989 1.269687 -0.228734 -2.363871 0.000003 0.000000 0.000002 21.921796 -5.644123 -5.905594 -17.121083 0.044039 -13.512001 0.556317 24.928833 0.164789 -0.000000 -0.000001 -0.000001 
-5.552528 106.833405 -0.832879 -1.265429 -4.738272 8.354278 -4.633993 0.731938 2.557993 2.401423 4.862853 -6.802305 0.073362 -3.025563 -1.672556 0.213710 10.654323 -7.581881 0.000001 0.000000 -0.000002 -3.233471 1.698107 -9.404697 0.025937 -2.454702 -4.595435 -5.667355 6.043094 -17.499817 -0.000004 -0.000002 0.000000 -2.961848 2.032327 -7.390397 -2.416210 2.316103 0.990288 0.821955 3.366896 3.620817 -0.000000 0.000002 -0.000000 9.016055 -1.524383 -19.955292 4.330985 -6.762252 25.343615 -0.016711 -0.454066 -2.444020 0.000004 -0.000002 -0.000000 20.820674 -5.244654 -5.322517 -15.732955 -0.026938 -12.230296 0.353743 23.459031 0.137383 0.000000 0.000002 0.000005 
-5.738629 106.657814 -0.866251 -2.762030 -5.764223 7.778638 -2.652394 0.430631 2.008049 1.274184 4.995225 -6.617906 0.774379 -3.504485 -1.288838 -0.925923 10.425499 -7.798030 -0.000001 -0.000001 -0.000000 -4.700845 3.437362 -8.764742 0.889091 -3.684228 -4.400442 -4.955707 4.485356 -16.443725 -0.000005 0.000003 -0.000003 -1.962628 3.860722 -6.523149 -3.187067 1.159565 0.858796 -0.243489 3.196550 3.720972 -0.000003 -0.000001 -0.000003 10.141506 -1.450489 -18.773144 3.866251 -6.281955 23.161834 0.101474 -0.040685 -1.826380 -0.000002 -0.000000 0.000001 20.810632 -4.975560 -4.732036 -13.584241 0.039723 -12.230573 0.023433 22.852370 0.100769 -0.000002 0.000001 0.000005 
-5.925803 106.420403 -0.898340 -3.063359 -5.392762 6.658083 -2.895885 0.382802 2.303188 1.949806 4.128238 -5.798237 -0.014212 -3.182044 -1.658190 0.252506 9.040023 -7.458169 -0.000000 -0.000001 -0.000003 -4.176294 3.123834 -7.646208 1.329493 -3.397176 -4.334491 -4.747211 3.388395 -13.581963 -0.000007 0.000003 -0.000000 -1.794922 3.267107 -5.617863 -2.713377 1.190344 0.498094 -2.944511 1.672674 3.197549 -0.000005 -0.000001 -0.000004 9.717480 -1.297790 -17.067688 4.135405 -5.652201 21.872052 -0.691722 -0.440936 -1.839332 -0.000000 0.000000 -0.000002 18.746318 -4.134052 -3.937929 -11.656811 -0.328009 -11.046036 0.076258 20.975046 -0.153522 -0.000000 -0.000000 0.000001 
-6.120338 106.142601 -0.944411 -2.216823 -5.090143 5.423137 -3.159678 0.438094 2.400718 -0.164044 3.648726 -4.643028 2.251247 -3.203594 -1.911084 0.498013 7.943713 -7.088531 0.000000 -0.000001 -0.000000 -4.869114 2.706047 -6.454826 0.304330 -3.790971 -4.588961 -4.416636 0.247013 -10.924288 -0.000007 0.000002 -0.000001 -2.687711 2.814463 -4.691536 -3.824141 1.733339 0.575243 -3.051276 2.085159 4.000870 -0.000001 0.000000 -0.000002 7.860949 -1.002017 -14.910774 5.026007 -5.129902 20.121199 -1.598148 -0.165526 -1.269267 0.000005 -0.000003 -0.000001 15.524991 -3.156667 -2.738931 -9.963575 -0.375262 -10.308869 -0.329479 20.504303 0.075792 -0.000000 -0.000000 0.000001 
-6.309300 105.860962 -1.002288 -2.143564 -4.603478 4.484942 -2.316444 0.240820 2.414828 -0.907906 3.201845 -3.947559 2.648858 -3.187465 -1.987230 0.379215 7.062014 -6.517466 -0.000000 0.000001 -0.000001 -4.795413 2.079747 -5.624937 -0.302217 -3.657641 -4.286211 -3.062423 -1.297568 -8.840544 -0.000005 0.000000 -0.000003 -2.729508 2.834032 -3.780985 -4.724363 1.384177 0.010212 -1.327318 2.596464 4.542309 0.000001 0.000002 -0.000000 6.977427 -0.870310 -13.346179 5.567448 -5.008999 18.942546 -2.707010 0.417038 -0.332262 0.000003 0.000001 -0.000003 12.081891 -2.351006 -2.156591 -7.076377 0.095946 -9.067593 -0.870353 18.399336 0.491458 0.000001 -0.000002 0.000003 
-6.487025 105.465881 -1.055713 -3.020979 -3.887345 3.691179 -2.334866 0.102385 2.229069 0.345498 2.598630 -3.289335 1.499488 -3.141701 -1.980172 0.791400 6.343997 -4.995048 -0.000001 -0.000000 -0.000000 -2.574031 1.919869 -3.991389 -0.592275 -0.546553 -2.381519 -3.806795 0.756769 -5.800041 -0.000007 0.000003 -0.000000 -0.704080 2.920811 -3.987329 -2.773548 -0.944234 -0.759801 -2.269852 -0.258454 2.889865 -0.000002 -0.000003 -0.000001 6.559553 -0.733176 -12.275920 1.732257 -3.852321 15.673875 0.279199 0.128069 -0.786138 0.000004 0.000006 -0.000002 13.960054 -2.260387 -1.120431 -9.607072 -0.967096 -8.820832 0.923998 13.391704 -0.230201 0.000002 -0.000002 0.000001 
-6.670296 105.033928 -1.123621 -3.048166 -2.912269 3.110839 -1.506340 -0.106735 1.963815 0.381234 2.306271 -2.838495 0.542379 -2.858240 -1.628869 2.218277 5.749195 -4.272652 -0.000002 0.000000 -0.000002 -2.223551 2.591434 -2.916968 1.016285 -0.929890 -1.219219 -4.895672 1.267635 -4.047244 -0.000008 0.000000 -0.000002 0.241831 3.109112 -3.480723 -1.840325 -1.638679 -0.898753 -1.059133 -0.645291 2.010964 -0.000003 -0.000000 -0.000000 5.370454 -0.563540 -10.635152 0.194210 -2.950777 12.776451 1.701557 -0.319188 -1.337771 0.000002 -0.000001 -0.000000 13.393920 -2.005455 -0.528043 -9.548017 -1.360558 -8.130866 1.068860 10.110812 -0.374047 0.000002 -0.000001 0.000004 
-6.842552 104.603897 -1.188776 -2.115438 -2.258704 2.669045 -1.234543 -0.189981 1.937314 -0.043872 2.061378 -2.407461 0.547220 -2.577175 -1.560834 1.565113 5.151938 -3.759653 -0.000002 0.000000 -0.000001 -2.132368 2.674937 -2.192400 1.533032 -1.404485 -0.499091 -3.651390 1.459547 -3.476251 -0.000003 0.000002 -0.000001 -0.106101 2.122649 -3.317645 -1.065792 -0.524377 -0.798130 0.325812 -0.565694 2.043379 -0.000002 0.000001 -0.000001 3.767295 -0.462162 -9.430919 -0.104876 -2.364764 11.076989 2.424110 -0.388895 -1.389996 0.000006 0.000003 -0.000005 11.925229 -1.714664 -0.145163 -9.206984 -1.592424 -7.615723 1.158383 8.336353 -0.359442 -0.000000 0.000001 -0.000000 
-7.015345 104.149345 -1.259577 -1.605697 -1.856503 2.250411 -0.913762 -0.201718 1.625104 -0.492894 1.804136 -1.981296 0.723738 -1.402028 -1.190550 0.034985 3.932673 -2.760859 -0.000001 0.000000 0.000001 -1.036602 1.493719 -1.876536 0.461910 -0.514421 0.455537 -4.649237 1.489939 -2.476692 -0.000007 0.000001 -0.000000 -0.720343 0.336347 -2.986919 -0.076887 0.673092 -0.727253 0.361005 -1.159049 1.686140 -0.000003 0.000003 -0.000001 2.963414 -0.306408 -7.935171 -0.115453 -1.974312 9.172831 2.889703 -0.338496 -1.397237 -0.000002 0.000001 -0.000002 11.266505 -1.529158 0.241576 -9.214836 -1.721694 -6.938786 1.580288 7.103832 -0.579218 0.000002 -0.000001 0.000001 
-7.189300 103.694740 -1.332899 -1.394591 -1.610667 1.678089 -0.493542 -0.290864 1.495082 -0.608703 1.520438 -1.593419 0.831962 -0.894055 -0.957793 -0.095401 2.977767 -2.166943 -0.000001 -0.000001 -0.000001 -0.480192 0.815295 -1.590228 0.335639 -0.400844 0.656929 -4.113277 1.352870 -1.750890 -0.000002 0.000001 -0.000000 -0.523528 0.235220 -2.340604 0.454406 1.248431 -0.406620 -0.677324 -1.417169 1.221521 -0.000003 -0.000001 0.000000 2.795185 -0.218792 -6.336404 -0.363351 -1.318912 7.256127 3.415727 -0.405182 -1.358457 0.000004 -0.000001 0.000000 9.508019 -1.250912 0.311283 -8.264789 -1.893495 -5.795057 2.316650 6.722662 -0.920410 0.000001 -0.000000 -0.000003 
-7.361544 103.254517 -1.414549 -0.697803 -0.835151 1.568632 0.076923 -0.405845 1.273403 -1.205133 1.496241 -1.361440 0.301774 -1.668004 -0.998634 0.823116 3.005777 -2.073998 -0.000002 -0.000000 0.000000 -1.143627 2.209191 -1.299214 1.665289 -1.207851 0.930868 -5.161889 1.353642 -1.427859 -0.000004 0.000002 -0.000001 0.581521 1.561257 -1.927366 -0.129680 -0.426099 -0.722771 -1.058655 -1.747931 0.797101 -0.000005 -0.000001 0.000000 1.585460 -0.131267 -5.304005 -0.266695 -1.042271 5.888320 2.251741 0.065003 -0.469285 0.000004 -0.000001 -0.000000 7.765933 -1.242600 -0.173004 -6.897817 -1.784642 -4.096897 1.286498 4.605317 -0.606227 -0.000001 0.000002 0.000001 
-7.531679 102.820679 -1.500048 0.212502 -0.618891 1.297851 -1.592732 0.078286 0.973984 0.658468 0.826905 -1.118729 -0.297687 -1.720980 -0.784132 -0.148645 2.508815 -1.817626 -0.000001 -0.000001 0.000000 -1.556387 2.748194 -0.988544 1.338636 -0.814771 1.229822 -3.736916 1.420814 -1.271007 -0.000004 0.000000 -0.000003 1.172764 2.428925 -1.563066 -0.706512 -1.868611 -1.020395 -0.592080 -1.577245 0.695398 -0.000004 0.000004 0.000001 0.707000 -0.188965 -4.179657 -0.677801 -0.593822 4.539238 2.420507 0.124304 -0.278041 0.000007 0.000002 -0.000004 6.145755 -0.976039 -0.202615 -5.825189 -1.724872 -3.244308 -0.154835 3.829904 -0.376711 0.000001 -0.000001 -0.000003 
-7.697241 102.394951 -1.592090 0.187037 -0.543749 1.046318 -1.316261 0.110627 0.586425 0.451922 0.664383 -0.811855 -0.271635 -1.836908 -0.645835 0.156266 2.054355 -1.360075 -0.000002 0.000000 -0.000001 -1.711907 2.913717 -0.655280 1.582917 -1.057937 1.010771 -3.125773 1.114865 -1.118020 -0.000005 -0.000000 -0.000001 1.697043 3.196662 -1.004828 -0.989049 -2.389533 -0.836159 -0.606549 -1.236782 0.534284 -0.000003 0.000004 0.000000 0.707791 -0.123425 -3.230152 -0.930490 -0.313433 3.528142 2.571868 0.336728 0.002763 0.000004 0.000001 -0.000001 5.569946 -0.875385 -0.082369 -5.322381 -1.614319 -2.655080 0.509470 3.265207 -0.375514 -0.000001 0.000001 0.000001 
-7.850150 101.994057 -1.681591 0.149394 -0.672790 0.855852 -1.357862 0.173546 0.310806 1.105829 0.403400 -0.636677 -0.653899 -1.642918 -0.420348 -0.093155 1.908293 -1.038864 -0.000003 -0.000001 0.000000 -1.798975 3.260046 -0.287266 1.931176 -0.924771 0.713590 -3.723490 0.990362 -0.604432 -0.000001 0.000001 0.000000 1.545040 2.500543 -1.031551 -0.503164 -2.115863 -0.761094 -1.140251 -1.408158 0.164722 -0.000005 0.000003 -0.000001 0.511973 -0.122539 -2.461371 -1.246602 -0.119708 2.397767 2.855880 0.295262 -0.173973 -0.000000 -0.000003 0.000002 4.198358 -0.604707 -0.042235 -4.386499 -1.234022 -2.080636 0.523169 2.421006 -0.287948 0.000000 -0.000000 -0.000002 
-7.994181 101.618538 -1.763924 0.236770 -0.778790 0.644349 -0.502004 0.025489 0.183062 0.056056 0.476306 -0.478128 0.034434 -1.269339 -0.296048 0.131424 1.567800 -0.908508 -0.000001 -0.000001 0.000000 -1.868586 3.035912 -0.424475 1.937336 -1.177627 0.645877 -2.110080 0.796809 -0.696510 -0.000007 0.000003 -0.000002 0.670647 1.022324 -0.824563 0.264207 -0.248946 -0.535070 -0.061652 -0.744032 0.304111 -0.000001 0.000004 0.000000 0.618239 -0.071471 -1.666892 -1.923565 0.230643 1.431309 2.683072 -0.177057 -0.678145 -0.000000 0.000003 0.000001 3.228036 -0.426436 0.037787 -3.448547 -0.895311 -1.652868 0.900767 1.832457 -0.280571 0.000002 -0.000001 -0.000001 
-8.128602 101.246384 -1.858618 0.027657 -0.674141 0.512841 -0.143396 -0.030471 0.126839 0.246108 0.442618 -0.494035 -0.336376 -0.683488 -0.104571 0.326678 0.963338 -0.495356 -0.000001 0.000001 -0.000001 -0.854086 1.532648 -0.535968 1.023204 -0.604172 0.304702 -1.670584 0.411979 -0.456036 -0.000005 0.000000 -0.000001 0.578423 0.928480 -0.456271 0.154658 -0.262812 -0.230425 -0.217013 -0.553029 0.298343 -0.000001 0.000003 -0.000001 0.689477 0.001992 -1.200405 -1.480597 0.258482 0.957996 1.576037 -0.182498 -0.411280 0.000003 0.000000 -0.000002 2.783104 -0.384580 0.060631 -2.569729 -0.761307 -1.261918 0.203527 1.388741 -0.218759 0.000002 -0.000001 0.000003 
-8.256790 100.902260 -1.957048 -0.015652 -0.522459 0.393904 0.105009 -0.085464 0.076038 -0.174413 0.458577 -0.400327 0.157956 -0.242008 -0.056838 -0.015424 0.438786 -0.166759 -0.000000 -0.000001 -0.000001 -0.448715 0.977315 -0.420211 0.092394 0.032552 0.505126 -1.548532 0.184986 -0.095754 -0.000007 0.000000 -0.000000 0.355151 0.498252 -0.226571 -0.101974 -0.684086 -0.331578 0.116206 -0.156766 0.129997 -0.000002 0.000003 -0.000001 0.689758 -0.020846 -0.915023 -1.419014 0.365317 0.756285 1.016352 -0.251700 -0.339433 0.000004 0.000003 -0.000003 2.209085 -0.274794 0.058157 -1.776636 -0.669740 -0.920073 -0.425909 0.776966 -0.116074 0.000001 -0.000000 -0.000002 
-8.375154 100.567986 -2.046341 0.243418 -0.118153 0.098997 0.064296 -0.070589 0.210962 0.014875 0.224161 -0.245534 -0.031074 -0.165191 -0.044361 -0.097820 0.186681 -0.200943 -0.000003 0.000001 -0.000001 -0.257864 0.432946 -0.212841 0.176641 -0.164321 0.187564 -0.468287 0.072275 -0.103597 -0.000001 0.000000 -0.000000 0.085013 0.209237 -0.222301 0.043160 -0.128260 -0.065551 0.675358 0.084958 0.169617 -0.000003 -0.000001 -0.000003 0.156464 -0.001712 -0.366213 -0.286967 0.076056 0.545730 -0.139518 -0.259439 -0.149766 0.000002 0.000002 0.000000 1.076875 -0.133906 0.142755 -0.997768 -0.442657 -0.499481 -0.433847 0.409048 -0.056635 -0.000000 0.000001 -0.000002 
-8.484869 100.240784 -2.148465 -0.056703 0.027595 -0.022999 -0.014939 0.016482 -0.049160 -0.003340 -0.052249 0.057214 0.007216 0.038501 0.010325 0.022897 -0.043459 0.046879 -0.000002 -0.000000 -0.000000 0.060327 -0.100756 0.049881 -0.041084 0.038376 -0.043638 0.109149 -0.016723 0.024228 -0.000006 0.000000 -0.000000 -0.019691 -0.048809 0.051760 -0.010083 0.029872 0.015293 -0.157423 -0.019504 -0.039674 -0.000005 0.000002 -0.000000 -0.036468 0.000252 0.085334 0.066772 -0.018123 -0.127116 0.032413 0.060521 0.034807 0.000003 -0.000001 0.000000 -0.250920 0.031591 -0.032906 0.231965 0.104406 0.115287 0.101164 -0.095266 0.013646 -0.000000 0.000001 -0.000002 
-8.580051 99.934731 -2.244128 0.139782 0.392762 -0.136810 -0.416070 0.087074 0.089200 -0.299322 -0.142201 0.209226 0.179320 -0.355857 -0.172037 0.203079 -0.073417 -0.037179 -0.000002 -0.000001 0.000000 -0.487944 0.624470 0.208617 0.037640 -0.150672 0.106869 -0.395920 -0.533127 0.372124 -0.000004 0.000001 -0.000002 0.077380 0.168885 0.038616 0.161630 0.164924 0.237117 0.085435 0.258423 0.055201 -0.000003 0.000000 -0.000001 -0.028627 -0.021952 0.381776 0.092544 -0.072354 -0.469689 -0.085627 0.025586 -0.025146 0.000003 0.000001 -0.000003 -0.090337 0.060838 0.030716 0.201128 0.196517 0.272996 0.099886 -0.643600 0.009367 0.000000 -0.000000 0.000001 
-8.671109 99.633987 -2.325002 0.053006 0.343061 -0.191456 -0.103993 0.061698 -0.069915 -0.139353 -0.019693 0.012393 -0.226723 0.165897 0.234192 -0.142140 -0.471044 0.237124 -0.000001 -0.000000 0.000000 -0.450039 0.568688 0.394879 -0.234671 -0.246381 0.430543 -0.941105 -0.686939 0.307506 -0.000003 0.000001 -0.000003 -0.252325 -0.491961 0.004352 0.288981 0.418138 0.511364 0.326829 0.470999 0.036364 -0.000005 0.000001 -0.000002 0.109961 0.029326 0.676819 0.296768 -0.140018 -0.816284 -0.435097 -0.109973 -0.176945 0.000001 0.000001 -0.000002 0.310221 0.060714 0.328749 0.366576 0.321485 0.044801 0.341225 -0.899508 -0.041805 -0.000002 0.000002 -0.000000 
-8.755306 99.350723 -2.401655 0.343195 0.559239 -0.420707 -0.553758 0.153963 -0.071799 0.487894 -0.284245 0.187362 -0.869864 0.160858 0.201366 0.265798 -0.483479 0.470961 0.000000 -0.000000 -0.000001 -0.082227 0.455534 0.668838 0.180396 -0.264073 0.678325 -0.956272 -0.162207 0.339066 -0.000005 0.000003 -0.000001 0.051896 -0.408505 0.139140 0.641667 0.448258 0.416687 0.558300 0.424073 -0.311236 -0.000000 -0.000001 -0.000003 -0.441884 -0.025603 1.180624 0.488026 -0.207713 -1.406483 0.404419 0.189616 -0.037380 0.000003 0.000000 -0.000003 0.146353 0.139213 0.531193 0.041157 0.371123 0.278170 0.806067 -0.969865 -0.070523 -0.000001 0.000003 -0.000002 
-8.836329 99.088081 -2.475039 0.267123 0.305441 -0.591627 -0.491862 0.142802 -0.154276 0.478300 -0.327537 0.249917 -0.693866 0.205969 0.303508 0.229142 -0.264463 0.412244 -0.000002 -0.000000 -0.000001 -0.430573 1.084943 0.947397 -0.435456 0.285738 1.032156 -0.721231 -0.124493 0.505833 -0.000003 0.000000 -0.000000 0.202254 -0.271866 0.189108 0.436108 0.085302 -0.007717 0.858466 0.554683 -0.335283 -0.000006 0.000001 -0.000001 -0.403880 -0.028949 1.653845 0.103422 -0.039353 -2.079181 0.207159 0.220504 -0.017360 -0.000000 -0.000001 -0.000001 -0.216651 0.266266 0.786887 0.134749 0.472905 0.259291 1.214197 -1.032305 -0.038322 -0.000001 0.000001 -0.000001 
-8.913100 98.830750 -2.552020 -0.099352 0.508941 -0.677503 -0.161214 0.067854 -0.204162 0.066672 -0.305781 0.353707 -0.397501 0.047265 0.269234 0.167195 -0.422603 0.608752 -0.000002 0.000001 -0.000000 -0.476973 1.068670 1.100998 -0.300703 -0.042441 0.853599 -0.249123 -0.380522 0.540806 -0.000003 -0.000001 0.000001 0.232955 -0.011950 0.286000 0.137436 -0.011282 0.253910 1.070698 1.112897 -0.472218 0.000002 0.000000 -0.000002 -0.171368 0.010729 1.985611 0.185430 0.054575 -2.697494 1.430062 0.275890 -0.151321 0.000004 -0.000001 0.000001 -0.113743 0.192504 0.733129 0.254918 0.468277 0.576966 1.408804 -1.290137 0.020278 -0.000001 0.000001 -0.000001 
-8.991208 98.577934 -2.636731 0.693854 0.503775 -0.785212 -0.372791 0.168478 -0.384376 -0.185317 -0.345237 0.484091 -0.441582 0.244138 0.321475 -0.285604 -0.551208 0.793538 -0.000001 -0.000000 -0.000001 -0.549426 1.265329 1.458688 -0.204531 -0.117559 0.930251 -1.891425 -0.529338 0.528376 -0.000003 0.000001 -0.000000 0.005027 -0.600233 0.230520 0.098522 -0.095256 0.094644 0.430730 0.921184 -0.589748 -0.000002 -0.000001 0.000000 -0.769976 -0.038605 2.447536 -0.272962 0.263214 -3.447541 2.418800 0.569817 -0.052113 0.000002 0.000001 -0.000001 -0.882127 0.341137 0.952619 0.206967 0.526850 0.523958 1.325587 -1.171482 -0.020500 -0.000002 0.000002 -0.000002 
-9.060338 98.343567 -2.710010 0.375496 0.723273 -0.911860 0.205800 0.009430 -0.353619 -0.065576 -0.380709 0.498349 -0.796539 0.309749 0.350832 -0.037556 -0.697844 0.886984 -0.000001 -0.000000 -0.000000 -0.267356 0.890089 1.580183 -0.438424 0.032672 0.966831 -0.852739 -0.429915 0.386786 -0.000001 -0.000001 -0.000002 -0.100576 -0.736729 0.214001 0.097466 -0.215167 0.201718 0.659596 1.171485 -0.651852 -0.000004 0.000001 -0.000002 -0.660381 -0.032825 2.691522 -0.054829 0.281755 -3.833197 2.437967 0.532277 0.014724 0.000004 0.000002 0.000001 -1.062009 0.349121 0.893521 0.523991 0.559596 0.989162 1.138632 -1.301660 -0.047488 -0.000000 0.000001 -0.000001 
-9.135839 98.113815 -2.787367 0.724265 0.519433 -1.091783 0.086560 0.094001 -0.554105 -0.627156 -0.447741 0.720705 -0.285101 0.670629 0.362957 -0.066181 -0.926989 0.970370 0.000001 -0.000001 0.000000 -0.176667 0.564994 1.743608 -0.521571 -0.112422 0.815197 -1.189234 -0.885167 0.176186 -0.000004 0.000002 0.000000 -0.486694 -1.314022 0.324329 0.190803 0.285962 0.378743 -0.768288 1.112890 -0.700659 -0.000003 0.000002 -0.000000 -0.864362 -0.124123 3.223597 -0.357990 0.503380 -4.378833 2.699781 0.455746 -0.094634 0.000003 0.000003 -0.000003 -1.571991 0.506507 1.183157 0.731623 0.645300 1.079174 1.526147 -2.089854 0.030833 0.000001 0.000002 -0.000002 
-9.214581 97.888168 -2.859261 1.277684 0.384637 -1.326090 -0.340628 0.199599 -0.537125 0.146862 -0.617593 0.712373 -0.813181 0.709556 0.496164 -0.642936 -0.989619 1.082667 -0.000001 -0.000001 0.000000 -0.384770 0.727948 1.858278 0.252505 -0.835584 0.556003 -0.942211 -0.889159 -0.145186 -0.000004 -0.000002 -0.000000 -0.552508 -1.235756 0.391846 0.241420 0.711790 0.473663 -1.008228 1.225230 -0.668282 -0.000005 -0.000003 -0.000000 -1.463486 -0.212148 3.728138 -0.278922 0.552652 -4.856853 2.481970 0.501540 -0.049601 0.000003 -0.000002 -0.000002 -2.910523 0.699556 1.305496 1.608757 0.947671 1.525632 1.585046 -2.774268 0.141126 0.000001 -0.000000 -0.000001 
-9.292322 97.677589 -2.932071 1.277947 0.600500 -1.343668 -0.041399 0.151910 -0.658008 -0.188422 -0.617662 0.772149 -0.694626 0.564977 0.452829 -0.627406 -1.142480 1.210519 -0.000001 -0.000000 0.000001 -0.542905 0.999864 1.859598 0.486714 -1.068975 0.883214 -0.501726 -0.596919 -0.273646 -0.000008 -0.000002 -0.000000 -0.463590 -1.134281 0.514508 0.242347 0.678253 0.327511 -0.485076 1.204028 -0.596484 -0.000004 0.000002 -0.000001 -1.329059 -0.118457 4.009111 -0.542300 0.688068 -5.327416 3.063287 0.665940 -0.047117 -0.000001 -0.000001 0.000000 -3.248750 0.690205 1.224073 1.717599 0.997823 1.846982 1.943649 -3.193723 0.041540 -0.000001 -0.000001 0.000004 
-9.371249 97.468842 -3.006263 0.568383 0.529512 -1.411823 0.311466 0.098711 -0.819659 0.086983 -0.726677 0.828782 -0.843166 0.363054 0.459509 -0.219143 -0.979275 0.983681 -0.000000 0.000001 -0.000002 -0.094898 0.575112 1.913111 0.525313 -0.783986 0.640316 -0.944966 -0.426749 -0.119165 -0.000004 0.000001 -0.000002 -0.181695 -0.802947 0.610895 0.271904 0.259093 0.274819 -0.555939 1.011120 -0.733215 -0.000004 0.000001 0.000000 -1.125100 -0.068167 4.394011 -0.639270 0.917935 -6.123569 2.781749 0.740211 0.163156 0.000005 0.000000 0.000002 -3.609086 0.708248 1.040085 2.398422 1.132444 2.523789 2.346160 -3.261034 -0.025553 -0.000000 -0.000000 -0.000001 
-9.454724 97.268364 -3.090033 0.007657 0.608574 -1.559861 0.540380 0.065269 -0.880443 -0.151108 -0.927500 1.092793 -0.586957 0.100502 0.256161 0.052908 -0.945793 0.731424 -0.000004 0.000001 -0.000000 0.160322 0.191373 1.841183 0.320046 -0.455520 0.432647 -1.644729 -0.653858 0.269187 -0.000003 0.000000 0.000001 -0.040835 -0.632832 0.789282 0.211610 -0.149386 0.266335 -1.538693 0.655468 -1.053625 -0.000003 0.000001 0.000002 -1.047599 -0.066319 4.849543 -0.527847 1.131976 -6.636253 2.930521 0.472396 -0.031871 0.000006 0.000002 -0.000000 -3.915561 0.757625 0.857517 2.636481 1.068965 3.217679 2.724434 -3.472796 -0.287509 -0.000001 0.000000 0.000005 
-9.530295 97.078606 -3.174747 0.261735 0.135632 -1.624034 0.712564 0.077645 -1.040185 -0.272304 -0.874123 1.058969 -0.566056 0.701506 0.558059 -0.478498 -1.138593 0.791563 0.000000 -0.000000 -0.000000 0.158040 0.248222 1.954679 -0.142958 -0.185119 0.515123 -0.644411 -0.566001 0.194751 -0.000004 0.000001 -0.000003 -0.168412 -0.924382 0.715214 0.316813 -0.000177 0.263666 -1.568428 0.608116 -0.993558 -0.000005 0.000002 0.000002 -1.084850 -0.040557 5.211775 -1.327464 1.566829 -7.315696 3.272037 0.669237 0.179613 0.000001 0.000001 0.000003 -4.785284 0.910668 1.029795 3.099428 1.198022 3.205690 2.977601 -3.228393 -0.396099 -0.000001 -0.000001 0.000001 
-9.606846 96.890862 -3.254471 0.171898 0.365271 -1.586411 1.026445 -0.033056 -1.031684 -0.202861 -0.708631 0.902796 -0.799451 0.082113 0.616482 -0.530969 -0.794494 0.837199 -0.000002 0.000000 -0.000000 -0.416862 1.252842 2.008720 0.217259 -0.269491 0.693891 -0.606468 -0.491532 0.571968 -0.000003 0.000002 -0.000002 0.319387 -0.260281 0.705588 0.676992 0.254677 0.313170 -1.743149 0.383728 -1.085459 -0.000003 0.000003 0.000002 -0.823819 0.004973 5.179701 -1.264657 1.379160 -7.322090 3.266109 0.502859 -0.154073 0.000003 0.000000 -0.000002 -4.697012 0.906703 0.955495 3.144882 1.409434 3.420057 2.916644 -3.943665 -0.234554 -0.000001 0.000003 -0.000000 
-9.683292 96.719299 -3.333290 -0.147376 0.379606 -1.562517 1.401272 -0.098687 -1.209803 -0.777627 -0.604634 0.957763 -0.546564 -0.342128 0.630625 -0.080122 -0.626909 0.839365 -0.000003 0.000000 0.000001 -0.611866 1.754571 2.071770 0.564245 -0.333784 0.691228 -0.255486 -0.224327 0.616151 -0.000004 0.000001 -0.000003 0.583358 0.027864 0.630490 1.063636 0.435318 0.537889 -1.084626 0.605286 -1.142695 -0.000003 0.000003 0.000002 -0.445145 0.084920 5.398577 -1.625433 1.527904 -7.869493 3.629417 0.795722 0.073043 0.000001 -0.000001 0.000000 -4.856263 0.914237 0.867149 3.370094 1.565408 3.723451 3.156802 -4.162084 -0.257121 -0.000002 0.000002 0.000003 
-9.761837 96.554893 -3.406657 -0.403937 0.409826 -1.675887 1.673502 -0.164092 -1.203121 -0.302855 -0.657088 0.892420 -1.177911 -0.288382 0.764959 0.612515 -0.663822 0.779601 -0.000000 -0.000001 0.000000 -0.126161 1.267861 1.968637 0.861428 -0.518554 0.485560 -0.239706 -0.006495 0.502408 -0.000004 -0.000000 0.000001 0.914963 0.608842 0.641518 1.103874 0.331604 0.663317 -0.710475 0.558066 -1.167288 -0.000005 0.000003 -0.000000 -0.610871 0.177004 5.819515 -1.370352 1.534035 -8.251346 2.986136 0.436849 -0.186916 -0.000001 -0.000000 -0.000004 -5.198606 0.887602 0.910700 3.868833 1.588120 3.918146 3.114021 -4.230086 -0.329900 -0.000001 0.000001 -0.000000 
-9.837718 96.402603 -3.468711 -0.390338 0.315185 -1.703531 2.403952 -0.355418 -1.332129 -2.298051 -0.196457 0.910790 0.222199 -0.832339 0.808867 0.896035 -0.289855 0.771991 -0.000002 0.000000 0.000001 -0.758083 2.269536 1.981455 1.284313 -0.736560 0.781407 -0.940986 -0.034156 0.726022 -0.000004 -0.000001 -0.000001 1.176788 0.833152 0.634328 1.670586 1.015535 0.792406 -1.119282 0.272618 -1.131818 -0.000004 0.000002 -0.000000 -0.630086 0.129043 6.045195 -1.145683 1.405454 -8.431347 2.152088 0.698646 0.223306 0.000003 -0.000000 -0.000004 -5.881594 1.003032 0.697753 4.458648 1.978194 4.551355 3.243788 -4.974279 -0.177469 -0.000001 -0.000002 0.000006 
-9.917282 96.247681 -3.533084 0.143346 0.044585 -1.833364 3.130305 -0.512178 -1.401855 -3.717612 0.065612 0.939965 1.075247 -0.755642 0.869666 0.423966 -0.328764 0.681262 -0.000001 -0.000002 -0.000000 -1.280359 2.904683 2.209792 1.624266 -1.223519 0.863589 -1.408119 0.004293 0.532419 -0.000004 0.000002 -0.000002 1.230082 1.002248 0.659367 1.469140 0.821846 0.676406 -1.666962 0.109715 -1.345057 -0.000001 0.000004 0.000002 -1.173833 0.083246 6.498983 -1.166458 1.556136 -9.032721 2.591172 0.818140 0.303325 0.000005 -0.000000 -0.000000 -7.823633 1.244754 0.540844 5.386002 2.311584 5.228540 3.565789 -5.040681 -0.335093 -0.000000 -0.000001 0.000006 
-9.988814 96.111771 -3.602502 -0.217131 0.003520 -1.917051 4.336519 -0.800424 -1.543714 -4.942177 0.229926 1.061929 1.824522 -0.523086 0.929562 0.328545 -0.288505 0.676047 -0.000000 0.000001 0.000001 -1.583869 3.207284 2.277724 1.205546 -0.724486 1.167306 -1.531537 -0.130781 0.767771 -0.000003 0.000002 -0.000003 0.962190 0.420324 0.744335 1.090175 0.152670 0.291889 -1.939869 0.399492 -1.578969 -0.000005 0.000004 -0.000002 -0.659932 0.050444 6.705706 -1.759846 1.753706 -9.312213 3.389011 0.857278 0.027295 0.000002 -0.000001 0.000000 -7.456630 1.309089 0.545863 5.196112 2.527289 5.591270 4.071394 -5.124203 -0.233288 -0.000001 0.000000 0.000001 
-10.061543 95.968376 -3.672452 -0.432064 0.103591 -2.005565 4.249197 -0.767642 -1.605435 -4.229696 0.014363 1.114473 1.287252 -0.403242 1.005928 0.186881 -0.519041 0.828088 -0.000003 0.000001 -0.000000 -1.398504 3.300605 2.449898 1.697622 -1.067174 0.928401 -1.643013 0.077706 0.870485 -0.000002 -0.000001 -0.000002 1.072242 0.367433 0.718064 1.458633 0.651066 0.371873 -2.362330 -0.148011 -1.623933 -0.000001 0.000004 0.000000 -0.978487 0.159513 7.007078 -0.858840 1.435695 -9.395982 3.321990 0.766667 0.029872 0.000003 0.000002 -0.000000 -7.573098 1.226114 0.609917 5.849517 2.572497 5.690174 3.527980 -5.625783 -0.273662 -0.000002 -0.000001 -0.000001 
-10.137124 95.816467 -3.738433 -0.994070 -0.181435 -1.990258 4.983968 -0.897262 -1.960293 -4.716646 0.282761 0.934750 1.478414 -0.063650 1.491923 0.178013 -0.377623 0.788400 -0.000003 -0.000000 0.000000 -1.558521 3.576649 2.482352 1.577855 -1.029358 1.123232 -1.862872 0.102122 1.006213 -0.000004 0.000002 -0.000002 1.174539 0.479614 0.717862 0.967985 -0.121048 0.152093 -1.679661 0.025125 -1.640946 -0.000003 0.000006 0.000002 -0.112775 0.394410 7.329606 -0.801537 1.490280 -9.774078 2.785149 0.858360 0.140492 0.000001 0.000000 -0.000002 -7.041794 1.184363 0.965300 6.227269 2.640895 5.259035 3.423430 -5.088205 -0.254942 0.000000 -0.000002 -0.000004 
-10.209831 95.672852 -3.798211 -1.701917 -0.735622 -2.064520 5.609646 -0.980842 -2.301699 -4.879757 0.326090 0.917038 1.593544 0.601865 1.842328 0.267972 -0.348522 0.629136 -0.000001 -0.000000 -0.000000 -1.494144 3.235788 2.406468 1.277153 -1.025494 1.080530 -1.661318 -0.151381 1.005493 -0.000002 0.000003 -0.000000 0.874493 0.103412 0.940442 0.868687 0.281156 0.100112 -1.368689 0.370757 -1.599966 -0.000003 0.000003 0.000003 0.954717 0.619719 7.708313 -1.323878 1.906407 -10.267142 2.236446 0.789833 0.146838 0.000003 0.000001 -0.000003 -7.442630 1.274387 1.134868 7.119260 2.851852 5.273530 3.572324 -4.501735 -0.319712 -0.000000 -0.000000 -0.000001 
-10.284846 95.532249 -3.860817 -2.113410 -0.845121 -2.095650 5.579930 -0.917372 -2.560208 -5.059228 0.313290 0.963739 1.839549 0.337556 1.930768 0.257660 -0.401493 0.605542 -0.000003 0.000001 -0.000000 -1.540799 3.323176 2.384324 1.349544 -1.027860 1.051749 -1.527863 -0.239685 1.139866 -0.000006 0.000000 -0.000001 0.908045 0.037674 1.185355 0.826517 0.207982 -0.015395 -2.479017 -0.033309 -1.720656 -0.000005 0.000002 -0.000000 1.429428 0.746371 8.009291 -1.918560 2.271733 -10.774937 2.653214 0.920576 0.259346 -0.000001 -0.000001 0.000001 -7.761269 1.340757 1.221086 7.333261 2.919144 5.387303 3.495578 -4.452763 -0.318760 0.000001 0.000001 -0.000001 
-10.354154 95.389389 -3.925359 -2.449957 -1.055511 -2.098898 6.119945 -0.974590 -2.901995 -5.558222 0.422103 0.979008 2.085674 0.735003 2.256419 0.001575 -0.577836 0.694364 0.000001 -0.000002 -0.000001 -1.425418 3.158119 2.355151 1.403502 -0.988685 0.999010 -1.902742 -0.376724 1.276678 -0.000004 -0.000000 -0.000001 1.129364 0.526469 1.157995 0.925902 0.075880 0.113760 -2.113661 -0.051270 -1.529825 -0.000006 0.000003 0.000002 1.856306 0.831212 8.253556 -2.296092 2.521837 -11.158891 2.448669 0.825665 0.256231 0.000003 0.000001 0.000001 -7.897601 1.383418 1.353327 7.947657 3.072725 5.300157 3.115913 -4.244095 -0.249272 -0.000000 -0.000000 0.000001 
-10.420777 95.256729 -3.989148 -2.688984 -0.934340 -2.036540 6.784056 -1.110129 -3.126797 -6.341018 0.559273 1.026335 2.461279 0.871268 2.391550 -0.025659 -0.625900 0.726426 -0.000000 -0.000001 -0.000000 -1.519139 3.293613 2.375040 1.504129 -1.034005 1.176683 -2.451691 -0.356884 1.354487 -0.000001 0.000002 -0.000002 1.224172 0.676772 1.077832 0.966548 -0.232150 0.290072 -2.236246 -0.099928 -1.682267 -0.000008 0.000001 0.000000 1.874669 0.836697 8.294858 -2.270583 2.582266 -11.425992 2.865562 0.990530 0.330113 0.000001 0.000001 -0.000001 -8.160684 1.400912 1.210379 8.282235 3.207692 5.563397 3.189754 -4.489308 -0.317438 -0.000000 0.000000 0.000005 
-10.486126 95.127403 -4.057131 -2.224205 -0.921102 -2.119178 6.020485 -0.904568 -3.090580 -6.141476 0.419848 1.143040 2.631270 0.825827 2.189567 -0.691194 -0.959232 1.035146 -0.000001 0.000001 -0.000000 -1.838568 3.595271 2.350057 1.412687 -1.139882 1.257674 -1.636606 -0.539535 1.392140 -0.000005 0.000000 -0.000000 1.068310 0.543072 1.210404 0.995509 0.081607 0.403548 -2.245422 0.112247 -1.526088 -0.000003 -0.000000 -0.000000 1.302084 0.681964 8.588430 -2.176144 2.512608 -11.674094 2.983345 0.836770 0.107648 -0.000000 0.000001 -0.000001 -8.396198 1.465616 1.400219 8.030538 3.168976 5.448831 2.998223 -4.534488 -0.183411 0.000001 -0.000001 0.000003 
-10.548512 95.006279 -4.122566 -1.992941 -0.522489 -2.170077 5.675948 -0.835960 -2.976685 -5.843545 0.334146 1.141611 2.189456 0.905796 2.136632 -0.443098 -0.942777 1.042860 -0.000001 -0.000000 -0.000001 -1.726107 3.459373 2.257235 1.133957 -0.874015 1.272108 -2.404358 -0.838676 1.846642 -0.000001 0.000001 -0.000000 0.806844 -0.007397 1.201349 1.222968 0.330251 0.511407 -2.799738 -0.229145 -1.610373 -0.000003 0.000001 -0.000002 0.734541 0.566843 8.742050 -1.805016 2.323466 -11.702851 2.920888 0.672545 -0.122119 -0.000001 0.000000 0.000002 -7.991677 1.437584 1.474286 7.108140 2.947717 5.455057 2.560410 -4.830976 -0.002458 -0.000000 0.000000 0.000005 
-10.602964 94.899162 -4.181872 -2.119075 -0.794789 -2.138236 5.739686 -0.800059 -3.223598 -6.276518 0.342278 1.228324 2.639419 1.018781 2.173116 -0.573332 -0.873518 1.023091 -0.000000 0.000001 -0.000001 -1.783383 3.407217 2.201087 1.672518 -1.170412 1.092178 -2.498722 -0.846793 1.785589 -0.000007 -0.000000 -0.000001 0.941989 0.391735 1.241428 1.011569 -0.123757 0.422876 -2.320995 0.053218 -1.561090 -0.000003 0.000002 -0.000000 0.880533 0.547519 9.029140 -1.944846 2.451256 -12.144712 3.128436 0.694825 -0.142859 0.000004 -0.000001 0.000001 -7.281989 1.461539 1.825891 6.871836 2.875444 4.899155 2.071670 -5.160293 0.147802 -0.000000 0.000001 -0.000001 
-10.650749 94.788406 -4.243588 -2.441061 -0.875625 -2.186931 5.535720 -0.767338 -3.186963 -5.864874 0.351112 1.170954 2.321733 1.607734 2.250333 -0.774880 -1.093506 1.359420 -0.000001 0.000000 -0.000001 -0.771227 2.232761 1.942473 1.047316 -0.442725 1.029330 -2.409137 -0.816707 1.942209 -0.000001 0.000002 -0.000003 1.010718 0.253470 1.454709 1.230846 -0.131433 0.399540 -2.534459 -0.016355 -1.572983 -0.000002 0.000001 -0.000002 1.280125 0.598057 9.333334 -2.025999 2.524345 -12.479448 2.867732 0.730133 -0.057113 0.000003 0.000000 0.000002 -7.442760 1.526997 1.761659 7.405540 3.135475 5.152395 2.043312 -5.672976 0.217685 -0.000001 -0.000002 0.000004 
-10.694317 94.695267 -4.296092 -2.263860 -0.782988 -2.258360 5.469773 -0.749054 -3.187344 -5.812132 0.344783 1.187819 2.300951 1.741825 2.321895 -0.921054 -1.163625 1.511635 -0.000002 0.000000 -0.000000 -0.602979 2.042146 1.817313 0.864508 -0.228070 0.946741 -2.343046 -1.028097 2.152349 -0.000003 0.000001 -0.000003 0.881097 -0.090707 1.707067 1.094471 -0.064906 0.022675 -3.010905 0.100900 -1.600945 -0.000003 0.000003 -0.000001 1.268065 0.541780 9.586429 -1.666081 2.313266 -12.369553 1.973324 0.353996 -0.280010 0.000001 0.000000 0.000002 -7.040670 1.524785 1.980576 7.229745 3.042379 4.885345 1.910094 -5.781503 0.221963 -0.000001 -0.000001 0.000006 
-10.730648 94.605682 -4.347919 -2.054956 -0.721854 -2.321895 5.032534 -0.656930 -3.076184 -4.885080 0.149116 1.181450 1.637297 1.272068 2.150019 -0.984586 -0.975767 1.430444 -0.000002 0.000001 -0.000001 -0.685150 2.035358 1.709232 1.089989 -0.379401 0.783548 -1.536526 -0.956359 2.000621 -0.000004 -0.000002 0.000002 0.911429 0.033710 1.869208 1.161497 0.390974 -0.161574 -2.502723 0.475034 -1.530526 -0.000006 0.000002 -0.000000 1.005217 0.447021 9.803622 -1.211968 2.114500 -12.286097 1.808650 0.177027 -0.440549 0.000003 0.000003 0.000001 -6.883714 1.548349 2.113655 7.248117 3.034720 4.763455 1.602444 -6.241447 0.427534 0.000000 -0.000001 0.000003 
-10.763517 94.520348 -4.410676 -2.337604 -0.999008 -2.295062 4.990499 -0.608335 -3.270907 -5.744754 0.182942 1.282550 2.442318 1.194499 2.139409 -0.891291 -0.855481 1.088631 -0.000003 0.000000 -0.000000 -1.705776 3.424436 1.755097 1.632067 -0.521082 0.904146 -3.316995 -1.316660 2.723529 -0.000004 0.000000 -0.000002 1.037005 0.093026 2.044060 1.117314 0.035257 -0.352184 -4.113855 -0.279182 -2.070838 -0.000004 0.000001 0.000000 1.245733 0.509845 9.845227 -1.361876 2.224117 -12.470452 2.033974 0.325278 -0.410496 0.000004 -0.000000 -0.000000 -6.263670 1.518542 2.274485 6.991778 2.982585 4.611801 1.581298 -6.295901 0.423825 0.000000 -0.000002 -0.000001 
-10.795011 94.441536 -4.466508 -2.526143 -0.862400 -2.291748 5.474206 -0.713477 -3.327268 -5.842905 0.205495 1.316920 2.367010 1.215612 2.100874 -0.796913 -0.832414 1.080097 -0.000001 0.000000 0.000002 -1.257850 2.589605 1.672093 0.783207 -0.200848 0.668843 -3.264407 -1.686721 2.647976 -0.000000 0.000002 0.000000 0.874895 0.244513 2.015715 0.876766 0.134138 -0.081738 -4.335734 0.022027 -1.927858 0.000001 0.000002 0.000001 1.029220 0.457215 9.925429 -0.831256 2.029110 -12.411784 1.424992 0.042883 -0.521276 0.000001 0.000004 -0.000001 -6.280292 1.490745 2.252069 7.331212 2.972804 4.613873 1.419361 -6.448557 0.428261 -0.000001 -0.000000 0.000001 
-10.821590 94.372322 -4.514567 -2.749087 -0.829315 -2.245832 5.541509 -0.708212 -3.448764 -5.671150 0.236301 1.263805 2.172900 1.685716 2.240175 -0.761900 -1.069890 1.199072 -0.000002 -0.000000 -0.000001 -0.681593 1.831761 1.606245 0.637348 -0.028284 0.599118 -2.985790 -1.576614 2.539265 -0.000001 0.000002 -0.000002 0.693768 -0.138595 2.032477 1.272713 0.577773 0.176036 -3.406371 0.369643 -1.697137 -0.000003 0.000001 -0.000002 1.296358 0.457822 9.895038 -0.632607 1.940702 -12.373788 1.403862 -0.094286 -0.597753 0.000003 0.000000 -0.000002 -5.520894 1.482959 2.437759 7.250221 2.887022 4.187628 1.301245 -6.624944 0.429785 -0.000000 -0.000000 -0.000001 
-10.846621 94.309921 -4.566003 -2.719395 -0.970929 -2.174670 5.510015 -0.671590 -3.545522 -5.147793 0.230919 1.144388 1.812380 1.589330 2.250676 -0.857883 -0.907979 1.027356 -0.000002 -0.000001 -0.000000 -0.449137 1.492714 1.633348 0.417056 0.204643 0.375436 -2.135920 -1.575294 2.481213 -0.000003 0.000000 -0.000001 0.738263 0.101702 1.846966 1.039445 0.055367 0.235149 -2.401402 0.846408 -1.587563 -0.000001 0.000003 -0.000001 1.345445 0.434099 9.892798 -1.222900 2.243308 -12.572820 1.743887 0.017960 -0.535458 -0.000001 0.000003 -0.000004 -5.947308 1.536184 2.312022 7.254562 2.908171 4.295575 1.596771 -6.179535 0.313514 -0.000001 -0.000000 -0.000001 
-10.870193 94.246307 -4.615932 -2.239361 -0.702585 -2.217609 5.159141 -0.624938 -3.319184 -5.999990 0.296706 1.263970 2.617244 1.746868 2.065357 -0.734947 -1.083119 1.181920 -0.000003 0.000001 -0.000001 0.154561 0.767828 1.618648 -0.112157 0.747747 0.391138 -1.398769 -1.372752 2.571468 -0.000009 0.000001 -0.000000 0.814747 0.188347 1.717029 0.724881 -0.544598 0.135781 -1.018535 1.168966 -1.423435 -0.000005 -0.000001 0.000000 0.723460 0.310564 9.921888 -0.724932 1.938000 -12.433669 1.154519 0.067622 -0.473814 0.000003 -0.000002 0.000003 -6.083881 1.540704 2.216345 6.918501 2.955164 4.536589 1.639161 -6.668353 0.375741 -0.000001 -0.000001 0.000003 
-10.891072 94.191399 -4.667033 -2.419314 -0.385292 -2.231788 5.502970 -0.740843 -3.236191 -5.511258 0.205589 1.237206 1.930052 1.868954 2.027641 -1.240411 -1.311518 1.350048 -0.000003 -0.000001 -0.000001 0.214958 0.843293 1.671242 -0.367425 1.073196 0.534829 -2.226896 -1.451291 2.910964 -0.000006 0.000001 -0.000002 0.658926 -0.317065 1.700845 0.574422 -0.977856 -0.068559 -0.919329 1.270192 -1.775314 -0.000004 0.000000 -0.000002 0.609900 0.300605 9.874632 -0.557036 1.807022 -12.275634 1.179938 0.021556 -0.572856 -0.000000 -0.000001 0.000004 -5.775135 1.480099 2.132484 6.494181 2.859789 4.676134 1.994534 -6.821032 0.303365 -0.000000 0.000000 0.000003 
-10.911192 94.143578 -4.707816 -2.190212 -0.133146 -2.218349 5.446580 -0.751613 -3.194515 -5.776932 0.308125 1.179721 2.359937 1.504019 2.006790 -1.565201 -1.173767 1.335154 0.000001 0.000001 -0.000000 -0.305216 1.693017 1.661287 0.289613 0.609663 0.787120 -1.915083 -1.233838 2.710068 -0.000005 0.000002 0.000001 0.950469 0.139880 1.741421 0.848448 -0.808634 0.009640 -0.816682 1.085906 -1.582400 -0.000005 0.000004 0.000001 0.439020 0.257985 9.853297 -0.023637 1.486950 -12.026355 1.075255 -0.021024 -0.676798 -0.000000 0.000000 -0.000002 -5.379994 1.425818 2.195066 6.512643 2.899821 4.617251 1.949771 -6.993423 0.470661 0.000001 -0.000001 0.000003 
-10.931826 94.098282 -4.752032 -2.642706 0.077083 -2.275732 5.790386 -0.850747 -3.146119 -6.085319 0.333225 1.243739 2.641979 1.469580 1.940819 -1.269079 -1.326962 1.334388 -0.000002 0.000000 -0.000002 -0.232559 1.448048 1.591455 -0.011015 0.775792 0.770743 -1.884565 -1.413658 2.955468 -0.000007 -0.000001 -0.000001 1.051316 0.339218 1.907987 0.720075 -1.007500 -0.038113 -0.025107 1.352832 -1.629163 -0.000003 0.000006 -0.000001 0.645925 0.319789 9.917647 0.554657 1.365332 -11.870091 0.267732 -0.098961 -0.458752 0.000004 -0.000001 0.000001 -5.317913 1.398867 2.093235 6.817026 2.817728 4.756073 2.008861 -7.236441 0.372081 -0.000000 0.000000 0.000005 
-10.949461 94.054924 -4.797472 -2.634511 -0.366230 -2.227753 6.064900 -0.872028 -3.355692 -6.292497 0.462290 1.145929 2.583166 1.629587 2.241397 -1.025806 -1.098308 1.127846 -0.000000 -0.000001 0.000000 -0.095540 1.097104 1.567301 -0.064090 0.824689 0.535196 -0.924099 -1.237954 2.954545 -0.000005 0.000002 -0.000002 1.189738 0.824724 1.832125 0.729117 -0.875817 0.091803 0.404996 1.341574 -1.577362 -0.000002 -0.000001 -0.000004 1.095056 0.463833 9.955942 -0.046508 1.775187 -12.156694 0.595113 -0.062933 -0.479216 -0.000000 0.000000 -0.000004 -5.216947 1.424525 2.400164 6.914743 2.708208 4.194122 1.688764 -7.364796 0.340549 -0.000001 -0.000001 -0.000001 
-10.968027 94.017197 -4.843696 -3.190975 -0.665456 -2.227034 6.071981 -0.820961 -3.556170 -6.079296 0.395589 1.113881 2.663715 1.895562 2.402940 -1.115316 -1.109156 0.971632 -0.000003 0.000000 -0.000000 -0.164905 1.168973 1.469109 -0.273344 0.789928 0.511966 -0.599928 -1.316842 3.010224 -0.000008 0.000002 -0.000002 0.994455 0.592151 1.828731 0.856531 -0.546444 0.446806 0.486922 1.545434 -1.708641 -0.000002 -0.000002 -0.000002 1.454995 0.604276 10.096308 -0.638871 2.157584 -12.622608 1.001386 0.142825 -0.279740 0.000003 0.000001 -0.000001 -5.058919 1.393429 2.588250 7.255351 2.711758 3.902321 1.261526 -6.898230 0.325308 0.000001 -0.000001 0.000001 
-10.977652 93.985764 -4.886311 -2.505763 -0.340049 -2.115303 5.489665 -0.676785 -3.488313 -5.992677 0.336814 1.182011 2.571792 1.632568 2.188695 -1.314911 -1.077089 1.000018 -0.000003 0.000000 0.000000 -0.077406 1.138494 1.509176 -0.525858 0.917921 0.441663 -0.635994 -1.455906 2.933517 -0.000002 -0.000000 -0.000001 0.791429 0.079594 1.771657 0.578107 -0.921901 0.315220 -0.267443 1.547955 -1.895798 -0.000001 0.000000 -0.000001 0.612887 0.391093 9.804280 -0.150234 1.765832 -12.230651 0.729230 0.030655 -0.385845 0.000006 0.000002 -0.000002 -4.839336 1.349255 2.550732 6.772628 2.610606 3.743558 1.070998 -6.786898 0.384654 0.000001 -0.000001 0.000001 
-10.986527 93.958237 -4.927538 -2.652261 -0.272401 -2.150947 5.405260 -0.660584 -3.437738 -5.958049 0.372070 1.126697 2.506753 1.473850 2.259533 -1.473228 -1.122769 1.011162 -0.000002 -0.000000 0.000000 -0.375051 1.374516 1.526777 -0.570402 0.678057 0.347037 0.456575 -1.669708 2.918209 -0.000005 0.000001 0.000002 0.742676 0.175305 1.995553 0.800673 -0.231766 0.622641 -1.941558 1.284786 -2.001164 -0.000002 0.000003 0.000003 0.798229 0.447230 9.778198 0.034541 1.627750 -11.979774 0.585956 -0.253145 -0.673181 0.000004 -0.000001 -0.000001 -4.393200 1.273674 2.604502 6.867854 2.567591 3.633812 0.905460 -6.761398 0.410504 -0.000000 0.000001 0.000001 
-10.997593 93.939156 -4.963893 -2.121672 -0.045434 -2.151373 5.289607 -0.656464 -3.330821 -6.321364 0.405923 1.185491 2.805253 0.654257 2.019573 -1.757334 -0.719294 0.789938 -0.000003 -0.000001 -0.000002 -1.353265 2.803007 1.462786 0.346170 -0.039841 0.679916 0.764122 -1.462152 2.860732 -0.000004 0.000000 -0.000003 1.098185 0.773432 1.954105 0.790283 -0.448955 0.464496 -2.030172 1.027742 -1.909094 -0.000001 0.000000 -0.000001 0.521785 0.427125 9.721074 -0.099002 1.623596 -11.827969 1.639292 -0.220197 -0.846740 0.000003 0.000001 0.000001 -4.406776 1.267284 2.776354 6.704666 2.474324 3.337855 0.684488 -6.923163 0.425454 0.000000 -0.000001 0.000003 
-10.999083 93.935287 -4.998483 -2.549258 -0.293469 -2.119102 5.620328 -0.750182 -3.325582 -6.176944 0.405406 1.178309 2.709007 0.960213 1.974062 -2.105351 -0.667242 0.751805 -0.000002 -0.000001 -0.000001 -1.537491 3.134206 1.396108 0.231608 0.283726 0.648649 -0.164487 -1.609638 3.155853 -0.000008 -0.000001 -0.000002 1.009380 0.242648 2.060603 0.734962 -0.685279 0.116240 -2.280505 0.852448 -2.100000 -0.000005 0.000000 -0.000001 1.155164 0.484352 9.435326 -0.764237 1.811863 -11.699518 1.904862 -0.264314 -0.965994 0.000006 -0.000001 0.000001 -4.266435 1.299432 2.618528 6.478260 2.607407 3.531440 1.215615 -6.489264 0.396027 0.000001 -0.000003 0.000002 
-10.994006 93.949257 -5.026548 -2.640650 -0.119592 -2.121192 5.413972 -0.728162 -3.115132 -6.484470 0.437337 1.189364 3.191633 0.804125 1.856970 -1.998833 -0.605925 0.728631 -0.000002 -0.000001 0.000001 -1.491590 3.114172 0.994316 0.689673 -0.220217 0.618565 -0.183314 -1.592751 2.869682 -0.000003 0.000000 -0.000003 0.999858 0.185842 2.331797 0.854117 -0.136727 0.079073 -1.177505 1.351079 -1.968279 -0.000003 0.000003 -0.000000 0.820049 0.408841 9.033039 -0.384847 1.443046 -11.294996 2.202755 -0.139164 -0.933584 0.000003 0.000002 0.000000 -3.693453 1.188398 2.534442 6.071494 2.580129 3.489875 1.073503 -6.536114 0.354485 -0.000001 0.000000 0.000005 
-10.975292 94.001801 -5.052508 -2.255982 0.011475 -2.153492 4.593084 -0.588154 -2.758743 -4.125450 0.156620 0.966422 1.382461 1.488991 1.974171 -2.300828 -0.748794 0.956240 -0.000002 0.000001 -0.000000 -0.555443 2.130762 0.630351 0.115304 0.400182 0.535899 -0.961321 -1.761919 3.107344 -0.000009 0.000000 -0.000000 0.948795 -0.226091 2.295647 1.229332 0.281244 0.189079 -0.350208 1.401286 -1.718290 -0.000003 0.000006 -0.000000 0.615379 0.353932 8.443149 -0.334816 1.237087 -10.344337 1.519505 -0.330829 -0.987200 0.000006 0.000000 0.000000 -3.796978 1.138503 2.296349 5.629135 2.444765 3.646081 1.038431 -6.202861 0.293430 -0.000001 0.000000 0.000006 
-10.933432 94.093651 -5.082032 -0.476233 1.181988 -1.873072 2.149552 -0.088462 -2.087903 -1.809724 -0.338534 0.929243 -0.264544 0.993404 1.359250 -2.779825 -0.709981 0.977961 -0.000003 -0.000000 0.000000 0.011554 1.305370 0.219419 -0.333053 0.894397 0.143980 -0.615559 -1.952722 3.522137 -0.000003 0.000001 -0.000002 0.688593 -0.740643 2.377992 1.433379 0.628159 0.568893 -0.631756 1.035713 -1.690855 -0.000004 -0.000004 -0.000004 -1.291005 -0.059608 7.176293 0.675989 0.556925 -8.701321 1.638152 -0.440878 -1.165721 0.000003 0.000000 0.000000 -4.055500 0.946911 1.367579 4.244184 1.997069 3.975934 1.916161 -6.342351 0.158373 -0.000001 -0.000002 0.000004 
-10.883566 94.204605 -5.117264 -0.473797 1.165833 -1.591753 1.027285 0.165554 -1.837157 -0.600385 -0.499528 0.774365 -1.028451 0.588039 1.115802 -2.400449 -0.340445 0.694324 -0.000002 -0.000001 0.000000 0.086877 0.945774 -0.085224 -0.606309 1.021707 -0.509624 0.373319 -2.397691 3.923909 -0.000003 0.000001 -0.000002 0.686542 -0.348477 2.489361 1.750198 1.268480 1.480009 -0.789477 1.086600 -1.698469 -0.000006 0.000003 0.000002 -1.258052 0.034733 6.202123 0.681817 0.405478 -7.811273 1.411935 -0.357210 -1.038638 0.000003 0.000000 -0.000004 -3.975144 0.769611 1.038423 4.102957 1.902986 3.634755 1.712937 -5.573356 0.125345 -0.000001 0.000000 0.000003 
-10.795876 94.398903 -5.136971 0.540474 1.864971 -0.925006 0.267083 0.309972 -1.466156 -0.526624 -0.292725 0.536926 -0.963838 -0.154751 0.687722 -2.990533 0.063997 0.161892 -0.000004 -0.000001 0.000001 -0.659509 1.416167 -0.960320 -0.218809 0.388682 -1.117161 2.761648 -2.999875 4.416044 0.000000 0.000003 -0.000001 0.950032 0.710078 2.660376 0.930432 0.035250 2.030770 -0.310943 1.644937 -1.417148 -0.000002 0.000000 -0.000001 -1.413247 -0.121069 4.405982 0.765654 0.247797 -5.437406 0.441908 -1.468639 -1.891564 0.000002 -0.000002 -0.000002 -1.813248 0.375190 0.571757 2.093530 0.962984 2.379139 0.670360 -4.315178 0.180009 0.000000 -0.000001 -0.000001 
-10.662092 94.688049 -5.152980 0.284578 2.953235 0.065577 -0.236905 0.276343 -0.917809 0.066414 0.093815 -0.076990 -1.209706 -1.145774 0.411886 -2.717803 0.663105 -0.313449 0.000000 0.000000 -0.000000 -0.909189 2.167449 -2.479825 1.778664 -0.762763 -2.209849 4.043915 -3.375922 5.594558 -0.000010 -0.000001 -0.000000 1.731655 2.005135 2.882246 1.422038 -0.594659 3.365350 0.086913 1.479913 -1.334038 -0.000004 0.000002 -0.000001 -0.433908 0.035698 1.802099 1.943936 -0.715584 -1.624677 -1.888193 -2.547124 -2.907527 -0.000000 -0.000002 -0.000000 1.970846 -0.425840 -0.155382 -0.361554 -0.017875 0.958478 0.447220 -3.567782 0.019287 -0.000002 0.000001 -0.000002 
-10.505912 95.032837 -5.162354 -0.193257 2.648697 0.764659 -0.447094 0.200320 -0.467774 0.282409 0.513565 -0.686715 -1.222852 -1.898385 0.302314 -1.997907 1.536482 -1.050711 0.000001 -0.000001 -0.000001 -1.249834 2.628549 -3.887337 3.855989 -2.202747 -3.722408 5.897852 -3.660478 6.134872 -0.000004 0.000000 -0.000001 2.284092 3.526624 3.059577 1.620275 -0.973278 4.725719 0.802958 2.101064 -1.365451 -0.000004 -0.000002 -0.000002 1.224821 0.249415 0.014188 0.999668 -0.666913 0.519000 -1.964134 -3.524414 -4.088605 0.000003 0.000001 -0.000001 4.564011 -1.014824 -0.476299 -2.057841 -0.789802 -0.656128 -0.184877 -2.534053 -0.129377 0.000001 0.000000 0.000003 
-10.297233 95.496559 -5.166916 -2.052748 2.657246 1.902360 1.928265 -0.521596 -0.037552 -1.230076 1.538754 -1.491113 -0.643620 -2.325349 0.299710 -1.891585 2.355580 -1.570904 -0.000005 -0.000000 0.000001 -1.036024 2.044322 -6.309696 5.147076 -3.008234 -6.158260 7.561519 -5.118589 7.561976 -0.000002 -0.000001 -0.000001 2.679355 4.918120 4.016639 1.851336 -1.398408 6.783256 1.782877 3.712151 -1.503390 -0.000003 -0.000003 -0.000001 3.705079 0.244402 -2.615628 0.053420 -1.033855 3.171739 -1.789808 -4.324544 -5.175020 0.000001 0.000000 -0.000002 8.474536 -1.811533 -1.252632 -4.363892 -1.225441 -2.218862 -0.787543 -1.575504 -0.010174 0.000000 -0.000001 0.000001 
-10.038333 96.069450 -5.169718 -2.793831 1.767983 3.117277 0.463244 -0.308468 0.562146 0.105421 2.015250 -2.530449 -0.721639 -1.856724 0.399349 -1.186436 3.182835 -2.295497 -0.000001 0.000000 -0.000000 -0.152185 1.121577 -9.567142 6.787105 -3.863960 -9.395557 10.466790 -5.786541 9.851605 -0.000005 0.000001 -0.000005 2.548111 4.155590 5.282436 3.253066 -0.477741 9.778170 2.000038 4.726435 -3.112843 -0.000003 0.000003 -0.000001 5.230406 0.415324 -5.626924 -0.367374 -1.546917 6.409421 -2.058353 -5.015972 -6.238113 0.000007 0.000000 -0.000002 12.758890 -2.818890 -1.548634 -7.943177 -2.173734 -4.978739 -1.334166 1.858548 -0.235791 0.000002 -0.000001 0.000003 
-9.779310 96.656631 -5.188581 -2.946402 1.402130 4.025008 -0.576359 -0.223279 1.040435 1.441879 2.405560 -3.348975 -1.610936 -2.613549 0.330927 -1.169703 4.616725 -2.944371 0.000001 -0.000000 -0.000001 0.564937 0.755776 -12.038697 7.495363 -3.372448 -12.319328 13.675725 -6.061643 11.950279 -0.000008 0.000000 -0.000000 3.700728 5.731031 6.239066 4.108325 -1.379651 12.060583 0.579336 5.128299 -4.576705 -0.000004 0.000004 0.000001 6.039366 0.302212 -8.012384 -0.482629 -2.223345 8.962653 -1.239699 -5.208004 -6.766887 -0.000002 -0.000002 -0.000001 15.556587 -3.429111 -1.857030 -10.799002 -2.439196 -6.977889 -0.985551 4.395170 -0.236269 0.000001 -0.000001 -0.000001 
-9.478947 97.323830 -5.212345 -4.897017 1.307590 5.397469 0.839928 -0.712813 1.374291 1.374863 3.256943 -4.221592 -1.710307 -2.235798 0.345596 -0.471241 5.675371 -3.563919 -0.000002 0.000001 -0.000002 2.315931 -0.683577 -15.571841 9.028749 -2.737948 -16.406478 15.936918 -6.888894 15.789056 -0.000003 0.000002 -0.000001 4.656746 5.373620 7.912855 6.032307 -2.322422 14.786140 0.281082 5.707047 -6.720379 -0.000003 -0.000001 -0.000003 7.975410 0.196461 -10.986557 0.680236 -3.169229 11.883742 1.668627 -4.216139 -5.947753 0.000003 0.000002 -0.000000 19.702668 -4.433293 -2.556633 -13.948961 -2.734974 -8.933099 -1.830709 6.809074 -0.175377 0.000001 -0.000001 0.000006 
-9.159418 98.030838 -5.240989 -6.245720 0.983838 6.854752 1.994114 -0.977211 1.261564 2.186505 3.754824 -5.003027 -2.233796 -3.547231 0.288258 -0.386412 8.038583 -4.588191 0.000000 0.000001 -0.000001 2.816666 -1.006234 -19.939931 11.348271 -3.527792 -22.002146 19.866809 -6.388202 17.562288 -0.000003 0.000003 0.000001 5.957666 6.651885 10.560360 7.248277 -3.236408 17.874752 -0.117427 6.426708 -9.765426 -0.000006 0.000004 0.000001 8.931897 0.093009 -14.161426 3.754349 -4.348636 15.935946 3.230686 -1.658239 -3.125924 0.000004 0.000002 0.000000 22.377231 -5.401950 -3.217413 -16.363784 -2.844652 -11.312103 -1.709366 12.647797 -0.368923 0.000000 -0.000000 -0.000001 
-8.842714 98.725555 -5.270650 -6.730153 1.232284 7.794612 1.786451 -0.996015 1.504079 2.667839 4.200393 -5.610811 -2.351360 -4.277700 0.162140 0.102025 9.060412 -5.324036 -0.000001 -0.000000 0.000001 3.314818 -0.833145 -23.295873 13.980456 -4.081836 -26.948300 25.020255 -4.239562 17.698038 0.000002 0.000004 -0.000000 6.944693 6.799737 12.532813 9.251136 -3.734990 20.705044 0.097736 6.408054 -11.704289 -0.000003 -0.000001 0.000001 9.181291 -0.084429 -16.321155 6.542413 -5.009274 19.449696 3.829780 -0.397974 -1.627358 0.000003 -0.000000 0.000001 23.841045 -5.993479 -3.888127 -18.140516 -3.205391 -12.422853 -1.775515 13.520464 -0.543731 0.000001 -0.000000 -0.000001 
-8.513528 99.410805 -5.297467 -5.569889 2.530531 9.043164 0.015641 -0.611276 1.618531 4.400716 4.335894 -6.419056 -2.810463 -4.884545 0.373885 -0.530189 9.911236 -6.034963 -0.000002 0.000000 -0.000001 3.363070 -0.040959 -27.612003 16.502912 -4.741421 -33.462142 30.725609 -2.761632 18.057922 -0.000005 0.000001 0.000000 7.653755 7.309289 14.913148 11.338442 -4.949687 24.762839 -0.909205 6.543868 -12.867795 -0.000003 0.000002 -0.000000 7.476699 -0.445162 -18.830509 10.166446 -5.797114 23.791765 3.122516 1.600480 0.910217 -0.000000 -0.000000 0.000001 23.269679 -6.490419 -5.506819 -20.340571 -3.725214 -12.184461 -1.182248 12.311158 -0.905697 0.000001 -0.000001 -0.000001 
-8.186566 100.081802 -5.267714 -4.663726 -0.417316 9.527082 -0.683676 -0.340824 1.192349 5.792587 4.700132 -7.303512 -2.877955 -3.840549 0.971419 -1.151624 11.379703 -6.925751 0.000000 0.000000 -0.000001 3.698292 0.574336 -32.928373 18.282878 -3.563898 -40.296545 34.415329 -0.969229 18.101384 -0.000007 -0.000002 -0.000005 8.392484 6.852944 17.899527 14.584045 -3.654441 28.748543 -0.735052 6.610536 -14.383719 -0.000004 0.000001 -0.000003 6.330387 -0.818069 -20.108968 14.989931 -6.391925 25.396547 3.317937 1.524073 1.039609 0.000002 0.000000 -0.000004 22.785110 -6.350291 -6.097841 -20.825865 -3.506188 -13.091999 -1.974905 11.548116 -0.684268 -0.000000 -0.000001 0.000003 
-7.885445 100.688843 -5.223618 -3.959324 -3.128083 9.857087 -1.439337 -0.095404 0.816085 7.245507 4.940955 -8.058320 -3.740465 -3.310334 1.274935 -1.782803 12.581457 -7.524532 -0.000002 0.000001 -0.000000 3.731274 2.679502 -37.045239 19.671752 -1.684104 -46.749308 38.314370 0.796850 18.453216 -0.000005 0.000000 -0.000001 9.150387 6.110685 20.217126 17.783513 -1.563249 32.134790 -1.502577 6.177692 -15.496856 -0.000004 0.000001 -0.000002 4.919673 -1.014553 -20.666083 23.072651 -6.947758 27.453618 -0.104585 -1.224043 -1.414911 0.000007 -0.000001 -0.000002 22.955325 -6.375541 -6.465049 -21.220319 -3.454817 -13.675888 -2.178146 10.229790 -0.621257 0.000001 0.000001 -0.000002 
-7.599907 101.268288 -5.172810 -4.443432 -4.188107 10.387312 -1.524776 -0.063569 0.572322 8.897389 4.794500 -8.478406 -5.117943 -3.643844 0.703179 -1.825619 13.162682 -8.047767 -0.000002 0.000000 -0.000000 3.495948 5.828155 -42.241653 19.960519 3.080112 -54.889080 45.560418 3.339718 17.389860 -0.000003 0.000001 -0.000003 9.578490 3.959578 23.371381 21.270268 -2.199932 38.277534 2.073173 7.608950 -17.854517 -0.000001 0.000004 0.000001 5.618753 -1.243244 -21.825467 19.924031 -6.507160 31.478983 0.761300 1.988137 2.579422 0.000004 0.000003 -0.000002 23.998117 -6.745430 -7.214222 -22.402756 -3.855736 -13.261622 -0.864427 11.856358 -1.209674 0.000001 -0.000001 -0.000001 
-7.330026 101.784142 -5.106747 -5.426044 -6.724909 10.762350 1.334090 -0.593399 -0.648660 7.219683 5.842112 -8.941466 -4.027430 -1.363610 1.294893 -3.361932 13.351302 -7.877355 -0.000001 0.000001 -0.000001 4.527299 7.194967 -47.556473 21.463038 7.631371 -62.255009 48.078962 5.554758 15.194485 -0.000003 0.000003 -0.000003 10.196447 0.471730 26.328539 25.593931 -1.821461 44.199797 5.466762 8.094720 -19.813206 -0.000003 -0.000001 -0.000003 6.863808 -1.575937 -22.697002 14.488793 -6.272374 36.149551 0.908888 6.443297 8.056318 0.000006 -0.000001 -0.000005 25.543989 -7.035060 -7.552845 -23.398958 -4.076061 -14.227874 -1.368311 12.635333 -1.262007 0.000000 0.000000 0.000003 
-7.081034 102.241119 -5.032994 -4.810835 -8.651933 10.771526 3.106976 -0.997123 -1.120484 8.292186 6.174004 -9.812041 -5.402379 -0.445922 1.724109 -6.963416 13.957255 -7.851660 0.000000 -0.000000 -0.000000 5.326344 7.511026 -50.943184 22.965314 10.581844 -68.562942 47.691338 6.315060 13.953954 -0.000005 0.000002 -0.000004 10.896621 -0.384352 27.914915 28.513046 -0.582474 48.871571 7.065377 7.717988 -19.870970 -0.000000 -0.000004 -0.000000 6.173441 -1.519162 -22.869114 11.148201 -6.393357 39.715849 -0.250091 8.663485 11.159431 0.000003 0.000001 0.000002 24.478963 -6.726759 -7.483291 -22.409123 -4.022124 -14.936562 -2.354362 12.760649 -1.131753 -0.000000 0.000003 0.000007 
-6.845010 102.613625 -4.949773 -3.126940 -10.969851 11.149792 1.935497 -0.517431 -1.932093 8.518576 6.719783 -10.435278 -4.544579 0.101950 2.179715 -8.603562 14.641793 -8.336292 -0.000001 -0.000001 -0.000000 5.450353 9.499950 -54.032793 25.161556 11.439512 -74.766673 43.869199 6.909315 9.129722 -0.000005 0.000000 -0.000001 11.688475 0.322473 29.640641 31.439784 -0.381209 54.805448 8.772016 7.117826 -17.833103 -0.000004 0.000004 0.000001 4.242524 -1.734786 -23.192326 6.087459 -6.758300 44.084834 -3.518470 10.082940 14.272596 0.000009 -0.000002 -0.000000 23.560230 -6.440379 -7.844932 -22.331466 -4.027751 -15.632561 -2.703703 13.425845 -0.960272 0.000001 -0.000001 0.000003 
-6.614809 102.931091 -4.862340 -2.438936 -12.443858 11.472004 1.600379 -0.321599 -2.314493 5.997199 7.956942 -10.503883 -2.075540 0.220349 2.345917 -9.193556 15.527429 -8.428339 0.000000 0.000000 -0.000003 5.823981 10.371835 -56.680420 27.220104 14.213156 -81.337588 40.276731 8.151107 5.049106 -0.000003 -0.000000 -0.000003 12.274768 0.022495 31.448599 34.473102 -0.510696 60.510975 9.721443 4.327522 -13.583067 -0.000003 -0.000002 -0.000002 4.957935 -2.148413 -24.086109 0.972896 -7.575609 48.334206 -8.416302 8.785605 15.104523 0.000007 0.000001 -0.000001 25.623784 -7.025915 -8.433212 -24.509272 -4.432830 -15.806647 -2.632324 14.560065 -1.030365 0.000001 -0.000001 0.000006 
-6.406588 103.224251 -4.796948 -2.014472 -12.894673 11.583331 0.979291 -0.184886 -2.293379 5.032519 8.403863 -10.485813 -0.904065 0.190624 2.294343 -9.639373 15.907239 -8.545974 -0.000001 -0.000000 -0.000001 6.333266 10.810371 -58.753820 28.854462 15.723686 -85.793029 36.696489 9.230626 2.079281 -0.000003 0.000001 -0.000000 12.748329 -0.639267 33.122934 36.955743 -1.586424 65.226025 10.331487 1.811587 -10.188859 -0.000001 0.000004 -0.000006 7.382800 -2.401280 -25.073210 -4.380304 -8.724767 52.011556 -12.008234 7.197245 14.771553 0.000004 -0.000001 -0.000005 27.272262 -7.641489 -8.697437 -26.791258 -5.133250 -15.766062 -2.117986 15.969696 -1.528740 -0.000001 0.000001 0.000008 
-6.195023 103.513023 -4.720104 -1.637675 -13.116158 11.477439 0.055659 -0.053862 -1.888963 5.833975 8.357879 -10.651153 -0.943404 -0.542683 2.066785 -10.416206 16.807842 -8.818894 -0.000000 -0.000000 -0.000000 6.407241 13.617895 -60.792973 30.285919 16.793408 -89.174601 33.702301 10.695565 -2.175724 -0.000006 0.000005 0.000000 13.324272 0.014409 34.508137 39.153274 -1.146099 68.831566 10.135973 -1.169154 -6.122516 -0.000002 0.000003 -0.000005 10.611305 -2.893403 -26.019916 -9.955096 -10.050771 54.836758 -14.901658 4.847593 12.782115 0.000003 0.000002 -0.000000 28.880960 -8.145293 -8.943187 -29.071665 -5.758145 -15.485407 -1.000561 17.626705 -2.091736 0.000001 -0.000001 -0.000001 
-5.983988 103.769257 -4.645594 -1.573981 -13.144124 11.359798 -0.779884 0.106268 -1.698402 5.959066 8.190036 -10.261681 -0.418311 -1.013458 1.585199 -11.127357 17.563403 -8.540930 -0.000002 -0.000002 0.000001 6.355544 15.452039 -61.570665 32.092819 16.860025 -92.238365 30.343532 12.521502 -5.065013 -0.000004 0.000001 -0.000002 13.669305 0.041656 35.200698 41.164737 0.526268 71.656191 10.165076 -4.056301 -3.062163 -0.000003 0.000001 0.000001 12.275300 -3.430547 -26.698695 -14.554727 -10.914279 56.679334 -15.717379 2.958883 10.686360 0.000005 0.000001 -0.000003 29.429707 -8.211995 -9.221811 -29.368915 -6.101942 -15.523261 -0.773992 18.305474 -2.139494 -0.000000 -0.000000 -0.000001 
-5.788659 103.995705 -4.564981 -1.972940 -12.943336 11.378329 -1.086480 0.204889 -1.735060 6.172746 8.154577 -10.236930 -0.438379 -1.141480 1.571347 -10.529556 17.690670 -8.564626 -0.000002 -0.000001 0.000000 6.233509 16.702825 -61.728723 32.996364 17.200395 -94.570232 27.977855 14.110082 -7.590502 -0.000009 0.000000 -0.000003 13.786074 -0.104185 35.461905 42.141489 1.662572 73.931170 10.068296 -6.483029 -0.556301 -0.000003 0.000003 -0.000003 14.174910 -3.745919 -27.424338 -18.724065 -11.796544 58.095854 -15.604892 1.904337 9.374496 0.000004 -0.000001 0.000000 30.404792 -8.609186 -9.339339 -30.253377 -6.584908 -15.584832 -1.079498 19.335815 -2.137147 0.000000 -0.000000 0.000003 
-5.597973 104.216644 -4.491297 -0.699259 -12.522241 11.334070 -3.208865 0.669134 -1.409704 7.334743 7.861829 -10.372832 -0.695280 -1.310302 1.605183 -10.322195 17.737656 -8.378582 -0.000002 -0.000001 0.000001 6.510304 15.247219 -61.135589 34.015124 16.987056 -96.702938 25.853309 15.415720 -8.322107 -0.000005 0.000000 -0.000003 14.138480 0.430154 35.445332 43.007007 3.087811 75.727953 10.135304 -8.378856 0.763153 -0.000001 -0.000001 -0.000003 13.298138 -3.644650 -27.642418 -21.378420 -12.505865 58.830216 -14.015762 2.398293 9.771314 0.000006 -0.000003 0.000000 29.181836 -8.279680 -9.266198 -30.833356 -6.837652 -15.505858 -0.112222 19.223977 -2.583172 0.000000 -0.000001 0.000006 
-5.410442 104.418991 -4.422810 -0.107475 -12.335078 10.992314 -5.252503 1.046246 -1.030665 8.231516 7.427569 -10.188205 -0.651087 -1.417940 1.459267 -9.509233 17.751983 -8.297637 -0.000001 -0.000001 0.000001 6.844306 15.322959 -60.222031 34.992985 16.315891 -97.546289 24.116872 17.191694 -9.761609 -0.000003 0.000002 0.000001 14.525980 0.214152 35.127629 44.058125 4.240237 77.108294 11.076055 -9.170779 1.259796 -0.000006 0.000004 0.000000 13.662339 -3.699939 -27.663444 -23.148771 -13.168148 59.325821 -13.234342 2.380982 9.540498 0.000003 -0.000000 0.000001 29.177124 -8.110722 -9.044861 -31.388483 -6.896295 -15.478891 -0.230974 20.109965 -2.630504 0.000000 0.000001 0.000001 
-5.230678 104.604111 -4.358183 -0.280771 -11.982022 10.851881 -5.555398 1.106230 -1.051575 8.363176 7.259922 -9.976798 -0.646373 -1.795105 1.310094 -8.453579 17.878158 -8.391645 0.000000 -0.000001 -0.000001 7.071795 15.610401 -59.779277 35.435984 16.134187 -97.754248 23.622894 18.140638 -10.794999 -0.000008 0.000001 -0.000005 14.742369 0.180427 34.814041 44.678760 4.916523 77.842785 11.995902 -9.231529 1.600985 -0.000002 0.000003 -0.000005 14.057263 -3.813812 -27.864378 -23.696370 -13.522972 59.781033 -13.104725 2.229467 9.363517 0.000003 -0.000002 0.000003 28.826687 -7.908611 -8.920735 -30.627893 -6.759301 -15.722264 -0.113335 19.914750 -2.766564 -0.000000 0.000001 -0.000000 
-5.063417 104.782852 -4.298765 -0.473559 -11.632421 10.436807 -5.553300 1.081946 -0.947296 8.137021 7.178953 -9.739075 -0.178462 -1.697625 1.274178 -7.769078 17.900189 -8.412262 -0.000000 -0.000001 -0.000000 7.090325 15.448927 -58.887985 35.952555 16.363899 -98.116904 23.561076 19.416409 -12.146607 -0.000004 0.000003 -0.000003 14.884821 0.031149 34.301900 45.193419 4.984103 77.839172 14.910974 -8.662335 1.844101 -0.000001 0.000001 -0.000003 14.217383 -3.777638 -27.622513 -23.317135 -13.413952 60.015479 -13.144252 2.315005 9.528046 0.000002 0.000001 -0.000001 28.698754 -7.538627 -8.356929 -30.252243 -6.563359 -16.309167 -0.567184 20.178148 -2.583644 0.000001 -0.000000 -0.000001 
-4.896361 104.930206 -4.248093 -0.993210 -11.076937 10.056553 -5.799744 1.050577 -0.722365 8.098665 7.005218 -9.577871 0.071574 -1.723384 1.133660 -6.673072 17.685904 -8.633844 -0.000002 -0.000001 -0.000001 7.083896 16.424411 -58.402550 36.187865 16.640096 -97.748497 23.514350 20.904530 -13.908871 -0.000003 0.000005 -0.000001 14.914601 -0.882287 34.069609 45.354242 4.672694 76.720851 19.318792 -7.772151 2.496775 -0.000008 0.000002 -0.000005 15.550312 -3.806386 -27.784296 -23.697647 -13.532266 60.636377 -13.256022 2.308752 9.551931 0.000001 -0.000002 0.000003 29.717822 -7.640727 -7.960434 -30.774223 -6.722656 -16.722316 -1.371913 20.815845 -2.482552 -0.000001 0.000003 -0.000000 
-4.735867 105.052361 -4.200743 -1.983849 -11.928962 9.853682 -5.411084 1.031314 -1.019964 7.942470 7.214062 -9.787212 0.320594 0.111415 1.830430 -5.167237 17.032019 -8.470093 0.000001 0.000000 -0.000001 7.242413 15.379709 -58.535923 36.233146 17.037383 -97.257092 23.480208 21.684063 -14.492463 -0.000006 0.000004 -0.000002 14.653182 -3.185400 34.802952 45.486389 3.243670 76.101059 23.114342 -6.722095 2.879784 -0.000003 0.000001 0.000001 16.781162 -3.977399 -28.131753 -23.828262 -13.461875 60.728312 -12.373700 2.941511 10.210755 0.000002 0.000000 0.000002 31.256127 -8.009607 -7.908478 -31.716082 -6.841436 -17.075065 -1.126666 22.062056 -2.642966 0.000000 0.000001 -0.000002 
-4.571184 105.141045 -4.162430 -2.664806 -12.089825 9.693716 -5.247580 1.005515 -1.095698 7.993901 7.143512 -9.725947 0.084672 0.842936 1.888608 -3.962142 16.599557 -8.443182 -0.000000 -0.000001 0.000001 7.332440 15.216178 -59.055031 36.176070 17.383489 -96.627895 22.918790 22.285702 -14.705761 -0.000004 0.000007 -0.000000 14.527935 -4.489982 35.344836 45.605774 1.831964 75.714880 26.404379 -5.917336 3.607930 -0.000004 -0.000000 0.000000 17.916585 -4.153641 -28.460582 -24.389622 -13.605404 60.958721 -12.448384 3.236166 10.708710 0.000002 -0.000004 0.000005 31.983327 -8.239650 -8.060369 -31.703652 -6.992567 -16.944275 -1.324813 22.777439 -2.689669 -0.000000 0.000001 -0.000000 
-4.418065 105.204414 -4.123330 -2.302374 -11.434102 9.436476 -5.703898 1.032963 -0.750394 7.759827 6.981390 -9.440366 0.188346 -0.482433 1.336383 -4.573407 16.837494 -8.512839 0.000002 -0.000002 -0.000001 7.326412 16.246344 -59.526198 36.088923 17.751718 -96.314950 21.996810 22.811018 -14.903384 -0.000005 0.000000 -0.000000 14.751559 -3.911703 35.432105 45.353221 2.584607 74.911261 27.745053 -6.054947 4.285863 -0.000001 -0.000002 -0.000002 16.887358 -3.943657 -28.268862 -22.833114 -13.262914 61.269870 -13.039962 3.234391 10.882649 0.000005 -0.000002 0.000002 31.242894 -7.909152 -7.808611 -30.680387 -6.907791 -16.857061 -2.256802 21.674432 -2.314992 0.000001 0.000002 0.000001 
-4.284980 105.255211 -4.078586 -1.632855 -11.139939 9.298009 -6.584986 1.187970 -0.520865 8.583529 6.681976 -9.410471 -0.301869 -0.817179 1.086773 -4.854593 17.068081 -8.479025 -0.000001 -0.000001 -0.000001 7.448387 16.443976 -59.825572 36.201423 17.408450 -96.005460 21.352843 22.975049 -14.464763 0.000001 0.000001 -0.000000 14.920316 -3.815405 35.542853 45.318087 3.636242 74.440791 28.037479 -6.156459 4.022450 -0.000000 0.000001 -0.000003 15.989234 -3.808452 -28.009781 -22.078462 -13.017887 61.297792 -13.534052 3.303082 11.220813 0.000006 -0.000001 0.000004 30.784687 -7.681160 -7.636921 -30.379370 -6.875860 -16.816305 -2.710446 21.132853 -2.079881 0.000002 -0.000000 -0.000003 
-4.177608 105.291534 -4.031740 -2.936228 -12.269779 9.227836 -5.649909 1.111616 -1.124571 8.767032 7.029989 -9.909300 -0.402737 0.704297 1.748040 -3.814063 16.585948 -8.286396 0.000001 -0.000001 0.000000 7.719763 15.805464 -60.331088 36.402456 16.913126 -95.668793 20.663866 23.113095 -13.532912 -0.000007 0.000004 -0.000000 15.185097 -3.904295 36.191356 45.599354 4.507181 74.635041 27.300888 -6.656529 3.214999 -0.000004 0.000001 -0.000003 16.808365 -3.889810 -28.095766 -21.207387 -12.543029 60.896928 -12.892721 3.679468 11.641538 0.000003 0.000000 0.000002 32.397674 -8.082805 -7.614270 -30.701154 -6.946806 -17.133460 -2.596460 21.689877 -2.227271 0.000001 0.000001 -0.000000 
-4.080633 105.316872 -3.988078 -2.989383 -13.169041 9.074715 -5.917375 1.185065 -1.125553 8.787218 7.177090 -10.091590 -0.445672 1.557602 1.958109 -3.196065 16.520322 -8.450337 -0.000001 -0.000000 -0.000001 7.893446 15.283988 -60.642606 36.628966 16.805149 -95.939159 19.449307 23.616719 -12.977985 -0.000005 0.000006 -0.000001 15.286498 -3.979685 36.154220 45.729537 5.391429 74.988066 27.828600 -7.006053 3.182848 -0.000003 0.000002 -0.000000 17.443571 -3.878232 -28.134318 -21.699009 -12.444272 60.979219 -12.547406 3.616970 11.525331 0.000006 -0.000003 0.000005 33.643401 -8.489851 -7.617815 -32.102074 -7.351032 -17.100352 -2.645196 23.085956 -2.342172 -0.000001 0.000002 -0.000002 
-3.985780 105.336777 -3.937895 -2.918220 -13.333110 8.979070 -5.944787 1.141708 -1.000034 8.290009 7.276117 -9.962039 0.104510 1.525077 1.745429 -2.891009 16.676721 -8.498274 0.000002 -0.000000 -0.000001 7.880832 15.952631 -61.037958 36.858190 17.148221 -96.070115 18.896429 24.045145 -12.887103 -0.000009 0.000006 0.000001 15.373576 -3.860666 36.071325 45.877523 5.979140 74.955643 28.349829 -7.404638 3.602183 -0.000001 0.000000 -0.000001 17.853886 -3.940611 -28.076563 -22.562884 -12.596374 61.147255 -12.377281 3.371429 11.144847 -0.000000 -0.000002 0.000003 34.446983 -8.666095 -7.587200 -33.346718 -7.580180 -16.952154 -2.240059 23.969173 -2.431822 0.000000 0.000002 0.000001 
-3.895718 105.342087 -3.886055 -2.732088 -13.650814 9.009911 -6.126796 1.157665 -0.906736 8.346590 7.386280 -10.068940 0.007858 1.639984 1.715719 -2.556206 16.893436 -8.532435 -0.000002 0.000000 -0.000001 8.061520 15.721656 -61.313645 37.091605 17.417163 -96.242857 18.429686 24.484534 -12.818546 -0.000008 0.000006 0.000001 15.433752 -4.291009 36.054837 46.106430 6.013516 74.963334 29.033293 -7.495932 3.759297 -0.000000 0.000003 -0.000000 17.743689 -3.972157 -28.173110 -22.343938 -12.553276 61.123233 -12.426079 3.406472 11.202122 0.000007 -0.000001 0.000001 34.759184 -8.818795 -7.763580 -33.866503 -7.642679 -16.725404 -2.036528 24.081729 -2.472119 0.000000 -0.000000 -0.000001 
-3.814704 105.340408 -3.841372 -2.659747 -14.343925 8.993971 -6.339003 1.220025 -0.867226 8.395639 7.498767 -10.242261 -0.079537 2.141045 1.830206 -2.810701 16.871242 -8.517606 -0.000001 -0.000002 0.000000 8.038170 15.065738 -61.479578 37.000856 17.528890 -96.077416 18.187609 24.670244 -13.054718 -0.000002 0.000004 -0.000000 15.297206 -4.751778 36.238716 46.124223 5.609822 75.273937 29.152972 -7.549635 3.863044 -0.000002 0.000000 -0.000001 17.879188 -3.994218 -28.279102 -22.409048 -12.460862 61.023574 -12.008963 3.623661 11.365253 0.000005 -0.000002 0.000003 34.998695 -8.980068 -7.899127 -34.132132 -7.741334 -16.680958 -2.258856 24.441105 -2.373317 0.000000 0.000001 -0.000002 
-3.745647 105.334579 -3.797215 -2.770598 -14.560445 8.984433 -6.307633 1.234153 -0.907059 8.663522 7.482679 -10.361843 -0.399075 2.286723 1.908965 -2.808692 16.852156 -8.566451 -0.000001 -0.000000 -0.000000 8.013404 15.114321 -61.473772 36.850045 17.351694 -95.685390 18.648039 24.706905 -13.539719 -0.000007 0.000005 0.000000 15.218695 -4.968660 36.183788 46.131163 5.493815 75.458175 29.102657 -7.439061 3.780345 -0.000004 -0.000002 -0.000002 18.042194 -4.000240 -28.282104 -22.394175 -12.494969 60.863925 -11.708735 3.816634 11.513363 0.000006 0.000000 0.000002 35.224413 -9.070821 -7.970855 -34.162851 -7.698166 -16.544156 -2.411777 24.322953 -2.351047 0.000000 -0.000001 -0.000001 
-3.681836 105.321770 -3.745652 -2.283951 -14.552980 8.933911 -6.340607 1.236999 -0.820066 8.576392 7.354007 -10.203317 -0.348770 2.218370 1.696619 -3.301951 16.792404 -8.566252 -0.000000 0.000000 -0.000001 7.821572 14.869551 -61.138703 36.560678 16.716944 -95.195563 19.148316 24.526868 -14.133208 -0.000006 0.000007 -0.000000 15.016301 -4.901964 35.907595 46.027921 5.452727 75.985943 28.733564 -7.259105 3.690145 -0.000006 0.000003 -0.000000 18.125447 -3.985627 -28.279049 -23.025008 -12.705404 61.059528 -11.870387 3.611311 11.245947 -0.000001 0.000000 -0.000002 35.076539 -9.008523 -7.884456 -34.285231 -7.705792 -16.517035 -2.474933 24.525966 -2.309341 0.000001 0.000001 0.000001 
-3.626346 105.307892 -3.693313 -2.350463 -14.868596 8.889771 -5.940479 1.168591 -0.920831 8.243716 7.400556 -10.125331 -0.177113 2.013919 1.661941 -3.258819 17.057566 -8.825590 -0.000002 -0.000001 -0.000001 7.798191 15.071557 -61.064336 36.436757 16.662931 -94.882563 19.561196 24.473585 -14.085897 -0.000003 0.000002 -0.000002 15.104270 -4.532150 35.866034 45.970335 5.588112 75.886496 28.413729 -7.447878 3.493015 -0.000004 0.000001 0.000000 18.217066 -3.939229 -28.297810 -22.990266 -12.668855 60.978604 -11.746990 3.635792 11.244913 0.000005 -0.000001 0.000001 35.104102 -9.058423 -7.895542 -33.918334 -7.678172 -16.597908 -2.741691 24.727563 -2.290353 0.000000 0.000001 -0.000000 
-3.567908 105.288864 -3.638872 -1.733188 -15.014892 8.811084 -6.804915 1.267064 -0.557427 8.663024 7.344735 -10.227833 -0.260768 1.746795 1.647230 -3.337731 17.172796 -8.853304 -0.000001 -0.000002 -0.000000 7.812525 15.649656 -61.045724 36.521479 16.517546 -94.697745 19.609818 24.705272 -14.226326 -0.000005 -0.000001 -0.000001 15.206924 -4.618830 35.966338 45.964598 5.701025 75.528526 28.428690 -7.666139 3.714378 -0.000004 0.000002 0.000004 18.178265 -3.959268 -28.328051 -23.781288 -12.964432 61.232216 -11.772996 3.580532 11.172409 0.000007 -0.000001 0.000000 34.764946 -8.955475 -7.911613 -34.032708 -7.704712 -16.451504 -2.803254 24.900699 -2.247101 -0.000001 0.000006 0.000000 
-3.511668 105.270416 -3.585432 -1.731736 -15.436321 8.872143 -6.510036 1.237892 -0.724393 8.203190 7.564943 -10.264419 0.163185 2.067054 1.793246 -3.585647 17.203565 -8.777838 -0.000001 -0.000000 -0.000001 7.922429 14.911925 -60.887756 36.615220 16.538238 -94.840844 19.416988 24.770729 -14.116608 0.000002 0.000001 -0.000005 15.288359 -4.379545 35.938857 45.977019 5.912954 75.418163 28.462109 -7.585337 3.567245 -0.000003 0.000005 -0.000000 18.369010 -4.057912 -28.514213 -24.120714 -13.097839 61.204881 -11.477283 3.859357 11.467725 0.000006 -0.000000 0.000001 34.793414 -9.041848 -8.097281 -34.102940 -7.677822 -16.448974 -2.559594 25.239484 -2.355186 -0.000001 0.000001 -0.000002 
-3.455520 105.264565 -3.534321 -1.848385 -15.327196 8.974672 -6.136646 1.158592 -0.816572 8.008825 7.612163 -10.208094 0.200666 1.970924 1.719150 -3.687678 17.206952 -8.806823 -0.000000 -0.000000 -0.000001 7.998205 15.054229 -61.066467 36.705792 16.499662 -94.706419 19.334452 25.118449 -14.255085 -0.000004 0.000001 -0.000000 15.319144 -4.714834 36.058631 46.076132 5.746219 75.260816 29.020784 -7.720090 3.889032 -0.000004 0.000000 0.000002 18.457092 -4.100490 -28.668507 -24.149438 -13.022966 61.294869 -11.711915 3.611339 11.301992 0.000008 -0.000001 0.000000 34.824259 -9.139644 -8.235437 -34.032510 -7.830973 -16.565632 -2.902018 25.577257 -2.299132 0.000001 -0.000001 0.000001 
-3.404206 105.266479 -3.488623 -1.753026 -15.463260 9.030291 -6.228558 1.188428 -0.798898 8.050221 7.619447 -10.233621 0.170810 2.174888 1.736012 -3.366479 17.163509 -8.806614 0.000000 0.000002 -0.000002 8.031120 14.553376 -61.214437 36.672040 16.470637 -94.585880 19.710164 24.897428 -13.952525 -0.000003 -0.000000 0.000001 15.258337 -4.819581 36.015581 46.165850 5.612450 75.365626 29.353732 -7.613916 3.880998 -0.000002 0.000000 -0.000003 18.135020 -4.104605 -28.716619 -23.910293 -12.994541 61.283517 -11.591260 3.703385 11.401695 0.000003 -0.000000 0.000001 34.643956 -9.087251 -8.283143 -34.006119 -7.774243 -16.683920 -2.723738 25.718268 -2.369807 -0.000000 0.000002 -0.000000 
-3.350960 105.259819 -3.441703 -1.565615 -15.335170 9.079108 -6.585328 1.216546 -0.580592 8.912109 7.442182 -10.428790 -0.463925 2.105621 1.700952 -3.374862 17.162763 -8.873386 -0.000001 -0.000001 0.000000 8.032520 14.053507 -61.278934 36.571777 16.107785 -94.463579 19.581691 24.769550 -14.081979 -0.000004 0.000004 0.000002 15.144602 -4.861202 35.950933 46.024277 5.712280 75.149156 29.400775 -7.733430 4.630650 -0.000006 0.000002 0.000004 18.347602 -4.165366 -28.857860 -24.491501 -13.267605 61.499221 -11.800844 3.505147 11.180537 0.000004 -0.000002 0.000003 34.512205 -9.093006 -8.359117 -34.125100 -7.798477 -16.614008 -2.592527 25.699842 -2.442331 0.000001 0.000002 0.000003 
-3.300822 105.261749 -3.399281 -1.500573 -15.268693 9.062226 -6.742756 1.218241 -0.489550 8.623564 7.459913 -10.362497 -0.145425 1.541496 1.609787 -3.265049 17.352080 -9.053722 -0.000001 -0.000001 0.000000 7.875390 15.727979 -61.540804 36.412770 16.334831 -94.259834 19.847119 24.897639 -14.937298 -0.000005 0.000001 -0.000002 15.156325 -4.209222 35.701641 45.944166 5.551800 75.143856 29.825332 -7.433691 4.862258 0.000002 0.000004 0.000001 18.268635 -4.112221 -28.833292 -24.655962 -13.404750 61.545913 -11.812786 3.490056 11.082332 0.000006 -0.000003 0.000002 34.458823 -9.118185 -8.370545 -34.423467 -7.823434 -16.520774 -2.371065 25.727513 -2.537879 -0.000000 0.000001 -0.000002 
-3.250985 105.260445 -3.354727 -1.464711 -15.093980 9.163397 -6.984744 1.283010 -0.445990 8.808365 7.315344 -10.283321 -0.295673 1.513944 1.458665 -3.233807 17.324768 -9.012137 -0.000001 -0.000001 -0.000000 7.795011 15.734927 -61.546985 36.274503 16.469391 -94.190337 19.996485 24.841832 -15.319933 -0.000004 0.000003 0.000001 15.076604 -4.109347 35.556162 45.824572 5.550000 75.153282 29.944260 -7.481422 5.358608 -0.000003 -0.000001 0.000003 18.209018 -4.106053 -28.935833 -24.702615 -13.454006 61.631105 -12.152301 3.336007 10.936296 0.000003 0.000001 -0.000001 34.358140 -9.154129 -8.420940 -34.552940 -7.789277 -16.539967 -2.254150 25.722446 -2.542028 -0.000001 0.000002 0.000005 
-3.202470 105.256248 -3.308493 -1.423676 -15.161697 9.245702 -7.104213 1.304768 -0.450481 8.710156 7.419376 -10.339913 0.006599 1.148987 1.488252 -2.966460 17.567897 -9.186444 -0.000003 0.000000 -0.000001 7.659153 17.554245 -61.572222 36.208547 16.675769 -93.858834 20.584049 25.123821 -16.544122 -0.000007 0.000004 -0.000002 15.127039 -3.957634 35.536450 45.905893 5.451807 74.936949 30.336231 -7.136169 5.509353 -0.000001 0.000001 0.000000 18.443241 -4.221759 -29.081077 -25.305810 -13.689629 61.660113 -12.119557 3.306923 10.870931 -0.000000 -0.000004 0.000002 34.407549 -9.210243 -8.594769 -34.742133 -7.771321 -16.384714 -2.071648 25.785959 -2.572459 -0.000000 0.000002 0.000002 
-3.155337 105.259903 -3.277671 -1.831222 -15.121822 9.205614 -6.665538 1.222462 -0.563148 8.629808 7.440069 -10.324032 -0.079731 1.267712 1.582641 -3.158193 17.369195 -9.037049 -0.000000 -0.000000 0.000000 7.760631 17.007637 -61.332995 36.307424 16.773515 -93.895239 20.878978 25.279901 -16.462726 -0.000007 0.000003 -0.000001 15.267139 -3.720873 35.598550 45.900903 5.503626 74.558564 30.548475 -7.079589 5.099410 -0.000001 -0.000000 -0.000005 18.337427 -4.169622 -28.999631 -24.964855 -13.525537 61.563056 -12.326086 3.379163 11.049217 0.000005 -0.000002 0.000003 34.274555 -9.156484 -8.528866 -34.192149 -7.683634 -16.605827 -2.474032 25.620233 -2.427938 -0.000000 0.000001 -0.000001 
