HIERARCHY
ROOT Hips
{
	OFFSET -6.735209 106.389282 -5.845621
	CHANNELS 6 Xposition Yposition Zposition Xrotation Yrotation Zrotation
	JOINT Chest
	{
		OFFSET 1.077482 13.523247 1.454350
		CHANNELS 3 Xrotation Yrotation Zrotation
		JOINT Chest2
		{
			OFFSET 2.959523 21.216972 0.384526
			CHANNELS 3 Xrotation Yrotation Zrotation
			JOINT Chest3
			{
				OFFSET 2.375142 14.582306 -2.129560
				CHANNELS 3 Xrotation Yrotation Zrotation
				JOINT Neck
				{
					OFFSET 4.441743 16.687073 -0.654522
					CHANNELS 3 Xrotation Yrotation Zrotation
					JOINT Head
					{
						OFFSET 1.869761 10.309509 0.214115
						CHANNELS 3 Xrotation Yrotation Zrotation
						End Site
						{
							OFFSET 1.918426 10.301529 0.160180
						}
					}
				}
				JOINT LeftCollar
				{
					OFFSET 5.136165 12.530777 4.289947
					CHANNELS 3 Xrotation Yrotation Zrotation
					JOINT LeftUpArm
					{
						OFFSET 13.321817 4.047379 10.707349
						CHANNELS 3 Xrotation Yrotation Zrotation
						JOINT LeftLowArm
						{
							OFFSET -25.850937 10.892883 18.783028
							CHANNELS 3 Xrotation Yrotation Zrotation
							JOINT LeftHand
							{
								OFFSET -17.107428 24.653976 0.681280
								CHANNELS 3 Xrotation Yrotation Zrotation
								End Site
								{
									OFFSET -3.738937 5.388260 0.148899
								}
							}
						}
					}
				}
				JOINT RightCollar
				{
					OFFSET -1.521953 14.110992 -0.610208
					CHANNELS 3 Xrotation Yrotation Zrotation
					JOINT RightUpArm
					{
						OFFSET -9.336292 5.108902 -13.972435
						CHANNELS 3 Xrotation Yrotation Zrotation
						JOINT RightLowArm
						{
							OFFSET -19.234688 22.571640 16.133244
							CHANNELS 3 Xrotation Yrotation Zrotation
							JOINT RightHand
							{
								OFFSET 10.504490 21.585754 18.018488
								CHANNELS 3 Xrotation Yrotation Zrotation
								End Site
								{
									OFFSET 2.295856 4.717789 3.938110
								}
							}
						}
					}
				}
			}
		}
	}
	JOINT LeftUpLeg
	{
		OFFSET 8.920938 -1.185066 4.408130
		CHANNELS 3 Xrotation Yrotation Zrotation
		JOINT LeftLowLeg
		{
			OFFSET 12.937965 -42.288067 16.979908
			CHANNELS 3 Xrotation Yrotation Zrotation
			JOINT LeftFoot
			{
				OFFSET -6.223141 -40.992744 -16.776026
				CHANNELS 3 Xrotation Yrotation Zrotation
				JOINT LeftToe
				{
					OFFSET -6.838751 -21.385262 7.447252
					CHANNELS 3 Xrotation Yrotation Zrotation
					End Site
					{
						OFFSET -1.051539 -13.016201 19.723886
					}
				}
			}
		}
	}
	JOINT RightUpLeg
	{
		OFFSET -8.920958 1.184868 -4.408154
		CHANNELS 3 Xrotation Yrotation Zrotation
		JOINT RightLowLeg
		{
			OFFSET 2.026291 -47.036739 -5.239341
			CHANNELS 3 Xrotation Yrotation Zrotation
			JOINT RightFoot
			{
				OFFSET 9.675632 -40.675812 -15.888349
				CHANNELS 3 Xrotation Yrotation Zrotation
				JOINT RightToe
				{
					OFFSET -2.590332 -21.673084 9.117243
					CHANNELS 3 Xrotation Yrotation Zrotation
					End Site
					{
						OFFSET -7.373067 -10.772858 19.726620
					}
				}
			}
		}
	}
}
MOTION
Frames: 211
Frame Time: 0.033333
-2.798847 104.804863 -1.111719 1.173610 22.928213 5.943518 2.759059 -1.242284 5.376579 2.922509 2.512390 -2.228344 3.532017 12.495764 5.182130 -3.007110 1.659719 -0.485797 0.000001 0.000002 -0.000001 39.772663 10.811756 -43.329972 94.188910 40.806371 -47.899164 13.733753 20.461645 48.259934 -0.000002 0.000004 0.000003 -18.393045 -9.362625 31.566300 14.110385 -40.873286 88.119925 37.151786 -21.794094 48.995628 -0.000003 -0.000003 -0.000002 24.700028 -4.785910 -15.396691 -33.817271 -5.260137 24.386017 -27.562815 -18.694296 -7.550234 0.000002 0.000002 -0.000003 0.376519 2.746459 -7.695379 -6.853091 -2.017721 -4.529524 -9.643182 -7.075337 -1.954135 -0.000002 -0.000002 0.000001 
-2.798107 104.807915 -1.115038 1.086669 23.119982 5.895814 2.753523 -1.240583 5.407594 3.637663 2.406821 -1.963977 2.857682 12.187312 4.981178 -2.802462 1.714599 -0.651690 0.000000 0.000000 -0.000000 40.084748 11.532834 -44.151760 94.578818 40.824925 -48.418159 13.600362 20.450438 48.856811 -0.000002 0.000004 0.000001 -18.414453 -9.176057 31.750247 14.019304 -41.138031 88.026419 37.367002 -21.571172 48.703989 -0.000000 -0.000003 0.000001 24.724038 -4.730897 -15.300283 -33.853088 -5.185170 24.320658 -27.560430 -18.734661 -7.576501 0.000003 0.000000 0.000001 0.458138 2.721714 -7.636423 -6.793234 -2.074153 -4.422729 -9.795365 -7.205131 -1.998063 -0.000004 -0.000004 0.000000 
-2.796369 104.807228 -1.119155 1.459812 23.259128 5.842086 2.486534 -1.215547 5.332579 3.882499 2.363602 -1.826325 2.768612 12.075035 4.922179 -3.024795 1.715413 -0.723428 0.000001 0.000002 -0.000001 40.084956 11.311875 -43.944720 94.395202 40.862365 -48.150610 13.506517 20.247083 48.732276 -0.000002 0.000003 0.000003 -18.469060 -9.318086 31.770485 13.799576 -40.614214 87.633690 37.058708 -21.842059 49.023765 -0.000000 0.000002 0.000003 24.200521 -4.810826 -15.403890 -33.545508 -5.245532 24.410551 -27.824896 -18.687025 -7.644882 -0.000000 0.000002 -0.000001 0.226375 2.798012 -7.677406 -6.871824 -1.988776 -4.404442 -10.054416 -7.259642 -2.043551 -0.000004 -0.000004 -0.000000 
-2.788769 104.807877 -1.121569 1.665183 23.085669 5.721961 1.920910 -1.190059 5.192398 4.515664 2.300199 -1.541285 2.433648 12.195339 4.733241 -2.920193 1.756654 -0.531269 0.000002 0.000004 -0.000000 39.980560 11.204065 -43.340760 94.308493 40.918789 -47.644220 13.242551 20.052025 48.519547 -0.000000 0.000003 0.000003 -18.165117 -9.232383 31.859332 13.996791 -40.145277 87.660799 36.767858 -21.951053 48.682078 -0.000001 -0.000001 -0.000000 23.916893 -4.836795 -15.482973 -33.497208 -5.261731 24.458479 -27.744094 -18.566925 -7.526359 -0.000002 0.000002 -0.000001 0.271978 2.769072 -7.603608 -7.317459 -2.116241 -4.617282 -9.778334 -7.169843 -1.990948 -0.000002 -0.000003 -0.000000 
-2.777443 104.809738 -1.122296 1.601231 23.082389 5.654922 2.351974 -1.245357 5.397910 3.731379 2.441768 -1.874716 2.968983 12.662784 4.902891 -3.185286 1.591620 -0.126637 -0.000000 0.000002 -0.000001 39.405643 10.314092 -41.978035 94.530624 40.885000 -47.569805 13.055897 19.361771 48.470622 -0.000004 0.000004 -0.000000 -18.194162 -9.557134 31.613920 14.216263 -39.987032 88.085132 36.479016 -21.823184 48.286562 0.000001 -0.000003 -0.000002 24.013924 -4.851422 -15.418334 -33.370508 -5.370850 24.521112 -27.512115 -18.597963 -7.498793 0.000004 0.000000 0.000001 0.430217 2.757772 -7.517306 -7.251310 -1.990328 -4.526003 -9.777418 -7.222467 -1.864628 -0.000000 -0.000003 -0.000000 
-2.764772 104.817352 -1.123016 1.315245 23.238300 5.609518 2.647708 -1.293655 5.525803 3.643625 2.391413 -1.720745 2.939088 12.718129 4.728276 -3.329609 1.631998 -0.012896 0.000000 -0.000001 0.000000 39.316717 10.021937 -41.378348 94.408056 41.074357 -47.232800 12.584624 19.444912 48.331467 -0.000001 0.000004 0.000003 -18.153094 -9.802650 31.717848 14.467988 -39.880556 88.110820 36.486119 -22.043223 47.905287 -0.000001 -0.000003 -0.000002 24.239190 -4.757995 -15.251828 -33.162481 -5.394941 24.484796 -27.557240 -18.729267 -7.571588 0.000002 0.000001 -0.000001 0.350500 2.732799 -7.442902 -6.733286 -1.912442 -4.292657 -9.975095 -7.327945 -1.893065 -0.000002 -0.000001 0.000000 
-2.744374 104.824852 -1.126637 1.741521 23.354587 5.580884 1.976757 -1.195605 5.306609 4.202672 2.290324 -1.483856 2.552697 11.915495 4.646171 -2.891907 1.808330 -0.239361 0.000000 -0.000001 0.000001 39.893250 11.068036 -42.948257 95.045094 41.097218 -48.311427 12.858716 19.411194 48.874638 -0.000001 0.000003 0.000001 -17.886034 -9.037915 31.931175 14.402036 -40.158620 88.272135 36.195119 -22.165132 47.940999 0.000002 -0.000004 -0.000000 23.692972 -4.859139 -15.478582 -32.661859 -5.365113 24.717495 -28.231183 -18.425678 -7.639354 0.000002 0.000001 0.000001 0.032116 2.834801 -7.658683 -6.744157 -1.861749 -4.224009 -9.821474 -7.374877 -1.741055 -0.000004 -0.000001 0.000000 
-2.718547 104.835831 -1.130635 1.362399 23.253324 5.568193 2.430743 -1.246660 5.469465 3.932323 2.312159 -1.578947 2.746196 11.838570 4.806101 -3.099023 1.903309 -0.537275 0.000001 -0.000001 -0.000002 39.966244 11.338522 -43.246610 95.035703 41.034738 -48.296189 12.902212 19.766255 48.869601 0.000000 0.000001 0.000000 -17.987986 -9.224293 31.929266 14.240609 -40.068451 88.069504 36.183180 -22.307249 47.793258 0.000002 0.000003 -0.000001 24.092830 -4.792027 -15.403178 -32.609779 -5.280217 24.822808 -28.188030 -18.411055 -7.603449 0.000003 0.000001 -0.000001 0.147191 2.782277 -7.635938 -6.398347 -1.873482 -4.161579 -9.695043 -6.963057 -1.890487 -0.000000 -0.000001 0.000000 
-2.689093 104.848320 -1.137510 1.349538 22.802067 5.571495 2.462361 -1.251095 5.495469 4.136615 2.341846 -1.642628 2.559719 12.183929 4.740798 -2.763200 1.775783 -0.323668 0.000000 0.000004 -0.000001 39.818671 11.160592 -43.004633 95.118280 40.982269 -48.391146 12.878381 19.812782 48.846897 0.000000 0.000003 0.000003 -18.009010 -9.320638 31.845699 14.251466 -40.150898 88.226366 36.179290 -22.327187 47.625400 -0.000002 -0.000001 -0.000001 24.035355 -4.788229 -15.536930 -32.412007 -5.175795 24.914549 -28.234107 -18.087487 -7.466331 0.000003 0.000002 -0.000003 -0.226878 2.828028 -7.953598 -5.861242 -1.924800 -3.869920 -9.640698 -6.668799 -2.077496 -0.000002 0.000001 -0.000000 
-2.649200 104.851562 -1.136827 1.537710 22.970012 5.455515 2.392407 -1.253815 5.623121 3.986704 2.247367 -1.503198 2.608061 11.914247 4.599783 -2.770282 1.760554 -0.420855 0.000001 0.000000 -0.000000 39.986690 11.053085 -43.135373 94.766662 41.002001 -48.032561 12.579401 19.429817 48.978498 -0.000002 0.000004 0.000003 -17.997222 -9.179333 32.055338 14.187625 -40.225125 87.953794 36.261423 -22.301995 47.120676 -0.000001 0.000000 -0.000001 23.856112 -4.777590 -15.615144 -32.086624 -5.197736 25.163144 -28.170956 -18.334642 -7.555747 0.000003 0.000001 -0.000001 -0.378116 2.831355 -8.034260 -5.679593 -2.005307 -3.653232 -9.551038 -6.835326 -2.036549 -0.000002 -0.000001 -0.000001 
-2.598371 104.846489 -1.130342 1.726002 23.070859 5.425521 2.264323 -1.229132 5.620041 4.457261 2.146281 -1.241562 2.115344 11.900954 4.345631 -2.539737 1.591723 -0.224954 -0.000000 0.000005 -0.000001 39.660791 11.020490 -43.016350 95.655426 40.749687 -48.868279 12.774573 18.989680 49.114316 -0.000001 0.000001 0.000002 -18.358126 -9.553264 31.749356 14.148053 -41.156073 88.155332 36.860373 -21.638254 47.404146 -0.000001 0.000003 -0.000001 23.878582 -4.850610 -15.646430 -31.862085 -5.082165 25.200289 -28.513830 -18.072520 -7.506208 0.000003 0.000001 -0.000003 -0.855024 2.950384 -8.267257 -4.882179 -1.923134 -3.298612 -9.692639 -6.699853 -2.116385 -0.000000 0.000002 0.000001 
-2.539123 104.851021 -1.128078 1.481583 23.353846 5.514886 2.374468 -1.270725 5.751132 4.582362 2.200572 -1.241072 2.147439 11.287565 4.425321 -2.736140 1.857445 -0.449915 -0.000000 0.000002 -0.000000 40.106755 11.714800 -43.819205 94.901360 40.872330 -47.764548 12.672774 19.433495 48.979871 0.000000 0.000006 0.000003 -17.931227 -8.809545 32.146224 14.137072 -40.625299 87.889331 36.489613 -21.440077 46.279074 -0.000002 0.000003 0.000002 23.968268 -4.976276 -15.760945 -31.379928 -5.054708 25.472622 -29.018441 -18.187464 -7.645996 0.000003 0.000001 -0.000001 -0.964093 3.056383 -8.476465 -4.398484 -1.866511 -3.033922 -9.897024 -6.655534 -2.139374 -0.000000 -0.000002 0.000001 
-2.464598 104.843399 -1.123759 1.609153 23.361086 5.428639 2.478498 -1.307845 5.973832 4.193971 2.260797 -1.403330 2.385983 11.272600 4.568746 -2.857698 1.956732 -0.590517 0.000001 0.000002 -0.000001 40.056751 11.447669 -43.415151 95.094142 40.863424 -47.822942 12.498525 18.959907 48.848389 -0.000000 0.000001 -0.000001 -17.897901 -9.018015 32.029612 14.310225 -40.663313 87.889720 36.432984 -21.308874 45.912190 -0.000001 0.000001 -0.000001 23.453241 -5.026301 -16.053207 -30.430159 -5.058873 25.879645 -28.920107 -18.041053 -7.562557 -0.000000 0.000003 -0.000004 -1.700400 3.202801 -8.837519 -3.276650 -1.710430 -2.447267 -10.376979 -6.702561 -2.425080 -0.000000 -0.000003 -0.000000 
-2.382558 104.826233 -1.114076 2.087208 23.641168 5.347733 2.850018 -1.337291 6.263486 2.115709 2.496603 -2.213532 3.655418 11.144884 5.210264 -2.765741 1.680797 -0.588456 -0.000000 0.000000 -0.000000 39.538001 10.907188 -42.707219 96.265506 40.503790 -49.139550 12.931746 18.584082 48.602660 -0.000001 -0.000003 0.000001 -18.259112 -9.466439 31.699383 14.088703 -41.389451 87.818590 36.499732 -21.191925 46.795030 -0.000001 0.000003 -0.000002 23.130502 -5.027600 -16.193086 -30.121722 -4.952553 25.912040 -28.677311 -17.776368 -7.403438 0.000004 0.000002 -0.000001 -2.754758 3.368572 -9.263410 -1.776508 -1.531842 -1.717372 -10.437918 -6.696286 -2.597337 -0.000000 0.000003 -0.000000 
-2.297878 104.810860 -1.108229 1.719564 23.468965 5.384740 3.268297 -1.373415 6.434952 2.598361 2.397662 -2.053316 3.155024 11.286722 5.077916 -2.740187 1.750730 -0.781135 -0.000001 -0.000001 -0.000000 39.575407 10.832665 -42.656697 96.685870 40.445645 -49.625368 12.710181 18.064595 48.662728 -0.000003 0.000001 0.000003 -18.113317 -9.096751 31.944931 13.970276 -41.360952 87.581050 36.091123 -21.346197 46.216509 -0.000001 -0.000002 -0.000000 23.595281 -4.911543 -16.178708 -30.009754 -4.948456 25.842053 -28.589679 -17.351993 -7.223911 0.000003 0.000001 -0.000003 -2.890142 3.335454 -9.447881 -0.612784 -1.345943 -1.214258 -10.454491 -6.306501 -2.912753 -0.000000 -0.000003 -0.000000 
-2.198284 104.783516 -1.101607 1.514287 23.578870 5.522330 2.986443 -1.336910 6.233333 3.921672 2.134226 -1.365403 2.324383 11.356273 4.571215 -2.749653 1.609203 -0.609800 0.000001 0.000002 0.000002 39.450220 10.643377 -42.511278 96.920944 40.387236 -49.891499 12.653189 17.934265 48.194884 0.000000 -0.000004 0.000001 -18.147114 -8.859107 32.123735 13.910861 -41.566315 87.575388 35.327781 -21.435458 45.441023 -0.000001 -0.000002 -0.000000 23.762990 -5.020305 -16.433579 -29.405207 -4.878436 26.154381 -29.095547 -17.148464 -7.266298 0.000002 0.000001 -0.000001 -3.740758 3.540403 -10.113809 1.187923 -1.100528 -0.193530 -10.874167 -6.481704 -3.002429 -0.000000 0.000001 -0.000000 
-2.087446 104.742714 -1.090877 1.508020 23.893298 5.414826 2.961779 -1.380624 6.491673 3.800863 2.058805 -1.161890 2.397779 10.915383 4.426647 -2.708173 1.555351 -0.549360 -0.000001 0.000000 -0.000000 39.617218 11.276161 -43.016552 96.785317 40.154313 -49.650185 13.144722 18.074521 47.797237 -0.000001 -0.000001 0.000005 -18.449973 -9.474242 31.850323 13.809339 -41.678661 87.679166 34.458120 -21.537875 45.483749 0.000000 -0.000001 -0.000001 23.542380 -5.097729 -16.553901 -28.333240 -4.827830 26.668136 -29.806423 -17.331410 -7.450879 0.000003 0.000003 -0.000002 -4.584397 3.708485 -10.510386 2.560832 -0.961344 0.541144 -10.967294 -6.504896 -3.109115 -0.000002 -0.000001 -0.000001 
-1.967818 104.701691 -1.079409 1.600021 24.187010 5.506686 2.844866 -1.374573 6.504321 3.708138 2.036383 -1.154653 2.560287 10.911222 4.447812 -2.811508 1.384295 -0.422514 0.000001 0.000000 -0.000000 39.454854 10.629644 -42.432721 96.817085 40.107786 -49.776390 13.097536 17.912846 47.148874 0.000002 -0.000001 0.000002 -18.705031 -9.764982 31.962338 13.794325 -42.211775 87.691849 33.925413 -21.364314 44.713458 -0.000001 -0.000003 -0.000005 23.367187 -5.197931 -16.905685 -27.737427 -4.792155 27.064304 -30.008825 -17.382138 -7.533316 0.000006 0.000003 -0.000005 -5.769918 3.987583 -11.232313 4.321916 -0.647247 1.485881 -11.452256 -6.803681 -3.243637 -0.000000 -0.000003 -0.000000 
-1.843055 104.637459 -1.075158 0.981455 24.011146 5.513592 3.475774 -1.450090 6.870094 3.389446 2.097378 -1.369871 2.709942 11.019303 4.545382 -2.639462 1.089645 -0.167150 0.000001 0.000002 0.000000 39.463255 10.715953 -42.601061 97.219881 39.946273 -50.439895 13.343589 17.995872 45.952058 0.000002 -0.000001 -0.000004 -19.000507 -9.967364 31.974069 13.756210 -42.796056 87.955959 32.624812 -21.583411 44.013862 -0.000001 -0.000002 -0.000002 23.555285 -5.277481 -17.097910 -26.857050 -4.604973 27.644168 -30.542553 -16.853258 -7.379318 0.000004 0.000003 -0.000004 -5.694704 3.958668 -11.469360 5.725019 -0.568113 2.265446 -11.807719 -6.578042 -3.709182 -0.000000 -0.000001 -0.000001 
-1.710828 104.560684 -1.071369 1.854041 23.750519 5.389378 2.860458 -1.402929 6.868511 4.033842 2.031769 -1.193009 2.006599 11.217941 4.219560 -3.065650 1.126746 -0.441892 0.000001 0.000000 0.000001 39.508048 10.457868 -42.876731 97.672648 40.018051 -51.779384 13.612504 17.864078 44.762481 -0.000000 0.000001 0.000001 -19.344670 -9.764719 32.315175 13.455655 -43.428255 87.723275 31.202104 -21.111988 42.147584 0.000001 0.000000 -0.000000 22.145896 -5.574234 -17.870278 -25.468531 -4.504704 28.359147 -30.718728 -15.871910 -6.974178 -0.000001 0.000001 0.000001 -7.316848 4.425303 -12.382445 7.610036 -0.195081 3.669343 -12.723826 -6.273320 -4.295814 -0.000002 0.000003 0.000001 
-1.577910 104.471634 -1.069287 2.464859 23.484286 5.297624 1.966809 -1.337467 6.700828 4.508542 1.912499 -0.892936 1.656321 11.340054 3.876511 -2.443451 1.040638 -0.186138 0.000001 0.000000 -0.000000 39.577234 10.308630 -43.156984 97.838054 40.230863 -52.496653 13.207557 17.370576 43.972659 -0.000000 0.000003 0.000004 -19.577038 -9.629891 32.464162 13.322526 -44.018281 87.596350 30.103171 -21.116597 40.653634 -0.000003 -0.000005 0.000001 21.110846 -5.793345 -18.452115 -24.296236 -4.334984 28.933552 -30.786483 -15.444425 -6.791319 -0.000004 0.000002 -0.000003 -8.283178 4.752935 -13.107361 9.151245 0.047536 4.937665 -13.470941 -6.069035 -4.714434 -0.000002 0.000001 -0.000000 
-1.440365 104.370125 -1.066813 2.212509 23.179377 5.138596 2.694740 -1.422530 7.276647 4.584511 1.893514 -0.796894 1.455805 11.341097 3.634353 -2.413475 1.019388 -0.132543 0.000001 0.000000 -0.000000 39.638166 9.737182 -43.225764 96.948525 40.608169 -53.036573 13.162967 16.657961 42.604084 0.000000 0.000001 0.000002 -19.847650 -9.523556 32.742598 12.636323 -44.379550 86.516094 28.724005 -20.605427 38.726821 0.000001 -0.000001 0.000001 20.440909 -5.970723 -18.780862 -22.322460 -4.221993 29.737066 -31.275843 -14.359600 -6.488135 -0.000000 0.000001 -0.000001 -9.429172 5.182087 -13.897679 12.034651 0.971458 7.112948 -14.095338 -6.524599 -4.610811 -0.000004 0.000001 -0.000000 
-1.303800 104.255127 -1.061031 2.041109 22.675485 4.997025 3.243887 -1.478383 7.607643 4.531059 1.843165 -0.676388 1.544841 11.287528 3.573286 -2.811986 0.977815 -0.521853 0.000000 0.000004 0.000001 39.810338 10.390301 -43.671342 95.066056 41.110512 -52.635606 13.607959 17.005706 40.429426 0.000001 0.000001 0.000004 -19.684151 -9.166409 32.803250 11.882801 -44.282456 84.906942 26.090242 -20.669015 37.129455 -0.000001 0.000000 0.000001 19.576924 -6.130246 -19.109949 -20.932286 -4.357995 30.004495 -31.311390 -13.234551 -6.083599 0.000002 0.000003 -0.000005 -10.249865 5.629798 -14.715236 15.249985 2.146186 9.732702 -15.694637 -6.656565 -5.378044 -0.000000 -0.000001 -0.000001 
-1.171190 104.149437 -1.054054 1.626312 22.437134 4.918439 3.683136 -1.545817 8.038287 4.011730 1.972466 -0.954274 1.764102 11.222245 3.545452 -2.223679 0.724751 0.081033 0.000000 0.000002 -0.000001 39.737901 10.367491 -43.010015 92.918850 41.711706 -51.414147 13.739696 17.560614 38.010522 -0.000001 0.000003 0.000001 -19.305729 -9.130587 32.660984 11.872486 -44.497337 83.963031 23.966415 -20.767976 35.714561 0.000000 0.000002 0.000000 18.935123 -6.277113 -19.414760 -19.483576 -4.437856 30.469669 -31.630818 -12.380006 -5.858816 0.000000 0.000000 0.000001 -10.061599 5.794357 -15.128365 17.006276 2.931311 11.647207 -16.772747 -7.462308 -5.525329 -0.000002 -0.000003 -0.000001 
-1.047034 104.079941 -1.045896 1.300519 21.031293 5.073907 4.614952 -1.585443 8.019676 4.226476 2.150549 -1.307137 1.461974 12.450417 3.726841 -2.532436 0.484280 0.431780 0.000002 0.000004 -0.000000 39.084098 10.743526 -42.206512 90.563295 42.365570 -51.402173 14.697315 18.064196 35.374936 -0.000003 0.000004 0.000003 -19.220407 -9.430258 31.806292 10.573567 -45.176954 81.529086 21.135935 -20.694404 35.176919 -0.000001 -0.000002 -0.000002 18.219168 -6.590544 -19.856227 -18.168196 -4.848579 30.201601 -31.291477 -10.404182 -5.150974 -0.000001 0.000002 -0.000001 -10.406977 6.158223 -15.667991 18.929176 4.279118 13.218418 -17.856638 -9.115077 -5.063430 -0.000002 -0.000002 -0.000001 
-0.936695 104.061089 -1.027347 1.185761 19.421687 5.138396 5.327338 -1.611223 7.957490 4.376463 2.214906 -1.716798 1.386432 13.244559 4.138149 -3.655317 0.451763 -0.147772 -0.000000 0.000000 -0.000000 37.865268 11.693158 -41.723034 87.172748 42.439172 -51.121493 15.808498 16.208394 34.143542 0.000002 0.000004 -0.000000 -18.937669 -8.929003 30.537219 7.582082 -45.413955 77.434387 19.863512 -19.116439 34.510470 -0.000001 -0.000002 -0.000001 16.858708 -6.641677 -20.501013 -16.163598 -4.955725 30.363169 -32.000024 -8.361730 -4.689575 0.000002 0.000002 -0.000003 -11.374027 6.395008 -16.146680 20.963768 5.584041 14.611836 -19.043027 -11.111494 -4.599452 -0.000002 -0.000001 -0.000001 
-0.838383 104.069321 -1.000528 0.934820 18.524740 5.016651 5.647572 -1.601455 8.054308 4.400450 2.175847 -1.824752 1.405808 13.637159 4.202992 -3.473065 0.110209 0.102768 -0.000000 0.000000 -0.000000 36.488090 12.115435 -41.062127 84.918171 42.332843 -51.702818 17.173211 14.492162 33.345089 -0.000001 0.000004 -0.000002 -18.774568 -8.169593 29.434909 4.709677 -45.303566 73.843552 19.351546 -17.038308 34.203245 -0.000000 -0.000001 -0.000004 16.297128 -6.677458 -20.594023 -15.190669 -5.108006 30.253251 -32.211032 -7.077903 -4.344151 -0.000001 0.000003 -0.000002 -11.538442 6.398741 -16.112266 21.434500 6.275107 15.375779 -19.745510 -12.981417 -3.923041 -0.000001 -0.000004 -0.000000 
-0.771168 104.156967 -0.954375 -0.511672 19.296430 4.876459 8.415008 -1.822384 9.159080 1.777485 2.425591 -2.647959 2.673102 13.275169 4.682030 -2.416637 -0.556956 0.775953 0.000000 0.000000 0.000001 34.891270 13.274842 -39.938988 81.232396 42.822998 -50.807820 17.020729 11.092494 33.990194 0.000002 0.000003 0.000001 -18.259322 -7.848229 27.681114 2.205309 -43.466334 69.128235 17.959337 -15.607416 33.737392 -0.000007 -0.000003 -0.000003 17.094671 -6.787293 -20.122888 -15.141751 -5.468584 30.578661 -31.679148 -7.722018 -4.668151 -0.000001 0.000001 -0.000001 -10.783042 6.225026 -15.715065 21.771901 6.685168 17.156107 -19.757137 -14.933333 -3.093538 0.000000 -0.000003 -0.000001 
-0.729405 104.354622 -0.908032 -2.075039 19.423041 4.798707 10.157374 -1.929785 9.873968 0.658077 2.629316 -3.393171 3.096198 13.453944 5.131800 -2.374796 -0.848391 1.314134 -0.000001 -0.000001 -0.000002 33.119744 14.333244 -38.312484 77.369822 43.577826 -50.365678 16.333433 9.002092 33.887137 0.000000 0.000001 0.000004 -16.578570 -6.026098 26.131079 -0.537866 -41.782706 63.769788 16.859050 -14.349922 31.630398 -0.000000 -0.000001 0.000001 17.891112 -6.369945 -19.529712 -15.131343 -5.780778 30.467070 -30.916544 -8.823574 -5.154261 0.000004 0.000002 -0.000003 -9.345394 5.483675 -14.759936 20.774633 6.407047 16.982495 -18.068856 -15.077194 -2.100921 -0.000001 -0.000001 -0.000001 
-0.700315 104.591949 -0.861547 -2.397149 19.585166 4.718599 10.295676 -1.909762 10.026678 2.421936 2.431382 -2.935959 1.231893 13.512465 4.431502 -1.779471 -0.957898 1.988115 0.000000 0.000002 0.000000 31.697655 15.236158 -37.245397 74.410212 44.329782 -50.000707 15.741329 7.090685 34.852198 0.000000 0.000001 0.000002 -15.289083 -4.733274 24.857191 -2.490383 -40.200895 59.259527 15.828798 -14.160596 31.109217 -0.000001 -0.000005 -0.000000 17.677790 -6.209559 -19.329261 -15.337215 -6.153389 30.243326 -29.660134 -9.518515 -5.444212 0.000002 0.000002 -0.000001 -8.845962 5.202900 -14.137830 19.343751 6.183953 16.473166 -17.610145 -15.661241 -1.299768 -0.000001 -0.000002 -0.000002 
-0.697030 104.945305 -0.830473 -2.882202 19.059254 4.681243 10.280735 -1.856997 9.966120 2.897416 2.396764 -3.004210 0.565084 13.870831 4.179064 -0.347549 -1.250662 3.038359 -0.000000 -0.000001 0.000000 29.657914 15.747611 -35.523507 69.785907 44.912763 -48.523085 16.057254 6.657166 34.048483 0.000001 -0.000003 0.000003 -14.348317 -4.257295 23.086553 -4.822005 -38.574511 53.673699 14.471655 -14.570626 31.338971 -0.000004 -0.000001 0.000003 18.045879 -5.882976 -18.807150 -16.789920 -6.733142 29.368089 -27.498260 -10.979322 -5.919947 0.000003 0.000002 -0.000001 -7.321121 4.626397 -13.261530 16.047512 5.262386 14.381262 -16.617461 -14.720922 -0.872658 -0.000005 -0.000002 -0.000001 
-0.718184 105.359398 -0.814287 -4.163931 18.947401 4.747444 10.775691 -1.821662 10.066125 2.783176 2.467098 -3.296927 0.414597 13.835688 4.232457 1.050423 -1.488975 3.828965 0.000001 0.000004 -0.000001 27.288511 16.448832 -34.287393 65.053249 45.026188 -47.452794 17.932230 6.736803 33.795438 0.000003 0.000003 -0.000001 -13.364883 -3.056075 21.077793 -8.131940 -37.476582 47.191666 14.880819 -13.470695 32.838481 -0.000004 -0.000003 -0.000000 18.716663 -5.837650 -18.239091 -17.794639 -7.205271 28.790398 -25.798239 -12.213504 -6.366389 0.000002 0.000002 -0.000002 -4.469485 3.957894 -11.971109 12.063079 4.366302 12.133040 -16.220847 -14.562373 -0.225432 -0.000002 0.000001 -0.000001 
-0.753026 105.762459 -0.800436 -4.443896 18.382226 4.864158 10.494295 -1.768142 9.747318 2.774201 2.450727 -3.439189 0.403187 13.848393 4.315003 2.060655 -1.510117 4.157566 0.000001 -0.000001 0.000001 25.714959 16.884152 -33.254231 60.529075 44.852845 -45.412603 18.824131 7.164531 33.238395 -0.000001 -0.000001 0.000000 -12.419502 -2.169502 19.661324 -10.016252 -35.532037 42.218332 14.906748 -13.361662 33.766413 -0.000000 0.000001 0.000001 18.465995 -5.728523 -18.148395 -18.136603 -7.288135 28.357764 -24.883846 -12.765145 -6.540399 0.000002 0.000002 -0.000001 -2.987768 3.567506 -11.271534 9.693908 3.847472 10.271833 -15.854621 -13.402897 -0.457863 -0.000002 -0.000001 0.000000 
-0.807230 106.151779 -0.799921 -3.813171 17.539968 5.095514 10.345791 -1.700660 9.480669 3.521566 2.379433 -3.577107 -0.422674 14.422513 4.016295 2.340304 -1.668034 4.308733 -0.000001 0.000000 -0.000000 23.499925 15.864021 -31.301302 54.756394 44.337073 -43.196975 20.481531 7.895451 32.612893 -0.000001 -0.000001 -0.000001 -11.404616 -1.171169 17.589863 -12.218655 -32.438822 36.534754 13.893637 -13.749483 35.142471 -0.000001 -0.000002 0.000002 17.943428 -5.567048 -18.446044 -19.056607 -7.369931 28.022118 -24.258950 -13.650572 -6.938505 0.000000 0.000003 -0.000003 -1.394246 3.043912 -10.667147 6.235217 3.073475 7.704377 -15.013178 -12.319623 -0.182756 0.000000 -0.000001 -0.000001 
-0.879999 106.518669 -0.803629 -3.282831 16.849254 5.501144 10.155528 -1.638441 9.278550 3.707032 2.519349 -3.960497 -0.492867 14.834314 3.932338 2.509984 -1.634645 4.481336 -0.000001 0.000000 0.000001 21.573067 15.149520 -29.363646 48.365328 43.747946 -39.755178 21.468415 9.136595 31.666755 0.000002 0.000001 -0.000003 -9.218810 0.600431 15.532648 -13.326729 -29.138413 31.023054 11.346310 -15.092988 35.853343 -0.000003 0.000000 0.000002 17.066773 -5.594304 -18.940519 -19.072811 -7.596921 27.647332 -23.327121 -13.687475 -7.023138 -0.000002 0.000002 -0.000001 0.154114 2.678510 -10.261533 3.465807 2.852369 5.782640 -14.321181 -11.695999 0.322558 -0.000004 -0.000000 0.000001 
-0.954609 106.858284 -0.813156 -3.388684 16.111194 5.790238 10.064612 -1.624271 9.142672 3.489748 2.583586 -4.097563 -0.368570 14.363941 3.791346 2.862610 -1.196765 4.331983 -0.000001 -0.000001 0.000001 20.455860 15.006189 -28.215651 43.796051 43.441994 -37.417013 22.546700 10.351831 30.551344 0.000000 0.000001 -0.000001 -7.438069 1.699362 13.855537 -13.504240 -26.618559 27.252926 10.550564 -15.175698 36.317455 -0.000003 0.000000 -0.000000 16.857595 -5.701118 -19.246049 -18.960510 -7.895994 27.487757 -22.659030 -13.409762 -6.916145 0.000003 0.000001 -0.000001 1.077626 2.534760 -10.154347 2.042080 2.960316 4.832565 -14.256812 -11.721108 0.602868 -0.000000 -0.000003 -0.000001 
-1.052000 107.191650 -0.829214 -2.466049 14.766830 6.308549 8.556754 -1.413759 8.328478 3.543549 2.729530 -4.707722 -0.315374 14.679482 4.076823 2.981987 -1.236960 3.821983 0.000001 -0.000003 -0.000001 19.061052 14.362723 -27.377942 39.582077 42.264138 -35.662433 24.542610 12.112524 29.170256 0.000000 -0.000002 -0.000002 -6.342611 2.367076 11.751937 -13.911701 -23.215372 23.790865 9.603558 -15.269322 36.383885 -0.000001 -0.000001 -0.000000 16.514293 -5.611020 -19.684882 -19.800087 -8.132728 27.017725 -21.088252 -13.803912 -6.823158 0.000002 0.000002 -0.000003 0.559182 2.444090 -10.660870 1.630759 3.115315 3.907575 -12.861155 -11.607181 1.266705 -0.000002 0.000001 0.000000 
-1.174032 107.503159 -0.852070 -1.766054 14.565384 6.921761 7.405849 -1.242904 7.688232 3.983027 2.875895 -5.148457 -0.335123 15.056626 4.062773 3.299457 -1.643683 4.154808 0.000000 0.000000 -0.000001 17.486396 13.878110 -25.826911 35.082918 41.137051 -33.237384 25.955127 13.942186 28.221372 -0.000002 0.000004 -0.000000 -5.149527 2.182697 9.198760 -14.207830 -21.113535 20.673707 8.765117 -14.526953 35.205971 -0.000005 -0.000001 -0.000000 16.173415 -5.661166 -20.079446 -20.086429 -8.214552 26.751365 -19.778954 -14.697963 -6.946640 0.000004 0.000003 -0.000002 0.430024 2.420095 -10.845093 1.190192 3.196767 3.131895 -11.976398 -12.243433 1.983453 -0.000000 -0.000001 -0.000001 
-1.296987 107.790070 -0.870143 -1.662456 14.188898 7.226591 7.255073 -1.207416 7.527199 3.722938 3.090438 -5.518912 0.085859 15.479032 4.139574 3.116571 -1.682721 4.117702 0.000000 0.000002 0.000000 16.512438 13.407811 -24.366447 31.347624 40.571484 -30.878718 26.717849 15.240693 27.326448 -0.000002 0.000001 0.000002 -4.019235 1.850179 7.499049 -14.328516 -20.643405 17.526595 7.694994 -14.219775 34.004865 -0.000004 0.000000 0.000000 15.641628 -5.788087 -20.256241 -19.080400 -8.223889 26.687617 -19.228661 -14.412350 -6.760451 0.000002 0.000001 -0.000001 0.423178 2.515050 -10.802735 1.261177 3.552669 2.683603 -11.476314 -12.374992 2.345037 -0.000002 -0.000000 -0.000002 
-1.439951 108.049049 -0.892692 -2.013026 13.804676 7.472171 7.540789 -1.199348 7.527161 3.324174 3.361721 -6.172361 0.242952 14.755432 4.642795 3.756681 -1.474900 3.980350 0.000000 0.000004 0.000001 15.437846 14.158294 -24.024815 28.028919 39.451169 -29.086238 27.616664 16.099552 26.534402 0.000000 0.000001 -0.000001 -2.446906 2.476021 5.583796 -14.000712 -18.611600 15.386113 5.978375 -13.270102 31.954436 -0.000003 0.000002 0.000000 15.778961 -5.820110 -20.245523 -18.497189 -7.936354 26.876115 -19.041669 -14.936741 -6.858913 0.000006 0.000002 -0.000001 1.557883 2.331016 -10.472919 0.741788 3.413238 2.051914 -10.660825 -12.143294 2.797099 -0.000002 -0.000003 -0.000001 
-1.609928 108.285370 -0.920547 -2.810448 14.146457 7.629724 8.374014 -1.256170 7.565930 3.023294 3.419825 -6.503967 0.176074 14.283344 4.816120 4.334996 -1.576375 4.509663 0.000000 -0.000001 -0.000001 13.816639 15.108971 -23.184968 24.518976 37.496994 -27.022624 28.796781 17.270482 25.939056 0.000001 0.000003 0.000001 -1.703577 1.966539 3.164332 -14.597673 -17.240938 13.082753 5.971768 -11.358690 30.044667 0.000001 0.000003 -0.000002 17.272367 -5.645816 -19.650075 -18.766469 -8.053642 27.161279 -18.846141 -16.810677 -7.451161 0.000004 0.000003 -0.000000 2.658518 1.953375 -9.882217 1.707555 3.623860 1.793934 -7.597660 -10.498286 3.905162 -0.000004 0.000001 -0.000001 
-1.774712 108.494102 -0.952439 -3.204487 13.832514 7.812192 8.175525 -1.190135 7.163893 2.275602 3.557945 -7.021118 1.117394 14.632622 5.474026 3.462288 -1.699270 4.094930 0.000000 0.000000 -0.000000 12.667896 15.212624 -22.442171 21.918302 35.758960 -25.509961 29.733364 18.149551 25.134613 -0.000000 0.000004 -0.000000 -1.062367 1.894116 1.630061 -15.017590 -16.056397 11.601053 5.888566 -10.435382 28.784473 -0.000002 0.000000 -0.000001 17.849147 -5.450352 -19.427085 -18.872308 -8.176279 27.203643 -18.446092 -17.882542 -7.834099 0.000004 0.000002 -0.000003 3.491772 1.647152 -9.587711 1.563777 3.784691 1.322302 -6.164863 -9.898337 4.579755 -0.000000 -0.000000 0.000001 
-1.952396 108.658218 -0.989208 -3.305519 13.666936 7.874400 7.613564 -1.102979 6.885261 2.274917 3.431235 -7.096643 0.968100 13.327502 5.569194 3.646910 -1.198977 3.293796 -0.000000 0.000000 -0.000001 11.508932 16.894958 -22.301917 19.495366 34.161136 -24.458904 30.643391 18.341886 25.131340 -0.000001 0.000002 0.000004 1.042594 3.840554 0.321560 -16.762037 -16.409121 8.720964 6.096511 -8.625994 27.058940 -0.000001 -0.000007 -0.000002 17.279387 -5.186906 -19.423885 -17.349698 -8.223783 27.488284 -18.143861 -18.012257 -8.054240 0.000003 0.000002 -0.000001 4.009627 1.378298 -9.180256 1.605206 4.147947 1.062081 -5.439409 -10.274904 5.393022 -0.000001 -0.000003 -0.000000 
-2.146664 108.835838 -1.064006 -2.389366 13.483013 8.036394 6.309909 -0.868375 6.274093 3.765356 3.168885 -6.607227 0.400669 13.574299 5.047197 3.445521 -1.956026 3.260836 -0.000001 0.000002 0.000000 9.849265 16.590738 -21.985677 16.590067 31.587907 -23.156010 31.706790 18.205290 23.528523 -0.000000 0.000003 -0.000002 0.462513 3.020444 -1.719459 -17.203710 -14.252239 7.277234 7.305278 -6.748922 26.350079 0.000002 -0.000004 -0.000003 17.321705 -5.205073 -19.429726 -16.326401 -7.683018 28.195516 -20.875753 -17.602606 -8.557022 0.000003 0.000002 0.000001 4.009471 1.298790 -9.339703 1.285380 3.875103 0.728799 -8.182315 -10.462961 4.017962 -0.000002 -0.000001 0.000000 
-2.329402 108.992722 -1.147836 -2.658747 13.096466 8.061443 6.472337 -0.819663 6.175793 3.924109 3.184125 -6.640311 0.118796 14.016774 4.817063 3.462041 -2.249870 3.794561 -0.000001 0.000004 -0.000001 8.808101 16.675847 -21.578811 14.402046 29.942979 -21.939174 31.829969 17.928574 23.056280 0.000003 0.000003 0.000001 -0.466229 1.458844 -3.197069 -16.644061 -12.569570 6.330778 7.324108 -5.663303 25.017702 -0.000003 -0.000003 0.000000 18.074453 -5.203294 -19.267342 -16.248926 -7.570924 28.332234 -22.173919 -17.281270 -8.733053 0.000001 0.000001 0.000001 4.397734 1.231154 -9.225210 1.062578 3.885706 0.437618 -9.542450 -10.613866 3.519550 -0.000001 -0.000001 -0.000001 
-2.526847 109.145370 -1.241183 -1.543943 11.860897 8.114787 4.758533 -0.610570 5.343942 4.399348 3.238392 -6.844004 0.415527 15.247564 5.196131 1.668444 -2.315531 3.066742 0.000001 0.000002 0.000000 7.209781 16.093712 -19.979603 11.465169 29.703632 -21.496545 31.988368 17.521447 23.480129 -0.000005 0.000004 0.000001 -0.607371 0.603847 -4.779598 -16.596485 -11.634365 4.519022 7.183657 -4.380849 24.121979 -0.000000 0.000000 0.000004 17.211899 -5.269860 -19.486806 -16.032247 -7.484086 28.353802 -22.751164 -16.595889 -8.608810 -0.000002 0.000003 -0.000002 2.838809 1.510089 -9.652506 2.059476 4.080036 0.388952 -10.106268 -9.949720 2.859342 -0.000000 -0.000001 -0.000001 
-2.727764 109.282089 -1.344547 -0.773901 11.440508 8.011190 3.908418 -0.463378 5.087536 2.671034 3.404671 -7.261012 1.803844 14.955531 5.682267 1.703294 -2.221222 2.778588 -0.000001 0.000000 -0.000000 5.844474 16.507415 -19.020210 8.616022 28.539877 -20.679964 32.124934 17.223707 23.534312 -0.000001 0.000003 0.000003 0.847225 1.701545 -5.768380 -16.829021 -11.035890 2.381738 6.735173 -4.106471 24.038429 0.000000 -0.000001 0.000001 16.174950 -5.197121 -19.728715 -14.749314 -7.330358 28.969499 -23.683155 -16.691592 -8.794106 -0.000001 0.000001 0.000002 2.582071 1.462619 -9.538477 1.808632 3.919621 0.286166 -9.810506 -9.619497 2.652411 -0.000001 0.000001 -0.000002 
-2.918588 109.410316 -1.456168 -0.199879 10.997496 7.922524 3.287082 -0.361190 4.904570 1.417418 3.641111 -7.669972 2.970718 14.441875 6.351057 1.651122 -1.998761 2.015164 -0.000000 0.000002 -0.000000 4.883920 17.834988 -19.051821 6.834471 26.726069 -19.589978 32.553819 16.892289 23.380924 0.000000 0.000001 0.000006 1.807703 2.636761 -6.402322 -17.043661 -10.689573 0.512662 6.647116 -3.577334 24.330414 0.000000 0.000005 -0.000001 15.937036 -5.419436 -19.748032 -15.113120 -7.279286 29.143837 -23.960473 -17.011624 -8.840736 -0.000001 0.000001 -0.000001 3.067787 1.510805 -9.351325 0.862335 3.522253 0.058598 -9.835790 -9.507424 2.444981 -0.000000 -0.000002 -0.000001 
-3.107453 109.513687 -1.588420 0.069316 9.810041 8.089409 3.305855 -0.276600 4.444204 -0.849936 3.931425 -8.116838 4.758670 14.500676 7.107380 -0.314832 -1.547388 0.044572 0.000000 0.000002 -0.000000 4.355919 19.381883 -19.638573 4.925435 23.656319 -17.818789 33.034890 16.283827 22.002664 -0.000002 0.000001 -0.000001 2.070651 2.988825 -6.829496 -15.442312 -8.464510 -0.001127 4.892482 -3.242784 24.015080 0.000001 0.000001 -0.000000 16.452211 -5.784318 -19.781840 -17.767386 -8.052452 28.790525 -23.007316 -17.808159 -8.885625 0.000003 0.000003 -0.000002 3.790239 1.704691 -9.676245 -1.541060 3.409098 -0.712951 -10.410551 -11.463775 3.145281 -0.000001 0.000000 0.000000 
-3.291788 109.607117 -1.715234 0.420813 8.528079 8.230443 2.652839 -0.192203 4.190748 -1.968675 4.120989 -8.487012 5.926599 14.953591 7.450506 -1.181082 -1.508044 -0.851418 0.000001 0.000004 0.000000 3.385677 20.526621 -19.219022 2.480707 22.094677 -16.696713 33.196065 15.963935 22.205795 0.000001 0.000004 0.000001 2.264467 2.559322 -7.634241 -14.297340 -7.206299 -1.064395 5.066410 -3.028058 24.294532 0.000002 0.000001 -0.000003 16.128858 -5.935447 -20.019057 -18.108013 -8.110770 28.757583 -22.309418 -17.976901 -8.779680 0.000003 0.000002 -0.000000 3.695124 1.883589 -9.894779 -2.535432 3.293675 -1.040355 -10.993786 -12.602111 3.235874 -0.000001 0.000001 -0.000000 
-3.463609 109.689156 -1.853969 1.879060 7.346237 8.385851 0.301751 0.060292 3.663384 1.250858 3.857458 -8.171452 3.746874 16.219900 6.882283 -0.624342 -2.008201 -0.480286 0.000002 0.000004 -0.000001 2.867777 18.607790 -17.657982 -0.225321 23.016110 -16.734122 33.277727 16.068449 22.281315 -0.000001 0.000001 0.000001 2.309620 1.995611 -8.160038 -14.059057 -7.333927 -2.135108 4.952202 -2.864070 24.052038 0.000000 -0.000001 0.000001 14.170952 -5.926160 -20.368821 -18.031479 -7.938736 28.608205 -22.000133 -17.410813 -8.518729 0.000003 0.000004 0.000001 2.317548 2.178274 -10.240626 -3.102348 3.048260 -1.444825 -10.925653 -12.863705 3.135333 -0.000002 -0.000002 0.000001 
-3.617198 109.760811 -1.995303 1.330622 6.043691 8.435454 0.881658 -0.031704 3.617082 2.661063 3.798747 -8.137270 2.352022 17.123221 6.598861 -1.597023 -2.107009 0.230216 0.000001 0.000000 -0.000000 1.990091 17.740301 -16.241688 -3.081586 23.626833 -16.677469 33.220920 16.783090 22.377259 -0.000004 -0.000003 0.000002 1.673803 0.313926 -9.199643 -13.603368 -6.596615 -2.741101 4.933565 -3.169969 23.315372 -0.000001 -0.000003 -0.000000 15.259153 -5.818852 -20.330159 -16.684446 -7.539938 28.243819 -21.420447 -15.945107 -7.827767 0.000003 0.000003 -0.000000 2.397346 1.978993 -10.206054 -1.781681 3.238363 -1.158116 -9.810203 -11.259819 3.166574 -0.000002 -0.000001 -0.000001 
-3.764607 109.820747 -2.137198 1.105159 5.559066 8.399134 1.605330 -0.121615 3.709875 0.475073 3.923967 -8.310465 3.666551 17.179814 6.716851 -2.091802 -1.946377 0.503744 -0.000000 0.000000 0.000001 0.883172 18.601865 -15.323686 -5.029558 22.364203 -15.942181 33.696100 17.477189 22.034952 0.000002 -0.000003 0.000001 2.225830 0.451329 -9.511696 -14.583962 -7.469509 -4.349692 5.752703 -2.525818 22.650391 0.000001 -0.000001 -0.000000 15.945068 -5.747220 -20.195327 -16.724661 -7.669845 27.880921 -21.178632 -15.759396 -7.752613 -0.000001 0.000005 -0.000001 2.527171 1.913849 -10.074266 -1.660540 3.503918 -0.931225 -9.688507 -11.007073 3.294454 0.000000 0.000001 0.000001 
-3.898732 109.861237 -2.265755 0.998088 5.486920 8.305109 2.370193 -0.211186 3.843335 -1.382101 4.031436 -8.374186 4.840004 16.799019 6.844927 -1.853281 -1.824973 0.613613 0.000000 0.000002 -0.000001 0.117955 19.511733 -15.085460 -5.852419 20.774726 -15.335257 34.308132 17.983948 21.634923 0.000000 0.000001 -0.000001 2.672634 0.943313 -9.495514 -14.933223 -7.482270 -5.031937 6.202564 -1.963344 22.466908 -0.000002 0.000001 0.000000 15.926458 -5.789562 -20.081839 -15.280270 -7.355377 27.961688 -20.634766 -14.900942 -7.361919 0.000001 0.000000 -0.000001 2.595090 1.952668 -9.853716 -1.006244 3.757934 -0.616330 -9.000123 -10.337313 3.551085 -0.000005 -0.000003 0.000001 
-4.028184 109.886261 -2.404923 0.796842 5.525459 8.168086 2.216062 -0.190300 3.761355 -2.414007 4.055927 -8.317483 5.863903 16.440373 7.109089 -1.495492 -1.922452 0.503118 0.000001 0.000000 -0.000000 -0.488208 20.064722 -15.110298 -7.484072 19.413935 -14.601271 34.885881 18.516419 21.783936 -0.000001 0.000004 0.000003 2.345684 0.889565 -9.473907 -14.381682 -6.890486 -5.176879 6.421318 -1.358686 21.885446 0.000002 0.000001 -0.000000 16.122805 -5.860821 -19.697016 -15.154028 -7.001277 27.648555 -20.516309 -14.663446 -7.215970 0.000000 0.000000 -0.000004 2.965430 2.015704 -9.654348 -1.499216 3.474413 -0.546820 -8.690881 -10.248961 3.607148 -0.000002 0.000000 0.000002 
-4.155110 109.888718 -2.545236 0.134670 6.163354 7.967854 2.196969 -0.178353 3.740812 -1.068665 3.838910 -7.939380 4.988577 16.376425 6.762557 -0.366726 -2.380561 1.498668 0.000001 0.000000 -0.000000 -0.899034 17.605379 -14.164779 -9.758407 19.628207 -14.338068 35.089646 19.056235 21.779277 0.000003 0.000001 0.000004 0.808151 -0.479718 -9.741244 -13.209714 -5.640816 -4.411455 7.880875 -0.874214 21.524465 0.000002 0.000001 0.000003 16.012277 -5.776787 -19.247946 -14.647187 -6.485058 27.484384 -20.234693 -15.113496 -7.255748 -0.000001 0.000002 -0.000001 2.909829 2.022944 -9.496643 -0.395020 3.506056 0.180004 -9.266813 -10.149592 3.277464 -0.000002 0.000001 -0.000000 
-4.271440 109.868797 -2.689499 0.288165 6.490366 7.800523 2.202970 -0.197787 3.697633 -1.106551 3.725930 -7.746708 5.297288 16.357004 6.663788 -0.291506 -2.518658 1.906054 0.000000 -0.000001 0.000001 -1.288765 16.728750 -13.503188 -11.846570 19.607733 -13.869968 34.530971 19.351316 21.444111 0.000001 -0.000001 -0.000001 -0.181452 -1.612436 -9.981718 -12.648705 -5.315160 -4.308775 8.160347 -0.663021 20.483464 0.000001 0.000002 0.000000 15.697313 -5.656181 -18.960844 -13.270867 -6.015827 27.489628 -20.387761 -14.644207 -7.161798 -0.000001 0.000002 -0.000003 2.758083 1.996126 -9.410589 0.224458 3.497008 0.636352 -9.077147 -9.446294 3.157599 -0.000001 -0.000003 -0.000000 
-4.387402 109.801239 -2.815660 -0.175032 7.646669 7.358710 0.441633 -0.059232 3.676394 1.377494 3.216699 -6.697221 3.744662 14.819764 5.595754 -0.536328 -2.783853 2.499486 0.000000 0.000000 -0.000000 -1.179361 16.220256 -13.059731 -11.800961 17.488445 -12.794257 33.443437 18.758946 18.340170 -0.000000 0.000004 0.000001 -0.141155 -1.694662 -9.700733 -11.927112 -5.061193 -4.056828 8.638062 -0.108538 19.434796 -0.000005 0.000000 0.000000 14.918829 -5.460195 -18.529542 -14.901072 -6.180008 26.837466 -18.505887 -15.105319 -6.842684 0.000002 0.000001 -0.000001 3.115668 1.857073 -8.497194 -0.969746 3.117986 0.624406 -8.987120 -10.406020 3.701248 -0.000002 0.000002 0.000003 
-4.503562 109.697556 -2.929820 -0.331009 7.790378 7.059318 -0.253502 0.010680 3.438544 3.215580 2.913598 -6.099843 2.142621 13.945559 5.058133 -0.685156 -2.868660 2.953951 0.000001 0.000002 0.000000 -1.173301 15.491250 -12.345634 -11.333585 15.698160 -11.897896 31.912829 18.020344 15.953787 0.000003 0.000004 0.000001 0.198362 -1.338227 -9.173691 -11.085538 -4.634987 -3.713742 9.959486 -0.036203 18.603055 0.000002 -0.000002 -0.000003 13.981327 -5.095319 -18.144561 -13.858866 -5.783355 26.249221 -17.904000 -14.129867 -6.322242 -0.000002 0.000001 -0.000002 3.300494 1.645932 -7.981573 -1.142308 2.825808 0.636398 -8.189037 -9.798314 3.748950 -0.000003 0.000001 0.000001 
-4.617575 109.593208 -3.035325 -0.791816 8.353384 6.834388 -0.090792 -0.008945 3.317452 4.053051 2.618511 -5.455341 1.410299 13.021879 4.514930 -0.643559 -3.000683 3.205316 0.000000 0.000000 0.000001 -1.260767 15.114220 -12.051186 -10.769546 13.943015 -11.243037 30.376303 16.528604 13.299591 -0.000001 0.000004 0.000001 0.291502 -0.980893 -8.790755 -10.814393 -4.422375 -3.539344 10.484204 0.166278 18.181400 -0.000003 -0.000001 0.000001 13.364070 -4.913537 -17.740703 -12.678426 -5.421794 25.973753 -17.094661 -14.111389 -6.103837 -0.000001 0.000002 -0.000001 3.662348 1.521388 -7.482679 -1.137931 2.644111 0.910567 -7.906879 -10.741325 4.296807 0.000001 -0.000001 -0.000001 
-4.724187 109.460533 -3.146415 -0.706394 8.364513 6.508974 0.357270 -0.078280 3.301681 3.498279 2.432246 -5.005383 1.616546 11.959258 4.167619 -0.439174 -3.062224 3.198867 -0.000001 0.000002 0.000000 -1.619966 14.850923 -11.782508 -9.850926 12.338943 -10.562386 28.585002 14.771247 11.134226 -0.000001 -0.000001 -0.000001 0.704457 -0.161604 -8.409629 -10.886230 -4.602829 -3.577129 10.948179 0.622668 17.626825 -0.000002 -0.000003 -0.000002 13.147873 -4.826505 -17.115728 -11.957063 -4.924413 25.630881 -16.315273 -14.014055 -5.779007 -0.000001 0.000000 0.000000 3.608301 1.507840 -6.956265 -1.483985 2.308741 0.805654 -7.676575 -10.684856 4.346987 -0.000002 -0.000001 0.000000 
-4.831052 109.298431 -3.247559 -0.278448 8.031584 6.166268 0.251011 -0.059367 3.103783 2.661043 2.236258 -4.648608 1.976565 10.873975 4.008825 -0.341787 -3.052543 2.873245 0.000000 0.000000 -0.000000 -1.868834 14.505080 -11.246750 -8.575181 10.614478 -9.644744 26.843747 13.422106 8.588533 -0.000000 0.000001 -0.000001 1.325684 0.602614 -7.969883 -10.376400 -4.566768 -3.114485 10.676015 0.879508 16.501138 -0.000004 -0.000002 -0.000003 12.643869 -4.579798 -16.410648 -11.198760 -4.474267 24.897834 -15.683631 -13.586961 -5.478855 0.000004 0.000001 -0.000002 3.262145 1.483323 -6.482085 -1.313107 2.121639 0.768611 -7.760026 -10.245099 3.795206 -0.000002 -0.000003 -0.000000 
-4.925807 109.140472 -3.344931 0.452096 7.940629 6.054842 -0.539785 0.047776 2.736465 3.154307 2.133227 -4.346125 1.516079 10.410683 3.924261 0.826475 -2.802879 3.148008 -0.000000 0.000004 -0.000001 -2.292522 14.255477 -10.578098 -8.109653 9.316557 -8.972428 26.274083 13.191009 7.423962 -0.000001 -0.000001 -0.000001 1.819209 1.172539 -7.748790 -10.092098 -4.560353 -2.631903 10.853202 0.912174 16.302330 0.000000 -0.000001 0.000001 11.746619 -4.517961 -16.090913 -10.185251 -4.082682 24.405043 -15.467266 -12.820484 -5.093740 0.000001 0.000003 -0.000002 2.428220 1.555884 -6.325502 -0.755290 2.077258 0.672101 -7.458595 -9.362052 3.415353 -0.000001 0.000000 -0.000000 
-5.017073 108.966370 -3.430177 0.745310 7.558042 5.823515 -0.571897 0.074808 2.525525 0.771993 2.149649 -4.466381 3.475735 9.785610 4.154415 1.430970 -2.815530 3.154994 0.000000 0.000002 0.000000 -2.816835 13.436413 -9.793092 -7.161508 8.018533 -8.428526 25.625179 12.818290 5.637679 -0.000002 0.000006 -0.000000 2.017494 1.514627 -7.757749 -9.544885 -3.985761 -1.625259 11.338711 0.987579 16.292387 0.000000 -0.000003 -0.000001 10.925799 -4.368024 -15.527875 -8.147668 -3.387675 23.864618 -15.875928 -12.378469 -4.945565 0.000002 0.000001 -0.000001 2.089127 1.535721 -5.955828 -0.150483 1.889935 0.416547 -6.746673 -8.488976 3.068741 -0.000001 0.000001 -0.000000 
-5.106541 108.811821 -3.535121 0.807725 7.665765 5.463118 -0.363051 0.011462 2.541145 -0.057716 1.961143 -4.058300 3.951623 9.142840 3.870645 1.814840 -2.455226 3.065328 0.000000 -0.000003 0.000001 -2.436758 12.395975 -9.142202 -7.160715 7.089835 -7.578903 24.016484 12.793188 4.503557 0.000000 0.000003 -0.000001 2.544015 1.961543 -7.292391 -8.279714 -3.286443 -0.977571 10.828832 0.321870 15.618325 0.000001 -0.000001 0.000001 10.054030 -4.059798 -14.918173 -6.967278 -2.955665 23.338983 -15.653813 -12.015853 -4.693355 0.000000 0.000001 -0.000001 2.229143 1.369061 -5.437585 -0.211856 1.561288 0.168884 -5.728640 -7.408190 2.804311 -0.000002 -0.000003 -0.000000 
-5.188297 108.623596 -3.611334 -0.099027 5.909518 5.169252 0.148901 -0.071834 2.483788 1.562824 2.102268 -4.136215 2.883383 9.999642 4.207531 1.162143 -2.222615 3.316904 -0.000001 0.000000 0.000001 -2.019288 11.872050 -8.804578 -7.233338 6.911075 -6.936055 21.474014 10.665713 3.854191 -0.000001 0.000001 -0.000001 2.441482 1.435256 -6.857643 -7.435511 -3.183131 -1.309542 9.913431 0.172807 15.032406 -0.000002 0.000000 0.000000 8.957228 -3.918974 -14.114115 -7.832145 -3.044244 21.088694 -14.217753 -8.508294 -3.499335 -0.000002 0.000002 -0.000001 2.093340 1.434213 -5.050003 -1.855360 1.665211 -0.357429 -11.061111 -9.585023 1.129560 -0.000000 0.000000 0.000000 
-5.262587 108.456245 -3.712784 -0.934398 5.143610 4.594130 0.682231 -0.142436 2.655959 1.899169 1.795502 -3.480452 2.573150 10.174736 3.779575 0.458288 -2.315050 3.396309 -0.000001 -0.000001 0.000000 -1.625973 10.938450 -8.566533 -6.531117 5.883124 -6.449597 20.181297 9.780023 4.107991 -0.000002 0.000001 -0.000001 2.196821 1.295071 -6.472295 -6.174450 -1.602115 -0.486300 9.921052 -0.198706 14.915415 -0.000000 -0.000004 0.000000 7.586229 -3.582015 -13.175885 -7.135821 -2.797165 19.622568 -12.799785 -7.298728 -3.004863 0.000002 0.000002 -0.000003 1.504909 1.350209 -4.444527 -1.981002 1.715432 -0.374883 -13.528386 -10.620124 0.289251 -0.000002 0.000002 0.000001 
-5.331070 108.305321 -3.788951 -0.858535 4.581790 4.098737 1.716653 -0.313770 2.806982 1.485101 1.565870 -2.947744 2.567873 9.414049 3.252291 -0.095054 -2.270035 2.848158 -0.000001 0.000000 0.000002 -0.529226 9.265491 -7.783220 -7.472426 6.145814 -5.307342 17.481803 10.431846 2.366580 -0.000001 0.000001 0.000002 2.262660 1.179623 -5.335591 -4.588601 -1.743332 -1.529681 7.419991 -1.382555 12.813742 0.000000 0.000002 -0.000000 5.450105 -3.355159 -12.327854 -4.626692 -2.121121 18.264708 -11.479021 -7.039914 -2.594254 0.000001 0.000001 -0.000001 0.888356 1.387792 -3.984807 -1.964063 1.270938 -0.408898 -13.956334 -10.706253 -0.414069 -0.000002 0.000003 -0.000000 
-5.398177 108.166962 -3.872280 -0.962572 4.309179 3.735399 1.875467 -0.345829 2.856567 1.688475 1.373976 -2.570947 2.358649 8.635552 2.887001 -0.053512 -2.632597 2.908482 0.000001 0.000004 -0.000001 -0.089762 8.367896 -7.554425 -6.249395 5.803209 -4.739670 14.656066 8.900040 1.275020 -0.000001 0.000004 0.000001 1.899888 1.291049 -4.592178 -3.938901 -1.378028 -1.601050 6.238087 -1.306853 11.289457 -0.000000 0.000001 0.000000 4.670759 -3.215577 -11.650576 -4.031615 -1.716595 17.307336 -10.709605 -6.963038 -2.397826 -0.000000 0.000003 -0.000000 0.695091 1.350785 -3.609469 -1.966197 0.945141 -0.549209 -13.307388 -10.458667 -0.462785 -0.000000 0.000001 0.000000 
-5.464722 108.051277 -3.956807 -1.396971 4.595123 3.373732 2.775845 -0.495892 3.115626 1.187127 1.172395 -2.238956 2.374419 8.057386 2.447136 -1.025891 -3.016099 2.535584 0.000000 0.000002 0.000000 0.408672 7.075288 -6.927110 -5.854562 5.816152 -4.058966 11.717643 7.953246 0.044114 -0.000002 0.000003 0.000003 1.822277 0.945557 -4.114585 -3.022425 -1.319729 -1.966929 4.088663 -1.393221 8.742550 -0.000003 0.000003 -0.000001 3.757207 -3.053004 -11.030655 -2.190071 -1.230098 16.417813 -9.974952 -6.876126 -2.165272 0.000000 0.000001 -0.000001 1.131276 1.247736 -3.164166 -2.016024 0.540205 -0.536878 -12.043569 -9.756916 -0.482662 0.000000 -0.000000 0.000001 
-5.525662 107.937187 -4.057787 -1.614700 4.959018 3.046164 2.915936 -0.527254 3.218967 0.985497 0.973401 -2.056373 2.079526 7.630378 2.094742 -0.644863 -3.201493 3.093886 -0.000000 0.000004 -0.000000 -0.000966 7.045176 -6.027914 -3.935459 4.427963 -3.458318 9.577122 6.851455 -0.812971 0.000000 -0.000001 0.000002 1.910895 0.587039 -4.275690 -3.025820 -1.372758 -1.323154 2.600325 -1.467111 6.654647 -0.000004 -0.000003 0.000001 2.783847 -2.544522 -10.654706 -0.117627 -1.012303 15.726543 -9.221427 -7.550426 -2.287130 -0.000001 0.000001 -0.000001 0.951681 0.868509 -2.779203 -1.375831 0.412797 -0.519228 -10.637385 -8.448650 -0.672626 -0.000000 -0.000001 0.000000 
-5.590317 107.851738 -4.185620 -2.122925 4.980150 2.853268 2.847474 -0.507335 3.152401 1.059293 0.859757 -1.885502 1.924358 7.220803 1.914208 -0.221408 -2.558636 2.348079 -0.000000 -0.000001 -0.000000 -0.207711 6.793250 -5.689630 -2.545611 3.397437 -2.996121 7.225767 5.226198 -1.818533 0.000001 0.000003 0.000004 2.110968 0.648291 -4.371214 -2.847474 -1.114502 -0.513065 0.709980 -1.276676 4.871740 0.000002 -0.000005 -0.000003 2.425408 -2.240739 -10.232857 0.508895 -0.616552 15.074436 -8.259633 -8.131548 -2.187597 0.000001 0.000004 -0.000001 1.320328 0.631555 -2.663686 -1.072935 0.063392 -0.303163 -9.538410 -6.962416 -1.034633 -0.000000 0.000000 0.000000 
-5.654813 107.762306 -4.321452 -1.759453 4.872927 2.518692 2.154410 -0.400387 2.969086 1.503140 0.701740 -1.476431 1.632148 6.961680 1.694700 0.066098 -1.736285 1.537549 0.000001 0.000000 -0.000000 0.143472 5.721860 -5.492732 -1.589463 3.091716 -2.790635 5.844273 3.732945 -1.248788 0.000001 0.000003 0.000003 1.788897 0.607689 -4.070026 -3.264528 -1.687069 -0.685285 0.332261 -0.523741 3.326219 0.000001 -0.000002 -0.000000 1.519522 -2.075785 -9.345597 0.682868 -0.487343 13.603720 -6.797931 -7.569713 -1.834909 0.000002 0.000001 -0.000001 0.943389 0.630769 -2.456071 -1.033275 0.016428 -0.102993 -8.397770 -6.274193 -0.784614 -0.000001 0.000000 -0.000000 
-5.723253 107.659096 -4.451119 -2.261614 4.815816 2.127487 2.266632 -0.406880 2.772122 1.941864 0.505807 -0.971605 0.938271 6.676739 1.212236 0.553373 -1.582297 1.786894 -0.000000 0.000004 -0.000000 0.318637 4.677608 -4.841516 -1.670325 2.674632 -2.571986 4.168822 2.464553 -1.006328 0.000000 -0.000001 0.000002 1.339247 0.377659 -3.519208 -2.873277 -1.320147 -0.141977 -1.111843 0.073666 1.548888 -0.000000 -0.000003 -0.000000 1.672425 -1.724309 -8.328897 0.336413 -0.408261 12.063144 -6.078770 -6.511098 -1.542104 -0.000003 0.000001 -0.000001 1.393947 0.429197 -2.120516 -0.357192 0.023655 0.234401 -7.588827 -4.854712 -1.158753 -0.000000 0.000003 -0.000000 
-5.788782 107.563393 -4.569731 -1.698728 4.327322 1.908168 1.722363 -0.359897 2.486576 1.951496 0.402732 -0.750906 0.894160 6.266156 1.182051 0.232942 -1.216113 1.058603 0.000001 0.000002 -0.000000 -0.112932 5.685814 -4.644456 -1.115165 1.950412 -1.854019 1.921097 1.254740 -1.665130 -0.000001 -0.000001 0.000002 1.167110 0.438901 -2.788021 -2.783727 -1.675595 -0.882599 -2.581661 0.311009 0.128573 -0.000001 0.000000 -0.000001 0.963228 -1.576771 -7.409865 0.848643 -0.242573 10.614586 -5.990599 -5.714618 -1.389234 -0.000001 0.000003 -0.000004 1.275546 0.448711 -1.885184 -0.716265 -0.107196 0.137989 -6.998721 -4.938642 -0.770516 0.000002 0.000005 -0.000000 
-5.857455 107.470436 -4.697446 -1.054622 4.215400 1.605447 1.341959 -0.333861 2.180542 1.630184 0.297996 -0.488946 0.929415 5.420956 0.986424 -0.179305 -1.097004 0.811654 -0.000000 0.000002 0.000000 -0.566987 5.808064 -3.636672 -1.677161 1.891306 -1.281529 0.563213 1.191645 -2.397662 -0.000001 0.000004 0.000003 0.967172 -0.065503 -2.177295 -2.395750 -2.393749 -1.441652 -4.650791 0.217668 -1.005206 -0.000000 -0.000003 -0.000001 0.517432 -1.381152 -6.319419 0.258316 -0.097011 8.927211 -5.601802 -5.217443 -1.220828 0.000003 0.000000 0.000001 0.908781 0.453762 -1.628881 -0.917116 -0.268090 0.230203 -6.117666 -4.137133 -0.823579 -0.000000 0.000001 -0.000001 
-5.937473 107.364799 -4.814913 -1.302540 3.538101 1.174285 1.434203 -0.315680 2.071231 1.021659 0.245828 -0.285783 1.271250 4.894386 0.831254 0.396221 -1.091647 1.063508 0.000000 -0.000003 0.000000 -0.324069 4.540791 -3.163752 -1.901896 2.172044 -1.386299 1.114479 1.236046 -1.671689 -0.000001 0.000003 0.000001 1.163450 0.407747 -1.899792 -2.814390 -3.153774 -1.699704 -4.315018 0.379176 -0.700224 -0.000002 0.000002 0.000001 0.902235 -1.179555 -4.814862 0.372252 -0.020070 6.888038 -4.172776 -4.666154 -0.912262 0.000004 0.000001 -0.000006 0.925883 0.496018 -1.174260 -0.441641 -0.060300 0.274243 -5.669938 -3.588542 -0.865333 -0.000001 -0.000002 0.000002 
-6.018446 107.266373 -4.938590 -1.037257 2.844834 0.868521 0.957534 -0.244284 1.984987 1.417256 0.172130 -0.099283 0.938711 4.747848 0.630811 0.445150 -1.245654 0.928408 0.000000 0.000000 -0.000000 -0.268049 3.838758 -2.738972 -1.371298 2.236833 -1.292065 1.463564 1.719991 -1.219095 0.000001 0.000001 -0.000003 0.978202 0.350765 -1.686030 -2.377637 -2.701511 -1.366666 -4.141415 0.191958 -0.602349 0.000001 0.000000 0.000000 0.730843 -0.931650 -3.801057 -0.006458 0.181545 5.500433 -3.148204 -4.172185 -0.645875 0.000004 0.000000 0.000000 0.560895 0.434630 -1.033864 -0.215202 -0.235690 0.280829 -4.679382 -2.631557 -1.129773 -0.000002 0.000004 0.000000 
-6.099088 107.164726 -5.056665 -1.481246 2.536055 0.595027 1.225515 -0.269060 1.743625 1.300762 0.060112 0.158218 0.972758 4.222290 0.421594 0.309435 -1.281036 0.975552 0.000000 0.000004 -0.000000 0.098226 2.821479 -2.529627 -1.035628 2.188677 -1.146009 1.137739 1.216484 -0.846665 -0.000001 0.000001 0.000002 0.747386 0.408020 -1.246365 -2.543755 -3.061507 -1.317344 -3.106834 0.479877 -0.775560 -0.000004 -0.000001 -0.000000 0.783920 -0.806629 -2.751268 0.247259 0.385564 4.007420 -2.712851 -3.260628 -0.397749 0.000006 0.000000 -0.000001 0.735412 0.408159 -0.656165 0.104423 -0.222638 0.244529 -4.149314 -1.531985 -1.481992 -0.000004 -0.000001 0.000000 
-6.182803 107.060730 -5.165805 -1.157655 2.142483 0.421051 1.120704 -0.228908 1.383875 0.846925 0.042550 0.147298 0.920892 3.191163 0.410235 0.486452 -1.015545 0.907934 0.000000 0.000000 0.000001 -0.716457 3.494354 -2.091761 0.272672 1.669773 -0.613382 -0.385192 0.145720 -0.923110 -0.000002 0.000003 0.000003 0.642446 0.719435 -0.623866 -2.472090 -3.070682 -1.259996 -2.827120 0.390377 -1.189254 -0.000000 -0.000003 0.000003 0.699407 -0.589476 -1.924405 -0.083175 0.511270 2.784942 -3.092932 -2.222630 -0.205253 0.000001 0.000003 0.000000 0.387240 0.359764 -0.361034 0.479411 -0.130236 0.128923 -3.272951 -0.676497 -1.444264 -0.000002 0.000001 -0.000001 
-6.256537 106.954498 -5.274955 -0.457911 1.935872 0.391205 0.708217 -0.153426 1.051205 0.790633 -0.052099 0.332441 0.673630 3.387876 0.190759 0.157192 -1.275590 1.313733 -0.000000 0.000000 -0.000000 -0.313308 2.380271 -1.671937 -0.128427 1.598911 -0.648460 -0.937195 -0.351521 -0.766778 -0.000000 0.000003 -0.000002 0.057327 0.036512 -0.512502 -2.541782 -3.144772 -0.796474 -2.406476 0.673597 -1.689174 -0.000000 0.000000 0.000001 0.189647 -0.527898 -1.490603 -0.715045 0.420802 1.793902 -1.512681 -1.778472 -0.166272 0.000001 0.000003 -0.000002 0.040932 0.374557 -0.385270 -0.110890 -0.178820 0.195409 -2.446094 -1.412486 -0.537421 -0.000002 0.000003 -0.000000 
-6.330216 106.847916 -5.369108 -0.255815 1.513932 0.345249 0.855163 -0.133337 0.640232 0.707504 0.007678 0.217371 0.364349 3.163192 0.292142 0.273949 -1.310265 1.559815 0.000000 0.000002 -0.000000 0.081522 0.911498 -1.147685 -0.807322 1.605811 -0.752576 -2.149823 -1.820969 -0.593434 -0.000002 0.000003 -0.000001 -0.376730 -0.321647 -0.171840 -2.198321 -2.654475 -0.341767 -2.900753 0.832746 -1.939355 -0.000001 0.000000 0.000001 0.049239 -0.443907 -0.995590 -0.598334 0.494816 0.993943 -0.618004 -1.487720 -0.080957 -0.000001 0.000001 -0.000002 -0.255978 0.324862 -0.217998 -0.107623 -0.105484 -0.132740 -1.988157 -1.109037 -0.378525 -0.000001 -0.000001 -0.000001 
-6.413652 106.739037 -5.468460 -0.639046 1.008207 0.175804 1.211127 -0.178069 0.408772 -0.230946 -0.058467 0.186501 1.100648 3.063956 0.340150 -0.213426 -1.392357 1.506321 0.000000 0.000004 0.000000 0.574591 -0.085275 -0.760920 -1.444631 1.451683 -0.649348 -2.765023 -2.593372 -0.318264 -0.000000 0.000003 -0.000003 -0.736688 -0.883145 0.087822 -1.817342 -2.625436 -0.398220 -3.357847 0.949307 -2.261412 -0.000003 -0.000002 -0.000002 0.308565 -0.241474 -0.419203 -0.564210 0.426040 0.258001 0.102722 -0.982207 -0.001929 0.000004 0.000001 -0.000001 0.109252 0.259782 -0.144719 0.285997 0.026524 0.139763 -1.336996 -0.910181 -0.146307 -0.000003 -0.000001 -0.000001 
-6.489350 106.641350 -5.566036 -1.435890 0.961926 0.175776 2.719154 -0.364901 0.192546 -0.870516 -0.128535 0.173399 0.709497 2.530572 0.376982 -0.391290 -1.239811 1.249917 0.000000 0.000004 0.000000 0.487825 -0.049069 -0.506239 -1.748205 0.652369 -0.355677 -2.438058 -2.201977 -0.469741 -0.000002 0.000003 -0.000001 -0.577467 -0.789888 0.171542 -1.897564 -2.825650 -0.516359 -2.767560 1.115469 -2.151911 -0.000003 -0.000001 0.000001 0.804782 -0.112614 -0.442812 0.086754 0.190517 0.364997 -0.025321 -0.769341 -0.084543 0.000003 0.000001 0.000001 1.212190 0.152683 -0.115687 -0.053696 0.143434 0.089590 -0.877261 -0.502981 -0.068321 -0.000002 0.000000 0.000000 
-6.570199 106.550385 -5.662333 -2.048169 0.700410 0.174057 3.331955 -0.445641 0.031041 -0.783217 -0.006793 -0.060512 0.222875 2.241693 0.440513 -0.262798 -0.865591 1.057978 -0.000000 0.000000 -0.000000 0.277780 -0.518751 0.037928 -1.951109 0.016193 -0.126078 -0.628781 0.059034 -0.680711 -0.000000 0.000001 0.000001 -0.162774 -0.637741 -0.189739 -0.967780 -1.624895 -0.167176 -1.146383 0.200361 -0.826814 -0.000003 -0.000003 -0.000000 1.537500 0.046431 -0.344539 0.219274 0.134353 0.303016 0.376089 -0.682214 -0.096961 -0.000000 0.000003 -0.000004 1.680006 0.039753 -0.090639 0.223499 0.175253 -0.005757 -1.079771 -0.476562 -0.181488 -0.000003 0.000001 -0.000001 
-6.651670 106.466148 -5.749937 -0.692354 0.305080 0.047765 1.246570 -0.184188 0.039798 -0.177259 0.062406 -0.152294 -0.028359 0.596051 0.377463 0.302892 -0.232672 0.241301 0.000000 0.000000 -0.000001 -0.280224 0.465731 0.187450 -0.703969 -0.104324 0.155262 0.892546 1.661463 -0.740104 -0.000001 0.000003 -0.000001 0.593179 0.131324 -0.254578 -0.105804 -0.605800 -0.301559 -0.034186 -0.400330 0.259011 -0.000003 -0.000002 0.000001 0.504273 -0.000569 -0.093929 0.534833 -0.002385 0.005421 0.079686 -0.283056 -0.023830 -0.000003 0.000001 0.000001 0.441610 0.040386 0.044829 0.007064 0.039338 -0.168679 -0.621503 -0.064334 -0.363771 -0.000000 0.000000 0.000000 
-6.730926 106.392395 -5.840965 -0.011314 0.020175 0.002495 0.007732 -0.002633 0.004872 0.061323 -0.000266 0.004344 -0.052683 0.008885 0.003238 0.023756 -0.007604 0.021247 -0.000000 0.000002 -0.000000 -0.019832 0.035199 0.013476 -0.021765 0.014206 -0.001430 0.059058 0.097289 -0.021217 -0.000001 0.000003 -0.000002 0.028877 0.013388 -0.006020 -0.025587 -0.043504 -0.034808 0.034805 -0.012471 0.004275 -0.000003 0.000000 0.000001 0.017443 0.003549 -0.021169 -0.001913 -0.009562 0.016086 -0.000699 0.012651 -0.004638 0.000002 0.000003 0.000002 0.004032 -0.004307 -0.000518 0.009746 0.009702 -0.000420 0.008916 -0.003172 0.011864 -0.000003 -0.000001 -0.000001 
-6.818334 106.328835 -5.935917 0.219412 -0.391653 -0.047634 -0.150080 0.051223 -0.094492 -1.190290 0.006074 -0.084272 1.022351 -0.173120 -0.061260 -0.460436 0.149496 -0.411686 -0.000000 0.000002 -0.000000 0.383361 -0.684048 -0.259193 0.422558 -0.275771 0.028963 -1.139399 -1.892479 0.392059 -0.000001 0.000001 0.000007 -0.560006 -0.260413 0.115564 0.491620 0.847597 0.671740 -0.675499 0.242537 -0.081532 -0.000001 -0.000003 -0.000000 -0.338396 -0.070167 0.410539 0.037741 0.185350 -0.312188 0.013737 -0.245516 0.089969 -0.000001 0.000001 0.000001 -0.078179 0.083584 0.010173 -0.189181 -0.188364 0.007821 -0.172722 0.061978 -0.230157 -0.000002 0.000003 0.000001 
-6.904090 106.277718 -6.040857 0.638246 -1.192871 -0.037909 -0.863486 0.161527 -0.321982 -0.108951 0.160724 -0.225688 0.487019 -0.112457 -0.048421 -0.752206 0.409639 -0.986935 0.000001 0.000000 -0.000000 0.552861 -0.930051 -0.060585 1.339037 -0.605805 0.460721 -1.824401 -1.984651 -0.293276 -0.000002 0.000004 -0.000000 -0.080133 -0.133044 -0.029667 1.533141 1.972936 1.234131 -0.465040 -0.787834 1.032631 -0.000000 0.000002 0.000000 -0.283686 0.000169 0.738608 -1.334875 0.446330 -0.533627 0.460913 -0.612883 0.152000 0.000002 0.000000 0.000001 -0.420177 0.136287 -0.220883 0.037696 -0.365264 0.183260 -0.221433 0.268488 -0.564695 -0.000002 0.000002 0.000001 
-6.991251 106.221962 -6.137223 0.498500 -1.713303 0.015284 -0.768535 0.175358 -0.569111 -0.070070 0.237083 -0.402457 0.407603 -0.328374 0.012766 -0.443998 0.533702 -1.365031 0.000001 0.000005 -0.000002 1.239483 -1.290216 -0.404509 1.959029 -0.700460 0.700558 -1.789001 -1.429984 -0.533097 -0.000001 0.000001 0.000002 0.745762 0.458745 -0.320463 1.774002 2.291601 1.993236 0.442556 -1.395199 1.786835 -0.000003 -0.000002 -0.000000 -0.169115 0.083076 0.966505 -0.892644 0.508490 -0.782680 -0.189125 -0.586202 0.144802 0.000002 0.000002 -0.000000 -0.269960 0.120941 -0.412706 0.509105 -0.423662 0.408911 -0.355093 0.594944 -1.018936 -0.000001 -0.000001 0.000000 
-7.089954 106.171440 -6.234284 0.374453 -2.372230 0.020192 -0.214076 0.137706 -0.923052 0.140825 0.362931 -0.556571 0.106488 -0.693770 -0.055789 -0.906078 0.673183 -1.596366 0.000000 0.000000 -0.000000 2.009793 -1.820634 -0.512001 2.494052 -0.428500 0.763183 -0.835451 -0.162371 -1.012287 -0.000001 0.000003 -0.000001 0.820909 0.318128 -0.375302 1.932380 2.356962 3.075772 2.015700 -1.371124 2.313539 0.000000 0.000001 -0.000003 -0.409856 0.110318 1.475535 -1.177518 0.496581 -1.392261 0.224139 -0.304663 0.310065 -0.000001 0.000001 -0.000001 0.064153 0.113227 -0.425155 0.526980 -0.457435 0.316359 0.023423 1.544761 -1.533549 -0.000002 -0.000001 0.000000 
-7.191748 106.097328 -6.327872 1.160017 -2.740873 0.104459 -0.408955 0.208442 -1.268066 -0.545155 0.321065 -0.579746 0.476502 -1.708503 -0.370004 -0.794577 0.910306 -1.938849 0.000001 0.000000 0.000003 2.565668 -1.962272 -0.764281 3.095978 -0.224429 0.726566 -0.098280 0.689648 -1.078923 -0.000002 0.000004 0.000001 0.944487 0.320996 -0.472062 1.376839 1.741464 4.260572 3.333293 -1.142735 2.233699 0.000001 0.000001 -0.000001 -0.987260 0.155809 1.785056 -1.214560 0.366017 -1.895276 0.820204 0.035283 0.293637 -0.000002 0.000003 0.000000 -0.645026 0.130157 -0.531147 0.991042 -0.355089 0.601152 0.533431 1.536642 -1.421865 -0.000000 -0.000002 0.000001 
-7.294053 106.022758 -6.424020 1.362938 -3.549469 0.118142 -0.304100 0.232086 -1.564224 -0.899321 0.328594 -0.739173 0.596676 -2.042814 -0.434007 -1.329655 0.894065 -2.234010 0.000000 0.000004 0.000002 2.836942 -2.158334 -0.979720 4.143407 -0.124397 0.614319 -0.013528 0.714759 -1.118544 -0.000000 0.000003 0.000001 0.237734 -0.030159 -0.188576 1.059897 1.911507 5.587345 4.467336 -0.671544 1.707360 -0.000004 -0.000002 -0.000002 -1.232071 0.283953 2.255296 -1.440784 0.405149 -2.417625 1.475683 0.587984 0.344323 0.000006 0.000001 -0.000001 -0.894430 0.061040 -0.608678 1.387652 -0.318151 0.696401 0.269574 1.993612 -1.887376 -0.000002 -0.000001 -0.000001 
-7.402966 105.935974 -6.518106 1.691658 -4.005682 -0.044502 -0.862985 0.324570 -1.608197 -0.357096 0.456193 -0.993524 0.159871 -2.656402 -0.482077 -1.262873 1.170438 -2.603307 -0.000001 0.000000 0.000001 3.270088 -2.327538 -1.309069 4.961552 -0.227028 0.679696 0.528878 1.455550 -1.146670 -0.000001 -0.000001 -0.000000 0.248610 0.222898 0.074615 0.700648 1.898928 6.987798 5.267948 -0.612623 1.609238 0.000005 -0.000001 -0.000000 -1.347576 0.447204 2.787303 -1.060062 0.444507 -2.852854 1.232913 0.472234 0.353025 0.000004 0.000001 -0.000003 -1.016830 0.002679 -0.526770 1.399396 -0.332667 0.986727 0.591653 2.241140 -1.802908 -0.000004 -0.000002 0.000001 
-7.522090 105.838814 -6.609206 1.499771 -5.088017 -0.277005 -0.751290 0.336406 -1.855489 -1.132000 0.410558 -0.966950 0.317188 -3.858456 -0.709748 -0.878849 1.557320 -2.893056 -0.000001 0.000002 0.000001 4.210121 -2.366557 -1.967966 6.137152 0.056384 0.819449 -0.482051 0.451981 -0.822994 0.000002 -0.000003 -0.000000 0.620142 1.121795 0.886832 0.237741 1.166148 8.487393 5.142450 0.122164 0.087756 0.000002 -0.000001 -0.000000 -0.863644 0.733891 3.667389 -1.783173 0.456659 -3.629973 1.315493 1.279821 0.412368 0.000001 0.000002 -0.000005 -0.617513 -0.038288 -0.499807 1.616089 -0.211510 1.263466 0.405055 2.988074 -2.271171 0.000002 0.000001 -0.000001 
-7.636169 105.749870 -6.718657 1.850546 -5.553890 -0.329775 -0.871991 0.389345 -2.137337 -1.250253 0.404933 -0.991883 0.420262 -4.600532 -0.726258 -1.379399 1.636707 -3.282460 -0.000000 0.000004 0.000002 4.585439 -2.406172 -2.244366 6.253831 0.057280 0.825732 -0.289020 0.353346 -0.790888 0.000003 0.000001 0.000004 0.495801 1.325532 1.350178 0.337947 1.276997 9.541829 4.428234 0.448189 -0.286733 -0.000005 -0.000003 0.000003 -0.987944 0.795694 4.164593 -2.785046 0.544233 -3.899364 2.130087 1.429559 0.456842 -0.000002 0.000003 -0.000007 -0.800883 -0.001547 -0.538911 1.321166 -0.292715 1.527461 0.313346 2.466848 -1.996754 -0.000003 0.000003 0.000002 
-7.755640 105.639366 -6.831690 2.311068 -6.203274 -0.463377 -0.768332 0.394183 -2.382548 -1.227967 0.365637 -0.920033 -0.124875 -5.548243 -0.868613 -2.685521 1.481505 -3.322644 -0.000000 -0.000007 0.000000 4.684173 -2.255109 -2.388082 7.183234 0.570913 0.739347 -1.190448 -0.905339 -0.539563 -0.000000 0.000001 -0.000003 -0.285114 1.000200 2.122060 0.264218 1.265754 10.594899 4.886456 1.079223 -1.210349 -0.000002 0.000000 0.000000 -1.098020 0.930907 4.887615 -2.926807 0.671393 -4.757226 3.028975 2.584701 0.616959 0.000004 0.000001 -0.000003 -0.975471 0.010479 -0.551687 1.531887 -0.201469 1.743980 1.094034 2.866555 -1.769817 -0.000001 -0.000004 -0.000001 
-7.883385 105.516724 -6.960484 2.094793 -6.442299 -0.454044 -0.446496 0.402820 -2.753959 -1.458850 0.284079 -0.797404 -0.246573 -6.119020 -1.048681 -2.424522 1.779059 -3.821174 0.000001 0.000000 0.000003 5.176896 -2.694996 -3.061054 7.750136 0.181963 0.686793 -1.664106 -3.254380 1.168126 0.000000 -0.000003 0.000003 -0.642854 1.577267 2.633781 -1.109351 -0.253601 12.437570 5.424863 2.292888 -1.898685 -0.000000 -0.000003 -0.000000 -1.504279 0.862285 5.359438 -2.291257 0.597825 -5.421179 2.671423 4.894959 0.779511 0.000004 0.000003 -0.000003 -0.920742 0.062952 -0.459575 1.465845 -0.104705 1.725595 -0.528594 3.910851 -3.194421 -0.000002 -0.000001 -0.000001 
-8.007320 105.399635 -7.094824 2.773444 -6.807785 -0.617436 -1.362465 0.523142 -2.767874 -0.380829 0.347817 -0.718911 -1.060677 -6.238732 -1.270205 -2.723637 1.884738 -3.554151 0.000001 -0.000003 0.000000 5.489890 -3.271779 -2.779219 7.150424 0.064103 0.985092 -2.188219 -2.498328 1.027940 -0.000003 0.000003 0.000004 -2.004300 0.185272 3.322767 -1.009634 -0.314833 13.700437 6.033108 2.221629 -2.873514 -0.000003 -0.000003 -0.000000 -2.281333 0.905651 6.046552 -1.756687 0.660436 -5.990184 2.866825 6.616743 0.996054 0.000001 0.000003 0.000000 -1.672093 0.055682 -0.182461 1.343580 -0.066154 1.781728 -1.791789 4.539137 -3.884032 -0.000000 -0.000003 -0.000000 
-8.136320 105.272644 -7.251340 3.325379 -7.045123 -0.698089 -1.718434 0.627882 -2.982584 -0.266866 0.308491 -0.654905 -1.391142 -6.832615 -1.332554 -2.941549 2.022863 -3.708115 0.000001 -0.000001 0.000000 5.634526 -3.546717 -2.978329 7.598285 0.427661 0.789347 -2.455227 -3.198513 2.019661 -0.000002 0.000004 0.000003 -2.900391 0.214747 4.239851 -1.519740 -0.677239 14.840691 6.317688 2.681852 -3.720690 -0.000003 -0.000002 -0.000000 -3.040558 0.921961 6.666152 -1.264413 0.672366 -6.796264 3.115007 9.157436 1.153646 0.000000 0.000004 -0.000002 -2.220680 0.032936 -0.122820 1.343066 -0.029856 1.867698 -2.345620 5.814695 -4.846679 -0.000001 0.000000 -0.000000 
-8.275649 105.135414 -7.406401 3.694306 -7.064184 -0.718546 -1.415991 0.639913 -3.328739 -0.527866 0.247601 -0.573027 -1.434696 -6.988966 -1.324495 -3.242975 2.099231 -3.731912 0.000000 -0.000001 0.000001 5.618723 -3.811879 -3.321695 8.325558 0.475926 0.515941 -2.146377 -4.335950 3.045562 -0.000003 0.000004 0.000003 -3.771606 0.066162 4.568253 -1.802757 -0.067874 16.048387 7.514046 2.988513 -3.008974 -0.000000 -0.000001 -0.000002 -3.698605 0.844012 7.272542 0.139604 0.537823 -8.013527 3.173210 12.320521 1.568108 0.000003 -0.000001 -0.000002 -3.000206 0.082927 -0.135305 1.153018 0.010098 2.383451 -3.052866 6.673641 -5.436127 -0.000000 0.000002 0.000003 
-8.410213 105.013847 -7.580058 4.415488 -6.921647 -0.779700 -1.943493 0.766797 -3.504413 -0.572611 0.155554 -0.379218 -1.303648 -7.182818 -1.395499 -3.713031 2.039160 -3.729129 0.000002 -0.000001 0.000001 5.528317 -4.310166 -3.360460 8.548683 0.291896 0.345980 -2.092188 -5.271408 3.869270 -0.000001 0.000003 0.000001 -4.647820 -0.220912 4.914029 -2.133779 0.182757 17.005508 8.008506 3.432910 -3.156720 -0.000003 0.000000 0.000001 -3.949041 0.809582 7.692987 0.367986 0.534369 -8.928983 2.996164 14.790706 1.896316 0.000003 0.000003 -0.000005 -3.597875 0.160447 -0.197252 0.691481 -0.103652 2.913974 -2.033502 7.481861 -5.337836 -0.000000 0.000004 0.000000 
-8.550497 104.885811 -7.750188 4.923560 -7.133033 -0.856926 -1.945490 0.802872 -3.730680 -0.864336 0.091411 -0.285888 -1.287918 -7.824800 -1.387967 -4.504524 1.853832 -3.767372 0.000001 0.000004 0.000002 5.717709 -4.266112 -3.687883 8.969832 0.670175 0.123412 -2.252178 -6.729498 5.102039 -0.000003 0.000006 -0.000002 -4.783644 0.115834 5.244705 -2.641736 -0.517423 17.606633 8.682364 4.097990 -3.454491 -0.000003 -0.000001 -0.000002 -4.090199 0.770222 8.384353 2.781569 0.138997 -10.374570 2.991226 17.400914 2.135605 0.000005 0.000001 -0.000001 -4.123970 0.297743 -0.420079 0.787482 -0.091565 3.889375 -1.643645 7.269036 -5.066940 -0.000000 0.000001 0.000000 
-8.694324 104.755501 -7.926776 5.297160 -7.696467 -0.959985 -2.239261 0.872264 -3.843313 -1.372560 -0.025097 -0.093214 -0.851564 -8.135037 -1.423438 -4.451806 1.983785 -3.955196 0.000001 -0.000001 0.000001 5.964940 -4.201280 -4.176340 9.838346 1.490949 -0.269842 -2.086469 -7.073560 5.564988 -0.000000 -0.000001 0.000002 -4.505945 0.661151 5.279447 -2.763233 -0.373707 17.907074 9.977528 4.176691 -3.106220 -0.000001 -0.000001 0.000001 -3.676337 0.895000 9.262776 5.704554 -0.249949 -11.912666 3.745967 20.365285 2.437464 -0.000001 0.000007 -0.000004 -5.120609 0.434067 -0.540788 1.632469 0.023844 4.832714 -2.279622 7.003370 -5.178733 -0.000000 -0.000000 -0.000000 
-8.834560 104.630333 -8.100964 5.470604 -7.967025 -0.875205 -2.057244 0.897036 -4.118202 -1.559265 -0.144757 0.107619 -1.165419 -8.833400 -1.604805 -4.379256 2.139647 -4.150994 0.000000 -0.000003 0.000001 6.033995 -3.902032 -4.382952 10.252095 2.116583 -0.476707 -1.997626 -6.555997 5.573496 0.000001 0.000003 -0.000001 -3.804395 1.598472 5.447609 -2.977322 -0.647848 17.882542 10.189563 3.976161 -2.990726 -0.000004 -0.000001 -0.000000 -3.757213 0.992818 9.871688 7.725702 -0.614835 -13.356023 4.203829 22.476933 2.659610 -0.000001 0.000001 -0.000001 -5.383576 0.501640 -0.772708 1.729448 0.063507 5.526915 -2.636043 6.530200 -4.940108 -0.000004 -0.000003 -0.000000 
-8.969000 104.500694 -8.296216 5.943722 -8.171912 -0.860219 -2.544081 0.954356 -4.005821 -1.315564 0.099082 -0.341554 -1.305368 -9.865234 -1.341800 -4.692471 2.256903 -4.207179 0.000001 0.000004 0.000002 6.088203 -3.594389 -4.443813 10.318380 2.392190 -0.555572 -2.239167 -6.730322 5.534923 -0.000001 -0.000001 0.000004 -3.637370 1.817619 5.645823 -3.468133 -1.645263 18.129755 10.577171 4.429517 -3.722482 -0.000006 0.000001 0.000000 -3.603031 1.121238 10.550015 8.903409 -0.878997 -15.059242 4.882810 25.104266 2.937721 -0.000001 -0.000002 0.000001 -6.111406 0.606047 -1.048626 2.323817 0.143617 6.262824 -2.573164 6.099608 -4.670357 0.000000 -0.000002 0.000001 
-9.093758 104.378723 -8.494983 6.085422 -7.786940 -0.859122 -2.385893 0.911826 -3.967348 -1.945870 0.028246 -0.150407 -1.222484 -10.860181 -1.586082 -5.438410 2.348748 -4.151441 0.000001 0.000000 -0.000000 6.307400 -3.449401 -4.398477 9.896287 2.689469 -0.626250 -3.084229 -8.057491 6.168849 -0.000000 -0.000001 0.000002 -3.497952 2.037437 6.027247 -3.663078 -2.474995 17.920144 9.201159 4.637299 -4.216043 0.000001 -0.000001 -0.000001 -3.476438 1.166610 11.028807 9.099348 -1.040792 -16.345693 4.959560 26.814735 3.084883 0.000000 0.000002 -0.000000 -6.466564 0.718901 -1.337292 2.895615 0.254485 7.063090 -2.748692 6.040073 -4.760085 -0.000002 0.000004 0.000000 
-9.202439 104.256294 -8.670749 5.593762 -7.553364 -0.749428 -1.790899 0.818146 -4.283528 -2.129035 -0.129521 0.334863 -1.412663 -10.551781 -1.908138 -5.742493 2.281589 -3.644253 0.000002 0.000002 0.000004 6.653005 -3.807032 -3.912200 8.907136 2.699764 -0.194904 -4.202301 -8.457813 5.776884 0.000001 0.000003 0.000004 -4.086890 1.075801 6.467328 -2.972113 -2.449648 17.556296 7.893635 4.561038 -4.772136 0.000001 -0.000001 -0.000000 -2.944306 1.225069 11.120554 9.416956 -1.275392 -17.126069 5.035373 28.019459 3.225947 0.000005 0.000004 -0.000004 -6.365718 0.864507 -1.687447 3.471417 0.509330 7.800966 -3.812873 5.228434 -4.670302 -0.000004 0.000001 0.000001 
-9.309132 104.115341 -8.855909 5.153578 -7.159933 -0.776233 -1.361268 0.705342 -4.089106 -2.007086 0.063395 -0.001669 -1.480589 -10.940039 -1.735013 -5.268337 2.522528 -3.666519 -0.000001 0.000002 0.000000 6.856740 -4.207987 -3.800863 8.723905 2.751764 -0.207160 -3.963794 -7.729398 4.993161 -0.000001 -0.000001 0.000002 -4.511392 0.307181 6.221717 -2.579323 -1.695557 17.811299 9.411910 4.410766 -4.275818 -0.000002 0.000001 0.000000 -2.764554 1.264267 11.425909 10.428200 -1.478433 -17.444081 4.969292 29.339593 3.492665 0.000004 0.000002 -0.000001 -6.713080 0.946542 -1.817755 4.416662 0.809461 8.629585 -5.802607 4.150038 -4.869708 -0.000004 -0.000000 0.000001 
-9.407070 103.977333 -9.033613 5.081639 -7.188310 -0.772008 -1.331893 0.691903 -4.107899 -2.347068 0.056689 -0.056873 -1.309263 -10.989427 -1.635993 -4.872924 2.585745 -3.721129 0.000002 0.000000 -0.000000 7.357686 -4.357104 -4.178198 9.057631 2.689429 -0.156422 -3.697859 -7.380095 4.889508 0.000000 -0.000003 0.000001 -4.191630 0.623499 6.120437 -2.442522 -1.247210 17.978262 10.274653 4.269912 -3.935759 -0.000003 0.000001 0.000003 -2.673101 1.396014 11.859043 11.048406 -1.643830 -17.873685 5.003057 30.910516 3.631362 0.000000 0.000006 -0.000005 -6.966559 0.891917 -1.697948 4.881973 1.005249 8.665677 -6.572864 4.347404 -5.258342 -0.000003 0.000001 -0.000001 
-9.490198 103.845322 -9.198279 5.233536 -7.032351 -0.667444 -1.544585 0.768736 -4.382779 -1.881196 -0.107589 0.379910 -1.533315 -10.930819 -1.998731 -5.100835 2.263930 -3.264233 0.000001 0.000000 0.000001 7.479121 -4.630792 -4.201962 9.061720 2.879544 -0.221767 -3.723554 -7.439954 5.131825 -0.000000 -0.000004 0.000001 -4.756756 0.398407 6.567835 -2.512731 -1.267763 18.152474 10.969209 4.408108 -4.212311 -0.000004 -0.000002 0.000001 -3.024107 1.320217 12.003240 11.760424 -1.817017 -18.111650 4.802610 31.531657 3.762671 -0.000001 0.000000 0.000001 -7.045746 0.880084 -1.609790 4.717884 1.009151 8.497007 -6.867821 4.884196 -5.642857 -0.000001 0.000001 -0.000001 
-9.554388 103.718498 -9.355288 5.867569 -7.016184 -0.476134 -1.792158 0.840032 -4.732898 -2.228221 -0.345871 0.803418 -1.357765 -11.084388 -2.397969 -5.500294 1.961016 -2.918059 0.000001 0.000000 0.000002 7.655052 -4.805815 -4.126655 8.783423 2.961659 -0.223581 -3.723035 -7.705374 5.554448 -0.000000 0.000001 0.000002 -5.138169 0.092776 6.851033 -2.237811 -0.968272 18.503013 11.581965 4.338665 -4.006944 -0.000002 -0.000001 0.000001 -3.012574 1.310900 12.068716 11.109945 -1.708533 -18.232445 5.156507 32.178882 3.635381 0.000004 0.000002 -0.000001 -7.931735 0.923353 -1.427235 4.239973 0.913948 8.054205 -6.955319 4.852459 -5.674429 -0.000003 0.000001 -0.000002 
-9.610910 103.583580 -9.525401 6.824408 -6.983751 -0.257376 -2.261706 0.928540 -4.885001 -1.760658 -0.114744 0.510827 -1.776785 -11.613657 -2.145076 -6.155907 1.993085 -2.836150 0.000001 -0.000001 0.000003 7.797829 -4.744042 -3.747201 7.560957 3.108320 0.133061 -3.534707 -5.827293 4.992492 0.000001 0.000004 0.000005 -5.265097 -0.240634 7.326419 -1.601795 -1.191966 18.232712 10.520904 3.980169 -4.811919 -0.000001 -0.000001 0.000003 -3.552780 1.246187 12.297454 10.583183 -1.684692 -18.697184 5.760280 32.803630 3.636101 0.000003 0.000003 -0.000005 -9.195841 1.009332 -1.350079 4.132283 0.879916 7.876806 -7.549699 4.675614 -5.923847 -0.000004 0.000001 -0.000000 
-9.663156 103.455925 -9.681568 6.848639 -6.820155 0.021637 -2.493312 1.015953 -5.199121 -0.686914 -0.044713 0.516385 -2.583749 -11.398464 -2.142687 -5.785502 2.150525 -2.947298 0.000001 0.000005 -0.000000 7.998984 -4.884616 -3.918212 7.690590 3.264765 -0.022480 -3.079979 -5.593205 5.458459 -0.000001 0.000002 0.000002 -5.039109 0.039477 7.265185 -1.896472 -1.481204 18.315045 11.049820 3.862183 -4.436610 -0.000001 -0.000003 0.000001 -3.454338 1.251233 12.202305 10.359670 -1.620743 -18.958302 6.574144 33.429459 3.550345 0.000003 -0.000003 0.000001 -9.393765 1.060181 -1.548617 4.138996 0.843859 7.887942 -7.830124 4.529534 -6.029747 0.000001 0.000000 -0.000000 
-9.705638 103.332306 -9.832120 7.024829 -6.699467 0.183925 -2.012422 0.957164 -5.489688 -1.427076 -0.199655 0.706516 -2.097433 -11.205210 -2.264475 -5.959850 2.053758 -3.025047 0.000001 0.000005 -0.000000 8.114596 -5.232161 -3.926043 7.273799 2.982805 -0.156275 -2.473203 -5.649275 6.102826 -0.000002 0.000006 -0.000000 -5.326321 0.097207 7.587107 -2.157891 -1.503930 18.552271 11.632419 4.109203 -4.242425 -0.000001 -0.000004 -0.000001 -3.187349 1.289162 12.441340 9.944388 -1.436388 -19.673634 7.067514 33.741339 3.522058 0.000004 0.000002 -0.000005 -9.779321 1.121707 -1.626905 4.047946 0.677097 7.951033 -8.169648 4.423290 -6.188400 0.000002 -0.000001 0.000000 
-9.743400 103.216454 -9.979065 7.162021 -6.141004 0.233526 -1.192949 0.815300 -5.588207 -1.853670 -0.265870 0.809284 -2.263327 -11.652948 -2.403474 -6.004631 2.114585 -3.014865 -0.000001 0.000000 -0.000001 8.167795 -5.083655 -4.038179 7.315025 3.146708 -0.210856 -1.855143 -5.062719 6.023781 -0.000000 -0.000001 -0.000001 -5.228319 0.289129 7.703425 -2.078342 -1.462846 18.619051 12.534097 4.040801 -3.782519 0.000002 0.000002 0.000001 -3.394442 1.242403 12.634113 9.717198 -1.390450 -19.975665 6.663745 34.019448 3.697116 0.000003 0.000004 -0.000002 -10.441063 1.185174 -1.654597 4.210216 0.711279 8.211300 -8.254105 4.556114 -6.303629 0.000001 0.000000 0.000000 
-9.779847 103.110069 -10.126852 6.783005 -6.013157 0.266000 -0.849682 0.758873 -5.635232 -1.881329 -0.241430 0.782839 -2.248696 -11.748615 -2.425960 -5.919959 2.197055 -3.028384 0.000000 0.000000 0.000002 8.407264 -5.210470 -3.996713 7.040713 3.502335 -0.294340 -1.620157 -4.692702 6.090819 -0.000001 -0.000003 -0.000002 -5.076151 0.306904 7.739838 -1.859550 -1.524132 18.656510 12.510425 4.010865 -4.040745 -0.000001 0.000001 -0.000001 -3.124818 1.331300 12.725710 10.009045 -1.413751 -20.149949 6.402204 33.554541 3.641917 0.000003 0.000003 -0.000005 -10.454784 1.179125 -1.699710 4.547004 0.734835 8.339440 -8.934539 3.848249 -6.304396 -0.000004 0.000003 -0.000000 
-9.812644 103.009743 -10.275059 6.772750 -6.029209 0.272179 -0.944036 0.783062 -5.606607 -1.578502 -0.203807 0.733822 -2.383670 -11.718968 -2.422739 -5.971477 2.156098 -3.001584 -0.000001 0.000000 -0.000000 8.628799 -5.491212 -4.176591 7.097860 3.522815 -0.530686 -1.069799 -4.777674 6.320637 0.000001 0.000001 0.000002 -5.443168 0.173544 7.860761 -1.925040 -1.179434 18.847292 13.369212 4.207942 -3.602099 -0.000004 -0.000002 0.000002 -3.011481 1.396671 13.082549 9.851422 -1.356180 -20.548074 5.934342 33.623143 3.843446 -0.000002 0.000002 -0.000003 -10.489707 1.167492 -1.711938 4.603318 0.712530 8.428406 -9.004958 3.684878 -6.210714 -0.000001 0.000004 0.000000 
-9.833735 102.899178 -10.401314 6.689409 -5.712460 0.341989 -0.813591 0.776238 -5.675919 -1.762672 -0.292241 0.885460 -2.286544 -11.721586 -2.554774 -5.330404 2.282639 -2.994782 0.000000 0.000004 0.000001 8.761357 -5.562482 -4.370401 7.492647 3.280531 -0.507054 -1.179299 -5.540878 6.629606 0.000002 -0.000001 -0.000000 -5.287975 0.289772 7.693202 -2.218213 -1.490109 19.091092 14.055363 4.345230 -3.398071 0.000001 -0.000001 -0.000000 -3.658011 1.232960 13.169295 11.025078 -1.593160 -20.732641 5.697788 33.938773 4.013288 -0.000000 0.000001 -0.000001 -10.949113 1.268919 -1.912190 5.115158 0.805842 8.949545 -10.120107 2.869574 -6.268260 -0.000000 0.000001 0.000001 
-9.852187 102.802704 -10.522202 6.192213 -5.709117 0.246067 0.071601 0.611169 -5.688977 -2.790625 -0.442708 1.036638 -1.505194 -11.447024 -2.665597 -5.423024 2.109733 -2.765846 0.000001 0.000002 0.000001 8.771593 -5.407476 -4.520866 7.607622 3.580748 -0.686866 -0.827182 -5.376959 7.031804 -0.000001 0.000003 -0.000001 -5.371940 0.496461 8.052414 -2.126185 -1.272817 19.238205 14.007794 4.449717 -3.614736 -0.000001 -0.000003 0.000002 -3.384893 1.333007 13.312377 11.581309 -1.675507 -20.841679 5.316241 33.930512 4.133273 0.000001 -0.000002 -0.000000 -11.004884 1.286708 -1.991850 5.936544 1.018919 9.207061 -10.803548 2.495328 -6.404471 -0.000000 0.000003 -0.000000 
-9.869157 102.705788 -10.644567 6.462811 -5.451339 0.139608 -0.276004 0.645141 -5.528372 -2.253094 -0.419327 1.074450 -1.679774 -11.372381 -2.689748 -5.366034 2.017971 -2.613756 0.000001 0.000002 0.000000 8.715749 -5.576006 -4.391287 7.581665 3.583108 -0.860582 -0.052938 -4.464049 6.706096 -0.000000 0.000004 -0.000004 -5.539362 0.370553 8.121791 -2.117045 -0.825363 19.277219 14.992306 4.455639 -3.282035 0.000002 -0.000003 0.000000 -4.365970 1.114175 13.535544 12.666774 -1.850776 -21.029271 4.830329 34.016272 4.264815 -0.000000 0.000003 -0.000002 -10.966107 1.315411 -2.201635 5.996669 0.938513 9.677062 -10.651414 2.263929 -6.201197 -0.000002 -0.000002 -0.000001 
-9.886588 102.613838 -10.774266 6.859285 -5.381391 -0.042549 -0.359523 0.638234 -5.410867 -1.619337 -0.370065 1.083935 -2.328245 -11.444691 -2.503016 -4.764404 2.329598 -2.743500 -0.000001 -0.000001 0.000000 8.545667 -5.599715 -4.246228 7.389515 3.347739 -0.866949 -0.062288 -5.088036 7.076930 -0.000004 0.000001 0.000001 -5.967358 0.129133 8.346229 -2.631600 -1.554920 19.459571 15.594275 5.132005 -3.866771 0.000001 -0.000003 0.000001 -4.800931 0.968996 13.904247 12.532076 -1.864256 -21.656448 4.673779 34.172922 4.317489 0.000002 0.000000 0.000001 -11.259960 1.427671 -2.264090 5.760867 0.855233 10.265463 -11.016028 1.501766 -5.886585 -0.000000 -0.000002 -0.000001 
-9.901563 102.515305 -10.905116 6.420248 -5.455842 -0.183346 -0.350349 0.641498 -5.361517 -1.901244 -0.406341 1.112320 -2.119358 -11.416121 -2.336495 -4.424019 2.385200 -2.764779 0.000001 0.000002 0.000000 8.652128 -5.726349 -4.609015 8.126331 3.773295 -1.241904 -0.385677 -6.634297 8.212283 -0.000001 -0.000003 0.000003 -6.100990 0.338914 8.345327 -3.068776 -1.741146 19.749743 16.281559 5.610713 -3.832749 -0.000003 -0.000001 0.000001 -4.658117 0.929301 14.155001 13.643537 -2.050683 -21.778886 3.630498 33.851268 4.565567 0.000001 -0.000004 -0.000002 -11.254672 1.495062 -2.240272 6.495222 1.013363 10.526288 -11.616146 0.905798 -5.889004 -0.000001 0.000001 -0.000001 
-9.917013 102.419296 -11.020850 6.349619 -5.648649 -0.313931 -0.356334 0.632566 -5.357864 -1.255971 -0.406140 1.182019 -2.654017 -11.578693 -2.323536 -4.577911 2.187371 -2.529144 -0.000001 -0.000001 0.000001 8.578309 -5.531994 -4.463981 8.114793 3.862947 -1.123707 -0.585592 -6.063142 7.708637 0.000003 -0.000003 -0.000000 -5.741578 0.529245 8.389138 -2.991638 -1.838163 19.804900 15.889503 5.539946 -4.598137 -0.000001 -0.000003 0.000003 -4.443273 1.132189 14.390642 13.495602 -2.003382 -21.930744 3.724763 34.095741 4.556606 0.000002 0.000004 -0.000002 -11.435827 1.427142 -2.198555 7.227454 1.211897 10.693804 -11.461832 1.903497 -6.377468 -0.000000 -0.000001 0.000002 
-9.926664 102.320084 -11.140148 6.393096 -5.348338 -0.384222 -0.341043 0.618527 -5.410145 -1.589907 -0.524032 1.422575 -2.305968 -11.861592 -2.509370 -4.652824 1.983459 -2.241807 0.000000 0.000002 0.000000 8.269932 -5.433908 -4.048008 7.957888 4.080176 -1.041975 -0.832111 -5.859545 7.034700 0.000002 -0.000003 0.000001 -5.666430 0.419455 8.307449 -2.721891 -1.856730 19.725088 15.471584 5.551979 -4.682537 -0.000001 -0.000001 -0.000002 -4.614834 1.060242 14.516010 13.849925 -2.117770 -21.944559 3.330388 33.956531 4.686723 0.000000 0.000001 -0.000001 -11.796279 1.478028 -2.141296 7.817790 1.340892 10.750112 -10.962933 2.613142 -6.590584 -0.000000 -0.000002 -0.000001 
-9.938681 102.236366 -11.259249 6.875534 -5.013338 -0.357333 -0.239893 0.632975 -5.614274 -1.496166 -0.627122 1.609239 -2.719047 -12.186389 -2.635252 -4.352427 1.863014 -2.092857 0.000000 0.000005 0.000001 8.139460 -5.461003 -3.999684 7.990160 3.972348 -1.063488 -0.875688 -5.890565 6.962505 -0.000001 -0.000003 -0.000000 -5.733430 0.502582 8.388668 -2.875959 -2.066050 19.550964 15.577396 5.507306 -4.658412 0.000000 -0.000003 -0.000001 -4.887496 1.019500 14.446378 13.427600 -2.027411 -21.817719 3.503099 34.101225 4.600870 0.000002 -0.000003 -0.000001 -12.002555 1.487914 -2.172671 7.412640 1.163588 10.754155 -9.961673 2.898467 -6.366448 -0.000004 0.000001 -0.000000 
-9.948223 102.152031 -11.378197 6.941044 -4.773352 -0.299925 0.035305 0.615647 -5.741493 -1.993919 -0.676615 1.586285 -2.509231 -12.013235 -2.678239 -4.404719 1.684606 -1.953442 0.000001 0.000000 0.000001 8.202448 -5.705026 -4.215441 8.241081 3.840159 -1.199085 -0.364643 -5.378727 6.891920 -0.000002 0.000004 -0.000002 -6.065842 0.291243 8.406124 -2.924298 -1.695358 19.700016 16.182164 5.435586 -4.551145 -0.000000 0.000001 -0.000002 -4.934477 1.070449 14.410407 13.072767 -1.910869 -21.630231 3.562485 33.965639 4.518741 0.000000 0.000003 -0.000002 -11.968383 1.381965 -1.884820 7.009167 1.114166 10.118900 -9.889556 2.895527 -6.283949 -0.000001 0.000001 -0.000001 
-9.960203 102.065559 -11.493208 7.181238 -4.292795 -0.209888 0.059026 0.627372 -5.905223 -2.006673 -0.656161 1.551985 -2.453398 -12.118443 -2.609174 -4.480005 1.489179 -1.782384 0.000001 0.000000 0.000003 8.246249 -5.603490 -4.403402 7.978809 3.511152 -1.116607 -0.611705 -6.187961 7.551028 -0.000001 0.000004 0.000001 -6.354785 0.136802 8.552316 -3.102414 -2.079719 19.602139 15.792410 5.700827 -5.146309 0.000001 -0.000003 -0.000000 -4.959236 1.081784 14.340599 13.237243 -1.807976 -21.442315 3.657321 33.511405 4.498900 -0.000004 -0.000000 0.000001 -11.915187 1.313225 -1.793032 6.484434 0.773184 9.867245 -9.733264 3.186567 -6.384186 0.000000 0.000001 0.000001 
-9.968994 101.987892 -11.612387 7.021135 -3.920869 -0.176234 -0.137849 0.657775 -5.943890 -1.616423 -0.600237 1.534590 -2.534446 -12.192032 -2.663723 -4.768412 1.333450 -1.633160 0.000001 0.000007 0.000001 8.400884 -5.475387 -4.490828 7.896917 3.541409 -1.028215 -0.676939 -6.220575 7.810241 -0.000001 0.000003 -0.000002 -6.139262 0.262455 8.553804 -3.208315 -2.707983 19.470228 15.022318 5.813131 -5.696404 0.000004 -0.000002 -0.000001 -5.107087 1.032657 14.303198 13.570815 -1.832995 -21.189834 3.561995 33.701106 4.517812 0.000001 0.000000 0.000000 -11.676982 1.270875 -1.817707 6.647468 0.663066 9.712280 -9.542463 3.929672 -6.837009 -0.000003 0.000001 -0.000001 
-9.974066 101.924782 -11.736729 6.845723 -3.721341 -0.044173 -0.000429 0.640171 -6.056350 -1.251709 -0.425314 1.313189 -2.858975 -11.778375 -2.606634 -4.544617 1.384747 -1.350437 0.000001 0.000002 0.000001 8.752908 -5.806194 -4.111347 7.015615 3.202884 -0.586045 -0.127436 -3.978115 6.307306 -0.000002 0.000003 -0.000001 -5.993859 -0.053510 8.483550 -2.208813 -1.763473 19.332384 14.565261 5.259520 -5.290599 0.000001 0.000000 0.000002 -4.572610 1.120662 14.226841 13.199075 -1.865640 -21.182228 3.700604 33.986721 4.619350 0.000000 0.000001 -0.000001 -11.471424 1.313370 -1.851783 5.984021 0.514531 9.528081 -9.797362 3.447367 -6.758719 -0.000001 0.000003 -0.000000 
-9.973866 101.871758 -11.861511 6.957863 -3.345430 0.031002 -0.282148 0.685620 -6.039935 -1.240114 -0.344997 1.187982 -2.694302 -11.900525 -2.585143 -4.716960 1.522434 -1.367223 0.000003 0.000000 0.000001 8.799750 -5.426227 -4.127051 6.859938 3.387574 -0.378598 0.162108 -2.697715 5.750631 0.000000 0.000003 -0.000001 -5.525714 0.206464 8.425654 -1.719200 -1.471797 18.885652 13.794683 4.846296 -5.151058 -0.000003 0.000000 0.000001 -4.654981 1.101675 14.251033 12.945923 -1.944752 -21.314987 3.414624 34.098558 4.735137 -0.000001 0.000002 -0.000000 -11.389930 1.317731 -1.809894 5.187095 0.414398 9.397377 -10.345844 2.908617 -6.684315 -0.000000 0.000003 -0.000000 
-9.972729 101.829140 -11.978651 7.197454 -3.734296 0.106756 -0.800832 0.799722 -6.062674 -0.512822 -0.224416 1.081151 -3.032385 -11.908210 -2.525280 -4.630492 1.598061 -1.436358 -0.000000 0.000004 0.000002 8.978984 -5.529535 -4.273038 6.699104 3.392739 -0.491049 0.064571 -3.039311 5.762355 0.000000 0.000001 0.000002 -5.568126 0.424213 8.646082 -1.665765 -1.116985 18.927576 13.830929 5.226905 -5.504932 -0.000006 -0.000001 -0.000002 -4.581803 1.104347 14.440878 12.630053 -1.988737 -21.774049 4.613967 34.550567 4.482996 0.000000 -0.000001 -0.000000 -11.689122 1.358249 -1.777823 5.132779 0.526766 9.263835 -10.378586 2.872993 -6.642249 -0.000001 0.000003 -0.000000 
-9.962087 101.787155 -12.097149 7.212255 -3.507750 0.022586 -0.426315 0.685815 -5.812707 -0.921176 -0.225632 1.085083 -3.034560 -12.061374 -2.635083 -4.611445 1.669669 -1.422560 -0.000000 0.000000 0.000002 9.024498 -5.176610 -4.214259 6.567483 3.807515 -0.435375 -0.041979 -2.354543 5.166183 0.000002 -0.000001 -0.000000 -5.202221 0.549748 8.644872 -1.469588 -1.537042 18.880186 12.586630 5.325798 -6.340714 -0.000001 -0.000001 0.000000 -5.070734 0.979551 14.472764 12.986024 -2.123935 -21.637662 3.907967 34.355551 4.575289 -0.000001 0.000002 0.000002 -11.924385 1.398540 -1.760460 5.165441 0.503749 9.375904 -10.366958 2.724642 -6.614445 -0.000002 0.000003 -0.000000 
-9.948647 101.745430 -12.214655 7.481756 -3.557444 0.125647 -0.171983 0.630151 -5.868831 -1.186106 -0.199235 1.024973 -2.916526 -11.706639 -2.461454 -5.058420 1.519511 -1.269802 0.000001 -0.000001 0.000003 8.948856 -5.381716 -3.883681 6.025871 3.918909 -0.419798 -0.092102 -1.899127 4.619913 0.000000 0.000002 0.000002 -5.486594 0.080977 8.707137 -1.510276 -1.917681 18.540446 12.596583 5.485552 -6.832666 -0.000001 0.000001 -0.000001 -5.032568 0.954133 14.462739 12.766338 -2.101681 -21.834305 3.265168 34.797816 4.851010 -0.000002 0.000002 -0.000001 -12.415626 1.453610 -1.723818 5.289099 0.629121 9.151979 -9.793180 4.100096 -7.037030 -0.000000 -0.000001 -0.000002 
-9.934235 101.712448 -12.334973 7.752904 -3.378759 0.112126 -0.301945 0.645045 -5.777484 -1.714157 -0.238166 1.000251 -2.270752 -11.748545 -2.452898 -5.249401 1.496250 -1.367772 -0.000000 -0.000003 0.000000 8.973619 -5.662128 -3.757110 5.691319 3.717572 -0.384669 -0.201385 -1.870921 4.331239 0.000000 -0.000001 -0.000001 -5.550871 -0.088617 8.608864 -1.654842 -2.144182 18.641323 12.263661 5.524082 -7.120715 -0.000003 -0.000001 0.000001 -5.210234 0.929329 14.471707 12.877222 -2.071199 -21.721849 2.941988 34.683093 4.904371 0.000000 0.000002 -0.000001 -12.960595 1.470825 -1.682035 5.362131 0.646986 9.110194 -9.745295 4.251611 -7.066240 -0.000001 -0.000001 -0.000001 
-9.923347 101.678482 -12.450538 8.062859 -2.973922 0.080155 0.457653 0.522247 -5.805057 -3.786438 -0.502575 1.172833 -0.887468 -11.856511 -2.578741 -5.409867 1.278854 -1.308795 0.000001 -0.000001 0.000002 8.604162 -5.607920 -3.746585 6.010731 3.806960 -0.592355 -0.455395 -2.487961 4.479849 -0.000001 0.000001 -0.000001 -5.872196 -0.159123 8.673681 -1.947241 -2.140306 18.748179 13.464921 5.734507 -7.246525 -0.000003 -0.000002 -0.000000 -5.706681 0.791844 14.273519 13.314621 -2.119610 -21.547515 2.098291 34.673097 5.062160 0.000003 0.000006 -0.000003 -12.950761 1.497273 -1.848291 5.200671 0.557438 9.500754 -9.637047 4.268156 -7.039323 0.000000 -0.000003 -0.000000 
-9.907723 101.644165 -12.549078 8.024084 -2.915962 0.036586 0.921618 0.460949 -5.903113 -4.381226 -0.637499 1.351233 -0.752068 -11.917811 -2.675032 -5.082527 1.404627 -1.363030 0.000001 0.000002 0.000001 8.722327 -5.546851 -3.887169 6.226547 4.174341 -0.808966 -0.457722 -2.599988 4.546852 -0.000001 0.000006 0.000005 -5.688652 0.091694 8.745195 -2.054380 -2.201095 18.511676 13.800035 5.740850 -7.292870 -0.000000 0.000000 0.000001 -5.885256 0.784141 14.273683 13.614439 -2.247596 -21.607881 1.293036 34.198091 5.120703 0.000003 0.000000 -0.000001 -13.412046 1.519560 -1.891465 5.986253 0.852713 9.867388 -10.547122 3.344681 -6.889287 -0.000000 -0.000000 -0.000002 
-9.898892 101.602310 -12.649483 7.999072 -2.957695 0.012854 0.820260 0.491931 -5.924985 -4.090879 -0.621650 1.395902 -0.772084 -11.991797 -2.655757 -5.565395 1.373091 -1.274380 0.000001 0.000000 0.000003 8.901542 -5.795732 -3.872593 6.120037 4.705583 -1.097000 -0.120752 -2.217288 4.247628 0.000000 0.000001 0.000004 -5.343037 0.467805 8.692294 -2.046033 -2.217515 18.315113 13.627808 5.744841 -7.144142 -0.000002 -0.000002 -0.000000 -5.983369 0.764514 14.255349 13.867488 -2.355399 -21.591924 1.042002 34.014308 5.223214 0.000002 0.000005 -0.000003 -13.289943 1.522985 -1.941056 6.125089 0.929180 10.097687 -11.197850 2.605701 -6.778279 0.000000 0.000001 -0.000001 
-9.889832 101.563210 -12.758841 7.684188 -3.034491 -0.143345 0.590740 0.521896 -5.854568 -2.366300 -0.474527 1.411113 -2.180783 -12.068472 -2.602676 -4.796341 1.629803 -1.266473 -0.000000 0.000002 0.000002 9.043925 -5.787471 -3.931136 6.093602 4.510941 -0.880708 -0.275669 -2.097375 4.098249 -0.000004 0.000004 -0.000002 -5.474408 0.355842 8.835770 -1.856665 -2.093642 18.321299 13.192470 5.751249 -7.413728 -0.000000 -0.000001 0.000000 -5.638828 0.856083 14.203590 13.829683 -2.345371 -21.376134 1.051753 33.941054 5.264172 0.000004 0.000001 0.000002 -12.870996 1.468228 -1.947155 6.082969 0.849827 10.227612 -11.319550 2.470627 -6.794470 -0.000000 -0.000000 -0.000000 
-9.879731 101.517586 -12.866398 7.680765 -3.218085 -0.233978 0.497478 0.524859 -5.829233 -1.106658 -0.308188 1.270111 -2.974345 -12.117832 -2.425916 -5.527702 1.251818 -1.016492 -0.000001 -0.000001 0.000000 8.986133 -5.898293 -3.795227 5.434540 4.257116 -0.824413 -0.635783 -2.574735 4.440826 -0.000000 0.000001 0.000001 -5.950495 -0.001316 9.128371 -1.783646 -1.938020 18.210519 12.642142 5.895681 -7.707881 -0.000001 0.000000 -0.000001 -5.818360 0.754480 14.163198 13.909311 -2.317845 -21.271159 1.589263 33.615886 5.096159 0.000004 0.000003 0.000000 -12.752166 1.491371 -1.929633 6.155288 0.822118 10.367599 -11.200336 2.396611 -6.656897 -0.000002 -0.000004 -0.000000 
-9.875180 101.480629 -12.965590 8.083540 -3.517192 -0.245575 0.621172 0.526426 -5.935911 -1.566418 -0.403093 1.325135 -2.941839 -12.575293 -2.476943 -5.085551 1.356242 -1.195741 -0.000001 0.000000 0.000001 9.008561 -6.004944 -4.062760 5.721643 4.431149 -1.134076 -0.988869 -3.778968 5.143982 -0.000000 0.000004 0.000001 -5.913001 0.377636 9.159513 -2.515373 -2.610789 18.635720 13.309318 6.396548 -8.059505 -0.000004 0.000000 0.000001 -6.004275 0.713410 14.185926 13.696020 -2.206112 -21.329801 1.407271 33.670866 5.149644 -0.000000 -0.000000 0.000003 -12.848453 1.471739 -1.866881 5.879899 0.714955 10.249744 -10.737880 2.733039 -6.592774 -0.000001 -0.000003 0.000001 
-9.865764 101.441216 -13.058791 8.289895 -3.274240 -0.302077 0.663367 0.520036 -5.932578 -1.758444 -0.499561 1.393111 -2.764702 -12.892642 -2.546183 -4.993658 1.288161 -1.319734 -0.000001 -0.000003 0.000000 8.858818 -6.129933 -4.075104 5.692937 3.929684 -1.107368 -1.295571 -4.532712 5.358229 -0.000001 -0.000003 0.000005 -6.302708 0.310785 9.347904 -2.821883 -2.679536 18.673831 13.461153 6.620389 -8.223278 -0.000000 0.000000 0.000001 -6.423021 0.598773 13.921182 13.603645 -2.084619 -20.773780 1.648810 33.559291 5.036251 0.000001 0.000004 -0.000002 -12.934139 1.440714 -1.809237 5.516943 0.539678 10.156920 -10.705471 2.676540 -6.547349 -0.000004 0.000003 0.000001 
-9.856710 101.410118 -13.163784 8.748876 -3.393240 -0.266633 0.844489 0.484514 -5.985465 -2.831267 -0.557477 1.344898 -1.823789 -12.635708 -2.516200 -5.916503 0.896760 -1.169382 0.000000 0.000002 0.000000 8.824937 -6.281515 -3.967795 5.150766 3.902455 -1.014850 -1.318913 -4.376513 5.315856 -0.000001 0.000006 0.000001 -6.619628 0.207116 9.670259 -2.560500 -2.461942 18.377508 13.049850 6.409317 -7.940658 -0.000000 0.000000 -0.000000 -6.767029 0.437877 13.800641 13.498749 -2.036271 -20.656090 1.931445 33.739803 4.936138 0.000003 0.000003 -0.000002 -13.122694 1.490222 -1.786261 4.767008 0.298886 9.951404 -10.062055 2.743431 -6.265152 -0.000000 0.000003 -0.000000 
-9.846378 101.375061 -13.263796 8.946979 -4.160572 -0.212540 0.621441 0.559589 -6.103988 -3.066392 -0.588939 1.335527 -1.591291 -12.785821 -2.453490 -5.795919 0.907719 -1.313333 0.000001 0.000004 0.000001 8.862180 -6.430070 -4.261112 5.488193 4.188939 -1.331312 -1.264414 -4.952477 5.332633 0.000001 0.000001 0.000002 -6.670693 0.499064 9.669163 -2.983936 -2.832858 18.620146 13.905592 6.677628 -7.893027 0.000001 -0.000002 0.000001 -6.445410 0.481565 14.007409 12.738815 -1.827420 -21.186699 2.639811 33.665739 4.748247 -0.000001 0.000000 -0.000001 -13.240987 1.517494 -1.723049 5.194107 0.489753 9.674802 -9.782848 3.516679 -6.587868 -0.000004 0.000003 0.000001 
-9.838877 101.348671 -13.375650 9.309249 -4.442473 -0.194032 0.474079 0.588303 -6.106590 -3.624571 -0.572545 1.241842 -1.147677 -12.765507 -2.380888 -5.678242 1.070118 -1.516132 0.000000 0.000002 0.000002 8.890528 -6.319933 -4.352036 5.361416 4.567855 -1.315516 -1.327507 -4.063172 4.740844 -0.000002 0.000003 0.000001 -6.317558 0.798019 9.588688 -2.896300 -2.971043 18.542283 13.917061 6.479184 -8.069851 -0.000004 -0.000003 0.000002 -6.457960 0.464904 14.121344 12.346648 -1.736026 -21.381596 3.494566 33.815478 4.628602 0.000000 -0.000001 0.000002 -13.537116 1.589415 -1.706234 4.941494 0.411624 9.647506 -9.451806 3.534333 -6.414310 -0.000003 0.000003 0.000001 
-9.823643 101.323074 -13.475069 9.236534 -4.204906 -0.066657 1.677289 0.387990 -6.180330 -6.576279 -0.794826 1.196280 0.827771 -12.963031 -2.485697 -5.618189 1.143845 -1.732928 -0.000001 0.000005 -0.000000 8.706288 -6.154789 -4.534513 5.638542 3.945599 -1.293228 -1.292570 -4.612239 4.660951 -0.000001 -0.000001 0.000004 -6.457751 0.918505 9.598268 -3.255146 -2.935003 18.777384 14.319963 6.721671 -7.903068 -0.000003 -0.000001 -0.000000 -6.457178 0.424367 13.795385 12.864253 -1.868341 -20.942118 2.670472 33.758647 4.812898 -0.000001 0.000000 -0.000002 -13.659595 1.626041 -1.865529 4.968311 0.525184 9.739939 -9.940687 3.211464 -6.369896 -0.000002 0.000003 -0.000001 
-9.807720 101.302483 -13.569984 9.571462 -4.504556 -0.044973 1.899946 0.366427 -6.183981 -7.228890 -0.883722 1.283821 1.007591 -13.047213 -2.643661 -5.338397 1.216760 -1.814130 0.000001 0.000000 -0.000000 8.406080 -6.054199 -4.464603 5.751294 4.048417 -1.485959 -1.188096 -4.631773 4.503198 -0.000003 0.000001 0.000004 -6.812239 0.770910 9.729946 -3.560816 -3.157995 19.141470 15.171553 7.151755 -8.427531 -0.000001 -0.000003 -0.000000 -6.741024 0.366112 14.032590 12.545613 -1.768573 -21.270724 2.969081 33.778352 4.700059 0.000000 -0.000002 -0.000003 -14.063042 1.636204 -1.744766 4.866394 0.482693 9.583911 -10.313644 3.377568 -6.644526 0.000002 0.000002 -0.000001 
-9.787013 101.284592 -13.662275 9.088375 -3.971869 -0.040767 2.718873 0.177124 -6.069707 -7.961128 -0.868382 1.151059 1.427345 -13.447844 -2.550317 -5.300185 1.414375 -2.104114 0.000000 0.000005 0.000001 8.372249 -5.789621 -4.563060 5.710016 4.244570 -1.425352 -0.821957 -3.355962 3.520906 -0.000000 -0.000001 0.000004 -6.493611 0.953647 9.634591 -3.197003 -2.816207 18.916709 14.466739 7.115456 -8.587732 -0.000001 -0.000002 0.000001 -6.528246 0.314561 13.781369 12.852679 -1.803911 -20.708657 2.096394 33.730319 4.986101 0.000006 0.000003 -0.000002 -14.387332 1.711359 -1.717098 5.387469 0.669865 9.687263 -10.562366 3.127768 -6.531931 -0.000003 0.000003 0.000002 
-9.769232 101.266472 -13.762194 9.043060 -3.727484 0.064110 3.024045 0.109482 -6.032190 -7.619246 -0.743830 0.966129 1.001821 -14.180165 -2.403294 -5.658264 1.510322 -2.317232 -0.000000 0.000000 -0.000000 8.301286 -5.587179 -4.504269 5.292682 4.026792 -1.277249 -1.316869 -3.321685 2.907197 -0.000000 0.000001 0.000002 -6.176062 1.162650 9.644035 -3.482411 -3.584529 18.524849 13.346563 7.364734 -9.460789 -0.000005 0.000000 -0.000001 -6.657770 0.312163 13.702707 12.905776 -1.887526 -20.741113 2.139264 33.995887 4.934653 0.000004 0.000003 -0.000000 -14.327589 1.731858 -1.890730 5.202568 0.663987 9.810575 -10.812195 3.100140 -6.606991 -0.000002 0.000000 0.000000 
-9.745415 101.249916 -13.857217 8.711412 -3.779737 0.045103 3.172067 0.066441 -6.014029 -7.262725 -0.633130 0.839334 0.704513 -14.425325 -2.289209 -5.395737 1.595091 -2.239108 0.000000 0.000000 0.000002 8.585739 -5.803697 -4.511868 4.886608 3.934412 -1.131591 -1.327542 -2.775652 2.453683 -0.000000 0.000003 0.000001 -6.324864 1.005851 9.904201 -3.250500 -3.489385 18.322309 13.118901 7.353840 -9.840739 -0.000000 -0.000001 -0.000002 -6.706937 0.303690 13.819926 13.463268 -2.074045 -20.858115 2.143113 34.177078 4.945818 0.000002 0.000003 0.000000 -14.506161 1.757153 -1.855906 5.632514 0.853423 9.991787 -11.474060 2.657038 -6.610570 -0.000002 0.000001 0.000000 
-9.719702 101.233070 -13.951067 8.344540 -3.517175 0.015618 3.402139 0.010395 -5.964506 -7.734043 -0.707664 0.916072 1.154065 -13.783922 -2.342973 -5.072192 1.632920 -2.146847 0.000000 0.000000 0.000003 8.763271 -5.577715 -4.629603 5.063292 4.157369 -0.960070 -1.276754 -2.083234 2.226307 -0.000002 0.000004 0.000003 -5.736681 1.303027 9.718745 -2.575810 -2.842500 17.903041 12.070262 6.721382 -9.398951 -0.000001 -0.000003 -0.000001 -6.485694 0.392227 13.670934 13.535397 -2.007014 -20.517279 0.935892 33.912968 5.327059 0.000008 0.000002 -0.000000 -14.120380 1.720376 -1.906896 5.826679 0.814524 9.873506 -11.008793 3.098661 -6.744600 -0.000001 0.000004 -0.000002 
-9.691860 101.217628 -14.038663 8.246094 -3.117847 -0.050767 3.524534 -0.005998 -5.847929 -7.953083 -0.879928 1.198883 1.130987 -13.769167 -2.612434 -5.053563 1.519587 -1.949709 -0.000000 -0.000001 -0.000000 8.900495 -5.522222 -4.918491 5.606884 4.211688 -1.035624 -1.533860 -2.636393 2.351838 -0.000004 0.000004 -0.000000 -5.813762 1.309627 9.732581 -2.584230 -2.629155 18.061725 12.172915 6.786013 -9.419692 -0.000001 -0.000003 -0.000002 -6.392347 0.399234 13.407887 13.721318 -2.054948 -20.031767 0.907722 33.832908 5.308646 0.000002 0.000002 0.000002 -13.580848 1.678437 -1.963465 5.339733 0.717804 9.830507 -10.647224 3.035949 -6.518127 -0.000000 0.000004 0.000002 
-9.666605 101.199806 -14.126504 8.341281 -3.023209 -0.088064 3.093601 0.071474 -5.818205 -7.192859 -0.777804 1.148086 0.864408 -13.441517 -2.483368 -5.216140 1.291288 -1.640436 0.000001 -0.000003 0.000002 8.971909 -5.516102 -4.926103 5.449087 4.326641 -1.048134 -1.216515 -2.056490 2.344583 -0.000003 -0.000001 -0.000001 -5.676826 1.324248 9.643896 -2.328841 -2.283815 17.977654 11.995457 6.501546 -9.044361 0.000001 -0.000001 0.000001 -6.604337 0.339451 13.362566 13.658717 -2.049492 -19.957698 0.841638 33.542649 5.183731 0.000001 0.000002 -0.000003 -13.648519 1.702851 -1.939024 5.296976 0.715036 9.921938 -10.657414 3.036037 -6.526031 -0.000000 0.000003 0.000001 
-9.632332 101.177536 -14.215072 8.502761 -3.224212 -0.134265 3.087063 0.060546 -5.821361 -7.378116 -0.856697 1.246021 0.881590 -13.289666 -2.435091 -4.959678 1.188308 -1.486296 0.000000 0.000000 0.000002 8.777147 -5.510716 -4.729492 5.510644 4.185498 -1.051662 -1.764030 -3.092486 2.709398 -0.000003 0.000004 0.000003 -5.927794 1.134177 9.678119 -2.698898 -2.802028 18.198122 11.884245 7.034370 -9.538297 -0.000004 -0.000002 0.000001 -6.542096 0.339228 13.294216 13.566589 -2.066389 -20.032984 0.628312 33.523419 5.281701 0.000001 0.000004 -0.000004 -13.952461 1.756943 -1.997898 5.695991 0.810581 10.043702 -10.627131 3.243221 -6.652684 -0.000000 0.000004 0.000000 
-9.592926 101.154877 -14.291496 8.315963 -3.044334 -0.312159 3.203801 0.040836 -5.780424 -6.052466 -0.853136 1.413436 -0.131330 -13.067000 -2.482093 -4.771126 0.823000 -1.022125 -0.000000 0.000004 0.000000 8.867552 -5.900853 -4.643231 5.480791 4.172368 -1.047694 -1.521318 -2.711563 2.470951 -0.000002 0.000009 0.000002 -6.158414 1.020375 9.728459 -2.303428 -1.923318 18.617933 12.809613 6.855183 -9.145114 -0.000003 -0.000001 0.000001 -6.562161 0.293111 13.091579 13.839257 -2.084490 -19.559905 0.986051 33.130222 5.028002 0.000003 0.000003 0.000002 -13.828205 1.753576 -1.932190 5.894826 0.856646 10.229131 -10.786842 3.187830 -6.731512 -0.000001 -0.000000 -0.000000 
-9.557918 101.128906 -14.368245 8.643723 -3.186954 -0.373021 3.239081 0.023751 -5.623854 -6.834938 -0.951072 1.457171 0.651294 -13.057250 -2.596097 -4.830239 0.676140 -0.828927 0.000000 0.000000 0.000001 8.713258 -5.694342 -4.761866 5.762599 4.451421 -1.354887 -0.856400 -2.378720 2.268059 0.000000 0.000004 0.000001 -6.213963 1.147034 9.692698 -2.532564 -1.880543 18.769616 14.059658 7.086844 -9.038717 -0.000002 0.000001 0.000003 -7.033238 0.210017 13.111585 13.765356 -2.089025 -19.646146 1.184418 32.872618 4.852146 0.000006 0.000003 0.000001 -14.219739 1.743839 -1.976547 6.044952 0.891244 10.358526 -11.003175 3.277269 -6.827239 0.000001 0.000001 -0.000001 
-9.517843 101.099770 -14.453136 8.369371 -3.055263 -0.440238 2.696956 0.127679 -5.750452 -3.910953 -0.779916 1.572091 -1.454828 -13.239109 -2.480287 -4.673112 0.499185 -0.573606 0.000001 0.000000 0.000002 9.045403 -5.960257 -4.799455 5.575059 3.950541 -1.121776 -1.353133 -3.351313 2.798629 -0.000001 0.000003 0.000001 -6.505283 0.893433 9.895826 -2.692688 -2.362150 19.132024 13.929645 7.526302 -9.812687 0.000001 -0.000003 0.000000 -6.570838 0.303847 12.877202 13.696595 -2.069019 -19.176405 0.579780 32.701955 4.972685 0.000004 0.000001 -0.000003 -13.936639 1.739068 -2.090268 6.405868 0.993049 10.572687 -10.473672 3.854401 -6.946240 -0.000001 0.000003 -0.000000 
-9.474129 101.068985 -14.528773 8.174761 -3.471098 -0.630363 2.352761 0.188357 -5.704448 -2.298443 -0.626535 1.521030 -2.427310 -12.632188 -2.257777 -4.359826 0.235092 -0.077687 0.000001 0.000000 0.000001 9.345088 -6.088702 -4.953870 5.900360 4.168605 -1.072856 -1.002239 -2.792767 2.642843 0.000001 -0.000001 -0.000001 -6.331027 1.308425 10.096605 -2.406843 -2.066466 19.220542 14.454166 7.298135 -9.364481 0.000002 0.000001 -0.000000 -6.222468 0.363488 13.046935 13.514316 -2.073710 -19.428381 0.813841 32.877887 4.910895 0.000003 0.000000 -0.000001 -14.040200 1.750569 -1.924419 6.791432 1.114329 10.632921 -10.298215 4.042572 -6.940434 -0.000003 -0.000000 -0.000000 
-9.428263 101.043327 -14.605713 8.523285 -2.846526 -0.780004 2.154482 0.182277 -5.517855 -1.515009 -0.565463 1.563191 -2.755856 -12.533971 -2.246988 -4.917466 -0.144753 0.307289 0.000000 -0.000003 0.000001 9.359333 -6.252287 -4.499724 5.260281 3.833494 -0.696654 -0.990883 -2.118493 2.243595 -0.000003 -0.000003 0.000003 -6.554661 0.826687 10.256374 -1.912596 -2.037091 19.082073 13.879271 7.097282 -9.543669 -0.000001 0.000000 0.000001 -7.145443 0.123230 12.791145 14.049116 -2.159574 -18.658458 0.648297 32.553600 5.045086 0.000003 0.000006 -0.000003 -14.067910 1.781231 -1.962841 6.423861 0.890870 10.838901 -10.460855 3.685635 -6.916399 -0.000004 0.000001 0.000000 
-9.369661 101.023880 -14.685335 8.189238 -2.788932 -1.152770 2.074258 0.163777 -5.167379 -0.958985 -0.654601 1.817961 -3.063799 -12.558591 -2.305977 -4.620379 -0.205673 0.450888 0.000001 0.000000 0.000001 9.528998 -6.246115 -4.787956 5.757311 3.199574 -0.369364 -1.925861 -3.684136 2.862622 -0.000001 0.000002 0.000004 -6.913456 0.885560 10.656746 -2.353401 -2.936532 19.527538 14.037505 7.580794 -10.472031 -0.000003 -0.000001 0.000001 -7.288677 0.107445 12.805984 14.136772 -2.151651 -17.981055 0.374714 31.836598 4.936027 0.000007 0.000007 -0.000002 -14.175135 1.720050 -1.785137 6.735144 0.892230 11.124932 -10.872011 3.451716 -7.021145 0.000000 0.000001 -0.000000 
-9.298862 101.010017 -14.757170 8.496698 -2.874308 -1.753721 1.425518 0.248733 -4.686412 -1.354912 -0.995549 2.334681 -3.113756 -12.407791 -2.527952 -3.524114 -0.366399 0.518666 0.000000 0.000005 0.000002 9.509012 -5.491664 -5.455671 7.525248 2.157975 0.187614 -3.636247 -7.172431 5.351504 -0.000002 0.000001 -0.000001 -7.474213 0.957115 11.235316 -2.826317 -3.473817 21.573711 13.918291 8.601046 -12.288595 -0.000004 -0.000003 0.000001 -8.551965 -0.058134 12.975568 15.014002 -2.039583 -17.119015 0.565574 31.689059 4.946084 0.000000 0.000000 0.000001 -14.076874 1.464263 -1.269538 6.422301 0.401504 11.020628 -11.331777 2.643406 -7.127637 -0.000000 0.000000 0.000002 
-9.223162 101.004929 -14.830348 8.911992 -2.795015 -2.075948 1.171109 0.262874 -4.375946 -0.863162 -1.052875 2.545765 -3.801770 -12.117988 -2.399969 -2.837879 -0.322771 0.539637 0.000002 0.000002 0.000001 9.145348 -5.118295 -5.390600 8.138303 1.169663 0.748869 -5.312642 -9.971963 6.623358 -0.000004 0.000004 0.000001 -7.940671 0.636353 11.555892 -3.062847 -4.232398 23.111697 12.008740 9.562705 -14.202005 -0.000000 -0.000002 0.000001 -9.665060 -0.314591 12.725564 15.427910 -1.929412 -16.070617 -0.018646 31.541079 5.277104 0.000006 0.000004 -0.000002 -14.223334 1.383217 -1.015554 6.071073 0.044989 10.964472 -11.339455 2.672620 -7.332545 -0.000000 0.000001 -0.000001 
-9.132456 101.017838 -14.896271 8.202540 -2.079642 -2.335936 1.359057 0.204611 -4.105282 -1.312824 -1.192590 2.786592 -3.195879 -10.955872 -2.199414 -3.274356 -0.840980 1.121776 0.000001 0.000002 0.000000 8.928504 -4.499081 -5.348501 9.343260 -0.078474 1.724021 -6.549345 -12.268517 7.690295 -0.000001 0.000001 -0.000001 -8.244615 0.417044 12.101657 -2.814433 -4.559709 23.408810 10.199488 9.663604 -14.603327 -0.000005 -0.000001 -0.000000 -10.232343 -0.528131 11.825324 17.404051 -2.152901 -13.629593 -0.674571 29.203143 5.034250 -0.000003 -0.000001 0.000000 -13.763569 1.307064 -0.645166 5.640271 -0.045602 10.782446 -12.179331 0.713402 -6.753262 0.000000 -0.000001 -0.000001 
-9.011629 101.052711 -14.936540 7.067049 -1.125144 -2.489135 2.053532 0.087476 -3.615164 -0.446878 -1.169248 2.926113 -3.787660 -9.572715 -2.013484 -2.874300 -0.910041 1.472173 0.000001 0.000005 0.000002 9.567051 -4.128343 -6.340750 11.609419 -0.511654 2.243822 -6.442498 -13.919484 9.420603 -0.000002 0.000004 0.000001 -8.366456 0.647795 12.470160 -2.813788 -4.386779 24.747932 11.701869 9.744071 -14.618500 -0.000001 -0.000001 0.000002 -10.835029 -0.768448 10.101833 19.598395 -2.262635 -9.698932 -2.224780 26.121261 4.761816 0.000003 0.000004 -0.000002 -12.503361 1.154941 -0.391718 4.645299 -0.022988 10.102713 -14.215349 -1.500939 -6.485575 -0.000003 -0.000002 0.000002 
-8.882429 101.101036 -14.962802 5.725473 -0.278136 -2.577791 2.461910 -0.040651 -3.173587 0.338729 -1.077855 2.934470 -4.111057 -8.781914 -1.832505 -2.630147 -1.049864 1.835223 0.000000 0.000000 -0.000001 10.274507 -3.641343 -7.349395 13.625147 -0.916612 2.883690 -5.898556 -13.756590 9.824302 -0.000001 0.000003 0.000001 -8.080036 0.954558 12.540139 -2.158582 -3.079435 26.344111 13.106644 9.123919 -13.630588 -0.000000 -0.000001 -0.000001 -10.912178 -0.929027 8.584160 21.643884 -1.957423 -5.733812 -4.187745 22.481532 4.461546 0.000004 -0.000002 -0.000001 -11.318569 1.036620 -0.206219 4.794143 -0.009583 9.675329 -15.893389 -2.976387 -6.546802 -0.000000 0.000000 -0.000002 
-8.719077 101.196251 -14.974072 4.092827 0.952647 -2.432303 3.337050 -0.214511 -2.747849 0.684231 -1.065881 2.944106 -3.906190 -6.959869 -1.552798 -3.141074 -1.390718 2.083251 0.000000 0.000000 -0.000001 10.982751 -2.876177 -9.011131 17.487567 -1.101403 3.626811 -5.294756 -15.227830 11.456415 -0.000000 0.000004 -0.000000 -7.731139 1.886979 12.625531 -1.528119 -1.330436 29.811744 15.221994 8.312769 -11.884558 -0.000000 -0.000002 -0.000003 -10.695415 -1.075940 6.149148 22.801502 -1.114721 0.659572 -8.488592 17.096030 3.891603 0.000003 -0.000003 -0.000001 -9.139343 0.817774 -0.018143 4.432742 -0.156867 8.344859 -17.713397 -4.163552 -6.890615 -0.000001 -0.000000 -0.000000 
-8.529288 101.342041 -14.955657 2.184007 0.850098 -2.099259 3.666942 -0.279785 -2.255408 1.425047 -0.844218 2.520007 -3.217225 -3.355183 -0.991212 -3.389438 -1.462211 1.928464 0.000000 0.000000 -0.000000 12.718775 -3.261484 -11.140678 22.013548 -0.307033 3.614575 -2.867437 -15.835790 14.633052 -0.000000 -0.000003 0.000003 -9.153008 0.992345 12.831975 -1.446655 0.188135 34.388923 20.687569 6.385959 -6.699034 0.000001 -0.000003 0.000003 -8.931332 -1.029817 4.420843 23.789648 -0.354888 6.308440 -12.640831 11.801851 2.817506 -0.000005 0.000001 -0.000001 -7.371319 0.765684 0.143388 5.214133 0.345669 7.031672 -19.197631 -4.839203 -7.246079 -0.000001 0.000001 -0.000000 
-8.331508 101.510429 -14.928260 0.146881 1.577905 -1.696287 4.878255 -0.497164 -1.947676 0.956424 -0.747292 2.233761 -2.702050 -1.749955 -0.454491 -2.495109 -0.903369 1.538059 0.000001 0.000002 -0.000002 13.913056 -1.598184 -14.049078 27.025558 -0.054589 4.170065 -0.547444 -17.471981 18.843899 -0.000003 -0.000001 0.000004 -9.027283 2.205703 13.544824 -1.860742 -0.053826 37.585954 24.302962 5.174750 -1.762259 0.000000 -0.000004 0.000000 -6.333619 -1.027039 2.686548 23.074329 0.188541 11.236879 -15.732284 7.462640 1.598504 -0.000001 0.000002 0.000002 -5.199968 0.813207 0.068517 4.916523 0.726449 6.279499 -20.998209 -7.633758 -6.682791 -0.000001 -0.000000 -0.000000 
-8.097040 101.737671 -14.875477 -1.774547 2.866169 -0.997649 6.695368 -0.787551 -1.275348 -1.650618 -0.767042 1.723159 0.487387 0.610122 -0.014010 -2.763352 -0.940927 0.963112 -0.000000 0.000002 0.000000 15.858318 -1.327686 -17.112651 33.944247 3.094072 2.941433 1.030314 -22.064769 26.921406 -0.000000 -0.000003 0.000003 -9.969015 1.988269 14.004389 -3.238112 -3.137473 41.150100 27.589830 4.491972 1.271681 -0.000000 0.000000 0.000001 -3.399977 -1.077176 0.301654 21.565557 0.786638 16.524478 -19.416865 2.963303 0.082436 0.000002 -0.000001 0.000000 -3.499015 0.890904 -0.275542 4.951114 0.924925 5.497844 -22.599272 -9.803385 -6.542151 -0.000000 -0.000002 -0.000000 
-7.812756 102.008842 -14.805296 -3.197990 3.818309 0.037599 7.540545 -0.962472 -0.053919 0.461440 -0.170083 0.789258 0.082415 2.887646 0.401271 -3.679084 -0.749539 -0.215442 0.000001 0.000004 0.000001 18.219873 -0.081215 -19.825324 41.527605 7.798861 0.491621 3.007750 -27.467742 36.677826 0.000002 0.000001 0.000002 -9.565101 2.017370 14.418265 -2.929927 -4.663563 45.046187 26.442063 3.524498 2.938168 -0.000002 0.000003 -0.000002 -0.803479 -1.174581 -2.469082 21.507175 1.033664 20.715112 -22.441493 -1.089963 -1.615565 -0.000002 0.000003 -0.000005 -2.030707 1.065757 -0.959395 4.686380 1.252560 4.514702 -23.353402 -11.108287 -6.691872 -0.000000 -0.000001 -0.000002 
-7.516777 102.278854 -14.739160 -3.316949 2.817322 0.854422 6.915027 -0.927824 0.510904 1.541054 0.384161 0.019896 -0.049538 4.173415 0.989816 -2.757766 0.306670 -1.035193 0.000001 0.000004 -0.000001 20.364407 1.980061 -22.737614 48.575066 12.179114 -2.763573 6.981536 -32.127506 48.192083 -0.000001 0.000004 0.000001 -8.988916 1.995008 14.425161 -3.222668 -8.556409 48.302169 28.845050 4.337938 2.641342 -0.000004 -0.000002 -0.000004 0.736844 -1.394321 -4.019698 21.898481 0.856254 21.708066 -22.502849 -3.840151 -2.655957 0.000001 0.000001 -0.000001 -1.688032 1.350807 -1.552860 4.652816 1.788162 3.336631 -23.062400 -10.483586 -6.717729 -0.000001 0.000000 0.000002 
-7.168053 102.571449 -14.659257 -3.965837 5.187483 1.719454 7.427705 -1.111044 2.204891 2.632052 0.498399 -0.108057 0.048049 5.141601 0.739793 -2.647550 1.238600 -2.201681 0.000001 0.000004 -0.000000 21.941257 2.199712 -24.005499 54.413740 15.484537 -5.918889 10.334635 -33.363415 55.954450 0.000000 0.000003 -0.000003 -9.953096 2.396815 17.145634 -2.935644 -9.203680 49.820062 25.861656 2.750401 5.098749 -0.000003 0.000000 0.000001 1.629762 -1.828213 -7.099944 21.675380 1.068169 25.754787 -24.709750 -7.693777 -4.443794 0.000004 0.000001 -0.000003 -0.684976 1.366761 -2.025174 3.865663 1.968121 2.815948 -23.207649 -12.351396 -5.904011 -0.000001 -0.000002 -0.000000 
-6.782975 102.868736 -14.569776 -2.403237 7.153181 3.205556 6.261316 -1.097290 2.968461 3.634179 0.925576 -0.896577 -0.020611 6.869815 1.109511 -3.956434 1.990529 -3.111362 0.000000 0.000002 0.000000 23.150781 1.748361 -24.452992 56.922933 16.798739 -6.693106 8.789884 -27.240644 50.025432 -0.000002 0.000004 0.000001 -9.293140 5.724172 20.520909 -2.393088 -8.784415 49.676239 18.176470 0.441468 6.935547 0.000001 -0.000002 -0.000000 1.268628 -2.544847 -10.720410 19.344173 0.779607 28.832527 -25.328676 -10.919475 -5.851733 0.000002 0.000003 -0.000003 -1.681853 1.736293 -3.680156 3.278875 2.193702 2.560448 -23.644110 -14.071157 -5.166074 -0.000001 0.000001 -0.000000 
-6.405338 103.159065 -14.463995 -2.416449 8.377841 4.116326 6.316410 -1.098724 3.389712 4.336837 1.143145 -1.266016 -0.148126 8.403675 1.587746 -3.564931 1.856220 -3.438185 0.000000 0.000000 -0.000000 24.318224 -0.179602 -25.176009 60.702651 17.941558 -8.525292 9.996772 -26.670900 50.532875 -0.000000 0.000003 0.000001 -10.381054 6.222504 22.316724 -2.720144 -10.206255 52.036257 15.200753 0.021740 8.274043 0.000001 -0.000003 0.000000 2.121923 -3.219330 -12.827279 17.859597 0.749621 30.565858 -25.237667 -13.392235 -6.772820 -0.000001 0.000003 -0.000004 -1.099932 2.026364 -4.417950 2.518679 2.195133 2.160846 -23.964757 -15.157602 -4.806388 -0.000000 -0.000002 0.000003 
-6.005306 103.445190 -14.362349 -2.452245 9.914776 5.039442 6.374105 -1.130173 3.712811 4.132455 1.359527 -1.541264 -0.002576 9.635070 2.168994 -2.470797 1.700719 -3.432970 -0.000000 0.000000 0.000001 26.999950 -1.195913 -27.176527 67.369120 20.512641 -12.079555 14.452547 -24.482289 59.307352 -0.000000 -0.000001 0.000002 -11.860261 5.625176 24.765107 -2.438258 -13.414754 53.812441 13.601933 -0.716813 9.067554 -0.000001 -0.000001 -0.000001 4.103153 -3.826415 -14.797653 14.711743 0.452268 32.481702 -26.472360 -15.362110 -7.574008 0.000001 0.000004 -0.000002 -0.380431 2.213071 -5.377521 1.612265 1.604669 1.795437 -23.693860 -15.852934 -4.778632 -0.000000 0.000000 0.000000 
-5.605297 103.690414 -14.250216 -2.820443 12.152225 5.684432 7.021092 -1.279433 3.929830 4.756061 1.345157 -0.925096 0.132207 10.887736 2.507097 -3.668709 1.698601 -3.918996 0.000001 0.000000 -0.000000 28.335830 -1.299088 -27.577867 71.044151 23.015212 -14.252739 14.302680 -18.777110 57.430792 0.000001 -0.000001 0.000004 -13.000513 4.265907 26.580801 -0.987519 -16.333952 55.591480 10.671027 -2.068650 9.258271 0.000002 -0.000001 -0.000000 5.619698 -4.655142 -16.267052 11.017928 0.037783 34.043309 -27.841139 -16.810899 -8.167027 0.000002 0.000002 -0.000003 0.028553 2.603247 -5.881983 1.403375 1.049996 1.756246 -24.040331 -17.071047 -4.664144 -0.000003 0.000003 0.000001 
-5.224383 103.922676 -14.135307 -3.043039 13.280285 5.708230 7.509257 -1.379283 4.606560 5.107492 1.431515 -0.834074 -0.666662 11.406999 2.679444 -2.742357 1.757904 -3.420221 0.000000 -0.000001 0.000000 29.375879 -0.548508 -28.532453 74.635335 25.172322 -17.337921 17.247377 -12.652044 64.371166 0.000003 0.000001 0.000002 -13.435298 3.772489 27.925148 -0.236413 -18.935516 57.242770 9.649299 -3.821839 10.013450 -0.000000 0.000000 -0.000003 6.905130 -4.819976 -16.881511 10.598739 0.396961 35.558129 -28.014574 -18.489918 -8.693209 0.000000 0.000003 -0.000000 0.608470 2.471178 -5.760201 1.699498 0.694269 1.680878 -23.652023 -17.050898 -4.499758 0.000001 -0.000003 0.000001 
-4.857170 104.133675 -14.052511 -2.079892 15.612820 5.671577 8.686384 -1.555315 5.412615 5.375460 1.128647 -0.053743 -1.064240 12.040228 2.528411 -5.654182 1.995355 -4.449412 0.000001 0.000004 0.000000 28.793550 0.617681 -27.586487 73.095769 25.809308 -16.680980 12.668543 -11.292260 51.851907 0.000000 0.000001 0.000001 -13.670677 3.147224 28.629795 0.555622 -22.247420 60.305762 9.997652 -4.516186 10.096925 -0.000000 0.000001 -0.000003 6.606710 -4.979917 -17.678232 6.363742 -0.777785 35.860126 -29.148939 -18.609788 -8.962542 0.000003 0.000003 -0.000002 -1.377964 2.755666 -6.080068 2.595016 0.762157 2.048954 -23.898805 -18.520340 -4.316554 -0.000001 -0.000002 0.000002 
-4.488012 104.344887 -13.968765 -0.272431 17.788804 5.797363 9.799923 -1.712064 6.483289 3.642748 1.317495 -0.782181 -0.661252 11.905977 3.094993 -7.370908 2.152953 -5.099909 -0.000000 0.000002 -0.000001 29.308960 1.529675 -28.494791 74.132148 27.110513 -18.718492 10.545921 -8.700081 44.680372 0.000000 0.000001 -0.000001 -13.995889 3.095345 29.731247 0.904375 -24.368582 63.152339 9.571521 -6.634041 12.003074 0.000001 0.000001 -0.000000 6.269228 -4.912077 -18.608634 1.340887 -1.793384 34.887889 -29.514364 -16.598483 -8.092999 -0.000001 0.000000 0.000003 -4.432782 3.063305 -7.334524 4.119311 0.796070 2.778493 -23.722282 -19.084296 -4.021939 0.000002 -0.000001 -0.000004 
-4.136426 104.529205 -13.874029 1.452169 19.605402 6.011819 9.615401 -1.768414 6.820558 4.557787 1.316711 -0.687219 -1.517759 11.613025 3.178243 -7.998545 2.392701 -5.745691 -0.000000 -0.000001 -0.000001 30.065636 3.274685 -30.427810 76.296314 28.135356 -20.599369 10.033974 -6.544344 41.391479 -0.000003 0.000003 0.000001 -13.997259 3.435435 30.384544 1.492741 -24.886542 64.779905 8.476037 -8.156542 13.467453 -0.000001 0.000000 0.000001 5.884715 -5.124614 -19.371391 -2.873253 -2.655009 33.783632 -30.052740 -15.193792 -7.621047 -0.000001 0.000002 -0.000001 -6.755098 3.618749 -8.480644 4.907295 0.981172 3.337081 -23.605665 -20.302280 -3.389143 -0.000002 0.000003 -0.000000 
-3.799792 104.684456 -13.770535 0.852669 20.464217 6.308000 11.174208 -1.892036 7.293817 1.891728 2.011731 -2.446610 0.231748 12.276648 4.890311 -8.066991 2.209709 -5.734472 -0.000000 0.000000 -0.000000 30.451374 3.976784 -31.717640 81.845269 29.951981 -26.500451 11.505297 -3.318720 40.746617 -0.000007 -0.000003 0.000003 -14.675445 3.248946 30.972497 1.802061 -27.184062 67.842459 8.742670 -9.739375 16.624054 0.000001 -0.000004 -0.000003 7.140361 -5.369587 -19.535236 -5.733936 -2.909575 33.225442 -30.462804 -14.501747 -7.300756 -0.000003 0.000002 -0.000003 -7.170749 3.791298 -9.032043 6.034857 1.018184 3.577700 -23.313620 -20.086256 -3.275510 -0.000001 -0.000002 0.000001 
-3.471757 104.817513 -13.672070 1.071630 22.472991 6.150909 9.453539 -1.752146 7.254368 2.576203 1.920079 -2.075552 0.216927 11.452254 4.922652 -8.357605 2.423558 -6.351235 0.000001 -0.000001 0.000000 31.916596 6.852243 -35.501465 88.339201 31.721116 -34.348007 14.398151 0.586219 42.784022 -0.000003 -0.000001 -0.000001 -15.731903 1.913510 31.440085 2.616233 -30.498680 71.828277 10.284076 -11.466976 20.924903 0.000003 -0.000002 -0.000001 9.888633 -5.488496 -18.746928 -10.594286 -3.654418 32.415426 -30.280578 -15.975958 -7.788782 0.000000 0.000001 0.000001 -5.780798 3.590143 -8.529448 3.208355 0.169810 2.210960 -21.379715 -21.300611 -1.791691 0.000002 0.000001 -0.000001 
-3.156448 104.937683 -13.580091 1.220419 23.796644 6.134869 8.443534 -1.685267 7.292209 2.317851 1.972705 -2.195464 0.839059 10.656287 5.187761 -8.571808 2.500293 -6.768561 0.000001 0.000000 0.000001 33.261771 8.761484 -38.328932 93.391478 32.874278 -41.278627 15.921154 2.119189 45.958888 -0.000002 0.000001 0.000002 -16.727154 0.404659 31.372964 3.591492 -34.710653 75.854851 13.461827 -11.759576 23.795831 0.000002 0.000000 0.000000 12.056166 -5.503092 -18.180901 -14.075805 -4.030761 31.786488 -31.619084 -16.680516 -8.299302 0.000003 0.000001 -0.000001 -5.215062 3.486837 -8.736308 2.079632 -0.618469 1.779673 -20.290170 -21.261850 -1.466613 -0.000001 -0.000002 -0.000000 
-2.832868 105.073021 -13.512494 2.346826 24.157952 6.404113 5.126281 -1.410118 5.803596 3.972962 1.919785 -1.722251 0.826376 11.719130 5.154934 -7.977676 2.112375 -5.085167 -0.000000 0.000002 -0.000001 34.106912 8.311932 -38.439861 97.407151 34.308139 -47.335561 16.225350 3.245179 47.872997 0.000001 0.000001 -0.000001 -18.563868 -3.649982 31.022559 5.923309 -39.022182 79.978647 15.745534 -13.429586 27.310223 0.000002 -0.000002 -0.000003 14.432345 -5.549377 -17.702493 -19.126080 -4.725765 29.555263 -30.060472 -16.621224 -7.757577 0.000006 0.000003 -0.000003 -5.265106 3.684984 -9.912017 1.139536 -0.879610 1.577353 -19.491856 -19.261050 -1.735968 -0.000003 -0.000001 -0.000001 
-2.513399 105.211456 -13.449052 1.419015 25.081875 6.688721 4.751491 -1.367443 5.392100 4.468988 1.915753 -1.505412 0.662940 11.421955 5.339650 -7.317246 1.908631 -4.025652 0.000000 0.000002 -0.000003 35.441865 10.043459 -40.276092 99.359691 35.294463 -50.341663 16.647833 5.400750 48.974522 -0.000005 0.000004 0.000003 -18.977807 -5.009332 31.421237 8.066831 -40.685757 83.188549 15.591674 -15.723557 29.969350 -0.000001 0.000000 -0.000000 17.627946 -5.458005 -16.956964 -23.033035 -5.280461 28.074347 -29.286492 -16.730661 -7.564800 -0.000000 0.000003 -0.000002 -4.033092 3.574474 -10.323780 0.800282 -0.930787 1.630607 -18.351991 -17.971669 -1.674948 -0.000001 -0.000003 0.000001 
-2.218373 105.348351 -13.369694 0.293280 25.904910 6.682076 6.374777 -1.546135 6.178380 2.662964 2.187264 -2.299785 1.412516 11.158291 5.949175 -6.785356 1.487605 -3.356358 0.000000 0.000002 -0.000001 36.121076 11.024321 -41.319127 100.705969 35.706993 -52.463632 17.138720 8.052750 48.510428 -0.000002 0.000004 0.000006 -19.195084 -5.447663 31.836622 9.109253 -41.094789 85.041565 14.642145 -17.551057 31.374515 -0.000002 0.000000 -0.000000 19.253089 -5.283243 -16.441426 -24.364745 -5.283611 27.751023 -29.204673 -16.994709 -7.588490 0.000001 0.000002 -0.000004 -3.534561 3.429183 -10.318780 1.394955 -1.072960 1.750298 -17.773392 -17.137756 -1.901919 -0.000000 -0.000003 -0.000000 
-1.932087 105.472519 -13.293530 0.436108 27.297867 6.429353 6.446362 -1.564313 6.742099 0.908860 2.366012 -2.741267 2.607384 10.587222 6.302300 -6.562319 1.340270 -2.868102 -0.000000 0.000004 0.000001 36.061490 10.776777 -40.758997 102.030944 35.889256 -54.097246 17.169422 9.834091 47.701925 -0.000004 0.000004 -0.000000 -19.525907 -6.322847 31.941007 10.343714 -42.772410 87.257586 15.293929 -18.663415 32.736567 -0.000000 -0.000001 -0.000001 20.042509 -5.033798 -15.987904 -25.760246 -5.527519 27.432092 -29.173719 -17.715101 -7.808055 0.000004 0.000001 -0.000001 -3.377213 3.308830 -10.323302 0.577169 -1.310952 1.490086 -16.948505 -16.726722 -1.759143 -0.000000 -0.000003 0.000001 
-1.635875 105.579697 -13.211453 -0.027814 27.731779 6.336264 6.754210 -1.622225 7.316891 0.838704 2.452308 -2.750965 2.749903 10.849060 6.270338 -6.363941 1.493816 -2.280481 -0.000000 0.000000 -0.000000 36.146826 10.466958 -40.350138 102.692844 36.147079 -54.772042 16.925842 10.467810 47.896196 -0.000002 0.000004 0.000005 -19.683866 -7.043182 31.996195 11.052603 -43.173926 88.271603 16.247461 -19.212854 34.077760 -0.000004 -0.000001 -0.000001 21.376472 -4.965822 -15.534698 -26.907815 -5.633839 27.073451 -29.423140 -17.590724 -7.768450 -0.000002 0.000002 -0.000003 -3.027251 3.316578 -10.434233 0.708884 -1.150999 1.637841 -16.953416 -15.961172 -1.866906 -0.000001 -0.000001 -0.000001 
-1.362351 105.679726 -13.115204 0.734992 28.241767 6.364709 5.069598 -1.454725 6.593856 2.874364 2.021942 -1.650146 1.734273 10.847318 5.583864 -6.650908 1.666663 -2.583437 0.000001 0.000000 0.000002 35.945885 10.284359 -40.416050 103.629146 35.658502 -56.195644 17.631169 11.229535 47.993164 -0.000001 0.000004 0.000001 -20.397610 -7.559445 31.805527 10.719978 -44.422775 88.620291 17.882624 -18.871572 36.088715 -0.000004 -0.000004 -0.000000 20.778562 -5.016421 -15.950010 -26.787524 -5.330325 27.163633 -28.856825 -17.526656 -7.390375 0.000003 0.000002 -0.000000 -4.126509 3.436764 -11.092047 1.363072 -1.404637 1.703756 -15.977208 -15.353861 -1.773164 -0.000003 -0.000001 0.000000 
-1.087414 105.756615 -13.017551 0.612821 28.206417 6.459985 4.657369 -1.383757 6.492628 3.714412 1.825794 -1.058617 1.445782 10.727047 5.234813 -6.891329 2.204831 -3.297835 0.000001 0.000002 0.000000 36.358221 10.705831 -41.355078 104.226726 35.810654 -56.613444 17.558173 12.455869 47.110752 0.000000 0.000006 -0.000002 -20.150176 -7.064085 32.163135 10.839064 -43.745258 88.662276 19.014326 -19.473086 36.752722 0.000002 -0.000002 -0.000000 21.425841 -4.946499 -15.859827 -27.352585 -5.128847 26.943346 -28.671310 -17.648345 -7.415285 0.000002 0.000001 -0.000001 -3.750889 3.352411 -11.176834 1.390830 -1.392458 1.769175 -15.833273 -15.023276 -1.680317 -0.000001 -0.000003 0.000001 
-0.815910 105.812119 -12.920375 0.394710 28.128841 6.555971 5.515137 -1.553898 7.149043 1.435057 2.457033 -2.335285 2.900728 10.481475 6.044372 -5.472273 2.193412 -2.269370 0.000000 0.000002 0.000000 37.360616 11.492595 -41.410320 104.334439 36.918255 -55.321397 15.892462 14.236891 44.889608 -0.000001 0.000003 0.000001 -19.245487 -7.772812 32.354394 12.477270 -42.034757 89.243935 20.500060 -20.358733 36.420556 0.000000 0.000002 -0.000001 22.029853 -5.025245 -15.720642 -27.203769 -5.301664 26.833597 -29.524705 -17.568425 -7.636595 -0.000002 0.000003 -0.000003 -3.077286 3.444203 -10.910939 1.127535 -1.137839 1.514790 -16.236972 -16.196778 -1.348100 -0.000000 -0.000001 -0.000002 
-0.556210 105.855247 -12.807540 1.109285 28.410805 6.810861 4.355110 -1.434655 6.638096 3.235718 2.137233 -1.503428 2.187393 10.825423 5.470278 -5.912596 2.451990 -3.130665 0.000001 -0.000001 0.000000 37.713060 11.168469 -41.533335 104.484778 37.105716 -54.989959 15.189516 15.903914 42.415092 -0.000001 0.000001 -0.000001 -19.043413 -8.029746 32.202839 13.251704 -42.803949 90.223869 22.819691 -20.200532 36.431464 -0.000003 0.000005 0.000002 21.413019 -5.145171 -16.360149 -27.194205 -5.152400 26.897109 -28.869816 -17.707713 -7.538123 0.000000 0.000002 -0.000001 -3.591407 3.567414 -11.345600 1.262452 -1.231317 1.483682 -16.031936 -16.412661 -1.277850 -0.000000 -0.000001 -0.000001 
-0.308232 105.879211 -12.695171 1.609588 28.609542 6.973570 3.592712 -1.391576 6.489682 4.033347 2.043001 -1.190525 2.090830 10.956350 5.228994 -5.140125 2.396567 -2.696009 -0.000000 0.000000 -0.000000 38.484175 10.859696 -41.971096 104.955631 37.558937 -55.222045 14.342245 17.104071 39.913232 0.000000 -0.000003 0.000003 -18.989644 -8.709055 32.267350 13.925758 -42.838888 90.486087 24.616080 -20.793196 37.009681 -0.000003 -0.000005 -0.000005 21.402826 -5.166870 -16.538974 -27.745304 -5.217622 26.561839 -28.386008 -17.732199 -7.423943 0.000003 0.000002 -0.000005 -3.598870 3.641582 -11.498610 1.027237 -1.132086 1.293028 -15.391688 -16.424078 -0.921709 0.000000 -0.000000 -0.000002 
-0.069012 105.900322 -12.614387 0.714222 28.019885 7.074666 4.450865 -1.579659 7.243940 1.847699 2.660390 -2.517975 3.613672 11.020145 5.897449 -4.614805 2.806174 -2.310377 0.000000 -0.000001 -0.000001 39.504400 11.231180 -42.518836 105.987488 38.461526 -55.890308 12.609916 17.375293 38.427553 -0.000003 0.000001 0.000004 -18.540840 -9.481048 32.213252 15.335711 -42.173276 91.242086 24.546334 -23.172600 38.518684 -0.000004 0.000003 -0.000000 22.932792 -5.107478 -16.168525 -28.510994 -5.324528 26.375791 -28.804926 -18.573981 -7.850252 0.000002 0.000001 -0.000001 -2.107350 3.422395 -11.014296 0.027602 -1.274340 0.668648 -16.073807 -16.506347 -1.223734 -0.000002 0.000001 -0.000000 
0.144082 105.916641 -12.537916 0.578732 28.025342 7.214776 4.451242 -1.599435 7.337145 0.499344 2.993627 -3.289297 4.492047 10.699064 6.391230 -3.715681 2.626891 -1.754720 0.000000 0.000005 -0.000000 40.173489 11.982389 -43.551731 107.310133 38.688343 -57.874392 12.068645 17.826162 37.857730 -0.000003 0.000001 0.000002 -18.415937 -9.718053 32.187762 15.746902 -42.417517 91.655374 25.275936 -24.010135 39.392337 -0.000001 0.000003 -0.000001 23.384374 -5.037926 -16.216753 -28.902646 -5.299073 26.392811 -29.957025 -18.961910 -8.307720 0.000001 0.000002 -0.000003 -1.485850 3.224372 -10.911733 -0.585883 -1.534744 0.215688 -16.306527 -16.640897 -1.372548 0.000000 0.000001 0.000001 
0.342588 105.921921 -12.455613 0.383399 27.575594 7.284942 4.539251 -1.630330 7.500885 -0.187927 3.162168 -3.656937 5.111883 10.618024 6.563115 -3.358259 2.614619 -1.742831 0.000000 0.000002 0.000000 40.491492 12.120418 -43.809233 108.009572 39.048813 -58.937648 11.401456 18.427169 37.280955 -0.000001 0.000001 0.000004 -18.143009 -9.752433 31.976019 16.360087 -42.495422 92.395056 25.524434 -25.345708 40.824601 -0.000001 -0.000001 -0.000000 23.904535 -5.035043 -16.209485 -28.632954 -5.231944 26.769849 -30.566685 -18.829568 -8.397765 0.000002 0.000001 -0.000001 -0.647623 3.073062 -10.498674 -1.055768 -1.718649 -0.437090 -16.149019 -16.234697 -1.565311 -0.000001 -0.000004 -0.000000 
0.509389 105.942024 -12.389896 0.075842 26.998939 7.205255 4.690263 -1.651467 7.524958 0.295806 3.047679 -3.434862 4.626941 10.699568 6.182297 -2.749445 2.354832 -1.293705 -0.000001 0.000000 -0.000003 40.974725 12.569035 -44.435507 107.938565 39.642432 -59.140668 10.653559 19.368480 36.863419 -0.000001 0.000004 0.000001 -18.039716 -9.889911 32.164990 16.865342 -42.484422 92.692149 26.001082 -26.335526 41.148782 0.000001 0.000001 0.000003 24.086930 -4.929577 -16.093649 -28.586148 -5.223695 26.788553 -30.902914 -18.573006 -8.436430 0.000001 -0.000000 0.000001 -0.070513 2.951396 -10.173170 -1.579016 -1.827682 -0.742966 -16.030432 -15.874102 -1.669515 -0.000001 -0.000003 -0.000000 
0.650750 105.965088 -12.324222 -0.150662 26.449667 7.116545 5.010288 -1.673418 7.551890 0.152949 3.005604 -3.371403 4.670613 10.883602 5.988249 -2.412768 2.139136 -0.905149 0.000002 0.000000 -0.000000 40.918909 12.552968 -44.325551 108.035909 39.724390 -59.426156 10.649147 19.810306 36.470464 -0.000003 0.000004 0.000001 -18.102749 -10.181721 32.011529 17.011447 -42.604449 93.016897 26.381838 -26.608199 41.770917 0.000001 0.000002 0.000003 24.558019 -4.813040 -15.834554 -28.983170 -5.225321 26.567800 -30.573983 -18.580133 -8.393359 0.000001 0.000002 -0.000001 0.145282 2.899260 -9.990992 -1.671373 -1.781816 -0.895102 -15.722612 -15.594717 -1.569615 -0.000000 0.000001 -0.000000 
0.762693 105.994530 -12.268070 0.260380 26.049370 6.894626 4.500671 -1.605271 7.230569 0.238009 3.011097 -3.426214 4.849368 10.858776 6.159512 -2.180149 1.873726 -0.592041 0.000002 -0.000001 -0.000000 41.061321 12.597460 -44.684566 107.767216 39.928487 -59.518542 10.637053 20.121759 36.277262 -0.000001 0.000001 0.000006 -18.235403 -10.367069 31.850234 17.219834 -43.135640 93.248058 27.151532 -26.536513 42.308227 -0.000000 0.000001 -0.000001 24.074938 -4.758283 -15.752365 -28.970848 -5.103169 26.550851 -30.624745 -18.459259 -8.343444 0.000003 0.000001 -0.000001 -0.273433 2.974231 -10.022209 -1.842272 -1.893693 -0.841863 -15.770690 -15.507694 -1.665998 -0.000002 0.000000 0.000002 
0.841736 106.022499 -12.218148 -0.046930 25.776968 6.667873 4.730999 -1.594955 7.154513 0.426369 2.917677 -3.205406 4.694033 11.113895 5.940285 -2.042783 1.651081 -0.148269 0.000000 0.000004 -0.000000 40.972655 12.212536 -44.435093 107.013157 40.090431 -59.019712 10.702405 20.024812 36.731999 -0.000001 0.000003 0.000004 -18.366816 -10.552607 31.853219 17.025432 -43.194004 92.808132 27.947964 -26.231594 42.881570 -0.000003 -0.000002 -0.000003 24.114833 -4.652884 -15.435850 -29.024093 -5.054194 26.481753 -30.089698 -18.225414 -8.103449 0.000006 0.000001 -0.000001 -0.084106 2.925606 -9.607865 -1.996943 -1.861144 -0.838440 -15.934290 -15.252156 -1.807433 -0.000001 -0.000002 0.000001 
0.902754 106.047913 -12.177919 0.067027 25.348577 6.378400 4.757930 -1.592427 7.118295 0.258372 2.931469 -3.241232 4.779244 11.058116 6.046918 -1.945863 1.607088 -0.037223 0.000002 0.000002 -0.000003 40.929564 12.330821 -44.310900 107.087251 40.043470 -59.181793 11.140994 20.482259 36.339581 -0.000001 0.000001 0.000001 -18.194060 -10.337879 31.863143 16.759312 -42.799379 92.309085 28.490512 -26.038378 43.499730 -0.000002 0.000001 0.000000 23.719379 -4.581644 -15.298324 -28.653006 -5.144213 26.591713 -29.309035 -18.049550 -7.827159 0.000004 0.000001 -0.000001 -0.215875 2.910776 -9.327948 -2.306589 -1.842613 -1.008458 -15.581967 -15.258219 -1.617577 -0.000002 0.000001 -0.000000 
0.935905 106.071533 -12.145869 -0.123018 25.022605 6.174748 4.988859 -1.589029 7.035196 -0.001070 2.957570 -3.372370 4.797341 11.089972 6.126595 -2.061741 1.492208 -0.164167 0.000000 -0.000001 0.000001 40.769177 12.318295 -44.351874 106.811803 40.004196 -59.150511 10.981512 20.277372 37.052438 -0.000001 -0.000001 0.000002 -18.342635 -10.284012 31.866381 16.448094 -42.987435 91.944994 29.077007 -26.217507 44.255377 -0.000003 0.000000 0.000003 23.757435 -4.419683 -14.968047 -29.107551 -5.012528 26.307469 -28.692464 -18.082651 -7.683741 0.000003 0.000002 -0.000001 -0.044769 2.810919 -8.936690 -2.667918 -2.005926 -1.220368 -15.354772 -14.912154 -1.659062 -0.000001 -0.000003 0.000001 
0.947666 106.096451 -12.120058 0.148022 24.744805 5.899439 4.544622 -1.516189 6.730980 -0.075930 2.882514 -3.173289 5.015572 10.875979 6.049498 -2.006796 1.467080 -0.012630 -0.000001 0.000004 0.000000 40.476889 12.209686 -44.231779 106.661894 39.814201 -59.356612 11.747482 20.434500 37.180032 -0.000000 0.000003 0.000003 -18.331582 -9.892529 31.791522 15.992109 -43.081090 91.683712 29.273129 -25.955284 45.321020 0.000001 0.000003 0.000002 23.231567 -4.400763 -14.799333 -28.675764 -4.969452 26.437676 -28.621100 -17.751283 -7.512805 0.000002 0.000002 -0.000001 -0.031569 2.789386 -8.542267 -3.257891 -2.035516 -1.445921 -15.087529 -15.264366 -1.285035 -0.000003 -0.000003 -0.000000 
0.946537 106.112854 -12.098599 0.259222 24.663362 5.788115 4.635381 -1.496680 6.604338 -0.597619 2.969287 -3.378895 5.328401 10.804485 6.228105 -2.430940 1.409376 -0.183940 -0.000001 0.000000 -0.000001 40.251954 12.253344 -44.268075 106.247684 39.664671 -58.940305 12.113233 20.190712 37.676478 0.000000 0.000003 0.000001 -18.624080 -10.188475 31.541161 15.878011 -43.307074 91.823936 29.504109 -25.628270 45.862664 0.000001 0.000002 0.000000 23.193314 -4.376579 -14.559375 -28.777930 -4.933696 26.388841 -28.626079 -17.725736 -7.515596 0.000003 0.000001 -0.000001 0.101431 2.786078 -8.229052 -3.680866 -2.020039 -1.702192 -15.379498 -15.288033 -1.376650 -0.000001 -0.000004 -0.000001 
0.920887 106.126648 -12.074427 0.536690 24.588693 5.491767 4.316326 -1.462353 6.468302 -0.658274 2.981695 -3.408601 5.361029 10.452405 6.320946 -2.258583 1.454618 -0.126132 0.000000 0.000002 0.000000 40.136217 12.405535 -44.261627 105.897773 39.687303 -58.653963 12.372627 20.186547 38.191156 -0.000002 0.000004 0.000003 -18.411786 -9.734830 31.609303 15.991954 -43.356016 92.133788 29.679443 -25.270689 45.729971 0.000001 0.000000 0.000001 23.011753 -4.224198 -14.194298 -28.944508 -4.902383 26.328498 -28.259433 -18.001433 -7.504097 0.000003 0.000000 0.000001 0.088299 2.701570 -7.709566 -4.213616 -2.125104 -2.110185 -15.017431 -15.242645 -1.219481 -0.000001 0.000000 -0.000000 
0.881266 106.140457 -12.040149 0.070911 24.157278 5.437553 4.876559 -1.502917 6.513118 -0.970907 3.084051 -3.631195 5.566745 10.565533 6.558773 -2.373977 1.472289 -0.357388 0.000001 0.000004 0.000001 40.147753 12.486071 -44.125792 105.139670 39.867264 -57.705536 12.332555 20.376654 38.563316 -0.000000 0.000003 0.000001 -18.338570 -9.877160 31.551157 16.191785 -43.093289 92.254190 29.943532 -25.353263 45.891898 -0.000002 0.000001 -0.000001 23.460542 -4.086903 -13.871859 -29.002281 -4.876490 26.230256 -28.124807 -17.674743 -7.351529 -0.000001 0.000001 -0.000001 0.381909 2.674887 -7.461066 -4.011668 -2.093002 -2.006836 -15.008893 -14.665437 -1.537263 0.000001 -0.000000 -0.000000 
0.837687 106.151016 -12.007597 -0.149966 23.809780 5.467798 4.981109 -1.490479 6.346344 -0.472767 3.046292 -3.508383 5.206902 10.579633 6.522836 -2.624463 1.630363 -0.716986 0.000000 -0.000001 -0.000001 40.266475 12.600531 -44.515321 104.691821 39.983787 -57.615473 12.365552 19.939352 39.610521 -0.000002 -0.000003 -0.000002 -18.170106 -9.331036 31.799732 16.091950 -43.104781 92.197923 30.273649 -24.863024 45.633146 0.000002 0.000003 -0.000002 23.585690 -4.071239 -13.746972 -28.852672 -4.693217 26.230809 -28.533679 -17.308029 -7.295070 0.000003 0.000001 -0.000001 0.527660 2.658456 -7.310034 -3.919013 -2.077801 -2.123489 -15.279516 -14.096311 -1.855361 -0.000000 -0.000002 -0.000000 
0.786511 106.162224 -11.987160 0.220671 23.606631 5.401875 4.595243 -1.443681 6.106797 -0.267512 2.968084 -3.378371 5.181450 10.681066 6.458533 -3.225950 1.712183 -1.047367 0.000002 0.000002 -0.000002 40.074267 12.330955 -44.084312 104.256014 39.959120 -57.110811 12.449194 19.834902 40.023645 0.000000 0.000001 -0.000001 -18.155300 -9.257088 31.822015 15.860234 -42.700546 91.863572 30.570195 -24.734827 45.707482 0.000001 -0.000003 0.000000 23.276665 -4.054748 -13.769045 -29.075272 -4.734123 26.127181 -28.213712 -17.385785 -7.247219 0.000001 0.000002 -0.000003 0.174781 2.684659 -7.387254 -4.037603 -2.135010 -2.176489 -14.969005 -13.833570 -1.878090 -0.000001 -0.000000 -0.000000 
0.725355 106.169228 -11.961818 0.370658 23.825431 5.344628 4.076718 -1.384637 5.825114 -0.136074 2.933115 -3.298476 5.146973 10.588205 6.457563 -3.148941 1.649369 -0.826308 0.000001 0.000004 -0.000002 39.977244 12.160388 -43.997166 103.965280 39.959318 -56.876635 12.559645 19.611476 40.420831 -0.000001 0.000004 0.000001 -18.311787 -9.246783 31.852693 15.816217 -43.043183 91.762123 30.876973 -24.497681 46.057489 -0.000001 0.000000 0.000001 23.216235 -4.033735 -13.642286 -29.287790 -4.817309 26.122299 -28.258391 -17.559964 -7.353756 0.000004 0.000002 -0.000001 0.046242 2.703106 -7.320252 -4.233711 -2.132546 -2.170050 -14.860152 -14.155345 -1.591023 0.000001 -0.000001 0.000000 
0.667753 106.173180 -11.932903 0.153788 24.002460 5.341570 4.223203 -1.400496 5.862275 -0.460794 2.943986 -3.340101 5.367240 10.498896 6.495300 -3.556860 1.595381 -0.933056 0.000000 -0.000001 -0.000001 39.829108 11.894832 -43.731461 103.701417 39.950449 -56.484462 12.411584 19.328426 40.655390 0.000001 -0.000001 0.000002 -18.482249 -9.389847 31.891471 15.889576 -43.276328 91.684819 31.022128 -24.472805 46.132368 -0.000001 0.000004 0.000001 23.387240 -3.987866 -13.570280 -29.251313 -4.714537 26.285863 -28.588170 -17.753241 -7.455125 0.000002 0.000002 -0.000003 0.397042 2.599555 -7.101783 -4.557843 -2.355758 -2.362124 -14.603347 -14.178934 -1.520929 -0.000001 -0.000002 0.000001 
0.602659 106.177673 -11.908642 0.246006 23.991009 5.262130 4.460281 -1.417040 5.942157 -0.157292 2.858759 -3.170730 4.951867 10.696989 6.272637 -3.691719 1.628069 -0.970787 0.000000 -0.000001 -0.000001 39.719842 11.526486 -43.506020 103.572374 39.874231 -56.375804 12.436188 18.859757 41.043184 -0.000000 0.000003 0.000001 -18.833183 -9.770631 31.940557 15.513074 -43.061177 91.173743 30.739041 -24.614036 46.422781 -0.000001 0.000004 -0.000001 22.995901 -3.991232 -13.618505 -29.062226 -4.671995 26.458102 -28.475219 -17.698933 -7.398148 0.000002 0.000002 -0.000001 0.124234 2.596320 -7.023191 -4.563924 -2.371068 -2.367150 -14.611757 -14.457671 -1.356857 -0.000000 -0.000003 -0.000001 
