HIERARCHY
ROOT Hips
{
	OFFSET -1.183845 70.721100 -4.620803
	CHANNELS 6 Xposition Yposition Zposition Xrotation Yrotation Zrotation
	JOINT Chest
	{
		OFFSET 0.771255 13.620499 -0.203233
		CHANNELS 3 Xrotation Yrotation Zrotation
		JOINT Chest2
		{
			OFFSET -4.997931 20.650337 2.766027
			CHANNELS 3 Xrotation Yrotation Zrotation
			JOINT Chest3
			{
				OFFSET -2.785441 14.603943 1.336461
				CHANNELS 3 Xrotation Yrotation Zrotation
				JOINT Neck
				{
					OFFSET -2.276324 16.969246 2.340710
					CHANNELS 3 Xrotation Yrotation Zrotation
					JOINT Head
					{
						OFFSET -4.578082 9.370544 1.030482
						CHANNELS 3 Xrotation Yrotation Zrotation
						End Site
						{
							OFFSET -4.515721 9.402924 1.010464
						}
					}
				}
				JOINT LeftCollar
				{
					OFFSET -1.862242 12.307198 6.846109
					CHANNELS 3 Xrotation Yrotation Zrotation
					JOINT LeftUpArm
					{
						OFFSET 14.651302 -3.384277 9.076634
						CHANNELS 3 Xrotation Yrotation Zrotation
						JOINT LeftLowArm
						{
							OFFSET 10.520871 -31.245567 7.263173
							CHANNELS 3 Xrotation Yrotation Zrotation
							JOINT LeftHand
							{
								OFFSET -3.562065 -29.143974 6.235981
								CHANNELS 3 Xrotation Yrotation Zrotation
								End Site
								{
									OFFSET -0.778505 -6.369587 1.362919
								}
							}
						}
					}
				}
				JOINT RightCollar
				{
					OFFSET -6.419641 12.670769 -0.220505
					CHANNELS 3 Xrotation Yrotation Zrotation
					JOINT RightUpArm
					{
						OFFSET -1.130584 -3.860260 -17.097269
						CHANNELS 3 Xrotation Yrotation Zrotation
						JOINT RightLowArm
						{
							OFFSET 2.428660 -31.053101 -13.020821
							CHANNELS 3 Xrotation Yrotation Zrotation
							JOINT RightHand
							{
								OFFSET -3.263740 -29.621742 -3.585464
								CHANNELS 3 Xrotation Yrotation Zrotation
								End Site
								{
									OFFSET -0.713324 -6.474125 -0.783646
								}
							}
						}
					}
				}
			}
		}
	}
	JOINT LeftUpLeg
	{
		OFFSET 4.180459 -0.101044 9.106739
		CHANNELS 3 Xrotation Yrotation Zrotation
		JOINT LeftLowLeg
		{
			OFFSET -33.037483 -23.197330 24.787052
			CHANNELS 3 Xrotation Yrotation Zrotation
			JOINT LeftFoot
			{
				OFFSET 37.511902 -17.471031 -16.976170
				CHANNELS 3 Xrotation Yrotation Zrotation
				JOINT LeftToe
				{
					OFFSET -4.571888 -23.131552 1.894543
					CHANNELS 3 Xrotation Yrotation Zrotation
					End Site
					{
						OFFSET -17.092703 -14.735628 7.089412
					}
				}
			}
		}
	}
	JOINT RightUpLeg
	{
		OFFSET -4.180473 0.100845 -9.106740
		CHANNELS 3 Xrotation Yrotation Zrotation
		JOINT RightLowLeg
		{
			OFFSET -21.634918 -42.114357 1.524575
			CHANNELS 3 Xrotation Yrotation Zrotation
			JOINT RightFoot
			{
				OFFSET 41.460751 2.080984 -16.651043
				CHANNELS 3 Xrotation Yrotation Zrotation
				JOINT RightToe
				{
					OFFSET 20.496418 -8.514225 -8.183031
					CHANNELS 3 Xrotation Yrotation Zrotation
					End Site
					{
						OFFSET 10.561886 -20.570034 -4.987629
					}
				}
			}
		}
	}
}
MOTION
Frames: 385
Frame Time: 0.033333
-6.976966 104.910423 -1.111728 14.503167 65.930068 -2.106158 -11.870333 2.702389 -18.210884 -0.790668 0.529662 -1.607596 4.491771 -7.017242 5.481147 -2.749388 10.142660 -16.958499 -0.000000 0.000001 0.000001 3.623904 6.008292 -4.612633 6.064501 -1.996699 -7.922790 -0.509125 4.426804 2.944386 -0.000001 -0.000001 -0.000001 -2.320314 -1.334454 0.514890 -9.736044 7.933680 -2.692160 -4.715690 -1.625072 -2.645152 -0.000000 -0.000000 -0.000001 25.576991 12.782339 42.778902 -30.017336 43.434826 -96.390246 15.413705 -3.128217 8.264802 -0.000000 0.000002 -0.000001 -0.486085 0.716725 20.060945 -18.105001 14.039156 -100.435828 -15.578374 -1.591225 -35.116414 -0.000000 -0.000000 0.000000 
-6.977084 104.909668 -1.117540 15.068627 65.798696 -2.283013 -12.078326 2.792701 -18.552921 -0.918979 0.487488 -1.735114 4.704735 -7.322449 5.572139 -2.662239 10.445536 -17.064026 0.000001 0.000001 -0.000001 3.506029 6.779441 -4.778412 5.971759 -2.056546 -8.000807 -0.364865 4.469890 2.850220 0.000001 -0.000003 -0.000001 -2.346254 -0.889466 0.607905 -9.546542 7.410145 -2.437060 -4.932981 -1.582538 -3.093237 0.000000 0.000003 0.000001 25.441464 12.699728 42.685489 -30.100691 43.421152 -96.345098 15.439702 -2.982392 8.306008 -0.000002 0.000002 -0.000001 -0.740555 0.779075 19.809625 -18.007539 14.145393 -100.424620 -15.723457 -1.702726 -35.214734 -0.000000 0.000002 0.000002 
-6.979204 104.910751 -1.124957 15.298466 65.951043 -2.483519 -12.074164 2.778108 -18.399032 -1.089373 0.449688 -1.958371 4.871331 -7.423818 5.580082 -2.685945 10.252908 -17.330942 0.000000 0.000001 0.000002 3.408642 6.594949 -4.916000 5.847889 -1.682012 -8.019064 -0.022741 4.882477 3.009183 -0.000001 0.000001 -0.000001 -2.494563 -1.055953 0.340922 -9.380437 6.743731 -2.514471 -5.243267 -2.123920 -2.931248 0.000000 0.000002 -0.000001 25.290362 12.592538 42.547735 -30.081202 43.417986 -96.119183 15.603803 -3.006916 8.461727 -0.000001 0.000004 -0.000003 -0.768736 0.769279 19.882816 -18.094233 14.014519 -100.581851 -15.936687 -1.600341 -35.157736 -0.000002 0.000001 0.000004 
-6.980176 104.915627 -1.133140 15.334471 66.098138 -2.663853 -12.124407 2.790197 -18.373636 -1.007316 0.385238 -1.610513 4.828890 -7.453975 5.309524 -2.626178 10.182934 -17.019320 0.000000 0.000001 0.000001 3.455168 6.273326 -4.954093 5.902699 -1.657535 -8.117766 -0.105844 5.105386 3.222251 0.000002 -0.000001 -0.000000 -2.649735 -1.223423 0.313954 -9.373833 6.926613 -2.744202 -5.140020 -2.440635 -2.727410 0.000001 0.000001 0.000001 25.239842 12.524876 42.576148 -30.252776 43.330607 -95.921148 15.655528 -2.962999 8.535600 -0.000001 0.000000 -0.000001 -0.794692 0.821882 19.873542 -18.106579 13.989989 -100.185194 -16.321582 -1.570385 -35.639343 -0.000002 0.000000 0.000004 
-6.978984 104.923492 -1.141246 14.854403 65.971206 -2.492421 -12.001891 2.757749 -18.249577 -0.912830 0.408786 -1.462630 4.683092 -7.332567 5.186518 -2.748550 10.084011 -17.252974 -0.000000 0.000000 -0.000001 3.662063 5.886119 -4.921034 5.840128 -1.595337 -7.901239 -0.302003 4.918055 2.977891 -0.000000 -0.000004 -0.000001 -2.655174 -1.136730 0.435397 -9.448514 7.132100 -2.845494 -4.885943 -2.461172 -2.581751 -0.000001 -0.000004 -0.000000 25.349130 12.690709 42.883940 -30.054093 43.337393 -96.098241 15.446910 -2.995009 8.417453 -0.000001 0.000003 -0.000001 -0.684259 0.820150 19.992763 -18.004792 13.868120 -99.996695 -16.803445 -1.522902 -35.671773 -0.000002 0.000001 0.000001 
-6.978556 104.924469 -1.146354 15.021452 65.907473 -2.521599 -12.018621 2.781817 -18.354750 -0.870256 0.370139 -1.299861 4.683459 -7.428671 5.132641 -2.829518 10.168711 -17.517209 0.000000 0.000002 0.000001 3.570743 6.189343 -4.922450 5.873071 -1.576181 -7.941492 -0.303600 4.937261 2.788098 -0.000000 0.000001 -0.000000 -2.559141 -0.895029 0.424143 -9.445116 6.944294 -2.683467 -5.102366 -2.369253 -2.870173 -0.000000 -0.000000 -0.000001 25.355009 12.717360 42.913549 -30.023305 43.390768 -96.336164 15.469135 -2.634986 8.575787 -0.000001 0.000001 -0.000003 -0.744868 0.815716 19.878041 -17.950347 13.844793 -99.896783 -16.905709 -1.522310 -35.544274 -0.000001 0.000002 0.000002 
-6.976804 104.931305 -1.155582 15.194295 65.672446 -2.513772 -12.075999 2.806699 -18.507328 -0.968532 0.406820 -1.592512 4.770339 -7.290511 5.504129 -2.797213 10.261184 -17.380598 0.000001 0.000001 0.000002 3.532062 6.625338 -4.879575 5.708044 -2.145416 -8.266919 -0.088474 4.920761 3.050853 -0.000000 0.000003 -0.000001 -2.599589 -0.671447 0.639976 -9.392950 7.234847 -2.726386 -4.825658 -2.172094 -2.877013 -0.000001 -0.000002 -0.000001 25.285920 12.748302 42.899090 -29.935049 43.294684 -96.608716 15.166449 -2.647100 8.343245 0.000000 0.000002 -0.000003 -0.830806 0.823680 19.721915 -17.945535 14.049103 -100.085774 -16.455188 -1.606845 -35.220922 -0.000001 0.000000 -0.000001 
-6.971129 104.937943 -1.164305 15.487078 65.840469 -2.751700 -12.296956 2.881394 -18.817692 -0.789440 0.306488 -1.056173 4.692778 -7.436080 5.149743 -2.711054 10.353030 -17.095472 -0.000000 0.000001 0.000002 3.636429 6.500563 -4.843210 5.720603 -2.174620 -8.151337 -0.467513 4.774441 2.577133 -0.000000 -0.000006 -0.000001 -2.555052 -0.572060 0.739757 -9.408205 7.355231 -2.563693 -4.623862 -2.157448 -2.974567 -0.000001 -0.000002 -0.000002 25.304608 12.769539 42.930451 -30.010270 43.362989 -96.748229 15.250422 -2.589705 8.401510 -0.000001 0.000004 0.000000 -0.960664 0.861684 19.576637 -17.902199 14.102141 -99.930305 -16.016394 -1.619437 -35.364046 -0.000004 -0.000000 0.000000 
-6.962317 104.945160 -1.172522 15.104504 65.643111 -2.608585 -12.041237 2.739089 -18.225400 -1.241667 0.427193 -2.104943 5.035362 -7.161695 5.903976 -2.751952 10.316512 -16.944169 0.000001 -0.000000 0.000001 3.723608 6.059534 -4.861868 5.574797 -2.497242 -8.374341 -0.614134 4.688581 2.759295 0.000000 0.000003 0.000001 -2.643606 -0.929997 0.710271 -9.349280 7.414433 -2.581540 -4.650235 -1.977073 -3.002838 0.000003 -0.000004 0.000001 25.394961 12.805090 42.966452 -30.123661 43.243362 -96.338978 15.238922 -2.828586 8.284729 -0.000001 0.000001 0.000000 -0.834456 0.833695 19.667905 -17.896559 14.082160 -99.796939 -15.984091 -1.715425 -35.115608 -0.000001 0.000000 0.000002 
-6.954014 104.950531 -1.179820 15.526297 65.759210 -2.725288 -12.219739 2.836244 -18.637261 -0.994369 0.427317 -1.687992 4.852350 -7.392921 5.596005 -2.536297 10.383127 -16.683142 -0.000000 0.000003 0.000001 3.400795 6.720804 -4.854713 5.832014 -1.901480 -8.050811 -0.104229 5.031808 2.717222 0.000001 -0.000004 -0.000000 -2.512424 -0.660280 0.616581 -9.286546 6.974707 -2.420847 -4.783648 -2.356779 -2.857846 0.000001 -0.000000 -0.000001 25.407177 12.865045 43.095768 -29.929291 43.566642 -97.015194 15.391845 -2.737219 8.394854 0.000000 0.000000 -0.000001 -0.778742 0.812594 19.786828 -18.062659 14.259577 -100.269322 -15.950073 -1.775881 -34.941930 -0.000001 -0.000000 0.000000 
-6.944126 104.949905 -1.185790 15.826605 66.141981 -3.216313 -12.273592 2.813749 -18.513762 -1.077981 0.268883 -1.528619 4.934810 -7.394760 5.434051 -2.611846 10.269501 -16.626897 -0.000000 0.000000 0.000001 3.307496 7.007778 -4.895150 5.871269 -1.780182 -8.037790 0.074732 5.134983 2.518716 0.000000 -0.000004 0.000000 -2.555654 -1.282576 0.421717 -9.164872 6.797112 -2.431798 -5.136583 -2.429431 -3.091135 -0.000000 -0.000000 -0.000000 25.243578 13.024149 43.440717 -29.782999 43.503404 -97.254893 15.601894 -2.335864 8.636670 -0.000000 0.000004 0.000000 -0.776766 0.834824 20.174427 -18.178207 14.441223 -100.567309 -15.558790 -1.831481 -35.135087 -0.000000 0.000000 0.000002 
-6.933842 104.948700 -1.190024 16.004112 66.132105 -3.161335 -12.292834 2.846676 -18.674265 -1.317936 0.353210 -2.154085 5.155084 -7.319220 5.992408 -2.651332 10.184962 -16.852761 0.000000 -0.000001 -0.000001 3.123968 6.784858 -4.583512 6.152146 -1.793315 -8.045019 -0.026978 4.793051 2.505827 -0.000001 -0.000002 0.000001 -2.393557 -1.671988 0.356312 -9.373696 7.114004 -2.396421 -5.035066 -2.095839 -3.119145 0.000001 0.000005 0.000002 25.240324 12.842105 43.011323 -30.078661 43.407266 -96.737328 15.651285 -3.008631 8.417368 0.000000 0.000003 -0.000003 -0.884996 0.849376 19.737223 -18.141975 14.229237 -100.047313 -15.595369 -1.693002 -35.009702 -0.000002 -0.000000 0.000002 
-6.917326 104.948135 -1.192961 15.852999 66.209771 -3.202063 -12.242804 2.788990 -18.457893 -1.151475 0.330165 -1.757697 4.956579 -7.353876 5.640149 -2.681290 10.285612 -16.905557 -0.000000 0.000003 0.000000 3.110611 6.552589 -4.539430 6.235237 -1.882390 -8.053476 -0.164822 4.488692 2.401259 -0.000001 -0.000001 -0.000002 -2.355052 -1.653425 0.326057 -9.246426 7.052052 -2.297817 -5.021888 -1.970681 -3.043910 -0.000000 0.000001 0.000001 25.367510 12.914841 43.238485 -30.050428 43.514534 -96.905515 15.716579 -3.116776 8.431251 0.000000 0.000002 -0.000003 -0.817692 0.859349 19.776999 -18.183977 14.180013 -99.908155 -15.147468 -1.763073 -34.730843 0.000000 0.000000 0.000002 
-6.896890 104.949860 -1.191282 15.318086 65.809665 -2.700910 -12.021252 2.743950 -18.329977 -0.949580 0.522992 -1.757322 4.594987 -7.214508 5.580758 -2.520527 10.306236 -16.675330 0.000001 -0.000000 0.000001 3.271420 6.708650 -4.582573 6.158322 -2.061902 -8.204895 -0.432547 4.583122 2.234496 0.000000 0.000001 -0.000001 -2.400821 -1.429827 0.495095 -9.425707 7.404393 -2.461872 -4.625875 -2.062490 -2.968828 0.000001 0.000001 0.000001 25.558539 12.888194 43.277889 -30.036775 43.527829 -97.064324 15.430425 -2.515637 8.503270 -0.000002 0.000003 0.000000 -0.748650 0.892032 19.533916 -18.010628 14.136650 -99.695169 -15.761351 -1.741021 -34.753912 0.000001 0.000001 0.000000 
-6.874500 104.956818 -1.193369 15.608236 65.932813 -2.903337 -12.114684 2.751982 -18.331625 -0.929972 0.415632 -1.496851 4.606697 -7.468972 5.279292 -2.547157 10.426255 -16.848120 0.000000 0.000000 -0.000001 3.435074 6.824733 -4.720001 6.022980 -2.194687 -8.242855 -0.496193 4.597966 2.471977 -0.000001 -0.000005 -0.000002 -2.489282 -1.017822 0.638718 -9.459746 7.583871 -2.649202 -4.368352 -2.109449 -2.893957 0.000004 0.000000 -0.000002 25.467815 12.834444 43.221174 -29.950154 43.601124 -97.316125 15.533407 -2.494932 8.536832 0.000001 0.000001 -0.000006 -0.851481 0.923020 19.472154 -17.984749 14.215106 -99.817409 -16.042712 -1.788103 -34.890027 -0.000001 0.000002 0.000002 
-6.847818 104.971176 -1.195016 15.406974 65.757633 -2.940761 -12.123205 2.730521 -18.185855 -1.045057 0.414711 -1.713630 4.711944 -7.186993 5.554862 -2.390662 10.194054 -16.358404 0.000000 0.000001 0.000001 3.488321 6.396973 -4.752905 6.127717 -1.993915 -8.150397 -0.635676 4.531761 2.652597 0.000002 -0.000006 0.000001 -2.410885 -1.308332 0.430796 -9.344471 7.308827 -2.519559 -4.771586 -1.888254 -3.220711 0.000002 0.000000 -0.000003 25.327815 12.718782 42.923347 -30.315040 43.201476 -96.199772 15.566834 -3.077090 8.296329 0.000001 0.000003 -0.000001 -0.974903 0.920840 19.327419 -17.776723 14.033311 -99.499819 -15.589980 -1.797358 -34.910207 -0.000000 -0.000000 0.000002 
-6.812437 104.990051 -1.190826 15.017726 65.605531 -2.624767 -11.957823 2.644664 -17.834742 -0.897961 0.436841 -1.476535 4.546295 -7.261872 5.201943 -2.409407 10.323086 -16.542576 0.000001 -0.000002 0.000001 3.371528 5.717787 -4.651305 6.395548 -1.417305 -7.679814 -0.645546 4.543628 2.412242 0.000000 -0.000002 0.000002 -2.390019 -0.988121 0.415694 -9.113553 6.948459 -2.334103 -5.120643 -1.848899 -3.458939 0.000001 -0.000002 0.000001 25.074377 12.196037 42.061295 -30.935453 42.578918 -94.209605 16.154210 -3.155764 8.646190 0.000000 0.000003 -0.000001 -1.032548 0.923941 18.961867 -17.492529 13.694359 -98.929901 -16.130231 -1.728090 -35.362628 -0.000001 0.000000 -0.000001 
-6.766346 105.009735 -1.184612 14.914787 65.518050 -2.390019 -11.958247 2.624556 -17.699715 -1.040183 0.577954 -2.019923 4.799889 -7.326794 5.713837 -2.242707 10.376453 -16.321604 0.000001 0.000001 0.000002 3.067709 6.639846 -4.644234 6.492066 -1.503948 -7.924362 -0.189858 4.726277 2.498811 0.000001 -0.000001 -0.000000 -2.159919 -0.819876 0.251721 -9.463349 6.984038 -2.243751 -4.931555 -1.915328 -3.405671 -0.000001 -0.000000 -0.000000 24.914194 11.888264 41.530552 -31.379303 42.111555 -92.851087 16.938996 -3.415728 8.997322 -0.000000 0.000003 -0.000001 -1.034304 0.931918 18.484116 -17.393309 13.560672 -98.597892 -16.365089 -1.691267 -35.466037 -0.000001 0.000000 0.000002 
-6.706675 105.038696 -1.180956 14.737047 65.333177 -1.846477 -12.073609 2.699514 -18.150780 -0.727481 0.478017 -1.269717 4.592104 -7.253708 5.051830 -2.372615 10.265111 -16.227652 -0.000000 0.000001 -0.000001 3.438088 4.973543 -4.339609 6.612117 -1.646129 -7.847584 -1.399287 4.299537 1.921753 -0.000001 0.000001 -0.000001 -1.980562 -0.746400 0.330212 -9.702905 7.260198 -2.118313 -4.556177 -1.848017 -3.172659 -0.000000 0.000002 -0.000001 24.937273 11.971358 41.651965 -31.307589 42.079351 -93.122294 18.775951 -3.787372 9.909256 -0.000000 0.000000 -0.000003 -0.918463 0.900048 17.821265 -17.417882 13.531716 -98.505740 -16.436133 -1.663636 -35.219645 -0.000000 -0.000002 -0.000001 
-6.640318 105.069824 -1.180238 14.932475 64.867939 -1.917531 -12.126289 2.692533 -17.965237 -0.659436 0.402742 -1.180037 4.486225 -7.027083 5.025419 -2.401379 10.045210 -16.717238 0.000001 0.000000 -0.000001 3.344345 4.144964 -4.313708 6.763928 -1.116768 -7.792935 -1.493192 4.279898 1.530129 0.000002 -0.000004 0.000001 -2.056495 -0.654808 0.232139 -9.601064 7.149501 -2.387524 -4.866069 -1.715933 -3.207688 0.000000 -0.000000 0.000000 24.507825 11.965728 41.300699 -31.743796 41.735932 -91.752568 21.135204 -4.592758 10.905386 0.000001 0.000001 0.000000 -1.114452 0.832924 17.363955 -17.454417 13.408597 -98.513205 -16.686120 -1.540580 -34.943630 -0.000002 -0.000000 0.000000 
-6.568712 105.100945 -1.179943 14.804828 64.708522 -1.855701 -11.842435 2.566096 -17.464539 -1.060563 0.449967 -2.078914 4.794985 -7.126604 5.634098 -2.200080 9.872101 -16.638949 0.000000 -0.000000 0.000002 3.267840 4.440145 -4.284275 6.743563 -1.086494 -7.733201 -1.505989 3.834052 0.904557 -0.000000 -0.000006 0.000001 -1.851891 -0.266726 0.211946 -9.710786 7.131176 -2.353864 -4.898537 -1.391098 -3.197780 0.000002 -0.000002 -0.000001 24.372811 12.051195 41.289108 -31.849141 41.575471 -91.346670 22.685372 -4.964006 11.630279 -0.000001 0.000004 -0.000003 -1.106285 0.805822 17.112902 -17.411435 13.233813 -98.266860 -16.973618 -1.451139 -34.835399 -0.000002 0.000000 0.000004 
-6.479545 105.130463 -1.173422 14.580014 64.099468 -1.670861 -11.798406 2.576360 -17.525888 -1.097105 0.490760 -2.206736 4.774403 -6.869339 5.841247 -1.884615 9.400055 -15.368535 -0.000000 0.000001 0.000002 3.224422 4.153759 -4.211351 6.803302 -1.188993 -7.646048 -1.312205 3.603588 1.312070 0.000001 0.000001 0.000001 -1.881074 -0.537918 0.232289 -9.536887 7.150264 -2.329575 -4.835193 -1.127180 -2.929471 -0.000002 0.000003 0.000001 24.384907 12.086261 41.418530 -31.783613 41.486699 -91.241731 23.464164 -4.984476 12.046040 -0.000001 0.000001 0.000000 -1.032654 0.845462 16.759268 -17.416629 13.184242 -97.976980 -17.343643 -1.551269 -34.234401 -0.000001 -0.000002 0.000002 
-6.373826 105.154251 -1.154447 14.757225 63.583085 -1.912950 -11.614962 2.512881 -17.396234 -1.137288 0.455452 -2.224031 4.623938 -6.872329 5.904672 -2.072674 8.782514 -14.897606 0.000000 0.000001 0.000001 3.133674 4.386104 -3.819700 6.872279 -1.865554 -8.022184 -1.475172 3.075132 1.154565 -0.000002 -0.000000 0.000002 -1.665914 -0.704705 0.431694 -9.481097 7.138530 -1.859919 -4.578059 -0.394017 -3.119737 -0.000001 -0.000002 -0.000000 24.462022 12.354882 41.691782 -31.730972 41.454341 -91.521065 23.809671 -5.035709 12.224434 -0.000002 0.000002 -0.000001 -1.157093 0.844699 16.496558 -17.264160 12.970874 -97.313489 -17.505558 -1.394013 -33.984504 -0.000000 0.000002 0.000002 
-6.263777 105.176025 -1.131423 15.052581 63.415048 -2.254658 -11.580718 2.497830 -17.351165 -1.209782 0.277688 -2.025633 4.405675 -5.897052 5.760087 -2.430806 7.694995 -13.925933 0.000000 0.000000 -0.000001 3.234650 3.408763 -3.477321 6.744872 -2.325257 -8.208061 -1.295055 2.733214 0.894346 -0.000001 -0.000002 0.000000 -1.666423 -3.459714 -0.045115 -9.235941 7.218047 -1.658623 -4.897365 0.031535 -2.726378 0.000001 0.000005 0.000000 24.565057 12.520234 41.767539 -31.831301 41.534647 -91.617624 23.830904 -5.028396 12.203588 0.000001 0.000004 0.000000 -1.389387 0.838402 16.190415 -17.038856 12.739562 -96.765346 -17.730141 -1.300220 -33.869918 -0.000001 0.000000 -0.000001 
-6.136933 105.195557 -1.111096 13.755260 62.399768 -2.268018 -10.391314 2.041665 -15.488364 -2.636559 0.593923 -5.150422 5.258479 -5.896998 8.081464 -2.227768 7.212099 -13.129303 -0.000000 -0.000001 -0.000001 2.587688 5.130366 -3.370314 7.025389 -1.659226 -7.600404 -0.127314 2.418579 -0.008385 -0.000000 -0.000001 -0.000000 -1.788102 -3.904968 -0.092604 -8.871830 6.644483 -1.307963 -5.220797 0.450619 -3.458416 0.000001 -0.000002 -0.000001 25.134539 13.041042 42.659398 -31.718726 41.421289 -91.525648 22.030768 -5.594725 11.016217 0.000001 0.000001 -0.000003 -1.210880 0.758968 16.688821 -16.575264 12.237230 -95.933470 -18.038253 -1.325144 -32.888959 -0.000002 0.000001 0.000004 
-5.988724 105.216263 -1.090522 13.873858 61.511249 -2.940721 -10.041119 1.879829 -14.714386 -3.209131 0.467057 -5.765431 5.596950 -6.191953 8.456969 -2.497606 6.373624 -12.238266 -0.000000 0.000000 -0.000003 2.307829 5.897703 -3.273624 6.861733 -2.004662 -7.364035 0.385812 1.977216 -0.452057 -0.000001 0.000001 0.000000 -1.821471 -3.741022 0.119207 -8.480267 6.313915 -0.842624 -5.056500 0.907165 -4.014371 0.000003 -0.000004 0.000001 25.178567 12.837067 42.571104 -32.076928 41.104857 -90.743796 19.937679 -5.752512 9.743868 0.000001 0.000001 -0.000003 -1.906837 1.008761 15.545622 -16.179685 11.833063 -93.861634 -17.526382 -1.482077 -32.473270 -0.000003 0.000000 0.000004 
-5.837479 105.233871 -1.063787 13.471965 61.177431 -3.474961 -9.491023 1.655433 -13.645770 -3.649828 0.328972 -6.124976 5.835071 -6.495608 8.557175 -2.976149 5.599696 -11.987693 0.000001 -0.000003 0.000001 2.093762 6.610432 -3.159138 6.589277 -2.650117 -7.788429 1.119498 2.221891 0.300245 0.000001 0.000001 -0.000000 -1.989063 -3.568501 0.402893 -8.325038 6.213166 -0.676228 -4.480590 0.951622 -4.472082 -0.000001 -0.000000 0.000002 25.377698 12.885137 42.864013 -32.605943 40.857526 -89.744833 18.959422 -5.808152 9.194805 0.000000 0.000003 -0.000001 -2.111107 1.134501 15.125369 -15.944139 11.445209 -92.095634 -16.987172 -1.455745 -32.340454 0.000000 0.000000 0.000004 
-5.664907 105.248734 -1.033022 13.867248 59.702697 -3.307208 -9.126539 1.664569 -13.632166 -3.832649 0.253002 -6.160601 5.671494 -6.141773 8.723477 -3.380357 4.474798 -11.112129 0.000001 -0.000001 -0.000001 1.794239 4.900144 -2.492876 7.081336 -2.059025 -7.562058 0.869593 2.240570 0.167480 0.000002 0.000002 -0.000002 -1.909264 -4.774374 0.198786 -7.433771 4.947615 0.131984 -4.526710 0.778265 -4.551492 -0.000001 -0.000005 -0.000001 25.680567 12.995728 43.064664 -32.208385 41.310033 -90.794770 17.663528 -5.676806 8.595529 -0.000003 0.000000 -0.000001 -2.755408 1.286772 13.214704 -15.460307 10.845910 -90.120350 -17.613979 -1.494500 -31.241613 -0.000001 0.000003 0.000001 
-5.473035 105.260788 -1.008891 14.105845 58.065672 -2.850682 -9.263140 1.802090 -14.226299 -4.203506 0.020291 -6.354208 6.103142 -6.052077 9.071861 -3.929283 3.044410 -10.482893 -0.000000 0.000003 0.000001 1.381978 4.052934 -2.008635 6.973378 -1.496127 -7.507705 1.517816 2.806025 0.192465 -0.000001 -0.000000 0.000002 -1.673147 -5.881244 -0.265216 -6.979841 3.688594 0.636650 -4.186818 -0.058315 -3.945984 0.000001 -0.000004 0.000001 26.102439 13.155877 43.085807 -31.666027 41.678105 -92.133460 16.597037 -5.302595 8.175030 -0.000002 0.000003 0.000000 -3.104752 1.302069 10.947074 -15.228255 10.189646 -87.962516 -19.268314 -1.522581 -29.786984 -0.000001 0.000000 0.000001 
-5.272350 105.281494 -0.988391 14.122272 57.051570 -2.549529 -9.077161 1.738189 -13.845690 -4.758767 -0.158283 -6.894773 6.960571 -6.267683 9.579909 -4.861942 1.862537 -10.684021 0.000002 0.000001 -0.000001 1.009173 4.043308 -1.795529 6.684764 -1.583279 -7.741144 2.175924 3.155079 0.453366 0.000001 -0.000002 0.000002 -1.431404 -5.934615 -0.460081 -7.206566 3.251595 0.849052 -4.278926 0.075308 -4.405116 -0.000002 -0.000002 -0.000001 26.223258 12.874335 42.437133 -31.488982 41.683961 -92.216857 15.753985 -4.856139 7.925455 0.000002 0.000003 0.000000 -3.042049 1.282496 9.194206 -15.187544 9.510664 -85.388170 -20.729909 -1.560909 -29.097145 -0.000003 0.000004 0.000005 
-5.051962 105.314194 -0.979555 13.897610 55.653751 -2.366821 -8.533709 1.453846 -12.497023 -4.991387 -0.512491 -6.549231 7.125954 -6.210544 8.900098 -5.944134 0.516302 -10.731637 0.000001 0.000000 -0.000003 1.273377 3.269056 -1.634143 5.892062 -2.428322 -8.026144 1.942049 3.268104 0.788780 0.000001 -0.000002 0.000000 -1.404718 -6.428107 -0.339829 -6.996015 3.083688 1.066804 -3.143508 -0.109080 -4.224959 -0.000001 0.000001 0.000002 26.338982 12.603810 42.110346 -31.300264 41.377501 -92.398758 14.330244 -4.344064 7.196315 0.000001 -0.000001 -0.000005 -2.858447 1.400817 6.863039 -15.802481 8.857256 -80.824026 -20.455423 -1.819537 -28.426604 -0.000000 0.000001 0.000000 
-4.823312 105.322632 -0.973357 13.840227 53.219150 -2.112377 -8.771501 1.370607 -12.144018 -5.018507 -0.990477 -5.698661 7.066185 -6.321816 7.778458 -5.053959 -0.054510 -8.786928 -0.000001 -0.000001 0.000002 1.578346 2.759095 -1.341254 5.318051 -3.044794 -8.066685 1.242021 2.958961 1.317583 -0.000000 -0.000004 0.000001 -0.931007 -6.336249 -0.374851 -6.249006 2.413207 1.825348 -1.874665 -0.077120 -3.648385 0.000001 0.000001 0.000001 26.076308 12.131862 41.238353 -31.036591 40.632201 -91.719550 12.503873 -3.944188 6.266184 -0.000002 0.000002 -0.000001 -3.269796 1.579375 4.192854 -15.389736 6.998319 -72.773125 -18.595485 -1.616975 -28.180073 -0.000001 -0.000000 0.000001 
-4.599864 105.297806 -0.966817 13.145713 51.742108 -1.994270 -8.370608 1.188566 -11.271090 -5.336748 -1.539651 -5.144441 7.488342 -6.633461 7.151348 -4.768393 -0.584096 -7.876546 -0.000000 -0.000005 -0.000003 1.799280 2.971087 -1.310997 4.668514 -3.731318 -8.256591 0.359891 2.650686 1.193019 -0.000001 0.000001 -0.000001 -0.818546 -5.930336 -0.191019 -5.886018 2.099199 2.199219 -1.369444 0.145718 -4.011074 0.000001 -0.000004 0.000001 26.081473 11.683152 40.556888 -31.354332 39.918549 -90.010234 11.792233 -4.027124 5.826438 -0.000001 0.000001 -0.000003 -3.172250 1.602658 3.047133 -15.150072 5.426879 -65.793887 -16.829117 -1.319035 -29.912974 -0.000000 0.000001 0.000001 
-4.363700 105.215485 -0.981310 11.785194 49.686843 -1.316095 -7.764636 1.074346 -10.607566 -5.500526 -1.846481 -5.065444 7.334375 -6.244714 6.947270 -4.263964 -1.403853 -6.546370 -0.000001 0.000002 0.000002 1.351832 2.830369 -1.152455 4.894369 -3.236173 -8.414750 0.552408 2.759812 1.335580 -0.000001 -0.000004 0.000000 -0.363013 -5.597771 -0.632941 -5.932967 0.980684 2.674478 -1.402740 0.059187 -4.325618 0.000000 -0.000002 -0.000000 26.511931 11.551662 40.229230 -31.125544 39.307964 -88.875398 11.292787 -4.008359 5.520368 -0.000000 0.000003 0.000002 -2.150226 1.164425 2.810377 -15.296487 3.465193 -57.478378 -12.117285 -1.066384 -31.160788 0.000000 0.000001 0.000000 
-4.098711 105.058670 -1.016695 11.095753 47.552043 -0.628355 -7.667273 0.990272 -10.205706 -6.067843 -2.396790 -5.043387 7.570514 -5.134611 6.819966 -4.492772 -2.358931 -5.733249 -0.000000 -0.000002 0.000002 1.488312 2.146674 -1.006704 4.707745 -3.416953 -8.858007 0.315969 2.643508 1.524882 -0.000001 0.000001 0.000001 -0.340723 -6.310828 -0.758257 -5.356087 0.437314 2.674294 -0.315500 0.061231 -3.833585 0.000000 -0.000002 0.000000 26.680553 10.743035 38.672582 -31.575978 38.677780 -86.844073 10.261815 -3.352948 5.321525 -0.000003 0.000007 0.000004 -0.977651 0.594481 2.573268 -14.749773 1.421999 -48.465475 -9.638515 -1.162777 -25.443141 0.000002 0.000001 0.000000 
-3.829508 104.864227 -1.073808 10.387376 45.835767 -0.039987 -7.511733 0.931392 -9.721278 -6.691409 -2.674540 -5.525252 8.146966 -4.575737 7.041208 -4.538736 -2.899014 -5.014791 0.000001 0.000001 0.000002 1.402907 1.784602 -0.793931 5.023069 -3.463615 -8.933448 -0.392781 1.869577 1.443959 0.000001 -0.000004 0.000000 -0.024322 -5.800510 -0.766264 -5.517901 0.265691 2.809508 0.756797 0.404399 -3.114767 0.000000 0.000002 0.000000 27.054396 10.073413 37.419338 -32.200377 38.539612 -84.907038 10.910055 -2.960716 6.045877 -0.000003 0.000001 0.000000 0.078210 0.158900 2.782124 -15.908533 -0.349519 -42.802084 -7.497490 -0.959845 -22.934718 -0.000003 0.000002 -0.000001 
-3.551326 104.559364 -1.146699 9.428633 44.356382 0.513334 -7.420639 0.839815 -9.382436 -5.832783 -2.545272 -4.528292 7.131822 -4.620721 6.153289 -5.289514 -3.808695 -4.352369 0.000000 0.000002 0.000002 0.874098 1.504406 -0.471941 5.454645 -3.481042 -9.077702 -0.941967 1.096606 0.802064 -0.000000 -0.000003 -0.000001 0.315507 -5.074071 -0.729319 -5.184615 -0.544445 3.293595 1.676389 1.071980 -2.956152 -0.000001 -0.000002 -0.000000 27.552847 9.502482 36.308739 -32.804685 37.545625 -82.219850 10.439965 -3.846408 5.380910 -0.000002 0.000000 -0.000002 1.045862 -0.256661 3.728400 -16.136783 -1.489019 -38.213184 -7.071873 -1.227826 -18.813334 -0.000001 0.000001 0.000001 
-3.254460 104.127029 -1.228655 8.305980 41.994117 1.466937 -6.879453 0.725727 -9.111074 -4.565048 -2.037126 -3.455607 5.076771 -4.274311 5.133164 -5.747743 -4.495223 -3.725786 -0.000001 -0.000002 0.000001 0.625844 1.135949 -0.014634 5.677885 -4.063017 -9.335665 -1.717424 0.193137 0.597186 -0.000002 -0.000001 -0.000001 0.802432 -5.136362 -0.661545 -4.598266 -0.774461 3.945332 2.260519 1.763539 -2.806015 -0.000000 -0.000000 -0.000000 27.353262 8.363411 34.208613 -32.838788 35.493986 -78.778541 8.389902 -4.907927 3.770361 -0.000002 0.000001 0.000000 1.512686 -0.460232 4.524820 -16.486970 -2.639572 -34.133030 -7.625052 -1.539519 -10.640200 -0.000003 0.000006 0.000002 
-2.968393 103.653915 -1.314439 8.247307 40.561235 2.104123 -7.311036 0.833455 -9.646763 -5.091321 -2.337357 -3.770923 5.807721 -3.550177 5.821411 -5.867649 -4.852263 -3.443247 0.000001 0.000003 0.000006 0.171588 1.342420 0.376719 5.874054 -4.332777 -9.579616 -1.474338 -0.045580 0.527850 -0.000001 -0.000001 -0.000000 0.941536 -4.666174 -0.331586 -5.027095 -0.402759 4.000979 3.171275 1.967007 -2.560931 0.000001 0.000003 0.000000 27.096877 7.413944 32.518667 -32.789662 33.671671 -75.917471 6.797108 -5.579842 2.339081 0.000001 0.000002 -0.000001 1.669760 -0.501705 4.663383 -16.965370 -3.171277 -31.760984 -8.836160 -2.053811 -5.743267 -0.000003 -0.000001 0.000002 
-2.677203 102.999802 -1.393775 8.027545 38.047507 3.020343 -7.378568 0.945832 -10.227391 -4.826179 -2.231433 -3.603051 5.503918 -2.579978 6.295512 -7.188001 -6.401460 -4.010595 -0.000001 -0.000000 0.000002 -0.481272 0.357154 0.728415 6.624038 -3.383044 -9.165876 -1.639483 0.038995 -0.253189 0.000001 -0.000003 -0.000000 0.844451 -4.575737 -0.363391 -5.182711 -0.439286 3.853611 3.916183 1.512547 -2.192749 -0.000000 -0.000000 0.000000 26.683138 6.115338 30.616600 -31.908786 31.320235 -73.334853 2.996371 -6.322011 -0.628171 0.000000 0.000002 -0.000001 1.990967 -0.371221 4.841960 -17.361012 -3.370126 -30.077407 -10.472621 -2.880533 0.401839 -0.000001 0.000000 0.000002 
-2.354193 102.205894 -1.485600 8.075197 35.226243 3.865636 -7.767192 0.944110 -10.303472 -2.341500 -1.110574 -1.582186 3.078958 -2.873720 4.834727 -7.037031 -6.349348 -3.719904 0.000002 -0.000007 -0.000001 -0.521983 1.120566 0.860329 5.815156 -3.762700 -8.713727 -1.301895 -0.461365 -0.930939 -0.000002 -0.000003 -0.000001 0.661475 -4.662536 -0.078004 -4.897101 0.017815 3.516969 4.463932 1.603400 -2.245423 -0.000001 0.000002 -0.000000 25.553293 4.401260 27.492959 -30.729028 28.119805 -69.174503 -1.177742 -7.289396 -3.863058 0.000003 0.000003 -0.000001 1.392630 -0.188392 3.544369 -16.018930 -3.083950 -28.899524 -11.523870 -3.296525 2.250701 -0.000001 0.000003 0.000001 
-2.037460 101.381088 -1.595455 7.849476 33.334827 4.355237 -7.438231 0.836858 -9.654396 -1.451742 -0.635587 -0.907137 2.111443 -2.945711 4.209902 -7.187982 -6.328195 -3.617581 0.000001 -0.000003 0.000004 -0.525398 1.351644 0.771632 5.485421 -3.639586 -8.222318 -1.223762 -0.525787 -1.293651 -0.000000 0.000001 0.000000 0.506453 -4.195704 0.143280 -4.416569 0.038484 3.347463 4.135577 1.603509 -2.574869 0.000000 -0.000004 -0.000000 24.220240 3.036136 24.791415 -29.425169 25.316806 -65.598838 -4.501700 -7.479125 -6.358471 0.000001 0.000000 -0.000002 0.405792 0.111828 2.003832 -15.481614 -2.934906 -27.688122 -11.726166 -3.691424 3.886400 0.000000 0.000001 0.000004 
-1.698638 100.379044 -1.719963 8.191407 31.155590 4.526454 -7.196053 0.662229 -8.605800 -1.013951 -0.461527 -0.378519 1.360575 -2.693343 3.648513 -8.642249 -7.697223 -4.132675 0.000001 0.000000 -0.000001 -0.856511 1.264954 0.874713 5.332529 -3.470304 -7.993503 -1.536666 -0.855606 -1.709310 0.000001 -0.000001 -0.000000 0.116733 -4.034604 0.383248 -4.213253 0.296748 2.823091 4.754199 1.746026 -2.763540 -0.000000 -0.000000 -0.000000 22.458929 1.543345 21.395298 -27.539586 22.084160 -60.763938 -7.240767 -6.361274 -7.681866 0.000000 0.000005 -0.000001 -0.526216 0.319440 -0.047283 -14.238216 -2.751463 -26.886614 -12.214585 -3.880665 2.255318 -0.000000 0.000001 0.000004 
-1.323666 99.190651 -1.838529 7.951185 28.607972 4.233412 -6.261302 0.323849 -6.593567 -2.492022 -1.673926 -0.559325 2.243285 -1.006681 3.559107 -8.669807 -7.838844 -3.897873 0.000001 -0.000001 -0.000003 -0.908290 0.605435 0.830936 4.765917 -3.776019 -7.772411 -1.648279 -1.101366 -1.801922 0.000001 -0.000002 0.000001 -0.162255 -4.102352 0.564222 -2.925958 0.275620 2.582020 4.023987 2.390747 -3.527855 0.000000 0.000001 0.000002 20.533070 0.331353 18.372505 -24.645950 18.774095 -56.056619 -9.979809 -4.476833 -8.609743 -0.000001 0.000003 0.000002 -1.289346 0.619970 -2.421321 -14.081789 -3.086957 -25.618245 -13.272187 -4.289221 2.097445 -0.000003 0.000004 0.000002 
-0.946389 97.974121 -1.959183 7.937121 26.840799 4.025501 -5.966580 0.132243 -5.208362 -2.948188 -2.145041 -0.371331 2.540497 -0.579508 3.171965 -8.340578 -7.579356 -3.557170 0.000002 -0.000000 0.000001 -1.232167 0.303440 0.916588 4.957858 -3.542731 -7.648605 -2.157813 -1.361869 -2.045251 0.000001 -0.000001 -0.000001 -0.068324 -3.265279 0.706275 -2.523635 0.368200 2.410913 2.914815 2.963982 -4.206943 -0.000000 -0.000000 -0.000000 18.544274 -0.474146 15.708025 -21.820445 16.097600 -52.362819 -12.284887 -3.403522 -9.656959 0.000002 0.000003 0.000002 -1.759271 0.828443 -4.462348 -13.799590 -3.083681 -25.104975 -14.502365 -4.542925 0.138066 -0.000000 0.000003 0.000004 
-0.548080 96.570595 -2.073918 7.917114 24.697956 3.673927 -6.007196 -0.095323 -3.757869 -2.634135 -2.245623 0.214494 2.120977 -0.686968 2.398049 -8.950981 -9.149695 -3.210216 0.000002 0.000001 -0.000001 -1.652264 -0.046718 1.026337 4.984333 -2.831418 -7.438762 -1.258195 -1.196768 -2.220740 0.000001 -0.000004 0.000000 0.169003 -2.976430 0.356284 -0.843747 -0.579895 2.434652 1.867495 2.910612 -3.937894 0.000000 0.000002 -0.000001 14.909663 -0.864396 12.126873 -17.446839 12.970894 -47.852036 -13.453745 -1.442537 -9.244248 0.000000 0.000003 -0.000001 -3.002110 1.173931 -7.179227 -11.844058 -3.117836 -22.651574 -15.635242 -4.493006 -1.661097 -0.000002 0.000000 0.000002 
-0.153660 94.981934 -2.177928 6.779435 23.501503 2.768897 -5.864446 -0.389437 -1.859808 -0.889909 -1.515505 1.839839 0.642545 -2.372769 0.844734 -7.704608 -8.395273 -1.946911 0.000001 -0.000001 -0.000001 -1.631954 -0.805939 1.086645 4.498008 -2.527787 -6.956698 -0.748491 -0.972511 -3.011509 -0.000000 -0.000002 0.000001 0.199617 -2.629011 0.225474 0.164226 -0.827558 2.351878 1.238161 2.667820 -3.907993 -0.000000 -0.000000 -0.000000 12.101396 -1.104968 9.326197 -12.733159 9.840862 -43.173175 -14.635309 0.613214 -8.727184 0.000001 0.000000 -0.000003 -3.118817 1.230732 -9.082569 -10.854103 -3.604237 -18.306992 -15.684413 -4.290455 -3.531567 0.000001 0.000001 -0.000003 
0.205957 93.384094 -2.272502 6.251555 22.657112 1.953863 -6.013471 -0.620203 -0.616344 0.116286 -1.091503 2.817806 -0.226991 -3.488705 -0.103516 -6.774649 -7.736246 -1.125719 0.000001 -0.000001 0.000002 -1.683560 -1.370396 1.291026 4.519975 -2.360214 -6.654832 -0.547716 -0.962054 -3.319326 0.000001 -0.000002 -0.000000 0.190644 -2.678141 0.263323 1.284332 -0.771726 2.267356 0.931264 2.641843 -3.532575 0.000001 0.000002 0.000000 10.077110 -1.167984 7.447524 -8.921134 7.601977 -39.169885 -14.971621 1.666206 -8.311112 -0.000003 0.000004 0.000000 -3.108207 1.292536 -10.166174 -10.253220 -3.955050 -15.021744 -14.664418 -3.822767 -5.896236 0.000000 0.000001 0.000000 
0.528184 91.609055 -2.376617 5.656513 20.762078 1.495171 -5.945066 -0.678749 -0.110480 1.375264 -0.135468 3.109086 -1.343675 -4.273822 -0.095571 -6.863690 -8.707100 -0.463115 -0.000000 -0.000001 0.000002 -2.019957 -1.228934 1.326379 4.678680 -1.900731 -5.999257 0.623747 -1.031565 -3.613787 0.000001 -0.000001 -0.000000 -0.259835 -2.602590 0.412712 1.558320 -0.605582 2.044070 0.958169 2.530009 -3.035831 -0.000001 0.000001 0.000001 7.263675 -0.837644 5.634793 -4.382368 5.462416 -35.779348 -14.577640 1.525435 -8.301516 0.000002 -0.000001 -0.000000 -3.635980 1.703274 -11.264415 -8.803485 -3.621237 -11.541459 -12.347093 -3.217132 -8.533526 -0.000001 0.000001 0.000000 
0.815541 89.722702 -2.444506 3.857355 19.509592 0.691645 -3.546671 -0.715534 1.771529 -1.469892 -2.095687 1.755477 0.836280 -2.341200 0.751009 -5.820729 -8.213389 0.257543 0.000001 -0.000002 -0.000001 -1.784035 -1.639431 1.250265 4.089585 -1.996973 -5.512947 0.938221 -0.752014 -3.711094 -0.000000 0.000001 0.000000 -0.818917 -3.359877 0.459798 1.985442 -0.500049 1.922550 0.293751 2.190065 -3.470655 -0.000000 -0.000000 0.000001 5.650510 -1.002023 4.234020 -0.078335 3.757557 -31.624104 -13.955367 1.662576 -7.815009 -0.000001 0.000003 -0.000001 -2.618199 1.519378 -11.499650 -8.008476 -3.856935 -7.824419 -10.025897 -2.596854 -10.185105 -0.000001 0.000001 0.000000 
1.059072 87.855072 -2.532928 3.325494 17.612334 0.297289 -2.581178 -0.640776 2.147414 -2.124669 -2.495912 1.337550 1.197228 -1.783874 1.051928 -4.971282 -7.699514 0.982262 -0.000001 0.000000 0.000001 -1.921430 -1.173622 1.134910 3.402320 -1.894775 -4.863281 0.933569 -0.839688 -3.961491 -0.000001 -0.000002 0.000001 -1.106057 -1.992486 0.833409 1.832337 -0.887918 2.234884 1.249798 2.366840 -3.854283 0.000000 -0.000000 0.000001 3.164862 -0.338841 3.043469 3.924312 2.497238 -28.669921 -13.012378 2.643208 -6.663464 -0.000001 0.000003 -0.000003 -2.901808 1.655098 -11.580889 -6.689657 -3.503691 -5.123328 -8.564485 -2.334056 -9.904766 -0.000001 0.000003 0.000002 
1.223477 85.883942 -2.631818 3.585663 15.477916 -0.311548 -2.698097 -0.625301 1.780582 -1.599398 -1.997041 1.386400 0.946393 -1.614242 1.325277 -4.800184 -8.247830 1.763889 0.000001 0.000001 0.000001 -1.859940 -1.379064 1.587373 2.445518 -3.010757 -4.499802 0.707969 -1.304998 -3.322900 -0.000000 0.000003 -0.000000 -1.304199 -1.822582 1.344075 2.102333 -0.347795 2.389109 1.099697 2.815901 -3.863578 0.000001 0.000002 0.000001 0.147121 0.502652 1.702670 8.105056 1.346941 -25.197640 -12.449154 3.818548 -5.580776 -0.000003 0.000003 0.000002 -4.424751 2.315201 -11.500123 -4.869109 -2.924598 -1.675255 -7.490864 -2.012379 -10.183080 -0.000001 -0.000000 0.000000 
1.307907 83.885468 -2.724580 2.124216 14.354711 -1.267369 -0.953759 -0.566098 2.488270 -0.926372 -1.340979 1.122138 -0.128539 -2.800422 1.223739 -3.360049 -7.008139 2.745813 -0.000001 -0.000001 0.000001 -1.582612 -1.164331 1.561599 2.275633 -2.968846 -3.887358 -0.206956 -1.600048 -2.562574 -0.000000 -0.000002 0.000001 -1.365316 -2.423355 1.281778 3.369559 -0.698676 2.661899 0.471598 3.243452 -3.899656 -0.000000 -0.000002 0.000001 -0.731589 0.764845 1.276873 11.443892 0.726231 -21.220824 -10.954001 4.175434 -4.445367 -0.000002 0.000003 -0.000001 -2.997176 1.579806 -10.209361 -4.175322 -3.055153 1.236182 -4.693699 -1.412665 -9.499729 -0.000002 0.000003 0.000001 
1.340510 81.986954 -2.836642 1.756148 13.135403 -1.984937 -0.275452 -0.513116 2.535162 -1.199285 -1.416441 0.719677 -0.166606 -2.635981 1.586429 -2.560483 -6.350348 3.355974 -0.000000 -0.000001 0.000001 -1.533237 -0.727673 1.442667 2.204377 -2.597558 -3.368224 0.292108 -1.261666 -2.264387 0.000002 -0.000003 -0.000000 -1.556094 -2.305489 1.337622 3.852749 -0.886217 2.705131 -0.146731 3.084875 -4.005382 0.000000 0.000002 0.000000 -1.631328 1.090353 1.011591 13.188004 0.499919 -17.876383 -9.332378 3.836245 -3.630214 -0.000001 -0.000001 0.000002 -2.521003 1.315361 -9.036011 -3.463797 -2.842801 2.957670 -2.751932 -1.031542 -9.412270 0.000000 0.000000 -0.000001 
1.279595 80.124771 -2.980434 2.561597 11.509690 -2.514516 -0.873414 -0.527108 1.885193 -1.304414 -1.463239 0.687510 0.001837 -1.691694 1.732451 -2.142654 -5.964789 3.799498 0.000001 0.000001 0.000002 -1.103704 -0.642921 1.467246 1.406026 -3.078190 -3.017662 1.186545 -1.142995 -1.765901 -0.000001 -0.000000 0.000001 -1.716021 -2.743294 1.491827 3.904960 -0.191083 2.253777 -0.100246 2.934651 -3.754876 0.000000 -0.000000 0.000001 -2.968670 1.574475 0.741555 13.610756 0.412023 -14.544939 -7.424637 4.006479 -2.276345 -0.000003 0.000002 -0.000001 -3.053981 1.478211 -7.431763 -2.963137 -2.721016 4.418562 -3.198617 -1.010340 -8.652702 -0.000000 0.000003 0.000001 
1.127848 78.338806 -3.160028 3.098321 10.104858 -2.670826 -1.434836 -0.501952 1.147036 -1.118592 -1.357705 0.795750 0.051233 -0.902223 1.730725 -1.972323 -5.516379 3.280436 0.000000 0.000001 0.000002 -0.617589 -0.505059 1.193099 0.511844 -3.506541 -2.696743 1.954044 -0.978364 -0.849462 -0.000000 -0.000002 0.000001 -2.096116 -2.369358 1.803124 3.857748 0.092776 1.971101 0.072635 2.829890 -3.554627 -0.000000 -0.000002 0.000000 -3.998643 1.884435 0.361484 13.273871 0.514961 -11.493982 -4.916887 3.295110 -1.061787 0.000000 0.000003 0.000004 -3.844644 1.738232 -6.034880 -2.348737 -2.485042 5.333177 -2.729500 -0.799341 -7.733868 -0.000001 0.000000 0.000001 
0.944970 76.712616 -3.355114 2.760560 10.477220 -2.854464 -1.366393 -0.477893 1.236667 -1.438083 -1.664254 0.911738 0.626416 -1.401874 1.288186 -2.027163 -5.211928 2.975872 0.000001 0.000001 0.000001 0.081724 -0.214831 0.810333 0.770998 -3.261789 -2.227655 3.041608 -1.246146 -0.376493 -0.000001 -0.000002 -0.000000 -2.309640 -2.086794 2.154923 3.221818 0.706779 1.594978 1.231223 3.078340 -3.072205 0.000002 -0.000002 0.000001 -3.056849 1.148232 -0.425744 11.524048 0.600493 -8.818779 -2.748517 2.607366 -0.112677 0.000003 -0.000001 0.000000 -2.840002 1.313545 -4.888305 -3.066280 -3.057855 5.654910 -1.947956 -0.687801 -7.820301 -0.000000 0.000000 -0.000001 
0.694351 75.234306 -3.559450 2.361695 10.174573 -2.307954 -1.411378 -0.447001 1.209234 -1.407464 -1.325268 0.414089 0.888246 -1.929931 1.092200 -2.120204 -4.414995 2.124310 0.000001 0.000001 0.000001 0.459633 -0.029058 0.601372 0.959816 -3.477161 -2.100666 2.818744 -1.850326 0.514273 0.000001 0.000001 -0.000000 -2.028894 -1.552944 2.237512 2.330196 1.217557 1.389993 1.355404 3.403913 -2.591330 0.000001 -0.000000 0.000001 -2.324524 0.188063 -1.855220 9.450721 0.569755 -5.827286 -1.535054 2.031714 0.302134 -0.000001 0.000001 -0.000005 -1.712205 0.988456 -4.492248 -4.394741 -4.012437 5.901579 -0.775028 -0.542848 -7.453784 0.000000 0.000002 0.000002 
0.398696 73.954590 -3.761551 1.472104 9.121727 -1.823825 -1.043607 -0.408492 1.555080 -1.387500 -0.929481 -0.226972 1.024630 -1.951600 1.127619 -1.976724 -3.326432 1.149394 0.000001 0.000003 0.000000 0.689196 -0.279748 0.379657 1.044657 -3.537275 -2.264169 2.040314 -1.792924 1.140646 -0.000000 -0.000004 0.000000 -1.357065 -0.686180 1.926587 1.328121 1.512447 1.190864 0.685952 3.178701 -2.208785 0.000000 -0.000000 0.000001 -0.963541 -0.901990 -2.391635 7.206627 0.499120 -3.547719 -0.232895 2.147040 1.235569 -0.000001 0.000004 -0.000003 -0.962705 0.826402 -4.004520 -4.398114 -3.894997 5.421464 -0.074502 -0.409536 -7.056118 -0.000001 0.000001 0.000001 
0.103204 72.867348 -3.967445 1.126831 7.369328 -1.372616 -0.696305 -0.348400 1.586051 -1.226332 -0.721503 -0.350719 0.925416 -1.219862 1.043412 -1.845841 -2.596072 0.309657 0.000001 -0.000003 0.000002 0.874323 -0.542885 0.138363 0.944288 -3.199154 -2.125688 0.987995 -1.634602 1.303655 0.000001 -0.000002 0.000000 -1.087855 -0.229698 1.700356 0.808113 1.624139 0.794746 0.223974 2.976249 -2.037070 0.000000 -0.000002 0.000001 -0.753329 -1.006691 -2.401288 5.894259 0.481458 -2.477351 0.170325 1.625862 1.218963 -0.000003 0.000002 -0.000003 -0.716947 0.686642 -3.528274 -3.850975 -3.389911 4.572277 0.327618 -0.188969 -4.201958 -0.000001 -0.000001 -0.000001 
-0.250138 71.993279 -4.163964 0.624780 4.853030 -0.775797 -0.266978 -0.247973 1.330629 -0.902338 -0.317986 -0.542969 0.597344 -0.599395 0.963843 -1.097325 -0.878455 -0.238673 0.000001 -0.000003 0.000002 0.749766 -0.713914 0.135377 0.525452 -2.826669 -1.824802 -0.720448 -1.345778 1.134029 -0.000001 0.000001 -0.000000 -0.363011 0.086056 1.083857 0.591411 1.458361 0.475880 -0.499063 2.226332 -1.740253 -0.000001 -0.000000 -0.000000 -0.402295 -1.016073 -1.962551 3.504251 0.325667 -1.271135 -0.242024 0.982152 0.617008 -0.000002 0.000001 0.000002 -0.671933 0.609167 -2.716484 -2.911316 -2.503230 3.486898 0.263140 -0.106096 -2.283203 0.000001 0.000001 0.000002 
-0.696790 71.298775 -4.389317 0.569258 2.335394 -0.263501 -0.531071 -0.157875 0.679984 -0.472672 -0.104817 -0.377491 0.433633 -0.340591 0.551276 -0.266241 0.235582 -0.385096 0.000001 0.000000 -0.000001 0.287668 -0.411458 0.108076 0.825714 -1.236492 -1.075319 -1.045000 -0.804048 0.485766 -0.000001 0.000001 0.000000 -0.058174 -0.355024 0.412639 0.217335 0.532148 0.525410 -0.148986 1.294314 -1.360626 -0.000000 -0.000002 -0.000000 -0.140512 -0.632480 -1.168332 1.046522 0.183430 -0.286021 0.351114 0.519017 0.669087 -0.000001 0.000003 -0.000001 -0.371435 0.319229 -1.263459 -1.540973 -1.280125 1.594042 0.140699 -0.019616 -0.412038 -0.000000 0.000001 0.000001 
-1.177958 70.725449 -4.618254 0.016090 0.024178 -0.005835 -0.015418 -0.003359 0.013429 0.002290 0.002328 -0.000107 0.000229 -0.001715 0.003211 -0.012117 -0.007542 -0.012964 -0.000001 0.000000 0.000001 0.000712 -0.006838 -0.002709 -0.005233 -0.014455 -0.010910 0.001563 0.000313 0.005278 -0.000000 -0.000001 0.000000 -0.012498 0.002425 0.010151 -0.007225 0.008312 -0.003919 0.017344 0.010880 -0.015418 0.000000 -0.000004 0.000000 -0.000324 -0.008455 -0.017573 0.021558 0.003884 -0.014305 -0.029907 0.017367 -0.009498 -0.000002 0.000003 0.000000 -0.018908 0.007342 -0.005372 -0.003730 -0.003027 0.011076 -0.007136 -0.002177 0.039161 -0.000002 0.000002 0.000002 
-1.766639 70.290787 -4.873075 -1.581491 -2.400509 0.544390 1.530116 0.314702 -1.333462 -0.226543 -0.230282 0.010973 -0.022575 0.170266 -0.317786 1.191182 0.759506 1.275532 0.000000 -0.000001 0.000001 -0.071929 0.676106 0.268934 0.505246 1.435623 1.073944 -0.154974 -0.030476 -0.522744 0.000001 -0.000001 0.000001 1.233920 -0.252426 -1.002456 0.717811 -0.820440 0.392179 -1.702239 -1.100515 1.510051 -0.000000 -0.000004 -0.000000 0.019431 0.837526 1.739460 -2.129021 -0.411798 1.408244 2.975949 -1.693887 0.984985 0.000001 0.000002 -0.000001 1.875295 -0.718263 0.543818 0.372311 0.296002 -1.097325 0.713355 0.191349 -3.878320 -0.000000 0.000000 -0.000001 
-2.432748 69.946854 -5.132079 -2.643327 -5.389478 0.697032 2.599430 0.559843 -2.552020 -0.845612 -0.809661 0.187522 0.304816 0.541105 -0.560288 2.542858 2.556484 1.803491 -0.000000 -0.000000 0.000001 -0.078420 1.830426 0.311290 -0.078476 2.006506 2.455054 -0.592840 -0.078016 -0.817522 -0.000000 -0.000003 -0.000000 2.296629 -1.102107 -1.953285 2.206163 -2.629831 1.972257 -3.555428 -1.584749 1.119712 -0.000000 0.000003 0.000002 0.429308 1.546040 4.172248 -5.782513 -1.088694 3.555919 6.576675 -2.968448 2.584973 -0.000001 0.000002 -0.000001 3.175376 -1.084267 1.484687 0.351669 0.409859 -1.821421 2.330787 0.316691 -8.868818 -0.000000 0.000002 0.000002 
-3.062851 69.669739 -5.379948 -3.428746 -8.000376 0.863062 2.893598 0.661989 -3.057313 0.486459 0.491855 -0.017728 -1.088705 -0.625987 -0.626676 3.959024 4.959861 1.748970 0.000000 0.000002 0.000001 0.381621 2.499121 0.173262 -0.719969 2.114246 3.522787 -0.212169 -0.243263 -0.934386 -0.000000 -0.000002 0.000001 3.082582 -1.489006 -2.507252 3.091787 -3.192624 2.652409 -4.822110 -1.596422 0.804655 -0.000001 0.000008 0.000001 0.878781 2.107708 6.197066 -8.132397 -1.550982 4.460785 9.091022 -2.411428 4.321471 0.000001 0.000003 0.000002 3.766838 -1.279845 1.660980 1.131404 1.003289 -2.024219 2.518340 0.219933 -10.707991 -0.000001 0.000001 0.000001 
-3.737262 69.416595 -5.633811 -4.164322 -10.917187 1.210922 2.450693 0.741296 -3.764964 1.383180 1.357989 -0.179440 -1.446273 -1.103432 -0.576634 5.065086 7.060870 1.045825 0.000001 0.000001 0.000002 0.636705 3.454812 -0.027324 -0.725481 2.293976 4.056228 -0.943001 -0.053632 -0.506265 0.000002 0.000001 -0.000001 3.878212 -1.501408 -2.961754 2.647353 -3.076590 3.013713 -5.679528 -1.510525 0.385210 -0.000001 -0.000002 0.000001 2.274972 2.324156 8.403601 -10.577644 -1.895427 5.194449 11.196944 0.348694 6.794382 0.000001 0.000003 0.000002 3.357855 -1.056447 2.073436 1.381555 1.197931 -1.902683 3.898190 0.520005 -11.067389 -0.000001 0.000001 0.000001 
-4.444883 69.175339 -5.890991 -3.542347 -15.180362 1.779757 0.553601 0.717789 -4.598072 1.335849 1.553321 -0.408562 -0.572069 0.737745 -0.233968 4.568697 6.884298 0.833357 0.000000 0.000001 -0.000001 0.869592 4.441573 0.121728 0.060637 2.118795 3.906985 -2.377208 0.063009 0.681718 0.000002 0.000001 0.000000 4.190070 -1.720321 -2.722439 0.951145 -1.630643 3.139009 -5.214156 -0.751611 -0.541943 -0.000000 -0.000000 0.000001 2.551941 3.510692 11.919948 -12.729523 -2.183994 5.251493 12.192627 5.651107 9.751745 0.000000 0.000001 0.000000 0.996806 -0.238929 2.650723 2.364230 1.904635 -1.908516 5.227030 0.690907 -12.553599 -0.000001 0.000000 0.000002 
-5.116462 68.942986 -6.139334 -3.500005 -18.106234 2.282727 -0.353682 0.852422 -5.346809 1.388059 1.619747 -0.317138 -0.171012 1.381690 -0.159955 4.345986 7.123682 0.724549 -0.000000 0.000000 -0.000001 0.715279 5.171815 -0.198529 0.546897 3.126638 4.058823 -1.995427 0.762437 1.052545 0.000002 -0.000001 -0.000001 4.626324 -1.953404 -3.354362 0.046684 -1.999189 3.414800 -5.569250 -0.762394 -1.089033 -0.000001 -0.000002 0.000001 3.741133 4.096630 14.238718 -16.313755 -2.825570 6.146733 14.607060 10.268774 13.018351 -0.000000 0.000000 -0.000001 -0.259196 0.034577 2.720811 2.970833 2.434931 -1.789317 6.676434 0.768439 -13.490000 -0.000002 0.000003 0.000001 
-5.775575 68.676231 -6.390578 -3.164169 -20.300832 3.174104 -1.341819 0.947171 -6.129414 0.950209 1.176176 -0.135713 0.518235 1.345479 -0.363379 3.856589 7.886887 0.376606 0.000000 -0.000001 0.000001 0.764474 6.433459 -0.869468 0.356308 3.834221 4.357600 -1.447838 1.874675 1.724753 -0.000001 -0.000003 -0.000000 4.733238 -3.053657 -4.054687 -0.412372 -2.363945 3.314234 -5.797877 -1.103616 -1.261305 -0.000000 -0.000000 0.000002 5.160488 4.769930 16.761872 -20.930314 -3.636247 6.540750 18.820395 15.665053 17.172083 -0.000001 0.000001 0.000002 -1.181934 0.250753 1.327804 2.456299 2.428118 -1.364431 9.169926 0.749141 -13.375670 -0.000002 0.000002 0.000004 
-6.421256 68.343437 -6.611742 -2.623193 -21.584301 4.392474 -2.675673 0.974288 -7.072427 0.760747 0.990062 -0.083867 1.154184 0.233507 -0.536207 3.528525 8.224034 0.440449 0.000000 0.000001 -0.000005 0.378486 7.427975 -0.937704 0.421205 4.608128 4.199581 -1.026723 3.118319 2.707389 -0.000000 -0.000001 -0.000001 4.864107 -4.164113 -4.539261 -0.671778 -2.696590 2.963754 -5.736654 -1.725586 -1.448321 -0.000000 -0.000000 0.000000 7.031147 5.036138 18.441222 -24.746865 -4.307741 6.256855 22.920008 19.356908 20.093752 -0.000000 0.000001 0.000002 -1.733512 0.368208 -0.292513 1.655576 2.099580 -0.398324 11.506174 0.869331 -13.285602 -0.000000 0.000001 0.000001 
-7.006993 68.003334 -6.827526 -1.962713 -22.438035 5.448916 -3.246397 1.026958 -7.739648 0.319608 0.690892 -0.272568 1.604336 -0.360411 -0.282662 3.294302 8.370387 0.054190 0.000000 0.000002 0.000001 0.350359 8.239046 -1.083467 1.015327 4.680393 3.533410 -2.438564 3.383583 4.063776 0.000001 0.000003 -0.000000 4.780601 -5.272953 -4.753757 -1.199011 -2.218794 2.519805 -5.180911 -1.761139 -1.808920 -0.000000 0.000001 0.000002 8.423026 5.038678 19.320227 -26.887560 -4.436287 5.643850 24.808458 21.251640 21.451802 -0.000000 0.000003 0.000002 -2.450593 0.605905 -1.012469 1.204441 1.834016 -0.239147 13.211421 1.196845 -12.898978 -0.000002 0.000001 0.000004 
-7.489092 67.587059 -7.010650 -1.379086 -24.080179 6.614956 -3.704190 0.988392 -7.404895 0.825872 1.597748 -1.409335 0.784665 -1.672742 1.029065 3.651627 9.638894 -1.751521 -0.000000 0.000000 -0.000001 0.782836 9.005270 -1.604884 1.754673 4.132609 2.278083 -2.253743 3.579648 5.559482 0.000000 -0.000001 0.000000 4.381539 -6.015161 -4.745758 -2.173897 -1.304409 1.732293 -3.735343 -1.622869 -2.536027 0.000001 0.000005 0.000000 8.741583 5.072188 19.936497 -24.797311 -3.468284 3.755813 24.090069 22.195062 21.670592 0.000000 0.000001 -0.000003 -2.918640 0.967143 -3.243942 2.167724 2.303425 1.523755 13.099728 1.112066 -13.593566 0.000000 0.000001 0.000005 
-7.829446 67.104263 -7.163481 -0.056194 -25.405923 7.698993 -4.438903 0.754950 -6.170293 1.466735 2.381460 -2.091072 0.273631 -3.382356 1.679035 3.726394 10.330859 -3.386746 0.000000 0.000001 0.000001 0.733706 9.238819 -1.737640 0.311603 3.040463 2.067129 0.183456 4.525470 5.353317 0.000002 -0.000001 -0.000000 3.780483 -6.965511 -4.681839 -1.372931 0.148068 0.065295 -4.488665 -1.854600 -3.525063 0.000000 -0.000000 0.000001 7.729651 5.117353 19.651397 -23.440644 -2.914877 2.693226 23.229325 24.971515 22.697359 0.000001 0.000002 -0.000001 -3.946197 1.552125 -6.511027 3.670240 3.143365 3.751570 13.361694 1.392744 -13.047643 -0.000003 0.000002 0.000005 
-8.084797 66.619011 -7.315737 0.733855 -26.398381 8.472906 -4.518965 0.587181 -5.196586 1.548052 2.483208 -2.270712 0.182204 -3.770384 1.958684 2.760730 8.601833 -3.821039 -0.000000 -0.000001 0.000001 0.423004 9.151437 -1.420354 0.308753 1.846887 1.308057 1.370294 4.110717 4.956653 0.000002 -0.000001 -0.000000 3.570798 -7.624874 -4.560731 -0.955070 0.984041 -0.209746 -5.264396 -0.872523 -5.103888 0.000001 -0.000004 0.000001 6.648532 5.126562 19.214627 -22.724839 -2.548403 2.326479 23.004856 26.851072 23.685559 0.000003 0.000006 -0.000007 -4.577608 2.031962 -8.832000 4.927583 3.754381 5.223359 13.468537 1.802825 -12.942950 -0.000003 0.000003 0.000004 
-8.167349 66.052177 -7.447158 2.457237 -27.466651 9.474388 -4.847819 0.333423 -3.581230 -0.396609 0.626250 -1.707747 2.228355 -2.870062 1.461579 2.846674 9.418283 -5.152158 0.000000 -0.000002 -0.000001 0.638347 8.951599 -1.237987 -0.244303 -0.001386 0.866531 4.040644 3.246844 3.801114 0.000002 -0.000001 0.000001 3.549764 -7.878975 -4.208923 0.085559 2.425153 -0.742006 -8.378990 0.603849 -6.492214 0.000001 0.000001 0.000001 4.989944 5.030092 17.816700 -22.956165 -3.175504 4.430066 24.548714 27.010886 24.368862 -0.000000 0.000002 -0.000003 -5.905197 2.810914 -11.387187 4.709774 3.408305 7.831196 14.507622 1.997049 -14.116043 -0.000003 0.000003 0.000004 
-8.065071 65.381737 -7.564621 4.843218 -29.285747 10.836610 -4.593407 0.035111 -1.758253 -1.749067 -0.404724 -1.715939 3.186780 -1.736444 1.194280 1.997786 9.449150 -6.264228 0.000001 -0.000000 0.000001 0.653214 8.585736 -0.711506 -0.824322 -2.558215 0.085153 4.942177 2.032374 3.841755 -0.000000 -0.000001 -0.000001 3.496078 -7.920598 -3.615214 0.180702 4.427716 -1.340289 -9.204547 2.660643 -8.372021 0.000001 -0.000002 0.000001 2.779858 4.733110 15.626518 -21.119713 -3.901735 6.768768 25.166699 26.369311 24.384197 0.000000 0.000001 0.000002 -7.302962 3.768219 -14.229303 4.322913 3.049256 10.584244 16.033463 1.911892 -15.594104 0.000001 0.000000 0.000002 
-7.889361 64.711472 -7.670461 6.741307 -30.761283 11.719729 -4.366805 -0.175669 -0.116449 -1.954735 -0.416512 -2.010699 3.103809 -1.604416 1.265537 1.515005 9.403472 -6.924696 -0.000001 0.000002 -0.000001 0.448872 8.064084 -0.451250 -1.654780 -3.918998 -0.068142 5.679030 1.366702 3.659432 -0.000001 -0.000002 0.000001 3.646261 -7.385595 -3.441980 -0.065461 5.755861 -2.176591 -9.085267 3.544599 -9.136606 0.000000 -0.000002 0.000001 0.535558 4.968527 14.178708 -18.582385 -4.158106 8.158614 24.337405 26.041532 23.876851 0.000001 0.000003 0.000000 -8.076831 4.393542 -16.565208 4.335085 3.208460 12.389605 16.558791 1.623154 -16.594201 -0.000001 -0.000000 0.000002 
-7.558992 63.907116 -7.770817 7.589105 -30.919382 12.802034 -3.784262 -0.312190 1.344780 -1.364968 0.390534 -2.775513 2.809628 -3.495777 1.406531 0.558880 8.492183 -7.561136 0.000000 0.000001 0.000001 -0.143011 7.296843 -0.557660 -3.088398 -3.852854 0.162003 6.630440 1.998522 2.835533 -0.000002 -0.000004 -0.000000 3.051812 -7.513205 -3.762555 0.677922 4.650405 -2.679732 -10.390943 3.200422 -10.639483 -0.000000 -0.000004 0.000002 -0.445106 3.890530 10.285708 -15.822268 -4.528233 10.713599 23.845823 25.787921 23.397919 0.000000 0.000003 0.000000 -7.823341 4.621909 -20.361567 3.498556 2.465268 15.359354 17.293088 1.142009 -17.960385 -0.000005 0.000002 0.000002 
-7.092872 63.006279 -7.859687 8.186788 -31.300080 13.251865 -3.272672 -0.538037 3.576269 -0.861725 1.208594 -3.742865 2.345868 -4.443364 1.655812 -0.208303 7.850401 -8.056737 -0.000001 -0.000000 -0.000005 -0.549328 6.342885 -0.904225 -3.380334 -3.255720 -0.856931 6.332472 3.319211 2.579598 -0.000001 0.000003 -0.000000 2.897844 -6.855620 -4.213121 0.222869 3.877860 -3.577832 -9.956014 1.773394 -10.783613 -0.000001 -0.000000 0.000000 -2.056055 3.375636 6.939604 -12.304848 -4.493642 12.929505 22.164959 26.241983 22.963103 -0.000000 0.000001 0.000000 -8.713452 5.343012 -23.451320 3.244632 2.081156 18.889861 17.473224 0.654950 -18.673858 -0.000000 0.000004 0.000002 
-6.586315 62.090118 -7.951126 9.565860 -32.018014 13.262651 -3.280984 -0.846165 5.757466 -1.210720 0.864976 -3.732979 2.183451 -3.515927 1.170365 -0.232888 7.833710 -8.277378 -0.000001 -0.000001 -0.000003 -0.829841 5.443523 -0.992881 -3.365917 -2.384983 -1.098984 6.602404 3.787109 1.029267 -0.000001 -0.000004 -0.000000 2.644659 -5.740335 -4.182082 0.753961 3.241168 -4.317087 -11.086598 1.102853 -11.002982 -0.000001 -0.000000 0.000001 -4.364911 3.813208 5.260319 -9.394220 -4.295873 14.402803 21.098412 26.435281 22.590482 -0.000000 0.000003 -0.000003 -9.989764 6.180570 -24.823669 4.257988 3.010660 20.886237 16.324506 0.307927 -18.783053 0.000000 0.000002 0.000004 
-5.949467 61.043858 -8.029661 8.876078 -32.247017 12.590427 -1.946957 -0.850911 7.371407 -1.927655 0.097864 -3.806883 2.274069 -2.805173 0.811331 0.153456 7.647651 -8.554869 0.000001 0.000004 -0.000005 -0.692578 4.594488 -1.892602 -3.624365 -1.311220 -1.913396 5.959033 5.179597 0.544462 -0.000001 -0.000002 0.000001 1.829279 -4.749279 -4.492807 1.115474 1.442402 -4.789980 -11.457495 -0.526450 -10.885840 0.000000 -0.000004 0.000000 -5.460644 3.504508 2.824811 -7.680429 -4.301895 17.150231 20.324876 25.324146 21.720855 -0.000001 0.000003 0.000000 -9.548924 6.065692 -27.078258 3.983368 2.266512 24.458450 15.728954 -0.257097 -20.847102 -0.000003 0.000001 0.000004 
-5.198294 59.888710 -8.104918 9.560165 -32.771060 11.298284 -1.860911 -1.138254 9.802654 -2.358743 -0.338405 -4.020558 2.586773 -1.208422 0.567765 -0.546516 5.460019 -8.092008 -0.000001 -0.000001 0.000002 -0.979714 3.271016 -2.439965 -4.250734 -0.717619 -2.361292 4.813923 6.242328 0.380783 0.000000 -0.000001 -0.000001 0.541949 -3.400924 -4.236063 0.622064 1.139308 -6.211103 -8.653261 -2.333863 -9.859556 0.000001 -0.000002 -0.000001 -7.662916 4.078878 1.358160 -4.796595 -3.969742 19.941289 18.202630 25.113598 20.942052 -0.000000 0.000000 -0.000003 -9.657664 6.399466 -30.091375 4.434224 2.305799 28.107178 15.060690 -0.641178 -22.642118 -0.000003 0.000002 0.000002 
-4.446604 58.770256 -8.162666 9.388365 -33.298460 9.930160 -1.444735 -1.230174 11.371125 -3.005635 -0.978184 -4.060432 2.976205 -0.222410 0.436110 -0.528498 4.654256 -7.821189 0.000001 0.000001 0.000004 -1.181620 2.645861 -2.940666 -4.980229 -0.180832 -2.113760 4.705338 6.768595 -0.018236 -0.000001 -0.000004 -0.000000 -0.349085 -2.666146 -4.082990 0.959937 0.837240 -7.287691 -7.623545 -3.213695 -9.235177 -0.000000 0.000002 -0.000000 -8.426289 4.262439 0.495904 -2.824626 -3.551778 21.919163 16.893559 25.261535 20.714224 0.000001 -0.000001 -0.000005 -9.800178 6.529776 -31.736836 5.175176 2.699950 30.647776 14.269858 -0.791730 -23.271489 -0.000000 0.000002 0.000002 
-3.612791 57.537724 -8.265100 7.769428 -33.278526 7.621672 -0.241114 -1.069454 12.414489 -3.407164 -1.457404 -3.968494 3.375159 -0.151840 0.180447 0.090848 4.916416 -8.087115 -0.000000 0.000002 0.000002 -0.926457 1.958121 -3.753535 -5.972606 0.262586 -1.957116 3.771312 7.355778 -0.025841 -0.000000 -0.000001 -0.000001 -0.955740 -1.777846 -4.066978 1.096284 0.011552 -7.862952 -7.089349 -4.039657 -8.933251 -0.000001 0.000002 -0.000001 -8.573964 4.210611 -0.367816 -1.868342 -3.343581 24.304830 16.423777 25.950665 21.062886 -0.000000 0.000003 -0.000001 -10.195673 6.724566 -32.806932 6.451445 3.826208 33.091628 13.365273 -0.748734 -22.368731 -0.000000 0.000003 0.000001 
-2.726122 56.257462 -8.364509 6.759489 -34.485092 4.687774 -0.131780 -1.244677 14.452412 -1.821621 0.608503 -5.591834 2.170361 -1.405547 1.478367 1.257014 5.107117 -8.020170 0.000001 -0.000000 0.000001 -0.732415 1.404497 -4.486794 -6.250572 0.977500 -2.010364 3.711721 7.715764 -0.784235 -0.000000 -0.000002 0.000001 -1.234084 -0.640899 -4.217242 0.211331 0.173795 -9.118993 -6.651091 -4.791787 -8.727446 -0.000001 -0.000002 -0.000000 -9.412861 4.665081 0.111615 -0.545192 -2.896853 26.501209 15.018599 25.557067 20.643417 -0.000000 0.000003 0.000000 -11.700245 7.606649 -32.477604 7.525196 4.669213 35.609297 13.626998 -0.456176 -22.081634 0.000000 0.000003 0.000004 
-1.885602 55.024193 -8.471121 5.258089 -34.418826 2.163212 -0.211116 -1.370541 15.736874 -0.836628 1.785873 -6.370860 1.741592 -2.625930 1.824316 1.813125 5.300873 -7.843864 -0.000001 0.000003 0.000000 0.143968 0.931734 -5.169794 -6.228698 0.589641 -2.737628 3.283574 7.491509 -0.733099 -0.000000 0.000001 0.000000 -1.558035 0.488821 -3.784269 -1.047512 1.909015 -10.634272 -5.054654 -4.979688 -7.985103 0.000000 -0.000002 0.000002 -9.352638 4.714240 0.214987 0.528463 -2.536323 27.827133 14.176085 25.496994 20.477576 -0.000000 -0.000001 -0.000003 -12.188893 7.860641 -32.006263 8.813743 6.146892 36.914423 13.402745 -0.392244 -22.055847 0.000000 0.000002 0.000002 
-0.991836 53.751236 -8.570985 2.817476 -33.270394 -0.975145 0.938359 -1.157439 16.130004 -3.158672 -0.453173 -5.670359 3.201953 -1.424973 1.065462 2.454379 5.726932 -7.547327 0.000000 -0.000002 -0.000001 0.373484 0.208731 -5.426303 -6.955164 0.582785 -2.591864 3.724257 7.943884 -1.272617 0.000001 -0.000001 0.000000 -1.583702 1.674344 -3.598861 -2.539276 4.469071 -12.878500 -3.416363 -5.520986 -7.575300 0.000002 -0.000004 -0.000001 -8.282631 3.932234 -0.644768 1.573402 -2.320692 29.609126 12.869272 24.871799 19.766612 -0.000000 0.000002 -0.000001 -11.359405 7.331076 -32.887480 11.508395 9.582545 37.272957 11.854604 -0.633873 -22.387398 -0.000002 0.000002 0.000002 
-0.089818 52.441452 -8.680843 1.041798 -33.122254 -4.567430 0.118933 -1.562823 17.672754 -1.670657 1.342935 -7.029619 2.411287 -3.007802 1.791526 3.362730 6.515093 -7.098993 0.000000 -0.000001 0.000001 0.563484 -0.265874 -5.511536 -6.864585 0.602406 -3.087505 3.751676 8.205026 -1.520332 -0.000001 0.000001 -0.000000 -1.843896 2.525900 -3.289564 -3.249146 6.377358 -14.596432 -1.832529 -5.804124 -7.605702 0.000000 0.000002 -0.000000 -7.903995 4.022799 -0.254190 0.672234 -2.789286 32.263170 13.903208 22.766031 19.003618 -0.000001 0.000003 -0.000003 -11.332380 7.029833 -32.952637 16.944134 16.132079 35.065969 6.140529 -1.110762 -22.112367 -0.000000 0.000001 0.000004 
0.761840 51.212402 -8.791414 -0.433685 -32.274990 -7.052359 -0.301618 -1.755076 17.789446 -2.081689 0.543679 -6.435575 2.564384 -3.019565 1.130434 4.305998 7.082480 -6.372544 0.000001 0.000001 -0.000001 0.858404 -0.154414 -5.607871 -6.999422 0.683651 -3.189245 4.641352 8.138479 -1.867720 -0.000001 -0.000004 -0.000001 -2.179555 2.628949 -3.050352 -2.617178 6.383695 -15.231805 -2.289399 -5.466454 -8.629603 0.000002 -0.000002 0.000003 -7.266342 3.907141 -0.332785 -1.142800 -3.736692 34.452219 15.023911 21.459831 18.497651 -0.000002 0.000003 0.000000 -10.862414 6.558381 -33.510011 21.121938 20.713064 32.965935 2.879833 -1.470937 -22.645963 -0.000000 -0.000002 0.000002 
1.610472 50.001606 -8.909701 -2.278193 -32.324803 -10.709855 0.697620 -1.567826 17.609874 -2.514193 -0.491693 -5.241752 2.108596 -1.617316 0.304278 4.509684 6.453892 -5.076724 -0.000001 0.000003 -0.000001 1.085885 -0.672701 -5.585993 -7.190649 0.715534 -3.201905 4.542669 8.344443 -1.462092 -0.000001 0.000001 0.000001 -2.198324 3.712131 -2.755127 -3.259635 7.060988 -15.800154 -1.025163 -5.969916 -7.914212 -0.000001 0.000000 -0.000002 -6.830234 4.340359 1.264629 -3.742860 -5.095961 36.918689 16.487822 20.431966 18.541652 -0.000000 0.000003 0.000000 -11.302394 6.473119 -31.782390 25.952682 25.370224 30.181752 0.141248 -1.556658 -23.126903 -0.000001 0.000002 0.000002 
2.440245 48.827148 -9.023527 -4.428132 -33.895490 -15.136934 0.924477 -1.663632 18.240351 -2.040134 -0.307596 -4.761696 1.712784 -0.124435 -0.333088 4.853762 6.271678 -3.615936 -0.000000 -0.000000 0.000001 1.052947 -1.165146 -5.171067 -6.713763 0.857063 -3.028549 4.550374 8.440716 -1.074892 -0.000001 0.000004 -0.000001 -2.295530 3.969813 -2.383042 -4.051179 7.880731 -15.577631 0.487295 -6.206535 -7.933368 -0.000004 -0.000000 -0.000001 -6.699617 5.287717 4.346705 -5.284466 -5.993259 38.482399 16.564454 19.450670 18.195074 -0.000000 0.000003 -0.000001 -12.385642 6.759750 -29.308168 30.469170 29.203621 27.470650 -1.371204 -1.448259 -23.626444 -0.000000 0.000006 0.000001 
3.219433 47.741474 -9.145050 -5.834471 -34.270973 -18.549824 1.006351 -1.773180 18.716250 -1.211273 0.401545 -4.786803 0.768356 -0.796075 -0.416855 5.475923 6.878660 -3.090426 -0.000001 0.000002 0.000002 1.613111 -1.587009 -4.751844 -6.217063 0.484029 -3.037162 3.444937 7.945767 -0.345053 -0.000001 -0.000002 0.000000 -2.004396 4.851574 -1.770518 -4.285980 9.516579 -15.800690 2.208921 -5.614265 -7.774073 -0.000001 0.000000 -0.000001 -6.430042 5.905446 6.459279 -6.130323 -6.516902 39.425191 17.456714 19.704049 18.808724 0.000002 0.000002 -0.000003 -12.509306 6.491622 -27.516378 34.836161 32.231632 24.203168 -3.416167 -1.250930 -22.619585 -0.000003 0.000001 0.000000 
3.990331 46.727020 -9.254531 -7.808590 -34.231440 -22.608795 1.232426 -1.805275 19.114686 -0.858120 0.727429 -4.511079 0.657842 -0.661253 -0.822736 4.967033 5.547145 -1.457658 -0.000000 0.000001 0.000002 1.787362 -2.430726 -3.778619 -5.798025 -1.231839 -3.300126 2.487758 6.825027 0.559714 -0.000001 -0.000002 -0.000000 -2.315220 5.184870 -0.403390 -4.109839 11.873126 -15.723140 4.422759 -4.412649 -7.420539 0.000003 -0.000002 -0.000003 -5.716556 6.195686 8.984974 -5.573034 -6.387154 39.783653 16.839157 19.366841 18.603562 0.000001 0.000002 -0.000003 -12.215331 6.258310 -25.455758 39.929047 35.224283 20.041578 -5.938519 -1.255128 -21.518330 -0.000001 0.000003 0.000001 
4.746563 45.739506 -9.378237 -9.704189 -33.395814 -26.641332 1.394679 -1.769391 18.808601 -1.052717 0.289084 -3.788033 0.861327 -0.978497 -1.224546 5.349389 5.600432 -0.412883 0.000001 0.000001 0.000001 2.170660 -2.778937 -3.487055 -5.817676 -1.779165 -3.003374 2.574731 6.489810 0.459925 0.000001 -0.000002 0.000000 -2.456999 5.396928 0.243266 -4.030509 12.629460 -15.172234 4.870336 -3.733422 -7.698788 0.000000 0.000002 0.000000 -4.340388 6.310099 11.173116 -4.095015 -5.728942 39.829142 14.071975 19.562150 17.793978 0.000001 0.000001 -0.000003 -11.906988 5.848136 -23.673497 42.329715 36.661491 18.629821 -6.611819 -1.060984 -20.687412 0.000000 0.000000 0.000002 
5.456671 44.852718 -9.484205 -10.397207 -32.500496 -29.332008 0.764130 -1.971428 19.040611 -0.644454 0.550862 -3.706228 0.821620 -1.965393 -1.491882 5.574587 5.147375 0.276111 -0.000000 -0.000000 0.000001 2.285876 -3.310038 -3.654703 -5.452509 -1.137255 -3.065790 2.518008 7.144828 0.476167 0.000002 -0.000003 -0.000002 -2.784509 5.623489 0.296238 -3.866488 12.091554 -14.923403 5.088419 -4.308530 -7.607966 -0.000000 0.000003 0.000001 -3.069518 6.203271 12.361058 -3.201836 -5.345931 39.959165 13.903914 19.654544 17.866481 -0.000000 0.000002 -0.000001 -11.584978 5.460103 -22.354605 42.099124 36.671791 19.192705 -6.300363 -0.840722 -21.203776 -0.000001 0.000001 0.000000 
6.158088 44.012661 -9.595877 -11.405777 -32.044621 -32.377631 0.688421 -1.914716 18.676468 -1.293417 -0.261214 -3.170929 1.359186 -1.355927 -2.224710 5.845883 5.067165 1.275360 0.000001 -0.000000 0.000001 2.567323 -3.590493 -3.557267 -5.724972 -1.387334 -2.893626 2.612547 7.413710 0.939466 0.000003 -0.000005 -0.000001 -3.400581 5.344977 0.878521 -3.871489 11.930108 -14.393799 5.351000 -4.173680 -7.854456 0.000001 -0.000002 0.000002 -2.091920 6.504055 14.189043 -1.957687 -4.946394 39.810072 14.056422 21.582129 18.764345 -0.000000 0.000003 0.000000 -11.323447 5.198023 -20.631059 42.476424 37.070643 18.962538 -5.894386 -0.888686 -21.576993 -0.000004 0.000000 -0.000001 
6.858158 43.239243 -9.696854 -12.164436 -30.886925 -35.329741 0.828753 -1.856947 18.270811 -1.604216 -0.680344 -2.691989 1.201705 -1.976969 -2.571860 6.368474 5.851608 1.826789 -0.000001 0.000001 0.000000 3.458969 -4.393207 -3.370938 -4.728940 -2.274371 -3.724192 1.080425 6.545233 1.942878 -0.000000 -0.000001 0.000000 -3.097774 6.016392 1.317007 -4.679337 12.822661 -13.593302 6.746879 -3.459831 -7.728635 0.000002 -0.000004 0.000003 -0.871050 6.623675 15.808796 -1.075749 -4.618711 39.730486 13.204532 22.367457 18.909577 -0.000001 0.000003 -0.000005 -10.608337 4.786466 -19.110080 41.194572 36.540569 20.209490 -5.132676 -0.721682 -22.103015 -0.000002 -0.000001 -0.000003 
7.515051 42.509819 -9.809164 -13.243198 -30.487304 -37.686460 1.357474 -1.678633 17.705618 -0.961041 -0.171759 -2.530046 0.277564 -2.754747 -2.418566 6.771175 6.876141 1.843201 0.000000 0.000001 -0.000001 4.191246 -4.811186 -3.249122 -4.291732 -3.028101 -4.131390 -0.307929 6.120583 2.833005 -0.000003 -0.000003 -0.000000 -3.086085 6.713965 1.857709 -4.736521 13.683854 -13.276792 6.857309 -3.025005 -7.608996 -0.000001 -0.000002 -0.000001 -0.289926 6.896862 17.159959 -0.786057 -4.565038 39.873859 13.839688 22.410093 19.177914 0.000000 0.000004 0.000000 -10.393583 4.636320 -17.885619 41.676237 36.856005 19.896018 -5.092720 -0.566566 -22.482307 -0.000002 0.000003 0.000002 
8.185635 41.803745 -9.921607 -14.295116 -30.169827 -40.221331 1.190080 -1.700576 17.462480 -1.100795 -0.662521 -1.829813 0.656826 -1.742973 -3.105180 6.276624 5.854565 2.397154 0.000001 0.000001 0.000000 4.706871 -5.733885 -3.237709 -4.314825 -3.401922 -4.480142 -1.698182 5.987471 3.692992 -0.000001 -0.000001 -0.000002 -3.414252 7.089902 2.247106 -5.151237 13.524933 -12.743904 7.900265 -2.675990 -7.943738 -0.000001 -0.000002 0.000001 0.113973 7.285480 18.537801 -1.957104 -5.194192 40.702948 13.825067 22.054199 18.980341 0.000001 0.000003 0.000002 -10.494514 4.491043 -16.607555 40.851215 36.603926 20.947307 -4.289492 -0.481861 -23.901615 0.000001 0.000003 0.000001 
8.840170 41.109772 -10.041225 -14.760508 -28.864444 -42.367079 0.778836 -1.748644 17.016276 -0.679867 -0.464261 -1.522927 0.435787 -3.031721 -3.399441 6.766622 7.178567 2.196881 0.000001 0.000002 -0.000001 5.166453 -6.560668 -3.267968 -4.420638 -2.947504 -4.087829 -2.369503 5.830084 3.141654 0.000001 -0.000001 -0.000001 -3.267648 8.136365 2.254108 -4.900417 12.762733 -12.275400 7.626476 -2.739659 -8.491509 -0.000002 0.000003 0.000000 1.148778 7.356525 19.348811 -1.195767 -4.954807 40.739541 12.315937 21.515209 18.084883 0.000001 0.000003 -0.000001 -9.632984 3.933603 -15.788438 39.253425 35.847073 22.434228 -3.956738 -0.426187 -24.163632 -0.000000 0.000001 0.000000 
9.459608 40.473686 -10.159577 -14.439249 -27.562206 -43.678749 0.291115 -1.837788 16.748449 -0.306610 -0.330744 -1.109359 0.332590 -4.460108 -3.656001 6.938906 8.025521 1.759782 -0.000000 -0.000001 0.000001 5.818051 -7.055660 -3.513819 -4.349286 -2.369861 -3.751082 -3.726847 5.967322 2.561793 0.000002 -0.000004 -0.000000 -3.361795 8.755602 2.359714 -5.051806 12.174906 -11.750093 7.221330 -2.941733 -8.927205 0.000000 -0.000004 0.000001 1.943011 7.194542 19.775465 0.716957 -4.110389 40.138751 12.615686 21.171066 18.073048 0.000001 0.000002 -0.000001 -8.847670 3.536110 -15.277154 38.082194 35.203929 23.379734 -4.129537 -0.465912 -24.269035 -0.000000 0.000001 0.000000 
10.041443 39.858170 -10.271914 -14.111709 -26.719492 -45.719893 -0.748503 -2.164080 16.748628 0.614473 0.699117 -1.611531 0.105564 -4.740614 -2.913434 6.056601 6.577180 2.480600 0.000000 -0.000000 0.000001 5.345877 -7.649487 -2.757186 -3.495515 -2.355354 -4.125206 -4.881056 5.177159 1.587701 -0.000001 -0.000001 0.000001 -3.363600 8.946606 2.726015 -4.532779 11.184881 -10.523914 6.760064 -2.591313 -8.920014 -0.000001 -0.000002 -0.000001 2.325317 7.468831 20.784703 3.194303 -3.022412 39.206047 10.706530 22.042306 17.827111 -0.000000 0.000000 -0.000003 -8.731425 3.424349 -13.998312 33.607946 32.550574 27.388082 -1.845218 -0.328277 -25.885809 -0.000003 -0.000000 0.000002 
10.616758 39.223396 -10.404161 -14.624417 -25.303802 -48.054114 -0.478119 -2.104117 16.709266 0.238979 0.353814 -1.347160 0.118291 -4.018116 -2.823205 5.540678 5.811034 3.227178 -0.000000 0.000001 0.000002 4.837773 -7.757224 -2.200622 -3.569537 -1.872268 -2.921721 -3.576710 4.567388 -1.253261 0.000002 0.000002 -0.000003 -2.882416 8.796708 2.679121 -3.508997 9.619021 -8.781176 6.538214 -2.410309 -9.064906 -0.000002 0.000001 0.000001 3.552833 7.516615 21.687888 3.301285 -2.987119 39.406957 9.249127 20.739721 16.637876 -0.000001 0.000001 0.000000 -7.520204 2.791582 -12.842756 29.524169 29.553330 30.813726 0.646042 -0.225908 -27.815175 -0.000001 0.000002 0.000002 
11.158108 38.603283 -10.546572 -13.780176 -23.265784 -49.066935 -1.608101 -2.404941 16.732775 0.367684 0.386892 -1.022177 0.649349 -4.977003 -3.032144 5.243065 5.396244 3.527244 -0.000001 0.000001 0.000002 4.904560 -7.893517 -2.011119 -3.577532 -1.276643 -2.112440 -3.125259 4.215772 -3.175870 -0.000002 0.000001 0.000001 -2.515528 8.538588 2.597262 -2.521682 7.637747 -7.080101 5.837129 -2.182049 -9.922733 -0.000000 -0.000002 -0.000001 5.270670 7.024979 21.461907 3.945304 -2.733963 39.463846 8.491802 22.142384 17.180320 -0.000002 0.000001 0.000002 -5.949953 2.018848 -12.341287 25.202686 25.794098 34.074178 3.451797 -0.319219 -29.335143 0.000002 0.000003 0.000004 
11.678230 37.972092 -10.718448 -13.090471 -21.468029 -50.673324 -1.763984 -2.383919 16.201922 -0.536548 -0.635498 -0.074412 1.214678 -4.749490 -3.078831 4.796765 5.315815 3.637963 -0.000000 0.000001 0.000002 5.572975 -7.201498 -1.976988 -2.819921 -0.396936 -0.682185 -3.744565 3.539653 -4.952338 -0.000001 0.000001 -0.000000 -2.287654 6.868188 2.446675 -0.810775 4.053858 -3.253510 4.881329 -1.460314 -11.564774 -0.000002 0.000001 0.000001 6.409199 6.960411 22.297134 7.639887 -1.141195 37.572676 5.793700 21.469223 16.104305 -0.000002 0.000001 0.000000 -4.617397 1.346514 -10.904627 19.825046 20.193712 37.858031 7.957079 -0.308644 -32.231765 0.000002 0.000003 0.000001 
12.164310 37.292747 -10.898545 -11.513648 -20.118061 -51.757623 -4.100475 -2.912374 15.494897 0.384329 -0.246290 1.069421 1.324828 -6.212632 -3.679852 4.439561 5.160137 4.190672 0.000000 0.000000 -0.000001 5.382944 -6.156919 -1.730182 -2.241304 1.114021 1.108741 -3.674241 3.010584 -6.759707 0.000002 -0.000001 -0.000001 -2.384519 5.183602 2.340327 1.375950 0.773810 -0.363864 3.951919 -0.869704 -13.368058 -0.000002 -0.000002 0.000003 7.111759 6.681411 21.818778 14.471752 1.375875 33.243965 1.007795 16.187168 10.762469 0.000001 -0.000002 0.000002 -3.728092 0.892353 -10.236073 17.007811 16.770261 38.947064 7.622484 -0.482704 -34.071893 -0.000000 0.000003 0.000001 
12.593410 36.618244 -11.093680 -9.859592 -18.817105 -52.303383 -5.398147 -3.080579 14.575905 -0.059895 -0.587914 1.608267 1.868607 -6.435557 -3.604512 3.876581 4.589220 4.822385 0.000001 0.000001 -0.000003 5.222278 -4.564894 -0.876030 -1.525405 0.424325 1.666591 -3.662619 1.523808 -8.168694 0.000002 -0.000005 -0.000003 -2.169359 3.799311 2.800944 2.822482 0.026102 1.645965 4.421101 0.351748 -14.159052 -0.000003 0.000003 0.000001 7.661136 6.187681 21.275428 20.666453 3.142072 29.740891 -2.374478 12.007566 6.433006 -0.000002 0.000003 0.000004 -2.165227 0.326060 -9.953883 14.405467 13.554823 40.244356 8.513144 -0.768455 -36.012418 -0.000001 0.000004 0.000006 
12.964417 36.009209 -11.272440 -9.627527 -17.145826 -53.377460 -4.858551 -2.686713 13.121377 -1.024673 -1.887764 2.456419 2.251130 -5.716624 -3.726973 4.127297 4.736860 5.959431 0.000001 0.000003 0.000000 3.942765 -3.181196 -0.434318 -0.609612 1.795052 3.236250 -1.933839 0.855249 -9.441051 0.000000 0.000002 -0.000002 -1.808989 3.068899 2.400008 2.776934 -0.015300 2.318768 3.020071 1.351167 -14.656350 0.000000 -0.000002 0.000002 7.618875 6.579581 21.721665 20.516329 3.094548 30.538373 -2.164575 4.010335 1.786199 0.000001 0.000003 0.000000 -0.209398 -0.460440 -9.423593 11.454834 9.614964 41.175338 9.684172 -1.142409 -38.096654 0.000004 0.000000 -0.000001 
13.310999 35.435940 -11.466879 -10.347821 -15.810848 -54.327144 -3.528900 -1.915368 10.821882 -0.237265 -1.545431 3.224394 1.251985 -6.143750 -3.393456 4.782244 4.842513 6.916661 0.000001 0.000001 -0.000001 3.703290 -2.117554 -1.122761 0.212467 4.273870 4.898370 -2.146217 1.385966 -8.590679 -0.000002 -0.000004 -0.000001 -2.495035 2.731863 2.122509 2.665229 -0.965302 2.671189 3.250193 0.804815 -13.744896 -0.000002 -0.000002 0.000002 7.210000 7.254450 22.761513 10.852118 -0.146581 37.041400 4.289600 -3.701679 1.693996 -0.000000 0.000001 0.000000 1.583372 -1.230401 -9.259465 8.930614 6.114525 41.781206 11.833105 -0.972912 -35.656402 -0.000003 -0.000000 0.000002 
13.633963 34.932293 -11.665754 -11.809986 -15.120949 -55.759742 -1.748939 -1.307762 9.710269 -0.097423 -1.773041 3.934543 0.666712 -5.415102 -3.623772 4.961242 4.070872 8.220554 0.000000 0.000003 -0.000001 3.825581 -1.658154 -1.290243 0.187689 6.288885 7.052734 -2.361608 1.576652 -9.191870 -0.000000 -0.000002 0.000001 -2.629834 2.414032 2.068141 2.943341 -1.858465 3.265879 3.165440 0.393800 -13.544120 -0.000004 -0.000000 0.000001 7.133451 8.063553 24.646603 1.954954 -4.200977 41.809934 8.596233 -8.635551 1.933675 0.000001 0.000003 -0.000003 3.178940 -1.691917 -8.326834 8.524121 5.886412 41.065365 11.179567 -1.144393 -34.548326 -0.000001 0.000002 -0.000001 
13.958117 34.478909 -11.895072 -12.665940 -14.237502 -57.710427 -0.926498 -0.999546 8.625870 0.179161 -1.868292 4.571587 0.709524 -5.243858 -3.497748 4.975043 3.226474 9.851611 0.000001 0.000001 -0.000001 3.496701 -0.295916 -1.339727 0.116542 9.077680 10.356429 1.046585 1.357220 -11.533392 0.000001 0.000000 -0.000003 -2.270249 1.287215 1.659822 4.601104 -3.528683 4.836229 1.012720 0.216238 -12.992213 0.000001 -0.000000 -0.000000 8.025076 8.960695 27.093047 -4.704318 -7.813321 45.269012 13.356991 -7.830261 5.047790 -0.000001 0.000003 0.000000 4.254880 -2.016085 -6.246148 7.938614 5.248172 40.767483 10.591384 -1.493558 -35.900813 -0.000000 0.000000 0.000004 
14.295229 34.040512 -12.106359 -13.737828 -14.237698 -60.127856 -0.236298 -0.847890 8.705704 0.447134 -1.164747 3.484795 0.230927 -5.026399 -1.738323 6.298282 4.927312 9.682479 -0.000000 0.000002 -0.000001 2.370385 1.349705 -1.432559 -0.676292 11.601030 14.382830 2.778124 0.130382 -14.712263 0.000002 0.000001 -0.000001 -1.202420 0.531062 0.791589 6.828279 -5.359215 6.723093 -1.909649 1.233751 -13.302938 -0.000000 -0.000000 0.000001 8.696352 9.632555 29.177523 -10.274880 -11.076977 48.172860 20.099268 -5.997598 9.803386 -0.000000 0.000003 0.000002 5.380717 -2.261585 -4.398923 10.848439 9.092199 38.934633 7.138888 -1.483464 -36.328120 -0.000000 0.000001 -0.000003 
14.607061 33.629246 -12.305590 -12.489329 -13.945608 -61.472959 -1.058772 -0.999040 8.557050 -1.375270 -3.345229 4.016274 2.533128 -3.849927 -1.920265 6.896950 4.853415 10.217260 0.000000 0.000002 0.000001 0.742164 2.231555 -1.421449 -2.546908 13.949931 18.212319 7.058301 -0.530041 -17.567902 0.000001 0.000002 -0.000001 -1.134706 -0.729701 -0.088000 10.055870 -7.977232 8.324208 -6.302190 1.229434 -12.810110 -0.000000 0.000002 -0.000002 9.560217 9.776687 29.824909 -7.076415 -9.147075 47.474422 20.968189 2.735105 13.424184 -0.000000 -0.000002 -0.000003 6.259488 -2.572154 -2.810401 14.700575 13.793207 36.021738 2.791015 -1.552596 -37.763180 -0.000002 0.000001 0.000004 
14.874384 33.209702 -12.521286 -11.777585 -13.483768 -62.731469 -2.389466 -1.024738 6.870440 -0.857806 -3.259203 4.729437 2.904275 -4.514697 -1.255757 7.647212 5.299580 10.905457 0.000001 -0.000002 0.000001 -0.959405 3.283589 -0.681803 -4.026603 15.835295 21.908245 10.329075 -1.920211 -20.323037 0.000000 -0.000002 0.000002 -0.084733 -2.009294 -1.146162 13.811693 -9.800977 9.955047 -12.010957 1.792651 -11.666416 -0.000001 0.000000 -0.000003 9.681645 10.210416 30.748808 -2.449783 -6.430804 45.568932 17.660006 8.744999 14.325588 -0.000000 -0.000001 0.000000 6.568738 -2.781300 -1.346849 22.205981 21.249866 29.522120 -5.575454 -0.976046 -37.760998 -0.000001 0.000005 0.000002 
15.132420 32.766281 -12.753732 -11.230799 -12.529085 -64.006843 -3.443661 -0.997269 5.090015 -1.186655 -3.718059 5.003762 3.981387 -5.152722 -0.309790 8.270434 5.592244 12.007432 0.000001 0.000002 0.000004 -1.981646 4.447506 0.048413 -5.152734 16.258517 25.164485 10.377109 -4.179470 -23.311852 0.000000 -0.000002 0.000004 1.030526 -3.538908 -1.624994 16.739563 -9.824971 11.140959 -16.429931 3.755182 -12.012612 -0.000003 0.000004 -0.000003 10.222943 10.442657 31.571412 -0.833135 -5.478165 45.223096 13.024212 12.987314 14.328093 -0.000001 0.000002 -0.000001 7.153577 -2.820835 -0.189053 26.643866 24.557559 25.153225 -8.832062 -0.639624 -38.278996 0.000002 -0.000001 0.000000 
15.362654 32.366196 -12.962709 -10.765636 -12.010431 -64.894508 -4.240668 -0.989462 3.909373 -2.268447 -4.768361 4.970021 5.680440 -4.847107 0.104859 8.531270 5.275915 13.237409 0.000000 -0.000001 -0.000001 -2.852135 5.018531 0.654472 -5.968120 16.542320 26.984903 11.461889 -5.037933 -24.761355 -0.000000 -0.000002 -0.000000 1.959464 -4.491274 -2.086399 18.305646 -9.754679 11.396259 -20.008986 4.234263 -11.533009 -0.000001 -0.000002 -0.000002 10.683932 10.407632 32.032962 2.094408 -3.982815 43.889279 10.279928 15.858369 14.621517 -0.000001 0.000002 -0.000001 7.836207 -2.816347 0.352184 29.569504 26.515208 22.012730 -10.907881 -0.638185 -38.591453 -0.000000 0.000001 0.000000 
15.573820 32.014549 -13.143786 -11.273733 -12.830594 -66.601878 -5.996125 -1.058397 2.543240 -0.925153 -3.188797 4.443619 5.281676 -5.559603 1.667644 9.101107 5.561953 14.322069 0.000001 0.000001 0.000002 -3.805906 5.517121 1.060433 -6.452465 17.647879 28.822814 14.713047 -5.482398 -25.055847 -0.000000 -0.000001 -0.000001 3.030701 -5.031307 -2.943066 20.590626 -10.639322 12.781227 -24.139514 4.368858 -11.173525 -0.000002 -0.000002 -0.000002 9.946763 10.978984 33.462149 7.431660 -1.415364 40.506082 6.272041 19.587142 15.011154 -0.000001 0.000000 -0.000001 6.983231 -2.300170 1.206847 34.324105 29.387664 17.483671 -13.880831 -0.714781 -36.574837 -0.000003 0.000003 0.000001 
15.761992 31.665035 -13.320612 -11.447201 -12.025862 -68.223584 -6.024566 -0.779458 0.581112 -0.737258 -2.907809 4.404447 5.554675 -6.018982 2.677239 9.365223 5.148985 16.062788 -0.000001 0.000001 0.000001 -4.407233 5.593349 1.759539 -6.270012 18.193923 29.971970 15.775644 -6.705110 -26.660569 0.000000 -0.000001 -0.000000 3.594067 -5.267908 -3.068991 22.486755 -10.960301 14.176791 -27.764574 5.287389 -11.420355 0.000001 0.000000 -0.000003 10.658565 11.148767 34.767630 9.286055 -0.751727 39.534470 3.486399 21.911426 15.155343 -0.000002 0.000003 -0.000001 8.260719 -2.371504 2.268496 33.867882 29.160000 17.452103 -12.648323 -0.973512 -36.993046 0.000003 0.000001 0.000000 
15.930927 31.356499 -13.483724 -11.229698 -12.056041 -69.458079 -6.919101 -0.704666 -0.725813 -0.241664 -2.411391 4.361608 5.496807 -6.582800 3.336064 9.330697 4.592312 17.116994 -0.000000 0.000000 0.000001 -4.881913 5.509793 2.290568 -5.721001 18.030451 30.244972 15.102202 -8.145258 -27.854845 0.000002 0.000001 -0.000002 3.968217 -5.760261 -3.062422 22.729165 -10.052499 14.368230 -29.121348 6.769134 -11.622823 0.000001 0.000002 -0.000001 10.331455 11.646614 35.605185 8.426948 -1.099241 40.337823 3.244307 22.782415 15.684083 0.000003 0.000002 -0.000001 8.331907 -2.298722 3.060525 36.198828 30.336965 15.383382 -14.259919 -0.885490 -35.904979 0.000003 0.000003 0.000001 
16.117016 30.997959 -13.681347 -11.206361 -11.548256 -71.159281 -6.865114 -0.380021 -2.337632 -0.087946 -2.149013 4.172101 5.323346 -7.449786 4.196520 9.830575 5.074555 18.024258 -0.000000 -0.000000 -0.000006 -5.602264 5.770021 2.361385 -7.573068 17.253842 31.591718 19.483601 -8.889716 -28.874567 0.000001 -0.000002 -0.000003 4.701336 -5.919108 -3.909272 24.513993 -10.117652 14.001239 -33.341862 6.031589 -9.533569 -0.000000 -0.000004 -0.000000 10.692582 12.053893 36.960814 12.396326 0.499010 37.470377 -0.693059 25.071739 15.566756 -0.000001 0.000003 0.000002 8.807034 -2.200693 4.494448 41.238626 32.603430 10.454328 -18.386360 -1.134745 -34.503052 0.000001 -0.000001 -0.000001 
16.315887 30.625690 -13.894895 -11.907695 -12.067093 -72.942343 -7.816971 -0.121687 -4.461002 0.116174 -2.324482 4.609809 5.290575 -6.645255 4.545445 10.705283 5.396542 18.534190 -0.000001 -0.000002 -0.000001 -6.198956 5.706683 2.524441 -8.680939 17.218053 33.049349 22.537454 -10.286091 -30.422168 0.000002 -0.000001 -0.000000 5.078216 -5.984614 -4.411778 25.589840 -10.207905 13.911852 -37.173984 5.446877 -7.521777 0.000000 0.000002 0.000000 10.056396 12.761644 38.634173 11.631341 0.251744 37.814277 -0.853326 25.349581 15.594241 0.000001 0.000002 -0.000001 8.702100 -2.005957 5.574409 41.984503 32.524196 9.083691 -18.241168 -1.105027 -33.659469 0.000001 0.000000 -0.000001 
16.510067 30.263981 -14.115442 -12.087837 -11.571829 -73.954064 -7.917981 0.144481 -6.147434 0.549027 -1.903661 4.652746 5.214255 -6.950167 4.887143 11.014580 6.207152 18.794760 -0.000001 -0.000000 0.000002 -6.744558 5.907369 2.650454 -10.164664 16.182248 33.691674 25.624221 -10.870143 -30.942352 -0.000002 0.000001 0.000000 5.172830 -5.758807 -4.652916 24.972162 -9.695190 12.462439 -38.063418 2.885882 -4.603042 0.000000 -0.000004 0.000002 10.159828 12.950982 39.665029 11.268407 0.000258 38.235635 -2.842599 26.414409 15.493444 0.000000 0.000003 -0.000003 9.828478 -2.031814 6.025468 43.433173 32.942607 7.057138 -19.027652 -1.540756 -32.434270 0.000001 0.000002 0.000002 
16.726187 29.904171 -14.348122 -12.130239 -11.469989 -75.137846 -8.831282 0.450112 -8.040487 1.194968 -1.354489 4.812336 4.805303 -6.718932 5.009650 10.955840 5.693877 18.958413 0.000001 0.000001 0.000001 -7.624702 6.181941 3.167752 -10.663588 14.928435 33.120629 25.793088 -11.754028 -31.949299 -0.000001 -0.000001 0.000001 4.992186 -5.508957 -4.417229 22.412793 -8.477716 10.167911 -35.494905 0.947042 -2.300198 0.000002 0.000003 0.000001 10.700083 13.220299 40.542876 11.733883 0.229640 37.971610 -4.515048 28.482637 16.411954 0.000000 0.000003 -0.000003 10.356493 -1.998600 6.933262 42.979218 32.725239 7.244018 -18.562856 -1.802464 -31.957963 -0.000002 -0.000000 0.000000 
16.957935 29.499489 -14.621523 -11.131006 -10.020844 -75.532152 -8.449497 0.962880 -10.551459 0.350930 -2.253516 5.010623 5.253226 -6.578044 4.682382 11.252063 6.934408 18.379667 -0.000000 -0.000002 0.000004 -8.537656 5.413175 3.109012 -12.087387 14.677665 32.518268 28.868744 -10.611072 -30.888205 -0.000000 -0.000003 -0.000000 5.362500 -5.482412 -5.621136 20.703511 -9.274375 8.744555 -33.214066 -3.137467 0.914474 0.000000 -0.000002 -0.000000 11.631864 13.241911 40.591616 7.646364 -1.477557 40.810879 -5.409379 28.017721 15.666914 0.000000 0.000003 -0.000001 11.829437 -2.407812 7.581016 41.454846 31.980298 8.333545 -16.916085 -1.987089 -32.037286 -0.000005 0.000001 0.000000 
17.181030 29.108204 -14.917974 -11.070724 -9.146639 -75.629865 -8.660493 1.315781 -12.217461 -0.306675 -2.539679 4.145403 5.922988 -6.517875 5.119558 11.376126 7.086547 17.624185 0.000002 -0.000001 0.000007 -9.609982 5.187831 3.211523 -12.263153 14.973274 32.040896 32.109635 -9.513568 -29.004197 -0.000000 -0.000004 0.000001 5.710983 -5.202707 -6.542893 19.794178 -9.607453 8.154279 -32.601210 -6.364854 3.877789 0.000001 -0.000002 0.000000 12.196667 13.284874 40.877231 5.072168 -2.657739 42.555886 -7.257249 28.728312 15.697803 -0.000002 0.000004 0.000000 12.661391 -2.605571 7.836285 44.083110 32.729635 5.757432 -18.104313 -2.079632 -30.021161 -0.000001 -0.000002 0.000000 
17.358917 28.745728 -15.236823 -10.893110 -9.494200 -74.939592 -10.460378 1.879673 -14.748798 -0.085357 -1.405400 2.560253 6.112677 -7.539212 6.077279 10.677289 7.411669 16.013840 -0.000001 0.000001 -0.000001 -11.574617 4.790285 3.652380 -12.722566 15.351330 31.385102 37.756736 -7.185899 -25.820407 0.000001 -0.000004 0.000001 6.945153 -4.661367 -8.002671 17.744114 -10.076493 7.402374 -30.163652 -10.345497 7.292857 0.000000 -0.000000 0.000001 11.313215 13.263708 41.268041 3.008317 -3.669549 43.685606 -8.437112 28.681925 15.433403 -0.000000 0.000004 -0.000003 12.386104 -2.459975 8.273279 47.816819 33.507644 1.614694 -20.060638 -2.670144 -27.349339 -0.000002 0.000002 0.000002 
17.515486 28.391808 -15.598394 -11.541200 -9.527754 -74.506080 -11.655520 2.413641 -16.718428 -0.101228 -0.322101 0.546892 6.214004 -8.181216 7.366483 9.701012 7.283744 13.429457 -0.000000 -0.000002 0.000001 -13.484357 4.303359 4.010374 -11.632575 16.773191 31.186453 41.180689 -5.261676 -23.102604 -0.000001 -0.000001 -0.000000 8.173137 -4.612676 -9.411740 15.370697 -9.935401 7.169029 -26.839601 -12.623656 10.271956 0.000000 0.000003 0.000000 10.906373 13.506892 42.422418 -0.782933 -5.547670 45.408754 -7.980405 26.906019 14.390491 -0.000003 0.000001 0.000002 12.787087 -2.301847 8.963514 50.539305 33.844301 -1.377868 -20.915195 -2.922674 -26.039123 -0.000001 -0.000000 0.000004 
17.660255 28.075485 -15.971653 -12.562109 -10.061670 -74.516373 -12.438301 2.843924 -18.066238 -0.908138 -0.482319 -0.561658 6.678555 -7.127782 7.882989 9.012221 6.527045 11.947518 0.000000 0.000000 -0.000005 -14.604046 3.710034 3.907841 -12.229928 17.067364 31.151728 45.043872 -2.805563 -20.596891 0.000001 -0.000004 0.000000 8.968076 -4.531753 -10.545302 13.936721 -10.251971 6.644937 -23.404202 -14.593370 13.341971 0.000000 0.000001 0.000001 10.494828 13.908379 43.431722 -1.909901 -6.084604 45.470700 -6.807432 26.198818 14.171208 -0.000002 0.000004 0.000002 12.533529 -2.103912 9.551147 51.985301 34.070551 -2.965009 -21.222711 -3.128578 -25.099157 -0.000002 0.000001 0.000001 
17.798357 27.731869 -16.396832 -12.668954 -9.544245 -74.682081 -12.640252 3.120911 -18.775435 -2.279687 -1.365109 -1.322248 7.802901 -6.284660 7.563232 8.330422 6.227348 9.948866 -0.000000 0.000000 -0.000003 -15.731281 3.877221 4.042409 -13.093817 17.130331 30.508669 47.857445 0.641690 -18.539683 -0.000002 -0.000004 0.000000 10.234773 -4.317874 -12.003200 12.453118 -11.363019 6.126144 -18.819714 -17.143532 16.417470 -0.000000 0.000001 0.000001 11.189793 13.957810 44.197249 -4.933306 -7.995205 46.875964 -6.417061 26.225703 13.746222 0.000001 0.000003 0.000000 13.680112 -2.031933 10.727081 50.946876 33.980099 -2.613588 -19.612825 -3.406188 -24.886518 0.000003 0.000006 0.000002 
17.935289 27.345039 -16.867378 -13.219978 -9.677872 -75.079079 -14.024891 3.344778 -18.902969 -0.580482 0.386341 -2.093622 6.249517 -7.260856 7.756258 7.565179 5.807122 8.147238 -0.000001 -0.000001 0.000001 -16.484440 3.158539 3.787613 -13.807321 17.470562 30.052491 50.387292 3.425398 -16.608867 -0.000001 -0.000002 0.000001 11.099241 -4.535755 -13.260137 11.545339 -12.507004 5.680794 -15.227343 -18.781048 19.271664 -0.000000 0.000001 0.000001 11.497501 14.331735 44.620571 -7.072085 -9.305447 47.878878 -4.350745 26.023888 14.007080 -0.000000 0.000002 0.000004 12.913928 -1.968620 11.727462 49.066327 33.728403 -0.740462 -17.047116 -3.426223 -25.311079 -0.000000 0.000003 0.000001 
18.068050 27.016144 -17.311722 -13.810954 -9.573533 -75.375147 -13.788923 3.375996 -19.219452 -2.089560 -0.705894 -2.594751 7.307587 -5.768035 7.701299 7.206918 6.028912 6.899399 -0.000001 -0.000000 0.000001 -16.707959 3.301160 4.065572 -13.543482 16.137833 28.749154 49.787298 3.768244 -15.810235 0.000001 -0.000001 -0.000000 11.521443 -4.597643 -13.283063 10.135667 -11.321570 4.742633 -12.854400 -18.668273 20.492637 0.000000 0.000003 -0.000000 11.930861 14.342497 44.949939 -8.051865 -9.921614 48.345722 -4.552435 25.918712 13.646588 0.000001 0.000003 -0.000001 12.786993 -1.781918 11.923512 47.684819 33.410594 0.383433 -15.238992 -3.393661 -25.771224 0.000001 0.000002 0.000002 
18.228447 26.669941 -17.759758 -13.767662 -8.687307 -76.139875 -13.664023 3.323090 -19.383245 -0.424483 0.557179 -2.327644 5.877600 -7.086639 7.577067 6.877393 6.481529 5.945035 -0.000001 -0.000001 -0.000003 -17.009671 2.624339 4.422504 -12.555573 15.839045 26.992940 48.497932 4.411057 -15.144527 0.000001 -0.000001 -0.000000 12.138394 -4.439972 -13.548262 9.194523 -11.647794 5.004667 -11.832387 -18.605068 20.698736 -0.000000 -0.000002 -0.000000 12.844054 14.307517 45.252230 -9.136618 -10.627631 48.699355 -6.081906 26.441394 13.274105 -0.000002 0.000005 0.000004 13.160418 -1.760131 12.486089 44.457022 32.455420 3.133984 -12.325315 -3.343474 -26.729155 0.000002 0.000008 0.000004 
18.381523 26.346825 -18.189240 -14.519234 -8.551740 -77.145580 -13.809944 3.373804 -19.506761 0.280709 1.028817 -2.308402 4.947141 -6.918477 7.557741 6.922652 7.266396 4.970596 0.000000 -0.000001 0.000001 -17.088413 2.210226 4.133833 -13.529011 14.612355 25.513335 48.891484 6.437468 -14.157345 -0.000000 -0.000002 0.000000 11.983427 -4.540263 -13.965212 9.179995 -12.109187 4.320319 -9.867763 -19.603661 21.761437 -0.000001 -0.000002 0.000001 12.904970 14.577265 45.839025 -10.220351 -11.369283 49.293803 -7.183802 26.006674 12.456071 -0.000002 0.000003 0.000004 13.143622 -1.743920 12.702550 44.046049 32.567950 3.934476 -11.055730 -3.307015 -27.345397 -0.000002 -0.000000 0.000000 
18.537600 26.051968 -18.603653 -14.949577 -7.795595 -77.618345 -12.952791 3.452863 -20.038686 -1.084795 -0.175158 -2.112488 5.924473 -5.814583 7.369754 6.848190 7.908225 4.305855 -0.000000 0.000000 -0.000003 -17.022672 2.012522 4.036038 -13.447166 13.803072 24.500152 49.152848 7.367872 -13.311598 -0.000001 -0.000001 -0.000000 12.071248 -4.492126 -14.259080 8.748022 -11.797781 4.087046 -8.832619 -20.381247 22.737712 -0.000000 -0.000002 -0.000000 13.618773 14.501460 46.099139 -9.654510 -10.983981 48.927524 -8.141204 26.191243 12.271185 -0.000003 0.000003 -0.000001 13.552262 -1.686170 12.832497 42.375160 32.170614 5.779655 -9.430137 -3.255269 -28.607884 -0.000003 0.000000 0.000002 
18.718250 25.719604 -19.054749 -15.295671 -7.335951 -78.322681 -12.625818 3.555904 -20.540182 -1.893905 -0.561641 -2.706758 6.430243 -5.547460 7.692878 6.759643 8.224854 3.774254 0.000000 -0.000001 -0.000001 -17.026847 1.842500 3.957885 -13.311136 12.482900 23.230382 49.086749 8.182835 -11.752065 0.000001 -0.000000 0.000001 12.825070 -4.445151 -14.721624 7.585652 -11.147381 3.874444 -7.539337 -20.341613 23.800119 0.000000 0.000002 -0.000000 14.185759 14.629118 46.387831 -10.979630 -11.714860 49.399681 -7.712865 25.876068 12.373351 0.000004 0.000000 -0.000001 13.591322 -1.750195 13.025914 41.225188 31.609197 6.908246 -7.657135 -3.102414 -29.244059 -0.000003 0.000001 0.000001 
18.881035 25.386536 -19.519482 -15.583548 -7.174852 -79.040370 -13.071404 3.727352 -21.108561 -1.441697 0.077022 -3.454506 6.054768 -6.026289 8.097706 6.505828 7.940792 2.895896 0.000001 0.000002 0.000004 -17.332831 1.335189 4.195311 -13.152064 11.325461 21.588864 48.858840 9.231375 -10.115213 0.000001 -0.000002 -0.000000 13.455017 -4.358342 -15.114334 6.902389 -10.914364 3.397184 -5.903394 -20.143999 25.251233 0.000000 0.000002 0.000000 14.150072 15.120135 46.881107 -12.010586 -12.307201 49.708443 -8.318646 26.309733 12.277244 -0.000000 0.000003 0.000002 13.900052 -1.979097 13.153187 44.067052 32.546517 4.447648 -8.902603 -2.969264 -28.381594 0.000001 0.000002 0.000002 
19.045376 25.057777 -20.000250 -15.593069 -7.030758 -79.599626 -13.080645 3.877422 -21.631023 -2.291796 -0.599949 -3.503777 6.913331 -5.570958 7.910314 6.294286 7.373925 2.500706 0.000001 0.000001 0.000002 -17.690987 0.836975 4.369894 -12.837241 10.697411 20.422312 48.746958 10.045235 -8.869155 -0.000000 -0.000002 0.000000 13.751173 -4.159379 -15.428415 6.439406 -10.675635 3.258001 -5.557145 -20.406206 26.188188 -0.000000 -0.000002 -0.000000 14.347407 15.356514 47.259097 -12.592392 -12.570661 49.836530 -9.331988 26.298016 11.989739 -0.000001 0.000002 0.000002 13.656450 -1.988202 13.367531 42.042567 31.722725 6.385961 -7.060082 -2.641579 -29.374827 -0.000005 0.000006 0.000003 
19.211246 24.727936 -20.506138 -16.184960 -6.943302 -80.288833 -13.529066 4.040045 -22.126394 -1.235501 0.597822 -4.135914 5.798919 -6.547983 8.536940 6.218513 7.747062 1.590663 0.000001 -0.000001 0.000001 -18.383461 0.284938 4.503799 -12.152932 10.857153 19.166341 48.934142 11.842771 -7.383658 -0.000001 -0.000001 0.000000 14.016170 -3.810569 -15.742584 5.829114 -10.763595 2.996144 -4.084288 -21.119985 27.472534 0.000001 -0.000002 0.000000 14.269723 15.702410 48.057553 -13.634912 -13.119521 50.003668 -9.650151 25.793921 11.456597 0.000004 0.000002 -0.000003 13.595271 -1.953924 13.532002 42.398338 31.744267 5.921470 -6.770720 -2.698013 -29.559201 -0.000002 0.000000 0.000002 
19.350050 24.415039 -20.998405 -16.244130 -7.339796 -81.069093 -14.807037 4.223188 -22.227095 -0.508012 1.354244 -4.472013 5.576839 -7.288246 8.497321 6.106164 7.856589 0.619307 -0.000000 0.000001 0.000001 -18.738807 -0.305924 4.410733 -12.043864 10.687065 17.958654 48.219968 13.261266 -5.941883 -0.000000 -0.000002 0.000000 13.839856 -3.966699 -16.000568 5.814111 -11.069870 2.572131 -2.587688 -21.153692 27.805031 0.000000 -0.000002 -0.000000 13.786280 16.036646 48.570742 -14.336731 -13.533113 50.275472 -8.953608 25.740507 11.648864 0.000000 0.000005 -0.000005 13.318929 -1.982029 13.812237 44.475132 32.337100 3.970308 -7.942036 -2.765664 -29.045741 0.000003 -0.000001 -0.000001 
19.487494 24.126854 -21.489216 -16.065266 -7.174601 -81.640841 -14.934473 4.261669 -22.451103 -0.845626 1.163428 -4.562630 5.967142 -7.396618 8.341725 5.982701 8.129774 0.023366 0.000000 0.000002 0.000001 -18.930013 -0.552765 4.615171 -11.653538 10.319373 16.854578 47.198615 13.932271 -4.898789 -0.000001 -0.000002 0.000000 14.002783 -3.948992 -15.997083 5.281231 -10.772136 2.198208 -1.628847 -20.886766 27.746931 -0.000000 -0.000005 -0.000001 13.940588 16.174774 48.868422 -14.766802 -13.841371 50.476905 -8.619479 25.769493 11.769849 0.000002 0.000004 -0.000003 13.470778 -2.011197 14.164250 45.421099 32.588301 3.045812 -8.485692 -2.828714 -28.773258 0.000002 0.000000 -0.000001 
19.603428 23.826874 -21.987232 -16.229609 -7.030227 -82.055687 -14.740696 4.314906 -22.935567 -1.102778 0.988019 -4.595372 5.873136 -7.274215 8.204901 5.056083 7.930782 -1.048477 -0.000000 0.000003 0.000001 -18.811710 -0.645007 4.661588 -11.680623 9.314960 15.574332 46.148658 14.843470 -3.784254 -0.000000 -0.000001 -0.000000 13.988212 -4.129460 -15.891045 5.038253 -10.200666 1.773594 -0.585800 -20.639684 27.622298 0.000000 -0.000000 0.000000 13.909712 16.239220 49.159580 -13.636935 -13.135343 49.964934 -8.391335 26.141456 12.205267 0.000002 0.000003 -0.000001 13.958911 -2.096566 13.962102 45.932271 32.736246 2.366518 -8.573463 -2.997839 -28.412897 0.000001 0.000001 0.000002 
19.716486 23.531517 -22.483879 -16.734769 -7.040503 -82.817785 -15.117169 4.363678 -23.034697 -1.208390 0.753161 -4.142826 5.647253 -6.870411 7.743005 4.399674 8.590236 -2.521109 0.000001 0.000001 0.000002 -18.630167 -1.114697 4.840385 -11.060572 8.905115 14.526624 44.711982 15.209921 -2.958655 -0.000001 -0.000002 0.000001 14.415393 -3.853326 -15.850393 4.389653 -9.792974 1.870559 -0.012300 -20.277464 27.073675 0.000000 -0.000004 0.000001 14.118748 16.489318 49.694240 -12.455460 -12.451041 49.573202 -9.041711 26.602368 12.427963 0.000000 0.000004 -0.000003 13.890252 -2.080759 13.997791 45.140464 32.642061 3.307232 -7.662636 -2.919270 -28.953746 -0.000001 0.000001 0.000001 
19.821661 23.249737 -22.981873 -17.159098 -7.388352 -83.294410 -15.540992 4.386741 -23.022553 -1.140502 0.868801 -4.177135 5.301053 -6.701587 7.675703 4.029634 9.021850 -3.484130 0.000001 -0.000002 -0.000001 -18.512681 -1.324858 5.186062 -10.302357 8.193546 13.555356 43.414970 14.737798 -2.567133 -0.000001 -0.000004 0.000001 14.748057 -3.665730 -15.677231 3.522823 -9.157901 2.201712 -0.110553 -19.607007 26.367751 0.000000 -0.000000 0.000001 13.821547 16.708538 50.175816 -12.904790 -12.783761 49.753246 -7.502244 25.755330 12.403197 -0.000001 0.000005 -0.000001 13.426834 -1.967435 14.039009 43.798229 32.173531 4.472677 -6.335061 -2.770345 -29.681246 -0.000004 0.000001 0.000001 
19.911419 23.021103 -23.454334 -17.147060 -7.417160 -83.474733 -15.619830 4.407542 -23.076325 -0.553341 1.401958 -4.340770 4.550963 -7.376221 7.644433 3.654175 9.583538 -4.975793 0.000000 -0.000001 -0.000001 -18.148745 -1.315438 5.224305 -9.986416 7.948327 13.207088 42.213807 14.546039 -2.147712 -0.000001 -0.000002 0.000001 14.897850 -3.942340 -15.597087 2.915457 -8.458768 1.854100 1.095281 -18.943103 26.304998 0.000000 -0.000000 0.000001 13.696162 16.899063 50.291824 -12.588991 -12.605223 49.576573 -7.438535 25.860688 12.442112 0.000001 0.000006 0.000000 13.646114 -2.048940 13.982137 45.109619 32.523684 2.930006 -7.352195 -2.747973 -29.468277 -0.000003 0.000001 0.000000 
19.994181 22.809883 -23.935658 -17.245647 -7.450404 -83.391952 -15.308214 4.420271 -23.264261 -0.785964 1.471167 -4.844638 4.568034 -7.371319 8.006996 3.174202 9.846695 -6.599180 0.000000 0.000003 0.000001 -18.352894 -1.285597 5.190296 -10.088876 7.850245 13.168986 42.370372 14.754100 -1.886404 0.000000 -0.000002 0.000001 15.239002 -4.200058 -15.918169 2.598743 -8.436391 1.778867 1.725890 -19.072120 26.757790 -0.000000 -0.000004 0.000000 13.891242 16.892593 50.363493 -10.179996 -10.939130 48.275432 -9.223679 27.187725 12.883823 0.000001 -0.000001 0.000000 13.554452 -1.990296 13.978762 46.520446 32.923984 1.659124 -8.418424 -2.840152 -28.447618 -0.000005 -0.000000 0.000004 
20.070061 22.619705 -24.413387 -17.072859 -7.510323 -83.273407 -15.375003 4.502624 -23.516673 -0.644565 1.740070 -5.174139 4.612868 -7.672612 8.171933 2.719578 9.574861 -7.185350 0.000001 0.000001 0.000002 -18.408214 -1.211831 5.285706 -10.123389 7.615944 12.928712 42.328554 14.927215 -1.647674 0.000001 -0.000002 0.000000 15.371308 -4.370708 -16.015144 2.454729 -8.369913 1.744872 2.051488 -19.250347 27.190223 -0.000000 -0.000000 0.000002 13.703937 16.915363 50.344867 -9.349572 -10.416716 47.814493 -9.447923 27.215732 12.775309 -0.000000 0.000003 -0.000003 13.546362 -1.986619 14.022433 47.976895 33.325012 0.314825 -9.646350 -2.854586 -27.659105 -0.000003 0.000000 0.000002 
20.145214 22.445511 -24.880791 -17.427258 -7.705708 -83.476564 -15.616130 4.501132 -23.472304 -1.111190 1.433260 -5.232122 4.870196 -7.033084 8.189374 2.453331 9.771170 -7.826136 0.000000 -0.000002 -0.000001 -18.221814 -1.236607 5.514874 -9.823573 7.332350 12.637017 42.515967 14.424762 -1.889467 0.000001 -0.000001 0.000000 15.351999 -4.419617 -15.715019 1.801014 -7.993591 1.951686 2.091812 -18.809632 26.769827 -0.000001 0.000003 0.000002 13.658120 17.036385 50.656381 -7.314287 -9.162704 46.810080 -11.114209 28.417996 13.234058 0.000001 0.000002 -0.000001 13.247889 -1.900882 14.161405 47.243261 33.074392 0.966779 -8.736369 -2.708192 -27.545357 0.000003 0.000004 0.000001 
20.222681 22.271980 -25.346115 -17.515090 -7.545307 -83.433766 -15.972312 4.521794 -23.399077 -0.930355 1.650873 -5.363532 4.870291 -6.771551 8.197654 2.300691 10.089473 -8.472911 0.000001 0.000002 -0.000001 -17.943691 -1.250506 5.668107 -9.060184 7.148965 11.931976 41.105045 13.792175 -1.681633 -0.000000 -0.000001 -0.000000 15.289657 -4.455662 -15.460470 1.246129 -7.331652 1.861872 2.295007 -18.330730 26.998838 -0.000000 -0.000000 0.000001 14.064448 17.105372 50.466420 -8.051724 -9.602664 47.235184 -10.407053 28.069069 13.123226 0.000002 0.000003 -0.000001 13.223315 -2.007104 14.067999 44.844498 32.321818 3.234390 -6.790358 -2.394050 -28.629476 -0.000002 0.000003 0.000000 
20.293095 22.116589 -25.805206 -17.606689 -7.898805 -83.413897 -16.441761 4.607911 -23.512884 -0.735830 1.857936 -5.484169 4.689140 -6.655799 8.274172 2.338044 10.350242 -8.871562 -0.000000 0.000001 0.000001 -17.726687 -1.021880 5.648965 -8.939730 6.728057 11.498197 40.304396 13.504568 -1.534460 -0.000000 -0.000001 0.000000 15.207735 -4.650119 -15.405674 0.824482 -6.930896 1.789048 2.793219 -17.959730 27.156100 -0.000000 -0.000000 0.000000 13.845822 17.155089 50.489349 -7.298685 -9.155263 46.857813 -11.164381 28.679585 13.477404 0.000003 0.000002 -0.000001 12.957460 -1.983184 14.088936 45.561388 32.498221 2.572186 -7.101220 -2.257100 -28.297849 -0.000002 -0.000000 0.000000 
20.356468 21.949760 -26.257431 -17.289734 -6.938835 -83.453601 -16.236832 4.467312 -22.990482 -0.009326 2.480176 -5.595312 4.209502 -7.348833 8.186607 2.820074 11.332134 -9.816607 0.000001 0.000001 0.000002 -17.642522 -0.912473 5.309876 -7.692834 7.514391 11.021727 37.559866 12.973018 -1.571043 0.000001 -0.000001 0.000001 15.117463 -4.529873 -15.522209 0.058373 -7.364510 2.279079 3.637177 -17.245470 26.134394 0.000001 0.000001 0.000002 14.741053 17.044117 50.373089 -8.585428 -9.950506 47.789922 -9.108266 28.116139 13.773277 -0.000003 0.000004 0.000002 13.693950 -2.061919 14.101973 44.065252 32.204079 4.399450 -5.813037 -2.222363 -28.383527 0.000000 0.000001 0.000000 
20.419571 21.777405 -26.712975 -17.303716 -7.076539 -83.528508 -16.487151 4.475173 -22.832885 0.889396 3.114308 -5.410338 3.548284 -8.116310 7.911010 2.542691 11.265427 -10.664300 0.000000 0.000002 -0.000001 -16.949061 -0.827777 4.897293 -7.755770 7.035608 10.980315 36.694372 11.596848 -2.366255 0.000001 -0.000001 -0.000001 15.170127 -4.448860 -15.563469 -0.196186 -7.501667 2.605866 3.016489 -16.480574 25.424925 -0.000000 -0.000000 -0.000000 14.580910 17.011127 50.324574 -9.421729 -10.430883 48.149729 -6.546105 27.466626 14.238063 -0.000001 0.000003 0.000002 13.282727 -1.957278 14.246753 41.244866 31.327103 7.352191 -3.626945 -2.139815 -29.603969 0.000003 0.000002 0.000002 
20.474777 21.635571 -27.148701 -17.053162 -6.513394 -83.349331 -16.036598 4.429390 -22.917894 1.177443 3.160484 -5.010986 3.256213 -8.398763 7.345593 3.116245 12.086036 -11.062426 0.000000 0.000001 0.000002 -16.508687 -0.770601 4.686232 -7.141453 6.956971 10.645278 34.483043 10.320447 -3.103508 -0.000000 -0.000002 0.000001 14.936135 -4.647490 -15.405850 -0.245753 -7.038918 2.364496 3.040343 -16.020637 25.085629 -0.000001 0.000003 0.000000 15.252434 16.801767 49.871507 -11.465150 -11.719228 49.182830 -4.191873 26.686649 14.550922 -0.000002 0.000004 0.000000 13.757178 -2.049139 14.109523 38.332869 30.150299 10.169949 -1.683128 -2.106436 -30.858351 -0.000003 -0.000002 0.000004 
20.514374 21.512543 -27.555508 -16.100009 -5.932091 -82.994803 -15.392205 4.520637 -23.401756 1.027483 2.532713 -4.058415 3.526109 -8.486415 6.503199 3.468095 12.323109 -12.130611 0.000001 0.000001 0.000002 -15.469707 -0.343440 3.894380 -5.901073 6.791360 8.886842 29.210609 9.555252 -2.646576 0.000001 -0.000001 -0.000001 14.135022 -4.330801 -15.125966 -0.796551 -7.287476 2.438050 3.995068 -14.885352 23.069346 -0.000001 -0.000000 0.000000 15.811837 16.600396 49.153166 -15.590117 -14.454905 51.183423 -0.684445 24.869497 14.737964 -0.000003 0.000002 0.000004 14.168552 -2.288544 14.140306 35.143488 28.704041 13.727770 0.220065 -1.868236 -32.555861 -0.000003 -0.000003 -0.000003 
20.541868 21.408867 -27.984154 -16.861266 -6.118361 -82.801755 -15.956480 4.775124 -23.808093 1.380510 2.522470 -4.039499 3.312723 -8.277080 6.481980 3.380569 11.783309 -13.434180 -0.000000 0.000001 0.000002 -14.716580 -0.097275 2.482392 -4.064782 8.850499 7.302983 25.860182 10.188214 -1.673170 -0.000001 -0.000001 -0.000000 12.638056 -3.229703 -14.879687 -1.429904 -9.397942 2.550754 5.226228 -14.514611 22.033782 -0.000001 -0.000002 0.000001 15.636149 16.958834 49.033918 -19.386307 -16.672092 51.664022 5.037966 23.346454 15.800854 0.000000 0.000006 -0.000008 13.342506 -2.480985 14.142960 29.761877 25.583170 18.683764 5.328576 -1.842997 -33.340093 -0.000001 0.000002 0.000002 
20.537102 21.378155 -28.352207 -17.225153 -6.449819 -82.766641 -16.499702 4.925377 -23.833616 1.144169 2.218764 -4.061052 3.505671 -7.563849 6.501400 3.717203 11.972238 -13.950622 -0.000000 0.000002 0.000001 -13.795531 -0.379416 1.045692 -3.470367 9.383090 5.732442 22.092921 10.823322 -0.541063 0.000000 -0.000001 0.000000 11.428511 -3.211422 -14.847248 -0.887125 -10.485230 1.970276 7.079278 -14.123712 20.853846 -0.000001 0.000005 0.000001 15.291569 17.147468 49.121928 -23.153318 -19.068075 52.380919 7.555231 25.846874 18.268239 -0.000004 0.000001 -0.000003 13.077130 -2.569282 13.939081 28.056023 24.724433 21.004968 7.195587 -1.874282 -31.311640 -0.000002 0.000004 0.000001 
20.438787 21.455616 -28.679543 -18.501348 -5.347971 -83.519212 -17.522261 4.627154 -22.265196 1.681354 3.254394 -5.279399 3.655046 -6.978630 7.328565 3.503826 12.467663 -15.055829 -0.000001 0.000000 0.000001 -13.032739 -0.765535 0.403137 -2.222881 8.394063 3.628694 17.020253 9.940741 -1.022483 -0.000000 -0.000001 -0.000002 9.459973 -2.055811 -13.099619 -1.889374 -6.925823 -1.143576 8.397802 -13.080475 18.049222 -0.000002 -0.000000 0.000001 15.502255 17.855610 50.996733 -29.546746 -22.915836 52.534981 8.224104 27.585790 19.697038 -0.000002 0.000000 0.000004 14.941609 -2.579868 14.826990 27.430120 24.332327 21.291499 10.609279 -1.752166 -29.536170 -0.000000 0.000002 0.000002 
20.338978 21.454151 -29.037270 -17.817228 -5.794546 -84.893992 -16.946394 3.821653 -19.709780 0.587850 3.318683 -7.483002 5.121128 -7.126303 7.795400 2.660974 12.305113 -15.842482 -0.000000 -0.000001 -0.000001 -11.778409 -2.622675 0.689398 -1.468707 5.316059 -0.365566 14.575782 9.503909 -0.197702 -0.000002 -0.000004 -0.000001 8.783093 -0.038585 -11.659556 -4.096389 -3.246032 -3.268288 1.655731 -11.243006 11.707059 0.000003 0.000000 -0.000001 15.164401 18.573409 52.104112 -33.185297 -25.622715 53.032433 10.406148 29.394580 21.252362 -0.000001 -0.000002 -0.000002 15.089182 -2.508868 16.260589 27.234105 24.636513 22.211468 9.919516 -1.855981 -30.705843 -0.000000 0.000001 0.000004 
20.251274 21.391113 -29.411907 -18.337682 -6.671232 -85.693158 -16.930371 3.332183 -17.678031 -0.377775 3.383212 -9.439107 6.132125 -6.687831 8.200350 2.424642 12.402978 -16.249554 0.000000 0.000000 0.000007 -10.971131 -3.625559 0.396823 -1.014565 2.681937 -4.995337 12.506159 11.128159 3.615494 0.000001 -0.000001 -0.000001 7.802356 1.646237 -10.719768 -6.334933 -0.828449 -5.429952 -1.348305 -9.921844 7.764152 0.000001 -0.000004 0.000000 15.618329 19.097052 52.570187 -33.159691 -26.061487 53.540654 11.424584 31.263504 22.307131 -0.000002 -0.000001 0.000000 14.204285 -2.506841 16.629243 28.007939 25.565695 22.084114 9.815879 -2.186204 -31.629947 -0.000008 0.000002 0.000006 
20.299341 21.307327 -29.826641 -20.189785 -4.660160 -85.682012 -15.997155 2.932738 -16.474831 -1.780221 3.470617 -12.050285 6.559347 -4.641493 9.360285 2.144366 12.142609 -16.047196 0.000001 0.000001 -0.000001 -9.488553 -4.136894 0.179725 1.191471 -0.113666 -10.822976 10.074936 10.874308 5.366025 0.000001 -0.000001 -0.000002 8.123838 4.075346 -10.086556 -9.586427 2.649147 -7.801978 -1.534477 -8.475530 3.988104 0.000000 -0.000003 -0.000003 17.999574 19.533361 52.706920 -35.651853 -27.683617 53.672296 13.191407 31.001320 22.507779 -0.000000 0.000003 0.000002 16.179053 -3.339982 15.578415 30.356209 27.331871 21.204869 9.291608 -2.096229 -30.205098 -0.000004 -0.000000 0.000002 
20.338894 21.340557 -30.235592 -21.342739 -2.190321 -85.837385 -15.307321 2.776496 -15.802280 -4.120540 3.849007 -16.056537 8.849451 -3.138068 12.665185 1.728559 12.622602 -16.952709 0.000000 0.000001 0.000002 -9.233725 -6.122582 -0.260934 0.454851 -6.709729 -20.335382 11.037533 11.436789 3.637300 -0.000000 -0.000002 -0.000004 8.904900 5.629169 -10.767490 -10.455665 4.882037 -10.226676 -0.427545 -12.596307 12.014403 -0.000001 -0.000002 0.000002 18.515239 19.724972 54.204709 -35.657863 -27.084722 52.407779 10.263928 29.877556 20.959955 0.000002 0.000001 0.000000 18.769210 -3.244035 16.382386 32.698725 28.695821 18.393092 8.552304 -1.922192 -24.481034 0.000000 0.000003 -0.000001 
20.319342 21.355797 -30.608959 -21.800222 -1.615204 -84.610737 -15.514375 2.994049 -16.599632 -4.449829 4.201018 -17.239049 9.569445 -2.775450 13.353983 1.500083 13.489834 -17.935465 -0.000000 -0.000000 0.000001 -9.471901 -7.440667 -0.341618 -1.264810 -11.352128 -27.024673 9.686135 10.611174 0.921056 -0.000000 0.000004 -0.000004 9.344505 7.279527 -11.135132 -8.461252 6.907549 -13.169050 3.521985 -14.863335 17.358538 0.000001 -0.000002 -0.000001 18.426891 19.047495 53.371399 -37.337277 -27.944474 52.014237 10.632879 28.401877 20.242107 -0.000001 0.000003 0.000002 19.166192 -3.447008 14.707241 33.339840 29.013564 17.607517 7.920228 -1.797846 -21.550731 -0.000002 0.000004 0.000001 
20.264158 21.366699 -30.953728 -21.439576 -2.923572 -84.264419 -14.393982 3.060199 -17.536181 -4.373616 4.482276 -17.762318 9.906511 -4.906946 13.918677 0.765648 13.285285 -18.202808 -0.000000 0.000002 0.000001 -9.286977 -9.262342 0.352852 -6.569506 -15.447038 -31.002095 3.541361 9.454061 0.203168 0.000001 -0.000001 0.000000 12.120960 8.729210 -12.296822 -8.161659 12.447792 -17.606566 -4.007997 -16.690733 19.518259 -0.000002 0.000005 0.000000 16.114781 18.762303 53.012821 -35.122021 -26.590304 52.016183 11.252155 28.419618 20.382374 -0.000001 0.000003 0.000002 18.440747 -3.391465 14.074393 38.813127 31.507939 11.944814 2.959178 -2.263197 -18.909363 -0.000000 0.000001 0.000000 
20.199795 21.415089 -31.281303 -22.138339 -3.594385 -84.443357 -13.606317 3.170168 -17.743436 -5.557206 4.063294 -18.618582 10.897058 -4.718414 14.657238 0.806937 13.455263 -18.849495 0.000000 0.000001 -0.000001 -9.681535 -10.879589 0.003030 -11.533811 -17.248838 -33.632029 -1.783041 9.462208 -1.279458 0.000001 -0.000001 -0.000002 14.351307 10.385488 -14.186540 -6.906692 16.446785 -22.739163 -9.545733 -18.636234 19.903446 -0.000000 0.000003 0.000000 14.644248 19.024312 53.945083 -32.164300 -24.548776 51.467702 11.480332 28.593281 20.391707 0.000002 0.000002 -0.000003 18.411173 -3.336200 14.217493 43.843104 33.455544 6.947472 -0.684068 -2.925063 -16.970122 -0.000001 -0.000003 0.000001 
20.150368 21.476433 -31.593010 -22.514923 -4.052452 -84.360349 -13.293010 3.326841 -18.020187 -4.302889 4.659269 -18.752066 9.998664 -5.662039 14.368324 0.716097 13.040674 -18.785860 0.000000 0.000000 -0.000001 -9.573728 -12.401490 -0.867217 -15.141462 -17.266606 -35.781435 -4.843636 10.802987 -2.191139 0.000002 0.000003 0.000001 15.344373 11.821742 -15.456443 -5.547574 17.900222 -26.905246 -7.025825 -19.905639 21.084850 -0.000001 -0.000002 -0.000002 13.808678 19.548686 54.214131 -29.460201 -22.840525 51.121254 10.591494 29.187939 20.209990 -0.000001 0.000001 0.000002 17.837761 -3.603314 14.459399 47.109003 34.521576 3.796705 -2.677454 -3.311089 -15.911154 -0.000000 0.000001 0.000000 
20.140347 21.499619 -31.930668 -21.318240 -3.063505 -84.406761 -10.578655 3.175974 -17.755627 -6.427106 3.210660 -18.776026 11.392112 -4.849399 13.947923 1.568304 13.361076 -20.162344 0.000000 -0.000001 0.000001 -9.480320 -13.711297 -2.139814 -19.812717 -17.662787 -38.162538 -9.648925 12.776717 -1.506117 -0.000001 0.000001 0.000001 16.568613 12.752441 -17.180607 -4.545867 18.324356 -29.913333 -9.167264 -19.992778 15.907960 0.000000 -0.000002 0.000002 14.073112 19.247449 54.089115 -26.890207 -21.211217 50.928537 9.054217 30.013545 20.475700 -0.000000 0.000005 -0.000001 18.065970 -3.390842 15.428296 45.842963 33.985915 4.418821 -1.808818 -3.227243 -15.976019 0.000003 -0.000001 0.000004 
20.124628 21.523918 -32.276428 -22.097066 -3.352539 -84.921026 -9.964143 3.113156 -17.531023 -6.871733 3.409506 -19.928767 11.659147 -4.542927 15.066655 1.667777 12.893537 -20.212811 0.000001 0.000001 0.000001 -9.743415 -14.229004 -2.378491 -22.113743 -18.330884 -40.697382 -15.782329 12.778163 -2.805697 -0.000000 0.000004 -0.000001 18.153555 12.759096 -18.554701 -3.523413 20.038390 -32.811061 -8.484743 -18.576260 10.209514 0.000000 0.000003 -0.000001 13.398465 19.557533 54.987428 -23.554392 -18.943299 50.159967 6.983274 31.659805 20.996999 -0.000001 0.000003 -0.000001 17.770890 -3.146349 15.688979 49.929885 34.985404 0.297003 -3.467548 -3.312647 -13.373668 -0.000000 0.000002 0.000002 
20.126192 21.547333 -32.611954 -22.069185 -3.316823 -84.919537 -9.930785 3.210061 -18.048749 -7.943863 2.203553 -18.936623 12.326541 -3.381971 14.185797 2.212193 12.385876 -19.607187 0.000000 0.000003 -0.000001 -9.756402 -14.602091 -2.287807 -22.173442 -18.895498 -42.564168 -20.414517 12.261178 -4.408685 -0.000000 -0.000001 0.000001 19.101548 12.784953 -19.240378 -4.575744 21.632415 -33.492396 -8.514397 -15.606400 2.235967 -0.000001 -0.000002 -0.000001 13.755157 19.467747 54.865523 -23.075642 -18.675796 50.237568 6.378182 31.869198 21.000921 -0.000001 0.000001 0.000000 17.236932 -2.979664 15.657947 47.759367 34.461132 2.412178 -1.197835 -2.786263 -13.556473 0.000000 -0.000003 -0.000002 
20.140553 21.559021 -32.961349 -22.530200 -3.518815 -84.876964 -10.240696 3.404822 -18.965134 -7.658625 2.300983 -18.828777 12.173489 -3.753525 14.729633 3.167924 12.541388 -19.415004 0.000001 -0.000000 -0.000003 -9.500597 -15.211675 -2.206183 -25.569862 -19.654742 -43.848981 -23.882007 11.790162 -5.335622 0.000001 0.000003 -0.000000 19.477652 12.983224 -19.548606 -5.845383 23.515839 -34.164306 -9.468531 -12.266569 -6.174637 0.000001 -0.000002 -0.000001 13.688114 19.593815 54.941140 -22.958854 -18.469277 50.240433 6.056497 31.862511 21.135259 -0.000002 0.000003 -0.000003 16.881434 -3.081114 15.642919 50.732699 34.930113 -0.309958 -2.682499 -2.482025 -12.195269 -0.000001 -0.000000 0.000002 
20.185898 21.566265 -33.306938 -22.719680 -3.094182 -84.711100 -10.462952 3.593578 -19.736825 -5.686285 3.124250 -17.865389 10.725045 -5.276050 14.274092 3.871321 13.168584 -18.481153 0.000000 -0.000000 0.000002 -9.303509 -16.099372 -2.407977 -27.346133 -19.533578 -45.104472 -17.920617 12.728320 -9.668333 -0.000000 -0.000001 -0.000000 19.661386 13.660372 -19.931201 -6.424395 25.450924 -36.319695 -9.864578 -8.470049 -17.113659 -0.000001 -0.000000 0.000001 14.346841 19.534732 54.751544 -22.868045 -18.481595 50.265391 5.320917 31.725819 20.830576 0.000001 0.000003 0.000002 17.092135 -3.197012 15.653687 51.229014 35.154424 -0.591535 -3.140000 -2.668817 -11.230004 -0.000002 -0.000000 0.000004 
20.240131 21.520645 -33.688759 -22.803065 -3.626405 -84.668159 -11.247890 3.751784 -20.038428 -5.481314 3.322969 -17.905956 10.965345 -5.141504 14.574871 4.033478 13.508775 -18.118875 0.000001 0.000001 0.000004 -9.500371 -16.082452 -2.552612 -28.929714 -19.992882 -47.361208 -13.102075 12.930702 -12.308800 -0.000000 0.000004 -0.000002 20.041887 13.506757 -20.440492 -6.708246 26.123722 -37.434747 -9.731491 -5.240714 -25.975961 0.000001 -0.000002 0.000000 13.920002 19.393168 54.671621 -23.117050 -18.654927 50.322850 5.418261 31.371445 20.512969 -0.000001 0.000004 -0.000003 16.645917 -3.150431 15.532496 52.984281 35.456875 -2.408487 -4.578470 -3.111159 -10.295494 -0.000002 0.000002 0.000002 
20.286913 21.441261 -34.089642 -21.489134 -3.143650 -84.608552 -10.384616 3.649870 -19.939409 -6.467320 3.158348 -18.658779 12.633003 -5.945816 15.229841 3.854651 13.597602 -18.705885 -0.000000 0.000000 -0.000003 -9.765776 -16.310736 -1.958212 -32.263963 -21.538650 -49.965921 -10.906107 11.914007 -13.950804 0.000002 -0.000001 -0.000001 19.974857 12.942957 -19.997399 -5.075898 29.106168 -39.854844 -8.939177 -1.705945 -33.669978 -0.000001 0.000002 -0.000000 14.251660 19.105315 54.059110 -25.016568 -19.943729 50.901397 5.469026 31.397225 20.722423 -0.000001 0.000003 -0.000005 17.256639 -3.114461 15.808485 50.122527 34.583782 -0.106396 -3.155159 -2.625497 -11.423970 -0.000001 -0.000000 0.000000 
20.355928 21.415028 -34.457336 -21.441173 -3.468743 -84.384248 -10.681957 3.983756 -21.030820 -6.797822 2.931553 -18.524380 13.513419 -6.268319 15.663376 4.138064 13.626206 -18.122797 -0.000000 0.000000 -0.000001 -10.526023 -16.737425 -2.205918 -34.714723 -21.970273 -51.877141 -8.799055 12.004618 -13.543674 0.000004 -0.000001 -0.000000 19.730955 13.384162 -20.194310 -5.024537 30.393519 -41.532594 -9.542776 0.866130 -39.189416 0.000000 0.000001 0.000001 13.798232 18.831721 53.851841 -22.821387 -18.566705 50.457934 3.556433 32.370650 20.714577 -0.000002 0.000002 -0.000001 16.697767 -2.958461 15.450600 49.573462 34.543651 0.217737 -3.059367 -2.950364 -11.322530 0.000004 0.000000 -0.000001 
20.425407 21.447414 -34.785931 -21.843225 -3.799853 -83.952403 -10.936240 4.379956 -22.636695 -6.387670 2.875483 -17.767494 13.479330 -7.444753 15.556628 4.298126 13.554775 -17.253954 0.000001 0.000000 -0.000003 -11.012076 -17.572685 -2.154367 -36.641438 -21.891393 -52.805596 -7.359982 12.257868 -13.259501 -0.000003 0.000003 0.000002 18.881235 13.674992 -19.778771 -5.439996 31.337850 -42.825774 -11.165026 2.508732 -42.077401 -0.000002 0.000002 0.000000 13.740399 18.768861 53.677716 -20.829184 -17.258307 49.837544 2.382417 32.787025 20.539962 0.000000 0.000002 0.000004 16.161636 -3.007868 14.753943 50.255702 34.807105 -0.326505 -3.869063 -3.320797 -10.767317 -0.000001 0.000002 -0.000001 
20.504040 21.467697 -35.117241 -21.985208 -4.672313 -84.000289 -11.685620 4.629434 -23.473649 -6.862454 2.192907 -16.985724 13.793325 -7.588885 15.152302 4.853799 13.914715 -16.809051 -0.000001 -0.000002 -0.000001 -11.229578 -17.633388 -1.811249 -39.079863 -22.328095 -53.219663 -9.067852 12.042490 -11.148291 -0.000001 -0.000001 0.000001 18.748275 13.753293 -19.585038 -4.833862 32.637987 -44.172975 -10.663257 3.596698 -44.450079 -0.000001 -0.000004 0.000002 13.028260 18.706473 53.687735 -17.841718 -15.328497 48.849151 0.617239 33.588654 20.452923 -0.000002 0.000003 0.000000 15.025260 -2.771490 14.778456 49.598853 34.677731 0.217477 -3.761378 -3.457986 -10.850642 0.000002 0.000002 0.000002 
20.594561 21.518959 -35.407330 -21.673792 -4.770443 -83.757121 -11.872918 4.805281 -24.068736 -6.146104 2.198993 -16.172408 13.341001 -8.460978 14.606672 5.251189 13.353202 -16.403253 -0.000000 -0.000001 -0.000001 -11.633481 -17.626398 -2.626440 -39.740547 -21.375468 -53.553662 -10.180184 14.124062 -7.843356 -0.000001 0.000001 -0.000000 17.972345 14.175355 -19.680558 -5.517452 32.301846 -44.944434 -13.731725 4.320341 -45.422950 -0.000001 0.000000 -0.000002 13.389224 18.420957 53.191539 -17.027243 -14.854340 48.736644 -0.376561 34.072604 20.483249 -0.000000 -0.000001 0.000002 14.613026 -2.686099 14.637789 47.453894 34.212995 2.225829 -2.517762 -3.268051 -11.240068 0.000001 0.000001 0.000001 
20.668423 21.606384 -35.654285 -21.375514 -5.166976 -83.533596 -12.071109 4.932510 -24.500734 -5.913544 1.749544 -15.013340 12.882651 -9.004243 13.419570 5.786148 13.592940 -16.110675 0.000000 -0.000001 0.000001 -11.649097 -17.856536 -3.051865 -41.034455 -21.242081 -54.889562 -11.540282 15.164909 -5.104620 0.000002 -0.000006 0.000002 17.428558 14.308083 -19.593169 -6.100441 32.923366 -45.624800 -15.656653 5.057127 -46.148713 -0.000001 -0.000004 0.000001 13.594598 18.259742 52.789221 -16.173639 -14.385109 48.857883 -0.790959 34.346754 20.578923 -0.000004 0.000003 0.000002 14.095985 -2.678515 14.449035 46.206182 33.910568 3.584748 -2.101276 -3.272209 -11.088783 -0.000002 0.000005 0.000004 
20.716038 21.681683 -35.896801 -21.599695 -5.474773 -83.283283 -12.294981 4.927643 -24.452615 -5.245740 2.037992 -14.531277 12.232667 -10.238381 12.651353 5.838628 13.598085 -16.200073 -0.000000 0.000001 0.000002 -11.613450 -18.163720 -2.338356 -44.339478 -22.016910 -56.061523 -13.721414 14.289842 -4.159576 -0.000001 -0.000001 0.000000 17.044175 13.744626 -18.813196 -5.849830 33.468306 -44.963327 -9.412137 4.239866 -49.297440 -0.000003 -0.000004 -0.000001 13.355034 18.305873 52.601865 -15.764884 -14.134014 48.846012 -1.356186 34.143760 20.484666 -0.000001 0.000001 0.000000 14.285650 -2.852091 13.919860 49.066484 34.630610 1.062876 -3.779761 -3.196563 -10.259018 -0.000000 0.000003 0.000001 
20.757210 21.703026 -36.180824 -22.097127 -5.521459 -83.598428 -12.741266 4.723946 -23.442002 -4.922134 2.841054 -16.066562 12.338763 -10.507615 13.824542 5.321679 13.100789 -16.917842 0.000000 -0.000001 0.000002 -12.005265 -18.409076 -2.376342 -44.953604 -21.614019 -55.625535 -16.610856 14.632888 -3.939143 0.000000 -0.000003 -0.000002 16.622452 14.172905 -18.568544 -6.631983 32.465194 -44.151415 -3.250946 1.651372 -52.104153 -0.000000 -0.000003 -0.000004 13.280998 18.599406 53.092334 -15.196344 -13.713200 48.476953 -1.399018 34.557260 20.581962 -0.000001 -0.000003 -0.000000 14.527134 -2.910225 13.986013 51.572904 35.223142 -1.278991 -5.010664 -3.484758 -9.384964 0.000003 -0.000001 -0.000001 
20.788219 21.728527 -36.458786 -22.060749 -5.038009 -84.010480 -12.312048 4.489912 -22.701834 -5.467447 2.634227 -16.353981 12.363097 -9.912747 13.831312 4.945513 12.842208 -16.871855 -0.000000 0.000003 0.000000 -11.830022 -18.547536 -1.747952 -46.191996 -22.052219 -56.232042 -20.003281 14.382505 -1.292194 0.000002 -0.000003 -0.000000 16.430537 14.552983 -17.827207 -7.196153 33.827400 -44.054703 2.940753 -0.843732 -54.286238 -0.000002 -0.000000 0.000002 13.597607 18.862163 53.533633 -13.331776 -12.621682 47.828796 -2.230563 35.859306 21.195042 -0.000002 0.000003 -0.000003 15.004519 -2.809686 14.602598 50.312738 35.053190 -0.197948 -3.811400 -3.336773 -10.157328 0.000001 0.000004 -0.000001 
20.808418 21.807407 -36.695171 -21.968945 -4.561791 -84.243642 -12.230085 4.320566 -22.068355 -5.899181 2.257758 -16.265395 12.292490 -8.738119 13.478931 4.708675 12.420627 -16.810011 -0.000000 0.000002 0.000004 -11.836736 -19.271440 -1.929695 -46.185131 -21.916151 -55.806962 -23.516568 14.384699 1.162835 0.000002 -0.000002 0.000001 15.805053 15.882761 -17.216019 -7.450581 34.554473 -44.592201 7.741435 -3.256835 -55.645329 0.000001 -0.000002 0.000005 13.979085 18.933612 53.737446 -14.131201 -13.147501 48.121879 -1.651942 35.931354 21.286582 -0.000001 0.000003 -0.000001 15.411313 -2.706943 15.037836 47.494537 34.443882 2.396506 -1.566445 -3.042694 -10.652113 0.000001 0.000007 0.000003 
20.822388 21.873043 -36.931267 -21.422574 -3.919244 -84.276181 -12.205600 4.242862 -21.501635 -5.084544 2.832211 -16.331276 11.663147 -8.601743 13.406247 4.620967 12.346135 -17.126097 -0.000001 0.000002 -0.000001 -12.323528 -19.996463 -1.762131 -46.813826 -21.477856 -55.141275 -25.459441 14.656814 3.299275 0.000003 0.000001 -0.000000 15.651921 17.134160 -17.031476 -6.762027 33.795803 -45.187360 9.863002 -5.150642 -55.133550 -0.000003 -0.000000 -0.000001 14.482081 19.062862 53.617811 -17.446680 -15.209658 49.181081 0.410704 35.108719 21.026051 0.000001 0.000003 0.000002 16.103073 -2.932449 15.412622 45.317171 33.715538 4.284557 0.660243 -2.663826 -11.455177 0.000005 0.000002 -0.000001 
20.841719 21.965858 -37.136631 -21.130998 -3.226479 -83.993650 -11.772615 4.251978 -21.726745 -5.192098 2.473136 -15.681382 11.279967 -8.081153 12.779193 5.189304 12.707630 -17.197935 0.000000 -0.000001 -0.000001 -12.090143 -20.021747 -1.616500 -47.563983 -21.592142 -55.218856 -26.628739 14.350303 4.805316 0.000001 -0.000000 0.000003 16.158899 18.036221 -17.217607 -6.104173 33.448167 -45.278567 11.203336 -6.282320 -54.212123 -0.000004 0.000002 -0.000000 15.291052 19.019656 53.241386 -20.178233 -16.893986 49.973615 2.089827 34.094877 20.743595 -0.000002 0.000003 -0.000001 16.842881 -3.198907 15.273141 43.794681 33.020345 5.654831 1.695414 -2.189614 -12.606802 -0.000003 0.000001 0.000000 
20.871504 22.057510 -37.333145 -20.935870 -2.956257 -83.870891 -11.394029 4.234830 -21.811627 -5.197824 2.464219 -15.558302 10.488281 -7.332456 12.646877 5.130148 12.279593 -16.635493 0.000001 -0.000002 0.000002 -11.952900 -20.572187 -1.227967 -49.463178 -21.966985 -55.136917 -26.863976 13.709361 6.520295 0.000002 -0.000001 -0.000000 15.873595 19.150669 -16.568751 -4.656667 33.664773 -46.077354 13.143465 -7.096065 -52.400371 -0.000002 -0.000002 -0.000002 15.592979 18.928496 52.973988 -20.820860 -17.374318 50.431183 2.099728 34.139509 20.837104 -0.000001 0.000002 -0.000001 17.140725 -3.276494 15.326260 43.585978 32.804828 5.805387 2.264940 -1.847406 -11.451174 -0.000006 0.000000 -0.000001 
20.895239 22.124168 -37.531513 -20.334013 -2.650999 -83.830491 -11.369523 4.216829 -21.840908 -4.774148 2.643945 -15.158519 10.217487 -7.494557 12.357737 4.984515 12.332675 -16.603964 -0.000000 0.000000 -0.000001 -11.913680 -20.799304 -0.930101 -50.102054 -22.417299 -55.085653 -28.211475 13.027748 7.947292 0.000000 -0.000001 -0.000001 16.022584 19.391600 -16.303417 -3.279032 34.224285 -46.924270 13.878307 -7.708610 -49.213077 0.000001 -0.000001 0.000004 15.560972 18.877806 52.851293 -21.980329 -18.154264 50.864999 2.336489 33.323643 20.384898 -0.000003 0.000003 -0.000001 17.357946 -3.300350 15.482157 42.522033 32.304459 6.610180 2.625175 -1.757766 -11.872587 0.000001 0.000001 0.000001 
20.916578 22.179192 -37.734047 -20.140469 -3.200198 -83.892427 -11.595240 4.233674 -21.802859 -5.521177 2.268261 -15.399691 10.853959 -6.550377 12.651318 4.685917 12.339251 -16.963183 -0.000000 -0.000001 0.000002 -11.935798 -20.973318 -0.964986 -50.813684 -22.536055 -55.729522 -28.890594 13.015055 8.823136 0.000001 -0.000001 -0.000001 15.792442 19.321244 -16.135866 -2.720906 34.281894 -47.251293 13.920644 -8.115971 -46.923505 -0.000000 -0.000002 -0.000002 14.807331 18.827418 52.913455 -21.957410 -18.099928 50.785291 2.208657 33.024497 20.254405 -0.000002 0.000005 -0.000001 16.613778 -3.149081 15.649324 42.499797 32.211995 6.491434 2.454904 -1.809446 -11.951768 -0.000000 0.000001 0.000001 
20.936724 22.249031 -37.920837 -19.812724 -3.379985 -83.739717 -11.612490 4.304508 -22.292240 -4.859257 2.505483 -14.853136 10.296196 -7.118675 12.460047 4.416717 12.412609 -16.726230 -0.000000 -0.000001 0.000002 -11.511136 -21.230948 -0.530833 -52.292126 -23.089316 -56.817666 -30.212836 12.283942 10.259123 -0.000001 -0.000002 0.000001 16.119979 19.684508 -15.792243 -1.115554 34.852840 -48.401739 14.824029 -8.590017 -43.808048 -0.000001 -0.000000 0.000001 14.997388 18.688931 52.649311 -19.716700 -16.691767 50.266033 0.830227 34.086370 20.632844 -0.000003 0.000005 -0.000001 16.383052 -3.065461 15.698025 41.991931 32.088946 6.861261 2.084759 -2.012991 -12.292111 0.000002 0.000007 0.000003 
20.968409 22.295956 -38.115108 -19.804091 -3.112503 -83.768561 -11.697088 4.254868 -22.211832 -4.464776 2.743590 -14.741445 9.840605 -7.067271 12.470741 3.906028 12.277922 -16.716955 -0.000000 -0.000001 0.000002 -11.224525 -21.322956 -0.208289 -53.246314 -23.640700 -57.450347 -31.863382 11.470028 11.403548 -0.000002 0.000001 -0.000001 16.759775 19.795196 -15.864072 0.894984 34.869574 -49.287089 14.329346 -8.575192 -39.989419 -0.000002 -0.000002 -0.000002 15.395475 18.716501 52.561892 -18.672178 -16.100248 49.989314 0.351243 34.144054 20.431616 -0.000003 0.000002 -0.000001 16.698641 -3.055768 15.835367 40.776776 31.726365 7.865984 2.466053 -2.207642 -13.178726 -0.000000 0.000003 -0.000001 
20.989431 22.325478 -38.315521 -19.771168 -3.234155 -83.944876 -11.739639 4.237493 -22.074721 -4.985092 2.358478 -14.807864 10.308046 -6.518518 12.579458 3.747321 12.151137 -16.913642 0.000000 -0.000001 -0.000001 -11.391141 -21.214965 -0.292414 -53.102870 -23.617346 -57.587791 -32.684443 11.389687 11.491535 0.000001 -0.000001 -0.000001 16.832687 19.391911 -16.018680 1.238495 34.288656 -49.275355 12.960866 -8.720082 -37.603552 -0.000001 -0.000004 0.000000 15.199287 18.769169 52.681990 -18.993002 -16.325303 49.998754 1.130604 33.866537 20.285276 -0.000002 0.000000 -0.000001 16.684528 -2.942306 16.063963 40.414209 31.636036 8.039337 2.275210 -2.405088 -13.683362 -0.000001 0.000001 0.000001 
21.011311 22.403286 -38.478916 -19.873955 -3.298086 -83.924754 -11.985742 4.312185 -22.362403 -4.090638 2.731749 -14.175525 9.470009 -7.005003 12.130572 3.721035 12.121216 -16.250229 -0.000001 -0.000002 0.000002 -11.235348 -21.299388 -0.171580 -53.646283 -23.597684 -57.916090 -32.692564 11.632265 12.572233 0.000001 -0.000002 0.000000 16.646330 19.180862 -15.809895 1.347768 33.809453 -48.815348 12.551212 -9.138158 -35.980545 -0.000001 0.000003 -0.000001 15.318297 18.717438 52.713088 -20.405142 -17.341113 50.429086 2.290786 32.807946 19.713731 -0.000006 0.000003 -0.000001 16.545614 -2.851487 15.961088 39.850343 31.470605 8.539146 2.361717 -2.390486 -13.045438 0.000002 0.000003 0.000001 
21.022524 22.465534 -38.636848 -19.592915 -3.415759 -83.795561 -11.515864 4.364724 -22.753858 -4.031208 2.582785 -13.674576 9.191935 -7.198639 11.775378 3.752313 12.245214 -15.944406 0.000001 0.000000 0.000001 -11.310236 -21.454206 -0.194313 -53.138517 -23.528866 -58.113141 -33.639809 11.724098 13.314820 -0.000002 -0.000001 -0.000000 16.615212 19.003226 -15.966378 0.733433 33.774001 -48.319682 12.347216 -9.727965 -34.568687 0.000001 0.000002 -0.000001 15.167668 18.460022 52.578960 -19.221401 -16.595468 50.157487 1.200634 33.294211 19.899550 -0.000001 0.000002 -0.000001 16.450734 -2.818924 15.865998 40.272199 31.611809 8.149888 1.802457 -2.457190 -12.882151 0.000003 0.000004 0.000002 
21.044931 22.489849 -38.811543 -19.960671 -3.731783 -83.970516 -11.803064 4.397323 -22.535039 -4.127379 2.309352 -13.339920 9.129299 -6.719136 11.400560 3.858531 12.068199 -16.021930 0.000000 0.000001 0.000002 -11.505472 -21.382445 -0.842019 -51.484552 -22.766735 -57.556966 -33.965400 12.457060 12.381751 -0.000001 -0.000001 0.000000 16.682303 19.304734 -16.557169 -0.330740 32.394672 -47.585272 10.698991 -10.069647 -33.444769 -0.000001 -0.000002 0.000002 14.806626 18.543917 52.728555 -20.024511 -17.011676 50.260227 1.408271 33.021485 19.798432 -0.000001 0.000003 0.000000 15.933484 -2.844970 15.913282 40.876186 31.815380 7.766093 1.916287 -2.428516 -13.148662 -0.000001 0.000002 0.000004 
21.060192 22.530449 -38.967636 -20.229627 -3.650197 -84.173011 -11.383831 4.336676 -22.441650 -4.554142 1.755506 -12.960192 9.137442 -6.115670 11.045300 3.934188 11.628675 -15.860031 -0.000001 0.000002 0.000004 -11.624044 -21.176365 -1.166792 -50.705265 -22.585796 -57.255369 -34.192890 12.511910 12.091102 -0.000000 0.000001 -0.000000 16.323780 19.472724 -16.453403 -0.337105 31.784688 -47.581990 10.645045 -10.482219 -31.777691 -0.000000 0.000000 -0.000002 15.020064 18.711564 53.009330 -21.262922 -17.816776 50.677743 2.397447 32.600677 19.720844 -0.000002 0.000005 -0.000001 15.784395 -2.834552 16.039777 40.269084 31.563643 8.382485 3.110953 -2.230769 -13.270510 0.000001 -0.000001 0.000002 
21.065403 22.567619 -39.117695 -20.124140 -3.512153 -84.206909 -11.066255 4.228688 -22.289161 -5.465064 1.087021 -12.974817 9.753738 -5.435070 10.962532 4.205217 11.896807 -16.100189 -0.000000 0.000001 0.000002 -11.287827 -21.032444 -1.155270 -50.883209 -22.871583 -57.583262 -34.389941 11.946274 12.156599 -0.000003 0.000001 0.000000 16.361300 19.612178 -16.345705 -0.038331 32.260349 -47.895902 11.350127 -10.459567 -30.614288 -0.000001 0.000000 -0.000003 15.209581 18.659735 52.972666 -21.832252 -18.269621 51.008700 2.561312 32.492351 19.808875 -0.000000 0.000004 0.000000 16.250615 -2.875826 15.876114 40.703720 31.738837 7.995678 2.891682 -2.156005 -12.541363 0.000001 0.000002 -0.000001 
21.059645 22.605068 -39.261845 -19.835096 -3.874780 -84.386980 -11.577128 4.201877 -21.937758 -5.245331 1.234767 -12.945087 9.826294 -5.740318 10.809796 4.061242 11.540334 -15.983872 0.000000 0.000002 -0.000001 -11.244549 -21.199097 -1.208779 -50.841893 -22.832861 -57.393253 -34.255711 11.973331 11.814744 -0.000001 -0.000003 -0.000000 16.419309 19.819940 -16.415327 -0.021228 32.306194 -48.015007 11.369165 -10.491156 -29.756723 -0.000002 0.000005 0.000000 14.925802 18.624321 53.092594 -23.051272 -19.086110 51.371376 3.405138 32.244381 20.015483 0.000001 0.000003 -0.000001 16.211375 -2.841592 16.001178 40.486247 31.575910 8.073214 2.874834 -2.116653 -13.011153 -0.000000 0.000005 -0.000001 
21.055969 22.660858 -39.385017 -20.074954 -4.043824 -84.237065 -11.968274 4.277740 -22.233167 -4.576710 1.465666 -12.373550 9.257295 -6.157035 10.279472 4.184180 11.814585 -15.759905 0.000001 0.000002 0.000001 -10.976602 -21.622173 -0.622240 -51.425498 -23.320320 -57.685824 -34.074202 11.009272 11.702514 0.000000 -0.000001 -0.000001 16.380318 19.874232 -15.782802 0.731155 33.123545 -48.456606 12.778552 -10.128967 -28.977238 -0.000001 0.000002 -0.000002 14.704170 18.757325 52.985042 -24.101610 -19.750382 51.659214 3.818962 32.033977 20.006908 0.000002 0.000000 0.000004 15.820494 -2.891141 15.750932 41.729447 32.069439 7.238821 2.549884 -1.934124 -12.664693 -0.000003 0.000004 0.000000 
21.051453 22.715626 -39.499672 -20.041682 -3.832425 -84.222646 -11.641890 4.287301 -22.349417 -3.950890 1.699680 -12.007650 8.485357 -6.834662 10.019191 4.831339 12.382394 -15.852797 0.000002 -0.000001 -0.000001 -10.899980 -21.699637 -0.631780 -51.166238 -23.111986 -57.372633 -33.282795 11.207825 11.034623 0.000001 0.000001 0.000001 16.443568 20.167634 -15.865457 0.708300 32.898149 -48.415352 12.878473 -10.460991 -27.627193 -0.000000 0.000001 0.000001 14.937321 18.860891 52.821012 -23.157195 -19.145235 51.607441 2.853338 32.835981 20.342648 -0.000004 0.000006 0.000000 15.874201 -3.086001 15.630242 41.552248 31.940977 7.474499 3.198545 -1.570522 -11.910709 -0.000002 0.000005 0.000002 
21.051062 22.754684 -39.613739 -19.808655 -3.639503 -84.211964 -12.024261 4.295215 -22.133972 -2.452719 2.757296 -12.005397 7.657580 -8.194075 9.933839 4.864705 12.287261 -15.653194 -0.000000 0.000001 0.000001 -10.805983 -21.708812 -0.806198 -51.340558 -23.022034 -57.495276 -32.257457 11.482970 10.949323 -0.000001 -0.000004 0.000001 15.914267 19.843240 -15.698990 0.621131 32.981600 -48.539641 12.466787 -10.559122 -26.664584 -0.000001 0.000001 0.000001 15.094846 18.866693 52.688298 -23.229000 -19.189695 51.648777 2.881941 32.855116 20.399364 -0.000005 0.000004 0.000000 15.759803 -3.150803 15.724608 40.945232 31.663937 8.036026 3.894567 -1.393808 -12.255579 0.000001 -0.000000 0.000000 
21.046797 22.800972 -39.721584 -19.786114 -3.416334 -84.192340 -11.515864 4.297392 -22.303607 -3.027006 2.243737 -11.751728 7.989846 -7.881327 9.675830 5.061322 12.458108 -15.639864 0.000001 0.000001 0.000002 -10.861879 -21.710132 -0.977217 -50.666231 -22.747926 -57.051535 -31.332263 11.881246 10.006035 -0.000002 -0.000003 -0.000000 15.726140 19.708123 -15.764650 0.046196 32.643820 -48.154012 11.363428 -10.478644 -26.404864 -0.000000 0.000003 -0.000001 15.182865 18.847992 52.708788 -24.880392 -20.305210 52.023860 3.972575 32.275868 20.166514 -0.000003 0.000000 -0.000002 16.046628 -3.205153 15.679189 41.680236 31.951915 7.365978 3.614705 -1.474335 -11.510615 -0.000001 0.000001 0.000000 
21.056738 22.826172 -39.835770 -20.103514 -3.328900 -84.425400 -11.554516 4.280308 -22.181039 -2.910559 2.384273 -11.877031 7.832241 -7.726587 9.970785 5.433534 12.400986 -15.537820 -0.000001 0.000001 0.000002 -10.868259 -21.417673 -1.034333 -49.573042 -22.622573 -56.384072 -31.266198 11.748229 9.630743 0.000001 -0.000001 -0.000001 15.811874 19.565523 -15.861992 -0.766430 32.719222 -47.670619 10.810425 -10.332582 -25.949658 0.000001 0.000000 -0.000002 15.079695 19.062071 53.081406 -24.542654 -19.949302 51.863744 3.494494 32.200172 20.123964 -0.000001 0.000002 -0.000001 16.007472 -3.274215 15.856315 43.082678 32.349149 6.191234 2.858409 -1.428862 -11.387285 -0.000000 0.000001 0.000000 
21.060608 22.851334 -39.948730 -20.061524 -3.190329 -84.479058 -11.487990 4.260963 -22.161935 -2.642885 2.610305 -12.059168 7.855611 -8.052197 10.132931 5.040000 11.827583 -15.503700 0.000001 0.000001 0.000001 -11.110733 -21.515642 -0.930623 -49.350518 -22.546053 -56.296393 -31.090393 11.808426 10.185391 0.000001 0.000001 0.000000 15.991399 19.748529 -16.034252 -1.273867 32.552299 -47.217593 10.478012 -10.426352 -25.474750 0.000001 -0.000000 -0.000000 15.197740 19.083385 53.092614 -24.150335 -19.655855 51.677949 3.683470 32.285488 20.205358 -0.000006 0.000003 -0.000001 16.234653 -3.324006 15.895927 43.187269 32.377054 6.125998 2.460619 -1.489370 -12.110425 -0.000003 -0.000000 0.000001 
21.067808 22.883621 -40.051025 -20.009058 -3.304103 -84.439033 -11.537039 4.339620 -22.350655 -2.420697 2.526309 -11.587360 7.441214 -8.252065 9.671591 5.609509 12.289762 -15.424087 -0.000001 0.000001 0.000002 -11.029868 -21.267457 -1.301359 -48.421209 -22.150628 -55.876005 -30.217481 12.232504 9.350605 -0.000001 -0.000004 0.000000 15.794975 19.822078 -16.173828 -1.856471 31.475486 -46.362976 9.411957 -10.354545 -25.507249 -0.000000 -0.000002 0.000002 15.285750 19.117747 52.935831 -23.918008 -19.530786 51.749123 3.036838 32.418882 20.113126 -0.000002 0.000004 0.000000 16.058941 -3.429426 15.800077 43.718948 32.516837 5.645855 2.404564 -1.479513 -11.907488 0.000000 0.000003 0.000001 
21.060865 22.924736 -40.140907 -19.889559 -3.141838 -84.265417 -11.481889 4.372378 -22.618848 -2.208501 2.566309 -11.274976 7.311272 -8.669090 9.369728 5.737456 12.450958 -15.125000 0.000001 0.000000 -0.000001 -10.884025 -21.271405 -1.208887 -48.559278 -22.271678 -55.745016 -29.702331 12.339884 9.193783 -0.000002 -0.000003 -0.000001 15.444188 19.444994 -15.923780 -2.049589 31.573403 -46.074496 8.523977 -10.358887 -25.467484 0.000001 -0.000000 -0.000000 15.652051 18.928681 52.772128 -24.903355 -20.230052 51.956651 3.835971 32.217579 20.140088 -0.000001 0.000003 -0.000001 16.440448 -3.399315 15.564401 42.835378 32.265827 6.428997 2.735602 -1.527420 -12.233445 -0.000000 0.000003 0.000001 
21.066483 22.939079 -40.239677 -20.229514 -3.496138 -84.422238 -11.713149 4.336471 -22.335950 -2.227029 2.583542 -11.343803 7.207636 -8.391325 9.383674 5.404278 11.996419 -15.302713 0.000001 0.000003 0.000000 -10.742412 -21.173598 -1.251737 -48.235428 -22.218351 -55.740668 -29.341653 12.514612 8.819487 0.000001 -0.000002 -0.000000 15.313670 19.158199 -15.942029 -2.243105 31.441601 -45.786129 8.015226 -10.251463 -25.769122 0.000001 -0.000000 0.000001 15.260236 18.990074 52.868553 -24.522415 -19.928270 51.886010 3.887268 32.412267 20.439590 -0.000001 0.000003 0.000004 16.060276 -3.416078 15.467401 44.525225 32.777770 4.982346 1.928964 -1.496135 -12.036066 0.000002 0.000001 0.000000 
21.073343 22.959187 -40.334217 -20.447884 -3.648957 -84.425448 -12.173212 4.368817 -22.303488 -1.957265 2.799452 -11.391318 7.191596 -8.356194 9.478669 5.224912 11.748353 -15.401658 -0.000001 0.000001 -0.000001 -10.872512 -21.084425 -1.353224 -47.615236 -22.223764 -55.557250 -29.271705 12.518257 8.676213 0.000002 -0.000004 0.000000 15.492314 19.378756 -16.186193 -2.442763 30.812056 -45.154445 7.833056 -10.250784 -25.417313 0.000001 0.000001 0.000002 14.840041 19.008755 53.005253 -24.155048 -19.611124 51.747009 3.391077 31.863638 20.086553 0.000003 0.000003 0.000002 15.846223 -3.400785 15.460500 45.135608 32.880602 4.455688 1.595547 -1.451818 -11.993878 0.000003 -0.000000 0.000001 
21.072187 22.944557 -40.446640 -20.565536 -3.631969 -84.628530 -11.925959 4.288110 -22.003359 -2.765065 2.467939 -11.992554 7.926935 -7.748082 10.036007 5.341145 11.923457 -15.436718 0.000002 0.000001 -0.000001 -10.981657 -21.027303 -1.443139 -47.302537 -22.133788 -55.668893 -29.017116 12.690322 7.918097 -0.000002 -0.000002 0.000001 15.487159 18.809166 -16.308523 -3.373502 30.669506 -44.480849 7.188390 -10.132107 -25.545338 0.000001 -0.000002 0.000002 14.603622 19.106747 53.282528 -25.040259 -20.218991 51.887007 4.240886 31.253925 19.777967 -0.000001 0.000006 0.000000 15.924192 -3.379968 15.564444 45.720614 33.130147 3.915306 1.233516 -1.596151 -11.560710 -0.000000 0.000004 0.000001 
21.069727 22.955097 -40.542755 -20.433713 -3.594879 -84.469195 -12.097374 4.391348 -22.349436 -2.226851 2.669180 -11.619947 7.489000 -8.399431 9.834226 5.679418 12.313364 -15.328468 -0.000000 0.000000 -0.000003 -10.952387 -21.010400 -1.561247 -46.643369 -21.892215 -55.090547 -28.663640 12.909565 7.163429 -0.000000 -0.000003 -0.000001 15.748021 19.355747 -16.461161 -3.368720 30.048543 -44.328676 6.868781 -10.217598 -25.254655 -0.000001 0.000003 0.000002 14.845865 19.051634 53.050475 -23.398632 -19.129804 51.542260 2.886008 32.244193 20.056970 -0.000004 0.000005 0.000002 15.859882 -3.384054 15.580111 45.031051 32.949058 4.487850 1.846967 -1.621556 -11.260122 -0.000001 -0.000001 0.000000 
21.059284 22.972710 -40.632435 -20.315129 -3.852661 -84.484352 -12.208562 4.431309 -22.468939 -2.615613 2.208625 -11.250430 7.726397 -8.177337 9.409875 5.711714 12.455323 -14.987153 -0.000001 0.000001 -0.000005 -10.927712 -20.915241 -1.685606 -46.684681 -21.893763 -55.050293 -28.422511 13.066241 7.113829 -0.000001 -0.000003 -0.000001 15.567389 19.343765 -16.339016 -3.348462 29.913978 -44.211640 5.886301 -10.190234 -24.708377 0.000001 -0.000000 0.000001 14.692087 19.046669 53.030716 -23.521201 -19.245526 51.643832 2.919088 32.522438 20.263503 -0.000003 0.000002 -0.000001 16.018487 -3.415030 15.488052 45.683386 33.146348 3.781781 1.173095 -1.786979 -10.817329 0.000002 0.000001 -0.000003 
21.060047 22.972958 -40.727367 -20.304170 -3.817123 -84.459442 -12.104757 4.415396 -22.532763 -2.593422 2.233129 -11.285421 7.714523 -8.319980 9.477517 5.216275 11.890978 -14.899395 -0.000000 -0.000001 -0.000001 -11.004217 -20.848688 -1.671442 -46.619688 -21.980440 -55.148682 -28.136679 12.973249 6.958969 -0.000000 0.000002 -0.000002 15.223356 19.003190 -16.108204 -3.373361 29.903989 -44.193855 5.574729 -10.080410 -24.671770 -0.000002 0.000002 0.000001 14.877487 19.036909 53.006428 -23.189862 -19.053759 51.637764 2.694240 32.521147 20.140332 -0.000000 -0.000001 0.000002 15.918903 -3.356504 15.513511 44.757441 32.880380 4.611471 1.517499 -1.804147 -11.403035 -0.000001 0.000002 0.000002 
21.054577 22.988857 -40.813179 -20.398080 -3.902532 -84.528311 -12.238524 4.459361 -22.662163 -2.234332 2.405876 -11.100550 7.413234 -8.548999 9.480585 5.185234 11.822975 -14.682791 -0.000001 0.000000 -0.000003 -10.983466 -20.747951 -1.693582 -46.140493 -21.852408 -54.425526 -27.841588 13.030277 6.459812 0.000001 -0.000001 0.000001 15.193913 19.002862 -16.082620 -3.550028 29.695368 -43.950997 5.207286 -9.890762 -24.836402 -0.000001 -0.000002 0.000000 14.926183 19.096495 53.059607 -22.375391 -18.492373 51.394814 2.219435 32.995957 20.325376 -0.000001 0.000005 0.000000 15.953464 -3.400297 15.519448 45.395985 33.077998 3.997474 1.006320 -2.003251 -11.248365 -0.000002 0.000002 0.000002 
21.047369 22.998024 -40.897808 -20.441892 -3.938618 -84.545413 -12.374880 4.448465 -22.598087 -2.111572 2.591528 -11.280985 7.568550 -8.629258 9.640580 5.215516 11.828607 -14.728024 -0.000002 -0.000000 0.000006 -10.962522 -20.644242 -1.480271 -46.141971 -21.995256 -54.826369 -28.235565 12.858407 6.697075 -0.000002 -0.000004 0.000000 15.568417 19.184265 -16.228917 -3.551493 29.842667 -43.873437 5.044287 -9.843503 -24.780920 -0.000000 -0.000002 -0.000001 14.790949 19.070076 53.154308 -22.804649 -18.814101 51.462497 2.617343 32.451731 19.942508 -0.000004 0.000006 -0.000003 15.979064 -3.301452 15.443509 45.109790 33.009693 4.177220 1.021715 -1.959839 -11.341132 -0.000003 0.000003 0.000001 
21.042149 23.005375 -40.985451 -20.502686 -4.057879 -84.639349 -12.518686 4.446077 -22.513999 -1.842849 2.766570 -11.234523 7.377327 -8.861293 9.648635 5.304694 11.866777 -14.764084 -0.000000 0.000000 -0.000001 -11.167993 -20.522897 -1.473350 -45.955108 -22.003656 -54.562041 -28.052091 13.070950 6.376578 0.000000 -0.000001 0.000000 15.488588 18.990486 -16.258340 -3.393710 29.800488 -43.901478 4.586537 -10.094089 -24.442983 -0.000001 0.000001 0.000001 14.676845 19.026436 53.308503 -22.435858 -18.545946 51.311291 2.294602 32.788596 20.201193 -0.000000 0.000003 0.000000 15.691870 -3.122447 15.649761 45.180991 33.031597 4.022901 1.203565 -1.911222 -11.174001 -0.000002 0.000001 0.000001 
21.039209 23.004433 -41.073814 -20.404943 -4.002046 -84.622909 -12.485181 4.440160 -22.525230 -2.206408 2.541276 -11.341097 7.805554 -8.642124 9.722435 5.272220 11.838945 -14.899889 0.000001 0.000002 0.000002 -11.134943 -20.562942 -1.427896 -46.046629 -21.987188 -54.703825 -28.017678 13.171167 6.205497 -0.000003 -0.000003 -0.000000 15.560213 18.913555 -16.321014 -3.400247 29.677913 -43.839778 4.434388 -10.348424 -24.030453 -0.000001 -0.000000 0.000000 14.759494 18.985342 53.260555 -22.816875 -18.840689 51.409738 2.554052 32.688452 20.049170 -0.000000 0.000003 -0.000001 15.876346 -3.103015 15.677770 44.572356 32.865815 4.550952 1.296872 -1.891227 -11.165579 -0.000003 0.000001 0.000001 
21.035591 23.009266 -41.157852 -20.680911 -4.162176 -84.736905 -12.513185 4.423234 -22.332499 -1.985969 2.764269 -11.480825 7.490523 -8.684326 9.882193 4.809211 11.369191 -14.740795 -0.000001 -0.000000 0.000002 -11.230158 -20.701441 -1.591860 -45.881710 -21.806002 -54.573618 -27.831738 13.641142 5.797238 0.000002 -0.000002 0.000001 15.182968 18.830683 -16.197652 -3.481811 29.764991 -43.992555 4.038770 -10.712462 -23.669160 0.000001 -0.000002 -0.000000 14.799259 18.986249 53.334772 -21.825393 -18.166558 51.093800 1.791513 33.298446 20.347847 -0.000002 0.000005 0.000002 15.888473 -3.099365 15.510699 45.205768 33.112805 3.932234 1.022371 -2.035683 -11.074053 0.000001 0.000000 -0.000001 
21.028650 23.015541 -41.242188 -20.785099 -4.128090 -84.668978 -12.281181 4.373587 -22.377908 -2.777960 2.304315 -11.675209 7.937805 -8.020807 10.101378 5.122139 11.886074 -14.912250 0.000000 0.000001 0.000004 -11.072845 -20.643513 -1.364946 -46.265639 -22.283909 -54.947349 -28.289942 13.088232 6.388927 0.000001 -0.000001 -0.000002 15.392881 19.110716 -16.024279 -2.883236 30.313158 -44.314786 5.092203 -10.555618 -23.356583 -0.000000 0.000002 0.000000 14.738244 18.935275 53.334362 -22.116202 -18.352356 51.012688 2.233656 32.986559 20.154044 -0.000000 -0.000002 -0.000002 15.956628 -3.026762 15.449193 44.668286 33.001084 4.353973 1.378446 -2.095710 -11.750014 0.000002 0.000001 0.000000 
21.018557 23.032135 -41.319046 -20.865275 -4.407702 -84.603149 -12.396091 4.386179 -22.500264 -3.115075 2.071545 -11.719339 8.097646 -7.540959 10.141916 4.869995 11.497874 -14.817961 0.000001 0.000001 0.000004 -10.987999 -20.563268 -1.222661 -46.236184 -22.354719 -54.830262 -28.392502 12.965996 6.668124 -0.000002 -0.000001 -0.000000 15.303812 18.937295 -15.885369 -2.714879 30.214814 -44.248868 5.140183 -10.563790 -23.219677 -0.000001 -0.000002 -0.000000 14.495120 18.901917 53.271589 -21.573485 -18.004251 50.900858 1.663140 33.055315 19.992304 -0.000004 0.000004 0.000000 15.580476 -2.983515 15.331575 44.714773 33.035914 4.418059 1.308487 -2.115681 -11.779833 0.000001 -0.000001 0.000002 
21.018339 23.031013 -41.404972 -20.904009 -4.214281 -84.608600 -11.954870 4.377996 -22.607764 -3.592242 1.703163 -11.720876 8.271497 -7.234832 10.127345 4.851196 11.546806 -14.902095 -0.000001 0.000001 0.000001 -11.235913 -20.514722 -1.363212 -45.451023 -22.031188 -54.651318 -28.301541 13.131416 6.355808 -0.000002 -0.000001 -0.000000 15.363064 18.960434 -16.117442 -3.071884 29.640060 -44.048805 4.536826 -10.755801 -22.689403 0.000001 -0.000002 0.000001 14.706060 18.975797 53.300180 -24.471840 -19.929466 51.509790 4.257949 32.062076 19.902340 -0.000000 0.000003 -0.000001 15.799636 -3.068483 15.226216 46.020018 33.490999 3.328553 0.557510 -2.331880 -11.838863 0.000001 0.000000 -0.000001 
21.012318 23.024796 -41.493095 -20.769494 -4.434824 -84.661520 -12.499735 4.417359 -22.476255 -3.462242 1.759131 -11.722314 8.512174 -7.415014 10.072960 4.909933 11.772682 -15.040015 -0.000000 -0.000001 0.000001 -11.365684 -20.430049 -1.636616 -45.333205 -21.766679 -54.766332 -27.573107 13.652927 6.063951 0.000000 -0.000002 -0.000000 15.173940 18.803014 -16.171002 -2.929601 29.131778 -44.240778 3.835183 -10.929138 -22.384762 0.000001 0.000001 0.000001 14.380832 19.014716 53.424029 -23.294125 -19.168204 51.324036 3.618093 32.453746 19.958982 -0.000001 0.000006 0.000000 15.752713 -3.042814 15.334084 45.979310 33.472998 3.178160 0.429369 -2.541763 -12.068774 -0.000000 -0.000000 0.000000 
21.005219 23.020107 -41.576538 -21.139202 -4.617938 -84.643618 -12.571142 4.425837 -22.446927 -3.794833 1.570176 -11.790168 8.665644 -6.912540 10.106299 4.911994 11.773036 -15.132754 -0.000000 0.000002 0.000001 -11.518157 -20.419740 -1.707289 -45.111081 -21.683223 -54.727003 -27.559865 13.807825 5.854777 0.000001 -0.000001 -0.000000 15.368889 19.048785 -16.367194 -2.820896 28.880147 -44.224293 4.009887 -11.175949 -22.218295 0.000001 -0.000000 0.000001 14.097880 18.965369 53.537553 -22.586042 -18.676831 51.068252 3.496316 32.087617 19.743639 -0.000001 0.000004 0.000000 15.527356 -2.954717 15.193732 47.071099 33.815290 2.229890 -0.388899 -2.688771 -12.499244 -0.000002 -0.000003 0.000005 
20.992144 23.004482 -41.666767 -20.853971 -4.557016 -84.763727 -12.389618 4.332684 -22.095727 -3.791828 1.837111 -12.353485 9.013357 -7.118253 10.536596 4.292121 11.198076 -15.367065 -0.000000 0.000000 -0.000001 -11.755990 -20.320320 -2.053929 -44.941624 -21.585693 -54.901549 -27.417853 14.124016 5.770548 -0.000001 -0.000004 -0.000001 15.041268 18.858004 -16.393895 -2.804960 28.530064 -44.189306 3.883701 -11.391182 -21.978070 0.000000 -0.000000 -0.000001 13.867657 18.954152 53.659424 -21.911769 -18.197610 50.881573 2.718703 32.366446 19.794397 -0.000001 0.000002 -0.000001 15.830164 -2.983322 15.339461 47.337493 33.814286 1.809247 -0.905745 -2.875983 -12.440956 -0.000000 0.000003 0.000001 
20.984110 23.017368 -41.743179 -20.828527 -4.541810 -84.785092 -12.228112 4.417648 -22.387997 -4.333935 1.212842 -11.927032 9.242977 -6.916517 10.199317 4.729883 11.477717 -15.222617 0.000002 -0.000002 0.000001 -11.741588 -20.321998 -2.398006 -44.531290 -21.326154 -54.571760 -26.881103 14.415775 5.454504 0.000000 0.000001 0.000001 15.066426 19.049698 -16.656055 -3.456426 28.044408 -43.849920 3.243535 -11.673466 -21.761015 0.000001 -0.000002 0.000000 14.038768 18.981094 53.621752 -22.016579 -18.334859 51.038500 3.022078 32.278552 19.718626 0.000002 0.000003 -0.000001 15.922605 -2.994138 15.414417 47.062428 33.841668 2.143552 -0.940244 -3.033605 -12.143966 -0.000000 0.000003 0.000001 
20.973745 23.026199 -41.818596 -20.694199 -4.413519 -84.780638 -11.988535 4.398955 -22.347781 -4.648566 0.998475 -11.956682 9.389237 -6.778714 10.070346 4.716378 11.400605 -14.995105 -0.000001 0.000000 0.000006 -11.835040 -20.500010 -2.359111 -44.453644 -21.248563 -54.228154 -26.656625 14.472430 5.045808 -0.000002 -0.000002 0.000000 14.870500 18.794423 -16.583158 -3.570821 28.046357 -43.805753 2.844554 -11.702386 -21.753365 0.000001 0.000003 0.000000 14.240309 18.987670 53.578367 -22.992616 -19.042026 51.303378 3.815491 31.712087 19.366091 -0.000000 0.000002 0.000004 16.106372 -3.016562 15.460984 46.436079 33.695447 2.705456 -0.721802 -3.019887 -12.493750 -0.000001 0.000001 0.000001 
20.967335 23.030869 -41.896233 -21.161012 -4.639308 -84.945656 -12.423337 4.411738 -22.202389 -3.894979 1.626291 -12.154130 8.735732 -7.151901 10.423886 4.730291 11.458291 -15.045841 -0.000001 -0.000001 0.000002 -11.643371 -20.621497 -2.291760 -44.861816 -21.381306 -54.343222 -26.696011 14.260147 5.223527 -0.000000 -0.000002 0.000000 14.693036 18.436695 -16.410240 -3.269510 28.250511 -44.015378 2.818370 -11.592165 -21.378719 0.000000 0.000001 0.000001 13.933080 19.144650 53.876450 -23.105715 -19.083890 51.236493 4.195203 31.474898 19.300069 -0.000002 0.000006 0.000001 15.948439 -3.002571 15.412445 47.540794 34.035973 1.775808 -1.217391 -3.050738 -12.640431 -0.000000 -0.000001 0.000002 
20.958567 23.025127 -41.975674 -21.315806 -4.918776 -84.910542 -12.543367 4.416423 -22.270634 -4.423461 1.188656 -12.088909 9.083258 -6.512716 10.334658 4.654561 11.322089 -15.101145 0.000001 0.000003 0.000000 -11.634017 -20.341277 -2.200211 -45.317475 -21.635507 -54.917347 -26.763852 13.931177 5.632898 -0.000000 -0.000003 -0.000001 14.978200 18.509336 -16.483524 -3.084360 28.294660 -43.920514 3.315367 -11.457509 -21.178053 0.000001 0.000002 -0.000000 13.710798 19.156753 53.819667 -20.957691 -17.659181 50.745324 3.007947 32.549704 19.744108 -0.000003 0.000003 -0.000001 15.635976 -2.962081 15.248131 48.282402 34.200287 1.012569 -1.514730 -3.117235 -12.199572 0.000001 -0.000003 0.000002 
20.952045 23.014248 -42.061470 -21.310824 -5.007684 -84.972416 -12.572878 4.400576 -22.176627 -4.513661 1.259353 -12.449328 9.278195 -6.521386 10.642767 4.492760 11.108337 -15.081326 0.000000 0.000003 0.000002 -11.752047 -20.566323 -2.201451 -45.357732 -21.554151 -54.973215 -26.783981 14.043040 5.696087 -0.000002 -0.000002 0.000000 14.879903 18.347749 -16.502874 -3.393742 28.117104 -43.720604 2.725781 -11.349853 -21.548758 0.000001 -0.000000 -0.000001 13.440849 19.190328 53.886091 -20.228281 -17.172393 50.508911 2.413136 32.604591 19.558978 0.000001 0.000001 0.000002 15.546059 -2.947845 15.315536 48.143435 34.151909 1.080377 -1.721197 -3.190269 -12.490574 0.000001 0.000000 0.000002 
20.943069 23.013885 -42.137207 -21.276885 -4.916426 -84.954091 -12.557002 4.417096 -22.196508 -4.161416 1.432867 -12.227767 8.986681 -6.915393 10.488818 4.590379 11.163440 -15.047508 -0.000000 -0.000000 0.000001 -11.843235 -20.417845 -2.329455 -45.112037 -21.392438 -54.599098 -26.420533 14.316668 5.261880 0.000002 -0.000006 0.000001 15.022106 18.527054 -16.697292 -3.339898 27.877602 -43.720912 2.431151 -11.458099 -21.409605 0.000000 -0.000000 -0.000001 13.641534 19.137688 53.859306 -19.522880 -16.707667 50.366525 1.895726 32.965775 19.754753 -0.000004 0.000005 -0.000001 15.467880 -2.920908 15.438203 47.531669 33.999097 1.706431 -1.228705 -3.118739 -12.573797 0.000003 0.000000 0.000002 
20.931988 23.016396 -42.207912 -21.242230 -4.757654 -84.920288 -12.421070 4.413877 -22.168673 -4.538783 1.224529 -12.322668 9.407886 -6.755078 10.516669 4.413463 11.119893 -15.106167 0.000000 0.000001 0.000001 -11.909761 -20.306188 -2.313935 -44.955496 -21.355898 -54.183962 -26.332498 14.467177 5.285938 -0.000002 -0.000001 -0.000001 15.133775 18.681935 -16.763021 -3.023480 27.632292 -43.734897 2.205981 -11.543931 -21.505112 0.000001 -0.000000 -0.000000 13.682020 19.061123 53.861936 -20.784397 -17.549514 50.688084 3.066015 32.318772 19.591100 -0.000004 0.000003 0.000000 15.566819 -2.904986 15.370004 46.942114 33.918313 2.321484 -0.930293 -3.149114 -12.566514 0.000001 0.000002 0.000004 
20.925734 23.002544 -42.287712 -21.204191 -4.646001 -85.021122 -12.416404 4.384533 -21.995335 -4.473562 1.414646 -12.530575 9.370823 -6.944407 10.773164 4.668050 11.566638 -15.263629 -0.000000 -0.000001 0.000002 -12.045670 -20.338859 -2.252293 -44.785223 -21.388266 -54.113127 -26.708900 14.430861 6.046243 -0.000001 -0.000004 0.000000 15.312184 18.521977 -16.944538 -2.880286 27.711280 -43.801009 1.908349 -11.480482 -21.345955 0.000001 -0.000004 -0.000000 13.887153 19.074811 53.946750 -20.469589 -17.337452 50.602290 2.884073 32.715401 19.973871 -0.000003 0.000003 -0.000001 15.567191 -2.888482 15.560687 46.303498 33.763626 3.005267 -0.357470 -3.017007 -12.550955 -0.000001 0.000003 0.000004 
20.922684 22.991909 -42.365242 -20.769147 -4.417576 -85.007810 -12.109804 4.348293 -21.984750 -5.052373 1.034097 -12.547646 9.923511 -6.792635 10.745968 4.517859 11.469039 -15.279714 -0.000001 0.000001 0.000004 -11.931949 -20.226733 -2.262143 -44.819015 -21.473739 -54.008071 -26.646175 14.380664 5.858451 -0.000002 -0.000002 0.000001 15.323036 18.583852 -16.915233 -2.865537 27.701654 -43.639663 2.511205 -11.495382 -21.354981 0.000001 -0.000000 0.000001 14.237909 18.952974 53.823308 -20.860383 -17.636583 50.829701 2.902154 32.862909 20.218851 -0.000004 0.000004 0.000000 15.970994 -2.928419 15.562325 45.867541 33.593370 3.388937 -0.254585 -2.974976 -12.504870 -0.000004 0.000001 0.000004 
20.914471 22.997456 -42.434155 -21.066002 -4.781015 -85.113344 -12.697644 4.356547 -21.881472 -4.533312 1.405951 -12.494555 9.629713 -6.844775 10.741097 4.343472 11.196627 -15.222443 -0.000001 0.000001 0.000002 -11.799847 -20.145085 -1.923473 -44.916741 -21.703906 -54.103800 -27.100705 14.058453 6.141907 -0.000001 -0.000004 0.000000 15.274007 18.425554 -16.649993 -2.563508 28.207993 -43.798035 3.047266 -11.410637 -21.160686 0.000000 0.000001 0.000001 13.874424 19.031945 53.981949 -20.787112 -17.596393 50.729768 2.952714 33.110670 20.356904 -0.000000 0.000005 0.000002 15.665213 -2.859889 15.540682 46.562858 33.807732 2.734916 -0.590338 -2.924814 -12.558784 -0.000003 0.000000 0.000004 
20.907877 23.004375 -42.499920 -21.309155 -5.043947 -85.153430 -13.037347 4.383424 -21.848933 -4.290684 1.518108 -12.350454 9.397581 -6.892563 10.683427 4.422899 11.326384 -15.368933 -0.000002 0.000000 0.000001 -11.925805 -20.157034 -1.873206 -44.806143 -21.692797 -53.975338 -27.232410 14.029864 6.184344 0.000000 -0.000004 0.000000 15.523176 18.796042 -16.711736 -2.352401 28.011040 -43.761353 3.548039 -11.530505 -21.093989 0.000001 0.000003 0.000001 13.623607 19.085861 54.053506 -20.355227 -17.281898 50.598591 2.588905 33.412066 20.488812 -0.000001 0.000004 0.000000 15.375922 -2.838224 15.474473 47.234843 33.999268 2.157488 -0.699065 -2.899274 -12.436331 -0.000002 0.000000 0.000002 
20.906416 23.000675 -42.573433 -20.989825 -4.673060 -85.086911 -12.158362 4.325950 -21.989400 -4.695437 1.235450 -12.440349 9.319564 -6.650909 10.744814 4.527073 11.369617 -15.166997 0.000001 0.000001 0.000002 -11.835231 -20.263826 -1.876942 -44.659820 -21.586152 -53.813285 -27.134125 14.137329 5.945590 -0.000001 -0.000001 -0.000001 15.398918 18.454039 -16.691181 -2.517879 27.908245 -43.692116 3.152436 -11.708104 -20.901936 0.000000 0.000002 0.000000 13.732479 19.053147 53.956944 -20.233363 -17.248116 50.567487 2.270151 33.362766 20.235718 -0.000002 0.000003 -0.000001 15.848614 -2.888811 15.461538 47.514911 34.047021 1.664778 -1.267774 -3.043247 -12.342365 0.000000 -0.000001 0.000002 
20.899513 23.005867 -42.635696 -21.267814 -4.606032 -85.062104 -12.364520 4.370440 -22.086767 -4.100202 1.525872 -12.168008 8.890575 -6.833793 10.612552 4.168068 10.944349 -14.983786 -0.000000 0.000001 0.000002 -11.747545 -20.382732 -2.000177 -44.481931 -21.543902 -53.398508 -27.153050 14.131926 5.850671 -0.000002 0.000002 -0.000002 15.184231 18.404469 -16.618031 -2.521836 27.997558 -43.701224 2.993403 -11.673096 -20.811901 -0.000000 -0.000000 0.000001 13.968752 19.088208 54.026930 -19.361775 -16.658982 50.349849 1.589616 33.316276 20.075973 0.000001 0.000006 0.000000 15.811152 -2.894466 15.509165 47.606880 34.118058 1.737390 -1.242126 -3.078809 -12.710996 -0.000000 -0.000001 0.000002 
20.892309 23.009148 -42.698956 -21.294464 -4.682763 -85.176168 -12.255931 4.289563 -21.860888 -4.437647 1.416609 -12.397174 9.128832 -6.663846 10.697184 3.954649 10.912600 -14.985563 0.000001 -0.000001 0.000002 -11.603207 -20.229786 -1.816489 -44.904140 -21.905494 -54.029952 -27.651961 13.621365 6.602247 0.000001 0.000000 -0.000003 15.366134 18.419921 -16.469623 -2.225944 28.650953 -44.001708 3.514584 -11.334678 -20.568847 0.000000 0.000002 -0.000001 13.878094 19.176875 54.086499 -20.407728 -17.378627 50.732166 2.498768 33.030402 20.057318 -0.000001 0.000002 0.000002 15.578359 -2.857779 15.624696 47.539964 34.153999 1.892813 -0.949921 -3.039900 -12.368672 0.000001 -0.000003 0.000000 
20.886278 23.004986 -42.762772 -21.006156 -4.529554 -85.072725 -12.158228 4.290607 -21.932755 -4.680843 1.217777 -12.406882 9.607847 -6.631776 10.630571 3.952325 10.838171 -14.980065 0.000001 -0.000002 -0.000001 -11.791046 -20.413176 -1.890196 -44.640426 -21.682557 -53.841773 -27.393240 13.975271 6.035378 -0.000001 -0.000002 0.000000 15.301844 18.524277 -16.540556 -2.516668 28.449813 -43.901867 3.314891 -11.524476 -20.750658 -0.000000 -0.000002 -0.000000 14.006768 19.077765 53.904918 -19.915425 -17.105343 50.756089 1.845152 33.289215 20.098656 0.000001 0.000001 0.000000 15.676678 -2.889230 15.577901 46.938528 34.018078 2.530056 -0.747624 -3.019435 -12.817716 0.000003 0.000002 0.000002 
20.879972 22.998863 -42.829849 -21.195288 -4.836040 -85.096002 -12.381916 4.309858 -21.943362 -4.885433 1.119673 -12.522254 9.723501 -6.525027 10.766903 4.102349 10.833144 -15.040194 0.000001 -0.000000 0.000002 -11.783199 -20.348433 -1.968017 -44.994530 -21.765081 -54.238068 -27.098144 13.895882 6.289372 0.000001 -0.000004 -0.000000 15.292134 18.551029 -16.577486 -2.588461 28.595661 -43.998573 3.204786 -11.387519 -20.750272 -0.000001 0.000002 0.000001 13.648296 19.099591 53.996576 -21.077197 -17.776517 50.955008 2.570303 32.532171 19.839382 -0.000003 0.000003 0.000000 15.473640 -2.902032 15.550205 48.205194 34.247105 1.339695 -1.399205 -3.055496 -12.385997 -0.000001 0.000000 0.000002 
20.872498 22.990940 -42.900658 -20.939492 -4.461805 -85.018028 -11.983785 4.296542 -21.999276 -4.503483 1.373185 -12.480558 9.408692 -7.018380 10.730549 4.207299 11.048330 -15.173627 -0.000001 -0.000000 0.000001 -11.725017 -20.335703 -1.957687 -45.157143 -21.745290 -54.362183 -26.952627 13.845194 6.359622 0.000001 -0.000001 -0.000000 15.205336 18.387523 -16.536766 -2.647754 28.518290 -44.006902 2.805364 -11.290283 -20.813374 0.000001 0.000002 0.000001 14.083942 19.122052 53.848972 -20.816791 -17.644680 50.930467 2.266124 32.716972 19.793719 -0.000003 0.000003 0.000000 15.874200 -3.010994 15.568955 48.507208 34.293311 0.955915 -1.911670 -3.145799 -12.003316 0.000001 -0.000002 0.000000 
20.867384 22.976662 -42.973389 -20.861034 -4.293965 -85.051770 -11.672563 4.248252 -21.899468 -4.947807 1.101547 -12.599496 9.781347 -6.836927 10.705143 4.165432 11.028106 -15.187516 0.000000 -0.000000 0.000001 -11.972318 -20.141016 -2.092126 -44.676923 -21.534985 -54.244765 -26.826164 14.057700 5.944633 -0.000002 0.000001 0.000000 15.266385 18.394326 -16.723783 -2.839875 28.180869 -43.994666 2.556327 -11.614414 -20.517873 0.000000 0.000001 0.000001 14.271311 19.124106 53.867117 -21.631532 -18.197774 51.166036 2.925228 32.484363 19.719808 -0.000004 0.000004 0.000000 16.164490 -3.048891 15.585064 47.496196 34.059012 1.908338 -1.274681 -3.119398 -12.639541 0.000003 -0.000001 0.000000 
20.859690 22.970852 -43.038132 -21.108455 -4.636616 -84.984144 -12.089696 4.303154 -22.034914 -4.486654 1.394420 -12.480323 9.359761 -7.076140 10.724270 4.184456 11.094679 -15.171488 0.000002 -0.000002 -0.000001 -12.068609 -20.106105 -1.633998 -45.181377 -21.836087 -54.490419 -27.418247 13.738252 6.810842 0.000000 0.000001 -0.000000 15.613266 18.667764 -16.641071 -2.289908 28.853595 -44.420784 3.168646 -11.570003 -20.296443 -0.000000 -0.000000 -0.000000 14.051989 19.120167 53.870819 -21.286334 -17.988983 51.063911 2.991941 32.473656 19.627643 0.000002 -0.000003 0.000002 15.769384 -2.933714 15.449203 47.316624 34.065842 2.120044 -1.256956 -3.043111 -12.620004 0.000000 0.000001 0.000004 
20.855196 22.952770 -43.114708 -21.067474 -4.366581 -84.941523 -12.033439 4.268809 -21.918036 -4.133054 1.883703 -12.932622 9.260172 -7.366330 11.168772 4.053259 11.130668 -15.245132 0.000001 -0.000001 0.000001 -12.015630 -20.226456 -1.499702 -45.434063 -22.017554 -54.496597 -27.999133 13.528552 7.164921 -0.000001 -0.000001 0.000001 15.804298 18.698186 -16.647664 -2.036542 29.358568 -44.623070 3.656288 -11.475018 -20.222194 0.000001 0.000003 -0.000000 14.205036 19.123966 53.898980 -19.544540 -16.838988 50.545746 1.807142 33.379100 20.083685 -0.000004 0.000003 -0.000001 15.882900 -2.914253 15.487917 46.812300 33.948274 2.626340 -0.960435 -2.946139 -12.488944 -0.000004 0.000001 0.000000 
20.854572 22.940689 -43.190956 -21.000921 -4.131987 -84.906164 -11.479983 4.249021 -22.091651 -4.916365 1.300871 -12.976797 9.678834 -6.863745 11.220159 4.341600 11.330929 -15.345413 -0.000000 -0.000001 0.000002 -11.996992 -20.348013 -1.625933 -45.421885 -21.906083 -54.542841 -28.000533 13.624101 7.010204 0.000000 -0.000002 0.000001 15.759659 18.652523 -16.741926 -2.132706 29.087378 -44.640586 3.727276 -11.700107 -20.037687 0.000001 -0.000002 -0.000001 14.313885 19.142466 53.850755 -20.795177 -17.648883 50.859703 2.452494 32.734187 19.649534 -0.000002 0.000003 -0.000001 16.079239 -2.965343 15.490138 46.348632 33.810147 3.022584 -0.750011 -2.977437 -12.543358 0.000000 0.000000 0.000002 
20.855549 22.925949 -43.265038 -20.868461 -4.083765 -84.840498 -11.473967 4.263078 -22.060995 -5.397313 1.018399 -13.144765 9.960790 -6.461108 11.301808 4.733748 11.557814 -15.182626 0.000000 0.000000 0.000001 -12.087750 -20.108601 -1.815123 -45.342033 -21.693779 -54.423111 -27.100930 14.056266 6.426077 0.000002 -0.000003 -0.000002 15.793534 18.440966 -16.950791 -2.229401 28.463251 -44.458282 2.639147 -11.706648 -20.290284 0.000001 -0.000000 0.000001 14.563589 19.088774 53.751167 -21.009641 -17.808325 50.949700 2.732319 32.738039 19.717757 -0.000003 0.000000 -0.000002 16.214270 -2.993646 15.409527 45.320631 33.563939 3.993801 0.185337 -2.953816 -12.874633 -0.000003 0.000000 0.000002 
20.854774 22.906910 -43.344650 -20.716949 -3.953833 -84.774013 -11.458078 4.248696 -22.036567 -5.347668 1.147435 -13.335103 10.148701 -6.548547 11.390783 4.359337 11.066716 -15.108969 0.000000 0.000001 0.000001 -12.133488 -20.065866 -1.753874 -45.600354 -21.894897 -54.817196 -27.020090 13.807640 6.303082 -0.000000 -0.000001 -0.000001 15.565373 18.345371 -16.764356 -1.996605 28.518372 -44.533120 2.848395 -11.494883 -20.284796 0.000001 0.000005 0.000001 14.603677 19.037496 53.719499 -21.416581 -18.049977 51.010288 2.918423 32.504399 19.653934 -0.000001 0.000002 -0.000001 16.174863 -2.974605 15.433222 45.260699 33.488810 3.976968 0.284179 -2.913955 -12.905352 -0.000001 0.000001 0.000004 
20.855854 22.899658 -43.417114 -20.532001 -4.059887 -84.778070 -11.743972 4.272831 -22.041770 -4.493062 1.643860 -13.023824 9.604650 -7.415445 11.213670 4.789362 11.595735 -15.232019 0.000001 0.000001 0.000001 -12.087655 -20.224938 -1.749015 -45.988504 -21.929297 -54.742908 -26.875053 13.909263 6.519407 -0.000000 -0.000002 0.000000 15.734220 18.510287 -16.844824 -2.230141 28.936544 -44.470938 2.917678 -11.402845 -20.552698 -0.000000 -0.000002 0.000001 14.420196 18.997350 53.686236 -20.734388 -17.588608 50.928339 2.118039 32.740676 19.763347 -0.000002 0.000003 0.000000 16.203522 -2.971317 15.485178 45.743515 33.578340 3.551258 -0.400525 -2.894221 -12.697498 -0.000001 0.000000 0.000002 
20.860157 22.873611 -43.499603 -20.240443 -3.963249 -84.855046 -11.583661 4.225210 -21.876838 -5.027700 1.355433 -13.223763 10.191805 -7.108655 11.284279 4.498003 11.302851 -15.182522 -0.000001 -0.000002 -0.000001 -12.108415 -20.316521 -1.588259 -46.485639 -22.096560 -54.976739 -26.951141 13.685006 7.161537 -0.000000 -0.000002 -0.000000 15.863365 18.574698 -16.838470 -1.931964 29.017280 -44.555298 2.884559 -11.239937 -20.611096 0.000001 0.000002 0.000000 14.367344 18.996387 53.660145 -21.182580 -17.918137 51.098687 2.607288 32.980146 20.035781 -0.000004 0.000004 0.000000 16.404697 -2.966306 15.655075 45.518098 33.466619 3.642811 -0.225864 -2.842507 -12.440044 -0.000000 0.000003 0.000004 
20.867376 22.849571 -43.579918 -20.207475 -3.917129 -84.848332 -11.475633 4.192431 -21.811910 -4.855548 1.598380 -13.413062 10.047684 -7.266745 11.461464 4.248563 11.187816 -15.257792 0.000001 0.000000 -0.000001 -12.106567 -20.190148 -1.454214 -46.682834 -22.308161 -55.331810 -27.176814 13.426429 7.563353 0.000000 -0.000001 -0.000000 16.082560 18.384088 -16.858486 -1.676121 29.079800 -44.516216 3.166994 -11.029448 -20.598539 -0.000000 -0.000000 -0.000001 14.309501 19.036885 53.664694 -23.034125 -19.091318 51.445822 3.501374 32.057524 19.633828 -0.000003 0.000003 -0.000001 16.381471 -3.004557 15.598776 46.336461 33.621955 2.753457 -0.336958 -2.818225 -11.780239 -0.000000 0.000000 -0.000001 
20.871424 22.804508 -43.678505 -20.676525 -4.449055 -85.093406 -12.223238 4.183807 -21.446128 -4.889229 1.802459 -13.823519 10.292754 -6.953913 11.855752 3.780546 10.827393 -15.246709 -0.000001 -0.000002 0.000001 -12.326688 -20.456070 -1.230503 -46.892677 -22.399921 -55.420029 -27.491264 13.330864 7.901312 0.000003 -0.000002 0.000001 16.446865 18.462044 -16.991173 -1.852320 29.625659 -44.637038 3.587749 -11.014321 -20.723023 0.000001 -0.000000 0.000000 13.752531 19.148726 54.053567 -19.936894 -17.007352 50.568716 1.510328 33.687135 20.360690 0.000002 0.000003 -0.000001 15.707116 -2.833678 15.854413 47.628921 34.032486 1.612338 -0.887627 -2.874074 -11.120119 0.000001 0.000000 -0.000001 
20.871746 22.791779 -43.759361 -20.987103 -4.528447 -85.082499 -12.314735 4.225537 -21.581992 -4.861231 1.791561 -13.792633 10.143431 -6.695330 11.954537 3.872049 10.928523 -15.217564 -0.000001 -0.000002 0.000001 -12.315651 -20.463119 -1.347963 -46.456522 -22.352981 -55.056133 -27.628407 13.361665 7.543529 -0.000000 0.000001 0.000000 16.263039 18.533131 -16.938890 -1.783254 29.656780 -44.732155 3.584871 -11.143182 -20.612737 0.000002 -0.000000 -0.000000 13.670778 19.176513 54.189700 -19.490698 -16.717472 50.387651 1.318449 33.451299 20.062103 -0.000002 0.000003 0.000000 15.517686 -2.795135 15.830387 47.708492 34.083610 1.569240 -0.991837 -2.909510 -11.362286 0.000003 0.000003 0.000001 
20.874428 22.774067 -43.842960 -21.222482 -4.792170 -85.155220 -12.888855 4.244048 -21.451824 -4.315563 2.111135 -13.641183 9.766058 -6.873160 11.858171 4.153625 11.276178 -15.362333 -0.000000 -0.000001 -0.000001 -12.174817 -20.334887 -1.401465 -46.531780 -22.376197 -55.342810 -27.679507 13.387966 7.755498 -0.000002 0.000001 -0.000000 16.328834 18.438943 -17.016108 -1.719920 29.610321 -44.737319 3.780920 -11.222736 -20.323317 0.000001 -0.000000 -0.000000 13.435883 19.208435 54.247203 -20.495492 -17.355031 50.612375 2.379944 32.860313 19.959247 -0.000001 0.000003 0.000000 15.049825 -2.747773 15.835000 47.628593 34.103114 1.784865 -0.838498 -2.863169 -11.472980 -0.000001 0.000001 0.000001 
20.877911 22.764698 -43.921520 -20.740235 -4.240246 -84.945458 -11.938009 4.213947 -21.814378 -5.100499 1.553464 -13.655391 10.248707 -6.859795 11.861334 4.405043 11.521645 -15.189864 0.000001 0.000000 0.000001 -12.263407 -20.343414 -1.316322 -46.417877 -22.381213 -55.011201 -27.674998 13.393638 7.569699 -0.000000 -0.000001 0.000001 16.316198 18.646696 -16.940138 -1.709815 29.681837 -44.673235 3.857377 -11.204923 -20.500823 0.000000 -0.000002 -0.000001 14.027930 19.084220 54.000855 -21.110952 -17.818930 50.883939 2.492930 32.581788 19.822276 -0.000000 0.000002 -0.000001 15.855191 -2.851139 15.723024 46.590875 33.788618 2.630591 -0.477120 -2.837682 -12.004024 0.000002 0.000000 0.000001 
20.876316 22.763813 -43.992355 -20.967446 -4.388150 -84.849097 -12.153074 4.295717 -21.958660 -5.129618 1.487905 -13.548543 10.307742 -6.595758 11.739920 4.256012 11.264777 -15.031146 0.000001 -0.000000 0.000002 -12.389611 -20.408226 -1.404557 -46.078929 -22.159753 -54.919137 -27.605104 13.649040 7.245169 0.000001 -0.000004 -0.000001 15.935166 18.571421 -16.807540 -1.782026 29.286256 -44.575525 3.498759 -11.443570 -20.551884 -0.000001 0.000003 0.000000 13.924936 19.059686 53.945906 -20.630293 -17.510805 50.742350 2.412132 32.678179 19.782407 -0.000006 0.000001 0.000000 15.595198 -2.798554 15.589929 46.231744 33.793973 3.108058 -0.202785 -2.802421 -12.168979 -0.000000 0.000002 0.000002 
20.878086 22.763012 -44.061832 -20.742634 -4.076958 -84.775905 -11.950906 4.281870 -21.993202 -4.449025 1.933292 -13.510740 9.874538 -7.448081 11.793884 4.317171 11.288356 -15.187373 0.000001 -0.000001 0.000001 -12.377822 -20.547991 -1.474184 -46.054733 -22.061583 -54.902188 -27.556052 13.807989 7.333144 0.000000 -0.000002 0.000001 16.062897 18.696021 -16.935673 -1.922203 29.227302 -44.595200 3.539791 -11.617643 -20.413567 -0.000001 -0.000000 -0.000001 14.261833 19.023494 53.789666 -21.627283 -18.188889 51.079771 2.860732 32.302686 19.668705 0.000001 0.000003 -0.000001 15.907789 -2.885591 15.564360 45.592295 33.584016 3.712698 0.015358 -2.724514 -12.186577 0.000001 0.000000 0.000002 
20.876598 22.758972 -44.134525 -20.967745 -4.666100 -85.000004 -12.710606 4.309265 -21.741804 -4.571081 1.936713 -13.714306 10.079139 -7.052206 12.000380 4.457759 11.412689 -15.262833 0.000001 0.000001 0.000002 -12.307478 -20.270670 -1.722083 -45.814484 -21.978249 -54.918293 -27.233511 13.968550 7.024457 -0.000002 -0.000004 -0.000000 15.888584 18.515456 -16.968270 -1.970630 29.003678 -44.559509 3.510237 -11.714325 -20.154246 0.000001 -0.000000 -0.000000 13.620914 19.119759 54.095843 -21.238323 -17.861541 50.905239 2.809696 32.419360 19.810165 -0.000002 0.000000 0.000004 15.192337 -2.774849 15.762075 46.398834 33.791227 2.976871 -0.297569 -2.768527 -11.675154 -0.000000 0.000001 0.000000 
20.873468 22.770008 -44.197750 -21.012843 -4.677487 -84.926381 -12.479406 4.304825 -21.978439 -4.336754 2.015846 -13.460093 9.689928 -7.233797 11.914268 4.328944 11.375021 -15.205101 0.000000 0.000000 -0.000001 -12.118083 -20.211261 -1.677767 -46.227075 -22.189831 -54.831973 -26.952353 13.845746 6.542971 -0.000000 -0.000002 0.000001 15.896750 18.630903 -16.768610 -1.446151 29.017915 -44.588537 3.401070 -11.352067 -20.331745 0.000001 -0.000000 -0.000001 13.619515 19.016888 54.073873 -20.888706 -17.587998 50.739351 2.408327 32.576973 19.933992 -0.000001 0.000002 -0.000001 15.394553 -2.771948 15.667720 46.587009 33.816984 2.773150 -0.487218 -2.821587 -11.782763 -0.000000 0.000000 0.000002 
20.866381 22.790428 -44.256092 -20.883464 -4.702325 -84.902509 -12.283619 4.300594 -22.058497 -4.841077 1.649607 -13.395677 10.144473 -6.917541 11.825358 3.932712 11.079882 -15.170945 -0.000001 0.000001 0.000001 -12.338271 -20.383532 -1.491109 -46.432374 -22.350039 -54.827820 -27.350869 13.776107 6.904821 -0.000000 -0.000001 0.000000 15.757798 18.538892 -16.542242 -1.226980 29.388525 -44.747783 3.673978 -11.299961 -20.396943 0.000001 -0.000002 -0.000001 13.746830 18.965132 54.019901 -20.847486 -17.563435 50.729178 1.941241 32.732705 19.945805 -0.000003 0.000004 0.000000 15.532426 -2.766661 15.659392 46.501721 33.771942 2.736525 -0.454813 -2.820830 -11.753796 -0.000000 0.000006 0.000004 
20.866709 22.787575 -44.326694 -20.894966 -4.535715 -84.938320 -12.276875 4.303624 -22.049855 -4.725717 1.873136 -13.680094 10.201631 -7.111813 12.142908 4.017222 11.158589 -15.098410 -0.000000 0.000000 0.000001 -12.115631 -20.153696 -1.572761 -46.650882 -22.461492 -55.028297 -26.930321 13.620878 7.058409 -0.000002 0.000001 0.000000 15.817692 18.443737 -16.594713 -1.444543 29.523028 -44.644418 3.845851 -11.156356 -20.251535 -0.000000 -0.000000 -0.000001 13.771929 19.030668 54.110487 -21.371286 -17.895709 50.855768 2.355479 32.532102 19.929684 -0.000002 -0.000001 0.000000 15.576409 -2.796857 15.779776 46.568650 33.785640 2.781316 -0.185127 -2.722773 -11.475275 0.000002 0.000001 0.000001 
20.861801 22.780735 -44.399673 -20.696846 -4.521438 -84.938675 -12.188853 4.271573 -21.961053 -5.022005 1.716084 -13.806129 10.396847 -6.919765 12.139579 4.058574 11.138087 -15.185910 0.000001 -0.000000 0.000002 -12.095828 -20.113724 -1.544996 -46.500881 -22.360974 -55.143775 -26.875725 13.652332 6.708876 -0.000002 -0.000001 -0.000001 15.939350 18.527431 -16.719024 -1.582428 29.314042 -44.536723 3.793850 -11.226066 -20.219356 0.000000 -0.000002 0.000001 13.579359 19.044548 54.100532 -21.053416 -17.713474 50.799662 2.050230 32.675707 19.909115 0.000001 0.000002 -0.000001 15.648110 -2.804837 15.850963 46.764222 33.802640 2.495773 -0.429766 -2.781264 -11.572263 0.000002 -0.000000 0.000001 
20.860918 22.790661 -44.463730 -20.973371 -4.868184 -84.981965 -12.619183 4.314302 -21.891880 -5.199097 1.575827 -13.778880 10.395295 -6.446906 12.108744 4.118063 11.023930 -15.144406 -0.000001 -0.000002 0.000001 -12.207110 -20.293177 -1.505095 -46.200988 -22.231716 -54.940549 -26.952376 13.761816 6.641876 0.000001 -0.000002 0.000001 16.085668 18.583295 -16.806333 -1.854873 29.303233 -44.406571 3.913172 -11.361427 -20.328590 0.000001 -0.000004 -0.000001 13.281766 19.104345 54.210132 -19.796595 -16.895972 50.497351 1.395361 33.223222 20.126658 -0.000005 0.000004 0.000000 15.286558 -2.739564 15.820209 47.480350 34.032189 1.840240 -0.740815 -2.803098 -11.490788 0.000002 0.000003 0.000001 
20.864140 22.790146 -44.532398 -20.701199 -4.511365 -84.937992 -12.246091 4.263406 -21.829961 -5.001883 1.829912 -14.027907 10.541556 -6.905143 12.347474 4.067390 11.102353 -15.375678 0.000001 0.000001 -0.000001 -12.385605 -20.215883 -1.636327 -46.042667 -22.178628 -54.893523 -26.987812 13.840004 6.799125 0.000001 -0.000001 0.000001 16.017482 18.609786 -16.856352 -1.864622 29.040445 -44.387067 3.987612 -11.530596 -20.149734 0.000001 -0.000002 0.000001 13.498692 19.038133 54.178321 -21.487524 -17.990566 50.888181 2.476645 32.541617 19.859036 -0.000002 0.000003 0.000000 15.609868 -2.743496 15.883086 46.928884 33.860301 2.251859 -0.489094 -2.860109 -11.592790 0.000001 0.000003 -0.000001 
20.857574 22.796814 -44.594891 -20.417172 -4.425222 -84.878679 -11.892806 4.268820 -22.022895 -5.494223 1.371189 -13.882147 10.793114 -6.801532 12.182220 4.350715 11.384017 -15.393378 -0.000000 0.000000 0.000001 -12.305987 -20.483678 -1.527343 -46.001543 -22.151782 -54.849906 -27.313684 13.827738 6.935849 0.000001 -0.000004 -0.000001 16.097742 18.740338 -16.858493 -1.905660 29.054563 -44.327303 4.263036 -11.735165 -20.186117 0.000001 -0.000000 -0.000001 13.634425 19.028181 54.056545 -21.350099 -17.974423 50.957907 3.078992 32.793354 20.020603 -0.000003 -0.000002 0.000004 15.976104 -2.769669 15.912454 46.218046 33.670019 2.815118 -0.628102 -2.871644 -11.847047 0.000003 0.000001 0.000001 
20.859686 22.792873 -44.662003 -20.875695 -4.786788 -85.074746 -12.482753 4.282860 -21.786873 -4.697376 1.912262 -13.881793 10.203177 -6.954374 12.287758 3.918577 10.911701 -15.392396 -0.000000 0.000000 -0.000003 -12.297349 -20.615271 -1.536327 -45.891238 -22.036683 -54.768773 -27.396625 13.784221 6.677192 0.000001 -0.000001 -0.000000 15.970932 18.850936 -16.805786 -2.003786 29.006816 -44.376159 4.347545 -11.733548 -20.150240 -0.000001 -0.000000 0.000000 13.303830 19.196308 54.330439 -21.135445 -17.795493 50.764100 2.935318 32.813861 19.973276 0.000000 0.000004 0.000000 15.489363 -2.734237 15.941320 47.563580 34.082593 1.655100 -1.243111 -2.933663 -11.122331 0.000002 0.000004 0.000002 
20.856863 22.801182 -44.723854 -20.984346 -4.553903 -85.026013 -12.438592 4.295293 -21.846951 -4.320014 2.139202 -13.834323 9.920584 -7.228107 12.295161 3.981339 10.825757 -15.388821 -0.000001 0.000001 -0.000001 -12.382932 -20.546543 -1.862640 -45.048789 -21.700834 -54.145956 -27.307824 14.175965 6.240536 0.000002 -0.000002 0.000001 15.584542 18.463584 -16.852447 -2.555257 28.949969 -44.319479 3.842553 -11.923581 -20.148459 0.000000 -0.000000 0.000001 13.584740 19.152151 54.305024 -21.201645 -17.795640 50.675878 3.060829 32.763239 19.941960 0.000003 0.000004 0.000000 15.718128 -2.781904 15.843723 46.999577 33.912811 2.162794 -0.724377 -2.921770 -11.853436 -0.000003 0.000000 -0.000001 
20.854897 22.803474 -44.787647 -21.317826 -4.793490 -85.152460 -12.762955 4.321172 -21.724803 -4.800485 1.818069 -13.880538 10.183924 -6.559225 12.297603 4.007920 10.882858 -15.182536 0.000002 0.000000 -0.000001 -12.306306 -20.286779 -2.187280 -44.637236 -21.679237 -54.424651 -27.263602 14.205909 6.127971 0.000000 -0.000004 -0.000001 15.461238 18.391649 -16.941437 -2.959170 28.811135 -44.067544 3.842048 -11.743388 -20.422733 0.000001 -0.000002 -0.000001 13.299282 19.206683 54.494968 -21.378308 -17.865186 50.680892 2.110286 32.510433 19.584196 -0.000000 0.000003 0.000000 15.472745 -2.777683 15.838722 48.210142 34.205990 1.014338 -1.006260 -3.045631 -11.140434 0.000001 0.000001 0.000001 
20.857864 22.811245 -44.847565 -21.120972 -4.591322 -84.984485 -12.643330 4.350068 -22.101092 -4.228536 2.046254 -13.484690 9.625942 -7.196618 12.127125 4.411110 11.257221 -15.076022 -0.000001 -0.000000 0.000002 -12.160732 -20.532998 -1.753918 -45.125619 -22.088261 -54.703784 -27.773627 13.516024 6.767079 0.000001 0.000001 -0.000000 15.839243 18.515057 -16.825787 -2.566990 29.509822 -44.390458 4.608551 -11.501741 -20.156672 -0.000001 0.000003 0.000000 13.506459 19.165900 54.347655 -20.670886 -17.412217 50.526413 1.740948 32.933574 19.792111 -0.000001 0.000003 0.000000 15.591070 -2.763503 15.848272 48.128645 34.183119 1.110407 -1.042798 -2.973813 -11.059291 0.000003 0.000001 0.000001 
20.858772 22.823967 -44.901833 -21.145257 -4.640516 -84.906327 -12.814000 4.361269 -22.172736 -4.587340 1.760013 -13.344676 9.929484 -6.753033 11.891910 4.460953 11.418420 -14.945055 -0.000001 0.000000 0.000001 -11.985894 -20.453942 -1.509512 -45.766666 -22.388341 -55.338807 -27.796059 13.364828 6.983001 -0.000001 -0.000001 0.000001 15.952665 18.532345 -16.653589 -2.169130 29.632779 -44.335946 4.879961 -11.221456 -20.425046 -0.000001 -0.000002 -0.000001 13.618128 19.125262 54.257868 -20.764707 -17.502216 50.579689 1.863655 32.794443 19.741424 -0.000001 0.000003 -0.000001 15.411193 -2.714333 15.804329 47.665407 34.085806 1.574567 -0.906281 -2.908116 -11.027334 0.000003 -0.000001 -0.000001 
20.871572 22.824108 -44.963905 -20.828138 -4.297373 -84.855470 -12.517364 4.322965 -22.176005 -4.575150 1.810664 -13.437100 9.966880 -7.056878 11.863605 4.309495 11.223812 -14.888288 0.000001 0.000001 0.000004 -11.974431 -20.605625 -1.329437 -45.783325 -22.455630 -55.289575 -27.996390 13.158397 7.134671 0.000001 0.000001 0.000000 15.942309 18.534886 -16.568342 -2.256559 29.907264 -44.361997 5.180713 -11.171015 -20.409208 -0.000000 0.000002 -0.000000 13.924101 19.091665 54.127811 -21.311874 -17.879647 50.730202 2.328844 32.969296 19.960425 -0.000001 0.000003 -0.000003 15.633116 -2.718906 15.923476 46.641610 33.789786 2.483513 -0.083381 -2.713709 -11.058284 0.000002 0.000000 -0.000001 
20.882082 22.828026 -45.027054 -20.984674 -4.245803 -84.854220 -12.596471 4.324310 -22.147085 -4.043875 2.282732 -13.674319 9.557453 -7.412968 12.156172 4.237397 11.169240 -14.913455 -0.000000 0.000001 0.000002 -11.973850 -20.795728 -1.253050 -45.695045 -22.475011 -55.485496 -28.438208 13.132565 7.556525 0.000001 0.000001 0.000000 16.059759 18.719496 -16.614032 -2.274343 29.805778 -44.320708 5.510567 -11.316094 -20.458703 0.000001 -0.000000 -0.000001 14.027187 19.131951 54.141284 -20.368266 -17.262306 50.441685 1.412359 33.418080 19.988830 -0.000002 0.000003 0.000002 15.662992 -2.736612 15.854981 46.834505 33.877998 2.335570 -0.144854 -2.682140 -10.786024 -0.000003 0.000003 0.000001 
20.885662 22.832993 -45.088154 -20.733492 -4.031398 -84.746440 -12.406815 4.299844 -22.182422 -4.351160 2.127419 -13.818224 9.814032 -7.280857 12.229409 4.384095 11.424933 -15.044697 -0.000000 -0.000002 0.000001 -11.906788 -20.756974 -1.100758 -45.611863 -22.687737 -55.855897 -29.116178 12.707727 7.537868 -0.000001 -0.000003 -0.000001 15.863651 18.473029 -16.307377 -2.656572 30.155169 -44.011174 5.684693 -10.714340 -21.684198 -0.000001 0.000001 0.000001 14.250309 19.149783 53.973340 -19.946681 -16.985905 50.476870 0.977206 33.613325 20.104397 -0.000003 0.000003 -0.000001 15.839653 -2.815288 15.838060 46.273531 33.696127 2.924169 -0.122138 -2.649380 -10.999222 0.000001 -0.000000 0.000002 
20.902550 22.825630 -45.157963 -20.735860 -3.785281 -84.704953 -12.179958 4.311599 -22.288967 -5.079719 1.820501 -14.130966 10.385979 -6.713126 12.647664 4.533726 11.476250 -15.157619 0.000000 0.000001 0.000001 -11.889052 -20.732834 -0.958075 -43.942644 -22.838233 -55.507800 -30.963297 12.062180 7.114586 0.000002 -0.000001 -0.000001 16.017902 18.695645 -16.217780 -3.959272 30.546942 -42.918248 6.031343 -10.025422 -23.624021 0.000001 -0.000000 -0.000002 14.514326 19.118244 53.963060 -21.723101 -18.121839 50.914081 2.619271 32.562380 19.775221 -0.000001 0.000000 0.000002 16.102632 -2.804093 15.825031 45.634471 33.544879 3.661591 -0.064336 -2.506209 -11.280729 -0.000000 -0.000002 0.000000 
20.902534 22.823708 -45.225266 -20.939420 -4.155721 -84.501611 -12.344433 4.371533 -22.576130 -5.675224 1.441848 -14.137055 10.752191 -6.326797 12.604611 4.327666 11.546628 -15.196018 0.000000 0.000000 0.000001 -11.550846 -20.619272 -0.777274 -43.117113 -23.136526 -55.805671 -32.616913 11.309861 6.449617 -0.000002 -0.000003 -0.000000 15.921301 18.481913 -15.890522 -4.806119 30.930846 -42.093278 5.930528 -9.161754 -25.269511 -0.000000 0.000000 -0.000001 14.098571 19.107212 53.851957 -23.108907 -19.005655 51.159671 3.312601 32.052596 19.608988 -0.000003 0.000004 0.000000 16.013008 -2.860787 15.468951 47.221831 33.985088 2.193901 -0.987708 -2.676780 -10.846187 0.000002 0.000001 0.000000 
20.913317 22.797302 -45.314796 -21.115895 -4.310994 -84.355083 -12.979677 4.507255 -22.693329 -4.880816 2.116224 -14.421470 10.516354 -6.852051 13.109058 4.571341 11.825181 -15.310755 -0.000001 0.000000 -0.000001 -11.384742 -20.192032 -1.416529 -39.777727 -22.639579 -54.978751 -34.403957 11.371677 3.499854 0.000000 -0.000002 -0.000000 15.226332 18.871389 -15.765146 -6.743447 29.928000 -40.385030 5.006942 -8.464895 -28.177573 -0.000001 0.000001 0.000001 13.831810 19.069962 53.777843 -21.176120 -17.727054 50.689078 2.014680 32.820555 19.839895 -0.000002 0.000004 -0.000003 15.699878 -2.873668 15.314167 47.037928 33.998127 2.485495 -0.818428 -2.689804 -11.335433 -0.000001 0.000006 0.000004 
20.899246 22.799973 -45.388268 -22.029640 -4.646534 -84.318515 -13.090533 4.486387 -22.774072 -6.345134 1.248770 -14.775711 11.486020 -5.433379 13.215800 4.313786 11.508825 -15.079449 -0.000000 0.000001 0.000002 -10.516980 -19.768029 -1.510349 -36.663346 -22.745136 -54.687241 -37.157937 10.723785 -1.074408 -0.000001 -0.000004 -0.000001 14.145889 18.565472 -14.883109 -8.477083 29.548911 -38.403685 2.978054 -6.643510 -31.639034 0.000000 -0.000000 0.000001 13.454700 19.171176 53.985463 -21.712425 -18.034363 50.654035 2.613834 31.888367 19.444983 -0.000000 0.000003 -0.000001 15.347526 -2.836021 14.915198 48.940413 34.634626 1.137794 -2.119815 -2.811610 -10.776822 0.000000 -0.000003 -0.000002 
20.884613 22.806175 -45.452827 -22.200661 -4.463165 -84.077300 -13.013821 4.532595 -23.018682 -5.813130 1.584861 -14.695164 11.016445 -5.979933 13.256163 4.516595 11.828405 -15.054087 -0.000001 0.000001 0.000002 -9.572936 -19.303556 -1.838623 -33.902115 -22.519829 -54.022012 -38.590760 10.616339 -5.718622 -0.000001 0.000001 -0.000001 13.245062 17.903198 -14.274626 -9.666991 28.661414 -36.777772 1.309331 -4.961161 -34.396874 0.000001 -0.000004 -0.000001 13.856396 19.067276 53.735376 -23.470943 -19.165661 51.052959 3.888729 30.968805 19.244043 -0.000000 0.000003 0.000000 15.579699 -2.950166 14.558241 49.320694 34.783189 1.113883 -2.544120 -2.705111 -10.436991 -0.000002 0.000005 0.000000 
20.872299 22.763870 -45.539181 -22.226803 -4.126620 -83.971678 -13.345594 4.562247 -22.789488 -6.140916 1.640676 -15.056281 11.892256 -6.067149 13.523712 4.800752 12.476049 -15.133003 0.000000 -0.000002 -0.000001 -8.810702 -18.562386 -2.294523 -30.353402 -22.278655 -53.067517 -37.713491 10.911376 -12.430975 0.000002 -0.000003 -0.000001 11.931250 16.556160 -13.666221 -11.965105 27.672450 -34.281969 -1.604101 -2.396813 -38.346161 0.000001 -0.000000 0.000000 14.085479 18.954675 53.573234 -26.730394 -21.355649 51.776584 6.298113 29.460190 19.067906 -0.000005 0.000002 -0.000001 15.925862 -3.077432 14.300090 49.332097 34.905098 1.454844 -2.678925 -2.725198 -10.633848 -0.000001 0.000003 -0.000001 
20.845224 22.664200 -45.656242 -22.504235 -3.658558 -84.296193 -13.254562 4.365532 -21.860832 -6.235798 1.959546 -15.786954 12.407331 -6.036949 13.996276 4.739990 13.034406 -15.580712 0.000001 -0.000001 0.000001 -7.663589 -17.070745 -3.042834 -25.145000 -20.934443 -50.244760 -35.925067 11.369724 -21.004141 -0.000000 0.000001 0.000000 11.436599 14.750833 -13.765291 -15.169218 24.893359 -30.284410 -8.246093 1.614439 -41.027423 -0.000003 0.000005 0.000001 13.989704 19.283709 53.831357 -29.385922 -23.101498 52.088884 7.751361 28.701193 19.131922 0.000003 0.000000 -0.000003 16.641764 -3.519199 14.184667 51.799902 35.538632 -0.641808 -3.796064 -2.951766 -10.938221 -0.000005 0.000001 0.000000 
20.834471 22.528561 -45.799545 -22.235918 -2.414318 -84.487828 -12.382197 4.103152 -20.967112 -6.982089 1.761128 -16.479805 12.919378 -5.191680 14.421378 4.562423 13.334348 -16.103300 -0.000001 -0.000000 0.000002 -7.346098 -15.490102 -3.422056 -20.093658 -19.724926 -48.574229 -33.169871 11.398919 -28.360580 -0.000001 -0.000001 -0.000002 11.329266 13.026718 -14.234493 -17.461466 21.598767 -26.911799 -13.669115 4.788213 -42.597482 0.000000 0.000002 -0.000000 14.751045 19.402655 53.809969 -32.630652 -25.340550 52.538898 9.446980 27.737994 18.972652 0.000001 0.000003 -0.000001 17.949054 -3.850516 14.409971 51.960131 35.640928 -0.626738 -3.490912 -2.935553 -11.299831 -0.000001 0.000002 0.000002 
20.852301 22.344849 -45.976757 -21.083138 -1.521012 -84.428358 -11.651364 3.884479 -20.433897 -7.292715 1.944081 -17.177417 13.216361 -4.498629 15.040106 4.151789 13.518894 -15.450387 0.000001 0.000001 0.000002 -7.363175 -12.781464 -3.078853 -13.818930 -18.307260 -44.436589 -29.252635 9.600107 -35.112770 0.000004 -0.000005 -0.000002 10.450522 11.357618 -13.187955 -19.756872 19.142698 -22.908707 -20.197242 9.430375 -43.110470 -0.000002 0.000002 0.000001 15.389736 19.320116 53.342370 -36.432458 -27.967261 52.964640 11.902528 26.504547 18.829641 0.000000 0.000001 0.000000 18.506464 -3.840615 14.901149 47.552064 34.614702 3.391048 -1.030099 -2.862019 -12.672044 0.000005 0.000001 0.000001 
20.867750 22.166367 -46.159592 -21.328685 -2.072914 -84.523318 -12.564305 3.937215 -20.653269 -5.924067 2.808927 -16.812195 12.524485 -5.728353 15.540741 4.298616 14.519836 -14.477341 -0.000001 0.000001 0.000004 -7.522936 -10.829163 -2.212340 -8.058327 -16.320295 -39.042994 -23.575310 6.348731 -42.981175 0.000000 -0.000007 -0.000002 10.310605 10.039812 -12.373065 -20.301373 16.074251 -18.919955 -28.554869 13.235619 -40.382448 -0.000001 0.000003 0.000000 15.291988 19.177457 53.222463 -37.009694 -28.237085 52.780024 12.662991 25.863225 18.660857 -0.000000 0.000000 -0.000001 17.695915 -3.565511 14.791750 45.382167 34.059701 5.460772 0.116405 -2.949784 -13.361795 0.000003 0.000005 -0.000001 
20.874426 21.996555 -46.334217 -21.543866 -2.286307 -84.520681 -12.212183 3.904852 -21.063714 -6.365875 2.169618 -15.771682 12.692803 -5.639899 15.026163 3.376952 13.785518 -13.538018 -0.000000 -0.000001 0.000001 -8.110363 -9.632392 -1.177284 -4.066155 -15.041477 -35.368704 -18.050204 2.456652 -49.121716 0.000002 0.000000 0.000004 10.610946 8.793204 -11.908009 -20.289036 14.226943 -15.834723 -35.107206 16.257800 -37.177413 -0.000001 -0.000000 0.000002 15.412102 19.071828 52.974114 -35.485022 -27.252146 52.780143 10.972328 26.033106 18.380350 -0.000003 -0.000001 -0.000003 17.424432 -3.491148 14.509231 46.326571 34.280088 4.569723 -0.595453 -3.055425 -13.841774 -0.000002 0.000000 0.000004 
20.908590 21.779758 -46.558231 -21.387119 -2.173324 -84.803649 -12.156780 3.719066 -20.286639 -5.746122 2.420371 -15.357614 12.052005 -6.128263 14.570856 2.951811 12.857988 -13.431879 0.000001 0.000000 -0.000001 -9.199336 -6.175440 -0.447726 1.043237 -10.287447 -28.315567 -10.247410 -1.853297 -52.887166 0.000001 0.000003 -0.000001 12.181721 5.568045 -13.146191 -17.985573 8.806259 -11.832224 -42.923590 17.322956 -32.140446 -0.000002 -0.000000 0.000000 15.415018 19.199021 53.120266 -37.905351 -28.653952 52.451499 10.601048 25.559942 18.046316 -0.000002 0.000005 -0.000001 17.394064 -3.234518 14.937661 44.667480 33.638945 5.844119 0.715259 -2.346391 -14.082193 -0.000003 -0.000000 0.000000 
20.955402 21.578171 -46.799393 -22.103119 -2.423099 -85.132093 -12.291898 3.554526 -19.898605 -5.818693 2.423461 -14.974456 11.880352 -5.550453 14.455771 3.017695 12.959061 -13.474905 -0.000001 0.000003 0.000000 -8.883176 -3.546174 0.357844 3.774465 -7.695866 -23.018146 -6.925231 -4.897173 -53.745772 -0.000003 0.000001 -0.000000 13.349030 3.640831 -12.857014 -15.749127 7.219797 -9.053653 -50.688347 17.305449 -26.458770 -0.000002 -0.000000 0.000001 15.581425 19.405455 53.838932 -40.288848 -29.587724 51.732809 11.990406 25.361575 18.864728 -0.000002 0.000002 -0.000005 17.456756 -3.013463 15.341792 43.490540 33.204814 7.263900 1.022795 -1.925245 -15.270457 0.000001 0.000000 0.000002 
20.994175 21.499542 -46.960320 -22.074903 -2.996542 -84.896663 -13.050126 3.874031 -20.639356 -3.510165 2.461482 -11.732007 9.389432 -6.351145 11.651654 2.990019 12.383240 -12.414028 0.000001 -0.000001 -0.000001 -7.980057 -3.296726 -0.446716 6.344041 -3.441756 -19.490790 0.764496 -7.724029 -54.522552 -0.000003 -0.000000 0.000002 12.080229 3.742130 -12.259232 -14.843350 2.997808 -6.673295 -57.592012 14.597683 -21.132469 0.000004 -0.000000 -0.000000 15.543743 19.383602 53.324414 -37.746692 -28.218466 51.943664 9.978313 25.510116 18.189441 0.000001 -0.000001 -0.000003 16.723114 -3.096144 15.181870 40.722127 32.508043 10.355097 1.797043 -1.905487 -17.449672 -0.000001 0.000000 0.000002 
20.987291 21.424213 -47.107834 -21.885977 -3.695736 -84.021039 -13.575967 4.135487 -21.669515 -2.557314 2.295014 -9.658150 8.196718 -6.491110 10.577688 3.299692 12.255476 -12.313816 0.000001 -0.000000 0.000001 -8.509471 -1.690544 -0.306385 3.628659 0.057364 -11.889111 5.612233 -9.806203 -54.231340 -0.000000 -0.000001 -0.000001 11.855418 2.698580 -12.277426 -10.084984 0.859339 -5.460344 -59.768035 13.905914 -19.690973 -0.000001 0.000001 0.000001 15.316808 18.509835 52.435328 -33.033360 -25.346598 52.020551 5.642156 26.217475 17.159110 -0.000004 0.000002 -0.000001 16.374163 -2.808081 14.167376 40.163568 32.354719 10.856938 1.785389 -2.160486 -20.865635 0.000002 0.000001 0.000001 
21.011896 21.333115 -47.266479 -21.773827 -4.336125 -83.456142 -14.153842 4.437703 -22.835407 -1.968541 1.448331 -6.980253 7.047398 -6.698139 9.357200 4.066826 11.955804 -10.911162 0.000001 -0.000001 0.000001 -11.079889 -0.301471 0.511277 -0.998357 3.794229 -2.781724 15.075973 -12.552414 -52.330290 -0.000001 -0.000003 -0.000001 13.131077 0.870823 -13.767323 -4.155488 -3.399364 -2.774175 -60.402307 9.658474 -15.944523 0.000002 -0.000002 0.000001 15.721673 17.874364 51.597858 -31.230118 -24.247472 52.098337 4.003974 26.692950 17.065544 -0.000000 0.000001 0.000000 16.005461 -2.620655 13.269682 39.227508 31.938067 11.534740 2.358627 -2.280260 -22.726346 0.000003 0.000002 0.000002 
21.034380 21.231594 -47.428997 -20.823281 -4.536190 -83.389083 -14.741585 4.531575 -22.786829 -1.537088 1.224627 -5.682248 6.862789 -7.564036 8.530485 4.101001 11.980570 -9.566334 -0.000000 0.000000 -0.000001 -13.181553 0.071840 1.465360 -5.328465 6.330507 4.563790 24.552443 -13.721809 -48.894469 -0.000000 -0.000001 0.000001 13.101583 -0.632419 -14.332022 -0.081201 -6.228057 -1.190622 -62.563843 4.319963 -11.835738 0.000003 -0.000000 -0.000000 16.271975 17.495178 51.299010 -29.706108 -23.666062 52.441588 3.603911 27.239040 17.306005 -0.000003 0.000004 -0.000003 15.866210 -2.434218 13.335326 35.072133 30.230387 15.333100 4.271800 -2.403130 -24.386272 -0.000000 0.000000 -0.000001 
21.026989 21.073910 -47.615219 -19.228618 -6.163218 -83.142711 -15.673141 4.565694 -22.848067 -1.076194 1.053138 -4.652555 6.471247 -8.613105 8.025628 4.386716 11.758621 -8.434044 0.000000 0.000001 0.000001 -14.775391 -0.005981 2.213138 -9.979709 7.622557 11.210033 33.717154 -13.489163 -43.722787 0.000002 0.000000 -0.000002 13.147797 -1.956152 -14.823399 1.891163 -8.151085 0.013734 -61.837077 -0.776832 -8.298931 -0.000000 0.000001 0.000002 15.491098 16.789681 50.344826 -25.692238 -21.470146 52.784235 1.706485 29.854074 18.370074 0.000003 0.000003 -0.000001 13.415802 -1.838895 13.362136 29.642748 27.228997 20.170206 8.352632 -2.549875 -25.777914 -0.000000 0.000004 0.000004 
21.020658 20.908676 -47.797192 -20.114723 -5.481901 -83.684646 -14.991816 4.223246 -22.054003 -1.082840 0.672397 -3.926661 6.102229 -8.012357 8.016799 5.376121 11.757121 -6.896788 0.000001 0.000001 0.000002 -16.301590 0.124100 2.961528 -13.686278 7.814196 17.004765 44.648264 -13.632713 -38.344658 0.000001 -0.000003 -0.000001 13.930594 -2.385084 -15.149582 4.393966 -8.617845 1.001092 -58.582054 -3.341701 -6.226044 -0.000001 -0.000002 -0.000003 15.380929 16.907643 50.807011 -25.701667 -21.472836 53.131990 1.129317 28.959063 17.737105 0.000002 0.000003 0.000000 12.776887 -1.577828 13.621848 27.373388 25.769481 22.870912 11.898549 -2.040656 -24.602635 -0.000000 -0.000000 0.000000 
21.048609 20.753468 -47.987667 -21.328625 -4.430444 -84.521883 -14.749490 4.002581 -20.948742 -0.806140 0.422914 -3.101249 5.406709 -6.810204 7.633723 5.917724 10.979119 -5.275485 0.000000 0.000001 -0.000001 -17.268197 0.549406 2.799819 -16.712749 8.446332 20.955613 51.578819 -10.560242 -33.046818 0.000002 -0.000001 0.000001 13.555819 -3.018541 -15.913747 6.377147 -9.380525 0.352021 -50.455191 -4.628791 -6.950694 -0.000000 -0.000000 0.000002 16.328684 17.304037 51.600932 -26.242403 -21.601284 52.935585 1.273192 28.148219 17.193352 -0.000005 0.000001 0.000000 12.634393 -1.604581 14.212668 26.700803 25.109857 23.492354 14.586135 -1.595479 -23.991446 0.000003 0.000006 0.000001 
21.098080 20.589024 -48.189247 -21.920252 -3.722816 -85.132448 -14.555763 3.623479 -19.766325 -0.541174 0.675345 -2.932276 4.952150 -5.999137 7.760441 5.563746 9.907193 -3.125454 0.000000 0.000003 -0.000001 -17.660733 0.425290 3.597932 -17.317058 7.393532 22.342655 55.860770 -8.349801 -28.706797 0.000000 -0.000004 0.000000 14.321152 -2.737354 -15.895310 6.263542 -7.883356 -0.022200 -40.903558 -7.072578 -5.109118 -0.000001 -0.000004 0.000000 16.739921 17.286235 51.917453 -26.190668 -21.395409 52.609293 -0.301722 28.459414 16.966397 -0.000001 0.000002 -0.000001 11.805706 -1.336708 14.934989 22.901216 22.128129 26.909439 19.178898 -1.473636 -24.997246 0.000001 0.000003 0.000004 
21.138662 20.483799 -48.371414 -21.022001 -4.092930 -84.929502 -14.645508 3.535407 -19.542500 -1.666918 0.284786 -3.888502 6.565172 -6.246156 9.070557 5.948673 9.492571 -1.294903 -0.000000 0.000003 -0.000001 -18.521363 0.629827 4.418917 -15.835570 6.688905 22.899710 59.826768 -10.757557 -27.634032 -0.000004 -0.000004 0.000001 15.914930 -2.717437 -16.218962 6.337940 -6.437515 0.567316 -37.623520 -10.571771 1.262199 0.000000 -0.000000 0.000002 16.138897 16.768394 51.569287 -25.371013 -20.730008 52.598194 -1.088097 29.958900 18.207908 0.000002 0.000001 0.000000 11.583955 -0.905305 15.118233 25.323661 24.144133 25.384523 15.995243 -1.405469 -23.435521 0.000002 -0.000000 -0.000003 
21.216957 20.366074 -48.559872 -19.579553 -5.040255 -84.202483 -14.816758 3.707147 -20.212526 -2.659978 -0.062940 -4.922727 8.429847 -7.211010 10.309067 6.072620 8.636924 0.559021 0.000000 0.000001 0.000001 -18.694807 1.289203 4.694003 -16.029419 6.337940 23.756197 67.484229 -12.420432 -26.539721 0.000001 -0.000002 0.000001 17.825383 -5.237753 -17.514459 11.663322 -8.082534 2.168106 -43.766766 -17.806636 11.076273 -0.000001 0.000002 0.000000 15.481184 16.133535 49.999553 -25.733706 -21.126692 53.206234 -0.077583 30.001377 18.579286 -0.000001 0.000004 0.000000 10.182051 -0.790029 14.697573 26.703084 25.024466 23.822557 13.860495 -1.655433 -23.779379 -0.000005 0.000006 0.000004 
21.296711 20.275127 -48.751686 -19.115454 -5.746361 -84.098029 -15.132180 3.729657 -20.038315 -2.886649 -0.295709 -4.886560 9.253037 -7.442254 10.776310 6.431642 8.110034 2.324628 -0.000000 0.000000 -0.000001 -18.113035 1.670278 4.374671 -16.379284 6.604062 25.028818 70.506076 -12.782850 -25.663855 0.000002 0.000001 -0.000001 18.449943 -6.278178 -18.019876 14.674455 -9.560895 3.728984 -46.564640 -22.999381 17.430255 -0.000001 -0.000000 0.000001 14.876195 15.918338 49.311582 -24.276688 -20.129689 52.913404 -1.449049 30.611228 18.504572 -0.000001 0.000003 0.000002 9.669640 -0.731175 14.461353 26.322466 24.621674 23.547724 13.766106 -1.941261 -24.665983 -0.000003 0.000002 -0.000003 
21.316467 20.231945 -48.899395 -18.829595 -6.101608 -83.921093 -14.405540 3.567245 -19.810646 -3.666556 -1.173916 -4.234409 9.903446 -6.991622 10.588195 6.644582 7.772471 4.166960 -0.000000 -0.000001 0.000001 -17.388429 1.341406 4.143716 -17.222341 7.134504 26.005961 77.158441 -10.521412 -23.112547 -0.000002 -0.000003 -0.000001 17.606606 -5.769487 -17.527546 16.967829 -10.686725 4.725258 -47.757690 -28.089983 22.587060 0.000002 -0.000000 -0.000001 14.521057 15.503669 48.731634 -21.716281 -18.425011 52.504689 -1.949789 31.207838 19.133843 0.000002 0.000003 -0.000001 9.448696 -0.670217 14.263350 26.647175 24.719028 23.071553 13.084712 -2.026305 -24.911192 -0.000001 0.000002 0.000002 
21.325060 20.187206 -49.055557 -19.043735 -7.153336 -84.132201 -14.657374 3.396406 -19.225340 -2.491387 -0.417255 -3.750695 8.769467 -7.632631 10.742679 7.078832 7.895117 5.128413 -0.000000 0.000001 0.000001 -17.095429 1.286093 4.027961 -17.943812 7.930099 26.938524 81.622707 -8.044564 -21.406861 -0.000000 -0.000003 -0.000001 16.805435 -5.086470 -17.083372 18.225550 -11.864767 5.685091 -47.407363 -31.268234 25.569887 0.000000 0.000001 0.000002 13.614385 15.408454 48.714893 -18.221155 -16.014627 51.431724 -2.257448 33.172658 20.659406 -0.000002 0.000002 0.000002 8.492285 -0.480906 14.236493 27.023167 24.922752 22.652643 12.638494 -2.111042 -25.048471 0.000001 0.000002 0.000002 
21.321104 20.181763 -49.180389 -18.616808 -7.709530 -84.044446 -13.824296 3.097530 -18.349023 -3.020770 -1.292809 -2.983340 8.685970 -7.216103 10.034748 7.043847 7.205231 6.710908 -0.000000 0.000001 0.000001 -16.139775 0.951411 4.133065 -17.745275 7.837796 28.102001 83.234871 -8.387296 -20.616120 0.000003 -0.000002 0.000001 15.991163 -4.810276 -15.831605 18.744647 -11.152726 6.131760 -48.988357 -30.229693 25.249696 -0.000001 0.000001 0.000002 13.418820 15.455402 48.108598 -13.142265 -12.769919 49.782059 -4.908101 35.859173 22.116716 -0.000005 0.000003 0.000002 8.039985 -0.435597 14.314409 26.346246 24.457441 22.887802 12.086962 -2.099626 -25.340850 -0.000001 0.000001 0.000001 
21.291624 20.205021 -49.290844 -18.070351 -9.193677 -83.572269 -15.130932 2.794383 -17.179066 -1.851219 -0.702759 -2.207603 7.641169 -7.497951 9.156829 7.429367 6.958314 8.359605 -0.000001 0.000003 -0.000003 -15.350082 0.945311 4.461523 -17.500529 8.234958 29.379369 81.577375 -9.481942 -20.672913 -0.000002 -0.000004 0.000001 15.632131 -4.540876 -14.851925 19.521995 -11.052041 6.948582 -50.025624 -28.703412 24.574495 0.000001 0.000001 0.000001 11.458340 15.551610 47.406458 -10.254002 -11.042156 48.771905 -5.273636 36.828400 22.883692 -0.000006 0.000002 -0.000001 7.432692 -0.494180 13.584105 29.379526 26.468376 20.064845 8.305084 -1.985409 -23.640941 -0.000001 0.000006 0.000002 
21.254278 20.226521 -49.404079 -17.243559 -9.125921 -82.745262 -14.807768 2.543069 -16.573167 -2.502440 -1.310797 -2.112119 8.292452 -6.880964 8.836562 7.588178 7.116585 9.192744 -0.000000 0.000001 0.000004 -15.001124 1.195031 5.171826 -16.511542 8.170107 29.605380 79.307444 -11.115510 -21.307222 0.000001 0.000003 0.000000 15.703938 -4.575673 -13.943271 19.153425 -10.514823 8.024454 -50.845168 -26.494235 23.189080 -0.000001 -0.000004 0.000001 11.479361 15.205651 46.528167 -11.119913 -11.801302 49.497671 -3.781257 36.168973 22.456567 -0.000002 0.000001 0.000000 7.877944 -0.561288 12.956060 29.524087 26.623092 19.758761 7.179445 -1.927470 -22.668177 0.000001 -0.000001 0.000000 
21.187696 20.335693 -49.475307 -16.708480 -9.518777 -81.506348 -14.511850 2.456473 -15.958314 -2.625420 -1.578711 -1.892248 8.215393 -6.898585 8.512042 8.402713 7.112212 10.233129 0.000000 -0.000002 0.000001 -15.063866 1.356194 4.755976 -16.717132 10.654564 32.218921 78.700957 -9.617146 -20.439343 0.000004 -0.000001 0.000000 15.112420 -4.472556 -13.907594 20.903189 -11.678934 8.776373 -50.075187 -27.272327 24.623127 0.000002 -0.000002 0.000001 11.309909 14.974333 45.598363 -11.476294 -11.951858 49.791840 -2.400408 35.863869 22.800604 -0.000006 -0.000003 -0.000000 8.160506 -0.943643 12.136447 32.007527 27.956068 17.589045 4.157987 -1.985592 -21.788488 -0.000002 0.000000 0.000004 
21.130463 20.455311 -49.553505 -16.198559 -10.588373 -79.999144 -15.609726 2.277856 -14.844535 -1.569632 -0.653033 -1.678715 7.876050 -7.336438 8.147916 8.726436 6.901399 11.445265 0.000000 -0.000000 0.000001 -14.783540 1.982820 4.714544 -16.283437 12.296822 34.217629 73.138055 -10.618551 -21.650952 -0.000002 -0.000002 0.000000 14.215241 -4.817403 -13.095173 21.481245 -11.050780 8.697541 -50.184794 -24.666045 22.481038 -0.000000 0.000003 0.000004 10.465650 14.623990 44.531338 -10.257895 -11.146341 49.344722 -2.391401 36.236367 23.474583 0.000001 -0.000002 0.000004 7.414724 -0.930146 11.317164 32.976700 28.399971 16.680867 2.774331 -1.925907 -21.015833 -0.000001 0.000000 0.000002 
21.049070 20.638706 -49.592098 -15.997575 -11.155803 -78.630661 -15.154844 2.116900 -14.292024 -1.863238 -0.768290 -1.690884 7.584267 -6.897626 8.154469 8.841622 6.817814 11.559930 -0.000001 -0.000001 -0.000001 -14.637352 2.478501 4.714202 -16.337872 13.168925 35.608310 70.511991 -10.466330 -21.684051 -0.000000 -0.000002 0.000000 13.612625 -4.747950 -12.587346 21.765383 -10.588024 8.481980 -49.605444 -23.828459 21.878346 0.000000 -0.000004 0.000000 10.205471 14.231812 43.613616 -10.304572 -11.062766 49.404787 -3.138229 36.291551 23.763413 -0.000001 -0.000002 -0.000002 7.339257 -1.028040 10.119156 35.670472 29.671810 14.535677 0.627530 -1.737695 -19.514050 -0.000000 0.000000 0.000004 
20.962620 20.862137 -49.609768 -15.213732 -10.981077 -76.778990 -14.398409 1.660926 -13.145870 -2.115824 -0.970211 -2.018748 7.951583 -6.844860 7.912489 8.742824 6.085287 12.049104 0.000000 -0.000002 -0.000001 -14.311877 2.926929 4.963443 -16.804753 13.278712 37.167099 67.398866 -10.982792 -22.140883 0.000003 -0.000002 0.000001 13.853475 -4.830754 -12.078624 22.071138 -9.902261 7.987776 -49.701862 -22.730535 21.334354 -0.000001 -0.000001 0.000003 10.784377 13.527652 41.946282 -10.677043 -11.321886 49.583027 -1.940282 36.528542 24.162462 0.000002 0.000004 -0.000003 7.824408 -1.149886 8.529823 34.254232 28.801921 15.486716 1.430306 -1.560785 -19.072395 -0.000002 0.000001 0.000004 
20.871405 21.124512 -49.612251 -15.498995 -10.959014 -75.290644 -13.093602 1.173968 -11.298441 -2.223193 -0.850075 -1.927599 7.504293 -6.687794 7.854357 8.038571 5.414393 12.324542 -0.000001 -0.000000 0.000001 -13.531047 3.641990 5.530766 -15.118921 13.458107 37.509135 62.124054 -12.831000 -23.701417 -0.000002 -0.000001 0.000000 13.250126 -5.143315 -10.692577 21.875380 -8.251844 8.299821 -49.803311 -19.276006 18.253221 0.000000 -0.000000 0.000000 10.883420 12.658204 40.817101 -14.682562 -13.894433 51.158131 2.927854 33.808412 23.197511 -0.000002 0.000002 -0.000001 7.939158 -1.007257 6.707174 31.669627 27.511285 18.294488 2.992600 -1.439923 -20.491683 -0.000002 0.000001 0.000004 
20.779350 21.363285 -49.612473 -15.699396 -11.013873 -74.431447 -13.061273 0.680705 -9.440447 -1.738811 -0.368539 -1.755334 7.584333 -6.997209 7.478394 7.551129 4.857765 12.460476 -0.000001 0.000001 -0.000003 -13.002510 3.680090 6.317510 -13.369688 13.774024 37.210208 57.581295 -14.113757 -24.853375 0.000001 -0.000001 0.000001 13.016663 -5.157775 -9.572296 21.539092 -7.194012 9.052769 -49.318918 -16.872965 16.211352 0.000001 -0.000002 0.000002 11.242105 12.032927 39.999145 -17.332394 -15.724371 52.105061 5.626547 31.701237 22.477166 -0.000001 0.000001 0.000000 8.627339 -1.120335 5.378818 30.638606 27.028653 19.726894 2.415037 -1.433898 -22.940234 -0.000001 0.000000 0.000002 
20.663095 21.678463 -49.570641 -15.751752 -11.641888 -73.361450 -12.897035 0.337117 -7.792862 -1.131496 -0.329424 -1.101996 7.019290 -7.814897 6.863237 7.453709 4.704588 12.547459 -0.000000 0.000002 -0.000003 -12.459406 3.522327 6.080552 -12.975894 14.672138 37.735368 54.069058 -13.133334 -24.109569 -0.000000 -0.000000 0.000001 12.835467 -5.008541 -9.455479 23.538946 -7.640484 9.466603 -49.013564 -14.647961 14.715810 0.000001 0.000001 0.000002 11.021884 11.832055 38.821487 -20.269495 -17.810673 52.945612 9.078570 30.664927 22.494468 -0.000002 0.000003 -0.000001 8.813957 -1.461391 3.851090 31.989447 28.073392 19.013186 0.395444 -1.547973 -23.921105 -0.000003 -0.000000 0.000004 
20.550301 22.086357 -49.478733 -17.732971 -13.158217 -73.062233 -11.666648 -0.003041 -5.885451 -0.968249 -0.544770 -0.434528 6.317419 -7.413848 6.753939 7.788665 5.051840 12.513866 -0.000001 0.000001 0.000002 -11.830956 3.600719 5.778234 -11.741068 16.968242 37.953729 52.152548 -10.779724 -21.505715 -0.000001 -0.000002 0.000001 12.497808 -4.992044 -9.309647 27.665048 -9.862289 12.795506 -52.363662 -12.284855 11.852314 0.000001 -0.000002 0.000001 9.979291 12.107988 38.797233 -14.842674 -13.993866 50.880128 7.401964 31.912727 22.928359 -0.000001 0.000004 -0.000003 6.859813 -1.215710 2.573823 34.783811 29.822296 17.276152 -1.386967 -1.496981 -24.767692 0.000001 0.000002 -0.000001 
20.417377 22.538338 -49.354084 -18.921417 -13.654831 -72.476613 -11.134313 -0.202307 -4.589297 -1.559471 -1.389198 -0.114154 6.897745 -6.641351 6.407067 7.907533 4.811703 12.219722 -0.000000 0.000003 0.000002 -11.368794 3.791092 5.443752 -10.332757 17.997941 37.161055 49.822801 -9.142720 -19.026364 0.000000 0.000003 0.000001 11.755207 -4.763974 -8.717134 29.831223 -10.759190 14.773143 -53.201901 -9.027563 9.684624 0.000000 -0.000003 -0.000002 9.713970 12.275579 38.422754 -12.330788 -12.255287 49.681365 6.613580 32.355275 23.030279 -0.000003 0.000001 0.000000 6.651680 -1.470047 1.063781 35.985084 30.619226 16.821163 -2.277382 -1.399571 -25.991901 -0.000000 0.000002 -0.000001 
20.317219 22.956299 -49.282974 -20.455544 -14.554862 -71.412592 -11.286352 -0.471659 -3.043901 -0.526381 -0.224296 -0.651099 6.467657 -7.068113 6.540612 8.715365 4.973750 12.699936 0.000000 0.000001 0.000001 -9.925657 4.415922 4.447794 -8.471934 19.116059 35.803893 44.486989 -7.017452 -16.094181 0.000002 -0.000001 -0.000000 10.621822 -5.242075 -7.906679 30.960605 -11.701127 16.705972 -51.581093 -5.025389 6.841223 -0.000001 0.000003 0.000000 8.709337 12.519554 38.202761 -12.679336 -12.090207 49.120408 7.880803 32.429520 23.748527 -0.000001 0.000004 -0.000003 4.676920 -1.106459 -0.010325 35.376015 30.450001 18.224738 -1.092704 -1.068778 -24.734027 -0.000003 0.000000 -0.000001 
20.253662 23.444202 -49.183189 -20.250251 -14.353455 -69.472969 -9.207814 -0.383349 -2.306201 -1.440910 -1.576805 0.404085 6.740554 -6.835536 5.051863 9.013273 4.686631 13.583539 -0.000000 0.000002 0.000002 -8.907656 4.391482 3.242935 -8.370748 20.509781 34.698700 41.556886 -2.706233 -12.309563 0.000002 -0.000001 0.000001 9.154784 -4.867962 -7.460707 30.523951 -13.064855 16.218342 -46.990861 -4.581156 5.523773 -0.000002 0.000002 0.000000 8.965137 12.206327 36.629075 -9.310577 -9.792607 47.196238 5.915175 34.766284 25.028352 -0.000005 0.000003 -0.000003 3.874508 -1.275373 -1.398635 33.007579 28.966552 20.055040 1.633782 -1.038935 -25.489033 -0.000003 0.000002 0.000004 
20.192886 23.900032 -49.089027 -20.076077 -15.120517 -68.169386 -9.086311 -0.538449 -1.117354 -1.721968 -2.031316 0.906367 6.861459 -6.329702 4.075837 9.001359 4.355918 13.983393 0.000002 0.000000 0.000001 -8.285918 4.356488 2.692202 -7.466008 20.386465 32.954973 37.220860 -0.633524 -9.771541 0.000001 -0.000001 -0.000000 7.982305 -4.520258 -6.722186 28.408620 -12.847159 15.382814 -42.077763 -2.316106 3.094590 -0.000001 -0.000004 -0.000000 8.108135 11.995307 35.593465 -8.145274 -9.040403 46.568564 4.771583 35.215574 25.275286 -0.000003 0.000003 0.000000 2.848195 -1.046087 -2.651327 30.485586 27.319519 22.146137 3.757314 -1.025217 -26.284614 -0.000004 0.000000 0.000004 
20.162899 24.331783 -49.006622 -19.170927 -14.735662 -66.245049 -8.122960 -0.714978 0.403493 -0.505770 -0.969375 0.977640 5.687064 -7.886860 3.677694 8.829053 4.020792 14.333154 0.000002 0.000001 -0.000001 -6.909250 4.202606 1.805375 -5.826643 20.773815 30.657058 32.308622 1.612501 -7.021278 0.000001 0.000001 0.000000 6.222325 -3.941065 -5.596970 25.238790 -12.216143 13.694864 -35.543386 -0.995835 0.796122 -0.000001 0.000002 0.000000 8.794357 11.237752 33.481253 -6.049730 -7.792569 45.566108 3.300125 36.371017 25.896418 -0.000001 0.000002 -0.000003 2.356584 -1.127550 -4.279617 25.823673 23.980751 26.212282 7.207092 -0.936993 -26.558603 -0.000001 0.000002 -0.000001 
20.105204 24.795788 -48.903164 -18.407751 -14.994377 -64.404784 -7.586862 -0.962676 2.163328 -0.158439 -0.784544 1.237293 5.227854 -8.411624 3.233681 9.232586 4.327806 14.210139 0.000001 0.000001 0.000004 -5.599092 4.311906 1.346171 -3.427481 20.972729 27.631723 26.961839 2.935900 -4.112465 0.000001 -0.000000 0.000001 5.039813 -3.429894 -4.465790 21.981690 -11.675055 12.816859 -28.810107 0.488944 -2.170001 0.000001 -0.000000 0.000001 8.771433 10.689090 31.856637 -9.536586 -9.732730 47.013493 5.274576 35.432368 25.660855 -0.000002 0.000003 -0.000003 1.742637 -1.077226 -5.618972 23.229731 21.728838 28.410821 9.625823 -0.739158 -27.619683 -0.000004 -0.000000 0.000000 
20.063545 25.214741 -48.805084 -18.663770 -15.686086 -63.523874 -6.977867 -1.142572 3.855626 0.457553 -0.310431 1.362074 4.476718 -8.536835 2.842335 8.736687 3.468313 14.698043 0.000002 0.000002 -0.000001 -4.950752 4.349622 0.988603 -2.281345 21.526359 26.050140 24.410661 4.752657 -2.503197 -0.000002 -0.000004 0.000000 3.807628 -3.191251 -3.801551 21.257547 -12.237113 12.677832 -24.397166 0.325073 -4.030862 -0.000002 0.000001 0.000001 8.096064 10.535681 31.172375 -9.595734 -9.886178 46.907677 5.642143 33.125502 23.644050 0.000001 0.000001 0.000002 0.698373 -0.719703 -6.414697 21.198984 20.200203 30.200706 10.309586 -1.215933 -29.163549 -0.000001 0.000007 0.000006 
20.002022 25.625603 -48.695305 -17.508369 -14.742081 -61.618012 -4.732589 -1.104067 5.476040 -1.065389 -1.705757 1.763277 5.182052 -8.100787 1.769923 8.006066 2.641141 15.405247 0.000001 0.000001 0.000001 -3.282529 3.787167 1.230225 0.107035 20.963891 23.509320 20.685636 4.867222 -1.032135 -0.000002 -0.000002 0.000003 3.153549 -2.909816 -2.501056 19.236521 -11.254154 13.316233 -18.550696 1.133556 -5.563239 0.000004 0.000002 0.000000 9.116067 9.436514 29.269809 -8.909417 -9.719491 46.740972 6.453172 25.928327 18.924895 0.000003 0.000004 0.000000 1.526672 -0.824339 -7.796498 17.893598 17.061462 32.791745 10.392433 -1.334044 -32.046701 -0.000000 0.000005 0.000004 
19.912174 26.028111 -48.577869 -17.642198 -15.805317 -60.296452 -3.538550 -1.297859 7.965621 -1.273241 -1.627899 1.367349 4.772302 -6.986112 1.763086 8.358282 3.619716 15.464023 0.000001 0.000002 0.000002 -2.127598 3.229067 1.245814 1.666799 19.360060 21.314749 17.923514 4.494991 0.844721 0.000001 0.000001 0.000001 2.826408 -2.094226 -1.869651 16.958571 -10.055695 13.404251 -13.530188 1.704363 -6.594094 0.000000 -0.000002 0.000001 7.874196 9.298876 28.598157 -9.629584 -10.133071 46.977409 7.908339 16.333875 13.806026 0.000001 0.000003 -0.000001 0.147234 -0.205046 -8.860182 15.484988 14.306451 34.727448 11.477638 -1.211754 -34.278848 -0.000000 -0.000000 0.000001 
19.810478 26.401115 -48.453251 -17.845461 -16.760463 -59.323451 -2.711924 -1.372077 9.663933 -1.255720 -1.458816 0.871753 4.671747 -5.903285 2.101688 8.946677 3.958850 15.632420 -0.000000 0.000000 -0.000001 -1.247664 3.270930 0.780386 2.725300 19.040836 19.866264 16.262032 4.958776 2.104997 -0.000000 -0.000003 -0.000001 2.170220 -1.744596 -1.573829 15.809730 -10.048375 13.694759 -10.488728 1.213701 -7.027605 -0.000000 -0.000002 0.000001 6.955817 9.237951 28.094294 -9.427926 -9.991993 46.969305 8.037691 12.048452 11.589929 -0.000001 0.000003 -0.000003 -0.797437 0.093477 -9.625495 14.844375 13.411337 35.427945 10.238424 -1.248219 -37.079345 -0.000004 0.000000 0.000002 
19.657887 26.775833 -48.309761 -17.229174 -17.016771 -57.289253 -1.751942 -1.351066 11.089887 -2.234283 -2.337728 0.883559 5.315337 -4.564268 1.716356 9.153026 3.443046 16.743575 -0.000001 -0.000001 -0.000001 -1.188911 3.297352 0.612677 1.634682 17.343635 18.665230 15.516267 6.568408 4.111201 0.000000 -0.000002 0.000000 1.683626 -1.945073 -1.483587 15.260647 -10.154936 12.642774 -8.349358 0.273125 -7.225269 0.000002 -0.000002 -0.000000 7.078175 8.647953 26.667666 -13.171079 -12.374127 48.592329 10.438623 7.950216 10.687510 -0.000000 0.000004 -0.000003 -0.562186 -0.026096 -11.147069 12.116857 10.212045 37.548115 12.216978 -1.644420 -38.140575 0.000001 -0.000000 -0.000003 
19.464966 27.145710 -48.134758 -16.351729 -17.727285 -54.683516 -1.978484 -1.612119 12.811563 -0.852128 -0.908484 0.319921 4.691906 -5.469679 1.824848 9.757326 3.245045 17.241706 0.000002 0.000002 0.000001 -0.746713 3.458634 -0.209811 1.458605 17.210142 17.469964 14.316473 8.297190 5.243707 0.000001 -0.000001 -0.000000 0.756920 -1.827185 -1.612552 14.133215 -10.012391 11.038846 -7.261148 -1.103914 -7.687162 0.000000 -0.000004 -0.000000 6.860816 7.709564 24.604387 -16.706603 -14.769664 50.232715 12.505202 7.195985 11.385555 0.000000 0.000005 -0.000001 -0.883078 0.126194 -13.286310 9.546986 6.853824 39.906391 17.403660 -1.847266 -38.027611 -0.000001 0.000001 0.000004 
19.270210 27.471909 -47.968796 -15.903185 -17.810143 -52.666991 -1.558346 -1.654738 13.804175 -0.226726 -0.377629 0.328539 3.918256 -6.225989 1.799516 10.194776 4.054738 17.134552 0.000002 0.000002 -0.000001 0.185072 4.005760 -1.065030 1.508098 16.996837 16.524306 13.147894 9.375160 6.455928 0.000000 -0.000001 -0.000001 0.477272 -1.562035 -1.735385 13.485581 -9.932992 10.227190 -6.455324 -1.865097 -7.841103 0.000000 -0.000002 0.000001 6.645792 7.058471 23.223400 -17.289517 -15.297301 50.649090 13.315484 7.041039 11.640239 -0.000000 0.000002 -0.000001 -1.083346 0.298838 -14.653968 7.566497 4.161178 41.514289 21.094059 -1.969243 -37.427534 -0.000001 0.000005 0.000004 
19.026459 27.810390 -47.768410 -15.718207 -18.649738 -50.354627 -0.813757 -1.678316 15.007923 0.820318 0.340759 0.379801 2.857917 -6.103369 1.757560 11.040255 4.660141 16.863660 0.000000 0.000001 0.000001 0.398776 4.140874 -1.654109 1.469941 17.136313 15.136662 12.293070 10.650585 8.044601 0.000001 -0.000004 0.000000 0.237872 -1.634073 -2.210598 12.669168 -10.652746 9.349338 -6.057702 -3.292619 -6.926033 -0.000001 -0.000004 -0.000001 5.727973 6.565527 21.154943 -18.273678 -15.985882 51.097110 13.783082 6.813401 11.750050 0.000001 0.000002 -0.000001 -2.209524 0.760599 -16.231297 5.414169 0.837769 43.095693 25.547088 -2.293118 -38.087027 0.000002 0.000003 0.000001 
18.771103 28.069191 -47.607609 -15.212580 -18.968064 -47.627288 0.377074 -1.563863 16.482995 0.740268 0.296037 0.233508 2.696319 -5.486887 1.981442 10.937716 4.381855 16.322870 0.000001 0.000001 -0.000001 0.548624 3.981699 -1.677177 2.184857 15.700889 13.219781 11.250876 10.383546 9.354396 -0.000001 -0.000001 0.000001 0.383533 -1.543936 -2.118795 10.850816 -9.884373 8.658651 -4.949484 -3.411937 -6.596039 0.000000 0.000001 0.000003 4.794052 5.825577 18.615896 -20.751611 -17.610033 51.697709 13.673236 7.907196 12.123061 0.000002 0.000005 -0.000001 -2.810899 1.154819 -18.445969 1.989696 -4.587999 44.920443 30.823042 -2.371997 -37.172430 -0.000001 0.000001 0.000000 
18.505735 28.315052 -47.434200 -14.756767 -18.481742 -45.449759 1.384465 -1.434593 17.501301 -1.475137 -2.125890 0.949207 4.668767 -3.287312 1.263757 10.354134 3.263087 16.147240 0.000001 -0.000000 0.000001 0.021155 3.875871 -1.741909 2.015804 14.969224 12.311680 10.882984 10.457627 9.866639 -0.000000 -0.000002 -0.000000 0.365837 -1.922837 -2.525106 9.953070 -9.771784 7.905928 -4.903738 -3.302177 -6.919654 0.000001 -0.000000 -0.000000 4.953316 4.903474 16.484520 -21.959617 -18.461315 52.118790 14.123282 10.339637 13.355268 -0.000004 0.000004 0.000000 -2.461322 0.940931 -20.397836 -0.383257 -8.535391 45.985956 34.857843 -2.686856 -37.071716 -0.000001 0.000002 -0.000001 
18.205238 28.552372 -47.275467 -13.605796 -19.012390 -43.149283 2.052225 -1.428076 19.286938 -2.381917 -3.085007 1.031296 5.007335 -2.278574 1.070581 10.222850 3.824372 15.141476 -0.000000 -0.000000 0.000002 -0.748909 4.286050 -2.088259 2.735526 16.316738 11.649338 11.092075 10.943814 9.397146 -0.000000 -0.000003 -0.000000 0.470662 -1.809204 -3.156424 9.320386 -10.503841 7.003605 -5.470203 -3.866507 -6.540404 0.000000 0.000002 0.000000 4.040261 4.773525 14.881616 -23.938083 -19.714556 52.580330 15.415783 10.880429 14.156069 -0.000003 0.000004 0.000000 -3.054616 1.017180 -22.108510 -1.989566 -11.319991 46.429112 36.712745 -3.098078 -37.136456 0.000000 -0.000002 0.000000 
17.851675 28.842598 -47.087585 -12.667480 -19.382301 -39.753248 1.791354 -1.697496 20.726417 -1.179285 -1.372540 -0.260607 4.402207 -3.778832 1.807663 9.887992 3.427742 13.839446 0.000001 0.000004 -0.000003 -1.128646 4.950597 -1.870043 2.936675 15.988626 11.077459 9.605041 9.745772 8.845966 0.000001 0.000001 -0.000000 1.312946 -2.370394 -3.856297 8.323904 -10.121218 6.305967 -5.909124 -3.242180 -7.459209 -0.000001 -0.000000 0.000000 3.596752 3.926847 12.122310 -25.758803 -20.811352 52.645343 18.287625 11.072923 15.492201 -0.000004 0.000003 -0.000001 -3.120921 1.172573 -25.206840 -4.223329 -15.121264 46.821643 40.746412 -3.166648 -37.157957 -0.000000 -0.000000 0.000002 
17.497776 29.145039 -46.884815 -11.981088 -20.980111 -36.898574 1.840411 -1.726969 21.056736 -0.128193 -0.125034 -1.092230 3.309410 -3.786456 2.401281 9.593316 3.384478 12.379257 0.000000 -0.000001 0.000001 -1.088001 5.579586 -2.046893 3.075815 15.722187 10.748659 8.765642 8.980152 8.978197 0.000001 -0.000002 -0.000000 1.445558 -2.626575 -3.993697 7.493033 -9.710597 5.679335 -4.809299 -2.734028 -8.005538 -0.000001 0.000003 0.000000 1.925689 3.796501 10.069613 -24.295239 -19.652560 52.089700 19.304391 11.795693 16.108132 -0.000005 0.000003 -0.000001 -4.075459 1.860099 -27.707497 -3.754576 -14.546198 47.195815 40.632498 -3.577499 -38.050345 0.000002 0.000004 -0.000003 
17.097406 29.509975 -46.663509 -11.896199 -21.681495 -33.222091 3.423381 -1.251186 20.904620 -1.569304 -1.015923 -1.626698 3.825862 -1.794343 2.832374 8.736378 2.852985 10.429599 -0.000001 0.000001 -0.000003 -1.430231 5.816961 -1.360442 2.982122 13.147750 9.435354 8.044308 7.830437 10.011505 0.000000 0.000001 -0.000001 2.205814 -2.982402 -3.953813 5.538781 -7.118313 4.356853 -2.946164 -1.789796 -7.928436 0.000002 -0.000002 0.000001 1.058414 3.227232 7.908817 -25.316060 -19.852180 51.321932 19.635149 10.721722 15.963438 -0.000002 -0.000001 0.000000 -4.800541 2.598946 -30.291302 -4.800904 -16.471831 47.414661 42.909943 -3.292377 -37.659535 -0.000003 0.000002 -0.000001 
16.658554 29.943829 -46.426880 -11.543746 -22.981032 -29.167339 3.711756 -1.086759 20.871646 -2.456116 -1.522041 -2.063420 4.764175 -0.426777 2.711170 7.503294 2.874918 7.940843 0.000001 -0.000000 0.000001 -1.527344 6.263801 -1.527033 2.382038 11.726811 9.018258 6.078821 7.737754 10.833171 -0.000000 0.000001 -0.000000 2.590128 -3.032712 -4.290496 3.546860 -4.980271 2.461271 -1.394842 -1.575020 -8.705893 -0.000001 -0.000002 -0.000000 -0.592192 2.980494 6.047296 -26.817768 -20.279607 50.213611 20.081093 6.235008 14.240886 -0.000004 0.000003 0.000002 -5.814591 3.568069 -32.748913 -5.556678 -17.680290 47.655910 43.216164 -3.835339 -38.431483 0.000000 0.000001 0.000004 
16.213684 30.384567 -46.195229 -11.479694 -23.746426 -26.081699 3.575895 -1.025671 20.689341 -1.131505 0.013591 -2.816776 4.255101 -1.589998 3.006136 6.845736 3.045638 6.276806 -0.000001 -0.000000 0.000001 -1.349396 7.000652 -2.204870 1.006100 10.774012 9.375426 3.490169 7.445034 11.781469 -0.000000 -0.000001 -0.000001 2.414689 -3.216087 -4.596103 2.544460 -3.874875 0.961253 -0.447325 -1.491714 -8.872357 -0.000001 -0.000000 -0.000000 -1.213228 2.586399 4.752978 -30.320016 -21.942867 49.493166 22.910801 3.831280 14.680727 -0.000001 0.000002 0.000004 -6.115598 3.984243 -34.435963 -6.522863 -19.186473 47.621950 43.289237 -4.190265 -38.726455 -0.000002 0.000003 0.000004 
15.704659 30.945110 -45.983257 -12.067761 -24.648486 -22.588861 3.503329 -0.868397 19.414437 -0.822333 0.199867 -2.846940 4.282422 -1.118646 3.310961 6.292147 3.358676 4.429976 -0.000000 0.000003 -0.000003 -0.672238 7.291297 -3.119017 0.980420 10.997036 8.899798 2.167673 7.929530 11.918073 -0.000002 -0.000002 -0.000000 2.814859 -3.130875 -5.351909 1.327631 -4.085417 0.429481 -0.080379 -2.076330 -9.418140 -0.000002 0.000003 0.000000 -1.577835 2.532264 4.147687 -30.866120 -21.162851 47.096606 23.718723 5.397320 15.512389 0.000001 0.000003 -0.000001 -8.109272 5.261554 -34.176644 -6.319645 -18.600224 47.422345 41.435414 -4.580032 -39.545641 -0.000002 0.000003 0.000001 
15.121775 31.699963 -45.774628 -11.912125 -25.459113 -18.986884 3.646445 -0.751474 17.631891 -0.585239 0.248622 -2.474961 3.679650 -1.279436 3.127403 5.802062 3.905758 3.304650 -0.000002 -0.000001 0.000004 0.201066 7.595287 -3.409183 0.688770 11.013525 8.981770 1.117368 7.681753 10.987204 -0.000000 -0.000003 -0.000000 3.116776 -3.154590 -5.371314 0.661390 -3.584791 -0.242284 -0.497928 -1.776647 -10.466435 -0.000002 -0.000002 0.000001 -1.140322 2.229839 3.503762 -31.673339 -20.311991 44.209916 25.961682 10.732283 18.389801 -0.000003 0.000003 0.000002 -9.252623 5.705219 -32.668013 -3.963029 -14.894756 47.856892 37.566030 -4.884131 -40.786130 -0.000003 0.000004 0.000002 
14.535696 32.534729 -45.540359 -10.866442 -26.705708 -16.266787 3.240400 -0.782605 16.333523 -0.355728 0.324621 -2.087166 3.147924 -0.648998 2.801512 5.674819 5.108416 2.543639 0.000001 -0.000003 0.000006 0.616564 7.988942 -3.655371 -0.551248 11.038832 9.403541 -0.449059 8.257156 10.207627 0.000001 -0.000004 -0.000001 3.050790 -3.128685 -5.504055 0.975014 -3.650500 -0.948405 -1.051772 -2.689972 -10.448408 -0.000000 -0.000002 0.000001 -1.710648 2.530556 3.483163 -32.582260 -19.800845 41.847715 27.579372 14.307295 20.359353 0.000002 0.000004 -0.000003 -9.978975 5.901636 -31.328384 -1.045659 -9.812695 47.244408 34.072549 -4.549370 -40.476582 -0.000000 0.000002 -0.000001 
13.890850 33.558231 -45.330811 -9.607110 -28.374793 -12.669258 3.098576 -0.569203 14.026034 -0.587497 0.093674 -1.958023 2.806150 0.756104 2.556675 5.241149 6.221288 1.976310 -0.000000 0.000003 0.000001 0.123167 7.954656 -3.591304 -1.775370 11.296013 10.459508 -1.411513 8.832994 9.373593 0.000001 0.000001 -0.000000 3.126583 -2.942044 -5.856352 1.757778 -4.119450 -1.005644 -2.278220 -3.523914 -9.599769 -0.000001 -0.000007 -0.000001 -2.644103 3.020662 3.506604 -32.516796 -18.338602 38.199496 27.585534 18.799986 21.841517 -0.000003 0.000001 0.000000 -9.875243 5.626505 -29.917711 1.919485 -4.344682 45.514895 27.668354 -4.126185 -39.665760 -0.000001 0.000002 -0.000001 
13.150623 34.829666 -45.146832 -7.093689 -28.093459 -9.045263 2.481508 -0.568646 12.108493 0.027708 0.930427 -2.286525 1.941656 0.782594 2.754751 5.584238 8.818136 0.212463 -0.000001 0.000000 -0.000005 -0.683205 7.089079 -2.222652 -0.520404 10.625000 9.996415 -2.679734 7.322188 8.902003 0.000000 -0.000002 0.000000 4.149359 -1.362839 -5.419837 0.690483 -3.788146 0.612348 -1.882856 -2.024419 -10.017279 0.000000 0.000001 0.000002 -3.118008 3.199520 3.688949 -34.427948 -17.606226 34.090389 27.629268 23.052641 23.334940 -0.000002 -0.000003 0.000003 -8.748401 4.900080 -27.479164 3.203192 -1.477435 42.344065 21.721984 -3.608609 -38.238063 -0.000001 0.000003 0.000001 
12.419352 36.165066 -44.935684 -6.649891 -26.132686 -6.366361 3.403515 -0.264158 10.478985 -0.796545 0.658857 -2.793371 2.235442 0.981153 3.123076 5.360688 9.717386 -0.953508 0.000001 0.000001 0.000002 -1.083859 5.793422 -1.230616 1.067809 9.618456 8.979919 -5.742898 5.517365 9.227945 0.000001 0.000000 -0.000003 5.301541 0.355712 -5.114490 -1.403786 -1.978724 0.844952 0.395287 -1.156302 -9.355432 0.000000 0.000001 0.000001 -2.497079 2.166476 2.527360 -33.863815 -16.126695 31.092442 25.800572 26.156713 24.094766 -0.000001 0.000003 -0.000001 -6.811934 4.077225 -27.116614 1.963023 -2.662548 40.133266 20.745277 -3.222882 -36.105565 -0.000000 0.000001 0.000000 
11.649672 37.732235 -44.744370 -6.110645 -23.554088 -2.622347 4.843379 0.191349 8.451445 -0.817341 1.115210 -3.610760 1.434306 1.734369 2.933898 4.661608 9.608299 -1.750805 -0.000000 0.000000 -0.000003 -1.338376 3.865790 -0.771457 2.073025 8.997639 8.380063 -8.312033 3.778201 8.244199 -0.000000 -0.000000 0.000001 5.510801 3.696173 -4.275894 -4.920825 1.536668 -0.834996 3.829223 -1.425388 -5.510994 -0.000000 0.000005 0.000000 -2.057666 0.736478 -0.206546 -31.817688 -13.648518 27.334733 23.092405 28.176793 24.393068 -0.000003 0.000003 0.000004 -5.731126 3.770115 -27.847499 -1.633110 -6.783688 36.837109 23.564503 -2.436982 -32.510218 -0.000003 0.000001 -0.000001 
10.787354 39.515190 -44.572968 -5.790384 -19.164695 0.212157 4.751489 0.264220 8.084150 -0.614392 1.359700 -3.881544 1.722639 1.552642 1.772280 4.232929 9.412022 -2.761393 -0.000000 -0.000000 -0.000003 -1.860463 1.957629 -0.833744 2.146436 9.322888 7.698748 -6.893902 3.689431 6.341124 0.000001 -0.000001 0.000001 6.136911 5.866988 -4.690506 -6.028254 2.128270 -1.394261 3.184023 -2.059921 -2.017458 -0.000001 0.000003 0.000000 -1.142064 -0.817265 -2.662065 -33.352797 -12.490130 23.915247 22.807670 27.466721 24.033291 -0.000003 0.000005 -0.000001 -4.772904 3.330168 -27.924236 -5.792987 -10.993091 32.614696 25.902755 -0.769550 -26.999787 -0.000003 0.000000 -0.000001 
9.899298 41.278454 -44.457695 -5.187664 -15.678505 1.867203 5.322394 0.454696 7.611346 -0.102856 1.607093 -3.601026 0.998727 1.975578 1.190970 3.890299 8.599693 -3.420084 -0.000001 0.000002 -0.000001 -1.730948 0.946671 -1.308712 1.722257 9.135950 7.085114 -6.669161 3.603085 5.394307 -0.000000 -0.000003 -0.000001 5.786360 6.740585 -4.632321 -6.204191 1.640012 -1.503395 0.340958 -2.107802 -0.602420 -0.000001 -0.000002 -0.000000 -1.305077 -1.322706 -3.913493 -33.591871 -11.275337 21.455731 22.347537 25.142966 22.859233 -0.000002 0.000006 -0.000004 -5.233052 3.503892 -25.549735 -8.905970 -13.258732 27.925063 26.417160 0.406065 -23.397195 -0.000002 0.000000 0.000002 
8.973858 43.187668 -44.338055 -6.128679 -10.420647 3.241789 5.663022 0.496969 8.232573 1.820409 2.718453 -2.638297 -0.494055 0.424314 -0.628060 4.827627 9.757757 -4.340806 -0.000001 0.000000 0.000001 -0.938287 -0.676061 -1.843009 0.669116 7.722408 5.480099 -5.586731 3.636689 5.689061 -0.000002 -0.000001 -0.000000 6.374959 7.377914 -5.175094 -7.183386 0.175418 -1.098185 0.857159 -2.090184 0.572564 0.000000 -0.000000 0.000000 -0.947927 -2.011272 -5.967891 -37.398414 -11.533585 20.314716 24.184639 22.847876 22.370908 -0.000002 0.000007 -0.000001 -2.757266 1.633673 -23.056699 -12.074145 -15.313397 22.937695 25.026833 0.993253 -21.361669 -0.000000 0.000000 -0.000001 
7.981701 45.174667 -44.242119 -5.751846 -5.141470 4.983698 5.590005 0.380708 7.900055 3.749242 4.008283 -2.150280 -2.344672 0.570087 -1.417954 4.576743 9.527969 -5.515721 -0.000001 -0.000002 0.000001 0.049788 -2.759697 -1.844797 0.396073 5.587243 2.927960 -5.979218 3.283232 6.347556 0.000003 -0.000004 -0.000000 6.825799 7.721844 -5.132909 -8.029330 -1.041735 -0.099498 1.204604 -1.562704 0.310967 -0.000000 -0.000004 -0.000000 -3.355994 -1.360595 -8.766852 -36.856671 -10.404731 18.768754 23.602791 20.444648 21.054613 0.000000 0.000001 0.000002 -1.110259 0.344770 -20.416327 -15.171749 -16.906366 17.835830 21.314229 1.017803 -20.169279 -0.000001 0.000002 0.000002 
6.982603 47.078053 -44.146736 -5.751074 0.129079 6.152881 6.051248 0.442630 7.786767 3.560559 3.817889 -1.888971 -2.402595 0.762247 -1.661229 4.523624 9.552095 -5.979737 -0.000001 -0.000001 0.000002 0.534795 -4.088775 -1.553932 0.352654 3.285020 0.747916 -6.767774 2.224673 7.197331 0.000001 0.000001 -0.000002 7.384404 6.584634 -5.258197 -9.335190 -1.285317 0.927636 1.181446 -0.222922 -0.264001 -0.000000 0.000003 0.000001 -5.417315 -0.809250 -10.983363 -35.269174 -8.963964 17.075697 22.169408 16.594032 18.971781 -0.000001 -0.000001 -0.000003 -0.094082 -0.330630 -18.055316 -18.166642 -18.503011 13.895405 17.818244 0.941649 -19.453490 -0.000001 0.000000 0.000004 
5.908624 49.050667 -44.046013 -6.001870 7.304378 6.905018 5.892409 0.333185 8.783760 1.838020 2.323657 -1.835181 -0.334347 0.410864 -1.888068 3.822119 9.209093 -6.384291 -0.000000 0.000001 0.000004 1.246133 -5.442074 -1.838102 -0.296308 1.384610 -1.179455 -7.378068 2.030973 7.910176 -0.000001 -0.000003 -0.000002 7.039598 7.559708 -5.016191 -11.747215 -1.316849 1.075379 0.928582 0.375300 -1.377295 0.000000 -0.000002 0.000001 -7.549721 -0.262737 -13.366241 -31.694236 -7.049425 14.083770 19.941613 11.612985 15.810197 -0.000000 0.000003 0.000002 1.961779 -1.370722 -14.946018 -22.156879 -20.127316 9.637545 12.030708 0.235497 -18.680981 -0.000001 0.000001 0.000001 
4.778305 51.019558 -43.932709 -6.294403 15.011639 7.945637 5.866903 0.185331 9.615937 1.415226 2.085329 -2.008115 0.285174 -1.664082 -1.822369 3.141855 8.819788 -6.723318 0.000000 0.000003 -0.000001 2.379905 -6.593226 -1.798558 -0.400199 -0.921273 -3.172642 -7.908306 1.795757 9.033507 0.000002 -0.000002 -0.000000 5.280970 6.546087 -3.574926 -12.194002 0.674515 0.136899 1.434297 0.962032 -2.463610 -0.000000 0.000002 0.000000 -11.131920 1.364325 -14.843557 -22.416346 -3.997281 9.560039 15.050904 7.245372 11.676424 -0.000004 0.000005 -0.000001 4.788993 -2.293757 -12.161122 -27.145479 -22.250649 5.596560 6.176660 -0.171363 -15.669881 -0.000001 0.000001 0.000001 
3.680533 52.852814 -43.819168 -7.195741 21.234672 8.740871 7.178361 0.314675 10.972789 -1.042833 0.619264 -3.393488 1.694264 -1.878530 -1.245401 3.204800 8.797145 -6.490976 -0.000001 0.000006 0.000006 3.371842 -6.637188 -2.226925 -0.346281 -1.182038 -4.019400 -7.258012 2.699633 9.310596 -0.000001 -0.000000 0.000001 4.638949 6.589773 -3.067184 -12.118536 0.623193 -0.123780 2.025353 0.313760 -2.605549 -0.000000 0.000002 0.000001 -13.280373 2.534527 -15.252834 -14.059440 -1.786712 4.676881 11.233354 4.163408 8.345390 -0.000003 0.000005 0.000002 7.470820 -3.145208 -9.616257 -31.213749 -23.711862 2.309814 1.866736 -0.735405 -14.193032 -0.000000 0.000000 -0.000001 
2.514290 54.558533 -43.705807 -8.585511 27.618223 9.336412 7.623090 0.367552 12.079604 -2.556067 -0.257537 -4.439445 2.710758 -2.109759 -0.646158 3.725930 8.700163 -5.488560 -0.000002 -0.000001 0.000001 3.687410 -6.647897 -2.862267 -1.091192 -0.681065 -4.730764 -6.488963 4.110170 8.613754 -0.000001 -0.000000 0.000001 3.889926 5.597537 -3.248542 -10.544004 -1.465602 -0.030080 0.541139 -0.767167 -2.581621 -0.000000 -0.000002 0.000000 -14.647718 3.807017 -14.163205 -5.180436 -0.119163 -1.388157 8.805359 1.434745 5.751006 0.000003 -0.000004 0.000000 9.456452 -3.783912 -6.351838 -34.284380 -24.331330 -0.750371 -2.143397 -1.495582 -13.919900 0.000001 0.000003 0.000004 
1.344259 56.116428 -43.616676 -9.270841 33.378752 10.322363 7.597128 0.395759 12.281474 -3.100805 -0.401100 -5.191199 2.814277 -2.096536 0.242452 3.850764 8.336899 -5.099077 -0.000001 0.000000 0.000001 3.998819 -6.861977 -3.609216 -1.462968 -0.083199 -5.243564 -6.114639 5.018347 7.395427 -0.000001 -0.000005 -0.000001 2.631574 4.089261 -3.300138 -8.657030 -2.511621 -0.566214 -1.412981 -1.663932 -2.413962 -0.000000 -0.000004 -0.000000 -16.029937 4.988026 -13.017374 3.140390 0.758720 -8.280275 6.705535 1.045505 4.436635 -0.000002 0.000002 -0.000001 11.032004 -4.140145 -3.934677 -36.149418 -24.482419 -3.164733 -5.665463 -2.037817 -13.130887 -0.000001 0.000003 0.000001 
0.279481 57.495720 -43.519138 -10.052402 37.722964 11.372899 7.717438 0.411289 12.776500 -3.103747 -0.121120 -5.843756 2.465360 -2.435824 0.702064 3.737150 7.941708 -4.900732 -0.000002 0.000000 -0.000001 4.363346 -6.885386 -3.909692 -0.705759 0.703597 -5.480457 -5.685939 5.637941 7.115665 -0.000001 0.000005 0.000000 2.135591 2.867657 -3.432001 -7.369459 -2.928944 -0.813517 -2.988193 -2.128105 -2.479291 -0.000000 -0.000004 -0.000001 -16.332989 5.244731 -12.643421 9.485724 0.759162 -14.166329 4.527122 2.498207 3.938403 -0.000001 0.000006 0.000000 12.162090 -4.376787 -2.639042 -37.565211 -24.681939 -4.713949 -8.957546 -2.588243 -11.435638 -0.000004 0.000001 0.000007 
-0.692879 58.698944 -43.445431 -10.378737 41.433099 12.407384 7.712213 0.385605 13.107594 -3.183032 0.049733 -6.321862 2.350943 -3.256661 1.123335 3.926883 8.185134 -5.238640 -0.000000 -0.000002 0.000002 4.729297 -5.732689 -4.168917 -0.089667 0.615064 -6.120452 -5.519582 6.013806 7.913909 0.000002 0.000001 0.000000 2.430672 5.469472 -3.030168 -7.344955 -2.880627 -0.852236 -2.646323 -2.386882 -2.882279 -0.000000 0.000002 0.000000 -16.409909 5.420558 -12.170054 14.772294 0.223435 -20.145511 1.786142 4.933715 3.546587 -0.000000 0.000002 -0.000001 13.092697 -4.548788 -1.817056 -40.325717 -25.358863 -6.864142 -9.927834 -2.799773 -10.100625 -0.000002 -0.000000 0.000001 
-1.550575 59.766796 -43.355797 -10.071224 44.344624 13.378769 6.832992 0.198402 12.678884 -1.078239 1.066879 -4.877523 0.719920 -3.701900 0.447641 3.363363 7.741679 -5.840248 -0.000002 0.000007 -0.000003 5.225004 -4.061744 -4.736060 0.102917 0.338120 -6.624149 -4.542117 6.588113 8.993489 0.000000 -0.000003 -0.000000 2.001777 5.455130 -2.795686 -6.398766 -2.349067 -1.539520 -3.908021 -2.378766 -3.833457 -0.000001 0.000002 0.000000 -16.053632 5.290953 -11.878898 17.770769 -0.427103 -25.201088 -1.022297 6.526003 2.863979 -0.000001 0.000000 -0.000002 13.554505 -4.669292 -1.793158 -42.491123 -25.909081 -8.451587 -11.699587 -3.127150 -9.992597 0.000009 0.000004 0.000000 
-2.293886 60.716072 -43.248760 -9.064482 46.412030 13.794156 6.312412 0.064433 12.810501 -0.220048 1.568353 -4.453213 -0.093714 -4.215527 0.062688 3.070703 7.978198 -6.544605 -0.000000 0.000001 0.000002 5.237184 -2.784738 -4.958115 0.835107 0.958742 -6.592970 -4.145319 6.946923 9.202232 0.000002 -0.000003 -0.000002 1.903276 6.292670 -2.591029 -6.012035 -2.136788 -1.976681 -4.807482 -2.305300 -4.817256 0.000000 -0.000005 -0.000001 -16.194310 5.230961 -12.591777 18.399647 -0.797249 -28.838018 -2.506006 7.262007 2.327590 -0.000001 0.000003 0.000000 13.686669 -4.733503 -2.046865 -44.783563 -26.561894 -9.767626 -12.561071 -3.320944 -10.669635 0.000001 0.000000 -0.000001 
-2.906388 61.532410 -43.138260 -7.170414 48.100637 14.057034 6.435879 0.015725 13.562236 -1.113044 1.659472 -6.186096 -0.113877 -2.545778 1.002424 2.651378 7.951769 -7.129436 -0.000000 -0.000002 -0.000001 5.443902 -4.088780 -4.500454 2.405578 1.855211 -6.327764 -4.471624 6.589552 9.097185 -0.000001 0.000001 -0.000002 1.258751 4.579570 -2.259687 -4.927738 -1.081432 -2.999669 -5.579312 -2.185197 -4.976761 -0.000000 -0.000002 -0.000000 -16.199144 4.734758 -14.484169 17.577258 -0.875018 -30.657823 -3.937333 6.488549 0.943325 0.000003 0.000003 -0.000001 12.891512 -4.621296 -3.903937 -46.350572 -27.102611 -10.306615 -13.026159 -3.480398 -11.039374 -0.000005 0.000005 0.000004 
-3.382559 62.208923 -43.032696 -5.628036 48.759542 13.982502 7.033533 0.086367 14.494430 -0.096504 2.461234 -6.244960 -1.855824 -1.363723 0.416812 2.283183 8.185461 -8.158083 0.000000 0.000001 -0.000001 5.612465 -4.266633 -4.386451 3.669940 3.442112 -5.522626 -4.834675 6.360412 7.491580 0.000000 0.000001 -0.000002 0.640347 3.731667 -1.942084 -3.649785 -0.580134 -3.948917 -6.605736 -2.104188 -5.541217 -0.000001 -0.000002 -0.000000 -16.113562 4.314116 -16.043626 17.300118 -1.022932 -31.214699 -5.509012 6.048298 -0.327948 0.000004 0.000003 -0.000001 12.964304 -4.785600 -4.768644 -46.468864 -27.193232 -10.095303 -13.112154 -3.489511 -11.378180 0.000001 0.000000 0.000002 
-3.756933 62.786087 -42.911503 -4.070343 49.110833 13.587506 7.026266 0.065105 14.676487 0.460301 2.902644 -6.268769 -2.757299 -0.868356 0.262461 2.104290 8.590194 -9.081000 0.000000 0.000002 -0.000006 5.595384 -3.597275 -4.472397 4.253848 4.330529 -5.096872 -4.813588 6.511182 6.855558 0.000000 -0.000002 0.000001 0.523587 4.625480 -1.701543 -3.496359 -0.254636 -4.400399 -5.423019 -2.695157 -5.005676 0.000000 -0.000002 -0.000001 -16.412880 4.075740 -17.574814 16.684417 -0.939619 -31.109142 -6.215394 5.832025 -0.835527 -0.000004 0.000004 -0.000003 13.053259 -4.855949 -5.259925 -46.336140 -27.228187 -9.877764 -13.500774 -3.480376 -11.808059 -0.000005 0.000001 0.000001 
-3.983299 63.262550 -42.792896 -2.786483 48.644204 12.652430 7.707398 0.220842 15.365212 0.954112 3.459360 -6.756137 -3.788435 0.020563 0.325766 1.855599 8.897649 -9.970155 -0.000000 0.000001 0.000001 5.515756 -2.688210 -4.988594 4.440357 5.504530 -4.377195 -4.235890 7.024499 6.719334 -0.000000 -0.000001 0.000000 -0.042293 4.933128 -1.498538 -2.724584 -0.706031 -4.846485 -4.560407 -3.139366 -4.708448 -0.000000 -0.000002 0.000001 -16.161966 3.548966 -18.912562 15.671183 -0.585264 -29.937532 -6.238267 5.525023 -1.061092 0.000001 0.000001 0.000002 13.070113 -4.978132 -5.803336 -45.196820 -27.309892 -8.552871 -12.998644 -3.429847 -13.167700 -0.000003 -0.000000 0.000001 
-4.054568 63.707249 -42.671761 -1.672243 48.392768 11.191152 7.968866 0.265349 16.186491 0.909527 3.571972 -7.292327 -4.076297 0.996007 0.647941 1.632724 9.123888 -10.523217 -0.000001 0.000001 0.000002 5.181016 -2.522742 -5.254498 4.587506 6.883352 -3.883550 -3.357105 7.673469 6.108575 0.000001 -0.000000 0.000001 -1.269162 4.288330 -1.125692 -1.754350 -0.854044 -6.116224 -3.641043 -3.811972 -4.274119 0.000000 0.000003 0.000000 -14.433096 2.098959 -20.128948 13.239574 -0.019208 -27.757827 -5.898687 5.556748 -0.914153 0.000001 0.000002 -0.000001 13.053021 -5.135711 -5.895685 -41.976287 -26.287103 -6.502688 -12.932140 -3.319878 -16.392473 -0.000001 -0.000000 0.000001 
-4.057462 64.127632 -42.546684 -0.462275 48.724565 10.055144 7.854791 0.184493 16.533735 0.616669 3.629113 -7.991573 -3.958640 1.551883 1.330239 0.937125 8.867770 -11.368255 -0.000000 0.000002 0.000001 5.246886 -2.600207 -5.127819 4.670251 6.707503 -3.847249 -3.393928 7.044377 5.648389 0.000002 0.000002 0.000003 -1.924166 4.032477 -0.482210 -1.212055 -0.280548 -6.654065 -2.955008 -3.164696 -4.413462 -0.000001 -0.000000 -0.000000 -12.948564 0.709724 -21.328953 10.211788 0.716748 -25.904271 -5.334923 5.510402 -0.460950 0.000001 0.000003 -0.000003 13.452316 -5.287698 -5.130571 -39.001801 -24.975797 -5.447161 -12.431453 -2.901812 -20.730533 -0.000002 -0.000002 0.000000 
-3.951090 64.601738 -42.403439 0.885910 48.137705 8.654085 7.761051 0.197853 15.557129 2.069767 4.370427 -6.912465 -5.151157 1.195787 0.921460 0.174040 8.849018 -12.407906 -0.000000 -0.000003 0.000002 4.859783 -1.765991 -4.693040 4.874536 5.877015 -3.907842 -3.152045 6.114069 5.140729 0.000000 -0.000003 -0.000000 -1.536628 6.246139 0.180459 -2.113877 0.527304 -5.948634 -2.460321 -1.748654 -5.988498 0.000000 -0.000000 0.000000 -11.552586 -0.284415 -20.984540 7.616485 1.233760 -25.310082 -5.978045 4.674251 -1.253583 0.000002 0.000002 -0.000001 12.781811 -4.881913 -4.326945 -37.788244 -23.953282 -5.883386 -11.840992 -2.802528 -19.741946 -0.000000 0.000003 0.000002 
-3.797921 65.128220 -42.220085 2.968716 48.132159 7.194630 7.056475 0.125167 13.721709 2.613096 4.611969 -6.396720 -5.634872 1.085283 1.219695 -0.547422 8.838126 -13.628396 -0.000001 0.000001 -0.000001 4.049071 -1.389309 -4.354007 4.747592 5.771259 -3.828183 -1.871495 6.291704 5.710258 0.000001 0.000003 -0.000001 -1.551894 6.365429 0.296581 -2.907537 0.347567 -5.313022 -2.043669 -1.793788 -4.962415 -0.000000 0.000002 0.000000 -9.883092 -1.523650 -20.839802 4.496166 1.727025 -24.029574 -5.801838 3.355590 -1.886463 0.000001 0.000006 0.000000 11.100334 -4.189427 -3.693723 -35.199643 -21.976351 -6.125167 -11.527593 -2.714751 -20.873681 -0.000000 0.000003 0.000001 
-3.627662 65.683685 -42.018974 3.848265 48.039616 6.419333 6.748463 0.111283 12.548466 2.880984 4.636176 -6.000674 -5.921610 1.117470 1.094160 -0.979460 8.870638 -14.191046 0.000001 0.000005 -0.000001 3.776131 -1.258794 -4.151431 4.482417 5.556034 -3.838116 -1.433048 6.456635 6.456094 -0.000002 0.000003 -0.000000 -1.964149 5.028678 0.383633 -3.305988 0.766430 -5.536645 -1.747285 -2.101677 -3.558430 -0.000001 -0.000004 -0.000001 -7.946374 -2.584463 -19.990396 1.878734 2.140352 -23.478087 -5.431692 2.885446 -1.994081 0.000001 0.000001 -0.000005 9.685255 -3.749268 -3.445207 -31.958008 -19.654692 -6.368707 -10.859060 -2.577337 -23.153284 -0.000000 0.000001 0.000001 
-3.446327 66.361687 -41.822094 4.721257 47.158467 5.918724 6.623041 0.213932 10.468447 2.586112 4.503210 -6.344712 -5.893993 1.412743 1.684483 -0.815019 9.059806 -14.356409 -0.000000 0.000000 -0.000001 3.668699 -0.518250 -4.444393 3.836802 6.110808 -3.187872 -1.530717 6.877600 7.074145 0.000002 0.000003 -0.000000 -2.205732 4.218241 0.150072 -4.432019 0.860959 -5.804718 -2.810464 -2.259227 -3.716878 -0.000001 -0.000007 -0.000000 -6.460288 -2.815011 -17.972722 -0.254733 2.735754 -24.759692 -5.341249 2.243803 -2.227290 -0.000001 0.000001 -0.000003 7.447152 -3.006845 -2.791521 -28.384767 -16.484238 -8.180694 -12.834969 -2.739838 -23.215068 -0.000001 0.000001 0.000001 
-3.287366 67.249062 -41.580105 4.474967 47.918408 5.265148 6.733288 0.346501 9.838258 1.318821 3.979290 -7.467012 -4.532778 1.336188 2.885724 -1.230569 8.994761 -15.218073 -0.000000 0.000001 -0.000001 3.557814 -0.460640 -5.041116 3.429413 6.979797 -2.563487 -1.538169 7.896800 8.754607 -0.000002 -0.000003 -0.000000 -1.795546 5.048251 -0.415666 -5.306505 -0.628720 -4.566540 -5.328895 -1.438515 -6.336383 0.000000 -0.000000 0.000001 -3.611869 -3.535286 -14.868234 -3.347553 3.547864 -26.086128 -4.509784 -0.075446 -2.967689 -0.000001 0.000003 -0.000001 6.965358 -2.598779 0.312657 -26.315151 -13.417125 -12.176356 -15.823322 -3.091640 -22.814685 -0.000002 0.000000 0.000002 
-3.161468 68.216942 -41.310284 4.830045 48.825440 4.721620 6.356675 0.350651 9.015235 0.886564 3.755261 -7.735208 -3.869772 1.044881 3.420119 -1.629462 8.997928 -16.183216 -0.000000 0.000004 -0.000003 3.484630 -0.129094 -5.376066 3.494859 7.779620 -2.031449 -2.281983 8.343957 8.788381 -0.000001 -0.000003 -0.000000 -2.295243 3.497806 -0.704537 -5.409033 -0.546320 -4.650859 -7.281287 -1.462470 -6.996384 -0.000000 -0.000002 0.000001 -1.561307 -3.952749 -12.523525 -5.963812 4.268931 -27.369167 -4.225929 -1.204780 -3.262849 0.000001 -0.000003 0.000000 6.091324 -2.185280 2.598242 -24.817414 -11.073137 -15.952863 -18.012795 -3.204181 -22.880980 -0.000003 0.000002 0.000002 
-3.084766 69.443291 -41.024418 5.984636 49.653074 4.173216 5.868304 0.352451 7.302516 0.951393 3.656034 -7.257633 -3.756085 0.983761 3.833860 -2.955431 8.988130 -18.575321 -0.000000 -0.000003 -0.000001 3.151547 0.557665 -5.226350 4.007761 7.330833 -2.575811 -3.111068 8.353967 9.019061 0.000002 -0.000001 0.000000 -2.031821 3.519041 -0.810114 -7.060924 1.012106 -5.082664 -8.038880 -1.140152 -8.347207 -0.000000 -0.000004 0.000000 0.593107 -3.825375 -8.912885 -9.053279 5.798404 -30.618673 -4.161576 -2.768720 -3.915703 0.000002 0.000001 0.000002 4.425292 -1.528416 5.558606 -23.046766 -8.222329 -22.032823 -20.987332 -3.496246 -21.239556 0.000002 0.000003 0.000001 
-3.068884 70.996506 -40.690475 7.494567 50.942027 3.351212 4.990697 0.331771 5.427522 1.170248 3.646889 -6.583748 -3.728609 0.566774 3.990027 -3.694479 8.826209 -19.421312 0.000001 0.000001 0.000001 3.051644 0.316483 -5.067223 4.525223 6.518679 -3.386156 -4.287509 7.881312 8.143405 -0.000001 0.000001 0.000001 -2.222859 4.296864 -0.394028 -8.832177 3.391498 -6.180954 -7.582902 -0.628679 -10.513657 -0.000000 -0.000002 0.000001 3.933204 -3.792717 -4.126674 -13.572061 7.977290 -35.137133 -4.407107 -3.989540 -4.698692 -0.000001 0.000003 -0.000003 1.908078 -0.704714 8.182164 -21.860345 -5.405930 -29.127946 -26.207229 -4.188165 -20.051277 -0.000002 0.000000 0.000002 
-3.084683 72.580467 -40.360283 9.733152 51.628229 2.775537 2.965591 0.273246 2.112842 0.866914 3.605342 -6.959435 -3.078442 0.757055 5.516654 -3.995312 8.617623 -19.340307 0.000000 -0.000001 -0.000001 3.121778 -0.118715 -4.459274 4.892058 5.225654 -4.533233 -4.734641 7.571615 9.025059 0.000001 0.000001 -0.000001 -2.252483 3.951270 -0.120537 -9.999031 5.207571 -6.767117 -6.082755 -1.012590 -9.835579 -0.000000 0.000001 0.000002 5.518799 -3.344906 -1.110609 -16.772197 9.861372 -39.281029 -4.121130 -4.159372 -4.468445 -0.000003 0.000005 -0.000001 -0.046864 -0.216050 10.215064 -21.090941 -3.217637 -35.623596 -30.498297 -5.284733 -16.528105 0.000000 -0.000001 -0.000001 
-3.117850 74.424294 -39.997177 10.617965 52.112486 2.247605 1.412584 0.297916 -0.459463 2.267806 3.946566 -4.911399 -3.723203 0.150496 4.547303 -3.992440 9.051734 -19.997701 0.000001 0.000000 -0.000001 3.337590 0.913013 -4.091282 5.298168 3.705530 -5.181657 -4.903961 6.732542 9.505745 -0.000000 0.000002 -0.000002 -2.015901 4.284226 0.400546 -10.771961 6.548735 -6.435725 -4.631210 -0.449657 -9.425426 -0.000000 -0.000000 0.000001 8.586719 -2.651411 3.973484 -20.184672 12.468248 -44.462486 -3.412910 -5.399113 -4.419345 -0.000003 0.000003 -0.000001 -0.982078 0.144547 12.184039 -21.161272 -1.796473 -40.841704 -34.639653 -7.411307 -10.006762 0.000002 0.000003 0.000006 
-3.161133 76.473404 -39.636631 12.298784 53.066765 2.027584 -0.752257 0.382620 -3.309673 1.953093 3.887593 -5.200732 -2.608951 -0.732849 5.277829 -2.903952 9.452200 -18.905199 -0.000000 0.000002 0.000004 3.504103 1.370216 -3.739464 5.961042 2.777747 -5.767595 -5.143772 6.165487 10.257601 -0.000000 -0.000001 -0.000001 -1.807117 3.983762 0.551126 -11.199170 7.791127 -6.364440 -3.467344 -0.886382 -7.345427 0.000002 -0.000000 -0.000000 12.693846 -1.947516 9.411178 -24.942171 16.633129 -50.672067 -0.700271 -6.929211 -3.185810 -0.000002 0.000003 -0.000001 -1.694856 0.447978 11.825422 -23.673098 -1.757202 -43.724095 -30.991888 -7.379476 -5.734008 0.000000 0.000006 0.000006 
-3.221973 78.464119 -39.262550 13.276104 53.393173 1.754805 -1.966236 0.544940 -5.215715 1.569261 3.775204 -5.777947 -2.131368 -0.737994 6.077041 -2.127675 9.316430 -18.557395 0.000001 -0.000002 0.000001 2.919345 1.721382 -3.549799 6.858918 3.277873 -5.670809 -4.781917 5.912980 10.174109 0.000000 -0.000001 -0.000001 -1.814972 3.535336 0.295979 -11.275358 7.848740 -6.202961 -3.040431 -0.922035 -6.217117 -0.000000 -0.000002 -0.000001 15.395270 -0.959703 13.452056 -28.190858 20.430356 -55.609211 1.183750 -7.513605 -2.070519 -0.000002 0.000000 -0.000003 -1.689429 0.450776 12.662337 -24.152001 -1.808080 -45.183446 -28.227384 -6.746335 -3.767770 -0.000000 0.000002 0.000002 
-3.305836 80.564468 -38.875648 13.942738 53.216794 1.197882 -3.402542 0.769221 -7.333613 2.305148 3.753973 -4.479397 -2.524605 -0.916574 5.447293 -1.550672 9.383040 -17.954520 0.000001 0.000000 0.000001 2.355781 2.883060 -3.430737 7.328537 4.121641 -5.611663 -3.835674 6.322806 9.510128 -0.000000 0.000006 -0.000003 -1.568666 2.832553 -0.251251 -11.186216 6.390224 -5.545722 -4.203798 -1.148035 -6.406320 -0.000001 0.000005 0.000002 17.550023 0.666028 17.652282 -30.446101 24.459481 -61.274051 3.804688 -7.367622 -0.174366 0.000002 0.000000 -0.000003 -2.026471 0.329367 11.918908 -22.495243 -2.197162 -43.509862 -23.452928 -5.187827 -4.572498 0.000000 0.000003 0.000001 
-3.402679 82.742035 -38.453518 15.530117 54.290056 0.304503 -5.346664 1.076337 -9.705954 2.136461 3.389214 -3.828900 -1.690758 -1.485982 5.727851 -1.536269 9.401490 -18.259363 0.000001 0.000000 0.000001 1.719442 3.025477 -3.278211 8.179789 4.733405 -6.025101 -3.756735 6.373401 8.069825 -0.000001 -0.000004 0.000001 -1.354783 2.215765 -0.724519 -11.028126 5.270741 -4.953425 -4.460746 -1.710738 -5.938873 -0.000000 -0.000002 -0.000000 18.978090 2.276872 21.374930 -31.774511 28.459646 -67.380342 6.702223 -5.294962 2.660548 0.000001 -0.000001 0.000000 -1.836808 0.275524 10.543597 -21.839253 -2.453975 -42.489029 -18.101753 -3.378270 -8.471899 -0.000001 0.000001 0.000001 
-3.505587 84.818733 -38.039295 14.907083 55.841332 -0.645331 -6.037018 1.004388 -9.723030 1.564871 2.774756 -3.508446 -0.573285 -2.348416 5.413272 -1.201290 9.535487 -17.646595 -0.000000 -0.000001 -0.000001 1.848346 2.999669 -3.093233 8.218077 3.561513 -6.952480 -4.341485 5.707980 7.705154 -0.000000 -0.000001 0.000001 -0.957565 2.255471 -0.646256 -11.062037 4.649440 -4.031078 -4.100839 -1.211075 -6.109124 -0.000000 0.000003 0.000001 20.972104 4.005993 25.208002 -32.453425 31.633686 -72.674073 9.006217 -4.970397 4.004429 -0.000002 0.000002 -0.000001 -1.133727 0.052018 10.431943 -21.282851 -2.494487 -41.236833 -13.894947 -2.220031 -13.532276 -0.000001 0.000002 0.000002 
-3.607115 86.897690 -37.582916 16.023887 57.487312 -1.598931 -7.808979 1.321741 -11.761289 0.903759 2.279126 -3.469231 0.709812 -3.323776 5.729333 -0.739732 9.510541 -16.550810 0.000001 0.000000 -0.000001 1.839898 3.023286 -3.007344 8.644637 3.228573 -7.307109 -4.212322 5.767708 7.730665 0.000001 0.000001 -0.000000 -0.593610 0.901707 -1.061026 -11.012396 4.830935 -3.600645 -4.099732 -1.728749 -4.574945 -0.000002 -0.000004 -0.000002 21.969367 5.769447 28.708392 -31.575589 34.457772 -79.326855 10.569170 -3.747484 5.405078 0.000001 0.000003 -0.000003 -1.310513 0.187701 8.476398 -18.575418 -1.568827 -41.442036 -10.514152 -1.559606 -17.608906 -0.000000 0.000001 0.000001 
-3.697422 88.938080 -37.098869 16.521142 58.678708 -2.497949 -8.833931 1.429359 -12.294780 0.381359 1.668204 -2.898998 1.786897 -4.365736 5.222095 -0.538118 9.813314 -16.488193 -0.000000 0.000001 -0.000001 1.944792 2.916153 -3.131364 8.469820 2.194854 -8.246975 -4.785145 5.423927 6.372262 0.000001 -0.000004 -0.000001 -0.337134 0.380776 -1.391991 -11.190721 5.403113 -3.886457 -4.693938 -1.998307 -3.823560 -0.000001 -0.000000 -0.000001 22.688275 6.981703 31.239496 -30.825504 36.270377 -84.042643 11.903121 -3.349611 6.321644 0.000000 0.000004 0.000000 -1.944423 0.442205 6.489191 -16.904810 -0.785292 -42.347152 -7.063894 -1.084342 -22.958923 -0.000000 0.000002 -0.000003 
-3.772017 90.799843 -36.597431 16.640730 59.327214 -3.359924 -9.098227 1.303927 -11.628401 -0.445511 1.258751 -3.377504 2.693392 -4.906644 5.349964 -0.403412 10.047547 -16.572001 -0.000001 0.000001 -0.000001 2.013910 2.782519 -3.041079 8.306329 0.790524 -9.270319 -5.400360 4.871533 5.384688 0.000001 -0.000004 -0.000001 -0.100743 0.245148 -1.479988 -11.042661 5.843814 -3.695776 -5.296663 -1.666293 -4.251771 -0.000001 0.000001 0.000001 23.574444 8.229914 33.673550 -30.643958 37.962533 -87.281116 13.643433 -3.711141 7.156308 -0.000000 0.000002 -0.000001 -2.315183 0.637662 5.489925 -16.337322 -0.264664 -43.959699 -3.532033 -0.846187 -28.612106 -0.000001 0.000001 0.000007 
-3.848239 92.549614 -36.103943 16.677160 60.204095 -4.698071 -9.133353 1.122945 -10.682507 -1.253472 0.676630 -3.594227 3.325918 -5.321744 5.335266 -0.181687 10.065217 -16.520853 0.000000 -0.000000 0.000001 1.987914 2.763736 -2.974783 8.246913 -0.076918 -9.630023 -5.080368 4.458644 4.859438 0.000000 -0.000006 -0.000001 -0.074410 1.393705 -1.064061 -9.798451 5.402634 -2.988552 -6.516063 -0.419647 -6.222723 -0.000001 0.000002 -0.000000 24.437664 9.458807 35.960304 -30.829787 39.608591 -89.662161 14.206346 -3.292193 7.563069 0.000001 0.000003 0.000000 -3.474145 1.084841 4.231898 -13.818037 0.896490 -46.380570 -4.115378 -0.833465 -28.885478 -0.000004 0.000001 0.000004 
-3.929157 94.133324 -35.606472 18.030103 61.517574 -6.451240 -10.015893 1.276291 -11.421692 -1.538740 -0.069499 -2.432771 3.730126 -6.089019 4.684744 -0.075089 10.013152 -16.063922 0.000000 0.000001 -0.000001 2.047854 2.383389 -3.017138 7.929918 -0.679742 -9.863494 -4.479928 4.443940 4.272793 -0.000000 -0.000001 -0.000000 -0.540216 1.454040 -0.598184 -7.962571 4.891671 -2.651072 -7.473369 0.141794 -7.307502 -0.000000 -0.000004 -0.000001 24.733346 10.254768 37.422859 -30.916421 40.830427 -91.783645 14.085956 -2.540782 7.782067 -0.000003 0.000003 0.000002 -5.235703 1.761748 2.718401 -11.686854 2.376921 -50.758257 -7.777123 -1.043359 -28.136981 -0.000000 0.000003 0.000004 
-4.002462 95.550293 -35.120594 18.714401 62.036805 -7.653457 -10.403583 1.286879 -11.465061 -1.745700 -0.432427 -1.923694 3.891231 -6.244159 4.488942 -0.271200 9.951687 -15.750363 0.000001 -0.000002 0.000001 2.100490 2.010279 -3.250173 7.447421 -1.097997 -9.908482 -3.550280 4.782507 4.069758 -0.000000 0.000001 -0.000000 -1.207665 0.944786 -0.324429 -6.432894 4.483611 -2.692934 -7.885257 -0.055291 -7.350656 0.000000 0.000005 0.000003 24.829949 10.666601 38.512619 -30.837986 41.819759 -93.378856 13.871087 -1.771371 7.957291 -0.000001 0.000003 -0.000001 -6.060182 2.190905 2.646001 -10.766376 3.619939 -55.632195 -11.696135 -1.414919 -28.934068 -0.000001 0.000003 0.000001 
-4.075522 96.815735 -34.632729 17.881632 61.885182 -7.988652 -9.686736 1.004625 -10.097451 -2.804054 -0.180091 -4.010368 4.255265 -5.782848 5.889920 -0.502272 10.035074 -15.263325 0.000000 0.000002 0.000002 2.090175 3.682441 -3.515077 6.858141 -1.447550 -9.378626 -1.525645 4.686759 3.299318 -0.000001 -0.000001 -0.000001 -1.850749 -1.019609 -0.158115 -5.017559 4.453336 -2.693336 -8.144292 0.209533 -7.362304 -0.000000 -0.000000 0.000001 24.915511 11.335113 39.849588 -30.596963 41.821815 -93.740754 13.131484 -2.265909 7.355676 -0.000000 0.000000 -0.000002 -6.669079 2.385477 3.710125 -9.923548 5.001419 -62.376532 -17.839737 -1.743681 -29.359732 -0.000001 0.000001 0.000004 
-4.146947 97.916901 -34.135914 16.968982 62.299405 -8.052056 -9.657356 0.993141 -10.221226 -3.408681 -0.055936 -5.091726 4.768741 -5.747880 6.801698 -1.014895 10.011440 -15.020945 0.000001 0.000002 0.000001 2.092477 4.003767 -3.379575 6.525955 -2.157536 -9.445491 -0.393543 4.611147 2.870922 -0.000000 -0.000001 0.000001 -1.965897 -2.193794 -0.065798 -5.132955 4.899582 -2.499382 -6.918070 0.170293 -7.150298 -0.000001 -0.000000 0.000001 25.573386 12.296494 41.765797 -30.360252 42.455534 -95.096375 13.226271 -1.882738 7.569984 -0.000000 0.000003 0.000000 -6.319461 2.252175 5.671361 -10.263154 6.356675 -69.608889 -21.967350 -2.231044 -28.235319 -0.000001 0.000001 0.000000 
-4.206218 98.891525 -33.643463 16.669833 62.385152 -8.006463 -10.150745 1.155014 -11.109366 -2.497163 0.010408 -3.573506 3.939064 -5.479365 5.950879 -1.310192 9.877382 -14.970511 0.000001 -0.000001 0.000001 2.045191 3.810548 -3.265509 6.511165 -2.457251 -9.613669 0.048850 4.492130 2.615785 0.000001 -0.000004 -0.000001 -2.012055 -2.856217 -0.165296 -5.169062 4.827450 -2.213664 -6.514645 0.231929 -7.628499 -0.000002 0.000001 0.000001 25.827182 12.604323 42.492465 -30.469949 42.730053 -95.372595 13.384631 -1.658189 7.814917 0.000001 0.000003 -0.000005 -5.961369 2.114176 7.261067 -11.101070 7.496676 -75.996605 -24.183687 -2.664072 -26.212951 -0.000002 0.000000 0.000004 
-4.275496 99.743561 -33.146687 16.223660 62.518409 -7.968694 -10.022214 1.073941 -10.709957 -3.114506 0.372576 -5.323384 4.342890 -5.311595 7.044626 -1.403232 9.829259 -14.390758 0.000000 0.000000 -0.000001 1.908384 4.342635 -3.388941 6.530547 -2.170134 -8.963974 0.875110 4.266861 2.152130 0.000001 -0.000006 -0.000000 -2.152223 -3.213166 -0.109660 -5.653886 5.305993 -2.265004 -5.430657 0.215436 -7.022853 0.000000 -0.000000 0.000002 25.672214 12.701487 42.745414 -30.481386 42.481738 -94.785984 13.289331 -2.278303 7.489220 0.000001 0.000002 -0.000003 -5.203599 1.806949 10.084433 -12.360555 8.838641 -82.146002 -24.590807 -2.735148 -27.140004 -0.000001 -0.000000 0.000001 
-4.344511 100.475983 -32.667507 18.124815 63.452075 -8.210803 -11.374364 1.532459 -13.020802 -2.434474 0.127217 -3.650689 4.414755 -5.816794 6.165896 -1.667840 9.976283 -14.775376 0.000000 0.000002 -0.000001 2.184258 2.985401 -3.225172 6.556447 -2.376136 -8.776940 0.393032 3.776987 2.338293 -0.000000 -0.000002 0.000001 -1.988282 -1.410848 0.391223 -6.569977 5.726131 -2.129058 -3.633282 0.345612 -6.782681 -0.000001 -0.000000 0.000001 25.328399 12.091792 41.737090 -30.342487 42.800752 -95.463177 14.074711 -1.816197 8.078355 -0.000001 0.000003 0.000000 -4.739095 1.691731 11.172464 -13.946841 10.085079 -86.792327 -23.436807 -2.519215 -29.128107 -0.000001 0.000003 0.000002 
-4.421083 101.120789 -32.201633 18.946275 63.824935 -8.035979 -11.802812 1.762970 -14.036375 -1.963589 0.106379 -2.767532 4.142975 -5.709532 5.580749 -2.143789 9.873429 -15.368187 0.000000 0.000001 0.000001 2.487132 2.350936 -3.417117 6.202069 -2.517416 -8.625583 0.132039 3.743701 2.111931 -0.000000 -0.000001 -0.000001 -2.284438 -1.167598 0.549340 -6.793384 6.090288 -2.415445 -3.155390 0.043816 -6.348377 -0.000002 -0.000002 -0.000000 25.001744 11.455925 40.839508 -30.276067 42.690854 -95.361482 14.171332 -1.509616 8.255973 -0.000001 0.000004 0.000000 -4.414990 1.679396 11.929057 -15.021504 11.072257 -90.166167 -22.788853 -2.422767 -30.179946 -0.000000 0.000001 0.000000 
-4.498351 101.654968 -31.713696 19.131971 64.237629 -7.212771 -12.452590 2.196200 -15.899885 -1.386821 0.147299 -1.832309 4.110209 -5.912254 5.187987 -2.688069 9.925712 -16.410170 -0.000000 0.000002 0.000001 2.912995 2.940592 -3.800831 6.014630 -2.216938 -7.978770 -0.196717 3.620349 2.005910 0.000001 -0.000004 0.000001 -2.360366 -0.724471 0.646458 -7.224493 6.152247 -2.301687 -3.303401 0.005868 -6.321145 -0.000001 0.000002 -0.000000 25.190277 10.918154 40.006890 -30.333160 42.860151 -95.505135 14.252586 -1.477978 8.299581 -0.000001 0.000003 -0.000001 -3.784609 1.530130 13.058141 -15.631185 11.876248 -93.087706 -22.570775 -2.278606 -31.396136 -0.000002 0.000001 0.000001 
-4.581705 102.123245 -31.241779 18.134084 64.320568 -6.113135 -12.318893 2.198668 -15.964900 -1.085986 0.442609 -1.753487 3.930803 -5.906158 4.938056 -3.197688 10.166934 -17.324783 0.000001 0.000001 0.000002 3.308953 3.359956 -3.871419 6.232384 -1.916264 -7.197407 -0.856609 3.215810 2.395236 0.000001 -0.000001 0.000001 -2.339177 -1.404193 0.680085 -7.618437 6.857536 -2.260768 -3.685341 0.431896 -6.076523 -0.000000 -0.000002 -0.000001 25.503426 10.652306 39.503605 -30.555439 42.834876 -94.974518 15.157146 -1.621820 8.817556 -0.000001 0.000002 -0.000001 -3.083269 1.323055 14.500550 -15.756481 12.313417 -95.564175 -22.786891 -2.181356 -31.597367 -0.000001 0.000001 0.000000 
-4.658701 102.539322 -30.763966 17.065701 64.240784 -5.106659 -12.353382 2.303994 -16.487250 -0.871060 0.627525 -1.693330 4.024671 -6.087649 4.984854 -3.259483 10.378036 -17.527707 0.000001 0.000001 0.000001 3.504821 4.130711 -3.959505 6.340234 -1.570176 -6.456534 -0.891241 3.162198 2.817093 -0.000000 -0.000000 0.000001 -2.243455 -1.407173 0.789491 -8.007686 7.192898 -1.985621 -3.544951 0.503029 -5.539388 -0.000001 -0.000000 -0.000001 25.944052 10.695659 39.651994 -30.378936 43.136015 -95.699406 15.654799 -1.613972 9.149040 0.000000 0.000001 -0.000003 -2.461940 1.193094 15.754868 -15.790581 12.787144 -97.872041 -22.731843 -2.163004 -31.366862 -0.000000 0.000000 0.000002 
-4.731877 102.908707 -30.302414 16.204424 64.436565 -3.889181 -12.372500 2.379104 -16.786544 -0.917989 0.846630 -2.247389 4.377077 -6.256768 5.245206 -3.174288 10.509341 -17.548064 0.000000 0.000001 0.000001 3.868894 4.495786 -4.267483 6.364940 -1.067301 -5.994796 -0.893251 3.724010 4.417190 -0.000001 -0.000004 0.000001 -2.347511 -1.230760 0.863318 -8.164592 7.239113 -2.039195 -3.837559 0.221054 -5.051321 -0.000000 -0.000003 -0.000002 26.281851 10.694977 39.679800 -29.765848 43.325758 -96.741618 16.757741 -1.840484 9.711769 -0.000000 0.000000 -0.000003 -1.726572 1.049613 16.623123 -16.038275 13.249064 -99.913804 -22.230580 -2.119950 -31.207196 -0.000001 0.000003 0.000001 
