HIERARCHY
ROOT Hips
{
	OFFSET 36.215240 100.393600 -1.933919
	CHANNELS 6 Xposition Yposition Zposition Xrotation Yrotation Zrotation
	JOINT Chest
	{
		OFFSET -3.088383 13.131958 2.041530
		CHANNELS 3 Xrotation Yrotation Zrotation
		JOINT Chest2
		{
			OFFSET -8.763212 19.471390 1.771290
			CHANNELS 3 Xrotation Yrotation Zrotation
			JOINT Chest3
			{
				OFFSET -6.250860 13.521744 -0.953490
				CHANNELS 3 Xrotation Yrotation Zrotation
				JOINT Neck
				{
					OFFSET -4.814231 16.596069 0.099465
					CHANNELS 3 Xrotation Yrotation Zrotation
					JOINT Head
					{
						OFFSET -2.133961 9.922546 2.610951
						CHANNELS 3 Xrotation Yrotation Zrotation
						End Site
						{
							OFFSET -2.145190 9.938400 2.540493
						}
					}
				}
				JOINT LeftCollar
				{
					OFFSET 0.851593 14.040054 1.988928
					CHANNELS 3 Xrotation Yrotation Zrotation
					JOINT LeftUpArm
					{
						OFFSET 10.225866 9.680466 -10.498545
						CHANNELS 3 Xrotation Yrotation Zrotation
						JOINT LeftLowArm
						{
							OFFSET 6.051729 32.052109 8.704370
							CHANNELS 3 Xrotation Yrotation Zrotation
							JOINT LeftHand
							{
								OFFSET -2.987934 28.069458 10.204139
								CHANNELS 3 Xrotation Yrotation Zrotation
								End Site
								{
									OFFSET -0.653028 6.134750 2.230184
								}
							}
						}
					}
				}
				JOINT RightCollar
				{
					OFFSET -7.040296 11.740082 3.796488
					CHANNELS 3 Xrotation Yrotation Zrotation
					JOINT RightUpArm
					{
						OFFSET -16.141022 5.534744 -4.162968
						CHANNELS 3 Xrotation Yrotation Zrotation
						JOINT RightLowArm
						{
							OFFSET -9.431135 30.433228 11.162728
							CHANNELS 3 Xrotation Yrotation Zrotation
							JOINT RightHand
							{
								OFFSET -1.379116 29.011200 7.576468
								CHANNELS 3 Xrotation Yrotation Zrotation
								End Site
								{
									OFFSET -0.301420 6.340683 1.655918
								}
							}
						}
					}
				}
			}
		}
	}
	JOINT LeftUpLeg
	{
		OFFSET 9.335201 2.593086 -2.559108
		CHANNELS 3 Xrotation Yrotation Zrotation
		JOINT LeftLowLeg
		{
			OFFSET 5.456100 -46.850559 -4.387022
			CHANNELS 3 Xrotation Yrotation Zrotation
			JOINT LeftFoot
			{
				OFFSET -5.983719 -38.784615 -21.459671
				CHANNELS 3 Xrotation Yrotation Zrotation
				JOINT LeftToe
				{
					OFFSET 1.297802 -18.630901 14.517749
					CHANNELS 3 Xrotation Yrotation Zrotation
					End Site
					{
						OFFSET 5.378639 -5.383102 22.397575
					}
				}
			}
		}
	}
	JOINT RightUpLeg
	{
		OFFSET -9.335159 -2.593285 2.559079
		CHANNELS 3 Xrotation Yrotation Zrotation
		JOINT RightLowLeg
		{
			OFFSET -3.982332 -46.356529 8.900909
			CHANNELS 3 Xrotation Yrotation Zrotation
			JOINT RightFoot
			{
				OFFSET -28.770958 -21.613461 -26.564466
				CHANNELS 3 Xrotation Yrotation Zrotation
				JOINT RightToe
				{
					OFFSET -7.456131 -22.423199 1.078545
					CHANNELS 3 Xrotation Yrotation Zrotation
					End Site
					{
						OFFSET -0.352283 -18.456429 14.791627
					}
				}
			}
		}
	}
}
MOTION
Frames: 198
Frame Time: 0.033333
-3.927296 105.002426 -1.111684 0.578224 -16.771833 -16.832653 1.183406 0.431083 -6.821438 1.690047 1.381780 1.383801 -0.673416 5.479089 3.780015 -14.662678 -4.136080 6.661401 0.000001 0.000000 -0.000001 1.286437 -0.794052 -52.408158 12.230972 7.933854 -90.105870 19.594829 21.283341 -8.812221 0.000001 -0.000006 -0.000001 18.321636 16.879658 61.089239 44.850335 21.787047 72.982108 26.767884 -14.326387 -3.865356 -0.000001 -0.000001 -0.000000 -0.955236 -2.404651 13.743511 -10.195662 1.065762 7.716087 4.394803 4.474688 4.562582 -0.000002 -0.000001 0.000000 12.479562 4.531480 17.620430 -32.838078 -16.670832 34.447335 -17.249711 3.915549 -4.455421 0.000000 0.000001 0.000001 
-3.932003 105.004791 -1.116664 0.194246 -16.655568 -16.759449 1.557910 0.531891 -6.964080 2.402205 1.714531 1.087255 -1.347772 4.878107 4.054898 -14.943834 -4.040135 6.581259 -0.000000 0.000000 0.000001 1.004241 -0.389303 -52.602753 12.119687 8.224650 -90.065046 19.782217 21.128743 -8.822250 -0.000000 0.000002 0.000001 18.242180 17.349205 61.028874 44.783088 21.764208 72.919564 26.626295 -14.141868 -4.063485 -0.000001 0.000003 -0.000002 -0.518649 -2.262569 13.527380 -10.295259 1.031046 7.809981 4.555208 4.335323 4.375567 -0.000001 -0.000001 -0.000000 12.955335 4.599051 17.360710 -33.097939 -16.783668 34.612533 -17.186957 3.795826 -4.589745 -0.000001 -0.000001 0.000002 
-3.938427 105.008133 -1.117443 0.162125 -16.818709 -16.773655 1.803122 0.595020 -7.015715 1.886577 1.494891 1.259318 -1.153124 5.162838 4.013650 -14.517477 -3.797508 6.471547 0.000001 0.000000 -0.000000 0.849033 -0.154446 -52.507035 12.003245 8.343009 -90.212578 19.526911 21.094368 -9.291202 0.000002 -0.000001 -0.000002 18.164057 17.230322 60.981896 44.604383 21.590257 73.235815 26.891717 -13.946781 -3.984268 -0.000002 -0.000000 -0.000002 -0.558464 -2.311233 13.587539 -10.276836 1.061506 7.697363 4.890154 4.633364 4.413703 -0.000001 -0.000001 0.000000 12.991851 4.599363 17.354630 -33.026943 -16.731814 34.571002 -17.000947 3.893617 -4.262820 -0.000000 -0.000001 -0.000001 
-3.946980 105.008987 -1.121119 0.180420 -16.866870 -16.750687 1.556380 0.508449 -6.975443 2.356576 1.733217 1.075843 -1.416694 5.185782 4.132015 -14.670942 -3.883343 6.586544 -0.000000 -0.000001 -0.000002 1.101456 -0.242587 -52.466313 12.268335 7.940812 -90.203645 19.278352 21.193367 -9.081099 -0.000000 -0.000003 0.000000 18.316358 17.179393 60.959247 44.852421 21.569802 73.081631 26.716533 -13.950429 -3.878479 -0.000001 0.000001 -0.000001 -0.073202 -2.210641 13.436110 -11.220511 0.940724 7.970624 5.195419 4.798850 4.374743 -0.000001 0.000001 -0.000001 13.143471 4.684049 17.260137 -33.369374 -16.769349 34.696562 -16.717831 3.770783 -4.363613 0.000003 0.000002 -0.000001 
-3.958073 105.016220 -1.128088 0.025713 -16.925800 -16.788795 2.143931 0.661200 -7.093214 1.677231 1.431298 1.340437 -0.914004 4.913992 4.000106 -14.659401 -3.619912 6.435395 -0.000000 -0.000000 -0.000001 0.872451 0.386493 -52.473516 12.316703 7.874908 -90.112195 19.482012 21.126682 -9.431425 0.000000 -0.000002 -0.000002 18.326793 17.801486 60.642149 45.002303 21.652806 73.051735 26.420637 -13.868673 -4.231469 -0.000003 0.000002 0.000002 0.044827 -2.152941 13.447713 -11.056147 0.862038 7.944095 5.332353 4.651198 4.200308 -0.000001 0.000001 -0.000000 13.173341 4.699529 17.282160 -33.116039 -16.644631 34.668763 -16.595273 3.744574 -4.440405 -0.000004 -0.000000 0.000003 
-3.970776 105.016266 -1.135402 0.412288 -16.935797 -16.716092 1.967773 0.608740 -7.085610 1.932276 1.577048 1.185556 -1.242190 4.946662 4.115334 -14.804109 -3.878937 6.551389 0.000001 -0.000001 -0.000000 1.067498 0.003660 -52.338882 12.293200 7.791395 -90.188447 19.521306 21.067088 -9.397866 0.000002 -0.000000 0.000001 18.297337 17.537998 60.722533 44.918678 21.639457 73.180778 26.547444 -13.706200 -4.208817 0.000000 0.000001 -0.000000 -0.365471 -2.352463 13.492785 -10.992880 0.832014 7.919981 5.155929 4.710276 4.323408 -0.000000 -0.000001 -0.000000 12.977467 4.702819 17.297529 -33.405250 -16.697449 34.710123 -16.612132 3.756937 -4.489236 0.000001 -0.000002 0.000000 
-3.984737 105.019363 -1.140564 0.591510 -16.927056 -16.629544 1.563588 0.512678 -7.012519 2.532404 1.806310 0.996459 -1.647044 4.738790 4.217799 -14.830332 -3.966356 6.574837 -0.000001 -0.000000 -0.000001 1.160171 -0.189421 -52.217554 12.228974 7.581812 -90.181262 19.229160 20.988210 -9.617290 0.000000 0.000003 0.000001 18.259717 17.312673 60.677775 44.795891 21.708964 73.399836 26.704199 -13.575434 -3.974461 -0.000001 0.000001 -0.000001 -0.216817 -2.260224 13.384219 -11.472580 0.826548 8.104260 4.825448 4.449487 4.326290 -0.000001 -0.000000 -0.000000 12.927074 4.656889 17.241609 -33.630000 -16.772414 34.721400 -16.674621 3.891306 -4.365457 -0.000002 0.000001 0.000001 
-4.001701 105.024490 -1.147347 0.808925 -16.743198 -16.610113 1.571968 0.515535 -7.020385 2.042303 1.547342 1.255695 -1.165266 4.880442 4.037662 -14.736529 -3.992298 6.524178 -0.000000 -0.000001 -0.000000 1.249861 -0.525724 -52.195199 11.991288 7.810683 -90.341218 19.511909 20.601901 -9.440672 0.000001 -0.000002 -0.000000 18.185898 16.920897 61.011368 44.592574 21.543455 73.515040 26.945650 -13.214366 -3.782368 -0.000001 -0.000000 -0.000002 -0.224018 -2.282930 13.495468 -11.757897 0.893058 8.075912 5.063216 4.438848 4.230159 -0.000000 -0.000002 0.000001 12.727474 4.616008 17.301581 -33.603612 -16.855604 34.737287 -16.559256 3.932708 -4.357611 -0.000003 0.000000 -0.000000 
-4.014984 105.030647 -1.154476 0.728868 -16.904424 -16.654732 1.502149 0.474918 -7.002540 2.370665 1.692487 1.206243 -1.928116 4.688186 4.220901 -13.142250 -3.469801 6.404456 -0.000000 0.000001 0.000001 1.483028 -0.318276 -52.410254 12.311601 7.867920 -90.211684 19.367973 20.940672 -9.258859 0.000000 -0.000005 -0.000001 18.592207 15.731473 61.572366 45.122545 21.652917 72.833258 27.140841 -13.635080 -3.050541 -0.000001 -0.000001 -0.000000 -0.318416 -2.296054 13.604623 -11.545677 1.019519 7.951280 4.341277 4.373759 4.612133 -0.000001 -0.000002 -0.000001 12.519751 4.560233 17.437563 -33.747480 -16.981327 34.646941 -16.145493 3.520977 -5.216663 -0.000001 -0.000000 -0.000001 
-4.030380 105.031090 -1.158195 0.799320 -16.844076 -16.672811 1.557448 0.481425 -6.912195 2.483486 1.741970 1.153760 -1.626226 4.528388 4.127325 -14.184273 -3.663161 6.517727 0.000001 0.000000 -0.000000 1.071320 0.422360 -52.391984 12.398439 7.869274 -90.240350 19.813899 21.019518 -9.215184 -0.000001 -0.000003 -0.000000 18.530107 16.690513 60.965449 45.199057 21.806444 72.818518 26.937402 -13.782245 -4.020674 -0.000004 -0.000000 -0.000001 -0.301739 -2.311912 13.634383 -11.604912 0.987250 8.013280 4.725687 4.421251 4.406063 -0.000002 0.000000 -0.000000 12.816527 4.642267 17.365473 -34.015729 -16.920791 34.757542 -16.416769 3.587378 -4.879500 -0.000005 -0.000001 0.000002 
-4.042812 105.028084 -1.156877 0.595974 -17.322820 -16.634827 1.669029 0.518142 -6.971701 2.789080 1.952876 0.886165 -1.911672 4.651486 4.308000 -14.249464 -3.650331 6.456194 0.000001 0.000001 -0.000001 1.035354 0.392546 -52.271028 12.369409 7.807693 -90.357146 19.800718 21.042776 -9.096143 -0.000000 0.000003 0.000002 18.437157 16.974407 60.737300 45.024600 21.700621 73.405150 26.935648 -13.699134 -4.300493 -0.000000 0.000001 -0.000000 -0.065999 -2.229825 13.428334 -11.569216 0.955292 8.038210 4.865559 4.608229 4.425245 -0.000000 -0.000000 -0.000000 12.955404 4.667771 17.247589 -33.818196 -16.811539 34.632604 -16.383643 3.784163 -4.472259 -0.000001 -0.000004 0.000002 
-4.055088 105.024605 -1.153914 0.619347 -17.103183 -16.674312 1.840492 0.576870 -6.920144 2.442898 1.676690 1.214903 -1.622734 4.792976 4.020942 -14.398107 -3.885085 6.616502 -0.000000 -0.000001 -0.000002 1.123519 -0.097131 -52.216349 12.299685 7.534647 -90.226000 19.746774 20.892999 -9.119536 0.000000 -0.000003 -0.000001 18.358946 16.624213 60.896969 44.827966 21.625854 73.654629 27.050892 -13.644999 -4.018782 0.000000 0.000002 -0.000002 0.143564 -2.129341 13.459048 -11.827489 0.983646 8.149381 5.146249 4.440116 4.169244 -0.000001 0.000001 -0.000001 13.149319 4.670148 17.230134 -34.122379 -16.892118 34.762244 -16.359662 3.686556 -4.523407 -0.000000 -0.000002 0.000002 
-4.068985 105.020821 -1.150570 1.183296 -17.000657 -16.620103 1.190390 0.408135 -6.716080 1.842396 1.446483 1.400744 -0.836418 5.096723 3.828011 -14.757988 -3.906592 6.702555 0.000001 -0.000001 -0.000001 1.124212 -0.086722 -52.179701 12.305463 7.612419 -90.171959 20.031903 20.795501 -9.355215 0.000001 -0.000006 -0.000000 18.392460 16.422065 60.967163 44.880671 21.654807 73.404576 27.084658 -13.626884 -3.796007 -0.000001 -0.000001 0.000001 -0.284164 -2.283229 13.638925 -11.700251 1.045137 8.052259 5.571263 4.585242 4.095235 -0.000003 -0.000003 -0.000000 12.724292 4.583801 17.305124 -33.973467 -16.908364 34.888395 -16.485538 3.671497 -4.492677 -0.000004 -0.000000 0.000000 
-4.086903 105.018082 -1.145603 1.547584 -16.948575 -16.636034 0.495002 0.203892 -6.427689 2.876891 1.913327 0.992869 -1.567057 4.570551 4.103238 -14.792825 -3.718470 6.652708 0.000001 0.000001 0.000000 1.056313 0.261899 -52.169016 12.298406 7.725659 -90.270485 19.891136 20.754435 -9.376640 -0.000001 -0.000005 0.000001 18.428236 16.712800 60.626514 44.862284 21.553673 73.776965 27.077583 -13.523232 -4.074439 -0.000001 0.000003 -0.000001 -0.383224 -2.338262 13.787217 -11.793483 0.957703 7.951406 5.411623 4.565589 4.133630 -0.000003 -0.000000 -0.000000 12.603026 4.593752 17.389259 -34.362904 -16.929423 35.062691 -16.378314 3.441600 -4.780966 -0.000003 -0.000002 0.000001 
-4.105999 105.019058 -1.144836 1.569832 -17.062016 -16.633628 0.739643 0.245139 -6.440788 2.538422 1.836414 1.044737 -1.535613 4.617791 4.102519 -14.688749 -3.608506 6.655826 -0.000000 0.000000 -0.000000 1.255299 0.455873 -52.163760 12.615021 7.545087 -90.203850 19.802214 21.038239 -9.255566 0.000000 -0.000005 0.000000 18.646898 16.918619 60.510674 45.377724 21.701833 73.046366 26.799651 -13.849504 -4.094149 -0.000000 0.000003 0.000000 -0.396932 -2.342067 13.772833 -11.729757 0.915861 7.960788 5.393321 4.495542 4.150570 -0.000001 -0.000001 -0.000001 12.582448 4.611285 17.365566 -34.306456 -16.945889 35.018609 -16.338378 3.551874 -4.769685 -0.000003 0.000000 0.000002 
-4.126469 105.014656 -1.142004 1.163794 -16.975137 -16.585233 1.124535 0.351947 -6.593292 2.071457 1.635709 1.215782 -1.061277 4.908515 3.917974 -14.773479 -3.830513 6.799830 0.000001 0.000000 -0.000000 1.401972 0.196649 -52.095133 12.649498 7.694153 -90.358594 19.869113 21.100042 -8.834037 0.000002 -0.000009 -0.000001 18.717532 16.489945 60.604289 45.465113 21.612570 72.984232 27.000356 -14.030972 -3.911341 -0.000000 -0.000002 -0.000000 -0.291425 -2.309014 13.742254 -11.114664 0.960183 7.744489 5.495315 4.420277 4.060390 -0.000003 -0.000001 -0.000000 12.883446 4.666522 17.262098 -34.083231 -16.954596 35.038563 -16.660158 3.520288 -4.896743 0.000005 0.000001 0.000002 
-4.151859 105.015083 -1.132963 0.877745 -17.017761 -16.614886 1.549024 0.488445 -6.705438 1.641230 1.395138 1.398059 -1.087050 4.957891 3.928622 -13.657767 -3.481454 6.424519 -0.000000 0.000000 -0.000002 1.139600 0.282224 -51.999320 12.144301 8.450651 -90.487432 20.505659 21.045915 -9.436373 0.000002 -0.000004 -0.000000 18.574435 15.147345 61.281215 45.043527 21.453498 72.804475 27.743200 -14.001531 -2.543685 -0.000001 -0.000000 -0.000001 -0.439736 -2.258690 13.822089 -10.750495 1.005054 7.715315 4.618599 4.390942 4.464540 -0.000001 0.000000 -0.000000 13.291759 4.632071 17.203334 -34.424198 -17.156407 34.979379 -16.364517 3.544606 -5.123351 -0.000003 0.000002 -0.000001 
-4.184380 105.017181 -1.125674 0.756019 -17.057025 -16.628186 1.522041 0.482372 -6.726804 2.164198 1.701123 1.072364 -1.297231 4.922051 4.181687 -14.225233 -3.610724 6.520874 0.000001 -0.000000 -0.000001 1.129422 0.409198 -51.879136 12.219178 8.223682 -90.245370 20.500618 21.262167 -9.940136 0.000002 -0.000005 -0.000000 18.609902 15.745097 60.869621 45.076735 21.546433 72.454469 27.578176 -14.215781 -2.532871 0.000001 0.000002 -0.000002 -0.696109 -2.352338 13.968714 -9.930222 0.979913 7.364400 4.142382 4.470510 4.693297 -0.000002 0.000001 -0.000001 13.327293 4.662847 17.319388 -34.192671 -16.911224 34.865527 -16.430409 3.829924 -4.431432 0.000001 -0.000002 -0.000001 
-4.219734 105.013618 -1.120120 0.725268 -17.070793 -16.600952 1.576439 0.504329 -6.858259 2.915942 2.001723 0.828805 -1.974401 4.616177 4.418165 -14.249305 -3.656152 6.572223 -0.000000 -0.000001 -0.000000 1.076596 0.666980 -51.904961 12.386289 8.004843 -89.979300 21.235453 21.386178 -9.617105 0.000000 -0.000006 -0.000002 18.578345 16.541246 60.334654 45.008836 21.281845 72.672181 27.633929 -14.227783 -3.427205 -0.000001 0.000000 -0.000004 -0.849380 -2.433983 13.976670 -9.648757 0.914941 7.346022 4.100318 4.608075 4.795904 -0.000002 -0.000002 0.000001 13.277876 4.679609 17.329600 -33.865833 -16.840735 34.791522 -16.765430 4.140384 -3.962638 -0.000003 -0.000001 -0.000002 
-4.262459 105.020615 -1.118781 0.496250 -17.111384 -16.452324 2.285051 0.721122 -7.323174 2.439097 1.838417 0.901552 -2.001899 4.881905 4.526755 -13.919032 -3.597158 6.570700 -0.000001 -0.000000 -0.000000 1.238627 0.221918 -51.700864 12.114107 8.362653 -90.125903 21.611699 20.998933 -9.854358 -0.000000 -0.000007 -0.000001 18.507332 16.395683 60.220610 44.789116 20.924997 72.646425 28.328377 -13.850754 -3.834978 -0.000001 0.000005 -0.000000 -1.140036 -2.508974 14.026599 -9.134572 0.958486 7.088898 3.873290 4.608945 4.914410 0.000000 0.000001 -0.000001 13.202310 4.627848 17.293371 -33.356499 -16.667892 34.649061 -16.780861 4.224865 -3.841105 -0.000004 0.000000 -0.000000 
-4.309528 105.029747 -1.119537 0.655961 -17.052599 -16.443272 2.191767 0.711289 -7.271504 2.223703 1.759396 0.943850 -1.560116 5.272677 4.323188 -14.392337 -3.967706 6.719148 0.000001 0.000001 -0.000001 1.504808 -0.551874 -51.587179 11.865384 8.713522 -90.246163 22.172590 20.557722 -9.472744 0.000002 -0.000000 0.000001 18.432734 16.109783 60.151400 44.634470 20.832839 72.490751 28.784562 -13.502690 -4.230310 -0.000002 -0.000001 0.000000 -1.700936 -2.749403 14.330715 -8.312925 1.053909 6.698101 3.764302 4.590590 4.899751 -0.000002 -0.000002 -0.000000 12.530521 4.557250 17.536825 -32.430022 -16.513885 34.603863 -17.296563 4.243666 -3.846032 0.000002 0.000004 -0.000001 
-4.361977 105.036789 -1.124853 0.443889 -16.910657 -16.427672 2.672751 0.849477 -7.508704 1.855963 1.626971 1.057729 -1.327671 5.008646 4.315144 -14.512357 -3.927854 6.579540 0.000001 -0.000001 -0.000000 1.257529 -0.317361 -51.391095 11.744268 8.912262 -90.258313 22.568820 20.534662 -9.824350 -0.000002 -0.000002 -0.000000 18.279420 16.877367 59.363667 44.376869 20.332087 72.883241 29.542163 -13.375339 -4.265445 -0.000000 0.000003 0.000001 -2.087901 -2.934337 14.490788 -7.492099 1.137191 6.514513 3.637769 4.515774 4.945933 -0.000001 -0.000002 -0.000001 12.360886 4.536758 17.666484 -31.710140 -16.489052 34.357228 -17.198548 4.411453 -3.574386 -0.000002 -0.000000 -0.000000 
-4.416065 105.038750 -1.129276 0.506427 -17.546841 -16.380207 2.711212 0.872627 -7.655653 1.784059 1.791121 0.724662 -1.712134 5.473009 4.735604 -13.638766 -3.594863 6.363162 -0.000000 -0.000001 -0.000001 0.485624 1.194048 -51.414515 11.672290 8.866202 -89.935300 23.282308 20.469208 -11.185334 0.000003 -0.000004 -0.000001 18.270368 16.648502 59.408350 43.942671 19.028038 73.330332 31.547541 -12.906138 -4.763625 -0.000003 0.000001 0.000001 -2.741400 -3.146180 14.571437 -6.599461 1.159254 6.237939 3.461672 4.995722 5.366168 -0.000001 -0.000002 -0.000001 12.087479 4.439593 17.647407 -30.822629 -16.318555 34.138901 -17.091447 4.827613 -2.768180 -0.000000 -0.000002 0.000002 
-4.479927 105.031311 -1.131166 -0.017168 -17.191257 -16.439620 4.061472 1.217468 -8.170220 1.030894 1.427584 1.035046 -1.547071 5.595289 4.741825 -12.770862 -3.422499 6.170440 0.000001 -0.000001 -0.000000 0.308260 1.882793 -51.386262 11.690226 9.098194 -89.843762 24.487482 20.322243 -11.488645 -0.000000 -0.000003 0.000001 18.363457 16.151505 59.471079 43.901212 18.065215 73.584210 33.254238 -12.647190 -5.638155 -0.000001 0.000001 0.000000 -2.921267 -3.188508 14.770670 -5.348904 1.094015 5.904089 3.219463 4.731224 5.293887 -0.000001 0.000000 -0.000000 12.929395 4.602862 17.535162 -30.464160 -16.257923 34.029997 -16.950521 4.845518 -2.980711 -0.000003 -0.000002 0.000001 
-4.541172 105.002686 -1.128062 0.016847 -17.214194 -16.535502 3.955176 1.210104 -8.149085 1.368253 1.647587 0.785967 -1.849694 5.456473 5.029409 -12.696374 -3.245417 6.143761 -0.000000 0.000000 -0.000001 -0.124572 2.347350 -51.029556 11.285063 9.915719 -90.270505 25.840839 20.016668 -11.978624 0.000000 -0.000002 0.000001 18.106989 15.696557 59.430241 43.282858 16.945614 74.360433 35.664857 -12.034853 -6.338972 -0.000001 0.000002 -0.000002 -3.653914 -3.506527 14.971863 -4.000659 0.992534 5.629235 3.510780 4.990996 5.337911 -0.000001 -0.000001 -0.000000 13.550465 4.700408 17.507501 -30.870078 -16.333530 34.141288 -17.065308 4.871343 -2.726588 -0.000001 0.000000 -0.000000 
-4.602283 104.938332 -1.116669 0.532444 -17.303900 -16.751493 3.923987 1.201976 -8.011350 1.494386 1.673058 0.741098 -1.840515 5.626160 5.079943 -13.106234 -3.270938 6.075726 0.000001 0.000001 -0.000001 -0.208695 2.207425 -50.932656 10.866711 10.085631 -90.577755 27.434903 19.207947 -11.657442 0.000000 0.000001 0.000001 17.868658 15.676133 59.106784 42.722956 16.044862 74.571623 38.479653 -11.195056 -8.247613 -0.000001 0.000000 0.000003 -5.325110 -4.146583 15.409624 -1.259117 0.866405 5.053201 2.963737 5.252161 5.784106 -0.000001 -0.000000 -0.000001 13.052339 4.573855 17.754010 -29.607975 -16.434844 34.308904 -17.629002 4.962988 -2.739759 -0.000003 0.000001 0.000001 
-4.668777 104.865944 -1.106628 0.712182 -17.170565 -16.910389 3.682916 1.134863 -7.963163 2.117109 1.899942 0.570227 -2.372161 5.425655 5.330438 -12.810643 -3.102323 5.939696 0.000001 -0.000000 -0.000001 -0.269209 2.368275 -50.867520 10.747508 10.216639 -90.512765 29.410624 18.729340 -11.589979 -0.000002 -0.000001 0.000002 17.818475 15.743274 59.001927 42.463279 15.252861 74.760840 40.633547 -10.837180 -10.544087 -0.000002 0.000004 -0.000003 -6.679956 -4.712457 15.851947 1.054904 0.791173 4.532409 2.995590 5.363332 5.880814 -0.000000 -0.000000 -0.000001 12.774555 4.521545 17.971162 -28.887937 -16.589578 34.471719 -18.222993 5.132530 -2.556058 -0.000002 -0.000002 0.000001 
-4.746799 104.755692 -1.091660 1.100199 -16.921059 -17.432699 3.905697 1.138999 -7.821533 2.148402 1.822388 0.680684 -2.362095 5.510092 5.435177 -13.244231 -3.139647 5.990204 0.000001 -0.000000 -0.000001 -0.017782 2.424310 -50.476580 10.594265 10.272672 -91.248595 32.364107 18.103070 -10.472872 -0.000002 -0.000001 0.000001 17.865067 15.873114 58.645712 42.185837 14.361455 75.490789 43.248147 -10.634892 -14.293212 -0.000001 -0.000000 -0.000002 -8.505356 -5.493128 16.788216 4.379524 0.552898 3.696124 2.358993 5.342955 6.171542 -0.000001 0.000002 -0.000001 12.268201 4.414446 18.588512 -27.922474 -16.890161 34.916713 -18.616452 5.117948 -2.713621 -0.000003 0.000000 -0.000000 
-4.843025 104.618416 -1.088533 1.163008 -16.369752 -18.055250 3.380190 0.983547 -7.615373 3.068440 1.991274 0.683459 -2.946585 5.423460 5.703831 -12.844682 -3.428954 5.965138 0.000001 -0.000000 -0.000001 0.152017 2.407619 -50.029319 10.199860 11.380508 -92.430559 36.488428 17.667673 -9.143538 0.000002 0.000001 0.000001 17.850452 15.602391 58.865166 41.812793 13.209968 76.799412 46.129899 -11.066699 -19.293898 0.000001 0.000002 -0.000003 -9.935728 -6.124896 17.863861 7.790504 0.463554 2.934176 2.098110 4.765085 5.956125 0.000000 0.000002 -0.000002 11.475915 4.214419 19.504112 -25.972317 -17.237149 34.889166 -18.666668 5.413129 -2.672519 -0.000003 -0.000003 -0.000001 
-4.941586 104.483421 -1.094596 1.168474 -15.760983 -18.512126 3.955045 1.070596 -7.702085 3.161418 1.845201 0.935008 -3.099365 5.312875 5.737728 -13.101279 -3.671460 6.220504 0.000001 0.000001 0.000000 0.485046 2.539439 -49.724839 10.065090 12.163851 -93.526900 40.399930 17.343047 -7.260840 0.000002 0.000003 -0.000001 18.123149 14.287646 59.261515 41.711125 12.251245 77.992953 49.441041 -11.694352 -23.537471 0.000000 0.000004 -0.000003 -10.129622 -6.164482 18.510600 8.993773 0.276818 2.958290 2.002575 4.099924 5.530147 -0.000000 0.000002 0.000000 10.682233 4.004559 20.335275 -24.971020 -17.401562 35.071246 -18.832022 5.138866 -3.309250 0.000000 -0.000002 0.000001 
-5.035297 104.312325 -1.084778 1.434886 -15.543844 -18.957810 4.388780 1.134154 -7.710891 3.339917 1.781756 0.955557 -3.268664 4.952640 5.866692 -13.452354 -4.019903 5.907215 0.000002 0.000000 -0.000000 0.685205 2.940200 -49.799401 10.201982 11.490740 -94.762755 44.398852 17.452180 -2.631680 0.000003 0.000004 0.000000 18.271509 14.630392 58.847496 41.859678 12.426780 79.354804 51.663004 -12.841771 -29.752444 -0.000001 0.000001 -0.000001 -10.940426 -6.366838 19.156632 11.024703 0.141277 2.857347 2.024599 3.388772 4.977026 -0.000001 0.000001 -0.000000 9.773846 3.701223 21.111667 -23.343722 -17.677609 34.831817 -18.681474 5.334233 -3.911834 0.000001 0.000002 -0.000001 
-5.137108 104.101944 -1.057019 2.589286 -16.485736 -19.618069 4.471522 1.160562 -7.679981 3.484799 1.957656 0.526719 -4.040861 5.444070 6.500744 -14.484955 -4.384232 5.856518 0.000001 -0.000001 -0.000000 2.029135 0.956044 -49.811644 10.306671 9.441151 -96.160136 47.088034 17.777285 6.077676 0.000003 0.000003 -0.000000 18.600548 13.420493 59.533916 41.940135 13.292679 80.146635 53.912397 -14.307400 -36.992441 -0.000000 0.000004 0.000002 -13.888152 -7.741943 20.878874 15.837959 -0.415174 0.514023 1.685848 4.134574 5.603959 -0.000000 0.000001 -0.000001 7.087558 3.118121 22.689509 -19.954109 -17.083314 34.184386 -19.140572 5.842189 -3.719423 0.000001 0.000000 -0.000000 
-5.220158 103.901833 -1.029027 2.209286 -17.429364 -20.424002 5.895462 1.484115 -7.641333 3.116672 1.936359 0.436143 -4.128197 5.758645 6.752109 -15.408212 -4.212612 5.676403 0.000001 0.000001 0.000000 2.540446 -0.236949 -50.364251 10.340381 7.690585 -96.618094 48.151461 17.983661 14.086862 -0.000003 -0.000005 0.000002 18.559501 13.987310 59.566326 41.932352 14.526298 79.875996 54.728322 -15.194212 -43.667749 -0.000000 0.000003 0.000001 -15.556791 -9.049732 22.535212 19.679739 -1.022869 -2.101818 1.980544 5.439397 6.380026 0.000001 0.000001 -0.000001 5.984740 3.051093 23.765735 -17.671883 -16.469210 33.932090 -19.326526 5.742620 -3.916077 -0.000004 -0.000001 0.000002 
-5.308857 103.690887 -0.985951 -0.253102 -18.111804 -20.541712 7.668290 1.927821 -8.533569 3.821856 2.653196 -0.657302 -6.031237 5.840899 7.978843 -13.607794 -3.277956 6.239745 0.000001 -0.000000 -0.000000 2.045663 -0.734558 -52.098921 9.502857 8.679657 -94.962722 51.153093 18.342365 22.249121 0.000002 -0.000003 0.000001 18.150937 14.381342 61.014981 41.108340 16.531952 79.208543 54.964093 -16.071119 -51.183877 0.000000 -0.000004 -0.000001 -14.728514 -8.821658 23.303019 22.521842 -2.232648 -5.098874 2.743856 6.965381 6.762722 0.000000 0.000001 -0.000001 7.265749 3.197170 23.627368 -15.691841 -15.199360 34.017296 -20.145962 4.585628 -4.464290 -0.000000 -0.000003 0.000002 
-5.410561 103.454727 -0.964438 -2.294329 -17.974213 -20.108169 8.031876 2.144462 -9.536880 4.434016 3.077691 -1.202891 -6.614530 5.612505 8.475680 -12.139667 -2.773018 6.317682 0.000001 0.000000 -0.000000 1.203175 0.089318 -51.232621 9.007866 9.697544 -93.046950 54.406193 19.550740 31.815434 -0.000002 0.000001 0.000001 17.516473 15.688318 61.221328 41.626485 20.706816 73.933465 49.140855 -15.541011 -62.022243 -0.000000 -0.000001 0.000000 -14.163369 -9.025907 23.911929 25.509650 -3.214661 -8.554927 3.271888 8.555987 7.305247 -0.000001 -0.000000 -0.000001 8.435016 3.593103 22.834547 -14.190965 -14.366980 34.557967 -21.908371 4.030444 -4.533943 0.000001 -0.000003 0.000001 
-5.482811 103.225563 -0.956286 -4.066596 -17.752217 -20.294719 8.960581 2.327821 -9.356666 4.254198 3.135425 -1.361648 -6.672058 5.528411 8.432043 -11.489631 -2.297676 6.514806 0.000002 0.000000 -0.000001 1.030563 0.612177 -50.121540 8.682763 10.453400 -92.031485 57.595516 21.293383 40.368163 -0.000000 0.000001 0.000002 17.388407 14.239351 61.557435 41.155414 20.120950 73.516017 50.295351 -16.437940 -68.733273 0.000000 -0.000001 0.000001 -13.786114 -9.327705 25.042428 27.578846 -4.128405 -11.404381 3.563264 10.199790 8.046162 -0.000001 0.000001 -0.000001 9.145545 3.852190 22.446479 -12.533926 -13.891581 35.327637 -23.068820 3.676764 -4.479769 0.000001 0.000001 0.000001 
-5.527649 102.966599 -0.957077 -5.326233 -17.283563 -20.628640 9.312915 2.409523 -9.021164 3.904587 2.574259 -0.549792 -6.155222 4.739258 7.905692 -10.719638 -1.371597 5.847684 0.000001 -0.000000 -0.000001 1.086267 -0.635735 -48.559739 8.425074 6.976190 -87.507871 57.950173 21.905955 49.212275 0.000000 0.000003 0.000002 16.422749 13.695567 61.660619 39.378373 18.271328 71.905336 55.079325 -18.411904 -73.943935 -0.000000 0.000001 -0.000001 -13.982010 -10.133108 27.119317 30.072654 -4.779656 -14.744041 3.066625 12.461882 9.824939 0.000001 0.000001 -0.000002 8.691360 3.714978 22.602814 -10.392176 -13.909869 35.732469 -25.753898 4.380752 -2.951850 0.000000 0.000002 0.000002 
-5.557167 102.710724 -0.969580 -5.985029 -16.428261 -20.308965 9.953676 2.763991 -9.825836 3.438536 2.115120 -0.271435 -6.207358 5.316013 8.011293 -8.866298 -2.226132 5.848817 -0.000001 0.000000 -0.000002 0.344736 -2.063873 -46.016135 6.928512 4.308315 -81.102260 62.084234 22.479138 54.317093 0.000003 -0.000000 -0.000001 14.405374 13.958123 60.505203 37.114305 19.553162 66.823648 54.659395 -17.925147 -81.485065 -0.000001 -0.000001 0.000002 -14.259268 -10.830279 28.833476 31.706435 -5.235842 -17.024286 2.457984 14.434032 11.392559 -0.000000 0.000002 -0.000002 7.966675 3.465696 22.243524 -8.185974 -13.846815 36.174809 -27.750123 4.875276 -2.180308 0.000001 -0.000002 0.000000 
-5.571617 102.468353 -0.990206 -6.416501 -15.007176 -20.008675 10.731736 3.026342 -10.158819 2.939869 1.592716 0.066729 -6.067518 5.548445 7.978397 -7.366707 -2.464651 5.560737 0.000000 0.000000 0.000001 -0.112407 -2.784573 -44.095298 6.268026 2.062112 -74.915878 64.399374 23.212507 58.800108 0.000001 -0.000001 0.000000 13.215424 15.528290 58.217787 35.351686 19.880681 62.693405 51.277635 -16.092872 -87.661701 0.000000 -0.000001 0.000001 -14.532392 -10.983474 29.814189 33.067319 -5.580729 -17.159942 3.037560 15.324877 11.397711 0.000001 0.000001 -0.000002 7.905628 3.207704 21.887811 -6.546142 -13.857906 36.696465 -28.534478 5.153818 -1.623166 -0.000003 0.000002 0.000002 
-5.540478 102.241592 -1.026838 -5.753518 -13.557816 -19.548809 11.658969 3.247712 -10.240617 1.184038 0.566747 0.977001 -4.973064 7.047135 7.385013 -7.828026 -2.693177 5.147275 -0.000000 0.000000 -0.000000 0.026198 -3.627448 -41.408285 6.744664 0.029858 -65.992099 58.401061 22.190339 70.639456 0.000000 -0.000002 -0.000004 12.556867 14.719872 54.396538 34.623581 20.653918 56.721876 46.005463 -12.334710 -91.728484 0.000002 0.000001 -0.000000 -15.353437 -11.861139 31.201438 33.858682 -5.863019 -16.858917 3.089433 16.522935 11.815928 -0.000000 0.000001 -0.000000 6.570897 2.858768 21.233467 -5.392799 -14.060462 38.382491 -30.385555 4.794227 -2.025150 -0.000002 -0.000001 0.000001 
-5.444332 102.062592 -1.064170 -7.515617 -12.746111 -19.102400 14.708179 3.925650 -11.470063 -3.569185 -1.544764 2.231300 -1.853260 9.380061 6.967960 -6.553956 -3.097878 4.867563 0.000001 0.000001 0.000000 0.342415 -4.561025 -37.280071 6.584962 -0.718648 -56.870286 51.618198 18.605041 80.279400 0.000002 -0.000003 0.000002 11.592457 14.269793 50.362202 32.641450 19.350368 51.411394 41.303479 -8.525659 -95.381358 -0.000001 0.000002 0.000003 -13.165763 -10.919414 32.323583 32.646511 -5.567005 -14.988953 4.149313 18.294899 11.980479 -0.000000 -0.000002 -0.000001 8.002202 2.963050 19.814478 -5.545737 -14.000130 39.437478 -31.006258 4.234818 -2.776943 -0.000005 0.000001 -0.000002 
-5.316566 101.917343 -1.109804 -6.724963 -12.736880 -18.820598 12.937636 3.676399 -11.010891 -2.647741 -1.478293 2.269599 -2.166700 9.587688 6.811388 -7.217563 -3.391653 4.647957 0.000002 0.000001 0.000000 0.615282 -4.778308 -33.739304 6.410261 -1.313063 -49.223811 43.811671 12.817954 89.229748 -0.000000 0.000000 -0.000001 10.879218 13.967651 47.101596 31.199597 18.887169 46.222308 36.592008 -4.700992 -100.297851 0.000000 0.000002 -0.000003 -12.942973 -11.028689 33.610289 32.361334 -5.447801 -14.402622 4.204045 19.448001 12.508201 -0.000000 0.000001 -0.000002 6.814767 2.501274 19.281921 -5.673638 -14.176976 39.981906 -32.152566 4.336364 -2.645208 -0.000003 -0.000001 -0.000001 
-5.101589 101.857491 -1.168512 -6.890641 -12.753538 -18.718162 13.971211 3.879213 -10.904122 -3.523443 -2.051413 2.785319 -2.067566 9.744532 6.462314 -6.079717 -2.849074 4.305837 0.000001 0.000000 0.000001 1.591469 -4.014287 -29.205465 5.669419 0.482361 -41.688848 33.989074 3.461174 96.081883 -0.000000 -0.000004 0.000002 10.871222 13.206386 43.837606 30.218888 16.951638 38.046531 23.651557 7.342347 -108.328720 -0.000000 -0.000001 0.000001 -11.135953 -10.379533 35.041865 30.377461 -5.284239 -13.024010 6.011183 20.718368 12.107933 -0.000003 0.000001 -0.000002 6.609072 2.363167 18.507268 -6.079888 -14.030716 40.210044 -31.059770 4.245837 -2.664367 -0.000005 -0.000001 0.000002 
-4.781567 101.899155 -1.214455 -6.710510 -14.219314 -18.397676 13.623288 3.794095 -10.849983 -6.235478 -3.486349 3.864951 0.443298 10.350011 5.535497 -5.088070 -0.982974 3.434209 0.000001 0.000000 -0.000001 1.419374 -1.947428 -24.554952 4.772980 2.168594 -35.103757 26.796668 -4.770520 98.777615 0.000002 -0.000003 0.000002 10.994515 12.894337 39.463047 28.950880 14.985944 30.406667 11.631357 19.542413 -109.417513 0.000005 -0.000002 -0.000000 -8.606628 -9.182842 36.044179 26.132142 -4.938505 -12.074968 6.804119 22.919772 12.695296 -0.000002 -0.000001 -0.000001 6.692542 2.327327 17.293819 -8.675261 -13.379556 40.280624 -31.357296 3.352033 -3.323706 -0.000003 0.000001 -0.000002 
-4.419598 102.011147 -1.257473 -6.575295 -14.237287 -18.127402 11.614428 3.389527 -9.784371 -3.839637 -2.592044 3.594834 -0.969135 9.983950 5.470581 -4.404004 -0.531841 3.274127 0.000002 -0.000001 -0.000000 1.640446 -0.780695 -20.987121 4.239771 3.274366 -30.363548 21.443722 -10.644910 98.010414 -0.000003 0.000005 0.000001 10.692057 9.918358 36.731675 28.374105 14.237128 24.262639 -0.132949 29.930869 -106.547413 -0.000000 -0.000002 -0.000001 -7.056136 -8.473597 36.358367 22.980986 -4.879520 -10.224450 8.368855 22.595371 11.268044 -0.000001 0.000001 -0.000001 7.105426 2.444891 16.252432 -11.213540 -13.149865 40.806576 -31.318098 2.666601 -4.221845 0.000001 -0.000002 0.000002 
-3.923691 102.271111 -1.314011 -5.135208 -15.289377 -17.257923 8.710451 2.809580 -8.788453 -3.489146 -2.192199 3.096324 -1.058866 10.379231 5.539231 -3.686457 0.260300 2.545879 0.000001 -0.000000 -0.000001 2.293111 -1.081915 -17.438451 1.481759 5.528959 -26.060233 16.282100 -15.863189 94.953153 0.000002 -0.000003 0.000000 10.050622 8.887744 32.850591 25.818392 11.981137 19.856936 -13.970816 37.798912 -97.615308 0.000002 -0.000001 -0.000006 -4.861384 -7.255099 35.632486 16.739397 -3.993364 -7.102490 10.829960 20.114861 8.164496 -0.000000 0.000001 -0.000001 7.640460 2.480655 14.281505 -15.981176 -13.142360 40.831247 -28.386266 1.775113 -4.530525 0.000002 -0.000001 0.000001 
-3.277706 102.653671 -1.357092 -5.479638 -15.175485 -16.336214 7.669251 2.600006 -7.914000 -2.937610 -1.951878 2.772474 -0.824063 9.919493 5.115195 -3.576454 0.486423 1.564732 -0.000000 -0.000000 -0.000001 2.779988 -1.027989 -14.261558 0.874367 5.739803 -21.766833 11.944027 -17.887576 88.339174 0.000003 0.000001 -0.000003 9.104135 6.299854 28.813781 22.919581 9.394395 15.527672 -28.981070 40.568144 -83.616924 0.000002 0.000002 -0.000002 -1.939071 -5.126383 33.716457 10.702304 -3.504375 -2.826544 12.475289 14.269980 3.801975 -0.000003 0.000000 -0.000002 9.824429 2.451306 11.769145 -20.306047 -13.362428 40.488672 -24.935211 1.015415 -5.591283 -0.000004 -0.000001 0.000001 
-2.576508 103.091560 -1.392376 -6.190937 -15.447593 -15.640869 8.178367 2.730248 -7.632933 -3.466878 -1.984387 2.480861 -0.943351 10.069528 5.217572 -2.753824 0.720548 0.999292 -0.000000 0.000000 -0.000000 3.116558 -1.036263 -11.858309 0.126628 5.654053 -19.245656 9.792432 -17.760187 81.901194 -0.000001 0.000000 0.000000 8.391620 5.865164 25.357742 19.255635 6.322236 13.654118 -39.438940 39.335801 -71.661443 -0.000002 -0.000002 -0.000001 0.223878 -3.594314 31.699611 6.672578 -3.480438 0.517911 13.414211 9.507411 0.624738 -0.000000 -0.000000 -0.000000 11.559960 2.325072 9.713671 -23.447951 -13.508940 39.948680 -21.155184 0.428936 -6.235792 0.000001 -0.000002 0.000004 
-1.715473 103.610291 -1.389375 -5.244001 -15.336298 -15.145559 5.563222 2.041206 -5.890978 -3.214998 -1.723335 2.090803 0.059930 9.171751 4.927463 -2.146944 1.408749 0.077117 0.000001 -0.000000 -0.000001 2.559961 0.128994 -9.325402 0.323337 5.157676 -17.095344 9.492944 -15.609863 75.038255 -0.000000 -0.000000 -0.000002 7.855122 5.708229 21.767354 15.201633 2.660296 11.646657 -44.981136 35.107391 -61.746399 -0.000000 -0.000002 0.000003 -0.088887 -3.465901 30.203079 4.203368 -3.691901 2.825786 13.528639 5.462793 -1.850924 0.000000 0.000000 -0.000002 11.766948 1.999956 8.207743 -26.048847 -13.341270 39.002378 -17.774288 0.118618 -6.278035 -0.000003 0.000002 -0.000001 
-0.697784 104.199638 -1.376241 -5.125566 -14.648521 -14.568338 4.130386 1.610881 -4.659983 -3.333738 -1.629367 1.865288 0.886368 9.762584 4.546547 -1.870855 0.981287 0.330904 -0.000001 -0.000001 0.000001 3.349392 -0.680817 -7.303574 -0.062627 4.885225 -14.066243 12.218837 -11.832116 67.522861 -0.000001 0.000001 -0.000001 6.607216 3.056578 19.569768 11.750934 0.437169 9.451355 -40.164723 30.270121 -57.997137 -0.000000 0.000001 0.000001 0.843002 -2.851704 28.102001 0.036359 -3.778476 4.942894 14.246351 2.708493 -3.875747 -0.000002 -0.000002 0.000001 13.154249 1.864092 6.296288 -29.695473 -13.066173 38.510061 -14.425481 -1.074852 -6.902207 -0.000001 -0.000002 0.000001 
0.361092 104.776489 -1.354509 -4.926165 -13.881485 -14.202856 4.120752 1.541786 -3.971793 -4.592828 -2.144477 2.132162 2.215681 9.176602 4.076867 -2.044888 1.216779 0.061632 0.000001 -0.000000 -0.000001 2.498100 0.091337 -5.916718 0.147544 4.320032 -11.892498 13.864842 -9.627565 61.431124 0.000002 -0.000001 0.000001 6.246602 3.538654 17.634835 8.221705 -2.108142 8.016460 -34.820479 26.476446 -55.428218 0.000004 0.000002 -0.000004 1.688410 -2.342403 26.431724 -2.846028 -3.794459 6.263598 13.709154 1.076059 -4.684069 -0.000002 0.000002 0.000002 13.754498 1.684636 5.031806 -31.841802 -12.922201 38.011242 -11.820032 -2.175667 -7.756167 -0.000004 0.000002 0.000002 
1.601276 105.383202 -1.323593 -6.816318 -13.851589 -13.535067 5.790088 1.974474 -4.024429 -4.538557 -2.047429 1.992802 1.975683 8.990721 4.163725 -2.179039 1.206002 -0.158246 0.000001 0.000001 -0.000001 1.554170 0.940608 -4.406464 1.585399 3.336331 -9.634190 11.863590 -9.488364 56.157443 -0.000000 -0.000000 0.000001 5.986965 3.668975 15.654403 5.065585 -4.832874 6.866434 -29.361429 22.663766 -52.919783 -0.000004 0.000001 -0.000000 3.448533 -1.284449 23.644261 -5.222180 -3.540003 7.111436 14.316856 1.011691 -4.886032 -0.000001 0.000002 -0.000002 15.310084 1.397180 2.765549 -32.878543 -12.522751 37.007112 -9.221660 -2.550636 -7.592634 -0.000001 -0.000005 0.000000 
3.006817 105.958870 -1.283169 -5.416489 -12.804335 -12.998089 3.839298 1.352282 -2.802057 -3.027221 -1.563490 1.846891 1.195770 9.379974 4.041148 -2.103193 0.466417 0.420227 0.000001 0.000000 -0.000000 3.510257 -0.161455 -2.600945 0.410095 4.773425 -7.230060 10.817621 -7.938771 50.198311 0.000000 -0.000000 -0.000001 5.455868 1.723184 14.183653 3.983338 -5.904570 5.202049 -22.379987 18.662070 -51.504438 -0.000000 0.000005 -0.000003 3.094098 -1.195814 21.470215 -7.982639 -3.308520 7.797148 15.304396 1.157932 -5.171930 -0.000001 0.000001 -0.000000 14.140979 1.074365 1.258522 -33.776293 -12.241006 36.345141 -6.938487 -3.561776 -8.496663 -0.000001 0.000001 0.000001 
4.435928 106.503967 -1.255491 -5.820328 -11.345135 -12.521635 4.806347 1.616881 -2.580720 -3.918877 -2.147672 2.214479 2.014601 8.620788 3.716742 -1.796191 0.100571 0.294192 0.000001 -0.000001 -0.000001 2.069169 0.434496 -1.044318 1.496940 2.883436 -6.670910 13.692832 -5.661564 43.433070 0.000002 0.000001 0.000001 5.021196 2.317900 13.263638 1.561949 -6.504708 4.702363 -15.718082 15.845163 -50.726080 -0.000002 0.000001 -0.000006 4.093552 -0.364766 19.596202 -10.086763 -2.959070 8.656280 16.415188 -1.044723 -6.893289 -0.000000 0.000000 -0.000000 14.956256 0.535065 -0.369447 -33.257707 -12.208467 35.863534 -5.121683 -4.174090 -8.684411 -0.000002 0.000000 -0.000000 
6.017668 107.000069 -1.215736 -4.726331 -10.418083 -12.092856 3.121736 1.019720 -1.463601 -3.176217 -2.127267 2.433254 2.128383 8.310919 3.335544 -1.987829 -0.054727 0.247959 0.000001 -0.000001 -0.000000 2.489991 0.635858 0.196332 0.928674 3.511696 -5.705808 12.072639 -4.847056 38.016266 -0.000003 0.000001 -0.000001 4.960103 2.137885 12.038060 0.625146 -7.296257 3.245626 -12.768724 13.237742 -47.908658 -0.000001 0.000002 -0.000004 2.925328 -0.573221 17.951974 -10.290701 -2.653181 8.596368 15.543359 -1.400542 -6.799954 -0.000001 -0.000000 -0.000001 13.317497 0.087215 -1.872805 -31.645906 -12.148425 35.155629 -3.148714 -4.896569 -9.397340 0.000001 0.000000 0.000000 
7.746256 107.474464 -1.191472 -3.340112 -9.084117 -11.568014 1.228954 0.375800 -0.360291 -1.203155 -1.633148 2.329497 0.800700 7.597844 3.297875 -2.164062 -0.533464 0.375826 -0.000000 -0.000000 -0.000001 2.056162 1.033459 1.226722 1.298945 2.853698 -4.732762 9.795530 -4.468670 32.462622 0.000003 -0.000004 0.000002 4.085264 1.385440 10.697668 -0.128365 -7.155652 2.140765 -6.990127 10.648987 -45.205429 -0.000002 0.000004 0.000001 3.011257 -0.456567 16.249111 -11.362296 -2.467182 8.497252 16.257464 -1.816400 -7.330410 -0.000001 0.000000 -0.000002 12.386212 -0.183478 -3.655641 -30.762253 -12.126531 34.816961 -1.777927 -6.132636 -10.780052 0.000006 -0.000001 0.000002 
9.488407 107.918907 -1.236861 -2.977903 -7.533032 -10.901531 1.080128 0.290061 0.195714 -1.243176 -1.632616 2.070684 1.432436 6.525466 3.335889 -3.736379 -0.970444 -0.661502 -0.000001 -0.000001 -0.000000 0.079191 1.857694 1.346990 2.263526 2.027903 -3.696905 8.403952 -4.159668 28.222774 0.000005 -0.000000 -0.000001 3.151179 0.251817 9.836377 0.182780 -6.310607 1.186134 -5.820709 9.000719 -41.737619 0.000001 0.000005 -0.000002 4.253123 -0.108551 14.990541 -12.333759 -1.312940 7.446788 14.348727 1.856292 -4.293819 -0.000001 0.000000 -0.000000 12.640751 -0.335971 -5.471367 -33.193954 -12.674832 34.289384 -1.889368 -6.111578 -11.660033 -0.000001 0.000001 0.000003 
11.283604 108.295868 -1.225968 -3.522512 -9.082338 -10.423335 2.310858 0.600046 0.286889 -2.644742 -1.935032 2.092994 1.878371 6.900652 3.462054 -2.042088 -0.272069 -0.451402 0.000001 0.000000 -0.000001 0.732227 2.168257 2.501879 2.241174 2.708053 -3.040634 5.245050 -3.049913 24.059497 -0.000002 -0.000000 -0.000001 3.760520 1.483312 8.138072 -1.147340 -7.555866 -0.105390 -4.892712 6.741316 -37.259365 -0.000001 0.000002 0.000003 4.581729 0.289076 13.084514 -12.678168 -1.412568 6.952108 15.363747 0.817947 -5.396599 -0.000001 0.000000 -0.000000 12.067141 -0.642341 -6.875288 -31.966778 -12.129451 34.054148 -0.909000 -7.210883 -12.308573 -0.000002 0.000001 0.000000 
13.153376 108.590508 -1.246773 -1.398212 -8.184158 -9.390739 0.927672 0.206112 0.376966 -3.683074 -2.071654 1.867884 2.795275 7.023680 3.637141 -2.089711 -0.606384 -0.446229 0.000000 0.000000 0.000001 0.869704 1.839562 2.616431 1.016504 2.987085 -1.039766 3.473759 -2.474177 19.405247 -0.000002 -0.000003 -0.000000 2.955607 0.190730 7.114681 -1.249015 -6.472917 -1.735927 -4.889067 4.947695 -31.465770 -0.000000 0.000003 0.000005 3.723646 0.167272 11.289530 -14.100417 -0.898355 6.145932 14.079469 4.315613 -2.790436 0.000000 0.000001 -0.000001 10.748714 -0.755249 -8.056617 -33.724759 -11.466487 32.874066 -0.454008 -7.859230 -12.962062 0.000003 -0.000001 0.000002 
14.936127 108.826126 -1.265745 -0.007447 -6.650862 -8.524125 -0.690483 -0.252711 0.519202 -2.812743 -1.873916 1.814499 2.781111 5.671274 3.301177 -2.337675 -0.925376 -0.656966 0.000002 0.000000 0.000001 -0.036027 1.835709 2.714566 1.553901 2.141849 -0.000708 1.559016 -2.011651 15.957644 -0.000000 -0.000000 0.000002 2.371348 0.164704 6.317580 -2.144671 -6.047010 -2.722601 -4.576687 3.728228 -27.194294 -0.000000 0.000004 0.000002 3.127645 0.115927 9.965910 -14.740378 -0.432801 5.859731 13.039246 5.478584 -1.568461 -0.000001 -0.000000 -0.000001 10.234699 -0.896881 -8.906031 -34.027985 -11.309457 32.095274 -0.023409 -8.235648 -13.431771 0.000001 -0.000001 0.000003 
16.726763 108.964516 -1.280817 1.083828 -6.889859 -7.548821 -0.881307 -0.325729 0.565707 -3.770094 -2.066901 1.718732 3.596980 6.217784 2.930045 -2.820157 -1.108611 -0.611732 -0.000000 0.000001 -0.000000 0.386005 1.606374 3.092137 1.722758 2.331001 1.086505 -0.783335 -1.098501 12.638353 -0.000000 -0.000001 -0.000002 2.112752 -0.220246 5.054861 -2.386339 -6.024062 -3.987348 -4.220255 2.015362 -22.206135 -0.000003 0.000004 0.000001 2.749340 0.176169 8.210319 -15.555107 -0.179421 5.641802 12.668053 7.322503 -0.292687 -0.000000 -0.000003 -0.000000 8.232739 -0.883889 -9.525169 -32.827160 -10.616614 30.847197 1.084589 -7.791487 -12.633227 0.000000 -0.000000 0.000003 
18.492880 108.985939 -1.287394 1.361609 -6.405058 -6.600985 -0.981176 -0.342828 0.631285 -1.803537 -1.347159 1.372833 1.990048 4.533725 2.878837 -3.185053 -0.693923 -1.005750 0.000000 0.000001 -0.000001 -1.531147 2.595443 3.478385 2.245442 1.544408 1.738310 -1.776912 -0.508103 9.478800 -0.000000 -0.000001 0.000001 1.526819 -0.516396 3.730759 -2.688215 -5.087119 -4.721774 -4.621006 1.049190 -17.761178 0.000001 0.000002 0.000003 3.125016 0.395916 6.510944 -16.103201 -0.000692 5.736614 12.574587 7.972216 0.073744 -0.000002 0.000002 -0.000002 7.382631 -0.873587 -10.101465 -32.698779 -9.887172 29.811597 1.798268 -8.414860 -12.729885 0.000002 -0.000001 0.000002 
20.125795 108.969780 -1.276011 0.448414 -6.727579 -6.130458 0.364018 0.055458 0.636409 -3.515334 -1.691481 1.335130 2.725461 5.337387 2.573449 -3.339285 -0.558308 -0.124798 0.000001 0.000000 -0.000000 0.623902 1.371761 4.123831 -0.075700 2.898651 1.894276 -2.133985 0.097336 7.496703 0.000000 -0.000003 -0.000000 1.529157 -0.258485 2.659060 -3.026223 -5.075514 -4.545609 -4.263990 0.646355 -15.128268 -0.000001 0.000001 0.000001 4.002090 0.547238 5.236580 -14.417645 -0.377283 4.796649 14.374137 5.228251 -2.414897 -0.000001 0.000003 -0.000000 6.509621 -0.739944 -10.079434 -29.519654 -8.065838 28.265507 2.169256 -9.619800 -13.352221 -0.000003 -0.000003 -0.000000 
21.729544 108.870918 -1.272231 1.512299 -5.196517 -5.452568 -1.549182 -0.576524 1.000662 -2.884032 -1.347490 1.028672 3.118287 4.078914 2.310424 -3.334281 -0.293321 0.081568 0.000001 0.000000 -0.000000 -0.161312 2.211543 4.197776 -0.140870 2.747536 2.572895 -3.148859 0.929382 5.645742 0.000002 -0.000000 -0.000002 1.188963 -0.666687 1.528177 -3.105582 -4.617464 -4.654846 -4.912118 -0.117040 -12.445863 -0.000000 -0.000001 0.000002 3.351199 0.544324 4.093788 -13.271297 -0.320792 4.476717 13.040059 2.952084 -3.258699 -0.000000 -0.000000 -0.000002 5.023809 -0.725614 -10.046877 -27.700920 -6.764204 26.238086 2.125451 -9.622203 -13.001135 -0.000003 -0.000000 -0.000002 
23.279913 108.690857 -1.260608 1.610744 -4.100245 -4.618275 -2.589108 -0.898222 0.965959 -2.623516 -1.141098 0.851880 3.192384 3.213421 2.125625 -2.538692 0.074864 0.068670 -0.000001 0.000000 -0.000000 -0.533351 2.479114 4.471267 1.021800 1.972387 2.705633 -3.149676 1.574411 4.025405 -0.000003 -0.000001 -0.000001 1.260362 -0.081097 0.660643 -3.007882 -4.257518 -4.805885 -3.240158 -0.806608 -10.358814 -0.000003 0.000001 0.000001 4.147631 0.904586 2.773418 -13.961678 0.143588 4.168322 11.662335 2.696663 -2.838512 -0.000001 0.000000 -0.000003 4.330986 -0.780803 -10.240212 -26.061227 -5.980065 24.523828 2.243477 -8.862807 -11.783955 -0.000003 -0.000000 0.000002 
24.723822 108.492073 -1.255739 1.423936 -3.678593 -4.180471 -2.698655 -0.989809 1.059023 -2.501410 -0.962279 0.647779 3.306143 2.730027 2.151519 -2.331336 0.356108 -0.023556 -0.000000 -0.000000 -0.000001 -0.980592 3.132000 4.750705 1.629561 1.836956 2.825802 -3.579078 2.432350 3.154896 -0.000002 0.000000 0.000000 1.470210 0.400521 0.068677 -3.330946 -4.665067 -4.991462 -2.033240 -1.359678 -9.151429 0.000001 0.000004 0.000001 4.832697 1.156325 1.955251 -14.042486 0.354761 4.089556 10.277482 2.905253 -2.102408 -0.000004 -0.000003 -0.000002 3.490073 -0.761850 -10.016901 -24.333765 -5.280402 22.635553 2.642861 -8.277006 -10.934849 -0.000004 -0.000001 0.000003 
26.102375 108.235634 -1.255076 2.781975 -1.713507 -3.802517 -4.191775 -1.510676 1.271634 -0.004201 -0.543809 0.983563 1.481491 1.847159 1.493197 -1.927472 -0.352090 0.077985 0.000000 0.000000 -0.000000 -0.527062 2.901401 4.364160 1.138749 2.526548 3.972464 -4.274031 3.183698 2.161222 0.000002 -0.000001 -0.000001 0.957154 -0.993917 -0.336182 -2.782547 -4.460655 -5.790125 -2.449084 -2.417848 -6.734226 -0.000000 0.000003 -0.000001 3.500254 0.820155 1.439950 -14.303240 0.680182 3.901213 9.707847 2.833839 -1.799070 -0.000002 -0.000003 -0.000000 2.116999 -0.620371 -9.908836 -21.768959 -4.812204 20.498794 2.522438 -7.431921 -10.512310 -0.000003 -0.000002 -0.000000 
27.397659 107.905670 -1.245685 3.320700 -0.862463 -3.702422 -4.662815 -1.652249 1.317333 -0.404108 -0.930533 1.515190 2.395293 1.416032 0.929546 -2.860674 -0.489929 -0.166885 -0.000001 0.000000 -0.000000 -1.368005 3.462272 4.384739 1.417348 2.672952 4.616994 -5.258812 3.926097 1.278966 0.000003 -0.000002 0.000000 1.054732 -1.043659 -0.957984 -2.937539 -4.912746 -6.071050 -2.580804 -3.496447 -5.194610 -0.000000 0.000003 0.000001 2.406652 0.609650 0.723105 -13.835773 0.659066 3.911694 9.198273 3.705577 -1.017955 -0.000000 0.000000 -0.000001 1.009764 -0.397733 -9.230019 -17.893494 -4.142701 18.081227 1.825922 -6.276251 -9.511822 -0.000003 -0.000002 0.000001 
28.591284 107.599701 -1.259635 3.460010 -0.157867 -3.633390 -4.532228 -1.603687 1.348820 -0.371863 -1.163033 1.961676 2.643726 1.049109 0.439474 -3.664132 -0.468849 -0.512180 0.000000 0.000001 -0.000002 -1.957141 3.746383 4.236079 1.665135 2.386403 4.821998 -5.425780 3.989444 0.890155 -0.000000 0.000000 -0.000001 1.114781 -1.084500 -1.190760 -3.308984 -4.904515 -6.536993 -2.563665 -4.019650 -3.820936 -0.000001 0.000003 0.000000 1.441644 0.404016 0.369560 -13.277358 0.720816 3.900090 8.832737 4.625263 -0.267572 -0.000000 -0.000001 -0.000001 0.302009 -0.258190 -8.318833 -15.258586 -3.728446 16.230553 0.841597 -5.373341 -8.811309 -0.000004 -0.000003 0.000003 
29.663088 107.258911 -1.255200 3.804228 -0.999834 -3.594968 -4.207067 -1.415691 1.074744 -0.403193 -1.210680 1.950803 2.316396 2.091194 0.623036 -3.446045 -0.739743 -0.499338 -0.000001 -0.000000 -0.000001 -2.107616 3.354583 4.634823 1.376605 1.871704 4.439021 -5.371773 3.602175 0.431407 0.000003 -0.000001 -0.000000 0.672771 -1.146390 -1.163164 -3.120325 -3.733396 -6.623539 -2.949806 -4.008022 -2.697217 -0.000000 -0.000001 -0.000000 0.537131 0.266610 -0.174973 -12.726243 0.804494 3.946466 7.943332 6.144714 1.056168 -0.000001 -0.000002 -0.000002 -1.212738 -0.185722 -6.279357 -13.072761 -2.762752 13.251507 0.192828 -3.961051 -7.013358 -0.000003 0.000001 -0.000002 
30.648504 106.911545 -1.258271 4.568860 -1.547286 -3.398141 -4.030434 -1.289386 0.789468 -1.244914 -1.360448 1.864174 3.153500 2.546600 0.599049 -3.963742 -0.964917 -0.341657 -0.000001 -0.000001 0.000001 -2.410157 2.944914 4.484467 1.145037 1.377759 4.795462 -4.706004 3.207489 -0.634912 -0.000002 -0.000000 0.000001 0.163540 -1.431594 -1.136129 -3.062649 -2.819984 -6.761410 -1.805973 -3.412953 -1.921008 -0.000000 -0.000003 0.000000 -0.768600 -0.023081 -0.658773 -11.709850 0.808309 3.874756 7.683631 6.778693 1.544405 -0.000002 -0.000002 -0.000000 -2.574460 -0.094147 -4.205204 -9.886542 -2.304318 10.775078 -1.102627 -3.030382 -5.730209 -0.000004 -0.000001 -0.000001 
31.524534 106.580635 -1.254262 4.759387 -1.791654 -3.132012 -3.294818 -0.979427 0.464007 -2.395508 -1.677355 1.904607 4.033225 2.405895 0.432508 -3.901184 -0.804890 -0.678221 0.000001 0.000000 -0.000000 -2.982080 2.596873 4.581299 1.351656 0.482020 4.524087 -4.088591 2.483681 -1.372335 0.000004 -0.000000 0.000001 -0.332957 -1.347313 -1.237676 -3.047932 -1.688520 -6.909454 -0.431390 -2.579279 -0.840418 -0.000001 -0.000001 -0.000001 -1.375398 -0.224424 -1.007857 -10.772611 0.988178 3.835318 7.318397 6.456813 1.579416 -0.000002 0.000000 -0.000002 -3.413718 -0.054270 -2.871938 -8.441957 -1.999879 9.099516 -1.382302 -2.721974 -5.088172 -0.000003 -0.000001 0.000002 
32.325970 106.258308 -1.247382 3.470646 -1.367418 -2.835914 -2.000927 -0.592916 0.291182 -0.394741 -1.132238 1.909101 2.087329 1.142735 0.332578 -2.296258 -0.556829 -0.859778 -0.000002 0.000000 -0.000001 -1.750236 1.699601 4.373296 0.027290 1.352443 4.336597 -3.992316 2.530960 -1.555478 -0.000000 -0.000002 -0.000000 -0.213970 -0.930908 -1.722819 -3.390960 -2.224087 -7.071700 -0.091991 -2.575887 -0.097788 0.000001 -0.000000 -0.000001 -0.723871 -0.231093 -1.353742 -8.839625 1.030788 3.373332 6.221791 6.113287 1.952746 -0.000002 -0.000001 0.000000 -2.696990 0.117629 -1.459890 -5.771843 -2.221870 7.769392 -2.579409 -2.413398 -4.974065 -0.000006 0.000001 -0.000000 
33.056519 105.946259 -1.252199 3.122031 -1.720680 -2.685733 -0.827342 -0.216577 0.129340 0.674327 -0.800712 1.834630 0.692160 0.603772 0.313914 -1.750025 -0.421904 -0.912239 -0.000001 0.000000 -0.000000 -1.361884 0.863040 4.410480 -0.621519 0.830058 4.019701 -3.210596 1.804376 -2.298562 0.000002 -0.000003 0.000000 -0.228211 0.113369 -1.697835 -3.889128 -1.587271 -7.036060 0.785611 -1.396317 0.351842 -0.000000 -0.000003 0.000001 -1.002628 -0.420107 -1.648269 -7.089870 1.242943 3.132174 4.819490 6.124561 2.726018 -0.000002 -0.000003 -0.000000 -2.787926 0.177950 0.622635 -3.547409 -2.136181 5.598066 -3.015051 -1.872013 -4.001248 -0.000001 -0.000001 0.000002 
33.702774 105.646072 -1.253646 3.070068 -1.656549 -2.541118 -0.809985 -0.208791 -0.028536 1.226760 -0.545244 1.792795 -0.091707 0.409534 0.235548 -1.388032 -0.316406 -0.559402 -0.000000 0.000000 -0.000000 -1.217131 1.138806 4.303353 -0.085881 0.961678 4.262705 -4.085426 1.984136 -2.528015 -0.000002 -0.000003 -0.000000 -0.284789 -0.471828 -1.844884 -3.339699 -1.755289 -7.175227 0.042027 -1.526818 0.703307 -0.000002 -0.000001 -0.000000 -1.172545 -0.560170 -1.853550 -5.785375 0.975659 2.646581 3.866887 6.179866 3.211019 -0.000001 -0.000002 0.000001 -2.752980 0.347541 1.832176 -2.465143 -1.752195 4.377037 -3.768740 -1.686413 -3.719564 -0.000000 -0.000001 0.000002 
34.307037 105.353943 -1.269214 2.914676 -1.609175 -2.296785 -0.511197 -0.090384 -0.187904 1.130973 -0.601438 1.929853 -0.180557 0.054500 0.014849 -1.006523 -0.073912 -0.606630 -0.000000 0.000000 -0.000000 -1.553657 1.449864 4.305327 0.268322 0.678202 4.172672 -4.544311 1.979436 -2.862815 0.000003 -0.000003 -0.000000 -0.358179 -0.515347 -2.225377 -3.211465 -1.686809 -7.083875 -0.314079 -1.690246 0.981880 -0.000003 0.000003 0.000001 -1.818049 -0.635594 -2.228521 -4.493448 1.020646 2.323367 3.385356 6.680286 3.906733 -0.000001 -0.000002 -0.000001 -3.227636 0.321148 2.910167 -1.592747 -1.499109 2.655923 -3.841193 -0.993788 -2.835062 -0.000003 -0.000003 0.000002 
34.829487 105.053383 -1.259703 2.887883 -0.014266 -2.266578 -1.329459 -0.477304 0.078604 1.132510 -0.518170 1.910842 0.065811 -0.804068 -0.326129 -0.281512 0.093736 0.449992 0.000002 0.000001 0.000000 -0.090745 2.354421 4.391613 0.795198 2.120076 4.662516 -5.113564 3.332689 -2.078705 -0.000002 -0.000002 0.000001 0.896330 -0.054904 -2.310183 -2.366396 -3.135969 -7.392801 -1.007425 -2.654403 0.806637 0.000002 -0.000001 0.000001 -0.507564 -0.270078 -1.975667 -3.946426 0.222673 2.175083 5.422718 2.125536 -0.265889 -0.000001 -0.000001 -0.000001 -2.233817 0.376057 3.346433 -2.500664 -0.365619 1.580878 -2.702585 -4.296846 -7.124808 -0.000003 0.000001 -0.000002 
35.300388 104.772194 -1.255680 2.617042 0.519208 -2.142840 -0.949997 -0.412825 0.095439 0.259962 -0.636465 1.809581 0.500508 -0.883234 -0.361763 0.113773 0.213889 0.863236 0.000002 0.000001 0.000000 0.635833 2.622556 4.295856 1.026753 2.854880 4.997281 -5.644410 4.038789 -1.737999 0.000003 -0.000001 0.000001 1.339006 -0.082508 -2.519003 -1.722142 -3.677366 -7.457755 -1.281875 -3.273898 1.028434 -0.000001 -0.000003 0.000001 0.454459 -0.059490 -1.912506 -3.712239 -0.104438 2.013008 6.114591 -0.528729 -2.430036 0.000001 0.000000 -0.000002 -1.566688 0.466512 3.613171 -2.993085 0.372683 0.715237 -1.420025 -6.064174 -9.112079 -0.000003 -0.000003 0.000000 
35.722393 104.490028 -1.249619 2.731182 1.444298 -1.873282 -1.342820 -0.549334 -0.006327 0.097783 -0.623663 1.702006 0.922021 -0.843511 -0.361739 0.153020 0.141113 1.188181 -0.000001 -0.000000 -0.000000 0.773192 2.766739 3.928496 0.113474 3.618326 5.415841 -4.913592 4.083261 -1.236401 0.000002 -0.000002 0.000001 1.383496 -0.332343 -2.622688 -1.690601 -4.031689 -7.527201 -0.880800 -3.460568 1.232227 -0.000001 0.000001 0.000000 0.784735 0.080281 -2.003208 -3.584239 -0.233755 1.969077 6.224900 -2.488528 -3.882263 -0.000002 0.000001 0.000000 -1.491422 0.429783 3.381054 -2.802416 0.511641 0.490388 -1.218165 -6.736438 -9.817749 -0.000002 0.000001 -0.000001 
36.108990 104.219025 -1.250262 2.515575 2.348627 -1.527510 -1.973291 -0.729680 -0.236609 0.526193 -0.442676 1.694040 0.535670 -1.113892 -0.215251 0.456906 0.636263 1.100444 -0.000003 -0.000001 -0.000001 0.328221 3.210911 3.572381 -0.029306 3.924970 5.461984 -4.254304 3.972839 -0.818717 -0.000002 -0.000002 0.000002 1.666879 0.115883 -2.626336 -2.107653 -4.494880 -7.882678 -0.854223 -3.179814 1.323653 -0.000000 -0.000001 0.000002 1.315403 0.086075 -2.089646 -3.006706 -0.305163 1.928985 5.846551 -3.797710 -4.638460 0.000000 0.000000 -0.000003 -1.062396 0.537577 2.989529 -2.019227 0.132091 0.858085 -1.187909 -7.293331 -10.331082 -0.000003 -0.000001 -0.000002 
36.448441 103.969360 -1.245916 1.802023 2.341763 -1.339811 -1.662013 -0.619548 -0.312798 -0.142944 -0.538485 1.557307 1.007664 -0.906645 -0.045106 1.044230 0.818075 0.826884 0.000001 -0.000000 -0.000001 0.171569 3.210321 3.212973 -0.054829 3.808670 5.635676 -4.134624 3.905755 -0.721562 -0.000002 -0.000002 0.000001 1.834762 0.389728 -2.421841 -1.984711 -4.187224 -8.129069 -1.181865 -3.379085 1.537108 -0.000000 0.000004 0.000002 2.011934 0.285883 -2.195249 -2.993369 -0.261548 1.844623 5.788911 -3.718473 -4.608977 -0.000000 0.000004 -0.000001 -0.506868 0.547328 2.882198 -2.004489 0.248621 0.507693 -0.470568 -7.364850 -10.196867 -0.000000 -0.000001 -0.000001 
36.752590 103.724731 -1.243691 1.435179 2.593228 -1.213140 -2.112991 -0.731486 -0.469345 0.108302 -0.432373 1.529789 0.460905 -0.495263 0.165518 2.897192 0.789361 0.904941 -0.000000 0.000001 -0.000000 0.825581 3.078059 3.237906 0.061984 4.041501 5.420935 -4.167809 4.133249 0.012083 0.000002 -0.000003 0.000000 1.823369 -0.147063 -2.165975 -0.969461 -3.596227 -8.288170 -1.237438 -3.759442 1.719354 -0.000000 0.000004 0.000002 2.535621 0.385435 -2.243052 -3.116725 -0.296975 1.801554 5.677288 -4.029935 -4.732524 0.000001 0.000001 -0.000000 -0.183938 0.534711 2.730968 -2.203691 0.397050 0.071028 0.156871 -7.440265 -10.310825 -0.000004 -0.000003 -0.000000 
37.010731 103.500717 -1.235664 0.935474 3.432415 -1.037680 -3.144839 -1.067020 -0.433534 1.006895 -0.234696 1.562309 0.349476 0.164598 0.078809 3.134818 0.398421 1.253405 -0.000000 0.000001 -0.000001 1.073687 3.122359 3.118800 0.725336 3.984165 5.601805 -5.118554 4.421769 0.511936 0.000003 0.000000 -0.000000 1.502150 -0.998328 -2.446172 -0.464594 -3.563304 -7.998625 -1.672799 -4.097965 1.369304 -0.000001 -0.000003 0.000001 2.892315 0.497396 -2.254646 -2.277001 -0.346356 2.035603 5.179015 -4.643212 -4.952177 0.000002 0.000001 -0.000001 0.407102 0.505482 2.540268 -2.132867 0.092546 0.217859 0.280476 -7.669141 -10.744664 -0.000004 -0.000002 -0.000001 
37.236942 103.288628 -1.229382 1.179780 4.121398 -0.880352 -4.073365 -1.309293 -0.539660 1.094775 -0.204374 1.497942 0.624674 0.407978 0.101448 2.612513 0.336069 1.273491 -0.000000 -0.000001 -0.000002 0.485443 3.290632 3.039546 0.630389 3.719781 5.309779 -5.280783 3.971549 0.958830 0.000002 -0.000001 -0.000000 1.207143 -1.277129 -2.678840 -0.692269 -3.444423 -7.531880 -1.465882 -3.783752 1.194298 -0.000000 0.000000 0.000003 2.882917 0.505806 -2.188157 -2.301019 -0.343648 1.962882 4.996308 -5.502832 -5.598731 0.000002 0.000000 -0.000000 0.705314 0.496010 2.385555 -2.339406 0.241669 0.444100 0.187667 -7.948797 -10.803150 -0.000003 -0.000001 0.000002 
37.425251 103.084641 -1.229823 1.497049 4.668477 -0.700322 -4.643535 -1.427942 -0.711828 1.704031 -0.086351 1.535521 0.277699 0.383236 0.063795 2.320795 0.210871 1.430110 -0.000000 -0.000001 -0.000000 0.670363 2.950315 2.973452 0.590726 3.494832 5.337390 -5.240612 3.841425 0.987647 0.000000 0.000000 -0.000000 1.124475 -0.947173 -2.807667 -0.594398 -2.905337 -7.311830 -1.239144 -3.576717 1.708065 -0.000003 -0.000001 0.000002 2.346031 0.363401 -2.081980 -1.657365 -0.324357 1.890033 4.756987 -5.734216 -5.666311 -0.000001 -0.000000 0.000001 0.424045 0.452876 2.643246 -1.814529 0.192608 -0.030832 -0.086872 -7.877123 -10.658240 -0.000006 -0.000001 -0.000002 
37.576019 102.895821 -1.232332 2.326342 4.872780 -0.572372 -5.286111 -1.591313 -0.755581 2.431640 -0.072723 1.805179 0.004031 0.559482 -0.282515 2.203699 0.105626 1.362994 -0.000001 -0.000000 -0.000001 0.860354 2.824274 2.714521 0.560520 3.571758 5.611862 -5.085076 4.034229 1.123311 0.000002 -0.000003 -0.000000 0.902898 -1.547253 -2.770342 -0.480358 -2.774037 -7.620620 -0.679266 -3.809980 1.990098 -0.000003 -0.000003 0.000002 1.609086 0.260505 -1.973902 -1.266110 -0.502535 1.807617 4.933223 -6.166058 -6.139082 -0.000000 0.000001 -0.000000 -0.519517 0.411432 3.118039 -1.593285 0.439736 -0.657461 0.504519 -8.122365 -10.804802 -0.000001 -0.000003 0.000000 
37.711571 102.724388 -1.240206 2.319219 4.645393 -0.486786 -4.820638 -1.477666 -0.614074 1.928169 -0.155404 1.682286 0.201518 0.500866 -0.329935 2.323622 0.264055 1.109788 -0.000000 0.000001 0.000000 0.897766 2.714029 2.730003 -0.318495 4.014836 5.406151 -5.064411 4.240084 1.236652 0.000002 -0.000001 -0.000000 0.726048 -1.719354 -3.030022 -0.964222 -3.133339 -7.795613 -0.886790 -4.247357 2.173067 -0.000000 -0.000001 -0.000000 1.698731 0.352444 -1.818546 -1.252910 -0.371147 1.562590 5.124018 -6.221834 -6.255684 -0.000002 -0.000001 0.000001 -0.648619 0.386917 3.535488 -1.650694 0.671623 -1.472055 1.173747 -8.211336 -10.811744 -0.000004 0.000000 0.000000 
37.820995 102.565384 -1.250917 1.924150 5.173822 -0.163559 -4.586825 -1.372890 -0.700801 1.153294 -0.347968 1.623739 1.030859 0.309335 -0.340951 2.361395 0.404502 0.889650 0.000001 0.000001 -0.000001 0.283195 2.745593 2.353836 -0.879536 3.995150 5.237978 -4.669589 3.955797 1.177470 0.000000 -0.000001 -0.000000 0.666388 -1.481604 -3.106553 -1.654059 -3.171206 -7.970638 -0.975177 -4.333706 2.437974 -0.000001 -0.000001 0.000000 1.925494 0.444292 -1.850651 -0.807757 -0.304340 1.463667 4.814110 -6.142811 -6.111319 -0.000001 -0.000003 -0.000002 -0.139458 0.366805 3.535488 -1.557398 0.724837 -1.606893 0.776681 -8.115076 -10.675174 -0.000000 -0.000001 -0.000002 
37.906822 102.408775 -1.259449 1.737593 4.928135 0.109516 -4.521707 -1.331213 -0.874750 1.163163 -0.287743 1.493547 0.886572 0.640636 -0.262481 2.581962 0.291244 0.793578 -0.000001 -0.000002 0.000001 0.571787 2.331853 2.513176 -0.812454 3.802645 4.967331 -4.304472 3.820654 0.989410 0.000003 -0.000001 -0.000000 0.500555 -1.692404 -3.069129 -1.038006 -2.370809 -7.875386 -0.965227 -4.197074 2.566117 -0.000003 0.000004 0.000001 2.203061 0.466344 -2.071767 -0.808738 -0.279437 1.383576 4.581412 -5.231817 -5.381965 -0.000000 0.000002 -0.000001 -0.203168 0.370424 3.515647 -1.578296 0.922287 -2.106201 1.235053 -7.586652 -9.822979 -0.000009 0.000002 -0.000001 
37.974701 102.267807 -1.262073 1.477113 5.036150 0.214737 -4.622354 -1.336687 -0.927478 1.644283 -0.301844 1.689284 0.548357 0.906861 -0.528311 2.979564 0.041988 0.937229 -0.000001 -0.000000 0.000001 0.652450 1.931260 2.468113 -0.733443 3.436300 4.967666 -4.209632 3.639197 0.742209 0.000002 -0.000003 -0.000001 0.331013 -1.549471 -2.967831 -0.680585 -1.668881 -7.410271 -1.056500 -3.688312 2.141001 -0.000002 0.000001 0.000001 2.482034 0.461904 -2.035757 -0.847996 -0.114080 1.340259 4.783941 -4.869173 -5.150372 0.000001 0.000002 -0.000002 -0.103005 0.379950 3.616887 -1.322063 0.792155 -2.246172 0.996486 -7.705892 -9.987478 -0.000003 -0.000002 0.000001 
38.032616 102.126335 -1.269247 1.469427 5.660707 0.352783 -5.284207 -1.511914 -0.990088 1.540292 -0.375429 1.667046 0.895756 0.740855 -0.427897 2.700298 0.033872 0.644346 -0.000000 0.000001 0.000001 0.282229 1.875967 2.232092 -0.508427 2.876632 4.742422 -3.898175 3.417955 0.711154 0.000003 -0.000003 -0.000000 0.302436 -1.226402 -3.079129 -0.661335 -1.193095 -6.913844 -0.929743 -3.521127 1.808279 -0.000002 0.000006 0.000001 2.272964 0.521048 -2.108371 -0.961566 0.063081 1.588899 4.246042 -4.859493 -4.929736 -0.000002 -0.000002 -0.000001 -0.312876 0.263171 3.492363 -0.878119 0.329197 -1.892931 0.523111 -6.978538 -9.265815 -0.000002 -0.000003 -0.000000 
38.065781 101.995728 -1.275520 1.201682 5.712407 0.634968 -4.880167 -1.366078 -1.107038 1.782027 -0.278583 1.674067 0.858016 0.497945 -0.458800 2.274603 0.118488 0.326098 0.000001 -0.000000 -0.000001 -0.390978 2.316844 1.969262 -0.174815 2.716206 4.617856 -4.163280 3.061840 1.236619 -0.000000 -0.000000 0.000001 0.216127 -1.548375 -3.053173 -0.958768 -1.654667 -6.918275 -1.460469 -3.371473 1.116339 -0.000000 0.000006 0.000001 2.244462 0.413779 -2.253840 -0.598870 0.265316 1.345972 4.219131 -4.243905 -4.357075 -0.000000 0.000001 0.000000 -0.324402 0.318931 3.404868 -0.368742 0.012863 -1.987650 0.509481 -6.858945 -9.361824 -0.000005 -0.000000 -0.000000 
38.092976 101.876915 -1.283400 1.015434 5.564184 0.695629 -4.243590 -1.215572 -1.086101 1.509357 -0.337825 1.697595 0.863694 0.305870 -0.416624 2.334894 0.254279 0.129850 -0.000000 0.000001 -0.000000 -0.666865 2.371200 1.803674 -0.116322 2.702597 4.815555 -4.166273 2.795918 1.060664 -0.000004 -0.000001 0.000001 0.187442 -1.475940 -3.032372 -1.314447 -2.034679 -7.105827 -1.353352 -3.059489 0.952693 -0.000002 -0.000001 0.000000 2.682250 0.378133 -2.155549 -0.275825 0.318595 1.367020 4.408306 -3.773744 -4.000417 -0.000000 -0.000000 -0.000001 -0.063014 0.406663 3.534740 -0.306485 -0.113961 -2.102813 0.427402 -6.484299 -9.020755 -0.000001 -0.000000 -0.000001 
38.105389 101.769592 -1.288694 0.914762 5.496022 0.953898 -4.334647 -1.220801 -1.134780 1.992467 -0.222136 1.650169 0.261727 0.471952 -0.459378 2.356093 0.304437 0.110581 0.000003 0.000000 -0.000001 -0.452401 2.097507 1.777390 -0.356372 2.852057 4.292003 -3.757970 2.563935 1.562790 0.000002 -0.000000 0.000000 0.230794 -1.159844 -3.194923 -1.385610 -2.196304 -7.047892 -1.046085 -3.045668 0.719283 -0.000002 0.000001 0.000001 2.691528 0.393562 -2.317237 -0.518813 0.253147 1.124029 3.633597 -3.255143 -3.402248 0.000000 -0.000002 -0.000002 -0.008713 0.486158 3.580565 -0.108278 0.038258 -2.199886 0.356163 -6.362979 -8.841285 -0.000003 -0.000003 0.000003 
38.109329 101.662567 -1.295191 0.840268 6.041872 1.184285 -4.342353 -1.250700 -1.116974 1.850275 -0.216993 1.586598 0.241584 0.278085 -0.414739 2.261287 0.675066 -0.095910 -0.000001 -0.000001 0.000001 -1.007885 2.615746 1.524758 -0.050201 2.629488 3.770213 -4.212967 2.318262 1.930145 -0.000002 -0.000001 0.000001 0.058888 -1.431338 -3.454617 -1.303684 -1.928749 -7.207095 -0.832791 -2.796816 1.079689 -0.000002 -0.000001 0.000000 2.441393 0.358808 -2.415726 -0.103808 -0.018194 1.221416 3.497798 -3.290738 -3.475539 -0.000000 -0.000001 -0.000002 -0.155331 0.492516 3.332425 0.691435 -0.334894 -1.451989 -0.158952 -6.476203 -8.980811 -0.000006 -0.000000 -0.000001 
38.112396 101.567200 -1.304543 0.590997 5.596970 1.330411 -4.130605 -1.204538 -1.091574 1.690410 -0.172964 1.472324 0.542234 0.347339 -0.352486 1.986473 0.788569 -0.313925 -0.000001 0.000000 -0.000001 -1.103138 2.824977 1.340886 -0.170699 2.788580 3.852295 -4.530464 2.345237 1.929070 0.000001 -0.000003 -0.000000 0.097640 -1.459122 -3.676103 -1.703312 -2.512097 -7.330819 -0.422718 -2.723675 1.155292 -0.000000 0.000001 0.000000 2.673682 0.397126 -2.612588 0.077344 -0.051634 1.189612 3.503046 -3.031692 -3.198917 -0.000001 -0.000000 0.000001 0.153041 0.525269 3.438762 0.568138 -0.286964 -1.910466 0.446821 -6.029511 -8.509314 -0.000005 -0.000003 -0.000001 
38.106018 101.476204 -1.306700 0.140487 5.492344 1.515534 -3.976400 -1.161816 -1.070828 1.348317 -0.185746 1.339055 0.797459 0.542188 -0.316089 2.495066 0.677564 -0.270624 -0.000001 0.000000 -0.000000 -1.084593 2.503791 0.985114 0.260796 2.467186 4.239454 -4.217821 2.315203 1.841169 -0.000000 -0.000001 0.000001 0.146409 -0.985369 -3.678999 -1.460596 -2.105428 -7.223698 0.034111 -2.596434 1.536872 -0.000000 0.000005 0.000001 3.055041 0.397793 -2.744766 0.432482 0.073473 1.151949 4.351627 -1.875803 -2.544181 0.000003 0.000000 0.000000 0.379560 0.516899 3.320018 0.848508 -0.514535 -1.954533 0.041892 -5.503901 -7.995173 -0.000003 -0.000001 0.000001 
38.092808 101.389046 -1.307170 0.062089 5.239175 1.475466 -3.846852 -1.184115 -0.729691 1.100838 -0.172658 1.215543 0.980167 0.475774 -0.519731 2.357882 0.488815 -0.093912 -0.000001 0.000001 0.000000 -0.281848 1.917521 0.947177 -0.184698 2.688788 4.667008 -3.854207 2.439371 1.580058 -0.000000 -0.000002 0.000001 0.050097 -1.213181 -3.572680 -0.878574 -1.655401 -7.161292 -0.330766 -2.702442 1.390526 -0.000001 -0.000003 -0.000000 2.808172 0.386203 -2.779843 0.499582 0.083816 0.947448 3.782800 -1.654368 -2.146735 -0.000001 0.000003 -0.000001 0.241973 0.496155 3.483302 0.888167 -0.347916 -2.533833 -0.064748 -5.277035 -7.761934 -0.000003 0.000000 -0.000000 
38.078716 101.304550 -1.306385 -0.082838 5.450794 1.439644 -4.000979 -1.241982 -0.710063 0.978162 -0.289054 1.386504 1.338702 0.214657 -0.640351 2.374700 0.502961 -0.148770 -0.000000 0.000000 -0.000000 -0.557056 2.491274 0.821651 0.429395 2.824355 4.976843 -4.400331 2.701324 1.731261 0.000002 -0.000001 -0.000000 0.293722 -1.252711 -3.459933 -0.859976 -2.326837 -7.347892 -0.638242 -2.910407 1.042049 -0.000002 0.000004 0.000001 2.840637 0.376705 -2.702009 0.930687 -0.197463 0.890029 3.648647 -1.362564 -1.903331 0.000001 0.000001 -0.000003 0.154476 0.542621 3.465569 1.046116 -0.405021 -2.394095 -0.025889 -4.901528 -7.562811 -0.000005 -0.000003 -0.000001 
38.064068 101.224472 -1.313521 -0.252684 5.309045 1.512656 -3.761208 -1.163350 -0.745402 0.990327 -0.298710 1.413341 1.181665 0.401649 -0.602516 2.541397 0.425784 -0.111638 -0.000002 0.000000 -0.000000 -0.400678 2.339732 0.799164 -0.274345 3.299550 4.723324 -4.763984 2.681315 1.930052 -0.000000 -0.000002 0.000000 0.282149 -1.453260 -3.578752 -1.451340 -2.932634 -7.543635 -0.607223 -3.144816 1.175322 -0.000000 -0.000001 0.000002 2.649530 0.357144 -2.761545 1.026511 -0.161781 0.706182 3.539912 -1.104076 -1.674128 0.000001 0.000002 -0.000001 0.074596 0.532816 3.479143 1.059822 -0.277291 -2.642530 0.047707 -4.502033 -7.028852 -0.000005 -0.000000 -0.000000 
38.036453 101.145996 -1.311837 -0.541720 5.430299 1.637081 -3.990559 -1.216289 -0.858717 1.284062 -0.252345 1.411698 1.076312 0.574179 -0.591489 2.922896 0.170947 0.162181 -0.000000 -0.000000 -0.000001 0.076783 1.925790 0.506827 -0.721423 3.531441 4.994934 -4.462788 2.712556 1.968478 0.000002 -0.000001 0.000000 0.286168 -1.458681 -3.389322 -1.237984 -2.727151 -7.469051 -0.758417 -3.266086 0.889275 0.000000 0.000003 0.000001 2.743194 0.401025 -2.865440 1.014528 -0.288410 0.744270 3.102109 -0.870502 -1.409076 0.000001 -0.000001 -0.000002 0.208003 0.563909 3.365319 1.287370 -0.292655 -2.516563 -0.002412 -4.500977 -7.030107 -0.000006 0.000001 0.000001 
38.008873 101.078354 -1.311838 -0.316186 5.035363 1.623593 -4.147871 -1.270370 -0.777614 1.295782 -0.177722 1.209401 0.995229 0.352160 -0.479629 2.465914 0.445206 -0.135651 -0.000000 0.000001 0.000002 -0.023822 2.034287 0.470843 -0.255976 3.101037 5.051906 -4.167962 2.574506 1.857306 0.000000 -0.000002 0.000000 0.456099 -0.900557 -3.345819 -1.024038 -2.427134 -7.312836 -0.582578 -3.081850 0.870554 -0.000002 0.000002 0.000003 2.722716 0.464141 -2.829970 0.794891 -0.277385 0.593967 3.525153 -0.383501 -1.221080 -0.000001 -0.000000 -0.000000 -0.075362 0.469284 3.616725 1.227365 -0.166638 -3.016108 0.562477 -4.520906 -7.063126 -0.000005 -0.000001 -0.000001 
37.986099 101.003052 -1.326840 -0.178309 5.184415 1.701444 -4.265666 -1.255318 -0.960335 1.702699 -0.146819 1.341808 0.508943 0.243886 -0.484919 2.450915 0.547803 -0.193625 -0.000000 -0.000000 -0.000001 -0.369187 2.365327 0.500573 -0.252668 3.093106 5.116317 -4.051961 2.624728 1.590191 -0.000002 -0.000002 -0.000001 0.396350 -1.049039 -3.193188 -0.989903 -2.376498 -7.446406 -0.715479 -3.109038 0.836581 -0.000000 0.000001 0.000002 2.885248 0.494373 -2.588413 0.888431 -0.224847 0.322405 3.780889 -0.320306 -1.244997 -0.000001 -0.000001 -0.000002 0.117729 0.495648 3.679794 1.199765 -0.177899 -2.868972 0.842252 -4.313799 -6.726768 -0.000003 -0.000001 -0.000001 
37.958092 100.923256 -1.337948 -0.256787 4.792874 1.601383 -4.236984 -1.271904 -0.748517 1.753072 -0.052040 1.191666 0.575405 0.083643 -0.454538 2.359723 0.544444 -0.313787 -0.000000 -0.000000 -0.000001 -0.873113 2.557555 0.617050 0.009245 2.663985 4.774843 -4.094446 2.565739 1.610604 -0.000000 -0.000001 -0.000001 0.267231 -1.045062 -3.453486 -1.578547 -2.495456 -7.272100 0.020422 -2.929346 0.728614 -0.000002 0.000001 0.000002 2.760463 0.510893 -2.588090 1.197026 -0.008995 0.419710 3.574247 0.078859 -0.844267 0.000000 0.000000 0.000001 -0.095236 0.457312 3.921212 1.502156 -0.225288 -3.343150 0.730950 -3.947413 -6.179667 -0.000003 -0.000002 0.000001 
37.936127 100.850403 -1.351046 -0.949145 4.799979 1.733908 -3.813728 -1.108142 -0.846317 1.703431 -0.051973 1.135078 0.549191 0.183444 -0.382789 2.599466 0.338697 -0.316450 0.000001 -0.000000 0.000001 -0.613591 2.177054 0.483845 -0.511305 2.745467 4.847679 -3.405298 2.513573 1.469535 0.000002 -0.000001 -0.000002 0.380420 -0.760040 -3.380878 -1.503732 -2.286687 -6.963505 0.134148 -2.784377 0.419886 -0.000001 0.000001 0.000000 3.287271 0.643261 -2.624747 1.528118 -0.057532 0.501607 3.040253 -0.411493 -1.020677 -0.000001 -0.000001 -0.000000 0.719505 0.511068 3.893941 1.229416 -0.006686 -3.603542 1.279037 -3.779089 -5.865440 0.000000 -0.000001 0.000002 
37.907902 100.778839 -1.360670 -0.904269 4.717341 1.852892 -3.165702 -0.907013 -0.837216 1.190930 -0.134623 1.067581 0.748693 0.455377 -0.288117 2.649759 0.187441 -0.288658 -0.000001 -0.000001 -0.000000 -0.503049 2.231289 0.423426 -0.461343 2.909293 4.880922 -4.062821 2.720164 1.745450 -0.000000 -0.000002 -0.000000 0.228097 -1.251118 -3.415887 -1.284476 -2.509592 -7.074200 -0.606275 -3.354937 0.311399 -0.000001 -0.000001 0.000001 2.962279 0.653954 -2.696694 2.089256 -0.204155 0.428360 2.784101 0.222414 -0.450745 0.000001 0.000000 -0.000002 0.488924 0.470081 3.729015 1.335848 -0.031407 -3.779630 1.447943 -3.251587 -5.420832 0.000001 -0.000003 -0.000000 
37.884769 100.712700 -1.373130 -1.207579 5.064962 2.039880 -2.395827 -0.690602 -0.770564 0.573749 -0.289494 1.156917 1.146754 0.270645 -0.532153 2.193183 0.128057 -0.305582 0.000000 0.000000 -0.000000 -0.566394 2.153619 0.268336 -0.438358 2.940942 5.258712 -3.854821 2.706801 1.630927 -0.000000 -0.000001 0.000000 0.381171 -0.952730 -3.382627 -1.610890 -2.948300 -7.033757 -0.352910 -3.197848 0.219123 -0.000001 0.000001 0.000001 3.400905 0.632923 -2.681536 2.159229 -0.071621 0.489818 2.757109 0.258807 -0.280018 -0.000000 -0.000003 -0.000001 0.880967 0.528608 3.584365 1.763527 -0.428628 -3.573824 1.098188 -3.313105 -5.715819 -0.000006 0.000000 -0.000000 
37.869835 100.646065 -1.391354 -0.988174 5.120857 2.048257 -2.575757 -0.727675 -0.827444 -0.225811 -0.459675 1.142937 1.807112 0.659552 -0.499440 2.444783 -0.124588 -0.122417 0.000001 0.000000 -0.000000 -0.580409 1.970008 0.327317 -0.619465 2.899951 5.250503 -3.004484 2.357672 1.670600 0.000002 -0.000003 0.000000 0.357047 -0.843190 -3.131750 -1.484759 -2.713946 -6.930582 -0.141413 -2.735486 0.057258 -0.000001 0.000003 0.000001 3.418212 0.492401 -2.549969 2.150239 0.020547 0.328334 3.212483 0.138545 -0.497445 0.000002 -0.000000 -0.000001 0.824989 0.601445 3.693712 2.126174 -0.625201 -3.375650 0.798527 -3.591982 -6.062619 -0.000006 -0.000003 -0.000000 
37.856815 100.585579 -1.405623 -0.569348 5.059178 2.041348 -3.324027 -0.901837 -0.895129 1.284445 -0.267413 1.422254 0.783638 0.427140 -0.727530 2.308366 -0.078612 -0.245354 -0.000001 0.000000 -0.000001 -0.739496 1.412775 0.221414 -0.844200 2.529636 5.402806 -2.506710 2.059951 1.369226 0.000000 -0.000003 -0.000002 0.142947 -0.643183 -2.725400 -1.874298 -2.127473 -6.953829 0.201658 -2.126190 -0.205869 -0.000002 0.000003 0.000001 2.825207 0.305746 -2.573170 2.448633 0.277366 0.286575 1.916035 -0.169087 -0.206052 -0.000003 0.000002 -0.000000 0.341940 0.603820 3.822563 2.207839 -0.586757 -3.655216 0.862794 -3.526858 -5.533135 -0.000005 0.000002 -0.000000 
37.847431 100.528282 -1.423968 -0.251803 5.377223 2.147251 -4.236304 -1.131444 -1.011675 1.587028 -0.167016 1.403060 0.681224 0.379978 -0.701987 3.000910 -0.195972 -0.042985 -0.000001 0.000000 -0.000000 -0.327928 1.309316 0.424926 -0.801528 2.659662 5.358334 -2.698978 2.380637 1.367835 0.000000 -0.000001 -0.000000 0.284433 -0.774378 -2.861459 -1.553554 -2.049488 -6.895028 0.246080 -2.720073 0.174957 -0.000000 0.000003 0.000000 2.585132 0.368656 -2.678062 2.740698 0.363509 0.472574 2.445327 -0.507358 -0.630088 -0.000000 -0.000003 -0.000001 0.111089 0.496766 3.642382 2.472826 -0.825909 -3.330986 0.475871 -3.590126 -5.640687 -0.000005 -0.000001 0.000001 
37.836086 100.477432 -1.439608 -0.412690 5.072795 2.142561 -3.829218 -1.038983 -0.958706 1.740781 -0.124337 1.448275 0.387709 0.458768 -0.742104 2.405536 -0.029466 -0.193367 -0.000000 0.000000 -0.000001 -0.573401 1.473576 0.396164 -0.803014 2.689536 5.378791 -2.389506 2.242209 1.519981 0.000002 -0.000002 0.000001 0.340813 -0.750576 -2.863325 -1.698394 -2.254691 -6.932593 0.223224 -2.594228 0.141479 -0.000000 0.000005 0.000000 2.596156 0.327654 -2.707949 2.633981 0.473961 0.254921 1.929721 -0.024777 -0.029773 -0.000001 -0.000003 -0.000003 0.126794 0.532194 3.723071 2.359567 -0.696362 -3.667132 0.676889 -3.196843 -5.042895 -0.000001 -0.000000 -0.000001 
37.831318 100.425537 -1.461429 0.086826 5.088273 2.145975 -4.022108 -1.105782 -0.995812 1.380464 -0.260720 1.452130 0.840630 0.258431 -0.591323 1.670469 0.207017 -0.658507 -0.000001 0.000001 0.000001 -1.093453 1.997706 0.487626 -0.475811 2.554821 5.096670 -2.879946 2.203241 1.606877 -0.000000 -0.000002 -0.000001 0.293367 -0.779605 -3.245000 -1.769903 -2.591535 -6.820767 -0.206391 -2.874621 0.271341 -0.000000 0.000005 0.000001 2.593928 0.414611 -2.577689 2.439027 0.509613 0.236490 1.697668 -0.443800 -0.234771 -0.000000 0.000000 -0.000002 0.001133 0.428315 3.758547 2.011195 -0.689463 -3.927727 0.810220 -3.167068 -5.310867 -0.000003 -0.000000 -0.000000 
37.820797 100.382896 -1.475437 -0.110344 5.283033 2.179502 -4.372708 -1.183743 -0.986566 1.878394 -0.215946 1.515689 0.808383 0.086256 -0.666494 1.798197 0.005873 -0.627522 -0.000001 0.000001 0.000000 -1.157320 1.869680 0.505144 -0.468381 2.278243 5.020810 -2.878652 2.172487 1.567263 0.000002 -0.000002 0.000001 0.212596 -0.813980 -3.058429 -1.517718 -1.908468 -6.764597 -0.035737 -2.874185 0.255701 -0.000001 -0.000001 -0.000001 2.673756 0.517241 -2.526728 2.602218 0.557897 0.408124 2.081301 -0.570641 -0.524509 0.000002 -0.000002 -0.000000 0.069095 0.363880 3.806735 2.160380 -0.737155 -3.808035 1.005470 -3.341485 -5.351096 -0.000006 -0.000002 0.000000 
37.806519 100.335968 -1.486342 0.324429 5.202463 2.284599 -3.986169 -1.085538 -0.991661 0.839647 -0.383150 1.437990 1.648621 0.170277 -0.697742 1.146975 0.058577 -0.624488 -0.000002 0.000000 -0.000001 -1.917729 2.388093 0.387963 -0.022295 2.153423 5.135620 -3.035652 1.968634 1.748970 -0.000000 -0.000001 -0.000000 0.044470 -1.032952 -3.258588 -1.597038 -2.173163 -6.649114 0.122614 -2.486324 0.249487 -0.000003 0.000003 0.000001 2.430794 0.298231 -2.658469 1.952942 0.544963 0.149740 1.713463 0.198497 0.157952 -0.000001 -0.000001 -0.000001 -0.152030 0.489073 3.703513 2.147987 -0.620655 -3.738466 0.515686 -3.440030 -5.469523 -0.000003 -0.000002 0.000001 
37.797184 100.300316 -1.501347 0.258412 4.926782 2.354658 -3.989618 -1.088958 -0.894248 1.092321 -0.309778 1.435065 1.569471 0.288558 -0.849059 0.879485 0.034930 -0.595441 -0.000001 0.000000 -0.000001 -1.607053 1.918557 0.071023 -0.236446 2.205582 5.399604 -2.855323 1.928564 1.703197 0.000002 -0.000001 -0.000001 0.134661 -0.829354 -2.866930 -1.851908 -2.071313 -7.078115 0.867116 -2.282931 0.331782 -0.000001 0.000000 0.000002 2.422613 0.253335 -2.786921 2.210602 0.536191 0.198499 1.678820 -0.348922 -0.217798 -0.000001 -0.000003 -0.000002 -0.265236 0.516749 3.630214 1.966586 -0.415646 -4.057345 1.010568 -3.162699 -4.907362 -0.000001 -0.000000 -0.000000 
37.788498 100.261009 -1.516618 0.321902 4.711186 2.339137 -3.691243 -1.048651 -0.771626 1.763446 -0.153648 1.475273 0.528825 0.477957 -0.983608 0.929061 -0.128160 -0.449947 -0.000000 0.000000 -0.000002 -0.966078 1.520439 0.272331 -0.814150 2.567531 5.052624 -3.497906 1.814004 1.771623 0.000000 -0.000001 0.000000 0.052043 -0.971992 -2.866230 -1.961184 -2.293895 -7.114583 0.433641 -2.134980 0.367104 -0.000002 -0.000001 0.000000 2.228457 0.109566 -2.876414 1.912441 0.625221 -0.004958 1.354537 0.373366 0.502015 0.000000 0.000000 -0.000003 -0.376735 0.598829 3.776059 2.111589 -0.435695 -4.285903 0.967292 -3.252760 -5.048243 -0.000003 -0.000002 -0.000001 
37.785419 100.224602 -1.535535 0.688617 4.899270 2.392752 -3.769362 -1.054213 -0.861277 1.405722 -0.269404 1.506369 0.876864 0.531359 -1.036732 0.788519 -0.363539 -0.324734 -0.000001 0.000000 -0.000001 -0.662981 1.294282 0.250194 -1.184309 2.718992 5.260975 -2.966815 1.826084 1.772497 0.000002 -0.000001 0.000001 -0.267085 -1.567609 -2.979687 -1.417518 -1.888406 -6.891885 0.581379 -2.151286 0.362288 -0.000001 0.000001 0.000001 2.285654 0.131209 -2.805526 1.561442 0.635454 0.134696 1.509967 0.576456 0.537742 -0.000003 -0.000003 -0.000001 -0.262072 0.592891 3.729872 1.667457 -0.339316 -4.214645 1.515834 -3.229915 -4.963949 0.000002 -0.000002 0.000002 
37.784771 100.193344 -1.561048 0.816368 4.595312 2.436913 -3.761747 -1.062959 -0.899459 0.853235 -0.340957 1.409812 1.534771 0.201772 -0.955784 0.494139 -0.157890 -0.461328 -0.000000 0.000000 -0.000001 -1.087148 1.939062 0.136679 -0.753442 2.786289 5.571518 -3.674529 2.078672 1.717361 0.000002 -0.000001 -0.000001 -0.178718 -1.732077 -3.100378 -1.707424 -2.526101 -7.030371 -0.321988 -2.493383 0.322747 -0.000001 0.000004 0.000001 2.353956 0.147463 -2.807357 1.635930 0.401259 -0.000841 1.541569 0.622380 0.491472 -0.000000 -0.000000 -0.000000 -0.069307 0.643521 3.792930 1.217992 -0.034638 -4.444294 1.608664 -3.081979 -4.988905 -0.000000 -0.000001 -0.000001 
37.785141 100.158310 -1.580388 0.915961 4.783608 2.447880 -4.141538 -1.182526 -0.938140 0.678881 -0.263759 1.233243 1.670723 0.105850 -0.757659 1.280699 -0.129684 -0.342964 -0.000000 0.000000 -0.000000 -0.427396 1.845523 0.125458 -0.839679 3.101492 5.607847 -3.591585 2.297997 1.804057 -0.000002 -0.000001 -0.000000 0.137694 -1.516946 -2.851558 -1.184907 -2.394141 -7.146155 -0.387233 -2.603520 0.322566 -0.000002 -0.000001 0.000002 1.946796 0.083697 -2.913608 2.021548 0.080412 -0.060982 1.937124 0.929888 0.515910 -0.000000 -0.000001 -0.000001 -0.235469 0.643912 3.708302 1.210641 -0.021147 -4.205027 1.817053 -2.868334 -4.811114 -0.000004 -0.000001 0.000001 
37.780003 100.123039 -1.599956 0.642078 4.129909 2.453973 -3.571378 -1.019740 -0.890294 0.410815 -0.156346 0.874991 1.510225 0.390366 -0.406816 1.437855 -0.090572 -0.334692 -0.000002 -0.000001 -0.000001 -0.247057 1.576751 0.124824 -0.981441 2.808416 5.491167 -3.147799 2.046107 1.614848 0.000002 -0.000001 -0.000001 0.065924 -1.312080 -2.912499 -1.040347 -1.883405 -6.955735 -0.239820 -2.407677 0.369749 -0.000001 0.000001 0.000000 2.267384 0.206682 -2.967818 1.501607 0.163543 -0.454232 2.030840 1.443745 0.819691 -0.000001 -0.000001 0.000000 -0.278764 0.629625 3.887479 1.321379 0.194759 -4.672000 1.853600 -2.809456 -4.670553 0.000001 -0.000002 0.000002 
37.766300 100.091766 -1.612116 0.422601 4.138550 2.406636 -2.776569 -0.817831 -0.746182 0.726238 -0.239908 1.113251 0.977471 0.294029 -0.717762 0.990561 -0.129600 -0.371630 0.000001 -0.000000 -0.000001 -0.487484 1.697127 0.124683 -1.005848 2.750054 5.389198 -3.334356 1.947813 1.640953 0.000002 -0.000003 -0.000000 -0.055511 -1.441657 -2.976160 -1.303338 -1.964929 -7.039181 0.021188 -2.299632 0.443743 -0.000001 -0.000003 0.000001 2.338113 0.203221 -2.920171 1.574702 0.102718 -0.495472 1.774510 1.398986 0.846346 -0.000000 -0.000003 -0.000002 -0.294364 0.617222 3.968597 1.710836 0.114925 -4.757607 1.845004 -2.665441 -4.476768 -0.000003 0.000000 0.000000 
37.753662 100.057854 -1.625406 0.765952 4.224267 2.378808 -2.963175 -0.888830 -0.700905 0.410034 -0.253376 1.082285 1.349194 0.236347 -0.681168 0.829017 -0.017404 -0.273325 -0.000000 -0.000000 -0.000001 -0.587125 2.038401 0.144272 -0.873718 3.019094 5.283518 -3.651357 2.111840 1.946279 -0.000000 -0.000002 -0.000000 0.183553 -1.354253 -2.982023 -1.530085 -2.593681 -7.290529 0.027784 -2.508870 0.453470 -0.000000 -0.000001 0.000001 2.143858 0.134706 -2.825521 1.483201 0.189263 -0.496198 1.566514 1.204818 0.851643 -0.000002 -0.000003 -0.000002 -0.549274 0.650377 4.091325 1.706990 0.127573 -4.910989 1.767271 -2.550090 -4.399898 -0.000000 0.000003 -0.000002 
37.741047 100.022278 -1.641089 0.294598 4.723886 2.349259 -2.922792 -0.867269 -0.675426 0.947543 -0.243436 1.252356 0.652769 -0.030953 -0.843421 1.456158 -0.150382 -0.127131 -0.000000 -0.000000 -0.000000 -0.179832 1.680828 0.307524 -0.776365 2.729794 5.074601 -3.410624 2.211407 1.906094 0.000003 -0.000001 -0.000001 0.175335 -1.263499 -2.903894 -1.124564 -1.973303 -6.972674 0.225501 -2.503771 0.096962 -0.000001 0.000006 0.000002 2.343792 0.300260 -2.697821 2.205679 0.127161 -0.195106 1.629006 0.432886 0.243469 0.000000 -0.000001 -0.000000 -0.210884 0.574627 4.004700 1.642460 0.016267 -4.697283 2.121138 -2.626996 -4.392703 -0.000004 -0.000002 0.000003 
37.734871 99.993301 -1.665927 0.636838 4.251032 2.421058 -2.675131 -0.790879 -0.739800 1.060139 -0.217790 1.266401 0.543222 0.158829 -0.835288 0.601161 -0.009019 -0.217000 -0.000000 -0.000000 -0.000001 -0.621507 1.945176 0.180591 -0.550359 2.610920 5.171800 -3.935935 2.097259 1.902219 -0.000000 -0.000001 0.000001 -0.031964 -1.565842 -3.109155 -1.410704 -2.193693 -6.968062 0.202057 -2.457179 0.284970 -0.000000 0.000001 0.000002 2.161392 0.234477 -2.821622 1.945805 0.159467 -0.428597 1.728698 0.642367 0.339140 0.000001 0.000002 -0.000003 -0.314121 0.598639 4.148135 1.240888 0.394880 -5.196687 2.281887 -2.471660 -4.066227 -0.000002 0.000004 0.000001 
37.718575 99.965240 -1.678658 0.585658 4.572454 2.567343 -2.958471 -0.841970 -0.859580 0.613411 -0.271290 1.121464 1.082170 -0.177777 -0.824121 1.043577 -0.024294 -0.235341 -0.000001 -0.000000 -0.000001 -0.761844 1.854035 0.137199 -0.165093 2.032735 5.188732 -3.819315 1.927542 1.759875 -0.000000 -0.000001 0.000001 -0.072034 -1.449655 -3.145987 -1.337317 -1.623055 -6.700845 -0.046994 -2.347393 0.258087 -0.000000 0.000002 0.000002 1.920232 0.281410 -2.965587 2.537208 0.078925 -0.283085 1.180748 0.151399 0.109508 -0.000003 -0.000001 0.000001 -0.312301 0.529283 3.886558 1.470362 0.316540 -4.904440 1.809738 -2.712223 -4.116798 -0.000005 -0.000002 0.000001 
37.698589 99.946663 -1.693788 1.064785 4.513869 2.710264 -3.111192 -0.836389 -0.941820 1.264233 -0.203717 1.254953 0.501007 -0.039245 -1.060492 0.931255 -0.278757 -0.154116 0.000001 0.000002 -0.000001 -0.224339 1.181810 0.035740 -0.738861 2.086694 5.316434 -3.396795 1.917882 1.524097 0.000001 -0.000001 -0.000000 -0.214413 -1.500866 -3.154677 -1.254559 -1.257455 -6.639429 0.240140 -2.234561 0.252959 -0.000002 0.000003 0.000001 1.980430 0.355308 -2.975611 1.566900 0.445063 -0.263736 1.820986 -0.086854 -0.286667 -0.000001 0.000001 0.000001 -0.504734 0.454329 3.814682 1.313795 0.287419 -4.910858 2.280147 -3.031149 -4.417558 0.000001 -0.000000 -0.000000 
37.680279 99.915062 -1.706208 0.997782 4.500599 2.611929 -3.505838 -0.960034 -0.879646 1.366930 -0.152975 1.186389 0.701509 -0.164986 -0.968958 0.845955 -0.245097 -0.286943 -0.000000 0.000000 -0.000001 -0.298949 1.221720 0.278230 -0.380452 1.645959 5.005163 -2.940568 1.826074 1.339789 0.000002 -0.000001 0.000000 -0.066958 -0.942528 -3.048494 -1.080626 -0.864969 -6.330131 0.193723 -1.934741 0.004274 -0.000002 0.000003 0.000001 1.614110 0.314452 -2.936550 1.913242 0.571960 -0.350342 1.895497 0.041737 -0.175557 -0.000001 -0.000001 -0.000001 -0.707908 0.358289 3.922204 1.150995 0.370193 -5.511370 2.840918 -2.612521 -3.824500 -0.000002 0.000001 0.000000 
37.651810 99.888115 -1.727808 1.417963 4.451799 2.619678 -3.312226 -0.884050 -0.853801 0.711213 -0.324059 1.125812 1.207026 -1.517826 -0.939556 0.706174 0.522277 -1.060933 0.000001 -0.000001 -0.000002 -1.093385 1.480158 0.416537 -0.997299 1.487135 4.576181 -1.355684 1.547319 1.240214 -0.000000 -0.000001 0.000000 0.654905 1.034713 -3.085381 -2.621958 -1.415077 -6.373171 0.205293 -1.745239 -0.068311 0.000001 -0.000003 0.000001 0.821337 0.248714 -2.878178 2.629711 0.545347 -0.413394 1.664333 0.395089 0.124471 -0.000001 -0.000003 -0.000000 -1.475883 0.245456 4.055024 1.883942 0.246984 -5.721591 2.252275 -2.351725 -3.359911 0.000001 0.000000 -0.000000 
37.627243 99.862579 -1.753870 1.745507 4.349273 2.644874 -3.018806 -0.770514 -0.893712 0.534755 -0.289350 0.936274 0.916502 -1.358705 -0.621393 0.724141 0.636196 -1.249129 0.000001 0.000000 -0.000001 -1.532870 1.498801 0.359250 -1.262822 1.373951 4.368683 -0.330010 1.445552 1.269164 0.000002 -0.000002 0.000001 0.710125 1.454747 -3.032015 -3.027234 -1.242393 -6.415701 0.500043 -1.666163 -0.084809 -0.000002 -0.000001 -0.000000 0.738722 0.230645 -2.839808 2.390654 0.602970 -0.513784 2.031268 1.050597 0.383539 -0.000001 -0.000002 -0.000001 -1.525992 0.273641 4.176737 1.760504 0.432583 -5.709500 1.675598 -2.494860 -3.394408 -0.000004 0.000000 0.000001 
37.594299 99.842979 -1.780969 1.727087 4.282839 2.846269 -3.210099 -0.792057 -1.133720 0.393236 -0.292328 0.911571 0.979624 -1.366342 -0.573015 0.664450 0.926426 -1.424557 -0.000001 0.000000 -0.000000 -1.301483 1.377542 0.209858 -0.882384 1.250795 4.458243 -0.406178 1.407334 1.170093 -0.000000 -0.000002 0.000001 0.793445 1.468799 -2.908648 -3.038417 -1.256546 -6.673074 0.589556 -1.562862 0.075655 -0.000000 -0.000001 0.000001 0.525984 0.127401 -2.995546 2.822872 0.446465 -0.721917 1.985387 1.727216 0.899457 0.000001 -0.000002 -0.000000 -1.409054 0.339726 4.151461 2.433097 0.209817 -5.495759 1.254774 -2.540790 -3.550640 -0.000002 -0.000000 -0.000001 
37.542122 99.818375 -1.795053 1.321880 4.121780 2.776846 -2.775763 -0.671028 -0.961809 0.711840 -0.261825 0.913024 0.760489 -1.565869 -0.665679 0.937880 1.007784 -1.660735 -0.000001 -0.000000 -0.000000 -1.717151 1.265492 0.236459 -1.041754 0.758100 4.152267 0.225434 0.804336 1.008970 -0.000005 -0.000001 -0.000000 0.434558 1.315769 -3.114038 -3.088985 -0.817073 -6.164382 0.570626 -1.077420 -0.462464 0.000000 0.000001 -0.000000 0.097758 0.088940 -2.939958 3.680105 0.360658 -1.013853 1.097369 2.352851 1.635652 -0.000000 0.000001 -0.000003 -1.639556 0.346166 4.193528 3.338683 0.096560 -5.665188 0.870484 -2.531206 -3.449001 -0.000003 -0.000003 -0.000001 
37.491558 99.798424 -1.821301 1.477552 4.465279 2.701442 -2.780373 -0.718897 -0.876576 -0.051081 -0.345724 0.772783 1.436750 -1.413546 -0.506838 0.881812 0.911385 -1.498374 -0.000001 0.000000 -0.000001 -1.660021 1.405589 0.438982 -1.055535 0.858246 3.581704 -0.112395 0.591875 1.434261 -0.000002 0.000000 0.000000 0.695048 1.755500 -2.903190 -2.912553 -0.887244 -5.881025 0.169843 -0.740380 -0.842046 -0.000001 0.000000 0.000002 -0.553435 -0.157622 -2.852350 3.900852 0.257314 -1.062506 1.293604 2.218721 1.445069 -0.000001 0.000001 -0.000001 -2.323139 0.358422 4.056373 3.775469 -0.080208 -5.470489 1.205052 -2.518792 -3.280669 -0.000006 0.000001 -0.000001 
37.430080 99.789177 -1.853701 1.220661 4.301187 2.539912 -2.504652 -0.662272 -0.809395 0.439669 -0.297848 0.889644 0.939546 -1.173935 -0.536154 0.552282 0.767543 -1.310430 -0.000001 0.000000 0.000001 -1.490397 1.201017 0.339849 -0.642572 0.675547 3.630658 -0.459204 0.528789 1.521407 0.000002 -0.000001 -0.000000 0.460490 1.336575 -2.605047 -2.520402 -0.617385 -5.911873 0.347730 -0.524379 -1.146875 -0.000000 -0.000001 0.000000 -0.635947 -0.242266 -2.447763 4.259442 0.236277 -1.206508 0.232473 2.346939 2.025501 -0.000001 -0.000001 -0.000001 -2.076477 0.425314 4.304772 3.822283 -0.024235 -5.795043 1.210910 -2.134777 -2.809323 -0.000004 -0.000001 0.000001 
37.337013 99.796890 -1.877265 1.069041 3.948071 2.418810 -2.229616 -0.579849 -0.725214 0.296856 -0.264215 0.695407 0.689291 -0.391633 -0.393231 0.673541 0.366661 -1.228188 0.000001 0.000002 0.000000 -1.383441 0.898080 0.323226 -0.231559 0.277403 3.526726 -0.220867 0.183619 1.719468 0.000000 0.000001 0.000000 -0.082953 0.662847 -2.388206 -1.932866 -0.021720 -5.639845 0.840124 -0.043377 -1.608839 -0.000000 0.000003 -0.000001 -0.484429 -0.234831 -2.055374 4.615858 0.345774 -1.237814 0.071019 1.652879 1.617936 -0.000002 0.000002 0.000000 -1.961243 0.363644 4.184069 3.915657 -0.225640 -5.963346 1.074678 -1.482332 -2.275164 -0.000001 -0.000001 -0.000001 
37.232700 99.820778 -1.899733 1.201695 3.717971 2.290423 -2.379839 -0.650276 -0.635014 -0.185143 -0.312708 0.661146 1.142202 -0.048126 -0.402927 0.636053 0.262472 -1.120297 -0.000001 0.000000 -0.000001 -1.345384 1.090531 0.480411 -0.199420 0.565960 3.374310 -0.778041 0.259221 1.788390 -0.000000 -0.000001 -0.000000 -0.593590 -0.474277 -2.613078 -1.626458 -0.171249 -5.625307 0.463212 -0.044759 -1.668267 -0.000000 0.000003 0.000002 -0.382582 -0.377793 -1.764312 4.344139 0.347589 -1.370066 0.721527 1.305151 1.153539 -0.000002 0.000001 -0.000000 -1.830257 0.421504 4.032232 3.664267 -0.171864 -5.981945 1.491245 -1.175146 -1.969139 0.000001 -0.000001 0.000001 
37.084667 99.876648 -1.911734 1.344113 3.758361 2.185996 -2.393862 -0.719480 -0.461427 -0.010895 -0.154667 0.444364 0.806690 -0.081225 -0.531434 0.620374 0.199034 -0.557417 -0.000000 0.000000 0.000001 -0.517540 1.354111 0.773746 -0.486456 1.558543 3.546480 -1.784943 1.242177 2.127131 -0.000002 -0.000000 0.000001 -0.369446 -1.178450 -2.775804 -0.957847 -0.822830 -5.104567 -0.381736 -0.848387 -2.473811 -0.000002 -0.000001 0.000001 -0.661564 -0.156051 -1.741696 3.697921 0.224894 -0.908021 1.256722 -0.755735 -0.661415 -0.000001 -0.000002 -0.000000 -2.096745 0.200932 3.252995 3.192237 -0.024105 -5.652933 2.054374 -1.982370 -2.932908 -0.000006 0.000001 0.000000 
36.886948 99.981781 -1.917233 1.040607 2.817128 1.627919 -2.273128 -0.735787 -0.238949 0.233667 -0.019362 0.241768 0.514505 0.046357 -0.337859 0.724563 0.259124 -0.067382 -0.000000 -0.000001 -0.000000 -0.019139 1.107948 0.937931 -0.743696 1.643854 3.279007 -1.131748 1.220521 1.457417 0.000002 -0.000001 0.000000 -0.156559 -0.850582 -2.361287 -0.366701 -0.463286 -4.201865 -0.144432 -0.522483 -2.338936 -0.000000 0.000001 -0.000000 -0.629198 -0.128394 -1.289059 3.248633 -0.171145 -0.734564 0.445559 -1.846852 -1.360550 -0.000001 -0.000001 -0.000001 -1.960995 0.174485 2.578057 2.664498 0.352373 -4.827569 1.303650 -1.926593 -2.566397 0.000002 -0.000003 -0.000000 
36.679840 100.105576 -1.934086 0.443861 1.695163 1.135158 -1.827350 -0.570074 -0.134237 1.106750 0.210802 0.016130 -0.632858 -0.224351 -0.078430 1.419829 0.159696 -0.155309 -0.000003 -0.000001 -0.000001 0.121379 0.327971 1.202755 0.507903 0.183509 2.178910 -1.631581 0.528735 0.698973 0.000002 -0.000001 -0.000001 0.518621 1.382976 -1.929999 -1.388551 -0.807659 -2.836298 1.472230 0.282178 -1.904315 -0.000002 -0.000004 0.000000 -0.208444 0.035213 -0.922329 1.981329 0.058409 -0.502000 0.157028 -2.354418 -1.735303 -0.000001 -0.000001 -0.000000 -1.154711 0.040434 2.076350 1.117778 0.889890 -4.392014 2.326724 -2.293494 -2.565907 -0.000003 -0.000002 0.000001 
36.391552 100.277443 -1.924597 0.404684 0.617109 0.424083 -1.100020 -0.373518 0.012319 0.880820 0.234530 -0.103323 -0.454330 -0.134427 0.013912 0.197233 0.098799 0.136424 -0.000000 0.000000 -0.000001 0.461108 0.251596 0.766741 -0.180635 0.609782 1.009159 -0.182333 0.339034 0.742730 -0.000000 -0.000002 -0.000000 -0.108598 -0.380132 -1.023703 -0.535765 -0.590935 -1.498665 0.293546 0.004360 -0.861903 -0.000000 -0.000003 0.000000 -0.012543 0.088333 -0.358412 0.012688 0.118049 -0.109150 -0.019009 -1.395680 -1.047821 -0.000001 0.000001 -0.000001 -0.835349 -0.056982 0.662448 0.006499 0.509574 -1.761604 0.826413 -1.215158 -1.528095 0.000003 -0.000001 -0.000002 
36.043793 100.506554 -1.942986 -0.397913 -0.597169 -0.416568 1.069737 0.362911 -0.018854 -0.856100 -0.229554 0.097007 0.441818 0.130607 -0.014548 -0.192003 -0.095618 -0.132983 -0.000000 0.000000 -0.000000 -0.451566 -0.238705 -0.747505 0.165336 -0.595903 -0.979498 0.173077 -0.331910 -0.721198 0.000002 -0.000003 0.000000 0.099071 0.371450 0.994764 0.506004 0.587826 1.451989 -0.285340 -0.008486 0.838065 -0.000001 0.000001 -0.000001 0.012725 -0.085816 0.348534 -0.012128 -0.114811 0.106110 -0.005999 1.357259 1.018731 -0.000003 0.000000 -0.000002 0.812869 0.046134 -0.644886 0.008706 -0.495462 1.712958 -0.834549 1.159931 1.502865 -0.000003 0.000001 0.000001 
35.670864 100.751961 -1.967550 -0.384560 -2.333347 -1.086745 1.858935 0.712006 -0.450570 -2.090461 -0.553208 0.071954 1.072872 1.598037 0.519536 -1.823440 -0.552900 -0.262015 -0.000000 0.000000 -0.000001 -0.554074 -1.138305 -2.094773 -0.376259 -1.309132 -2.790950 0.585827 -1.111321 -1.686165 -0.000000 -0.000001 0.000000 0.329702 0.940866 2.852075 0.816756 1.386607 3.823881 -0.533792 0.325477 2.048994 0.000001 -0.000003 0.000001 0.826276 -0.006604 1.155543 -1.202933 -0.147336 0.372300 0.321082 2.967223 1.894915 -0.000002 0.000000 -0.000003 1.618131 0.054252 -1.693938 -1.555588 -0.876069 4.783987 -1.331256 2.192596 2.977034 -0.000003 -0.000000 -0.000001 
35.153656 101.056946 -1.966120 -1.244173 -4.476009 -2.076228 3.489502 1.279853 -1.343632 -3.426581 -0.801857 -0.008756 1.092946 3.347951 1.188513 -0.733975 -1.223415 0.441785 -0.000001 0.000001 0.000000 0.153744 -2.092308 -4.319541 -1.641953 -0.768470 -5.363794 0.024736 -1.500275 -2.749907 0.000002 -0.000003 0.000000 1.144223 1.425620 6.047953 1.800352 1.231854 7.206412 -0.573116 0.687079 2.729173 -0.000004 0.000007 -0.000000 2.118041 0.169874 2.672616 -3.771445 -0.369549 0.412027 2.729751 5.056448 2.094439 -0.000001 -0.000001 -0.000001 3.133818 0.040003 -2.855196 -4.324644 -1.268278 9.162126 -1.563753 1.845469 2.526471 -0.000003 0.000000 0.000001 
34.502174 101.413872 -1.961778 -0.509510 -5.896732 -3.514381 2.253191 0.874323 -1.146968 -0.422591 0.257862 -0.587711 -0.719122 2.012862 1.772250 -2.951687 -0.848200 0.391206 -0.000001 -0.000001 0.000001 -0.894260 -0.957477 -7.068894 -2.331584 0.071849 -8.788308 -1.223761 -1.399667 -3.307871 -0.000000 0.000001 0.000002 2.410730 2.435436 8.979811 2.533331 -0.306989 10.609598 -0.519525 0.354140 3.864437 -0.000000 0.000001 -0.000000 0.747373 -0.231503 4.887218 -4.323329 -1.191245 0.509484 5.303255 6.152265 1.372348 -0.000001 0.000001 -0.000001 3.891666 -0.064884 -3.598264 -7.908539 -2.356560 15.071644 -2.343101 0.235485 0.189471 -0.000003 -0.000002 0.000001 
33.810814 101.795044 -1.968374 -0.286802 -7.616195 -4.631598 2.392664 0.846469 -1.198269 0.345037 0.731058 -0.955530 -1.381513 1.742108 2.190936 -4.246435 -0.448377 0.549740 0.000001 0.000000 -0.000000 -0.382919 -0.764798 -9.340737 -1.836101 0.772688 -11.699087 -2.998496 -0.625955 -3.091700 0.000002 -0.000003 0.000003 3.677106 2.848908 11.300295 3.931311 -1.544251 12.993770 -0.399238 -0.539299 4.924789 -0.000005 0.000003 0.000001 -0.162147 -0.594391 6.600029 -5.443396 -1.670028 0.579719 8.269501 7.503591 0.752372 -0.000002 0.000001 -0.000000 5.184889 0.009709 -3.902086 -12.254694 -3.258147 19.814118 -2.465363 -1.570448 -2.379053 -0.000005 -0.000000 -0.000001 
32.958538 102.184517 -1.948208 -2.008875 -9.845404 -6.102704 5.369022 1.649584 -2.123472 -2.150664 0.127212 -0.720625 -0.059977 3.420368 2.467435 -4.739304 -0.408608 1.338339 -0.000001 -0.000001 -0.000000 0.421201 -1.118909 -11.781308 -3.979090 3.262879 -15.461735 -2.616292 -0.159237 -3.247646 -0.000001 0.000001 -0.000005 4.882714 3.490873 14.417609 3.718455 -4.917746 16.862979 2.074751 -0.325675 5.641878 -0.000001 0.000008 0.000001 -0.643974 -0.998547 8.627431 -6.312171 -2.047635 0.925845 9.044961 10.737619 2.393274 -0.000001 -0.000001 -0.000001 7.773446 0.115669 -3.650430 -15.214824 -4.468318 24.037782 -3.997679 -2.714946 -4.224212 -0.000003 -0.000002 -0.000001 
31.943855 102.602783 -1.939935 -3.093693 -11.202080 -7.672013 7.471877 2.257569 -3.525366 -3.318992 -0.240024 -0.502160 -0.046302 4.366975 3.007880 -5.921514 -1.243760 1.912574 0.000001 0.000000 -0.000000 1.418167 -1.722490 -14.818101 -6.913034 6.817036 -18.767193 -1.058040 0.695967 -3.357058 -0.000002 -0.000002 0.000002 6.041351 2.930666 18.916931 5.352520 -6.324857 20.432736 3.046115 -0.944543 6.553651 -0.000002 0.000002 -0.000003 -0.299438 -1.122133 11.142550 -7.221434 -2.430494 1.395409 7.924362 11.901057 3.713515 -0.000001 -0.000002 -0.000001 9.659233 0.274375 -2.832358 -20.696856 -6.127856 28.473127 -6.551083 -3.143187 -6.208917 0.000003 0.000000 0.000001 
30.898041 102.991974 -1.929691 -3.923227 -12.608857 -8.755973 8.536305 2.576618 -4.713597 -2.838898 0.073409 -0.751647 -0.603140 5.250424 3.732631 -6.950585 -1.613439 2.290605 0.000002 0.000000 -0.000000 0.840800 -1.383049 -17.328723 -8.542627 8.778424 -21.772218 0.587699 0.832864 -3.786254 0.000001 -0.000003 -0.000000 6.597621 2.757798 22.445750 6.383472 -7.037383 24.010618 4.260963 -0.713908 6.652517 0.000002 -0.000003 0.000000 -0.152765 -1.369576 12.950793 -6.898699 -2.905327 1.588103 10.561400 12.713914 2.823125 -0.000000 0.000001 -0.000001 10.725187 0.492814 -1.696947 -21.827355 -6.973126 30.466878 -6.806304 -2.826630 -5.920069 -0.000003 -0.000000 -0.000001 
29.695139 103.367714 -1.933235 -4.970377 -13.674613 -10.019023 9.734066 2.920168 -6.196679 -3.027488 -0.105167 -0.528888 -0.639516 5.706940 4.036472 -8.274979 -2.411548 2.900276 -0.000000 -0.000000 -0.000001 1.419677 -2.555784 -21.033573 -10.434911 11.596463 -24.626384 0.462368 1.803630 -3.264694 -0.000000 -0.000001 -0.000001 7.776351 3.371569 27.005103 7.916756 -8.128399 28.502666 4.900036 -1.636157 6.054269 0.000001 0.000006 0.000002 0.605135 -1.242345 15.177787 -6.297069 -2.970009 2.086933 9.602769 13.406958 3.823608 -0.000002 0.000000 -0.000000 12.179792 0.697953 -0.102203 -25.501338 -8.260344 32.545418 -8.959707 -1.571197 -5.148935 0.000000 -0.000002 0.000001 
28.343132 103.725754 -1.930939 -4.892718 -15.227545 -11.334481 9.064012 2.787390 -6.869158 -2.146066 0.326091 -0.917272 -1.714417 5.902422 4.686540 -8.567724 -2.626041 3.106242 -0.000000 -0.000001 -0.000000 0.269354 -2.359103 -24.847047 -10.851570 12.811195 -29.142604 1.267492 2.393612 -4.699531 -0.000000 -0.000001 -0.000001 8.554263 4.125809 31.884928 9.499804 -8.512652 33.757414 5.935486 -1.635741 4.962500 -0.000002 0.000001 0.000001 0.756586 -1.397563 17.685624 -6.028878 -3.060101 2.306448 9.361614 14.150274 4.488758 -0.000000 0.000001 -0.000000 11.816435 1.007579 2.503041 -27.372319 -8.921333 33.455182 -10.656328 -0.389338 -3.906883 -0.000003 0.000003 -0.000003 
26.999950 104.053482 -1.922849 -4.091532 -16.502161 -12.070727 8.527688 2.644806 -7.497675 -1.604887 0.727449 -1.159741 -2.150903 6.259223 5.097892 -9.654690 -2.826679 3.481627 -0.000000 -0.000000 -0.000000 -0.003823 -2.138710 -27.740185 -11.297613 15.529644 -32.766518 2.957325 3.518286 -4.165255 0.000003 -0.000002 -0.000001 9.527573 4.612341 35.308800 11.759337 -9.481745 38.040124 6.406880 -2.494898 3.671777 -0.000002 0.000004 0.000001 0.315331 -1.921092 19.412064 -6.339510 -3.128076 2.464773 9.889981 15.229681 4.973712 -0.000002 -0.000002 0.000001 10.542851 1.394866 4.445037 -27.320888 -9.187484 33.841169 -12.749030 0.466890 -3.011823 0.000002 -0.000002 0.000002 
25.565323 104.376991 -1.921071 -3.306036 -17.008885 -12.745796 7.590578 2.445156 -7.958166 -1.299583 0.811706 -1.030273 -2.148743 6.257050 5.083618 -10.565702 -3.303420 3.560064 0.000001 0.000000 -0.000000 -0.644918 -1.594760 -31.354718 -9.973807 16.247400 -37.259146 3.101492 4.711952 -5.599752 -0.000000 -0.000001 0.000000 10.493297 4.678159 39.491594 14.512306 -9.060209 42.799943 7.134366 -2.629013 2.217454 -0.000002 0.000002 0.000003 -0.530910 -2.743298 21.131466 -5.830296 -3.206799 2.527245 10.697816 16.714824 5.570505 -0.000002 -0.000000 -0.000001 10.428973 1.890220 6.187548 -28.576246 -9.888622 34.825065 -14.331238 1.283748 -2.502867 -0.000002 0.000001 0.000001 
24.079603 104.678909 -1.922218 -3.062785 -17.424468 -13.167387 7.044656 2.329666 -8.462773 -0.549273 1.115297 -1.170934 -2.471243 5.785796 5.109491 -11.229731 -3.702360 3.603237 -0.000000 0.000001 -0.000001 -1.573393 -0.354721 -35.113610 -8.193603 16.695909 -42.608089 3.196147 5.876446 -5.262185 -0.000002 -0.000000 0.000001 11.431352 4.741728 43.673719 17.658373 -8.438429 47.904338 8.140793 -3.126867 0.630162 -0.000000 -0.000001 0.000001 -1.260081 -3.210334 22.196185 -4.834913 -2.734960 2.344120 11.635941 19.251037 6.864091 -0.000001 -0.000001 -0.000001 10.529576 2.149681 7.563924 -29.130484 -10.981047 35.076074 -14.208512 2.660220 -1.604618 -0.000001 -0.000002 0.000001 
22.658689 104.943916 -1.923765 -2.875588 -17.582444 -13.427690 6.838849 2.242823 -8.752238 -0.316778 1.420195 -1.360813 -2.673517 5.811919 5.296683 -12.267056 -4.051870 3.944939 -0.000000 0.000000 -0.000000 -1.543514 -0.183482 -38.153228 -6.579179 17.200955 -46.866566 2.933161 6.654974 -4.771293 0.000002 -0.000002 0.000000 12.391082 5.813425 46.731283 20.401541 -7.487830 51.204665 7.325478 -4.080067 0.245167 -0.000001 -0.000003 0.000001 -1.623920 -3.580250 22.633305 -4.461530 -2.448235 2.174493 12.874186 21.965916 8.054105 -0.000002 -0.000001 -0.000003 10.824953 2.388204 8.373199 -29.503012 -11.701409 35.412506 -14.402815 3.313620 -1.280732 -0.000005 -0.000002 -0.000001 
21.238220 105.158287 -1.939015 -1.732007 -18.043594 -13.674319 6.000832 2.028241 -8.709838 0.537519 1.870330 -1.690807 -3.173396 5.343053 5.482484 -13.489764 -4.317897 4.229267 0.000001 0.000000 -0.000000 -1.742375 -0.155406 -41.527506 -5.105732 17.684601 -51.443650 1.328536 7.907961 -4.573898 0.000000 -0.000002 0.000000 13.180864 7.566893 49.478536 22.989291 -6.804107 55.714546 6.795654 -5.579986 -0.240522 -0.000001 -0.000001 0.000001 -2.797896 -4.046878 22.747754 -3.735509 -1.808820 1.443973 12.516434 24.702465 10.013073 -0.000000 0.000002 -0.000001 10.206751 2.417224 9.655108 -30.580458 -12.569046 35.695067 -14.010382 3.570858 -1.276470 -0.000006 0.000000 0.000000 
19.844694 105.349869 -1.955397 -0.531602 -18.416840 -13.850904 5.148916 1.796499 -8.728348 1.557507 2.343564 -2.090881 -4.005858 4.768552 5.840861 -15.145837 -4.820332 4.471401 -0.000000 -0.000000 -0.000001 -2.068089 0.345579 -44.991511 -3.352424 17.795634 -56.183200 2.308048 9.041821 -3.535881 -0.000002 0.000001 -0.000000 13.875142 9.404709 52.429946 25.565970 -5.240896 59.533541 6.617795 -6.825610 -0.888638 -0.000001 -0.000001 0.000001 -4.344067 -4.485407 22.155156 -2.541245 -1.130352 0.250119 10.004732 23.578038 11.146047 -0.000001 -0.000001 -0.000001 9.329225 2.462338 10.945308 -30.727269 -13.294150 35.726199 -13.111099 4.044710 -1.072096 -0.000001 0.000000 -0.000000 
18.544426 105.500458 -1.967462 -1.086394 -17.605569 -14.059483 7.266765 2.239011 -9.228797 -0.997224 1.199664 -0.925124 -2.261063 5.321948 4.933069 -16.219983 -5.516094 4.943231 -0.000000 0.000000 0.000000 -2.086671 -0.061529 -47.244381 -2.460032 18.076497 -59.900178 2.027612 9.569579 -3.565712 -0.000002 -0.000003 0.000001 14.240397 8.843133 55.221540 27.236414 -3.353116 61.701040 6.462596 -7.493660 -0.306132 -0.000001 -0.000001 -0.000001 -5.237638 -4.762124 21.224231 -0.785951 -0.796759 -0.459205 8.678174 21.708235 11.045368 -0.000000 -0.000002 -0.000002 10.203687 2.678575 11.427314 -30.091805 -13.739396 35.862936 -13.778515 4.041629 -1.434809 -0.000006 0.000000 -0.000000 
17.300211 105.631561 -1.978992 -1.022690 -17.666617 -14.244698 8.053480 2.372895 -9.490566 -2.222322 0.669508 -0.296289 -1.192411 5.976080 4.429371 -17.768693 -6.141397 5.272020 0.000001 0.000002 0.000000 -2.079275 -0.245285 -49.505064 -1.238566 18.409783 -64.230484 2.537065 10.441783 -3.340483 0.000002 -0.000003 -0.000005 14.662089 9.963184 57.339397 29.170963 -1.686153 64.774311 6.391131 -8.229379 -0.062436 -0.000005 0.000003 0.000001 -6.892475 -5.313155 19.627665 1.611779 -0.528891 -1.196536 6.772441 17.132097 9.648742 -0.000000 0.000001 -0.000000 10.064022 2.875205 12.296692 -29.072372 -13.861230 35.340977 -13.474253 4.664541 -0.604219 0.000001 0.000002 -0.000001 
16.113163 105.742157 -1.976204 -0.722344 -17.601765 -14.505169 7.634382 2.210735 -9.291835 -2.377976 0.746734 -0.256792 -1.165648 6.109575 4.614591 -17.361595 -6.049481 5.568418 0.000002 0.000000 -0.000000 -1.957411 0.056075 -51.148736 -0.148525 18.977517 -69.028166 2.548099 11.494073 -3.464232 -0.000000 0.000002 -0.000005 15.116920 10.572527 59.094346 30.992683 -0.087492 68.547949 6.285538 -8.911717 -0.178796 -0.000004 -0.000001 0.000002 -7.735684 -5.374321 17.509759 3.459475 -0.522873 -1.343721 5.103046 12.371280 7.898841 -0.000001 0.000000 -0.000002 10.265715 3.118506 13.138495 -28.821988 -14.104104 34.788643 -12.851357 5.408624 0.123826 -0.000003 0.000000 0.000000 
15.021595 105.851051 -1.981786 -0.802714 -17.516551 -14.820196 7.744820 2.212770 -9.139061 -2.696581 0.613530 -0.100818 -0.963791 6.053047 4.630503 -17.013011 -5.962232 5.517430 0.000001 0.000000 -0.000000 -2.379456 0.669174 -52.182837 0.121076 19.585234 -72.442653 2.824806 11.689566 -3.863988 0.000002 -0.000001 -0.000002 15.167337 10.922896 60.406630 31.832701 1.301905 71.105848 6.561352 -8.835279 0.165221 -0.000001 0.000002 0.000003 -8.317786 -5.398967 16.209902 4.729894 -0.545823 -1.506985 4.613449 9.139061 6.205764 -0.000000 -0.000001 0.000001 10.623592 3.256837 13.667622 -28.632880 -14.321041 34.650561 -12.587397 5.616010 0.185362 0.000000 -0.000002 0.000001 
13.993795 105.934135 -1.983971 -1.114255 -17.834823 -15.365235 8.014855 2.235256 -8.905897 -2.323516 0.775505 0.090246 -1.232263 6.473691 4.636966 -17.288980 -5.877072 5.791417 0.000001 0.000000 -0.000000 -2.084911 0.330702 -52.899542 1.531815 19.151751 -76.809951 3.938450 11.934202 -3.597363 -0.000000 -0.000004 -0.000000 15.478971 11.130423 61.617035 33.494035 3.053298 73.437415 6.451658 -8.990394 0.014033 0.000003 0.000003 -0.000000 -9.243672 -5.758895 15.006735 6.800999 -0.582439 -1.329965 4.239352 6.896439 5.159418 -0.000001 0.000000 -0.000000 10.856423 3.578190 14.225635 -27.469750 -14.489138 34.639963 -12.889612 5.392873 -0.193294 -0.000003 -0.000001 0.000002 
13.029488 105.995071 -1.996156 -1.124971 -17.849634 -15.901980 7.887689 2.162242 -8.745613 -2.902520 0.363598 0.847853 -0.477891 6.900086 4.348554 -17.380499 -5.511777 6.198515 -0.000001 -0.000001 -0.000001 -1.852061 0.725203 -53.489759 3.958317 16.996424 -80.635062 5.563997 12.983484 -2.745144 0.000001 -0.000003 -0.000001 16.143161 11.109672 62.418934 35.581406 5.309156 75.257825 6.443422 -10.071715 -0.942798 -0.000000 0.000000 -0.000003 -8.918510 -5.612975 14.064510 5.819640 -0.587865 0.227746 3.332763 6.634932 5.677240 -0.000001 -0.000001 0.000001 10.600385 3.814059 15.127293 -26.844317 -14.442800 34.362757 -13.191458 5.489519 0.023797 -0.000003 0.000001 0.000001 
12.147045 106.036911 -2.011578 -1.751704 -17.854459 -16.261787 8.510564 2.272714 -8.873104 -2.948265 0.269159 1.198869 -0.257198 6.679747 4.264573 -17.913119 -5.356104 6.413080 0.000000 0.000000 0.000001 -1.500698 0.873554 -53.785008 5.697395 15.621561 -83.445931 5.688923 14.015516 -1.987655 -0.000001 0.000000 0.000001 16.594786 11.936928 62.647444 37.320201 7.385422 76.214454 6.835613 -10.531947 -3.260914 0.000000 0.000003 0.000001 -7.427014 -5.066103 13.453657 4.171612 -0.373557 1.605574 2.593584 6.598736 6.253711 0.000001 0.000000 0.000000 10.939071 4.008997 15.633506 -27.105667 -14.592914 34.044180 -13.228723 5.541834 0.012040 0.000001 -0.000000 0.000000 
11.319016 106.063995 -2.037806 -1.514791 -17.551573 -16.642369 8.009047 2.132535 -8.634383 -2.707811 0.202795 1.479119 -0.142199 6.449389 4.255903 -17.675604 -5.305866 6.575204 0.000001 -0.000000 -0.000000 -1.188099 0.791589 -54.024635 6.488215 15.153936 -86.548312 5.292133 14.548854 -1.699631 -0.000002 -0.000001 0.000001 16.832846 12.581689 63.018303 38.432911 9.473029 77.504390 7.461409 -10.645190 -5.051298 -0.000001 -0.000002 0.000003 -6.015623 -4.532752 13.463871 2.249125 -0.341050 2.845214 2.403498 6.045116 6.109263 -0.000001 0.000001 -0.000001 11.255065 4.123935 16.395297 -28.212721 -14.776846 33.800690 -12.921591 5.738669 -0.005001 -0.000003 -0.000000 -0.000002 
10.550030 106.076851 -2.055812 -1.747763 -17.153233 -16.941871 7.534453 1.990023 -8.296504 -2.492065 0.124883 1.693055 0.058631 6.568566 4.162244 -17.022105 -5.228794 6.720900 0.000001 0.000000 -0.000000 -1.027246 1.259778 -54.340585 7.570694 13.677115 -89.073815 6.109903 15.211670 -1.371513 -0.000001 -0.000006 -0.000003 17.218366 12.544208 63.677498 39.664193 11.714576 78.087176 8.360163 -11.071253 -6.499024 -0.000003 0.000004 0.000004 -4.254194 -3.835155 13.434604 0.855923 -0.292225 3.905295 2.479705 4.892493 5.406815 0.000000 -0.000001 -0.000000 12.056080 4.289425 16.916773 -29.199192 -14.938669 33.495183 -12.683063 5.942827 -0.166475 0.000003 -0.000001 0.000001 
9.848835 106.087708 -2.079987 -2.158416 -17.194351 -17.181431 7.022541 1.849588 -8.011295 -1.119554 0.662954 1.381480 -0.980615 6.190221 4.456570 -16.415779 -5.104654 6.815284 -0.000002 0.000000 -0.000000 -0.684580 0.777639 -54.795992 8.246246 12.905951 -90.516563 6.523641 15.819092 -0.964012 -0.000000 0.000000 -0.000001 17.456440 12.574648 64.296484 40.423973 13.051240 78.218958 8.966639 -11.697620 -6.589444 -0.000001 0.000000 0.000003 -3.066700 -3.391050 13.571530 -0.194795 -0.006855 4.361295 3.752188 4.623898 4.804762 -0.000000 0.000002 -0.000001 12.732575 4.400164 17.209826 -30.319821 -15.203907 33.301776 -11.812800 5.804440 -0.646764 -0.000003 0.000001 0.000001 
9.218731 106.076080 -2.103951 -2.455716 -17.048806 -17.207229 6.894768 1.784475 -7.837629 -1.708603 0.352863 1.718396 -0.242735 6.276140 4.186634 -16.143943 -4.732678 6.838994 -0.000001 -0.000001 -0.000000 -0.425035 0.747776 -55.020172 9.024241 11.750231 -91.744843 6.858981 16.627334 -1.851768 -0.000000 -0.000001 0.000001 17.693656 13.174737 64.364042 41.238561 14.560483 77.995638 10.561243 -11.895596 -6.984201 0.000001 0.000001 0.000001 -1.816053 -2.944105 13.394751 -1.457827 0.149330 4.631619 4.014547 5.138271 5.109279 -0.000001 -0.000000 -0.000001 13.510233 4.548551 17.143847 -30.954742 -15.276891 33.313421 -12.122648 6.058369 -0.286241 -0.000001 -0.000002 0.000001 
8.636724 106.051964 -2.132799 -2.157496 -16.723761 -17.161419 6.120509 1.581829 -7.532114 -1.226706 0.554356 1.624307 -0.360520 6.227875 4.205114 -15.756282 -4.719594 6.984108 -0.000000 -0.000001 -0.000000 -0.112699 0.258437 -55.197501 9.774767 10.361394 -92.354662 7.935069 17.467324 -2.650893 -0.000000 -0.000003 -0.000001 17.884862 13.622513 64.480080 41.899799 16.064463 77.225814 12.638886 -12.195617 -7.554818 -0.000003 0.000001 0.000001 -0.531340 -2.484479 13.198380 -3.830790 0.337177 5.423847 4.241875 5.156363 5.048857 -0.000000 0.000001 0.000000 14.140826 4.711468 17.040880 -32.020641 -15.456086 33.541321 -12.288184 5.914026 -0.465112 -0.000003 0.000000 -0.000000 
8.111055 106.027924 -2.158839 -1.922373 -16.658473 -17.096476 5.901914 1.524796 -7.539328 -1.554821 0.364888 1.886276 -0.086018 6.236603 4.045080 -15.466535 -4.502039 6.973103 0.000001 -0.000001 -0.000001 0.217543 0.021264 -55.194629 10.417197 9.824404 -92.859386 8.051161 18.517095 -3.421973 0.000000 0.000002 0.000002 18.169032 13.935902 64.180569 42.576838 16.818981 77.227043 13.924943 -12.971027 -7.144549 -0.000002 0.000003 0.000000 0.687755 -2.044637 12.850724 -5.595282 0.504407 6.071334 4.881749 5.142769 4.818559 -0.000000 0.000002 0.000001 14.817966 4.845283 16.788953 -32.810593 -15.716327 33.693542 -11.731544 5.903899 -0.493194 -0.000004 0.000000 0.000000 
7.618809 106.010544 -2.191035 -1.697433 -16.176734 -17.107797 5.276262 1.354225 -7.337829 -1.171355 0.395662 2.042811 -0.218783 5.958054 3.890241 -14.982203 -4.257052 7.148639 -0.000000 0.000000 -0.000000 0.699457 -0.164666 -55.283507 11.426749 8.605475 -92.171777 9.063244 19.818511 -4.441688 -0.000000 -0.000004 -0.000001 18.601096 14.050194 64.264936 43.376247 17.378165 76.931774 15.376188 -13.787418 -6.350324 -0.000001 0.000003 0.000001 1.151428 -1.834701 12.836467 -6.756381 0.393947 6.665892 5.120246 4.864041 4.513879 -0.000001 0.000001 -0.000001 15.347546 4.989325 16.869565 -33.944667 -15.891675 33.998336 -12.039518 5.756798 -0.714809 -0.000001 0.000000 -0.000000 
7.161264 105.979797 -2.219956 -1.772248 -16.004048 -17.225693 4.985607 1.268458 -7.156705 -1.244153 0.281558 2.216461 0.185596 5.883538 3.652604 -14.601814 -4.028743 6.999345 0.000002 -0.000000 -0.000001 0.773855 -0.075148 -55.282049 12.088964 7.495624 -91.254558 11.162325 20.510809 -5.385768 0.000000 -0.000003 -0.000001 18.733819 14.191134 64.063472 43.800080 17.899966 77.003484 17.472744 -14.038781 -6.084173 -0.000002 0.000001 -0.000001 0.902677 -1.942188 13.156767 -6.125091 0.631798 6.565872 4.738174 4.867697 4.774457 -0.000001 0.000002 -0.000001 15.724111 5.126722 17.056067 -34.429279 -16.120665 33.955923 -12.173129 5.811212 -0.753225 0.000001 0.000001 -0.000002 
6.735537 105.947998 -2.249884 -2.196477 -15.744059 -17.238581 5.529181 1.407587 -7.387141 -1.495781 0.088790 2.428867 0.173722 6.140117 3.532698 -14.360696 -4.148064 7.049690 0.000001 -0.000000 -0.000001 0.989500 -0.440236 -55.074568 12.471388 6.988792 -90.837705 12.653127 21.037613 -5.944006 -0.000003 -0.000003 0.000000 18.823465 13.852016 64.261282 44.058699 18.345559 76.767891 18.771585 -14.410835 -5.656325 -0.000001 0.000003 0.000001 1.118587 -1.865883 13.281718 -5.777631 0.780930 6.519617 4.995820 4.710834 4.580367 -0.000001 0.000001 -0.000002 16.235074 5.237971 17.044315 -34.588659 -16.298302 33.984142 -12.350661 5.818885 -0.783366 0.000002 -0.000001 -0.000001 
6.340937 105.914101 -2.277380 -1.967398 -15.906261 -17.250911 5.175323 1.325827 -7.323278 -1.245545 0.253146 2.281274 0.147172 6.105149 3.585523 -14.056615 -4.060102 6.944874 0.000000 -0.000001 0.000001 0.992170 -0.158901 -54.825765 12.763803 6.760078 -90.568827 14.149047 21.515345 -6.637369 0.000000 -0.000001 -0.000002 18.907034 14.452952 63.675525 44.444550 19.168040 76.372279 20.091261 -14.720444 -5.973910 -0.000002 0.000001 -0.000001 1.009794 -1.892186 13.456525 -6.073435 0.990141 6.610639 4.930997 4.686304 4.645596 -0.000001 -0.000000 -0.000001 16.241398 5.251528 17.122869 -34.971207 -16.522111 33.981776 -12.540324 5.735090 -0.984257 -0.000002 -0.000002 0.000001 
5.967556 105.873482 -2.307600 -1.865519 -15.962635 -17.199946 5.208579 1.351583 -7.410275 -1.522438 0.072767 2.466104 0.319031 6.309906 3.379277 -13.579998 -4.092529 6.931492 -0.000000 0.000000 -0.000000 0.912091 -0.128209 -54.479846 12.531059 7.398195 -90.603935 15.995982 21.439359 -7.819179 0.000001 -0.000006 -0.000001 18.858251 14.005458 63.765464 44.405686 19.550172 76.239261 21.735366 -14.534117 -5.292583 0.000001 -0.000002 -0.000000 1.070076 -1.900377 13.580642 -6.571623 1.143317 6.755612 5.255145 4.655732 4.530421 -0.000001 -0.000002 -0.000001 16.441737 5.286589 17.144156 -35.390263 -16.600807 33.914321 -12.292276 5.606411 -1.099122 -0.000003 0.000002 -0.000001 
5.626019 105.833717 -2.338375 -1.400892 -16.155441 -17.099102 4.815073 1.251608 -7.402411 -1.634280 0.129916 2.361694 0.537278 6.295580 3.424823 -13.945609 -4.071439 6.964276 -0.000000 0.000000 -0.000000 0.921361 0.367948 -54.475796 12.897900 7.209451 -90.325359 17.217602 21.755174 -7.913726 0.000002 -0.000000 -0.000001 19.031938 14.774505 63.305185 44.857865 19.969870 75.646333 22.577984 -14.832080 -5.713200 -0.000001 0.000003 0.000001 0.947755 -1.914419 13.608249 -6.998033 1.103485 6.733796 5.420929 4.836523 4.542996 0.000001 -0.000001 -0.000001 16.388050 5.273161 17.082559 -35.742421 -16.618023 34.045409 -11.953302 5.515752 -1.163324 0.000001 -0.000002 0.000000 
5.308672 105.792091 -2.372282 -1.468568 -16.817394 -16.982837 4.943745 1.285471 -7.616261 -1.642429 0.237525 2.195649 0.190307 6.892570 3.608888 -13.734831 -4.073085 7.077104 -0.000000 -0.000000 -0.000000 1.132115 0.105980 -54.466469 13.031612 7.240565 -90.137385 18.045841 21.842107 -7.916285 0.000002 -0.000003 -0.000002 19.147472 14.288618 63.364382 44.994230 20.043827 75.442226 23.998457 -14.848739 -5.389932 -0.000003 -0.000001 0.000002 1.114331 -1.822253 13.360140 -7.372941 1.081281 6.869719 5.411227 5.053194 4.696567 -0.000001 0.000001 -0.000002 16.641531 5.257591 16.835959 -35.931703 -16.635057 34.020165 -11.344144 5.659765 -0.829999 -0.000002 0.000001 0.000000 
5.013542 105.756416 -2.416645 -0.934074 -17.017724 -16.906933 4.781355 1.244306 -7.557833 -1.206261 0.450098 2.032856 -0.173001 6.587117 3.670236 -14.206107 -3.967650 7.061176 0.000001 0.000000 -0.000000 1.012572 0.482719 -54.251762 13.055428 7.147208 -89.955681 18.715907 21.828205 -8.461285 0.000003 0.000000 -0.000000 19.169588 14.271083 62.849693 45.020567 20.242814 75.338571 25.444280 -14.661028 -4.818553 0.000002 -0.000003 0.000001 0.577431 -2.000509 13.442759 -7.328572 1.113962 6.976773 5.103213 5.014742 4.846561 0.000001 0.000000 -0.000000 16.411029 5.202859 16.820370 -36.232890 -16.766472 34.149276 -11.357869 5.782825 -0.583483 -0.000004 0.000002 -0.000001 
4.742910 105.721802 -2.458910 -0.862031 -17.118006 -16.855116 4.761628 1.254227 -7.541843 -1.569788 0.333068 2.071309 0.196902 6.840105 3.575096 -14.106672 -3.891106 7.065312 0.000000 -0.000001 -0.000000 1.153497 0.046702 -54.086663 13.036044 7.180927 -90.013451 19.009859 21.800067 -8.243299 0.000003 -0.000001 0.000001 19.159405 14.082388 62.754480 44.980703 20.233285 75.349377 26.068095 -14.703659 -4.458841 -0.000001 0.000003 0.000000 0.704770 -1.938759 13.382233 -7.746281 1.084706 7.078064 5.157292 5.253995 4.948469 0.000000 0.000002 -0.000001 16.575450 5.237915 16.750738 -36.417824 -16.715281 34.253863 -11.482337 5.624781 -0.695046 -0.000003 0.000001 0.000001 
4.491829 105.680542 -2.495587 -0.802077 -17.415712 -16.727526 4.969281 1.328166 -7.646492 -1.720562 0.302876 2.072929 0.422246 6.905750 3.490777 -14.122039 -3.633922 6.818043 -0.000000 0.000000 0.000000 0.834043 0.048914 -54.096475 12.584625 7.828821 -89.985925 19.588721 21.337502 -8.679167 0.000001 0.000000 -0.000000 18.835336 14.396116 62.656570 44.522148 19.881388 75.713125 26.636049 -14.202515 -4.005795 -0.000000 0.000000 -0.000004 0.390873 -2.148829 13.276951 -6.877183 1.133644 6.845654 5.096237 5.501284 5.167551 0.000000 0.000000 -0.000001 16.353075 5.239988 16.740174 -35.897213 -16.587061 34.078368 -11.758747 5.749207 -0.425026 0.000003 -0.000002 0.000001 
4.257111 105.636337 -2.524540 -0.808481 -17.433371 -16.783114 5.100510 1.349323 -7.607844 -1.562335 0.331370 2.118146 0.185021 6.787726 3.491534 -13.516338 -3.390941 6.657113 -0.000001 -0.000001 -0.000000 0.648544 0.347516 -54.212434 12.570050 8.057384 -89.917972 19.849568 21.359076 -8.502892 0.000004 0.000004 -0.000002 18.845158 14.188160 62.576370 44.495817 19.539573 75.791563 27.269800 -14.173918 -4.352298 0.000000 -0.000000 -0.000001 0.385167 -2.228911 13.339828 -6.677143 1.120112 6.859074 5.598271 5.821049 5.146408 -0.000001 0.000001 -0.000001 16.356158 5.335320 16.925697 -35.890680 -16.549999 33.988131 -11.588955 5.645801 -0.532786 0.000001 0.000001 0.000001 
4.045391 105.594559 -2.556180 -0.932443 -17.535843 -16.771620 5.252927 1.377493 -7.674725 -2.129498 0.054345 2.362218 0.644218 6.968208 3.306377 -13.309267 -3.201505 6.600365 0.000001 -0.000001 -0.000002 0.761266 0.301771 -54.163369 12.673966 8.002236 -89.851009 19.893662 21.418662 -8.420075 0.000001 -0.000002 0.000001 18.912978 14.306871 62.355106 44.611958 19.555118 75.743622 27.306745 -14.200068 -4.714575 -0.000001 0.000003 0.000000 0.406027 -2.240751 13.272593 -6.341091 1.078206 6.785745 5.250128 5.929560 5.361625 0.000000 0.000003 -0.000000 16.459745 5.375735 16.877712 -35.900881 -16.547873 34.046553 -11.605635 5.522630 -0.705105 0.000003 0.000003 -0.000003 
3.847980 105.562744 -2.584454 -0.954673 -17.462516 -16.684757 5.340373 1.396361 -7.611962 -1.717648 0.260284 2.139688 0.243420 6.558740 3.415325 -13.273177 -3.145053 6.551645 -0.000000 -0.000001 -0.000000 0.503143 0.912197 -54.211225 12.634023 7.811229 -89.577398 20.048092 21.331372 -8.893620 0.000002 0.000004 0.000001 18.949957 14.150475 62.364108 44.517363 19.458673 75.665505 27.503555 -14.140975 -4.652467 0.000000 -0.000002 -0.000001 0.407873 -2.154261 13.200827 -6.653722 1.005966 6.910603 5.224643 5.849762 5.295357 0.000001 -0.000000 -0.000001 16.548730 5.338084 16.825952 -35.951442 -16.494391 34.061935 -11.706728 5.668715 -0.563305 -0.000003 0.000001 0.000001 
3.667393 105.531601 -2.614128 -1.101318 -17.354502 -16.637678 5.404978 1.414460 -7.527224 -1.621324 0.307954 2.069734 0.157095 6.641958 3.351983 -13.160703 -3.232264 6.602534 -0.000000 -0.000001 -0.000000 0.598161 0.617980 -54.143937 12.510577 8.053795 -89.544832 20.272036 21.393018 -9.161644 0.000003 -0.000000 -0.000002 18.961228 13.772135 62.400827 44.389526 19.356321 75.793107 27.622376 -14.269331 -4.546982 -0.000002 -0.000000 -0.000002 0.446965 -2.043682 13.159090 -6.609767 1.067887 7.038293 4.997080 5.387791 5.117007 -0.000002 0.000001 -0.000001 16.482703 5.272642 16.892723 -35.922229 -16.498097 33.945958 -11.715911 5.624285 -0.678718 -0.000000 0.000002 -0.000000 
3.507885 105.504295 -2.643904 -0.716933 -17.652694 -16.525306 4.713390 1.255443 -7.407533 -1.603287 0.408055 1.909083 0.342578 6.906022 3.446904 -12.908456 -3.132947 6.573921 -0.000000 -0.000001 -0.000001 0.691719 0.433827 -54.195273 12.562671 7.996789 -89.474153 20.693738 21.302318 -8.946770 0.000002 -0.000001 0.000000 18.979854 13.764210 62.477865 44.461888 19.348560 75.582819 27.434749 -14.298590 -4.716256 -0.000000 0.000003 -0.000002 0.012533 -2.186817 13.179210 -6.614569 1.064544 6.905370 5.091938 5.824040 5.368107 -0.000000 0.000001 -0.000000 15.763462 5.156733 17.016685 -35.531477 -16.348818 33.829968 -12.039464 5.792514 -0.480687 0.000002 0.000000 -0.000000 
3.359104 105.476082 -2.673784 -0.856873 -17.528543 -16.540792 4.693482 1.265865 -7.403923 -1.367813 0.457649 1.936262 0.279455 6.665592 3.342999 -12.903050 -3.192814 6.579355 -0.000000 -0.000001 -0.000001 0.612977 0.601531 -54.193695 12.369952 8.514718 -89.552844 20.837751 21.162665 -9.343547 0.000003 0.000000 0.000000 18.994360 13.247424 62.620738 44.455984 19.415786 75.750971 27.484306 -14.166506 -4.426316 0.000001 0.000001 -0.000000 0.461856 -2.064731 13.097902 -7.133351 1.067278 7.075013 5.404516 5.769903 5.228694 -0.000001 0.000001 -0.000001 16.308077 5.243510 16.840033 -36.102481 -16.560753 34.038367 -11.294069 5.398010 -1.117403 -0.000003 0.000000 -0.000000 
3.224045 105.450294 -2.702907 -1.358070 -17.300461 -16.647944 5.079355 1.346065 -7.409989 -1.654921 0.271557 2.144153 0.500484 6.649880 3.221155 -12.334698 -2.935455 6.520118 0.000000 -0.000001 0.000001 0.606145 0.779824 -54.017955 12.378290 8.585281 -89.784612 20.693086 21.185999 -9.681176 0.000003 0.000000 -0.000000 19.036490 12.765659 62.693036 44.492102 19.380691 75.832339 27.514150 -14.104369 -3.533408 0.000000 0.000003 0.000000 1.163325 -1.842954 12.990553 -7.499099 0.931267 7.259639 5.416339 5.704512 5.182996 -0.000001 0.000001 -0.000002 16.946888 5.371722 16.746873 -36.078203 -16.493273 34.051440 -11.106980 5.169409 -1.381042 -0.000003 -0.000001 0.000002 
3.101845 105.428772 -2.729553 -1.272291 -17.459017 -16.596989 5.204941 1.394254 -7.564333 -2.032171 0.071664 2.328317 0.784860 7.074313 3.132295 -12.176560 -2.974750 6.472125 0.000001 -0.000001 -0.000002 0.742702 0.164637 -53.842514 12.274491 8.535332 -89.999149 20.825315 21.000830 -9.440640 0.000000 0.000001 -0.000001 18.881401 12.991563 62.826983 44.276332 19.192997 75.909671 27.755433 -13.905297 -4.012906 -0.000001 0.000003 0.000001 0.851762 -2.008938 12.994787 -6.699675 0.978387 7.055679 4.936938 5.537323 5.260826 0.000000 -0.000000 0.000001 16.968693 5.384796 16.690732 -35.928564 -16.435226 33.998489 -11.311002 5.610237 -0.532122 -0.000003 -0.000000 -0.000001 
2.991795 105.409149 -2.754175 -1.218363 -17.515269 -16.596639 5.015831 1.344829 -7.500724 -2.295715 -0.138436 2.527088 1.141776 7.301410 2.978884 -11.880608 -2.874563 6.296815 0.000001 0.000001 -0.000001 0.679623 0.129702 -53.806396 12.016865 8.579063 -90.299998 20.680341 20.653044 -9.411129 -0.000000 -0.000003 -0.000002 18.765883 12.713365 63.056778 44.055540 19.116713 76.126748 27.934111 -13.519618 -3.815558 -0.000001 0.000001 0.000001 0.855139 -2.002702 13.005251 -6.793340 0.939032 7.069697 4.895042 5.585816 5.329821 -0.000001 0.000000 -0.000001 16.818062 5.330579 16.777236 -35.902920 -16.438711 33.904745 -11.303615 5.757190 -0.376473 0.000002 0.000002 -0.000001 
2.892372 105.389854 -2.780233 -1.358602 -17.615497 -16.616901 5.172194 1.404398 -7.592009 -2.697898 -0.310168 2.636026 1.468880 7.492381 2.999531 -11.993060 -2.808746 6.308202 0.000001 -0.000001 -0.000000 0.804727 -0.124354 -53.666681 11.971684 8.467920 -90.685193 20.416313 20.570061 -9.102570 0.000002 -0.000006 -0.000001 18.737724 12.803529 63.178007 44.010969 19.111832 76.090268 27.771329 -13.499553 -3.452347 -0.000001 0.000001 0.000001 0.906924 -1.945043 12.956977 -6.811183 0.997697 7.135933 5.075282 5.824807 5.415934 -0.000001 0.000001 -0.000001 16.897121 5.309203 16.714482 -35.683067 -16.418532 33.909478 -11.227942 5.644789 -0.492034 0.000003 0.000002 -0.000001 
2.802547 105.369911 -2.810300 -1.399546 -17.463359 -16.625292 5.527445 1.465930 -7.652761 -3.126561 -0.511661 2.791696 1.645153 7.336376 2.948008 -11.906063 -2.678187 6.345702 0.000001 -0.000001 -0.000000 0.870843 0.187746 -53.570837 12.155719 8.359276 -90.896704 20.543829 20.671296 -8.814149 0.000001 0.000000 -0.000001 18.906718 12.734954 62.992909 44.281701 19.457635 75.813563 27.698738 -13.603201 -3.566789 -0.000001 0.000001 0.000001 1.163901 -1.845841 12.918733 -6.967519 0.927135 7.189459 5.326834 5.790097 5.286640 -0.000000 0.000001 -0.000001 16.843378 5.297427 16.751942 -35.689641 -16.408631 33.951395 -11.060398 5.277037 -1.081833 -0.000003 0.000001 0.000000 
2.716454 105.353455 -2.836178 -1.560466 -17.654051 -16.628965 5.425528 1.440277 -7.567866 -2.299410 -0.119350 2.501514 0.960645 7.329654 3.199632 -11.962746 -2.668157 6.310546 0.000001 -0.000001 -0.000002 0.998784 0.058551 -53.627688 12.158094 8.560035 -91.004812 20.375791 20.827576 -8.806819 0.000001 -0.000003 -0.000003 18.996600 12.737067 63.189188 44.404122 19.516647 75.781762 27.181149 -13.912766 -3.598706 -0.000002 0.000002 -0.000002 1.377439 -1.720339 12.811306 -7.236100 0.876341 7.264167 5.367584 5.908135 5.302950 0.000000 0.000001 -0.000001 16.934701 5.303533 16.744419 -35.601784 -16.321758 33.870539 -11.081678 5.672163 -0.501991 -0.000001 0.000000 -0.000000 
2.637566 105.335739 -2.863488 -1.456253 -17.440079 -16.558361 5.154979 1.359673 -7.387686 -1.545601 0.281680 2.197902 0.529890 6.908581 3.344092 -12.146358 -2.622442 6.319699 -0.000000 0.000000 -0.000000 0.875666 0.429368 -53.607406 12.160536 8.622747 -91.020419 19.941361 20.903647 -9.078607 0.000000 -0.000006 -0.000002 18.986850 12.879736 62.887095 44.409808 19.722465 75.939730 26.930630 -13.764386 -3.286022 0.000000 0.000003 0.000001 1.442522 -1.733962 12.797818 -7.449855 0.921026 7.360780 5.598850 5.734231 5.142596 -0.000000 0.000001 -0.000001 16.905430 5.319105 16.766605 -35.723631 -16.345753 33.810208 -10.618232 5.440886 -0.877154 -0.000001 0.000001 -0.000002 
2.563705 105.324852 -2.897812 -1.673443 -17.415598 -16.531476 5.608090 1.454222 -7.494563 -2.518884 -0.112571 2.488853 1.319786 7.177612 3.087266 -12.289744 -2.643977 6.356355 -0.000001 -0.000000 -0.000000 0.965842 0.451209 -53.686206 12.386111 8.367240 -90.951031 19.960012 21.005888 -8.486931 0.000002 -0.000004 -0.000002 19.067445 12.952577 62.727890 44.637021 19.951449 75.669070 26.814759 -13.836070 -3.299984 -0.000000 0.000003 -0.000000 1.509378 -1.793907 12.773493 -7.310486 0.918553 7.244759 5.703505 5.802430 5.171091 0.000000 0.000002 -0.000002 17.038499 5.405358 16.667707 -35.841595 -16.387207 33.867247 -10.684199 5.209568 -1.246198 -0.000001 0.000000 -0.000000 
2.494164 105.315399 -2.933092 -1.594517 -17.356709 -16.403061 5.444340 1.404860 -7.489427 -1.872504 0.172203 2.318067 0.760897 7.005273 3.216638 -12.024427 -2.539747 6.368855 -0.000000 -0.000001 -0.000000 1.145794 0.242300 -53.741171 12.610908 8.227412 -90.847998 19.701016 21.228115 -7.867322 0.000002 -0.000002 -0.000000 19.175517 13.247639 62.650218 44.891722 19.976521 75.375666 26.746206 -14.085041 -4.078770 -0.000001 0.000001 0.000001 1.266079 -1.871186 12.716462 -7.181556 0.864088 7.245197 5.722665 5.709184 5.069658 -0.000001 0.000002 -0.000003 16.841628 5.400578 16.652858 -35.804255 -16.323097 33.891774 -10.816786 4.996216 -1.466898 -0.000003 0.000002 -0.000001 
2.430592 105.307632 -2.967594 -1.723727 -17.365344 -16.406881 5.549364 1.410170 -7.387150 -1.844478 0.211347 2.299092 0.792249 6.865625 3.201018 -12.250255 -2.358149 6.299783 -0.000000 -0.000001 -0.000000 1.141619 0.641323 -53.855130 12.918609 8.067657 -90.594468 19.080291 21.711389 -8.047536 -0.000002 -0.000003 -0.000001 19.338724 13.593084 62.539951 45.280831 20.135811 74.875771 26.403635 -14.496313 -4.368760 -0.000000 0.000004 0.000003 1.297252 -1.802918 12.688538 -6.945877 0.874105 7.237488 5.605757 5.567707 5.058800 0.000000 0.000002 -0.000002 17.036519 5.404247 16.603273 -35.924695 -16.388241 33.898304 -10.594144 4.891978 -1.704492 -0.000002 0.000000 -0.000000 
2.371693 105.298653 -2.998722 -1.628139 -17.379268 -16.415016 5.269289 1.332760 -7.222688 -1.365327 0.356165 2.267279 0.545707 6.680798 3.129340 -12.493020 -2.334242 6.260616 -0.000000 0.000000 -0.000000 1.312844 0.457978 -53.948283 12.966917 8.257477 -90.647839 18.748311 21.786714 -7.632193 -0.000000 0.000002 -0.000000 19.394836 13.815023 62.449984 45.413955 20.140541 74.779575 26.394921 -14.545610 -4.535429 -0.000000 -0.000001 -0.000000 1.190521 -1.866220 12.714006 -6.739068 0.826216 7.197067 5.475443 5.476026 5.084948 -0.000001 0.000003 -0.000002 17.010666 5.446681 16.684018 -36.049547 -16.336626 33.824763 -10.696216 5.005243 -1.628650 0.000003 -0.000000 -0.000001 
2.316914 105.286903 -3.028224 -1.282988 -17.562493 -16.285360 4.765887 1.202746 -7.136014 -1.668942 0.306271 2.231780 0.944712 6.765393 3.077058 -12.659256 -2.267641 6.229788 -0.000002 -0.000001 -0.000000 1.137323 0.904492 -53.980204 13.042503 8.229774 -90.428768 18.755271 21.922479 -7.875983 -0.000001 -0.000003 -0.000001 19.462021 13.519688 62.467148 45.545146 20.397026 74.593158 26.331395 -14.681348 -4.469372 -0.000001 0.000002 0.000002 1.004582 -1.908248 12.633408 -6.894841 0.877668 7.265038 5.659191 5.421941 4.964912 -0.000001 0.000003 -0.000001 16.892280 5.377558 16.574463 -36.508304 -16.492074 33.898492 -10.659808 4.964565 -1.695183 -0.000001 -0.000001 0.000002 
2.264072 105.280014 -3.059125 -1.151069 -17.730879 -16.221751 4.556889 1.168723 -7.122902 -1.778797 0.248839 2.263103 1.026245 6.789818 3.028165 -12.525282 -2.166090 6.105982 -0.000001 -0.000002 -0.000001 1.004930 1.040315 -53.765244 12.745188 8.633833 -90.767606 18.800430 21.748299 -8.099868 -0.000004 0.000001 0.000000 19.352445 13.683950 62.264039 45.229875 20.299599 75.255789 26.379833 -14.508650 -4.422168 -0.000000 0.000002 -0.000002 1.065909 -1.847285 12.530643 -7.371068 0.920029 7.472856 5.591360 5.330797 4.908468 0.000000 0.000003 -0.000001 16.780730 5.302553 16.531419 -36.746104 -16.558528 33.911578 -10.611183 5.077199 -1.458968 0.000001 -0.000002 0.000001 
2.215061 105.278343 -3.090127 -1.536453 -17.857180 -16.247960 4.892843 1.264951 -7.223895 -2.117041 0.101103 2.356081 1.137751 7.097630 2.982057 -12.357394 -2.175501 6.087350 -0.000001 0.000001 0.000001 0.885022 1.196478 -53.832843 12.736260 8.650216 -90.690678 18.454797 21.889249 -8.525341 -0.000000 -0.000002 0.000001 19.384589 13.207251 62.518791 45.152144 20.007885 75.475694 26.679779 -14.529370 -4.291728 -0.000000 -0.000002 0.000004 1.366970 -1.736473 12.401451 -7.573571 0.837912 7.581450 5.881721 5.523157 4.817794 0.000000 0.000001 -0.000002 17.079124 5.363335 16.449249 -36.700515 -16.437508 33.915820 -10.593065 5.131329 -1.281337 0.000001 0.000002 -0.000001 
