HIERARCHY
ROOT Hips
{
	OFFSET -1.026148 111.334198 -0.270911
	CHANNELS 6 Xposition Yposition Zposition Xrotation Yrotation Zrotation
	JOINT Chest
	{
		OFFSET -0.876944 13.425896 2.265042
		CHANNELS 3 Xrotation Yrotation Zrotation
		JOINT Chest2
		{
			OFFSET -1.650049 21.260048 2.086672
			CHANNELS 3 Xrotation Yrotation Zrotation
			JOINT Chest3
			{
				OFFSET -0.096213 14.912308 0.658550
				CHANNELS 3 Xrotation Yrotation Zrotation
				JOINT Neck
				{
					OFFSET 0.768219 17.063965 2.616696
					CHANNELS 3 Xrotation Yrotation Zrotation
					JOINT Head
					{
						OFFSET -0.801281 10.332916 1.554524
						CHANNELS 3 Xrotation Yrotation Zrotation
						End Site
						{
							OFFSET -0.742196 10.343506 1.512845
						}
					}
				}
				JOINT LeftCollar
				{
					OFFSET 1.408418 12.292786 6.979126
					CHANNELS 3 Xrotation Yrotation Zrotation
					JOINT LeftUpArm
					{
						OFFSET 16.083151 -2.974457 6.401913
						CHANNELS 3 Xrotation Yrotation Zrotation
						JOINT LeftLowArm
						{
							OFFSET 12.952062 -10.756241 29.262188
							CHANNELS 3 Xrotation Yrotation Zrotation
							JOINT LeftHand
							{
								OFFSET 12.936344 -6.104919 26.388027
								CHANNELS 3 Xrotation Yrotation Zrotation
								End Site
								{
									OFFSET 2.827324 -1.334229 5.767258
								}
							}
						}
					}
				}
				JOINT RightCollar
				{
					OFFSET -4.397371 13.471100 1.000543
					CHANNELS 3 Xrotation Yrotation Zrotation
					JOINT RightUpArm
					{
						OFFSET -4.075680 3.003708 -16.818527
						CHANNELS 3 Xrotation Yrotation Zrotation
						JOINT RightLowArm
						{
							OFFSET -25.576891 6.870239 -20.936977
							CHANNELS 3 Xrotation Yrotation Zrotation
							JOINT RightHand
							{
								OFFSET -24.733608 9.540497 -14.077721
								CHANNELS 3 Xrotation Yrotation Zrotation
								End Site
								{
									OFFSET -5.405758 2.085220 -3.076824
								}
							}
						}
					}
				}
			}
		}
	}
	JOINT LeftUpLeg
	{
		OFFSET 6.957351 -0.755806 7.172390
		CHANNELS 3 Xrotation Yrotation Zrotation
		JOINT LeftLowLeg
		{
			OFFSET 6.936501 -46.842873 1.273052
			CHANNELS 3 Xrotation Yrotation Zrotation
			JOINT LeftFoot
			{
				OFFSET 6.996495 -43.113094 -9.637362
				CHANNELS 3 Xrotation Yrotation Zrotation
				JOINT LeftToe
				{
					OFFSET -6.502495 -21.326099 7.904099
					CHANNELS 3 Xrotation Yrotation Zrotation
					End Site
					{
						OFFSET -9.894441 -10.264362 18.875957
					}
				}
			}
		}
	}
	JOINT RightUpLeg
	{
		OFFSET -6.957340 0.755615 -7.172426
		CHANNELS 3 Xrotation Yrotation Zrotation
		JOINT RightLowLeg
		{
			OFFSET -2.202685 -46.701729 -7.622925
			CHANNELS 3 Xrotation Yrotation Zrotation
			JOINT RightFoot
			{
				OFFSET 3.175221 -43.217484 -11.079139
				CHANNELS 3 Xrotation Yrotation Zrotation
				JOINT RightToe
				{
					OFFSET -5.425032 -23.022501 0.300571
					CHANNELS 3 Xrotation Yrotation Zrotation
					End Site
					{
						OFFSET -14.793578 -15.159582 10.530586
					}
				}
			}
		}
	}
}
MOTION
Frames: 207
Frame Time: 0.033333
0.526894 105.593933 -1.111725 -5.810275 43.553767 5.054538 1.861750 -0.420752 1.288107 -4.219358 0.492122 -3.161881 1.905489 4.094235 7.129999 -0.699065 2.430122 -2.520736 -0.000000 0.000000 -0.000000 15.966342 2.055696 -11.259458 46.575576 -3.441004 -24.034100 13.481338 -24.874692 2.918632 -0.000006 -0.000001 0.000003 -17.615693 -2.486868 22.547916 -31.677584 -15.169736 40.584806 1.246447 10.839374 21.429080 -0.000005 -0.000004 -0.000001 6.776893 0.738212 -1.179948 -3.865726 3.244736 4.641752 -22.373808 -13.904804 -14.504303 -0.000004 0.000002 0.000001 -1.534333 -0.103552 1.897129 5.153990 -4.140810 6.183233 -28.037769 2.398813 -23.295091 -0.000002 0.000002 -0.000002 
0.527286 105.592438 -1.112554 -5.669762 43.240083 5.059717 2.068288 -0.415505 1.475558 -4.882651 0.676147 -4.040087 2.293846 4.200962 7.799399 -0.592622 2.314272 -2.504412 -0.000000 0.000002 -0.000000 15.858419 1.690263 -11.304859 46.567195 -3.203596 -24.328558 13.235076 -25.365176 2.757599 -0.000002 0.000004 -0.000001 -17.493923 -1.826275 22.715307 -31.951645 -15.865148 40.187009 1.377080 11.442149 21.463810 -0.000002 -0.000000 0.000001 6.668627 0.881047 -1.426629 -3.751043 3.362885 4.855153 -22.463340 -13.871128 -14.563920 -0.000003 0.000000 0.000001 -1.655509 -0.201867 1.680431 5.386274 -4.228437 6.270268 -28.275884 2.810169 -23.271035 -0.000008 0.000003 0.000003 
0.528698 105.584480 -1.108813 -5.304001 43.319894 4.986870 1.851725 -0.408373 1.340752 -4.757695 0.556423 -3.762008 2.222900 4.286680 7.575215 -0.837043 2.271358 -2.558887 -0.000000 -0.000001 -0.000000 15.797497 1.333189 -11.127194 46.627468 -3.212466 -24.238350 13.351576 -25.364369 2.928163 -0.000003 0.000000 0.000003 -17.614506 -2.455162 22.416423 -31.858072 -15.635066 40.329808 1.431218 11.441889 21.670227 0.000000 -0.000002 0.000001 6.463720 0.888670 -1.453992 -3.735640 3.337271 4.821043 -22.485748 -13.894620 -14.637416 -0.000003 0.000000 -0.000000 -1.644089 -0.232918 1.841888 5.051589 -4.163290 5.896527 -28.165588 2.741616 -23.115286 -0.000003 0.000001 -0.000000 
0.528923 105.577721 -1.108842 -5.602437 43.360629 5.005333 2.325467 -0.439495 1.773762 -5.247768 0.635705 -4.154509 2.488607 3.979721 7.702152 -1.015326 2.334659 -2.675526 0.000001 0.000005 0.000001 15.808142 1.615683 -11.131504 46.682854 -3.626225 -24.102547 13.259313 -24.975700 3.210865 -0.000002 0.000005 -0.000000 -17.526499 -2.099689 22.765582 -31.721215 -15.347741 40.607298 1.740903 11.395768 21.479567 0.000002 0.000004 0.000001 6.632374 0.847443 -1.246873 -3.761922 3.403299 4.697471 -22.400601 -13.832655 -14.477110 -0.000004 0.000000 -0.000001 -1.338409 -0.225314 2.125473 5.003574 -4.176925 5.829123 -28.286286 2.867159 -23.150407 -0.000001 0.000002 -0.000002 
0.527289 105.568413 -1.106384 -5.349202 43.401645 5.076517 1.865284 -0.391892 1.239802 -4.972588 0.527813 -3.739123 2.448575 3.965023 7.494014 -1.073635 2.166092 -2.460378 -0.000001 0.000000 0.000000 15.900224 1.315412 -11.147793 46.526047 -3.666341 -24.001363 13.198118 -25.001979 3.075081 -0.000001 -0.000001 -0.000000 -17.692572 -2.444439 22.634771 -31.714494 -15.182245 40.628660 1.592974 11.100616 21.331946 -0.000002 -0.000003 -0.000002 6.421460 0.748688 -1.516748 -3.621901 3.406538 4.826624 -22.394583 -13.775877 -14.352391 -0.000004 -0.000002 -0.000001 -1.565289 -0.142637 1.843351 5.110473 -4.211845 5.996809 -28.184045 2.779284 -23.072271 -0.000004 0.000000 0.000002 
0.524992 105.560059 -1.102703 -5.361465 43.403441 5.117748 1.904979 -0.393469 1.229865 -4.748949 0.532574 -3.521062 2.256018 4.017180 7.319816 -1.104948 2.002404 -2.137005 0.000000 -0.000001 -0.000000 16.071946 1.216193 -11.124252 46.405965 -3.889280 -23.881780 13.263379 -24.463794 3.015278 -0.000001 0.000004 -0.000003 -17.918617 -3.083395 22.434837 -31.426428 -15.391445 40.543023 1.484673 11.720950 21.229242 -0.000000 -0.000001 -0.000001 6.414083 0.679494 -1.550194 -3.548132 3.278107 4.843127 -22.301020 -13.670735 -14.190579 -0.000003 -0.000000 -0.000001 -1.457075 -0.105026 1.894047 4.972867 -4.205960 6.020227 -28.386480 2.838675 -23.246846 -0.000003 0.000006 -0.000002 
0.521097 105.549789 -1.096980 -5.474687 43.382213 5.070516 2.251208 -0.434110 1.598877 -5.433617 0.567346 -4.063606 2.731858 3.678837 7.596118 -1.009318 2.065081 -2.117411 -0.000000 0.000000 0.000000 16.145993 1.776783 -11.358777 46.321704 -3.895073 -23.836674 13.220391 -24.484336 2.874613 -0.000003 0.000003 0.000001 -17.809802 -2.636433 22.666842 -31.463915 -15.503730 40.607910 1.683375 11.946067 20.876060 -0.000000 -0.000001 -0.000000 6.502903 0.654680 -1.381423 -3.470445 3.270362 4.793618 -22.589497 -13.580100 -14.229745 -0.000004 -0.000002 -0.000000 -1.261698 -0.128198 2.138558 4.820998 -4.205854 5.846802 -28.368040 2.748410 -23.320431 -0.000004 0.000004 -0.000000 
0.510985 105.536301 -1.081301 -5.202427 43.002547 4.996175 1.928435 -0.385815 1.220859 -4.631692 0.465184 -3.285334 2.279122 3.755929 7.220713 -1.069390 2.007757 -2.178713 0.000000 0.000004 0.000000 16.055451 1.349480 -11.295846 46.524059 -3.758760 -23.987254 12.798696 -24.949954 3.011678 -0.000001 0.000005 0.000000 -17.964031 -3.001181 22.421185 -31.463328 -16.360504 40.300828 1.919609 13.021957 20.790659 0.000001 0.000003 0.000003 6.549456 0.612519 -1.354671 -3.553109 3.335528 4.786280 -22.414943 -13.501802 -14.100867 -0.000000 -0.000002 -0.000002 -1.153189 -0.121405 2.292054 4.618177 -4.258561 5.565586 -28.332403 3.073300 -22.993567 -0.000003 0.000004 -0.000000 
0.493775 105.523064 -1.067010 -5.343709 42.660545 4.922231 1.792088 -0.361257 1.024721 -4.198993 0.306703 -2.669214 2.132717 3.522174 6.751357 -0.985029 1.966612 -2.016996 0.000000 0.000002 0.000001 16.172496 1.750754 -11.350494 46.541220 -3.717256 -23.822836 12.725332 -25.121110 3.336145 -0.000003 0.000001 0.000003 -17.849654 -2.960861 22.562842 -31.481011 -16.566846 40.532330 2.566481 13.516583 20.366637 0.000000 -0.000005 -0.000000 6.802671 0.665183 -1.074875 -3.621041 3.413167 4.595327 -22.391810 -13.161913 -13.826448 -0.000004 0.000002 0.000000 -1.214893 -0.139455 2.311475 5.040844 -4.242459 5.867826 -28.368112 3.442942 -22.762748 -0.000002 0.000001 -0.000000 
0.471915 105.502251 -1.049907 -4.843907 42.820392 4.875377 1.380748 -0.323091 0.655527 -4.381763 0.301765 -2.807466 2.400076 3.201756 6.919747 -1.378904 1.921590 -2.209160 -0.000001 0.000002 0.000000 16.012380 1.851361 -11.153030 46.775516 -3.787792 -23.871675 12.786258 -25.211152 3.644644 0.000002 0.000002 -0.000000 -17.708290 -2.755351 22.625763 -31.560484 -17.187778 40.566362 3.202701 13.943481 19.904370 0.000000 -0.000005 -0.000001 6.307831 0.670886 -1.302326 -3.343173 3.455227 4.810631 -22.297953 -13.270653 -13.834336 -0.000001 -0.000000 0.000000 -1.619480 -0.177516 2.207060 5.119816 -4.348990 5.820676 -28.258960 3.255113 -22.886511 -0.000001 0.000001 -0.000000 
0.442277 105.488663 -1.035057 -4.946084 42.613154 4.699413 0.931774 -0.290443 0.333489 -3.073881 0.082441 -1.492608 1.537880 3.427824 6.041262 -1.263685 1.662483 -1.785514 0.000000 0.000004 0.000001 15.843611 1.770119 -11.119851 46.922498 -3.653937 -24.154844 12.772645 -24.635254 3.429557 -0.000000 0.000003 0.000002 -17.904952 -3.163134 22.315066 -31.809475 -17.312730 40.457789 3.147129 13.553882 19.372723 -0.000000 -0.000005 -0.000001 6.323638 0.654537 -0.997512 -3.276109 3.432480 4.674003 -22.241468 -13.057916 -13.704851 -0.000004 0.000000 0.000001 -1.322428 -0.261092 2.704259 4.795095 -4.229800 5.542807 -28.167451 3.386983 -22.550959 0.000000 0.000006 0.000002 
0.391731 105.472313 -1.019926 -4.845353 42.488442 4.436024 1.293297 -0.320187 0.702834 -4.146343 0.022557 -2.253914 2.124487 3.119405 6.482289 -0.897412 1.549323 -1.494644 0.000001 0.000004 0.000001 15.895372 2.260676 -11.407160 46.966262 -3.074974 -24.386383 12.512475 -24.508428 3.079241 -0.000001 0.000004 -0.000002 -18.079374 -3.116725 22.405001 -31.949600 -17.568910 40.253003 3.316251 13.294262 18.849027 -0.000001 -0.000002 -0.000000 5.985455 0.666210 -0.848659 -2.876203 3.395174 4.817383 -22.367983 -12.745211 -13.541015 -0.000003 -0.000002 -0.000001 -1.573731 -0.335778 2.886410 4.991142 -4.190733 5.745927 -28.263488 3.319478 -22.724193 -0.000003 0.000003 0.000002 
0.341501 105.453926 -0.999040 -4.932328 42.416062 4.282599 1.490718 -0.346678 0.897881 -4.043758 -0.080665 -2.018884 2.018319 3.262782 6.307541 -1.421319 1.357950 -1.773962 0.000001 0.000000 0.000001 15.930687 1.958039 -11.356746 46.922881 -3.146993 -24.371058 12.254926 -24.606708 3.236515 -0.000003 0.000002 -0.000001 -18.258692 -3.551381 22.293866 -31.950136 -17.421007 40.280808 3.617546 12.977415 18.647863 -0.000000 -0.000001 -0.000001 5.997975 0.693685 -0.649814 -2.723029 3.418076 5.005416 -22.606912 -12.736357 -13.639033 -0.000004 0.000000 -0.000000 -1.794828 -0.371693 3.055445 5.283489 -4.176099 5.829710 -28.229039 3.294711 -22.704860 0.000000 0.000007 -0.000000 
0.273438 105.427696 -0.976647 -4.813597 42.122685 4.017725 1.385865 -0.343728 0.847438 -3.484855 -0.181775 -1.422857 1.697903 2.949288 5.928320 -1.268803 1.357880 -1.707670 0.000000 0.000002 -0.000000 16.032131 2.435179 -11.641974 46.736065 -2.936731 -24.371336 12.096197 -24.284621 3.178102 -0.000000 0.000003 -0.000001 -18.471015 -3.554038 22.504230 -31.987938 -17.798404 39.970294 3.746313 12.861701 18.153878 0.000003 -0.000000 0.000001 5.696630 0.636158 -0.444491 -2.268489 3.541755 5.174982 -22.824301 -12.216575 -13.327794 -0.000002 0.000002 0.000000 -1.712744 -0.455724 3.532655 5.181762 -4.211568 5.688332 -28.577349 3.645723 -22.760581 -0.000001 0.000001 -0.000000 
0.188699 105.405327 -0.958687 -4.143760 41.676312 3.792595 1.298094 -0.346935 0.856786 -4.749896 -0.066178 -2.550991 2.646921 3.038988 6.826842 -1.612503 1.209933 -1.729657 0.000002 0.000000 0.000000 16.109840 2.255918 -11.687620 46.525114 -2.869066 -24.260181 11.832894 -24.268294 3.359739 0.000001 0.000001 0.000002 -18.542212 -3.626293 22.586172 -32.089380 -17.984960 39.942349 4.437675 12.963340 17.458384 -0.000004 -0.000003 -0.000002 5.263258 0.596246 -0.610835 -2.152605 3.508984 5.265309 -22.771099 -11.898283 -13.035828 -0.000002 0.000002 0.000000 -2.291337 -0.425152 3.296696 5.183472 -4.173947 5.730859 -28.583182 3.872440 -22.581722 -0.000004 0.000001 -0.000000 
0.105077 105.382217 -0.934975 -4.482495 40.962427 3.595056 1.963836 -0.397820 1.415690 -5.711029 -0.035701 -3.278520 3.146437 3.160037 7.174778 -1.467379 1.112132 -1.554877 0.000001 -0.000003 -0.000000 16.078702 1.900491 -11.441984 46.738684 -2.531368 -24.370769 11.530805 -23.787211 3.440145 -0.000002 -0.000003 0.000003 -18.618276 -3.980890 22.488726 -32.051356 -18.020677 39.927295 4.428833 12.925977 17.265842 0.000003 0.000000 -0.000000 5.424181 0.576111 -0.415755 -1.851945 3.424919 5.514985 -22.849186 -11.382741 -12.629687 -0.000000 0.000002 0.000001 -1.830961 -0.513293 3.852387 5.193051 -4.136841 5.567403 -28.319602 4.397418 -21.997236 -0.000002 0.000002 -0.000002 
0.000294 105.373940 -0.914027 -4.582516 40.061098 3.461941 1.564006 -0.352112 0.946956 -4.361131 -0.176252 -2.043827 2.297581 3.110834 6.251766 -1.670689 0.832308 -1.504488 -0.000000 0.000000 -0.000001 16.351975 2.058340 -11.638586 46.569814 -2.628677 -24.134504 10.737025 -23.348322 3.897466 -0.000001 -0.000001 0.000003 -18.740897 -4.117073 22.707795 -32.011632 -17.889746 40.169828 5.157710 12.918132 16.530134 -0.000001 0.000000 0.000001 5.226854 0.539202 -0.499047 -1.393263 3.410958 5.788280 -23.081709 -11.021682 -12.429689 -0.000003 -0.000002 -0.000002 -1.867299 -0.500921 3.985226 5.331010 -4.122884 5.471677 -28.428719 5.188083 -21.538993 -0.000003 0.000000 0.000002 
-0.109381 105.378029 -0.897529 -4.492929 39.289789 3.203289 1.809605 -0.365152 1.264425 -5.632729 -0.348603 -2.750908 3.208236 2.875090 6.558830 -1.587427 0.586548 -1.344421 -0.000000 -0.000001 0.000000 16.255099 2.303925 -11.916262 46.768351 -1.876635 -24.502720 10.241773 -22.591725 3.951436 -0.000000 -0.000001 0.000003 -18.865247 -4.341206 22.388255 -32.304059 -18.712410 39.763350 5.503913 13.482308 16.161510 -0.000000 0.000000 0.000000 5.240683 0.618334 -0.231610 -1.068584 3.443624 6.135292 -23.609988 -11.242033 -12.901953 -0.000000 0.000000 -0.000000 -1.872890 -0.612662 4.383638 5.164407 -4.101792 4.875459 -28.262211 5.571697 -21.059836 -0.000005 0.000001 0.000001 
-0.218656 105.396362 -0.875268 -4.931680 38.627189 3.026128 2.398111 -0.406466 1.783289 -6.396680 -0.453883 -3.115606 3.777534 2.853523 6.613726 -1.787717 0.260954 -1.172039 -0.000000 -0.000002 0.000001 16.472982 1.816090 -12.100190 46.754369 -1.559019 -24.598571 9.166782 -22.356898 4.170765 0.000000 0.000000 0.000003 -19.050986 -4.519540 22.336675 -32.489830 -19.099932 39.580608 5.901882 14.088501 15.626541 0.000001 -0.000001 -0.000000 5.370938 0.628657 -0.068504 -0.418713 3.437916 6.856287 -24.385389 -11.265087 -13.235258 0.000001 -0.000002 -0.000001 -1.853524 -0.685862 4.635625 5.856984 -4.083941 5.160449 -28.757391 6.739631 -20.587303 0.000000 0.000003 0.000002 
-0.340332 105.437477 -0.846843 -5.200643 37.927125 2.631310 2.470373 -0.451416 2.029048 -6.404093 -0.731284 -2.672463 4.109638 2.509688 6.332043 -1.598878 0.035757 -0.673328 -0.000000 0.000000 0.000001 16.843433 2.793882 -12.576791 46.473645 -1.762495 -24.316980 8.282450 -21.682371 4.576263 -0.000001 -0.000001 -0.000000 -19.043098 -4.933754 22.192646 -32.366542 -20.018289 39.441088 6.787744 15.181094 14.868972 -0.000000 -0.000003 -0.000004 5.400256 0.638217 0.368812 0.118058 3.378737 7.312602 -24.546520 -11.367667 -13.517136 -0.000000 -0.000002 -0.000001 -1.800543 -0.791066 5.172906 6.296720 -3.895902 5.071263 -28.883012 7.434985 -19.964872 -0.000004 0.000000 0.000002 
-0.466967 105.518852 -0.820379 -5.327257 36.353573 2.438015 2.728684 -0.412147 1.842143 -6.388507 -0.932448 -2.320646 4.022420 2.648953 6.101691 -1.289920 -0.341454 -0.173194 -0.000000 -0.000001 0.000000 16.882836 2.898481 -12.671125 46.513161 -1.353939 -24.713576 7.045309 -20.546613 4.263301 0.000003 -0.000004 0.000003 -19.016857 -5.551371 21.491825 -32.453070 -22.040486 38.518234 6.826152 13.602299 13.653411 -0.000000 -0.000001 -0.000001 5.987183 0.694819 0.770536 -0.045131 3.399281 6.963895 -23.764480 -11.183173 -12.972231 -0.000006 0.000000 -0.000001 -1.823138 -0.816414 5.157497 6.746629 -3.881440 4.863333 -28.332253 8.488557 -18.764060 0.000002 0.000002 -0.000002 
-0.586297 105.605087 -0.783908 -5.191147 35.127202 2.240173 3.293079 -0.427428 2.055256 -7.235905 -1.117968 -2.637962 4.769657 2.772411 6.370206 -1.778817 -0.770913 -0.347147 -0.000000 -0.000001 -0.000000 17.009876 3.117794 -12.670410 46.482828 -1.355821 -24.797285 5.752074 -20.124644 4.441543 0.000003 -0.000001 -0.000000 -19.070416 -6.305031 20.901692 -32.430356 -22.905239 38.216551 7.497356 10.651284 11.761825 0.000000 -0.000004 -0.000000 6.202298 0.706779 0.890450 -0.058006 3.455809 6.903273 -23.207460 -10.904509 -12.385335 -0.000004 0.000000 -0.000001 -1.668310 -0.832324 5.172054 6.960393 -4.075915 4.728508 -27.633839 9.332122 -17.869549 -0.000002 -0.000001 -0.000000 
-0.705850 105.731537 -0.754603 -5.357097 33.287415 1.782897 3.523973 -0.401212 2.214497 -4.837426 -1.409959 -0.486981 2.641145 2.391421 4.466338 -1.029246 -0.589868 -0.213309 -0.000001 0.000002 0.000000 17.409676 3.779642 -13.291511 45.549111 -1.272734 -24.292550 4.092498 -19.380800 4.915875 0.000002 0.000003 0.000002 -19.516523 -6.428007 21.100529 -31.845849 -23.227773 37.305093 8.970575 9.072899 9.205842 -0.000001 0.000000 0.000000 6.119726 0.732878 1.090469 0.697500 3.282818 7.111950 -22.947890 -10.054745 -11.679791 -0.000003 0.000000 0.000000 -1.507866 -0.866164 5.089669 6.840585 -4.001553 4.746414 -27.180560 9.941399 -17.079790 -0.000004 0.000002 -0.000002 
-0.826836 105.900528 -0.730294 -5.185334 31.413488 1.279382 3.443620 -0.395639 2.196403 -3.931226 -1.723615 0.670854 1.973160 2.602997 3.332632 -1.330723 -1.055980 0.016928 -0.000000 0.000000 0.000000 17.541287 3.341980 -13.458121 44.768915 -0.280827 -23.831667 2.112913 -18.178417 5.476715 -0.000002 0.000003 0.000001 -19.892547 -7.063608 20.665799 -31.197132 -23.140281 36.342310 10.144337 7.861181 7.028585 0.000001 -0.000001 0.000003 5.209684 0.629540 0.923170 2.216209 3.251532 7.802351 -22.486451 -9.474421 -11.055880 -0.000000 0.000000 -0.000001 -1.549902 -0.879906 5.064360 6.505955 -3.971099 4.331560 -26.295506 10.642201 -15.725913 -0.000004 0.000004 -0.000000 
-0.951840 106.100929 -0.708813 -5.720874 29.937085 0.843722 4.351101 -0.362940 2.725695 -4.547801 -2.101041 0.722028 2.369555 2.977045 3.046652 -1.488272 -1.393142 0.156809 0.000002 0.000005 0.000001 17.396529 3.404494 -13.811512 44.020214 1.171793 -23.587879 1.642515 -15.966991 5.565193 -0.000002 -0.000002 -0.000002 -20.110145 -7.086930 20.292349 -30.854639 -23.386325 35.140480 10.566894 7.696668 5.782200 0.000001 -0.000003 0.000001 4.648967 0.579177 1.134157 2.980157 3.343570 7.912774 -21.584176 -9.447787 -10.673933 -0.000001 0.000000 -0.000001 -0.807047 -1.022435 5.604479 5.785309 -3.998011 3.691134 -25.384325 11.525535 -14.159330 -0.000003 0.000003 0.000002 
-1.085421 106.353790 -0.698657 -5.853951 28.261528 0.375974 5.097239 -0.290731 3.003162 -4.442895 -2.319954 1.102048 2.025445 2.657664 2.461468 -1.464290 -1.680349 -0.016199 0.000001 -0.000002 0.000001 16.446983 3.715735 -13.599747 43.479085 3.688540 -23.813388 0.806088 -13.872661 4.935029 -0.000003 0.000003 0.000002 -19.617113 -5.578676 20.081091 -30.647510 -23.753024 33.357380 10.023529 8.820230 4.916176 -0.000003 -0.000003 -0.000003 3.302500 0.254869 1.203734 4.778707 3.300998 8.546438 -21.184863 -9.903268 -10.836496 -0.000000 0.000000 0.000000 -0.647645 -0.971940 5.766849 5.318034 -3.971640 3.291889 -24.330210 12.320088 -12.713219 -0.000001 0.000003 -0.000003 
-1.214787 106.647438 -0.676717 -6.243198 26.039043 -0.054174 6.148719 -0.187213 3.403783 -4.815638 -2.534068 1.096534 2.051453 3.421373 2.176752 -1.655208 -2.361820 0.161231 0.000002 0.000000 0.000000 15.393670 2.849484 -13.046953 41.112381 4.968603 -23.214968 -0.261007 -11.839269 3.981352 -0.000001 0.000002 0.000005 -19.626147 -6.443569 18.124710 -29.657791 -22.654474 30.879391 7.512807 8.146337 5.297580 -0.000000 -0.000002 -0.000000 2.074789 -0.048057 1.488109 7.354207 3.260432 9.285288 -19.557478 -10.623924 -10.875342 -0.000004 0.000000 0.000001 -0.188846 -0.888654 5.796231 5.159585 -3.656051 3.235349 -23.701021 13.331708 -11.099168 0.000000 0.000001 -0.000000 
-1.331223 106.947899 -0.665223 -6.306114 24.324032 -0.318349 6.196071 -0.178317 3.453430 -3.864952 -2.433160 1.551442 1.385978 2.485527 1.553357 -1.549731 -2.174631 -0.230198 0.000000 0.000002 -0.000000 14.736861 4.879083 -13.193438 38.951107 5.718603 -22.286576 -0.732432 -10.619781 3.619134 -0.000001 0.000003 0.000001 -18.966317 -6.081874 17.229393 -28.580981 -21.889052 28.776724 6.166353 6.590807 5.591502 0.000001 0.000002 0.000000 1.300983 -0.084970 1.778338 8.484379 3.164449 9.354327 -18.285757 -11.335170 -11.091681 -0.000006 -0.000001 -0.000001 0.031536 -0.888436 5.571103 5.068122 -3.412224 3.307493 -22.473525 13.109926 -10.086224 -0.000000 0.000003 -0.000003 
-1.434827 107.293358 -0.654293 -5.945531 21.519071 -0.413138 6.142378 -0.118770 3.054495 -3.376551 -2.312782 1.563251 1.185081 2.574665 1.341455 -2.518891 -2.581964 -0.838449 0.000000 0.000002 -0.000000 13.798606 4.270980 -12.494154 36.229372 7.267674 -21.221473 -1.544654 -8.707073 3.339009 -0.000003 0.000006 -0.000002 -18.260039 -5.904799 15.907077 -26.927177 -20.532577 25.648658 4.475564 2.205199 4.585702 0.000004 -0.000001 -0.000002 1.184411 0.021558 2.276901 6.726691 2.760576 7.578236 -16.789659 -11.769972 -11.126905 -0.000004 0.000000 -0.000000 0.282794 -0.894035 4.897848 4.415357 -3.216034 2.972972 -20.319536 13.096831 -8.278552 -0.000001 -0.000001 -0.000003 
-1.510250 107.661369 -0.635862 -4.607638 18.774201 -0.161567 4.079067 -0.150611 1.926930 -1.845910 -1.798400 1.889094 0.637618 2.679926 0.939034 -2.972262 -2.676090 -1.156237 -0.000001 -0.000003 -0.000001 12.872789 3.235357 -11.273945 32.691550 7.701742 -19.414386 -4.273972 -9.510997 3.074154 0.000002 0.000003 0.000002 -16.884345 -5.639497 14.310108 -24.670157 -19.323085 22.532178 2.365697 -0.360879 4.405588 0.000002 -0.000004 -0.000000 0.024263 -0.084520 1.960605 5.000538 2.140297 5.830993 -14.919524 -11.847854 -10.760476 -0.000006 -0.000002 0.000000 -0.283924 -0.685012 3.768119 3.533892 -2.831114 2.368155 -18.052584 12.671025 -6.746539 0.000002 0.000003 0.000002 
-1.565590 108.021271 -0.619749 -3.736567 16.705676 0.091593 3.400357 -0.145793 1.420603 -1.301510 -1.442884 1.736096 0.453824 2.624987 0.970077 -3.221561 -2.592400 -1.665136 -0.000000 0.000000 0.000000 12.260747 2.863077 -10.272330 29.974596 7.597555 -17.359312 -5.453644 -9.871211 3.465110 -0.000002 0.000004 0.000002 -15.811169 -5.519544 13.474014 -22.354545 -17.545719 20.988189 1.686386 -2.605095 4.079259 -0.000003 -0.000003 -0.000001 -0.363130 -0.155199 1.852169 3.806623 1.863747 4.591003 -13.393009 -11.688519 -10.211185 -0.000004 -0.000002 -0.000000 -0.756399 -0.510918 2.931700 3.382638 -2.636828 2.090615 -16.139249 12.138260 -5.884086 -0.000003 0.000001 -0.000000 
-1.583644 108.383034 -0.599569 -2.804153 13.947648 0.460049 2.938616 -0.094831 0.865373 -0.576678 -1.068125 1.593920 -0.164718 2.609873 0.851186 -3.634523 -2.467811 -2.052111 0.000000 0.000004 0.000001 11.340682 2.285592 -9.078946 25.694164 7.069607 -14.388268 -6.076712 -9.375410 4.036183 -0.000001 0.000003 0.000001 -14.031183 -4.836282 12.228894 -19.535745 -15.838592 18.589746 0.517344 -3.954552 5.170553 -0.000003 -0.000003 -0.000002 -0.641224 -0.045637 1.509572 2.670458 1.502588 3.218156 -12.255464 -10.461899 -9.191882 -0.000001 -0.000000 0.000000 -1.098272 -0.368901 2.034300 2.708851 -2.231191 1.435880 -14.236022 11.181872 -5.102975 0.000000 0.000008 -0.000003 
-1.572197 108.744591 -0.575345 -1.599259 11.492841 0.733284 2.248732 -0.064742 0.694740 -0.198380 -0.805582 1.336513 -0.368608 2.039331 0.524846 -3.553595 -2.209337 -2.494698 0.000001 0.000002 0.000000 9.669841 1.878466 -7.732718 20.911862 6.317779 -11.715222 -6.401444 -8.572184 3.522513 -0.000001 0.000003 0.000002 -12.204580 -3.610879 10.749197 -17.450814 -13.390305 16.141069 -0.922692 -1.488890 6.757962 -0.000000 -0.000002 -0.000006 -1.540340 -0.118033 0.841676 2.426784 1.141451 2.544375 -10.666346 -9.021660 -7.935958 -0.000004 -0.000002 -0.000002 -1.502468 -0.281466 1.591513 1.440151 -1.825986 0.416392 -12.238708 9.647343 -4.562789 0.000002 0.000003 -0.000003 
-1.541250 109.093185 -0.544532 -1.000944 9.198087 0.867032 2.815254 -0.001051 0.680442 -0.371698 -0.806517 1.032464 -0.816422 1.821470 0.363718 -2.921555 -1.729736 -2.732096 -0.000000 0.000004 0.000000 8.476073 1.512986 -7.084970 16.725849 6.312409 -9.593146 -5.918583 -7.229364 2.479833 0.000003 0.000003 0.000003 -11.236539 -3.085727 9.323319 -15.641044 -12.015550 13.142839 -2.384814 -3.206883 5.724164 -0.000001 0.000001 -0.000002 -1.747176 -0.130513 0.477789 2.065234 0.847432 1.934785 -9.092135 -7.580147 -6.727224 -0.000005 0.000002 0.000000 -1.626152 -0.266571 1.369228 1.159047 -1.393744 -0.210268 -10.537223 8.457910 -3.915277 0.000001 0.000003 -0.000000 
-1.493910 109.457550 -0.512713 -1.194482 7.251155 1.026589 4.018593 0.108511 0.671759 -0.948935 -0.887557 0.688373 -0.870221 1.425006 0.279113 -2.758408 -1.423529 -2.606822 -0.000000 -0.000001 -0.000000 7.074697 1.330768 -6.144595 12.681536 6.019672 -7.398622 -5.226662 -5.722585 1.618923 -0.000000 -0.000001 -0.000000 -9.821553 -2.762437 7.561072 -13.548376 -10.366820 10.498732 -3.224201 -3.381253 4.806141 0.000003 -0.000001 -0.000001 -0.668277 -0.020077 0.311960 1.246556 0.692439 1.378709 -7.235530 -6.646492 -5.633312 -0.000006 0.000001 -0.000001 -0.089371 -0.296237 1.293021 -0.075128 -1.158212 -0.800535 -8.227876 6.258361 -3.275364 -0.000003 0.000006 -0.000002 
-1.437567 109.820824 -0.484181 -1.443875 5.896252 0.974407 4.205413 0.131786 0.627531 -0.550935 -0.817102 0.829566 -1.206225 0.570959 -0.170068 -1.939595 -1.214944 -2.102820 -0.000000 0.000004 0.000001 5.744906 1.412444 -5.127094 8.904005 5.348329 -5.288720 -4.366812 -4.568634 0.432099 -0.000002 0.000001 0.000002 -8.476658 -2.798480 5.903908 -10.991523 -7.740286 8.238109 -3.614715 -2.969488 3.737827 -0.000001 -0.000007 -0.000003 0.160456 0.013951 0.316839 0.675474 0.437044 0.915860 -5.442755 -5.614256 -4.590597 -0.000004 -0.000001 0.000001 0.883879 -0.269433 1.325635 -0.924261 -0.829563 -1.148273 -6.101443 3.865211 -2.985566 -0.000001 0.000000 0.000002 
-1.377759 110.163124 -0.453788 -1.473959 4.417413 0.812573 4.102330 0.110425 0.487899 -0.339449 -0.628057 0.769811 -1.339925 0.285309 -0.194605 -1.852294 -1.166882 -1.593086 0.000001 -0.000001 -0.000000 4.709357 1.331571 -4.153186 6.559142 4.858524 -3.698830 -3.758563 -3.748669 -0.271913 -0.000003 -0.000000 -0.000001 -7.136752 -2.559223 4.814409 -8.785814 -5.499562 6.903654 -3.992251 -2.756248 3.242319 0.000002 0.000000 0.000001 0.708722 -0.081013 0.382709 0.186750 0.383899 0.524279 -4.314251 -4.478590 -3.502437 -0.000004 0.000000 -0.000000 1.263262 -0.138147 1.223268 -1.252913 -0.668078 -1.125275 -4.685680 2.740954 -2.416869 -0.000002 -0.000001 -0.000000 
-1.306273 110.484215 -0.420686 -0.007015 2.456186 0.611638 1.426496 0.034243 0.017784 0.821267 -0.133219 0.833221 -1.470233 0.175640 -0.280615 -0.154215 -0.159497 -0.945062 -0.000000 -0.000001 0.000000 3.443727 1.308388 -2.811073 4.145401 3.640772 -2.212113 -2.382091 -2.416078 -0.273967 -0.000001 0.000001 0.000001 -5.249754 -1.813761 3.637215 -6.382099 -4.076430 5.040690 -3.639870 -3.364027 2.767912 -0.000000 -0.000002 0.000000 -0.240662 0.006306 0.264057 -0.068716 0.190894 0.122320 -3.721317 -2.722699 -2.397688 -0.000004 0.000002 0.000000 0.083670 -0.174924 0.885113 -0.714023 -0.535227 -0.977406 -4.111613 3.192040 -1.709941 0.000002 0.000003 0.000002 
-1.221578 110.786255 -0.370651 -1.228257 1.842085 0.360714 2.981950 0.146845 0.034355 -0.723574 -0.845544 0.799314 -0.649120 0.034502 -0.626823 -0.678058 -0.530132 -0.245531 -0.000000 0.000002 -0.000000 2.132632 1.101571 -1.524994 2.242778 2.293201 -1.273544 -1.471813 -1.316217 -0.439926 -0.000000 0.000003 0.000002 -3.395950 -1.125222 2.492569 -3.945156 -2.412058 3.141450 -2.934407 -2.961354 1.816395 -0.000001 -0.000000 0.000001 1.117084 0.218483 0.161737 0.065170 -0.265910 0.254824 -1.851676 -1.877813 -1.620878 -0.000002 -0.000000 -0.000000 1.099364 -0.213178 0.730045 -0.378875 -0.126255 -0.709659 -2.063694 1.026233 -1.178825 -0.000003 0.000007 -0.000000 
-1.134263 111.056465 -0.324448 -0.859719 0.966266 0.242903 1.573891 0.084743 -0.055653 -0.340362 -0.444157 0.508457 -0.326476 -0.000855 -0.332383 -0.885369 -0.501476 -0.181739 0.000001 0.000000 -0.000000 1.218001 0.932497 -0.719829 1.338038 1.026975 -0.650534 -0.842884 -0.582911 -0.354047 0.000001 0.000001 0.000002 -1.562294 -0.508194 1.418599 -2.118192 -1.799309 2.018252 -1.766270 -1.274133 1.293999 0.000001 -0.000001 -0.000000 0.602867 0.109356 -0.009108 -0.082721 -0.214035 0.084749 -0.885677 -0.933613 -0.808035 0.000000 0.000000 0.000000 0.758104 -0.087599 0.349251 -0.534065 -0.051854 -0.381489 -1.042530 -0.136905 -0.945716 -0.000000 0.000000 0.000002 
-1.038105 111.307724 -0.276468 -0.098777 0.090301 -0.000872 0.133361 0.000464 0.026912 -0.022379 -0.043184 0.073863 -0.008735 0.022528 -0.055726 -0.038294 -0.006353 0.006618 0.000001 -0.000003 0.000001 0.140195 0.060706 -0.068058 0.175272 0.145098 0.001022 -0.097940 -0.097748 0.061823 -0.000000 -0.000000 -0.000001 -0.162193 -0.064452 0.162166 -0.176915 -0.247299 0.219362 -0.186872 -0.186315 0.232464 0.000000 -0.000004 -0.000001 0.061642 -0.003283 0.019990 -0.013042 -0.003456 0.012365 0.007578 -0.082534 -0.035713 -0.000001 0.000000 -0.000000 0.067771 -0.006829 0.058899 -0.030784 -0.013951 -0.052078 -0.029211 -0.041020 -0.052376 0.000000 0.000003 -0.000000 
-0.937625 111.530121 -0.229777 0.731354 -0.668468 0.011307 -0.987350 -0.001454 -0.199276 0.167476 0.318807 -0.547306 0.065369 -0.166541 0.412690 0.283483 0.046957 -0.049167 -0.000000 -0.000003 -0.000000 -1.035666 -0.454487 0.499263 -1.297828 -1.074045 -0.021388 0.728406 0.720278 -0.462944 -0.000000 0.000001 -0.000000 1.206355 0.462848 -1.206216 1.339500 1.809313 -1.648199 1.407033 1.355305 -1.740069 0.000001 -0.000003 -0.000001 -0.456310 0.024940 -0.147873 0.096535 0.025520 -0.091596 -0.057631 0.610909 0.264793 -0.000003 0.000000 0.000001 -0.501532 0.052778 -0.435819 0.227476 0.104213 0.385287 0.215114 0.304516 0.387060 0.000001 0.000000 -0.000000 
-0.844708 111.740883 -0.188314 1.063442 -1.077056 -0.092761 -1.607251 -0.045475 -0.271816 0.115055 0.449089 -0.882497 0.362674 -0.575797 0.568980 0.603829 -0.048999 0.011131 0.000000 -0.000007 -0.000000 -1.777962 -0.438404 0.902407 -2.214431 -2.114480 -0.102729 0.992370 1.417071 -0.774787 0.000001 0.000001 -0.000001 1.862845 0.331669 -2.149689 2.434448 2.811255 -2.819787 1.218504 -0.578441 -3.127800 -0.000000 -0.000002 -0.000000 -0.416693 0.008111 -0.048897 0.296278 0.267940 -0.173941 -0.862771 1.000828 0.429645 -0.000003 0.000000 -0.000000 -0.811132 0.080338 -0.531828 0.646559 0.001403 0.538259 0.367909 0.831634 0.541467 0.000002 0.000001 -0.000000 
-0.747139 111.939804 -0.153806 1.335516 -1.486427 -0.039200 -1.855717 -0.012721 -0.443519 0.201286 0.642659 -1.321543 0.152890 -0.718601 0.557225 0.569932 -0.141241 0.295574 -0.000000 -0.000001 -0.000000 -2.578631 -0.594342 1.330079 -3.263224 -2.986377 -0.142404 1.760817 1.057079 -1.238867 -0.000002 -0.000001 -0.000000 2.925562 0.604856 -3.130785 3.928957 3.769203 -4.487045 1.527379 -1.833696 -3.852430 -0.000002 -0.000001 -0.000001 -0.664104 0.237433 -0.141357 0.010456 0.185303 -0.278770 0.501159 0.974140 0.506483 -0.000001 -0.000002 -0.000000 -1.066178 -0.013148 -0.811645 0.835653 0.101315 0.560242 1.173017 0.585160 1.107083 -0.000003 -0.000002 -0.000002 
-0.646264 112.123032 -0.121864 1.000298 -1.616240 -0.273317 -1.676825 -0.052458 -0.226519 -0.084128 0.788624 -1.793785 0.351309 -0.754082 0.709945 0.469730 -0.512450 0.642308 -0.000001 -0.000001 0.000000 -3.296666 -1.083837 1.858666 -3.858721 -4.311453 -0.256273 2.470436 1.372382 -1.627211 -0.000000 -0.000002 -0.000001 4.498061 0.832907 -4.310253 5.276180 4.055818 -5.726752 2.145953 -2.074948 -5.087651 0.000000 0.000000 0.000000 -0.287436 0.195300 0.025975 -0.186597 0.212462 -0.335109 1.375891 0.905577 0.646922 -0.000004 -0.000001 -0.000000 -0.496257 0.005378 -0.729776 0.354676 0.129569 0.545608 2.373145 -1.098360 1.260608 -0.000001 -0.000001 0.000003 
-0.551312 112.297401 -0.092897 1.394452 -1.928888 -0.465691 -2.179523 -0.070126 -0.247009 -0.092516 0.768643 -1.840020 0.360959 -0.292045 0.609173 0.595782 -0.579294 1.043668 -0.000001 -0.000002 0.000001 -3.702381 -1.440709 2.355263 -4.214487 -5.560617 -0.403184 2.853183 1.705571 -1.249949 -0.000000 0.000003 0.000002 5.418718 0.896654 -4.941250 6.578297 4.393616 -6.766522 2.842110 -2.973523 -5.369441 -0.000000 0.000000 -0.000002 -0.454504 0.368740 0.179928 -0.561176 0.139809 -0.379883 1.812599 1.045856 0.717954 -0.000004 0.000002 0.000000 -0.528689 -0.152127 -0.674771 -0.066597 0.085532 0.459754 2.886318 -1.474244 1.549642 -0.000003 0.000002 -0.000002 
-0.449496 112.455887 -0.069031 1.667594 -2.040542 -0.598886 -2.802932 -0.112596 -0.178688 0.079031 1.034742 -2.214305 0.302997 0.280377 0.889561 0.819432 -0.779642 1.356935 -0.000001 0.000002 0.000001 -4.477109 -1.701063 2.883621 -4.377638 -6.869766 -0.968441 3.124986 0.557922 -1.468901 -0.000000 0.000004 0.000001 6.533026 0.690250 -6.096781 8.300669 5.877708 -8.165858 4.134299 -2.684393 -6.333735 0.000003 -0.000003 -0.000004 -0.418570 0.438529 0.214278 -0.439511 0.200882 -0.296014 0.962081 1.158206 0.609209 -0.000006 0.000000 -0.000001 -0.817033 -0.157710 -0.770500 0.379113 0.082877 0.416401 3.094171 -0.270159 2.317192 0.000003 0.000001 -0.000000 
-0.340165 112.595612 -0.045031 0.865493 -2.461986 -1.003415 -1.149899 0.018641 0.092833 -1.990146 0.389949 -2.742459 1.081999 0.867302 1.281057 1.237475 -0.998024 1.204518 -0.000000 -0.000002 0.000001 -5.268483 -1.911300 3.202235 -4.210110 -7.918108 -1.856652 3.086542 0.582789 -1.096808 -0.000001 0.000004 0.000003 7.391435 0.529799 -7.189582 9.838236 7.769379 -9.544437 6.019330 -1.906727 -7.625984 -0.000002 -0.000002 0.000002 0.799419 0.555049 0.628510 -0.555830 0.424778 -0.299957 1.574210 0.512623 0.458074 -0.000006 -0.000000 0.000001 -0.030930 -0.234089 -0.875488 0.854300 -0.032544 0.545859 4.029599 -0.247941 2.702826 -0.000001 0.000002 -0.000002 
-0.227250 112.717369 -0.021325 0.368773 -2.857487 -1.224550 -0.342400 0.069499 0.330211 -3.094926 0.181226 -3.204073 1.647053 1.493905 1.686442 1.575441 -1.132573 1.087129 0.000000 -0.000001 -0.000000 -5.920762 -1.994140 3.739980 -3.842609 -8.853502 -2.441621 2.757613 -0.179102 -0.765287 0.000000 -0.000000 -0.000000 8.608512 0.533361 -8.150082 10.708637 8.406275 -10.038032 7.989887 -0.727385 -8.922268 0.000000 0.000004 -0.000007 1.515800 0.610817 0.757019 -0.527463 0.598367 -0.224269 1.999205 0.234522 0.596773 -0.000000 -0.000000 0.000000 0.436090 -0.249622 -1.083142 0.997442 -0.289118 0.674130 4.906108 -0.021444 2.953463 -0.000001 -0.000004 -0.000000 
-0.097530 112.861816 -0.029517 -0.225852 -2.986542 -1.570301 0.634991 0.073300 0.568462 -3.831895 -0.169740 -3.255322 1.859274 1.654797 1.548919 1.138565 -1.662273 1.159611 0.000001 -0.000001 0.000000 -6.823002 -2.566948 4.346864 -3.298327 -8.958639 -3.144768 1.927170 -1.871979 -0.826051 -0.000002 -0.000001 0.000000 8.432540 0.074184 -8.739399 13.174074 10.119464 -12.008890 8.174530 -0.947068 -9.003718 0.000003 0.000000 0.000002 2.286300 0.591874 0.979561 -0.766304 0.604095 -0.201519 1.951269 1.154992 1.174986 -0.000004 -0.000001 0.000001 0.652961 -0.173611 -1.373076 1.272843 -0.505747 1.240519 4.228261 -0.730916 2.164399 -0.000005 -0.000001 -0.000000 
0.057224 113.022652 -0.090645 0.733254 -4.329728 -1.924997 -0.039024 0.040840 0.559602 -5.143717 -0.775284 -3.239053 2.940503 2.812182 1.473058 2.020864 -1.331234 1.577755 -0.000000 -0.000005 -0.000000 -7.843962 -3.109826 4.460094 -3.463491 -10.763267 -5.077616 0.296592 -1.200679 -1.270290 -0.000001 0.000003 0.000001 8.549517 1.154888 -9.318322 13.911878 11.076783 -13.609675 7.518134 -0.984940 -10.367780 -0.000000 -0.000001 0.000003 2.656758 0.598568 1.100044 -2.192353 0.669610 1.077176 -5.691688 -1.097184 -1.723694 -0.000004 0.000000 -0.000001 -0.406585 0.056995 -2.475720 1.793136 -1.032649 1.891645 -4.394332 -1.867594 -4.248642 -0.000001 0.000005 -0.000002 
0.216519 113.110756 -0.090029 -0.869307 -2.687053 -1.922820 0.855571 0.005596 0.755190 -5.212365 -0.965224 -3.061843 3.055903 1.772368 0.677049 2.994025 -1.255348 2.426885 0.000001 -0.000001 0.000001 -7.653551 -4.506247 5.153045 -1.663456 -13.288527 -6.624709 -2.713666 -0.471618 1.627402 -0.000001 0.000001 0.000001 10.335213 1.662981 -9.733269 16.286620 11.694765 -14.643741 11.209434 2.516735 -11.472740 -0.000002 -0.000003 -0.000003 3.070826 0.784750 0.882642 -0.375434 0.733038 1.041994 -3.273403 -0.155733 -0.601505 -0.000003 0.000000 -0.000000 -0.060674 0.005453 -2.548852 2.829803 -1.009421 2.750505 -2.295854 -0.698650 -2.240947 -0.000000 0.000001 -0.000000 
0.397722 113.231216 -0.146890 0.034644 -4.376623 -2.375572 0.160093 -0.034107 0.622711 -3.280247 -0.356155 -2.779269 1.175270 1.202239 0.594764 2.470150 -2.454979 3.023049 0.000001 -0.000003 -0.000000 -7.854973 -6.479095 5.818097 -0.672774 -16.444488 -8.850856 -6.559345 4.219246 5.066336 -0.000002 0.000001 0.000001 10.921034 3.156581 -9.409739 18.118614 12.502590 -15.931247 12.476477 1.680783 -13.076196 0.000004 -0.000003 -0.000002 3.953612 1.098061 1.124084 -0.938935 0.709389 2.215354 -9.042599 -1.983924 -3.124890 -0.000008 -0.000001 0.000002 -2.487672 0.185809 -3.880624 4.806178 -1.378191 4.003196 -8.099643 -1.477473 -7.105873 -0.000004 0.000006 0.000000 
0.610405 113.289757 -0.175814 -0.676487 -3.370413 -2.447889 0.114064 -0.081025 0.622224 -3.142886 -0.750349 -2.081310 1.060795 -0.274138 -0.515108 3.036043 -2.915282 4.042921 -0.000000 0.000000 -0.000001 -7.042786 -8.754103 6.396428 0.992569 -17.998131 -10.171636 -10.141640 4.735322 7.856339 -0.000002 0.000003 0.000000 12.398421 3.905065 -9.852427 20.378503 13.924512 -17.018270 11.370198 -1.604960 -13.273345 0.000003 0.000002 -0.000004 4.916594 1.265728 1.050551 -1.186951 0.236622 2.860698 -13.139271 -3.408423 -5.250192 -0.000004 0.000000 -0.000001 -4.378708 0.596488 -5.524916 7.018286 -1.376162 6.157575 -11.619649 -3.152028 -11.049388 0.000003 0.000002 -0.000007 
0.826162 113.317848 -0.224480 -0.930224 -4.817659 -2.575414 0.890633 -0.007507 0.702341 -3.408722 -1.033997 -2.088619 0.837463 -1.130082 -0.965198 4.093032 -2.081534 3.368815 -0.000000 0.000002 -0.000001 -6.090034 -11.177590 5.110402 0.820301 -17.090571 -11.267089 -14.474421 7.103350 9.955225 -0.000002 -0.000001 0.000001 12.410514 5.316302 -9.972671 21.372914 16.137434 -18.977751 12.028419 0.716467 -14.707308 -0.000000 -0.000001 -0.000000 5.743358 1.386184 0.959265 -0.887717 0.412973 2.740470 -15.484645 -3.357888 -5.981204 -0.000002 0.000000 0.000000 -6.971343 1.012548 -6.794598 9.183822 -1.237410 7.950835 -13.559333 -4.095915 -13.153737 -0.000001 0.000000 0.000002 
1.077053 113.251144 -0.264384 -0.844410 -4.725231 -2.950828 0.577683 -0.178474 1.595308 -3.819819 -1.285304 -2.155389 1.703317 -2.415891 -1.563315 4.674286 -0.986259 1.525463 0.000001 -0.000001 -0.000000 -4.625100 -12.550707 3.569679 0.986989 -14.482515 -11.326605 -16.357781 1.362752 7.592896 -0.000001 0.000003 0.000001 11.564994 6.036801 -9.382475 24.024104 18.145977 -21.942973 12.041306 2.266028 -15.823960 -0.000000 -0.000002 -0.000000 6.574529 1.437393 1.123071 -0.524900 0.446663 2.713644 -17.104354 -3.147754 -6.380984 -0.000000 0.000003 -0.000001 -9.659319 1.638898 -8.091389 11.167238 -0.852160 10.320605 -14.166862 -5.827701 -14.787237 0.000002 0.000006 0.000002 
1.355088 113.142647 -0.321636 -0.808982 -5.451034 -3.382287 0.563733 -0.265671 2.290411 -3.557708 -0.917528 -2.524910 2.047645 -2.325218 -1.274325 4.058725 -0.436654 0.324580 0.000000 -0.000002 0.000001 -1.929654 -12.852391 1.459646 6.934167 -14.190449 -14.925652 -28.611802 -13.737772 6.295502 -0.000002 0.000001 0.000000 11.584908 5.751255 -9.436545 25.037406 18.078806 -22.745807 13.855632 3.778372 -17.369466 0.000000 -0.000001 -0.000000 7.061739 1.451696 1.174793 -0.636441 0.270029 2.502114 -18.416734 -3.372712 -7.167814 -0.000002 -0.000002 -0.000000 -12.215814 2.444535 -9.511585 13.604041 -0.022504 13.267117 -15.591662 -7.162495 -16.730970 -0.000001 0.000004 -0.000000 
1.635187 112.979500 -0.354424 -2.952335 -3.917634 -3.440247 3.392987 -0.050110 2.503868 -6.090693 -1.944214 -2.602417 4.083827 -2.654222 -1.532135 3.015547 -0.412706 0.289696 0.000002 0.000002 0.000000 -0.365295 -13.180774 0.370499 10.608084 -14.909572 -17.462434 -37.960269 -25.533820 1.985411 0.000000 0.000003 -0.000001 14.211688 6.619474 -10.682241 25.059966 18.425222 -22.816098 14.564432 4.438990 -17.783492 0.000001 0.000004 -0.000000 8.544087 1.592992 1.245290 0.360042 0.201257 1.667706 -16.820341 -0.591834 -4.615079 0.000000 -0.000001 -0.000002 -11.748987 2.860399 -10.739950 17.057183 1.429733 16.224896 -13.184530 -4.665214 -12.936973 -0.000000 -0.000001 -0.000003 
1.952707 112.793159 -0.421088 -2.910134 -5.328889 -3.377060 2.820612 -0.100255 2.724879 -4.681846 -0.707336 -3.571793 3.576404 -2.398260 -0.482488 3.753337 -0.329871 -0.723659 0.000001 0.000002 0.000001 0.040221 -14.395085 0.409481 11.471341 -13.059230 -16.671281 -44.398320 -36.245792 -5.830313 -0.000001 0.000003 -0.000000 14.006169 6.837559 -10.110580 25.350735 16.376258 -22.508998 14.923967 2.964080 -18.350898 0.000001 0.000005 0.000000 8.150763 1.414041 0.498394 1.439935 0.757713 2.324579 -18.590108 -2.045377 -6.031873 -0.000006 -0.000001 -0.000001 -13.861358 3.621905 -12.313685 19.022688 1.457272 18.060694 -15.156989 -6.345379 -16.253955 -0.000003 -0.000003 -0.000000 
2.284729 112.530304 -0.470823 -3.348089 -6.760395 -3.833819 2.514875 -0.124498 2.661644 -4.580769 -0.489493 -3.777604 3.221984 -2.706248 -0.082625 4.118294 0.173442 -0.958291 -0.000000 0.000002 0.000000 0.342566 -14.224976 0.217164 12.301435 -11.689334 -15.581617 -49.215082 -46.614877 -16.741460 0.000000 0.000001 0.000002 13.551394 7.193935 -9.300794 25.635732 16.726187 -21.874541 17.246345 2.246223 -20.436947 0.000004 0.000001 -0.000002 8.291536 1.223923 0.443620 1.227430 1.019272 2.485712 -19.830776 -2.092684 -6.215832 -0.000002 0.000000 0.000001 -14.233626 4.169759 -13.258886 20.320141 1.764930 19.702254 -17.096139 -7.772314 -18.777503 -0.000000 0.000006 -0.000002 
2.614374 112.250610 -0.500131 -4.031764 -7.655606 -4.309211 2.498600 -0.124838 2.656684 -3.787385 -0.262564 -3.516892 2.418270 -3.293412 -0.029415 4.125912 0.285775 -1.089844 -0.000000 0.000000 0.000000 0.051122 -14.061498 0.345776 11.133146 -10.802894 -13.832965 -51.342443 -53.765337 -26.288853 0.000001 0.000001 0.000000 12.839551 7.087835 -8.716672 25.842362 17.447966 -21.573520 18.376996 0.822997 -21.530717 -0.000002 -0.000006 0.000001 8.438642 1.083014 0.471595 1.071531 1.417402 2.383562 -20.577465 -1.902891 -6.148570 -0.000003 0.000004 0.000002 -14.046948 4.494357 -13.876558 21.178292 1.927911 20.825368 -18.717399 -8.160887 -20.352572 -0.000000 0.000000 0.000002 
2.981995 111.898590 -0.504969 -5.171824 -6.855409 -4.658934 2.666417 -0.137109 2.624703 -1.916554 -0.103331 -2.499997 1.172538 -5.023635 -1.173470 3.705492 0.627396 -1.030999 0.000001 -0.000003 -0.000001 0.260433 -14.676982 0.329620 10.134065 -10.473516 -13.250383 -51.527637 -59.346838 -34.294721 -0.000002 0.000003 0.000001 14.419407 8.043980 -9.326586 24.500684 18.921548 -20.641766 20.400831 0.957674 -22.533008 0.000001 0.000004 0.000002 8.575146 1.495790 0.378544 3.481342 1.346243 1.820898 -19.402059 0.451500 -4.055055 0.000000 0.000004 -0.000000 -12.946025 4.466230 -15.142128 23.807032 3.289108 23.871269 -12.923618 -5.334234 -13.729082 -0.000002 0.000006 0.000002 
3.383324 111.499908 -0.520850 -6.527997 -6.918262 -5.165477 4.067978 -0.053691 2.529968 -0.856084 -0.201791 -1.412479 -0.289411 -5.899192 -1.841776 4.166361 1.476759 -0.937492 -0.000001 0.000002 -0.000000 1.168660 -14.663414 0.024854 11.034053 -9.751851 -13.592604 -49.695019 -61.213665 -37.468857 0.000000 0.000001 0.000001 14.821756 8.284132 -9.051255 25.101452 21.296624 -20.512926 20.620066 -0.641967 -24.349293 -0.000000 0.000004 0.000001 9.131395 1.589042 -0.131357 5.093307 1.448534 2.220326 -19.983388 -0.433792 -4.844335 -0.000006 0.000000 -0.000000 -11.647854 4.645606 -16.431340 25.802061 4.469383 26.691502 -8.252748 -1.310800 -7.863222 -0.000002 0.000003 -0.000003 
3.776158 111.086861 -0.523306 -6.706392 -6.008901 -5.665061 4.333359 -0.124710 3.164646 -2.228808 -1.349049 -0.616015 1.200862 -6.291408 -2.893552 4.222061 1.660496 -1.400201 -0.000000 -0.000001 -0.000000 1.328496 -14.613168 -0.185944 10.495795 -9.151938 -13.495621 -42.383414 -60.309341 -33.874446 0.000000 0.000001 0.000001 14.379980 8.651318 -8.587225 25.020301 22.615007 -20.643417 21.581989 0.105359 -25.583288 0.000003 -0.000000 0.000002 9.102953 1.693571 -0.067960 5.925791 1.328179 2.947419 -20.862306 -1.535545 -6.053894 -0.000004 0.000004 -0.000000 -11.182987 4.787930 -17.360113 26.222606 5.101034 29.353978 -5.848001 0.510553 -5.150572 -0.000001 0.000001 -0.000000 
4.196459 110.622955 -0.531242 -6.765756 -5.946460 -6.034788 4.629529 -0.146113 3.646198 -3.682220 -2.108920 -0.521360 2.732789 -5.327908 -3.122889 3.918886 1.494976 -1.573430 -0.000001 0.000000 0.000001 1.404447 -15.527791 -0.527777 10.300198 -9.671450 -14.090853 -35.092153 -57.509039 -29.051486 -0.000000 0.000001 -0.000000 13.925386 8.737072 -8.426157 24.812445 24.300232 -20.712709 22.356145 1.763035 -26.379678 -0.000001 -0.000002 0.000000 8.969217 1.678642 -0.283567 6.492830 1.357712 3.515676 -22.599672 -1.751440 -6.887131 -0.000005 -0.000002 0.000001 -11.326248 5.350910 -19.006991 26.188847 5.779458 32.455024 -4.300057 -0.068833 -4.088543 -0.000001 0.000005 0.000003 
4.643087 110.117607 -0.534417 -7.307887 -6.254697 -6.600871 5.625934 -0.123670 4.355912 -3.790234 -2.089503 -0.569707 1.970852 -6.158136 -3.527731 5.670255 3.486658 -2.523349 0.000000 -0.000002 0.000001 2.110794 -15.329175 -1.042420 10.584689 -9.007986 -13.781424 -30.452999 -56.563354 -26.880817 -0.000003 0.000001 0.000002 14.890116 10.081381 -8.239922 23.769058 24.512051 -19.483801 24.386717 2.812486 -27.892589 0.000000 -0.000003 -0.000001 9.448984 1.710946 -0.304412 7.510788 1.159720 3.739018 -24.038048 -1.386985 -7.094349 -0.000004 -0.000002 -0.000001 -11.604286 6.274058 -21.428016 25.784056 6.531928 36.400445 -1.171629 -2.908587 -3.219422 -0.000005 0.000002 0.000003 
5.080158 109.613365 -0.537972 -7.469509 -6.701951 -6.978520 6.107984 -0.104946 4.850146 -4.598024 -2.577581 -0.493820 2.225786 -5.662736 -3.989540 5.448965 3.318559 -2.522596 0.000000 -0.000001 -0.000001 2.161591 -15.978512 -1.373281 10.957043 -8.192637 -14.377931 -27.265996 -56.003030 -26.163571 -0.000003 -0.000001 -0.000000 14.409898 10.572506 -7.954314 24.218097 26.765496 -20.192331 24.869446 4.216485 -28.081828 0.000002 0.000001 -0.000002 9.202937 1.775249 -0.264625 8.433130 1.139020 3.718975 -25.330402 -0.852093 -7.167648 -0.000002 0.000000 0.000000 -12.499031 7.080168 -23.511051 26.607243 7.562871 39.540928 0.502585 -3.374083 -2.126454 -0.000003 -0.000002 -0.000001 
5.551945 109.086975 -0.540219 -7.595314 -6.873721 -7.543131 6.735294 -0.112286 5.719575 -5.155750 -2.852700 -0.476684 2.460278 -5.531046 -4.420565 5.410369 3.534048 -2.591815 -0.000000 -0.000003 0.000001 2.167842 -16.631879 -1.453580 10.855960 -8.450530 -14.641916 -23.655853 -54.056351 -23.538348 -0.000001 0.000002 0.000003 14.286647 11.038971 -7.715195 23.925726 28.331287 -19.863341 26.346558 5.294887 -28.802819 0.000002 0.000002 0.000002 9.131737 1.834059 -0.140256 9.484820 1.149349 3.805845 -27.119707 -1.026983 -7.904687 -0.000003 -0.000003 -0.000003 -13.805592 8.307192 -26.129749 27.735163 8.975814 43.523079 -0.830785 -5.761449 -4.105163 -0.000003 0.000003 -0.000000 
6.044209 108.566475 -0.560131 -7.743595 -7.133599 -8.253956 7.378706 -0.163611 6.762428 -4.762734 -2.603507 -0.508800 1.629898 -5.537592 -4.756758 5.481791 3.876136 -2.667079 0.000001 -0.000003 0.000000 2.492755 -17.367621 -1.305827 11.053534 -9.262075 -15.262117 -21.556407 -52.317094 -22.063379 0.000002 0.000003 -0.000000 14.240141 11.922248 -7.124665 23.513264 29.180303 -19.280106 27.054219 5.525205 -30.081768 -0.000002 -0.000005 -0.000000 8.107597 1.723264 -0.158499 10.221995 1.108248 4.421381 -29.168306 -1.152490 -8.653287 -0.000003 -0.000003 -0.000002 -13.667483 9.242987 -29.132335 27.098130 9.201905 46.972365 -5.704348 -8.563655 -9.068405 -0.000004 0.000005 -0.000002 
6.517628 108.095505 -0.594708 -8.293246 -8.063504 -8.716903 8.216872 -0.071127 7.087791 -4.466887 -2.331290 -0.761981 0.989133 -4.929193 -4.506659 5.811996 4.034045 -2.784881 0.000001 0.000000 0.000001 2.689584 -17.923362 -1.265396 11.196380 -10.005298 -15.588315 -19.450309 -50.718618 -20.046211 0.000002 0.000000 -0.000002 13.822298 12.219615 -6.558651 22.936383 29.618907 -18.593778 28.538062 5.874992 -30.999637 -0.000000 -0.000005 -0.000000 8.066792 1.848255 -0.563578 10.125708 1.179297 4.976688 -30.736985 -0.806547 -8.881831 -0.000004 0.000003 0.000002 -13.619148 9.891709 -31.288137 26.898695 9.252135 48.463580 -10.045905 -9.764679 -13.196225 -0.000001 -0.000003 -0.000003 
7.003367 107.648529 -0.648733 -8.526670 -8.760038 -9.617682 8.615059 -0.088737 7.998780 -4.388768 -2.076878 -1.093318 1.012803 -4.153143 -4.070463 6.077777 4.353150 -2.947325 0.000001 0.000000 0.000000 2.740548 -18.382122 -1.373831 11.397909 -10.334269 -15.374191 -18.574508 -50.240457 -19.251617 -0.000000 -0.000001 0.000000 13.331091 12.411090 -5.937025 22.578988 30.098759 -17.860731 30.217122 5.465041 -32.381838 -0.000001 -0.000000 -0.000004 7.251487 1.741918 -0.432986 10.810008 1.253785 5.606412 -32.903016 0.151449 -8.664594 -0.000006 0.000002 0.000001 -13.303447 10.546306 -33.427718 25.163686 8.474694 49.484140 -16.081417 -9.826540 -18.063923 -0.000003 0.000006 0.000002 
7.495511 107.227425 -0.699888 -8.969299 -8.631542 -10.236677 9.231638 -0.139149 8.907338 -4.356249 -1.735613 -1.495531 1.315307 -4.474768 -3.692582 5.921928 4.651205 -3.502514 0.000001 -0.000004 0.000002 3.199045 -18.811266 -0.929425 12.234041 -11.112503 -14.773356 -20.273115 -50.528650 -18.231754 0.000001 0.000001 -0.000000 13.229649 12.606274 -5.070013 22.149132 29.591607 -16.389216 32.818342 4.825748 -34.842530 0.000003 -0.000001 -0.000003 6.540561 1.412708 -0.426985 12.437698 1.433336 6.143953 -35.378321 1.701407 -7.862359 -0.000002 0.000001 -0.000000 -12.419558 11.337501 -36.044220 21.673686 6.550277 50.445609 -21.986119 -11.741137 -24.233371 -0.000002 0.000000 -0.000005 
7.963198 106.844505 -0.765045 -8.784114 -8.613576 -10.645546 9.284948 -0.194033 9.530323 -4.002298 -1.388776 -1.762413 0.760374 -4.525243 -3.344755 6.265552 4.972194 -3.631409 -0.000001 -0.000003 0.000000 3.317247 -18.810619 -1.148278 12.574355 -10.818254 -14.793891 -21.111536 -52.532597 -20.217997 0.000001 0.000000 0.000004 14.563645 13.879814 -5.523558 19.923764 28.838572 -14.480001 34.084235 5.115812 -36.393697 0.000000 0.000000 -0.000000 5.962779 1.231575 -0.351378 13.232297 1.665966 6.472855 -36.660542 2.376292 -7.589566 -0.000003 0.000004 0.000001 -12.855590 12.103936 -37.550632 20.688032 5.862343 50.092683 -26.154502 -13.399147 -28.905145 -0.000003 -0.000002 0.000001 
8.448342 106.494324 -0.857580 -8.396275 -9.336198 -10.894802 8.237875 -0.437141 10.244287 -2.774642 -0.720432 -1.854009 0.092128 -4.384920 -3.730240 5.715040 5.128220 -3.781279 0.000001 -0.000003 0.000001 3.783784 -18.709900 -0.936794 12.972548 -10.331208 -14.172117 -21.636620 -56.155514 -22.298893 -0.000002 0.000002 -0.000002 13.121528 13.020069 -4.200149 21.192793 30.271754 -14.787679 36.005895 4.552166 -36.880460 0.000000 0.000003 -0.000000 5.335814 1.262937 -0.698082 13.113339 1.705344 6.811650 -37.442219 3.532012 -6.341280 -0.000001 -0.000003 -0.000002 -13.942976 13.114676 -39.357985 19.326048 4.761868 49.328053 -29.319028 -14.402224 -32.595746 -0.000000 -0.000002 -0.000002 
8.928102 106.169380 -0.949420 -8.598943 -9.172938 -11.240537 8.222646 -0.571563 11.004920 -2.279340 -0.311431 -1.942176 -0.144961 -4.305633 -3.743439 5.308020 5.443098 -3.951162 -0.000000 0.000004 -0.000000 4.021334 -18.822219 -0.646500 12.873507 -10.218205 -13.310054 -22.581570 -58.361938 -24.127478 -0.000003 0.000000 -0.000002 13.257913 13.453131 -3.644177 21.134760 29.988335 -14.069795 37.341819 5.252698 -37.741761 -0.000003 -0.000007 -0.000003 5.054834 0.880295 -0.788801 13.431402 1.480581 6.811010 -37.430799 4.051737 -5.739285 -0.000000 0.000002 0.000001 -14.774377 14.355142 -41.108484 17.798976 4.001080 48.842423 -32.069808 -14.859176 -35.292667 0.000003 0.000003 -0.000002 
9.374321 105.872536 -1.034126 -9.880226 -7.364286 -11.246296 10.026825 -0.385578 11.474807 -5.835082 -2.173887 -1.461934 2.442033 -3.803041 -4.652871 5.641163 6.062672 -3.901906 0.000000 0.000000 0.000001 4.391546 -18.741783 -0.488166 13.439924 -10.316603 -13.052200 -23.386257 -59.442119 -24.834885 -0.000000 0.000003 -0.000000 13.475163 13.729881 -3.266062 21.157694 29.830783 -13.489754 37.956054 4.845829 -38.327023 -0.000000 -0.000001 -0.000001 5.921959 0.811945 -1.138712 14.436387 1.368540 7.609639 -38.404484 3.876730 -6.105504 -0.000003 0.000005 0.000002 -13.423648 14.595681 -43.154429 16.072016 3.013461 48.966166 -34.659542 -16.649380 -38.848156 -0.000001 0.000005 -0.000002 
9.800503 105.602715 -1.126810 -9.533088 -7.525601 -11.579425 9.005168 -0.579165 11.855527 -3.571484 -1.125514 -1.486260 0.847391 -4.218995 -4.517447 5.672897 6.256335 -3.865600 -0.000000 -0.000002 0.000001 4.254032 -19.177206 -0.621582 13.168775 -9.710512 -13.157986 -22.979847 -61.065197 -26.780419 -0.000000 0.000001 -0.000000 12.990770 14.417660 -2.810155 19.969714 30.197615 -12.886812 39.144569 6.706214 -38.864876 -0.000003 -0.000001 -0.000001 5.144757 0.813657 -1.029452 15.198032 1.402757 7.573846 -38.832836 4.328241 -5.641856 -0.000002 0.000002 0.000001 -15.287128 15.839830 -44.350720 15.692962 2.774667 48.928791 -36.455028 -16.301428 -40.466303 -0.000003 0.000001 -0.000000 
10.199172 105.353798 -1.205779 -9.316457 -7.212941 -11.946873 8.708478 -0.744930 12.660479 -3.707561 -0.953985 -1.651103 1.438250 -4.409643 -4.391369 5.809427 6.751940 -4.094958 -0.000000 -0.000003 -0.000000 3.947329 -19.812176 -0.490868 12.777313 -9.588880 -13.303738 -22.638628 -61.012324 -28.183114 -0.000000 0.000003 0.000001 12.301550 15.095567 -2.211056 19.015474 30.804078 -12.492616 39.791955 9.013892 -40.470090 0.000000 -0.000001 -0.000002 4.729544 0.265204 -0.751968 15.643235 1.567387 7.425085 -38.798637 4.534660 -5.491127 -0.000001 -0.000001 -0.000002 -16.011857 17.127049 -45.960036 14.370756 2.265982 49.520545 -38.912592 -16.350879 -42.409806 0.000000 0.000004 -0.000000 
10.566899 105.135925 -1.282653 -9.343473 -6.393551 -12.198167 8.414486 -0.875761 13.342470 -3.666522 -0.935462 -1.637052 1.584838 -4.972787 -4.646348 6.423045 7.305777 -4.221964 0.000001 0.000002 -0.000000 4.122907 -20.187720 -0.492521 12.518459 -9.837159 -13.097782 -21.426276 -60.631692 -27.446273 -0.000003 0.000000 -0.000002 12.116360 15.726256 -1.674795 18.739758 31.450299 -12.201872 40.273299 9.744878 -41.006673 0.000001 0.000003 0.000003 4.676934 0.163227 -0.561734 15.757363 1.503209 7.699977 -39.009266 4.549967 -5.581143 -0.000004 -0.000002 0.000000 -16.367126 17.851101 -47.095462 13.120776 1.719441 49.799548 -39.632641 -16.479160 -42.947325 -0.000000 -0.000001 -0.000003 
10.913966 104.947113 -1.379606 -9.703896 -6.139345 -12.529652 9.627711 -0.644430 13.493823 -4.137092 -1.287254 -1.602559 1.312861 -4.129146 -4.548065 5.732521 6.663376 -4.092412 0.000002 0.000002 0.000001 4.031765 -20.852209 -0.544614 12.569930 -9.712420 -13.508819 -20.792687 -61.888365 -28.769416 -0.000001 0.000001 -0.000000 11.315488 16.198034 -1.003077 17.581185 32.517540 -11.447574 41.246488 11.645342 -41.054805 -0.000003 -0.000005 -0.000001 4.592048 0.359083 -0.423421 15.745517 1.447324 7.987415 -37.970876 3.984782 -5.999791 -0.000006 0.000002 0.000001 -17.188098 18.557846 -48.179430 14.353608 2.469264 49.700804 -38.890233 -14.514374 -40.947466 -0.000001 0.000003 -0.000003 
11.229317 104.759392 -1.465343 -9.903655 -4.439488 -12.723631 9.813044 -0.653679 14.001852 -5.434983 -2.271395 -1.095944 2.518974 -3.912994 -5.231889 5.791772 6.793946 -4.241174 -0.000001 0.000002 0.000000 4.112226 -21.263228 -0.673219 12.667568 -9.051532 -14.029437 -21.142641 -63.834367 -31.691897 -0.000001 0.000002 0.000003 10.551131 16.370223 -0.512663 15.920314 33.348764 -10.428679 42.369829 14.363294 -41.336216 -0.000002 -0.000007 -0.000004 4.416271 0.482301 -0.398885 16.821397 1.483863 9.121316 -38.115317 3.201014 -6.935277 0.000001 -0.000003 -0.000003 -17.812771 19.324801 -49.568674 14.016165 2.259503 50.157890 -38.335734 -12.771821 -39.254607 -0.000002 0.000004 -0.000000 
11.519070 104.593536 -1.550691 -10.303441 -3.795782 -12.985897 9.383773 -0.807317 14.534257 -4.108483 -1.797545 -0.870698 1.693143 -4.933334 -5.716910 5.861531 6.789646 -4.240106 0.000001 0.000002 0.000001 4.492147 -21.204247 -0.714136 12.512840 -8.856133 -13.803779 -20.349900 -63.375631 -30.453338 -0.000001 0.000001 0.000000 10.627674 16.977651 -0.182569 14.567011 32.966110 -9.240914 43.637450 15.009969 -42.062757 0.000003 -0.000003 -0.000003 4.699884 0.631937 -0.217991 16.944393 1.644203 9.495905 -37.937674 2.707866 -7.323168 -0.000004 0.000001 -0.000002 -18.228204 19.816424 -50.450513 14.157282 2.017537 50.554113 -37.978396 -11.513592 -38.392008 -0.000002 0.000003 0.000002 
11.795836 104.446922 -1.635625 -10.873191 -3.470782 -13.113864 9.739553 -0.777652 14.825323 -3.460451 -1.510610 -0.710118 1.129720 -5.249717 -5.893030 6.055045 7.217426 -4.292698 0.000001 0.000002 0.000000 5.012920 -21.556605 -0.272196 12.124366 -8.960571 -13.115268 -21.847690 -65.003839 -32.837497 -0.000000 0.000001 0.000002 10.062652 17.049619 0.700350 14.385574 32.879643 -8.484367 44.871228 15.923024 -42.993742 -0.000001 -0.000005 -0.000002 5.090346 0.558791 -0.112118 16.997445 1.385521 9.412476 -38.172790 3.012840 -7.014554 -0.000003 0.000004 0.000002 -18.118970 20.480416 -51.895303 13.713861 1.895016 51.097246 -37.376451 -11.624874 -37.886786 -0.000002 -0.000001 -0.000000 
12.063750 104.309883 -1.742098 -11.690675 -2.670887 -13.131964 11.478111 -0.460932 15.128485 -3.904618 -1.723206 -0.695419 0.588183 -5.935202 -6.169413 6.443215 7.732320 -4.524881 0.000001 0.000002 0.000000 5.114506 -21.805777 0.197545 12.202384 -9.640189 -13.059917 -21.736182 -64.756204 -31.933689 -0.000003 0.000003 -0.000001 10.140940 17.687869 1.347166 13.321746 32.859453 -7.137738 46.766896 16.713738 -43.853882 -0.000002 -0.000003 -0.000000 5.720576 0.737552 -0.129516 17.040753 1.293725 9.800352 -37.867771 2.611886 -7.460958 -0.000004 -0.000000 -0.000001 -16.888713 20.636409 -54.043107 14.311222 2.258769 52.222858 -36.969680 -12.083835 -37.828620 -0.000002 0.000001 -0.000000 
12.313353 104.187073 -1.858355 -11.833639 -2.594310 -13.121993 12.247173 -0.297595 15.216289 -4.711465 -2.261610 -0.672365 0.882386 -5.339679 -6.372253 6.253056 7.495600 -4.894979 -0.000000 0.000000 -0.000000 5.132091 -21.643442 0.145022 12.105970 -9.642140 -13.147963 -22.208717 -66.487725 -34.040444 -0.000003 0.000002 -0.000002 9.247554 17.669573 1.881078 12.087073 33.066612 -6.077701 48.203005 18.587615 -44.366320 -0.000002 0.000000 0.000001 5.708999 0.795067 -0.295247 16.739148 0.984123 9.986829 -37.093883 2.534485 -7.324126 -0.000004 0.000005 0.000002 -16.922861 21.116488 -55.270396 15.093765 2.688231 52.724389 -35.961786 -12.028333 -37.284964 -0.000001 0.000004 -0.000000 
12.545330 104.065117 -1.976078 -12.201164 -2.098373 -13.196623 12.859025 -0.187827 15.613141 -5.113294 -2.423515 -0.844836 0.757637 -5.122270 -6.192932 6.565020 7.807265 -5.466465 0.000001 -0.000002 0.000001 5.541688 -21.502680 -0.500009 11.972643 -9.386756 -13.068533 -21.425209 -64.944389 -32.067690 -0.000001 0.000001 0.000001 8.730619 17.741821 2.215545 10.943301 32.790662 -5.131470 49.580415 20.370353 -45.011681 0.000001 0.000000 0.000001 5.870718 0.791769 -0.468853 16.732900 0.913610 10.541049 -36.810509 2.293282 -7.584529 -0.000003 0.000002 0.000001 -16.920573 21.740009 -56.671992 14.859886 2.626448 53.551080 -35.475835 -11.793718 -36.652182 -0.000003 0.000002 -0.000002 
12.758816 103.940674 -2.088674 -12.345027 -2.247040 -13.489893 12.955384 -0.200687 16.138957 -5.077920 -2.198144 -1.026137 0.703106 -4.803111 -5.953058 6.546932 8.291430 -5.714150 -0.000001 0.000002 0.000000 5.973165 -21.499820 -0.547650 12.281676 -9.751784 -12.685400 -23.434053 -66.382574 -33.993770 -0.000000 0.000003 -0.000000 8.429719 18.001242 2.788017 10.313145 32.182571 -4.121536 50.883427 21.432833 -46.103029 0.000002 -0.000003 -0.000001 6.083043 0.442855 -0.533809 16.743019 0.981684 10.718553 -37.308549 2.658710 -7.254314 -0.000006 0.000004 0.000001 -17.565787 22.827925 -57.647206 14.094912 2.201848 54.448905 -35.107992 -11.398462 -35.930931 -0.000006 0.000003 0.000002 
12.958161 103.821030 -2.196019 -12.569638 -1.964019 -13.670210 12.883975 -0.231861 16.689921 -4.473865 -1.939667 -1.092090 0.301812 -5.307434 -6.165758 6.623279 8.237054 -6.014229 0.000000 0.000000 0.000001 6.002505 -21.537151 -0.629545 12.286179 -9.328374 -12.843781 -23.989110 -66.932958 -35.108047 -0.000000 0.000001 -0.000005 7.959529 18.223802 3.252682 9.624534 32.440728 -3.633191 51.778862 22.860204 -46.477825 0.000002 -0.000002 -0.000000 6.183632 0.512695 -0.569598 17.320079 1.040270 11.164392 -37.808936 2.671378 -7.422178 -0.000003 0.000003 0.000002 -17.793660 23.319912 -58.438593 12.981737 1.439833 55.048675 -34.590930 -11.846235 -35.937798 -0.000001 0.000001 -0.000000 
13.153558 103.704163 -2.309704 -12.595928 -2.130969 -13.676216 12.830121 -0.251782 16.937645 -4.350197 -1.797640 -1.092849 0.239156 -5.298661 -6.271408 6.428386 8.566280 -6.092807 0.000001 0.000002 0.000001 5.949817 -21.842481 -0.666740 12.232251 -9.156651 -12.833278 -24.070309 -67.453432 -36.182224 -0.000002 0.000002 0.000003 7.405867 18.532525 3.716213 8.825071 32.859548 -2.900618 52.461857 24.706392 -46.849688 0.000000 0.000006 0.000002 6.190072 0.381003 -0.986556 17.478746 1.068675 11.433322 -38.105253 2.776779 -7.244450 -0.000004 0.000005 0.000003 -18.696574 24.296725 -59.139391 12.932970 1.395989 55.421965 -33.989087 -11.843313 -35.200599 -0.000007 0.000002 0.000003 
13.351698 103.593727 -2.432563 -12.805940 -1.904562 -13.641165 13.222084 -0.163873 17.391214 -4.611687 -1.811661 -1.227935 0.343431 -5.461436 -6.371344 6.660397 8.861095 -6.422400 -0.000000 -0.000002 0.000000 5.795534 -21.945521 -0.879002 11.715456 -9.341638 -12.845509 -22.191599 -66.332885 -34.275337 -0.000000 -0.000001 -0.000000 7.265180 19.056161 3.946146 7.043331 32.520781 -1.598424 53.714807 26.793230 -47.375381 0.000000 -0.000005 -0.000002 6.087466 0.280611 -1.425244 17.623312 1.223546 11.968098 -37.569674 2.516632 -7.266246 -0.000003 -0.000001 -0.000001 -19.158267 24.993349 -59.876799 12.182562 0.780301 55.447824 -33.306014 -13.157697 -35.297636 -0.000003 -0.000001 -0.000000 
13.535569 103.483711 -2.559006 -12.991555 -1.730400 -13.733614 13.251415 -0.176588 17.736878 -6.156953 -2.624504 -1.043417 1.990385 -4.551046 -6.745959 6.663938 9.026724 -6.214529 0.000000 0.000002 0.000001 5.641601 -22.159639 -0.551376 11.930991 -8.939044 -13.017539 -24.081157 -67.626140 -37.128659 -0.000005 0.000001 0.000000 6.699165 18.720304 4.370899 6.533900 32.875941 -1.121304 54.393198 28.043674 -47.760658 0.000005 0.000001 -0.000000 6.096783 0.268143 -1.601352 18.182126 1.275975 12.291942 -38.104621 2.522839 -7.409657 -0.000003 0.000000 -0.000000 -19.513924 25.434115 -60.244864 10.971753 0.090068 55.423331 -32.549232 -13.884306 -34.846631 0.000001 0.000004 -0.000000 
13.711387 103.372253 -2.676275 -13.180896 -1.332164 -14.045487 12.391071 -0.406742 18.319392 -4.952169 -2.250438 -0.716115 1.893808 -4.550517 -7.166356 6.604387 8.762724 -5.765924 -0.000000 0.000000 0.000000 5.798860 -22.875296 -0.151978 11.990690 -9.455920 -12.911061 -24.460653 -67.874254 -37.053486 -0.000000 0.000002 -0.000002 6.608361 18.554779 4.637281 5.511532 33.239119 0.260736 54.883739 28.641726 -47.534531 -0.000001 -0.000002 -0.000000 6.020606 0.402856 -1.640940 18.888480 1.227549 12.925795 -38.773632 2.818206 -7.343573 -0.000005 0.000001 0.000002 -19.401256 25.620953 -60.879730 10.839106 0.087638 55.676625 -31.986240 -14.127409 -34.485611 -0.000003 0.000005 0.000002 
13.889396 103.256866 -2.799813 -13.561946 -0.741817 -14.296209 12.184395 -0.505482 18.921786 -4.687458 -2.229817 -0.557785 2.204330 -4.868349 -7.537372 6.697130 8.635611 -5.608197 -0.000000 0.000004 -0.000000 6.146090 -23.496771 0.521823 12.008473 -10.330183 -12.467501 -24.990368 -67.965778 -35.703796 0.000001 0.000001 0.000001 6.388761 18.508932 5.377275 5.201832 34.361019 1.356661 55.386188 27.923097 -47.228668 0.000002 -0.000001 -0.000000 6.104721 0.602853 -1.847600 19.370201 1.329874 13.986961 -38.422478 2.255862 -7.852733 -0.000002 0.000001 -0.000001 -20.080913 26.006693 -60.957219 10.831603 -0.117043 55.458151 -30.928435 -14.394559 -33.789233 0.000000 0.000006 -0.000002 
14.058528 103.148354 -2.927758 -13.554662 -0.862826 -14.397482 12.451543 -0.436919 19.054232 -4.433601 -2.061309 -0.632368 1.883882 -4.910747 -7.368876 7.140412 9.018144 -5.638905 -0.000000 0.000002 0.000001 5.911633 -23.623731 0.391835 11.599273 -10.495745 -12.486286 -22.933451 -66.732219 -33.726405 -0.000004 0.000001 0.000002 5.901560 18.643187 5.748107 4.211443 34.857819 2.136112 55.810285 29.530746 -47.179576 0.000005 -0.000003 -0.000004 6.243996 0.599791 -2.045482 19.197828 1.281687 14.319066 -38.211377 2.091556 -8.003042 -0.000002 -0.000001 -0.000001 -20.451021 26.394124 -61.255151 9.964914 -0.601849 55.581142 -31.111949 -15.195327 -34.203736 0.000002 0.000003 0.000002 
14.224803 103.038185 -3.052523 -13.225498 -0.689097 -14.517548 12.277098 -0.496634 19.384743 -4.290461 -2.124404 -0.444463 1.628540 -5.187753 -7.697547 6.988495 9.050897 -5.740683 -0.000001 0.000004 0.000000 5.872571 -23.762716 0.483745 11.478714 -10.344538 -12.542288 -22.827730 -67.081678 -34.033190 -0.000000 0.000004 0.000003 5.982275 19.681414 6.279287 3.144456 34.994952 3.011827 56.611910 30.254623 -47.430251 0.000003 0.000003 0.000002 5.759934 0.733079 -2.043302 19.584483 1.456069 14.730440 -38.096418 1.720582 -8.329500 -0.000006 0.000001 -0.000001 -20.893445 26.884355 -61.931880 9.918551 -0.774018 55.955109 -30.703807 -15.276790 -33.918330 0.000002 0.000003 0.000002 
14.398870 102.929184 -3.196862 -13.178904 -0.445983 -14.522447 12.290301 -0.532830 19.741960 -3.212591 -1.690574 -0.313795 0.513877 -5.850641 -7.942205 6.335164 8.830982 -5.820297 -0.000001 0.000000 -0.000001 6.057135 -23.638684 0.618597 11.296800 -11.030371 -12.351333 -22.920061 -67.201842 -33.807777 -0.000000 0.000000 -0.000002 5.547474 19.787560 7.020762 2.823755 35.859320 3.821972 57.183758 30.434657 -47.530518 -0.000000 -0.000001 -0.000003 5.634889 0.768077 -2.117360 19.427729 1.349322 14.861807 -37.848052 1.671443 -8.328830 -0.000004 -0.000001 -0.000003 -20.982461 27.318503 -62.702523 9.903328 -0.767294 55.963326 -30.206218 -15.527604 -33.609302 -0.000004 0.000003 -0.000000 
14.557833 102.827866 -3.339001 -13.216974 -0.048572 -14.635419 12.167322 -0.618913 20.099799 -3.447744 -1.946181 -0.180637 0.795128 -5.767775 -8.336094 6.790650 8.838260 -5.787627 0.000002 0.000002 -0.000000 6.256310 -23.930927 0.944952 11.505671 -11.224108 -12.304655 -23.022852 -66.274473 -32.016064 -0.000001 -0.000000 -0.000000 5.556091 19.714953 7.153160 1.929834 36.028275 4.987999 58.057824 30.894605 -47.726114 -0.000003 -0.000003 0.000002 5.578076 0.989092 -1.983778 19.558679 1.420796 15.084959 -37.978191 1.600357 -8.421244 -0.000003 -0.000002 -0.000002 -21.140002 27.553711 -63.247231 10.589322 -0.587367 55.913178 -29.201518 -15.004334 -32.649660 -0.000004 -0.000003 -0.000000 
14.709870 102.717049 -3.470690 -13.011711 0.057153 -14.805021 11.738513 -0.767584 20.492046 -2.900954 -1.791613 -0.066777 0.125367 -5.669584 -8.525233 8.320013 9.583004 -6.035367 0.000001 -0.000003 0.000001 6.687274 -24.114311 0.766638 11.605824 -11.366677 -12.211024 -23.294364 -66.683301 -31.795606 -0.000003 0.000004 0.000003 5.510539 20.015214 7.586726 1.115093 36.500948 6.100055 58.832627 31.544378 -47.501667 -0.000000 -0.000003 -0.000002 5.399062 1.109735 -1.817490 19.474932 1.510828 15.234945 -38.403142 1.341565 -8.718771 -0.000002 0.000004 0.000001 -21.280310 27.958901 -63.997390 10.428168 -0.962230 55.742355 -28.217081 -15.415464 -32.256825 -0.000000 -0.000001 0.000003 
14.852753 102.604088 -3.609984 -13.299710 0.427642 -14.871441 12.098029 -0.695544 20.666628 -3.860506 -2.294335 -0.015378 0.868530 -4.936305 -8.594652 8.588585 9.744744 -6.105310 0.000001 -0.000003 -0.000000 6.828957 -24.315835 0.777161 11.980576 -11.607438 -12.313658 -24.708057 -67.803957 -33.461742 -0.000003 0.000001 -0.000000 5.030581 19.836179 8.069373 -0.283887 36.779865 7.655142 59.711460 33.366755 -47.438058 -0.000002 -0.000003 -0.000000 5.596567 1.117445 -1.798570 19.465353 1.495766 15.581777 -38.288640 0.934262 -9.133838 -0.000003 -0.000003 -0.000003 -20.819221 28.170267 -65.046999 9.629982 -1.480290 55.393753 -27.455347 -16.298609 -31.902748 -0.000001 -0.000001 -0.000003 
14.985550 102.496780 -3.743977 -13.250166 0.256343 -14.986321 11.858955 -0.793958 20.866115 -3.740902 -2.139161 -0.104946 0.870762 -4.789255 -8.555571 9.065007 10.241741 -6.226583 -0.000001 -0.000001 -0.000000 7.065594 -24.055296 0.699565 12.784866 -11.590815 -12.560074 -28.166013 -68.987677 -36.640799 -0.000002 -0.000001 0.000002 5.141074 20.073072 8.269282 -0.889742 37.133170 8.614877 60.045375 34.285285 -47.558819 -0.000004 -0.000002 -0.000000 5.637857 0.985965 -1.707051 19.558959 1.363690 15.315600 -38.248721 1.083456 -8.948984 -0.000003 0.000002 0.000000 -20.520651 28.490609 -65.883820 8.698668 -1.925376 55.319864 -27.156402 -17.454601 -32.190641 0.000004 0.000001 0.000001 
15.098085 102.393013 -3.877873 -12.582504 -0.248954 -15.364306 11.122183 -1.003669 21.027700 -3.402282 -1.944166 -0.190075 0.898995 -4.177789 -8.347973 9.416493 10.516752 -6.402679 0.000001 -0.000007 0.000001 6.944926 -24.180941 1.143781 12.418688 -12.119415 -12.600074 -27.617542 -69.012696 -36.696482 -0.000003 0.000000 -0.000004 4.654958 20.158234 8.992356 -2.153143 37.217694 9.975351 60.980509 35.225656 -48.005619 0.000003 0.000000 0.000002 4.839151 1.101681 -1.373790 19.424734 1.441052 15.320323 -37.958886 1.032433 -8.739925 -0.000004 0.000002 0.000001 -21.740820 29.269956 -65.963884 8.804801 -2.051503 54.566730 -25.753300 -17.408033 -31.094419 0.000001 0.000002 -0.000002 
15.202644 102.293549 -4.017413 -12.723714 -0.284133 -15.653631 11.002750 -1.091492 21.291189 -2.693759 -1.663940 -0.074841 0.170532 -3.955834 -8.415168 9.737265 10.804771 -6.406557 0.000000 -0.000001 -0.000000 7.138897 -24.417998 1.353253 13.142647 -12.410563 -12.770801 -30.110636 -70.922253 -39.931963 -0.000002 0.000000 0.000003 4.282997 20.197766 9.576205 -3.053679 37.947261 11.277748 61.608095 36.298439 -47.835582 0.000004 -0.000001 -0.000003 4.757901 1.133907 -1.138710 19.698103 1.456895 15.438007 -37.154665 0.557890 -8.871736 -0.000004 0.000006 0.000001 -22.283810 29.769062 -66.120753 8.413383 -2.256478 53.193090 -24.501770 -18.138684 -30.315682 0.000001 -0.000002 -0.000002 
15.292889 102.190254 -4.147270 -12.842139 0.318471 -15.908110 11.255610 -1.064175 21.715704 -2.838203 -1.763790 0.005131 0.293618 -4.177675 -8.575643 9.568404 10.755876 -6.512211 0.000000 0.000000 0.000001 7.226854 -24.448633 1.462369 13.259261 -12.114018 -12.497402 -32.414059 -71.756758 -41.766832 -0.000003 0.000003 0.000002 3.849633 19.997763 10.022615 -3.583443 38.115970 12.014937 62.568180 37.306951 -48.142735 0.000001 -0.000001 -0.000000 5.063903 1.189262 -0.973923 19.922250 1.521194 16.094096 -37.381721 0.174303 -9.400918 -0.000004 -0.000001 -0.000002 -22.039649 29.776165 -66.454421 7.426618 -2.916560 52.078492 -23.413714 -19.244131 -29.908367 -0.000000 0.000004 -0.000000 
15.376497 102.096542 -4.290396 -13.902127 1.232495 -16.084640 12.739564 -0.677083 22.150992 -3.497763 -2.213127 0.184970 0.303544 -4.028432 -8.858025 9.540030 10.629136 -6.559359 -0.000000 0.000000 0.000001 7.295048 -24.529281 1.079953 13.182299 -12.015939 -12.622869 -33.536905 -72.956734 -44.686082 -0.000001 0.000000 -0.000002 2.811471 19.477160 10.465329 -5.145137 38.045018 13.317587 63.387550 40.275682 -48.215309 0.000000 -0.000003 -0.000001 6.430557 1.326987 -0.736170 19.506761 1.464506 16.603982 -36.929603 -0.603894 -10.096523 -0.000000 0.000004 0.000000 -21.432770 29.517530 -66.800978 8.012982 -2.488230 50.807482 -22.128244 -19.130609 -28.642286 -0.000003 0.000003 -0.000000 
15.444960 102.000893 -4.427669 -14.044465 1.351863 -16.511175 13.590411 -0.481676 22.441927 -4.465129 -2.784165 0.388296 0.809061 -2.732021 -8.944693 9.727395 10.846941 -6.284284 -0.000000 0.000002 0.000000 7.477447 -25.125887 1.079754 12.811312 -11.316411 -12.087176 -34.517724 -72.608749 -44.658458 -0.000001 -0.000003 0.000001 1.989306 19.285872 11.131499 -6.283239 37.389248 14.350113 64.325683 42.630960 -48.381601 -0.000003 -0.000001 -0.000002 6.338634 1.342891 -0.451403 19.919738 1.578248 17.057605 -36.390380 -0.800138 -9.966376 -0.000003 0.000002 0.000002 -21.870532 29.762563 -66.679852 7.199870 -2.940888 49.218613 -20.608445 -20.134708 -27.616150 -0.000006 0.000002 -0.000002 
15.491444 101.921173 -4.552302 -13.394021 0.426819 -17.037530 12.228895 -0.913227 22.644157 -3.086458 -2.237967 0.572065 0.537660 -2.554330 -9.092692 9.578826 10.980203 -6.603074 -0.000001 0.000002 0.000001 7.430698 -24.770024 0.854925 13.427723 -10.946812 -12.012819 -35.321606 -72.878603 -44.730516 -0.000000 -0.000001 0.000004 2.061735 20.929964 11.994847 -7.181360 35.942443 15.174672 65.853494 42.072340 -49.445177 -0.000002 -0.000001 -0.000001 5.585603 1.204131 0.000171 20.335869 2.012501 16.779321 -35.983841 -0.365173 -9.172958 -0.000003 0.000000 -0.000001 -23.974019 30.807220 -65.668663 7.358994 -3.072644 47.927478 -19.376241 -20.068892 -26.519750 -0.000006 0.000000 -0.000005 
15.539656 101.841461 -4.683426 -13.969111 2.130211 -17.360401 12.107078 -1.002986 23.493293 -2.998364 -2.537218 1.132311 0.603525 -4.092527 -10.080413 10.168692 11.193457 -6.387361 -0.000001 0.000004 0.000001 7.804890 -24.666567 0.440988 14.135076 -9.593066 -12.007718 -38.774321 -73.184370 -47.296700 -0.000003 -0.000000 -0.000001 1.751566 21.055438 12.428900 -8.139840 36.187237 16.314351 66.077265 44.568340 -48.826731 -0.000000 -0.000001 -0.000003 6.253444 1.352557 0.267663 20.119692 1.881144 18.244634 -36.362623 -1.115777 -10.174709 -0.000004 0.000000 -0.000001 -21.605499 29.698226 -66.913628 6.195795 -3.564059 46.719921 -18.227659 -20.515240 -25.584745 -0.000002 0.000003 -0.000003 
15.575380 101.759399 -4.810079 -14.028805 2.723321 -17.694455 12.205160 -0.999027 23.917393 -3.193752 -2.763115 1.415493 0.777028 -4.233168 -10.358455 10.822493 11.647469 -6.547992 0.000001 0.000005 0.000001 8.031117 -24.477101 0.438412 14.835758 -9.427526 -11.801205 -43.123619 -73.916908 -50.354279 -0.000001 0.000005 -0.000002 1.458305 20.668952 12.952131 -8.624914 36.330934 17.366142 66.755749 45.730623 -48.643620 -0.000000 -0.000003 -0.000002 6.310550 1.259572 0.399116 20.201347 1.902987 19.064904 -36.734909 -1.424033 -10.670730 -0.000004 0.000003 0.000001 -21.239868 29.639340 -67.061488 5.637003 -3.585504 45.142756 -16.601565 -20.751740 -24.127049 -0.000004 0.000004 -0.000000 
15.601149 101.675766 -4.925570 -14.329339 2.631286 -17.895627 13.404998 -0.679022 23.924208 -3.547011 -2.884260 1.310805 0.290208 -3.586146 -10.136961 10.492758 11.504007 -6.649273 -0.000001 0.000004 0.000001 7.878153 -24.435792 0.036215 14.765493 -8.416616 -11.856471 -43.661127 -74.012176 -51.999036 -0.000001 0.000005 -0.000000 0.710492 20.789863 13.372361 -9.971241 35.779178 18.216164 67.087054 48.018293 -48.646359 0.000002 0.000000 -0.000000 6.819508 1.156448 0.442226 20.091365 1.869219 19.281376 -35.864012 -1.797264 -10.648151 -0.000006 0.000002 0.000001 -22.162350 30.118570 -66.529861 5.979911 -3.333872 44.051093 -15.220324 -21.377961 -23.183308 -0.000004 0.000002 0.000003 
15.620947 101.594627 -5.027114 -14.635355 3.245681 -18.102238 14.180466 -0.471142 24.327725 -4.184546 -3.156512 1.215831 0.434388 -3.776214 -10.349273 10.852897 11.771344 -6.694498 -0.000002 0.000004 -0.000000 7.619697 -24.463641 -0.103360 14.322493 -8.404678 -12.026927 -41.215923 -73.897326 -50.996914 -0.000001 0.000003 0.000000 0.227499 20.935486 13.550507 -11.828698 35.284774 19.580404 66.818265 51.201355 -47.893105 -0.000000 -0.000004 -0.000001 6.718668 1.150456 0.480328 20.876659 2.004284 20.158035 -35.883362 -2.250285 -11.074630 -0.000003 0.000000 -0.000001 -21.999891 29.978520 -66.523488 5.886603 -3.268910 42.615063 -13.868512 -21.198988 -21.865862 -0.000003 0.000002 0.000003 
15.640026 101.518654 -5.120035 -15.247112 3.716693 -18.374341 13.974436 -0.545504 24.816671 -3.910166 -3.104864 1.353122 1.096639 -3.618879 -10.719173 11.270372 11.926127 -6.698923 -0.000003 0.000000 -0.000000 7.494550 -25.324953 -0.133203 13.744567 -8.610247 -12.149270 -38.960488 -74.008829 -50.357496 -0.000000 -0.000003 -0.000005 -0.326066 20.956485 13.771739 -13.425525 34.317377 20.639399 66.796928 54.064567 -47.333631 -0.000000 -0.000001 -0.000003 7.244375 1.271193 0.758514 21.362446 2.243600 20.570522 -36.077305 -2.399927 -11.242691 -0.000005 0.000000 0.000000 -22.230025 29.749893 -65.923470 5.199223 -3.687842 40.856074 -11.979324 -21.341281 -20.352618 -0.000000 0.000008 -0.000005 
15.648760 101.443695 -5.209158 -15.387665 3.593405 -18.540089 13.536188 -0.672365 24.949433 -3.252233 -2.834926 1.447743 1.144669 -3.167697 -10.759189 11.019970 11.845180 -6.741905 0.000000 0.000002 0.000001 7.306264 -25.589348 0.053590 13.952297 -8.354916 -12.344589 -40.355742 -74.722160 -53.017130 -0.000002 -0.000001 -0.000004 -0.631217 21.016157 13.995870 -14.451977 33.943643 21.543277 65.826754 55.979483 -46.018038 0.000001 0.000002 -0.000000 6.933548 1.217926 0.886696 22.430526 2.474806 20.534854 -36.692883 -1.740523 -10.749689 -0.000002 0.000004 0.000000 -22.738275 29.971246 -65.603844 4.795990 -3.767862 39.881099 -10.752073 -21.574158 -19.373775 -0.000001 0.000003 0.000002 
15.661324 101.360062 -5.304866 -14.666954 2.285048 -18.885022 12.885484 -0.864597 24.875033 -2.665330 -2.468529 1.350594 0.826431 -2.586106 -10.468221 10.768315 11.974280 -7.244337 -0.000001 0.000004 -0.000000 7.175427 -25.073519 0.261684 13.999679 -8.252421 -11.941566 -41.033745 -74.670900 -52.464134 -0.000002 -0.000000 -0.000000 -0.255391 22.447410 14.642281 -14.725213 33.838909 22.195176 64.637495 55.676922 -44.672941 0.000001 0.000003 -0.000003 6.179839 1.116145 1.026171 22.627554 2.423901 19.947038 -36.772273 -0.984226 -9.998902 -0.000001 -0.000001 0.000000 -23.912518 30.605699 -65.138052 3.820670 -4.195902 38.723122 -9.019117 -21.943101 -18.144061 -0.000007 0.000006 -0.000002 
15.674482 101.269508 -5.396915 -14.557872 1.686227 -19.135417 12.829160 -0.908145 24.858854 -2.319848 -2.289441 1.392968 0.615466 -2.154628 -10.275436 10.432470 11.959520 -7.432002 -0.000002 -0.000002 0.000001 7.531541 -24.999358 0.423388 14.123433 -8.647094 -11.692632 -40.431677 -74.044892 -49.939529 -0.000000 0.000004 0.000001 -0.189920 22.934606 15.141587 -14.830902 33.076902 22.705777 64.860713 55.920961 -44.528947 0.000001 -0.000001 -0.000002 5.695336 1.044118 0.938431 23.408653 2.591407 20.062374 -37.070790 -0.431424 -9.445272 -0.000000 0.000003 0.000001 -25.007780 30.970581 -64.344542 3.552993 -4.324286 37.227987 -7.174746 -22.451399 -16.966475 -0.000007 0.000006 0.000002 
15.679314 101.179008 -5.484426 -14.847144 2.002898 -19.239623 13.379516 -0.768887 24.985385 -2.161511 -2.212409 1.468352 0.292701 -2.320981 -10.249337 10.653326 12.271661 -7.622705 -0.000001 -0.000005 0.000002 7.868485 -24.867421 0.453267 14.132245 -8.865895 -11.325651 -41.795444 -74.076694 -50.075949 -0.000003 -0.000000 -0.000001 -0.212112 23.266350 15.681438 -14.793526 32.895216 23.122356 64.520576 55.476487 -43.984806 -0.000000 0.000002 0.000000 5.979525 1.072123 0.882342 23.496406 2.717953 20.667191 -37.209559 -0.553989 -9.550309 -0.000005 0.000000 -0.000000 -25.092599 30.900500 -64.075705 3.447228 -4.426374 36.338287 -5.960038 -22.883203 -16.181953 -0.000001 0.000003 -0.000000 
15.690983 101.086121 -5.579540 -14.390140 1.120249 -19.321891 12.685407 -0.954214 24.873802 -1.252060 -1.640364 1.290816 -0.058149 -2.071925 -9.931080 10.349799 12.274916 -7.800907 -0.000001 -0.000001 -0.000001 7.574825 -24.923147 0.686201 13.806576 -9.816562 -11.237270 -40.994266 -75.044231 -50.836104 -0.000003 0.000001 0.000000 -0.584403 23.138521 16.034986 -15.491356 33.034715 23.909400 63.855971 56.471847 -42.902792 -0.000001 -0.000005 -0.000000 5.463000 0.998110 0.646740 23.551894 2.791286 20.608757 -37.362419 -0.398342 -9.422084 -0.000006 0.000002 0.000001 -26.367658 31.506932 -63.466487 3.250688 -4.460377 35.641348 -4.943333 -22.764401 -15.256320 -0.000001 0.000001 -0.000000 
15.702494 100.994934 -5.664178 -14.173960 0.830870 -19.342923 12.683626 -0.936318 24.723874 -2.036333 -1.991397 1.271581 0.421184 -1.699903 -9.814603 10.996376 12.743594 -7.939839 -0.000001 0.000000 0.000000 7.579816 -24.942434 0.738979 13.538468 -10.485151 -11.106991 -37.193747 -74.873305 -47.609431 -0.000005 0.000001 -0.000000 -0.926275 23.102719 16.393991 -15.911108 32.779020 24.455404 63.878327 57.896413 -42.448622 -0.000001 -0.000002 -0.000000 5.361364 1.009493 0.434006 23.616873 2.795339 20.793522 -37.187989 -0.272993 -9.227687 -0.000002 0.000000 -0.000000 -26.348580 31.563810 -63.589273 2.823323 -4.614726 35.337801 -4.511839 -23.232009 -15.072356 -0.000005 0.000001 -0.000000 
15.718523 100.912865 -5.768514 -13.912152 0.376879 -19.370613 12.564147 -0.950596 24.470065 -1.561649 -1.869594 1.460080 -0.060800 -1.519021 -9.791884 11.168655 12.829120 -7.982454 -0.000002 -0.000002 0.000001 7.513032 -25.015035 0.896390 13.412691 -10.256732 -10.874371 -37.707968 -75.277311 -48.377844 -0.000001 -0.000001 -0.000000 -1.157631 22.943889 16.597995 -16.339986 32.942723 24.954081 63.511375 58.715871 -41.799648 -0.000002 0.000006 0.000002 5.008022 0.994513 0.315353 23.517113 2.768445 20.728116 -37.166830 -0.061991 -9.009852 -0.000006 -0.000000 0.000000 -26.564786 31.658074 -63.491943 2.487273 -4.721717 35.131928 -4.353801 -23.370892 -15.011397 -0.000002 0.000006 0.000002 
15.731947 100.833954 -5.867533 -13.637556 -0.075697 -19.345877 12.288833 -1.019041 24.244409 -1.685411 -1.908513 1.400760 0.202635 -1.057225 -9.605935 10.947723 12.600511 -8.091583 0.000002 -0.000002 0.000002 7.469800 -24.779470 1.090560 13.211827 -10.462769 -10.683543 -36.755642 -75.604935 -47.814456 -0.000002 0.000002 0.000004 -1.213051 22.775828 16.659856 -16.608665 32.241300 25.279544 63.913400 59.956104 -41.754767 0.000002 0.000000 0.000000 4.635725 0.982639 0.326306 23.671332 2.909943 20.365985 -37.353301 0.331394 -8.587954 -0.000003 0.000004 0.000002 -26.815780 31.821360 -63.519243 2.676125 -4.845051 35.281011 -4.521435 -23.327381 -15.340414 -0.000006 0.000005 -0.000002 
15.754122 100.757790 -5.973774 -14.088040 0.431208 -19.427577 12.609701 -0.967336 24.430779 -1.617072 -1.973035 1.583207 0.145330 -1.547197 -9.863292 11.506104 12.925799 -8.151048 -0.000001 0.000000 0.000002 7.749727 -24.465785 0.977236 13.816135 -10.285146 -10.804828 -36.788949 -74.982336 -46.310650 -0.000002 0.000001 -0.000000 -1.144928 22.637877 16.734624 -17.189359 32.715011 26.126312 62.108324 60.585834 -39.680780 -0.000001 -0.000001 -0.000001 4.907456 1.032895 0.421807 23.545726 2.753302 20.557882 -37.048343 -0.045209 -8.928463 -0.000002 0.000002 0.000001 -25.656023 31.216123 -63.947728 2.467672 -4.890768 35.473981 -4.705212 -22.977291 -15.331983 -0.000002 0.000001 -0.000000 
15.771187 100.686005 -6.083537 -14.221161 0.766955 -19.412969 12.669195 -0.954449 24.412863 -2.108959 -2.289622 1.694239 0.493622 -1.589299 -9.975142 11.450762 12.857013 -8.147494 -0.000000 0.000000 0.000001 7.903020 -24.187773 0.813270 14.363919 -10.005750 -10.985411 -38.246331 -75.064216 -47.215619 0.000000 0.000002 0.000004 -1.049151 22.632325 16.689887 -17.632299 32.794621 26.635043 60.653132 61.394125 -38.004716 0.000001 -0.000002 -0.000000 4.957054 1.048580 0.415793 23.410422 2.678327 20.784329 -36.746428 -0.371233 -9.238889 -0.000006 0.000002 0.000001 -25.330793 31.015561 -64.025428 2.453567 -4.854364 35.469104 -4.721047 -23.026357 -15.377138 -0.000004 -0.000001 0.000003 
15.789846 100.612206 -6.178177 -14.360643 1.053204 -19.519805 12.528641 -1.014156 24.608844 -1.818164 -2.319746 1.930888 0.520083 -1.935617 -10.346845 11.318848 12.710954 -8.145589 -0.000002 -0.000001 0.000000 7.951590 -24.272163 0.692811 14.641793 -9.349731 -11.092693 -41.045192 -75.262053 -49.472477 -0.000001 0.000002 -0.000001 -1.121069 22.591570 16.598253 -18.035883 32.254803 26.743807 59.463559 63.094849 -36.470423 0.000001 0.000000 -0.000001 5.376465 1.137973 0.528818 23.502910 2.677518 20.947504 -37.486660 -0.303503 -9.404384 -0.000001 0.000000 -0.000001 -25.105040 30.803931 -64.040871 1.872054 -5.114837 35.436790 -4.534005 -23.644891 -15.439202 -0.000008 0.000003 -0.000000 
15.807549 100.541779 -6.268839 -14.797297 1.389670 -19.663975 13.164274 -0.848061 24.831523 -2.493138 -2.602718 1.825031 0.968472 -1.875591 -10.307445 12.078418 13.115456 -8.250928 0.000001 0.000002 -0.000001 7.912887 -24.197764 0.636413 14.817122 -8.811859 -10.987029 -39.878319 -74.325408 -46.734781 -0.000001 -0.000001 0.000001 -1.034691 22.552926 16.456960 -18.422260 31.838988 27.056295 58.592102 63.996147 -35.338443 -0.000001 -0.000005 -0.000001 5.806500 1.205899 0.662228 23.781377 2.845617 21.220556 -37.521569 -0.499010 -9.670965 -0.000006 0.000004 0.000001 -25.003571 30.564089 -63.764092 1.694324 -5.264535 35.407916 -4.334503 -23.945929 -15.369348 -0.000007 0.000006 0.000002 
15.830845 100.475861 -6.364353 -15.066245 1.286629 -19.818316 13.249126 -0.848698 25.032864 -1.650838 -2.132957 1.757009 0.223962 -2.209011 -10.222969 11.972607 13.165316 -8.236850 0.000002 -0.000001 -0.000000 7.770159 -24.166649 0.926503 14.599121 -9.175804 -10.688036 -39.103523 -74.475235 -46.196083 -0.000000 0.000001 0.000001 -0.766084 22.598413 16.295894 -18.419060 31.760868 27.311826 58.158241 63.985615 -34.796884 0.000001 0.000002 0.000001 6.070137 1.211534 0.826767 23.798203 2.822580 21.204753 -36.938797 -0.731663 -9.680938 -0.000006 0.000000 -0.000000 -24.836450 30.494035 -63.824648 1.957497 -5.207735 35.746741 -4.497964 -23.499780 -15.384002 -0.000004 -0.000003 -0.000004 
15.849167 100.416695 -6.466609 -15.161719 1.630827 -19.758115 13.420739 -0.790698 25.026894 -2.054034 -2.377822 1.783631 0.674260 -2.248142 -10.220494 11.955053 13.171210 -8.347342 -0.000001 -0.000001 0.000000 7.756314 -24.381170 0.790649 13.659690 -10.129378 -10.513711 -35.113582 -74.263643 -43.533539 0.000001 0.000001 0.000000 -1.097336 22.383679 16.422222 -19.008203 31.686788 27.714941 56.765818 64.486883 -33.342723 -0.000000 0.000002 -0.000001 6.033684 1.176214 0.934720 23.316046 2.787166 21.220576 -36.599815 -1.109898 -9.974910 -0.000006 0.000002 0.000001 -24.421029 30.370798 -64.154416 1.652909 -5.387864 35.853418 -4.640374 -23.945856 -15.654992 -0.000003 0.000003 0.000002 
15.870623 100.353539 -6.563551 -15.543583 1.922054 -19.829349 13.716793 -0.740285 25.377126 -1.281512 -2.029031 1.832235 0.030678 -2.636108 -10.416763 11.783487 13.001164 -8.447219 0.000001 0.000002 0.000001 7.811038 -24.886587 1.075960 13.362208 -10.566015 -10.362101 -34.600253 -74.651413 -43.309072 -0.000003 -0.000000 -0.000001 -1.244476 22.052864 16.439080 -19.568121 31.899162 28.380957 56.231752 64.485933 -32.659485 0.000001 -0.000001 -0.000000 6.324365 1.265066 1.100104 23.712383 3.047196 21.247284 -36.647148 -0.944830 -9.771726 -0.000003 -0.000002 -0.000001 -24.123941 30.222785 -64.336093 2.291374 -5.297015 35.875770 -4.375213 -23.255474 -15.267781 -0.000004 0.000001 0.000001 
15.889431 100.290962 -6.661664 -15.585334 2.275248 -19.843516 13.460649 -0.853197 25.593766 -1.726619 -2.329470 1.979801 0.630530 -2.707433 -10.736052 11.563181 12.873552 -8.448392 -0.000001 0.000002 -0.000001 7.928520 -24.959144 1.144391 13.424330 -10.854196 -10.353599 -36.398648 -75.629305 -45.955548 -0.000002 0.000001 0.000000 -1.589527 21.515842 16.575868 -19.616532 31.772462 28.540140 57.047946 65.113512 -33.215883 -0.000003 -0.000001 -0.000001 6.311419 1.256059 1.147637 23.950359 3.143300 21.452490 -36.718759 -1.096453 -9.908160 -0.000003 0.000000 0.000001 -23.505818 30.052467 -64.855419 2.293246 -5.408484 35.941975 -3.901897 -23.416578 -14.975135 -0.000006 0.000003 -0.000000 
15.898432 100.222191 -6.755383 -15.505940 2.340032 -19.949943 12.952067 -1.013534 25.640532 -1.552610 -2.356315 2.149674 0.582274 -2.576223 -10.787240 12.405899 13.357147 -8.664038 -0.000000 -0.000002 0.000001 8.132342 -24.802659 0.906425 14.112790 -10.323909 -10.720028 -37.291334 -75.525377 -46.314618 -0.000002 -0.000002 -0.000001 -1.662098 21.751723 16.798418 -20.341874 32.120187 29.239114 54.454079 64.885090 -30.711952 -0.000001 -0.000006 -0.000003 6.341852 1.247772 1.152113 23.760415 3.144919 21.801306 -36.772458 -1.387964 -10.181792 -0.000003 0.000002 0.000001 -23.497300 30.076048 -64.898326 2.016895 -5.576921 35.834413 -3.715502 -23.459560 -14.894631 -0.000004 0.000003 -0.000000 
15.915180 100.157303 -6.858624 -15.186446 1.646989 -19.823326 12.790521 -1.028424 25.368380 -2.009845 -2.506879 1.997176 0.900050 -1.828765 -10.518973 12.581862 13.617220 -9.063131 -0.000000 0.000000 -0.000001 8.258301 -24.649067 0.642016 14.372446 -10.239805 -11.015195 -39.226668 -76.241051 -49.320144 -0.000001 -0.000001 0.000001 -1.840885 21.977484 17.039524 -20.641026 31.432148 29.360094 54.202233 65.659852 -30.377915 -0.000001 -0.000004 -0.000000 6.199831 1.199471 0.790508 23.279621 3.021820 21.759654 -36.880911 -1.313846 -10.143009 -0.000000 0.000005 0.000003 -23.821767 30.378431 -65.006209 2.233464 -5.434850 35.737128 -3.899198 -23.244488 -14.953127 0.000001 0.000001 -0.000000 
15.923035 100.105339 -6.952384 -14.690533 0.890532 -19.864050 12.583847 -1.072570 25.177577 -1.653563 -2.259748 1.828492 0.462361 -1.718299 -10.243002 12.670336 13.725651 -9.426102 0.000001 0.000002 -0.000000 8.026955 -24.752230 0.659614 13.761043 -10.699741 -11.021217 -34.007450 -75.152066 -44.344044 -0.000003 -0.000001 -0.000000 -1.980639 22.416739 17.244761 -20.863836 30.538664 29.169498 54.972764 66.686415 -31.140533 -0.000000 -0.000003 -0.000000 5.608935 1.109182 0.680051 23.432321 3.023563 21.447381 -37.069493 -0.848299 -9.729149 -0.000002 -0.000001 -0.000001 -25.095223 30.933083 -64.339433 2.328929 -5.337989 35.453429 -3.782934 -23.458083 -14.943586 -0.000003 0.000003 0.000002 
15.934914 100.053802 -7.064052 -14.620117 0.307950 -19.950670 12.452293 -1.098698 25.002181 -1.250308 -2.104792 1.884526 -0.158051 -1.327381 -10.107151 13.574029 14.139710 -9.487260 -0.000000 -0.000001 -0.000000 8.127464 -24.811384 0.561755 14.035239 -10.587130 -11.176584 -33.871379 -75.327697 -44.249790 -0.000003 0.000005 -0.000000 -1.986199 22.207628 17.115107 -21.521962 30.870399 29.867768 52.122710 67.211746 -28.032146 -0.000001 0.000000 0.000001 5.408975 1.125213 0.712880 23.590295 3.123760 21.147876 -36.733611 -0.531073 -9.275936 -0.000002 0.000004 -0.000000 -25.894005 31.104921 -63.659699 1.602720 -5.745689 35.492760 -3.840819 -24.512333 -15.451484 -0.000000 0.000002 0.000003 
15.937775 99.993088 -7.162974 -14.783680 0.213423 -19.908629 12.691301 -1.038664 25.012453 -2.083125 -2.486346 1.885729 0.586439 -1.157826 -10.302124 13.656352 14.351329 -9.569538 -0.000000 -0.000001 -0.000001 8.175468 -24.361482 0.479241 14.091004 -10.390051 -10.774623 -36.149138 -76.002998 -46.174671 -0.000001 0.000001 0.000000 -1.694074 22.823892 17.371842 -21.227207 31.360704 29.930794 52.276779 66.408522 -28.075073 0.000001 -0.000002 -0.000002 5.538166 1.106432 0.594850 23.907605 3.174155 21.178496 -37.193256 -0.214082 -9.089153 -0.000004 0.000004 0.000001 -26.081733 31.173216 -63.475680 2.092009 -5.505177 35.620980 -4.004788 -24.169478 -15.395170 -0.000002 0.000003 -0.000002 
15.936901 99.937698 -7.257478 -15.087497 0.679410 -19.933446 12.708934 -1.049027 25.223868 -1.951156 -2.459905 1.958444 0.604420 -1.498009 -10.444059 13.760270 14.404510 -9.495418 0.000001 0.000006 -0.000001 8.131133 -24.581409 0.608363 14.420425 -10.621981 -10.827755 -37.357344 -76.355873 -46.996520 -0.000002 0.000003 0.000001 -1.573687 22.941260 17.365957 -21.492133 32.000556 30.409307 51.318401 65.653445 -27.042204 -0.000000 -0.000001 -0.000001 5.942486 1.149625 0.643927 24.007043 3.254925 21.490181 -37.373183 -0.447168 -9.438074 -0.000002 -0.000002 0.000000 -25.356468 30.879746 -63.850815 1.760397 -5.671306 35.875992 -4.107425 -24.758370 -15.669465 0.000001 0.000003 0.000002 
15.933020 99.887459 -7.354991 -15.484508 0.888606 -19.949982 13.204514 -0.909755 25.326929 -2.072619 -2.531593 1.976467 0.539295 -1.562772 -10.484701 14.257644 14.605733 -9.634965 -0.000000 -0.000002 0.000002 8.235161 -25.035958 0.630721 13.833666 -10.860960 -10.625537 -35.877628 -76.193629 -45.957556 -0.000003 -0.000001 -0.000000 -1.517601 23.152699 17.356861 -21.743854 31.783093 30.557925 51.334920 66.003103 -27.060789 0.000000 0.000000 0.000001 6.156557 1.165860 0.571198 24.129042 3.296982 21.779636 -37.551909 -0.524322 -9.557753 -0.000006 0.000004 0.000001 -25.271913 30.682873 -63.587668 2.012172 -5.562533 35.711767 -4.028101 -24.384786 -15.490292 -0.000001 0.000011 0.000002 
15.924013 99.837639 -7.449495 -15.672839 1.223006 -19.912658 13.610117 -0.807846 25.433552 -1.951896 -2.445663 1.944476 0.186919 -1.954579 -10.463710 13.936838 14.484931 -9.597189 -0.000001 0.000000 -0.000000 8.215266 -25.174472 0.932938 14.031247 -11.182197 -10.513395 -34.739005 -75.154853 -42.641134 0.000001 -0.000003 0.000001 -1.076488 23.391272 17.226210 -21.683021 31.896966 30.830094 53.281715 65.065331 -28.950546 0.000000 0.000002 0.000003 6.411497 1.196757 0.502419 24.112897 3.291788 22.203480 -37.339497 -0.875859 -9.829194 -0.000004 0.000002 0.000000 -24.776317 30.437328 -63.779439 1.858068 -5.662086 35.716514 -3.833624 -24.282221 -15.306239 0.000001 0.000003 0.000002 
15.915987 99.794449 -7.551207 -15.529731 0.586742 -20.038911 13.720334 -0.774888 25.361572 -2.116104 -2.494136 1.905275 0.308467 -1.168850 -10.302219 13.785197 14.488317 -9.550462 -0.000000 0.000000 0.000001 8.212998 -25.332294 1.103952 13.882879 -11.318435 -10.322216 -33.720408 -74.807783 -41.120208 -0.000004 0.000003 -0.000001 -1.223473 23.103690 17.295615 -21.746566 32.247136 31.084744 54.119701 64.798927 -29.678815 -0.000003 0.000004 0.000002 6.190813 1.206186 0.538282 24.114178 3.363566 21.920326 -37.135226 -0.570836 -9.357356 -0.000004 0.000002 0.000001 -25.659272 30.688494 -63.151963 1.916530 -5.702861 35.620441 -3.801709 -24.102042 -15.237711 -0.000004 0.000003 0.000002 
15.913029 99.758034 -7.651785 -15.131031 -0.231335 -20.106786 13.096058 -0.975076 25.323459 -1.446659 -2.075546 1.736726 -0.031965 -0.763521 -9.992520 13.984472 14.668273 -9.712899 0.000003 0.000000 0.000001 8.163492 -25.144542 1.221684 14.006800 -11.357149 -10.334419 -36.321109 -75.986900 -44.453948 -0.000002 0.000002 0.000002 -1.099543 23.215217 17.284861 -21.741278 31.824799 31.121555 55.492999 64.541668 -30.971592 -0.000000 0.000002 -0.000002 5.735372 1.211955 0.499519 23.911961 3.344676 21.594502 -37.005620 -0.519652 -9.283912 -0.000005 0.000003 0.000002 -26.160903 30.981308 -63.105573 1.735757 -5.887211 35.722125 -3.617936 -23.959829 -15.051927 -0.000003 0.000005 0.000003 
15.906652 99.730186 -7.745651 -15.392144 0.126244 -20.121427 13.355173 -0.914593 25.542042 -1.995708 -2.297530 1.646442 0.434101 -0.996786 -10.043618 14.300540 14.749841 -9.699108 0.000001 0.000002 0.000001 8.095640 -25.305981 1.395847 14.056715 -11.919428 -10.448896 -37.097158 -76.510331 -45.591841 -0.000003 0.000001 0.000001 -1.165689 22.841522 17.156914 -22.001518 31.644096 31.402829 55.626731 65.251734 -30.930802 0.000001 -0.000002 -0.000000 6.062704 1.289075 0.582065 24.013719 3.585705 21.746677 -36.859601 -0.905794 -9.540000 -0.000002 0.000003 0.000001 -26.095250 30.785360 -62.929750 1.815041 -6.137327 35.544311 -3.058025 -23.946995 -14.748994 -0.000004 0.000003 0.000002 
15.902672 99.706612 -7.840678 -15.560438 0.081354 -20.067311 13.551012 -0.855281 25.606702 -1.486610 -2.015497 1.578439 -0.150979 -1.190389 -9.993766 14.728248 15.025873 -9.813232 -0.000003 0.000000 0.000001 8.217600 -25.492868 1.273989 13.873069 -12.255656 -10.624806 -36.993237 -76.724464 -46.212609 -0.000003 0.000004 0.000004 -0.990426 23.087737 17.048419 -22.214118 31.225241 31.394835 55.753192 65.625755 -31.052789 0.000000 -0.000003 -0.000003 6.279119 1.343522 0.519757 23.858694 3.478504 21.681163 -36.577234 -0.927557 -9.515503 -0.000003 0.000005 0.000001 -26.024388 30.739833 -62.976905 2.021755 -5.946789 35.558808 -3.020101 -23.529040 -14.487808 0.000003 0.000004 -0.000000 
15.895746 99.696419 -7.937818 -15.599894 0.163822 -20.011279 13.587697 -0.840847 25.601636 -1.722658 -2.241533 1.744247 0.244552 -0.978734 -10.192991 14.202260 14.777329 -9.725789 -0.000000 -0.000003 0.000002 8.095506 -25.503160 1.460528 13.352706 -12.051840 -10.342846 -33.601054 -75.544037 -42.334875 -0.000002 0.000004 0.000003 -1.175578 23.254436 17.334977 -21.831214 31.181098 30.958953 56.073083 65.943421 -31.496605 0.000001 0.000001 -0.000000 6.229243 1.332402 0.556116 23.788408 3.272783 21.483815 -36.616805 -0.714226 -9.287815 -0.000003 -0.000000 0.000001 -26.518571 30.863566 -62.567552 2.475366 -5.519212 35.335526 -3.274287 -23.673309 -14.734181 -0.000001 0.000008 0.000003 
15.889364 99.683807 -8.028262 -15.392190 -0.030368 -19.815091 13.625877 -0.830839 25.397681 -1.932199 -2.289343 1.633106 0.236711 -0.543757 -10.012867 14.337604 14.700341 -9.721766 0.000002 0.000000 0.000001 8.212110 -25.017176 1.332537 13.869511 -11.166844 -10.218380 -36.013327 -75.293840 -43.099023 -0.000002 0.000000 -0.000004 -1.243189 23.014456 17.335076 -21.829898 31.455938 31.129902 55.426422 65.987933 -30.795913 0.000001 -0.000001 -0.000000 6.355870 1.328113 0.463972 23.630945 3.098804 21.125157 -36.807609 -0.246062 -8.984066 -0.000002 -0.000002 -0.000001 -25.953518 30.870662 -63.199255 1.707222 -5.827306 35.538219 -3.301513 -24.279828 -14.998259 0.000000 0.000003 0.000002 
15.884422 99.675308 -8.120355 -15.477267 0.457299 -19.744245 13.830010 -0.782448 25.541556 -2.256571 -2.492608 1.701846 0.487746 -0.827886 -10.197412 14.022802 14.552136 -9.632770 -0.000000 0.000000 0.000000 8.222960 -24.797591 1.285744 14.216157 -10.727160 -10.219951 -38.857028 -75.518861 -45.275241 -0.000002 0.000003 -0.000001 -1.107208 23.171984 17.344084 -21.669649 31.670931 31.083231 55.489147 65.311580 -30.960267 0.000001 0.000000 0.000001 6.802640 1.363363 0.474548 23.428191 2.955794 21.292985 -37.088675 -0.295344 -9.185662 -0.000006 0.000000 0.000001 -25.520046 30.669841 -63.329036 1.155261 -5.942762 35.337732 -3.319188 -24.936373 -15.213666 -0.000002 0.000006 0.000002 
15.878761 99.660217 -8.217813 -15.202087 0.106593 -19.765294 13.585275 -0.845104 25.344824 -2.589942 -2.679410 1.757470 0.703408 -0.244677 -10.001408 14.065137 14.638081 -9.663155 0.000003 -0.000003 0.000001 8.192250 -24.754042 1.364574 14.890804 -10.391865 -10.356044 -42.806305 -76.264738 -49.193089 -0.000001 0.000001 0.000001 -0.954460 23.266148 17.328994 -21.540257 32.246833 31.205662 55.227639 64.647522 -30.744584 0.000000 -0.000001 -0.000002 6.457667 1.307218 0.528469 23.433570 3.025195 21.080505 -37.273521 -0.041546 -8.963263 -0.000003 -0.000000 0.000001 -25.473793 30.859225 -63.656311 1.005976 -6.061683 35.716900 -3.615712 -24.828443 -15.431583 -0.000000 0.000004 -0.000000 
15.868769 99.657990 -8.307229 -15.395608 0.306275 -19.831465 13.296086 -0.946237 25.576338 -1.864339 -2.260812 1.642762 0.500090 -0.778161 -9.969152 13.858502 14.466920 -9.557816 0.000000 -0.000005 0.000000 8.119332 -24.906172 1.208551 15.022176 -10.165204 -10.633817 -45.713746 -76.980781 -53.373625 -0.000001 0.000002 -0.000001 -1.187433 23.396886 17.451080 -21.636765 32.089301 31.004981 54.164254 65.105206 -29.790386 0.000001 -0.000001 -0.000001 6.719779 1.319458 0.593487 23.279716 3.038696 21.185066 -36.979990 -0.501739 -9.320690 -0.000001 0.000004 0.000001 -25.481590 30.742337 -63.455661 0.339620 -6.376554 35.741465 -3.589640 -25.600282 -15.689464 -0.000004 0.000003 0.000002 
15.863535 99.656761 -8.405243 -15.433803 0.368552 -19.704187 13.684877 -0.815064 25.537353 -1.805727 -2.150502 1.546689 0.060074 -0.861846 -9.871541 14.370879 14.829338 -9.822310 -0.000000 -0.000005 0.000001 8.106222 -25.257980 1.535336 14.226651 -11.137927 -10.234054 -42.378728 -77.017425 -50.497976 -0.000001 -0.000001 0.000001 -1.287824 22.815755 17.340317 -21.618206 32.276974 31.195202 55.030923 65.482355 -30.426167 0.000002 0.000000 0.000001 6.782313 1.344362 0.444988 23.162563 3.086885 21.292015 -36.719964 -0.568506 -9.272020 -0.000002 0.000000 -0.000001 -25.805802 30.848327 -63.246636 1.045789 -6.122907 35.553020 -3.591870 -24.812949 -15.457782 -0.000001 0.000003 0.000002 
15.860579 99.657944 -8.501245 -15.523287 0.285130 -19.737893 13.473339 -0.886863 25.497921 -1.576407 -2.085939 1.633081 -0.041204 -1.092554 -9.845218 14.466996 14.918748 -9.829473 -0.000000 0.000000 -0.000000 8.117268 -25.327827 1.632107 14.200833 -11.322376 -10.307011 -42.878763 -77.166712 -51.236961 -0.000003 -0.000001 -0.000000 -1.031072 23.246001 17.348344 -21.597939 32.289689 31.158643 55.099075 65.073022 -30.570745 0.000001 -0.000001 -0.000001 6.705093 1.378328 0.487593 23.146179 3.141394 21.246828 -36.437601 -0.554546 -9.139640 -0.000004 0.000000 0.000001 -25.850237 30.766526 -63.133815 1.053147 -6.224895 35.606872 -3.391408 -24.816965 -15.333838 -0.000003 0.000004 0.000005 
15.856005 99.661766 -8.598461 -15.604098 0.391804 -19.648381 13.638645 -0.813928 25.472192 -1.320538 -1.991764 1.666784 -0.221961 -1.337399 -9.811901 14.639561 14.972391 -9.987255 0.000001 -0.000003 0.000000 8.053658 -25.691538 1.799605 13.691696 -11.820638 -10.197603 -41.155551 -76.755890 -49.335887 -0.000003 0.000001 0.000001 -1.024797 23.225877 17.313184 -21.719110 32.223473 31.254447 55.264765 65.154131 -30.760904 0.000000 0.000000 0.000001 6.830539 1.380410 0.426688 23.160009 3.130026 21.212438 -36.605535 -0.398112 -9.083174 -0.000002 -0.000002 -0.000001 -26.249143 30.896456 -62.832700 2.086861 -5.710589 35.564351 -3.540395 -23.834655 -15.060234 -0.000000 -0.000001 0.000002 
15.850567 99.671272 -8.693183 -15.783500 0.452550 -19.691466 13.729433 -0.816808 25.485666 -1.481242 -2.127872 1.791657 -0.157634 -1.434160 -9.860909 15.053959 15.364818 -10.122100 0.000001 -0.000003 0.000001 8.209900 -25.935412 2.105320 13.491612 -12.182407 -9.863218 -41.722736 -77.092851 -49.808936 0.000000 0.000003 -0.000002 -0.749359 23.060401 17.143387 -21.631641 32.400218 31.500945 55.701108 64.643192 -31.108807 -0.000002 -0.000003 -0.000001 6.956883 1.405676 0.560141 23.169205 3.017331 20.993915 -36.859669 -0.270304 -9.034881 -0.000002 -0.000003 -0.000003 -26.225748 30.715535 -62.534801 2.167804 -5.623031 35.406150 -3.776169 -23.510592 -15.116885 0.000000 0.000003 -0.000002 
15.845760 99.692154 -8.785872 -15.550227 0.454557 -19.592777 13.563989 -0.846120 25.397225 -1.643093 -2.255079 1.844616 0.094160 -1.220970 -9.834596 13.771709 14.541898 -9.791889 0.000002 0.000000 0.000001 7.929459 -25.736394 2.067380 13.527621 -11.716308 -10.073792 -43.307460 -77.568259 -52.735996 -0.000000 0.000003 0.000002 -1.110250 22.811403 17.158992 -21.865071 32.065921 31.480345 54.966460 65.152833 -30.454021 -0.000000 0.000000 0.000000 6.677083 1.405491 0.524681 23.281359 3.025902 20.931495 -36.965814 -0.330078 -9.080397 -0.000002 0.000002 0.000000 -26.532905 30.655084 -62.135160 2.573196 -5.462294 35.067031 -4.003551 -22.951503 -15.132552 -0.000000 0.000001 -0.000000 
15.837137 99.727707 -8.873299 -15.207310 0.691390 -19.414444 13.623765 -0.799069 25.156157 -1.855094 -2.417257 1.983198 0.389616 -1.139118 -9.740168 12.838306 14.036491 -9.477970 0.000001 0.000000 0.000000 7.840908 -25.808377 2.147699 13.311527 -12.146762 -9.910937 -41.655630 -76.821965 -49.827097 -0.000000 0.000003 -0.000000 -1.042225 22.459025 16.959365 -22.010881 32.210400 31.794483 55.380967 63.983136 -30.939524 0.000001 0.000003 0.000002 6.312857 1.320923 0.348855 23.114801 3.045050 21.113805 -36.536451 -0.674238 -9.233645 -0.000006 -0.000002 -0.000000 -26.885238 30.535484 -61.420196 3.287397 -5.095102 34.440993 -4.438712 -22.002940 -15.073842 -0.000006 0.000003 0.000002 
15.830404 99.768066 -8.945832 -14.784581 0.459217 -19.358815 13.089089 -0.972493 25.018647 -2.151703 -2.677393 2.229456 0.927187 -1.132082 -9.938663 13.005871 14.295662 -9.466185 -0.000002 0.000002 0.000001 7.926376 -25.172152 2.118431 13.959362 -11.071461 -9.614295 -48.888172 -77.469645 -55.988191 -0.000002 0.000002 -0.000001 -1.204002 21.781808 16.976852 -21.709611 32.127881 31.770119 56.388457 64.252115 -31.654484 -0.000000 0.000002 -0.000000 6.135064 1.322771 0.247146 23.041645 3.060388 21.077938 -37.284357 -0.674944 -9.425565 -0.000001 -0.000002 -0.000001 -27.559765 30.491040 -60.545420 3.190027 -5.184820 34.074707 -4.857720 -21.799179 -15.344823 -0.000006 0.000004 -0.000000 
15.829763 99.838188 -9.006372 -15.054292 0.313070 -19.190472 13.292597 -0.905034 24.905382 -2.321446 -2.723828 2.131270 0.964390 -1.358298 -9.754283 13.395881 14.479808 -9.504971 -0.000001 0.000002 0.000000 8.082126 -24.360409 1.879359 14.992345 -9.756534 -9.812305 -57.224466 -78.005596 -64.441223 -0.000001 -0.000001 -0.000000 -1.240536 21.108932 16.729527 -21.939201 31.790279 31.971586 55.775202 64.948897 -31.161065 -0.000003 0.000002 -0.000001 6.700757 1.326824 0.090939 22.926204 2.779040 20.775006 -37.464520 -0.102696 -8.945999 -0.000002 0.000002 0.000001 -27.444615 29.924350 -59.609479 3.178519 -4.977302 34.652422 -6.918842 -21.410486 -16.854071 -0.000003 0.000002 0.000003 
15.832273 99.946121 -9.066891 -14.906205 -0.395788 -18.614834 13.270346 -0.860541 24.161144 -2.044287 -2.787324 2.399474 0.045956 -1.670230 -9.759963 13.757920 14.514603 -9.249132 0.000001 0.000006 -0.000000 8.218708 -22.973618 1.026738 16.450719 -7.154939 -10.461575 -66.331689 -78.182109 -74.366109 -0.000002 -0.000002 -0.000002 -1.308390 20.076267 16.099466 -23.333864 32.529985 32.910160 49.032914 66.561546 -24.519157 -0.000000 -0.000002 -0.000000 6.880743 1.328089 -0.417756 21.880801 2.400559 19.975081 -38.282503 0.919310 -8.296916 -0.000006 -0.000000 0.000001 -26.727874 29.071088 -59.025074 2.701960 -5.094521 36.232504 -10.779312 -21.343561 -19.904851 -0.000003 0.000003 0.000002 
15.836334 100.085609 -9.137862 -15.157447 0.710346 -17.957373 14.112737 -0.587884 23.960864 -3.103682 -3.360631 2.390516 0.315064 -2.124946 -9.699775 13.791713 14.146418 -9.357985 -0.000001 0.000002 0.000001 8.120597 -23.345226 1.078809 15.695792 -8.157694 -10.700314 -53.533664 -77.082803 -61.360090 -0.000002 0.000002 -0.000002 -0.483524 21.235309 15.675477 -24.013873 32.303093 33.280247 45.670729 65.546955 -21.710774 -0.000000 0.000000 0.000001 7.430796 1.336105 -0.915673 20.566331 2.175304 20.492164 -36.493093 -0.593779 -9.338585 -0.000006 0.000002 -0.000000 -24.799232 27.712284 -58.984435 2.866959 -5.352274 37.322018 -13.488826 -20.509847 -22.100639 -0.000004 0.000008 -0.000000 
15.846598 100.264214 -9.207940 -14.926981 0.820103 -17.012973 13.375791 -0.667080 23.184406 -2.216688 -3.029747 2.651410 -0.006937 -3.235784 -9.676090 13.073030 13.618788 -9.130300 -0.000000 0.000004 0.000001 7.575324 -23.101513 0.484959 15.718917 -8.008095 -11.248198 -43.295907 -74.716983 -50.014572 -0.000002 0.000001 0.000002 -0.312955 21.340122 15.051698 -24.839159 31.397232 33.191895 40.594294 66.699065 -17.024117 -0.000001 -0.000005 -0.000001 7.646794 1.064004 -1.599542 19.366834 2.100090 19.953383 -37.720826 0.018462 -9.220145 -0.000004 -0.000001 -0.000002 -23.457675 26.356848 -57.835972 3.645983 -4.901005 39.040617 -17.949351 -18.901521 -24.929437 -0.000000 -0.000001 -0.000006 
15.833012 100.479095 -9.264491 -13.578211 -0.657536 -16.035281 12.151734 -0.848289 21.718665 -1.471874 -2.297568 2.231249 -0.165996 -2.476753 -8.427511 11.697875 13.283607 -8.578273 -0.000000 -0.000002 0.000002 6.970610 -22.769443 0.431817 16.874377 -9.103176 -12.567241 -38.842466 -72.440167 -43.593983 -0.000001 0.000003 0.000001 -0.579370 20.770793 14.648620 -25.758522 31.807737 33.705013 34.200823 66.235807 -11.172672 0.000001 -0.000006 -0.000000 6.203852 0.624893 -2.257425 19.599233 2.207853 18.133879 -38.870057 1.536796 -8.062033 -0.000002 0.000000 -0.000001 -24.933037 25.737729 -54.566532 4.767100 -4.079028 40.808335 -22.095216 -16.588549 -26.968083 0.000002 0.000004 -0.000000 
15.826471 100.693741 -9.330154 -13.884938 0.173744 -15.203784 12.485562 -0.740665 21.198305 -1.943244 -2.681772 2.424046 0.386615 -2.035325 -8.415754 11.400710 12.849214 -8.092402 0.000000 -0.000001 0.000000 7.492220 -22.685367 0.051096 18.449289 -8.897580 -13.603022 -44.408008 -73.227141 -48.714101 -0.000000 0.000002 -0.000000 -1.386075 19.368328 14.720236 -25.636079 31.473334 33.325176 30.657014 66.794619 -7.533653 0.000001 -0.000005 -0.000002 6.808740 0.778255 -2.548969 18.997102 2.038479 17.769538 -38.730752 0.986214 -8.840153 -0.000003 0.000002 0.000001 -22.768461 23.670687 -53.257444 5.520302 -3.693428 42.613615 -25.547670 -14.681364 -28.952643 -0.000005 0.000006 0.000002 
15.792013 100.933952 -9.384219 -12.498044 0.577678 -13.829636 12.407606 -0.662027 19.687496 -2.405767 -3.033380 2.669539 0.018089 -1.778438 -8.081690 11.093825 12.607687 -7.965486 0.000001 0.000002 -0.000001 7.154247 -20.942132 -1.422927 19.930538 -7.162303 -15.429874 -46.692129 -73.755607 -54.161805 -0.000001 0.000001 -0.000000 -2.943061 18.773335 15.095710 -27.064816 29.451595 33.133989 21.019366 67.424957 1.667055 -0.000002 0.000003 0.000002 6.554365 0.689944 -3.103304 17.075816 2.081983 16.942143 -37.703075 -0.262284 -9.808644 -0.000006 0.000001 0.000001 -20.750202 21.482205 -51.282143 6.371645 -3.580817 45.198613 -30.857490 -12.833353 -32.714656 0.000001 0.000003 -0.000000 
15.743902 101.204361 -9.419245 -10.305018 -1.663808 -12.715581 10.481029 -0.932160 17.715643 -1.331664 -2.424885 2.441365 -0.488033 0.287034 -6.915203 10.021814 11.818488 -7.859796 -0.000002 -0.000002 0.000000 6.669856 -19.944228 -2.054748 20.354876 -6.743198 -16.389715 -39.237162 -72.911600 -48.759788 -0.000001 0.000000 -0.000003 -4.730385 18.689231 16.496900 -27.632613 27.109986 32.733333 17.197704 66.157916 5.136142 0.000001 -0.000001 -0.000001 5.151423 0.626359 -3.377068 15.223672 2.046731 14.496332 -36.522186 0.078935 -9.004536 -0.000006 0.000001 -0.000001 -21.738575 19.955149 -46.949190 7.849240 -2.858796 47.020313 -35.235580 -10.745321 -35.814988 0.000000 -0.000003 0.000001 
15.676378 101.488602 -9.444869 -10.087707 -0.712521 -11.547139 10.031132 -0.950336 16.585847 -0.271678 -2.013971 2.683640 -1.333449 -0.351645 -6.732834 9.550259 11.240827 -7.745286 -0.000000 0.000002 -0.000000 7.005426 -18.650217 -2.951582 21.395545 -7.417124 -17.712728 -34.844476 -72.122283 -46.129178 -0.000003 0.000000 -0.000002 -6.345176 17.805796 17.480939 -28.661834 25.523020 33.249371 13.288592 64.337964 8.272520 0.000002 -0.000000 0.000001 5.585117 0.583979 -3.608576 13.432025 2.075496 13.810462 -35.234883 -1.484150 -10.049829 -0.000003 -0.000003 -0.000002 -19.503448 17.740040 -44.503911 9.943252 -1.973023 48.049862 -38.506476 -9.610311 -38.630764 0.000003 0.000002 0.000003 
15.542475 101.789421 -9.448647 -9.644143 -0.480128 -10.367183 9.613367 -0.770246 14.684634 -0.896966 -2.466020 2.830551 -1.009795 1.088020 -5.997854 9.095755 10.351348 -7.319746 0.000001 -0.000001 0.000000 7.246500 -17.454687 -4.081705 22.003029 -8.266879 -18.599616 -24.169085 -69.425451 -36.155217 0.000000 -0.000001 0.000002 -8.325522 15.929722 18.351108 -29.390314 22.225465 33.137779 8.977566 62.626797 13.360583 -0.000000 -0.000002 0.000000 5.932123 1.018224 -3.569338 11.515947 2.491516 12.633267 -34.171911 -2.611790 -10.904703 -0.000001 0.000002 -0.000000 -19.695236 15.708499 -40.015958 11.428534 -1.361653 47.024855 -39.444097 -8.007540 -38.615284 -0.000004 -0.000002 -0.000006 
15.332483 102.096626 -9.448896 -9.397049 0.702022 -8.792079 8.882471 -0.641756 12.039435 -0.210847 -2.331158 3.238666 -1.365578 1.263162 -5.115645 8.424509 9.640459 -7.005990 0.000002 0.000002 0.000001 7.669463 -15.723551 -4.525773 22.759191 -9.718554 -18.561883 -14.721800 -67.865484 -29.019312 -0.000002 -0.000000 0.000005 -9.801298 13.695497 19.066832 -29.695197 17.770286 33.562334 7.639239 61.054173 15.227985 -0.000000 0.000001 -0.000000 6.351088 1.136638 -3.746374 9.414128 2.505366 11.422895 -32.654468 -4.113142 -11.877868 0.000001 0.000004 0.000001 -18.882777 13.561966 -35.464012 14.328702 0.266010 44.744074 -37.900173 -6.363841 -36.078087 -0.000004 0.000001 -0.000000 
15.102551 102.382675 -9.439296 -8.981185 1.401615 -7.393165 9.502430 -0.295847 9.785105 -3.005058 -3.639050 3.000599 0.390426 3.019526 -4.120414 7.952607 8.970729 -6.620911 -0.000000 -0.000001 -0.000000 7.909395 -14.633194 -4.997496 24.378127 -9.602135 -19.426158 -7.897117 -67.019886 -25.549052 -0.000000 0.000001 0.000002 -10.854476 12.425869 19.537059 -30.279642 13.765404 33.729086 6.367236 59.527428 16.745443 0.000000 -0.000001 -0.000001 6.456802 1.234506 -4.330004 7.492599 2.354143 10.675787 -31.231067 -5.485634 -12.671853 -0.000008 0.000001 -0.000002 -17.769813 11.872768 -32.134104 16.814864 1.531281 42.413371 -35.801748 -4.982429 -33.164540 -0.000003 0.000003 -0.000001 
14.824611 102.659966 -9.411684 -7.317733 2.845023 -6.036066 7.560872 -0.394580 7.390141 -0.473677 -2.610875 3.511136 -1.562872 3.048773 -3.439767 6.780476 8.026592 -5.929921 0.000002 0.000004 0.000001 8.909466 -13.431504 -5.032180 25.888691 -9.554059 -19.758697 -2.504548 -65.199429 -21.822827 -0.000001 -0.000004 -0.000002 -11.819275 10.738959 20.327097 -30.386791 10.857234 34.396918 7.773276 55.540038 15.069238 0.000002 -0.000002 0.000000 5.682545 1.427541 -4.659798 5.916180 1.932456 9.854163 -30.753244 -6.939208 -13.616918 -0.000004 0.000002 0.000001 -17.173322 9.978943 -27.949061 19.978375 2.677338 38.778850 -31.872641 -1.416794 -27.581899 -0.000002 0.000004 -0.000000 
14.518698 102.949921 -9.377108 -6.188883 5.215902 -5.355147 7.073739 -0.397461 6.515269 -0.096906 -2.420838 3.572080 -1.905551 3.763065 -2.974320 5.582961 7.023185 -5.415931 0.000001 0.000000 -0.000000 10.094788 -12.460715 -5.440803 25.573190 -10.012101 -19.091555 -1.466783 -60.729493 -17.692128 0.000000 -0.000000 -0.000003 -12.904506 8.600361 20.808999 -30.149070 7.040480 34.192006 6.617156 51.896290 16.344670 0.000001 0.000000 -0.000000 4.827203 1.469836 -4.181835 5.153557 1.649579 9.156493 -29.989349 -8.571844 -14.626427 -0.000000 0.000004 0.000002 -17.216580 8.235983 -23.183631 22.619777 3.399164 34.132088 -27.868403 3.214023 -21.234061 -0.000002 0.000006 0.000002 
14.191037 103.245377 -9.347729 -6.527442 8.268240 -5.010269 7.523952 -0.325343 6.263905 0.228585 -2.388798 3.930028 -2.032199 4.463164 -2.777581 4.494304 5.923704 -4.561688 0.000000 0.000005 0.000001 11.109116 -12.704725 -5.921894 25.403997 -10.595392 -18.512318 -1.049328 -56.269591 -14.397571 -0.000002 0.000002 -0.000002 -13.999356 6.229015 20.740190 -29.633954 3.539692 33.588169 5.425518 49.342219 17.674081 -0.000001 -0.000001 -0.000002 5.389857 1.512419 -3.257825 4.791472 1.620146 8.946152 -29.592232 -10.341509 -15.973695 -0.000006 -0.000000 0.000001 -17.100027 6.852625 -19.361291 25.397143 4.184461 30.586031 -25.240875 7.100782 -16.266106 -0.000003 0.000005 -0.000002 
13.829399 103.537949 -9.329515 -6.284058 12.964839 -4.310557 7.965364 -0.329117 6.333730 -0.602820 -2.378643 3.375409 -1.695386 3.573766 -1.931942 3.442958 5.178391 -4.387688 0.000001 0.000004 -0.000000 12.115643 -10.163085 -6.797783 28.165946 -10.367878 -19.247910 -0.628224 -54.411756 -12.402875 0.000003 0.000002 0.000003 -14.770977 5.119290 21.622999 -29.094956 0.013866 33.620466 7.896753 46.312258 14.885236 0.000001 0.000000 0.000001 4.734694 1.412917 -2.808456 4.640022 1.621642 9.439833 -28.938914 -13.524502 -18.249646 0.000002 -0.000000 -0.000001 -16.995777 5.819823 -16.462733 26.557621 3.882814 27.381895 -23.882134 10.581613 -12.948575 -0.000001 0.000004 -0.000000 
13.435714 103.785881 -9.302222 -4.828176 17.790893 -3.309098 6.618270 -0.440167 5.486802 -0.362836 -1.943051 3.053374 -1.930265 3.049932 -0.790217 1.591352 4.172340 -4.809584 0.000000 0.000000 0.000001 12.882583 -8.927260 -7.165383 31.354882 -9.977395 -20.238542 0.654298 -52.692201 -10.377213 0.000005 -0.000001 -0.000002 -15.540987 3.700688 22.109618 -28.752272 -3.998408 33.637688 10.118251 44.046906 12.423633 0.000000 -0.000004 -0.000001 3.572863 1.233264 -2.709505 3.649340 1.800460 9.342179 -28.104161 -16.979000 -20.558895 -0.000006 0.000000 -0.000001 -16.420618 4.973362 -14.388046 25.502842 2.443988 23.617401 -23.175450 13.064813 -10.966303 0.000001 -0.000001 -0.000003 
13.044527 103.983574 -9.266241 -3.843697 21.249760 -2.655684 5.684181 -0.470177 4.920296 -0.945042 -1.922661 2.608917 -1.258892 3.256253 0.161662 0.170263 3.318941 -5.177607 -0.000001 0.000004 -0.000000 13.088769 -7.705014 -7.682553 33.246745 -9.728984 -21.150722 0.526216 -50.639613 -9.259740 0.000003 0.000004 0.000001 -16.269780 2.133801 21.774764 -29.076064 -6.923168 33.563795 9.583736 41.917031 12.495560 0.000001 -0.000002 -0.000002 2.747087 1.010594 -2.631687 3.408693 2.024151 9.442608 -27.787018 -19.304790 -22.253308 0.000002 -0.000000 -0.000001 -15.740448 4.465855 -13.053925 24.741008 1.616184 21.198165 -23.263636 14.699137 -9.866456 -0.000000 0.000006 0.000002 
12.610343 104.158981 -9.208732 -4.585814 25.043765 -1.949015 5.635459 -0.467187 4.605149 -0.827167 -1.684932 2.311462 -1.160269 3.219435 0.942989 -0.414351 2.486677 -4.988324 -0.000000 0.000002 0.000000 13.686151 -5.831908 -8.738307 35.107811 -9.029839 -21.837894 1.663831 -46.754428 -6.998132 0.000001 -0.000001 -0.000000 -16.807627 1.397443 22.050644 -29.529643 -10.042373 33.593705 10.158379 38.319680 11.579145 -0.000004 -0.000002 0.000001 3.740758 0.972062 -1.657123 2.477563 2.240940 9.307819 -27.390457 -22.046935 -24.245865 -0.000006 -0.000003 -0.000002 -13.736162 3.754923 -11.529599 23.181331 0.620689 18.893558 -23.411776 15.101229 -9.787568 0.000000 -0.000003 -0.000004 
12.188033 104.311775 -9.129784 -5.773483 28.750978 -1.006727 6.882941 -0.464134 5.513836 -3.802856 -1.871532 0.142116 0.840115 3.181377 2.448256 -0.428080 1.961346 -4.668421 -0.000000 0.000002 0.000001 14.549975 -4.521913 -9.813624 36.871984 -7.661031 -22.851679 5.150085 -40.648013 -5.102915 -0.000000 0.000001 0.000000 -17.197865 0.534308 21.993073 -30.242985 -12.813122 33.427298 9.171692 33.921055 11.836329 -0.000002 -0.000000 -0.000000 4.098366 1.049717 -1.591645 2.548731 2.060040 10.076424 -26.701803 -24.865416 -26.225946 -0.000004 -0.000002 0.000000 -12.153817 3.389489 -11.171819 22.287674 0.323496 18.575029 -23.829856 14.560053 -10.658958 0.000005 -0.000003 -0.000004 
11.788096 104.462021 -9.057103 -6.485375 31.108926 -0.289955 7.522452 -0.460293 6.087739 -5.627477 -1.702862 -1.462794 2.133692 3.427862 3.817360 -1.213164 1.751147 -5.106641 -0.000000 0.000002 0.000000 14.515945 -3.412979 -10.070083 38.956349 -6.737763 -23.702975 5.159603 -37.422979 -4.140827 0.000000 0.000001 -0.000001 -17.401585 0.607466 22.264009 -30.649822 -14.271491 33.972565 9.185033 30.358261 10.718490 -0.000000 -0.000002 0.000000 3.897793 0.782126 -1.812644 2.530978 1.884333 10.279588 -25.837199 -26.233932 -26.859557 -0.000001 -0.000003 -0.000002 -10.173927 3.008241 -10.311227 20.512424 -0.147555 17.781361 -24.178745 13.994996 -11.314686 -0.000004 -0.000001 0.000003 
11.352465 104.589592 -8.967981 -6.351652 33.682357 0.171042 6.659973 -0.540043 5.848563 -6.646659 -1.388931 -2.703791 3.006043 3.901358 5.152277 -1.518037 1.304774 -4.897098 0.000001 -0.000005 -0.000000 14.126636 -2.087586 -10.206514 41.131570 -5.599711 -24.841789 4.744431 -35.153122 -3.284079 0.000002 -0.000002 -0.000000 -17.731721 -0.129559 21.955959 -31.615665 -16.077470 34.337536 9.133796 26.596022 10.134570 -0.000001 0.000003 0.000002 3.602745 0.751152 -1.025976 2.089607 2.137278 9.833942 -25.491434 -27.765315 -27.804389 -0.000003 -0.000001 -0.000001 -8.306070 2.204806 -8.411328 18.108732 -1.129204 15.936616 -24.957679 13.010092 -12.791953 -0.000002 0.000008 -0.000000 
10.900784 104.705902 -8.877387 -6.476123 35.767604 1.005848 6.224359 -0.539776 5.354903 -6.308790 -0.933576 -3.187482 2.819379 3.994499 5.974492 -1.960143 1.283536 -5.215148 -0.000000 0.000002 0.000000 13.629278 -1.099751 -10.279249 43.219255 -4.190430 -26.168575 3.615816 -34.363303 -3.269747 0.000002 0.000001 0.000002 -18.001969 -0.243668 21.846401 -32.951811 -17.304424 34.826465 8.871758 22.859948 9.175067 0.000003 0.000000 0.000000 3.985412 0.733494 -0.522813 1.444063 2.389223 9.495132 -24.944496 -28.936124 -28.335774 -0.000003 -0.000000 0.000001 -7.191433 1.696875 -7.114276 16.704694 -1.762058 14.550895 -26.025893 11.742690 -14.608494 -0.000004 0.000003 -0.000000 
10.471027 104.816460 -8.781391 -7.009018 37.305715 1.587976 5.804688 -0.580126 5.191405 -5.179248 -0.683246 -2.717905 1.919222 3.922018 5.546424 -1.696286 1.201292 -4.908226 -0.000000 0.000000 0.000001 13.861112 -1.103231 -10.586039 44.108460 -3.317466 -26.901357 2.513923 -33.640478 -3.343376 -0.000003 -0.000001 0.000001 -18.211617 -0.273528 21.932769 -33.842867 -18.425690 34.936151 8.437613 19.770105 8.376801 -0.000002 -0.000001 -0.000003 4.295475 0.721271 -0.379772 1.082246 2.580774 9.631917 -24.523571 -29.918500 -28.673595 -0.000003 0.000001 0.000002 -6.658596 1.358132 -6.278952 16.541972 -2.171146 14.066247 -26.604939 11.109952 -15.687420 -0.000006 0.000004 0.000005 
10.035251 104.927307 -8.677313 -6.821190 38.343159 2.499609 5.582529 -0.549730 4.921170 -4.670182 -0.246037 -3.075916 1.541871 3.725656 5.880200 -1.923064 1.493885 -5.427178 0.000000 0.000007 0.000001 14.109981 -0.407650 -11.136876 44.818004 -2.285165 -27.554486 2.047821 -33.057368 -3.364727 -0.000002 -0.000003 0.000002 -18.356371 0.201275 22.208492 -34.816688 -18.153220 35.536515 8.398808 17.673118 7.554578 0.000002 0.000002 0.000001 4.367228 0.865674 -1.013183 0.118463 2.674955 8.951399 -23.478698 -29.524613 -27.628901 -0.000001 0.000000 -0.000001 -5.730585 0.931049 -5.429797 14.972844 -2.817723 12.164391 -26.201823 10.486424 -16.091456 -0.000003 0.000001 -0.000000 
9.585461 105.041313 -8.565588 -7.002170 39.912637 3.501627 5.403224 -0.497882 4.695130 -4.437710 0.134448 -3.534381 1.611494 3.820242 6.500653 -2.445276 1.509491 -5.891159 0.000000 -0.000003 -0.000000 14.310301 -0.514111 -11.433100 45.713643 -1.326334 -28.166063 2.278915 -32.146582 -2.771897 -0.000000 -0.000001 0.000002 -18.706988 -0.416571 21.915497 -35.355238 -19.040530 35.439222 8.234379 15.895886 7.421420 0.000000 0.000000 -0.000000 4.518052 0.964972 -1.535651 -0.300541 2.788927 8.543607 -22.360361 -28.342336 -25.978785 -0.000006 0.000000 -0.000001 -4.574393 0.525039 -4.449498 13.190839 -3.431412 10.319079 -25.921143 9.625815 -16.785576 -0.000000 0.000001 -0.000000 
9.157310 105.150963 -8.438838 -7.314846 40.900778 4.252015 5.450214 -0.457746 4.576149 -4.489167 0.302516 -3.833860 1.852254 3.673311 6.867307 -2.691630 1.581590 -6.042497 0.000001 -0.000005 -0.000000 14.653157 -0.662736 -11.711909 45.984904 -1.161970 -28.221124 2.268949 -31.449340 -2.247537 -0.000001 0.000005 -0.000000 -18.767280 -0.310538 22.065052 -35.687253 -18.727520 36.038250 8.466223 14.597142 6.916542 -0.000000 -0.000001 -0.000001 4.791323 0.998111 -1.928387 -0.423579 2.799236 8.216555 -21.807781 -26.858428 -24.510726 -0.000004 0.000002 0.000001 -3.692216 0.344750 -3.802123 11.978327 -3.630021 9.244460 -25.575500 8.687663 -17.155014 -0.000003 0.000002 -0.000000 
8.716362 105.252594 -8.294541 -8.177720 42.082319 5.016997 5.829749 -0.484741 4.720335 -3.996876 0.514045 -3.553856 1.194594 3.465638 6.344663 -2.008088 1.813649 -4.875423 0.000000 0.000002 0.000000 15.243777 -0.337859 -11.770756 46.629582 -1.567738 -27.682675 2.650912 -29.577403 -1.069388 -0.000004 0.000004 -0.000002 -18.600763 -0.480249 22.454459 -35.068114 -18.524148 37.179370 8.503853 13.307952 6.749931 0.000002 0.000001 -0.000001 5.576606 0.840686 -2.144919 -0.230410 2.698087 7.751028 -21.162573 -23.657142 -21.682393 -0.000003 0.000000 -0.000000 -2.723746 0.259986 -2.667563 11.287820 -3.416932 8.533949 -26.184521 7.724368 -17.987472 -0.000000 0.000001 -0.000000 
8.268262 105.351143 -8.136687 -8.626601 43.429310 5.639995 5.524810 -0.503296 4.262704 -4.269976 0.753420 -3.928909 1.587163 3.192789 6.943563 -1.928038 2.020592 -4.363847 -0.000000 0.000002 0.000001 15.792753 -0.073216 -11.804566 47.396137 -1.842105 -27.436525 3.313324 -26.802909 0.027694 -0.000001 0.000004 -0.000003 -18.668094 -0.746107 22.899280 -34.383131 -18.156263 38.032358 8.200877 11.774856 6.677080 0.000003 -0.000002 0.000001 6.370831 0.709016 -2.640507 -0.524323 2.420307 7.683524 -22.020849 -20.305367 -19.541111 -0.000000 0.000001 -0.000001 -2.502022 0.304507 -1.880728 11.273774 -3.184653 8.290105 -26.782331 6.810343 -19.091765 -0.000000 0.000001 -0.000000 
7.848742 105.450737 -7.978506 -9.024627 44.438758 5.982269 5.629476 -0.543543 4.308968 -4.380734 0.818057 -3.991919 1.509221 3.154338 6.988807 -1.463317 2.045783 -3.674288 -0.000000 -0.000001 -0.000000 16.173591 0.019144 -11.757350 47.751587 -2.332525 -26.992998 4.002861 -25.477138 1.027752 -0.000001 0.000004 0.000003 -18.611263 -1.401649 22.849158 -33.773113 -18.084367 38.620717 8.098131 10.976247 7.206000 -0.000003 0.000000 0.000000 6.946935 0.660535 -2.802268 -0.567718 2.544858 7.700447 -22.905335 -17.817973 -17.994798 -0.000003 0.000003 0.000002 -2.730978 0.435553 -1.787842 11.591418 -3.131393 8.719400 -27.111773 6.136661 -19.851684 -0.000000 0.000002 -0.000002 
7.421659 105.552147 -7.817858 -9.088996 45.328192 5.914197 5.333329 -0.584907 4.076999 -4.356690 0.842501 -3.947908 1.329846 2.985201 7.021069 -1.112783 2.069804 -3.046518 -0.000001 0.000004 -0.000000 16.223731 0.905685 -11.620676 48.576592 -2.379850 -26.918093 5.196571 -23.870406 1.954623 -0.000001 0.000001 0.000000 -18.512468 -2.144790 22.746041 -33.182063 -18.332127 38.991678 7.486674 9.763682 8.631120 -0.000000 0.000002 -0.000000 7.611109 0.746164 -2.323175 -1.155972 2.677382 6.787461 -22.665155 -15.109820 -15.638307 -0.000002 -0.000001 -0.000001 -2.911805 0.382266 -1.206920 11.941360 -2.988984 9.105559 -27.404461 5.956025 -20.230722 -0.000001 -0.000001 -0.000003 
7.001067 105.638130 -7.660194 -8.135509 46.046301 5.635286 3.858823 -0.523640 2.737394 -2.739329 0.392044 -1.918033 0.497705 2.997595 5.961911 -1.212062 2.068280 -2.815592 -0.000001 -0.000001 -0.000001 16.297779 1.227341 -11.430129 49.074752 -2.385031 -26.653492 6.445269 -22.192360 3.031901 -0.000000 0.000002 -0.000001 -18.716293 -3.770479 22.128039 -32.731878 -17.914208 39.413880 6.831169 8.569855 10.180896 -0.000002 -0.000001 -0.000001 7.659803 0.753102 -2.259853 -2.075494 2.864083 6.103992 -22.815839 -13.330041 -14.189925 -0.000004 0.000002 0.000001 -3.435178 0.423396 -1.067153 11.292909 -3.133667 8.517486 -26.988360 5.833553 -19.901896 -0.000003 0.000000 0.000002 
6.609411 105.722992 -7.522584 -7.696487 46.262446 5.252112 3.077107 -0.513783 2.158396 -1.553238 0.092902 -0.384518 -0.404548 3.345523 4.802455 -1.029680 2.107296 -2.397607 -0.000000 -0.000001 -0.000001 16.533870 0.979402 -11.223782 49.522901 -2.132639 -26.428691 6.623681 -21.962702 3.910623 -0.000001 -0.000001 0.000001 -18.948120 -5.023198 21.825584 -32.193998 -17.447044 39.619383 6.241104 7.164775 11.484996 -0.000001 -0.000007 -0.000002 7.707499 0.801285 -1.918361 -2.833390 2.919512 5.562696 -22.614311 -12.542978 -13.426107 -0.000001 0.000002 0.000000 -3.241535 0.326498 -0.564418 10.194637 -3.292608 7.790434 -27.071412 6.034015 -19.774666 0.000002 0.000004 -0.000000 
6.235132 105.792587 -7.392282 -7.552582 46.042251 4.721732 2.816331 -0.518676 1.959111 -0.865330 -0.022098 0.389073 -0.993081 3.819100 4.563040 -1.250658 2.374859 -2.681138 0.000001 -0.000003 -0.000000 16.649800 0.877416 -11.145967 49.743209 -2.311827 -26.072577 6.855297 -21.541710 4.948794 -0.000001 0.000002 0.000004 -19.022050 -5.235304 22.151678 -31.686549 -17.270497 39.761806 6.304938 7.077292 12.719766 -0.000003 -0.000001 -0.000000 7.608601 0.827609 -1.346288 -3.039390 2.948790 5.434603 -22.556234 -12.407566 -13.334024 -0.000004 0.000000 -0.000001 -3.266126 0.264393 -0.011908 9.727876 -3.303275 7.600543 -27.150040 5.762946 -19.957026 0.000000 -0.000003 -0.000004 
5.877574 105.845261 -7.268371 -7.543165 45.883179 4.403384 2.689810 -0.506224 1.912871 -0.760413 -0.007214 0.442296 -1.004471 3.247370 4.757689 -0.941281 2.811725 -2.883152 -0.000000 -0.000001 -0.000000 16.599800 2.292482 -11.523502 49.868960 -1.837332 -25.930805 7.305657 -21.403310 5.129255 -0.000003 0.000002 -0.000000 -18.735468 -3.672111 23.239311 -31.633413 -17.500650 39.912125 5.841141 6.149319 13.475720 -0.000000 -0.000000 -0.000000 7.364174 0.813125 -1.001147 -3.053317 2.879356 5.584888 -22.757825 -12.687714 -13.685967 -0.000002 0.000000 0.000000 -3.032834 0.149919 0.707858 9.104827 -3.324392 7.333792 -27.213369 5.044843 -20.452277 -0.000003 0.000002 -0.000002 
5.547273 105.884285 -7.149889 -7.287588 45.609258 4.310465 2.895828 -0.506493 2.030325 -1.018803 0.085545 0.074320 -0.952974 2.874604 5.026574 -0.816095 3.123644 -3.170190 -0.000000 0.000000 0.000001 16.624262 3.421767 -11.742676 49.989171 -1.512466 -25.751973 7.750518 -21.236182 5.465908 -0.000003 -0.000003 -0.000000 -18.425429 -2.649803 23.935192 -31.631812 -17.550169 40.269057 5.744088 5.655669 14.057685 -0.000002 -0.000001 -0.000002 7.208968 0.820667 -0.809756 -3.263312 2.858271 5.324269 -22.653591 -13.127064 -13.990982 -0.000002 0.000000 -0.000001 -2.904991 0.077033 1.103498 8.613157 -3.391311 6.835509 -27.084256 4.712798 -20.677494 -0.000004 0.000002 -0.000002 
5.232221 105.909744 -7.033953 -6.710078 45.624885 4.160172 2.162320 -0.461476 1.406866 -1.173898 0.017269 0.085016 -0.617021 2.860125 5.276625 -0.648329 3.196874 -3.142406 0.000000 -0.000003 -0.000000 16.775547 3.424218 -11.645148 50.102310 -1.366609 -25.453760 8.254382 -21.181048 6.233778 -0.000002 0.000005 0.000001 -18.215114 -2.329732 24.359334 -31.640271 -16.953185 40.847267 6.236589 6.255697 14.673693 0.000000 -0.000000 -0.000004 6.770931 0.852227 -0.711703 -3.396301 2.949271 5.032567 -22.535041 -13.364604 -14.181915 0.000001 -0.000000 -0.000001 -3.122664 0.018346 1.400971 8.228057 -3.426217 6.270311 -27.284645 4.587590 -20.990650 -0.000000 0.000004 -0.000000 
4.942514 105.929352 -6.920529 -6.503267 45.814809 4.153085 1.715832 -0.464929 1.312510 -0.836875 0.008465 0.345457 -0.731662 2.862209 5.078090 -0.350311 3.217045 -3.060890 0.000001 -0.000003 0.000000 16.971244 3.462203 -11.806351 50.019015 -1.216377 -25.400843 8.027421 -21.622142 6.299569 -0.000002 0.000001 0.000001 -18.200811 -1.973441 24.694061 -31.687590 -16.775095 40.945796 6.196084 6.828208 14.981153 0.000000 -0.000005 -0.000003 6.159654 0.819139 -1.006213 -2.963386 2.903766 5.334546 -22.330253 -13.497143 -14.267310 -0.000000 0.000000 -0.000001 -3.542573 0.041271 1.346137 8.469818 -3.328733 6.292379 -27.311975 4.540057 -21.056896 -0.000004 0.000002 -0.000002 
4.686732 105.943398 -6.803885 -6.707576 46.265362 4.169943 1.673365 -0.543223 1.687919 -0.744321 0.024272 0.468598 -0.710298 2.806244 4.881983 -0.445609 3.263682 -2.993778 0.000001 0.000000 -0.000001 17.207430 3.351070 -11.729071 50.066864 -1.421722 -25.079560 8.096306 -21.032039 6.810482 -0.000002 0.000000 0.000004 -18.092135 -2.097690 24.768440 -31.452710 -16.456967 41.268785 6.297017 6.993204 15.109514 -0.000002 -0.000002 0.000000 6.069247 0.750698 -0.968833 -2.787183 2.751841 5.599339 -22.554772 -13.647656 -14.485498 -0.000003 0.000001 -0.000001 -3.297968 0.008303 1.735650 8.006933 -3.326336 5.973102 -27.478269 4.097608 -21.469361 -0.000004 0.000004 -0.000000 
4.450880 105.956650 -6.694886 -6.838489 46.301309 4.064058 1.542775 -0.595587 1.929124 -0.631071 -0.092534 0.757392 -0.765546 2.706441 4.459130 -0.230414 3.280846 -2.914248 0.000000 -0.000001 -0.000000 17.309113 3.963890 -11.980499 49.969445 -1.046547 -24.973888 8.420232 -20.796253 6.714786 -0.000001 -0.000001 0.000001 -18.113028 -2.189503 24.653884 -31.326816 -16.211396 41.232472 6.024141 7.551496 15.444091 -0.000001 -0.000000 0.000002 6.148892 0.777171 -0.618672 -2.762115 2.853478 5.629336 -22.268222 -13.947928 -14.570496 -0.000004 0.000002 0.000001 -2.921982 -0.153756 2.253623 7.649827 -3.544865 5.589560 -27.620525 4.512776 -21.406078 -0.000003 0.000002 -0.000002 
4.241459 105.965775 -6.592552 -6.772739 46.194014 4.077482 1.332750 -0.625819 1.951995 -0.871851 -0.054813 0.529640 -0.426496 2.701713 4.647618 -0.139555 3.347073 -2.840461 -0.000000 -0.000003 -0.000000 17.548559 3.690702 -12.149362 49.648642 -0.794737 -24.704198 8.420730 -20.751564 6.700657 -0.000003 -0.000001 -0.000000 -18.291134 -2.145367 24.865553 -30.932267 -15.959306 41.043228 5.883097 8.247481 15.710823 -0.000000 -0.000001 -0.000000 5.999641 0.697865 -0.774384 -2.540038 2.882519 5.778800 -22.365980 -13.913370 -14.560589 -0.000002 -0.000004 -0.000001 -3.020671 -0.065616 2.128429 7.695939 -3.531777 5.701867 -27.795025 4.526348 -21.485671 -0.000002 0.000004 -0.000000 
4.050844 105.978500 -6.492591 -6.970519 46.581654 4.194059 1.134356 -0.637709 1.976498 -1.192298 -0.109354 0.357521 0.015646 2.518665 4.758175 -0.211691 3.386032 -2.995382 0.000001 -0.000003 -0.000000 17.668712 3.104742 -12.160741 49.362084 -0.682091 -24.578473 8.259331 -21.110120 6.558601 -0.000003 -0.000002 0.000000 -18.363035 -2.177986 24.905621 -30.803832 -15.745324 40.952503 5.756536 8.333074 15.904198 -0.000002 -0.000003 -0.000002 5.811512 0.686305 -0.973888 -2.325869 2.878332 6.070658 -22.799107 -14.080848 -14.902254 -0.000000 0.000002 0.000000 -3.325410 0.017385 1.805475 8.120517 -3.469805 6.272968 -28.173685 4.433163 -21.852827 0.000002 0.000003 0.000002 
3.879298 105.992653 -6.394953 -6.943653 46.445652 4.267331 1.173377 -0.669733 2.146580 -1.446678 0.027874 -0.090347 0.280243 2.513734 5.101678 -0.202128 3.547147 -3.162180 -0.000000 -0.000002 0.000001 17.643253 3.252374 -12.237040 49.199837 -0.464517 -24.415510 8.680308 -19.918309 6.638969 -0.000001 0.000001 0.000001 -18.126009 -1.893263 24.848669 -30.796766 -15.704077 41.003012 5.649586 8.642282 16.261644 -0.000003 -0.000002 0.000000 5.861273 0.684985 -1.001453 -2.501713 2.881152 5.869972 -22.680505 -13.997594 -14.760631 -0.000002 -0.000002 -0.000000 -3.374720 0.053289 1.699135 8.147300 -3.443771 6.298208 -28.166206 4.367561 -21.892939 -0.000003 -0.000003 -0.000000 
3.724149 106.002380 -6.298187 -7.133954 46.364485 4.574715 1.071036 -0.669798 2.018039 -0.935732 0.062439 0.240286 -0.125585 2.625756 4.698777 0.263930 3.530565 -2.895292 -0.000000 -0.000001 -0.000000 17.684027 3.516697 -12.319237 49.026398 -0.288150 -24.385024 8.866462 -19.292744 6.410495 -0.000001 0.000003 0.000006 -18.026881 -1.895277 24.790370 -30.915536 -15.741757 40.974407 5.361706 8.178649 16.408462 -0.000003 -0.000001 -0.000000 6.146018 0.730842 -1.059680 -2.730068 2.862780 5.498969 -22.674838 -13.679318 -14.541451 -0.000002 0.000000 -0.000000 -3.220235 0.095975 1.491496 8.013387 -3.390447 6.191143 -27.930978 4.187431 -21.785693 -0.000002 0.000002 -0.000002 
3.581186 106.011932 -6.209253 -7.302271 46.311572 4.625574 1.005721 -0.663891 2.024894 -0.439744 0.051880 0.669327 -0.482326 2.802375 4.291523 0.078070 3.570743 -2.951523 -0.000000 0.000000 -0.000000 17.574036 3.268489 -12.223377 48.991772 -0.323082 -24.406363 8.665337 -19.951800 6.215589 -0.000001 0.000001 0.000003 -17.962590 -2.062739 24.500073 -30.955070 -16.124318 40.839859 5.058427 8.605541 16.759416 -0.000000 0.000003 -0.000002 6.268067 0.764543 -0.947086 -2.892199 2.818555 5.328724 -22.412323 -13.823631 -14.533319 -0.000004 0.000002 0.000001 -2.948315 0.040727 1.716958 7.808850 -3.317441 5.941543 -27.689645 4.121154 -21.584279 -0.000001 0.000003 -0.000000 
3.452839 106.019707 -6.111803 -7.593722 45.961040 4.570714 1.415853 -0.704173 2.499643 -0.733207 0.125631 0.309314 -0.404690 2.801901 4.330648 0.594112 3.553094 -2.487671 0.000001 0.000004 0.000000 17.558070 3.387210 -12.292381 48.970295 -0.324200 -24.354846 8.692731 -19.869389 6.283704 -0.000002 0.000003 0.000000 -17.743858 -1.503195 24.619448 -31.007997 -16.283731 40.905204 5.008813 8.903142 16.902874 -0.000003 0.000000 0.000001 6.420317 0.755527 -0.844990 -2.814281 2.827768 5.393901 -22.356550 -13.703239 -14.429413 -0.000004 0.000002 0.000001 -2.845835 0.035415 1.824587 8.022042 -3.266933 6.070043 -27.792813 4.184900 -21.567106 -0.000003 0.000003 -0.000000 
3.339941 106.018112 -6.009520 -7.225936 46.067526 4.653420 1.043521 -0.674098 2.101432 -0.898244 0.067778 0.245396 -0.135122 2.881724 4.491171 0.557203 3.290643 -2.492613 -0.000000 -0.000003 -0.000000 17.491829 4.056419 -12.391082 48.790183 -0.526301 -24.267496 9.122520 -20.417172 6.238713 -0.000002 -0.000002 -0.000002 -17.860518 -2.663982 23.819258 -30.904741 -15.978737 40.820031 4.452748 9.076912 17.721086 0.000000 0.000002 0.000002 6.540462 0.800269 -0.865580 -3.273168 2.879114 5.166151 -22.233751 -14.056392 -14.680430 -0.000002 0.000000 -0.000000 -2.685313 -0.006972 1.932589 7.534412 -3.449330 5.571978 -27.555174 4.143000 -21.516969 -0.000002 0.000001 0.000001 
3.234653 106.019608 -5.914956 -7.434225 46.112280 4.773019 1.409263 -0.697944 2.351474 -1.565408 0.187968 -0.486542 0.418595 2.608921 5.146745 0.555389 3.344105 -2.651864 -0.000000 -0.000003 0.000000 17.518342 4.186596 -12.490923 48.701732 -0.711153 -24.184820 9.199378 -20.244679 6.222243 -0.000001 0.000002 -0.000001 -17.683428 -2.021033 24.061491 -31.037845 -15.693440 41.015593 4.430184 8.532952 17.460786 0.000001 -0.000006 0.000001 6.651854 0.766212 -0.806245 -3.217561 2.921145 5.162150 -22.625697 -13.872802 -14.702112 -0.000004 0.000000 -0.000000 -2.654009 0.023704 1.880409 7.715473 -3.476242 5.754801 -27.703635 4.309509 -21.514368 -0.000003 0.000004 -0.000000 
3.144285 106.019707 -5.823452 -7.300453 46.132723 4.932339 1.149306 -0.645391 1.935182 -1.093055 0.080657 0.078507 0.057823 3.054060 4.698652 0.612760 2.993084 -2.213922 0.000002 -0.000001 -0.000000 17.532781 3.784474 -12.362712 48.560644 -0.958677 -24.205886 9.171847 -20.833573 5.973702 -0.000002 -0.000001 0.000002 -17.963411 -3.000512 23.567672 -30.895657 -15.871553 40.768610 4.246139 9.314977 17.703490 0.000002 0.000000 0.000000 6.837981 0.786473 -0.857513 -3.636151 2.953753 4.828100 -22.184511 -13.931182 -14.532342 0.000001 0.000000 -0.000001 -2.418648 0.027033 1.820785 7.190973 -3.569295 5.434880 -27.604573 4.173095 -21.598071 -0.000006 0.000003 -0.000003 
3.060382 106.017288 -5.734515 -7.412226 45.637934 4.837428 1.321423 -0.642140 2.050902 -1.354062 0.184593 -0.289499 0.222910 3.785068 5.109815 0.241371 2.715615 -2.201992 0.000001 0.000000 0.000000 17.475399 3.295001 -12.289162 48.372462 -0.976802 -24.254815 9.343555 -20.672136 5.611069 0.000001 0.000003 -0.000000 -18.323164 -4.277420 22.760361 -30.810481 -16.264986 40.400583 3.565619 9.531844 18.300638 0.000000 0.000002 -0.000001 7.121189 0.796532 -0.609401 -3.770348 3.008067 4.638638 -22.228565 -13.646887 -14.306996 -0.000003 -0.000000 -0.000001 -2.281154 0.023333 1.914018 7.105152 -3.577857 5.291406 -27.391695 4.319629 -21.288842 -0.000003 0.000007 -0.000000 
2.985527 106.015503 -5.652277 -6.890904 45.734697 4.781687 0.714260 -0.585739 1.527357 -0.861500 0.031358 0.337149 -0.008889 3.000301 4.644822 0.889140 2.981572 -2.058234 0.000001 0.000000 -0.000000 17.377878 3.916457 -12.361659 48.453376 -1.176378 -24.304494 9.426855 -20.661940 5.747862 -0.000004 0.000003 0.000003 -17.934176 -2.952932 23.439667 -30.894438 -16.236034 40.601301 3.959009 9.500565 18.085861 0.000001 0.000002 0.000002 6.748694 0.813661 -0.934804 -3.690443 2.979623 4.813170 -22.198569 -13.837324 -14.448596 -0.000002 -0.000002 -0.000001 -2.746177 0.068998 1.535735 7.190699 -3.607208 5.353086 -27.445348 4.222921 -21.523215 0.000000 0.000003 0.000002 
2.922775 106.014145 -5.571155 -7.012185 45.673465 4.823700 0.917515 -0.615988 1.904475 -0.895321 0.002177 0.340440 -0.031392 2.890830 4.378434 1.135657 3.082069 -1.882813 0.000001 0.000004 -0.000000 17.443139 3.579353 -12.375892 48.307035 -1.296936 -24.137545 9.478154 -20.628348 6.006849 -0.000003 0.000000 -0.000003 -18.006569 -3.060250 23.461932 -30.725135 -16.553255 40.434249 4.259571 10.241665 18.413360 0.000004 0.000001 -0.000001 6.819031 0.868349 -0.938006 -3.412714 2.997701 5.161320 -22.409612 -14.254964 -14.853380 -0.000005 0.000002 -0.000000 -2.582298 0.015763 1.591084 7.106881 -3.671924 5.285546 -27.320033 4.171293 -21.479558 -0.000004 0.000005 0.000002 
2.863979 106.007805 -5.486513 -7.262422 45.350912 4.911134 1.059407 -0.605792 1.903904 -1.205381 0.051729 -0.053116 0.247032 3.879109 4.863760 0.853264 2.632121 -1.652734 0.000000 -0.000003 -0.000000 17.448056 2.637740 -12.246627 48.065421 -1.422324 -24.036759 9.556457 -20.722978 6.077996 -0.000002 0.000000 -0.000004 -18.144522 -4.025188 22.733195 -30.901531 -16.725492 40.413813 4.237970 10.140106 18.786244 0.000000 0.000000 0.000000 7.035375 0.910006 -0.938620 -3.420286 2.983824 5.080942 -22.493671 -13.847836 -14.612850 -0.000004 0.000002 0.000000 -2.517389 0.061163 1.446283 7.624417 -3.510353 5.737475 -27.371215 4.410387 -21.258660 -0.000001 0.000006 0.000002 
2.808803 105.999451 -5.401548 -7.345063 45.382833 4.947439 1.079510 -0.605773 1.899346 -0.982610 0.029184 0.173366 0.047757 3.801757 4.624767 1.019757 2.636149 -1.521220 -0.000000 0.000002 0.000000 17.501837 2.761850 -12.259584 48.003761 -1.459896 -24.026099 9.424362 -21.162482 6.000360 -0.000003 0.000000 -0.000002 -18.105954 -4.011815 22.792217 -30.950217 -16.331066 40.607220 4.258153 9.811068 18.731891 -0.000000 -0.000005 -0.000002 7.064436 0.926710 -0.921181 -3.443584 3.001727 5.019105 -22.229914 -13.795800 -14.429152 -0.000002 0.000003 0.000000 -2.515642 0.055717 1.445207 7.784426 -3.513927 5.867368 -27.382013 4.681529 -21.136627 -0.000001 0.000003 0.000002 
2.760372 105.993660 -5.310274 -7.445967 45.332474 5.027968 1.168046 -0.631617 2.026049 -1.698364 0.118601 -0.521003 0.566494 3.869336 5.090385 1.212298 2.597115 -1.160510 0.000000 -0.000001 0.000000 17.597723 2.893445 -12.247288 47.934322 -1.619554 -23.786883 9.624537 -21.118132 6.219732 -0.000003 0.000000 -0.000002 -18.038624 -4.233241 22.688919 -30.868616 -16.326934 40.847219 4.450129 9.844576 18.801177 0.000003 -0.000003 -0.000002 7.343430 0.930087 -0.705921 -3.792551 3.001871 4.630881 -22.610501 -13.814262 -14.619477 -0.000001 -0.000001 -0.000001 -2.239670 0.053951 1.582035 7.386557 -3.520890 5.607876 -27.420570 4.695035 -21.126347 -0.000005 0.000001 -0.000000 
2.717148 105.989799 -5.228301 -7.755482 45.466602 5.059853 1.079136 -0.645244 2.072865 -1.385343 0.083510 -0.208905 0.375206 3.883226 4.796660 1.417280 2.571212 -0.934768 -0.000000 0.000000 -0.000001 17.550103 2.716144 -12.297262 47.837054 -1.529704 -23.868779 9.818366 -20.922382 5.903850 -0.000003 0.000002 0.000002 -18.144618 -4.009624 22.826595 -30.864747 -16.782627 40.476640 4.298429 10.079302 18.686312 0.000002 -0.000002 0.000000 7.496860 0.930164 -0.516635 -3.827080 2.997523 4.662562 -22.489953 -14.104835 -14.811467 -0.000001 0.000000 -0.000002 -2.021215 -0.001057 1.793441 7.277029 -3.511202 5.505728 -27.276065 4.472235 -21.051341 -0.000001 0.000001 -0.000000 
