HIERARCHY
ROOT Hips
{
	OFFSET 4.188235 106.529800 -2.953774
	CHANNELS 6 Xposition Yposition Zposition Xrotation Yrotation Zrotation
	JOINT Chest
	{
		OFFSET -1.204385 13.334557 2.625505
		CHANNELS 3 Xrotation Yrotation Zrotation
		JOINT Chest2
		{
			OFFSET -4.525714 20.328300 5.034380
			CHANNELS 3 Xrotation Yrotation Zrotation
			JOINT Chest3
			{
				OFFSET -0.411860 14.822983 1.711532
				CHANNELS 3 Xrotation Yrotation Zrotation
				JOINT Neck
				{
					OFFSET -0.492434 16.854324 3.782266
					CHANNELS 3 Xrotation Yrotation Zrotation
					JOINT Head
					{
						OFFSET -3.725856 9.015030 3.830772
						CHANNELS 3 Xrotation Yrotation Zrotation
						End Site
						{
							OFFSET -3.678101 9.051987 3.789552
						}
					}
				}
				JOINT LeftCollar
				{
					OFFSET 1.519857 11.947144 7.533942
					CHANNELS 3 Xrotation Yrotation Zrotation
					JOINT LeftUpArm
					{
						OFFSET 17.436764 1.207886 1.731925
						CHANNELS 3 Xrotation Yrotation Zrotation
						JOINT LeftLowArm
						{
							OFFSET 32.301193 -4.427063 8.761382
							CHANNELS 3 Xrotation Yrotation Zrotation
							JOINT LeftHand
							{
								OFFSET -14.066040 -26.515747 -0.095795
								CHANNELS 3 Xrotation Yrotation Zrotation
								End Site
								{
									OFFSET -3.074211 -5.795166 -0.020933
								}
							}
						}
					}
				}
				JOINT RightCollar
				{
					OFFSET -5.476924 12.776047 2.929917
					CHANNELS 3 Xrotation Yrotation Zrotation
					JOINT RightUpArm
					{
						OFFSET -4.862525 7.380859 -15.178116
						CHANNELS 3 Xrotation Yrotation Zrotation
						JOINT RightLowArm
						{
							OFFSET -23.109741 21.175308 -12.541145
							CHANNELS 3 Xrotation Yrotation Zrotation
							JOINT RightHand
							{
								OFFSET -6.964176 10.518860 27.236176
								CHANNELS 3 Xrotation Yrotation Zrotation
								End Site
								{
									OFFSET -1.522095 2.299026 5.952722
								}
							}
						}
					}
				}
			}
		}
	}
	JOINT LeftUpLeg
	{
		OFFSET 7.835347 -0.518303 6.225580
		CHANNELS 3 Xrotation Yrotation Zrotation
		JOINT LeftLowLeg
		{
			OFFSET -2.156544 -47.314034 0.849353
			CHANNELS 3 Xrotation Yrotation Zrotation
			JOINT LeftFoot
			{
				OFFSET 1.657150 -42.935463 -12.424489
				CHANNELS 3 Xrotation Yrotation Zrotation
				JOINT LeftToe
				{
					OFFSET -9.694597 -15.607664 14.898836
					CHANNELS 3 Xrotation Yrotation Zrotation
					End Site
					{
						OFFSET -10.241152 -1.013582 21.299068
					}
				}
			}
		}
	}
	JOINT RightUpLeg
	{
		OFFSET -7.835332 0.518112 -6.225620
		CHANNELS 3 Xrotation Yrotation Zrotation
		JOINT RightLowLeg
		{
			OFFSET -33.724125 -31.590714 10.426954
			CHANNELS 3 Xrotation Yrotation Zrotation
			JOINT RightFoot
			{
				OFFSET 43.767643 -4.240746 -8.184723
				CHANNELS 3 Xrotation Yrotation Zrotation
				JOINT RightToe
				{
					OFFSET 7.696434 -22.367001 0.197551
					CHANNELS 3 Xrotation Yrotation Zrotation
					End Site
					{
						OFFSET -6.243843 -21.412388 7.879097
					}
				}
			}
		}
	}
}
MOTION
Frames: 233
Frame Time: 0.033333
-3.800724 105.751862 -1.111724 -4.501314 39.802449 0.661177 -5.470180 0.186488 -3.654689 3.189717 -3.188257 7.609012 -0.756390 0.637222 -0.097012 -11.985284 10.487887 -13.799260 0.000000 -0.000003 -0.000004 16.557488 -2.373866 -21.799756 13.456079 -18.150429 -46.170101 -26.556389 -22.891799 84.932726 0.000001 0.000000 0.000006 -21.987219 -2.739900 43.590496 -34.347276 -26.112693 46.417689 -42.130294 -60.361899 3.675906 -0.000001 0.000003 -0.000001 -0.975896 -1.112900 4.978746 1.966835 2.016079 6.119187 -0.607424 -12.590531 -4.991378 -0.000000 0.000000 -0.000001 17.060134 1.313425 47.475569 -21.262524 -12.350898 -123.522878 -48.826574 -20.609522 14.731311 0.000001 -0.000006 -0.000000 
-3.802354 105.759720 -1.112135 -4.977264 39.493431 0.766827 -4.852291 0.195549 -3.399229 2.932814 -3.167036 7.367957 -0.749002 0.873796 0.087126 -12.078136 10.334159 -13.746676 0.000002 -0.000003 -0.000004 16.573364 -2.998000 -21.870481 13.470601 -17.732537 -46.056208 -26.950810 -23.183236 84.599925 0.000002 0.000002 0.000005 -22.137149 -2.847231 43.428515 -34.521818 -26.250709 46.154716 -42.582992 -60.596953 3.682709 0.000004 0.000004 -0.000000 -1.015149 -1.073598 4.848029 2.328634 2.081891 6.283322 -0.787804 -12.123013 -4.859470 -0.000001 0.000001 0.000001 17.085413 1.261063 47.388897 -21.009448 -12.610063 -123.423144 -48.865178 -20.677518 14.955934 0.000003 -0.000003 -0.000000 
-3.806913 105.770653 -1.115867 -4.914754 39.810686 0.854829 -4.841586 0.209488 -3.444737 3.028039 -3.199487 7.507306 -0.772794 0.587395 -0.037898 -12.029858 10.269593 -13.755479 -0.000000 -0.000003 -0.000004 16.457843 -2.628176 -21.862184 13.494131 -17.829884 -46.142897 -26.608713 -22.909406 84.921395 0.000000 -0.000005 0.000008 -22.068594 -2.702736 43.392120 -34.518369 -26.229682 46.227697 -42.856579 -60.884716 3.394321 0.000004 0.000005 -0.000001 -1.130857 -1.093165 4.813241 2.288779 2.078427 6.166155 -0.889207 -12.342542 -5.010770 -0.000001 -0.000002 0.000000 16.862796 1.260942 47.190132 -21.165694 -12.544033 -123.382559 -48.669906 -20.465765 14.590662 0.000001 -0.000001 -0.000001 
-3.816875 105.781723 -1.117067 -5.072349 40.024628 0.976674 -4.707192 0.217220 -3.433666 3.218224 -3.235158 7.674582 -0.915195 0.704374 -0.124648 -12.136699 10.211017 -13.805358 0.000002 0.000005 -0.000001 16.440199 -3.105707 -21.883709 13.398178 -17.858599 -46.116727 -26.601608 -22.955684 85.011403 0.000001 -0.000003 0.000004 -22.278603 -2.819339 43.360240 -34.657036 -26.349524 45.854332 -42.256926 -60.847061 4.011214 0.000001 0.000003 0.000001 -1.329012 -1.126820 4.580786 2.646808 2.005913 6.575453 -0.660310 -12.731923 -5.021862 -0.000000 0.000000 -0.000001 16.854631 1.259544 47.159454 -20.893846 -12.827287 -123.183514 -48.848987 -20.513351 14.264369 0.000002 -0.000003 0.000000 
-3.835922 105.791939 -1.117011 -4.934114 40.197979 1.116192 -4.778306 0.273801 -3.626928 3.663483 -3.225567 8.020475 -1.141802 0.641796 -0.284543 -12.437199 10.265696 -13.935467 -0.000000 -0.000001 -0.000001 16.372039 -3.292209 -21.869759 13.445916 -17.765068 -46.007400 -26.908838 -23.442174 84.395177 0.000002 0.000002 0.000005 -22.323698 -2.934960 43.234875 -34.712162 -26.530859 45.790807 -41.738654 -60.744684 4.465605 0.000002 0.000004 -0.000000 -1.533719 -1.171934 4.468233 2.878962 2.043265 6.571626 -0.793303 -12.783265 -5.122970 -0.000001 -0.000000 0.000000 16.516232 1.260753 46.912659 -20.451606 -13.104556 -122.977460 -48.689980 -20.440239 14.058771 0.000003 -0.000003 -0.000000 
-3.856751 105.803017 -1.119032 -4.874353 40.228909 1.178203 -4.319550 0.215799 -3.261532 3.155376 -3.129782 7.503638 -0.893634 0.536244 0.032026 -12.502805 10.283437 -13.969963 0.000002 0.000004 -0.000001 16.118608 -3.195255 -21.731287 13.424789 -17.602188 -46.225771 -27.029931 -23.116475 84.193638 -0.000001 0.000003 0.000002 -22.221534 -2.454704 43.191941 -34.939249 -26.581496 45.927302 -41.293193 -60.344339 4.927804 0.000004 0.000003 -0.000004 -2.059142 -1.189503 4.002489 3.340081 1.969748 6.915826 -0.996337 -12.680624 -5.210918 -0.000001 -0.000000 0.000001 16.220487 1.226301 46.651801 -20.002962 -13.384474 -122.707627 -48.839992 -20.462214 13.752811 -0.000000 -0.000005 0.000001 
-3.883770 105.809441 -1.118541 -4.819704 40.159112 1.123153 -4.378768 0.244046 -3.336465 2.995213 -3.195490 7.442821 -0.680220 0.445196 0.191043 -12.540143 10.297153 -13.959618 0.000000 -0.000001 -0.000001 15.909339 -3.060912 -21.466373 13.629483 -17.297241 -46.459425 -26.905696 -22.842717 84.288448 0.000003 0.000002 0.000006 -22.114845 -2.255943 43.219572 -35.081952 -26.855264 45.835450 -41.073882 -60.346285 5.031182 0.000003 -0.000001 -0.000003 -1.346258 -1.138988 4.807313 2.814520 2.120866 6.445132 -0.946655 -12.915875 -5.312955 -0.000000 0.000002 0.000000 16.199435 1.188958 46.764246 -20.020961 -13.340346 -122.811582 -48.659067 -20.438781 14.126400 -0.000000 -0.000006 0.000001 
-3.919425 105.825882 -1.121789 -5.344818 39.831088 1.118801 -3.704233 0.177394 -2.882101 2.421099 -3.171374 6.985331 -0.368600 0.384883 0.416093 -12.294863 10.153123 -13.655165 -0.000000 0.000002 -0.000001 16.103803 -2.770842 -21.511793 13.831481 -17.322463 -46.115726 -26.654140 -23.198772 84.210283 -0.000001 0.000000 0.000006 -21.966909 -2.026553 43.592023 -34.627502 -26.639698 46.033050 -40.108650 -60.329285 5.571643 0.000001 0.000005 -0.000001 -1.573847 -1.112324 4.716728 3.569436 1.911226 6.932535 -1.050246 -12.218642 -5.066002 -0.000001 0.000003 0.000000 16.371572 1.200560 46.907304 -19.793612 -13.450861 -122.643956 -48.959848 -20.563526 14.064276 -0.000001 -0.000004 0.000001 
-3.961539 105.831970 -1.119201 -5.384291 39.461428 1.039631 -3.259786 0.143837 -2.568156 2.629727 -3.164620 7.137491 -0.746235 0.579727 0.186644 -12.368437 10.225772 -13.625998 -0.000000 0.000003 -0.000001 16.136429 -3.193073 -21.563215 13.936889 -16.833684 -45.997366 -27.080397 -23.772209 83.757223 0.000000 0.000002 0.000005 -22.068824 -2.207317 43.447001 -34.863522 -26.918272 45.813948 -39.299064 -60.154111 6.484585 0.000005 0.000001 -0.000002 -2.014246 -1.176252 4.508570 4.164479 1.683826 7.297992 -1.090533 -11.893264 -4.980314 -0.000000 0.000003 0.000000 16.471372 1.245581 47.133674 -19.699918 -13.324810 -122.682246 -49.006249 -20.752121 14.143885 0.000003 0.000000 -0.000001 
-4.014502 105.841431 -1.110403 -5.817585 39.549165 1.278546 -2.678864 0.091491 -2.183905 2.237652 -3.150306 6.851427 -0.442106 0.388236 0.201886 -12.732662 10.127126 -13.676427 0.000000 0.000002 -0.000001 16.221716 -3.389270 -21.543457 13.604762 -17.411429 -46.054518 -27.415382 -24.042121 83.660330 0.000003 -0.000002 0.000006 -22.064277 -2.389983 43.304779 -34.845412 -26.803083 46.000764 -39.797532 -60.126995 6.150923 0.000000 0.000005 -0.000004 -1.639276 -1.172058 4.549225 4.145165 1.605461 7.535530 -1.371303 -12.129291 -5.267617 -0.000000 -0.000000 0.000000 16.657248 1.227242 47.078817 -19.498191 -13.457515 -122.463407 -49.073133 -20.686215 13.847662 0.000002 -0.000002 -0.000003 
-4.077064 105.854607 -1.109172 -5.317404 39.146253 1.366049 -3.124350 0.206743 -2.752050 2.846961 -3.121940 7.301665 -0.800199 0.519451 -0.014223 -12.817528 9.980088 -13.553176 0.000002 0.000004 -0.000001 16.128722 -3.110429 -21.680011 13.571218 -17.505503 -45.940457 -27.271716 -23.871941 83.729588 0.000000 0.000003 0.000001 -22.072786 -2.260387 43.330450 -34.907724 -26.988729 45.807487 -39.657014 -60.243792 6.380290 -0.000001 0.000003 -0.000002 -2.160831 -1.243701 4.108974 4.228840 1.590557 7.535626 -1.076105 -11.854014 -4.956376 -0.000001 -0.000000 -0.000001 16.325754 1.217775 46.682400 -19.449326 -13.407176 -122.367511 -48.944951 -20.819293 13.951158 0.000003 -0.000003 -0.000003 
-4.139924 105.863976 -1.104213 -5.437721 38.905936 1.491337 -3.081978 0.212445 -2.828230 2.549230 -3.116116 7.103383 -0.505587 0.347659 0.085685 -12.718553 10.131954 -13.471655 -0.000000 0.000003 -0.000001 16.138569 -2.847818 -21.569705 13.722861 -17.616537 -46.015230 -27.257683 -24.104619 83.831604 0.000003 -0.000002 0.000004 -21.866881 -1.984694 43.461300 -34.687430 -26.850170 46.181453 -39.569495 -60.200516 6.442541 -0.000001 0.000002 -0.000002 -2.786167 -1.263724 3.551442 5.129192 1.361038 8.242377 -1.236201 -11.539512 -4.940517 0.000000 0.000000 -0.000001 16.148628 1.215782 46.402420 -19.121767 -13.521664 -122.075985 -48.827619 -20.793302 13.688094 0.000003 -0.000005 -0.000000 
-4.211993 105.876572 -1.099721 -5.504549 38.370142 1.594956 -3.103795 0.262236 -2.999754 3.343423 -3.046914 7.586211 -1.070324 0.359785 -0.296299 -12.685593 9.840341 -13.460852 0.000000 0.000001 -0.000003 16.105557 -2.988391 -21.401269 13.797405 -17.674959 -46.222728 -27.195728 -24.509562 84.236040 0.000001 0.000000 0.000005 -21.532023 -1.283571 43.484980 -34.787554 -27.077356 46.497479 -39.306137 -60.229783 6.467003 -0.000003 0.000003 -0.000003 -3.460696 -1.197491 2.857452 6.271270 1.220383 9.308101 -1.569001 -11.558774 -5.154777 0.000000 0.000005 0.000001 15.993504 1.184386 46.147077 -18.489855 -14.085839 -121.741387 -49.420462 -21.085258 14.284787 0.000001 -0.000003 -0.000000 
-4.299001 105.883171 -1.098184 -5.731181 37.658651 1.519907 -2.650413 0.244104 -2.727514 3.035671 -2.956376 7.257734 -1.151105 0.596777 -0.186881 -12.571540 9.637978 -13.178104 0.000002 -0.000002 -0.000003 16.300743 -2.747654 -21.561283 13.697916 -17.623563 -46.202681 -27.680959 -24.629481 84.159897 0.000001 -0.000002 0.000004 -21.472586 -1.442167 43.401809 -34.660973 -26.781033 46.761210 -39.619783 -60.238184 6.412144 0.000001 0.000005 -0.000001 -3.578952 -1.186927 2.914672 6.822197 1.050096 9.527059 -1.534308 -11.121938 -4.923896 -0.000000 0.000002 0.000000 16.484375 1.239251 46.624090 -18.594809 -13.861702 -121.912279 -49.695104 -21.282443 14.677682 0.000003 -0.000002 -0.000003 
-4.389581 105.892097 -1.088335 -5.821758 37.800569 1.497245 -3.002173 0.256327 -2.848327 2.972197 -3.027520 7.292725 -0.795563 0.509863 -0.176006 -12.307279 9.184456 -12.802474 -0.000002 0.000001 -0.000003 16.297914 -2.797964 -21.524479 13.799023 -17.140049 -46.041028 -27.711309 -24.580700 83.839691 0.000001 -0.000002 0.000006 -21.633012 -2.386619 42.736842 -34.794999 -26.996430 46.453937 -39.020693 -60.525189 7.280905 0.000005 0.000001 -0.000003 -3.713699 -1.126644 2.926728 7.074538 0.934862 9.873204 -1.142999 -11.504284 -4.822525 -0.000000 0.000000 -0.000002 16.584268 1.231361 46.862478 -18.709630 -13.787366 -121.908959 -49.811456 -21.329764 14.969743 0.000002 -0.000003 -0.000001 
-4.494305 105.898262 -1.077741 -6.271446 37.078997 1.285588 -2.488540 0.235019 -2.463924 3.289627 -2.917998 7.377119 -1.085325 0.530140 -0.163022 -12.210479 9.011113 -12.788794 -0.000000 -0.000002 -0.000004 16.233210 -2.242558 -21.855012 13.655526 -17.013626 -45.984057 -27.663719 -24.353255 83.844322 0.000003 -0.000003 0.000006 -21.779680 -2.049665 43.166526 -35.027857 -27.260050 45.975424 -38.825620 -60.251407 7.281179 0.000003 0.000003 0.000002 -5.070551 -1.089241 2.308986 8.989917 0.696550 10.830399 -1.160162 -10.572682 -4.395622 -0.000001 0.000002 -0.000001 16.750194 1.285231 47.384704 -18.026563 -14.207211 -121.792518 -50.622958 -21.781477 15.172796 0.000001 -0.000005 0.000001 
-4.605896 105.894157 -1.063901 -6.748773 36.494459 1.208626 -2.231610 0.286637 -2.424619 2.617679 -2.961461 6.906050 -0.582360 0.587146 0.231489 -11.651887 8.516751 -12.251579 0.000002 0.000003 -0.000001 16.224578 -2.238198 -22.001265 13.706450 -16.762343 -46.052250 -27.897419 -24.593609 83.868781 0.000003 0.000002 0.000005 -21.863746 -2.265937 43.036496 -35.259810 -27.751641 45.597458 -40.342150 -60.536581 6.052538 0.000002 0.000003 0.000000 -5.398652 -1.037351 2.344348 9.815387 0.664414 11.215079 -0.914029 -10.270275 -4.133882 -0.000001 0.000002 -0.000001 17.043351 1.296416 47.719690 -17.988891 -14.207822 -121.704873 -50.369052 -21.668944 15.254666 0.000003 0.000000 -0.000002 
-4.713669 105.886421 -1.049344 -6.596942 36.101621 1.066136 -2.411833 0.248467 -2.436066 2.749580 -2.939146 6.991591 -0.461361 0.818354 0.292978 -11.833170 8.098096 -12.214932 0.000002 0.000003 -0.000003 16.281735 -2.867777 -21.872837 13.759887 -16.635856 -46.150424 -28.004247 -24.641601 84.021975 0.000002 0.000003 -0.000000 -21.897484 -2.421910 42.882400 -35.254110 -27.601732 45.877076 -41.055775 -60.272335 5.386805 -0.000002 0.000003 -0.000001 -5.635230 -1.132479 2.307164 9.829979 0.670724 11.194992 -0.674226 -10.122842 -3.932543 -0.000001 0.000002 0.000000 17.060672 1.401292 47.810809 -17.579568 -14.452298 -121.361806 -50.550134 -21.814741 15.273396 0.000001 0.000000 -0.000000 
-4.828098 105.863258 -1.046655 -6.054176 35.543765 0.859963 -2.808295 0.267150 -2.708446 2.591313 -2.939285 6.945683 -0.238668 0.648762 0.391453 -11.768554 7.795494 -11.829674 0.000002 -0.000002 -0.000003 16.281586 -2.271201 -21.642475 13.790596 -17.424658 -46.435598 -27.789108 -25.032829 84.419308 0.000000 0.000003 0.000005 -21.732598 -2.307424 43.242563 -34.734650 -27.125577 46.597996 -41.023851 -59.734362 4.739780 -0.000002 0.000001 0.000003 -6.252470 -1.168704 2.193570 10.399602 0.588315 11.538720 -0.129631 -10.360074 -3.640327 0.000000 0.000002 -0.000001 17.239143 1.423229 47.897975 -17.948663 -14.215279 -121.096003 -50.555831 -21.833845 15.508699 0.000003 -0.000003 0.000000 
-4.950300 105.823280 -1.045664 -5.731637 34.599460 0.325017 -2.918736 0.210353 -2.617417 2.719684 -3.014252 7.095866 -0.458873 0.836962 0.291681 -11.557251 7.149351 -11.562814 0.000002 0.000003 -0.000001 16.318280 -1.853067 -21.624560 13.860646 -17.656966 -46.634274 -27.543802 -25.528517 84.919735 0.000003 0.000005 0.000003 -21.608632 -2.540014 43.035629 -34.708276 -27.232644 46.880376 -40.410425 -59.497921 4.579117 -0.000004 0.000004 0.000003 -7.154306 -1.163824 2.272047 11.894829 0.564919 12.582072 0.284817 -10.555288 -3.409428 -0.000000 -0.000000 -0.000001 17.411831 1.464037 48.377147 -17.999686 -14.433786 -120.931231 -50.860932 -22.021693 16.314127 0.000003 -0.000005 -0.000000 
-5.069004 105.783852 -1.043852 -5.733475 33.854386 -0.153295 -2.709797 0.150521 -2.270583 2.698178 -3.095326 7.183816 -0.548332 0.788312 0.138579 -11.071469 6.760465 -11.122334 0.000000 -0.000002 -0.000003 16.255901 -1.745266 -21.782546 14.076902 -16.828311 -46.581699 -27.837901 -25.955252 84.783589 0.000001 0.000000 0.000004 -21.758039 -2.225375 43.341467 -35.076949 -27.354600 46.516949 -40.075216 -59.102283 4.683903 -0.000002 0.000001 0.000001 -8.254860 -1.206086 2.114146 13.626139 0.481336 13.826398 0.136526 -10.770013 -3.485617 -0.000000 -0.000002 -0.000001 17.553315 1.486547 48.824685 -18.087174 -14.568964 -120.789355 -51.400725 -22.336605 16.617317 0.000002 -0.000005 0.000001 
-5.187603 105.724426 -1.049551 -5.815827 33.166736 -0.760455 -2.654372 0.066950 -1.957645 2.295992 -3.281461 7.019733 -0.106779 0.775070 0.328888 -11.080848 5.897816 -10.946655 0.000002 -0.000002 -0.000004 16.179552 -1.431493 -21.650066 14.252390 -16.802829 -46.676488 -27.044269 -25.724840 85.732569 0.000003 0.000007 0.000008 -21.719158 -2.420311 43.355883 -35.043754 -27.533160 46.362242 -40.140007 -59.168891 3.938992 -0.000000 0.000001 -0.000001 -9.346159 -1.110261 1.886289 15.846263 0.353910 16.494174 0.618989 -12.369534 -3.992174 0.000000 0.000002 -0.000001 18.206238 1.577972 49.577229 -18.439066 -14.502211 -120.576061 -51.722946 -22.597630 17.477334 0.000001 -0.000004 0.000001 
-5.316146 105.642609 -1.067612 -5.552486 31.881995 -1.620281 -2.839969 0.050847 -1.934781 2.627627 -3.378399 7.359779 -0.368963 1.341892 0.352431 -10.964945 4.672864 -10.441253 0.000004 -0.000006 -0.000005 16.056180 -1.492237 -21.440345 14.277074 -16.274850 -46.787568 -26.828701 -25.340115 86.117033 0.000000 0.000005 0.000006 -21.877975 -3.210685 42.928169 -35.429465 -27.729144 45.810437 -39.557020 -59.329414 4.457405 0.000001 0.000004 0.000003 -10.518997 -1.149171 2.094714 17.699976 0.269299 19.040421 1.222901 -14.666791 -4.661517 -0.000001 0.000001 0.000000 18.376428 1.652328 50.299101 -19.106295 -14.230639 -120.806731 -51.608923 -22.695143 18.477764 -0.000000 -0.000001 -0.000001 
-5.429470 105.558289 -1.094338 -5.409432 31.430673 -2.053427 -2.761807 0.006972 -1.776162 2.082547 -3.702497 7.322952 0.081706 1.249616 0.318075 -10.851368 3.854365 -10.047513 -0.000000 0.000000 -0.000001 16.105941 -1.768767 -21.113817 14.250311 -16.389857 -46.948214 -26.457904 -25.202734 86.726750 0.000002 0.000003 0.000001 -21.754308 -3.255523 42.994214 -35.570006 -27.839079 45.693505 -39.559684 -59.185338 4.056003 0.000000 0.000001 0.000000 -10.764610 -1.113445 2.184283 18.121190 0.163863 21.127136 1.390587 -17.080085 -5.653494 -0.000000 0.000000 -0.000001 18.289051 1.621242 50.435790 -19.434344 -14.107580 -120.728020 -51.394855 -22.612866 18.967676 -0.000002 -0.000001 -0.000001 
-5.523889 105.456291 -1.132282 -4.814500 30.180991 -2.563298 -2.772505 -0.048784 -1.589095 1.889069 -3.862904 7.325141 0.078715 1.362783 0.236784 -10.353923 3.067161 -9.537461 0.000004 0.000001 -0.000006 16.209948 -1.830566 -20.793961 13.959571 -16.877891 -46.815363 -26.353535 -25.080368 86.415833 0.000001 0.000003 0.000002 -21.485344 -3.004627 43.113664 -35.504785 -27.397998 46.496673 -38.543191 -58.192351 4.100067 -0.000002 0.000001 0.000002 -11.134503 -1.008636 2.225559 17.905355 -0.125571 22.873195 0.985815 -19.363276 -6.923096 -0.000001 0.000002 0.000000 17.776525 1.468852 50.057053 -19.098870 -14.349548 -120.352168 -51.602486 -22.896423 20.519693 0.000003 -0.000004 0.000003 
-5.584337 105.328140 -1.177680 -4.829230 28.905446 -2.909108 -2.686716 -0.129281 -1.252468 1.679684 -4.066597 7.454482 0.429625 1.193136 0.005337 -9.673645 2.651917 -8.764674 0.000002 -0.000003 -0.000004 16.177388 -1.621225 -20.630762 13.534641 -17.801184 -46.550635 -26.282156 -24.762421 85.585358 -0.000001 0.000002 0.000005 -21.266772 -3.110018 42.714217 -35.449163 -27.287796 47.238855 -37.485601 -57.340654 4.556643 0.000002 0.000001 -0.000003 -10.097427 -1.103730 2.975539 16.449534 -0.407319 23.281861 0.392039 -21.614545 -8.331198 -0.000002 0.000003 -0.000001 17.652846 1.417883 49.558572 -18.434404 -14.623835 -119.760100 -51.693361 -23.143191 21.112046 0.000003 -0.000002 0.000001 
-5.628137 105.191780 -1.223697 -4.595135 27.719327 -3.077561 -2.767438 -0.114785 -1.256739 1.303658 -4.375360 7.523082 0.958305 1.437515 -0.007710 -10.309207 1.961525 -8.868849 -0.000002 0.000000 -0.000001 16.164097 -1.743340 -20.762650 13.004574 -18.080878 -46.421241 -26.812941 -24.810534 84.569988 0.000001 -0.000002 0.000001 -21.571395 -3.812793 42.292695 -35.842924 -27.576160 46.647494 -35.639927 -56.903109 6.560532 -0.000000 0.000001 0.000001 -9.320824 -1.079255 3.496589 15.205196 -0.526283 23.051902 -0.770234 -22.747882 -9.671292 -0.000001 0.000002 0.000000 17.879164 1.331457 49.248167 -18.623960 -14.537214 -119.716742 -50.831163 -22.959076 22.711062 -0.000000 -0.000002 0.000001 
-5.634447 105.042023 -1.269428 -4.279582 26.083777 -3.566094 -2.429550 -0.183568 -0.906474 1.685623 -4.650325 8.159512 0.658080 1.210838 -0.569912 -10.474752 1.513358 -8.755815 0.000002 -0.000002 -0.000003 16.251720 -2.063539 -20.694759 12.596791 -18.931158 -46.473229 -27.210770 -25.762784 84.487022 0.000003 0.000007 0.000004 -21.385263 -3.483415 42.340124 -35.938867 -27.756816 46.923000 -34.818706 -56.152583 6.868981 0.000002 0.000004 -0.000001 -8.739974 -1.207461 4.275245 15.118219 -0.461927 22.387478 -1.716279 -21.694624 -9.893169 -0.000001 0.000001 0.000001 17.249527 1.278422 48.546659 -17.287984 -15.274226 -118.899305 -50.760525 -23.275222 23.990631 -0.000002 -0.000006 0.000003 
-5.604854 104.871597 -1.320450 -3.971574 24.180232 -3.982941 -2.333787 -0.240080 -0.763730 2.132045 -4.857701 8.841905 0.382118 1.175536 -1.037337 -10.537676 1.356267 -8.465757 -0.000002 0.000002 -0.000003 16.451815 -2.556932 -20.668415 12.377529 -19.774736 -46.671700 -27.231141 -26.200884 85.584859 0.000004 0.000007 0.000002 -21.304402 -4.095424 41.790215 -36.043489 -28.307229 46.786533 -36.702616 -56.113156 4.814293 -0.000002 0.000003 0.000001 -7.606785 -1.295470 5.231505 14.210576 -0.266081 20.809732 -2.504774 -20.265673 -9.764482 0.000001 0.000002 -0.000001 16.249662 1.094096 47.535248 -15.788264 -16.182351 -118.045859 -50.561507 -23.479702 24.923304 -0.000000 0.000000 -0.000002 
-5.557909 104.697891 -1.377200 -3.697173 23.055578 -4.164094 -2.173863 -0.228403 -0.706076 2.459151 -4.939363 9.169734 0.305007 0.909354 -1.223095 -10.896059 1.050628 -8.578981 0.000002 -0.000001 -0.000004 16.449406 -2.941928 -20.931347 11.887727 -19.808005 -46.863434 -27.997526 -26.121801 85.860635 -0.000001 0.000003 0.000003 -21.623737 -3.808887 42.100777 -36.675268 -28.970466 46.034099 -37.930206 -55.281475 3.742955 0.000000 -0.000001 0.000000 -7.127121 -1.304702 5.558998 13.803029 -0.046503 19.991301 -3.428003 -19.344588 -9.937105 -0.000001 -0.000002 0.000000 15.391761 0.876774 46.560402 -14.217758 -17.166026 -116.948193 -50.699910 -23.623205 25.256475 0.000003 0.000000 -0.000003 
-5.458625 104.502380 -1.422656 -4.699419 21.896261 -4.587941 0.322815 -0.211060 0.530915 1.538199 -5.575541 9.162455 0.455525 0.730899 -1.554968 -10.921089 0.834285 -8.636035 -0.000001 0.000003 -0.000004 16.345111 -3.707693 -21.098762 11.107988 -20.468694 -47.514426 -28.502960 -26.021586 87.519237 -0.000001 0.000000 0.000005 -21.991505 -4.138998 41.678853 -37.619418 -29.911044 44.871843 -35.114969 -54.474840 6.839694 -0.000002 0.000002 0.000000 -6.200641 -1.291293 5.846297 14.674679 0.280612 20.250340 -5.021799 -17.957606 -10.370748 -0.000000 0.000002 -0.000001 14.405974 0.674896 45.426335 -10.871006 -19.052557 -114.949707 -51.542510 -24.185459 25.020672 0.000003 0.000000 -0.000003 
-5.326920 104.270638 -1.469866 -5.768703 20.729672 -4.857816 2.127971 -0.167362 1.277746 0.625483 -6.081735 9.054562 0.790497 0.260802 -1.840024 -10.574210 0.884488 -8.207297 -0.000004 0.000006 -0.000002 16.651844 -3.533321 -21.482398 10.643272 -21.749289 -47.864692 -28.124105 -25.997962 90.522614 0.000001 0.000000 0.000005 -21.983541 -4.258329 41.703209 -37.835560 -30.676408 44.999615 -35.773532 -53.359412 5.454573 0.000001 -0.000000 -0.000000 -4.666270 -1.201729 6.038337 15.015997 0.407963 20.536135 -5.756317 -17.065851 -10.418537 0.000000 0.000005 -0.000001 14.449909 0.516749 44.390304 -8.153747 -20.368908 -112.917514 -51.848536 -24.436062 24.650720 0.000002 0.000000 -0.000003 
-5.184391 104.031364 -1.523628 -5.530798 19.222517 -5.112476 2.111936 -0.179560 1.231750 0.272807 -6.322902 9.012592 1.251181 0.437608 -1.745685 -9.838237 1.479908 -8.051893 -0.000001 0.000007 -0.000002 16.755636 -4.027223 -21.297836 10.451004 -22.640057 -48.250485 -27.489770 -26.008466 92.984167 0.000000 0.000000 0.000003 -22.025116 -4.713337 41.317136 -38.080497 -31.767019 44.360791 -39.677778 -52.831284 0.672220 -0.000000 -0.000001 -0.000001 -4.370274 -1.061414 5.678060 15.109558 0.431901 20.780524 -5.971009 -16.172532 -10.116466 -0.000001 0.000001 0.000001 13.619720 0.356429 43.374788 -6.180276 -21.302194 -111.599000 -52.511922 -24.743986 24.536044 -0.000000 -0.000003 -0.000001 
-5.002691 103.751289 -1.574289 -5.888146 17.807416 -5.343595 2.166427 -0.144133 1.142173 0.450831 -6.616395 9.435176 1.285030 0.104528 -2.135366 -9.506274 1.445046 -7.815296 -0.000000 0.000003 -0.000003 16.851960 -4.177891 -21.586869 10.257420 -22.943456 -48.341992 -27.080450 -25.497914 95.544709 0.000002 0.000007 0.000006 -22.308653 -5.258256 41.219078 -38.063514 -31.511549 44.796940 -44.514641 -52.060928 -4.801806 -0.000002 -0.000001 0.000000 -3.531772 -0.866112 5.267519 15.655693 0.513225 21.512096 -6.812601 -14.809641 -10.078922 0.000000 0.000000 0.000000 13.443939 0.160658 42.386662 -3.972881 -22.230813 -109.938916 -53.221083 -25.092500 24.082040 0.000001 -0.000003 -0.000001 
-4.779430 103.457436 -1.621396 -5.993277 15.719892 -5.810612 2.546938 -0.092590 1.107612 0.724482 -6.867033 9.922608 1.067775 0.366515 -2.354014 -8.737672 2.086599 -7.509097 -0.000001 0.000005 -0.000001 17.047821 -5.129495 -21.528124 10.206670 -22.830583 -48.519632 -27.198831 -25.594795 98.102799 0.000001 0.000002 0.000003 -22.483992 -5.412994 41.462079 -38.098601 -31.553285 44.585416 -48.003212 -50.608218 -8.883871 -0.000001 0.000001 0.000002 -3.414833 -0.790230 4.822084 17.408574 0.515910 22.000024 -7.665503 -12.643682 -9.566781 -0.000001 0.000002 0.000000 13.147728 0.033210 41.577414 -1.946140 -22.872425 -108.539943 -53.787518 -25.389198 23.607847 -0.000000 -0.000001 0.000000 
-4.553605 103.168320 -1.666698 -6.103838 14.087751 -6.110366 2.622648 -0.041547 0.899171 1.205096 -6.832838 10.255465 0.879164 0.542278 -2.422411 -8.517292 2.216360 -7.334217 -0.000003 0.000005 -0.000001 17.164105 -5.348019 -21.600805 10.045609 -22.888073 -48.407388 -27.240601 -25.444683 99.641484 0.000001 0.000000 0.000005 -22.622264 -5.478639 41.731527 -38.039133 -31.428555 44.358510 -48.920581 -49.803397 -10.065981 0.000002 -0.000000 -0.000000 -3.362566 -0.730241 4.531606 18.512087 0.526708 22.106092 -8.629305 -11.213781 -9.516651 -0.000000 -0.000000 0.000000 12.634422 -0.071821 40.846696 0.090509 -23.549538 -107.378135 -54.648316 -25.847855 23.204618 -0.000001 -0.000003 0.000001 
-4.301881 102.870476 -1.713265 -5.889198 12.285913 -6.472451 2.131878 -0.039721 0.690685 1.725734 -6.940164 10.759108 0.708491 0.706603 -2.902795 -7.973959 2.367557 -7.061463 -0.000002 0.000002 -0.000002 17.008281 -5.545378 -21.656021 9.835743 -22.865906 -48.305304 -27.106318 -25.618981 101.936147 0.000002 0.000000 0.000005 -22.679112 -5.192223 41.732910 -38.230099 -31.120265 44.169863 -50.884984 -49.337287 -12.199669 -0.000002 0.000001 0.000001 -3.373848 -0.626688 4.158763 19.728370 0.487910 22.033179 -8.907900 -9.413891 -8.833442 -0.000001 0.000002 0.000000 12.064356 -0.185347 40.006242 1.978840 -23.937776 -105.996572 -54.748686 -25.939696 22.825194 0.000004 -0.000003 -0.000003 
-4.026512 102.581657 -1.754085 -5.813847 10.419044 -6.753052 2.337425 0.033521 0.594586 1.960531 -7.102386 11.057718 0.508610 1.095255 -3.242128 -7.639742 2.417201 -7.058064 -0.000002 0.000003 -0.000004 16.831458 -5.751346 -21.556915 9.569351 -22.518963 -48.622812 -27.253163 -25.219331 104.209590 0.000000 0.000000 0.000006 -22.749994 -4.726372 41.925678 -38.453074 -30.527182 43.750818 -51.633918 -49.231870 -12.391981 -0.000002 0.000006 0.000000 -2.970149 -0.531598 3.786192 20.046675 0.429695 21.748410 -9.735160 -7.562046 -8.438677 -0.000001 0.000002 0.000000 11.484417 -0.311322 38.962384 3.582116 -24.267326 -104.630104 -54.677198 -25.868751 22.815801 0.000001 -0.000001 -0.000001 
-3.757600 102.315422 -1.797496 -5.303447 9.077905 -7.000314 1.485008 -0.014232 0.326030 3.285086 -6.473196 11.344102 -0.396542 0.642971 -3.353212 -7.605703 2.158799 -7.131124 -0.000001 -0.000001 -0.000004 16.704785 -5.556611 -21.758799 9.478976 -21.884425 -48.769531 -27.370492 -24.832415 106.058050 0.000001 0.000002 0.000003 -22.797373 -4.084471 42.158561 -38.539342 -29.732428 43.726922 -51.576944 -49.628622 -11.444595 -0.000002 0.000000 -0.000001 -3.600876 -0.484412 3.520324 20.922746 0.595012 21.719482 -9.915725 -6.222110 -7.775784 -0.000001 0.000002 -0.000001 10.909217 -0.387846 38.460805 3.940414 -24.494360 -104.272864 -54.435710 -25.610127 23.037188 0.000003 -0.000003 0.000001 
-3.466807 102.062943 -1.829948 -5.436994 7.046649 -7.168720 1.943760 0.121063 0.041367 3.494060 -6.101475 10.995107 -0.736643 1.178008 -2.873526 -6.815242 2.530576 -7.235040 0.000000 -0.000002 -0.000003 16.565553 -5.899507 -21.617947 9.258323 -21.691252 -49.115993 -27.287622 -23.595266 108.757000 0.000000 0.000002 -0.000000 -22.569102 -3.406985 41.891975 -38.446783 -29.067963 43.538249 -53.226974 -50.006096 -12.144378 -0.000002 -0.000000 -0.000000 -2.915933 -0.424476 3.352382 20.734646 0.710230 20.737142 -10.293443 -4.610264 -7.098158 -0.000000 -0.000000 -0.000001 10.624147 -0.456299 37.685582 4.986843 -24.958211 -103.766467 -53.637383 -25.241299 24.132027 0.000003 -0.000006 -0.000000 
-3.159307 101.838257 -1.861118 -5.481984 5.336499 -7.513141 2.191939 0.180087 -0.024381 3.843685 -5.973639 11.155412 -1.006077 1.702972 -3.000721 -6.344450 2.569945 -7.160229 0.000000 -0.000004 -0.000001 16.505659 -6.300965 -21.535511 8.659125 -22.116678 -48.742767 -27.068137 -22.126743 111.768157 0.000000 0.000000 0.000005 -22.325025 -2.821588 41.629614 -37.987531 -28.229729 42.569328 -56.437600 -50.871573 -14.062612 -0.000000 0.000007 -0.000002 -2.864718 -0.458503 3.362087 20.709173 0.790288 19.801767 -10.651782 -3.435806 -6.652173 -0.000001 0.000000 -0.000001 9.696067 -0.427214 37.024803 6.484608 -25.438923 -102.879813 -53.496473 -25.385875 25.139946 0.000001 -0.000003 -0.000001 
-2.862711 101.637642 -1.890167 -5.857816 4.699098 -7.800367 2.735897 0.230032 0.153493 4.085394 -5.894075 11.257934 -1.320634 1.742170 -3.130476 -5.979427 2.611998 -7.091681 -0.000001 0.000003 -0.000003 16.337698 -6.730703 -21.501179 8.241626 -22.067122 -48.418644 -27.014833 -19.874351 113.698594 0.000001 -0.000002 0.000005 -22.503824 -3.396225 40.695281 -37.706718 -27.230608 41.811071 -58.808175 -51.873579 -14.823054 -0.000001 -0.000003 -0.000000 -2.554790 -0.499025 3.467224 20.596442 0.886387 19.418112 -10.694472 -3.135707 -6.493139 -0.000000 -0.000000 -0.000001 9.394922 -0.429653 36.618649 7.602264 -25.755014 -102.030083 -52.756648 -25.022214 25.608561 0.000002 -0.000003 -0.000003 
-2.556756 101.485764 -1.914952 -6.167283 4.312602 -7.921913 3.009884 0.236826 0.395115 5.122676 -5.270534 11.300630 -2.201022 1.577793 -3.345533 -5.815954 2.544377 -6.956355 -0.000002 0.000002 -0.000001 16.303347 -6.953852 -21.617865 7.903249 -21.692122 -47.923735 -27.023753 -17.322632 115.628518 0.000002 0.000005 0.000005 -22.450265 -3.655200 39.687128 -37.054179 -26.328240 39.637333 -63.365666 -53.098485 -17.452843 -0.000002 0.000001 -0.000001 -2.938384 -0.501966 3.365471 21.249922 0.831387 19.034810 -10.067281 -2.758773 -5.922613 -0.000001 0.000002 -0.000001 8.619160 -0.447614 35.968227 8.891873 -25.824505 -100.976806 -52.036807 -24.630724 25.602810 0.000003 -0.000003 -0.000003 
-2.232189 101.389305 -1.942016 -7.009668 3.772512 -7.825348 3.940626 0.364625 0.407186 4.587928 -5.475136 11.119913 -2.004028 1.772824 -3.450277 -5.911547 1.945570 -6.684415 0.000001 0.000003 -0.000001 16.277113 -7.170572 -21.321358 7.579383 -22.445912 -46.817357 -26.450647 -16.019666 117.988157 0.000003 0.000000 0.000004 -22.129296 -3.820194 38.783351 -35.171065 -25.218170 36.863538 -66.763870 -55.438183 -18.958010 -0.000001 0.000006 -0.000003 -2.229789 -0.600238 3.193690 21.071060 0.859348 18.192182 -9.871299 -2.716912 -5.757757 -0.000001 -0.000000 -0.000001 8.587424 -0.419655 34.803605 10.441728 -26.084359 -99.701945 -51.137797 -24.351769 26.691104 0.000003 -0.000004 -0.000002 
-1.902211 101.335945 -1.971342 -7.196336 3.472056 -7.796010 4.674031 0.410474 0.578734 3.876911 -5.776562 10.868739 -1.677809 1.855042 -3.524343 -5.248996 2.206160 -6.648708 -0.000001 0.000003 -0.000003 16.426257 -7.360137 -20.587293 7.008832 -24.091624 -45.798177 -25.658029 -15.900207 120.017161 0.000002 0.000002 0.000005 -21.308232 -3.428114 38.324871 -33.384899 -24.349191 35.299828 -68.960561 -57.342976 -20.353605 0.000003 -0.000000 -0.000000 -2.356261 -0.552890 3.206648 21.471135 0.599581 17.207743 -9.186488 -2.031253 -5.119569 -0.000001 0.000002 -0.000001 7.609973 -0.343809 33.603940 12.466735 -26.153086 -97.953368 -49.992695 -23.712769 27.733708 0.000002 -0.000004 0.000003 
-1.566801 101.363350 -2.001626 -7.945428 3.799067 -7.742136 5.604682 0.464331 0.982445 4.005055 -5.672431 10.840769 -2.120632 1.532113 -3.985397 -4.700977 1.873303 -5.959923 -0.000000 0.000003 -0.000001 16.089451 -7.806634 -19.819331 5.970598 -25.248095 -44.153392 -25.386830 -15.827763 121.302111 -0.000001 -0.000002 0.000004 -20.319736 -2.686629 36.956607 -32.338507 -23.601982 32.156158 -66.425338 -61.977287 -15.314958 0.000001 0.000001 -0.000000 -0.789566 -0.565147 4.051767 19.832701 0.252797 15.008777 -9.091450 -1.575624 -5.121928 -0.000000 0.000003 -0.000001 6.228714 -0.189595 31.246169 15.761092 -25.433895 -93.716916 -47.889175 -22.862255 28.276893 -0.000002 -0.000004 0.000001 
-1.216718 101.475082 -2.028985 -8.296691 4.033665 -7.786632 6.206569 0.488481 1.434215 3.961328 -5.590731 10.759250 -2.345851 1.242817 -4.152545 -4.554337 2.101746 -5.336552 -0.000001 0.000001 0.000001 15.214084 -7.385024 -19.518729 5.162589 -25.426043 -42.242681 -26.192935 -16.769533 121.060199 0.000003 0.000000 -0.000002 -19.702545 -2.269384 35.149701 -31.227973 -22.638558 28.324127 -66.003164 -65.062224 -12.152378 -0.000000 0.000002 -0.000000 1.382701 -0.735268 5.404022 16.437308 -0.143027 11.996774 -8.497270 -1.598756 -5.020489 -0.000002 0.000003 0.000000 5.444871 -0.007053 28.487990 17.252802 -23.533477 -89.368688 -43.477340 -20.929137 29.565502 0.000003 -0.000009 -0.000001 
-0.877247 101.628601 -2.059040 -7.977467 4.436775 -7.711611 5.796780 0.354114 1.859249 3.874642 -5.582007 10.689932 -2.304726 1.166452 -4.499684 -4.698990 1.746917 -4.812049 -0.000000 0.000003 -0.000003 14.517810 -7.245072 -18.870587 4.615872 -25.286011 -41.033075 -26.676281 -17.770428 120.437873 0.000000 0.000002 0.000003 -19.014758 -2.033772 33.363555 -30.542752 -22.247149 25.192487 -68.221446 -66.599911 -12.586825 -0.000001 0.000002 0.000001 2.284306 -0.704879 6.146948 13.732372 -0.331660 10.107862 -7.370146 -2.501172 -4.965144 -0.000000 0.000001 0.000000 4.946770 -0.002872 26.271296 17.786246 -21.999947 -85.993789 -39.407132 -18.646763 30.162419 -0.000001 -0.000002 -0.000003 
-0.545495 101.866409 -2.090492 -7.260511 3.570012 -7.441657 4.488954 0.284850 1.393937 4.992775 -4.614585 10.224841 -3.177238 1.014798 -4.066580 -4.353909 1.297954 -4.182672 0.000000 0.000006 -0.000002 13.763495 -6.260108 -18.242460 4.022447 -24.070589 -39.423398 -27.863659 -19.149566 118.934671 0.000001 0.000000 0.000003 -17.965049 -1.404862 31.212387 -29.785765 -21.785746 21.134258 -66.972464 -68.126711 -9.657240 -0.000002 -0.000006 0.000001 2.595623 -0.545237 6.949410 10.999925 -0.602912 7.313135 -3.863188 -3.021053 -3.379859 -0.000000 0.000004 -0.000001 4.603298 -0.190812 22.972103 17.586931 -19.976051 -81.981176 -33.098123 -14.564639 31.744663 -0.000001 -0.000002 0.000001 
-0.220613 102.176079 -2.112128 -6.822163 2.675256 -7.259222 4.422346 0.372144 1.218372 5.123307 -4.067134 9.484035 -3.762064 1.034356 -3.566008 -4.392072 1.088120 -3.822546 -0.000002 -0.000002 -0.000003 12.698198 -5.335076 -17.439256 3.451612 -22.357955 -37.382834 -29.152501 -20.261700 117.228900 -0.000001 -0.000002 -0.000000 -17.034951 -1.032396 28.858106 -28.951498 -20.534680 17.675848 -68.890825 -67.064548 -10.785304 0.000002 -0.000001 0.000002 2.633829 -0.461467 7.855366 9.192171 -0.752311 4.215109 -0.278681 -2.398256 -1.251162 -0.000000 0.000002 -0.000001 4.728845 -0.501951 19.425135 16.261910 -17.606542 -77.667406 -26.388593 -10.038801 31.514923 -0.000001 -0.000000 0.000000 
0.088907 102.503540 -2.119373 -6.462172 1.870926 -7.375656 4.218066 0.315918 1.457535 4.568601 -4.096508 8.993628 -3.268896 1.350974 -3.381236 -4.099995 1.147528 -3.668287 0.000000 -0.000003 -0.000003 12.028533 -5.660287 -16.413887 3.539364 -20.324782 -35.869244 -30.075915 -21.160455 116.419195 0.000001 -0.000003 0.000008 -16.247473 -0.742090 27.111541 -27.942739 -19.156271 16.003500 -67.048743 -65.805096 -8.911769 -0.000002 -0.000000 -0.000000 2.735370 -0.519792 8.719454 7.241316 -0.805997 1.966699 2.447084 -2.189719 0.233119 -0.000001 0.000003 -0.000001 4.518362 -0.577741 16.869614 15.336541 -15.872690 -74.169147 -21.822729 -6.888021 31.456235 0.000002 -0.000001 -0.000001 
0.381778 102.851273 -2.120989 -6.080078 1.942349 -7.536958 3.909756 0.190825 1.912604 5.064358 -3.653486 8.668869 -3.964538 0.616745 -3.433002 -3.863826 1.099538 -3.499455 0.000002 0.000004 -0.000001 11.007046 -5.446430 -15.505458 2.582422 -18.407394 -33.918002 -31.756080 -22.531162 115.121787 0.000006 0.000000 0.000003 -15.363742 -0.068560 24.887889 -27.442787 -17.699645 13.150802 -71.283481 -61.609836 -13.537173 0.000000 0.000004 0.000002 3.243058 -0.378445 9.690623 5.322306 -0.792963 0.143837 5.074404 -2.581987 1.313941 -0.000000 -0.000000 0.000000 3.096917 -0.479663 13.916236 16.051752 -14.221753 -69.485352 -17.578687 -3.785531 32.628432 -0.000000 -0.000001 0.000005 
0.662163 103.205833 -2.096905 -6.644340 2.026151 -7.975732 4.604607 0.139630 2.818293 4.457639 -3.788980 8.173384 -3.590517 0.223777 -3.579376 -3.458240 0.924871 -3.213533 -0.000000 0.000003 -0.000003 9.715419 -4.712274 -14.686507 1.946601 -16.674425 -31.601294 -32.702737 -23.331725 114.332729 0.000000 -0.000002 0.000006 -14.899402 -0.466413 22.303269 -25.713873 -15.011390 11.730047 -71.673703 -57.670395 -15.432741 0.000002 0.000005 -0.000000 3.987273 -0.177767 10.862510 5.101108 -0.746235 -1.487101 4.740611 -1.134312 1.605875 0.000002 0.000002 0.000000 2.208926 -0.441539 11.152847 18.072624 -12.446707 -64.014964 -14.148774 -1.191578 33.554199 0.000002 -0.000001 -0.000001 
0.911253 103.539909 -2.066185 -6.829388 2.304923 -8.332214 5.733099 0.230182 3.406365 3.055648 -4.529741 7.936440 -2.799384 0.260204 -3.663413 -3.196840 0.829482 -3.172268 -0.000001 0.000003 -0.000003 8.767438 -4.137869 -14.192947 1.193514 -15.784577 -29.715015 -33.914389 -24.628368 113.413707 -0.000002 0.000003 0.000005 -14.669428 -0.396711 21.068799 -24.386340 -12.208822 11.797789 -72.480745 -53.781961 -17.223186 0.000004 0.000002 0.000000 4.687427 -0.201332 11.880837 4.598202 -0.509758 -2.672990 4.371471 -0.267367 1.661179 -0.000001 -0.000000 0.000001 1.663764 -0.305099 9.255318 18.900665 -10.814745 -59.589343 -11.839880 0.370243 33.474965 -0.000001 -0.000008 0.000000 
1.131647 103.865440 -2.025927 -6.650753 2.433533 -8.843135 4.869042 -0.032555 3.973247 3.212724 -4.275222 7.657661 -2.471014 -0.092977 -3.775657 -2.889818 -0.021355 -2.715728 -0.000001 0.000003 -0.000001 8.133391 -4.305679 -13.586223 1.041957 -14.345125 -27.711430 -34.543173 -27.366191 113.373395 -0.000002 0.000003 0.000003 -13.743632 0.679059 20.194924 -22.248450 -9.072951 12.022600 -63.135755 -51.930461 -10.207328 -0.000000 0.000001 -0.000000 5.424500 -0.148660 13.228285 3.000621 0.091813 -4.112982 5.082926 -0.320870 2.020768 0.000000 0.000000 0.000000 -0.506748 0.390292 7.552139 19.809270 -8.951652 -54.103783 -12.042721 0.153839 33.469897 0.000001 -0.000003 0.000002 
1.330849 104.176361 -1.979878 -6.870025 2.403953 -9.356075 4.515153 -0.195772 4.602949 3.262184 -3.940902 7.294981 -2.261761 -1.094625 -3.920142 -1.573961 1.233455 -2.424203 0.000002 0.000000 -0.000001 7.137975 -2.829540 -13.129302 0.157220 -14.330630 -25.640629 -35.403650 -28.302692 112.886559 0.000003 0.000002 0.000003 -12.370578 2.336653 19.270288 -20.922948 -8.769767 9.642631 -72.087312 -47.217654 -19.780182 0.000001 0.000001 0.000001 6.986284 0.112285 14.533968 1.571055 0.593480 -5.418982 4.882130 -0.472530 1.908312 -0.000000 0.000002 -0.000001 -2.681631 1.185900 5.897307 20.915349 -6.885536 -48.559623 -11.129237 0.612425 32.365616 0.000001 -0.000005 0.000001 
1.509264 104.468307 -1.932719 -6.816145 2.405488 -9.652907 4.309446 -0.248611 4.895944 3.614728 -3.617857 7.031561 -2.531348 -1.961215 -3.905580 -1.136049 1.445256 -2.425715 0.000002 0.000007 0.000001 5.913906 -1.568620 -13.090421 -1.185340 -13.547801 -24.505501 -37.359625 -29.270298 111.100485 -0.000002 0.000002 0.000003 -12.431420 2.990954 18.370415 -20.373763 -7.385274 7.456542 -75.350387 -43.548757 -22.871684 -0.000004 0.000001 -0.000002 8.208666 0.397405 15.305897 0.148474 1.117311 -6.191144 5.293864 -0.666746 2.026859 -0.000001 -0.000000 0.000000 -4.470767 1.724721 4.648748 20.463079 -5.383917 -44.182865 -12.171838 -0.286221 32.301631 0.000003 -0.000007 -0.000002 
1.672630 104.745735 -1.884929 -7.423571 2.718901 -9.874973 5.799554 0.050067 5.282241 3.168962 -3.710464 6.854061 -2.826151 -1.427194 -3.755225 -1.519781 0.031344 -1.826811 0.000002 0.000003 -0.000001 5.042270 -3.007738 -12.508871 -2.304966 -12.127699 -23.737602 -39.738812 -31.143217 109.490221 0.000001 0.000000 0.000006 -12.743864 2.416841 16.594313 -19.605787 -5.171998 6.022876 -72.795296 -40.178438 -20.778050 0.000002 0.000004 -0.000001 9.601502 0.512242 15.940854 -1.108293 1.373511 -6.847888 5.863666 -1.944217 1.763352 0.000001 0.000003 0.000001 -5.303710 2.097087 3.186228 19.958120 -3.605657 -39.311997 -12.773801 -1.244433 31.278319 -0.000001 -0.000000 -0.000000 
1.818405 105.007149 -1.844299 -7.443344 2.495741 -10.204790 6.463268 0.144887 5.670811 2.878655 -3.650632 6.640484 -2.821199 -1.225632 -3.745908 -1.427079 -0.273965 -1.431729 -0.000004 0.000000 -0.000004 4.385997 -3.055473 -11.792337 -3.217375 -12.606277 -22.685923 -41.415952 -32.844095 108.279303 0.000001 0.000002 0.000006 -11.990376 2.994837 15.594148 -18.687082 -3.948162 5.361339 -67.765701 -37.230217 -17.333603 0.000002 -0.000003 -0.000000 10.490226 0.569349 16.462812 -1.758485 1.425485 -7.492527 5.211302 -1.569284 1.530220 -0.000002 0.000001 0.000001 -5.889485 2.444500 1.998495 16.699474 -2.344670 -34.454787 -11.891257 -1.434676 27.610171 -0.000001 -0.000007 -0.000002 
1.957276 105.257217 -1.811728 -6.788920 1.669329 -10.289595 5.257916 -0.037197 5.633266 3.827563 -2.923222 6.506946 -3.310211 -0.863641 -3.627826 -1.277587 -0.401267 -1.062868 0.000001 0.000003 -0.000003 4.066874 -3.484351 -11.321523 -3.456569 -12.258387 -22.073057 -42.540816 -34.729108 106.914665 -0.000002 0.000000 0.000003 -11.473091 3.151171 14.640003 -18.083435 -3.387073 4.826363 -65.696134 -35.028881 -16.393846 0.000000 0.000003 -0.000003 10.467920 0.479842 16.654141 -2.569980 1.732090 -8.283356 4.768239 -0.647586 1.767061 -0.000000 0.000005 -0.000000 -6.674304 2.860208 1.008284 14.694892 -1.453366 -30.545426 -11.272455 -1.636727 24.802818 -0.000002 -0.000006 -0.000000 
2.102424 105.497650 -1.797040 -5.826901 1.155669 -10.182230 4.230642 -0.194559 5.586265 4.077477 -2.586599 6.192027 -3.287642 -1.132848 -3.646037 -0.945404 -0.530766 -0.926766 0.000003 0.000007 -0.000004 3.090272 -2.016027 -11.046163 -4.067091 -11.610423 -21.276237 -44.612248 -37.692932 102.237844 0.000002 0.000000 0.000004 -11.051015 3.675697 13.725560 -17.712344 -1.682377 4.892117 -50.533394 -33.109861 -5.243166 -0.000002 0.000003 -0.000002 9.603453 0.463475 16.818115 -2.863504 2.270702 -9.372277 4.249227 1.032952 2.317447 0.000000 0.000002 -0.000002 -7.286293 3.057840 0.016357 12.145571 -0.858122 -26.034096 -10.766278 -2.278927 19.743579 -0.000001 -0.000005 -0.000000 
2.238689 105.746078 -1.818092 -5.228710 0.735545 -9.946691 3.261827 -0.317385 5.494087 3.903483 -2.484798 5.806716 -2.947610 -0.427528 -3.655785 -0.279929 -0.652816 -0.318332 0.000001 0.000003 -0.000003 2.772759 -1.451934 -10.728367 -3.966824 -10.442684 -19.866674 -46.597238 -41.159574 97.657833 0.000001 0.000002 -0.000000 -9.792978 4.545198 12.615029 -17.440693 -1.452309 4.779770 -37.951195 -28.982842 2.746293 -0.000000 0.000003 0.000001 8.849675 0.624236 16.646868 -3.762883 2.399690 -9.837963 4.912766 1.352970 2.840838 -0.000000 -0.000000 -0.000001 -7.638100 3.061534 -0.678523 10.690597 -0.062772 -21.815539 -11.541672 -3.254106 16.726793 -0.000000 -0.000004 -0.000002 
2.368727 105.986176 -1.845029 -6.229747 2.238404 -9.705566 4.998367 -0.112525 6.106904 1.612447 -3.755276 5.595233 -1.195474 -0.096931 -4.208272 -0.591618 -1.520901 -0.124129 -0.000000 0.000003 -0.000004 2.425007 -0.632201 -10.675924 -4.156588 -9.273047 -18.505383 -49.572471 -44.291133 91.402527 0.000003 0.000000 -0.000001 -10.028204 3.840174 11.838570 -16.264094 0.235985 4.700325 -28.610080 -25.132622 8.618830 -0.000002 0.000001 0.000001 9.208197 0.961508 16.385888 -3.363550 2.281958 -8.975780 4.601080 -0.399635 1.765415 -0.000000 0.000002 0.000000 -4.940894 1.744621 -1.484156 8.537819 -0.009505 -18.501562 -11.313956 -3.615121 13.854400 0.000001 -0.000003 -0.000001 
2.505905 106.221916 -1.872328 -6.175985 2.817118 -9.559393 5.139549 -0.193445 6.333026 0.797128 -4.287861 5.564354 -0.579230 0.609885 -4.276281 -0.345722 -1.627152 0.173053 0.000002 0.000002 -0.000003 2.352075 0.109236 -10.650415 -4.262640 -8.719828 -16.319388 -53.964642 -47.249534 82.360743 0.000001 0.000005 -0.000002 -9.876253 3.116127 11.047781 -15.033844 0.757854 3.839419 -33.048687 -25.011627 2.932239 0.000001 0.000003 0.000001 8.805180 1.159339 16.220224 -3.471550 1.911135 -8.759520 3.733722 -1.032688 0.779183 -0.000000 0.000002 -0.000001 -3.056646 0.668363 -1.858509 6.664698 0.312182 -14.873777 -11.052065 -4.110486 10.495982 0.000001 -0.000005 -0.000002 
2.635172 106.441185 -1.890168 -6.159913 3.018265 -9.300547 5.743212 -0.077249 6.255691 0.937874 -4.055658 5.316186 -1.145547 0.858762 -3.899704 -0.200869 -2.106908 0.254631 -0.000000 0.000006 -0.000002 1.728338 0.954267 -10.450547 -4.724535 -7.267003 -13.684327 -62.414986 -49.776988 67.821388 0.000001 -0.000002 0.000003 -9.144624 3.592926 10.032104 -15.111944 -0.268875 2.475735 -30.884039 -23.230435 3.574368 -0.000001 0.000005 -0.000000 8.424293 1.096061 15.740125 -2.986691 1.712364 -8.342198 2.864955 -0.873520 0.418807 0.000001 0.000003 -0.000001 -2.589183 0.402883 -1.954962 6.777565 1.132254 -11.583023 -10.942558 -4.260239 8.090148 -0.000000 -0.000005 -0.000000 
2.760282 106.637856 -1.895791 -6.199452 3.375293 -9.056623 6.117894 -0.037777 6.357394 1.089359 -3.806689 5.061337 -1.261858 0.996206 -3.634949 0.170292 -2.200808 0.215902 0.000002 0.000001 -0.000003 1.515517 0.748543 -10.040171 -4.892721 -6.631402 -12.362244 -71.212809 -51.728342 54.557437 0.000002 0.000000 0.000003 -8.788077 3.440482 9.232418 -14.868106 -0.832728 1.789814 -30.233631 -22.307941 3.076863 -0.000001 0.000007 -0.000003 8.489464 1.139933 15.360967 -2.655343 1.723401 -7.935343 2.050721 -1.029511 -0.039020 0.000001 0.000002 -0.000002 -2.236456 0.203478 -1.937852 5.971815 1.235448 -9.212989 -10.649913 -4.152460 6.161294 0.000002 -0.000005 -0.000000 
2.883680 106.817184 -1.903444 -5.146562 2.063773 -8.707814 4.729104 -0.211708 5.669822 -0.283139 -4.194178 4.505445 0.356544 2.522158 -2.970707 0.601972 -2.357011 0.334131 -0.000001 0.000005 -0.000001 1.495716 1.511898 -9.238381 -3.859551 -5.969310 -12.475121 -83.329585 -53.600722 38.534934 0.000000 0.000002 0.000001 -7.868043 3.262764 8.717876 -13.065081 -0.849644 1.995644 -28.657445 -20.661500 2.076155 -0.000002 0.000002 -0.000000 7.879487 1.049406 14.746747 -3.348498 2.034273 -8.198937 2.063626 0.116146 0.617635 -0.000000 0.000000 -0.000003 -3.681066 0.857109 -1.474126 5.725889 1.364346 -7.312137 -9.896481 -3.519382 4.927290 0.000002 -0.000004 0.000001 
2.998422 107.014519 -1.928593 -5.311387 2.042752 -8.134288 4.248362 -0.292537 5.502855 1.079567 -3.014717 4.171156 -1.018460 1.027558 -3.002171 1.378286 -1.788408 1.125610 0.000000 0.000003 -0.000001 1.054522 1.248660 -8.047334 -2.931632 -6.309371 -12.048443 -82.507285 -50.281305 31.679978 0.000001 0.000000 0.000003 -6.850201 3.379271 7.973593 -11.366048 -0.389531 2.196242 -25.363896 -19.222830 2.819790 0.000001 0.000003 -0.000001 8.644380 0.975094 14.117181 -4.715839 2.353219 -7.745100 3.405205 -1.475519 0.543638 -0.000000 0.000003 0.000000 -2.645324 0.651293 -0.911169 4.029042 1.033256 -5.740160 -9.078512 -3.674855 3.790885 -0.000003 -0.000002 -0.000004 
3.107565 107.195053 -1.971317 -5.199629 1.325965 -7.755149 3.766134 -0.343614 5.080085 1.698195 -2.338147 3.814591 -1.446308 0.837765 -2.623120 1.504803 -1.693771 1.464908 0.000001 -0.000001 -0.000001 0.754291 1.007395 -6.914397 -2.446042 -5.602862 -10.364537 -79.227995 -45.861435 26.489169 0.000001 0.000003 -0.000000 -6.327299 3.062962 7.411216 -10.024585 -0.189820 2.409017 -23.516934 -18.192776 2.938652 -0.000006 0.000005 0.000000 8.514519 0.813027 13.548360 -5.520026 2.506617 -7.604626 3.866704 -1.913484 0.577308 -0.000001 -0.000002 0.000001 -2.518533 0.723223 -0.252270 3.197944 0.794686 -5.177828 -8.002540 -3.528763 2.485431 -0.000003 -0.000003 0.000001 
3.212979 107.348053 -2.019382 -5.517586 1.351499 -6.987589 3.535439 -0.182461 4.350217 2.034222 -2.273928 4.015732 -1.678686 0.346992 -2.954570 1.708033 -1.637547 1.665874 -0.000000 0.000003 -0.000003 0.451520 -0.227992 -5.937135 -2.995205 -3.911299 -7.435903 -71.307107 -39.582900 24.568484 0.000000 0.000003 0.000003 -5.492042 3.314242 6.499409 -9.131859 0.631251 2.294707 -20.872423 -17.638441 5.024365 0.000001 0.000003 -0.000002 8.471943 0.794259 12.674997 -5.565301 2.448110 -7.487003 4.379275 -2.525894 0.544524 -0.000000 -0.000000 0.000001 -1.990868 0.555698 0.167706 1.829165 0.313832 -4.708892 -7.358760 -3.563600 1.278961 -0.000003 -0.000003 0.000000 
3.311564 107.472137 -2.064618 -5.094865 1.439448 -6.227062 3.033965 -0.076407 3.504724 1.129884 -2.665777 3.978944 -0.738539 0.673579 -2.773206 1.538678 -1.593036 1.617916 0.000002 0.000004 -0.000001 0.193987 -1.036286 -4.936021 -3.310890 -3.941270 -4.937506 -63.065978 -33.129703 21.669325 -0.000002 0.000000 0.000005 -5.255791 2.642853 5.578595 -7.813790 0.918908 1.865338 -18.549441 -16.714234 6.493051 0.000002 0.000001 -0.000000 7.712878 0.542991 11.799330 -5.153257 2.642253 -7.245184 4.056257 -2.769342 0.342503 -0.000000 0.000000 0.000000 -0.978053 0.193749 0.355836 1.695703 0.202682 -4.296243 -6.976083 -3.732266 -0.009620 -0.000000 -0.000006 -0.000001 
3.401963 107.573517 -2.117316 -4.949028 1.332729 -5.711987 2.652967 -0.021264 2.961241 1.766449 -2.231855 3.968823 -1.242328 0.040012 -2.634652 1.610397 -0.923208 1.316934 -0.000001 0.000003 -0.000003 -0.020071 -0.905926 -4.285339 -3.261438 -2.980479 -3.189140 -56.477284 -27.974677 17.815799 -0.000002 -0.000003 0.000002 -4.508514 2.736073 5.083954 -7.158675 0.546717 1.557772 -16.823215 -15.589890 6.728319 -0.000006 -0.000000 0.000003 7.357666 0.425556 11.139124 -5.231359 2.764043 -7.080531 4.403698 -3.214339 0.444782 -0.000002 -0.000002 -0.000001 -0.903660 0.215893 0.626948 2.747684 0.652008 -4.309979 -7.729098 -3.957761 -0.190069 0.000002 -0.000005 -0.000000 
3.491374 107.628342 -2.166206 -3.689520 1.237579 -4.762382 0.588015 -0.230078 2.274214 2.905097 -1.264795 3.418756 -1.794549 -1.153363 -2.410727 1.713771 -0.749325 0.653204 0.000002 0.000000 -0.000001 0.001553 -0.854251 -3.481518 -3.302240 -2.373756 -1.717154 -47.767980 -22.179513 14.485694 -0.000003 0.000002 0.000005 -3.927508 2.058354 4.255273 -5.999556 1.339151 1.825436 -14.831606 -14.364246 6.687104 -0.000000 -0.000002 0.000002 6.217108 0.436071 10.060205 -5.160114 2.877716 -7.265512 3.701120 -2.977367 0.311016 -0.000000 0.000003 0.000001 -1.961838 0.552355 0.307808 2.467582 0.298245 -4.281994 -6.942777 -3.206031 -0.766812 0.000001 -0.000005 -0.000000 
3.581328 107.665131 -2.233898 -3.640864 1.714349 -3.972037 1.582759 -0.059444 2.043893 1.509120 -1.558906 2.790684 -1.263846 -2.040026 -2.307082 2.108321 0.034788 0.252275 -0.000002 0.000003 -0.000003 -0.041305 -0.777548 -2.730602 -3.024555 -1.083537 -0.361712 -38.551787 -16.872828 11.298951 0.000002 -0.000003 0.000004 -2.963617 2.132199 3.684000 -5.254133 1.372379 1.928562 -13.176808 -12.883228 5.776143 -0.000001 0.000001 -0.000000 5.908687 0.483650 9.013052 -5.069905 2.832928 -6.850387 3.532256 -3.198414 0.217341 -0.000001 0.000002 0.000001 -0.656125 -0.070699 0.300523 3.524654 0.670117 -4.259017 -6.701907 -2.714606 -0.139406 0.000001 -0.000002 -0.000001 
3.661499 107.686508 -2.291111 -3.533725 1.728503 -3.544202 1.742839 0.054882 1.733563 1.261066 -1.679696 2.767276 -1.228105 -2.398438 -2.359249 2.092149 0.332088 0.177401 0.000001 0.000002 -0.000001 -0.138314 -0.859699 -2.482679 -3.008513 -1.205109 0.256556 -31.273107 -12.946960 9.097735 0.000004 0.000000 0.000006 -2.957649 1.747710 3.363638 -4.482990 1.661761 1.675235 -11.876947 -11.772545 5.606711 0.000006 0.000003 -0.000002 6.090951 0.427461 8.405861 -5.417291 2.793801 -6.683963 3.157733 -2.994162 0.087379 -0.000002 0.000001 0.000001 -0.042543 -0.297259 0.508029 3.566818 0.747660 -4.221852 -6.233197 -2.683975 -0.500208 -0.000000 -0.000005 -0.000000 
3.735607 107.691620 -2.351370 -2.780125 1.694040 -3.170679 2.007022 0.183634 1.398342 0.635468 -1.768795 2.502829 -0.761803 -2.635412 -2.196755 1.754780 0.388011 0.006973 0.000002 -0.000001 -0.000004 -0.566315 -1.071019 -2.015619 -3.388479 0.470012 0.776825 -24.134455 -8.930200 7.014239 -0.000002 0.000000 0.000006 -2.424129 2.239474 2.868579 -5.465683 0.816967 1.528297 -9.775638 -9.850955 6.836247 -0.000001 0.000002 -0.000000 5.050684 0.239741 7.717082 -4.874676 2.462999 -6.246184 3.036333 -3.168345 -0.053783 0.000000 -0.000000 0.000001 -0.017715 -0.266608 1.009982 2.876412 0.488441 -4.122468 -5.114089 -2.274883 -0.301537 0.000002 -0.000002 0.000001 
3.798891 107.686501 -2.408921 -2.234772 1.558109 -2.768579 1.474563 0.178112 0.999813 0.119686 -1.870849 2.258471 -0.054400 -1.895572 -1.852570 1.596095 -0.105118 0.261156 0.000003 -0.000001 -0.000004 -0.569190 -1.450415 -1.717679 -3.328062 1.504566 0.688328 -18.093887 -5.878104 5.321733 0.000000 -0.000002 0.000001 -1.937326 2.157071 2.033943 -5.914556 0.020006 1.110296 -7.647076 -8.376711 7.867727 0.000002 0.000003 0.000002 4.252162 0.207600 6.944371 -4.378546 2.208404 -5.746005 2.519073 -3.071031 -0.240845 0.000000 0.000003 -0.000001 0.278647 -0.433782 1.544674 3.232368 0.588152 -4.350684 -5.684700 -2.308900 0.405046 -0.000001 -0.000002 -0.000003 
3.853781 107.668083 -2.465061 -1.611468 1.583674 -2.670496 0.672731 0.075743 0.889318 0.897933 -1.383889 2.246948 -0.514076 -2.008440 -1.770352 1.631986 -0.210209 0.352144 -0.000000 0.000001 0.000001 -0.588225 -1.524251 -1.486703 -3.151319 1.181006 0.585268 -14.708345 -4.397708 4.209408 0.000003 0.000002 0.000003 -1.768899 1.861623 1.572788 -5.751954 -0.174993 0.960644 -6.460772 -7.418405 7.941226 0.000002 0.000001 -0.000000 3.454198 0.110276 6.637520 -4.227489 2.171590 -5.409469 2.762315 -3.506894 -0.229557 -0.000000 0.000003 -0.000001 0.193042 -0.402348 2.011681 3.663453 0.708188 -4.483191 -6.445166 -2.436192 1.002196 -0.000000 -0.000000 0.000000 
3.895003 107.634209 -2.509196 -1.754739 1.817039 -2.473582 1.057467 0.150814 0.787279 0.343563 -1.547853 2.022181 -0.104181 -1.762721 -1.601577 1.826810 -0.252235 0.452415 0.000001 0.000004 -0.000001 -0.551084 -1.293538 -1.286080 -2.903614 1.693521 0.424762 -10.820323 -2.648108 3.078832 0.000002 0.000000 0.000003 -1.597051 1.505223 1.230831 -5.507338 -0.745436 0.595062 -4.898198 -6.163347 7.884630 0.000002 -0.000001 -0.000001 3.277499 0.172021 6.233109 -3.756444 1.959618 -4.971572 2.732326 -3.524704 -0.262276 -0.000000 0.000002 -0.000001 1.094887 -0.775850 2.298691 3.561320 0.621584 -4.483092 -6.093002 -1.941690 2.141600 0.000002 -0.000002 -0.000001 
3.933357 107.583878 -2.558091 -1.288422 1.772333 -2.233181 0.866368 0.186015 0.495130 0.286716 -1.525726 1.897566 -0.131530 -1.993304 -1.505945 2.107500 0.268326 0.384987 0.000004 0.000001 -0.000003 -0.647021 -0.733442 -1.259340 -2.676860 1.748065 0.679210 -6.798324 -1.015318 2.119907 0.000002 -0.000002 0.000005 -1.494039 1.456133 1.246479 -4.829375 -0.719785 0.463289 -4.194397 -5.271153 6.760010 0.000002 0.000002 0.000001 2.589802 0.151116 5.679339 -3.396092 1.873965 -4.488687 2.400696 -2.922302 -0.128817 -0.000001 0.000003 0.000000 1.203184 -0.819090 2.420873 4.484265 1.005057 -4.565234 -6.066255 -1.967422 1.868081 0.000002 -0.000000 0.000001 
3.966244 107.525330 -2.599860 -1.350159 2.004153 -1.887370 1.392282 0.275098 0.326972 -0.558213 -1.699534 1.606678 0.593703 -1.405855 -1.142833 1.906680 0.186055 0.373036 -0.000001 0.000003 -0.000003 -0.458037 -0.261188 -0.946043 -1.922716 1.306975 0.479343 -6.910931 -1.925264 1.237458 0.000001 0.000000 0.000003 -1.316026 0.845602 0.869561 -4.714472 -1.755576 0.554529 -3.692070 -4.353354 5.127614 0.000001 0.000002 0.000000 2.424080 0.079602 4.988103 -2.706163 1.442645 -3.930409 1.900672 -2.528422 -0.240939 0.000000 -0.000002 0.000001 1.813389 -0.993488 2.129058 2.897250 0.322245 -4.097704 -5.292819 -1.540972 1.791855 0.000003 -0.000003 -0.000001 
4.000948 107.448166 -2.644204 -1.148433 1.738606 -1.562348 1.436989 0.301658 0.099553 -1.377625 -1.718918 1.156937 1.755192 -1.025007 -0.736318 0.825112 -0.833243 0.213486 -0.000002 0.000002 -0.000004 -0.705954 0.707365 -0.585238 -1.224458 0.932784 0.462380 -7.462756 -3.005196 0.424503 0.000001 0.000002 0.000005 -1.651928 -0.013511 0.910895 -3.779291 -1.579206 0.875328 -2.977251 -3.171895 3.065610 0.000000 0.000002 0.000000 1.902536 -0.013912 4.196465 -2.087325 1.133697 -3.266332 1.312395 -1.906129 -0.234967 -0.000000 0.000003 0.000000 2.454674 -1.160104 1.950143 3.013952 0.478451 -3.712543 -5.018700 -1.428006 1.333961 0.000001 -0.000003 -0.000003 
4.030818 107.331879 -2.692433 -1.216947 1.698772 -1.375621 1.773045 0.315103 0.296941 -3.288074 -2.321963 0.578679 3.461211 -0.090477 -0.482144 0.575675 -1.253021 0.081777 -0.000001 0.000007 -0.000002 -0.887161 0.456953 -0.303611 -1.162398 0.852190 0.340184 -6.448535 -2.618813 0.410894 0.000001 0.000002 -0.000000 -1.534119 -0.187119 0.518422 -2.964511 -0.584432 0.874372 -2.443981 -2.882445 2.821633 -0.000002 0.000000 0.000000 1.592825 0.015307 3.463502 -1.243953 0.784181 -2.424318 0.267731 -1.153928 -0.564118 -0.000000 0.000001 0.000000 2.224449 -1.041364 1.779914 2.073122 0.268645 -2.894033 -3.877310 -1.032930 0.903101 0.000001 -0.000000 -0.000000 
4.056363 107.200157 -2.743662 -0.162601 0.027227 -1.217988 -0.613378 0.120236 -0.235082 -0.301662 -0.532454 0.360636 1.303195 -0.479112 0.194443 1.228866 -0.136612 -0.188944 0.000002 0.000005 -0.000001 -1.255487 1.343954 -0.390413 -1.456523 0.666668 0.621349 -2.721455 -0.489106 0.575241 -0.000001 0.000002 0.000003 -0.394611 1.091380 0.230000 -3.214580 -0.696853 0.737691 -2.068228 -2.618763 3.647291 0.000002 0.000003 -0.000001 0.699456 -0.087998 2.972601 -1.623299 0.903127 -2.395441 0.311786 0.198804 0.199637 0.000001 0.000003 0.000001 0.075216 -0.148879 1.833581 3.112213 0.842968 -2.687203 -1.862417 -0.508561 -0.326153 -0.000002 0.000001 0.000002 
4.083418 107.033279 -2.805385 -1.076148 1.122025 -0.939942 0.849853 0.208247 0.149143 -2.455644 -1.575925 0.245649 2.839952 0.192927 -0.124572 0.205122 -1.073949 -0.012938 0.000000 0.000005 -0.000001 -1.273441 0.904899 -0.172357 -1.335019 0.437499 0.228379 -0.750020 0.431076 0.561258 -0.000001 0.000000 0.000003 -0.425098 0.786040 0.019374 -1.244573 1.192524 0.163125 -2.094829 -3.089516 3.749422 -0.000000 0.000003 0.000000 1.292340 0.021246 2.397869 -0.947634 0.718554 -1.715207 0.677789 -0.726616 -0.108584 -0.000000 0.000001 0.000000 1.160806 -0.608600 1.391564 2.302616 0.670465 -1.935887 -2.009978 -0.814651 -0.275222 0.000001 0.000001 0.000002 
4.126364 106.827759 -2.870544 -1.319031 1.350391 -0.582071 1.685213 0.183243 0.490623 -1.440932 -0.968609 0.259216 1.337616 -0.323340 -0.370036 0.306229 -0.240027 0.049454 -0.000001 0.000003 -0.000003 -0.294074 -0.689044 -0.143189 -0.808474 0.745523 0.240405 -1.361210 -0.109899 0.460361 0.000001 0.000005 -0.000000 -0.340904 0.314142 -0.080740 -0.390484 1.021186 -0.065497 -1.166595 -1.541648 2.158583 0.000002 -0.000001 0.000001 1.189038 0.031940 1.287169 -0.289882 0.283906 -0.513924 0.292441 -1.328946 -0.512283 0.000000 0.000002 0.000001 1.977356 -0.912778 0.773716 0.907048 0.199242 -0.979226 -1.108977 -0.536266 -0.474782 -0.000001 0.000000 -0.000003 
4.171144 106.604179 -2.935117 -0.419810 0.171739 -0.139166 0.392973 0.058142 0.032479 -0.131914 -0.125267 0.049925 0.077340 -0.061293 -0.039737 0.094663 -0.079553 0.039623 0.000000 0.000001 -0.000003 -0.078113 -0.102048 0.033313 -0.190013 0.022169 0.062190 -0.119205 0.048600 0.066943 0.000001 0.000000 0.000005 0.008039 0.085869 -0.071238 -0.081149 0.251280 -0.036211 -0.208294 -0.394950 0.709123 -0.000000 0.000001 0.000001 0.298075 0.008155 0.298923 -0.001106 0.060657 -0.157612 0.121128 0.000324 0.069521 0.000000 0.000003 0.000000 0.260802 -0.131833 0.257168 -0.071726 -0.101443 -0.222150 -0.352439 -0.161150 -0.002067 -0.000000 -0.000003 -0.000001 
4.232181 106.338577 -3.001752 1.081436 -0.436872 0.363604 -1.010659 -0.148463 -0.085350 0.339708 0.321577 -0.129719 -0.199077 0.157368 0.102554 -0.243139 0.204852 -0.101271 -0.000002 0.000002 -0.000002 0.201117 0.262181 -0.086323 0.488467 -0.057941 -0.159570 0.306275 -0.125587 -0.171644 0.000001 0.000002 -0.000000 -0.020202 -0.220853 0.183111 0.209406 -0.645898 0.094755 0.557982 1.003460 -1.830278 0.000000 0.000002 0.000001 -0.766648 -0.013817 -0.768820 0.003618 -0.155970 0.405294 -0.311491 -0.000152 -0.178782 -0.000000 0.000003 -0.000001 -0.667895 0.344352 -0.658495 0.182613 0.262125 0.570685 0.906240 0.414405 0.000772 -0.000000 -0.000001 0.000000 
4.307749 106.034492 -3.074002 1.992403 -0.641537 0.801170 -1.650651 -0.265035 0.030245 0.664350 0.455768 -0.132343 -0.572559 0.498566 0.073070 -0.701551 0.029402 -0.251557 -0.000001 -0.000001 0.000001 0.364343 -0.109813 -0.449559 0.425511 0.367072 -0.691761 2.462623 1.246116 -0.240286 0.000002 0.000003 0.000001 -0.400635 -0.253689 0.186724 1.062649 0.095852 -0.618826 0.967101 1.563164 -1.663599 0.000004 0.000001 -0.000000 -1.359640 0.057164 -1.861012 0.251065 -0.558305 1.177973 -0.773417 -0.118941 -0.612350 -0.000000 -0.000001 -0.000002 -1.302743 0.609620 -1.360259 3.408244 2.068501 0.382932 -0.170431 -0.129995 -0.203051 0.000002 -0.000003 0.000002 
4.388441 105.741508 -3.151877 2.896841 -0.477368 1.189005 -2.653441 -0.448882 0.268565 1.556062 1.045897 -0.319318 -0.694611 0.106212 0.022211 -1.746599 -0.942797 -0.420733 -0.000001 0.000003 -0.000003 0.178137 0.004292 -0.427388 0.449439 -0.171662 -1.310344 4.344446 2.206932 -0.485731 0.000000 0.000000 0.000001 -0.796247 -0.516678 0.208823 0.602608 -0.354142 -0.668049 1.461248 2.422849 -2.607859 0.000002 0.000002 0.000000 -2.421735 0.123944 -2.707597 0.635213 -0.731239 1.859202 -1.153203 -0.275651 -0.947836 -0.000000 0.000002 0.000000 -1.163791 0.541833 -2.054139 5.231913 3.078010 0.392219 -0.845774 -0.309004 -0.202904 0.000003 -0.000001 -0.000001 
4.481975 105.430443 -3.233574 3.033333 -0.159749 1.555070 -1.977178 -0.453971 0.599343 1.617156 1.025032 -0.283565 -1.059674 0.095966 -0.162008 -2.246579 -1.106892 -0.532147 -0.000000 0.000000 -0.000001 0.139770 -0.167538 -0.492252 0.558338 0.482319 -1.793631 2.949668 1.354464 -1.076021 0.000001 -0.000002 0.000000 -1.086225 -0.779970 0.080769 0.155498 -0.670853 -0.788816 1.671699 2.900668 -3.107609 -0.000000 0.000003 0.000000 -3.241184 0.228084 -3.577040 1.427693 -0.874242 2.581012 -1.788041 0.222899 -1.059790 -0.000001 0.000002 0.000000 -1.077776 0.509024 -2.691863 4.462326 2.853642 1.036361 -0.957485 -0.768091 -1.154003 -0.000001 0.000000 0.000003 
4.580362 105.105446 -3.306900 3.743021 -0.202182 1.770026 -1.877294 -0.502995 0.875304 1.050191 0.719166 -0.284120 -0.589795 0.223130 -0.145614 -2.368598 -0.878172 -0.737542 -0.000002 0.000001 0.000001 -0.088293 -0.167901 -0.707757 0.243579 1.080434 -1.963705 3.053015 1.597492 -1.521147 0.000003 -0.000002 0.000006 -1.503134 -0.735487 0.239849 -0.757260 -1.077688 -0.962599 1.849274 3.526981 -3.037812 0.000002 0.000004 0.000001 -4.287797 0.288332 -4.297253 2.556097 -1.121099 3.261989 -2.870088 0.697439 -1.512539 -0.000001 0.000002 -0.000001 -1.092192 0.554227 -3.277203 4.653813 3.194735 1.484366 -1.493592 -1.597547 -2.728607 0.000001 -0.000006 -0.000000 
4.679861 104.789497 -3.382627 3.750158 0.196490 1.913903 -1.811053 -0.555344 1.143761 1.644171 0.883179 -0.058375 -1.074348 -0.538140 -0.514436 -2.751158 -1.240441 -0.742588 0.000001 0.000002 -0.000001 -0.071505 -0.198666 -0.635173 0.418918 0.409916 -2.238795 0.949948 0.395172 -1.627576 0.000001 0.000002 0.000002 -1.843043 -1.025596 0.587471 -0.613495 -1.307192 -0.997073 1.586111 3.746777 -4.205729 -0.000000 0.000003 0.000000 -4.763504 0.343201 -4.833572 3.218466 -1.293071 3.759713 -3.177393 0.379776 -1.868074 -0.000000 0.000002 0.000000 -1.461814 0.733857 -3.718676 5.538199 3.720227 1.482252 -3.211892 -2.500718 -3.361550 0.000001 -0.000002 -0.000003 
4.777822 104.464622 -3.442727 3.357761 0.440707 2.104159 -1.260309 -0.536117 1.474651 1.605620 0.782216 0.060094 -0.937568 -0.813389 -0.807524 -2.665446 -1.022850 -0.677004 0.000000 -0.000002 -0.000003 -0.179239 -0.054121 -0.919076 0.127337 0.081885 -2.237725 2.669414 1.413980 -2.082865 0.000001 -0.000002 0.000004 -1.964518 -0.910186 0.585436 -0.824640 -1.455098 -1.228464 1.780787 4.006856 -3.406830 0.000001 0.000000 0.000000 -4.885459 0.381995 -5.510787 4.435644 -1.590126 4.430781 -3.460280 0.217223 -2.210955 -0.000000 -0.000002 -0.000001 -1.549022 0.809381 -4.255376 5.197755 3.804974 2.043031 -3.969283 -3.238501 -4.535644 -0.000001 -0.000001 0.000000 
4.879624 104.137535 -3.526839 3.598845 1.091698 2.327069 -1.085470 -0.589394 1.698753 1.997975 0.718557 0.353542 -1.476261 -1.391257 -1.290940 -2.881744 -1.234621 -0.555588 0.000001 0.000005 -0.000001 0.017444 -0.176903 -1.049190 0.003373 -0.248570 -2.271367 3.839355 1.992392 -2.161941 0.000000 0.000000 0.000003 -1.685379 -0.407606 0.837122 -1.176527 -1.789479 -1.356280 1.884585 4.120799 -3.663708 -0.000000 0.000002 0.000000 -5.376911 0.556009 -6.238819 5.460019 -1.739691 5.305112 -4.103956 -0.139980 -2.726804 -0.000000 0.000002 0.000000 -1.484784 0.671758 -4.883105 5.345675 4.015639 2.672069 -2.131433 -2.365801 -3.731830 -0.000001 -0.000001 -0.000001 
4.980310 103.814949 -3.609742 3.299617 1.094285 2.533000 -0.597916 -0.522224 1.767324 1.754193 0.548286 0.344689 -1.542754 -1.092043 -1.342389 -2.442438 -0.846628 -0.530600 -0.000001 0.000004 0.000001 0.209662 -0.459858 -1.433268 -0.298708 0.380187 -2.111271 4.073513 2.237804 -2.127662 0.000000 0.000003 0.000006 -1.640459 -0.231081 0.691580 -1.019405 -1.226244 -1.614330 1.980967 3.728211 -2.360782 0.000001 0.000003 -0.000001 -5.434062 0.672148 -6.823549 6.602393 -1.706521 5.904547 -5.018761 0.109545 -3.079599 -0.000000 0.000002 0.000000 -1.315270 0.533599 -5.367266 5.647385 4.277183 3.149717 -0.288817 -1.705658 -3.877762 0.000001 -0.000002 -0.000003 
5.078523 103.476822 -3.684600 3.443980 1.121852 2.674213 -0.779183 -0.590071 1.907788 2.179661 0.771711 0.297621 -2.113360 -1.444397 -1.431660 -1.681133 0.055638 -0.589888 0.000001 0.000001 0.000001 0.211745 -0.547262 -1.691340 -0.549504 0.295615 -1.895888 3.634259 2.087548 -1.888920 0.000002 0.000004 -0.000002 -1.283524 0.323224 0.604799 -0.897937 -0.611293 -1.616537 2.232979 3.404110 -1.142202 0.000002 0.000003 0.000000 -6.109481 0.789302 -7.392561 8.090724 -1.654530 6.536509 -5.890085 0.313735 -3.444511 -0.000001 0.000001 0.000001 -1.701023 0.669878 -5.952307 5.664582 4.351707 3.651525 -0.711762 -2.143786 -4.853570 -0.000000 -0.000004 0.000001 
5.174232 103.143692 -3.751401 3.516349 1.295122 2.910126 -0.659485 -0.580047 2.064720 1.961615 0.592961 0.316951 -2.112519 -1.203203 -1.507127 -1.217992 0.182164 -0.524188 0.000002 0.000004 0.000001 0.245712 -1.104647 -1.781283 -0.850682 0.569065 -1.911573 3.579671 2.284698 -1.490576 0.000001 -0.000002 0.000005 -1.248533 0.409368 0.298035 -1.191040 -0.335473 -1.746119 2.448889 3.131446 0.225434 0.000003 0.000002 0.000000 -6.585805 0.899807 -8.079288 9.344935 -1.843003 7.111325 -6.321789 0.416247 -3.753194 -0.000001 0.000000 -0.000001 -1.808564 0.698551 -6.523686 5.785166 4.490232 3.751242 -1.635504 -2.865740 -6.217140 0.000001 -0.000003 -0.000001 
5.265900 102.819046 -3.818288 3.272878 1.466984 3.018981 -0.404903 -0.581273 2.246614 1.864923 0.624542 0.207784 -2.060012 -0.772414 -1.388120 -1.304030 -0.188483 -0.481547 0.000001 0.000001 0.000001 0.263990 -1.357294 -1.719946 -0.778268 0.823233 -2.040629 2.245533 1.559826 -1.324499 0.000001 0.000000 0.000001 -0.874628 0.479200 -0.089657 -0.556351 0.250102 -1.957328 2.366253 2.425553 1.301253 -0.000000 0.000003 -0.000001 -6.836294 0.913352 -8.446989 10.638465 -1.992185 7.410495 -7.268589 0.873919 -4.086796 0.000000 0.000002 0.000000 -1.760877 0.714004 -6.846415 4.040655 3.628823 4.267654 -2.501777 -3.513888 -7.931516 -0.000000 -0.000005 -0.000002 
5.350516 102.507469 -3.887985 2.767651 1.741616 3.104112 0.171226 -0.594095 2.637117 1.686664 0.676077 0.052324 -1.921444 -0.790220 -1.383798 -1.067463 0.039016 -0.556214 0.000003 0.000003 -0.000001 0.187923 -1.085073 -1.780927 -0.706954 0.888444 -1.966935 1.467095 1.274501 -0.947282 0.000002 0.000002 0.000001 -0.349132 0.955488 -0.293557 0.158441 0.655515 -2.322130 2.007123 1.781653 2.170921 0.000002 0.000002 0.000001 -6.963299 0.846277 -8.595739 11.424859 -2.019927 7.435025 -7.602092 1.415863 -3.933050 0.000000 0.000000 -0.000002 -1.160958 0.460896 -7.003319 0.579279 1.794755 5.255860 -5.096646 -5.210629 -11.874780 -0.000001 -0.000007 -0.000000 
5.437058 102.189095 -3.949672 2.555857 1.979906 3.323804 0.686747 -0.532236 2.901043 0.652623 0.385580 -0.212382 -0.910923 -0.331261 -1.176845 -1.388220 -0.152215 -0.727125 -0.000001 -0.000003 -0.000001 -0.096715 -1.002455 -1.825876 -0.912214 1.889546 -1.809045 2.769288 2.312295 -0.677926 0.000003 0.000002 0.000002 -0.706064 0.551317 -0.577663 0.150226 0.897194 -2.480398 2.251320 1.917787 2.947214 -0.000000 0.000001 0.000001 -7.106976 0.866564 -9.014296 11.722681 -1.999631 7.635533 -7.062290 0.761723 -4.012108 -0.000000 0.000002 0.000000 -0.790612 0.333384 -7.248440 -3.876996 -0.682604 6.192809 -8.686574 -6.946863 -16.445446 0.000001 -0.000002 0.000001 
5.523448 101.883804 -4.015986 2.339583 1.831953 3.253833 1.045188 -0.532893 3.074792 1.550785 0.735949 -0.033981 -1.797132 -0.795726 -1.258768 -1.369564 -0.143390 -0.825178 -0.000000 0.000003 -0.000003 -0.120061 -0.479239 -1.908590 -0.902019 1.484040 -1.542086 2.895893 2.330070 -0.618006 0.000001 0.000002 -0.000000 -0.502408 0.813677 -0.354470 -0.311588 -0.142857 -2.498224 2.303039 2.370914 1.846110 0.000002 0.000003 -0.000000 -7.166202 0.834037 -9.179057 12.246080 -2.084458 7.909609 -7.250814 1.186427 -3.866362 0.000000 0.000002 0.000001 -0.496100 0.236243 -7.084939 -6.419025 -2.159376 6.606178 -11.138888 -7.975073 -19.277010 -0.000001 -0.000003 0.000005 
5.610061 101.581688 -4.078378 2.378975 1.755248 3.483944 1.222423 -0.554187 3.282669 1.627297 1.058427 -0.341298 -1.980545 -0.627387 -1.001532 -1.571877 -0.278307 -0.926921 0.000000 0.000005 -0.000001 -0.177445 -0.717327 -1.732348 -0.755862 1.515336 -1.830544 2.003661 2.002028 -0.484103 0.000001 0.000002 0.000001 -0.687852 0.488928 -0.469396 -0.277426 -0.256725 -2.371057 2.192844 2.583964 1.402036 -0.000000 0.000002 -0.000000 -7.732905 0.818863 -9.589510 12.983016 -2.222183 7.940893 -7.395922 1.795816 -3.564750 -0.000000 0.000001 0.000001 -0.511303 0.331284 -7.245574 -7.461800 -2.689261 6.979425 -12.866623 -8.594890 -21.565889 -0.000003 -0.000003 0.000003 
5.701560 101.303009 -4.146306 1.950229 2.055674 3.840142 1.809877 -0.475643 3.589762 0.160684 0.485701 -0.583980 -0.366704 -0.759776 -1.122338 -1.454621 0.005486 -1.203268 -0.000002 -0.000002 -0.000003 -0.608333 -0.413196 -1.710615 -0.950638 1.905774 -1.994558 -0.165201 1.078992 -0.376690 -0.000001 0.000000 0.000003 0.033652 1.564527 -0.479558 -1.656540 -1.014151 -1.938124 2.331726 2.953034 0.998844 0.000002 0.000002 0.000001 -7.572425 0.973364 -10.209410 13.093966 -2.096512 8.281685 -7.053176 1.120402 -3.720070 -0.000001 0.000000 -0.000001 -0.097288 0.055474 -7.475390 -7.980760 -2.985589 7.534741 -13.812028 -8.834521 -22.897193 -0.000001 0.000000 0.000003 
5.791577 101.034363 -4.212126 1.652204 2.002564 4.018931 1.926782 -0.471711 3.662868 -0.036649 0.342658 -0.558759 -0.145431 -0.491766 -1.196205 -1.358804 0.089105 -1.236864 0.000001 0.000002 -0.000001 -0.583894 -0.609978 -1.750346 -0.932375 2.304718 -2.086301 -2.196574 0.107696 -0.467804 0.000002 0.000002 0.000005 -0.157779 1.386256 -0.526113 -1.530111 -0.720332 -1.907170 2.568164 3.031894 1.370837 -0.000000 0.000001 -0.000001 -7.362176 1.032404 -10.653716 13.575586 -2.151290 8.623369 -7.275257 1.168191 -3.899650 0.000000 0.000000 -0.000002 -0.746420 0.374986 -7.581396 -8.304415 -3.096423 7.936300 -13.897423 -9.027523 -23.816462 0.000001 -0.000003 0.000003 
5.885637 100.777023 -4.281234 1.664907 2.108871 4.215993 1.913444 -0.493416 3.805718 0.813544 0.751054 -0.564673 -0.966045 -0.767594 -1.245474 -1.532291 -0.070817 -1.321024 -0.000001 0.000004 0.000003 -0.705888 -0.619916 -1.666028 -0.902725 2.161875 -2.369496 -3.355295 -0.547070 -0.541344 -0.000001 -0.000002 0.000000 -0.516795 0.995842 -0.616195 -1.038324 0.131764 -1.731516 2.184450 2.539138 1.496571 -0.000000 0.000002 0.000000 -7.561971 1.171450 -11.214962 14.253420 -2.226419 9.195211 -7.389302 1.173223 -3.967830 0.000000 0.000003 0.000000 -0.872767 0.394556 -7.886020 -7.971079 -2.840659 8.423182 -13.541831 -8.981574 -24.069423 0.000001 0.000000 0.000004 
5.982709 100.536758 -4.345089 1.389849 2.147311 4.416966 2.404771 -0.425204 3.972727 -0.237170 0.245875 -0.564584 0.113540 -0.637481 -1.360527 -1.524098 0.334575 -1.609872 0.000001 0.000006 -0.000002 -0.741194 -0.255541 -1.850681 -0.893307 2.727503 -2.119131 -3.771147 -0.829772 -0.798510 0.000000 0.000002 0.000001 -0.137262 1.522197 -0.480054 -2.248006 -1.135844 -1.359524 2.364498 2.978550 0.698527 0.000000 0.000001 -0.000001 -7.917237 1.226101 -11.629403 14.859568 -2.182284 9.336700 -7.638148 0.925066 -4.179966 -0.000000 0.000003 0.000000 -0.788487 0.388606 -8.111721 -7.685950 -2.674567 8.610443 -13.277894 -8.810407 -23.811954 -0.000000 -0.000000 0.000000 
6.069138 100.324043 -4.408196 1.426594 2.020634 4.520327 3.052425 -0.276458 3.909138 -1.329803 -0.229826 -0.681513 0.898683 -0.392891 -1.174219 -1.528641 0.524633 -1.821550 -0.000002 0.000002 0.000001 -0.928560 0.597671 -2.025815 -0.850565 3.545427 -1.922250 -4.245914 -1.261485 -1.094958 -0.000001 0.000000 0.000001 0.017993 1.956845 -0.271820 -3.327080 -2.159732 -1.142423 2.740767 3.447671 0.056155 -0.000000 0.000003 0.000000 -7.833765 1.247252 -11.746530 14.490870 -2.003536 9.258317 -7.463892 0.495629 -4.268523 -0.000000 -0.000000 0.000000 -1.135975 0.556142 -8.102449 -6.809812 -2.237093 8.450589 -13.122587 -8.725474 -23.343145 -0.000004 -0.000000 0.000001 
6.154356 100.115189 -4.474596 1.943521 2.457229 4.772378 2.500341 -0.416963 4.032772 -1.976165 -0.371847 -0.861368 1.811893 -0.185449 -1.185379 -1.690277 0.291941 -1.704080 0.000003 0.000001 -0.000003 -0.990043 0.135242 -1.919894 -0.762040 3.836726 -2.031056 -2.197325 -0.157732 -1.028960 0.000001 0.000003 0.000001 0.222268 2.129719 -0.478746 -2.729487 -1.344745 -1.004864 1.941727 2.713125 0.861234 0.000002 0.000002 0.000000 -8.447890 1.242824 -12.181638 14.797122 -2.019124 9.522328 -7.590442 0.343156 -4.378524 0.000001 -0.000002 0.000000 -0.753543 0.428729 -8.701437 -7.740088 -2.779090 8.634282 -12.522261 -8.679442 -23.969400 -0.000001 -0.000001 0.000006 
6.233311 99.912727 -4.528609 1.788684 2.327076 4.680367 2.882082 -0.372857 4.125332 -1.658710 -0.381782 -0.611274 1.376465 -0.553873 -1.344930 -1.832474 0.249898 -1.762027 -0.000002 0.000001 -0.000003 -1.021018 0.496348 -2.165356 -1.037487 3.587610 -1.719962 -0.091139 1.107800 -0.847373 0.000000 0.000000 0.000006 0.302946 2.755755 -0.105761 -3.253704 -1.829913 -1.321892 2.177043 3.309903 1.160444 -0.000000 0.000002 0.000000 -8.295016 1.111988 -12.153873 15.037838 -2.012242 9.473186 -8.118529 0.608426 -4.540857 0.000001 -0.000002 -0.000001 -0.451167 0.315610 -8.580452 -7.747757 -2.752543 8.697332 -12.683555 -8.824919 -24.642387 -0.000002 -0.000005 -0.000000 
6.303031 99.711472 -4.585049 1.433257 2.499702 4.749066 3.615532 -0.248691 4.186265 -2.391137 -0.657202 -0.700740 1.876445 -0.544986 -1.289275 -2.032932 0.004832 -1.738615 0.000002 -0.000001 0.000002 -1.159552 0.821411 -2.122870 -0.957680 3.539097 -1.757515 1.420752 1.802113 -1.011317 0.000000 0.000003 0.000003 0.665297 3.099435 -0.288265 -3.364134 -1.830551 -1.091629 2.053349 3.275950 1.445008 0.000002 0.000001 -0.000001 -8.014129 0.982380 -12.308910 15.769353 -2.016814 9.561073 -8.580198 1.008126 -4.563798 0.000000 0.000000 -0.000001 -0.192516 0.269294 -8.827674 -8.010272 -2.873012 8.942472 -13.451970 -9.162035 -25.494412 0.000001 -0.000005 -0.000000 
6.370949 99.520882 -4.645711 1.430950 2.352120 4.742219 3.914663 -0.235503 4.298285 -2.448983 -0.630104 -0.745769 1.694237 -0.412691 -1.226067 -1.920462 0.126680 -1.693044 -0.000001 -0.000003 0.000001 -0.889394 0.656327 -2.166519 -0.689075 3.607339 -1.745450 1.317925 1.493128 -0.969963 0.000000 0.000000 -0.000000 0.340138 2.643104 0.000632 -3.522271 -2.430467 -1.130967 2.380709 3.716466 0.251481 -0.000000 0.000001 0.000001 -8.120716 1.049594 -12.353364 15.644893 -1.942327 9.541011 -8.353297 0.967222 -4.491161 0.000001 0.000002 -0.000001 0.189595 0.035368 -8.973076 -8.106582 -2.940436 9.002320 -15.212021 -9.580978 -26.441399 -0.000002 -0.000003 -0.000001 
6.432682 99.337105 -4.698983 0.742626 2.517370 4.798651 4.905599 -0.143951 4.499549 -3.619284 -1.195696 -0.778907 2.426974 -0.123392 -1.349717 -2.618270 -0.586110 -1.632287 -0.000001 -0.000004 -0.000001 -0.826393 1.629250 -2.097351 -0.274932 1.529666 -2.084943 2.287096 1.797771 -0.480969 -0.000001 0.000005 0.000005 0.387379 2.377859 0.270956 -3.249642 -2.946576 -0.895663 2.303427 3.967875 -1.469784 -0.000002 0.000000 0.000001 -7.743227 1.027153 -12.541045 16.367739 -2.004149 9.824957 -9.240780 1.571607 -4.653699 -0.000000 0.000003 0.000000 0.894236 -0.266043 -9.059733 -8.437519 -3.097003 9.316652 -16.197524 -9.710441 -27.257644 -0.000001 -0.000001 0.000003 
6.489084 99.162552 -4.761850 0.628857 2.142164 4.684270 5.121990 -0.136763 4.588350 -2.700156 -0.719005 -0.712333 1.445171 -0.535132 -1.346583 -2.562374 -0.166101 -1.726806 -0.000002 -0.000001 0.000001 -0.766372 1.900634 -2.013988 -0.011420 1.057575 -2.286153 2.410412 1.820801 -0.184809 -0.000001 0.000000 0.000001 0.738740 2.579305 0.297760 -3.382575 -3.307311 -0.654820 2.296172 4.170151 -2.322965 0.000002 0.000002 0.000000 -8.025853 1.028558 -12.430015 16.926225 -2.012808 9.662581 -9.308230 2.163538 -4.331472 -0.000001 0.000000 0.000000 0.802164 -0.217721 -8.956319 -8.099021 -2.897057 9.351231 -17.173093 -9.929679 -27.763841 -0.000003 0.000001 0.000000 
6.540075 98.995758 -4.823142 0.142789 2.735746 4.906676 5.553759 -0.096546 4.809330 -3.384950 -0.954369 -0.841237 2.001784 -0.334417 -1.389637 -3.100962 -0.820838 -1.506858 -0.000002 -0.000003 -0.000003 -0.544197 1.268689 -2.149404 0.005712 1.600661 -2.482340 2.902274 2.131854 -0.347532 0.000000 0.000003 0.000003 1.110359 2.725839 -0.205748 -3.468054 -3.403621 -0.900369 2.434294 4.004786 -1.319467 -0.000000 0.000003 -0.000002 -7.970533 1.033441 -12.808741 17.508719 -1.991431 10.070661 -9.484825 1.884547 -4.558531 0.000000 0.000002 -0.000001 1.318837 -0.507073 -9.351593 -10.008607 -4.095930 9.547088 -18.353184 -10.297534 -29.698410 -0.000001 -0.000005 -0.000005 
6.587101 98.836296 -4.871721 -0.003798 2.439751 4.523876 5.319309 -0.201360 5.057545 -2.561583 -0.993102 -0.257442 1.373739 -0.622544 -1.883771 -3.025880 -0.608689 -1.524317 -0.000000 -0.000004 0.000001 -0.535331 2.077519 -2.574371 -0.288983 1.207625 -2.097883 2.706687 2.062950 -0.453903 -0.000001 -0.000002 0.000005 0.871696 2.994923 0.227057 -3.559372 -3.569211 -1.287755 2.677296 4.291033 -1.161588 -0.000000 0.000001 -0.000000 -8.396042 1.003732 -12.317988 17.649043 -1.936885 9.665415 -9.181671 1.747244 -4.388554 -0.000001 -0.000000 -0.000001 1.172533 -0.469431 -8.973076 -10.778996 -4.647127 9.525221 -20.032871 -10.432363 -31.141080 -0.000003 -0.000002 -0.000003 
6.629641 98.693108 -4.921453 -0.222037 2.321417 4.575236 5.672169 -0.131199 5.122650 -2.736110 -1.085320 -0.280231 1.458999 -0.638574 -2.007918 -2.998150 -0.704043 -1.510027 0.000001 0.000000 -0.000001 -0.652856 2.022419 -2.524561 -0.340760 1.289834 -2.199289 3.391539 2.512440 -0.312067 0.000001 0.000000 0.000001 0.674791 2.920937 0.291648 -3.006385 -2.858567 -1.452060 2.422354 3.839658 -0.712760 -0.000000 0.000002 0.000000 -8.477329 1.045072 -12.259007 17.698612 -1.979303 9.279209 -9.362490 2.416826 -4.099245 -0.000001 -0.000000 -0.000001 1.055218 -0.433999 -8.952912 -10.856732 -4.686194 9.410968 -21.363003 -10.596987 -32.043788 -0.000000 -0.000005 -0.000005 
6.665293 98.562141 -4.959065 -0.300051 2.213186 4.479398 5.544686 -0.169845 5.337897 -2.348252 -1.066939 -0.071236 1.209814 -0.724203 -2.318987 -2.352273 0.136279 -1.621070 -0.000002 0.000001 -0.000003 -0.548221 1.990880 -2.947098 -0.911984 1.246047 -1.798226 3.783856 3.051554 -0.274845 -0.000001 0.000000 0.000003 0.386021 2.903295 0.489197 -3.277969 -2.760650 -1.795375 2.597627 3.855517 0.210733 -0.000000 0.000001 0.000001 -9.104331 1.101893 -12.047939 18.461467 -2.105152 8.898367 -9.133573 3.190027 -3.602271 -0.000000 -0.000000 -0.000001 1.489555 -0.647609 -8.904441 -11.701131 -5.068241 9.447060 -22.889231 -10.868660 -33.402214 -0.000002 -0.000006 0.000001 
6.697881 98.439514 -5.001887 -0.081236 2.482954 4.703564 5.544441 -0.165319 5.424703 -2.533784 -1.108030 -0.167732 1.288775 -0.608625 -2.252062 -2.439322 0.279184 -1.801723 0.000003 0.000000 -0.000001 -0.784951 1.413948 -2.860279 -1.200797 1.958411 -2.190532 3.810386 3.562613 0.021251 0.000002 0.000005 0.000000 0.383666 2.900852 0.028842 -3.563486 -2.290899 -1.988406 2.710280 3.680518 1.720643 -0.000000 0.000004 -0.000000 -9.127993 1.133116 -12.410416 18.585018 -2.195987 9.127513 -9.133708 3.139702 -3.727019 -0.000000 -0.000000 -0.000001 1.505279 -0.653808 -9.301914 -11.743394 -4.977232 9.611111 -24.133925 -11.086473 -33.720610 -0.000002 -0.000005 -0.000000 
6.725166 98.332916 -5.052988 -0.559413 2.801888 4.945755 6.284066 -0.051767 5.462456 -3.308623 -1.339247 -0.379333 1.767705 0.341659 -2.001868 -3.270343 -1.022678 -1.639566 0.000000 0.000002 0.000001 -0.386776 -0.016663 -2.750057 -0.839087 2.652410 -2.527633 3.872206 3.493134 0.171342 0.000001 0.000002 0.000005 0.584863 2.676700 -0.549320 -3.169580 -2.179622 -2.115158 2.624318 3.089700 2.588602 0.000002 0.000000 0.000000 -8.636695 1.117528 -12.828507 18.203771 -2.096632 9.522146 -9.037583 2.712259 -3.845928 -0.000000 0.000001 0.000000 1.859571 -0.850756 -9.554263 -11.659982 -5.038885 9.615154 -24.877014 -11.051262 -34.070203 -0.000003 -0.000004 -0.000000 
6.748768 98.228943 -5.099109 -0.318455 2.646265 5.004849 5.862237 -0.124740 5.417874 -3.031709 -1.204635 -0.323417 1.753525 0.129460 -2.009737 -2.885236 -0.197809 -1.848766 0.000002 0.000001 0.000002 -0.570994 0.400655 -2.890471 -1.080214 3.000133 -2.348290 3.962425 3.897274 0.525615 -0.000002 0.000000 0.000003 0.760452 3.047599 -0.480054 -3.311726 -2.016839 -2.214415 2.458037 3.079113 2.942210 0.000001 0.000002 -0.000001 -8.859426 1.086461 -13.026484 18.289058 -2.053983 9.726735 -9.051577 2.590054 -3.861128 -0.000000 0.000000 -0.000001 1.450583 -0.609158 -9.765915 -12.885685 -5.786543 9.643244 -25.464789 -11.127647 -35.264629 -0.000000 -0.000002 -0.000003 
6.769347 98.134979 -5.143806 -0.225664 2.735491 5.112846 6.109773 -0.090590 5.481449 -2.834308 -1.064655 -0.352093 1.340425 0.579873 -1.859238 -3.723237 -1.375794 -1.784653 -0.000001 -0.000002 0.000001 -0.274129 -1.141640 -2.555414 -0.987397 3.275214 -2.646861 3.594995 3.920517 1.034459 -0.000001 0.000000 0.000004 0.485182 2.587469 -0.694132 -3.130164 -1.756481 -2.214168 2.151742 2.708963 3.354565 -0.000000 0.000001 -0.000001 -8.854680 1.089722 -13.175540 18.479459 -1.975543 9.809408 -9.056536 2.788754 -3.705371 -0.000000 0.000001 -0.000001 1.767322 -0.794231 -9.972967 -12.680489 -5.726691 9.621256 -26.238025 -11.254122 -36.019938 -0.000001 -0.000004 0.000001 
6.786240 98.048370 -5.186213 -0.193846 2.874355 5.224004 6.159392 -0.124596 5.550023 -3.640095 -1.308217 -0.484610 2.138502 0.196464 -1.921181 -3.367612 -0.533857 -1.822618 0.000002 -0.000002 -0.000003 -0.597593 0.146598 -2.317151 -0.773195 2.043203 -2.732525 4.790833 4.584207 1.425914 0.000003 0.000002 0.000006 1.111768 3.083615 -0.605183 -2.943139 -1.708060 -1.655293 1.223134 2.552942 2.123631 0.000000 0.000002 0.000000 -8.818752 0.970908 -13.253369 18.494653 -2.053575 9.751988 -9.157384 2.842278 -3.692726 0.000000 -0.000000 -0.000001 2.316681 -0.998665 -10.183890 -12.567014 -5.607581 9.702052 -27.299588 -11.409733 -36.249894 -0.000002 -0.000003 -0.000001 
6.803352 97.972260 -5.231185 0.221442 2.657951 5.329817 6.049628 -0.157220 5.570433 -3.488704 -1.142135 -0.533325 1.869207 -0.211960 -1.935284 -2.856268 0.496585 -2.104945 -0.000001 -0.000008 -0.000001 -0.732233 1.005791 -2.303369 -0.710895 1.678408 -2.539422 5.722770 5.043625 1.432874 0.000001 0.000003 0.000003 1.032265 3.013276 -0.291398 -2.909385 -1.940192 -1.467119 1.160424 3.114676 0.654372 -0.000002 0.000002 -0.000000 -8.829479 0.932901 -13.328511 18.526132 -2.170527 9.585652 -9.439403 3.053200 -3.755340 0.000000 -0.000000 -0.000001 2.217000 -0.901714 -10.454379 -12.894386 -5.760238 9.732657 -27.367632 -11.339075 -36.490958 -0.000003 -0.000007 -0.000003 
6.819408 97.898682 -5.286644 0.666738 2.336221 5.491462 5.461959 -0.231925 5.414552 -3.326062 -1.053893 -0.566247 1.687959 -0.082983 -1.862386 -2.837091 0.664367 -2.271637 -0.000001 0.000001 -0.000003 -0.930424 1.192488 -2.289534 -1.099487 1.250269 -2.288079 7.305359 6.002641 1.289161 0.000001 0.000003 0.000008 0.871847 2.969679 -0.295487 -2.576060 -1.262813 -1.592431 0.796179 2.826979 0.953408 -0.000002 0.000000 -0.000000 -9.072759 0.963078 -13.433840 18.500641 -2.278211 9.295120 -9.510044 3.348032 -3.689369 0.000001 0.000002 -0.000001 2.008003 -0.794343 -10.612039 -12.513248 -5.466421 9.738255 -27.903749 -11.353555 -36.693791 -0.000001 -0.000005 -0.000000 
6.834864 97.832939 -5.345972 0.544755 2.424975 5.745757 5.516744 -0.223888 5.456497 -3.253945 -0.756836 -0.873871 1.522216 -0.524132 -1.825491 -2.797808 0.773326 -2.326618 -0.000001 -0.000001 -0.000001 -1.090507 1.227327 -2.151909 -1.214221 1.211167 -2.271393 8.978539 6.866461 1.045010 0.000001 0.000003 0.000005 1.432632 3.488740 -0.509319 -2.580176 -0.917580 -1.485271 0.415977 2.398628 1.284643 -0.000002 0.000001 -0.000000 -8.754717 0.974016 -13.704215 18.349595 -2.355867 9.391397 -9.652410 3.130418 -3.944214 0.000001 -0.000002 0.000000 1.729341 -0.659683 -10.864034 -12.085185 -5.175720 9.632026 -28.350614 -11.423226 -36.686736 -0.000003 -0.000006 -0.000005 
6.849363 97.780952 -5.392806 0.358361 2.440612 5.854149 5.707588 -0.195720 5.516372 -3.634401 -0.891826 -0.918306 1.858942 0.210527 -1.708522 -3.009049 0.290543 -2.172140 0.000001 -0.000003 -0.000003 -0.681767 -0.127576 -2.076997 -1.069224 1.678013 -2.213753 6.781094 5.330560 0.497413 0.000002 0.000005 0.000005 0.977070 2.750977 -0.712826 -2.737055 -1.199787 -1.360005 1.017956 2.766124 1.334181 -0.000002 0.000003 -0.000000 -8.972208 1.051230 -13.892534 18.698777 -2.333125 9.381471 -9.341219 3.624685 -3.439744 -0.000001 0.000002 -0.000001 1.885104 -0.772873 -10.923820 -11.127153 -4.610070 9.667840 -28.750933 -11.339129 -36.796428 -0.000001 -0.000006 0.000003 
6.864736 97.736198 -5.441743 -0.001108 2.521029 6.157968 6.083247 -0.106209 5.422709 -3.658990 -0.876206 -1.006119 1.975564 0.040406 -1.767876 -2.837252 0.360499 -2.205252 -0.000001 0.000000 -0.000001 -0.866391 -0.481250 -1.873571 -1.310916 1.676217 -1.984739 6.072074 4.646908 -0.285946 0.000003 0.000000 0.000003 1.143258 2.942873 -0.909383 -3.076291 -1.148757 -1.330943 1.401271 2.761434 1.976597 -0.000000 0.000003 0.000001 -9.064621 1.160596 -14.132515 18.756774 -2.171302 9.335754 -9.202964 3.408979 -3.429692 -0.000000 -0.000002 0.000000 2.059251 -0.960370 -11.188767 -11.532822 -4.945649 9.665115 -29.160448 -11.332837 -36.890866 -0.000003 -0.000003 0.000001 
6.881911 97.692360 -5.487927 0.147188 2.529650 6.190780 5.838590 -0.138091 5.410997 -3.790343 -0.961010 -1.068563 2.059518 0.429554 -1.652471 -2.821606 -0.073811 -2.138920 0.000001 -0.000002 0.000001 -0.805702 -1.145739 -1.766408 -1.524510 1.823564 -1.941469 4.996930 3.985796 -0.714811 -0.000001 -0.000003 0.000002 1.140029 2.890011 -1.131609 -3.012066 -0.829672 -1.440671 1.482820 2.445330 2.715136 0.000000 0.000001 -0.000000 -9.284229 1.333830 -14.160925 18.939266 -2.234955 9.217997 -8.851454 3.723741 -3.122634 -0.000001 -0.000002 -0.000001 1.910186 -0.983330 -11.323211 -11.823023 -5.144439 9.668555 -29.755610 -11.361663 -37.228854 -0.000002 -0.000006 0.000001 
6.903765 97.654099 -5.531821 -0.052170 2.221562 6.041416 6.079390 -0.101641 5.508591 -3.749143 -1.011321 -1.047109 1.900326 0.402620 -1.712026 -2.648143 0.036902 -2.128673 -0.000001 0.000001 0.000001 -1.067252 -0.860827 -1.975871 -2.123484 1.337059 -1.677022 6.792698 5.027347 -1.328848 0.000000 0.000000 0.000003 0.990409 3.322229 -0.823107 -3.028185 -0.486154 -1.914106 1.440766 2.281309 3.746782 -0.000000 0.000002 -0.000000 -9.019813 1.322835 -13.854685 18.991908 -2.261390 8.846115 -9.253970 4.165492 -3.137242 -0.000000 0.000002 0.000000 1.874606 -1.010804 -11.104055 -10.821336 -4.467275 9.639882 -30.098366 -11.470054 -37.494453 -0.000003 -0.000005 -0.000002 
6.926862 97.620499 -5.569930 0.260700 2.255663 6.159323 5.970249 -0.082340 5.400830 -3.059281 -0.630813 -1.092070 1.227551 0.393604 -1.574368 -3.175701 -0.766964 -1.996739 -0.000001 0.000006 -0.000002 -1.035830 -1.077123 -1.953404 -2.229355 1.064200 -1.669410 7.625594 4.955739 -2.183639 0.000000 0.000002 0.000005 0.727154 2.905970 -0.839817 -3.268913 -0.537284 -1.919664 1.865060 2.337432 3.520498 0.000000 0.000003 0.000001 -9.384959 1.554775 -14.016204 18.720042 -2.220504 8.986427 -9.265964 3.586999 -3.534291 0.000000 0.000001 0.000000 1.434423 -0.877993 -11.328238 -10.896135 -4.542408 9.639577 -30.720524 -11.438037 -37.394548 -0.000003 -0.000006 -0.000003 
6.948994 97.586647 -5.614135 0.236014 2.432319 6.185054 6.155355 -0.039427 5.382483 -3.481628 -0.900205 -1.061075 1.422715 0.708293 -1.554978 -3.483362 -1.357094 -1.899178 -0.000001 -0.000003 -0.000004 -0.877013 -1.849600 -1.823893 -2.091424 1.819763 -1.713330 5.922123 3.764738 -2.525023 -0.000001 0.000003 -0.000000 0.714994 2.732618 -0.947277 -3.602717 -0.843926 -1.809543 2.220025 2.389071 3.281077 -0.000002 0.000000 0.000000 -9.528416 1.666939 -14.118168 19.042892 -2.104214 9.132999 -9.330377 3.833057 -3.390825 -0.000000 -0.000000 -0.000001 1.693197 -1.084254 -11.403144 -10.800936 -4.557780 9.609327 -30.236660 -11.501070 -37.501734 -0.000003 -0.000005 -0.000000 
6.977828 97.555214 -5.658721 -0.041459 2.461118 6.136265 5.983508 -0.107406 5.591359 -2.088196 -0.337166 -0.892953 0.490733 0.133907 -1.744065 -3.469828 -1.515651 -1.844017 0.000001 0.000003 -0.000001 -0.885145 -2.011982 -2.082347 -2.377114 1.699091 -1.490443 4.000341 2.711688 -3.087815 -0.000001 0.000004 -0.000002 0.563034 2.883471 -0.968459 -4.369146 -1.489181 -2.051793 2.528858 2.782299 3.455158 0.000002 0.000003 0.000000 -9.283006 1.644193 -14.127454 19.024148 -2.021906 9.231173 -9.170536 3.264689 -3.597653 -0.000000 -0.000002 -0.000001 1.788687 -1.159117 -11.402532 -11.359241 -4.945746 9.736015 -30.576622 -11.485451 -37.275754 -0.000002 -0.000002 0.000001 
7.010578 97.530853 -5.702371 -0.008922 2.307041 6.099090 6.495611 -0.020366 5.734734 -3.003352 -0.679556 -1.028263 0.981337 0.351585 -1.743798 -3.226457 -1.073028 -1.842407 -0.000001 0.000003 -0.000003 -1.157537 -1.589631 -2.001772 -2.570735 1.447450 -1.598670 5.527562 3.564217 -3.262206 -0.000002 -0.000002 0.000004 0.849246 3.285071 -0.834475 -4.850157 -1.866673 -2.205522 2.442142 2.948325 3.089012 -0.000000 0.000001 0.000001 -9.571441 1.728148 -14.246252 19.452840 -2.100712 9.446746 -9.303091 3.354135 -3.704958 -0.000000 0.000000 -0.000001 1.403451 -0.945710 -11.445719 -11.346542 -4.834826 9.788026 -30.483783 -11.642230 -37.463205 -0.000002 -0.000003 0.000005 
7.045321 97.500771 -5.747283 -0.276328 2.524280 6.089557 6.484684 -0.055449 5.800610 -2.597678 -0.607345 -0.874747 0.765186 0.193116 -1.922974 -3.644015 -1.896586 -1.684164 0.000001 -0.000002 0.000001 -0.993072 -1.867886 -2.036336 -2.529874 2.034986 -1.331424 3.891240 2.578423 -3.504675 0.000002 0.000002 0.000001 0.824094 3.285676 -0.851437 -4.372966 -1.351219 -2.209209 2.006983 2.421065 3.329190 -0.000000 0.000004 0.000001 -9.307905 1.694837 -14.303213 19.190113 -2.056528 9.568192 -9.268901 2.873740 -3.958386 -0.000000 -0.000002 -0.000001 1.642807 -1.073776 -11.571832 -11.803467 -5.184286 9.823868 -30.287787 -11.544362 -37.863762 -0.000002 -0.000004 0.000001 
7.085681 97.476425 -5.791698 -0.377495 2.506259 6.154276 6.542732 -0.049582 5.814172 -2.106419 -0.334601 -0.915910 0.491580 0.037069 -1.897329 -3.703424 -2.060371 -1.574170 -0.000000 -0.000001 0.000002 -1.234512 -1.644220 -1.995078 -2.629849 1.683488 -1.515340 2.657188 2.124172 -3.444202 0.000002 0.000000 0.000005 0.762463 3.374810 -0.859938 -4.468862 -1.319580 -2.237792 1.892370 2.421456 3.568199 -0.000002 0.000002 0.000002 -9.527077 1.673213 -14.387218 19.586355 -2.040364 9.390721 -9.351595 3.583650 -3.507337 -0.000000 -0.000000 0.000000 1.598143 -1.034238 -11.672209 -11.612152 -5.055008 9.954961 -31.038903 -11.549563 -37.420708 -0.000005 -0.000006 0.000003 
7.116354 97.447914 -5.826431 -0.266279 2.435016 6.063526 6.177919 -0.104610 5.799949 -1.920951 -0.290898 -0.838935 0.399046 -0.121498 -1.971515 -2.889545 -1.153271 -1.515161 0.000001 0.000003 -0.000003 -1.433424 -1.290952 -2.081883 -2.895040 1.438930 -1.509548 3.091968 2.628815 -3.365798 0.000001 0.000003 -0.000000 0.787610 3.612458 -0.787573 -4.682796 -1.259776 -2.318065 1.933278 2.571170 4.095146 0.000002 0.000004 0.000001 -9.640623 1.647375 -14.321534 19.712122 -2.131055 9.393430 -9.482457 3.539393 -3.671054 0.000001 0.000002 -0.000001 1.372512 -0.896117 -11.641247 -12.579449 -5.595000 9.904004 -30.342344 -11.545012 -38.306921 -0.000002 -0.000002 -0.000003 
7.151244 97.417229 -5.865097 -0.218484 2.379606 5.953830 6.430086 -0.058440 5.843682 -3.082948 -0.915858 -0.779499 1.348586 0.902285 -1.900589 -3.521895 -1.829045 -1.525068 0.000000 -0.000004 0.000001 -1.184371 -2.048006 -2.130633 -2.877195 2.042830 -1.440697 2.901487 2.604915 -3.400369 0.000001 0.000002 0.000003 0.473229 3.267841 -0.808946 -4.195934 -0.863668 -2.443588 1.565365 2.235507 4.370981 0.000002 0.000002 -0.000000 -9.002189 1.510709 -14.255806 19.632242 -2.116124 9.448663 -10.077300 4.095696 -3.622701 0.000001 0.000002 0.000000 1.411705 -0.877127 -11.579565 -12.914642 -5.803382 9.945263 -30.357401 -11.554008 -38.873793 0.000003 -0.000006 0.000001 
7.184119 97.383339 -5.906372 -0.244729 2.650929 5.922360 6.073633 -0.151080 5.908129 -1.790311 -0.240211 -0.746603 0.443883 0.068629 -1.855806 -3.914878 -2.240275 -1.652603 0.000001 -0.000003 -0.000004 -1.146792 -1.688348 -2.094613 -2.494166 1.649095 -1.601320 1.117799 1.365004 -3.641806 0.000002 0.000003 -0.000000 0.897261 3.439442 -0.773011 -4.163996 -1.348220 -2.311454 1.162533 1.971294 3.385931 0.000004 0.000003 0.000001 -8.792522 1.472242 -14.229815 19.697680 -2.033905 9.569092 -10.151706 4.031454 -3.705660 -0.000000 0.000000 -0.000001 1.318702 -0.803916 -11.711876 -13.693568 -6.338054 9.900573 -30.114533 -11.503176 -39.147646 -0.000003 -0.000003 -0.000003 
7.217257 97.347137 -5.947185 -0.388478 2.799835 5.967724 6.013797 -0.179858 5.978386 -1.637062 -0.186403 -0.738030 0.361410 0.050889 -1.917013 -3.703431 -2.151755 -1.603141 0.000002 0.000002 0.000001 -1.112866 -1.933849 -2.170673 -2.574938 1.337426 -1.756957 0.657551 1.209388 -3.704882 0.000002 0.000002 -0.000000 0.421932 3.016134 -0.762126 -4.234780 -1.366702 -2.440799 1.654072 2.238858 3.903819 -0.000000 0.000003 0.000000 -8.810050 1.513698 -14.373665 19.948327 -2.073721 9.727196 -10.398134 4.331267 -3.652178 0.000001 0.000002 -0.000002 1.568388 -0.961607 -11.832062 -14.486071 -6.822238 9.969879 -29.865279 -11.479030 -39.520274 -0.000002 -0.000006 0.000003 
7.250278 97.300743 -5.998046 -0.444153 2.761843 5.903297 5.480943 -0.294733 6.014464 -0.031136 0.499331 -0.578395 -0.780799 -0.631716 -2.085420 -3.811875 -2.428925 -1.566054 0.000004 0.000000 -0.000001 -1.006641 -2.263581 -2.049474 -2.397727 1.677120 -1.871811 0.136495 0.737973 -3.942886 0.000000 0.000000 0.000003 0.727658 3.191449 -0.762736 -3.832233 -0.974038 -2.268388 1.163717 1.602355 3.635161 -0.000000 0.000000 0.000001 -8.198748 1.511915 -14.366591 19.380959 -2.027519 9.918538 -10.320537 4.007106 -3.835741 -0.000000 -0.000000 0.000000 1.552572 -0.965529 -11.875733 -14.969428 -7.148590 9.908214 -29.651945 -11.511453 -39.833858 -0.000004 -0.000003 -0.000000 
7.284027 97.262459 -6.041839 -0.729455 2.767805 6.003167 6.105457 -0.209636 6.071005 -1.357132 -0.077912 -0.693731 0.202722 -0.181985 -2.146283 -4.226180 -2.864072 -1.453542 0.000001 0.000005 -0.000001 -0.863563 -2.150707 -1.892383 -2.039948 1.519289 -2.180500 -1.287819 -0.154670 -3.923930 0.000002 0.000003 -0.000000 1.028925 3.333862 -0.591371 -3.972632 -1.389182 -1.918393 1.113349 1.674457 2.571619 0.000002 0.000004 0.000001 -8.421951 1.587789 -14.549155 20.020929 -2.101494 9.967562 -10.262250 4.089405 -3.788219 -0.000000 -0.000002 -0.000002 1.856779 -1.126385 -11.990225 -15.487462 -7.449899 9.951744 -29.922417 -11.522739 -40.081702 -0.000005 -0.000006 0.000001 
7.316348 97.218460 -6.089540 -0.300409 2.974671 6.046826 5.683508 -0.317922 6.048258 -1.381964 -0.144946 -0.656385 0.194989 -0.220997 -2.162166 -4.124469 -2.747665 -1.510077 0.000001 -0.000003 0.000003 -0.762203 -1.637136 -1.693570 -1.389101 1.751251 -2.559924 -0.771990 -0.413037 -4.016001 0.000000 0.000000 0.000001 1.228515 3.230711 -0.421858 -3.849481 -1.726171 -1.506743 0.666633 1.516197 0.779924 -0.000001 0.000002 -0.000000 -8.832988 1.713692 -14.691689 20.090911 -2.087250 10.196249 -10.314042 4.014994 -3.878388 -0.000000 -0.000000 -0.000001 1.786994 -1.112990 -12.144983 -14.283537 -6.731983 10.230647 -30.899448 -11.407171 -39.246807 -0.000001 -0.000002 0.000001 
7.350175 97.177895 -6.135866 -0.084518 2.371934 5.916563 5.817168 -0.266871 5.936694 -1.089852 -0.115973 -0.519214 -0.329745 0.318372 -2.040005 -4.109364 -2.714227 -1.574088 0.000000 0.000003 0.000004 -0.665797 -1.747912 -1.738444 -1.323438 1.842278 -2.649405 -0.606618 -0.335610 -3.988120 0.000002 0.000003 0.000001 0.823169 2.932447 -0.181990 -3.559742 -1.625273 -1.649402 0.405741 1.435591 0.391776 -0.000001 0.000001 -0.000000 -9.163199 1.760759 -14.565867 19.832279 -2.084360 9.936339 -10.122507 4.270570 -3.650680 -0.000000 0.000002 -0.000001 1.445345 -0.927316 -11.937436 -13.286407 -6.083852 10.287680 -31.020356 -11.427089 -38.865016 -0.000002 -0.000002 0.000001 
7.381075 97.141190 -6.183453 -0.009476 2.217737 6.027128 6.074921 -0.226827 5.945993 -2.433874 -0.666787 -0.735445 0.549888 1.147775 -1.913665 -3.861176 -2.558951 -1.533879 -0.000002 -0.000003 0.000001 -0.460545 -2.302786 -1.639450 -1.202440 1.960711 -2.822450 -1.509223 -0.831685 -4.121255 0.000001 0.000000 0.000001 0.878074 2.864359 -0.246898 -3.172819 -1.040778 -1.453769 0.117789 1.088734 0.364581 0.000001 0.000000 -0.000000 -9.282108 1.825328 -14.700775 19.739318 -2.125438 9.893629 -10.108162 4.384732 -3.571021 -0.000000 0.000002 -0.000001 1.350192 -0.882641 -12.035113 -13.420053 -6.176072 10.243072 -31.272609 -11.314807 -39.208305 -0.000001 -0.000006 0.000003 
7.407001 97.104233 -6.212168 -0.522185 2.274879 6.009997 6.203089 -0.270602 6.254071 -2.012712 -0.514531 -0.719899 0.458582 0.599989 -2.210522 -3.747356 -2.651859 -1.370045 -0.000001 -0.000001 0.000001 -0.654823 -1.873557 -1.701618 -1.481785 1.412945 -2.821129 -2.201306 -1.058048 -4.364151 0.000001 0.000002 0.000001 0.549323 2.694481 -0.235469 -3.422709 -0.920580 -1.493942 0.761488 1.638000 0.707076 -0.000001 0.000002 -0.000000 -8.740577 1.798245 -14.667080 19.854540 -2.240403 9.852801 -10.023143 4.545222 -3.486567 -0.000001 -0.000004 -0.000001 1.584868 -1.055674 -12.066491 -13.989669 -6.495966 10.320819 -31.360479 -11.354362 -38.866983 -0.000000 -0.000002 -0.000003 
7.435273 97.074554 -6.247029 -0.042426 2.187558 6.107180 5.504432 -0.377362 6.162957 -1.468020 -0.294396 -0.627590 0.292116 0.442610 -2.256632 -3.848970 -2.639053 -1.387756 0.000002 0.000004 -0.000001 -0.623590 -2.518774 -1.564175 -1.452681 1.785072 -2.946832 -1.463160 -0.755916 -4.564723 0.000000 0.000002 0.000001 0.436460 2.668421 -0.209316 -3.607875 -0.962103 -1.492962 1.013012 1.892612 0.756648 -0.000002 0.000002 0.000000 -9.265559 1.875852 -14.821063 19.827127 -2.255287 9.864219 -10.192215 4.627656 -3.546478 0.000001 -0.000000 -0.000001 1.333549 -0.917197 -12.217681 -14.741771 -6.957859 10.330818 -31.728882 -11.412751 -39.019795 0.000002 -0.000005 -0.000002 
7.459243 97.033417 -6.284526 -0.379192 1.938379 6.018381 5.721239 -0.378560 6.276862 -1.278513 -0.200937 -0.605360 0.055143 0.207379 -2.311404 -3.670202 -2.533591 -1.276733 0.000002 -0.000001 -0.000001 -0.562462 -2.437653 -1.503608 -1.162710 2.234151 -2.975600 -3.256749 -1.701728 -4.632932 0.000002 0.000002 0.000003 0.716560 2.824336 -0.253326 -3.540114 -0.931745 -1.124113 0.712298 1.864521 0.229632 -0.000002 0.000002 -0.000000 -8.891745 1.794255 -14.740137 20.193815 -2.315785 9.843161 -10.611223 4.872402 -3.623838 -0.000000 -0.000000 0.000000 1.336141 -0.878460 -12.093194 -14.776139 -6.966954 10.288994 -31.017730 -11.317199 -39.668946 -0.000000 -0.000006 -0.000004 
7.477770 96.997581 -6.307254 -0.810226 2.029577 6.083762 6.220461 -0.305130 6.355535 -1.675928 -0.313011 -0.679462 0.368421 0.148878 -2.317051 -3.788883 -2.567482 -1.292607 -0.000001 0.000004 -0.000001 -0.433069 -2.496185 -1.467350 -0.930715 2.533368 -2.984216 -3.552706 -1.997500 -4.806338 0.000002 0.000002 -0.000000 0.692732 2.740152 -0.163179 -3.297804 -1.035764 -1.194229 0.840038 2.113519 -0.093541 -0.000002 0.000001 -0.000000 -8.447194 1.728077 -14.874216 20.497661 -2.321783 9.961155 -10.895517 5.123872 -3.576605 -0.000000 0.000002 -0.000001 1.297980 -0.839441 -12.206651 -15.092787 -7.188345 10.167841 -31.322107 -11.356227 -39.593425 -0.000001 0.000002 0.000001 
7.495003 96.967308 -6.337901 -0.696215 2.028328 6.103469 6.160274 -0.303751 6.318091 -1.894641 -0.455371 -0.659077 0.560007 0.086209 -2.411394 -3.527512 -2.301305 -1.255350 -0.000001 0.000001 -0.000003 -0.636130 -2.022622 -1.623631 -1.306529 2.129407 -2.689613 -2.004474 -1.147027 -4.891776 0.000001 0.000002 0.000001 0.882631 3.124060 -0.202242 -4.061203 -1.405296 -1.087482 1.150434 2.368421 0.391795 -0.000000 0.000002 -0.000000 -8.422794 1.732216 -14.835149 20.335587 -2.321050 9.873850 -10.663115 5.112516 -3.503852 0.000001 0.000004 -0.000002 1.366341 -0.904880 -12.253306 -14.815951 -7.005656 10.191015 -31.301224 -11.319221 -39.433663 -0.000002 -0.000006 -0.000000 
7.512020 96.934738 -6.372522 -1.205602 2.062748 6.085072 5.969882 -0.386358 6.466277 -1.942078 -0.535569 -0.532489 0.993657 -0.003752 -2.627211 -3.545379 -2.225596 -1.192976 0.000000 0.000000 -0.000004 -0.354564 -2.135346 -1.770924 -1.149750 2.396593 -2.435209 -1.495417 -1.010491 -4.748803 -0.000001 0.000000 0.000004 0.944592 3.149424 -0.026141 -4.106632 -2.011911 -1.262608 1.136488 2.460763 -0.156418 -0.000002 0.000001 0.000001 -8.790330 1.711687 -14.859978 20.464386 -2.346532 9.753025 -10.399447 5.133668 -3.290927 -0.000000 0.000000 -0.000002 1.727900 -1.066842 -12.193847 -13.767394 -6.303894 10.385186 -31.190103 -11.439915 -38.931088 -0.000004 -0.000001 -0.000001 
7.524200 96.900810 -6.412833 -1.398252 2.101293 6.087037 6.369520 -0.316751 6.451163 -3.167786 -1.125052 -0.570225 1.833444 0.510983 -2.579268 -3.554746 -2.220865 -1.157055 0.000001 0.000003 -0.000001 -0.581101 -1.708911 -1.634753 -1.025485 1.853283 -2.662278 -2.748348 -1.598162 -4.618115 0.000003 0.000000 0.000001 1.418832 3.640413 -0.058399 -3.558916 -1.716621 -1.400628 0.457541 1.865842 -0.214297 -0.000000 0.000002 0.000001 -8.433895 1.652155 -14.878551 20.035149 -2.206371 9.888673 -10.232200 4.881737 -3.279266 -0.000001 -0.000002 -0.000002 1.758482 -1.088267 -12.244724 -14.260166 -6.684511 10.371820 -30.992257 -11.433646 -39.188453 -0.000001 -0.000005 0.000003 
7.533433 96.862328 -6.457519 -1.077114 2.260410 6.043335 5.623745 -0.464716 6.406484 -1.881316 -0.573366 -0.409233 0.774613 0.297691 -2.565068 -3.412446 -2.226371 -1.127700 -0.000000 -0.000003 -0.000004 -0.286839 -2.535727 -1.497588 -0.795789 1.785126 -2.779520 -4.293961 -2.451201 -4.665715 -0.000001 -0.000002 0.000003 1.462224 3.443021 -0.203315 -2.890930 -1.296630 -1.384203 0.104979 1.435726 -0.288032 -0.000002 0.000002 0.000000 -8.612292 1.643511 -14.779951 20.049715 -2.156256 9.876477 -10.298821 4.716900 -3.381244 0.000001 -0.000000 0.000000 1.757537 -1.072386 -12.337685 -16.024208 -7.848244 10.281479 -30.745608 -11.335257 -40.034601 -0.000001 -0.000002 0.000003 
7.537441 96.837448 -6.490028 -1.342331 2.308737 5.973514 5.635479 -0.494325 6.612401 0.083982 0.266080 -0.199433 -0.831076 -0.642962 -2.817754 -3.365859 -1.986940 -1.195563 0.000001 0.000001 -0.000001 -0.509724 -2.330339 -1.644385 -1.270228 1.674199 -2.729256 -3.599183 -1.724082 -4.751722 0.000002 0.000002 0.000003 1.247614 3.477243 -0.330898 -3.768517 -1.697753 -1.424572 0.737265 2.116138 0.657394 -0.000000 0.000002 0.000001 -8.445581 1.616772 -14.696358 20.343843 -2.092904 9.957090 -10.692280 4.954108 -3.389051 -0.000001 -0.000002 -0.000001 2.082130 -1.279076 -12.174111 -15.415909 -7.491820 10.304358 -30.766321 -11.406781 -39.962125 -0.000000 -0.000002 0.000003 
7.544575 96.807449 -6.520425 -1.606447 2.281730 5.931943 5.357946 -0.549506 6.706728 1.054892 0.669904 -0.073822 -1.278905 -1.016220 -2.920267 -3.667117 -2.121941 -1.224191 0.000000 -0.000001 0.000001 -0.593098 -2.223051 -1.727171 -1.431282 1.403548 -2.750617 -4.110080 -1.892101 -4.887008 0.000001 -0.000002 0.000001 0.770605 3.027834 -0.327250 -4.204170 -1.948250 -1.426881 1.219264 2.636983 0.581194 -0.000000 0.000002 -0.000000 -8.027188 1.592347 -14.654502 20.305229 -2.068163 10.005559 -10.902164 5.254303 -3.337424 -0.000000 0.000001 -0.000001 1.998473 -1.247537 -12.159436 -16.232056 -8.005128 10.193046 -31.297853 -11.425507 -39.870502 -0.000003 -0.000002 -0.000003 
7.548769 96.783104 -6.553061 -1.559285 2.167458 5.938911 5.651825 -0.500658 6.751069 -0.056914 0.255305 -0.294209 -0.558726 -0.505537 -2.772877 -3.522579 -1.816186 -1.278539 -0.000002 0.000004 0.000001 -0.486690 -2.362729 -1.901178 -1.528273 1.895601 -2.530152 -5.221410 -2.416093 -5.009268 0.000003 0.000000 0.000003 0.896558 3.215010 -0.313303 -4.321207 -1.891395 -1.446192 1.346807 2.574835 0.697657 -0.000000 0.000001 -0.000000 -7.996837 1.632497 -14.659620 19.991235 -2.062536 9.981470 -10.696991 4.997016 -3.445376 0.000000 0.000002 -0.000001 1.774212 -1.151388 -12.134255 -15.651725 -7.624050 10.279593 -31.680490 -11.380193 -39.536229 -0.000001 -0.000003 -0.000005 
7.560116 96.764542 -6.586192 -1.425105 2.435836 6.050177 5.384491 -0.608912 6.921227 1.020521 0.634784 -0.091950 -1.633680 -1.234983 -3.136593 -3.220886 -1.028270 -1.583619 -0.000001 -0.000004 -0.000001 -0.291475 -2.693266 -1.980046 -1.419630 2.049432 -2.492722 -5.850927 -2.769881 -4.722048 0.000001 0.000003 0.000003 0.714301 3.095580 -0.160344 -4.538201 -2.277350 -1.510287 1.455598 2.934083 -0.248520 -0.000002 0.000000 0.000001 -8.495239 1.734776 -14.849859 20.364732 -1.976836 10.091581 -10.898585 5.101476 -3.441561 -0.000001 -0.000002 -0.000001 1.720347 -1.134680 -12.247166 -14.969592 -7.267889 10.324369 -31.355052 -11.238840 -39.782628 -0.000002 -0.000005 -0.000000 
7.569546 96.746254 -6.618958 -1.240394 2.338861 6.113403 5.632217 -0.548500 6.990177 0.263466 0.385142 -0.260089 -1.157901 -0.927531 -3.069625 -3.630548 -1.187820 -1.847757 0.000002 0.000003 0.000001 -0.515043 -2.310864 -1.958326 -1.420274 1.767215 -2.561899 -6.203420 -2.996035 -4.806922 0.000001 0.000000 0.000005 0.530554 3.019977 -0.026832 -4.555945 -2.126033 -1.408362 1.138132 2.698970 -0.707766 -0.000002 0.000002 -0.000000 -8.469075 1.788222 -14.954534 20.428609 -1.954839 10.100777 -11.070457 5.241814 -3.440402 -0.000000 0.000001 0.000000 1.662771 -1.138741 -12.329469 -14.570185 -6.998072 10.340708 -31.920558 -11.433716 -39.560640 0.000001 -0.000006 0.000001 
7.580041 96.720734 -6.650058 -1.137963 2.150495 6.006032 6.188304 -0.428768 6.917273 -1.491850 -0.560361 -0.146119 0.141078 0.022076 -3.046735 -4.099586 -1.535257 -1.865808 0.000000 0.000004 -0.000001 -0.385388 -2.618258 -1.800832 -1.280159 1.840630 -2.516539 -6.870756 -3.338739 -5.067995 0.000001 0.000002 -0.000000 0.466092 3.060415 0.225745 -4.014886 -1.799508 -1.397928 0.556664 2.547368 -1.023292 -0.000000 0.000002 -0.000001 -8.788275 1.689600 -14.895266 20.758492 -2.133413 9.969308 -11.026176 5.738873 -3.079265 -0.000000 -0.000000 0.000000 1.574658 -1.017119 -12.332614 -15.538667 -7.539063 10.385696 -31.774552 -11.384957 -40.109080 -0.000003 -0.000002 -0.000000 
7.585258 96.700790 -6.685567 -1.122498 2.160193 6.172341 6.139056 -0.407252 6.750541 -2.053691 -0.801542 -0.226682 0.737167 0.326677 -2.960651 -4.544926 -1.932021 -1.925667 -0.000001 0.000003 0.000002 -0.243493 -2.964890 -1.644974 -0.979794 1.635069 -2.715279 -7.065151 -3.683746 -5.067614 0.000001 0.000005 0.000002 0.573838 3.032719 0.298386 -4.094370 -2.143784 -1.201190 0.576885 2.527842 -1.822434 -0.000001 0.000002 -0.000000 -9.009425 1.761928 -14.940182 20.882298 -2.085387 9.809853 -10.924363 5.776478 -2.977530 -0.000001 0.000000 -0.000001 1.338636 -0.898624 -12.485004 -15.916492 -7.802680 10.303683 -32.111748 -11.407405 -40.026476 -0.000002 -0.000006 0.000002 
7.591226 96.686493 -6.718103 -1.401271 2.413114 6.156062 5.982399 -0.472148 6.911358 -1.470910 -0.612068 -0.111640 0.509156 -0.272113 -3.223571 -4.808195 -2.225686 -1.963738 -0.000000 0.000003 -0.000001 -0.446815 -2.658410 -1.686910 -1.173154 1.230732 -2.713443 -6.312034 -3.245120 -4.830361 -0.000001 0.000000 0.000005 0.446898 3.202029 0.524030 -3.914845 -1.823059 -1.348234 0.724504 2.458538 -1.373030 -0.000002 0.000002 -0.000000 -8.329631 1.739176 -14.944199 20.547857 -2.017764 10.063277 -10.948328 5.316022 -3.300533 0.000000 0.000002 -0.000001 1.722390 -1.153467 -12.502318 -17.084342 -8.572052 10.120173 -31.622949 -11.445667 -40.219241 -0.000003 -0.000005 -0.000003 
7.595792 96.672905 -6.754606 -1.497680 2.226253 6.115576 5.852471 -0.499735 6.961174 -0.706043 -0.128750 -0.200233 -0.062378 -0.576766 -3.122452 -4.704992 -2.144809 -1.937632 -0.000001 0.000003 -0.000001 -0.393885 -2.556471 -1.874024 -1.223409 1.166622 -2.657409 -5.468774 -2.772870 -4.735602 0.000002 0.000000 0.000003 0.554936 3.308158 0.469148 -3.998563 -1.821896 -1.190213 0.886228 2.535317 -1.046996 -0.000002 0.000001 0.000001 -7.843163 1.661244 -14.926473 19.962013 -2.020114 10.022575 -10.768160 5.106248 -3.316010 -0.000000 0.000000 -0.000001 1.674013 -1.093014 -12.403563 -16.869432 -8.419355 10.096175 -31.252825 -11.424440 -40.310902 0.000003 0.000001 -0.000001 
7.600399 96.664642 -6.786831 -1.257559 2.281365 6.229892 6.152596 -0.432709 6.907028 -1.604013 -0.465463 -0.360184 0.305630 -0.172997 -2.999662 -4.588076 -2.063491 -1.996613 0.000001 -0.000003 -0.000001 -0.265751 -2.659152 -1.984063 -1.303551 1.074107 -2.592047 -4.718078 -2.380466 -4.697848 0.000000 0.000002 0.000003 0.506432 3.267243 0.470831 -3.633066 -1.367684 -1.261156 0.530052 2.246398 -0.767762 -0.000000 0.000002 0.000001 -8.170046 1.650789 -15.089375 20.109593 -2.088630 10.028815 -10.819040 5.296147 -3.300933 0.000000 0.000000 -0.000002 1.815523 -1.135184 -12.497354 -16.331577 -8.042566 10.259684 -32.264765 -11.487220 -39.885361 -0.000000 -0.000002 -0.000003 
7.609318 96.650475 -6.816535 -1.446309 2.247144 6.312439 6.587995 -0.357448 6.967035 -2.657838 -0.866874 -0.518672 1.093176 0.035678 -3.007830 -4.433854 -1.674140 -2.045451 -0.000000 0.000002 -0.000001 -0.170856 -2.602186 -2.095002 -1.223372 1.677177 -2.510992 -3.078933 -1.636924 -4.804150 0.000001 0.000002 0.000003 0.557492 3.333640 0.555945 -3.461398 -1.147105 -1.175150 0.156628 2.202164 -1.136159 -0.000002 0.000001 0.000001 -8.082469 1.583725 -15.114958 20.150607 -2.050800 9.841316 -10.635619 5.357301 -3.193071 -0.000000 -0.000002 -0.000001 2.309457 -1.377546 -12.598015 -15.632776 -7.550293 10.513827 -32.119514 -11.608172 -39.529272 -0.000003 -0.000001 -0.000001 
7.620654 96.642746 -6.842881 -0.944255 1.981081 6.266101 6.326871 -0.411196 6.921457 -2.781557 -0.919897 -0.511796 1.314805 0.369702 -2.897548 -4.670821 -1.576769 -2.251171 0.000003 0.000001 -0.000003 -0.069440 -2.845832 -2.079390 -1.233336 1.457027 -2.541020 -4.004077 -1.962391 -4.826280 0.000002 0.000000 0.000001 0.059169 2.860849 0.687362 -3.576076 -1.224699 -1.061868 0.239389 2.759706 -1.581509 0.000002 0.000001 0.000001 -8.560108 1.563754 -15.045408 20.406259 -2.137051 9.600106 -10.879526 5.809496 -2.991925 0.000001 -0.000002 -0.000001 1.873454 -1.090034 -12.542920 -15.485717 -7.418128 10.532905 -32.491726 -11.587397 -39.703982 -0.000002 -0.000007 -0.000002 
7.637922 96.631851 -6.867623 -0.569392 1.400707 6.333132 6.232852 -0.405547 6.783016 -2.844961 -0.841061 -0.659469 1.247915 0.525814 -2.763906 -4.688156 -1.360041 -2.410021 0.000001 0.000001 0.000001 -0.147703 -2.493771 -2.095941 -1.179585 1.985480 -2.575765 -3.687576 -1.817714 -4.896313 0.000001 0.000002 0.000001 0.319891 3.143617 0.651387 -3.832440 -1.331353 -0.847994 0.128033 2.928262 -2.005463 -0.000000 0.000002 0.000000 -9.081161 1.622180 -15.089269 20.641142 -2.082803 9.287092 -10.873315 6.244176 -2.730707 0.000000 -0.000000 0.000001 1.506429 -0.885835 -12.600526 -14.825390 -7.010520 10.560256 -32.535282 -11.600802 -39.691257 -0.000003 -0.000003 0.000005 
7.658178 96.610924 -6.897236 -0.831389 1.215687 6.326247 6.819499 -0.294083 6.808967 -3.070642 -0.940582 -0.669826 1.158077 0.516376 -2.765172 -4.871669 -1.193675 -2.569766 0.000000 -0.000001 0.000001 -0.347295 -1.896022 -1.978724 -1.004122 1.439874 -2.893693 -5.147151 -2.530354 -4.801376 0.000001 0.000002 0.000001 0.543035 3.217924 0.506792 -3.989265 -1.473761 -0.647340 0.161747 3.002510 -2.283929 -0.000002 0.000002 0.000000 -9.024352 1.617816 -15.168739 20.624829 -2.037538 9.285121 -10.571381 6.311443 -2.517605 0.000000 0.000000 -0.000001 1.778923 -1.026069 -12.632604 -13.655552 -6.269931 10.593004 -32.901776 -11.554331 -39.391627 -0.000002 -0.000002 0.000001 
7.673249 96.593956 -6.925664 -0.525251 1.152694 6.236418 6.797985 -0.286992 6.759217 -3.411306 -1.110821 -0.682750 1.328346 0.766234 -2.662827 -4.809612 -1.017952 -2.636197 0.000004 -0.000003 -0.000003 -0.349687 -1.954228 -2.033403 -1.034001 1.461635 -2.970261 -6.013060 -2.841347 -4.939948 0.000000 0.000003 0.000001 0.254661 2.955735 0.455089 -4.133504 -1.355693 -0.464284 0.288636 3.167845 -2.071645 -0.000001 0.000002 0.000000 -9.552716 1.656476 -15.091055 21.287825 -2.059102 9.252059 -10.877977 6.590011 -2.456176 0.000001 0.000005 -0.000001 1.562510 -0.917355 -12.563398 -12.532361 -5.555487 10.735046 -33.265921 -11.510337 -38.990948 -0.000003 -0.000009 -0.000006 
7.683912 96.588203 -6.955068 0.143757 0.883347 6.030279 5.605802 -0.490378 6.585457 -2.356896 -0.671833 -0.557613 0.966259 0.831605 -2.556618 -4.799136 -1.109375 -2.637142 0.000000 0.000003 -0.000001 -0.276741 -1.847355 -2.040985 -0.851148 1.489361 -3.019538 -5.752101 -2.847353 -4.924053 0.000000 0.000000 0.000005 0.194911 2.849103 0.644404 -4.080369 -1.536989 -0.238250 0.359482 3.181509 -2.647580 -0.000002 0.000001 -0.000000 -9.836849 1.716948 -14.758552 20.810979 -2.090175 9.046116 -11.098749 7.081820 -2.277343 -0.000000 -0.000002 -0.000002 1.271792 -0.763576 -12.280643 -11.985747 -5.202967 10.724494 -33.247711 -11.483431 -38.543140 -0.000003 -0.000006 0.000001 
7.692138 96.606216 -6.980712 -0.570843 1.238616 5.849924 6.388795 -0.352067 6.679910 -2.750280 -0.899346 -0.542879 1.117802 0.840583 -2.537182 -4.579305 -1.028170 -2.585142 0.000001 -0.000002 -0.000003 -0.070207 -1.974701 -2.140298 -0.777240 1.099324 -3.201091 -6.185953 -3.134903 -4.865452 0.000001 0.000000 0.000005 0.191558 2.898548 0.921398 -4.321457 -2.085481 -0.384432 0.630184 3.265461 -2.897188 -0.000000 0.000002 0.000001 -9.027768 1.686342 -14.576336 20.599683 -2.108025 9.312029 -10.944372 6.478410 -2.615288 -0.000001 -0.000002 -0.000002 1.679435 -1.026678 -12.048012 -12.542663 -5.602483 10.355413 -33.271614 -11.529832 -38.437614 -0.000001 -0.000005 -0.000002 
7.701653 96.646599 -7.015964 0.015282 0.848420 5.622528 5.430317 -0.522536 6.562351 -0.832836 -0.009129 -0.457577 -0.220285 0.628632 -2.438496 -4.743391 -1.338620 -2.494177 -0.000002 0.000001 0.000001 0.084449 -2.648498 -2.150056 -0.776484 2.065637 -3.381751 -6.611700 -3.286216 -4.879319 0.000001 0.000000 0.000005 0.161044 3.167557 1.060639 -4.686656 -2.089817 -0.327504 0.790282 3.243235 -2.362863 -0.000002 0.000001 0.000001 -9.408328 1.685766 -14.097306 20.036384 -2.044456 8.932496 -10.805781 6.506127 -2.450700 0.000000 0.000002 -0.000002 1.268515 -0.822227 -11.729230 -12.713311 -5.779510 9.997820 -33.292688 -11.521537 -38.071423 -0.000003 -0.000002 0.000001 
7.695786 96.737434 -7.056915 -0.171128 0.924387 5.342264 6.019171 -0.375476 6.310618 -2.318720 -0.893288 -0.284759 0.649673 0.871259 -2.527418 -3.476409 0.255751 -2.441287 -0.000002 0.000000 -0.000001 0.346081 -1.616954 -2.170282 -0.118585 1.263589 -3.520239 -6.048238 -3.487650 -4.495541 0.000001 0.000002 0.000001 0.336671 3.252256 1.700599 -4.704040 -2.500568 0.658783 0.355615 3.220935 -4.225440 -0.000000 0.000000 -0.000000 -8.651663 1.518089 -13.355368 19.263442 -2.057645 8.351401 -10.106779 5.899867 -2.486948 0.000001 -0.000000 -0.000001 1.076448 -0.693060 -11.260922 -11.211984 -4.931573 9.134561 -33.016636 -11.609872 -36.943568 -0.000000 -0.000006 -0.000000 
7.677186 96.912827 -7.092732 -0.787417 1.568133 5.020306 6.589996 -0.252285 6.217980 -2.132684 -0.984565 -0.068490 0.328522 0.755639 -2.533416 -3.410804 0.180025 -2.257919 0.000002 -0.000001 -0.000004 0.304346 -0.279179 -2.603184 0.049897 0.863811 -4.096959 -4.299321 -2.384324 -3.371626 0.000000 0.000000 0.000001 -0.696089 2.570387 2.242215 -3.846183 -1.183185 0.960116 -0.314210 2.318642 -3.100207 -0.000000 0.000001 -0.000002 -6.882753 1.186085 -12.353654 17.208597 -2.077490 7.670554 -8.647619 4.852443 -2.311290 -0.000000 0.000001 0.000001 1.621856 -0.955980 -11.137009 -10.185725 -4.437432 7.705274 -32.820288 -11.620415 -34.898319 -0.000003 -0.000005 -0.000002 
7.648656 97.120926 -7.126881 -0.233098 1.725388 4.647814 6.260057 -0.288774 6.038361 -1.722352 -0.693525 -0.037797 -0.090691 0.572363 -2.316375 -3.271560 0.722796 -2.298976 -0.000001 0.000001 0.000002 0.673016 -0.310865 -2.865088 0.585583 2.296763 -4.406443 -4.770672 -2.301077 -2.342731 0.000000 0.000000 0.000001 -1.377773 2.105211 2.928760 -4.292607 -1.776851 1.672249 -0.433069 2.532898 -3.596628 -0.000000 0.000000 0.000001 -6.400557 0.939090 -11.439353 15.486158 -2.022384 7.047735 -7.916980 4.035428 -2.258221 -0.000000 0.000002 -0.000001 0.873386 -0.474921 -10.982340 -10.134510 -4.559088 6.266118 -31.944214 -11.583035 -33.343133 -0.000003 -0.000006 0.000001 
7.597420 97.420944 -7.156777 0.246716 2.298480 4.036622 4.236259 -0.643373 5.809838 1.264754 0.665936 0.210282 -2.138418 -0.185688 -2.118478 -3.344201 0.506902 -2.319453 -0.000001 -0.000001 0.000002 1.138225 -0.422572 -3.595572 0.956359 2.952933 -5.151876 -3.923955 -1.279069 0.088346 0.000000 0.000000 0.000003 -1.607893 2.710214 3.728780 -4.474512 -1.732285 1.808412 -1.584723 0.890767 -1.781709 -0.000000 0.000001 -0.000000 -6.515341 0.680703 -10.005923 14.364359 -1.938970 6.187847 -7.869087 3.986324 -2.175821 -0.000001 -0.000002 -0.000002 0.166303 -0.055148 -10.806911 -9.300132 -4.395033 3.803308 -30.311167 -11.475272 -30.927240 -0.000003 -0.000002 -0.000004 
7.522033 97.797600 -7.192389 0.071276 3.257651 2.912557 3.269742 -0.790725 5.857767 2.808091 0.839771 0.880467 -2.940577 -0.251434 -2.269186 -4.454208 -0.940741 -2.428881 -0.000001 0.000004 -0.000001 1.361444 -0.714443 -4.499294 0.804082 3.462688 -6.197378 -6.807220 -1.505818 3.225909 0.000000 0.000000 0.000001 -1.665081 4.341807 4.817518 -6.464482 -2.874995 1.731907 -2.309837 -0.816516 1.211095 -0.000003 0.000002 0.000001 -6.155480 0.541887 -7.640653 12.390041 -1.626900 4.675513 -5.815444 1.801674 -2.403418 0.000000 0.000003 0.000000 -1.088478 0.499005 -10.104698 -9.038537 -4.799553 -0.517282 -28.789732 -11.392677 -28.586018 -0.000003 -0.000006 -0.000005 
7.444229 98.184616 -7.221148 -0.208196 4.085556 1.826644 3.441551 -0.817242 5.969903 3.242971 0.466500 1.704365 -3.359125 -0.169739 -2.445978 -5.039539 -1.256888 -2.573480 0.000001 0.000003 -0.000001 1.993431 -1.121997 -4.674970 1.951923 4.545817 -7.816893 -12.423756 -4.255996 5.747946 0.000002 0.000002 0.000001 -2.198820 4.263569 5.931394 -7.198367 -3.526250 2.631429 -3.217277 -2.039390 1.383401 0.000001 0.000001 0.000002 -5.200880 0.289967 -5.467397 11.252272 -1.510847 3.316700 -4.740611 0.303742 -2.650680 0.000001 0.000001 0.000000 -1.840555 0.909936 -9.209791 -5.990037 -3.796135 -4.286699 -29.063350 -11.314792 -25.820203 -0.000004 -0.000002 0.000001 
7.336577 98.621750 -7.234523 -1.120604 5.129395 0.661254 3.989767 -0.719462 5.846306 3.364425 -0.175208 2.678676 -3.683604 -0.249929 -2.633907 -4.884442 -0.150884 -3.061332 -0.000002 0.000002 -0.000001 2.607792 -0.824413 -5.226624 3.065058 4.511039 -10.357124 -19.720669 -7.946448 10.075355 0.000001 0.000000 0.000001 -3.164714 4.186913 7.573113 -8.637334 -4.467776 3.874881 -4.791755 -4.275558 2.627174 -0.000002 0.000004 -0.000001 -3.234081 0.133945 -3.020694 10.208699 -1.223390 2.116637 -3.761116 -1.684006 -3.077233 0.000000 0.000002 -0.000001 -3.730229 1.794207 -7.578903 -4.876230 -4.402617 -10.910202 -29.364950 -11.276535 -22.382988 0.000002 -0.000001 -0.000001 
7.194314 99.114822 -7.236622 -2.592650 7.580561 -0.470219 5.573585 -0.544318 6.426073 2.262996 -1.519056 3.729582 -3.658079 -1.169302 -3.638022 -5.171486 0.529801 -3.680932 0.000003 0.000003 0.000001 3.990019 -0.948501 -6.546535 4.125849 3.790650 -12.577693 -24.911221 -10.900781 16.696281 0.000002 0.000002 0.000003 -5.354965 2.775636 10.012342 -9.424935 -4.794012 5.448865 -5.449002 -6.644143 4.881190 -0.000002 -0.000001 0.000005 -0.705524 0.023813 -0.864927 8.425154 -1.324386 2.380732 -2.756945 -4.174906 -3.810342 -0.000001 0.000000 -0.000001 -3.194124 1.494984 -4.926231 -4.204793 -5.313253 -19.173659 -31.584369 -11.686718 -19.201432 -0.000003 -0.000003 0.000002 
7.046422 99.616302 -7.219251 -2.488427 7.460354 -1.548073 6.058546 -0.342815 6.195224 -0.139704 -2.935897 3.676286 -1.630823 0.123823 -3.085935 -5.383401 0.836804 -4.697798 -0.000002 0.000003 0.000001 4.500841 -1.093200 -7.664802 4.252172 3.272020 -14.344840 -27.522046 -12.083916 23.337684 0.000003 0.000003 0.000003 -7.157859 2.462956 12.230291 -10.638492 -4.668468 6.482568 -5.591902 -8.475290 8.097047 0.000002 0.000002 0.000003 -0.367850 -0.137824 0.767647 6.631044 -1.396678 1.622251 -1.482206 -4.296939 -3.375981 -0.000001 -0.000000 0.000000 -4.313684 2.098744 -2.026238 -1.541672 -5.376351 -26.347986 -34.161925 -12.336162 -17.050910 0.000004 -0.000008 -0.000000 
6.869646 100.141106 -7.181765 -3.604123 9.142407 -2.521829 7.295570 -0.092603 6.333117 -1.835064 -4.294463 4.122786 -0.543668 0.615169 -3.238881 -5.746540 1.446435 -5.136265 -0.000001 0.000004 -0.000001 5.002950 -0.442521 -9.497581 4.349661 0.760300 -17.249462 -31.019048 -13.971879 31.946994 0.000002 0.000000 0.000004 -9.247187 2.007682 14.682371 -12.745607 -5.633515 7.378866 -6.652827 -11.849454 12.064108 0.000004 0.000003 0.000001 0.427520 -0.296726 2.434105 4.992637 -1.724122 1.583993 -0.090231 -5.367167 -3.323095 0.000000 -0.000000 0.000000 -2.541724 1.341792 2.003675 1.625965 -5.703660 -34.705438 -36.331907 -13.295083 -15.706163 0.000002 -0.000003 -0.000000 
6.657126 100.670235 -7.130713 -3.581412 11.399382 -3.514527 7.282017 -0.121661 6.260126 -1.448451 -4.655728 4.788387 -1.178332 0.109660 -3.422102 -6.896381 1.562928 -5.939917 0.000003 -0.000001 -0.000001 5.995870 -0.574567 -10.758162 4.929290 -2.630231 -21.004549 -34.878224 -17.449764 41.453426 0.000003 -0.000002 0.000003 -11.027024 1.413834 17.447899 -15.096579 -6.944447 9.852643 -8.073336 -15.235982 13.989330 0.000003 0.000003 -0.000002 -0.136824 -0.497495 4.184253 3.826783 -1.923173 1.274144 1.567247 -7.407761 -3.393620 -0.000001 0.000003 -0.000000 -0.772924 0.716756 6.938543 5.342693 -6.696157 -43.611738 -36.155722 -13.544827 -13.458120 0.000002 -0.000002 -0.000003 
6.439371 101.164268 -7.069525 -3.674375 12.866803 -4.302592 6.934120 -0.160361 6.053363 -0.938926 -4.844581 5.347588 -1.477079 0.149240 -3.417308 -7.767919 1.585410 -6.595735 -0.000001 0.000001 -0.000003 6.412907 -0.635947 -11.551670 4.879381 -4.635239 -24.544824 -37.985482 -20.317955 49.377469 -0.000001 0.000002 0.000001 -12.591935 0.696607 19.110743 -17.161482 -7.373393 11.245334 -9.784308 -18.892483 16.799583 -0.000004 0.000003 0.000001 -0.182544 -0.499539 5.643422 3.797999 -2.034138 1.179470 2.348334 -8.673775 -3.534041 -0.000000 -0.000002 -0.000002 0.169198 0.358197 11.560064 9.626734 -8.146304 -51.601785 -36.449188 -13.897190 -9.801119 -0.000004 -0.000004 0.000001 
6.174372 101.598953 -7.019135 -2.392210 14.812467 -4.858176 4.452246 -0.310953 4.507603 0.307725 -4.704257 6.235484 -1.610371 1.144799 -2.850006 -9.609830 0.953632 -7.419082 -0.000003 0.000001 0.000001 7.542927 -3.299816 -11.847202 5.558451 -8.103949 -28.829627 -40.742010 -24.941969 58.358461 -0.000001 0.000003 0.000003 -13.786998 -0.233743 21.265801 -18.623933 -7.817694 14.929859 -14.749997 -23.882894 14.593816 -0.000005 -0.000001 -0.000001 -1.179808 -0.803457 6.885699 3.745663 -1.759946 0.764263 1.246508 -9.966865 -4.782728 0.000000 0.000002 -0.000001 -0.123391 0.721224 16.765545 12.417510 -10.517469 -61.090626 -37.558479 -14.529356 -7.597780 0.000003 -0.000003 -0.000004 
5.892111 101.984512 -6.963399 -2.516175 18.001537 -4.830781 2.774784 -0.284216 2.995408 0.966753 -4.886655 7.053559 -1.602934 0.919923 -2.681150 -10.288525 1.319040 -8.345666 -0.000001 -0.000003 -0.000003 8.619671 -4.966946 -12.894251 5.522473 -11.495800 -33.205292 -42.251888 -28.465083 67.191583 0.000001 0.000003 0.000003 -15.108578 -0.202139 23.968592 -20.577895 -7.611855 18.872600 -22.156958 -28.947305 10.481824 0.000002 0.000000 0.000000 0.090886 -0.943665 8.178383 3.345648 -1.525248 0.670299 -0.162461 -12.114091 -6.583245 -0.000001 -0.000000 -0.000001 0.293871 0.826406 21.656575 13.160507 -13.425552 -71.088035 -39.873852 -15.813611 -2.231628 -0.000001 -0.000006 0.000001 
5.608862 102.337837 -6.898407 -2.616212 21.309471 -4.775341 1.547324 -0.337893 2.286899 0.586562 -5.514775 7.594663 -0.716783 0.044515 -3.011845 -10.532756 2.037779 -8.885484 0.000002 0.000005 -0.000001 9.450699 -5.426313 -14.117308 5.207868 -13.740047 -36.146119 -42.642316 -30.421499 74.127230 -0.000001 0.000002 0.000003 -16.521186 -0.833080 25.992036 -22.393808 -8.895349 20.260885 -28.165827 -32.678924 7.329818 0.000002 0.000001 -0.000001 0.639551 -1.022499 9.111693 3.510154 -1.485884 1.070497 -0.956682 -14.246846 -8.028432 -0.000000 0.000000 -0.000002 0.911854 0.812673 25.057041 12.250771 -15.660451 -79.484516 -41.143154 -16.983824 2.731424 -0.000001 -0.000003 -0.000001 
5.302742 102.685860 -6.848127 -2.817651 24.300230 -4.595716 0.667974 -0.199534 1.157977 0.729017 -5.683260 7.958697 -0.472862 0.483410 -2.411608 -11.563754 2.402731 -9.790963 0.000003 -0.000001 -0.000004 10.043645 -6.736334 -15.043779 5.304168 -14.643343 -39.530498 -42.313739 -30.441713 80.043581 -0.000005 0.000000 -0.000002 -18.162165 -0.805317 28.818160 -24.870232 -9.846588 22.703532 -35.273740 -35.367228 3.161578 -0.000002 0.000001 -0.000001 1.156052 -1.266362 10.359915 3.134763 -1.059662 0.567183 -0.695295 -16.441609 -8.674321 0.000000 -0.000000 0.000002 1.703286 0.824650 28.809854 9.670684 -17.624852 -88.722955 -42.918655 -18.745809 9.028171 -0.000002 -0.000003 -0.000001 
4.994177 103.000397 -6.780332 -3.851313 27.532438 -4.231582 2.222543 -0.081990 1.465941 -0.451559 -5.943292 7.269513 -0.600443 0.519400 -1.825119 -12.018856 3.205846 -10.948934 0.000003 0.000002 -0.000003 10.571175 -5.483119 -16.308914 5.194028 -16.274305 -42.557266 -40.306237 -28.960910 85.334573 -0.000002 0.000003 0.000009 -19.818504 -2.114159 30.879275 -27.556354 -12.637718 23.791576 -41.257061 -38.128845 -1.250867 -0.000000 -0.000000 -0.000000 2.730361 -0.920270 11.832955 2.586819 -0.532577 0.623401 -0.410910 -18.619256 -9.244950 0.000000 0.000003 0.000000 2.956593 0.538789 32.062687 6.971023 -19.356234 -97.012223 -43.978389 -20.034062 15.284237 -0.000000 -0.000002 0.000001 
4.705555 103.266510 -6.706786 -4.249748 29.899881 -3.825001 1.316378 -0.006079 0.673944 0.584677 -6.051463 8.114471 -0.970274 0.229778 -2.032555 -12.460744 3.615658 -11.827154 0.000002 -0.000003 -0.000004 11.055131 -6.843942 -16.758690 5.613084 -15.992729 -44.676896 -39.428787 -27.869101 88.726104 0.000000 -0.000003 -0.000000 -20.854970 -2.258486 32.606722 -30.062859 -15.656592 23.674682 -46.054319 -39.704392 -4.467015 0.000000 0.000004 -0.000000 3.646603 -0.665139 12.428714 1.414858 0.040597 0.605007 -0.308169 -21.316261 -10.187643 0.000001 -0.000002 0.000000 3.389054 0.394835 33.574461 5.267683 -20.497989 -102.553091 -44.746355 -20.914181 19.269608 0.000001 -0.000005 -0.000002 
4.422594 103.492714 -6.623044 -5.071069 31.886574 -3.464622 1.558040 -0.001496 0.662980 -1.106789 -6.156891 7.063815 0.446713 0.372040 -0.914016 -12.480546 4.528514 -12.421408 0.000002 -0.000003 -0.000003 11.709671 -6.716925 -17.617068 6.745532 -15.218701 -46.524096 -38.732749 -26.677098 90.719413 -0.000002 -0.000002 0.000002 -21.969515 -2.873633 34.434628 -32.204246 -18.894542 24.014271 -50.676015 -41.357683 -6.920010 -0.000000 0.000005 -0.000001 4.709462 -0.703020 13.002656 0.734549 0.347113 1.025492 -0.401976 -23.432975 -10.947110 0.000001 0.000001 0.000000 4.258627 0.417646 34.677024 5.401749 -21.494291 -104.785026 -45.325398 -21.435565 21.317152 0.000003 -0.000005 -0.000000 
4.129366 103.689445 -6.537559 -5.321996 33.214172 -3.359871 1.116354 0.068944 0.252094 -2.459570 -6.018522 6.012240 1.825160 -0.215795 0.414438 -12.851462 6.012197 -13.351985 0.000004 0.000000 -0.000001 11.570953 -3.826650 -18.803716 8.020234 -14.439761 -48.358839 -38.068510 -25.256204 91.299125 0.000002 -0.000002 0.000006 -22.841462 -2.823760 36.601167 -33.869040 -20.994724 25.746997 -55.493422 -43.020828 -10.207353 0.000000 0.000003 -0.000002 4.934182 -0.755644 13.318890 0.431386 0.597395 1.714766 -0.861908 -24.917439 -11.810820 -0.000001 0.000003 0.000001 5.607303 0.416808 36.313114 3.822739 -21.502552 -106.827102 -46.124913 -21.808429 20.859594 0.000002 -0.000003 -0.000003 
3.845036 103.870934 -6.449949 -6.071828 34.562530 -3.419704 1.134887 0.023352 0.477046 -0.950780 -5.956920 7.110438 0.539802 -0.818697 -0.298547 -13.121733 6.937456 -14.145546 -0.000000 0.000002 -0.000003 11.683755 -1.866186 -19.648798 9.287455 -13.585437 -49.380997 -37.465343 -24.603274 91.580283 0.000001 -0.000003 0.000003 -23.401826 -2.682474 38.289371 -34.802027 -22.650854 27.150914 -56.482389 -44.500100 -10.338052 -0.000000 0.000004 -0.000001 5.335424 -0.743219 13.874220 0.628709 0.711760 2.830679 -1.518638 -26.318833 -12.818417 0.000001 -0.000000 0.000000 7.486028 0.382626 38.127912 1.586434 -21.218480 -108.389180 -46.338028 -21.442271 19.709773 0.000003 -0.000001 -0.000001 
3.547918 104.064072 -6.371100 -6.222478 35.454043 -3.440672 0.942918 0.003913 0.429312 -0.147089 -5.674695 7.515310 -0.287084 -0.949221 -0.433670 -12.916883 7.832163 -14.383487 0.000000 -0.000003 -0.000003 12.042651 -1.642608 -20.174222 10.171553 -13.644481 -50.690095 -37.026278 -24.674712 91.792046 -0.000001 0.000000 0.000001 -24.058771 -3.221816 39.353525 -36.006329 -24.403096 29.065672 -58.384122 -45.800516 -11.352212 -0.000001 0.000003 0.000001 4.460241 -0.931828 13.705769 1.137624 0.823181 3.781549 -0.732437 -27.766037 -12.561647 -0.000001 -0.000002 -0.000001 9.701935 0.428410 40.492899 -2.096783 -20.386414 -111.027546 -46.927375 -21.387552 18.440814 0.000002 -0.000004 0.000003 
3.270453 104.249451 -6.300191 -6.053841 35.240112 -2.980150 -0.213236 0.020958 -0.453380 0.120474 -5.085299 7.159834 -0.183647 -0.493161 0.181418 -12.825380 8.704532 -14.397079 0.000002 0.000003 -0.000003 12.972973 -1.335862 -20.467285 11.675114 -13.542263 -50.997993 -35.209250 -24.388748 92.438640 0.000002 0.000003 0.000007 -23.999902 -3.703201 40.340736 -36.522210 -26.148858 32.340034 -57.908031 -46.603771 -11.841101 0.000003 0.000006 -0.000002 4.202524 -0.968006 13.054412 0.759387 0.867122 4.045100 0.409080 -27.997849 -11.691991 -0.000001 0.000000 -0.000001 12.814284 0.588073 42.871578 -6.686833 -18.857290 -114.567162 -47.471492 -21.474914 18.276650 -0.000000 -0.000002 -0.000003 
3.001318 104.408493 -6.222836 -5.847548 34.321414 -2.745159 -1.879243 0.170880 -1.821886 1.063038 -4.471868 7.320088 -0.132747 0.388417 0.959580 -11.723593 8.954328 -13.561338 0.000002 0.000002 -0.000003 13.330751 0.154095 -21.190127 12.552020 -13.372351 -50.520512 -33.718045 -22.945110 92.589293 0.000002 0.000002 0.000005 -24.342427 -5.179226 40.103008 -36.817018 -27.152171 34.692949 -57.329418 -47.365326 -11.676675 -0.000002 0.000005 -0.000000 4.010048 -1.142123 12.627440 1.169141 1.019572 4.461680 -0.221747 -26.978619 -11.568032 -0.000001 -0.000003 -0.000002 14.734222 0.843864 44.476976 -9.162388 -18.081758 -116.950788 -48.487561 -22.297520 19.199221 0.000003 -0.000005 0.000001 
2.726649 104.563622 -6.143538 -6.159289 34.303385 -2.362218 -2.094003 0.175060 -2.003402 0.093398 -4.203286 6.356294 0.593024 0.976637 1.653415 -11.175937 8.951586 -12.984581 0.000002 0.000002 0.000001 14.367530 -1.228863 -21.514985 13.133364 -13.602864 -50.078182 -32.534377 -23.229222 92.827557 0.000001 0.000002 0.000001 -24.616465 -6.779925 40.091660 -36.984047 -28.043469 37.099696 -56.424234 -48.381532 -11.519382 -0.000002 0.000005 -0.000000 3.843480 -1.114535 12.225840 1.433278 1.199595 5.101421 -0.742511 -27.315596 -11.923553 0.000000 0.000000 -0.000001 16.151231 1.005456 45.768452 -10.897227 -17.631109 -118.708155 -49.309683 -22.733784 19.667116 -0.000000 -0.000005 0.000001 
2.451184 104.705162 -6.071812 -6.162041 34.398199 -1.668885 -2.385217 0.202852 -2.428164 -0.676887 -3.791266 5.498540 1.176757 1.228355 2.226675 -10.939201 9.366788 -12.523280 0.000002 0.000000 -0.000001 15.176798 -1.066602 -21.540760 13.897655 -14.893236 -49.711305 -30.325948 -23.594755 93.295787 0.000000 0.000002 0.000003 -24.078560 -6.777200 41.023294 -36.479494 -28.394686 40.629718 -55.665383 -49.237936 -12.322901 0.000002 0.000003 0.000003 3.707912 -1.141026 11.535690 1.274920 1.505594 5.539421 -1.036021 -28.200007 -12.382216 -0.000000 0.000000 -0.000001 17.986497 1.231585 46.852338 -14.057945 -16.224421 -120.687476 -48.852590 -22.424631 19.749806 -0.000000 -0.000005 -0.000002 
2.188116 104.833588 -5.997279 -6.237929 34.844494 -1.258208 -2.682192 0.214248 -2.630449 -1.146595 -3.624527 5.060286 1.579483 1.303130 2.404800 -10.656590 9.430846 -12.104752 -0.000000 0.000001 -0.000003 15.472072 -1.060879 -21.595024 14.381778 -15.239901 -49.673070 -29.413212 -23.583270 93.341229 0.000001 -0.000002 0.000003 -23.995317 -7.446320 40.861883 -36.561600 -29.140947 42.322823 -54.757012 -50.088352 -11.753788 -0.000000 0.000001 0.000003 3.842047 -1.155849 11.343323 0.461360 1.763037 5.452903 0.169216 -29.201699 -11.802472 0.000001 0.000002 -0.000001 19.473260 1.493144 47.813421 -16.487730 -14.770569 -121.886788 -47.943400 -21.896144 19.243563 0.000003 -0.000007 -0.000000 
1.913454 104.943230 -5.932133 -6.643750 35.272087 -0.729303 -2.508900 0.310344 -2.901270 -1.472411 -3.376091 4.625140 1.898554 1.097944 2.811665 -10.563572 9.786199 -12.082068 0.000000 0.000003 -0.000001 15.749702 -0.705704 -21.594750 14.837939 -15.789850 -49.344480 -28.664552 -24.774635 92.297343 0.000002 0.000002 0.000003 -23.642034 -7.178966 41.803217 -36.075823 -28.969872 44.374390 -52.697273 -51.249740 -10.383550 -0.000001 0.000004 0.000002 3.625205 -1.160029 11.116380 0.802306 1.893914 5.805625 0.584637 -29.940571 -11.795461 0.000001 0.000002 -0.000001 20.585183 1.714574 48.814884 -18.208352 -13.729537 -122.921822 -47.281469 -21.293786 17.974961 0.000001 0.000000 -0.000001 
1.621120 105.040710 -5.878120 -6.562351 35.447275 -0.408732 -2.878594 0.391803 -3.340436 -0.026537 -2.982255 5.170658 0.785343 1.438737 2.595346 -10.940653 9.808185 -12.439914 0.000000 -0.000003 -0.000003 15.958244 -0.556749 -21.883412 15.121562 -15.479949 -48.860233 -27.990836 -24.441829 92.103448 -0.000002 0.000003 0.000001 -23.747483 -6.790872 42.717629 -35.790321 -28.332091 45.531455 -52.311066 -52.789033 -9.308889 0.000006 -0.000001 0.000001 2.859227 -1.261906 10.770050 1.251007 1.964244 6.007065 0.180482 -30.232586 -12.173393 -0.000000 0.000002 0.000000 21.166430 1.907892 49.598033 -19.725713 -12.949673 -123.838187 -47.526263 -21.111920 17.189445 0.000002 -0.000005 -0.000002 
1.342410 105.122032 -5.829310 -6.488871 35.724116 -0.149378 -3.699801 0.472554 -3.881363 2.058874 -2.781675 6.438365 -0.597475 1.614600 1.735491 -11.270386 10.001471 -12.771161 0.000002 0.000005 -0.000001 16.016852 -0.831697 -21.954876 15.189692 -15.316831 -48.629373 -27.773772 -24.402405 91.494824 -0.000001 0.000000 0.000003 -23.786950 -6.594138 42.922917 -35.686297 -27.831943 45.892676 -51.115497 -54.393714 -7.302078 -0.000001 0.000001 -0.000000 2.459540 -1.278931 10.390034 1.201016 2.067877 6.367143 0.371419 -30.864542 -12.238338 -0.000000 0.000004 -0.000001 21.648370 1.953589 49.913824 -20.981872 -12.305445 -124.245212 -47.460785 -20.988043 17.155181 0.000003 -0.000000 0.000001 
1.047077 105.190605 -5.779840 -6.473402 36.013658 0.010514 -3.189303 0.429882 -3.486047 0.367328 -2.662617 5.007438 0.485810 1.767353 2.669973 -11.202624 10.054276 -12.998194 0.000004 0.000001 -0.000003 15.948476 -0.658294 -22.082345 15.379341 -14.625197 -48.387075 -27.374589 -24.032982 91.003781 0.000002 0.000002 -0.000000 -23.690460 -6.219831 43.035639 -35.540336 -27.225359 46.072542 -49.150178 -56.253585 -4.757585 0.000004 -0.000001 -0.000000 2.176673 -1.159283 10.466999 1.023473 2.282753 6.419871 0.463277 -31.497322 -12.373181 -0.000001 -0.000002 0.000001 22.162460 1.967815 50.513077 -22.141397 -11.841333 -124.686210 -47.528442 -20.820659 17.225018 -0.000000 -0.000002 -0.000003 
0.744966 105.242538 -5.740791 -6.103328 35.744603 0.122256 -3.144129 0.426816 -3.470084 0.228113 -2.458304 4.576800 0.408793 2.114292 3.019170 -11.077280 10.337268 -13.391572 0.000002 -0.000003 -0.000004 15.969455 -0.470502 -22.001212 15.594888 -14.579011 -48.462521 -26.837762 -24.411938 90.782653 0.000000 0.000000 0.000003 -23.159303 -5.465437 42.966627 -35.305029 -26.917248 46.295104 -45.950873 -58.042838 -1.343999 -0.000001 0.000001 -0.000001 1.205627 -1.037421 9.740550 1.511133 2.191528 7.176522 0.379958 -31.574639 -12.514687 -0.000000 0.000002 -0.000001 22.332458 1.906151 50.719564 -22.987323 -11.459707 -125.064315 -47.686451 -20.899974 18.094047 0.000001 0.000000 -0.000003 
0.464051 105.291092 -5.701857 -5.998538 35.513309 0.256538 -2.955239 0.401303 -3.344044 -0.415592 -2.444929 4.090946 0.959947 2.312721 3.414987 -11.159220 10.598920 -13.608068 0.000001 -0.000003 -0.000003 16.053014 -0.463149 -21.951263 15.662720 -14.902631 -48.675244 -26.702116 -24.755500 90.785454 0.000000 0.000000 0.000001 -22.819131 -5.161926 42.613752 -35.022242 -26.613648 46.632755 -43.890317 -59.235246 1.197879 -0.000000 0.000000 0.000001 0.718851 -1.059064 9.248343 2.369246 1.945332 7.944833 0.212636 -31.039655 -12.437107 -0.000001 0.000002 -0.000001 22.499350 1.916020 50.747138 -23.177718 -11.425328 -125.037609 -47.504731 -20.757671 18.386354 -0.000000 -0.000003 -0.000001 
0.178236 105.330414 -5.669618 -6.355449 35.605776 0.513746 -2.826406 0.391049 -3.282971 0.875096 -2.288181 4.797540 -0.035586 2.617879 2.930197 -11.127369 10.594085 -13.704505 0.000002 -0.000003 -0.000003 16.068365 -0.352601 -22.075615 15.942604 -14.243824 -48.416448 -26.583878 -24.871594 90.274651 0.000001 0.000003 0.000002 -22.671503 -5.050324 42.426850 -35.025965 -26.607039 46.476292 -41.959344 -59.960523 3.331801 -0.000001 0.000002 0.000000 -0.223040 -1.089588 8.214381 3.532487 1.795931 9.250003 0.370334 -30.768387 -12.151730 -0.000001 0.000003 0.000001 22.924816 1.977503 50.971984 -23.499631 -11.391374 -125.090038 -47.642267 -20.840509 18.649213 0.000001 -0.000002 0.000001 
-0.103368 105.362000 -5.635206 -6.207246 35.598611 0.689659 -3.770089 0.432955 -3.833252 2.309324 -2.140616 5.635193 -0.883463 2.827879 2.477559 -10.884040 10.772216 -13.796116 0.000000 0.000003 -0.000003 16.119364 1.302615 -22.528645 15.766450 -14.065680 -47.939199 -26.355846 -23.749498 90.033286 0.000002 0.000002 0.000005 -22.581753 -5.071260 42.235629 -34.897738 -26.444775 46.487480 -41.553713 -60.479071 4.264741 0.000004 -0.000001 -0.000000 -1.720408 -1.101235 6.897739 5.381219 1.410593 10.588271 0.345019 -28.998005 -11.418546 -0.000001 0.000002 0.000000 23.367180 2.033706 51.292334 -24.288911 -10.988951 -125.274549 -47.702591 -20.786871 19.321946 0.000002 -0.000000 0.000001 
-0.369360 105.384895 -5.595992 -6.332389 35.644896 0.820415 -3.705755 0.384409 -3.691608 1.671748 -2.099534 5.066390 -0.418558 2.655849 2.771485 -10.549435 10.799181 -13.741854 0.000002 -0.000001 -0.000004 16.189184 2.306273 -22.852111 15.779578 -13.861934 -47.722378 -26.260691 -23.740797 90.017221 0.000003 0.000003 0.000001 -22.498971 -4.844141 42.396401 -34.830099 -26.426154 46.415387 -41.526625 -60.852710 4.429372 -0.000004 0.000004 0.000001 -2.042532 -1.034382 6.455015 6.345815 1.171348 11.286605 0.230908 -27.378368 -10.845895 0.000000 0.000002 -0.000001 24.105578 2.114989 51.760140 -25.470901 -10.186363 -125.605676 -47.106906 -20.359300 19.472943 -0.000000 -0.000000 0.000002 
-0.625353 105.408905 -5.555065 -6.280440 35.955540 0.955381 -4.048706 0.355607 -3.770908 2.921134 -2.027316 5.844256 -1.401954 2.845181 2.186352 -10.122958 10.688354 -13.501571 0.000002 0.000003 -0.000001 16.282194 2.538401 -22.887523 15.656984 -13.776392 -47.533376 -26.052292 -22.759030 90.006464 -0.000001 -0.000002 0.000003 -22.586290 -5.299406 42.202089 -34.725727 -26.297072 46.251118 -42.585372 -61.220297 3.714287 -0.000003 0.000001 0.000002 -2.599711 -0.944839 5.787190 7.354182 0.975007 11.615520 0.590788 -24.577404 -9.473815 -0.000001 0.000005 -0.000000 24.687343 2.179688 52.178831 -26.167044 -9.645585 -125.613326 -47.318215 -20.269416 18.965678 0.000003 -0.000002 -0.000001 
-0.862649 105.441017 -5.517680 -6.600221 35.917359 1.159811 -3.747088 0.340637 -3.584272 2.110168 -1.933514 5.084315 -0.819688 2.855824 2.849251 -9.943059 10.791972 -13.706212 0.000000 0.000003 -0.000001 16.121770 2.811896 -22.918766 15.468934 -13.840663 -47.571588 -26.148840 -22.834716 89.315208 0.000001 0.000003 -0.000000 -22.659468 -5.194488 42.207448 -34.928054 -26.377830 46.000788 -42.424374 -61.061365 3.686012 0.000001 0.000001 -0.000000 -3.307339 -0.896548 4.895103 9.572351 0.942292 12.393780 -0.064339 -21.085837 -8.402515 -0.000002 0.000004 -0.000001 24.861571 2.170934 52.222400 -26.283273 -9.730036 -125.510627 -47.668276 -20.235163 18.529151 0.000001 -0.000005 -0.000000 
-1.077933 105.465157 -5.471121 -7.184919 36.033838 1.119814 -2.823540 0.170676 -2.640475 0.493629 -1.896437 3.894491 0.111960 2.944114 3.514750 -9.556446 10.665036 -13.456244 0.000002 0.000000 -0.000001 16.221914 2.138728 -22.874828 15.392139 -13.863942 -47.552306 -26.268141 -22.911586 89.275558 0.000000 0.000000 0.000003 -22.725747 -5.326335 42.135119 -34.981524 -26.496787 45.784469 -42.481615 -61.029496 3.732825 0.000006 -0.000000 -0.000000 -3.448127 -0.901988 4.632162 11.574848 0.880624 13.232951 -0.721071 -18.315743 -7.634351 0.000000 0.000000 0.000000 25.108600 2.263567 52.502288 -26.236672 -9.792678 -125.326472 -47.644063 -20.074722 18.075148 0.000003 -0.000005 -0.000000 
-1.277035 105.490227 -5.419787 -7.383934 36.134139 1.276161 -2.839824 0.113236 -2.481641 0.144514 -1.799776 3.571747 0.424463 2.968227 3.660508 -9.299242 10.660166 -13.188024 0.000000 -0.000003 -0.000003 16.385337 1.912898 -22.798797 15.485139 -13.849188 -47.307188 -26.223393 -23.046667 89.177450 0.000001 0.000003 0.000001 -22.540804 -5.252949 42.006558 -34.918980 -26.738092 45.956634 -41.606176 -60.819952 4.533648 0.000004 0.000002 -0.000003 -3.635375 -0.911856 4.163143 13.158901 0.912999 13.406931 -0.532683 -15.388643 -6.125135 -0.000000 0.000000 0.000000 25.129036 2.287860 52.502452 -26.023092 -9.973725 -125.226205 -47.816221 -20.166969 18.179592 0.000001 -0.000004 0.000001 
-1.442819 105.503746 -5.365005 -7.360127 36.176585 1.413628 -4.097916 0.146398 -3.112430 2.112079 -1.849006 5.062556 -0.505916 2.674638 2.620092 -9.183207 11.106757 -13.270224 0.000001 -0.000002 -0.000001 16.456726 2.184488 -22.718860 15.335030 -14.789813 -47.388180 -25.804088 -22.848195 89.666662 0.000001 0.000002 0.000001 -22.370106 -5.375782 41.664256 -34.535007 -26.442601 46.436482 -41.765340 -61.280205 4.787978 -0.000000 0.000001 -0.000001 -3.497836 -0.958666 3.742031 12.789691 0.954468 12.458813 -0.145175 -12.904685 -4.721059 -0.000001 0.000003 0.000001 25.350416 2.368902 52.444866 -26.263220 -9.688962 -125.232406 -48.510718 -20.578936 17.982471 0.000001 -0.000006 -0.000000 
-1.586411 105.518097 -5.312073 -7.725376 36.266112 1.602856 -4.404839 0.102749 -3.148669 3.411939 -1.891960 6.107381 -1.329973 2.524273 1.658038 -9.144380 11.396239 -13.238447 0.000001 0.000003 -0.000001 16.503749 2.242177 -22.726370 15.245377 -15.541665 -47.336452 -25.530101 -22.844328 89.857846 0.000002 0.000000 0.000006 -22.108083 -4.800966 41.881228 -34.280576 -26.445710 46.791679 -41.039748 -61.077054 5.262440 0.000002 0.000001 -0.000001 -2.372431 -0.983146 4.124977 11.388073 1.082321 11.335453 0.070153 -11.789664 -4.068558 -0.000001 0.000002 -0.000001 25.378413 2.388789 52.186894 -25.944713 -9.796615 -125.094696 -48.508379 -20.731952 18.078006 -0.000000 -0.000005 -0.000002 
-1.702138 105.521820 -5.253057 -7.947500 36.114786 1.763637 -3.852617 0.050223 -2.721870 1.828698 -2.001304 5.078384 -0.198008 2.373213 2.211558 -9.210494 11.565603 -13.150329 0.000002 0.000003 -0.000001 16.339298 1.993615 -22.996668 14.819132 -16.037327 -47.412352 -25.814107 -22.508677 89.698231 0.000002 0.000005 0.000002 -22.251687 -4.532464 41.901588 -34.519622 -26.662531 46.423054 -40.873833 -61.065552 5.718993 0.000005 0.000001 -0.000001 -0.466181 -0.953435 5.098871 9.037795 1.431179 9.884231 -0.463519 -11.488203 -4.248851 -0.000002 0.000000 -0.000001 25.350927 2.317366 51.793280 -25.687988 -9.904722 -124.966808 -47.984719 -20.686118 18.285784 0.000003 -0.000006 -0.000000 
-1.799484 105.524063 -5.201674 -7.731817 36.338809 1.762609 -3.751956 -0.034055 -2.470985 1.146514 -2.091679 4.817881 0.295579 2.238594 2.192729 -9.636133 11.731829 -13.012500 0.000000 0.000003 -0.000001 16.587376 1.356442 -22.837494 14.729557 -16.814273 -47.363264 -25.777201 -22.481289 89.915513 0.000001 0.000003 0.000003 -22.146019 -4.960873 41.820992 -34.008403 -26.426145 46.988245 -40.836967 -60.746350 5.341053 0.000002 0.000000 0.000001 1.443390 -0.894205 6.184456 6.091952 1.719006 8.276444 -0.257308 -11.610596 -4.109338 -0.000000 0.000000 -0.000001 24.946071 2.235771 51.438261 -25.448460 -9.943240 -124.832854 -47.824103 -20.645625 17.867447 0.000001 -0.000003 -0.000002 
-1.879575 105.519485 -5.152168 -7.312738 36.503581 1.645829 -4.003843 -0.071206 -2.450022 0.589759 -2.207124 4.634613 0.693924 2.198723 2.132633 -9.921349 11.573911 -12.847175 0.000000 0.000003 -0.000003 16.738371 1.121772 -22.715981 14.612389 -17.589354 -47.323744 -25.450765 -22.489468 90.063031 0.000002 0.000003 0.000001 -22.020742 -5.499256 41.508473 -33.647414 -26.166643 47.535671 -41.784625 -61.068346 4.162766 0.000002 0.000001 0.000001 2.591718 -0.834413 6.912616 3.862712 1.990969 7.066910 0.000793 -11.662697 -3.936150 -0.000002 0.000005 -0.000001 24.617074 2.221186 51.273639 -25.615047 -9.738860 -124.904352 -47.469490 -20.459338 17.805180 -0.000000 0.000000 -0.000000 
-1.933578 105.509102 -5.104096 -6.654207 36.625277 1.684253 -5.198194 0.054362 -3.308411 1.498458 -2.326222 5.454925 0.405006 1.899817 1.616119 -10.058808 11.688254 -12.995124 0.000002 0.000000 -0.000001 16.861698 0.551090 -22.711648 14.222260 -18.434197 -47.372963 -25.404761 -22.392840 90.024031 -0.000002 -0.000005 0.000002 -22.002625 -5.482109 41.548983 -33.629058 -26.257988 47.578394 -41.893256 -60.970585 3.934843 0.000000 -0.000001 -0.000000 3.570134 -0.765311 7.253345 1.585980 2.410490 5.812321 0.027714 -11.951933 -4.056205 -0.000001 0.000000 0.000000 24.057393 2.102042 50.672989 -25.421807 -9.871936 -124.914789 -47.595466 -20.585733 17.903748 -0.000000 -0.000002 0.000001 
-1.973520 105.501144 -5.063608 -6.235092 36.756489 1.692265 -5.810292 0.174931 -3.939918 1.718063 -2.435589 5.802923 0.431667 1.820858 1.451200 -10.514066 11.598066 -13.126604 -0.000000 0.000003 -0.000001 17.033916 0.067964 -22.647842 14.192283 -18.875212 -47.320404 -25.479204 -23.093088 89.634246 0.000001 0.000005 0.000006 -22.050812 -5.662456 41.656975 -33.566780 -26.328223 47.643896 -41.783180 -60.764436 3.952406 -0.000002 -0.000001 0.000001 4.484305 -0.783167 7.758284 -0.339850 2.738374 4.592320 0.279060 -11.962303 -3.911801 -0.000000 -0.000000 0.000001 23.802215 2.105407 50.388751 -25.998383 -9.383140 -125.221000 -47.334526 -20.505119 17.765576 0.000002 -0.000002 -0.000001 
-2.002867 105.490242 -5.023619 -6.208228 36.905339 1.687884 -6.063867 0.218722 -4.117783 1.997176 -2.576902 6.188626 0.318140 1.438356 1.024956 -10.219621 11.568091 -12.955437 -0.000000 0.000003 -0.000001 16.892168 -0.021243 -22.592582 14.189999 -18.743137 -47.520181 -25.661936 -23.088510 89.514752 0.000001 0.000000 0.000006 -22.080513 -5.491633 41.730782 -33.790742 -26.544482 47.524521 -41.839256 -60.758952 4.099703 0.000006 0.000003 -0.000002 5.334502 -0.718909 8.361392 -1.751883 3.158290 3.607194 0.242889 -12.190192 -4.010946 -0.000001 0.000000 -0.000002 23.870138 2.080191 50.308882 -26.418931 -9.116802 -125.322565 -47.186119 -20.496711 17.901540 0.000003 -0.000005 -0.000000 
-2.019814 105.473099 -4.988495 -6.114210 36.858573 1.534231 -6.111629 0.240456 -4.251572 2.621146 -2.634860 6.726157 -0.237145 1.279641 0.566524 -10.547277 11.569100 -13.124498 0.000002 -0.000001 -0.000004 16.850893 0.002204 -22.426151 14.275404 -19.002488 -47.625628 -25.498423 -23.556728 89.287750 0.000002 0.000000 0.000005 -21.999916 -5.617142 41.584261 -33.700222 -26.338365 48.035819 -41.664950 -60.831994 4.004536 0.000002 0.000003 0.000000 5.742873 -0.677041 8.866029 -2.375041 3.418600 2.978567 0.113377 -12.348471 -4.170666 -0.000001 -0.000002 -0.000001 23.976983 2.115644 50.421454 -26.664731 -8.978695 -125.528058 -46.943699 -20.451579 18.264564 0.000002 -0.000007 0.000001 
-2.017676 105.446945 -4.952065 -5.616515 36.926011 1.389924 -6.654274 0.331473 -4.655455 3.533788 -2.689999 7.467395 -0.872625 1.194312 0.084261 -10.711146 11.642681 -13.317147 -0.000000 0.000005 -0.000001 16.719605 0.596355 -22.544035 14.243253 -18.879299 -47.791226 -25.592318 -23.468170 88.957654 0.000003 0.000002 0.000005 -21.944203 -5.166200 41.894188 -33.770252 -26.233341 47.972325 -42.446409 -61.117175 3.409715 0.000000 0.000001 0.000000 6.069508 -0.592190 9.165635 -3.120401 3.643779 2.492086 0.267108 -12.443195 -4.152098 -0.000002 0.000002 -0.000001 23.998479 2.086272 50.452801 -27.133801 -8.623719 -125.680986 -46.624302 -20.357433 18.639764 0.000003 -0.000003 -0.000001 
-2.013252 105.424545 -4.917387 -5.300641 37.106785 1.378894 -6.719597 0.356113 -4.717541 3.410959 -2.766688 7.462896 -0.612641 1.096007 0.141713 -10.945479 11.595806 -13.384799 0.000002 0.000000 -0.000001 16.712559 0.691963 -22.681549 14.091438 -18.836813 -48.000869 -25.998398 -23.657706 88.783867 0.000002 0.000000 0.000003 -22.057471 -5.204156 41.902466 -33.948164 -26.249216 47.710077 -41.561974 -60.968283 4.554003 0.000001 -0.000001 0.000001 5.985803 -0.587391 9.067488 -3.130328 3.625862 2.580033 0.375252 -12.547989 -4.133411 -0.000000 0.000002 0.000000 23.613689 1.988904 50.207717 -26.845826 -8.818008 -125.604802 -46.935694 -20.519557 18.498835 -0.000002 -0.000003 -0.000002 
-1.998095 105.415543 -4.882260 -5.247420 36.933783 1.248287 -6.812502 0.354064 -4.770290 3.433996 -2.760786 7.516628 -0.611250 1.200910 0.125429 -11.180489 11.616229 -13.417522 0.000002 0.000003 -0.000003 16.914730 -0.453922 -22.226271 14.249072 -19.131556 -48.335480 -26.066307 -24.314804 89.317578 0.000000 -0.000003 0.000003 -21.863840 -5.344373 41.712197 -33.901688 -26.601451 47.991966 -41.878950 -60.909735 4.170684 0.000000 -0.000000 -0.000000 5.940651 -0.640926 9.113391 -3.238063 3.565201 2.198416 0.436651 -12.008234 -3.865966 -0.000002 0.000003 -0.000001 23.700219 2.070148 50.240536 -27.069720 -8.447152 -125.804926 -46.586251 -20.299017 18.325321 0.000001 -0.000002 -0.000001 
-1.972377 105.409576 -4.838831 -5.484508 36.878022 1.135633 -6.276819 0.267704 -4.306058 2.972430 -2.707220 7.085680 -0.494439 1.348969 0.403020 -11.391855 11.457974 -13.477122 0.000002 -0.000003 -0.000003 16.779102 -1.213876 -21.930467 14.260755 -18.999066 -48.768322 -26.191732 -24.331009 89.191513 0.000001 0.000007 0.000006 -21.944957 -5.405756 41.556408 -34.282656 -27.069539 47.639381 -41.761583 -60.815683 4.331192 0.000002 0.000001 -0.000003 5.982769 -0.619130 9.160569 -2.994031 3.563772 2.315706 0.215933 -11.774171 -3.896288 -0.000001 0.000003 0.000000 23.673717 2.054641 50.337610 -26.829161 -8.628132 -125.858093 -46.616669 -20.366193 18.351354 0.000001 -0.000001 0.000000 
-1.947933 105.411980 -4.799781 -5.203615 36.872377 1.169223 -6.353180 0.311708 -4.436470 3.042679 -2.673738 7.105738 -0.649384 1.464392 0.399944 -11.551132 11.450703 -13.566615 0.000000 -0.000003 -0.000003 16.853109 -1.368324 -22.058548 13.913961 -19.560255 -48.779620 -25.943715 -23.786175 89.414785 -0.000002 -0.000002 0.000006 -22.081231 -5.588067 41.571922 -34.351781 -26.999157 47.594701 -42.985253 -60.871561 3.130779 0.000004 0.000002 -0.000000 5.689989 -0.657331 8.894500 -2.972861 3.671568 2.255474 0.071446 -11.775715 -3.936419 -0.000001 -0.000000 0.000000 23.383778 1.976494 50.074166 -26.815239 -8.733363 -125.901478 -46.819031 -20.466025 18.463410 0.000001 -0.000003 -0.000001 
-1.916815 105.416229 -4.766397 -5.036820 37.151328 1.060916 -6.748490 0.298277 -4.511041 3.423208 -2.749665 7.497498 -0.716175 1.286120 0.113291 -11.805190 11.532777 -13.700445 0.000000 0.000000 -0.000001 16.756028 -1.161513 -22.048259 13.844473 -19.764978 -48.837881 -25.848407 -23.464336 89.346989 0.000001 0.000005 0.000006 -22.033731 -5.524587 41.539708 -34.368255 -26.959014 47.729779 -42.761349 -60.617301 3.160457 0.000006 0.000001 -0.000001 5.200953 -0.730020 8.617113 -2.522943 3.539573 2.711184 -0.082249 -11.976966 -4.122852 -0.000001 0.000002 0.000000 23.008904 1.932006 49.910255 -26.577342 -8.879549 -125.823655 -46.702074 -20.399931 18.171604 0.000004 -0.000003 -0.000003 
-1.883780 105.417976 -4.729062 -5.097193 37.459524 1.015020 -6.944413 0.325126 -4.640923 3.821491 -2.846032 7.945581 -0.947883 1.184248 -0.188652 -12.017961 11.529372 -13.748524 0.000001 0.000002 -0.000004 16.896858 -1.775114 -22.000844 13.909655 -19.752062 -48.750868 -25.681329 -23.338944 89.757811 0.000002 0.000000 0.000006 -22.140552 -5.590387 41.800020 -34.406122 -27.249050 47.552511 -43.389081 -60.090911 2.184921 0.000006 0.000001 0.000002 5.163499 -0.777853 8.629272 -2.297790 3.412615 2.971249 -0.372226 -12.321248 -4.508656 -0.000001 0.000000 0.000000 22.891085 1.980748 49.956014 -26.365961 -8.914429 -125.765803 -46.620064 -20.411506 17.996128 0.000003 -0.000001 0.000000 
-1.851863 105.422577 -4.687353 -5.547481 37.332861 0.999793 -6.319994 0.256975 -4.197351 3.161175 -2.855242 7.441956 -0.680944 1.303926 0.064574 -11.915639 11.387033 -13.605110 -0.000000 -0.000002 -0.000003 16.971973 -2.164011 -22.042035 13.785017 -19.830227 -48.650491 -25.717677 -23.367660 89.755666 0.000000 0.000002 -0.000002 -22.185557 -5.918656 41.491763 -34.555163 -27.386607 47.497747 -43.905163 -60.134850 1.651442 0.000000 0.000003 -0.000003 5.422641 -0.738526 8.801225 -1.934801 3.352397 3.143135 -0.665746 -11.903543 -4.528534 -0.000001 0.000002 0.000000 22.902741 1.996514 50.039745 -25.872601 -9.180180 -125.702364 -46.947626 -20.651509 17.843902 0.000003 -0.000003 -0.000001 
-1.816370 105.421249 -4.650005 -5.413042 37.372691 0.958020 -6.670938 0.288812 -4.446439 4.060457 -2.846848 8.164342 -1.322526 1.281428 -0.465575 -12.166128 11.385423 -13.643267 -0.000003 0.000002 -0.000001 17.132056 -2.392451 -22.067139 13.732374 -19.879819 -48.476469 -26.055567 -23.745689 89.417080 -0.000002 0.000005 0.000004 -22.165511 -5.673170 41.853166 -34.337024 -26.890924 47.761454 -44.878523 -60.010124 0.929650 0.000000 0.000002 -0.000003 5.471379 -0.815934 8.836382 -2.236064 3.379495 2.908122 -0.414612 -11.818220 -4.327258 -0.000001 0.000002 0.000000 22.752801 2.021407 49.914015 -25.937905 -9.017900 -125.682284 -46.851280 -20.635328 17.620315 -0.000000 -0.000001 0.000000 
-1.777400 105.427643 -4.619159 -5.385839 37.265618 0.982201 -5.994199 0.219150 -3.985491 3.061465 -2.861905 7.394880 -0.789650 1.197980 -0.035184 -12.224333 11.405478 -13.703787 0.000002 0.000001 -0.000003 17.062996 -2.262939 -22.128290 13.656098 -19.729799 -48.349587 -26.235518 -23.582208 88.901640 0.000001 0.000002 0.000002 -22.216449 -5.572400 41.898901 -34.408318 -26.773244 47.803329 -44.122629 -59.802432 1.699132 -0.000002 0.000003 0.000000 5.242514 -0.811678 8.482843 -2.106873 3.253626 3.152770 -0.529068 -11.797853 -4.413358 -0.000001 -0.000000 -0.000001 22.565644 1.925008 49.614494 -25.713294 -9.148213 -125.492022 -46.594338 -20.478799 17.556667 0.000003 -0.000003 -0.000003 
-1.745653 105.428085 -4.584777 -5.181836 37.118813 0.903142 -6.038934 0.260476 -4.162062 3.556261 -2.820505 7.771113 -1.194045 1.290183 -0.155221 -12.727024 11.612130 -13.903373 0.000000 0.000001 -0.000003 17.096303 -2.201751 -21.975355 13.645851 -20.156185 -48.393379 -26.075629 -23.677590 89.013525 -0.000002 -0.000003 0.000004 -22.076584 -5.542254 41.979924 -34.147370 -26.655027 48.104128 -43.651551 -59.779257 1.957681 -0.000004 0.000001 -0.000001 5.085461 -0.846263 8.460557 -2.109338 3.230244 3.063155 -0.352252 -11.548246 -4.174950 -0.000001 -0.000002 -0.000001 22.524509 1.952663 49.641559 -25.732816 -9.071971 -125.576265 -46.388691 -20.483013 17.791263 0.000002 0.000000 -0.000002 
-1.708001 105.430534 -4.552955 -4.880362 37.208203 0.944365 -6.396885 0.293385 -4.354701 3.669835 -2.828819 7.881663 -1.048305 1.366991 -0.179703 -12.823966 11.478748 -13.873348 -0.000000 0.000005 0.000001 17.033993 -2.787392 -21.732989 13.517418 -20.423367 -48.475372 -26.016216 -23.560965 88.903040 -0.000002 0.000000 0.000005 -22.033850 -5.620608 41.799132 -34.274989 -26.912127 47.992611 -43.314673 -59.954902 2.396402 -0.000001 0.000004 -0.000000 4.847378 -0.861915 8.172004 -2.147116 3.269167 3.166324 -0.319042 -11.743616 -4.264954 -0.000001 -0.000002 0.000000 22.551078 1.930577 49.483399 -25.951615 -8.889540 -125.498633 -46.326588 -20.482972 17.622223 -0.000001 -0.000002 -0.000001 
-1.673485 105.439117 -4.526266 -4.886927 37.061061 0.972936 -6.202855 0.300793 -4.299777 3.476358 -2.727201 7.591363 -0.884527 1.153662 0.125891 -12.862547 11.672606 -14.112410 0.000002 -0.000003 -0.000004 16.928142 -2.313631 -21.772664 13.421330 -20.408213 -48.348402 -26.211893 -23.646026 88.062838 0.000001 -0.000003 0.000005 -21.937190 -5.154004 42.063003 -34.174619 -26.514607 48.098909 -42.740185 -59.974436 3.072015 0.000000 0.000000 0.000000 4.890827 -0.863807 8.140939 -2.363794 3.338225 2.894410 -0.454967 -11.473227 -4.239955 -0.000001 0.000002 -0.000001 22.575763 1.924766 49.332513 -25.993103 -8.847987 -125.427681 -46.295330 -20.465815 17.842548 -0.000001 -0.000001 -0.000002 
