HIERARCHY
ROOT Hips
{
	OFFSET -1.011428 107.105003 -1.684370
	CHANNELS 6 Xposition Yposition Zposition Xrotation Yrotation Zrotation
	JOINT Chest
	{
		OFFSET -0.473799 13.635208 -0.103801
		CHANNELS 3 Xrotation Yrotation Zrotation
		JOINT Chest2
		{
			OFFSET -2.072818 21.264168 1.614007
			CHANNELS 3 Xrotation Yrotation Zrotation
			JOINT Chest3
			{
				OFFSET -0.697260 14.854004 -1.300929
				CHANNELS 3 Xrotation Yrotation Zrotation
				JOINT Neck
				{
					OFFSET 0.086264 17.280151 -0.068825
					CHANNELS 3 Xrotation Yrotation Zrotation
					JOINT Head
					{
						OFFSET -0.366303 10.404526 1.199745
						CHANNELS 3 Xrotation Yrotation Zrotation
						End Site
						{
							OFFSET -0.362633 10.412750 1.127224
						}
					}
				}
				JOINT LeftCollar
				{
					OFFSET 4.529782 13.245453 2.417344
					CHANNELS 3 Xrotation Yrotation Zrotation
					JOINT LeftUpArm
					{
						OFFSET 15.072078 -3.578873 -8.277902
						CHANNELS 3 Xrotation Yrotation Zrotation
						JOINT LeftLowArm
						{
							OFFSET 29.416832 -15.593811 5.586696
							CHANNELS 3 Xrotation Yrotation Zrotation
							JOINT LeftHand
							{
								OFFSET 25.037472 -4.710648 15.870776
								CHANNELS 3 Xrotation Yrotation Zrotation
								End Site
								{
									OFFSET 5.472092 -1.029526 3.468650
								}
							}
						}
					}
				}
				JOINT RightCollar
				{
					OFFSET -3.848496 13.290619 3.218282
					CHANNELS 3 Xrotation Yrotation Zrotation
					JOINT RightUpArm
					{
						OFFSET -16.752356 -0.664429 -5.235785
						CHANNELS 3 Xrotation Yrotation Zrotation
						JOINT RightLowArm
						{
							OFFSET -31.763144 3.293060 10.954117
							CHANNELS 3 Xrotation Yrotation Zrotation
							JOINT RightHand
							{
								OFFSET -26.763237 2.379333 13.379923
								CHANNELS 3 Xrotation Yrotation Zrotation
								End Site
								{
									OFFSET -5.849373 0.520035 2.924322
								}
							}
						}
					}
				}
			}
		}
	}
	JOINT LeftUpLeg
	{
		OFFSET 10.014528 0.348412 0.083564
		CHANNELS 3 Xrotation Yrotation Zrotation
		JOINT LeftLowLeg
		{
			OFFSET 10.398092 -45.414860 8.565062
			CHANNELS 3 Xrotation Yrotation Zrotation
			JOINT LeftFoot
			{
				OFFSET -1.621155 -41.000042 -17.802729
				CHANNELS 3 Xrotation Yrotation Zrotation
				JOINT LeftToe
				{
					OFFSET 0.303102 -17.616743 15.783485
					CHANNELS 3 Xrotation Yrotation Zrotation
					End Site
					{
						OFFSET 3.611673 -3.821518 23.063189
					}
				}
			}
		}
	}
	JOINT RightUpLeg
	{
		OFFSET -10.014524 -0.348610 -0.083563
		CHANNELS 3 Xrotation Yrotation Zrotation
		JOINT RightLowLeg
		{
			OFFSET -1.603608 -47.308418 -1.831477
			CHANNELS 3 Xrotation Yrotation Zrotation
			JOINT RightFoot
			{
				OFFSET 2.491813 -42.040558 -15.065274
				CHANNELS 3 Xrotation Yrotation Zrotation
				JOINT RightToe
				{
					OFFSET 0.329721 -16.127993 17.301329
					CHANNELS 3 Xrotation Yrotation Zrotation
					End Site
					{
						OFFSET -4.810928 -2.175187 23.058178
					}
				}
			}
		}
	}
}
MOTION
Frames: 222
Frame Time: 0.033333
2.460526 105.778572 -1.111727 7.641473 -1.798500 -4.759014 -5.447230 -0.764979 0.374407 -2.186485 -1.029951 3.733386 4.486748 0.083725 -0.531891 -3.294108 2.313128 0.841945 0.000000 -0.000000 0.000000 6.496285 1.522547 -12.708572 5.553959 -14.746807 -38.096347 22.648277 -5.059360 -4.875027 -0.000005 0.000001 -0.000000 10.256145 -0.758097 25.488159 20.207468 20.071771 51.972733 16.743512 9.919386 -11.766461 0.000002 0.000002 0.000001 9.788015 0.325665 -3.094312 -23.479549 1.761164 10.635305 0.375121 -5.730135 1.891584 -0.000001 -0.000000 0.000002 -2.571422 0.947488 2.340943 -7.111928 -5.284946 -3.136236 6.299412 5.516366 -3.809765 -0.000001 -0.000001 -0.000000 
2.455252 105.773376 -1.110895 8.072340 -1.533975 -4.771322 -5.976410 -0.788338 0.462061 -1.879204 -0.955265 3.684563 4.325438 -0.160037 -0.524145 -3.267169 2.370105 0.822489 -0.000001 0.000000 0.000000 6.470080 1.568479 -12.727007 5.652046 -14.672512 -38.029237 22.763987 -5.089758 -5.222448 -0.000004 -0.000003 -0.000003 10.194857 -0.973174 25.598658 20.333770 19.928428 52.146264 16.573953 10.138645 -12.145750 0.000002 -0.000001 0.000003 9.424118 0.221234 -3.038210 -23.069936 1.756720 10.715563 -0.130486 -6.427966 2.007215 0.000000 0.000001 0.000001 -2.956759 0.997034 2.337257 -7.041181 -5.337354 -2.956754 6.578378 4.714103 -3.601738 0.000000 -0.000002 -0.000002 
2.447500 105.765877 -1.104677 8.102773 -1.573362 -4.676333 -5.823680 -0.759738 0.362864 -2.473489 -0.989109 3.709022 4.824986 -0.095358 -0.542630 -3.015764 2.415676 0.755725 0.000000 0.000000 0.000000 6.335112 1.884406 -12.737861 5.629380 -14.515675 -38.122995 22.707548 -4.932928 -5.510799 0.000003 0.000001 -0.000000 10.060543 -1.258370 25.491260 20.439561 19.477295 52.477638 16.509520 10.302798 -11.714281 0.000003 0.000002 0.000001 9.513857 0.170951 -3.093204 -22.941357 1.729659 10.705456 -0.323697 -6.739967 2.031114 -0.000001 0.000000 0.000001 -2.892781 1.036719 2.264524 -7.016790 -5.270073 -2.930278 6.662708 4.583711 -3.534469 0.000000 -0.000000 -0.000002 
2.433664 105.763687 -1.100183 8.143111 -1.166719 -4.621967 -5.787010 -0.760687 0.302345 -2.117507 -1.066904 3.820435 4.526243 -0.296359 -0.656464 -3.388953 2.282152 0.768852 -0.000001 0.000000 -0.000000 6.409153 1.303354 -12.773794 5.377863 -14.603549 -37.951188 22.357106 -5.147480 -5.234545 -0.000003 -0.000003 -0.000003 10.093339 -0.951541 25.577628 20.227090 19.532558 52.408707 16.272816 10.236166 -12.103897 -0.000002 -0.000000 -0.000001 9.559375 0.248414 -3.075607 -23.283522 1.828810 10.696817 -0.005519 -6.890615 1.938639 -0.000000 0.000001 -0.000000 -2.766802 0.972188 2.251452 -7.068956 -5.408256 -2.914597 6.460632 4.445140 -3.583951 0.000000 -0.000000 -0.000002 
2.412939 105.760895 -1.096976 8.135528 -1.342463 -4.543998 -6.093914 -0.753217 0.331365 -1.641337 -0.994257 3.749193 4.267835 -0.231603 -0.599234 -3.426283 2.362536 0.731441 0.000000 0.000000 -0.000000 6.229036 1.612331 -12.994912 5.458689 -14.294865 -37.720242 22.090852 -5.434777 -5.578264 0.000003 -0.000004 0.000001 9.943184 -1.217922 25.651752 20.283481 18.999863 52.596527 16.156369 10.692236 -12.143830 -0.000002 0.000002 -0.000000 9.547191 0.253110 -3.123677 -23.110215 1.798014 10.692893 -0.409641 -6.971011 2.037264 -0.000000 0.000000 0.000001 -2.972738 0.945330 2.171804 -6.855849 -5.342466 -2.846588 6.378848 4.645738 -3.614287 0.000000 -0.000003 -0.000000 
2.387071 105.756844 -1.095885 8.692062 -1.388616 -4.467274 -6.547406 -0.747493 0.291971 -1.941810 -0.922371 3.609453 4.557016 -0.495795 -0.449636 -3.233217 2.496049 0.562391 0.000000 0.000000 -0.000000 6.214998 1.788023 -12.822068 5.554593 -14.119851 -37.823675 22.177556 -5.414317 -5.878363 0.000003 -0.000003 -0.000001 9.974723 -0.878802 25.399725 20.170877 19.160559 52.629777 16.118738 10.482309 -11.962512 -0.000000 0.000000 0.000002 8.993051 0.191987 -3.066642 -23.084506 1.823589 10.542632 -0.602464 -6.909103 2.079198 -0.000000 0.000000 0.000001 -3.460444 0.956626 2.157281 -6.825925 -5.296422 -2.837949 6.207208 4.803523 -3.660842 0.000001 -0.000002 -0.000002 
2.350572 105.747246 -1.089396 8.367774 -1.340705 -4.482966 -6.179965 -0.753803 0.331442 -1.813363 -0.928856 3.621756 4.366750 -0.204637 -0.487193 -3.462849 2.354477 0.795009 -0.000001 0.000000 -0.000000 6.360884 1.319885 -12.813549 5.475813 -14.359836 -37.729736 22.179038 -5.352440 -5.483774 0.000003 -0.000002 0.000000 9.992866 -1.360210 25.639753 20.168724 19.433889 52.216824 16.279460 10.199785 -11.781823 0.000002 0.000001 -0.000002 9.378756 0.306491 -2.947716 -23.400361 1.770701 10.487266 -0.057696 -6.702022 1.936200 0.000000 0.000001 0.000002 -3.031514 0.923798 2.259477 -6.960114 -5.282111 -2.859681 6.128737 4.888411 -3.683950 0.000000 0.000001 -0.000000 
2.310487 105.739944 -1.085053 8.239734 -1.651085 -4.287169 -5.723573 -0.721219 0.213381 -2.087687 -0.906632 3.585139 4.323158 -0.168440 -0.406541 -3.620122 2.719098 0.572563 -0.000001 0.000000 0.000000 6.249497 1.509450 -12.868054 5.603771 -14.062017 -37.843134 22.182831 -5.051041 -5.616556 -0.000001 -0.000002 0.000002 9.963440 -0.921282 25.486740 20.155198 19.136785 52.226417 16.162574 10.435870 -11.632688 -0.000000 0.000000 0.000001 9.747495 0.276272 -3.131706 -23.598688 1.715485 10.533095 0.216560 -6.497426 1.861623 0.000000 0.000001 0.000001 -2.763345 0.946166 2.051668 -6.999522 -5.246369 -2.742924 5.981306 5.118151 -3.681752 -0.000000 -0.000000 -0.000002 
2.264418 105.741173 -1.087821 8.619446 -1.668456 -4.163329 -6.287117 -0.730948 0.136497 -1.202675 -0.776745 3.441292 3.597398 0.033467 -0.315079 -3.544990 2.583910 0.708141 -0.000001 0.000000 -0.000000 6.211983 1.511249 -12.845970 5.793383 -13.796732 -37.986654 22.009327 -5.013304 -5.313658 0.000005 -0.000001 0.000000 9.851017 -1.299925 25.433840 20.167942 19.049287 52.334661 16.158267 10.351432 -11.289807 -0.000000 0.000002 0.000000 9.236245 0.158398 -3.142207 -23.528240 1.663736 10.459436 -0.103673 -6.473346 1.960507 -0.000001 0.000000 0.000002 -3.086931 0.995127 2.023265 -7.228499 -5.223274 -2.748882 6.297850 4.879549 -3.623922 -0.000001 -0.000001 -0.000000 
2.218493 105.740128 -1.091391 8.493143 -1.855449 -4.046704 -6.796359 -0.758570 0.292033 -0.248797 -0.667390 3.285615 3.239022 -0.177415 -0.277079 -3.766927 2.807995 0.407072 -0.000000 0.000000 -0.000000 6.160264 1.926629 -13.132033 5.752332 -13.698543 -37.951932 21.741667 -4.850273 -5.148754 -0.000001 -0.000002 0.000001 9.877158 -1.130752 25.364561 20.255710 18.811968 52.464493 15.944098 10.265067 -11.296706 -0.000002 0.000000 0.000001 9.273538 0.188412 -3.196159 -23.178766 1.693505 10.370498 0.220897 -6.123200 1.894900 -0.000000 -0.000000 -0.000000 -3.063843 0.969931 1.879391 -7.345196 -5.275387 -2.661570 6.709122 4.464359 -3.600922 -0.000001 -0.000001 -0.000002 
2.161396 105.741592 -1.096161 8.596865 -1.663302 -4.037831 -7.131872 -0.776845 0.390925 1.400879 -0.544417 3.185942 1.950214 -0.162717 -0.237568 -3.505315 2.754059 0.424655 0.000000 0.000000 0.000000 6.143252 1.837730 -13.265324 5.674414 -13.676568 -37.967239 21.619845 -4.572903 -4.969461 -0.000002 -0.000001 -0.000001 9.877616 -0.837686 25.250041 20.330698 18.550169 52.575426 15.743453 10.292322 -11.466927 -0.000001 0.000002 -0.000001 9.348060 0.194904 -3.180606 -23.640395 1.622357 10.505844 0.377308 -6.130985 1.858585 -0.000000 -0.000000 0.000001 -3.156340 0.971247 1.917245 -7.504923 -5.311597 -2.611098 7.155339 4.164855 -3.528712 0.000001 -0.000001 0.000001 
2.101955 105.734680 -1.094250 8.773071 -1.398275 -4.075417 -6.868705 -0.774421 0.405946 0.249890 -0.662161 3.278236 2.831953 -0.081402 -0.322909 -3.586396 2.464745 0.544724 -0.000002 0.000000 0.000000 6.286201 1.793888 -13.117878 5.485007 -13.965457 -38.014330 21.764826 -4.509312 -4.837411 -0.000003 -0.000002 -0.000001 9.874168 -1.404938 25.096033 20.401403 18.674335 52.676079 15.974877 10.242363 -11.522227 0.000003 0.000002 0.000001 9.230180 0.266757 -3.085929 -23.424284 1.620003 10.507722 0.490580 -6.168983 1.822875 -0.000000 -0.000000 0.000001 -3.132145 0.926824 2.057362 -7.634649 -5.411984 -2.756402 7.287177 4.198455 -3.676092 -0.000000 -0.000000 -0.000002 
2.039186 105.732796 -1.096914 8.854020 -1.618587 -3.908273 -6.897868 -0.769408 0.436368 -0.809107 -0.714444 3.296881 3.685752 0.052924 -0.419647 -3.719644 2.484815 0.445713 -0.000001 0.000000 -0.000000 6.376760 1.637475 -13.190507 5.594977 -13.835584 -38.102613 21.788703 -4.250306 -4.562815 -0.000000 0.000001 -0.000003 9.919896 -1.414130 25.164198 20.402485 18.707275 52.457738 15.973690 9.810657 -11.354144 -0.000001 0.000000 0.000001 9.105893 0.248649 -3.291641 -23.588847 1.439612 10.623346 0.361060 -5.977279 1.846275 -0.000000 -0.000000 0.000002 -3.265735 0.921217 1.933630 -7.559837 -5.358945 -2.731013 7.455545 4.365937 -3.774713 0.000001 -0.000003 -0.000001 
1.971366 105.739532 -1.101633 8.900802 -1.680836 -3.741822 -6.934720 -0.767768 0.401086 -1.209812 -0.680283 3.222402 3.878511 -0.140234 -0.344456 -3.678088 2.735524 0.227897 -0.000000 0.000000 -0.000000 6.268060 1.719007 -13.516438 5.665279 -13.603128 -37.938200 21.488209 -4.378704 -4.407958 -0.000001 -0.000001 -0.000002 9.899883 -0.910773 25.328310 20.293472 18.497599 52.120378 15.682213 10.144093 -11.546185 0.000001 0.000001 -0.000001 9.116957 0.229112 -3.379678 -23.613653 1.487414 10.605673 0.272130 -5.688958 1.933592 -0.000000 0.000001 -0.000000 -3.223461 0.902179 1.843807 -7.495966 -5.404170 -2.758058 6.977282 4.670564 -3.852612 -0.000000 -0.000000 -0.000002 
1.903629 105.745285 -1.105892 8.633608 -1.449159 -3.677540 -6.539739 -0.751154 0.341451 -1.507145 -0.665520 3.197953 4.094225 0.100688 -0.283094 -3.684825 2.763315 0.277375 0.000000 0.000000 0.000000 6.216204 1.957658 -13.582132 5.540061 -13.870405 -37.748523 21.595380 -4.557791 -4.592731 0.000001 -0.000002 0.000000 9.801362 -1.709005 25.481182 20.435750 18.280848 52.114627 15.702871 10.392917 -11.775661 -0.000000 0.000000 0.000001 9.239859 0.241212 -3.377612 -23.455522 1.565137 10.596693 0.473552 -5.722550 1.892487 -0.000000 0.000000 -0.000000 -2.939505 0.896725 1.885262 -7.482756 -5.389289 -2.850025 6.860009 4.637089 -3.807842 -0.000000 0.000001 -0.000000 
1.829235 105.741432 -1.100559 8.662270 -1.131410 -3.714726 -6.495255 -0.772324 0.525925 -1.247630 -0.651517 3.187904 3.775273 0.088038 -0.351778 -3.852002 2.692373 0.341118 -0.000000 0.000000 -0.000000 6.249321 1.550174 -13.379997 5.552248 -13.779929 -37.877436 21.402668 -4.758047 -4.467947 -0.000004 -0.000001 -0.000000 9.748199 -2.008116 25.402551 20.621320 17.843688 52.318310 15.704961 10.719529 -12.018252 0.000003 0.000000 0.000000 9.260975 0.249887 -3.289540 -23.399564 1.515485 10.649951 0.576101 -6.015019 1.783779 0.000001 0.000001 0.000000 -2.798196 0.914832 1.996809 -7.741079 -5.343338 -2.857616 7.046900 4.336533 -3.666108 -0.000001 -0.000001 -0.000002 
1.745272 105.744034 -1.100677 8.659341 -1.136534 -3.552058 -6.667878 -0.759204 0.435652 -1.015960 -0.557293 3.092557 3.638992 -0.063883 -0.284822 -4.036912 2.767020 0.318790 -0.000000 0.000000 -0.000000 6.109179 2.029745 -13.470063 5.571424 -13.818328 -37.747280 21.554410 -4.584465 -4.702292 -0.000004 -0.000001 -0.000004 9.743776 -1.928190 25.355057 20.553351 18.029970 52.145834 15.768289 10.377597 -11.759348 -0.000001 0.000003 -0.000001 9.215245 0.198587 -3.373954 -23.362332 1.582223 10.720949 0.449525 -6.235226 1.803155 -0.000000 0.000001 0.000000 -2.804781 0.930204 1.891438 -7.661771 -5.367888 -2.777347 7.149455 4.337842 -3.596041 -0.000000 -0.000000 -0.000002 
1.667586 105.747910 -1.097888 8.539875 -1.107930 -3.473605 -6.639572 -0.757025 0.446971 -0.390823 -0.504013 3.019068 3.142200 -0.034082 -0.248264 -3.827863 2.769369 0.169546 -0.000001 -0.000000 0.000000 6.104831 2.283766 -13.366120 5.691250 -13.420073 -37.838582 21.507999 -4.545405 -5.208802 -0.000001 -0.000004 -0.000001 9.727222 -1.870121 25.258106 20.593546 17.718148 52.201712 15.744076 10.611127 -11.725287 -0.000002 -0.000003 0.000001 9.427038 0.269034 -3.477824 -23.537047 1.513359 10.779995 0.438198 -6.200877 1.808889 -0.000000 0.000001 -0.000000 -2.643159 0.862284 1.869955 -7.696097 -5.425887 -2.813921 7.095499 4.381840 -3.694970 0.000001 -0.000001 -0.000000 
1.583148 105.750809 -1.096373 8.766117 -1.246953 -3.427945 -6.768373 -0.749052 0.431136 -0.962157 -0.540544 3.087841 3.734134 0.027275 -0.282713 -4.330337 2.935204 0.190929 -0.000001 0.000000 0.000000 6.171821 2.036919 -13.249930 5.673013 -13.502773 -37.987671 21.393382 -4.428255 -4.691355 -0.000002 -0.000001 -0.000003 9.844331 -1.430617 25.111286 20.642853 17.924064 52.135001 15.730291 10.433823 -12.040320 0.000001 -0.000000 -0.000000 9.258827 0.261205 -3.432868 -23.998764 1.538602 10.769946 0.679588 -5.873985 1.781456 0.000001 0.000000 0.000001 -2.741008 0.867653 1.872908 -8.105596 -5.490872 -2.758588 7.251714 4.275649 -3.653209 0.000000 -0.000000 -0.000000 
1.491073 105.749207 -1.090720 8.565858 -1.277073 -3.372752 -6.525716 -0.744002 0.433848 -1.506739 -0.621507 3.166203 4.260351 0.000249 -0.415848 -4.469575 2.926291 0.186298 -0.000000 0.000000 -0.000000 6.071023 2.213741 -13.177990 5.747549 -13.416351 -38.080067 21.510093 -4.168157 -4.513494 -0.000003 -0.000004 -0.000002 9.730223 -1.789827 25.058403 20.532088 18.089006 52.203450 15.784914 10.322132 -11.776982 -0.000001 0.000002 0.000001 9.508936 0.310422 -3.422516 -24.102235 1.648611 10.876017 0.780724 -6.020410 1.737286 -0.000000 0.000000 -0.000000 -2.487460 0.845860 1.919648 -8.000056 -5.531574 -2.826289 6.955624 4.652262 -3.725870 -0.000000 -0.000002 -0.000000 
1.405059 105.754730 -1.088029 8.374852 -1.163313 -3.249870 -6.325903 -0.733410 0.328479 -1.697203 -0.616524 3.118193 4.357091 0.029725 -0.379987 -4.108169 2.867246 0.112358 -0.000000 0.000000 0.000000 6.153465 2.027567 -13.338413 5.778186 -13.426632 -38.070528 21.292022 -4.111487 -3.932328 0.000000 -0.000001 -0.000002 9.718125 -1.955468 25.144797 20.604350 18.131919 52.268221 15.738294 10.235425 -11.956121 0.000000 0.000000 0.000001 9.633335 0.328684 -3.494434 -23.975924 1.684016 10.901493 0.771579 -6.251684 1.733418 0.000000 -0.000000 0.000002 -2.467376 0.817830 1.857346 -7.774295 -5.627947 -2.914969 7.216604 4.827796 -3.889099 0.000001 -0.000001 -0.000001 
1.312527 105.759430 -1.087031 8.467223 -0.974398 -3.347283 -6.749126 -0.777663 0.461650 -0.752835 -0.575592 3.138800 3.688164 0.000079 -0.470906 -3.979045 2.742590 0.205745 0.000000 0.000000 0.000000 6.347312 1.549039 -13.383736 5.748967 -13.499466 -38.086190 21.150780 -3.633066 -3.367180 -0.000002 -0.000004 -0.000002 9.740588 -2.270574 25.174351 20.718865 18.157247 52.481066 15.552440 10.520155 -12.467013 -0.000001 0.000002 -0.000001 9.389078 0.343010 -3.263198 -23.648820 1.757393 10.899058 0.831558 -6.447811 1.756020 0.000001 0.000000 0.000002 -2.250509 0.777940 2.017334 -8.138129 -5.855301 -2.904469 7.229117 4.559477 -3.950053 -0.000001 -0.000002 -0.000001 
1.212180 105.765358 -1.086456 8.091378 -0.951687 -3.318503 -6.512036 -0.754946 0.383435 -0.592299 -0.568253 3.117675 3.399006 0.026055 -0.412414 -3.841050 2.735786 0.198392 -0.000001 -0.000000 -0.000000 6.173976 1.826677 -13.507655 5.856989 -13.057734 -38.066557 20.741570 -3.381479 -3.231476 0.000003 -0.000001 0.000000 9.633013 -2.093793 25.235952 20.760698 17.696455 52.962762 15.046424 10.435848 -12.894358 -0.000000 0.000000 -0.000000 9.520252 0.355770 -3.153816 -23.228609 1.729769 10.767654 0.665839 -6.336137 1.810992 -0.000000 -0.000001 0.000001 -1.911860 0.788243 2.142042 -8.224562 -5.751573 -2.956504 7.096120 4.368023 -3.859414 -0.000001 -0.000001 -0.000000 
1.116255 105.768784 -1.083811 7.785527 -1.104171 -3.290485 -6.267216 -0.738259 0.412733 -1.025408 -0.548020 3.043005 3.770206 -0.027012 -0.381015 -4.137432 2.807366 0.182979 -0.000000 -0.000000 -0.000000 6.029343 2.137608 -13.588842 6.161458 -12.612480 -38.020330 20.638045 -3.150220 -3.022588 -0.000000 -0.000003 -0.000003 9.540455 -2.287702 25.327569 20.796193 17.405586 53.203147 14.830229 10.309254 -13.300471 -0.000000 0.000002 -0.000001 9.708071 0.387296 -3.174969 -23.310920 1.683836 10.811192 0.788174 -6.187363 1.761769 -0.000000 -0.000000 0.000002 -1.651990 0.776546 2.186960 -8.269016 -5.680282 -2.956118 7.195376 4.485489 -3.812493 0.000001 -0.000004 -0.000002 
1.013514 105.778282 -1.084932 7.537157 -1.149549 -3.200635 -6.353932 -0.756320 0.413349 -0.406165 -0.500144 3.060700 3.346145 -0.325369 -0.490812 -4.027442 3.006345 0.147194 -0.000000 0.000000 -0.000000 6.017877 2.447496 -14.113823 6.280894 -12.732378 -37.589236 20.300984 -2.463571 -1.857925 -0.000002 0.000001 -0.000000 9.643703 -2.467948 25.616481 21.027308 17.319637 53.395489 14.239893 9.441304 -14.396698 0.000001 -0.000002 0.000001 10.016681 0.358432 -3.187231 -23.569297 1.528441 10.701376 0.610245 -5.841326 1.802209 -0.000000 0.000000 0.000001 -1.466622 0.836205 2.105034 -8.159568 -5.487447 -2.773011 7.035779 4.318247 -3.618747 -0.000000 -0.000000 -0.000002 
0.911224 105.793411 -1.093921 7.461365 -1.193798 -2.958406 -6.616140 -0.742575 0.273028 1.211868 -0.395655 2.962980 2.105259 -0.342622 -0.470031 -3.764037 2.870750 0.093310 -0.000001 0.000000 0.000000 5.862415 2.256058 -14.663308 6.558695 -12.005394 -37.003421 19.447661 -1.671591 -0.962956 -0.000000 -0.000003 -0.000003 9.525544 -2.370045 26.201087 21.202290 16.205708 53.506196 12.978794 8.483914 -15.511798 0.000000 -0.000001 0.000002 9.656089 0.269632 -3.388025 -23.022223 1.445187 10.644800 0.451530 -5.676246 1.792597 -0.000000 -0.000000 0.000002 -2.028818 0.843047 1.883675 -7.339746 -5.299080 -2.624482 6.790360 4.044197 -3.543396 0.000000 -0.000001 0.000001 
0.816387 105.813042 -1.106163 7.203226 -1.325532 -2.702963 -6.390775 -0.708199 0.087687 1.398476 -0.287728 2.755966 1.916868 0.058598 -0.279419 -3.750250 2.648405 0.119978 -0.000001 0.000000 0.000000 5.751531 2.088856 -14.972958 6.859101 -11.371494 -36.595153 18.836574 -1.304448 -0.233092 -0.000006 0.000001 -0.000000 9.346713 -2.693261 26.597978 21.374700 15.347374 53.497672 11.946079 7.555822 -16.499032 -0.000003 0.000001 -0.000001 9.712756 0.227971 -3.584788 -22.591044 1.464923 10.558707 0.576747 -5.385490 1.769610 0.000000 -0.000000 0.000002 -1.915256 0.843382 1.607621 -7.067808 -5.317090 -2.521674 6.666339 4.304621 -3.664014 0.000000 0.000001 -0.000002 
0.721346 105.842239 -1.129182 6.468247 -1.824109 -2.381091 -5.213962 -0.668237 -0.095739 1.100277 -0.215460 2.656065 1.878785 0.301294 -0.219470 -3.876739 2.995299 0.025058 -0.000001 0.000000 -0.000000 5.433506 2.390447 -15.192772 7.262718 -10.324509 -35.817970 17.693016 -0.731514 0.158077 0.000001 0.000001 0.000001 9.036697 -2.615151 26.661240 21.359854 14.098984 53.251088 9.982804 6.445623 -17.363135 -0.000001 -0.000002 -0.000001 9.790714 -0.025872 -3.763781 -21.797415 1.440157 10.286415 -0.049173 -4.659727 1.977682 -0.000001 0.000002 -0.000001 -1.849785 0.971720 1.218919 -6.310469 -4.901948 -2.260658 6.215049 4.080835 -3.232883 -0.000001 0.000001 -0.000000 
0.621269 105.886826 -1.172305 6.466581 -1.723091 -2.222675 -5.467728 -0.652280 -0.132622 1.896586 -0.162346 2.568081 1.374896 0.165835 -0.175351 -4.242946 2.964955 -0.086895 -0.000001 0.000000 0.000000 5.159113 2.265704 -15.254256 7.336024 -9.308058 -34.241531 16.264914 -0.259802 0.004455 -0.000002 -0.000004 0.000001 8.572529 -2.761706 26.507199 21.448488 12.049919 52.544451 7.797154 5.052556 -17.822462 -0.000002 0.000000 0.000001 8.848169 -0.247069 -3.611121 -20.787279 1.249959 9.871497 -0.388130 -4.180337 2.045853 -0.000001 0.000000 0.000001 -2.649036 1.061807 1.088486 -5.760848 -4.538070 -2.055848 6.270310 3.347707 -2.956503 -0.000000 -0.000000 -0.000002 
0.524736 105.934158 -1.213517 6.095024 -1.634832 -1.998880 -4.991592 -0.616559 -0.238623 1.849358 -0.045079 2.382600 1.309740 0.147856 -0.062215 -4.094326 2.885777 -0.014874 -0.000001 0.000000 0.000000 4.862564 2.186313 -15.264961 7.361189 -8.482623 -32.833197 15.033989 -0.241643 -0.207049 -0.000003 -0.000003 -0.000003 8.114388 -3.494962 26.474324 21.360498 10.395977 51.553926 6.263859 4.335830 -17.911264 -0.000002 0.000001 -0.000002 9.066714 -0.385731 -3.671549 -20.724604 1.145607 9.591026 -0.629150 -3.858615 2.108561 -0.000001 0.000001 -0.000000 -2.478429 1.142910 0.844052 -5.547934 -4.309945 -1.957392 6.239895 3.506507 -2.804355 -0.000000 -0.000002 -0.000002 
0.432873 105.991676 -1.257041 5.767005 -1.635349 -1.705811 -4.923780 -0.583445 -0.166125 3.305504 0.153853 1.950368 -0.088950 0.058947 0.117144 -4.346380 2.878702 -0.129757 -0.000001 0.000000 0.000000 4.196983 2.529247 -14.787973 7.408118 -6.293756 -31.167307 13.445460 0.193887 -1.728074 -0.000000 -0.000003 -0.000005 7.230492 -3.944336 25.581876 20.680889 7.536230 50.228873 4.503356 4.824577 -16.931778 0.000002 -0.000000 -0.000002 8.781940 -0.428854 -3.801192 -19.836746 0.908864 9.229422 -1.850631 -4.028526 2.305793 -0.000001 -0.000001 0.000001 -2.572551 1.096556 0.526478 -5.387161 -3.952668 -1.812647 6.065056 3.126463 -2.419409 -0.000001 -0.000001 -0.000000 
0.343201 106.060020 -1.298985 5.791442 -1.334086 -1.425207 -5.606815 -0.608268 -0.049681 4.488954 0.235405 1.590286 -0.941012 -0.333498 0.209663 -4.232679 2.907882 -0.434141 -0.000001 0.000000 -0.000000 3.681001 3.259880 -14.113058 7.411878 -4.763618 -28.894262 12.557128 0.864590 -2.584388 0.000003 0.000001 -0.000003 6.615038 -3.669891 24.240256 19.645429 5.520101 47.472253 3.415669 5.224205 -16.315599 -0.000000 -0.000001 0.000001 8.491279 -0.437044 -4.064190 -19.795273 0.656492 9.295810 -2.238338 -4.784510 2.068001 0.000000 0.000001 0.000001 -3.254703 1.103459 0.250158 -4.663244 -3.586882 -1.661030 5.607951 3.113314 -2.214554 -0.000001 -0.000002 0.000001 
0.254978 106.138275 -1.346644 6.469170 -1.369532 -1.234129 -6.661643 -0.638977 -0.004414 5.075943 0.319859 1.252729 -1.433051 0.440103 0.311240 -4.203016 2.398750 -0.229932 -0.000000 0.000000 0.000000 3.788519 2.027582 -13.388968 7.527009 -3.744871 -26.957191 12.317627 1.730652 -3.015087 -0.000002 0.000001 -0.000000 6.216306 -4.588789 23.491338 18.839526 4.242718 44.901011 2.959224 5.599052 -16.058070 -0.000000 -0.000000 -0.000001 7.555690 -0.468431 -4.090621 -19.932001 0.480580 8.980274 -2.584613 -4.758244 1.917284 -0.000001 0.000001 -0.000000 -4.441457 1.108967 0.180893 -4.029465 -3.213044 -1.631279 4.970543 3.442380 -2.156206 -0.000000 -0.000001 -0.000002 
0.164051 106.224625 -1.393081 5.226538 -0.255193 -1.385044 -4.192246 -0.598823 0.377830 4.074776 -0.015142 1.628567 -1.694142 -1.212353 -0.175834 -5.653938 2.900639 -0.720717 -0.000000 0.000000 0.000000 3.167654 2.639075 -12.992713 8.034063 -1.571624 -23.868362 11.606186 2.171982 -4.379710 0.000000 0.000005 0.000003 5.827968 -2.432769 21.952377 17.494635 2.379923 41.051892 1.970844 5.724882 -14.985124 0.000001 -0.000001 0.000002 7.971352 -0.406521 -3.903772 -19.206903 0.066742 8.789250 -2.495497 -4.829994 1.542706 -0.000000 0.000000 0.000001 -3.050703 1.043755 0.375701 -4.495674 -2.711397 -1.447150 4.509256 2.869375 -1.662509 0.000001 -0.000000 -0.000000 
0.072201 106.314316 -1.444346 5.005079 -0.161945 -1.374542 -3.675119 -0.607056 0.701013 3.760781 -0.032675 1.510770 -1.863995 -1.739688 -0.299170 -6.182804 3.170884 -0.909590 0.000000 -0.000000 0.000000 2.920480 2.895569 -11.872670 7.780222 -0.651354 -20.570062 11.281273 2.850707 -5.236388 -0.000001 0.000001 -0.000000 5.487823 -1.394447 19.897207 15.946344 1.475032 36.358275 1.477847 5.205753 -13.985389 -0.000000 0.000002 0.000003 7.597684 -0.285509 -3.854358 -18.720789 -0.281189 8.560918 -2.703411 -4.246632 1.442601 -0.000001 0.000000 0.000001 -2.873863 0.942862 0.373407 -4.553322 -2.351544 -1.198417 4.521497 2.461827 -1.307569 -0.000001 0.000001 -0.000000 
-0.018676 106.404243 -1.491277 4.935065 -0.119759 -1.347236 -3.978539 -0.653201 0.903955 4.844232 0.066244 1.256128 -2.909876 -2.194218 -0.212080 -6.257840 3.440095 -1.051098 0.000000 0.000000 0.000000 2.930301 3.629166 -10.883185 7.325310 -0.556398 -18.055156 11.628363 3.704135 -5.690873 -0.000003 -0.000001 -0.000003 5.404038 -0.777581 18.223274 14.707221 0.908705 32.509785 1.484479 4.681072 -13.321992 -0.000000 -0.000005 0.000000 7.210484 -0.148749 -3.836306 -18.246664 -0.591597 8.439897 -2.773231 -4.053935 1.307592 -0.000001 -0.000001 0.000002 -2.599964 0.805193 0.344939 -5.017938 -2.201087 -1.062021 4.523391 2.532861 -1.250262 -0.000001 0.000002 -0.000002 
-0.113762 106.493317 -1.530367 4.608241 0.058866 -1.145052 -3.516409 -0.622100 0.825288 4.291684 0.063106 1.139100 -2.963524 -2.449863 -0.222364 -5.694514 3.376259 -0.984427 -0.000000 -0.000000 -0.000000 2.884057 4.355591 -9.504974 6.363791 -1.738390 -14.723736 12.166455 4.486765 -5.921321 0.000001 -0.000002 0.000003 5.332833 -0.019730 15.784885 13.363076 0.641816 27.907718 1.771452 4.287373 -12.774156 -0.000001 0.000001 -0.000001 6.926479 -0.034048 -3.886241 -17.236213 -0.808426 8.165880 -2.594579 -4.132491 1.058286 -0.000001 -0.000000 -0.000001 -2.448298 0.696457 0.189462 -4.789328 -1.906487 -0.967146 4.295745 2.129461 -1.056553 0.000001 -0.000000 -0.000002 
-0.216639 106.593040 -1.569910 4.231368 -0.579166 -0.782811 -2.813159 -0.548920 0.627609 3.502653 0.124295 0.786171 -2.757303 -2.140256 0.043982 -5.307858 3.514987 -1.001655 0.000000 0.000000 -0.000000 2.605067 4.590367 -7.971624 5.794408 -1.474639 -11.474997 11.294721 4.016215 -5.640198 -0.000001 -0.000000 0.000002 4.934424 0.416221 13.278416 11.626956 -0.428169 22.943512 2.040349 4.816557 -11.408910 -0.000001 0.000001 0.000004 6.604863 0.046901 -3.848190 -15.987197 -0.986451 7.374538 -3.177249 -3.507912 1.128524 0.000000 -0.000000 0.000002 -2.267444 0.611062 -0.126044 -4.650119 -1.402060 -0.869794 4.539295 2.130767 -0.740763 0.000000 -0.000000 -0.000000 
-0.321687 106.683243 -1.596873 4.033766 -0.315786 -0.611193 -2.684140 -0.500128 0.532312 3.295001 0.129702 0.787869 -2.603916 -2.072379 -0.136238 -4.590281 3.243623 -0.753555 -0.000000 -0.000000 -0.000000 2.301860 3.850493 -6.891648 4.974192 -1.605051 -8.950753 10.045320 4.033029 -5.521066 -0.000001 0.000003 0.000003 4.161782 -0.050452 11.491249 10.089120 -1.001663 19.163450 1.395250 4.565933 -9.773505 0.000001 -0.000002 0.000001 6.330055 -0.163482 -3.684875 -15.177162 -0.980008 6.930226 -2.833510 -3.489811 0.990915 -0.000000 -0.000000 0.000001 -1.827116 0.687817 -0.200835 -4.892559 -1.209353 -0.691211 4.641077 1.270063 -0.284879 0.000001 -0.000001 0.000001 
-0.437000 106.777023 -1.613571 4.307281 0.247936 -0.445494 -3.664609 -0.465423 0.494261 3.864889 0.127619 0.790140 -2.466002 -1.412491 -0.396353 -3.181331 2.537787 -0.322036 -0.000000 0.000000 0.000000 2.239045 1.239451 -5.247750 4.203456 -1.081083 -6.450523 8.311495 4.018207 -5.071544 0.000001 0.000004 -0.000002 2.863747 -1.793784 9.277976 8.162663 -0.763274 14.865289 1.042488 4.532228 -7.367936 -0.000003 0.000002 0.000002 4.728068 -0.334983 -3.324032 -13.001759 -0.864149 6.236755 -2.940980 -3.845388 0.977006 -0.000001 -0.000000 0.000001 -2.230166 0.636464 -0.183023 -4.559500 -1.052756 -0.562426 4.302147 0.715181 -0.014855 -0.000000 0.000001 0.000003 
-0.564098 106.865128 -1.620178 3.126287 -0.259853 -0.209263 -2.354417 -0.332670 0.262589 3.043316 0.195330 0.425083 -2.492645 -0.690844 -0.172131 -1.733771 1.826270 -0.163944 -0.000001 0.000000 0.000000 1.900050 0.484410 -3.776239 3.001357 -1.652236 -3.952788 6.780073 3.102820 -3.906897 -0.000002 0.000003 0.000001 1.899148 -2.338375 6.807083 6.113926 -0.982537 10.317376 1.512327 4.764394 -5.183401 -0.000001 0.000000 0.000001 3.884418 -0.151214 -2.591254 -9.835554 -0.559591 4.636294 -2.142180 -2.153164 0.867372 -0.000001 0.000001 0.000001 -1.442065 0.413033 -0.105081 -3.301806 -0.789899 -0.860092 3.100739 1.522519 -0.294088 0.000000 0.000001 -0.000005 
-0.695694 106.951164 -1.636082 2.241658 -0.736382 -0.037174 -1.912377 -0.229745 -0.000071 2.679690 0.267961 0.252067 -2.136202 -0.130905 -0.085207 -0.819158 1.251008 0.040779 -0.000000 -0.000000 -0.000000 1.376577 -0.258626 -2.786675 2.402366 -0.486821 -2.362511 4.582768 1.893291 -3.305991 -0.000003 -0.000000 0.000002 0.894575 -2.579708 5.051124 4.241738 -1.382859 6.922985 0.844954 4.160902 -2.934827 -0.000001 -0.000002 0.000001 3.289582 -0.300451 -1.968509 -7.595325 -0.386669 3.200345 -1.893614 -0.843615 0.936473 -0.000001 0.000001 -0.000000 -1.053202 0.444939 -0.202073 -2.129789 -0.431176 -0.654896 2.400718 1.498678 -0.118206 0.000000 -0.000001 -0.000000 
-0.844409 107.037636 -1.653922 0.836531 -0.658921 0.033843 -0.570952 -0.110540 -0.075288 3.003101 0.209773 -0.000580 -2.834300 0.476555 0.039736 -0.196901 0.484859 0.247825 -0.000001 0.000000 0.000000 1.221701 -1.242281 -1.435004 1.572304 0.115601 -0.958933 2.873212 1.508445 -1.390795 -0.000001 0.000001 -0.000000 0.470480 -1.844292 2.667299 2.327660 -1.173337 3.232378 1.005838 2.468976 -1.428162 -0.000001 0.000000 0.000001 1.914061 0.006116 -1.099951 -3.806294 -0.301061 1.724083 -0.958231 -0.509189 0.402787 -0.000000 0.000000 0.000002 -0.168989 0.156326 -0.212223 -1.069746 -0.193236 -0.392555 1.179529 1.326972 -0.217470 0.000000 -0.000000 -0.000004 
-1.005719 107.103012 -1.683524 0.012284 0.002065 -0.000990 -0.003272 -0.002770 0.008201 -0.017292 0.002337 -0.000447 0.008160 -0.008637 -0.003671 0.050227 0.011779 -0.004427 -0.000000 0.000000 -0.000000 0.017147 0.012086 -0.033132 0.020034 -0.016984 -0.027148 0.077857 0.057969 -0.067302 -0.000000 -0.000004 -0.000002 0.019087 -0.016955 0.061799 0.047595 -0.037112 0.090870 0.022028 0.063921 -0.022953 -0.000001 0.000002 0.000000 0.037073 0.002736 -0.032524 -0.077427 -0.013374 0.055120 -0.025997 -0.018637 0.004971 -0.000000 0.000000 -0.000000 -0.002583 0.001201 -0.003481 -0.017440 0.001650 -0.002254 -0.005631 0.027350 -0.006555 -0.000001 -0.000001 -0.000000 
-1.168822 107.159309 -1.707690 -0.338949 -0.057035 0.027114 0.090358 0.076199 -0.226179 0.476865 -0.064392 0.012592 -0.225208 0.237915 0.101726 -1.384366 -0.326235 0.117950 -0.000000 -0.000000 0.000000 -0.470158 -0.336973 0.911906 -0.555585 0.464358 0.751130 -2.120007 -1.633586 1.824640 -0.000003 -0.000002 0.000000 -0.519076 0.475357 -1.701610 -1.288818 1.052158 -2.493297 -0.597438 -1.765690 0.623335 -0.000000 0.000000 0.000001 -1.021497 -0.083696 0.896034 2.139757 0.339252 -1.526509 0.717310 0.512961 -0.140362 -0.000001 0.000000 0.000001 0.071394 -0.033055 0.096031 0.480898 -0.045220 0.062314 0.156741 -0.753696 0.181796 0.000000 -0.000000 -0.000000 
-1.339877 107.196663 -1.736734 -0.458895 -0.276022 0.025794 0.082457 0.151884 -0.353350 0.100821 -0.132094 -0.075035 -0.187632 0.457855 0.242528 -0.552638 -0.707055 0.024629 0.000000 0.000000 -0.000000 -0.786870 -1.001608 2.041665 -1.602451 0.293850 1.334520 -4.300420 -3.491264 4.329603 -0.000002 -0.000004 -0.000000 -0.922614 1.393452 -3.954460 -2.920309 2.382294 -5.143351 -1.330580 -3.764196 0.903147 -0.000000 -0.000002 0.000000 -2.435929 -0.151100 1.994428 4.640559 0.503394 -3.390939 1.134188 0.747529 -0.353841 -0.000000 0.000000 -0.000000 0.151984 -0.163528 0.136273 0.852942 -0.020966 0.180456 -0.106226 -0.603427 0.190282 0.000001 -0.000001 -0.000004 
-1.517925 107.231239 -1.758200 0.469590 0.793760 -0.076529 -2.772326 0.113019 -0.174759 2.079086 -0.209814 -0.057549 -1.015139 0.591587 0.045799 0.293973 -1.267430 0.713751 -0.000000 -0.000000 0.000000 -0.713552 -2.490849 3.010613 -2.300513 0.298285 1.572551 -6.381729 -5.981160 8.129604 -0.000004 -0.000001 0.000002 -1.432145 1.726374 -6.099471 -4.260768 3.427855 -7.489674 -1.740978 -5.261489 0.349131 -0.000000 -0.000001 0.000002 -5.126830 -0.341809 2.579892 7.443490 0.386652 -4.197991 2.098001 -0.243955 -0.881285 -0.000000 -0.000000 -0.000000 -0.800276 -0.363601 0.395411 0.569003 -0.164366 0.518690 0.049378 -1.400338 0.503967 -0.000000 -0.000001 0.000001 
-1.689547 107.267899 -1.778994 -0.528198 0.504175 -0.067862 -0.947010 0.230679 -0.302678 -1.000794 -0.272884 -0.194799 1.281406 0.113086 0.272794 -0.876556 -1.149622 0.570286 -0.000000 -0.000000 0.000001 -1.592756 -1.352320 3.916541 -4.231116 -1.991616 0.742306 -8.334450 -8.311374 9.485111 -0.000001 0.000003 0.000001 -1.673506 3.055973 -7.686183 -5.666437 4.735075 -9.068812 -2.562569 -5.882138 0.597414 -0.000000 0.000002 0.000002 -4.957412 -0.159644 3.356905 9.021290 0.465912 -5.308413 4.078821 0.078936 -1.530379 0.000000 -0.000001 0.000001 -0.162068 -0.538764 0.517289 1.213946 -0.125811 0.388621 -0.117243 -0.564490 0.438433 0.000001 0.000001 -0.000004 
-1.873959 107.314583 -1.792728 0.343354 1.189768 -0.122196 -1.481421 0.286682 -0.403549 -0.457206 -0.182042 -0.342288 0.489319 -0.345109 0.489599 -0.577633 -1.094861 0.819289 -0.000001 -0.000000 -0.000000 -1.346500 -3.383208 4.267489 -6.171151 -4.673894 0.103656 -10.234052 -10.087034 12.450041 -0.000000 -0.000001 0.000000 -1.685861 4.609278 -8.933689 -7.147179 5.279030 -11.714431 -3.226958 -6.552610 1.130009 0.000002 0.000004 0.000000 -6.236212 -0.502568 4.462199 10.538095 -0.037979 -6.544124 7.863175 0.035486 -2.780030 0.000001 -0.000002 0.000001 -0.510680 -0.623561 0.791080 1.814547 0.088465 0.561924 2.584555 2.501265 0.023690 -0.000000 -0.000001 0.000001 
-2.066569 107.333534 -1.787644 0.067240 0.864636 -0.105062 -1.414602 0.292865 -0.583372 0.621484 -0.117555 -0.478019 -0.988718 0.243159 0.636141 1.234854 -1.398190 1.362960 -0.000000 0.000000 0.000000 -0.822511 -4.968604 5.360811 -7.336679 -6.147854 -0.646894 -12.579901 -14.745014 13.683703 -0.000001 0.000001 0.000002 -2.259536 4.077610 -10.840892 -7.624369 6.926053 -14.307838 -3.541115 -7.018467 3.017037 -0.000001 0.000000 0.000002 -6.891444 -0.665445 5.326027 11.503632 -0.233676 -8.234049 6.460219 0.085917 -2.298536 -0.000000 0.000001 -0.000001 -1.108837 -0.551837 0.974782 2.960711 0.509259 0.441120 -0.648306 1.418733 0.256795 0.000001 -0.000001 -0.000000 
-2.249393 107.346443 -1.782636 -0.352500 0.912094 -0.097766 -1.148721 0.299692 -0.713741 0.349115 -0.117426 -0.368073 -0.415694 0.626293 0.561287 1.166719 -1.636261 1.825087 0.000000 0.000000 0.000000 -0.379520 -6.324089 5.827157 -7.691812 -7.660772 -0.738978 -13.815150 -17.873577 15.847557 -0.000003 -0.000004 0.000001 -2.662075 3.535770 -12.168681 -7.455297 8.285953 -16.093394 -3.586287 -7.162154 3.286936 -0.000003 -0.000002 -0.000002 -6.990618 -0.844376 5.832582 12.068012 -0.230135 -9.056299 6.267752 -0.241507 -2.138501 0.000001 0.000001 0.000001 -0.925870 -0.418695 1.158628 3.150059 0.541017 0.435074 -1.480081 0.082435 0.514845 -0.000000 -0.000000 -0.000004 
-2.430550 107.359314 -1.776023 0.295400 1.231660 0.235977 -2.843628 0.271959 -1.203502 0.423763 -0.147155 -0.270663 0.006289 0.523083 0.569590 1.314148 -1.723300 1.773061 -0.000000 0.000000 0.000000 0.142513 -6.380959 6.476962 -7.960502 -9.150532 -1.372048 -15.047153 -23.038457 17.891766 -0.000001 -0.000000 0.000002 -2.740461 3.235983 -14.020876 -6.829339 10.326693 -17.289348 -3.841005 -8.180338 2.580355 -0.000003 0.000001 0.000004 -8.330435 -1.099710 6.258516 13.682118 -0.505848 -10.105339 7.806793 0.264574 -2.518434 -0.000003 -0.000000 -0.000001 -1.644953 -0.440045 1.154522 3.511629 0.411220 0.219823 0.379489 1.807743 0.065260 -0.000000 -0.000000 -0.000002 
-2.617311 107.363495 -1.759918 -1.072494 2.340709 0.153157 -1.165784 0.214249 -1.221450 -0.411715 -0.319894 -0.010534 -0.077212 -0.345435 0.331252 1.705667 -1.753312 2.007914 -0.000001 0.000000 0.000000 1.314275 -7.311852 6.664731 -7.625767 -10.999285 -1.312678 -15.240389 -27.952061 20.719118 0.000004 -0.000003 -0.000004 -1.839995 3.915929 -15.130092 -5.786927 11.351809 -19.592842 -3.483314 -8.940336 1.262963 0.000003 -0.000003 0.000003 -7.912384 -0.777097 6.535596 14.653317 -0.858916 -9.671617 9.291286 -0.407338 -3.115633 0.000001 -0.000002 0.000001 -0.520877 -0.573393 1.536732 3.636164 0.256453 0.429295 0.908281 1.767170 -0.095625 -0.000001 -0.000000 -0.000002 
-2.797638 107.376663 -1.750683 -2.017585 2.494588 0.231003 -0.039245 0.248307 -1.414882 -1.041140 -0.487208 0.089299 -0.116475 -0.496884 0.282444 1.772927 -1.892506 1.662901 -0.000000 0.000000 -0.000000 1.486291 -7.980390 6.484527 -7.825751 -11.614572 -1.231424 -15.847970 -32.746495 20.407552 -0.000000 -0.000000 0.000002 -1.346374 5.063325 -15.760257 -5.871442 11.802126 -20.744908 -3.813672 -9.322133 0.275182 -0.000001 0.000000 0.000002 -7.245023 -0.514782 6.831888 15.229647 -0.987959 -9.807310 10.212079 -0.527095 -3.529291 -0.000001 -0.000000 0.000002 0.697109 -0.630779 1.641610 3.155842 0.163263 0.457615 1.808170 2.430804 -0.314939 -0.000001 0.000002 -0.000002 
-2.979735 107.383736 -1.743222 -2.156746 2.748605 0.185692 0.617200 0.313120 -1.507648 -1.910279 -0.591964 0.056195 0.336033 -0.679656 0.391634 1.183540 -2.235497 1.642979 -0.000000 0.000000 0.000000 1.093294 -8.391113 6.510652 -8.695395 -12.269134 -1.212939 -17.406884 -38.857684 17.263382 -0.000001 -0.000001 -0.000003 -1.271733 6.188047 -16.364069 -6.254033 14.158111 -20.981573 -4.887253 -10.348072 -1.542729 -0.000000 -0.000002 0.000000 -7.500454 -0.436849 7.416333 15.917341 -0.868257 -10.312779 10.437123 -1.058132 -3.641348 -0.000001 0.000001 -0.000001 1.134132 -0.712074 1.800091 3.220814 0.072921 0.717735 2.560497 2.730555 -0.382343 0.000000 0.000002 -0.000000 
-3.172870 107.401489 -1.734182 -2.691187 2.857591 0.106808 0.642810 0.291322 -1.629686 -1.995478 -0.618789 0.092476 0.414746 -0.782546 0.405425 1.527465 -2.578262 1.865295 -0.000000 0.000001 -0.000000 1.464380 -9.081733 6.686697 -8.458083 -13.092539 -0.986435 -18.441407 -44.735632 15.021910 -0.000000 -0.000002 -0.000001 -0.546356 7.042372 -16.606748 -5.501378 16.409383 -21.749395 -5.256189 -11.411013 -4.034820 0.000005 -0.000002 0.000001 -7.427337 -0.314344 8.080606 15.911067 -0.750216 -10.830161 11.055152 -1.177737 -3.811287 -0.000001 0.000001 -0.000002 1.861503 -0.761179 1.944366 3.316722 -0.076445 1.092966 2.900378 3.605453 -0.572628 -0.000001 0.000002 -0.000000 
-3.359046 107.412987 -1.726888 -2.336267 2.433207 0.177310 0.066820 0.270421 -1.766845 -2.178519 -0.536783 -0.011022 0.828561 -0.323568 0.544848 1.554154 -2.642122 1.988524 -0.000001 0.000000 -0.000000 1.749438 -8.928622 6.830708 -8.220610 -13.688076 -0.618112 -19.820791 -49.709338 13.041505 -0.000002 -0.000001 0.000000 -0.095511 7.279362 -17.002071 -4.869687 17.278941 -22.801653 -5.505269 -11.789298 -5.571934 0.000001 -0.000003 0.000002 -7.947006 -0.378157 8.644283 15.571337 -0.687118 -11.832650 11.826253 -0.694897 -3.999895 -0.000002 -0.000001 0.000001 1.629504 -0.781197 1.849946 3.523185 -0.175431 1.136853 3.442202 4.602917 -0.906740 0.000001 -0.000001 -0.000002 
-3.552923 107.421951 -1.722575 -2.508260 2.528295 0.005082 -0.052687 0.240525 -1.660251 -2.726271 -0.582022 0.039045 1.247143 -0.476892 0.460789 2.861191 -2.690216 2.210138 -0.000001 -0.000000 0.000001 2.003299 -8.930403 7.067522 -7.833761 -14.985944 -0.306257 -21.348199 -54.478361 9.861580 -0.000001 -0.000001 -0.000000 0.422433 7.639544 -17.248051 -3.796961 17.885636 -24.270912 -5.769680 -13.142216 -7.897254 -0.000005 -0.000000 -0.000001 -8.310267 -0.407762 9.387887 15.890061 -0.629818 -12.635744 13.314957 -0.583304 -4.395986 0.000003 0.000001 0.000001 2.032767 -0.770783 2.122146 3.354664 -0.402530 1.277404 4.447560 4.526736 -1.031007 0.000001 0.000001 -0.000000 
-3.762617 107.441872 -1.741145 -1.022655 2.402683 0.286342 -0.555473 0.262869 -2.354528 -3.790022 -0.294747 -0.222329 2.786163 0.137286 0.902831 1.049433 -2.872534 2.856786 0.000000 0.000000 0.000000 2.097743 -7.901464 7.639390 -7.821963 -17.268586 0.300595 -24.346583 -59.996477 6.703096 -0.000002 0.000001 -0.000002 0.106934 6.455681 -17.952384 -3.240646 16.703448 -25.906119 -6.608380 -12.756619 -9.639773 0.000002 -0.000001 0.000001 -10.285853 -1.224956 10.301010 19.268561 -1.133880 -13.806461 14.088473 -1.894392 -4.584655 -0.000003 0.000001 0.000001 0.709506 -0.479324 1.680218 5.341963 -0.110983 1.626149 4.938970 6.890728 -1.433977 -0.000001 0.000002 -0.000002 
-3.967604 107.469284 -1.792405 -0.756360 3.760562 -0.007208 -0.073167 0.266268 -2.186805 -4.979952 -0.458252 0.212811 3.975733 -0.536004 0.474391 -0.944875 -2.929577 3.130539 -0.000000 -0.000000 0.000000 2.169985 -7.666761 7.688417 -7.691397 -19.357612 0.704479 -25.138243 -63.828616 6.730816 -0.000001 -0.000001 -0.000000 -0.464390 4.919577 -18.177650 -2.319745 17.263406 -26.979549 -6.726066 -13.584927 -11.483916 0.000000 -0.000000 -0.000001 -11.416885 -1.687931 11.086359 24.874907 -1.735394 -12.044744 11.666111 -1.896814 -3.706549 0.000000 -0.000002 -0.000001 0.937982 -0.229954 1.820972 5.811093 -0.238933 2.392835 2.709999 5.589693 -1.106765 0.000002 0.000001 -0.000000 
-4.169278 107.488495 -1.845233 -0.775854 3.774363 0.012943 0.359558 0.303867 -2.408402 -5.102576 -0.561087 0.537193 3.993872 -0.456705 0.293975 -1.443758 -3.038704 3.154267 -0.000000 0.000000 -0.000000 1.974130 -7.444191 8.124495 -7.715062 -20.782338 0.494745 -30.353982 -68.001705 -0.401243 -0.000000 0.000001 -0.000003 -0.672493 4.467128 -18.368266 -1.871365 17.230668 -28.190914 -6.947756 -13.361628 -12.837856 0.000000 0.000000 0.000001 -11.681610 -1.968099 12.000248 27.839836 -1.955921 -12.321963 10.358294 -2.250981 -3.146131 0.000001 -0.000001 0.000001 0.845912 0.015043 1.601052 7.020070 -0.189296 2.947131 1.343408 5.053990 -1.009327 -0.000000 0.000001 0.000001 
-4.365932 107.500931 -1.881144 -1.447248 3.716624 0.019632 0.937401 0.363367 -2.798516 -5.484916 -0.781912 0.882678 4.118773 0.016503 0.345719 -0.406325 -3.386054 3.129092 -0.000001 -0.000000 0.000001 1.699237 -7.554138 8.781826 -8.790342 -22.059324 -1.074690 -41.522503 -70.900813 -16.186150 0.000003 0.000001 -0.000000 -0.999270 4.441126 -18.201816 -1.646266 18.802517 -28.303216 -8.146552 -13.389515 -14.479651 -0.000001 0.000000 0.000001 -11.915402 -2.155100 12.934900 29.128797 -1.910339 -13.700834 10.350249 -1.290135 -2.938931 -0.000000 0.000001 -0.000001 0.847365 0.106914 1.512253 8.045288 -0.316736 3.200270 0.600222 5.027197 -1.061692 0.000001 0.000001 -0.000000 
-4.549861 107.513618 -1.917630 -1.614350 3.915406 0.111221 1.323391 0.414317 -3.110832 -5.609421 -0.923153 1.062054 4.158436 -0.185871 0.372892 -0.086858 -3.685634 2.982576 0.000000 0.000000 -0.000000 1.666483 -7.789906 9.095077 -9.323592 -22.952767 -1.658390 -50.437429 -72.107140 -28.310840 -0.000001 -0.000003 0.000000 -1.209751 4.256262 -18.042549 -1.673294 18.672313 -29.204878 -8.257802 -12.816223 -15.259379 0.000001 -0.000004 0.000000 -12.003898 -2.165583 13.453145 28.929618 -1.787172 -14.930257 10.066632 -0.367693 -2.735774 -0.000000 -0.000000 0.000001 0.629738 0.112335 1.400473 8.687230 -0.455460 3.355505 0.507751 5.194110 -1.316607 0.000000 0.000001 -0.000000 
-4.728881 107.496490 -1.949952 -1.294284 4.404348 -0.038331 1.410019 0.373937 -3.095288 -5.505609 -1.107283 1.353251 3.917927 -0.504005 0.335985 0.326280 -3.507804 2.967817 -0.000001 -0.000000 0.000000 1.988934 -7.731842 9.612507 -9.896604 -24.083906 -2.621101 -56.351263 -72.535059 -36.505749 -0.000001 -0.000003 -0.000001 -0.928377 4.294597 -18.143638 -1.165871 19.367611 -29.764861 -8.534655 -12.832571 -16.717769 -0.000000 -0.000000 -0.000002 -12.699321 -2.237165 14.095646 28.715164 -1.840123 -16.738092 9.469948 1.973991 -2.393812 -0.000002 0.000000 0.000002 -0.239286 0.040421 1.431610 10.047784 -0.467007 3.872894 0.256384 4.875375 -1.326794 0.000000 0.000001 -0.000000 
-4.907897 107.472267 -1.993586 -0.915272 5.033204 -0.182356 1.343289 0.319605 -3.142985 -5.117170 -1.339055 1.730850 3.612060 -0.882814 0.185812 0.442704 -3.410314 2.920461 0.000000 -0.000000 0.000000 2.703245 -7.897316 10.005811 -9.765476 -25.484956 -2.580822 -58.717859 -73.496975 -39.176701 0.000001 0.000001 -0.000002 -0.433741 4.136642 -18.257893 -0.636254 18.390310 -31.351654 -8.361623 -13.492616 -17.916921 0.000001 -0.000000 -0.000002 -13.799350 -2.429446 14.709212 28.382885 -2.079260 -19.427560 8.581768 5.749596 -1.921507 -0.000000 -0.000000 -0.000000 -0.116365 -0.037889 1.619484 9.277488 -0.798642 4.121838 0.473227 4.959677 -1.514494 0.000001 -0.000001 -0.000002 
-5.084245 107.452599 -2.037304 -1.451273 5.245463 -0.288587 2.130459 0.335252 -2.999031 -6.423877 -1.470207 1.873593 4.337120 -0.982198 0.122898 0.433146 -3.171458 2.610361 -0.000000 0.000000 0.000000 2.504083 -7.207414 10.257672 -10.032666 -25.874421 -3.392783 -63.610645 -73.209376 -46.612629 -0.000000 -0.000003 -0.000003 -0.303801 4.172972 -18.502287 -0.690925 17.795226 -32.039912 -8.435036 -13.365227 -18.707910 0.000002 0.000000 0.000002 -14.032359 -2.518772 15.313165 29.189582 -2.448725 -21.221488 7.627031 8.234705 -1.413648 -0.000003 -0.000003 0.000004 -0.077934 0.003931 1.736191 9.201503 -0.807163 4.426182 0.288183 4.642503 -1.408023 0.000001 -0.000000 -0.000000 
-5.258434 107.409294 -2.086289 -1.285647 5.907823 -0.517903 2.240589 0.371414 -2.834882 -6.563745 -1.609521 2.011758 4.200517 -0.771009 0.059163 0.505209 -3.474348 2.710971 -0.000000 0.000000 -0.000000 2.032478 -7.629285 10.460723 -10.948710 -25.328824 -4.142603 -70.974825 -71.771915 -57.751934 -0.000001 -0.000001 -0.000000 -1.042376 3.955251 -18.702781 -2.034629 17.022993 -32.035466 -9.324956 -11.661464 -19.755303 0.000003 -0.000003 0.000001 -15.546407 -2.983569 16.025712 30.697438 -2.949084 -23.939781 6.768896 11.285310 -0.859300 0.000002 -0.000002 0.000000 0.061985 -0.079012 2.036266 7.870351 -1.252237 4.713573 0.749343 5.421401 -1.411292 0.000000 -0.000000 -0.000005 
-5.436539 107.330093 -2.143154 -1.083918 6.573503 -0.713825 3.379965 0.423884 -2.757855 -7.318661 -1.763692 2.172972 4.163818 -0.702743 -0.026836 -0.112150 -3.659575 3.072975 -0.000000 0.000000 0.000000 1.843052 -8.631802 10.858239 -12.268886 -25.599771 -4.378172 -73.650442 -69.544563 -64.175351 -0.000003 -0.000001 -0.000000 -1.845878 3.829241 -18.724506 -3.370317 17.153795 -31.615966 -10.474691 -8.835028 -20.794344 0.000001 -0.000002 0.000001 -17.230211 -3.643110 16.907985 32.878191 -4.269091 -27.577768 4.540944 13.316623 0.166058 0.000001 -0.000001 0.000002 -0.499539 -0.067464 2.218971 7.933250 -0.990840 5.157951 0.954835 6.322984 -1.268302 0.000001 -0.000000 -0.000004 
-5.602527 107.253258 -2.208798 -0.142863 7.251802 -0.787853 2.692325 0.469082 -2.972025 -6.983836 -1.968151 2.468800 4.115565 -0.890872 -0.096398 -1.094684 -3.529280 3.096603 0.000000 0.000000 0.000001 1.715328 -8.884030 10.999941 -12.730327 -26.018600 -4.161871 -77.022363 -68.724284 -69.433149 -0.000001 -0.000001 -0.000001 -1.853523 4.169951 -18.674982 -3.963622 16.757726 -31.532999 -10.975405 -7.454039 -22.143492 0.000004 0.000002 0.000000 -19.297035 -4.290692 17.507561 34.255267 -5.374652 -30.952952 2.578465 14.861520 1.098206 -0.000001 0.000004 -0.000000 -1.449684 -0.092161 2.270809 8.636922 -0.663070 5.012635 0.985186 8.077340 -1.479585 -0.000000 0.000001 -0.000002 
-5.768783 107.154083 -2.285473 -0.689216 7.702945 -1.000013 2.621574 0.460396 -2.865674 -3.718263 -2.224292 3.098024 1.038442 -1.694862 -0.542401 -0.353377 -2.969783 2.795494 -0.000001 0.000000 -0.000000 1.836653 -8.835358 10.845231 -12.324148 -25.864489 -3.603814 -77.728741 -68.111288 -72.220849 -0.000001 0.000001 -0.000000 -1.433780 4.788617 -18.399116 -3.905716 16.879756 -31.961092 -11.056534 -6.385531 -23.525364 0.000001 -0.000002 -0.000001 -21.442911 -4.928119 18.055166 35.867601 -6.969414 -34.935844 0.525935 15.704743 2.027570 0.000001 -0.000003 0.000002 -1.102069 -0.178306 2.420650 9.166458 -0.363300 4.580190 1.552105 9.985597 -1.817641 0.000001 -0.000003 0.000001 
-5.929603 107.044785 -2.371026 -0.637738 8.017452 -1.249880 2.708344 0.471917 -2.702574 -1.631755 -2.338256 3.545942 -0.913105 -2.212343 -0.865336 -0.478325 -2.659684 2.563314 0.000000 -0.000000 0.000000 2.151595 -9.139868 10.554042 -11.760468 -26.516229 -2.509900 -73.102354 -68.566965 -67.604243 -0.000002 -0.000004 -0.000001 -0.857354 5.250015 -18.301850 -3.718271 15.726985 -32.999639 -10.386513 -5.626988 -24.826544 0.000002 -0.000002 0.000001 -23.165106 -5.416561 18.731570 36.912647 -8.236896 -39.083978 -1.644647 17.035894 3.340634 0.000001 -0.000003 0.000004 -1.513670 -0.247818 2.467806 8.740637 -0.653684 4.272750 2.790165 12.332561 -2.573452 0.000001 -0.000002 -0.000002 
-6.084467 106.944740 -2.457862 -0.542094 8.471428 -1.401213 2.913673 0.441683 -2.646229 -1.586801 -2.344030 3.625624 -1.380092 -2.547018 -0.963835 -0.582497 -2.574845 2.620323 0.000000 0.000000 0.000000 2.281055 -9.133490 10.282303 -11.559034 -27.404367 -1.999659 -71.141386 -68.661180 -66.556013 -0.000001 -0.000009 0.000003 -0.685335 5.046739 -18.238960 -3.494936 15.187612 -33.208492 -9.671239 -4.520609 -25.961194 0.000001 -0.000002 0.000001 -24.429705 -5.769124 19.133175 37.750534 -9.282030 -42.314788 -3.209504 18.103835 4.192585 0.000001 0.000004 0.000004 -1.527711 -0.279370 2.532651 8.823653 -0.748271 4.212065 3.917443 14.589100 -3.189970 -0.000001 -0.000001 -0.000002 
-6.236317 106.839264 -2.555387 -0.483964 9.080820 -1.720876 2.491935 0.411473 -2.472541 -1.746568 -2.420762 3.834423 -1.045894 -2.748280 -1.152907 -1.282241 -2.580494 2.550523 -0.000001 0.000000 0.000000 2.447103 -9.072936 9.934813 -11.345643 -28.073444 -1.599657 -71.838577 -68.665791 -68.061886 -0.000002 -0.000008 -0.000000 -0.680505 4.482356 -17.863228 -3.253412 14.400547 -34.041086 -10.009459 -4.290004 -27.639354 0.000000 -0.000002 0.000000 -25.942747 -6.380594 19.372937 38.089882 -10.218488 -45.831693 -4.296469 18.951972 4.922330 -0.000001 -0.000001 -0.000000 -0.879812 -0.227249 3.134287 6.211688 -1.254776 2.706360 6.204450 16.287098 -3.912147 -0.000001 0.000001 -0.000000 
-6.382706 106.741493 -2.651846 -0.772610 8.716615 -1.971727 2.520318 0.395918 -2.393375 -1.659830 -2.386561 3.880873 -1.249395 -2.825592 -1.170640 -0.964500 -2.536381 2.549888 0.000000 -0.000000 0.000000 2.425544 -8.625279 9.465894 -11.296849 -28.524837 -1.583531 -71.010813 -68.192786 -68.757636 -0.000003 -0.000003 -0.000001 -0.519988 4.322335 -17.537810 -3.395014 13.343781 -35.107169 -10.328725 -3.720535 -28.612750 0.000003 -0.000002 0.000000 -26.325636 -6.718268 20.091456 38.100595 -11.214014 -49.988164 -6.174453 20.833243 6.193733 -0.000001 0.000002 0.000004 -0.257989 -0.142959 3.236202 5.256615 -1.424030 1.777888 7.123182 19.227006 -4.903213 0.000001 -0.000001 -0.000002 
-6.516773 106.640480 -2.755346 -0.257616 8.417748 -1.993371 1.776169 0.398424 -2.589800 -1.450677 -2.213592 3.746429 -1.006645 -2.718083 -0.952677 -1.752454 -2.292144 2.627663 -0.000000 0.000000 0.000000 2.214781 -8.403827 9.098491 -11.411632 -29.269304 -1.346480 -69.700612 -67.789361 -68.441760 -0.000002 -0.000004 -0.000003 -0.531773 4.408725 -17.306873 -3.417315 13.400570 -35.331961 -10.725512 -3.379262 -29.442801 0.000007 0.000000 0.000001 -27.096890 -7.212697 20.506711 37.646596 -11.877227 -53.613252 -6.409590 22.878817 6.728487 0.000001 -0.000006 0.000002 -0.294576 -0.071654 3.020980 4.432368 -1.587853 1.763604 9.067333 20.930881 -5.564469 -0.000002 -0.000002 -0.000002 
-6.650058 106.535080 -2.862683 -0.141545 8.150887 -2.284100 1.824281 0.375837 -2.619524 -2.261034 -2.374047 3.956045 -0.160016 -2.621066 -1.071480 -2.042757 -2.615140 2.619280 -0.000001 0.000000 0.000000 2.123502 -8.449810 8.850242 -11.152231 -29.803660 -0.773656 -67.947118 -67.547053 -67.448323 -0.000001 0.000001 -0.000002 -0.279396 4.901139 -17.065772 -3.454943 12.752619 -35.741376 -11.126719 -3.018751 -30.572138 -0.000000 -0.000002 0.000000 -27.874255 -7.769328 20.966282 39.011035 -13.232968 -56.421867 -5.953290 25.014525 6.961898 -0.000002 -0.000002 0.000002 -0.603591 0.040189 2.807095 4.726292 -2.030252 2.621082 9.511700 20.264089 -5.587788 -0.000001 -0.000001 0.000001 
-6.775801 106.431259 -2.975658 -0.475948 7.875155 -2.341759 2.479667 0.322992 -2.796993 -2.555630 -2.241375 3.772829 -0.252301 -2.069706 -0.718792 -1.861824 -2.696372 2.766680 -0.000001 0.000000 0.000000 2.434807 -7.880689 8.971209 -10.863946 -31.283923 -0.413573 -66.457706 -68.110223 -65.231223 -0.000001 -0.000001 -0.000001 -0.208646 4.222029 -17.220864 -2.860728 11.991132 -36.107406 -11.528504 -3.769867 -32.052380 -0.000001 0.000000 0.000001 -28.390764 -8.036010 21.279726 40.306644 -14.791188 -59.008921 -7.365570 27.350799 8.079479 -0.000001 -0.000000 0.000001 -0.218569 0.027385 2.276430 5.496322 -2.190726 3.486294 11.118921 19.333028 -5.622762 0.000001 -0.000000 -0.000000 
-6.893642 106.326653 -3.095655 -0.356085 7.329918 -2.438458 2.059590 0.310434 -3.065792 -1.655578 -2.221959 3.834345 -0.561327 -1.462176 -0.587462 -2.351698 -3.043286 2.667910 -0.000000 -0.000000 0.000000 2.374357 -7.446420 8.832820 -10.285076 -32.226362 0.199198 -65.092440 -68.679868 -63.292460 -0.000003 0.000001 -0.000000 -0.092737 3.857121 -17.165821 -2.535492 10.925670 -36.646485 -11.128220 -3.656010 -32.803093 -0.000003 -0.000000 -0.000001 -28.876438 -8.409601 21.836852 40.993016 -15.853245 -61.467434 -7.996711 28.473752 8.553073 -0.000004 0.000002 0.000004 -0.654355 0.148725 1.669668 5.762036 -2.465618 4.624412 11.281715 18.015920 -5.347055 -0.000001 0.000001 -0.000002 
-7.002092 106.236565 -3.231102 0.383209 8.140599 -2.787995 2.107471 0.278529 -2.733147 -1.291841 -2.250825 3.921954 -1.196261 -1.849970 -0.752384 -2.663072 -3.165254 2.991299 -0.000001 0.000000 0.000000 2.668750 -7.596553 8.532867 -9.910386 -32.988700 1.184403 -64.601295 -69.181504 -62.134504 -0.000003 0.000001 -0.000001 0.087936 3.843452 -17.298979 -2.857660 9.254975 -37.061351 -10.363595 -2.242507 -33.389865 0.000000 -0.000002 0.000001 -30.023674 -8.743457 21.743591 42.096980 -17.212423 -62.966271 -7.721024 28.966873 8.390391 -0.000002 0.000004 0.000003 -1.039228 0.102804 1.501381 5.850647 -2.593408 5.935841 9.873201 16.457315 -4.701550 -0.000001 -0.000004 -0.000002 
-7.097602 106.138710 -3.388352 0.912697 8.923587 -3.092611 1.858338 0.261568 -2.533629 -1.665425 -2.435696 4.187513 -0.775557 -2.148882 -1.091204 -3.353905 -3.607105 2.893107 -0.000001 -0.000000 0.000000 2.774679 -7.610270 8.250165 -9.590869 -33.831751 1.955828 -66.925636 -69.339343 -64.928038 -0.000002 -0.000001 -0.000001 0.166214 3.669391 -17.002047 -2.767880 8.404125 -37.654341 -10.110085 -1.452797 -33.994815 -0.000001 -0.000002 0.000001 -31.082651 -9.219385 21.337615 42.018115 -18.096726 -65.827417 -8.154763 29.453466 8.725953 -0.000002 0.000002 0.000003 -1.589640 0.279985 1.589306 4.951869 -3.131831 7.602176 7.858326 13.266329 -3.837605 -0.000004 -0.000001 -0.000000 
-7.190231 106.051369 -3.550570 1.380619 9.348016 -3.235258 1.976693 0.245963 -2.446980 -2.864736 -2.389880 4.077453 0.216656 -2.498136 -1.109621 -3.882350 -3.762883 3.195987 -0.000000 0.000000 0.000000 2.940275 -7.574658 7.920820 -9.296027 -34.945232 2.913601 -64.580313 -69.442916 -62.649698 -0.000000 -0.000001 -0.000001 0.466179 3.739278 -16.854612 -2.705370 7.427353 -38.068322 -10.672440 -2.274965 -35.107961 -0.000001 -0.000001 0.000002 -31.877271 -9.500387 20.910435 40.980356 -18.447323 -68.658899 -9.022557 31.110781 9.435301 0.000001 0.000004 0.000002 -1.672110 0.370511 2.112296 4.081122 -3.270623 8.364488 6.977140 11.120679 -3.171165 -0.000003 0.000001 -0.000002 
-7.272430 105.960663 -3.720520 1.099311 9.200320 -3.415342 2.409733 0.185682 -2.243738 -2.102611 -2.434298 4.321260 -0.785254 -2.363449 -1.413934 -4.339322 -3.704715 3.438054 -0.000002 0.000000 0.000000 3.548417 -8.016764 7.807097 -8.451462 -35.046589 3.809915 -63.208148 -70.069265 -60.558868 -0.000003 -0.000007 0.000000 0.797987 3.581463 -16.698013 -2.331233 6.876416 -38.462865 -10.461562 -1.777353 -36.005813 -0.000002 0.000000 0.000001 -31.710960 -9.524695 20.884249 39.669735 -18.734019 -72.022200 -6.459421 34.174059 8.440040 0.000002 -0.000001 0.000001 -1.662616 0.459109 2.996452 2.777052 -3.440225 8.204702 7.519297 9.984286 -2.877386 -0.000002 -0.000001 -0.000000 
-7.344858 105.865280 -3.877345 0.773228 7.102110 -2.984575 2.521753 0.205092 -2.960192 -3.592064 -1.985868 3.517395 0.758219 -1.690360 -0.439888 -4.089670 -3.332311 3.441225 -0.000001 0.000000 0.000000 3.987681 -8.028034 7.878692 -7.592597 -34.349663 4.583927 -58.789214 -70.434769 -55.003862 -0.000001 -0.000001 -0.000000 1.260802 3.729175 -17.069548 -2.022136 6.160157 -38.863845 -9.922369 -2.092170 -36.790247 -0.000001 0.000000 0.000002 -30.618130 -9.059664 21.642655 35.653396 -17.301322 -77.894565 -4.102954 37.087804 7.596477 0.000000 -0.000001 0.000002 -1.365293 0.382208 3.083627 1.727496 -3.752175 8.090756 5.230266 4.597829 -1.729583 0.000000 -0.000002 -0.000002 
-7.415087 105.774261 -4.039069 0.530492 6.245921 -2.958399 2.086127 0.193524 -3.176097 -4.268594 -1.819240 3.149132 1.564747 -1.471197 0.052363 -3.899468 -3.209571 3.395337 0.000000 -0.000000 0.000000 4.120249 -7.486039 7.790032 -7.341236 -34.201680 4.415358 -59.064983 -70.665328 -55.367566 -0.000002 -0.000002 -0.000001 1.709555 4.175720 -17.175989 -1.921504 5.702073 -38.873807 -9.630168 -1.678750 -37.520958 -0.000000 -0.000001 0.000002 -30.204818 -8.820779 21.919435 33.010554 -16.204520 -81.791379 -3.130002 39.141034 7.274404 0.000001 0.000002 0.000000 -1.330554 0.330646 3.349336 1.592323 -3.685292 7.954691 3.805363 2.075374 -1.302575 -0.000000 -0.000000 -0.000002 
-7.486007 105.660034 -4.204692 1.057595 6.954658 -3.383735 2.014391 0.177063 -2.718308 -3.761630 -1.963678 3.446643 1.076618 -1.843235 -0.371073 -4.432809 -3.280973 3.678545 -0.000000 -0.000000 0.000000 4.693203 -8.248309 7.936976 -6.565511 -33.776225 5.623001 -57.873750 -71.522462 -52.447513 -0.000002 -0.000002 0.000000 1.492775 3.568580 -17.238788 -2.061585 5.099592 -39.133084 -9.850891 -1.710458 -38.556916 0.000003 -0.000001 0.000002 -31.237843 -8.971115 21.082863 33.126312 -16.797655 -83.071937 -1.409069 40.412962 6.338060 -0.000002 -0.000001 0.000001 -2.731240 0.263151 3.556194 1.967622 -3.771373 8.553620 3.164109 -0.412915 -0.870343 0.000000 -0.000000 -0.000004 
-7.556900 105.537750 -4.361972 1.502531 7.452687 -3.925138 2.376175 0.113016 -2.146894 -4.164641 -2.022877 3.609844 0.964974 -2.570385 -0.680949 -4.359885 -2.969064 3.956874 -0.000000 -0.000000 -0.000000 5.147943 -8.588054 8.024113 -6.058713 -33.679431 6.647969 -56.875443 -71.881491 -50.712416 -0.000002 -0.000000 0.000002 1.698852 3.558498 -17.187742 -2.189619 4.395428 -39.516264 -9.722318 -1.003120 -39.268144 0.000001 -0.000000 -0.000000 -31.802030 -9.081424 20.751785 32.105229 -16.467344 -84.591435 -1.282294 41.721558 6.397331 -0.000001 0.000001 0.000001 -5.021751 0.239984 3.707244 3.636345 -3.381813 9.552917 2.547421 -2.092402 -0.440895 -0.000001 -0.000000 -0.000002 
-7.624047 105.406349 -4.514636 1.699781 7.076468 -4.017393 2.834158 0.108972 -2.230884 -4.517463 -1.952014 3.506760 0.975580 -2.147934 -0.473327 -4.918369 -3.035705 4.153622 -0.000001 0.000000 -0.000000 5.333059 -8.912666 8.329852 -6.105124 -33.642684 6.872779 -55.718863 -71.549059 -49.530445 -0.000000 0.000003 0.000001 1.342929 2.957372 -17.216520 -2.321910 4.243029 -39.531704 -10.360914 -1.130595 -40.096902 -0.000001 0.000000 0.000001 -31.600830 -9.056770 21.072382 30.818575 -15.560764 -86.120639 -1.523738 43.534806 6.805063 -0.000003 0.000000 0.000001 -5.779480 0.160908 3.857281 4.339169 -3.303870 9.460416 2.161135 -1.314242 -0.620078 -0.000001 0.000001 -0.000002 
-7.684520 105.246933 -4.647080 0.978583 5.436384 -3.965143 2.348437 0.275341 -2.771786 -2.865878 -2.238400 3.968362 -0.045760 -1.540456 -0.486901 -4.848794 -3.355061 3.692217 0.000000 -0.000000 -0.000000 4.030297 -8.669184 8.610726 -7.584940 -30.695768 4.682252 -66.204313 -69.324678 -65.440684 0.000001 -0.000000 0.000001 0.341161 3.444587 -17.911842 -3.316644 6.354321 -37.939283 -11.541506 0.732619 -40.177119 0.000004 0.000002 0.000001 -29.963849 -8.623747 22.350998 29.645029 -14.019999 -86.916268 -3.840872 41.297718 8.226626 0.000001 0.000001 0.000002 -4.095022 -0.067888 4.190679 2.859134 -4.174218 9.120240 -0.276123 -4.437401 -0.318222 -0.000000 0.000001 -0.000002 
-7.743544 105.072449 -4.776694 1.068473 5.061644 -4.011253 2.127264 0.331263 -3.028150 -2.538116 -2.444202 4.337124 0.072205 -1.112504 -0.562590 -5.487896 -3.681391 3.497691 -0.000000 -0.000000 -0.000000 3.759077 -8.590081 8.682602 -7.836011 -30.090538 4.352490 -70.370326 -68.343850 -71.561709 -0.000001 -0.000002 0.000002 0.015920 3.224808 -18.408120 -3.603567 6.333837 -37.351682 -12.263832 1.231703 -41.081047 -0.000000 0.000002 0.000001 -29.240501 -8.478038 22.675572 30.400745 -14.226732 -86.016247 -4.446867 39.696411 8.433480 -0.000002 0.000002 -0.000001 -3.589836 -0.058987 4.228416 2.091145 -4.732579 9.405128 -1.344273 -6.625843 -0.153830 0.000002 0.000001 0.000001 
-7.800347 104.896210 -4.904492 1.109719 4.722497 -4.061367 2.258674 0.359605 -3.245742 -3.641736 -2.610023 4.475481 1.081022 -0.789031 -0.494203 -5.486847 -3.904779 3.446692 0.000000 -0.000000 0.000000 3.612553 -8.746358 8.658094 -7.981757 -29.797025 4.291370 -72.230938 -67.514460 -75.025926 -0.000001 -0.000002 0.000001 -0.404558 2.821180 -18.503445 -3.654194 6.693621 -37.094973 -12.738263 1.713356 -41.889352 0.000001 0.000003 0.000003 -28.718432 -8.375203 23.085116 29.760152 -13.567031 -86.441378 -4.497884 38.816286 8.376442 -0.000002 -0.000003 0.000002 -3.238403 -0.048821 4.179624 1.791441 -5.001944 9.715346 -1.802853 -7.520649 -0.120187 0.000001 0.000002 -0.000002 
-7.853212 104.714287 -5.029080 1.545818 4.836668 -4.222480 1.901867 0.353362 -3.242891 -3.547301 -2.661158 4.581805 0.813092 -1.068714 -0.564799 -5.740407 -4.026039 3.642844 -0.000001 0.000000 0.000000 4.023337 -9.338041 8.830750 -7.533275 -29.631287 4.720529 -71.548561 -67.860019 -73.908213 -0.000001 -0.000001 0.000000 -0.255446 2.827955 -18.494074 -3.441311 6.368553 -36.785903 -13.393379 1.423957 -43.359345 0.000002 0.000000 0.000001 -28.142780 -8.178048 23.436899 29.434075 -13.368581 -86.648804 -4.340365 38.175242 8.161500 0.000000 0.000003 0.000001 -3.660914 -0.052822 4.170325 2.083769 -4.993436 10.111740 -2.402103 -7.548302 -0.240747 0.000000 0.000002 -0.000000 
-7.910365 104.524048 -5.159620 1.765517 4.979807 -4.340312 1.813416 0.337272 -3.188173 -3.049532 -2.595649 4.586940 0.538243 -1.042692 -0.560951 -5.967514 -3.908987 3.805041 -0.000000 0.000000 0.000000 4.468366 -9.641890 8.972118 -7.095729 -29.956103 5.479781 -71.170100 -68.485713 -72.376776 -0.000003 -0.000002 -0.000001 -0.144440 2.559003 -18.694257 -3.363026 5.557099 -36.800417 -13.462807 1.778223 -44.400980 0.000002 -0.000002 0.000001 -27.429714 -7.992208 23.788528 29.599362 -13.567750 -86.666303 -4.440272 36.886259 8.189760 -0.000001 -0.000001 0.000001 -4.343156 -0.015616 4.113571 2.779442 -4.885864 10.626055 -2.886887 -8.035487 -0.211542 0.000001 0.000002 -0.000002 
-7.962374 104.348351 -5.296180 1.990598 5.439979 -4.517644 1.661463 0.323015 -3.048371 -2.321864 -2.673002 4.807531 -0.013018 -1.679364 -0.771589 -6.504028 -3.740390 3.829644 -0.000000 -0.000000 -0.000000 4.575945 -9.521266 8.873694 -6.887893 -30.414030 5.987419 -70.725038 -68.654487 -71.889893 -0.000002 -0.000002 -0.000001 0.065910 2.636010 -18.698758 -3.340828 4.921503 -36.968962 -13.329868 2.096637 -45.092031 0.000004 -0.000000 -0.000001 -27.326480 -7.900969 23.786713 29.623702 -13.603756 -86.607851 -4.875363 36.961545 8.415059 -0.000001 -0.000000 -0.000000 -4.547072 -0.029721 4.420350 2.819032 -4.805307 10.512201 -2.903348 -8.289710 -0.198603 0.000001 -0.000001 0.000003 
-8.014151 104.165375 -5.421510 2.341275 5.057507 -4.533257 1.889725 0.301484 -3.154613 -3.192773 -2.661986 4.755495 0.620329 -1.512171 -0.724593 -6.547382 -3.728390 4.008201 -0.000000 -0.000000 0.000000 4.841925 -9.804215 9.115193 -6.615616 -30.609339 6.570582 -71.397388 -69.000224 -72.095201 -0.000002 -0.000001 -0.000000 -0.057926 2.237879 -18.603414 -3.363471 4.619541 -37.178448 -13.587136 2.298921 -46.095980 0.000000 -0.000002 0.000001 -26.993169 -7.855284 24.116175 29.392459 -13.527557 -87.081982 -4.800825 36.597455 8.320301 -0.000000 -0.000000 0.000001 -4.680202 0.011903 4.546861 2.723934 -4.720241 10.409117 -3.044751 -8.548530 -0.102229 0.000001 0.000002 -0.000002 
-8.064871 103.977219 -5.549006 2.267371 5.219297 -4.572802 1.867766 0.307878 -3.168954 -2.803520 -2.573974 4.663191 0.394280 -1.587739 -0.574739 -6.614104 -3.744174 3.979153 -0.000001 -0.000000 -0.000000 4.919690 -9.977645 9.497666 -6.771641 -30.687692 6.302619 -71.953475 -68.618847 -73.577591 -0.000001 0.000001 -0.000000 -0.254290 2.080338 -18.937920 -3.609674 4.066679 -36.987476 -12.985591 4.281168 -46.782390 -0.000001 -0.000000 -0.000000 -26.783229 -7.803430 24.177773 29.151620 -13.457180 -87.511956 -4.750805 37.144608 8.209298 0.000002 0.000007 0.000004 -4.701120 0.042552 4.600490 3.228395 -4.529919 10.654433 -3.618078 -8.564332 -0.075508 0.000002 0.000001 -0.000002 
-8.114552 103.809906 -5.675354 2.367235 5.580076 -4.670155 2.041418 0.310129 -3.213139 -2.638507 -2.596550 4.714944 0.145789 -1.295184 -0.514500 -6.846082 -4.006844 4.171369 -0.000001 -0.000000 0.000000 5.031594 -10.205091 9.683529 -6.956728 -31.354707 6.427969 -71.733584 -68.403047 -73.970949 0.000000 -0.000000 0.000002 -0.214896 2.204092 -18.959605 -3.730640 3.590823 -36.811216 -12.705615 5.383982 -47.287988 0.000004 0.000000 0.000001 -26.686603 -7.810615 24.071894 29.649598 -13.952538 -87.159662 -4.958474 36.484463 8.336834 0.000000 0.000000 0.000002 -5.092441 0.083976 4.617781 3.643632 -4.411390 10.939003 -3.895320 -9.006139 -0.067814 0.000000 0.000002 -0.000000 
-8.161369 103.635223 -5.809190 2.812571 5.364787 -4.749865 1.947647 0.305644 -3.187157 -2.724618 -2.551451 4.653883 0.109169 -1.408762 -0.541768 -7.199654 -4.136025 4.090201 -0.000001 0.000000 -0.000000 4.471489 -8.658839 9.423534 -7.376759 -32.826613 6.355450 -72.004510 -67.924305 -75.623383 -0.000002 -0.000000 0.000001 -0.085627 2.348825 -18.823568 -3.973691 2.930869 -36.948359 -13.190064 5.728135 -48.549705 -0.000000 -0.000003 0.000003 -26.341316 -7.820899 24.466906 29.841223 -14.157751 -87.291074 -4.381276 35.854658 7.846395 -0.000001 0.000000 0.000003 -5.690252 0.141069 4.636798 3.856389 -4.413603 11.045491 -3.867201 -9.328569 -0.016079 0.000001 0.000001 0.000003 
-8.214096 103.483040 -5.950101 4.184433 6.956370 -4.835777 1.126720 0.244633 -2.984143 -1.202028 -2.286528 4.365840 -1.646236 -2.322456 -0.458374 -7.908334 -4.108308 4.573475 -0.000000 0.000000 0.000000 5.416001 -9.569432 9.390497 -6.637451 -34.310765 7.840968 -67.055088 -69.775225 -67.619235 -0.000000 -0.000000 0.000002 0.693433 2.868298 -18.636298 -3.619732 1.733364 -37.355893 -13.876591 3.539327 -50.633350 0.000003 0.000000 0.000001 -27.289433 -7.950954 23.527924 29.309417 -14.265201 -87.300760 -2.527155 38.552501 6.899115 0.000001 -0.000000 -0.000000 -7.076310 0.121973 4.610653 3.431302 -4.147607 11.064571 -0.475502 -4.711070 -0.418185 -0.000001 -0.000000 -0.000002 
-8.252005 103.311417 -6.076996 3.670396 6.281428 -4.894667 1.733334 0.302243 -3.128097 -2.088472 -2.452305 4.626660 -0.827410 -0.997888 -0.606288 -8.192952 -4.875302 4.875378 -0.000001 -0.000000 0.000000 5.571555 -10.681729 9.865600 -6.900998 -33.604111 7.567418 -68.845848 -69.047031 -70.199236 -0.000001 -0.000002 0.000001 -0.316632 1.491869 -18.714349 -3.662166 2.454330 -36.990699 -14.550046 4.375242 -51.254399 0.000004 -0.000003 0.000003 -26.771550 -7.920211 24.094078 30.247500 -14.638320 -86.923480 -3.461923 36.089319 7.325993 -0.000000 -0.000000 -0.000000 -6.496349 0.127296 4.657818 3.679867 -4.526184 11.270545 -2.545132 -7.375193 -0.256450 -0.000001 0.000002 -0.000000 
-8.283950 103.148781 -6.206577 3.253494 6.027442 -5.006362 1.921220 0.305952 -3.032533 -2.596512 -2.534709 4.743304 -0.194943 -0.513268 -0.702311 -8.079420 -5.094245 5.020883 -0.000000 0.000000 -0.000000 5.734630 -10.922614 9.990233 -6.908724 -33.296370 7.330442 -69.458277 -69.026827 -70.800293 -0.000002 0.000005 0.000000 -0.501967 1.067701 -18.749853 -3.502619 2.747064 -36.724606 -15.244139 4.379433 -52.275959 0.000000 -0.000001 0.000002 -26.195029 -7.753207 24.438856 31.047042 -15.195825 -86.330265 -3.210017 34.530137 7.119253 -0.000003 -0.000004 -0.000001 -6.489345 0.155773 4.618084 4.105815 -4.522308 11.634829 -3.617923 -8.394274 -0.294938 0.000001 -0.000000 -0.000000 
-8.312989 102.975883 -6.335518 3.501667 6.271661 -5.200167 1.803016 0.291343 -2.840148 -3.202726 -2.597324 4.742437 0.306388 -0.872537 -0.768097 -8.140962 -5.021064 4.963930 0.000000 0.000000 -0.000000 5.706445 -10.648552 9.993522 -6.961641 -33.511128 7.325357 -70.130101 -68.854386 -72.162356 -0.000002 -0.000000 0.000001 -0.292124 1.379037 -18.708443 -3.595357 2.506734 -36.778229 -15.816293 3.981518 -53.194637 0.000001 0.000003 -0.000002 -26.242198 -7.745624 24.514462 30.769842 -15.207940 -86.875860 -3.021173 35.114498 6.906323 0.000001 0.000007 0.000000 -7.036308 0.125131 4.602067 4.174198 -4.486574 12.122664 -4.062625 -9.825547 -0.083097 -0.000000 0.000002 -0.000000 
-8.336923 102.816154 -6.463349 3.892305 6.408886 -5.288575 1.731490 0.272121 -2.840058 -2.894609 -2.622015 4.812577 -0.164617 -0.378358 -0.750246 -7.952762 -5.166557 5.205501 -0.000000 -0.000000 -0.000000 6.169706 -11.334434 10.075272 -6.574384 -33.428739 7.958287 -71.539299 -69.192999 -73.100742 -0.000001 -0.000002 -0.000001 -0.280211 1.167701 -18.619195 -3.591612 2.087262 -36.915458 -16.033732 3.740040 -53.675906 -0.000001 0.000004 0.000001 -26.165843 -7.691602 24.638154 30.980447 -15.501043 -86.833814 -1.709117 35.527229 6.227894 -0.000001 -0.000002 0.000002 -7.678882 0.080749 4.482931 4.315325 -4.512785 12.408265 -4.454353 -10.135168 -0.171959 0.000001 0.000001 -0.000000 
-8.358359 102.652512 -6.590553 4.165497 6.734622 -5.410452 2.182095 0.266885 -2.702914 -3.794680 -2.741555 4.903075 0.405648 -0.897934 -0.907103 -8.052960 -4.984805 5.082327 -0.000001 0.000000 -0.000001 6.127713 -11.251233 10.040544 -6.480298 -33.707588 8.348187 -69.966805 -69.368781 -71.190269 -0.000001 -0.000000 0.000001 -0.173249 1.261973 -18.545336 -3.721486 1.578763 -37.083969 -15.985969 3.813023 -54.100904 -0.000002 0.000002 0.000001 -26.255882 -7.712158 24.606146 30.529515 -15.236675 -87.610188 -1.755543 36.216969 6.347386 -0.000000 0.000001 -0.000002 -8.259144 0.054872 4.654446 4.861838 -4.378316 12.385710 -4.780402 -10.766925 -0.144525 -0.000000 0.000002 -0.000002 
-8.376033 102.482574 -6.722402 3.876160 6.129200 -5.470091 2.439966 0.249410 -2.723134 -3.676697 -2.826038 5.032693 0.363040 -1.106040 -0.966223 -8.514516 -4.955870 5.078038 -0.000000 0.000000 -0.000000 6.368180 -11.489466 10.179975 -5.869341 -32.956995 8.791536 -69.525677 -69.942250 -69.783544 -0.000001 -0.000002 0.000000 0.146617 1.540576 -18.597417 -3.766746 0.828876 -37.373955 -16.288691 2.922100 -54.511228 -0.000001 -0.000002 -0.000001 -25.767368 -7.544621 25.214333 29.998239 -14.837927 -88.396008 -1.721127 36.701793 6.423563 0.000001 0.000002 0.000000 -7.982287 0.004844 4.768704 5.494745 -4.343024 12.353733 -5.187645 -10.217863 -0.389669 0.000000 0.000002 -0.000002 
-8.394595 102.321815 -6.854618 4.035559 6.297676 -5.603495 2.356642 0.249955 -2.698206 -3.541277 -2.874559 5.128320 0.152051 -1.773265 -0.987448 -8.986415 -4.830462 4.948841 -0.000000 -0.000000 -0.000000 6.177434 -10.685711 10.082506 -5.714367 -33.077346 8.721579 -71.790841 -70.171048 -72.008144 0.000000 0.000001 -0.000000 0.773030 2.389944 -18.580901 -3.778536 -0.008701 -37.386857 -16.750942 2.009654 -55.054637 0.000002 -0.000000 -0.000001 -25.560752 -7.458335 25.495561 30.292350 -15.002710 -88.209318 -1.376202 36.475266 6.223058 0.000002 -0.000003 0.000002 -8.405255 -0.034280 4.891282 5.898953 -4.405424 12.390874 -5.277738 -10.167719 -0.475681 0.000001 0.000001 -0.000004 
-8.404608 102.146858 -6.986240 4.315606 6.166261 -5.487390 2.195229 0.258533 -2.879557 -2.855717 -2.828307 5.177689 -0.227809 -1.247792 -0.988803 -9.715901 -4.869803 5.056755 -0.000000 -0.000000 0.000000 6.401514 -11.183937 10.419907 -5.420421 -33.273123 9.341958 -71.303282 -70.522871 -70.781196 -0.000002 -0.000004 -0.000001 0.239103 1.310320 -18.548845 -3.389424 0.509559 -37.300886 -16.720692 1.922379 -55.281311 -0.000000 0.000002 0.000003 -25.614150 -7.540960 25.649109 30.229345 -15.082270 -88.771545 -1.416564 36.123108 6.118022 0.000001 -0.000001 0.000001 -9.025006 0.004206 4.782408 6.432594 -4.207157 12.370200 -5.402292 -9.834073 -0.433827 0.000000 -0.000000 -0.000002 
-8.416906 101.986526 -7.119176 4.302460 5.825712 -5.479110 2.005256 0.260472 -2.929415 -3.553352 -2.873905 5.183956 0.389046 -1.979727 -1.031914 -9.180632 -4.477261 4.738852 0.000000 -0.000001 0.000000 5.895928 -10.105050 9.899966 -5.431867 -33.401056 9.270412 -71.262751 -70.159321 -71.675254 0.000000 -0.000004 -0.000001 0.596666 1.940574 -18.560383 -3.496960 -0.046454 -37.151315 -16.369906 2.713380 -55.411788 -0.000001 -0.000002 0.000001 -24.962610 -7.395153 26.200035 30.444253 -15.393952 -88.932601 -1.493227 34.966730 6.069608 -0.000000 -0.000005 0.000002 -9.367222 0.060672 4.622753 7.056718 -4.014664 12.651998 -5.421044 -9.991457 -0.415726 0.000001 0.000002 -0.000000 
-8.426147 101.827042 -7.245766 4.572491 6.005032 -5.500311 2.204603 0.264639 -3.038650 -3.529671 -2.956425 5.320618 -0.042948 -2.511335 -1.038040 -7.856891 -4.287265 4.555680 -0.000000 0.000000 0.000000 5.933640 -10.194976 10.021495 -5.479042 -33.286712 9.195642 -71.802985 -70.099181 -72.230890 -0.000002 -0.000001 -0.000000 1.162714 3.026453 -18.470210 -3.938407 -0.963997 -37.228031 -16.656974 2.674035 -55.455720 -0.000003 -0.000001 0.000001 -25.367558 -7.571747 26.169031 30.780763 -15.751907 -88.777802 -1.289215 34.424987 5.921189 -0.000000 0.000001 0.000001 -10.313468 0.062869 4.449557 8.100532 -3.741793 13.033161 -5.899286 -10.540111 -0.369235 0.000001 0.000001 -0.000005 
-8.432322 101.668716 -7.370770 4.669791 5.997399 -5.507818 2.276537 0.282344 -3.183586 -3.677617 -2.996810 5.335814 -0.122955 -2.391642 -0.938595 -7.113537 -4.370349 4.577748 -0.000000 0.000000 0.000000 5.840840 -10.234244 10.084826 -5.794212 -33.389458 9.063740 -72.648563 -69.741689 -73.593553 0.000001 0.000001 -0.000002 1.447094 3.773322 -18.275303 -4.231514 -1.237504 -37.148992 -16.582263 3.191202 -55.354469 -0.000001 -0.000001 0.000002 -25.175305 -7.526991 26.363424 30.645225 -15.770227 -89.089880 -1.169187 34.431076 5.871978 0.000002 0.000006 0.000002 -11.187437 0.066243 4.396586 9.252968 -3.372848 13.212687 -6.353663 -10.144876 -0.486857 0.000001 0.000002 -0.000003 
-8.437656 101.509109 -7.489905 4.058990 6.159590 -5.598575 2.799530 0.278843 -3.046812 -4.128274 -3.059959 5.399886 0.032773 -2.603937 -1.019228 -6.655819 -4.099827 4.492282 -0.000001 0.000000 0.000000 6.038205 -10.614128 10.123462 -5.561878 -32.896930 9.119225 -72.256646 -69.849148 -72.856194 -0.000001 -0.000004 0.000001 1.515691 3.813654 -18.124459 -3.878519 -0.468852 -37.096325 -16.389753 3.528342 -55.263665 -0.000004 -0.000002 -0.000000 -25.056624 -7.481801 26.435250 29.848784 -15.294593 -90.042514 -1.383217 35.456209 6.051723 0.000001 0.000003 0.000000 -11.100147 0.030004 4.731052 9.931952 -3.028423 13.155398 -6.635486 -10.751546 -0.367289 0.000002 -0.000003 -0.000000 
-8.444649 101.357727 -7.611754 4.068694 5.973521 -5.598874 2.977182 0.273271 -3.078594 -3.835029 -3.064681 5.460829 -0.203491 -2.345455 -1.056946 -6.941821 -4.215237 4.610595 -0.000001 0.000000 0.000000 6.142802 -10.708234 10.191794 -5.382129 -33.114086 9.623698 -72.596961 -70.067885 -72.688075 -0.000000 -0.000001 -0.000000 1.414081 3.550100 -18.168382 -3.710505 -0.371438 -37.040225 -16.704184 3.056252 -55.259444 -0.000001 0.000001 -0.000002 -24.886498 -7.469561 26.672010 29.307437 -14.949862 -90.784696 -1.463779 36.024972 6.132959 -0.000001 0.000004 0.000001 -11.285866 0.069985 4.753866 10.270230 -2.893640 13.159691 -6.725758 -10.875833 -0.390047 0.000001 -0.000000 -0.000000 
-8.453075 101.200165 -7.733019 4.602086 6.189216 -5.617759 3.016626 0.270880 -3.070340 -4.162753 -3.038490 5.384319 -0.106730 -2.739232 -1.034498 -6.982758 -4.120525 4.537336 0.000000 -0.000000 0.000000 6.057422 -10.411420 10.255999 -5.357917 -33.485808 10.060015 -70.722087 -70.269403 -70.209898 -0.000002 -0.000002 0.000001 1.396373 3.505868 -18.328336 -3.926730 -1.031017 -37.072156 -16.981647 2.592198 -55.470340 -0.000001 -0.000001 0.000002 -25.310545 -7.642734 26.709786 29.675208 -15.287951 -90.640640 -1.790004 35.943871 6.375119 -0.000000 -0.000005 0.000001 -11.928614 0.048216 4.749974 10.337861 -2.914190 13.131987 -6.776743 -11.117132 -0.379026 -0.000001 0.000003 -0.000002 
-8.470640 101.046700 -7.858002 4.721880 6.407164 -5.717512 2.925413 0.259383 -2.969422 -3.512600 -3.089146 5.528937 -0.633624 -2.869448 -1.185776 -8.378977 -4.021184 4.503113 -0.000000 -0.000000 -0.000000 6.225548 -10.409928 10.359527 -4.891978 -33.259371 10.447541 -70.021125 -71.069252 -68.056073 -0.000001 -0.000002 0.000002 1.403681 3.288132 -18.341810 -3.884376 -1.502066 -37.268418 -17.435298 1.433946 -55.817440 0.000003 -0.000002 0.000001 -25.341260 -7.633369 26.872705 30.924996 -16.446049 -89.598544 -1.049385 35.061960 5.795918 -0.000001 0.000003 -0.000001 -12.383287 0.059780 4.671141 10.370212 -2.897328 13.566095 -6.569699 -11.773040 -0.277653 -0.000000 0.000001 0.000001 
-8.487893 100.900772 -7.976254 4.230890 6.695269 -5.789820 3.265527 0.245492 -2.728306 -4.051348 -3.008865 5.337697 -0.160116 -2.921722 -1.159033 -8.867624 -3.970578 4.541057 -0.000001 -0.000000 0.000000 6.390056 -10.598880 10.563015 -4.849748 -32.925268 10.248680 -69.372934 -71.255648 -66.850176 -0.000001 -0.000006 -0.000000 1.386585 3.161250 -18.394009 -3.840749 -1.478449 -37.208958 -16.743464 2.434383 -55.631355 -0.000001 0.000002 0.000003 -25.068965 -7.511004 26.851125 31.478388 -16.988762 -89.154268 -0.410607 35.295429 5.350442 -0.000001 0.000002 0.000001 -12.786927 0.071330 4.503031 11.097212 -2.661394 14.229483 -6.860531 -11.965857 -0.246386 0.000000 0.000002 -0.000007 
-8.512521 100.755196 -8.102985 4.389418 6.496452 -5.747045 3.517689 0.268454 -2.827312 -4.043618 -3.131495 5.492448 -0.269553 -3.210342 -1.345026 -8.979357 -3.758664 4.304765 -0.000000 -0.000000 0.000000 6.244284 -10.728299 10.588353 -4.780623 -32.165485 10.299452 -70.099297 -71.509041 -66.785296 -0.000000 -0.000003 -0.000001 1.484844 3.504723 -18.592207 -4.175735 -1.808849 -37.121552 -16.692764 2.492614 -55.726458 -0.000003 -0.000003 0.000001 -24.718439 -7.344650 27.235560 31.810797 -17.278702 -88.867728 -0.215579 34.769652 5.051170 -0.000000 -0.000002 0.000000 -13.194688 0.043047 4.474944 11.232417 -2.480348 14.225787 -6.441452 -11.873060 -0.034761 0.000001 -0.000002 0.000001 
-8.542786 100.606682 -8.224917 4.267536 6.352318 -5.688340 3.527268 0.283172 -2.964630 -4.112333 -3.133274 5.485868 -0.299198 -2.999462 -1.280416 -8.975762 -3.714006 4.140418 -0.000000 0.000001 0.000000 5.993479 -10.399051 10.676913 -4.821921 -31.907177 9.609449 -71.649163 -71.557133 -68.187739 -0.000001 0.000001 0.000001 1.488442 3.530835 -18.674227 -4.074061 -1.614913 -37.059018 -16.403560 3.113313 -55.824249 -0.000003 -0.000002 0.000001 -24.263255 -7.218935 27.545330 31.597838 -17.127510 -89.261201 -0.682711 34.838374 5.414967 -0.000001 0.000001 0.000001 -12.844624 0.065904 4.510183 11.164348 -2.447065 14.244225 -6.625695 -11.646972 -0.014513 0.000000 0.000002 -0.000002 
-8.571696 100.463799 -8.337292 4.494263 6.566128 -5.753305 2.986679 0.290974 -3.042116 -4.130859 -3.075991 5.376950 -0.102054 -2.710702 -1.160343 -8.759934 -3.956439 4.216509 -0.000000 -0.000000 0.000000 5.731519 -10.089275 10.664259 -5.082985 -32.217647 9.171110 -71.910595 -71.364924 -68.893222 -0.000001 -0.000002 0.000000 1.482464 3.631668 -18.667732 -4.069396 -1.546897 -36.854779 -15.978599 3.931028 -55.771384 0.000000 -0.000000 -0.000001 -24.544186 -7.365887 27.489773 32.036849 -17.465704 -89.094640 -0.957966 34.546168 5.607736 -0.000000 0.000000 0.000001 -13.215043 0.100833 4.515749 11.394077 -2.420448 14.465444 -6.839339 -11.906297 0.013319 0.000002 0.000002 -0.000000 
-8.605170 100.317093 -8.439660 4.284293 6.272145 -5.721394 3.368427 0.292854 -3.125173 -3.971523 -3.051881 5.344619 -0.297881 -2.272404 -1.136087 -9.317106 -4.126321 4.330061 -0.000001 -0.000000 -0.000000 5.656960 -9.937198 10.769302 -4.886187 -32.285652 9.614370 -71.559947 -71.656396 -68.022783 -0.000002 -0.000001 -0.000000 1.123690 2.980574 -18.836842 -3.768633 -1.030402 -36.726771 -15.980676 3.639524 -55.778098 0.000001 0.000001 -0.000002 -24.224924 -7.254713 27.720628 32.444259 -17.867129 -88.969245 -0.868304 34.054165 5.428826 0.000000 -0.000002 -0.000000 -13.429206 0.119325 4.476973 12.305226 -2.162495 14.735344 -7.515504 -11.691364 -0.102929 -0.000000 0.000002 -0.000002 
-8.642044 100.167236 -8.531171 3.826147 5.682780 -5.728196 3.841794 0.282169 -3.026824 -3.957237 -2.983165 5.233261 -0.418064 -2.589028 -1.156858 -8.394183 -3.814135 4.318028 0.000000 -0.000000 -0.000000 5.511012 -9.691609 10.814259 -4.764991 -31.400476 9.803458 -71.779831 -71.456210 -68.742739 -0.000001 -0.000003 -0.000003 0.540820 2.135860 -19.069979 -3.499326 0.552193 -36.629837 -16.395493 2.971032 -55.874048 -0.000000 -0.000002 -0.000001 -23.912776 -7.083749 27.963787 31.939385 -17.737658 -89.828230 -1.499270 34.734196 5.822805 0.000000 0.000003 0.000001 -13.673761 0.084217 4.496987 13.237713 -1.679363 14.922314 -7.913774 -11.416010 -0.049173 0.000001 0.000002 -0.000004 
-8.676919 100.035973 -8.630660 3.741369 5.971584 -5.890396 3.243991 0.213923 -2.790564 -4.050576 -3.000410 5.220105 -0.264887 -2.466477 -1.304733 -8.190040 -3.908093 4.670368 0.000000 0.000000 -0.000000 5.455064 -9.237690 10.490584 -4.953072 -31.048247 9.685305 -74.097348 -70.687404 -72.711230 0.000001 -0.000001 -0.000001 0.097877 1.562418 -19.165958 -3.275354 1.642192 -36.086003 -17.370937 2.580734 -56.126274 -0.000001 -0.000001 0.000002 -24.012493 -7.114013 27.704400 32.271298 -17.873876 -88.970447 -1.911057 34.596578 6.048392 0.000000 -0.000002 0.000002 -13.501421 0.047401 4.534934 13.020917 -1.889141 15.383936 -7.915324 -11.107733 -0.136439 0.000001 -0.000002 -0.000004 
-8.716319 99.897614 -8.733025 3.759188 6.031322 -6.091025 3.517363 0.169610 -2.560679 -4.319911 -3.053834 5.300179 -0.291845 -2.791721 -1.406569 -8.077384 -3.784445 4.840771 0.000000 0.000000 0.000000 5.484288 -8.974413 10.519908 -4.792520 -30.518945 9.986806 -74.802818 -70.566687 -73.302376 0.000000 0.000003 0.000001 0.163257 1.797027 -19.264134 -3.452459 1.500662 -36.056514 -17.891955 2.599840 -55.980746 -0.000002 0.000000 0.000001 -24.018253 -7.223281 27.769285 32.339969 -17.954481 -88.782098 -1.858918 35.086344 6.101312 0.000000 0.000001 0.000000 -14.290693 0.082159 4.366136 13.802169 -1.711687 16.241136 -8.268418 -11.659412 -0.071135 0.000002 0.000002 -0.000002 
-8.751796 99.762543 -8.832678 3.628126 5.760080 -6.211866 3.642249 0.160753 -2.471636 -4.579928 -2.956547 5.143447 -0.169940 -2.367378 -1.277255 -7.658046 -3.917311 4.958009 -0.000001 -0.000000 0.000000 5.510789 -9.295665 10.610999 -4.786917 -29.926983 10.063904 -76.529114 -70.372382 -75.142285 -0.000000 -0.000001 -0.000001 -0.064994 1.633584 -19.272972 -3.637023 1.816666 -35.886832 -17.385604 3.765507 -55.740846 -0.000001 0.000000 0.000002 -23.397298 -7.063492 28.091057 32.324642 -17.937663 -89.071390 -1.741176 34.734343 6.039862 -0.000000 0.000003 -0.000001 -14.997620 0.102024 4.267191 14.517598 -1.601646 16.771967 -8.188505 -11.909482 -0.028935 0.000002 0.000001 0.000003 
-8.786856 99.631859 -8.928714 3.448405 5.790981 -6.290823 3.608301 0.147288 -2.419636 -3.540476 -2.926270 5.230687 -0.998152 -2.302937 -1.264993 -7.356268 -3.762696 4.867455 -0.000000 0.000000 -0.000000 5.352710 -8.851209 10.756459 -4.890856 -30.124935 9.834876 -77.124905 -70.300173 -75.942865 -0.000001 -0.000001 -0.000000 0.269135 2.234148 -19.339911 -3.756971 1.487197 -35.764148 -17.044027 4.307796 -55.630723 -0.000001 0.000001 -0.000003 -23.222746 -7.015935 28.131510 33.475010 -18.763831 -87.924410 -1.633982 33.923559 5.890512 -0.000002 -0.000004 0.000001 -15.839595 0.164274 3.912096 15.412066 -1.371201 17.616709 -8.069229 -12.156248 0.096590 0.000001 0.000001 -0.000004 
-8.822449 99.501152 -9.011400 3.501570 5.866899 -6.413544 3.966991 0.160654 -2.429200 -3.490422 -3.076426 5.458054 -1.142767 -2.146609 -1.464813 -7.875445 -3.986543 5.080929 -0.000000 -0.000000 0.000000 5.626234 -9.508969 11.140935 -4.794089 -29.828396 10.108064 -76.957818 -70.722886 -74.623054 -0.000000 -0.000002 0.000000 -0.080325 1.599239 -19.266895 -3.741044 1.754604 -35.831661 -16.810474 4.505923 -55.609628 -0.000001 0.000003 -0.000002 -23.330992 -7.032248 28.301691 33.417172 -18.810203 -88.199182 -1.974193 34.396529 6.111856 -0.000000 -0.000001 -0.000001 -16.081081 0.134604 4.009250 15.829925 -1.192801 17.841202 -8.364569 -12.692289 0.124870 0.000002 0.000001 -0.000002 
-8.850987 99.381378 -9.098441 3.264198 5.977092 -6.448202 3.779436 0.150834 -2.505141 -3.413514 -2.980949 5.336539 -1.151765 -2.275650 -1.268065 -7.200905 -3.942620 5.211581 -0.000000 -0.000001 0.000000 5.547703 -8.883944 11.040967 -4.667514 -29.757133 9.948831 -78.758925 -70.556455 -76.862769 0.000001 0.000003 -0.000001 0.285850 2.050942 -19.304423 -3.725137 1.306659 -35.872522 -16.627006 4.588443 -55.445246 -0.000001 0.000003 0.000003 -22.931768 -6.859567 28.394338 32.667692 -18.391724 -89.092926 -1.973328 35.177940 6.134771 0.000000 -0.000002 0.000001 -15.793033 0.123325 4.106134 15.858613 -1.123183 17.765973 -8.208604 -12.329415 0.108784 -0.000000 0.000003 0.000003 
-8.875932 99.251015 -9.184318 3.559710 6.258699 -6.411501 3.584904 0.231386 -2.664170 -4.028227 -3.031102 5.294781 -0.206728 -2.398856 -1.187240 -7.738682 -4.175073 4.931350 -0.000000 -0.000000 0.000000 5.379598 -9.153644 11.205513 -4.544369 -30.148680 10.080787 -78.442803 -70.924828 -75.795497 -0.000003 -0.000002 -0.000001 0.248334 2.000873 -19.235006 -3.539736 1.393119 -35.905850 -16.414051 4.485049 -55.723463 -0.000004 0.000000 0.000001 -23.714748 -7.205341 28.246234 32.448849 -18.476037 -90.036045 -1.086048 35.749015 5.693460 -0.000001 0.000002 0.000002 -15.532701 0.202948 4.064257 15.560865 -1.004791 17.768300 -8.775196 -12.585272 0.097541 0.000001 0.000002 -0.000002 
-8.897202 99.139694 -9.269978 3.308344 6.520982 -6.548502 3.666493 0.199928 -2.578688 -4.259658 -3.099508 5.429679 -0.092363 -2.251081 -1.342332 -7.496122 -4.281046 5.275584 -0.000000 -0.000000 0.000000 5.425143 -9.359224 11.028640 -4.731155 -29.918564 10.002891 -79.769854 -70.168842 -78.520292 -0.000001 0.000001 -0.000000 -0.147901 1.640141 -19.026855 -3.732549 1.692845 -35.865935 -16.676532 5.290457 -55.705032 0.000001 0.000002 -0.000000 -23.310992 -7.151092 28.430458 32.253458 -18.227219 -90.166024 -1.097807 36.156860 5.785433 -0.000001 -0.000001 -0.000000 -15.935026 0.207514 4.045775 15.866214 -1.105775 18.028539 -8.891241 -12.844079 0.123196 0.000002 0.000001 -0.000000 
-8.912029 99.030426 -9.354536 3.591920 6.537498 -6.647800 3.559027 0.190857 -2.523378 -4.574634 -3.147944 5.482078 0.217989 -2.347904 -1.432835 -7.862828 -4.354465 5.421681 0.000000 -0.000000 0.000000 5.427777 -9.461285 10.995466 -4.663015 -29.661104 10.281051 -81.589109 -69.821663 -80.851408 -0.000002 0.000001 -0.000000 -0.242946 1.615670 -18.994973 -4.066552 1.075796 -35.970495 -16.613745 5.729772 -55.558610 -0.000000 0.000004 0.000003 -23.364318 -7.240009 28.626658 32.428977 -18.367552 -90.121061 -1.013344 36.033968 5.701172 -0.000000 -0.000004 -0.000001 -16.661937 0.239204 3.963568 16.191255 -1.084536 18.291074 -8.670101 -12.882107 0.217914 0.000001 0.000001 -0.000004 
-8.923622 98.918953 -9.421493 3.841107 6.590797 -6.677448 3.555472 0.158006 -2.651408 -4.531830 -3.166003 5.538776 -0.107278 -2.182409 -1.312637 -7.370427 -4.217005 5.471392 -0.000000 -0.000000 0.000000 5.456930 -8.920374 11.129272 -4.701521 -30.138264 10.158213 -81.980971 -70.150920 -80.587073 -0.000001 -0.000002 -0.000001 0.138819 1.913692 -18.963100 -3.832797 0.994647 -36.041819 -17.065576 4.802157 -55.904695 0.000000 0.000002 0.000001 -23.694865 -7.401358 28.655864 32.555666 -18.542398 -90.109449 -1.438611 35.911796 5.955149 0.000001 -0.000001 0.000001 -17.487979 0.263446 3.953402 17.102688 -0.775665 18.477154 -9.177283 -13.125610 0.170886 0.000000 0.000001 0.000001 
-8.920701 98.810425 -9.495216 3.285898 6.838557 -6.815711 4.451496 0.126980 -2.417232 -5.283155 -3.231990 5.548186 0.342152 -2.136155 -1.292446 -7.571543 -4.246415 5.536768 0.000000 -0.000000 -0.000000 5.763232 -9.326498 11.331505 -4.402513 -30.035583 10.448776 -81.116529 -70.716487 -78.661287 -0.000000 -0.000001 -0.000002 0.198862 1.775031 -18.895268 -3.774370 0.729897 -36.320573 -16.822560 4.922548 -55.938010 -0.000000 -0.000001 0.000002 -23.399839 -7.297125 28.632744 32.078697 -18.323806 -90.802734 -1.207423 37.164787 5.917998 -0.000000 -0.000000 -0.000000 -16.996173 0.265170 4.182988 16.955166 -0.708647 18.428969 -9.408358 -13.432998 0.230111 0.000000 0.000003 0.000002 
-8.916317 98.706551 -9.567961 4.017063 7.324463 -6.892818 3.482972 0.146347 -2.487381 -4.493762 -3.279761 5.705667 -0.117604 -2.274417 -1.325659 -7.858756 -4.326565 5.531129 -0.000001 -0.000000 0.000000 5.635108 -9.185824 11.424280 -4.626811 -29.952087 10.164776 -83.267321 -70.460792 -81.179776 -0.000001 -0.000004 -0.000000 0.274561 2.158564 -18.748955 -4.266374 0.090313 -36.334602 -16.503349 5.961509 -55.931429 0.000001 0.000001 -0.000001 -24.139526 -7.588718 28.558105 32.078615 -18.251346 -90.849869 -1.785034 37.145506 6.282745 -0.000000 0.000003 0.000001 -17.437956 0.228307 4.219263 16.699529 -0.881977 18.315620 -9.543219 -14.057103 0.221985 0.000001 0.000001 0.000003 
-8.910199 98.606865 -9.639299 4.282357 7.118737 -6.947365 3.576238 0.175580 -2.633712 -5.166433 -3.432610 5.852734 0.476070 -1.916339 -1.331287 -8.496522 -4.549699 5.641007 -0.000000 0.000000 -0.000000 5.559924 -9.697991 11.495617 -4.855863 -29.977608 10.250784 -83.458450 -70.003995 -81.912676 -0.000001 -0.000004 0.000001 -0.355110 1.359050 -18.684990 -4.297788 0.867791 -36.160746 -16.367526 6.707033 -55.799374 -0.000001 -0.000003 0.000004 -24.090907 -7.652979 28.844565 31.142917 -17.512088 -92.102867 -1.164512 38.297243 6.084495 0.000002 -0.000001 0.000001 -17.103970 0.172218 4.731702 16.340357 -0.952388 17.423328 -9.785087 -13.498819 0.208526 0.000002 -0.000000 0.000001 
-8.899093 98.513680 -9.701092 4.107418 6.727892 -6.950441 3.863881 0.194892 -2.744528 -4.174202 -3.487745 6.010901 -0.506670 -2.081962 -1.301319 -8.042357 -4.514317 5.355353 -0.000001 0.000000 0.000001 5.331197 -9.389184 11.484843 -5.085181 -30.234980 10.236975 -82.187905 -69.801316 -81.059462 -0.000002 0.000001 0.000001 -0.272960 1.674957 -18.428130 -4.472223 0.979531 -36.388632 -17.448507 5.530542 -56.200743 -0.000000 0.000004 0.000000 -23.704511 -7.516526 29.263105 31.028897 -17.457817 -92.433059 -1.710461 38.215725 6.421057 0.000000 -0.000001 0.000001 -17.481278 0.153742 4.807912 17.123047 -0.762499 17.223393 -9.939599 -13.131563 0.045183 0.000001 0.000002 -0.000004 
-8.886294 98.419685 -9.764289 3.801674 7.136189 -7.033325 4.483183 0.185162 -2.640190 -4.518211 -3.516947 5.982515 -0.601112 -2.325534 -1.311481 -8.300970 -4.720503 5.414879 -0.000001 -0.000001 -0.000000 5.293606 -9.154569 11.660130 -5.143707 -30.120981 9.931165 -83.059157 -69.729668 -82.171759 -0.000000 -0.000001 -0.000001 -0.196836 1.730123 -18.257605 -4.435518 1.064320 -36.343392 -17.863390 5.038350 -56.733098 0.000002 -0.000001 0.000004 -23.935401 -7.583022 29.188346 31.505470 -17.814617 -91.960376 -1.952646 37.846970 6.546888 -0.000000 -0.000002 -0.000001 -17.226089 0.102610 5.038617 17.331931 -0.768273 17.024216 -10.316980 -13.088417 -0.106779 0.000001 -0.000000 0.000001 
-8.871973 98.335587 -9.832068 3.701813 7.266327 -6.971768 4.329446 0.174327 -2.629236 -4.996805 -3.430893 5.816943 -0.113058 -2.340597 -1.275151 -8.062306 -4.749813 5.566605 0.000000 0.000000 -0.000000 5.291288 -9.014031 11.596370 -5.071417 -30.152997 9.970615 -84.214942 -69.546386 -83.565281 -0.000001 -0.000003 -0.000001 -0.272963 1.607964 -18.459245 -4.264102 1.188138 -36.057665 -17.790828 5.492336 -56.681121 0.000001 -0.000000 -0.000001 -23.842771 -7.603227 29.134425 31.734165 -18.081160 -91.874213 -1.557818 37.439436 6.273761 -0.000001 -0.000004 0.000002 -17.654719 0.221060 4.571674 17.557831 -0.719258 17.717663 -10.186997 -13.886561 -0.015848 0.000002 0.000002 -0.000002 
-8.858374 98.257011 -9.899019 3.934346 7.396101 -6.985806 4.150804 0.165040 -2.626800 -5.266474 -3.446580 5.832686 0.380735 -2.503935 -1.336870 -8.712026 -4.539181 5.537374 -0.000001 0.000000 -0.000000 5.315183 -9.048098 11.709509 -5.041253 -30.135898 10.094794 -84.172991 -69.591568 -83.144262 -0.000001 0.000003 0.000001 -0.291604 1.543135 -18.440064 -4.336153 1.048788 -36.234372 -18.209008 5.168869 -56.657495 0.000001 0.000002 -0.000000 -24.247049 -7.806884 29.083765 32.852616 -19.100861 -90.859206 -1.267546 36.675186 5.972741 -0.000000 0.000001 0.000003 -18.934473 0.336481 4.134487 17.979682 -0.423713 18.410698 -10.280455 -14.371710 0.104291 0.000002 -0.000000 0.000001 
-8.844165 98.176682 -9.957948 3.711701 7.328769 -6.944942 3.921352 0.169994 -2.821163 -4.516107 -3.421867 5.879845 -0.186579 -1.924122 -1.228756 -8.493350 -4.656783 5.638535 -0.000000 -0.000000 0.000000 5.328221 -9.170395 11.788545 -5.212807 -30.347196 9.832675 -84.647347 -69.461631 -83.786354 -0.000000 -0.000001 -0.000002 -0.391469 1.459157 -18.374249 -4.139945 1.638045 -35.960239 -18.030929 5.660575 -56.692664 0.000000 -0.000001 -0.000002 -24.171485 -7.793806 29.255524 31.740736 -18.339568 -92.119916 -1.266893 37.690828 5.910256 0.000000 0.000001 -0.000001 -17.649847 0.253472 4.714286 17.354010 -0.457344 17.452574 -10.434926 -13.705217 0.123487 -0.000001 0.000002 -0.000000 
-8.830901 98.099144 -10.020597 3.608519 7.224471 -6.846251 3.947207 0.160114 -2.844234 -4.327396 -3.486718 5.994472 -0.309710 -2.095648 -1.403283 -8.429405 -4.517147 5.484073 -0.000001 0.000000 0.000000 5.331939 -9.323388 11.546139 -4.878179 -30.006927 10.352567 -84.406767 -69.764413 -83.133647 -0.000002 -0.000004 -0.000000 -0.239116 1.722366 -18.518779 -4.241717 1.232563 -36.035661 -18.304950 5.095348 -56.897436 0.000002 0.000005 -0.000003 -23.941068 -7.732222 29.428556 31.254652 -17.922541 -92.557902 -1.363776 37.956837 6.057881 0.000001 -0.000003 0.000001 -16.971350 0.228707 5.041390 16.844534 -0.604165 16.683295 -10.271732 -13.114519 0.153442 -0.000001 0.000001 -0.000000 
-8.819219 98.036850 -10.079338 3.840349 7.207115 -6.909763 4.054632 0.166084 -2.782507 -4.609711 -3.480177 5.944973 -0.196960 -2.380791 -1.418441 -8.408800 -4.383554 5.368924 0.000000 -0.000000 0.000000 5.106689 -8.939413 11.459230 -4.967225 -30.046439 10.336383 -84.031387 -69.660095 -82.881894 -0.000000 -0.000001 -0.000000 -0.224592 1.848852 -18.560161 -4.247958 1.421366 -36.056815 -18.544976 5.014362 -57.002078 0.000001 0.000001 0.000003 -23.905399 -7.765389 29.715653 30.304504 -17.032989 -93.461037 -1.657607 38.454716 6.373463 -0.000000 -0.000000 0.000001 -17.090906 0.197578 5.179328 16.968722 -0.617605 16.469051 -10.336137 -12.748710 0.082027 0.000001 -0.000000 -0.000000 
-8.806207 97.977867 -10.136448 3.809625 7.182747 -6.979863 4.344914 0.150110 -2.717230 -5.078527 -3.555135 5.976295 0.060374 -2.389843 -1.483631 -8.547253 -4.412311 5.264957 -0.000000 -0.000000 0.000000 5.322361 -9.203195 11.481731 -4.557602 -29.585132 10.718014 -84.429915 -70.342739 -82.049246 -0.000002 -0.000004 0.000001 -0.137939 1.842334 -18.565877 -4.137013 1.384086 -36.149265 -18.561124 4.822228 -57.253221 0.000000 -0.000002 -0.000002 -23.863574 -7.747315 29.844788 30.168365 -16.893947 -93.716882 -1.485481 38.986884 6.336515 -0.000000 -0.000002 0.000001 -17.257134 0.156447 5.387085 17.180345 -0.676722 16.275519 -10.385312 -13.186239 0.065671 0.000001 0.000002 -0.000005 
-8.797133 97.926399 -10.199555 4.736247 7.105938 -7.058571 3.329050 0.139259 -2.674177 -5.046594 -3.501569 5.924250 0.406910 -2.617595 -1.498295 -8.834602 -4.322456 5.154174 -0.000000 -0.000000 -0.000000 5.264857 -8.825490 11.229126 -4.189431 -29.959754 11.525715 -83.467104 -70.869742 -80.292548 -0.000000 -0.000001 -0.000000 -0.248828 1.471324 -18.515289 -3.955601 1.419850 -36.405550 -18.922921 4.386065 -57.464465 -0.000003 -0.000001 0.000002 -24.213202 -8.002093 30.074375 29.671920 -16.346808 -93.992330 -1.749578 39.249078 6.580178 -0.000000 0.000000 -0.000000 -17.801968 0.199873 5.427226 16.830351 -0.862620 16.204754 -10.378257 -12.977886 0.009919 0.000001 0.000002 -0.000004 
-8.786548 97.883018 -10.254779 4.321812 7.511337 -7.141897 3.384833 0.174738 -2.497207 -4.561888 -3.460292 5.878504 -0.134814 -2.556905 -1.498024 -8.449551 -4.519913 5.218343 -0.000001 0.000000 -0.000000 4.997075 -8.785926 11.094027 -4.741311 -30.120909 10.896401 -82.255688 -70.119856 -80.568864 -0.000001 0.000003 0.000000 -0.377152 1.554306 -18.439638 -4.144272 1.793379 -36.323725 -18.360255 5.208535 -57.352033 0.000004 0.000002 -0.000000 -24.152153 -7.875987 29.888908 30.676060 -17.193135 -93.092453 -1.700607 38.231994 6.446093 -0.000000 0.000001 0.000001 -17.377789 0.144928 5.410031 16.979248 -0.835805 16.565340 -11.171451 -12.664057 -0.208400 0.000001 0.000004 -0.000003 
-8.779364 97.834946 -10.310207 4.019648 7.534015 -7.200594 3.818901 0.158530 -2.374946 -4.771214 -3.448103 5.830668 -0.151716 -2.942171 -1.475359 -8.506030 -4.268195 5.077352 -0.000001 -0.000000 0.000000 4.995597 -8.469681 11.218222 -4.638658 -29.775335 10.810193 -83.553212 -70.233756 -81.585162 -0.000003 -0.000002 0.000000 -0.006739 2.077892 -18.504750 -4.319242 1.274000 -36.465922 -18.347661 4.966000 -57.440265 -0.000000 -0.000000 -0.000002 -24.147523 -7.825179 29.915166 30.812923 -17.351995 -92.942059 -1.773573 38.370807 6.485685 -0.000000 0.000002 0.000001 -17.205105 0.103553 5.408702 17.147854 -0.773122 16.797503 -10.926461 -13.051339 -0.152002 -0.000001 0.000002 0.000002 
-8.776334 97.790581 -10.377017 3.813269 7.917213 -7.229527 4.143917 0.143915 -2.378843 -4.664581 -3.412044 5.790073 -0.305366 -2.812656 -1.429039 -8.824702 -4.406181 5.258778 -0.000001 0.000000 -0.000000 5.185991 -8.516947 11.484984 -4.602177 -30.070393 10.863803 -84.867873 -70.313437 -82.570287 -0.000002 0.000001 -0.000000 -0.094929 1.810459 -18.519508 -4.327757 0.772328 -36.428042 -17.920518 5.479542 -57.269009 -0.000004 -0.000002 0.000000 -24.045425 -7.785021 29.788419 31.555170 -18.028467 -92.113092 -2.027622 37.682085 6.532377 -0.000000 0.000003 -0.000001 -17.080985 0.135659 5.301833 17.071867 -0.715447 17.177767 -11.074206 -13.441144 -0.130321 0.000001 0.000001 0.000001 
-8.773649 97.741898 -10.435976 3.686938 7.787960 -7.184188 4.080594 0.147197 -2.499298 -4.991452 -3.392937 5.747280 0.082660 -2.635779 -1.395710 -8.621065 -4.615845 5.408726 -0.000001 -0.000001 0.000000 5.348015 -8.984801 11.524901 -4.398337 -29.956055 11.188173 -84.280395 -70.318416 -81.976921 -0.000000 -0.000002 0.000002 0.008713 1.971180 -18.653619 -4.293341 0.455273 -36.183774 -18.428779 5.133448 -57.709901 0.000001 -0.000000 -0.000002 -24.025576 -7.890815 29.886452 31.793711 -18.280344 -91.976215 -1.216134 37.854213 6.039942 -0.000001 0.000001 0.000001 -17.517123 0.221879 5.199698 17.567566 -0.503404 17.342059 -11.362520 -13.420682 -0.092580 0.000002 0.000001 -0.000000 
-8.777903 97.699295 -10.497369 3.614608 7.663591 -7.093719 4.045213 0.155901 -2.579534 -5.042461 -3.374936 5.716176 0.392412 -2.598828 -1.352250 -8.675182 -4.538644 5.305519 -0.000001 -0.000000 0.000000 5.161291 -8.771765 11.457728 -4.405337 -29.718628 11.272590 -85.558283 -70.269656 -83.097529 -0.000001 -0.000001 -0.000000 -0.107724 1.885900 -18.625301 -4.467410 0.492186 -36.334547 -18.060620 5.715694 -57.542944 -0.000003 -0.000002 0.000000 -23.982150 -7.886514 29.939448 30.452272 -17.157102 -93.465224 -1.778339 38.693691 6.516206 -0.000001 -0.000001 0.000003 -17.441465 0.199554 5.234769 17.657364 -0.547355 17.195734 -11.580948 -13.088367 -0.208444 0.000000 -0.000000 -0.000000 
-8.782105 97.661240 -10.554505 3.711343 7.491305 -7.106670 3.785456 0.170818 -2.575531 -4.953320 -3.432302 5.841459 0.434131 -2.606664 -1.508114 -8.406312 -4.455362 5.232014 -0.000001 0.000001 -0.000000 5.210139 -9.151018 11.562399 -4.453316 -29.151910 11.034311 -84.958496 -70.125668 -82.657419 -0.000000 -0.000000 0.000002 -0.161125 1.921874 -18.527093 -4.489734 0.942652 -36.290964 -18.578253 5.381556 -57.866736 0.000003 0.000000 0.000001 -23.888827 -7.892205 30.119604 30.303138 -16.989542 -93.554706 -2.175823 38.365203 6.771302 -0.000003 -0.000001 0.000001 -17.343397 0.197159 5.279978 17.056067 -0.719354 17.107752 -10.756950 -13.463811 0.025308 0.000001 0.000001 0.000001 
-8.789722 97.624878 -10.610520 4.009105 7.375143 -7.087656 3.735168 0.169509 -2.522627 -5.060251 -3.473368 5.861534 0.363474 -2.556620 -1.615089 -8.463494 -4.439991 5.156950 -0.000001 0.000000 0.000000 5.332736 -9.425766 11.439235 -4.166032 -28.839746 11.301940 -85.363131 -70.618596 -82.225396 0.000000 0.000003 -0.000001 -0.138215 1.836860 -18.533546 -4.364041 0.990684 -36.339461 -18.854293 4.858736 -58.303560 -0.000001 0.000000 0.000001 -24.055580 -7.894656 30.177886 30.340571 -17.009495 -93.506123 -2.284585 38.628920 6.790325 -0.000001 0.000000 0.000003 -17.766388 0.176034 5.196121 17.188612 -0.728523 17.140956 -10.578484 -13.535705 0.029171 -0.000001 0.000001 0.000001 
-8.801613 97.591690 -10.665873 4.092611 7.111278 -7.012838 3.556003 0.194309 -2.754810 -4.209598 -3.479914 5.979235 -0.361893 -2.278883 -1.556839 -8.671053 -4.471902 5.152222 0.000000 0.000000 -0.000000 5.097837 -8.954984 11.383278 -4.344297 -29.134179 11.230320 -85.952610 -70.437173 -82.962408 -0.000001 0.000001 -0.000001 -0.250898 1.685961 -18.414451 -4.240488 1.441825 -36.268499 -18.619311 5.405404 -58.402700 -0.000002 0.000001 -0.000002 -23.849847 -7.799232 30.286326 30.455643 -17.078611 -93.230306 -1.656655 38.285495 6.395030 -0.000000 -0.000002 0.000000 -16.789971 0.115486 5.638618 16.123263 -0.976176 16.234977 -10.169669 -13.333990 0.056882 0.000002 -0.000000 -0.000002 
-8.812308 97.559402 -10.722352 4.268076 6.990930 -6.993724 3.100288 0.192601 -2.773872 -4.588147 -3.447297 5.914072 0.174043 -2.174501 -1.550861 -8.370114 -4.342191 5.136073 -0.000000 0.000000 0.000000 5.109187 -9.028091 11.589853 -4.352178 -29.013100 11.093790 -87.264908 -70.236905 -84.284377 -0.000001 -0.000003 0.000000 -0.504817 1.270989 -18.634628 -4.031425 1.775806 -35.971949 -18.880397 5.486260 -58.599144 0.000004 0.000001 -0.000002 -23.898880 -7.893131 30.291599 30.719022 -17.265424 -92.883169 -1.429977 37.968724 6.258602 -0.000001 0.000001 0.000000 -17.050109 0.169429 5.609884 16.332707 -0.853398 16.282681 -10.349254 -13.268944 0.098624 -0.000000 0.000003 0.000005 
-8.829898 97.529739 -10.782633 4.220160 6.972397 -7.065220 3.511004 0.192577 -2.806104 -5.430012 -3.481745 5.837709 0.691848 -1.766932 -1.389902 -8.492553 -4.388318 5.213130 -0.000000 0.000000 -0.000000 5.024607 -8.773889 11.859157 -4.830912 -29.641856 10.694576 -86.720596 -69.904923 -84.110672 -0.000001 -0.000002 0.000002 -0.479589 1.506989 -18.577635 -4.442168 1.005721 -35.888990 -19.202932 5.824229 -59.012466 -0.000000 -0.000000 -0.000001 -24.190563 -8.016998 30.134477 30.735739 -17.296865 -92.842126 -0.948434 38.024059 5.972878 -0.000000 0.000001 0.000002 -17.493544 0.176402 5.399852 16.480946 -0.817396 16.705736 -10.238550 -13.489537 0.158645 0.000001 -0.000000 -0.000000 
-8.855156 97.495148 -10.835579 4.632032 6.918758 -7.153727 3.850573 0.181527 -2.746822 -5.083606 -3.550563 5.997020 0.205401 -1.958493 -1.526159 -8.907226 -4.264603 5.187331 -0.000001 0.000000 0.000000 5.170304 -8.888043 11.984708 -4.700479 -29.634582 11.281425 -85.087655 -70.340751 -81.454616 -0.000002 -0.000001 -0.000000 -0.512942 1.474757 -18.698386 -4.548391 0.586456 -36.002173 -20.014286 5.385779 -59.421539 -0.000002 -0.000002 0.000000 -24.723065 -8.292685 30.056924 31.319126 -17.837939 -92.306496 -0.927325 37.926435 5.925258 -0.000001 0.000001 0.000001 -18.968808 0.238737 5.046164 17.288206 -0.547924 17.586631 -9.889649 -13.780521 0.294992 0.000000 0.000003 0.000002 
-8.886283 97.465584 -10.892340 4.787098 6.681047 -7.105051 3.633122 0.193470 -2.855310 -4.851282 -3.453457 5.866936 0.259598 -1.875200 -1.401714 -9.017484 -4.292762 5.200952 -0.000001 -0.000001 -0.000000 5.010555 -8.777571 11.980194 -4.919060 -29.708362 11.311996 -84.572270 -70.103709 -81.168896 -0.000001 -0.000002 -0.000001 -0.753752 1.328366 -18.833045 -4.721005 0.620108 -35.809937 -19.753969 6.222199 -59.413726 -0.000001 -0.000001 -0.000002 -24.815737 -8.335491 30.026017 31.736102 -18.153275 -91.906991 -1.136913 37.105955 5.944903 0.000000 -0.000003 0.000001 -19.195278 0.209607 5.055622 17.416924 -0.518302 17.541722 -9.886861 -13.461178 0.324501 -0.000000 0.000003 -0.000007 
-8.920694 97.433250 -10.956024 4.829589 6.720538 -7.041560 3.189057 0.201094 -2.850246 -4.700092 -3.360417 5.715917 0.303685 -1.829338 -1.361152 -8.975933 -4.299945 5.088020 -0.000001 0.000000 -0.000000 4.783525 -8.571933 11.886047 -5.171133 -29.568306 10.901450 -86.316488 -69.468686 -83.927643 -0.000000 0.000003 0.000001 -0.911782 1.200638 -18.838165 -4.784211 1.013392 -35.690979 -19.722217 6.433760 -59.564673 -0.000000 0.000002 0.000001 -24.805693 -8.266236 29.826996 31.189967 -17.718704 -92.431400 -1.299688 37.870991 6.050178 -0.000001 -0.000000 -0.000001 -17.973486 0.168862 5.198777 16.283827 -0.825320 17.307964 -9.871624 -13.535127 0.384876 0.000001 0.000003 -0.000002 
-8.965041 97.412148 -11.005262 4.728047 6.972214 -7.027997 3.297290 0.223409 -2.876989 -4.971028 -3.370189 5.657435 0.516466 -2.320679 -1.407218 -8.692819 -4.344805 5.023637 -0.000000 -0.000000 0.000000 4.483870 -8.487121 11.648902 -5.499230 -29.438590 10.847362 -86.368876 -68.636728 -85.188332 -0.000000 -0.000001 0.000000 -0.851091 1.719962 -18.731061 -5.120428 1.070539 -35.779242 -19.526630 7.093977 -59.213710 0.000004 0.000002 -0.000000 -24.811219 -8.245362 29.578131 29.884420 -16.625603 -93.814568 -1.139266 39.924877 6.100205 -0.000000 -0.000000 0.000001 -16.676376 0.058603 5.850453 15.364941 -1.083788 16.372262 -10.222556 -13.019870 0.219001 0.000001 0.000001 -0.000000 
-9.010286 97.390190 -11.060096 4.832359 6.917687 -7.043053 3.488010 0.227032 -2.914517 -4.854174 -3.370778 5.669000 0.247854 -2.166089 -1.413331 -8.671776 -4.481977 5.151833 -0.000000 -0.000000 0.000000 4.568154 -8.842371 11.794310 -5.554239 -29.129462 11.061356 -86.516913 -68.493253 -85.283941 -0.000002 -0.000001 -0.000001 -1.098262 1.435017 -18.714515 -5.220737 1.444620 -35.763984 -19.724374 7.196744 -59.130587 0.000000 0.000001 -0.000003 -24.648213 -8.188305 29.750282 29.644308 -16.432844 -93.909985 -1.410124 40.162062 6.337565 0.000001 -0.000000 0.000001 -17.120019 0.069973 5.697734 15.740207 -0.889683 16.748758 -10.515780 -13.325728 0.258066 0.000001 -0.000000 0.000001 
-9.061460 97.382240 -11.105001 5.230285 6.894242 -6.873014 3.654285 0.265846 -3.079636 -5.624525 -3.402977 5.571621 0.735353 -2.425760 -1.423068 -8.646689 -4.729045 5.129121 -0.000000 -0.000000 0.000000 4.533377 -8.841355 12.145114 -5.454663 -28.655287 11.201662 -87.059367 -68.722058 -85.423086 -0.000002 -0.000000 0.000001 -1.158846 1.449210 -19.056974 -5.348847 1.251388 -35.610827 -18.914339 7.431911 -58.718276 -0.000001 -0.000000 -0.000002 -24.894436 -8.145426 29.619214 29.245121 -15.999513 -94.355956 -0.519979 40.165180 5.849043 -0.000002 -0.000003 0.000001 -17.544432 -0.002142 5.478646 15.816285 -1.030260 16.844039 -9.882029 -12.904221 0.174997 0.000003 0.000001 -0.000002 
-9.110128 97.401703 -11.139190 4.823651 6.711859 -6.712619 3.605951 0.287573 -3.330413 -5.165808 -3.441818 5.695183 0.686779 -2.615982 -1.433693 -8.535669 -4.757637 5.115638 0.000000 -0.000000 -0.000000 4.428582 -9.057072 12.165426 -5.425730 -28.203262 11.301567 -87.482880 -68.276634 -86.375098 -0.000000 -0.000004 0.000001 -1.071389 1.908770 -19.141071 -5.496138 1.104709 -35.311948 -19.149009 7.598994 -58.504668 -0.000006 -0.000000 0.000000 -25.009477 -8.240511 29.358571 28.327284 -15.118388 -95.384507 -0.856383 40.893893 6.208598 -0.000001 -0.000002 0.000000 -17.117303 0.034753 5.452528 15.988450 -1.000796 16.760586 -10.583635 -12.540746 0.045299 0.000002 0.000003 -0.000000 
-9.162783 97.438049 -11.183894 3.949690 6.308803 -6.336690 4.100941 0.314897 -3.671645 -4.741450 -3.212346 5.389755 0.393524 -2.223025 -1.065341 -8.185979 -4.814695 5.078878 0.000000 0.000000 0.000000 4.714882 -9.361047 12.430290 -4.984501 -27.660620 11.651455 -88.671722 -69.007102 -86.389776 -0.000000 -0.000000 0.000002 -0.804922 1.925606 -19.177501 -5.176062 1.450610 -35.143126 -18.451858 7.285464 -58.429181 0.000002 -0.000002 -0.000002 -24.682596 -7.918383 28.974789 27.927115 -14.814895 -95.618243 -0.556465 41.001673 5.906151 -0.000002 -0.000000 -0.000000 -15.820571 -0.010069 5.652554 15.265457 -1.002119 15.702228 -9.944245 -12.127106 0.094837 0.000000 0.000004 -0.000002 
-9.209068 97.557076 -11.224109 4.314780 6.059663 -6.329491 3.483575 0.300790 -3.501502 -4.453888 -3.141655 5.275321 0.025869 -2.493541 -1.111301 -7.880468 -4.834262 5.259176 0.000000 0.000000 -0.000000 4.275764 -8.634112 11.930972 -5.347975 -27.054632 11.530493 -90.375540 -67.973203 -89.348730 0.000000 -0.000002 0.000000 -1.275039 1.596442 -19.089996 -5.357245 2.299990 -34.723927 -18.768369 7.110375 -58.030455 -0.000000 0.000000 0.000001 -24.561082 -7.733255 28.889190 28.081660 -14.670990 -94.761881 -0.708139 40.463058 5.973970 -0.000002 -0.000003 0.000001 -14.803424 -0.198883 5.784813 13.840651 -1.617350 15.185109 -8.908962 -10.898403 0.021875 0.000002 -0.000000 0.000001 
-9.248225 97.742210 -11.259007 3.631144 6.393611 -5.962911 3.543799 0.254923 -3.277671 -4.469409 -2.827895 4.874439 -0.245648 -2.592398 -1.158779 -6.874441 -4.745292 5.403918 0.000001 0.000000 -0.000000 4.681764 -8.302579 11.515445 -4.285812 -26.644121 12.022163 -92.038274 -69.498104 -88.519832 -0.000001 -0.000004 -0.000001 -0.927693 1.293574 -18.854268 -4.369972 2.082884 -34.240196 -18.967258 5.672476 -58.107814 -0.000002 0.000001 -0.000002 -24.805695 -7.696113 27.807780 28.670843 -14.864235 -92.889056 -1.154646 40.289913 6.304684 -0.000000 -0.000003 0.000004 -12.763190 -0.185488 5.930059 12.958664 -1.920213 14.125414 -8.526379 -10.150454 -0.172480 0.000001 0.000002 -0.000002 
-9.276327 97.962372 -11.295203 3.375070 5.934534 -5.358153 3.286784 0.343084 -3.693228 -4.289320 -2.780054 4.822932 -0.213010 -2.650688 -1.195369 -6.634740 -4.561625 5.120861 -0.000000 -0.000000 0.000000 4.384046 -8.705788 11.300327 -4.269908 -25.162840 11.890577 -94.390100 -68.907231 -91.249934 -0.000002 -0.000001 -0.000002 -1.177294 1.369885 -18.819804 -4.228012 3.285463 -33.226931 -19.100347 5.403669 -58.177939 -0.000000 0.000002 0.000001 -24.757030 -7.543491 27.143153 29.412000 -15.039769 -91.152467 -0.789898 38.303359 5.909009 0.000001 0.000001 0.000000 -11.417631 -0.127178 5.439944 11.540761 -2.251503 13.301827 -7.735036 -9.612814 -0.121393 -0.000001 0.000003 -0.000004 
-9.276033 98.271065 -11.333139 4.139593 5.124315 -4.735283 2.339339 0.384615 -3.784909 -3.253958 -2.589017 4.658147 -0.999005 -2.482171 -1.221014 -6.438402 -4.209893 4.799393 -0.000000 -0.000000 0.000000 4.144192 -8.509992 10.903209 -4.177891 -23.424742 11.572457 -97.658748 -68.757814 -93.446270 -0.000001 0.000003 0.000000 -0.989936 1.715941 -18.416282 -4.507065 2.675912 -32.619894 -18.477704 5.668651 -57.446160 -0.000002 -0.000002 0.000000 -25.563399 -7.657159 26.360905 29.536170 -14.576655 -89.185701 -2.048582 36.980123 6.553464 -0.000001 0.000003 0.000001 -11.176757 -0.097845 4.520924 10.028592 -2.633595 12.866707 -6.721416 -8.858790 -0.128338 -0.000001 0.000002 0.000003 
-9.253612 98.672020 -11.376307 4.022174 4.494120 -4.217127 0.960200 0.436514 -3.744844 -1.998069 -2.395583 4.484588 -1.458078 -2.164635 -1.144951 -5.762529 -3.899560 4.375321 0.000000 0.000000 -0.000000 3.725732 -7.798241 10.235732 -4.053100 -21.818807 10.515127 -99.329016 -68.441432 -95.048728 -0.000001 0.000001 -0.000002 -0.811203 2.089377 -17.722312 -4.502139 1.775183 -31.361814 -17.991193 5.727508 -56.658680 -0.000002 -0.000002 -0.000001 -26.175681 -7.681609 25.169083 28.576002 -12.814683 -86.897881 -4.763888 36.015878 8.187945 -0.000001 -0.000001 0.000001 -8.593693 -0.119513 4.169922 7.065194 -3.450585 11.612473 -5.508935 -7.379239 -0.305693 0.000002 0.000002 -0.000005 
-9.211018 99.085373 -11.413761 3.461312 4.282885 -3.605627 0.794425 0.447613 -3.667751 -2.740706 -2.280420 4.144248 -0.687573 -2.310832 -1.050236 -5.161936 -3.389337 3.854522 -0.000000 0.000000 0.000000 3.344396 -7.251242 9.659259 -3.913639 -19.829736 9.343034 -101.490163 -67.529261 -97.992594 -0.000002 -0.000001 0.000000 -0.637445 2.591203 -17.372154 -4.616592 0.972948 -30.168368 -17.066249 6.611438 -55.771790 0.000001 0.000002 -0.000000 -26.951220 -7.671242 23.430698 29.434195 -12.819794 -83.305208 -5.763123 34.400459 8.517929 0.000002 0.000000 0.000003 -7.153911 -0.107161 3.445827 5.691800 -3.711985 11.177889 -4.645058 -7.202358 -0.306865 0.000001 0.000002 -0.000004 
-9.128735 99.563484 -11.432088 2.176757 3.777422 -2.915285 1.339274 0.332587 -3.561301 -1.513210 -1.751827 3.422867 -1.696407 -1.889871 -0.518984 -4.339381 -2.968248 3.940954 -0.000001 0.000001 0.000000 3.698315 -6.565214 8.666474 -2.528107 -18.185526 8.516002 -101.935717 -69.918823 -95.167348 0.000000 -0.000001 0.000000 0.174404 2.582156 -16.738354 -3.356416 -0.419723 -28.496263 -16.284942 5.531046 -55.803670 -0.000001 -0.000001 0.000003 -27.877801 -7.545002 21.119838 31.117949 -13.082209 -77.374719 -6.141388 33.239730 8.486595 0.000000 0.000001 0.000006 -6.101089 -0.046749 2.502489 5.852195 -3.573241 10.968478 -4.184185 -6.788909 -0.392396 0.000000 -0.000000 -0.000002 
-9.023232 100.058319 -11.419251 1.151741 2.977774 -2.228083 2.063606 0.194020 -3.488136 -1.251259 -1.280259 2.724758 -1.944357 -0.527192 -0.205959 -3.773655 -3.011676 4.463036 -0.000001 0.000000 0.000000 4.976481 -6.876568 8.031819 -0.554698 -16.951838 7.417535 -96.860490 -74.599545 -84.016169 -0.000000 0.000001 -0.000000 0.394011 0.538423 -16.086680 -0.833739 -0.689600 -26.134291 -14.758179 4.615400 -55.334426 0.000002 -0.000000 -0.000000 -29.089687 -7.498842 18.667278 32.523418 -12.765058 -70.778573 -7.287555 30.824975 8.799805 0.000000 0.000001 -0.000001 -4.644515 0.083447 1.856198 6.549645 -3.371073 10.466269 -4.137908 -6.329958 -0.718849 0.000001 0.000001 -0.000004 
-8.912184 100.542099 -11.392715 0.181384 2.156305 -1.739806 3.277068 0.115531 -3.546738 -1.128899 -0.916333 2.255274 -1.861484 -0.159727 0.018421 -3.733102 -2.836718 4.602303 -0.000001 0.000000 0.000000 5.347685 -6.781543 7.349332 0.509665 -15.792683 6.425267 -85.775298 -77.429975 -68.452504 -0.000001 -0.000004 -0.000001 0.927584 0.238398 -15.239960 0.529096 -0.952534 -24.253467 -13.539931 5.792057 -54.352006 -0.000001 0.000000 0.000000 -29.257921 -7.486733 17.115300 33.093185 -11.903483 -65.515543 -6.182298 29.150909 7.980916 -0.000000 0.000000 0.000003 -3.741432 0.258530 1.772156 6.993449 -3.011756 9.169968 -3.777475 -5.118008 -0.763195 0.000000 -0.000001 -0.000000 
-8.789710 101.077820 -11.367520 -0.638219 1.298011 -1.315180 3.188728 0.105998 -3.337881 -0.058458 -0.541394 1.563456 -2.584741 -0.345461 0.344676 -2.698805 -2.189365 4.521445 -0.000000 0.000000 -0.000001 4.916374 -5.958969 5.738513 1.210281 -12.844212 4.552380 -76.582055 -78.534321 -57.153035 -0.000001 0.000003 -0.000001 1.732029 1.327840 -13.566470 0.957175 -1.346597 -21.604500 -10.066194 9.455833 -52.837411 -0.000003 0.000000 0.000001 -28.368487 -6.664860 15.200747 35.266978 -11.637566 -57.606464 -3.050231 25.388544 5.674752 0.000000 -0.000004 0.000004 -3.028652 0.032503 1.841427 7.087412 -2.510736 7.539673 -2.987663 -2.518439 -0.968087 0.000001 -0.000001 -0.000002 
-8.645686 101.612297 -11.313449 -1.495478 0.610294 -0.927706 3.699308 0.147168 -3.267612 0.540101 -0.163101 1.015265 -2.965570 -0.731996 0.563479 -2.288977 -1.800926 4.716936 -0.000001 -0.000000 -0.000001 4.339005 -5.380770 3.691928 1.914715 -10.129334 2.428440 -68.187650 -78.497219 -47.786961 -0.000001 -0.000000 0.000002 2.330280 2.071059 -11.268532 1.690099 -1.431587 -18.411977 -7.670092 12.511129 -51.616648 -0.000002 0.000000 0.000001 -26.885395 -5.953159 12.950943 37.035331 -10.599984 -48.262745 1.530646 21.500884 2.765216 -0.000003 0.000003 0.000005 -2.226320 0.047672 1.333425 8.254454 -1.706179 7.159094 -0.638681 -0.966839 -0.742343 0.000000 -0.000000 0.000001 
-8.497223 102.118866 -11.258947 -1.633513 -0.298160 -0.714597 3.528028 0.208518 -3.213425 0.761487 0.042173 0.586068 -2.857231 -0.649998 0.840338 -2.376839 -1.644677 4.607048 -0.000000 -0.000000 -0.000000 3.188907 -3.368858 2.242688 1.269221 -9.351575 0.150540 -63.888278 -76.608618 -45.867019 -0.000002 0.000003 0.000001 2.375969 2.873417 -9.329789 1.480502 -1.389834 -15.740125 -6.298367 15.300532 -50.383474 -0.000002 0.000000 0.000001 -25.618549 -5.363830 11.588060 37.730023 -9.226621 -40.776994 5.300470 17.593333 0.517129 -0.000003 -0.000001 0.000003 -2.276687 -0.056554 0.888818 9.363238 -1.299736 6.688552 0.447919 0.989178 -1.003982 0.000001 -0.000001 -0.000000 
-8.322628 102.619362 -11.173633 -2.289851 -0.168159 -0.795607 3.544025 0.231646 -2.474563 1.547306 0.098347 0.420327 -3.478035 -0.691453 0.493364 -2.051415 -2.048983 4.670856 -0.000001 -0.000000 0.000000 2.784984 -2.495441 0.376456 1.940321 -6.644426 -2.460786 -57.808460 -75.487503 -40.721820 -0.000001 -0.000002 0.000000 1.416744 0.371830 -6.627504 2.347527 0.251216 -12.164288 -5.166910 16.883116 -50.332555 -0.000001 -0.000000 -0.000001 -23.860721 -4.534916 9.283098 36.791186 -7.101851 -32.132932 6.012905 12.903159 -0.134893 -0.000002 -0.000000 0.000001 -2.143292 -0.155913 1.296296 9.875004 -1.071266 6.053600 -0.198109 0.767355 -1.224265 0.000000 0.000002 -0.000002 
-8.134795 103.068756 -11.049978 -3.059041 -0.610938 -0.752578 4.570337 0.159243 -2.178098 1.682000 0.130339 0.237366 -3.515991 -0.584046 0.456685 -1.748850 -1.995430 4.246455 -0.000000 -0.000000 0.000001 2.862259 -1.887509 -1.059028 3.039705 -4.120180 -5.620550 -49.680402 -74.557730 -31.901819 -0.000002 -0.000003 -0.000003 1.987426 0.533007 -3.933234 3.275016 -1.466462 -7.838587 -4.141924 18.468753 -51.129936 -0.000003 0.000004 0.000001 -22.037259 -3.828840 7.229322 34.290920 -5.043652 -24.058505 4.301352 9.028644 0.089520 -0.000000 0.000000 0.000001 -1.539040 -0.167366 1.665531 9.713478 -0.717604 5.014514 -0.445482 -0.517113 -1.009593 -0.000000 -0.000002 -0.000004 
-7.948111 103.474960 -10.917755 -3.045406 -1.160773 -0.678013 5.409847 0.090517 -2.115687 1.449436 0.048694 0.341827 -3.714301 -0.620998 0.318014 -1.321553 -1.735973 3.739549 0.000000 -0.000000 0.000000 3.092560 -2.197383 -2.061261 3.929341 -2.059499 -8.355925 -42.459348 -73.193093 -23.771312 0.000003 -0.000004 -0.000002 2.426755 0.579057 -1.845741 4.023302 -2.019018 -4.579643 -3.828729 19.372887 -51.462470 -0.000006 0.000003 0.000003 -20.814250 -3.495664 5.882905 31.365772 -3.608088 -17.916437 2.815191 6.144555 0.268729 0.000001 -0.000001 0.000001 -2.144924 -0.063766 1.706791 10.026651 -0.220843 4.220971 -1.577060 0.404201 -1.117451 0.000001 0.000002 -0.000004 
-7.750924 103.831757 -10.810266 -3.184418 -0.912100 -0.738700 5.320025 0.044411 -1.601292 3.171589 0.001907 0.638290 -4.613725 -1.366071 -0.059955 -1.490540 -0.663852 3.174119 0.000000 0.000000 0.000000 2.560848 -0.915200 -3.670992 5.268033 0.731549 -11.466991 -39.936526 -71.009379 -23.390956 -0.000004 0.000001 -0.000000 2.556289 0.407251 1.325910 4.939220 -2.061519 -0.926963 -4.215977 20.004683 -51.049022 -0.000000 -0.000005 0.000003 -18.977206 -3.217180 4.422318 28.804977 -2.400258 -11.818884 3.541649 1.746694 -0.485553 0.000001 -0.000001 0.000005 -1.140283 0.186430 1.835045 7.708585 -0.268909 3.886292 -1.751239 -1.244863 -0.430878 0.000001 -0.000002 -0.000000 
-7.549923 104.152061 -10.683599 -2.251448 -1.747983 -0.658537 2.372805 -0.018657 -1.430670 5.133090 -0.047899 0.666205 -4.913738 -1.359814 0.059873 -1.421593 -0.048652 2.160764 -0.000001 0.000000 0.000000 2.249861 0.725968 -5.705547 6.753989 3.291477 -14.621692 -32.559044 -67.913630 -17.085981 -0.000000 0.000001 0.000001 2.760272 -0.297257 4.467632 6.006398 -1.445674 3.614456 -3.480514 20.763744 -50.852606 -0.000001 -0.000002 0.000001 -17.508396 -2.765924 3.234421 25.538549 -1.683394 -6.968856 2.184892 -1.472469 -0.470457 -0.000000 0.000000 0.000002 -1.812196 0.213066 1.828072 6.775391 -0.159303 3.070737 -2.570109 -0.112836 -0.846064 -0.000001 0.000002 -0.000000 
-7.353030 104.435959 -10.548089 -0.972190 -2.151401 -0.863468 1.530989 -0.058630 -1.197730 5.824245 -0.285822 1.120489 -5.179109 -1.787480 -0.167602 -1.951504 0.387675 1.306084 0.000000 0.000000 0.000000 2.118896 0.752589 -7.531944 7.161182 3.834075 -17.157229 -24.969387 -64.296307 -7.534307 -0.000001 0.000001 0.000002 2.928690 -0.610988 6.823725 6.808857 -1.152400 7.009325 -2.764865 21.843326 -50.747892 -0.000000 0.000001 0.000004 -16.549634 -2.610530 2.609538 22.665599 -1.157671 -3.342633 0.988157 -3.374609 -0.299680 0.000001 -0.000000 -0.000000 -3.019969 0.350163 2.137011 6.404175 -0.156632 2.609651 -2.560461 0.282505 -1.035350 -0.000001 -0.000001 -0.000000 
-7.163596 104.682762 -10.406557 0.297175 -2.671942 -0.942354 0.580813 -0.102449 -1.112944 6.182884 -0.496032 1.643468 -5.087881 -1.416429 -0.367047 -3.038226 0.777942 0.663814 0.000000 0.000000 -0.000000 2.462585 0.026192 -8.700083 6.854981 2.081740 -19.861826 -16.417263 -57.780450 2.688047 -0.000004 -0.000001 0.000000 3.213966 -1.956809 9.801005 8.309951 -0.935968 10.888327 -2.385650 21.391311 -50.609106 -0.000001 0.000002 -0.000001 -14.331528 -2.309447 1.684595 19.330412 -0.643332 -0.020052 -0.653698 -4.599453 0.131943 -0.000000 0.000001 0.000001 -4.009646 0.539279 2.271643 6.047652 -0.300694 2.114469 -2.046361 0.333794 -1.217145 -0.000001 -0.000002 0.000001 
-6.979756 104.905914 -10.275072 1.578753 -1.788233 -1.250236 0.129310 -0.165868 -0.569034 6.004740 -0.608389 2.051638 -4.656441 -1.959351 -0.641624 -4.592008 1.138249 0.422158 -0.000000 0.000000 0.000000 2.621942 -0.200172 -9.348274 6.748998 1.302712 -23.115372 -12.523958 -51.457508 6.671445 0.000000 0.000001 -0.000003 3.670080 -2.354520 12.726209 9.788742 -1.253134 15.345103 -2.148971 21.407321 -48.909998 -0.000002 0.000003 -0.000001 -13.459494 -2.399361 0.409359 16.147817 -0.470163 3.371730 -1.373085 -5.450080 0.308026 -0.000001 0.000000 0.000002 -4.841220 0.747272 2.543655 5.361970 -0.325479 2.178939 -2.071044 -0.322006 -1.068256 0.000000 -0.000000 -0.000002 
-6.808291 105.110641 -10.147374 2.674967 -1.563568 -1.454950 -0.527723 -0.242639 -0.250546 5.305888 -0.721834 2.243687 -3.724897 -2.310286 -0.712213 -5.400031 1.595651 -0.004703 -0.000001 -0.000000 -0.000000 2.828604 0.524734 -9.698174 6.897583 0.768228 -25.620562 -9.895015 -46.780365 8.812012 -0.000003 0.000001 -0.000001 4.276256 -2.134705 14.664286 11.337028 -1.433164 19.255949 -1.500643 21.173142 -48.067016 -0.000000 -0.000005 0.000002 -12.904249 -2.276882 -0.446533 13.550288 -0.380962 5.754359 -1.526051 -6.079693 0.349899 -0.000002 0.000000 0.000001 -5.523685 0.742622 2.811335 4.632374 -0.590100 1.767070 -1.651564 0.161493 -1.385610 -0.000001 0.000001 -0.000002 
-6.648410 105.293915 -10.030680 3.280662 -1.136708 -1.353250 -0.768450 -0.301287 -0.405922 4.660078 -0.690504 2.399008 -2.949311 -2.191487 -0.641766 -5.751825 1.624247 -0.230910 -0.000001 -0.000001 0.000000 3.088277 0.774200 -10.079010 7.186345 0.468420 -28.632918 -8.266739 -41.741625 9.973762 0.000002 -0.000006 -0.000000 4.536940 -3.059101 17.016026 12.914188 -0.606908 23.905495 -0.780473 22.439046 -45.843383 -0.000000 0.000002 0.000001 -11.731746 -2.436874 -1.529144 10.902759 -0.353815 7.523593 -1.250988 -5.672237 0.550377 -0.000001 0.000001 0.000002 -5.889540 1.004999 2.766424 3.950135 -0.856549 1.495262 -0.971562 -0.105592 -1.496902 0.000000 -0.000000 -0.000004 
-6.498748 105.456459 -9.922282 4.309489 -1.192504 -1.329484 -1.743497 -0.376435 -0.574821 4.906582 -0.452050 2.302794 -2.480269 -1.972384 -0.269702 -6.481126 1.832586 -0.328310 -0.000000 -0.000000 -0.000000 3.533890 1.137651 -11.011894 7.004263 -1.681538 -30.472011 -5.377552 -35.483809 12.587942 0.000002 -0.000003 -0.000003 5.243442 -3.452946 19.228787 14.702853 1.455641 28.256691 -1.160643 20.072061 -43.383142 -0.000001 0.000000 0.000001 -10.012447 -2.520178 -2.001716 6.379463 -0.103632 8.338172 -1.899936 -4.538425 1.163940 -0.000002 0.000000 0.000002 -7.035586 1.225192 3.016519 3.557874 -1.161981 0.792902 0.276776 0.006416 -1.498282 0.000001 0.000001 -0.000000 
-6.353975 105.601936 -9.815176 4.855701 -0.926151 -1.323964 -2.568540 -0.437251 -0.560499 5.904118 -0.326744 2.265413 -2.955025 -2.155337 -0.133534 -6.427255 2.060505 -0.550455 -0.000000 0.000000 0.000000 3.747830 0.969825 -11.539126 7.150013 -2.521475 -32.015245 -3.664166 -31.110091 14.059854 -0.000003 0.000001 -0.000002 5.638457 -3.535481 20.579655 15.877699 2.615452 31.983129 -1.124333 18.635003 -41.271203 -0.000000 -0.000001 0.000002 -8.195225 -2.445587 -2.422375 2.730928 0.124069 9.126820 -2.075279 -4.064994 1.475572 -0.000001 -0.000001 0.000003 -7.526957 1.316737 3.084286 3.122895 -1.491861 0.397963 0.707866 0.010639 -1.538598 -0.000000 -0.000002 -0.000000 
-6.210661 105.724525 -9.703732 5.213696 -0.780381 -1.366188 -2.407005 -0.467382 -0.546456 5.631338 -0.429680 2.426203 -2.780917 -2.486473 -0.132496 -6.701375 2.292143 -0.826657 -0.000001 0.000000 -0.000000 3.732017 1.762056 -12.370811 6.807822 -3.389776 -33.227914 -2.177161 -27.238398 13.908876 -0.000004 -0.000001 -0.000002 5.991507 -2.918774 21.740583 17.125280 2.440005 36.726750 -0.495979 17.689101 -38.536921 -0.000001 0.000001 -0.000001 -6.006415 -2.142841 -2.972136 -0.968540 0.187163 10.088520 -2.353702 -3.601204 1.766130 -0.000001 -0.000000 0.000001 -7.934446 1.216690 3.074868 3.075188 -1.824946 0.130650 0.927748 0.650365 -1.824261 0.000000 -0.000001 -0.000002 
-6.080470 105.834572 -9.610890 5.283643 -0.511454 -1.742004 -2.597479 -0.511100 -0.201527 4.910745 -0.514732 2.650494 -1.964752 -2.327686 -0.317409 -6.554430 2.389649 -0.677684 -0.000000 0.000001 -0.000000 3.917221 1.568145 -13.295873 6.433520 -4.784375 -33.991492 -0.254205 -23.076752 13.976137 -0.000002 -0.000007 0.000002 6.423449 -3.031510 23.189308 17.975209 3.841326 40.407952 0.053827 14.967448 -34.945150 -0.000001 0.000001 -0.000001 -3.047446 -1.777292 -3.001724 -5.466163 0.193795 10.815137 -1.737855 -3.450872 1.742844 -0.000001 -0.000001 0.000003 -7.061668 1.121231 3.281827 1.609114 -2.219881 -0.040076 1.957830 1.340069 -1.815975 0.000001 -0.000000 -0.000002 
-5.961599 105.922409 -9.517467 4.391465 0.009554 -1.917624 -0.820006 -0.486637 -0.080789 1.617319 -0.760940 2.975316 0.368967 -1.755343 -0.668808 -6.483154 1.905834 -0.153119 -0.000000 0.000000 0.000000 4.046135 0.800469 -13.658327 6.251870 -5.511212 -34.562782 0.977673 -20.239065 13.173620 -0.000002 -0.000002 0.000001 6.342165 -5.087954 24.366657 18.533795 4.725304 43.139919 0.785316 13.812756 -31.718497 -0.000003 -0.000002 -0.000000 0.396247 -1.414963 -3.142895 -9.177921 -0.018125 11.501461 -1.582847 -4.328082 1.631664 -0.000001 -0.000000 -0.000000 -5.054374 1.171847 3.335784 0.074290 -2.453318 -0.048333 3.036659 1.427221 -1.663310 -0.000002 -0.000001 -0.000002 
-5.847777 106.005539 -9.444766 5.735460 -0.591276 -1.701097 -2.769736 -0.505442 -0.418900 3.723654 -0.324667 2.416627 -1.129148 -1.495750 0.044140 -5.740605 2.213187 -0.199606 -0.000000 0.000000 0.000000 4.128547 1.439743 -13.956423 6.091507 -6.334479 -35.380571 2.446024 -17.846349 12.191065 -0.000005 -0.000003 -0.000001 6.912618 -3.155822 24.606899 19.010993 6.461591 46.367241 1.371077 11.341515 -29.736499 -0.000001 -0.000002 -0.000002 1.480562 -1.151351 -3.337565 -12.620657 -0.066869 11.665076 -0.904184 -4.438309 1.518003 -0.000001 -0.000002 0.000002 -6.500484 1.059665 3.133194 0.114709 -2.620362 -0.346126 3.606515 2.440518 -1.946585 -0.000001 -0.000001 -0.000000 
-5.742866 106.070869 -9.380100 5.287235 -1.285352 -1.655573 -2.062334 -0.452015 -0.565984 0.764423 -0.311321 2.102897 1.131293 -0.899029 0.403455 -5.241691 2.143601 -0.270002 0.000000 0.000000 -0.000000 4.346789 0.556349 -13.938972 5.951481 -6.439583 -36.432622 3.853740 -15.045735 11.002359 -0.000002 0.000001 -0.000002 7.140672 -2.510746 24.654881 19.341842 7.557882 49.797147 2.507709 10.007383 -27.516493 0.000002 -0.000002 -0.000000 3.598807 -0.611330 -3.463884 -14.832082 -0.260633 11.958077 -0.341256 -4.853618 1.293059 -0.000001 -0.000000 -0.000000 -5.670283 0.878530 3.040350 -0.578130 -2.841559 -0.570371 4.084332 3.153707 -2.378794 -0.000001 -0.000001 -0.000002 
-5.642828 106.132088 -9.309600 5.414620 -0.774249 -1.674641 -2.894968 -0.408349 -0.592439 0.501743 -0.238566 2.130793 2.002016 -1.025919 0.303360 -5.342962 2.131821 0.008729 -0.000000 -0.000000 0.000000 4.143798 1.806193 -14.334177 5.829706 -7.115717 -36.401865 5.405267 -14.243367 9.090791 -0.000003 -0.000002 0.000000 7.164038 -3.551219 25.568263 19.142908 9.437571 51.202329 3.516606 8.466160 -25.765243 0.000002 -0.000000 -0.000001 4.094166 -0.473828 -3.440036 -15.672991 0.078491 12.069578 -0.132872 -5.565395 1.405327 -0.000000 0.000000 0.000001 -5.646044 0.739081 2.865570 -1.282181 -3.450271 -0.481543 4.287043 2.909100 -2.563722 -0.000000 -0.000000 -0.000000 
-5.540599 106.195442 -9.260137 4.408898 -0.206923 -1.752892 -1.844156 -0.419950 -0.515857 1.745869 -0.252406 2.387576 0.550072 -2.019713 0.032238 -6.386766 2.601444 0.220896 -0.000001 0.000000 0.000000 3.880360 2.944903 -14.469945 5.853605 -7.387166 -36.929959 6.932436 -11.913601 6.806410 0.000001 0.000001 -0.000000 7.433079 -1.321468 25.127033 19.428934 9.967425 53.899468 3.466486 6.501032 -24.097211 0.000003 0.000001 -0.000001 5.353031 -0.503324 -3.464546 -16.615395 0.328071 12.396476 0.021097 -6.659517 1.374458 0.000000 0.000001 0.000001 -4.326496 0.758040 2.683349 -2.173870 -3.954784 -0.233451 5.440016 2.655904 -2.248161 -0.000000 0.000001 -0.000002 
-5.436091 106.258224 -9.209235 5.669623 -0.010907 -1.775199 -4.351250 -0.492405 -0.600388 3.645475 -0.261462 2.541604 -0.252860 -2.083572 -0.090396 -6.928174 2.780985 0.474279 -0.000001 0.000000 0.000000 4.205116 1.791427 -14.381657 5.561844 -8.484808 -37.525244 9.169676 -7.910049 5.589285 0.000003 0.000001 -0.000004 7.730173 -0.727191 25.060828 19.721437 11.393430 55.656469 4.100157 4.357457 -22.619187 0.000000 0.000002 0.000001 4.430638 -0.691146 -3.575614 -17.430884 0.297141 12.664145 0.686701 -6.968806 1.274111 -0.000001 0.000000 -0.000000 -5.813601 0.804189 2.507788 -2.043343 -4.119911 0.042887 5.896345 2.461826 -2.275541 0.000000 -0.000000 -0.000004 
-5.335032 106.322250 -9.154615 5.926957 -0.138766 -1.904062 -4.997824 -0.516240 -0.559564 3.958400 -0.303657 2.628715 -0.464084 -1.607305 -0.156628 -5.448949 2.483846 0.724943 -0.000000 0.000000 0.000000 4.472826 1.206047 -14.252566 5.612141 -8.832998 -37.889648 10.764913 -5.967100 4.349117 -0.000002 -0.000000 0.000002 7.744622 -1.952194 25.384145 19.989899 11.817150 56.508942 5.131335 4.028540 -21.124607 -0.000002 -0.000001 0.000003 4.255953 -0.658574 -3.601786 -18.002499 0.217105 12.861063 0.856651 -7.202175 1.222454 -0.000000 -0.000000 0.000001 -6.356636 0.770780 2.544587 -1.878888 -4.199775 0.129165 6.355672 2.482415 -2.380334 -0.000001 -0.000000 -0.000000 
-5.221590 106.367050 -9.089976 6.433038 -0.057991 -2.108952 -5.531469 -0.545122 -0.514330 4.171540 -0.376347 2.890913 -0.452993 -1.023134 -0.288535 -5.416557 2.229075 1.189017 -0.000002 -0.000000 0.000001 4.885131 0.437591 -14.428187 5.425420 -9.729691 -38.081105 12.299967 -4.242969 3.228927 0.000001 -0.000001 -0.000003 7.880119 -3.467358 26.071549 20.610820 12.007034 56.650972 5.935285 3.340681 -19.356117 0.000002 -0.000002 -0.000001 4.380816 -0.695423 -3.575585 -18.817101 0.134125 12.989189 1.074096 -7.008408 1.244861 -0.000000 0.000000 0.000001 -6.907921 0.844650 2.614394 -1.741685 -4.262520 0.234047 6.230135 2.148398 -2.359524 0.000000 -0.000000 -0.000004 
-5.095964 106.396591 -9.015309 6.102371 -0.976717 -2.137993 -3.999318 -0.541025 -0.762072 1.161330 -0.403732 2.891941 1.723148 -0.782510 0.092632 -5.082862 2.753826 0.992116 0.000000 0.000000 -0.000000 5.187469 2.276921 -14.574729 5.688375 -10.334017 -38.587864 13.714815 -4.210260 1.688709 -0.000000 -0.000003 -0.000004 8.522429 -2.904865 26.175752 21.048213 13.052485 56.260104 7.082295 4.315430 -18.744580 0.000001 -0.000003 0.000002 5.859552 -0.605605 -3.759816 -19.820123 0.119921 12.972182 1.345400 -5.588648 1.418941 0.000000 0.000001 0.000001 -6.479415 0.943003 2.637137 -1.332091 -4.164263 -0.170348 5.985135 3.596774 -2.797218 -0.000001 -0.000002 -0.000000 
-4.963918 106.417168 -8.938725 6.224347 -1.095100 -2.200144 -3.487919 -0.554119 -0.712560 -0.781809 -0.533896 3.052432 3.279294 -0.830512 0.013363 -4.784734 2.931856 0.885516 -0.000000 -0.000000 0.000000 5.293866 2.609053 -14.537127 5.659836 -10.684509 -39.012685 14.916488 -3.472193 0.134485 0.000000 -0.000001 -0.000001 8.708139 -2.933413 26.402749 21.052127 13.661962 55.799360 7.871875 5.635260 -18.207333 -0.000003 -0.000000 -0.000000 6.716401 -0.564303 -3.925042 -20.924812 0.190114 13.082991 2.044116 -4.856560 1.364918 -0.000001 0.000000 0.000002 -6.528564 0.977309 2.556171 -1.191528 -4.264706 -0.243229 5.944530 3.963301 -2.955071 -0.000000 -0.000001 -0.000002 
-4.828006 106.434631 -8.859782 6.011278 -0.923946 -2.430646 -3.144519 -0.574099 -0.642089 -1.450420 -0.608173 3.199098 3.853198 -0.854605 0.046668 -4.545014 2.967793 0.817260 -0.000001 0.000000 0.000000 5.681336 2.878532 -14.336453 5.092204 -11.856802 -39.513232 16.102851 -3.353511 -1.117497 -0.000002 0.000001 -0.000000 9.167176 -2.506249 26.336323 21.182076 14.694838 55.347246 8.863924 5.752588 -17.334019 -0.000000 0.000002 0.000001 7.042130 -0.461974 -3.857992 -21.165230 0.345746 13.173694 2.051367 -4.717187 1.501930 -0.000000 0.000000 0.000001 -6.252885 0.955296 2.723362 -1.281218 -4.522195 -0.452262 6.097366 4.435549 -3.340724 0.000000 -0.000000 -0.000002 
-4.684444 106.444107 -8.778483 6.027988 -0.943307 -2.562675 -3.319595 -0.584534 -0.584936 -1.386744 -0.664838 3.293077 3.683387 -1.036444 0.037919 -4.131265 3.009143 0.615033 -0.000000 -0.000000 0.000000 5.927443 2.373486 -14.263483 4.772209 -12.595151 -39.892820 17.100205 -3.240583 -1.688731 -0.000003 -0.000004 -0.000000 9.465448 -2.094478 26.207866 21.054396 15.664156 55.116758 10.096170 6.210282 -16.495380 -0.000003 0.000000 0.000001 7.149524 -0.375920 -3.838353 -20.910418 0.469511 13.223512 1.861025 -5.173985 1.519121 -0.000001 -0.000000 -0.000000 -5.678817 0.933146 2.874881 -1.980143 -4.661216 -0.740591 6.239790 4.590392 -3.468494 -0.000001 -0.000001 0.000001 
-4.553278 106.459641 -8.698923 6.146871 -0.862823 -2.687124 -3.710563 -0.593941 -0.667836 -2.237898 -0.804487 3.463818 4.469536 -1.058810 -0.036494 -3.664044 2.905737 0.609532 0.000000 -0.000000 0.000000 6.137308 1.662103 -14.089663 4.635383 -13.094384 -40.188358 17.692864 -3.208627 -1.523608 0.000000 -0.000003 -0.000001 9.620073 -2.342759 26.171106 21.141493 16.163518 54.883425 11.306805 7.048811 -15.853911 0.000002 0.000002 0.000000 7.299150 -0.298310 -3.680150 -21.245090 0.590708 13.103571 1.525900 -5.635362 1.595169 -0.000001 0.000001 0.000002 -5.486180 0.909567 3.058704 -2.511794 -4.782275 -0.975984 6.487177 4.641239 -3.512621 -0.000001 0.000002 -0.000004 
-4.425286 106.473701 -8.619764 5.763941 -0.727277 -2.690235 -3.423216 -0.600750 -0.855945 -2.129348 -0.734002 3.372640 4.161644 -0.947528 0.105410 -3.584896 2.741991 0.835875 -0.000001 -0.000000 0.000000 6.431251 1.079187 -14.034094 4.152000 -14.220912 -40.121836 18.340351 -3.278016 -1.242435 0.000001 -0.000001 -0.000003 9.948773 -1.959175 26.103561 21.167757 17.070736 54.487308 12.310697 7.048358 -15.231638 0.000001 -0.000002 -0.000001 8.099541 -0.133261 -3.698364 -22.069501 0.688207 13.074661 1.124169 -6.250490 1.680536 -0.000001 -0.000001 0.000001 -4.830119 0.889162 3.076087 -3.048979 -4.975575 -1.089716 6.687618 4.666495 -3.568015 -0.000000 -0.000000 -0.000002 
-4.300836 106.489754 -8.548267 5.782039 -0.792077 -2.824664 -4.036579 -0.619220 -0.820155 -1.823270 -0.745642 3.381385 4.100888 -1.250234 0.119673 -3.655508 2.841037 0.676836 -0.000000 0.000000 0.000000 6.470691 1.012288 -14.132799 4.091650 -14.469759 -40.111638 18.715656 -3.079058 -1.134974 -0.000002 -0.000001 -0.000003 10.062783 -1.072310 25.973294 21.091392 17.414997 54.286736 13.088020 8.065435 -14.541054 -0.000001 -0.000001 0.000001 8.523928 -0.003486 -3.463611 -22.689721 0.804402 12.795675 1.301415 -6.167284 1.661009 0.000000 -0.000001 0.000001 -4.668345 0.873379 3.236721 -3.318715 -5.106707 -1.319887 6.731115 5.232163 -3.826990 -0.000001 -0.000000 0.000001 
-4.182361 106.510178 -8.481246 5.654830 -1.328998 -2.796385 -3.913932 -0.598268 -0.877947 -1.896644 -0.800881 3.424889 4.004764 -0.632387 0.081318 -3.524646 2.748772 0.693762 -0.000000 -0.000000 0.000000 6.515866 0.185100 -14.173449 4.127097 -14.433489 -39.908648 18.958561 -2.776228 -1.269653 -0.000002 0.000001 -0.000000 9.969996 -1.479183 26.231420 21.085882 17.246467 54.089894 13.638758 8.573484 -13.462060 -0.000002 0.000000 0.000001 8.709932 0.045816 -3.572254 -22.702835 0.845799 12.801021 1.000504 -6.178899 1.711191 0.000000 0.000001 0.000001 -4.696868 0.849449 3.163952 -3.093892 -5.083177 -1.418945 6.583339 5.836619 -3.992552 -0.000001 0.000001 -0.000000 
-4.061848 106.527214 -8.412802 5.591343 -1.040797 -2.879625 -3.629251 -0.613095 -0.742954 -2.013464 -0.845854 3.477276 3.986683 -0.656162 -0.048559 -3.543946 2.640702 0.803745 -0.000000 -0.000000 0.000000 6.577367 -0.197486 -14.201559 3.941355 -14.885339 -39.535129 19.456550 -2.587666 -1.593675 -0.000001 -0.000002 0.000001 10.040519 -1.350363 26.277732 21.050144 17.397573 53.662672 14.291668 9.038248 -12.691505 -0.000003 0.000002 0.000001 8.717684 0.060638 -3.606281 -22.426264 0.852298 12.939396 0.506025 -6.728795 1.776475 -0.000001 -0.000001 0.000002 -4.581275 0.862383 3.133193 -3.198612 -5.074245 -1.324312 6.167714 5.553149 -3.915364 -0.000000 -0.000001 -0.000002 
-3.942595 106.535309 -8.343377 5.719074 -1.214274 -2.838918 -3.891799 -0.616968 -0.712089 -1.655962 -0.811257 3.464638 3.747314 -0.513837 -0.088731 -3.609841 2.593845 0.778933 -0.000001 0.000000 -0.000000 6.581895 -0.106332 -14.248891 4.207043 -14.861115 -39.124707 20.056277 -2.708755 -2.037534 0.000002 0.000001 -0.000002 10.047127 -1.804801 26.408672 20.985533 17.573841 52.945079 15.046719 10.128167 -11.829552 -0.000005 -0.000000 -0.000001 8.921348 0.100046 -3.722965 -22.609803 0.928435 12.921205 0.287784 -6.722863 1.824178 -0.000000 -0.000001 0.000002 -4.466363 0.864361 3.028039 -3.057653 -5.080757 -1.320468 5.914225 5.848253 -4.010138 -0.000001 -0.000001 -0.000000 
-3.829222 106.541092 -8.277025 5.780064 -1.037714 -2.790734 -3.910042 -0.614590 -0.724120 -1.869184 -0.723317 3.299594 4.020850 -0.787092 0.049439 -3.776107 2.656393 0.622831 0.000000 -0.000000 -0.000000 6.578434 0.375500 -14.291617 4.534654 -14.628059 -38.880705 20.211150 -3.345072 -2.309719 -0.000003 -0.000001 -0.000004 10.154478 -1.254565 26.082474 21.125036 17.440239 52.665707 15.600582 11.202509 -11.525199 -0.000000 -0.000002 0.000001 9.271195 0.180701 -3.791285 -23.031698 0.948347 12.883241 0.242675 -7.079135 1.798579 0.000000 0.000001 0.000000 -4.241867 0.852390 2.930523 -3.231645 -5.180584 -1.339689 5.834371 6.015993 -4.132220 -0.000000 -0.000001 -0.000002 
-3.721598 106.545868 -8.224960 5.953701 -0.897710 -2.811845 -3.863637 -0.623358 -0.679709 -1.670333 -0.714403 3.313492 3.791368 -0.629567 0.019260 -3.998927 2.634598 0.740948 -0.000000 0.000000 -0.000000 6.569400 0.306248 -14.103023 4.880445 -14.238030 -38.542348 20.241518 -4.168733 -3.205151 -0.000003 0.000003 0.000001 10.066525 -1.524095 25.896722 21.270162 17.006225 52.471668 16.042315 12.764034 -10.793815 -0.000003 0.000000 0.000001 8.991690 0.117632 -3.791140 -22.806425 0.973382 12.884699 0.166789 -7.143332 1.807022 -0.000001 0.000001 -0.000000 -4.195776 0.860486 2.890513 -3.531003 -5.224640 -1.346564 5.834524 5.800838 -4.046114 -0.000001 -0.000001 -0.000000 
-3.613536 106.544334 -8.179871 6.715851 -0.802005 -2.746748 -4.435772 -0.634241 -0.630784 -1.936913 -0.696461 3.276512 4.213329 -0.932449 0.012980 -4.430627 2.793855 0.606725 -0.000000 0.000000 0.000000 6.481722 0.849963 -14.000921 4.921699 -14.238418 -38.177954 20.439175 -4.840960 -4.147646 -0.000004 -0.000001 -0.000003 10.078780 -0.929193 25.458490 21.219173 17.036925 52.337926 16.312235 13.978105 -10.625828 -0.000001 -0.000000 -0.000000 8.446660 0.002591 -3.923410 -23.107973 1.005932 12.933498 -0.073074 -7.251418 1.877666 -0.000000 0.000000 0.000001 -4.913764 0.899788 2.752524 -3.659792 -5.281138 -1.327172 5.947805 5.572844 -3.973613 -0.000001 -0.000000 -0.000000 
-3.517338 106.544472 -8.137651 6.732549 -0.768570 -2.745636 -4.697484 -0.644829 -0.598951 -1.361830 -0.617519 3.197127 3.943212 -1.075767 0.091635 -5.016978 2.831260 0.607658 -0.000000 0.000000 -0.000000 6.473776 0.808779 -13.751331 4.919474 -14.291719 -38.053115 20.559103 -5.408195 -4.466017 0.000004 -0.000001 -0.000001 10.097746 -0.559207 25.237872 21.073020 17.292828 52.179469 16.540392 14.435822 -10.783557 -0.000007 0.000002 -0.000000 8.709504 0.003090 -3.929899 -23.343771 1.030470 12.924552 -0.070722 -7.292838 1.884405 0.000001 -0.000001 0.000002 -4.947955 0.917686 2.714470 -3.760744 -5.328463 -1.348925 5.814117 5.545938 -3.947182 -0.000001 -0.000000 0.000001 
-3.428217 106.537766 -8.089375 6.725622 -0.612761 -2.766838 -4.332986 -0.640734 -0.562683 -0.878277 -0.632944 3.266392 3.387219 -1.012424 0.008304 -5.480309 2.823229 0.666884 -0.000000 0.000000 0.000000 6.547187 0.760069 -13.547573 4.898090 -14.508756 -38.120081 20.629342 -5.736217 -4.432065 -0.000003 0.000001 -0.000002 10.156531 -0.588308 25.089540 21.033981 17.754607 51.952516 16.768507 14.523308 -10.884948 -0.000000 -0.000001 0.000002 8.735676 0.004760 -3.995226 -23.150865 1.052368 13.043809 0.070494 -7.483251 1.839690 -0.000000 -0.000000 0.000001 -4.716209 0.915520 2.728322 -3.909065 -5.372880 -1.332053 6.014732 5.470595 -3.950041 0.000000 -0.000000 -0.000004 
-3.344349 106.526527 -8.039056 6.605986 -0.739126 -2.731605 -4.073029 -0.621978 -0.554811 -1.080242 -0.595860 3.172109 3.425819 -0.775454 0.112085 -5.040115 2.813930 0.571234 0.000000 0.000000 0.000000 6.465941 0.697588 -13.301004 4.729383 -14.452412 -38.121144 20.460016 -6.112547 -4.872762 -0.000003 0.000001 -0.000002 9.973818 -0.875497 25.039767 20.892099 17.556397 51.990034 16.680176 14.832876 -10.501357 0.000002 0.000000 0.000001 8.843330 -0.020051 -4.078562 -23.159481 1.073220 13.060729 -0.060562 -7.344934 1.866784 -0.000001 -0.000001 0.000001 -4.738415 0.916472 2.657394 -3.741218 -5.338138 -1.348477 5.931656 5.414690 -3.896576 -0.000001 -0.000000 -0.000002 
-3.266587 106.520668 -7.996423 7.100425 -0.647122 -2.735500 -4.415605 -0.639225 -0.509894 -1.537537 -0.620021 3.197229 3.826333 -0.807883 0.038410 -5.309492 2.801899 0.694464 -0.000001 0.000000 0.000000 6.611412 0.373186 -13.045981 4.816812 -14.477023 -38.070320 20.314789 -6.615110 -4.794232 0.000002 -0.000001 0.000000 9.991522 -1.032179 24.834711 20.749150 18.025962 51.807603 16.701054 14.589052 -10.143200 -0.000004 -0.000001 0.000001 8.415360 -0.094008 -4.052127 -23.151314 0.964658 13.013368 -0.217525 -7.408383 1.894608 -0.000000 0.000000 0.000001 -5.099317 0.931658 2.604741 -3.785075 -5.296375 -1.239775 5.861383 5.461544 -3.855172 -0.000001 0.000001 -0.000002 
-3.197732 106.508896 -7.950815 6.887577 -0.836975 -2.699821 -3.930947 -0.632735 -0.543342 -1.711893 -0.546351 3.082505 3.811815 -0.557200 0.132410 -5.309369 2.830952 0.718841 -0.000000 0.000000 0.000000 6.639045 0.609218 -12.986216 4.673955 -14.808762 -37.756575 20.394112 -7.025210 -5.029363 -0.000004 -0.000002 0.000000 10.018423 -1.164049 24.840461 20.775856 18.161318 51.618557 16.887180 14.769222 -10.163258 0.000001 -0.000002 0.000001 8.777261 -0.066853 -4.094964 -23.328361 0.933668 12.970061 -0.233424 -7.207588 1.939653 -0.000001 0.000000 0.000001 -4.760571 0.926226 2.558689 -3.756837 -5.300897 -1.252758 5.846916 5.512635 -3.885281 0.000000 -0.000000 -0.000002 
-3.133864 106.503464 -7.908849 7.079311 -0.789882 -2.700343 -4.217087 -0.640050 -0.590080 -0.847964 -0.489751 3.034556 3.100291 -0.567495 0.184229 -5.252138 2.728736 0.777917 -0.000000 0.000000 0.000000 6.679569 0.394440 -12.936774 4.744719 -14.874380 -37.456542 20.291186 -7.493112 -4.842221 -0.000001 -0.000000 0.000002 10.030119 -1.206648 24.874845 20.757343 18.284333 51.370078 17.111956 15.169854 -10.358990 -0.000001 -0.000003 0.000002 8.483944 -0.081162 -4.085714 -23.294879 0.992237 12.977155 -0.061052 -7.249383 1.888922 -0.000000 0.000000 0.000001 -5.089738 0.929538 2.542059 -3.532336 -5.318881 -1.203633 5.509350 5.487512 -3.921544 -0.000001 -0.000000 -0.000000 
-3.081476 106.496391 -7.870925 7.025441 -0.709517 -2.702540 -3.898290 -0.633615 -0.573249 -1.706794 -0.474100 2.951655 3.737976 -0.685237 0.201028 -5.425891 2.649672 0.817129 -0.000000 0.000000 0.000000 6.659400 0.293410 -13.009980 4.797501 -14.730433 -37.321178 20.170735 -7.483206 -4.765596 -0.000003 0.000001 0.000001 10.119613 -0.358231 24.617513 20.607645 18.420626 51.398697 17.054788 15.321948 -10.653090 -0.000005 -0.000003 0.000003 8.342019 -0.083700 -4.059172 -22.909496 1.071014 12.957741 -0.343038 -7.502164 1.964629 -0.000001 -0.000000 0.000002 -5.279967 0.936459 2.511607 -3.113101 -5.313995 -1.069030 5.414735 5.105187 -3.849236 -0.000000 -0.000000 -0.000002 
-3.034581 106.491501 -7.831732 7.550341 -1.008482 -2.554379 -4.641097 -0.638869 -0.752360 -0.847008 -0.450642 2.971525 3.263739 -0.372061 0.179603 -5.448507 2.639987 0.834256 -0.000001 0.000000 0.000000 6.760187 -0.077026 -13.031348 5.006896 -14.616156 -37.065429 19.889613 -7.997175 -4.333142 -0.000003 -0.000001 -0.000003 10.123409 -0.737035 24.719051 20.598406 18.590363 51.219725 17.192590 15.491209 -10.337026 0.000001 -0.000002 0.000001 7.772964 -0.161182 -4.188980 -23.110676 1.052049 12.905744 -0.314352 -7.055994 1.983916 -0.000000 -0.000001 0.000001 -5.746852 0.960684 2.340813 -3.283402 -5.293514 -1.080310 5.825174 5.537520 -3.913637 -0.000001 -0.000000 -0.000004 
-2.991153 106.485191 -7.787319 7.344701 -1.226943 -2.479682 -4.211682 -0.631686 -0.801003 -2.046176 -0.522699 3.035945 4.046804 -0.048398 0.100236 -5.199957 2.652377 0.862044 0.000000 -0.000000 0.000000 6.838194 -0.220088 -12.704042 5.038733 -14.623529 -37.217964 20.068074 -7.972325 -4.504369 -0.000002 -0.000000 0.000002 10.082169 -1.055912 24.530437 20.739557 18.451870 51.585028 17.290457 15.579791 -10.082476 0.000001 -0.000002 0.000001 8.266857 -0.135671 -4.336444 -23.530114 1.032314 12.979436 -0.055144 -6.756147 1.950022 -0.000001 -0.000001 0.000001 -5.254741 0.955694 2.314536 -3.495620 -5.335883 -1.292002 5.761844 6.236977 -4.117447 -0.000000 0.000001 -0.000000 
-2.953153 106.477859 -7.748228 7.259689 -1.272635 -2.458640 -4.130044 -0.623996 -0.811044 -2.144205 -0.532372 3.047135 4.157343 -0.146859 0.056611 -5.186265 2.730164 0.806532 0.000000 0.000000 -0.000000 6.881362 -0.586715 -12.709126 4.963438 -14.836656 -37.036994 20.141386 -7.852588 -4.256441 -0.000002 -0.000001 -0.000000 10.101556 -1.090903 24.640428 20.688061 18.645318 51.357056 17.371454 15.577875 -10.023189 0.000004 -0.000002 0.000000 8.084022 -0.166391 -4.368193 -23.278205 1.007290 12.950036 -0.286742 -6.652697 1.983793 -0.000001 0.000001 -0.000000 -5.322902 0.987535 2.231480 -3.421428 -5.246424 -1.154859 5.904246 5.785341 -3.945536 -0.000001 0.000001 -0.000002 
-2.917892 106.473221 -7.704792 7.226320 -1.444807 -2.435332 -4.321911 -0.634414 -0.780363 -1.773443 -0.454995 2.959945 3.953766 -0.366536 0.131833 -5.180309 3.009227 0.567969 -0.000000 -0.000000 0.000000 6.811576 0.189045 -12.678064 4.851413 -15.013487 -36.985744 20.165152 -8.081085 -4.480283 0.000001 0.000001 -0.000003 10.221722 -0.416058 24.397776 20.693800 18.743134 51.362097 17.332107 15.595453 -10.103501 -0.000000 -0.000000 0.000000 8.216951 -0.149600 -4.357055 -23.465641 1.040272 12.876959 -0.189286 -6.375400 2.034326 -0.000000 -0.000001 0.000003 -5.156262 0.982509 2.213528 -3.622156 -5.301895 -1.187304 6.277580 5.860562 -3.970540 -0.000001 0.000002 -0.000000 
-2.892292 106.469688 -7.665777 7.483793 -1.444328 -2.455910 -4.547809 -0.643410 -0.811202 -1.728506 -0.436247 2.941094 4.048893 -0.227340 0.195155 -5.228813 3.078385 0.544503 -0.000000 0.000000 0.000000 6.892661 0.240818 -12.497659 4.815395 -15.269146 -37.089635 20.226029 -8.330838 -4.179571 -0.000003 -0.000001 -0.000002 10.299604 -0.569927 24.367747 20.793543 18.905865 51.300065 17.582526 15.546130 -10.265163 0.000001 -0.000001 0.000002 7.878705 -0.178607 -4.321240 -23.227259 1.032944 12.915346 -0.048110 -6.313309 1.976503 -0.000000 0.000000 0.000001 -5.477375 0.982340 2.311877 -3.539399 -5.254500 -1.233528 6.328693 5.677883 -3.885610 -0.000000 -0.000002 -0.000002 
-2.868446 106.464867 -7.628974 8.000407 -1.275925 -2.550714 -5.151827 -0.670108 -0.689870 -1.368104 -0.463099 2.974859 3.862383 -0.299436 0.116924 -5.379701 3.041254 0.612142 -0.000000 -0.000000 0.000000 6.878847 0.541986 -12.491432 4.681062 -15.358918 -37.097435 20.113529 -8.405670 -4.379776 -0.000000 -0.000003 -0.000003 10.257787 -0.825118 24.220826 20.701304 19.043700 51.417288 17.499045 15.420866 -9.966693 0.000003 -0.000002 0.000001 7.433968 -0.187196 -4.183437 -23.159295 1.018847 12.870600 -0.076713 -6.376864 1.922809 -0.000001 -0.000001 0.000001 -5.834832 0.958520 2.465108 -3.691259 -5.223914 -1.290704 6.526493 5.412894 -3.817640 0.000001 -0.000002 -0.000001 
-2.848658 106.456779 -7.584743 8.071889 -1.282933 -2.604114 -5.150389 -0.664958 -0.661014 -1.632602 -0.501334 3.048367 4.072625 -0.259586 0.075592 -5.235382 3.049756 0.547308 -0.000000 0.000000 -0.000000 6.874382 0.564391 -12.255278 4.648115 -15.188399 -37.350452 20.004893 -8.434536 -4.822657 -0.000003 -0.000002 -0.000001 10.183704 -1.048968 24.294184 20.623165 19.079201 51.269155 17.326247 15.581777 -9.710812 0.000002 -0.000000 -0.000001 7.516843 -0.200777 -4.084634 -23.257646 1.037494 12.846539 -0.033927 -6.456084 1.949522 -0.000002 -0.000001 0.000001 -5.728273 0.979438 2.496925 -3.702417 -5.264295 -1.255335 5.958996 5.608681 -3.902153 -0.000000 -0.000000 -0.000002 
-2.830331 106.444389 -7.538359 8.216540 -1.287609 -2.664598 -4.933201 -0.668710 -0.656916 -1.991401 -0.557068 3.119408 4.331053 -0.294596 0.060419 -5.224671 3.165135 0.479366 0.000000 0.000000 0.000000 6.885889 0.679232 -12.128688 4.599817 -15.218812 -37.373217 19.703728 -8.905472 -4.731599 0.000000 -0.000001 -0.000001 10.216937 -1.043246 24.230615 20.553762 19.208529 51.135987 17.318843 15.475585 -9.600665 0.000003 0.000002 0.000001 7.394944 -0.193036 -4.001728 -23.026185 1.017378 12.854729 -0.077942 -6.536618 1.944115 -0.000002 0.000000 0.000001 -5.534392 0.967232 2.553930 -4.011213 -5.250995 -1.256434 6.075305 5.660340 -3.882478 0.000000 -0.000001 -0.000002 
-2.816314 106.433685 -7.493770 7.997755 -1.205020 -2.704611 -4.566922 -0.668475 -0.649499 -1.696132 -0.550503 3.117016 3.919724 -0.479146 0.097425 -5.008941 3.221501 0.386120 -0.000001 0.000000 0.000000 6.861258 0.789567 -12.183671 4.524703 -15.378205 -37.297894 19.722436 -8.888651 -4.690413 -0.000003 0.000001 -0.000000 10.252017 -0.789328 24.189678 20.557433 19.322281 50.997625 17.302765 15.293547 -9.540587 0.000001 0.000002 -0.000000 7.610067 -0.148094 -3.955468 -23.033109 1.017034 12.839940 -0.091511 -6.464500 1.943864 -0.000000 -0.000001 0.000002 -5.299468 0.957446 2.554965 -4.023115 -5.270728 -1.185513 6.080543 5.587245 -3.872949 0.000000 -0.000000 0.000001 
