HIERARCHY
ROOT Hips
{
	OFFSET -9.456058 105.799324 -2.416385
	CHANNELS 6 Xposition Yposition Zposition Xrotation Yrotation Zrotation
	JOINT Chest
	{
		OFFSET 2.360795 13.403282 0.965826
		CHANNELS 3 Xrotation Yrotation Zrotation
		JOINT Chest2
		{
			OFFSET 2.494763 21.059021 3.059500
			CHANNELS 3 Xrotation Yrotation Zrotation
			JOINT Chest3
			{
				OFFSET 0.798740 14.895294 -0.558699
				CHANNELS 3 Xrotation Yrotation Zrotation
				JOINT Neck
				{
					OFFSET 1.026565 17.232559 0.775391
					CHANNELS 3 Xrotation Yrotation Zrotation
					JOINT Head
					{
						OFFSET -0.943204 10.263916 1.894782
						CHANNELS 3 Xrotation Yrotation Zrotation
						End Site
						{
							OFFSET -0.932664 10.277725 1.823789
						}
					}
				}
				JOINT LeftCollar
				{
					OFFSET 5.174080 12.844101 3.172128
					CHANNELS 3 Xrotation Yrotation Zrotation
					JOINT LeftUpArm
					{
						OFFSET 15.583922 3.613190 -7.251599
						CHANNELS 3 Xrotation Yrotation Zrotation
						JOINT LeftLowArm
						{
							OFFSET 27.576170 14.065994 13.469599
							CHANNELS 3 Xrotation Yrotation Zrotation
							JOINT LeftHand
							{
								OFFSET -20.801857 20.669708 6.402614
								CHANNELS 3 Xrotation Yrotation Zrotation
								End Site
								{
									OFFSET -4.546366 4.517487 1.399328
								}
							}
						}
					}
				}
				JOINT RightCollar
				{
					OFFSET -3.208285 13.316925 3.764995
					CHANNELS 3 Xrotation Yrotation Zrotation
					JOINT RightUpArm
					{
						OFFSET -16.611965 1.653809 -5.459293
						CHANNELS 3 Xrotation Yrotation Zrotation
						JOINT RightLowArm
						{
							OFFSET -29.014107 10.710312 13.535316
							CHANNELS 3 Xrotation Yrotation Zrotation
							JOINT RightHand
							{
								OFFSET 14.737682 23.252747 11.961006
								CHANNELS 3 Xrotation Yrotation Zrotation
								End Site
								{
									OFFSET 3.221092 5.082092 2.614210
								}
							}
						}
					}
				}
			}
		}
	}
	JOINT LeftUpLeg
	{
		OFFSET 9.867457 -1.713722 -0.339984
		CHANNELS 3 Xrotation Yrotation Zrotation
		JOINT LeftLowLeg
		{
			OFFSET 4.339057 -43.257298 18.814014
			CHANNELS 3 Xrotation Yrotation Zrotation
			JOINT LeftFoot
			{
				OFFSET -19.663980 -35.411423 -18.971725
				CHANNELS 3 Xrotation Yrotation Zrotation
				JOINT LeftToe
				{
					OFFSET -18.007153 -13.473691 7.332203
					CHANNELS 3 Xrotation Yrotation Zrotation
					End Site
					{
						OFFSET -11.958527 -5.401974 19.681749
					}
				}
			}
		}
	}
	JOINT RightUpLeg
	{
		OFFSET -9.867496 1.713531 0.339970
		CHANNELS 3 Xrotation Yrotation Zrotation
		JOINT RightLowLeg
		{
			OFFSET -0.613272 -47.271450 3.007859
			CHANNELS 3 Xrotation Yrotation Zrotation
			JOINT RightFoot
			{
				OFFSET 5.702040 -39.333496 -20.516911
				CHANNELS 3 Xrotation Yrotation Zrotation
				JOINT RightToe
				{
					OFFSET -1.184283 -19.997049 12.580645
					CHANNELS 3 Xrotation Yrotation Zrotation
					End Site
					{
						OFFSET -5.820403 -7.691620 21.599030
					}
				}
			}
		}
	}
}
MOTION
Frames: 200
Frame Time: 0.033333
-4.231971 104.806046 -1.111725 7.137291 -3.995506 7.322627 -6.746517 0.754641 -0.265632 4.405316 2.109875 -2.360240 0.467182 -2.881495 -3.470054 -9.708890 6.325670 -4.079261 -0.000000 -0.000000 -0.000001 5.201659 3.578244 -37.668650 21.789077 -1.125150 -68.221063 61.662224 8.365665 -84.092203 0.000002 0.000001 0.000006 9.217999 -2.543283 28.295464 25.615219 10.949335 60.364939 55.894290 -11.455250 71.936051 -0.000004 -0.000004 0.000000 19.628396 -4.397992 -7.471572 -32.056905 4.012611 32.828970 -11.502196 22.776277 16.703610 -0.000000 -0.000000 0.000001 0.755790 1.291258 -8.876142 -12.861935 -2.809685 -8.210471 -0.733747 3.656200 -0.090358 -0.000000 -0.000000 0.000003 
-4.227144 104.805931 -1.108408 6.706173 -4.214907 7.350773 -6.441011 0.713776 -0.311319 4.224293 2.171562 -2.388882 0.557327 -2.693326 -3.403312 -9.635690 6.262562 -4.007587 0.000000 0.000001 -0.000000 5.243906 3.850717 -37.989358 21.920367 -1.230800 -67.855990 61.839556 8.556492 -84.480766 0.000001 -0.000003 0.000005 9.324747 -2.207418 28.433391 25.912390 10.631140 60.237802 55.857922 -11.506987 71.570089 -0.000002 -0.000001 0.000004 20.270099 -4.547531 -7.551166 -32.306767 3.895635 32.858555 -11.194846 22.332516 16.321586 -0.000003 -0.000001 -0.000005 1.367048 1.224457 -8.992302 -12.754568 -2.650937 -8.189964 -1.233428 4.134299 0.563847 -0.000000 -0.000003 0.000000 
-4.226265 104.805618 -1.103042 6.536619 -4.580076 7.400649 -6.310843 0.704593 -0.396402 4.419819 2.257348 -2.570404 0.413406 -2.325942 -3.195900 -9.475805 6.253830 -4.009377 0.000000 -0.000001 -0.000001 5.325205 3.689719 -38.161114 21.904222 -1.417015 -67.609939 61.797154 8.614290 -84.203337 -0.000000 0.000003 0.000008 9.437651 -1.854009 28.504037 26.142530 10.267197 60.338328 55.742202 -11.502837 71.100965 -0.000002 -0.000001 0.000005 20.318199 -4.547229 -7.556351 -32.307946 3.879677 32.718495 -10.880229 22.006605 15.947343 -0.000000 -0.000004 -0.000002 1.383803 1.221277 -9.011621 -12.647576 -2.551325 -8.289015 -1.356843 4.533827 0.898287 -0.000000 0.000002 -0.000000 
-4.224556 104.808937 -1.098563 6.469642 -4.740462 7.410576 -6.480069 0.731772 -0.394324 4.235462 2.357108 -2.668256 0.612946 -2.315299 -3.086928 -9.296642 6.331716 -4.034971 -0.000000 -0.000001 -0.000000 5.380241 3.851325 -38.401704 22.063961 -1.216324 -67.563063 61.834768 8.709664 -83.891348 -0.000004 0.000002 0.000006 9.625558 -1.161503 28.570663 26.292574 10.138304 60.258456 55.566816 -11.753609 70.816480 -0.000001 -0.000001 0.000004 20.262566 -4.533275 -7.562965 -32.266302 3.855953 32.639910 -10.580865 22.049548 15.562349 -0.000002 -0.000003 -0.000005 1.202091 1.247090 -8.957620 -12.438376 -2.484743 -8.397465 -1.590113 4.676999 1.084451 -0.000001 -0.000001 0.000001 
-4.220695 104.810143 -1.092462 6.591253 -4.457194 7.450243 -6.769058 0.780237 -0.307448 4.039810 2.314560 -2.541110 0.929971 -2.313822 -3.268690 -9.404664 6.154053 -3.920068 -0.000001 -0.000000 0.000000 5.364490 3.480934 -38.507732 22.005251 -1.279710 -67.539800 61.674156 8.737084 -83.815355 0.000002 0.000001 0.000003 9.577816 -1.137862 28.671211 26.187871 10.294255 60.130499 55.352505 -11.844846 70.869401 -0.000001 -0.000001 0.000002 20.154258 -4.563474 -7.560076 -32.213317 3.898861 32.659052 -10.820470 22.013829 15.881810 -0.000004 0.000000 0.000000 1.146369 1.279613 -9.008151 -12.243179 -2.520619 -8.318301 -1.941372 4.394855 1.085103 -0.000001 0.000003 0.000002 
-4.219516 104.812332 -1.091416 6.753928 -4.192653 7.365040 -6.966089 0.798095 -0.141896 4.586451 2.180173 -2.478467 0.537208 -2.476683 -3.354037 -9.499696 6.221658 -3.891281 -0.000001 -0.000000 -0.000000 5.285550 3.587169 -38.601238 21.913777 -1.306768 -67.521775 61.605253 8.475612 -84.064179 0.000001 -0.000003 0.000003 9.669289 -0.559433 28.749830 26.196991 9.984667 60.166535 55.039164 -11.805250 70.449269 -0.000000 0.000002 0.000007 19.924352 -4.510607 -7.446853 -32.031139 3.898694 32.587802 -10.898938 21.849599 15.960871 -0.000003 -0.000004 0.000003 1.158044 1.292414 -8.959472 -12.451872 -2.452436 -8.177337 -1.922485 4.213177 1.088013 -0.000001 0.000000 0.000004 
-4.217968 104.818626 -1.089547 6.549765 -4.255758 7.377561 -6.691631 0.745178 -0.178919 4.713323 2.167512 -2.505156 0.252260 -2.270455 -3.287961 -9.215196 6.218448 -3.907836 -0.000000 -0.000001 0.000001 5.231138 3.851643 -38.597939 21.887529 -1.307477 -67.620655 61.581689 8.468892 -84.432756 -0.000002 0.000004 0.000005 9.581461 -0.908448 28.787898 26.156836 9.916315 60.233389 55.037664 -11.729769 70.500926 -0.000002 0.000003 0.000005 20.370933 -4.543218 -7.442968 -32.353711 3.962625 32.605356 -10.953165 21.913409 16.031811 -0.000001 0.000001 -0.000000 1.384422 1.227999 -8.988264 -12.549646 -2.495366 -8.184287 -1.786804 4.149223 0.990007 -0.000000 -0.000002 0.000002 
-4.216243 104.820763 -1.087286 6.747599 -4.473073 7.442967 -6.844561 0.758676 -0.140823 4.839977 2.208555 -2.602159 0.185748 -2.345462 -3.261965 -9.159556 6.258790 -3.922329 -0.000000 -0.000000 -0.000000 5.241628 3.760352 -38.630269 21.894503 -1.253921 -67.517076 61.803820 8.439497 -84.530947 0.000006 -0.000003 0.000003 9.672762 -0.466911 28.657934 26.080697 10.021886 60.213343 55.102879 -11.943426 70.798490 -0.000003 -0.000001 0.000004 20.233303 -4.546829 -7.505091 -32.381445 3.984340 32.597986 -10.924720 21.980727 15.974776 -0.000003 -0.000002 -0.000004 1.048391 1.275984 -9.030681 -12.238847 -2.463818 -8.232424 -1.800911 4.356139 1.150625 -0.000000 0.000000 0.000002 
-4.218296 104.825798 -1.083798 6.415288 -4.459863 7.458176 -6.266307 0.658496 -0.213704 4.748502 2.242470 -2.593002 0.181510 -2.349705 -3.236504 -9.285137 6.364382 -3.826913 0.000000 -0.000001 -0.000000 5.343574 3.478055 -38.561612 21.922184 -1.421995 -67.494324 61.710151 8.418609 -84.488955 0.000003 -0.000004 0.000004 9.746782 -0.330358 28.756691 26.197631 10.005353 60.212967 54.832649 -11.873023 70.118169 -0.000002 0.000000 0.000002 20.736565 -4.629507 -7.495917 -32.623907 3.958246 32.588322 -10.829577 21.487881 15.927260 -0.000000 -0.000001 -0.000005 1.439331 1.217236 -9.029817 -12.477504 -2.450514 -8.254868 -1.707084 4.317398 1.114873 -0.000002 0.000002 0.000001 
-4.226022 104.826393 -1.088237 6.848173 -4.667804 7.523382 -7.044079 0.787064 -0.127622 5.340908 2.184402 -2.681803 -0.068975 -2.269877 -3.204783 -8.993296 6.448806 -3.999693 -0.000000 -0.000000 -0.000000 5.273458 3.627195 -38.548836 21.829134 -1.414489 -67.389563 61.844078 8.200080 -84.873105 0.000001 0.000003 0.000004 9.436471 -1.803415 29.046691 26.039389 10.137895 59.947969 55.356965 -11.406527 71.109823 -0.000004 0.000001 0.000000 20.112790 -4.599435 -7.557620 -32.694702 3.926979 32.622783 -10.653451 22.308554 15.605708 -0.000000 -0.000001 -0.000000 0.817193 1.371075 -9.028520 -12.209603 -2.444550 -8.240865 -1.777167 4.130887 0.944418 -0.000001 0.000003 0.000002 
-4.231210 104.827736 -1.091385 6.482574 -4.537131 7.625455 -6.700572 0.734620 -0.162200 5.213573 2.187940 -2.662832 -0.142420 -2.490734 -3.289658 -9.142908 6.492950 -4.029868 0.000000 -0.000001 -0.000001 5.183123 3.604411 -38.686854 21.664117 -1.337893 -67.197163 61.910590 7.686055 -84.325898 0.000003 0.000001 0.000009 9.334511 -1.886894 29.158819 25.827930 10.275221 59.812684 55.310606 -11.116864 71.307312 -0.000003 -0.000001 0.000004 20.266324 -4.681919 -7.661089 -32.067086 3.949195 32.604721 -10.728235 22.602814 15.705586 0.000000 -0.000001 -0.000005 0.950906 1.347619 -9.124083 -11.771672 -2.416202 -8.232052 -1.709381 4.052146 0.850287 -0.000000 0.000000 0.000001 
-4.243551 104.830200 -1.092011 6.353901 -4.468145 7.732217 -6.346857 0.687474 -0.281074 5.035354 2.231854 -2.637429 -0.000128 -2.625200 -3.302189 -9.021427 6.586453 -4.065955 -0.000001 -0.000000 -0.000000 5.215183 3.480167 -38.436944 21.736150 -1.338094 -67.155274 62.331856 7.252658 -84.006887 -0.000001 -0.000001 0.000001 9.524237 -0.753157 28.872466 25.887599 10.369802 59.847142 54.907409 -11.147670 70.700968 -0.000002 0.000002 0.000004 20.422535 -4.810413 -7.659151 -32.086255 3.856583 32.460884 -10.538974 21.674419 15.535718 0.000000 0.000001 -0.000006 1.225943 1.371724 -9.257276 -11.860320 -2.328424 -8.102281 -1.657605 3.906789 0.897881 -0.000000 0.000001 0.000002 
-4.259082 104.827934 -1.094288 6.309718 -4.016608 7.810112 -5.879321 0.612428 -0.346669 4.296697 2.272374 -2.509493 0.481153 -2.684903 -3.450215 -9.414528 6.476850 -3.930909 -0.000001 0.000001 0.000000 5.279449 2.593953 -38.261743 21.521347 -1.696426 -66.953667 62.259203 7.148614 -84.205871 0.000003 0.000000 0.000002 9.331774 -1.816368 29.096794 25.610003 10.854110 59.502941 55.175262 -10.834540 70.860194 -0.000001 0.000002 -0.000002 20.156819 -4.779188 -7.782399 -31.332236 3.877181 32.593663 -11.023558 22.450446 16.106245 -0.000000 0.000001 -0.000004 0.879192 1.398221 -9.278602 -11.076301 -2.310181 -8.057390 -1.881225 3.538206 0.711790 0.000001 0.000002 0.000001 
-4.276226 104.826416 -1.097372 6.309486 -4.122527 7.895943 -5.713461 0.594110 -0.391360 3.992395 2.399476 -2.577956 0.699997 -2.818459 -3.386582 -9.299299 6.566120 -4.004819 -0.000000 0.000001 -0.000000 5.195612 2.956093 -38.318710 21.362718 -2.082346 -66.485635 62.633258 6.736277 -84.442578 -0.000001 0.000002 0.000003 9.402462 -1.128879 28.832052 25.516373 11.101064 59.385087 55.170658 -10.898067 71.159178 -0.000002 -0.000002 -0.000001 20.196914 -4.823422 -7.814260 -31.534915 3.951423 32.624139 -11.059061 22.616338 16.216274 -0.000000 -0.000003 -0.000003 0.952665 1.398634 -9.343181 -10.996489 -2.381478 -8.128132 -2.196034 4.061401 1.138319 -0.000000 0.000003 0.000000 
-4.305186 104.822311 -1.102090 6.861281 -4.343243 8.020720 -6.639847 0.788175 -0.468333 4.698091 2.373732 -2.741760 0.493051 -2.749103 -3.207101 -9.347899 6.526110 -4.090491 -0.000000 0.000001 -0.000000 5.274791 2.834687 -37.914551 21.364232 -2.043274 -66.501816 63.044415 6.346685 -85.067124 0.000005 -0.000003 0.000005 9.472499 -0.850031 28.688758 25.467207 11.218514 58.978014 55.552859 -10.447824 71.340055 -0.000002 -0.000006 -0.000001 20.129018 -4.804088 -7.839039 -32.361798 3.961532 32.661842 -10.917016 22.232455 16.058646 0.000001 -0.000000 -0.000001 0.548008 1.478490 -9.378377 -11.131256 -2.423264 -8.159673 -2.182797 4.254189 1.183505 -0.000001 0.000000 0.000001 
-4.335237 104.814468 -1.105926 6.545120 -4.116210 8.101353 -6.191238 0.719839 -0.557925 4.689050 2.340815 -2.741581 0.155687 -2.544475 -3.199336 -8.728069 6.370901 -4.174743 0.000000 -0.000000 -0.000000 5.120201 2.594185 -37.674955 21.262251 -1.702399 -66.456122 63.563769 5.764231 -86.106938 0.000002 0.000001 -0.000000 9.208674 -1.168887 28.552168 25.460719 10.404899 59.213492 56.227558 -9.514122 71.625571 -0.000003 0.000002 -0.000002 20.544027 -4.855294 -7.903196 -32.380971 3.950768 32.642171 -10.888613 22.281890 15.965526 -0.000000 0.000001 -0.000003 0.582897 1.450659 -9.448815 -10.839574 -2.411075 -8.068438 -2.185863 3.659436 0.874378 -0.000001 0.000001 0.000001 
-4.374170 104.808243 -1.113056 6.154490 -4.116618 8.202063 -5.616695 0.654688 -0.727371 4.468787 2.401412 -2.757857 0.229752 -2.533506 -3.144542 -8.603943 6.435606 -4.131981 -0.000001 -0.000000 -0.000000 5.094981 2.296169 -37.503814 20.929928 -2.162089 -65.738699 64.008025 4.687278 -86.204248 -0.000000 -0.000002 0.000001 9.216172 -0.733433 28.460500 25.195168 10.795771 58.182871 56.866092 -8.275857 71.883534 -0.000002 0.000000 0.000002 19.991713 -4.836051 -7.930207 -31.377052 3.838673 32.436630 -10.536197 22.645424 15.479598 0.000001 -0.000000 -0.000001 0.494784 1.494839 -9.472759 -10.699995 -2.285906 -8.029373 -2.029300 3.203117 0.529490 -0.000000 0.000001 0.000001 
-4.424670 104.794937 -1.121368 5.879578 -3.723564 8.272499 -5.267657 0.622881 -0.858060 5.209398 2.163278 -2.595367 -0.506859 -2.898151 -3.340485 -8.766826 6.569434 -4.129463 0.000000 0.000001 0.000000 5.096046 2.081699 -37.163565 20.614267 -2.606219 -64.504750 65.265886 2.942247 -86.833213 -0.000000 0.000003 0.000004 9.247709 -0.022360 27.958107 24.801032 11.369835 56.727808 58.069701 -6.365727 72.179445 0.000001 0.000001 0.000002 19.878304 -4.890497 -7.910448 -30.932718 3.628488 32.354459 -10.571778 22.888457 15.411796 -0.000001 -0.000001 -0.000002 0.008090 1.655852 -9.437245 -9.640526 -1.976211 -7.834149 -2.151667 2.378985 0.190521 -0.000001 0.000001 0.000003 
-4.473036 104.778633 -1.137124 5.795262 -3.527269 8.316340 -4.974277 0.545670 -0.859999 5.195764 2.260067 -2.706785 -0.614485 -2.728650 -3.274522 -9.105455 6.525781 -3.975699 -0.000000 -0.000000 -0.000000 5.277099 1.687259 -36.763456 20.580916 -2.800003 -63.405350 66.970572 1.217668 -87.049614 0.000002 -0.000003 0.000003 9.589287 1.456211 27.276512 24.878496 11.208127 55.629026 58.960303 -4.976255 70.969115 -0.000003 0.000001 0.000002 19.593707 -4.848794 -7.850665 -30.503929 3.526404 32.237615 -10.659290 22.981068 15.552339 0.000000 0.000000 0.000000 -0.322524 1.737320 -9.427328 -8.866143 -1.894667 -7.746516 -2.678307 2.125055 0.267169 -0.000003 0.000000 0.000003 
-4.521134 104.763329 -1.151067 5.533148 -3.203961 8.506718 -4.524134 0.468745 -0.986090 6.124463 2.144390 -2.767983 -1.514624 -2.900341 -3.302885 -8.910418 6.490584 -3.951300 0.000000 -0.000002 -0.000000 5.264644 1.293449 -36.584996 20.415382 -1.965754 -61.600943 69.784384 -2.187127 -86.349157 0.000003 -0.000003 0.000005 9.626604 2.276363 26.767344 24.565504 10.752903 53.726271 60.869826 -1.858937 70.097501 -0.000003 -0.000001 0.000004 19.118753 -4.904504 -7.979964 -29.891828 3.498599 32.093638 -10.346895 22.881106 15.209423 0.000001 0.000001 -0.000000 -0.841366 1.852373 -9.558590 -7.744378 -1.830810 -7.668528 -3.153165 1.859705 0.328080 0.000001 -0.000002 0.000000 
-4.573358 104.747276 -1.163626 5.596555 -3.371107 8.564857 -4.442921 0.413056 -0.918480 6.716700 2.184080 -2.981469 -1.819144 -2.767857 -3.203360 -9.028299 6.694796 -3.908580 -0.000000 -0.000001 0.000000 5.506786 0.883323 -35.955297 20.440306 -1.157244 -59.105957 73.828915 -6.068296 -84.545065 0.000002 0.000003 0.000004 9.781171 2.826395 26.105120 24.450192 10.231049 51.125216 63.562396 1.792189 68.247223 -0.000005 -0.000004 0.000000 18.036967 -4.851368 -8.050400 -28.531264 3.214170 31.912085 -9.746250 22.997976 14.322781 -0.000000 -0.000001 -0.000002 -1.610166 2.027931 -9.559770 -6.179146 -1.557202 -7.438927 -3.949410 1.838384 0.843684 -0.000000 -0.000001 0.000002 
-4.628430 104.728699 -1.170192 4.825182 -3.593722 8.648081 -3.248124 0.168493 -1.052580 7.156179 2.251146 -3.197073 -2.505983 -2.524664 -3.023950 -8.618885 6.908855 -3.934949 -0.000000 0.000001 -0.000000 5.561562 1.058350 -35.460197 20.543040 -0.064364 -57.089170 77.683478 -9.604137 -82.732804 0.000001 0.000003 0.000004 9.836173 3.002511 25.662493 24.334736 9.780694 48.743403 66.076425 4.934354 66.227877 -0.000002 0.000003 0.000002 17.965110 -4.945480 -8.153508 -27.434993 3.092800 31.770328 -9.291203 23.096237 13.638973 -0.000000 -0.000006 -0.000001 -0.835852 1.910801 -9.679486 -6.123968 -1.497414 -7.343609 -3.872173 1.572474 0.819256 0.000000 -0.000001 0.000004 
-4.694516 104.699493 -1.172507 4.805340 -3.353145 8.668259 -3.329821 0.140468 -1.072084 7.447825 2.142075 -3.110405 -2.727596 -2.729894 -3.130599 -8.244158 7.126909 -3.949114 0.000000 -0.000001 -0.000000 5.766470 0.531577 -34.073894 20.412022 0.724449 -54.043076 83.029849 -14.008079 -79.001588 0.000003 -0.000002 0.000006 9.689703 2.613221 24.600644 24.262536 8.674442 46.074714 69.839722 9.425473 63.122860 -0.000001 -0.000004 0.000002 16.783127 -4.897462 -8.141765 -25.588699 2.845734 31.626716 -9.066636 24.196092 13.139343 -0.000001 0.000002 -0.000001 -1.957842 2.215570 -9.493285 -4.364456 -1.145377 -7.196999 -4.493687 0.682420 0.661416 -0.000000 -0.000000 0.000003 
-4.752562 104.691254 -1.167288 3.998006 -3.613824 8.748581 -2.599212 -0.070051 -1.022550 7.036519 2.297430 -3.287987 -2.576860 -2.432398 -3.046763 -7.332904 7.090591 -4.113149 0.000000 -0.000000 -0.000000 6.384154 -0.622712 -32.403729 20.082756 0.364941 -48.974181 89.715867 -18.074945 -73.687407 -0.000000 -0.000002 0.000003 10.040853 3.296569 22.688451 24.313182 7.382666 42.666754 74.676528 13.928340 59.322208 -0.000001 0.000001 0.000002 16.186134 -4.870137 -8.256619 -23.931467 2.403781 31.369379 -8.394599 23.574345 12.144275 -0.000003 -0.000002 -0.000002 -2.256306 2.314652 -9.401609 -3.019506 -0.752207 -7.193691 -5.369588 1.012171 1.239509 -0.000000 0.000000 0.000001 
-4.820195 104.703529 -1.177556 3.404283 -3.519503 8.664338 -1.965588 -0.228036 -0.993388 7.062749 2.322873 -3.249862 -2.851742 -2.644798 -3.147377 -7.315333 7.246298 -4.011296 0.000001 -0.000000 -0.000000 6.772355 -1.238594 -30.974303 19.750996 0.673261 -44.869722 96.107448 -21.454813 -68.217498 0.000005 -0.000001 0.000002 10.313715 3.978866 21.175190 24.117393 6.457805 39.820150 78.930260 17.712168 55.512400 0.000001 0.000000 0.000002 14.945511 -4.751300 -8.012953 -21.698292 2.038330 30.859041 -7.890926 23.872336 11.372985 -0.000000 0.000000 0.000003 -2.859558 2.499714 -9.109128 -1.451777 -0.307978 -7.140797 -6.046756 0.519290 1.448407 -0.000001 0.000001 0.000001 
-4.884135 104.763184 -1.196109 3.187210 -3.299771 8.581796 -0.607145 -0.495988 -0.905353 7.439936 2.210829 -3.228837 -4.066260 -2.171335 -3.205252 -6.829613 7.087650 -3.633883 -0.000000 0.000001 -0.000000 6.968871 -2.855284 -28.375999 18.565912 -2.152854 -37.789794 102.076644 -23.131960 -60.468430 0.000003 -0.000005 0.000002 10.081186 4.368730 18.580548 22.791616 7.690714 34.594263 83.265566 21.242508 50.144462 -0.000002 -0.000003 0.000005 14.141657 -4.702172 -7.974323 -20.906103 1.262557 30.759221 -7.807211 23.900236 10.892995 0.000002 0.000001 -0.000000 -3.881590 2.780202 -9.005294 -0.417222 0.388199 -6.683476 -6.027257 -0.305703 1.419196 -0.000002 0.000000 0.000003 
-4.956615 104.879623 -1.223775 1.874453 -2.710846 8.415634 0.005330 -0.634484 -0.744088 6.619785 2.178025 -2.941989 -3.759548 -2.121009 -3.358587 -5.193396 6.954023 -3.645407 0.000000 -0.000000 -0.000000 7.495261 -3.678781 -25.015955 18.114497 -3.423386 -31.357941 105.284818 -20.056425 -49.979448 0.000003 -0.000003 0.000003 10.201756 4.722020 15.331085 22.269890 5.886740 30.367827 88.190037 22.989840 40.900249 -0.000004 -0.000001 0.000004 15.290125 -4.665396 -7.842637 -21.043174 0.796980 31.025690 -8.558324 23.446450 11.732674 -0.000001 0.000003 -0.000002 -2.756045 2.491628 -8.811475 -1.196701 0.457515 -6.766241 -5.576880 -0.334950 1.158436 0.000001 -0.000001 0.000000 
-5.025284 105.023148 -1.255474 1.067372 -2.696158 8.502243 0.376302 -0.683708 -0.692291 6.829429 2.233610 -3.091696 -4.022766 -2.197294 -3.353016 -4.034762 6.879098 -3.747817 0.000000 0.000001 -0.000000 7.702093 -4.264190 -22.382743 17.634480 -4.338934 -25.890891 104.081906 -15.845390 -42.152902 0.000001 -0.000002 0.000004 10.433961 5.591754 12.639581 21.553150 4.909099 26.985686 90.900870 22.833276 32.652959 -0.000003 0.000001 -0.000001 16.167485 -4.764083 -7.960574 -21.459551 0.645974 31.173356 -9.009627 22.932640 12.222609 0.000000 -0.000002 0.000000 -1.710009 2.278657 -8.998405 -1.969781 0.591146 -6.905652 -4.965089 0.331059 1.491298 -0.000002 0.000001 0.000002 
-5.113008 105.232262 -1.276747 0.608395 -3.603002 8.238060 0.649844 -0.632360 -1.103401 5.319647 2.073460 -2.420311 -3.027207 -2.163615 -3.563266 -2.252903 6.792986 -4.023607 0.000000 -0.000001 -0.000000 7.603951 -5.248992 -18.812236 16.469657 -4.708296 -19.670619 99.218668 -11.833402 -36.321232 0.000006 -0.000002 0.000001 9.841169 5.267236 9.362536 19.888836 6.695773 22.462481 90.279419 21.528722 25.435235 -0.000003 0.000002 0.000000 17.643922 -4.879565 -7.464225 -23.357796 0.619940 30.921168 -8.520494 21.983898 11.513643 -0.000001 -0.000000 0.000001 0.189445 1.896280 -8.816681 -4.709269 0.634755 -7.313877 -3.431174 1.708464 2.063213 0.000001 0.000003 0.000002 
-5.195619 105.502792 -1.273751 1.341666 -3.663990 8.031717 1.370844 -0.653204 -1.167666 4.625780 2.368989 -3.047356 -2.662189 -2.088432 -2.713464 -2.573456 6.618396 -4.041918 -0.000001 -0.000000 -0.000000 6.346122 -5.072139 -14.947072 13.531966 -4.283475 -13.919270 95.531957 -10.379929 -30.600347 0.000006 0.000000 0.000009 8.749816 6.212384 5.727990 16.478151 7.431051 17.848452 85.169590 19.854976 20.477361 -0.000005 -0.000004 0.000000 17.373923 -4.545814 -7.317049 -24.186984 0.324454 31.093869 -9.389184 21.982243 12.248697 -0.000003 -0.000001 -0.000002 -0.106040 1.649438 -8.533312 -5.968906 1.183875 -7.552409 -2.360548 2.535137 2.730838 -0.000001 0.000000 0.000001 
-5.275531 105.795166 -1.268282 1.933583 -3.100217 8.043850 1.672606 -0.666802 -1.023720 5.067080 2.480380 -3.615557 -2.823428 -0.822242 -2.267704 -2.905432 6.067555 -3.696849 0.000000 -0.000001 0.000000 5.775549 -5.879265 -11.436345 11.043759 -3.462746 -9.514144 91.766870 -9.273424 -25.647014 -0.000000 -0.000002 0.000003 7.203138 5.188338 3.136460 13.883098 8.380555 13.829831 80.387870 18.837612 17.949998 -0.000004 0.000005 0.000000 17.058394 -4.329762 -7.379938 -25.032657 0.329710 31.436229 -10.310144 21.957115 13.312069 0.000000 -0.000002 0.000000 -0.674052 1.522484 -8.464601 -6.297528 1.487788 -7.735914 -1.987119 3.243853 3.300966 -0.000001 -0.000000 0.000003 
-5.350255 106.128418 -1.246662 0.702823 -3.952130 8.120227 1.814456 -0.618355 -0.964070 1.812517 2.892358 -3.592810 -0.190492 -1.356188 -2.252199 -3.700903 6.808590 -4.193779 0.000000 -0.000001 -0.000000 4.449299 -3.985606 -7.253379 9.065639 -5.344929 -6.408393 86.225736 -10.001322 -27.842706 0.000004 -0.000001 0.000004 5.887319 4.520352 -0.049743 11.026813 8.600504 10.723721 76.011802 18.030654 15.915483 -0.000001 -0.000004 0.000000 18.493526 -4.129251 -7.541194 -25.136049 0.528743 31.396928 -10.800477 21.236897 13.887183 -0.000001 -0.000001 -0.000000 0.654438 0.872169 -8.576843 -6.671746 1.772583 -8.445209 -1.435011 5.532779 4.653175 -0.000001 -0.000002 -0.000000 
-5.423444 106.523346 -1.232812 0.550259 -4.399122 8.341535 0.154210 -0.207525 -0.826909 1.315919 3.053967 -4.087353 -0.404067 -0.496883 -1.837411 -2.924064 6.423443 -4.059274 0.000001 -0.000001 -0.000000 2.686220 -2.627613 -4.380503 6.153510 -3.830622 -3.155656 81.423669 -10.268310 -27.003266 0.000003 -0.000002 0.000003 4.359074 4.365739 -3.304265 8.125261 7.874910 8.620446 69.853998 17.275753 18.264435 -0.000004 0.000001 -0.000001 19.400780 -4.113277 -7.899655 -25.778442 0.338689 31.439532 -10.981361 20.657738 13.839412 -0.000003 0.000001 -0.000004 1.443357 0.474003 -9.000143 -7.546494 2.226749 -8.610174 0.123411 6.961208 5.069352 -0.000001 0.000001 0.000002 
-5.489049 106.931938 -1.209501 1.012898 -4.484960 8.384166 -0.642719 0.049216 -0.776947 0.393459 2.916605 -3.873592 0.277758 -0.347934 -1.867804 -1.843755 6.405275 -4.308807 0.000000 0.000001 -0.000000 1.169285 -1.696965 -2.273866 4.389213 -4.147589 -1.003602 75.337943 -9.811669 -28.198129 -0.000001 0.000002 0.000006 2.840417 3.945144 -5.730828 5.561015 6.349635 6.717185 63.764624 15.957328 18.724750 -0.000001 -0.000004 -0.000001 18.766993 -4.054102 -8.058189 -25.301526 0.121461 31.528662 -11.372637 20.072560 14.117397 -0.000000 0.000002 -0.000001 0.998148 0.438484 -9.174620 -7.807534 2.620171 -8.679975 1.168762 7.771105 5.388362 -0.000001 0.000001 0.000003 
-5.554860 107.353485 -1.180041 1.177828 -3.974438 8.449547 -0.219517 0.043576 -0.819012 0.610597 2.876254 -3.907389 0.142104 0.314144 -1.901438 -1.582291 5.781713 -3.916979 -0.000000 0.000001 -0.000000 1.106014 -3.026753 0.543219 2.092474 -1.406652 2.242988 64.933843 -7.626187 -29.683780 0.000002 -0.000003 0.000005 1.294197 2.622635 -8.526410 3.743102 5.706657 3.733738 54.662332 13.140792 21.642778 -0.000003 -0.000002 0.000007 18.285929 -4.273063 -8.163241 -24.742010 -0.322319 31.602681 -11.253805 18.801274 13.847232 0.000001 0.000001 -0.000003 0.983339 0.583177 -9.405848 -8.106979 3.158976 -8.555746 2.222441 8.293879 5.453071 -0.000000 0.000000 0.000001 
-5.619766 107.792702 -1.154988 2.798170 -3.864561 8.375341 -0.871563 0.249122 -0.573605 -0.808447 3.050631 -3.807994 1.936527 -0.342761 -1.990181 -2.822323 5.955055 -4.960390 -0.000001 -0.000000 -0.000000 -0.655287 -1.357010 2.446489 1.061336 -2.414539 5.498587 55.687738 -5.582870 -35.270451 0.000001 -0.000003 0.000003 0.270916 2.515774 -10.678026 1.997403 5.956445 -0.035718 45.601946 9.108368 26.652891 -0.000003 -0.000002 0.000002 16.062230 -4.216639 -7.939631 -23.133089 -0.492517 31.320205 -10.655749 16.911062 13.125638 -0.000002 -0.000001 -0.000005 -0.751962 1.150088 -9.307407 -6.546527 3.670894 -8.634139 3.992331 9.494644 5.181760 0.000001 0.000001 -0.000001 
-5.682179 108.217026 -1.132243 3.485861 -3.859006 8.525330 -1.705762 0.433848 -0.581256 -0.657388 3.195945 -4.148429 2.303122 0.568810 -1.699707 -2.914346 5.503888 -4.911839 -0.000000 -0.000000 -0.000000 -0.697898 -2.152233 3.796577 -0.177155 -1.131776 7.991993 47.183022 -2.591807 -39.441235 0.000002 -0.000002 0.000003 -0.705185 1.680307 -11.983310 1.040438 5.590284 -2.763200 39.132408 5.247927 30.734735 -0.000004 -0.000003 -0.000001 14.989376 -4.148725 -8.018823 -22.429334 -0.714090 31.043411 -10.149839 15.581219 12.393513 0.000000 0.000001 -0.000000 -1.930656 1.433716 -9.335856 -5.161947 4.088741 -8.926445 5.092579 10.723145 5.206497 -0.000002 -0.000000 0.000003 
-5.747391 108.648293 -1.104187 4.766494 -3.271011 8.524328 -2.878378 0.694162 -0.386759 1.044783 2.847796 -4.330258 1.358939 -0.217505 -1.697520 -3.744278 5.515735 -5.563972 0.000000 -0.000000 0.000000 -1.834824 -1.081641 5.312760 -0.761180 -2.210431 9.825887 42.875105 -0.577764 -45.861315 0.000003 -0.000001 0.000002 -0.672232 2.911911 -13.648751 -0.725170 4.569733 -5.533692 34.448643 1.434039 36.326320 0.000002 0.000001 0.000007 13.391055 -4.046555 -7.991180 -21.910663 -0.859469 31.260768 -10.837631 13.409103 13.329974 0.000002 -0.000001 -0.000002 -4.002655 1.935607 -9.336848 -3.110975 4.472363 -8.947671 6.020085 11.915129 5.278158 0.000001 -0.000001 0.000000 
-5.824047 109.120773 -1.137692 6.074392 -3.162370 8.432591 -3.349962 0.847233 -0.337297 0.716509 2.634828 -4.104830 1.344317 -0.627022 -1.831656 -4.834860 5.725645 -5.994995 -0.000000 -0.000000 -0.000000 -4.067758 0.482170 6.377553 -1.682366 -4.108758 10.978914 37.150782 1.764019 -51.942380 0.000003 -0.000002 0.000003 -2.673201 2.249842 -14.708403 -2.357648 6.839056 -7.216502 30.946969 -1.346880 42.789045 -0.000001 -0.000003 -0.000001 11.001304 -4.040125 -7.977622 -16.874457 -1.152294 31.354079 -10.722480 16.853026 12.483900 0.000000 -0.000001 -0.000002 -6.227121 2.527871 -9.354114 0.895661 5.216238 -9.419202 3.736090 11.864465 7.165253 0.000001 0.000001 -0.000001 
-5.897633 109.550941 -1.167698 6.617482 -2.165634 8.316677 -1.773835 0.599709 -0.203015 -3.117801 3.114384 -3.651692 4.368840 -0.846603 -2.232905 -6.501094 5.293405 -5.779463 0.000000 -0.000000 -0.000000 -4.158257 -0.509783 7.086545 -2.675265 -4.212733 12.433619 33.596208 3.783900 -57.440183 0.000003 0.000003 0.000004 -3.968126 1.299560 -15.504255 -3.312913 8.052439 -8.915375 29.566352 -3.277472 48.910862 -0.000001 -0.000001 0.000004 9.307589 -4.114836 -8.042025 -13.080989 -1.555885 31.623066 -11.428676 18.809716 13.088793 -0.000002 0.000001 -0.000004 -7.389821 2.933616 -9.399209 3.991545 5.712453 -9.169721 2.104709 10.720612 7.674003 0.000002 0.000001 0.000001 
-5.971288 109.949997 -1.200897 6.759876 -1.545351 8.245515 -2.523092 0.786852 -0.062739 -4.048701 3.078765 -3.367905 5.144250 -1.357368 -2.531616 -5.985616 5.010275 -5.739977 0.000000 -0.000000 -0.000000 -4.543211 -1.056325 7.959998 -3.620999 -5.218930 13.029090 30.828680 5.565338 -63.463809 0.000002 -0.000001 0.000004 -5.283655 0.678159 -16.527523 -4.492860 9.663341 -10.036408 27.397347 -6.200524 55.181669 -0.000002 -0.000003 -0.000001 8.807560 -4.180737 -8.039948 -11.654835 -1.598600 31.905562 -12.214064 19.433196 14.136388 -0.000002 -0.000004 -0.000000 -7.719008 3.039105 -9.549276 3.953083 5.695179 -8.959884 1.972956 9.963630 7.500127 0.000001 0.000003 0.000002 
-6.046210 110.323257 -1.225081 6.347653 -2.216992 8.409971 -2.867577 0.924436 -0.391084 -4.375003 3.136026 -3.406176 5.388439 -1.036809 -2.249296 -6.274564 5.070004 -5.781806 -0.000000 -0.000000 -0.000000 -4.804664 -0.528800 8.968527 -4.022073 -5.859433 14.068524 26.334237 9.817888 -69.337007 0.000002 -0.000003 0.000003 -5.731986 0.720426 -17.691380 -5.376797 9.743547 -11.934448 26.644035 -8.877419 61.605554 -0.000007 -0.000003 -0.000001 10.149212 -4.359187 -7.999173 -13.149338 -1.428136 31.756463 -12.032065 17.725323 14.198253 -0.000000 -0.000001 -0.000002 -6.775094 2.788123 -9.767326 3.086359 5.406212 -9.078484 3.659773 11.235200 6.991344 -0.000001 0.000001 -0.000000 
-6.120193 110.667305 -1.249502 5.371217 -1.381899 8.224701 -2.824406 0.882130 -0.175005 -4.839871 3.066615 -3.237931 5.793738 -1.786089 -2.446485 -5.629599 5.021912 -5.901545 0.000000 0.000001 0.000000 -5.109408 -0.335172 9.765378 -4.620045 -5.884242 14.671747 24.610186 11.872512 -73.690201 0.000002 -0.000003 0.000003 -6.468536 0.323612 -18.475815 -6.016785 10.379816 -12.968198 25.835563 -11.387920 66.740258 -0.000006 -0.000002 -0.000005 11.280104 -4.456858 -7.883786 -13.310022 -1.458386 32.057267 -12.458712 17.322900 14.800494 0.000000 0.000003 -0.000002 -5.425230 2.483270 -9.881373 2.374834 5.258790 -8.589887 4.134716 10.958601 6.599398 0.000002 -0.000000 -0.000000 
-6.193192 110.985657 -1.269924 5.591278 -1.062911 8.221342 -3.290249 1.021934 -0.126062 -5.175298 3.076700 -3.319590 5.918877 -1.659695 -2.372580 -5.745626 4.646988 -6.163976 0.000000 0.000001 -0.000000 -4.706923 -1.336367 10.178104 -4.766168 -6.397175 16.101848 24.688117 13.680395 -78.602514 0.000006 -0.000004 0.000004 -6.427692 0.747263 -19.193313 -6.504838 10.981890 -14.347921 26.752715 -13.642293 72.110699 -0.000005 -0.000001 0.000002 11.317062 -4.281292 -7.972004 -13.769643 -1.461002 32.108391 -12.899034 16.459011 15.398340 -0.000000 0.000003 -0.000002 -5.485489 2.392704 -10.055002 1.999425 5.170814 -8.541419 4.949558 11.110426 5.983453 -0.000001 0.000002 0.000002 
-6.263628 111.266991 -1.297783 5.736723 -1.221408 8.049176 -4.098105 1.241611 -0.141816 -3.278189 2.408388 -3.194320 4.607649 -0.859462 -2.433731 -6.309537 4.005858 -6.824526 0.000000 -0.000001 -0.000000 -5.613942 -2.023210 10.568229 -4.921049 -8.764038 16.675965 22.863746 14.923974 -82.895943 0.000002 0.000001 -0.000000 -7.492688 0.570952 -19.307439 -6.993652 13.787373 -14.825016 27.182606 -14.296108 77.232419 -0.000003 -0.000002 0.000002 10.075235 -4.164422 -7.716955 -12.233035 -1.632738 32.702150 -11.706094 18.163302 13.271979 -0.000000 0.000001 -0.000003 -6.114560 2.582969 -9.830229 2.991833 5.568446 -8.877789 2.638328 10.518550 7.079492 -0.000000 0.000001 0.000001 
-6.331074 111.519196 -1.321589 5.211601 -1.410105 7.944420 -4.151410 1.320240 -0.211219 -3.183715 2.174190 -3.052100 4.641758 -0.712202 -2.380861 -6.703348 3.898584 -7.263626 -0.000000 -0.000001 -0.000000 -6.364320 -2.227948 11.005990 -4.813337 -10.465592 16.628685 21.774228 15.980372 -85.837303 0.000001 -0.000003 0.000003 -7.394502 1.564040 -19.372423 -7.621351 14.870905 -15.206994 27.678099 -14.952672 80.844250 -0.000006 -0.000001 0.000004 9.914715 -4.135608 -7.476070 -12.531743 -1.485367 32.747871 -11.215960 19.035811 12.365885 -0.000001 -0.000004 -0.000000 -5.938523 2.529934 -9.679923 2.494390 5.654543 -9.294610 1.400311 10.541328 7.954384 -0.000000 0.000000 0.000001 
-6.389916 111.738083 -1.344323 5.387804 -1.310619 7.726250 -4.386934 1.325896 0.004862 -2.210032 1.751914 -2.846876 3.876172 -0.719996 -2.596672 -6.671468 3.756636 -7.509660 0.000000 -0.000000 -0.000000 -6.110968 -2.476844 11.382567 -4.528917 -10.772774 17.672548 22.636524 16.729777 -88.576256 0.000003 -0.000001 0.000002 -7.370857 1.338266 -19.746721 -7.599304 15.171354 -16.767836 29.329194 -15.602964 84.229169 -0.000002 0.000001 -0.000003 9.230015 -3.859335 -7.364285 -11.929941 -1.514788 32.970563 -11.457095 18.651011 12.691725 -0.000003 0.000001 -0.000000 -5.739324 2.367464 -9.509312 2.198218 5.582641 -9.569092 2.401955 11.068964 7.463626 0.000002 0.000000 0.000001 
-6.450234 111.944809 -1.388174 6.765820 -1.920835 7.705086 -4.337610 1.329259 -0.189251 -3.357832 2.025086 -2.661904 4.752857 -1.154108 -2.432881 -8.144808 4.063204 -7.471926 -0.000001 0.000001 -0.000000 -6.954425 -1.495502 11.880103 -4.685330 -11.141417 18.767244 22.218184 17.578329 -91.086214 0.000002 -0.000002 0.000009 -7.149602 1.957223 -20.082604 -8.406943 14.342152 -18.755148 30.629929 -14.409531 87.675068 -0.000003 -0.000005 0.000004 8.293123 -4.020756 -6.928951 -14.765959 -1.172801 33.251792 -9.403241 17.372304 10.335933 -0.000001 -0.000001 -0.000005 -5.330559 2.537894 -9.198904 2.450877 5.364370 -8.742924 0.912060 9.420346 7.632718 0.000001 -0.000001 0.000002 
-6.503304 112.122932 -1.428292 6.960778 -2.073761 7.647312 -4.355951 1.324781 -0.150216 -3.557568 2.075052 -2.587303 5.027156 -1.306222 -2.456378 -8.457361 4.006442 -7.426377 -0.000001 -0.000000 0.000000 -7.566617 -1.090089 12.336042 -5.099507 -11.360712 19.306587 22.716494 16.584239 -92.585639 0.000004 -0.000001 0.000002 -7.520925 1.988001 -20.360114 -9.240543 13.861906 -19.657471 30.994866 -13.720719 89.974219 -0.000008 -0.000001 0.000005 8.465931 -4.169953 -6.602470 -16.415610 -0.901148 33.451623 -8.698601 16.439540 9.667294 -0.000002 -0.000001 -0.000002 -4.620730 2.502666 -9.137234 2.047758 5.119637 -8.271518 0.557056 8.747446 7.608796 0.000002 0.000000 0.000001 
-6.554659 112.255272 -1.468950 6.310422 -1.898654 7.559752 -4.779287 1.451694 -0.244884 -2.237781 1.638525 -2.443055 4.767381 -0.424301 -2.404016 -8.988619 3.390911 -7.247542 -0.000000 -0.000000 -0.000001 -6.978026 -2.129029 12.676674 -6.079290 -9.794062 20.223528 23.405848 16.481199 -93.835693 -0.000001 0.000000 0.000004 -8.210879 1.107667 -20.406829 -9.859720 13.034011 -20.972823 31.748116 -14.019241 91.720548 -0.000005 -0.000003 0.000004 8.785359 -3.968045 -6.277972 -16.641758 -0.922333 33.564728 -8.475732 15.675296 9.379138 0.000000 -0.000002 0.000000 -3.132140 2.084167 -9.162104 1.847287 4.951170 -7.904190 0.641767 8.270415 7.089502 0.000000 -0.000001 0.000000 
-6.605671 112.341728 -1.498489 5.800494 -1.870374 7.474081 -4.281951 1.367863 -0.309257 -2.180307 1.509120 -2.345238 4.799256 -0.087918 -2.313959 -8.210667 3.056649 -7.188461 0.000001 -0.000000 0.000000 -6.715889 -2.796724 12.758038 -5.789534 -11.052271 20.169188 23.205458 16.209542 -94.528800 -0.000002 -0.000003 0.000009 -8.146046 1.509120 -20.138567 -10.638604 12.469720 -21.653044 31.415038 -14.037553 92.575066 -0.000004 0.000000 0.000004 8.191460 -3.745491 -5.722584 -15.566163 -1.001527 33.417698 -8.697653 14.792289 9.706022 0.000000 -0.000002 0.000000 -2.074413 1.794460 -9.326490 1.438550 4.869013 -7.469970 1.159673 8.098536 6.766179 0.000001 -0.000001 0.000002 
-6.648607 112.391884 -1.510569 4.554218 -1.516852 7.313281 -3.612732 1.212599 -0.137653 -2.531497 1.461157 -2.296941 4.897164 0.254808 -2.299305 -7.717232 2.809204 -7.031666 -0.000000 0.000001 -0.000000 -6.204015 -2.550820 12.835084 -5.160213 -10.566457 20.830909 24.524003 16.998053 -94.957661 0.000001 -0.000003 0.000005 -8.338800 0.140792 -20.348537 -9.600817 12.607871 -21.985566 32.234326 -16.088676 92.695421 0.000001 0.000002 0.000000 8.176778 -3.222671 -5.252370 -11.948440 -1.146243 32.484889 -10.067179 14.726528 11.397567 -0.000003 0.000003 -0.000002 -1.391763 1.445225 -9.298416 0.596209 4.896669 -8.020449 2.980389 9.397600 6.245050 0.000001 -0.000001 0.000000 
-6.701671 112.381950 -1.508885 4.361247 -1.002949 7.368149 -3.560084 1.173739 -0.256583 -3.938134 1.768739 -2.411070 5.667678 -0.741872 -2.056396 -6.227328 3.102776 -7.373710 0.000000 0.000001 -0.000000 -5.926938 -1.480947 13.095647 -3.930615 -11.124113 21.042238 25.140601 18.166056 -95.374378 0.000001 -0.000002 0.000003 -6.715318 1.460736 -20.441404 -9.028211 11.230797 -22.016686 32.785933 -17.258572 92.552437 -0.000005 0.000001 0.000004 7.944784 -2.906703 -4.620150 -9.532314 -1.108034 30.327064 -10.727228 14.928138 12.443258 -0.000004 0.000003 -0.000002 -1.228178 1.291507 -9.596807 0.494817 4.395952 -7.106494 3.924720 9.691363 5.319281 -0.000000 0.000001 0.000001 
-6.753575 112.320770 -1.502583 4.494102 -0.577329 7.381956 -4.138846 1.307647 -0.365246 -4.461183 1.810857 -2.323678 6.188804 -0.656751 -1.976284 -6.117400 2.986367 -7.129748 0.000001 -0.000001 0.000000 -5.218928 -2.510385 13.156961 -4.220491 -10.191668 20.788642 25.572307 17.911225 -94.702984 0.000002 -0.000003 0.000003 -6.918103 0.874060 -20.401184 -8.515812 12.037514 -21.127209 32.337879 -18.855979 92.287337 -0.000006 -0.000004 0.000002 7.724029 -2.650450 -3.918275 -8.131525 -1.023991 28.888473 -11.038667 14.557993 12.901562 -0.000003 0.000002 -0.000001 -0.757699 1.128202 -9.518772 0.029963 4.186490 -6.239427 3.593661 8.912814 5.197960 0.000001 -0.000000 0.000003 
-6.803924 112.248116 -1.522953 3.593244 0.641170 7.287311 -2.725113 1.031205 -0.272231 -4.898286 1.371976 -1.823724 5.996886 -1.578220 -2.445966 -6.710003 3.077319 -7.698983 -0.000000 0.000001 0.000000 -6.139825 -1.740872 12.871166 -4.970762 -9.728616 20.631616 24.772109 17.557783 -93.634981 0.000003 -0.000001 0.000001 -6.718568 1.477166 -19.748140 -9.122632 11.757993 -21.430589 32.078151 -18.895023 92.004199 -0.000007 0.000000 0.000002 8.860008 -2.394452 -3.475808 -9.881953 -1.032965 29.751802 -10.510052 14.261545 11.952515 -0.000000 -0.000002 0.000002 1.971733 0.397239 -9.356429 -3.459924 3.731125 -6.165696 2.920769 7.932594 4.940072 -0.000002 -0.000002 0.000002 
-6.859229 112.121384 -1.548641 3.605200 1.232203 7.624257 -3.110465 1.172029 -0.649378 -3.449403 0.924692 -1.670925 4.811142 -2.116115 -2.607743 -7.406221 3.394596 -7.824941 0.000000 0.000001 0.000000 -7.521560 0.064708 12.643531 -4.838246 -10.763225 19.886144 23.833491 16.598068 -91.535081 0.000004 -0.000002 0.000003 -6.444630 2.336304 -19.274283 -10.015811 10.770687 -21.323632 31.211017 -18.571631 91.181407 -0.000005 -0.000001 0.000005 9.763644 -2.261388 -3.147549 -10.349459 -1.142856 29.499334 -9.788733 14.149935 10.773402 -0.000003 0.000003 0.000002 2.726351 0.132073 -9.329868 -4.174391 3.810289 -6.181828 2.623042 7.111583 4.785044 -0.000002 0.000001 0.000003 
-6.925259 111.950356 -1.571965 4.810950 1.237130 8.051479 -4.184008 1.505504 -1.142899 -2.711073 0.816864 -1.725710 4.373428 -0.929702 -2.421217 -7.588429 2.754910 -7.550192 -0.000000 0.000001 0.000000 -7.158154 -1.225281 11.981526 -5.745350 -10.193504 19.102919 22.757232 15.503508 -88.787282 0.000003 -0.000003 0.000003 -6.979682 2.290229 -18.987415 -10.328084 11.361257 -20.326675 30.307902 -17.819619 90.247365 -0.000002 0.000004 0.000005 7.543192 -2.090551 -2.461866 -10.160016 -1.050999 27.935593 -8.090025 13.566259 8.480578 -0.000003 -0.000001 -0.000002 2.211033 0.298796 -9.513387 -3.565855 3.975873 -6.188107 1.320849 7.054439 5.507012 0.000001 0.000000 0.000001 
-6.997267 111.780006 -1.612138 5.447131 2.079989 8.082498 -4.458818 1.573608 -1.092317 -2.693110 0.668116 -1.508990 4.144136 -1.147412 -2.717846 -8.033645 2.567243 -7.334996 0.000001 -0.000000 -0.000000 -7.498845 -1.289355 11.493439 -6.285121 -10.245437 18.383953 21.678220 14.628377 -86.478712 0.000001 -0.000001 0.000008 -7.443437 2.195346 -18.757069 -10.966580 11.395012 -19.892047 29.434932 -17.289022 89.502102 -0.000003 -0.000004 0.000000 6.001725 -2.025855 -1.912766 -9.080273 -1.107071 27.143747 -7.065214 13.363432 7.094624 -0.000001 -0.000000 0.000001 1.988003 0.432235 -9.474528 -3.380478 3.971739 -5.547725 0.492953 5.908041 5.492440 -0.000001 0.000001 0.000002 
-7.084230 111.598557 -1.668819 5.544898 2.647366 7.985373 -4.098866 1.553549 -1.172357 -3.092593 0.647374 -1.387018 4.119321 -1.384311 -2.846922 -7.908299 2.062073 -6.912702 0.000000 0.000001 -0.000000 -7.699374 -2.082552 10.777773 -7.072824 -10.426123 17.533495 20.854217 12.697144 -83.808525 0.000003 -0.000002 0.000003 -8.227488 1.768982 -18.057371 -11.145081 12.720036 -18.322578 27.654312 -17.078173 87.517536 0.000002 0.000004 0.000002 4.379983 -1.785250 -0.872696 -5.834547 -1.310445 25.881451 -5.647645 13.415375 5.115002 0.000004 -0.000000 0.000003 1.469232 0.589478 -9.377421 -3.253667 4.015813 -4.772475 0.265559 4.669654 5.253678 -0.000001 0.000001 0.000002 
-7.194854 111.363098 -1.728225 5.366932 2.902166 7.623264 -3.963649 1.554175 -1.185605 -3.080848 0.600502 -1.315774 4.180094 -1.434982 -2.744985 -7.563764 1.613326 -6.701699 -0.000001 0.000001 -0.000000 -8.238931 -1.716447 10.637418 -7.892297 -9.751330 16.353332 19.825215 11.623823 -79.968797 0.000001 -0.000001 0.000008 -9.056481 1.060963 -17.504151 -11.378758 13.378165 -16.660324 26.185147 -16.341125 84.431062 -0.000002 -0.000003 0.000005 2.541241 -1.515773 0.243470 -1.359853 -1.647234 25.007257 -4.675563 12.645298 3.912571 0.000000 -0.000000 0.000001 1.583549 0.561782 -8.610606 -3.062412 3.807598 -4.490685 -0.481327 4.253203 5.425796 -0.000000 -0.000001 0.000000 
-7.313508 111.116577 -1.796001 5.744004 2.931877 7.320879 -3.731121 1.545057 -1.248208 -4.800388 0.902244 -1.271407 5.780829 -1.945040 -2.630424 -7.897349 1.366388 -6.340562 0.000000 -0.000000 -0.000000 -8.814599 -0.795792 10.476452 -7.875033 -10.111877 15.521458 19.039323 10.699344 -76.512401 0.000001 -0.000003 -0.000000 -9.811824 0.077500 -17.049790 -11.717961 12.825491 -15.877231 24.887936 -15.407679 81.137477 -0.000005 0.000003 -0.000001 0.717439 -1.302952 1.106611 1.199611 -1.952371 24.496953 -3.850917 12.116343 2.812595 0.000000 -0.000001 -0.000002 1.895180 0.507784 -7.983571 -3.264171 3.726684 -4.286881 -1.006215 4.140027 5.719371 -0.000002 -0.000001 0.000000 
-7.459536 110.794235 -1.858095 5.922313 2.762152 6.887813 -3.569825 1.556546 -1.554434 -5.817596 0.971262 -1.061632 6.647004 -1.630071 -2.504090 -8.167734 0.740238 -5.855810 -0.000000 -0.000000 -0.000000 -9.341917 0.138962 10.291660 -7.797113 -10.041660 14.183499 17.366825 9.750203 -71.447549 -0.000000 -0.000003 0.000003 -10.672306 -1.349772 -16.398215 -11.803932 11.806940 -13.970237 22.297480 -13.954813 75.094597 -0.000003 -0.000003 0.000004 -0.544080 -1.211408 2.542713 2.001672 -2.266980 23.059163 -3.266726 10.439910 1.966020 0.000003 -0.000000 0.000001 2.557435 0.613191 -7.050727 -3.886785 3.816121 -3.812343 -0.431756 3.739222 5.365535 0.000001 -0.000001 0.000003 
-7.612645 110.391708 -1.868175 2.391435 2.440706 6.655677 -1.861708 1.183694 -1.764490 -2.736984 0.547669 -1.189168 3.378310 -1.458373 -2.200118 -5.950984 1.009952 -5.379735 -0.000000 -0.000000 0.000000 -7.294780 -0.861618 10.009843 -7.511719 -8.252079 12.804721 17.629657 9.274211 -65.723140 0.000003 -0.000003 0.000005 -8.708767 0.026168 -15.326820 -11.352339 9.211755 -12.421992 21.544893 -12.195408 68.073784 -0.000005 -0.000003 -0.000001 0.216463 -0.549421 3.589656 7.697906 -3.559567 18.986003 -6.730433 9.867729 6.919020 -0.000001 0.000003 -0.000006 3.764198 0.067691 -6.148688 -0.787541 4.089784 -3.269650 -0.239943 3.914236 4.969825 0.000002 0.000000 0.000001 
-7.761254 109.981537 -1.877235 1.134488 2.689634 6.428043 -1.211407 1.038142 -1.845474 -0.930265 0.252284 -1.134938 1.663365 -1.326835 -2.110194 -5.315366 0.900643 -4.825308 0.000000 -0.000000 -0.000000 -6.324197 -1.411259 9.468095 -7.217090 -7.189233 11.825032 17.339919 8.940683 -60.845251 0.000001 -0.000002 0.000003 -7.830890 0.479327 -14.479352 -10.809036 7.932891 -11.060812 20.367820 -11.103658 62.135775 -0.000008 -0.000002 0.000002 -0.524772 -0.259852 4.312493 11.517379 -4.617642 16.206108 -8.158204 8.768675 9.052669 -0.000003 0.000003 -0.000002 3.875224 -0.030905 -5.560188 -0.107288 4.080095 -2.790300 -0.616657 3.357946 4.758180 0.000003 0.000000 0.000001 
-7.912368 109.505074 -1.851680 -0.522837 2.136407 6.077500 0.248021 0.654114 -1.980794 -1.843211 0.467447 -1.033833 1.193318 -1.362760 -1.847824 -1.801911 1.304224 -3.989871 0.000001 -0.000001 -0.000000 -4.493048 -2.490647 8.505115 -6.550682 -4.892211 11.352528 16.506665 9.966347 -55.348110 0.000004 -0.000002 0.000003 -6.108353 1.111871 -13.294976 -9.720084 5.694103 -10.361638 19.537637 -10.875877 55.194728 -0.000000 0.000002 -0.000002 -0.403395 0.290737 4.935003 12.132061 -5.114949 12.915379 -6.857752 6.891639 7.386973 0.000000 -0.000005 -0.000002 4.617701 -0.385009 -4.905902 -1.515766 3.675436 -2.265285 -1.222098 2.820503 4.962921 0.000000 0.000002 -0.000000 
-8.071249 109.049553 -1.835020 -1.174404 2.248471 5.405203 1.706859 0.242275 -1.865012 -2.697005 0.463226 -0.769462 1.307825 -1.340753 -1.698441 -0.545051 1.353088 -3.152966 -0.000000 -0.000000 0.000000 -3.643658 -2.149049 7.645142 -5.561059 -3.800967 10.265297 13.734849 11.175288 -49.296897 0.000001 -0.000003 0.000003 -5.101761 0.847553 -11.711776 -8.385882 4.499888 -9.215328 16.486584 -11.329196 47.808749 0.000000 0.000003 0.000002 -1.280217 0.563121 5.578073 12.925270 -5.800396 9.631142 -5.508158 5.907916 5.396500 0.000002 0.000001 -0.000000 4.814548 -0.392471 -4.022166 -2.307108 3.638581 -1.963100 -0.304694 3.346346 4.919874 -0.000001 0.000001 0.000001 
-8.228921 108.674751 -1.863313 0.631592 2.695907 4.865891 -0.317897 0.589348 -1.849812 -0.619413 -0.057551 -0.263449 0.263637 -1.042291 -1.863359 -1.000343 0.995421 -2.448543 -0.000001 -0.000001 -0.000001 -3.706378 -1.759243 6.947875 -5.008296 -3.164005 9.317618 10.959929 11.324741 -44.213051 0.000003 -0.000003 0.000003 -5.198095 -0.143376 -10.163842 -7.832057 3.528293 -8.452030 14.035580 -10.268528 41.892870 -0.000005 0.000001 0.000002 -3.071233 0.294299 6.291461 16.203104 -6.847592 7.836485 -5.045879 6.344572 4.838581 0.000001 -0.000001 -0.000005 3.170009 0.190563 -3.700504 -2.173343 3.703650 -2.009520 -0.919479 2.361133 4.897316 -0.000001 -0.000001 0.000000 
-8.387439 108.343811 -1.907167 1.634378 2.863021 4.169414 -0.206734 0.517025 -1.544750 -1.432558 0.000131 -0.045772 1.221750 -0.825990 -1.857157 -2.861154 0.505868 -1.783923 -0.000000 -0.000000 -0.000000 -3.511775 -2.353649 5.873716 -4.745310 -2.778810 8.576993 8.945269 10.516064 -39.194955 -0.000003 -0.000002 0.000001 -5.285756 -0.886766 -8.425549 -6.846341 4.421289 -6.982050 13.085504 -8.319751 36.585550 -0.000001 -0.000003 0.000002 -3.073374 0.162571 6.537463 17.391111 -7.317296 6.677632 -4.223246 6.463563 3.795146 0.000002 0.000003 -0.000002 2.759748 0.443267 -3.032186 -3.187946 3.722673 -2.915058 -1.056319 3.514096 5.663221 -0.000000 -0.000001 0.000000 
-8.547987 108.042145 -1.963228 1.829889 3.306091 3.518326 0.301205 0.443225 -1.330905 -2.945380 0.018717 0.285799 2.520591 -1.005181 -1.884228 -3.100463 -0.020246 -1.551975 -0.000000 -0.000000 -0.000000 -4.289596 -1.721159 4.810324 -4.427998 -3.435900 7.289338 8.507298 8.454335 -34.309871 0.000001 -0.000003 0.000003 -5.987834 -2.020591 -6.730036 -6.420207 5.538946 -5.522048 13.490960 -5.204505 31.824314 -0.000003 -0.000005 0.000002 -3.564266 -0.044984 6.305933 17.008301 -7.229019 5.813393 -2.631734 7.503292 1.435684 -0.000002 -0.000001 -0.000005 2.146106 0.667845 -2.377814 -1.461790 4.080360 -3.447205 -1.539329 4.975890 6.779633 0.000000 0.000001 0.000001 
-8.692711 107.737045 -2.010301 1.613937 1.797470 3.611985 -0.939885 0.676694 -1.912210 -2.244226 0.156392 0.047683 2.392282 -0.136507 -1.192197 -3.170756 0.437200 -1.149141 0.000000 0.000001 -0.000000 -2.955380 -1.237794 4.278533 -3.618611 -1.871341 7.188525 5.773012 9.347026 -30.674018 0.000001 -0.000004 0.000002 -4.851649 -2.310539 -6.167649 -4.714203 5.107197 -5.011498 11.467590 -5.536161 27.368696 0.000001 0.000002 -0.000002 -3.590364 0.212993 5.871632 12.866468 -6.110342 3.213503 -2.061489 5.109524 1.053923 0.000001 -0.000004 0.000003 2.854776 0.199621 -2.616035 -1.951425 3.531823 -3.773015 1.411632 7.227005 6.035127 0.000000 -0.000001 0.000000 
-8.825849 107.440079 -2.054827 0.192600 1.201902 3.268238 0.062340 0.376830 -1.695332 -1.623974 0.232036 -0.052340 1.721328 0.442343 -0.966736 -2.216027 0.368816 -1.248157 0.000000 -0.000001 -0.000000 -1.962749 -1.428195 3.401014 -2.764700 -0.393192 6.553523 1.496726 10.072360 -26.089704 -0.000000 -0.000003 0.000003 -3.715210 -2.211808 -4.867019 -3.321863 3.931645 -5.100772 9.522465 -5.716435 22.737961 -0.000004 0.000001 0.000002 -2.306752 0.128847 5.078938 9.839673 -4.842738 1.811532 -1.698221 1.956034 1.162909 0.000001 -0.000002 0.000002 4.795936 -0.106735 -2.464071 -1.707261 2.852006 -3.725852 5.625737 9.702437 4.415660 -0.000001 0.000000 -0.000000 
-8.948892 107.157562 -2.108096 -0.327335 1.436631 2.702543 0.203231 0.254423 -1.279359 -1.541456 0.160289 0.132625 1.593260 -0.665095 -1.060657 -1.210592 0.793117 -1.457314 -0.000000 0.000001 -0.000000 -2.234431 0.565483 2.767246 -1.118786 -1.704117 5.318818 -0.779770 9.459489 -21.164504 0.000005 -0.000003 0.000003 -1.813037 -0.059714 -3.728206 -2.730100 1.250596 -4.863566 6.702089 -5.957558 18.026850 -0.000004 0.000003 0.000004 -1.529439 0.081189 4.011470 6.809411 -3.641845 0.890956 -0.883552 -0.209638 0.351134 0.000000 -0.000002 0.000002 4.676329 -0.128406 -1.954252 -1.597973 2.178257 -2.463212 7.431570 9.263050 2.767629 -0.000001 -0.000001 0.000000 
-9.055014 106.891327 -2.152211 0.226173 2.080125 2.025438 -1.033059 0.395927 -0.521940 -0.197860 -0.158057 0.175408 1.024859 -0.589337 -1.253231 -2.072761 -0.117396 -1.180810 -0.000001 0.000001 -0.000000 -1.273347 -1.067894 2.523599 -1.471770 -0.401830 4.003535 -2.712697 8.460888 -17.659198 0.000002 -0.000001 0.000002 -2.086245 -0.764053 -3.116106 -2.270152 1.114077 -3.729461 5.015879 -5.165552 14.629143 -0.000002 -0.000001 -0.000001 -1.629434 0.068954 3.084750 5.180360 -2.690340 0.774915 -1.042223 -0.294672 0.919197 -0.000001 -0.000000 0.000001 3.321046 -0.041781 -1.406531 -1.990777 1.298566 -1.952200 7.021443 7.182688 1.275197 -0.000000 -0.000000 -0.000000 
-9.154661 106.639099 -2.204623 -0.840149 1.081703 1.607683 1.250282 -0.070329 -0.533052 -0.371162 0.029416 -0.103915 -0.213013 0.491366 -0.690420 -0.831168 -0.394784 -0.847277 -0.000000 -0.000001 -0.000001 -1.300575 -0.426056 1.953014 -0.935608 -1.236725 2.959556 -3.167063 6.703076 -13.525174 0.000002 -0.000001 0.000004 -1.884273 -0.949070 -2.339859 -1.844543 0.447304 -2.654197 3.512112 -4.088871 10.754127 0.000000 -0.000002 -0.000001 0.330159 0.178101 2.514404 2.617862 -1.413388 -0.076542 -0.964072 -0.648100 1.055945 0.000001 -0.000000 -0.000001 3.581089 -0.200784 -1.074069 -2.115886 0.790435 -1.941698 6.205998 4.914263 0.201012 0.000001 -0.000001 0.000002 
-9.247769 106.384689 -2.258759 -1.350981 0.684299 1.132897 2.118583 -0.295996 -0.358913 -2.091097 0.376968 -0.161538 1.080940 -0.106921 -0.334434 -0.148497 0.026639 -0.562151 -0.000000 0.000002 -0.000000 -0.913244 0.292437 1.294335 -0.467811 -1.103090 1.947937 -2.281510 4.799038 -9.321365 0.000004 -0.000001 0.000001 -0.582945 0.437926 -1.691500 -1.357890 -0.725704 -1.935022 0.824303 -3.477957 6.920054 -0.000003 -0.000004 -0.000001 0.998844 0.190888 1.600596 1.006454 -0.771610 -0.388365 -0.038766 -0.847576 -0.220114 0.000000 0.000001 -0.000004 2.892109 -0.243140 -0.781170 -0.629815 0.715603 -1.152664 4.303667 3.002612 -0.015154 -0.000002 -0.000002 -0.000000 
-9.329638 106.148705 -2.317682 -0.806994 0.332344 0.784264 2.168891 -0.316100 -0.246213 -3.017411 0.479000 -0.053402 1.796549 -0.704753 -0.319006 0.064421 0.344572 -0.566926 -0.000000 -0.000000 -0.000000 -0.840271 0.474945 0.893649 -0.257274 -1.348515 0.945317 0.351156 2.752192 -6.166180 0.000004 -0.000003 -0.000001 0.079225 1.449650 -1.145232 -1.365765 -1.701919 -1.457516 -0.516828 -2.379595 4.201492 -0.000003 -0.000006 -0.000001 0.466226 0.081334 1.010013 0.233809 -0.342062 -0.494155 0.185082 -0.948748 -0.376056 -0.000001 0.000003 0.000003 1.801900 -0.139024 -0.697317 -0.518136 0.416773 -0.457734 2.605544 1.414639 -0.164391 -0.000000 -0.000000 0.000000 
-9.416135 105.917747 -2.383594 -0.309211 0.037258 0.263940 0.108084 0.018437 -0.055050 -0.529304 0.152943 -0.104295 0.572499 -0.666939 -0.048819 -0.195041 0.364820 -0.331413 -0.000000 0.000000 -0.000000 -0.661335 1.126380 0.155490 0.014528 -0.806119 0.516581 -0.331006 1.001105 -1.987966 -0.000000 0.000001 0.000003 0.144219 0.608872 -0.258888 -0.409475 -0.231720 -0.658314 -0.411149 -0.954898 1.387467 -0.000002 -0.000001 0.000005 0.204157 0.057421 0.328197 0.021264 -0.113738 -0.201651 0.037209 -0.788700 -0.116558 0.000001 -0.000004 -0.000002 0.659689 -0.084968 -0.195526 -0.169675 0.157957 -0.228986 0.490648 0.340281 0.044826 -0.000002 0.000002 -0.000000 
-9.494102 105.686470 -2.447637 0.294559 -0.036836 -0.251377 -0.102993 -0.017669 0.052437 0.504750 -0.144871 0.100719 -0.546223 0.635192 0.052734 0.187858 -0.346664 0.317037 -0.000000 -0.000001 -0.000000 0.627607 -1.075177 -0.136111 -0.007088 0.768416 -0.492224 0.347689 -0.942931 1.900389 0.000002 -0.000003 0.000006 -0.134904 -0.580932 0.245338 0.387783 0.225230 0.625901 0.413340 0.900601 -1.328951 -0.000001 0.000003 0.000004 -0.194889 -0.053643 -0.313004 -0.020635 0.108339 0.192237 -0.036949 0.751655 0.111588 -0.000001 -0.000000 0.000001 -0.629029 0.078884 0.187255 0.162295 -0.149922 0.218688 -0.467899 -0.323966 -0.045433 0.000002 -0.000002 0.000000 
-9.566769 105.467934 -2.511547 0.388329 -0.237469 -0.597338 -0.878324 0.066192 0.169151 1.921406 -0.366399 0.132236 -1.683423 1.232873 0.236268 1.060242 -0.715964 0.825486 0.000001 -0.000001 -0.000001 1.151611 -1.626644 -0.387798 0.006349 1.709020 -1.334060 2.079105 -2.511930 4.964062 0.000001 -0.000004 0.000002 -0.211821 -1.266226 0.416305 1.003614 0.143882 1.840804 2.649165 2.737189 -3.377222 -0.000004 0.000002 0.000002 -0.783721 -0.070188 -0.694244 -0.268402 0.203912 0.082740 -0.069184 0.217352 0.191928 -0.000001 0.000001 -0.000000 -0.988475 0.107295 0.561943 -0.006300 -0.262378 0.247178 -1.575392 -0.907787 0.034294 -0.000000 0.000002 -0.000000 
-9.640038 105.245415 -2.572632 0.440978 -0.278185 -1.039209 -0.592813 0.054856 -0.018265 1.849924 -0.581601 0.429434 -1.852852 1.662918 0.411985 0.989659 -1.156571 1.303139 -0.000000 -0.000001 -0.000001 0.856604 -1.011277 -0.534848 1.048202 -0.389126 -2.541044 5.184510 -3.881941 8.539823 0.000001 -0.000003 0.000003 -0.120260 -1.371952 1.175940 1.236062 -0.218671 2.787040 5.272258 4.311828 -5.662206 -0.000007 0.000001 0.000002 -1.066260 -0.000461 -1.030038 0.658316 -0.179526 -0.486397 -0.280676 -0.829132 0.287525 -0.000000 0.000003 -0.000002 -1.871608 0.194322 1.352384 0.918200 0.036677 0.043556 -3.009149 -1.934528 0.153833 -0.000001 0.000001 0.000001 
-9.720249 105.030693 -2.643785 0.399562 0.098921 -1.454843 -0.475646 0.011699 -0.132479 2.133565 -0.762337 0.719731 -2.205516 0.683583 0.518160 0.276559 -0.968034 1.473477 -0.000000 0.000001 -0.000000 0.657438 0.176489 -1.325699 1.755597 -0.764178 -3.257816 9.270656 -5.057899 12.225952 -0.000002 0.000001 -0.000000 0.634925 -0.526770 2.153273 1.934373 0.176362 3.446145 4.545321 5.456867 -8.529802 -0.000005 -0.000004 -0.000003 -2.280363 0.114319 -0.915792 1.674920 -0.553017 -2.797712 -0.266502 -1.961047 0.204707 0.000002 -0.000002 0.000002 -1.872684 0.146014 1.960873 0.185959 -0.215081 0.132575 -3.736277 -3.671133 -0.641410 -0.000001 0.000003 0.000003 
-9.798064 104.829559 -2.715196 -0.214486 -0.046879 -1.661422 0.231137 -0.061157 -0.456334 2.382096 -0.763677 0.718342 -2.425072 0.841746 0.961002 0.355763 -1.115694 1.606685 -0.000001 -0.000001 -0.000001 0.387022 0.571389 -1.458397 1.875058 -0.961041 -4.418378 14.661787 -5.674162 14.809220 0.000001 -0.000002 0.000003 1.083258 0.572910 2.585128 1.842898 -0.499979 4.526297 7.431054 6.969188 -10.256833 0.000001 -0.000001 0.000002 -2.995969 0.261525 -0.456618 2.942803 -0.950192 -5.149922 0.064930 -3.708563 -0.310734 -0.000001 -0.000000 -0.000001 -1.963558 0.099433 2.379664 0.345341 -0.267596 0.107213 -5.004388 -5.061393 -0.970416 0.000001 0.000002 0.000001 
-9.874459 104.628456 -2.781017 -0.510359 0.349318 -2.025655 0.815514 -0.149681 -0.602345 2.167284 -0.925075 1.049583 -2.323504 0.308940 1.085893 0.371691 -1.211169 1.611086 -0.000001 -0.000002 -0.000000 0.120900 1.230496 -1.630934 1.988265 -1.177957 -5.864342 21.500773 -6.021747 17.247233 -0.000001 -0.000003 -0.000000 1.226572 0.774022 3.328681 1.991693 -0.375265 5.472083 10.748323 8.875874 -12.531912 -0.000004 -0.000004 0.000000 -4.970187 0.356976 0.040256 5.389327 -1.854023 -8.479523 -0.725088 -5.473466 1.093261 -0.000001 -0.000001 -0.000002 -3.015814 0.164497 2.604907 1.199262 -0.553069 1.058946 -7.016091 -7.060901 -1.777909 0.000001 0.000000 -0.000001 
-9.956644 104.422279 -2.855109 -1.794023 0.789238 -2.216101 3.506564 -0.640390 -0.857282 -1.328453 -0.562513 1.211794 0.006855 1.007852 1.282560 1.319432 -2.135281 2.178020 -0.000000 -0.000000 0.000000 0.795711 -0.463687 -1.863990 1.809342 1.319349 -7.150789 25.232481 -6.573447 20.516623 -0.000000 -0.000003 0.000003 0.929735 -0.169849 4.192981 2.578554 -0.779646 6.401230 10.164460 10.679667 -16.177143 -0.000005 -0.000001 -0.000001 -6.790046 0.231883 0.429783 8.609955 -3.384160 -12.487438 -1.358357 -8.095023 2.759165 -0.000001 0.000003 -0.000000 -3.018760 0.305427 2.897998 2.420989 -0.621789 1.605138 -9.555733 -8.053792 -1.641881 -0.000002 0.000003 0.000002 
-10.036556 104.233475 -2.922215 -1.741976 1.140358 -2.478489 3.689855 -0.635143 -0.967786 0.388369 -0.931647 1.397438 -1.603697 0.742785 1.515991 0.599845 -2.248654 2.156873 -0.000000 0.000000 0.000001 0.336373 0.151571 -2.126086 1.872420 0.264578 -8.275177 30.690581 -6.560036 22.399254 0.000005 -0.000003 0.000007 0.898191 0.261025 4.523302 2.437280 -1.353841 7.371009 13.243541 12.246412 -18.367384 -0.000004 0.000000 0.000000 -8.765246 0.341200 0.688537 10.624083 -4.387279 -15.583529 -1.806231 -10.465144 3.816620 -0.000003 0.000006 -0.000002 -4.179403 0.308920 3.070655 3.290090 -0.796720 2.016702 -10.543417 -8.777692 -1.980183 0.000001 -0.000002 0.000000 
-10.125601 104.052589 -3.005687 -2.800170 1.539032 -2.643869 4.691339 -0.812754 -1.145166 1.028191 -1.041976 1.463334 -2.087999 1.895623 1.801357 0.260662 -3.420563 2.836965 -0.000000 -0.000000 -0.000000 0.257533 0.161723 -2.776513 2.380451 0.413791 -9.068936 34.436318 -6.268630 24.403460 0.000003 0.000001 0.000006 0.524668 -0.836598 5.493720 3.049193 -1.261292 7.905307 15.045892 13.586048 -21.336034 -0.000003 0.000001 0.000007 -10.410377 0.240682 1.150725 12.620309 -5.751921 -19.718896 -2.711551 -12.068266 5.933099 -0.000000 -0.000006 -0.000001 -3.770289 0.391476 3.158914 3.927106 -0.951561 2.517059 -11.555590 -8.773095 -1.888511 0.000002 -0.000000 0.000004 
-10.227697 103.872345 -3.090700 -3.122468 2.409860 -2.946310 6.423746 -1.131944 -1.036555 -0.230080 -1.100665 1.745967 -1.581849 2.635591 1.797222 -0.437471 -4.381623 3.211258 -0.000000 0.000000 0.000001 0.127753 -0.365465 -2.947971 2.482575 0.239909 -10.206558 39.658103 -5.654747 25.112152 -0.000000 -0.000003 0.000007 0.012936 -1.569459 6.082312 3.033601 -1.508920 8.789278 21.262404 14.523993 -22.737128 0.000002 0.000002 0.000000 -12.355878 0.155611 1.633621 13.795966 -7.006411 -24.352107 -3.521990 -14.161407 7.909513 -0.000001 -0.000000 0.000003 -4.378543 0.577563 3.452018 4.540410 -0.888461 3.229643 -11.688987 -9.782888 -2.740900 -0.000000 -0.000001 0.000004 
-10.329056 103.698753 -3.172234 -3.088436 2.817941 -3.187972 6.897347 -1.243134 -1.048856 -0.539513 -1.108795 1.797886 -1.384322 2.748878 2.006963 -0.742961 -4.819685 3.457265 -0.000000 -0.000000 0.000000 0.218614 -0.551625 -3.253742 2.764047 -0.274063 -10.568284 42.607946 -5.206524 25.494362 0.000007 0.000002 0.000007 0.086377 -1.450957 6.712681 3.209161 -1.874302 9.094674 25.991267 14.810483 -23.191366 -0.000001 -0.000004 0.000004 -13.637819 0.150343 2.272839 14.203448 -7.744871 -28.324892 -3.784609 -16.187711 8.808323 -0.000001 -0.000003 -0.000003 -5.014660 0.676208 3.778333 4.790976 -0.980109 3.212609 -11.767228 -9.957591 -2.977611 -0.000001 0.000000 0.000001 
-10.429669 103.507179 -3.236681 -2.932444 3.191071 -3.456554 7.081776 -1.306844 -1.137027 -0.378088 -1.277035 2.206048 -1.418742 2.649507 1.993648 -1.201839 -4.782728 3.695469 -0.000002 0.000000 0.000001 0.375533 -0.047716 -3.345090 3.635874 -0.844553 -11.012889 43.741781 -4.935578 26.235575 0.000001 -0.000002 0.000006 0.404604 -1.736063 7.079032 4.154744 -1.799917 9.420464 27.943597 15.139273 -24.489203 -0.000002 -0.000003 0.000004 -15.224003 -0.044594 3.118384 14.615341 -8.998321 -33.370908 -3.503158 -18.418930 9.010929 0.000000 -0.000002 0.000000 -5.725607 1.004688 4.034501 5.761341 -0.591970 3.807083 -12.908377 -10.965081 -3.276170 0.000001 -0.000002 0.000002 
-10.538502 103.302017 -3.301679 -3.100158 3.779408 -3.746589 7.728033 -1.455389 -1.126515 -0.207907 -1.385425 2.506095 -2.094510 1.938859 2.034555 -0.024785 -4.386575 3.551574 0.000000 0.000001 0.000001 0.296810 0.411562 -3.140309 4.316738 -1.212957 -11.848753 47.237971 -4.120984 25.585124 0.000005 -0.000001 0.000004 1.083231 -0.564637 7.394357 4.592246 -2.409487 9.975779 30.537178 15.147305 -24.913021 -0.000006 0.000002 0.000000 -16.083398 -0.180886 4.085149 14.006199 -9.458986 -38.737326 -2.970434 -20.821801 8.591371 0.000001 0.000006 0.000003 -5.096627 1.107403 3.987388 5.586597 -0.653784 4.803536 -13.449323 -11.694537 -3.493308 0.000001 0.000003 0.000002 
-10.637671 103.107101 -3.360042 -3.613749 4.028726 -4.000294 8.337455 -1.545814 -1.060093 -0.317463 -1.468165 2.710974 -2.007192 1.733166 2.048077 0.496969 -4.356941 3.501959 -0.000000 -0.000000 0.000001 0.273732 -0.022147 -3.200936 4.542769 -1.619844 -12.203587 49.441820 -3.728298 25.416925 0.000002 -0.000002 0.000003 1.229769 -0.042809 7.800387 4.642510 -3.024282 10.561923 31.217233 15.477697 -26.430477 -0.000007 -0.000003 0.000005 -16.217321 -0.193239 4.956952 13.602137 -9.749618 -42.735578 -2.495571 -22.015554 8.255353 0.000002 -0.000001 -0.000002 -4.413754 1.074451 4.007388 5.439350 -0.727654 5.363563 -13.644035 -11.901014 -3.507824 -0.000001 0.000000 0.000001 
-10.745130 102.906296 -3.425284 -2.888043 4.818325 -4.379081 8.505907 -1.553595 -0.898740 -0.239745 -1.657058 3.012035 -2.561604 1.622865 2.076067 0.520049 -4.538263 3.648442 0.000001 -0.000000 0.000000 0.341855 -0.428957 -2.761982 4.796088 -2.922261 -12.996368 54.112150 -3.054993 23.251038 -0.000000 0.000000 0.000004 1.148483 -0.129257 7.911308 4.627382 -2.850279 11.068338 34.917324 15.176744 -25.613481 -0.000002 0.000003 0.000004 -17.231908 -0.150424 5.386348 14.000200 -10.884387 -46.180391 -1.956326 -24.696110 7.652712 0.000001 0.000002 -0.000001 -5.185858 1.066862 3.828921 4.975204 -0.997174 6.755900 -13.970571 -12.624264 -3.942068 0.000001 -0.000002 0.000002 
-10.862454 102.700722 -3.501467 -2.074888 5.806775 -4.767605 8.714593 -1.558703 -0.737963 -1.766591 -1.699252 3.350538 -1.389381 1.198122 1.948946 -0.241158 -4.949626 3.755716 -0.000000 0.000001 0.000000 -0.034165 -0.526711 -2.532331 4.620652 -2.918648 -13.607341 58.785977 -2.758387 22.162068 0.000001 -0.000002 0.000003 0.714613 -0.504087 8.091473 4.404879 -3.094100 11.539936 38.473609 15.481167 -25.500516 -0.000002 0.000004 0.000007 -17.724266 -0.334657 6.103536 14.496974 -12.031114 -49.261602 -1.202808 -26.337898 6.712130 0.000003 -0.000000 -0.000001 -5.129756 1.165744 3.976634 3.886951 -1.335464 7.593922 -14.356228 -13.464397 -4.399928 0.000001 -0.000002 0.000004 
-10.971825 102.513977 -3.577787 -2.486448 6.652956 -4.977184 9.240338 -1.650271 -0.543628 -2.447768 -1.783847 3.635860 -0.994683 0.319040 1.634049 0.504955 -4.884088 3.679501 -0.000001 0.000001 0.000000 -0.537052 -0.426670 -2.684399 4.208752 -2.341207 -13.994317 63.643798 -2.562439 21.390780 0.000001 -0.000001 0.000002 0.595228 0.156994 8.428885 4.023067 -3.948693 12.165246 41.614802 16.170679 -26.226741 -0.000003 -0.000002 0.000002 -17.045620 -0.565150 6.662725 14.928932 -12.949787 -51.610190 -0.378811 -27.273577 5.576655 0.000003 -0.000002 0.000002 -4.451086 1.235885 4.173712 3.445528 -1.422148 8.023474 -14.651142 -14.148460 -4.504447 -0.000001 0.000001 0.000003 
-11.075843 102.322632 -3.657388 -1.919448 7.017423 -5.200296 8.774562 -1.535597 -0.494292 -1.635808 -1.960454 3.787608 -1.676316 -0.433890 1.629228 0.710665 -4.673518 3.538197 0.000001 -0.000000 0.000000 -0.886068 -0.290280 -2.956485 3.657579 -2.221268 -14.575028 68.617925 -2.426140 20.235487 0.000001 -0.000001 0.000002 0.700583 1.202707 8.526473 3.445652 -4.532180 12.626501 44.385984 16.537611 -26.345865 0.000001 -0.000001 -0.000002 -17.215961 -0.563634 7.342907 15.601942 -14.204489 -54.044886 1.186180 -27.463769 2.298997 0.000000 0.000000 0.000003 -4.762621 1.181415 4.639453 3.365012 -1.359072 7.721658 -14.514627 -14.546549 -4.686726 -0.000001 0.000002 0.000002 
-11.175467 102.119286 -3.733928 -1.584115 7.560022 -5.390797 8.494363 -1.465178 -0.427623 -1.584472 -2.042615 3.932315 -1.631807 -0.786699 1.595577 0.956019 -4.809347 3.558682 -0.000001 -0.000000 -0.000000 -0.825469 -0.462844 -2.847759 3.618586 -2.058496 -15.328398 72.559927 -2.337892 18.253464 0.000003 0.000002 0.000006 0.633619 1.240824 8.443779 3.418696 -5.062861 13.124115 47.190446 16.682518 -26.305258 -0.000003 -0.000004 0.000002 -17.780798 -0.653725 8.020278 16.277230 -15.556772 -56.319506 3.241010 -27.087806 -2.053068 0.000001 -0.000001 -0.000002 -4.041586 1.147843 5.293504 3.009024 -1.370448 7.124689 -15.174196 -14.527751 -4.532732 -0.000000 -0.000001 0.000002 
-11.266074 101.923477 -3.807387 -1.173200 8.232495 -5.695036 8.361733 -1.438309 -0.148377 -1.394844 -2.216239 4.068113 -1.937704 -1.305631 1.515416 1.389236 -4.885727 3.424402 0.000001 -0.000001 0.000000 -1.019034 -0.523248 -2.799619 3.320104 -2.493189 -16.069031 76.286922 -2.559619 16.205720 0.000002 -0.000003 0.000003 0.379872 1.244913 8.467502 2.992364 -5.389653 13.581868 50.251283 16.811840 -25.955684 -0.000001 -0.000001 0.000002 -18.728814 -0.624342 8.098142 17.582138 -17.236775 -57.003444 4.798591 -26.729384 -5.395105 -0.000000 -0.000002 0.000000 -3.983518 1.022805 5.874509 2.856209 -1.411360 6.797496 -15.313395 -14.496740 -4.461495 -0.000002 0.000001 0.000001 
-11.357451 101.732254 -3.891346 -0.280204 9.198603 -6.013169 7.731918 -1.300425 -0.003502 -1.077903 -2.512378 4.411809 -2.493913 -1.658623 1.289521 1.581174 -5.355980 3.897213 -0.000002 -0.000000 0.000001 -0.890171 -1.328673 -2.894130 2.943561 -2.530108 -16.863886 79.358431 -2.799544 14.727343 0.000001 0.000003 0.000004 -0.359337 -0.103521 8.630145 2.678621 -4.343279 14.053924 54.306243 16.878209 -25.192962 -0.000004 0.000004 0.000002 -19.457317 -0.520185 7.984177 19.241288 -19.072890 -56.813428 6.364463 -24.999090 -8.795160 0.000004 -0.000000 0.000001 -4.435358 0.871771 6.442354 2.504602 -1.459407 6.509536 -15.642684 -14.917803 -4.635154 -0.000000 -0.000001 0.000002 
-11.440048 101.550194 -3.968577 0.085957 9.422277 -6.340383 8.517770 -1.447620 0.068777 -1.589298 -2.609976 4.574826 -2.225526 -1.897822 1.287514 1.324919 -5.469873 3.817768 -0.000000 -0.000000 0.000001 -1.025431 -1.460036 -2.908329 2.810465 -2.388925 -17.293023 80.449342 -2.937316 14.139062 0.000001 -0.000003 0.000003 -0.639358 -0.390370 8.735042 2.610085 -3.848325 14.446410 56.416949 16.996562 -24.639115 0.000002 -0.000001 -0.000001 -19.744084 -0.561213 8.242945 20.635409 -20.468955 -56.546252 8.110530 -23.359119 -12.109574 0.000002 -0.000001 -0.000002 -5.403824 0.914129 7.017753 2.968355 -1.368524 6.059422 -15.769653 -14.927846 -4.754795 -0.000001 0.000003 0.000002 
-11.512648 101.372757 -4.038160 -0.056729 9.358118 -6.593937 8.965926 -1.556891 0.060218 -1.664176 -2.712563 4.707141 -2.190292 -1.894225 1.376029 1.391388 -5.489949 3.796175 -0.000000 -0.000000 0.000001 -1.009963 -1.179824 -3.023555 2.869147 -2.335865 -17.584831 80.847412 -2.738461 14.326399 0.000003 -0.000001 0.000004 -0.531589 -0.344300 8.861502 2.638254 -3.459113 14.520492 57.825952 16.933263 -23.843504 -0.000006 0.000001 -0.000001 -19.828712 -0.515207 8.654668 20.662121 -20.758449 -57.149982 9.551802 -22.335043 -14.993636 -0.000000 -0.000001 -0.000002 -5.404382 0.847580 7.475549 3.219960 -1.329857 5.828591 -15.799295 -14.666989 -4.680453 0.000001 0.000000 0.000001 
-11.580771 101.201874 -4.106447 0.501380 9.515300 -6.854899 9.093826 -1.589558 -0.016259 -1.137898 -2.854136 4.848502 -2.755464 -1.436998 1.497137 1.265336 -5.774054 4.042300 -0.000000 0.000001 0.000000 -0.815047 -1.359837 -2.958747 3.039976 -2.874634 -17.519054 81.029191 -2.808156 13.668960 0.000002 -0.000001 0.000001 -0.534950 -0.659065 9.078930 2.734297 -3.305812 14.642107 58.351419 16.910896 -23.438537 -0.000002 -0.000003 0.000000 -20.284859 -0.558724 8.868891 20.362624 -20.694920 -57.542780 11.210588 -20.925301 -18.073336 0.000000 -0.000006 0.000002 -5.890797 0.909019 7.648295 2.635461 -1.372957 5.988134 -15.557101 -14.880124 -4.864018 -0.000001 0.000002 -0.000000 
-11.648803 101.037918 -4.179782 0.484922 9.576689 -7.027848 9.584648 -1.690805 -0.261724 -1.380130 -2.839909 4.910480 -2.851902 -1.418875 1.753950 1.614996 -5.929228 4.390293 -0.000000 -0.000000 0.000000 -0.321561 -1.797503 -2.676650 3.314254 -3.046600 -17.848664 81.194816 -2.776462 13.050246 0.000003 -0.000001 0.000002 -0.286017 -0.664520 9.256775 3.103261 -2.520866 14.794842 59.038639 16.741671 -21.963699 -0.000006 0.000001 0.000004 -20.342952 -0.508875 9.157630 20.293129 -20.737969 -57.634188 12.897551 -19.451131 -21.092024 -0.000003 0.000003 -0.000002 -5.744219 0.898373 7.811078 2.505643 -1.403520 6.148844 -15.585957 -14.697940 -4.814961 0.000001 -0.000001 0.000002 
-11.710135 100.882446 -4.250027 0.191447 9.405015 -7.202745 9.765572 -1.736610 -0.337875 -0.607450 -2.954946 5.016117 -3.528522 -1.390195 1.861118 1.828063 -5.713988 4.375894 -0.000000 0.000001 0.000000 -0.129766 -1.815658 -2.583347 3.384238 -2.844416 -18.111227 81.599143 -2.772426 12.661980 0.000001 0.000000 0.000004 -0.070332 -0.470361 9.482789 3.267171 -2.332461 14.933700 59.601365 16.694024 -21.770234 -0.000004 0.000003 0.000002 -19.769492 -0.425805 9.779457 20.150252 -20.699773 -57.827394 14.206932 -18.003709 -22.985473 -0.000004 -0.000000 0.000001 -5.398803 0.854176 7.984855 2.377359 -1.432334 6.207353 -15.489998 -14.384298 -4.625142 -0.000002 0.000003 -0.000000 
-11.769369 100.725739 -4.315387 0.868383 9.628743 -7.563370 9.130735 -1.609091 -0.304898 -1.082843 -3.155150 5.336251 -2.920665 -2.122174 1.547666 2.078805 -5.772791 4.385163 -0.000001 -0.000000 -0.000000 -0.221957 -1.881789 -2.476488 3.185595 -2.824563 -18.349703 83.217891 -3.028301 11.613980 0.000003 -0.000001 0.000004 -0.245503 -0.613775 9.700591 3.114497 -1.979439 15.441775 61.168763 16.819645 -21.553145 -0.000001 0.000000 0.000004 -20.218863 -0.418670 10.133941 20.963719 -21.379546 -57.201386 14.953270 -16.638030 -24.300761 -0.000001 -0.000000 0.000001 -6.005286 0.839302 8.241479 2.179888 -1.556138 6.361035 -15.638188 -14.642466 -4.803159 -0.000002 0.000003 -0.000000 
-11.829678 100.572937 -4.378593 0.742087 9.733715 -7.888470 9.477440 -1.680293 -0.338656 -1.259670 -3.275482 5.552354 -2.840769 -2.320453 1.504941 2.641423 -5.878856 4.516459 0.000001 0.000000 0.000001 0.387073 -2.927422 -2.217167 3.311536 -2.195617 -18.702520 83.219455 -3.069171 10.846738 0.000001 -0.000001 0.000002 -0.200808 -0.902340 9.927810 3.425855 -1.909275 15.840341 61.688739 16.717636 -21.820112 -0.000001 0.000001 0.000000 -19.964675 -0.378533 10.675843 20.184242 -20.939442 -58.262538 15.986635 -15.957456 -26.055939 -0.000001 0.000001 -0.000000 -6.054295 0.819318 8.651413 2.409155 -1.498906 6.406621 -15.570473 -14.268064 -4.455223 0.000001 0.000001 0.000003 
-11.884542 100.426109 -4.445517 1.175770 9.868380 -8.213682 9.331539 -1.649728 -0.219542 -1.026608 -3.439409 5.793183 -2.985771 -2.374522 1.388719 2.227897 -6.050893 4.692318 -0.000000 0.000000 0.000001 0.313035 -2.718391 -2.088096 3.507277 -2.607047 -19.065184 83.589009 -3.166062 10.038810 -0.000001 -0.000003 0.000005 -0.235472 -1.139163 9.964979 3.602836 -1.791636 16.161848 61.732657 16.557907 -21.917650 -0.000000 -0.000003 0.000004 -20.343817 -0.370315 10.933440 20.172950 -21.004816 -58.505044 16.490085 -15.875865 -26.971083 -0.000002 -0.000003 -0.000003 -6.443607 0.790430 8.942204 2.297993 -1.563882 6.510550 -15.256723 -14.449795 -4.655098 0.000001 0.000002 0.000001 
-11.935702 100.285652 -4.507163 1.478125 9.852995 -8.446402 9.938601 -1.781368 -0.287319 -1.438571 -3.379890 5.855428 -2.620775 -2.257663 1.505658 1.604442 -6.238036 5.038817 -0.000000 -0.000000 0.000000 0.613835 -2.920899 -1.754250 4.008085 -3.210364 -19.050513 81.571706 -2.981680 10.210060 -0.000002 -0.000003 0.000007 -0.036434 -1.219408 9.964593 4.111181 -1.699823 16.253233 60.239024 16.341595 -21.762562 -0.000001 0.000002 0.000007 -19.970795 -0.383514 11.455654 19.883225 -20.785239 -59.037778 16.908890 -15.192712 -27.398025 0.000001 0.000000 0.000000 -7.041049 0.875474 9.259601 2.277001 -1.600125 6.458512 -15.163619 -14.508411 -4.687404 -0.000001 0.000002 0.000001 
-11.985949 100.137070 -4.567153 1.905292 9.990288 -8.587669 9.993327 -1.775331 -0.371302 -1.301193 -3.457178 6.017845 -3.019150 -2.298801 1.450531 1.570678 -6.303011 5.119377 0.000000 0.000001 0.000000 0.681742 -2.955275 -1.607078 4.241242 -3.230023 -19.150198 81.712743 -3.070594 9.053194 0.000001 0.000001 0.000003 0.335232 -0.637478 10.338984 4.310163 -1.756808 16.172691 59.708776 16.123083 -20.791057 0.000000 0.000004 0.000002 -20.010141 -0.383193 11.562242 20.285424 -21.066183 -58.924411 17.163890 -15.058417 -27.756048 -0.000002 0.000004 -0.000003 -7.507641 0.905926 9.544091 2.393427 -1.588629 6.306414 -15.216359 -15.167057 -5.255968 -0.000000 0.000000 0.000001 
-12.032951 99.995117 -4.625956 2.263411 10.204291 -8.746518 10.511403 -1.879550 -0.244590 -1.787033 -3.388374 5.994259 -2.677173 -2.083790 1.497445 0.881764 -6.616040 5.347354 0.000000 -0.000000 -0.000000 0.851996 -2.989117 -1.470829 4.684345 -3.633481 -18.954682 80.203018 -2.826521 9.206899 0.000003 -0.000004 0.000004 0.585420 -0.638382 10.526843 4.711994 -1.543210 15.897704 58.113374 15.778381 -20.373309 -0.000003 -0.000001 -0.000001 -20.447887 -0.431460 11.516335 20.769302 -21.463982 -58.617148 17.325256 -15.347630 -28.027357 -0.000003 0.000003 -0.000002 -7.895787 0.956499 9.664970 2.442114 -1.608470 6.493720 -15.510774 -15.725759 -5.692194 0.000002 -0.000002 0.000000 
-12.079194 99.854019 -4.688067 2.369993 9.932143 -9.046757 10.017054 -1.814927 -0.258160 -1.477451 -3.481437 6.157068 -2.695343 -2.043320 1.562069 1.400725 -6.424875 5.406519 0.000001 -0.000000 -0.000000 1.332080 -3.324019 -1.360998 4.998468 -3.159251 -18.926664 79.830418 -2.592006 9.028744 -0.000000 -0.000004 0.000004 0.858804 -0.773153 10.928715 5.105233 -1.247763 15.628188 58.657016 15.585705 -20.392052 0.000003 -0.000003 0.000000 -20.458783 -0.430295 11.997915 20.045588 -21.013615 -59.465833 17.679750 -15.665823 -28.696036 -0.000004 0.000005 -0.000000 -8.444998 1.003258 9.919375 2.799680 -1.481762 6.687927 -15.504748 -15.758563 -5.731947 -0.000000 0.000000 0.000003 
-12.123739 99.710823 -4.734719 3.739572 9.446168 -9.402588 9.123158 -1.687631 -0.295657 -3.937550 -3.384046 6.353110 0.021091 -2.143897 1.336041 0.514887 -6.575934 5.694263 -0.000001 -0.000000 -0.000000 2.240992 -4.785005 -0.656792 5.028507 -1.956471 -18.661875 77.940832 -2.586289 9.676198 -0.000000 -0.000003 0.000007 0.690013 -1.851707 11.101497 5.605095 -1.452014 15.882215 59.684495 15.922322 -21.208593 -0.000006 -0.000001 -0.000001 -21.356142 -0.827430 12.642220 18.661293 -20.079535 -61.018888 18.172760 -17.454186 -29.779574 0.000000 -0.000000 -0.000001 -10.389657 1.387112 9.909590 2.982334 -1.217331 7.223097 -14.311960 -14.584580 -4.919243 0.000001 0.000001 0.000003 
-12.171209 99.574677 -4.786961 2.992197 9.566706 -9.553357 9.727700 -1.787684 -0.317461 -2.166183 -3.700272 6.571826 -1.741684 -2.265818 1.472641 1.188504 -6.284977 5.317536 -0.000002 0.000001 0.000000 1.564135 -3.442119 -0.724128 5.208765 -2.762074 -18.713919 79.159789 -2.442466 9.189133 0.000001 0.000000 0.000008 0.932478 -1.129354 11.475474 5.520879 -1.089073 15.816859 60.194696 15.649854 -21.300922 -0.000000 -0.000003 0.000000 -20.968254 -0.631658 12.788027 19.177387 -20.503541 -60.655918 18.325536 -17.040287 -29.759739 0.000001 0.000001 -0.000004 -9.609723 1.209248 10.107284 3.171156 -1.372911 7.379300 -15.414057 -15.430970 -5.475702 0.000001 0.000000 0.000001 
-12.213714 99.449509 -4.822597 3.702136 9.123750 -9.716427 9.384494 -1.749394 -0.439758 -3.552394 -3.573277 6.614175 0.000014 -1.628843 1.580641 0.469911 -6.618377 5.760883 -0.000001 0.000001 0.000000 2.371079 -4.589207 -0.146281 5.346709 -2.205274 -18.324619 76.935784 -2.399733 9.496418 -0.000002 0.000000 0.000004 0.967215 -1.617805 11.499743 5.976737 -0.698165 15.929606 60.033927 15.707167 -20.762354 -0.000007 -0.000002 -0.000001 -21.232867 -0.830348 13.452594 17.678852 -19.354231 -62.327307 18.792219 -17.660521 -30.806817 -0.000005 0.000003 0.000002 -10.682357 1.442997 9.820881 3.220764 -1.377993 8.021177 -14.282893 -14.446757 -4.958311 0.000001 0.000002 0.000003 
-12.267000 99.312553 -4.855074 3.640531 9.082020 -9.979443 9.960712 -1.894703 -0.523022 -4.703917 -3.533487 6.713524 1.228555 -1.170887 1.723980 -0.210867 -7.121205 6.208637 -0.000000 -0.000000 -0.000000 3.100658 -5.698404 0.717809 5.463602 -1.537569 -18.132885 75.340552 -2.430915 9.338044 0.000004 -0.000002 0.000006 0.904793 -2.326230 11.984424 6.314553 -0.151042 15.751424 60.270778 15.812619 -20.343134 -0.000003 -0.000001 0.000004 -21.101195 -0.962792 14.293954 16.299896 -18.251879 -64.263583 19.251382 -18.107335 -31.505545 -0.000005 -0.000000 -0.000001 -10.159386 1.520129 9.998426 3.520160 -1.444526 8.541482 -13.910143 -13.984057 -4.646278 -0.000001 0.000001 -0.000000 
-12.318810 99.181007 -4.888842 3.797929 9.159519 -10.194874 9.748395 -1.843298 -0.535563 -5.140087 -3.683706 6.958942 1.701580 -1.262847 1.593652 -0.198191 -7.296812 6.322202 -0.000001 -0.000000 0.000001 3.268970 -6.274748 0.943240 5.237397 -0.894421 -17.928427 76.018435 -2.568909 9.187421 0.000002 -0.000001 0.000001 0.922213 -2.033169 12.266023 6.213456 -0.115521 15.761590 61.215263 15.969628 -19.669292 0.000000 0.000002 0.000007 -21.379846 -1.033136 14.616397 15.426652 -17.455100 -65.463313 19.749652 -18.252714 -32.018745 0.000002 -0.000000 -0.000001 -10.501500 1.547701 10.044434 3.727750 -1.507798 8.980459 -14.001163 -13.994845 -4.587958 0.000000 0.000001 0.000003 
-12.382612 99.049973 -4.923469 3.594158 9.221725 -10.406081 9.570417 -1.788162 -0.641344 -5.015977 -3.749411 7.026955 1.719904 -1.226363 1.698424 0.324146 -7.495911 6.532322 -0.000001 -0.000001 0.000000 3.368371 -6.391462 1.172883 5.240700 -0.749837 -17.651618 76.696918 -2.621735 8.725947 0.000005 -0.000003 0.000003 1.046139 -1.806121 12.626410 6.277569 -0.638766 15.716375 62.052460 15.959347 -19.424257 -0.000008 0.000003 -0.000002 -20.944743 -0.948594 15.316445 14.401259 -16.537003 -66.840771 20.141519 -17.789564 -32.747824 -0.000004 -0.000000 0.000001 -10.468672 1.486600 10.445474 3.763911 -1.500857 8.818070 -14.365925 -14.022313 -4.579944 -0.000002 0.000000 0.000003 
-12.448388 98.920380 -4.964649 4.037772 9.484564 -10.523318 9.891752 -1.845113 -0.654746 -5.025266 -3.667164 6.945637 1.433979 -1.262966 1.862506 -0.159532 -7.677187 6.646430 -0.000001 -0.000001 -0.000001 3.105725 -6.078038 1.334661 5.152478 -0.939322 -17.497473 77.360130 -2.751604 8.730733 -0.000000 0.000002 0.000006 1.055641 -1.433476 12.423522 6.138993 -0.943549 15.613930 62.310163 16.130050 -18.552995 -0.000004 0.000003 0.000004 -20.577599 -0.979138 15.825938 14.402907 -16.640344 -67.100407 20.358511 -16.246805 -32.723785 -0.000000 0.000001 -0.000004 -11.168949 1.569274 10.547999 3.712058 -1.471503 8.917562 -14.247621 -14.218000 -4.731384 -0.000001 0.000000 0.000003 
-12.513491 98.787750 -5.000541 4.728653 9.792406 -10.667836 9.627339 -1.807665 -0.539196 -5.974795 -3.594453 6.892909 2.356761 -1.520659 1.797523 -0.796451 -7.940543 6.760507 -0.000001 0.000001 -0.000000 2.891188 -5.598660 1.425798 5.234594 -1.845356 -17.209331 77.212447 -2.906028 8.149025 0.000007 -0.000001 0.000004 0.957446 -1.709717 12.384459 6.050103 -0.463310 15.259500 62.174338 16.152323 -17.934525 -0.000005 0.000000 0.000002 -21.458009 -1.099918 15.905987 14.469008 -16.789228 -67.324792 20.404623 -16.346156 -32.902811 0.000000 -0.000002 0.000000 -11.806449 1.606496 10.617513 3.981544 -1.440325 9.207018 -14.748699 -14.518638 -4.794593 -0.000001 -0.000002 0.000002 
-12.578941 98.653069 -5.040360 5.498448 10.111635 -10.812458 9.706700 -1.806434 -0.542415 -6.094801 -3.596194 6.901391 2.341380 -1.599662 1.797706 -1.674184 -8.352680 6.877492 0.000001 -0.000001 0.000001 2.776474 -5.552337 1.606725 5.299179 -2.156625 -17.080432 76.984565 -2.887720 8.853317 0.000003 0.000003 0.000002 0.914592 -1.600167 12.251038 6.027913 -0.636647 14.950753 61.818519 16.340090 -17.859842 -0.000002 -0.000003 -0.000003 -22.029501 -1.317875 16.267041 14.241346 -16.574465 -67.926586 20.730495 -15.866545 -33.197431 -0.000003 0.000003 -0.000002 -12.375522 1.731807 10.646030 3.548950 -1.587437 9.333185 -15.038080 -15.174945 -5.227957 -0.000001 -0.000001 0.000002 
-12.643486 98.537445 -5.081909 5.147775 10.330579 -11.044281 10.077268 -1.892986 -0.556427 -5.741600 -3.791847 7.165382 2.086212 -1.650166 1.652667 -0.908622 -8.357553 6.920824 0.000001 0.000002 0.000001 2.940876 -5.611877 1.778958 5.454051 -2.070337 -17.145359 77.070277 -2.815990 9.029267 -0.000000 -0.000002 0.000003 0.926337 -1.826304 12.283620 6.246849 -0.954034 15.062384 62.594524 16.395432 -18.467319 -0.000001 -0.000002 0.000002 -21.310006 -1.269858 16.871056 14.747365 -17.248637 -67.755845 20.817074 -16.305729 -33.422206 -0.000005 -0.000002 -0.000004 -12.771478 1.746636 11.080089 3.862280 -1.466800 9.139144 -15.374619 -15.486631 -5.505242 -0.000000 0.000000 0.000006 
-12.709976 98.428223 -5.130873 5.545030 10.639941 -11.198636 10.285336 -1.934075 -0.506496 -6.085414 -3.769242 7.168819 2.375782 -1.752548 1.598568 -1.870542 -8.867359 7.229136 0.000001 -0.000001 -0.000000 3.015113 -5.421574 1.927218 5.651926 -2.557899 -16.657774 76.490360 -2.824821 8.828247 0.000003 -0.000002 0.000003 1.063055 -1.773297 12.289063 6.368736 -1.428608 14.913604 62.047269 16.395420 -18.722583 -0.000004 0.000000 -0.000003 -21.720329 -1.368203 17.004246 14.403262 -16.897285 -68.357244 20.996266 -16.125110 -33.529057 -0.000004 0.000002 -0.000001 -13.913223 1.809341 11.054281 4.428964 -1.435506 9.433109 -15.926476 -15.691216 -5.649823 0.000001 0.000000 0.000004 
-12.773407 98.326515 -5.172340 5.612998 10.883619 -11.315218 10.692227 -2.022619 -0.534292 -5.875981 -3.698729 7.089806 2.199645 -1.722162 1.761635 -2.335105 -9.059349 7.368562 -0.000000 -0.000000 -0.000000 3.138991 -5.379557 2.078917 5.791725 -2.384496 -16.247676 75.879816 -2.733504 8.786436 0.000001 -0.000001 0.000002 1.259763 -1.451275 12.217082 6.551409 -1.674727 14.808366 61.417348 16.340251 -18.264373 -0.000005 -0.000003 0.000002 -21.994077 -1.448882 17.127179 14.155088 -16.736772 -69.059769 21.198447 -16.192239 -33.821471 -0.000003 -0.000001 -0.000002 -14.482299 1.863764 11.162637 4.768884 -1.368100 9.476961 -16.332898 -15.964920 -5.729683 -0.000001 0.000002 0.000002 
-12.839602 98.232834 -5.216842 5.805240 11.321242 -11.604165 10.431072 -1.996530 -0.567091 -5.939314 -3.747275 7.142446 2.490686 -1.729738 1.914500 -2.288803 -9.252117 7.441975 0.000001 -0.000000 -0.000000 3.274605 -5.523967 2.290476 5.772791 -2.609284 -16.104435 75.971211 -2.753996 8.729892 -0.000001 -0.000001 0.000002 1.213763 -1.515511 12.138905 6.503131 -2.072778 14.922930 62.254873 16.427908 -18.253629 -0.000001 0.000003 0.000004 -22.167582 -1.441509 17.261780 14.230470 -16.824334 -69.387803 21.288689 -15.927214 -33.831146 -0.000000 -0.000000 -0.000001 -15.183207 1.836842 11.308155 5.019569 -1.514215 9.724464 -16.495108 -16.125211 -5.910126 -0.000001 0.000003 0.000002 
-12.903491 98.142479 -5.261301 5.698672 11.716419 -11.830002 10.448459 -2.008310 -0.434910 -5.907160 -3.907853 7.368586 2.277620 -1.908461 1.747480 -1.965658 -9.211851 7.388800 -0.000001 -0.000001 0.000000 3.283046 -5.547018 2.263098 5.665084 -2.370374 -16.164208 76.939404 -2.813080 8.770275 0.000003 -0.000003 0.000006 0.975357 -2.160946 12.272061 6.508071 -2.165491 15.126248 64.080746 16.599667 -18.911752 -0.000005 -0.000001 0.000004 -22.129741 -1.432716 17.383844 14.289694 -16.813991 -69.545772 21.532895 -15.281481 -33.831785 -0.000001 -0.000001 -0.000002 -15.188399 1.793935 11.502129 4.812042 -1.769713 9.775589 -16.332685 -16.153756 -6.060303 0.000001 0.000001 0.000001 
-12.968669 98.047630 -5.304844 5.648497 11.734548 -11.991295 9.875787 -1.879855 -0.598921 -5.826964 -4.072112 7.534356 2.471976 -2.185780 1.740014 -1.699051 -9.287316 7.361352 -0.000000 0.000000 0.000001 3.078264 -4.936692 2.264707 5.679267 -2.797213 -16.191377 78.143347 -2.754886 8.334357 0.000004 0.000002 0.000001 0.938762 -2.334449 12.390873 6.456707 -2.331579 15.191623 65.362185 16.485877 -19.557859 -0.000002 -0.000001 0.000000 -22.229571 -1.268143 17.748161 14.094011 -16.614532 -70.055078 21.501280 -15.316868 -33.924416 0.000001 0.000002 0.000001 -15.086440 1.613562 11.772452 5.087340 -1.884544 9.677844 -16.043220 -15.709683 -6.044895 0.000000 -0.000001 0.000000 
-13.035130 97.955193 -5.351851 5.751137 11.999287 -12.173059 10.628696 -2.064535 -0.232807 -6.530499 -3.789085 7.238144 2.545535 -2.322841 1.855918 -1.447145 -9.124220 7.232682 -0.000000 0.000001 0.000001 2.925949 -4.196294 2.394853 5.917730 -3.279410 -15.752738 77.774927 -2.565462 8.845889 0.000003 -0.000006 0.000006 1.121462 -2.171413 12.187278 6.679599 -2.313846 15.090352 64.643369 16.372650 -19.589768 -0.000003 -0.000001 -0.000001 -22.500474 -1.324635 17.767158 14.218936 -16.744875 -70.053152 21.519576 -15.573265 -33.965762 -0.000004 -0.000000 0.000001 -14.889850 1.605418 11.909097 5.028997 -2.017265 9.805113 -16.090442 -15.584530 -6.026498 0.000001 0.000001 -0.000000 
-13.093620 97.869400 -5.393550 5.299889 11.582404 -12.113139 10.832427 -2.088060 -0.413478 -6.546324 -3.701138 7.111251 2.582610 -2.146620 2.052057 -1.099963 -9.065019 7.226684 0.000000 -0.000001 0.000001 2.929800 -4.320842 2.432328 5.654711 -2.565786 -15.904181 78.772811 -2.709080 8.357986 0.000004 -0.000002 0.000003 1.208403 -1.755280 12.239751 6.497018 -2.317181 15.089230 65.363312 16.441215 -19.439354 -0.000007 0.000000 0.000002 -21.982656 -1.228017 18.241878 13.188504 -15.660516 -71.214237 21.832566 -15.526393 -34.555081 -0.000001 0.000003 -0.000002 -14.160800 1.535329 12.164948 5.200080 -1.876141 9.600392 -15.889593 -15.102918 -5.608232 -0.000001 -0.000001 0.000002 
-13.155246 97.780258 -5.433463 5.610077 11.760030 -12.447173 10.514025 -2.050913 -0.311214 -6.457640 -3.743483 7.192848 2.440311 -2.070342 2.052552 -0.938376 -9.197432 7.444374 -0.000000 0.000002 0.000000 2.943173 -4.158103 2.614083 5.657590 -2.492805 -15.637622 78.783008 -2.660883 8.189178 0.000001 0.000000 0.000004 1.219649 -1.959848 12.270855 6.552513 -2.460963 15.132325 65.540719 16.400413 -19.803001 -0.000006 -0.000002 -0.000001 -22.425014 -1.271604 18.572461 13.190143 -15.734003 -71.555336 21.961172 -15.468302 -34.745872 -0.000001 -0.000002 0.000000 -14.730910 1.501868 12.393686 5.530229 -1.869506 9.771711 -16.283900 -15.375101 -5.780790 0.000002 0.000000 0.000002 
-13.213818 97.687668 -5.468991 5.769611 11.931681 -12.583617 10.167883 -1.982639 -0.370764 -5.503027 -3.802547 7.163882 1.767434 -1.669266 2.218922 -0.808529 -9.398217 7.672450 -0.000001 -0.000000 -0.000000 3.186093 -4.720907 2.970758 5.370252 -1.818779 -15.787450 78.796525 -2.652949 8.413472 0.000001 0.000000 0.000004 1.052918 -2.141705 12.138202 6.387586 -2.739959 15.349204 66.079410 16.384415 -19.808703 -0.000005 -0.000001 0.000004 -22.764295 -1.192682 18.669048 13.070646 -15.741131 -71.892809 21.811128 -15.231206 -34.654587 -0.000002 0.000001 -0.000006 -14.689106 1.376526 12.606336 5.549787 -1.835203 9.686226 -16.497987 -15.433758 -5.826974 0.000001 0.000001 0.000001 
-13.266752 97.601807 -5.501477 5.340197 12.253971 -12.643321 10.684240 -2.083677 -0.291453 -5.440165 -3.782145 7.140193 1.640770 -1.514884 2.284570 -1.026811 -9.546207 7.828127 0.000000 0.000001 0.000000 2.935194 -3.943080 2.747238 5.578158 -2.701536 -15.259964 78.427087 -2.499922 8.430083 0.000008 -0.000004 0.000004 1.071550 -2.314790 12.044962 6.567225 -2.484240 15.369649 65.740701 16.214208 -19.759623 -0.000004 -0.000001 -0.000001 -22.380163 -1.052484 18.718938 13.580854 -16.317998 -71.523965 21.950879 -15.348629 -34.605304 -0.000001 -0.000002 -0.000004 -14.569693 1.292637 12.782335 5.715522 -1.904486 9.564170 -16.441493 -15.419453 -5.839977 0.000002 0.000003 0.000002 
-13.318068 97.517029 -5.544453 5.216899 12.444631 -12.716106 10.830056 -2.138618 -0.330036 -5.388437 -3.765734 7.156000 1.522179 -1.576964 2.342116 -1.047391 -9.736850 8.094894 -0.000001 0.000001 0.000000 2.879504 -3.415048 2.681084 5.842114 -3.319012 -14.933843 77.928203 -2.340226 8.423823 -0.000001 -0.000001 0.000004 1.290274 -2.119428 11.906613 6.824134 -2.549051 15.580765 65.031966 16.031047 -19.894142 -0.000006 -0.000002 -0.000003 -22.261492 -1.045275 18.759584 13.970853 -16.800515 -71.189470 21.841137 -15.266620 -34.591602 0.000000 0.000001 -0.000003 -14.587862 1.281879 12.977238 6.022243 -1.829601 9.504528 -16.590203 -15.717020 -6.011491 -0.000000 -0.000003 0.000001 
-13.354601 97.441986 -5.579133 5.319150 12.608413 -12.822984 10.383372 -2.024382 -0.351203 -5.453129 -3.809293 7.154064 1.471977 -1.979815 2.330138 -0.303942 -9.671856 7.962173 -0.000001 -0.000001 0.000001 2.991437 -3.883359 2.609778 5.610059 -2.526739 -15.267402 78.910180 -2.192706 8.899389 0.000001 -0.000001 0.000002 1.267560 -2.172810 12.112643 6.684891 -2.576207 15.530247 65.996286 15.904908 -19.846887 -0.000005 -0.000003 0.000002 -22.458943 -0.929693 18.737784 14.474260 -17.323559 -70.788053 22.108943 -13.798647 -34.447728 0.000004 -0.000006 -0.000004 -15.180618 1.196116 12.953725 6.623098 -1.738850 9.728304 -16.984457 -15.886364 -6.182318 -0.000000 0.000001 0.000003 
-13.386765 97.374176 -5.615581 5.158870 12.524987 -12.755184 10.651639 -2.080617 -0.402747 -5.784202 -3.718706 7.059061 1.898029 -1.828871 2.401963 -0.333672 -9.731247 8.017925 -0.000000 0.000000 0.000001 3.191509 -4.462662 2.821439 5.413337 -1.571898 -15.721231 78.926838 -2.325190 8.965229 -0.000003 0.000003 0.000002 1.337795 -1.691450 11.966265 6.667817 -2.611792 15.747951 65.688675 16.020919 -19.369414 -0.000002 0.000001 0.000000 -22.444145 -0.966353 18.864293 14.154182 -16.982606 -71.312639 21.925271 -14.002124 -34.372681 0.000002 -0.000003 -0.000000 -14.957081 1.181555 13.054399 6.647023 -1.744147 9.444772 -16.876728 -15.742620 -5.990881 0.000001 0.000000 0.000001 
-13.403732 97.306747 -5.645534 4.844887 12.624038 -12.784755 11.016588 -2.140533 -0.278293 -5.464909 -3.768857 7.080138 1.679582 -1.295706 2.451410 -0.971173 -9.990243 8.162907 -0.000000 -0.000000 0.000000 3.396239 -5.114376 2.837379 5.155349 -0.967610 -15.886629 78.853817 -2.373085 9.265734 -0.000000 0.000000 0.000002 1.067502 -2.240086 11.958876 6.586200 -2.463509 16.119752 66.518468 16.132883 -19.612540 -0.000000 -0.000003 0.000000 -22.298175 -0.920813 19.058881 14.120330 -17.003030 -71.622074 21.861981 -13.940286 -34.344606 -0.000000 -0.000006 -0.000004 -14.723782 1.127358 13.281901 7.128181 -1.535301 9.121748 -16.850434 -15.352752 -5.547231 0.000001 -0.000001 0.000001 
-13.409128 97.251259 -5.668629 5.025818 12.751024 -12.765178 11.436882 -2.212885 -0.131819 -6.054146 -3.683802 6.987723 2.020717 -1.197717 2.427776 -1.457647 -10.175953 8.039606 -0.000000 0.000001 -0.000000 3.637800 -5.316677 2.888827 5.328098 -0.604487 -15.857872 77.624793 -2.171420 9.708434 0.000001 -0.000003 0.000005 1.214648 -2.138075 11.962316 6.937753 -2.076768 16.053919 64.772084 15.866357 -19.683183 -0.000005 -0.000001 0.000002 -22.501382 -0.969873 18.869229 14.631549 -17.662183 -71.348054 21.876295 -13.466487 -34.207158 -0.000000 0.000001 -0.000000 -15.280646 1.180052 13.184234 7.285276 -1.551162 9.069439 -16.953303 -15.310579 -5.665826 0.000001 0.000000 0.000001 
-13.410053 97.196121 -5.698337 4.795217 12.857432 -12.631378 11.908595 -2.295004 -0.036597 -6.141237 -3.516159 6.796208 2.073467 -1.014143 2.497900 -1.941316 -10.233061 7.999992 -0.000001 0.000001 0.000000 3.124981 -4.543418 2.596943 5.359335 -1.871504 -15.453014 77.903075 -2.249535 9.582264 -0.000000 -0.000002 0.000001 1.207115 -1.860449 11.862696 6.813326 -1.748403 16.167713 64.339952 15.924427 -19.335910 -0.000006 0.000004 0.000005 -22.610339 -1.021332 18.647752 14.725628 -17.671436 -71.377150 21.946537 -13.727190 -34.127296 -0.000000 0.000003 -0.000000 -15.111647 1.197380 13.136493 7.264629 -1.664316 8.999430 -17.026500 -15.662988 -6.121965 0.000001 0.000001 -0.000001 
-13.404085 97.152267 -5.728131 4.881272 13.269342 -12.704399 12.585853 -2.453020 0.403869 -6.431325 -3.373037 6.638488 1.983277 -1.295352 2.519187 -2.335729 -10.082170 7.878919 -0.000000 -0.000001 0.000001 2.978659 -4.223177 2.534591 5.298809 -1.713883 -15.400214 77.978467 -2.272855 9.529241 0.000002 -0.000002 0.000006 1.236533 -1.796385 11.892775 6.758246 -1.272761 15.936307 64.017922 15.936353 -19.046191 -0.000006 0.000003 0.000004 -22.971437 -1.052544 18.382583 15.126344 -17.999203 -71.008306 21.723075 -13.790341 -33.778998 0.000002 0.000003 0.000003 -15.167854 1.162788 13.160129 7.334264 -1.754603 8.848189 -17.373588 -15.365069 -5.713479 0.000001 0.000000 0.000001 
-13.395468 97.121826 -5.764937 4.320885 13.367002 -12.669001 13.752515 -2.676728 0.596943 -6.504465 -3.252281 6.459429 1.514361 -1.329890 2.707071 -2.256203 -9.912759 7.590852 0.000002 0.000001 0.000000 2.601451 -3.557700 2.475963 5.151271 -1.757526 -15.502655 79.021717 -2.356180 9.241514 0.000001 -0.000001 0.000002 1.599836 -0.537262 11.797205 6.497447 -1.957717 16.045800 63.763402 15.989611 -19.265203 -0.000005 0.000003 0.000002 -22.208299 -0.911533 18.663697 15.432616 -18.182353 -70.628609 21.614523 -13.194906 -33.406469 0.000002 -0.000000 0.000001 -15.152901 1.136344 13.077501 7.561491 -1.795022 8.823214 -17.334755 -15.060014 -5.482376 0.000001 -0.000000 0.000003 
-13.379152 97.092346 -5.795306 4.695970 13.576855 -12.677378 13.444443 -2.611718 0.564049 -6.972700 -3.249074 6.513506 2.076088 -1.030795 2.683457 -2.517408 -10.249557 7.728280 -0.000000 0.000000 0.000001 2.964001 -4.080678 2.828198 5.362095 -1.692750 -15.402787 77.761519 -2.232572 9.752466 -0.000002 -0.000001 0.000002 1.627574 -0.617620 11.610954 6.767649 -2.487473 16.064692 62.989453 15.918229 -19.158938 -0.000006 0.000003 0.000004 -22.549777 -1.053811 18.522085 15.307569 -18.089152 -70.700005 21.705872 -13.445315 -33.554619 0.000002 -0.000002 0.000005 -15.423397 1.234025 12.923330 7.154213 -1.936659 8.913192 -17.222336 -15.617765 -6.138317 -0.000002 0.000000 0.000001 
-13.367558 97.066124 -5.833117 4.525867 13.574645 -12.594719 13.442146 -2.576339 0.395195 -6.554266 -3.383581 6.665312 1.611731 -0.900827 2.616123 -2.363857 -10.266894 7.681882 0.000001 0.000001 0.000001 2.356500 -3.164152 2.646248 5.355697 -2.412413 -15.171694 78.945348 -2.367447 9.340801 0.000002 -0.000003 0.000003 1.841682 0.398473 11.521523 6.668016 -3.175850 16.224315 62.880422 16.034759 -18.677026 -0.000003 0.000000 0.000002 -22.360086 -1.070928 18.602889 15.887321 -18.622239 -70.192454 21.502370 -13.762343 -33.174253 -0.000000 -0.000002 0.000000 -15.538935 1.260534 12.947034 7.560271 -1.881563 8.829861 -17.055054 -15.517836 -6.137751 -0.000003 0.000001 0.000001 
-13.353027 97.047127 -5.864485 5.287828 13.852406 -12.587339 13.040952 -2.506552 0.504809 -7.196815 -3.316161 6.642965 2.129771 -0.958634 2.487431 -2.680590 -10.481352 7.832963 0.000000 0.000001 0.000000 2.756800 -4.030405 2.897192 5.161207 -1.430668 -15.316619 78.412600 -2.293613 9.797604 0.000001 -0.000001 0.000004 1.564033 -0.191288 11.327810 6.636352 -2.875478 16.259680 63.246056 16.139705 -18.335937 -0.000004 0.000001 0.000002 -23.099217 -1.201712 18.239767 16.238942 -18.934077 -69.778326 21.400417 -13.736338 -32.969685 0.000001 0.000002 -0.000001 -15.992878 1.294179 12.757313 7.152718 -2.027726 8.735818 -17.090074 -15.698555 -6.295228 0.000001 0.000000 -0.000002 
-13.335611 97.033791 -5.889889 5.756448 13.608731 -12.581911 12.219555 -2.367596 0.255953 -6.366507 -3.449438 6.734368 1.775541 -0.689707 2.577373 -2.663948 -10.478548 7.923512 0.000000 0.000000 0.000001 3.101692 -4.600283 3.177256 5.119606 -0.755987 -15.574148 77.795267 -2.204129 10.373145 -0.000000 0.000001 0.000003 1.429860 -0.677143 11.206437 6.666630 -2.725787 16.288779 63.510309 16.116308 -18.586538 -0.000004 0.000000 0.000004 -23.288208 -1.202006 18.442552 15.775831 -18.486967 -70.209645 21.436171 -13.862767 -33.156221 0.000001 -0.000000 0.000001 -16.555176 1.295167 12.620095 7.401052 -1.893284 8.679132 -17.172296 -15.547920 -6.012942 0.000001 -0.000001 0.000002 
-13.322416 97.018379 -5.918004 5.522964 13.581328 -12.510752 12.629646 -2.453572 0.320687 -6.524949 -3.356681 6.618133 1.856646 -0.643700 2.684826 -2.739961 -10.538222 7.913140 0.000001 -0.000001 0.000001 3.038410 -4.532422 3.052819 5.039142 -0.997852 -15.392173 77.810744 -2.230613 10.302506 0.000002 -0.000001 0.000004 1.450870 -0.514199 11.142054 6.553039 -2.687260 16.180233 63.420205 16.117897 -18.638280 -0.000003 -0.000003 0.000005 -23.337428 -1.198052 18.437489 15.605947 -18.291018 -70.408547 21.615903 -13.471870 -33.183251 0.000001 -0.000000 0.000001 -16.019573 1.259784 12.717024 7.265844 -1.959151 8.447088 -17.218465 -15.561925 -6.067217 -0.000000 -0.000002 0.000002 
-13.307921 97.011971 -5.937196 6.111235 13.454575 -12.538765 11.989436 -2.343689 0.088270 -6.448785 -3.469987 6.807370 2.130754 -0.517253 2.585893 -2.924968 -10.585997 8.119965 0.000000 0.000001 0.000001 3.197415 -4.505638 3.180429 5.473457 -1.140089 -15.188770 76.287271 -2.079377 10.712452 0.000003 -0.000003 0.000003 1.511719 -0.896476 11.371287 6.865708 -2.694785 15.861892 62.413340 16.031953 -18.938750 -0.000005 -0.000002 -0.000001 -23.512639 -1.375043 18.646807 15.352052 -18.177859 -70.645323 21.497500 -13.786632 -33.136502 -0.000000 0.000003 -0.000002 -16.468940 1.402060 12.657068 7.150799 -1.781305 8.646154 -16.775402 -15.733976 -6.098445 0.000001 0.000001 -0.000000 
-13.293036 97.008896 -5.963873 6.053428 13.316972 -12.611879 11.680289 -2.301508 0.166706 -6.170833 -3.550921 6.901832 2.073997 -0.411597 2.465009 -2.629686 -10.579897 8.219823 0.000000 0.000001 0.000000 3.607916 -5.006514 3.308228 5.619104 -0.310705 -15.275803 75.231945 -1.864688 11.147316 -0.000000 -0.000002 0.000003 1.514154 -1.295803 11.486525 7.123093 -2.429368 15.774515 62.258609 15.883024 -19.216252 -0.000005 0.000001 0.000002 -23.364685 -1.366652 18.856178 15.187573 -18.131712 -70.749148 21.428212 -13.841196 -33.209008 0.000000 0.000000 0.000000 -16.750926 1.423558 12.673269 7.331988 -1.631250 8.792279 -16.408269 -15.706196 -6.205768 -0.000000 -0.000002 0.000000 
-13.276361 97.005486 -5.988534 5.545574 13.583129 -12.499983 13.125697 -2.579632 0.657068 -7.009824 -3.265190 6.581262 2.124743 -0.577356 2.452609 -2.513375 -10.527668 8.124651 0.000002 0.000001 0.000000 3.528192 -4.997694 3.327486 5.457382 -0.513829 -15.443179 75.831888 -2.055382 10.540694 0.000003 -0.000003 0.000005 1.409324 -1.338405 11.427826 6.964290 -2.325940 15.869273 62.721723 16.033816 -19.095396 -0.000003 -0.000003 0.000000 -22.967587 -1.284564 18.517461 15.670078 -18.489809 -70.054921 21.244656 -13.883949 -32.921720 0.000001 0.000001 -0.000000 -15.789283 1.383253 12.753328 7.070080 -1.739883 8.539800 -17.203317 -15.723340 -6.101348 -0.000000 0.000000 -0.000001 
-13.258249 97.008209 -6.009059 5.664739 13.428970 -12.430579 12.874843 -2.516660 0.441826 -6.841856 -3.379232 6.694483 2.202399 -0.433215 2.463889 -2.626527 -10.618944 8.151680 0.000000 0.000001 0.000001 3.549580 -5.134083 3.392406 5.525392 -0.829785 -15.440040 75.697142 -2.225947 10.083600 -0.000004 -0.000001 0.000011 1.298189 -1.509744 11.332955 7.006728 -1.996901 15.895549 62.701765 16.068452 -18.488829 0.000000 0.000000 0.000002 -23.006328 -1.309582 18.441226 15.075524 -17.809146 -70.506561 21.101320 -13.802765 -32.995811 0.000001 -0.000003 0.000002 -15.384754 1.390644 12.699836 6.677310 -1.805147 8.477005 -17.355763 -15.583208 -5.774682 0.000001 0.000002 -0.000000 
-13.249697 97.007591 -6.037481 5.720444 13.381205 -12.451954 12.616947 -2.459380 0.352679 -6.816018 -3.410647 6.752753 2.431303 -0.441413 2.447273 -2.861471 -10.633619 8.165397 -0.000001 -0.000001 0.000001 3.584150 -5.218780 3.298121 5.606731 -1.074140 -15.187923 75.126596 -2.251301 10.228650 -0.000002 0.000003 0.000001 1.253699 -1.592122 11.359738 7.079936 -1.836650 15.907190 62.607986 16.148958 -18.371766 -0.000000 0.000003 0.000004 -23.024141 -1.380431 18.435232 14.874142 -17.705551 -70.618685 21.265557 -14.108154 -33.206706 0.000002 0.000000 0.000003 -15.769973 1.478255 12.624328 6.787455 -1.636093 8.821332 -17.351773 -16.012866 -6.119222 -0.000001 -0.000003 0.000001 
-13.237929 97.029625 -6.054469 6.083431 13.124807 -12.406158 12.336073 -2.378744 0.226180 -6.193723 -3.522341 6.863170 2.218040 -0.347947 2.365558 -3.044551 -10.567852 8.067628 0.000000 0.000001 0.000000 3.565185 -5.448532 3.297044 5.515357 -1.097639 -15.246847 74.910974 -2.485058 9.613258 0.000001 0.000000 0.000002 1.301200 -1.233229 11.432144 6.912488 -1.814954 15.701365 61.901041 16.203732 -18.108495 -0.000001 -0.000002 0.000002 -23.236020 -1.494748 18.367635 14.402953 -17.114499 -70.804726 21.331820 -14.217885 -33.314948 0.000000 -0.000000 -0.000001 -16.146086 1.590102 12.389263 6.696315 -1.568472 9.006295 -17.386781 -15.704857 -5.708652 0.000001 -0.000001 0.000004 
-13.225380 97.059883 -6.076373 5.993780 12.887456 -12.272679 12.048189 -2.345174 0.160911 -6.517872 -3.401839 6.757692 2.766099 -0.690703 2.396612 -2.659543 -10.247719 7.878779 0.000001 -0.000000 -0.000000 3.542070 -5.220006 2.990319 5.697203 -1.275519 -15.240032 74.472175 -2.377816 10.022663 0.000003 -0.000003 0.000008 1.624400 -0.688339 11.358783 7.117563 -1.944804 15.695481 60.721270 16.050048 -18.593891 -0.000006 0.000001 0.000002 -23.112301 -1.489251 18.230393 14.559559 -17.215760 -70.289504 21.346667 -13.955192 -33.133302 0.000006 0.000000 0.000000 -15.819123 1.625886 12.260233 6.386030 -1.633022 8.964000 -16.732910 -15.416874 -5.667474 -0.000001 0.000000 0.000001 
-13.207490 97.100945 -6.102313 5.771430 12.931433 -11.888734 12.537424 -2.425153 0.300310 -6.739051 -3.164765 6.430307 2.576374 -0.876444 2.427730 -2.865625 -10.074596 7.805148 -0.000001 -0.000001 0.000000 3.166910 -5.063233 2.453206 5.357149 -1.393309 -15.494866 76.254377 -2.632249 9.591215 0.000001 -0.000001 0.000002 1.461258 -0.632187 11.399970 6.728231 -1.968920 15.977764 61.500000 16.186881 -18.658299 -0.000005 0.000001 0.000002 -22.443646 -1.337152 17.888931 14.483858 -16.960205 -69.843704 21.484437 -13.070526 -33.262458 -0.000004 -0.000005 -0.000002 -15.760634 1.668299 11.616049 6.140078 -1.646692 9.399413 -16.522663 -15.463451 -5.638254 -0.000001 0.000002 -0.000002 
-13.176256 97.179848 -6.133121 5.776482 12.615347 -11.392688 12.669717 -2.443113 0.224215 -6.807207 -3.129029 6.405976 2.530457 -0.734272 2.276556 -2.890258 -9.693860 7.390704 0.000003 -0.000000 0.000001 3.155100 -5.176501 1.753575 5.506129 -1.367016 -15.485864 75.626764 -2.594875 9.816277 -0.000002 -0.000003 -0.000000 1.433416 -0.948683 11.570392 6.884294 -1.415991 15.848025 60.760707 16.095344 -19.037382 -0.000004 0.000004 0.000002 -22.278352 -1.400263 17.488233 14.767134 -17.083947 -68.943718 21.378362 -12.865553 -32.862055 -0.000002 0.000001 -0.000000 -15.074789 1.813127 11.092745 5.382487 -1.753923 9.229456 -16.095756 -15.373962 -5.676492 -0.000001 -0.000002 0.000003 
-13.132980 97.315948 -6.169644 5.913892 12.538148 -10.597416 11.716555 -2.280500 -0.014998 -5.900320 -3.196995 6.464087 2.167480 -0.682619 2.037942 -2.210951 -8.781476 6.827305 0.000000 0.000002 -0.000000 3.507071 -5.242322 0.910334 6.219086 -1.314402 -15.760793 74.017025 -2.314119 9.558059 0.000006 0.000001 0.000003 2.067044 -0.359401 11.774769 7.562971 -1.582617 15.257454 57.576698 15.484720 -18.715106 -0.000004 0.000000 -0.000003 -22.114431 -1.379766 16.642535 15.630053 -17.759955 -67.037931 21.015398 -12.939741 -32.210117 -0.000002 0.000003 -0.000002 -14.393850 1.944555 10.288252 3.998577 -1.962004 8.608124 -14.221522 -14.636436 -5.710069 -0.000001 0.000001 0.000002 
-13.081388 97.464607 -6.212736 5.109891 12.313672 -9.900560 12.098377 -2.351609 -0.015027 -5.865593 -3.041459 6.209358 2.139757 -0.691592 2.063747 -2.231595 -8.156268 6.354819 0.000001 -0.000000 -0.000000 3.249670 -5.026789 -0.105271 6.072635 -1.335232 -16.216399 75.133420 -2.464896 9.289155 0.000003 0.000001 0.000009 2.238242 0.235550 11.681125 7.479092 -1.549726 15.496386 57.065633 15.406228 -17.837828 -0.000003 -0.000003 0.000000 -21.369379 -1.193850 16.236898 16.669662 -18.569631 -65.121380 20.737440 -12.772977 -31.768446 0.000000 0.000002 -0.000003 -13.107314 1.890850 9.743195 3.489213 -1.903592 8.200190 -13.373394 -13.967015 -5.371052 0.000001 -0.000001 0.000002 
-12.999180 97.686028 -6.252002 4.777767 11.919798 -8.618682 12.058340 -2.342042 -0.262215 -3.272845 -3.195311 6.107702 -0.233112 -0.483246 1.870671 -2.246139 -7.202815 5.449705 -0.000000 0.000001 0.000000 2.581659 -3.792500 -1.459535 6.213812 -2.315026 -17.346713 76.103450 -2.656420 8.775509 -0.000001 0.000003 0.000001 2.606077 1.308376 11.519660 7.460723 -1.735628 16.033500 55.601196 15.304219 -17.411103 -0.000003 -0.000004 0.000000 -21.065055 -1.097543 15.253592 17.188270 -18.401853 -62.770559 20.614525 -12.216383 -31.523485 0.000003 -0.000000 0.000001 -12.053591 1.878898 8.691207 3.516034 -1.787794 7.199095 -13.259949 -11.764226 -3.763890 -0.000000 -0.000000 0.000003 
-12.891916 97.993759 -6.288730 2.751578 11.666207 -6.781895 14.026027 -2.713277 -0.123258 -2.072771 -2.516645 4.950614 -1.783425 -0.460614 2.166424 -1.940037 -6.277731 4.862207 -0.000000 0.000001 0.000000 2.360346 -3.555926 -3.642630 6.013574 -3.112092 -18.502118 76.969894 -2.748627 8.009454 0.000003 -0.000004 0.000002 2.725778 1.793487 11.548865 7.245522 -0.311063 16.894878 55.037558 14.928475 -15.446333 -0.000004 0.000003 0.000005 -20.211739 -0.733913 13.684473 17.499286 -17.687545 -59.202160 20.880810 -9.786068 -31.606974 0.000001 0.000001 -0.000000 -9.234384 1.535181 7.378846 2.408959 -1.829849 5.552939 -13.674216 -11.898647 -3.722062 0.000000 0.000001 -0.000000 
-12.774601 98.318375 -6.327685 0.751576 11.088560 -5.390107 14.865821 -2.884126 -0.337008 -1.441906 -2.046831 4.175803 -2.379665 -0.057368 2.378700 -1.104376 -5.647124 4.479003 0.000000 -0.000000 0.000001 2.493377 -3.624958 -5.447239 6.354566 -3.671361 -19.748766 77.596932 -2.637703 7.519360 0.000001 -0.000001 0.000001 3.360210 2.951988 11.717741 7.691860 -0.340370 17.960361 53.795055 14.381276 -14.460190 -0.000004 -0.000001 0.000004 -19.119487 -0.475585 12.749346 17.807989 -16.989471 -55.974896 21.263608 -7.133781 -31.638754 -0.000000 -0.000002 -0.000002 -7.044187 1.319749 6.240286 1.878751 -1.903845 4.650576 -13.198005 -11.069768 -3.353364 -0.000000 0.000000 0.000003 
-12.651739 98.720253 -6.355007 -0.782571 9.740378 -3.611909 14.807614 -2.896273 -1.219860 -0.686001 -1.433731 3.142046 -2.680033 0.981372 2.828779 -1.694113 -5.366364 4.249696 -0.000000 -0.000000 0.000001 2.629286 -3.454322 -8.000136 6.936438 -4.030301 -22.020434 78.949501 -2.776979 5.992910 0.000001 -0.000001 -0.000002 4.114653 4.449853 12.483875 8.572655 -0.996772 20.000985 52.298089 13.998332 -12.840670 -0.000002 -0.000004 -0.000001 -18.539387 -0.383396 11.738057 18.078015 -15.680557 -50.813968 22.329111 -2.973253 -32.496589 -0.000000 -0.000001 -0.000002 -5.878953 1.275997 4.674342 1.780490 -1.806488 3.262542 -12.783438 -9.461391 -2.444504 -0.000000 0.000000 0.000003 
-12.498232 99.204903 -6.374253 -2.309099 8.003193 -1.577907 15.581116 -3.076332 -1.609006 -1.846745 -0.291984 1.506429 -2.096733 1.925622 3.263372 -1.345461 -4.727669 3.755775 -0.000001 -0.000000 0.000000 3.213216 -5.067926 -11.142358 6.601051 -2.200835 -25.662947 81.739073 -3.370825 3.945510 -0.000000 0.000006 0.000006 4.298343 4.397829 14.135865 8.886352 -0.632301 22.728872 53.559980 13.864744 -10.499242 -0.000003 -0.000001 -0.000002 -18.213823 0.030623 9.901268 18.474567 -13.992819 -42.963464 21.408873 1.355290 -30.388072 0.000006 -0.000003 -0.000003 -4.767256 0.830127 2.524786 2.154727 -1.734573 2.081892 -11.341528 -6.768593 -1.040219 0.000002 -0.000001 0.000000 
-12.342575 99.677948 -6.391538 -4.099875 6.158841 -0.150529 14.765914 -2.928412 -2.304335 -1.667602 0.187616 0.679710 -2.474884 2.993103 3.505319 -0.351167 -4.099018 3.419127 0.000000 0.000000 -0.000001 3.463098 -5.130891 -14.081271 6.971802 -0.544611 -28.930496 85.588151 -4.174610 0.975328 -0.000000 0.000000 0.000002 4.228673 2.660478 16.349514 9.869643 0.146872 24.987086 56.858948 14.038900 -8.357155 -0.000001 0.000000 0.000002 -16.791955 0.293839 9.001702 17.890758 -12.144126 -36.363121 20.446503 4.524165 -28.323107 -0.000002 0.000001 -0.000004 -4.183912 0.594228 1.049366 2.858969 -1.444965 1.102993 -10.043981 -4.815513 -0.447770 0.000001 0.000001 -0.000001 
-12.161011 100.176033 -6.392815 -4.059292 4.112269 1.209663 11.061356 -2.288913 -1.899908 1.612710 0.216777 0.174085 -4.056075 2.467436 2.277079 -1.190447 -2.015207 1.922087 -0.000000 -0.000000 -0.000000 4.064636 -3.516968 -17.936787 9.373830 1.399367 -32.440164 83.580356 -3.259909 -2.243876 0.000003 0.000001 0.000003 5.528497 1.459977 19.357629 12.908075 2.491954 26.510876 54.182525 11.776542 -7.341104 -0.000006 -0.000001 0.000005 -16.127613 0.242032 7.499017 18.489144 -10.778884 -27.455363 16.394129 7.226052 -22.022072 0.000000 -0.000000 0.000001 -2.139144 0.555351 -0.325126 2.117182 -1.495116 -0.117225 -7.331674 -1.738624 0.335798 -0.000000 0.000000 -0.000001 
-11.969624 100.670181 -6.406816 -4.023010 1.869968 2.730909 8.390030 -1.748519 -1.537645 3.962895 0.287711 -0.390434 -4.972748 1.683870 0.978553 -3.343244 -0.196940 0.460926 -0.000000 -0.000000 -0.000000 3.780257 -2.758227 -22.093569 10.545874 2.214900 -36.875003 81.588946 -4.264458 -9.286599 -0.000001 -0.000002 -0.000002 5.697695 0.375391 22.363159 13.924914 4.686569 29.767624 55.484799 11.219049 -3.715156 -0.000010 -0.000004 0.000002 -13.164994 0.186417 5.728545 19.081821 -9.493293 -17.634777 11.062927 6.744195 -14.591299 -0.000003 -0.000001 -0.000002 1.635920 0.151035 -2.055499 -0.298099 -1.430626 -1.239945 -5.303472 1.488703 1.748737 -0.000002 -0.000001 0.000003 
-11.772686 101.135521 -6.402854 -3.935810 0.845701 3.963296 7.546300 -1.648549 -1.275892 5.353550 0.532520 -1.138350 -6.173863 0.552445 0.535959 -4.297138 1.620565 -0.625303 -0.000000 0.000001 -0.000000 3.593611 -1.414779 -25.272415 11.626607 2.319914 -41.041589 79.045725 -4.795278 -15.385442 0.000001 -0.000001 0.000002 6.487409 2.405801 23.935536 14.621213 5.808762 32.171653 52.367252 9.999382 -0.525900 -0.000003 -0.000001 0.000005 -10.266661 0.072801 3.537096 19.437573 -8.257074 -8.442966 6.722025 7.046530 -8.454211 0.000002 -0.000002 0.000000 4.158114 -0.277280 -3.450910 0.474516 -0.608831 -2.738198 -4.153648 5.618768 4.063213 -0.000001 -0.000002 -0.000000 
-11.540356 101.545395 -6.338283 -4.349074 -0.352779 5.493578 6.631108 -1.477611 -1.149334 6.855058 1.058084 -2.332119 -6.535520 0.606493 0.507712 -4.987713 3.333406 -1.480674 -0.000000 0.000001 0.000000 3.316266 -0.059220 -28.001380 13.136868 3.858184 -47.173620 78.434587 -5.131851 -20.384785 0.000002 0.000002 0.000006 6.891041 3.779264 24.614928 15.481206 7.281432 35.630959 46.829915 7.699123 3.635253 0.000000 0.000000 0.000000 -8.038572 -0.313082 0.570886 19.837975 -6.670563 1.365929 3.772585 11.149548 -4.104845 0.000000 -0.000003 0.000002 5.327763 -0.486912 -5.125930 1.291308 -0.369641 -3.004019 -6.529640 4.269907 4.387311 -0.000001 -0.000002 0.000002 
-11.306396 101.927704 -6.234653 -4.184742 -1.699077 6.678782 7.050754 -1.599920 -1.350734 7.477774 1.764699 -3.534431 -6.895740 1.279003 0.882885 -6.255912 4.347905 -2.213447 -0.000001 -0.000000 0.000000 3.460604 1.178012 -31.485523 15.032220 5.926618 -51.332591 78.966276 -5.194125 -24.230776 0.000004 -0.000001 0.000008 7.156837 2.270306 26.803913 17.257672 5.649058 39.353842 42.966357 5.983299 3.552226 0.000001 -0.000002 -0.000001 -6.209530 -0.747294 -1.364844 18.520917 -4.861230 9.917666 0.743748 16.002127 -0.001596 0.000003 -0.000002 -0.000006 5.152045 -0.307760 -6.309898 2.145188 0.023615 -3.938991 -8.461133 3.545873 4.921161 -0.000001 -0.000000 0.000001 
-11.096208 102.287697 -6.129098 -2.394511 -2.147736 7.660057 7.552296 -1.695227 -1.687975 7.054829 2.333641 -4.321508 -6.409631 1.815497 1.063224 -8.511208 4.528681 -2.558613 0.000000 -0.000000 0.000001 3.700621 1.486956 -33.454495 16.402802 6.591857 -54.940546 78.167676 -5.061906 -27.973602 0.000002 -0.000002 0.000006 7.472188 1.907931 28.218069 18.267826 5.184619 41.205216 39.348699 3.965280 5.623215 -0.000004 0.000002 0.000000 -6.402663 -1.003449 -2.683714 17.254950 -3.552890 16.267291 -2.084381 20.037526 3.666964 -0.000001 -0.000000 0.000001 2.921574 0.167378 -7.232653 2.256691 0.002358 -4.276372 -9.465999 2.537723 4.644902 0.000000 0.000001 -0.000000 
-10.884557 102.646805 -6.075503 -0.247081 -2.855945 8.372297 8.171088 -1.811884 -1.762459 5.093240 2.849137 -4.551368 -5.110039 2.087017 0.741238 -11.869442 4.866149 -2.987889 -0.000000 -0.000000 -0.000000 3.383900 0.615062 -34.313948 17.068076 6.337922 -60.068413 75.062645 -5.794577 -35.338173 0.000002 -0.000003 -0.000000 7.219588 2.516312 27.949554 18.409458 6.560865 44.766614 37.844241 1.322446 14.782362 -0.000001 -0.000003 0.000004 -5.612738 -1.309069 -3.175555 13.423119 -1.892091 20.808494 -6.638672 21.612103 9.741270 0.000000 -0.000002 0.000000 0.340295 0.777975 -8.026473 0.208941 -0.517775 -4.685209 -8.492441 2.330027 4.052018 0.000002 0.000000 -0.000000 
-10.663731 102.964035 -6.031896 0.497190 -3.302377 9.030979 6.957487 -1.569888 -1.569835 4.728585 2.937662 -4.655228 -4.386728 1.829146 0.197596 -12.948265 5.091521 -3.554957 0.000000 -0.000001 -0.000000 3.228641 -0.672575 -35.656565 16.802001 3.871365 -63.994488 68.952337 -4.867747 -44.212166 0.000002 0.000002 0.000006 6.830734 2.332699 27.742977 18.157612 8.681552 48.450995 37.459250 -1.602034 25.311706 -0.000003 -0.000002 0.000002 -2.721012 -1.703880 -4.130107 8.939852 -0.823296 24.448508 -10.164314 21.526543 14.392289 0.000000 -0.000003 -0.000003 0.459833 0.818825 -8.730442 -2.527666 -0.855656 -5.437138 -6.687057 3.373070 3.661076 -0.000000 0.000003 0.000000 
-10.445502 103.249702 -5.992190 1.120372 -3.148805 9.251653 5.977996 -1.422567 -1.013377 4.493549 2.899792 -4.475213 -3.856379 1.240681 -0.558970 -13.892414 5.436881 -3.884696 0.000001 -0.000001 -0.000001 3.176708 -0.210906 -36.685714 17.217022 2.903839 -66.923751 64.772152 -3.484478 -51.345793 0.000002 0.000000 0.000004 6.885252 1.877196 27.609937 18.418114 10.698550 50.893826 37.232789 -4.786042 33.934053 -0.000001 0.000000 -0.000003 -0.336752 -2.047236 -4.807829 5.037562 -0.209337 27.003544 -12.406693 21.127524 17.382196 -0.000003 -0.000000 -0.000001 0.355612 0.969381 -9.124771 -4.455570 -1.026489 -5.493541 -5.343928 3.498353 3.079726 0.000001 0.000000 0.000001 
-10.227417 103.492775 -5.942442 1.377708 -3.608088 9.339375 3.912831 -1.106493 -0.516146 4.811715 2.810665 -4.335571 -3.310214 1.179027 -1.179935 -13.371392 5.951664 -4.208582 0.000000 -0.000000 -0.000000 3.507778 -0.725564 -37.746077 17.721703 2.015476 -69.325143 60.138265 -0.674600 -58.996865 0.000001 0.000003 0.000005 6.909188 0.185201 27.947777 19.256439 11.265089 54.203705 37.843841 -8.213155 43.094822 -0.000003 0.000002 0.000007 2.951962 -2.289326 -5.372723 0.010838 0.475902 28.284363 -13.145023 20.522302 18.508356 -0.000000 -0.000001 -0.000000 1.913427 0.577563 -9.447826 -6.981376 -1.524706 -5.942797 -4.129688 4.800625 3.128446 0.000000 0.000000 0.000003 
-10.007591 103.739693 -5.912316 1.350897 -3.902896 9.824203 2.953708 -0.949112 -0.488439 2.390447 3.253618 -4.117472 -0.698464 0.587165 -1.653168 -12.707979 6.788059 -4.424505 0.000000 -0.000000 -0.000000 3.728578 -1.962179 -39.049093 18.048490 0.916478 -70.307987 55.855204 2.709634 -66.886321 0.000006 -0.000004 0.000002 7.134247 0.224265 28.690684 20.297027 10.613926 56.887450 37.989977 -11.266079 50.707895 -0.000002 -0.000004 0.000006 6.546001 -2.985720 -6.546961 -6.305864 1.115572 28.998842 -12.209246 20.727935 17.384740 -0.000002 0.000001 -0.000004 2.001079 0.676419 -10.087039 -8.289461 -1.534529 -6.332028 -3.554052 4.901004 3.084934 0.000002 0.000001 0.000003 
-9.803611 103.971626 -5.883860 1.079189 -3.801035 10.185056 2.228028 -0.823275 -0.531342 1.110349 3.495175 -3.992264 0.671379 -0.314790 -1.988340 -11.091161 7.228373 -4.759936 -0.000001 0.000001 0.000000 3.792539 -2.128542 -40.161755 18.126829 0.336124 -70.371630 53.389126 5.177696 -73.018991 0.000003 0.000001 0.000003 7.438624 1.133143 29.413397 20.830813 10.317023 58.306784 37.778282 -14.115363 56.925177 -0.000004 0.000001 0.000002 10.692921 -3.707959 -7.396608 -12.702531 1.806676 29.427085 -10.847804 20.859821 15.652714 0.000002 -0.000000 -0.000001 2.335289 0.685649 -10.619776 -9.072954 -1.649315 -6.443278 -2.921133 4.655833 2.694574 0.000000 -0.000000 0.000000 
-9.609225 104.187157 -5.849687 0.645544 -3.006901 10.374426 1.581868 -0.694728 -0.632958 1.000180 3.519754 -3.816372 1.031981 -1.370005 -2.251956 -10.126470 7.583988 -4.922269 0.000001 0.000001 0.000000 4.026745 -2.136207 -40.910412 18.242127 -0.854777 -69.900306 52.146240 6.985800 -78.052560 -0.000001 0.000003 0.000009 7.818596 1.951283 30.066069 21.672559 10.377350 59.270326 37.660519 -16.601197 62.105326 -0.000004 0.000004 0.000002 14.204613 -4.547001 -8.182731 -17.724764 2.280062 29.936781 -8.971486 21.220698 13.183381 0.000001 -0.000000 0.000001 2.024444 0.962448 -10.765595 -8.337483 -1.466052 -6.504232 -2.569596 3.969062 2.112439 0.000001 0.000000 0.000002 
-9.420700 104.365997 -5.808083 0.663743 -1.920856 9.983374 1.039701 -0.668328 -0.220954 0.876990 3.343207 -3.492285 1.348694 -1.969757 -2.552971 -9.818728 7.671357 -4.792394 0.000000 -0.000000 0.000000 4.402185 -2.721248 -41.176560 18.271308 -1.795175 -69.275795 52.195537 7.929172 -81.071477 0.000002 -0.000003 0.000003 8.007564 1.094812 30.755324 22.774349 8.481558 60.324545 39.377789 -16.743510 64.854169 -0.000004 0.000001 0.000002 16.825853 -4.816120 -8.437357 -21.630516 2.458184 31.046703 -9.315159 21.500064 13.632488 -0.000001 -0.000002 -0.000004 1.545937 0.976731 -10.349847 -8.063572 -1.468481 -6.545983 -2.584842 4.199780 2.209057 -0.000000 0.000002 0.000001 
-9.244387 104.525169 -5.764719 1.034867 -1.421909 9.639378 0.554601 -0.577233 0.013688 1.435227 3.131307 -3.305881 0.932149 -2.091713 -2.700408 -9.870883 7.583148 -4.673210 -0.000001 -0.000001 -0.000001 4.301634 -2.254972 -41.285860 18.243237 -1.869689 -68.894110 52.655677 8.099824 -83.510073 0.000002 -0.000006 0.000003 7.950565 0.409301 31.199997 23.174934 7.393618 60.724616 40.896328 -16.223484 66.279719 -0.000003 -0.000002 -0.000003 18.101567 -4.881047 -8.407628 -23.687427 2.592920 31.775782 -9.960605 22.073515 14.340570 -0.000000 -0.000000 -0.000001 0.754609 1.131039 -9.943684 -7.544370 -1.331174 -6.596592 -2.726290 4.246382 2.393305 -0.000001 0.000002 -0.000000 
-9.079098 104.648506 -5.718300 1.031028 -1.042500 9.322908 0.682775 -0.604309 0.101611 2.939394 2.797204 -3.123067 -0.496891 -2.674378 -2.906483 -11.422768 8.152266 -4.531501 -0.000000 -0.000000 -0.000000 4.159468 0.053650 -41.427782 18.491544 -1.100127 -68.744604 53.688169 7.548944 -84.734657 -0.000000 0.000003 0.000001 7.999420 0.081779 31.322448 23.416081 6.639381 60.987142 42.809713 -14.713998 67.173811 -0.000005 -0.000002 -0.000001 20.036037 -5.046340 -8.308444 -26.373435 2.784622 32.286673 -9.934732 21.416010 14.532993 -0.000001 0.000001 -0.000000 0.684527 1.107715 -9.693328 -6.873400 -1.281141 -6.390903 -2.842835 3.957101 2.301546 -0.000002 0.000000 0.000001 
-8.924074 104.753937 -5.678433 0.842301 -0.406722 9.071210 0.724743 -0.616380 0.060115 3.563508 2.586923 -2.883149 -1.179063 -3.323573 -3.108059 -11.833111 8.350472 -4.414843 0.000001 -0.000000 0.000000 4.363381 1.466066 -41.805973 19.036673 -1.045662 -68.200368 54.071298 8.604452 -85.178244 -0.000000 -0.000003 0.000003 8.499998 0.571635 31.222898 24.104086 6.679299 60.603183 44.737811 -14.108418 67.544731 -0.000004 -0.000003 -0.000001 21.668910 -5.236733 -8.260402 -28.298440 2.723217 32.720482 -9.773177 21.411885 14.335416 -0.000000 0.000001 -0.000003 1.516089 1.043770 -9.526750 -7.439720 -1.290177 -6.157162 -2.651016 3.802420 1.940646 0.000001 0.000000 -0.000001 
-8.782393 104.851868 -5.645962 0.881468 -0.236096 8.843422 0.239591 -0.522231 0.072771 3.839673 2.444880 -2.729574 -1.211905 -3.688515 -3.255535 -12.100052 8.447841 -4.529354 -0.000000 -0.000000 0.000000 4.428349 2.426764 -42.039213 19.721423 -0.639794 -67.931477 54.460411 9.656716 -85.149305 -0.000001 -0.000004 0.000002 8.806344 0.946980 31.040314 24.652584 7.003772 60.289165 46.257169 -14.102834 68.152215 -0.000007 -0.000004 0.000000 22.460869 -5.270337 -7.999573 -29.509255 2.869864 32.755999 -9.318467 21.127435 13.720877 -0.000003 -0.000003 -0.000003 1.903995 1.094353 -9.336764 -7.999124 -1.394180 -6.138261 -2.809958 3.792162 1.948187 -0.000000 0.000001 0.000003 
-8.657073 104.948814 -5.622976 2.207754 0.288781 8.673487 -2.584003 -0.033417 0.099992 5.429919 2.090599 -2.543802 -1.440092 -3.801972 -3.506078 -12.370577 8.441684 -4.348983 -0.000000 0.000001 -0.000000 4.737586 3.405752 -41.995463 20.499199 -0.756414 -67.562073 54.878746 11.134962 -86.433114 0.000003 -0.000005 0.000002 9.160914 0.332483 31.014130 25.438129 7.456027 59.954144 47.953450 -14.130540 69.044210 -0.000005 -0.000003 -0.000001 21.933764 -5.088544 -7.723944 -31.091223 3.162109 32.797834 -9.553308 21.053158 14.163577 -0.000000 -0.000002 -0.000004 1.075875 1.350657 -9.198785 -9.040058 -1.721890 -6.093323 -2.665196 3.493868 1.613891 -0.000001 -0.000001 0.000000 
-8.535748 105.041771 -5.604172 2.750243 0.462740 8.610050 -4.175910 0.229667 0.145400 6.048596 1.997010 -2.538845 -1.163932 -3.788907 -3.568433 -12.327570 8.498832 -4.539253 0.000000 -0.000000 -0.000000 5.068162 3.087720 -41.931884 21.251647 -0.383384 -67.625204 55.225580 12.658056 -86.679622 0.000003 0.000001 0.000006 9.545892 0.105002 30.951064 26.101763 7.322683 60.187675 49.531576 -14.426205 69.645007 0.000001 -0.000002 0.000007 22.358952 -4.982589 -7.528658 -32.433888 3.359787 32.676079 -10.092276 20.880923 14.955652 -0.000000 -0.000000 0.000001 0.539821 1.518472 -9.157210 -8.902040 -1.827657 -6.060306 -2.605692 3.344136 1.304795 -0.000001 -0.000002 0.000002 
-8.421791 105.114845 -5.579597 3.238902 0.506209 8.621528 -5.013828 0.358155 0.161303 5.952217 2.026428 -2.526982 -0.937615 -3.776748 -3.631471 -11.859607 8.687507 -4.660718 -0.000000 -0.000000 0.000000 5.303898 2.829646 -41.765036 21.765571 -0.116476 -67.927051 55.349575 13.435575 -86.618950 0.000001 0.000003 0.000004 9.755709 -0.304189 30.824285 26.606782 7.332448 60.398304 50.667808 -14.420252 70.647625 -0.000002 0.000000 0.000002 23.001055 -5.038252 -7.522177 -33.701386 3.383707 32.681431 -10.437027 20.485035 15.449384 -0.000005 -0.000000 -0.000001 0.509210 1.575520 -9.224775 -9.179241 -1.801360 -6.051963 -2.416464 3.264720 1.167466 0.000000 -0.000000 0.000001 
-8.309300 105.176712 -5.559614 3.572890 0.396507 8.726027 -5.406125 0.401613 0.240174 6.318922 2.038337 -2.613921 -1.126259 -3.660302 -3.702847 -11.511700 8.921483 -4.808059 -0.000000 -0.000001 -0.000001 5.385017 2.975091 -41.919203 22.010986 -0.080326 -68.179986 55.100331 14.290485 -87.275795 -0.000001 -0.000003 0.000003 9.902783 -0.027030 30.539620 26.789199 7.676798 60.953544 50.904587 -14.769350 71.088151 -0.000004 -0.000002 0.000002 23.261954 -5.104056 -7.694601 -34.437974 3.533406 32.824574 -10.510339 20.625600 15.598043 0.000001 -0.000001 -0.000002 0.878713 1.486860 -9.419738 -10.124320 -2.046209 -6.170104 -2.389372 3.412724 1.251691 -0.000001 0.000000 0.000001 
-8.201380 105.232559 -5.544161 3.996593 0.225343 8.814994 -5.642244 0.383416 0.479549 5.389058 2.370274 -2.768717 -0.253370 -3.809287 -3.804849 -10.930552 9.230780 -4.887069 -0.000000 -0.000000 -0.000000 5.327386 5.010640 -42.094623 22.236459 0.006983 -68.500896 55.129004 14.554633 -88.502859 -0.000001 -0.000002 0.000003 9.911826 -0.010451 30.200668 26.903852 8.301841 61.704967 50.685007 -15.214530 72.132549 -0.000000 0.000001 0.000004 23.618637 -5.298353 -7.818454 -35.445205 3.639299 32.979309 -10.460686 20.241612 15.659559 -0.000000 -0.000003 -0.000003 1.546708 1.378111 -9.602847 -11.661103 -2.313040 -6.377368 -1.929716 3.756823 1.308667 -0.000001 0.000000 -0.000000 
-8.101002 105.285194 -5.531895 4.291828 0.143646 8.933729 -5.957256 0.430923 0.532551 5.738776 2.335102 -2.809254 -0.542696 -3.274328 -3.918001 -10.509170 9.094247 -4.751253 -0.000000 0.000001 0.000000 5.270607 5.707261 -42.374753 22.422451 0.023524 -68.498533 55.257221 15.168520 -89.393953 0.000005 -0.000001 0.000002 9.824335 -0.554560 30.388502 26.998030 8.746685 62.029565 50.396605 -15.859462 71.793730 -0.000002 0.000000 0.000004 23.435016 -5.375819 -7.986829 -35.884100 3.778295 33.097345 -10.405961 20.189015 15.627490 -0.000001 -0.000002 -0.000004 1.804472 1.331909 -9.758454 -12.364580 -2.468653 -6.520342 -1.965998 4.142786 1.600685 0.000001 -0.000000 -0.000000 
-7.997935 105.330994 -5.521066 4.707676 0.287286 9.120934 -6.293445 0.478777 0.603588 6.025163 2.308399 -2.851114 -0.825314 -3.318642 -4.006408 -10.341684 9.327673 -4.911642 0.000000 0.000002 -0.000001 5.264090 6.223093 -42.429688 22.472625 0.387930 -68.912797 55.009599 15.186533 -89.834719 0.000001 0.000001 0.000003 9.798041 -0.402733 30.300403 26.702201 9.442865 62.062002 49.830256 -15.926142 71.527783 -0.000004 0.000000 0.000002 23.263220 -5.466892 -8.233807 -36.292381 3.735319 33.139200 -10.463817 19.960827 15.729950 -0.000001 -0.000003 -0.000003 2.011897 1.254174 -10.029283 -12.910208 -2.518509 -6.601082 -1.850626 4.257314 1.619974 0.000001 -0.000001 0.000000 
-7.899481 105.378090 -5.526459 4.755231 0.008045 9.410738 -6.865526 0.587798 0.648258 6.446016 2.357785 -3.108224 -0.730448 -3.053288 -3.970433 -10.356141 9.284909 -4.984569 -0.000000 0.000001 -0.000000 5.028557 6.376613 -42.420621 22.308730 1.195272 -69.124690 54.825857 14.513261 -89.954930 0.000002 -0.000001 0.000004 9.477019 -0.691544 30.006869 26.319919 9.351917 62.442047 49.918612 -14.889367 71.478995 -0.000003 0.000000 0.000002 23.185617 -5.589911 -8.571874 -36.647325 3.807556 33.116042 -10.221610 20.093752 15.398759 0.000002 -0.000000 -0.000001 1.690501 1.278271 -10.389839 -12.670620 -2.452080 -6.753528 -1.674245 4.298910 1.551614 -0.000002 0.000001 0.000001 
-7.814273 105.422180 -5.532613 4.623989 0.054481 9.505719 -6.940972 0.590910 0.699308 6.615155 2.339629 -3.145315 -0.849960 -3.228226 -4.050233 -10.324802 9.451416 -5.104341 -0.000000 -0.000001 -0.000000 4.952200 6.487044 -42.314644 22.289308 1.445726 -69.130107 54.947694 14.190876 -89.823647 0.000001 -0.000003 0.000005 9.508168 -0.061174 29.673299 26.071515 9.858742 62.566343 49.681263 -14.929250 71.364630 -0.000004 0.000002 0.000004 22.959454 -5.616666 -8.677967 -36.204828 3.817897 33.075768 -10.381742 20.396473 15.612643 0.000001 -0.000002 0.000000 1.745203 1.242750 -10.517252 -12.585003 -2.470122 -6.772184 -1.731774 4.318431 1.580758 0.000002 -0.000000 0.000001 
-7.735002 105.459564 -5.539935 4.842803 -0.196124 9.626154 -7.005773 0.624965 0.616539 6.716972 2.377373 -3.254159 -0.891018 -3.085994 -3.919192 -10.037603 9.540697 -5.272626 -0.000000 0.000001 -0.000000 4.857411 6.373990 -42.150429 22.261760 1.257940 -69.005975 55.199133 14.077585 -89.785849 0.000003 -0.000004 0.000009 9.508646 0.352523 29.448412 25.703549 10.713657 62.170479 49.910433 -15.195711 72.091062 -0.000002 -0.000002 0.000002 22.687611 -5.635486 -8.748812 -36.193596 3.907723 32.944946 -10.224815 20.470787 15.386084 -0.000005 -0.000000 -0.000001 1.045696 1.439336 -10.629217 -11.819678 -2.364109 -6.767824 -1.967223 4.299514 1.698174 -0.000000 -0.000001 0.000000 
-7.666684 105.477608 -5.540476 5.060745 0.007095 9.651258 -7.182285 0.669922 0.630437 6.004126 2.483041 -3.221757 -0.294427 -3.279141 -3.984514 -9.693384 9.442155 -5.308963 -0.000000 -0.000000 -0.000000 4.844415 6.428914 -41.873540 22.185168 1.024155 -68.999889 55.527088 13.668283 -89.266939 0.000003 0.000001 0.000006 9.448767 0.061220 29.218798 25.549494 11.115376 62.039564 50.454256 -15.009889 72.850647 -0.000001 -0.000001 0.000004 22.446358 -5.552266 -8.788422 -36.161999 3.903945 32.928260 -10.216384 20.337694 15.367678 0.000002 -0.000002 0.000000 1.104068 1.383611 -10.684865 -12.009365 -2.434531 -6.751575 -1.963296 4.222438 1.602919 0.000001 -0.000002 0.000002 
-7.601511 105.499893 -5.543932 4.729649 -0.029497 9.697287 -6.623680 0.576810 0.593273 5.787174 2.527545 -3.203044 -0.158578 -3.137964 -4.015612 -9.432555 9.362189 -5.263380 -0.000000 -0.000000 -0.000000 4.820028 6.197775 -41.825667 22.129097 1.038672 -68.901657 55.611192 13.282253 -89.071841 -0.000001 -0.000001 0.000004 9.368789 -0.135809 29.116656 25.503909 11.084753 61.999055 50.648878 -14.519307 72.736870 -0.000003 0.000000 0.000002 22.648743 -5.608869 -8.844819 -35.936070 3.877336 32.957708 -10.159572 20.414146 15.314870 0.000000 -0.000000 0.000001 1.495727 1.287427 -10.718642 -12.145646 -2.433880 -6.820517 -1.982566 4.288864 1.679203 0.000001 -0.000001 0.000000 
-7.539656 105.511681 -5.541928 4.597559 0.056770 9.531064 -6.284428 0.489304 0.788760 5.745616 2.463872 -3.080378 -0.146748 -3.286078 -4.152344 -9.177155 9.338753 -5.338717 0.000000 -0.000001 -0.000000 4.701069 6.164089 -41.670591 22.160854 1.110092 -69.085683 55.868055 13.029411 -88.858931 0.000006 -0.000003 0.000005 9.248480 -0.324847 28.991462 25.566950 10.746152 62.028534 51.062911 -13.975650 72.516911 -0.000002 -0.000001 0.000002 22.817854 -5.588956 -8.659863 -35.722934 3.865780 32.922133 -10.040560 20.412748 15.125070 -0.000000 0.000002 -0.000001 1.842913 1.254812 -10.596546 -12.255649 -2.432987 -6.740784 -2.069555 4.139758 1.715268 -0.000000 0.000001 -0.000000 
-7.488150 105.524826 -5.544113 4.833659 -0.392692 9.444516 -6.313045 0.481292 0.751794 5.723858 2.454514 -3.113985 -0.253379 -3.136366 -4.009666 -8.695583 9.318612 -5.462119 0.000000 -0.000000 0.000000 4.901186 4.821391 -41.317757 22.356176 1.335377 -69.513335 55.929359 13.042988 -88.018886 0.000001 -0.000002 0.000003 9.389896 0.011588 28.791693 25.661425 10.764125 61.875654 51.493903 -13.834419 72.353697 -0.000005 0.000001 0.000002 22.328957 -5.459634 -8.608934 -35.499102 3.888297 32.867478 -9.627587 20.218977 14.573978 0.000001 -0.000001 -0.000000 1.645647 1.263546 -10.485507 -12.178391 -2.472359 -6.835630 -2.159603 4.606370 1.955905 -0.000001 0.000000 0.000003 
-7.435279 105.533936 -5.543360 4.644819 -0.398706 9.382329 -5.932121 0.422506 0.766087 5.438900 2.431680 -3.047077 0.004576 -3.136026 -4.004822 -8.740643 9.322404 -5.526954 -0.000000 -0.000001 -0.000000 4.704167 5.535454 -41.325530 22.013158 0.886891 -69.363467 56.212549 12.578439 -88.206545 0.000001 0.000001 -0.000000 9.248728 0.053858 28.749653 25.427252 10.650497 61.719502 51.712264 -13.424516 72.446580 -0.000003 0.000000 0.000002 22.255026 -5.421370 -8.600005 -34.945768 3.821573 32.855959 -9.529999 20.480230 14.385111 -0.000000 -0.000001 -0.000002 1.693919 1.228991 -10.423417 -12.010141 -2.420624 -6.807979 -2.235915 4.530529 1.925941 0.000001 0.000000 0.000001 
-7.390971 105.538765 -5.543029 4.706043 -0.495850 9.342782 -6.232953 0.483457 0.714554 5.564907 2.448384 -3.113683 -0.037175 -3.001505 -3.912040 -7.784046 9.100450 -5.439066 0.000000 -0.000001 -0.000000 4.590429 5.917740 -41.248769 21.787649 0.534187 -69.215655 56.580826 11.916323 -88.152334 -0.000002 0.000001 0.000006 9.184973 0.094568 28.672062 25.353736 10.417494 61.641180 51.933128 -12.987736 72.607636 -0.000002 -0.000001 0.000004 22.177320 -5.395778 -8.537177 -35.099550 3.876025 32.851909 -9.371540 20.390980 14.146327 -0.000001 0.000002 -0.000003 1.801126 1.168510 -10.399243 -12.316776 -2.455857 -6.842440 -2.392465 4.663446 2.180960 -0.000001 -0.000000 0.000001 
-7.353562 105.541428 -5.540208 4.849000 -0.424241 9.199760 -6.122417 0.486824 0.653266 5.271418 2.422538 -2.993098 0.280567 -3.114414 -3.909012 -8.098589 9.091023 -5.293867 -0.000000 0.000001 -0.000000 4.577437 6.031612 -40.878047 21.721053 -0.164528 -69.176873 56.974610 11.675126 -88.118313 0.000002 0.000003 0.000004 9.230546 0.155999 28.287165 25.455000 10.636792 61.572742 52.258365 -12.681603 72.094518 -0.000001 0.000002 0.000004 21.520493 -5.271743 -8.347123 -34.488501 3.716635 32.673579 -9.068381 20.578139 13.643501 0.000002 0.000001 -0.000004 1.589549 1.285331 -10.182184 -12.365967 -2.240295 -6.801762 -2.322212 4.346562 2.050469 0.000000 0.000001 0.000002 
-7.320292 105.542084 -5.530334 4.643376 -0.404528 9.143780 -5.742432 0.422830 0.602900 4.599011 2.471085 -2.873806 0.657544 -3.044869 -3.987693 -7.905762 9.005905 -5.280489 0.000000 -0.000002 0.000000 4.751346 4.657947 -40.549197 21.695235 -0.299751 -69.157428 57.034371 11.544236 -87.896359 -0.000001 0.000001 0.000003 9.125334 -0.642570 28.367770 25.475410 10.799484 61.398237 52.543081 -12.266450 71.935791 -0.000004 0.000003 0.000005 21.590844 -5.250315 -8.304854 -34.060200 3.723245 32.697775 -9.151875 20.755070 13.780769 0.000002 -0.000003 -0.000003 1.937530 1.186608 -10.111928 -12.352887 -2.335409 -6.848166 -2.528439 4.617598 2.206718 0.000000 0.000001 -0.000000 
-7.291059 105.530762 -5.517624 4.968875 -0.505773 9.047007 -6.197157 0.512567 0.592428 4.942282 2.340607 -2.791975 0.527190 -2.850540 -4.057299 -7.382171 8.672178 -5.151967 -0.000000 0.000002 -0.000000 4.793526 3.825240 -40.165812 21.769655 -0.003892 -69.344185 57.249659 11.173992 -87.669959 -0.000001 0.000003 0.000004 8.968564 -1.410879 28.365946 25.495983 10.658557 61.438303 52.944816 -11.850032 72.286016 -0.000002 -0.000001 0.000004 21.453308 -5.206002 -8.230183 -34.107198 3.623894 32.691447 -9.116637 20.764701 13.670613 -0.000000 0.000001 -0.000000 1.940733 1.201917 -10.005405 -12.880235 -2.325188 -6.809825 -2.209907 4.555798 2.031387 -0.000001 0.000001 -0.000000 
-7.269156 105.516205 -5.504195 5.253065 -0.784982 8.922051 -6.340661 0.531721 0.576313 4.652248 2.410932 -2.799692 0.865981 -2.344646 -3.979618 -6.966899 8.266769 -4.982966 -0.000000 0.000001 -0.000000 4.943017 3.198795 -39.845575 21.795648 -0.065309 -69.380324 57.448762 10.955484 -87.287591 0.000001 -0.000001 0.000002 8.712613 -3.107551 28.659494 25.481431 10.725570 61.270540 53.394860 -11.255559 72.276317 0.000001 -0.000002 -0.000001 21.726869 -5.152634 -8.020268 -34.748922 3.760405 32.655957 -9.108054 20.416200 13.773053 -0.000003 -0.000001 -0.000000 2.151930 1.164892 -9.833759 -13.479669 -2.481153 -7.014856 -1.839284 4.839034 1.910535 0.000001 0.000000 0.000001 
-7.247154 105.507851 -5.494240 4.939490 -0.719711 8.867816 -5.867920 0.448917 0.542931 4.589078 2.372709 -2.722317 0.719316 -2.031387 -4.041904 -7.295518 8.007995 -4.697055 -0.000001 -0.000000 0.000000 4.994251 2.643176 -39.568631 21.804032 -0.030606 -69.532173 57.318538 10.836589 -87.283254 0.000002 -0.000003 0.000006 8.602514 -3.724082 28.782298 25.489532 10.733939 61.284712 53.339912 -11.248446 72.698512 -0.000002 0.000001 0.000002 22.131346 -5.170418 -7.930509 -34.884532 3.642142 32.605489 -9.119119 20.264316 13.734644 -0.000001 -0.000001 -0.000005 2.614102 1.079646 -9.801085 -13.713174 -2.400228 -6.925124 -1.943852 4.679569 1.928153 -0.000002 0.000000 0.000000 
-7.227733 105.497627 -5.480191 5.089161 -0.573443 8.743879 -6.247681 0.538621 0.449819 4.299015 2.323732 -2.563124 1.154164 -2.515699 -4.040479 -7.679859 7.890147 -4.617036 0.000000 -0.000001 -0.000000 4.922564 3.044634 -39.577852 21.762700 -0.100544 -70.154341 56.469296 11.292146 -86.291237 0.000003 0.000003 0.000004 8.660431 -3.185372 28.797024 25.528122 10.578225 61.794743 52.600345 -11.591733 72.187675 -0.000001 0.000001 0.000002 22.291241 -5.132643 -7.766793 -35.242721 3.688652 32.608617 -9.199222 20.034470 13.857254 -0.000002 -0.000001 -0.000002 2.754629 1.070748 -9.615902 -13.928620 -2.389125 -7.008346 -1.606671 4.624911 1.716840 -0.000001 -0.000001 0.000002 
