HIERARCHY
ROOT Hips
{
	OFFSET -4.241529 102.762794 -1.538050
	CHANNELS 6 Xposition Yposition Zposition Xrotation Yrotation Zrotation
	JOINT Chest
	{
		OFFSET 3.085958 13.276115 0.613050
		CHANNELS 3 Xrotation Yrotation Zrotation
		JOINT Chest2
		{
			OFFSET 5.191101 20.785080 0.315678
			CHANNELS 3 Xrotation Yrotation Zrotation
			JOINT Chest3
			{
				OFFSET 3.798828 14.425476 -0.542805
				CHANNELS 3 Xrotation Yrotation Zrotation
				JOINT Neck
				{
					OFFSET 3.580393 16.900116 0.427489
					CHANNELS 3 Xrotation Yrotation Zrotation
					JOINT Head
					{
						OFFSET 0.289881 10.272736 2.052908
						CHANNELS 3 Xrotation Yrotation Zrotation
						End Site
						{
							OFFSET 0.326827 10.283844 1.990840
						}
					}
				}
				JOINT LeftCollar
				{
					OFFSET 5.653728 12.246033 4.458066
					CHANNELS 3 Xrotation Yrotation Zrotation
					JOINT LeftUpArm
					{
						OFFSET 15.874117 -7.053940 -2.598817
						CHANNELS 3 Xrotation Yrotation Zrotation
						JOINT LeftLowArm
						{
							OFFSET 6.081470 -33.207573 -0.038372
							CHANNELS 3 Xrotation Yrotation Zrotation
							JOINT LeftHand
							{
								OFFSET 7.071857 -28.175980 7.553186
								CHANNELS 3 Xrotation Yrotation Zrotation
								End Site
								{
									OFFSET 1.545589 -6.158028 1.650792
								}
							}
						}
					}
				}
				JOINT RightCollar
				{
					OFFSET -2.085674 13.957428 1.627538
					CHANNELS 3 Xrotation Yrotation Zrotation
					JOINT RightUpArm
					{
						OFFSET -13.239557 -3.218079 -11.083965
						CHANNELS 3 Xrotation Yrotation Zrotation
						JOINT RightLowArm
						{
							OFFSET -19.751104 -20.999603 17.568304
							CHANNELS 3 Xrotation Yrotation Zrotation
							JOINT RightHand
							{
								OFFSET -9.503193 23.244431 16.442032
								CHANNELS 3 Xrotation Yrotation Zrotation
								End Site
								{
									OFFSET -2.077023 5.080292 3.593584
								}
							}
						}
					}
				}
			}
		}
	}
	JOINT LeftUpLeg
	{
		OFFSET 8.598155 -2.213379 4.646702
		CHANNELS 3 Xrotation Yrotation Zrotation
		JOINT LeftLowLeg
		{
			OFFSET 3.447650 -46.130085 10.203884
			CHANNELS 3 Xrotation Yrotation Zrotation
			JOINT LeftFoot
			{
				OFFSET 31.398256 -24.815392 -19.972837
				CHANNELS 3 Xrotation Yrotation Zrotation
				JOINT LeftToe
				{
					OFFSET 11.465652 -20.337471 3.806002
					CHANNELS 3 Xrotation Yrotation Zrotation
					End Site
					{
						OFFSET 4.156746 -15.701137 17.197517
					}
				}
			}
		}
	}
	JOINT RightUpLeg
	{
		OFFSET -8.598203 2.213181 -4.646713
		CHANNELS 3 Xrotation Yrotation Zrotation
		JOINT RightLowLeg
		{
			OFFSET -4.732971 -47.073967 -2.377854
			CHANNELS 3 Xrotation Yrotation Zrotation
			JOINT RightFoot
			{
				OFFSET 10.556734 -39.763245 -17.550520
				CHANNELS 3 Xrotation Yrotation Zrotation
				JOINT RightToe
				{
					OFFSET -3.960088 -16.508091 16.472939
					CHANNELS 3 Xrotation Yrotation Zrotation
					End Site
					{
						OFFSET -8.587068 -2.256449 21.925484
					}
				}
			}
		}
	}
}
MOTION
Frames: 212
Frame Time: 0.033333
-4.690722 105.518616 -1.111725 6.141702 25.613735 13.773993 -3.091080 0.353468 1.625477 -1.134992 1.250806 -1.743702 1.681351 -3.589607 -3.353495 -8.250672 5.541485 -5.962222 -0.000001 0.000003 0.000001 6.588426 -5.833741 -9.660789 -12.310372 -16.116615 -6.904613 -1.877704 -11.700913 -8.587870 0.000000 0.000001 -0.000002 0.425181 -6.841663 5.346345 23.394689 -13.993653 21.528816 62.329376 28.855039 34.333425 -0.000003 0.000001 0.000001 6.929939 -1.426457 -12.387914 -24.884005 11.642688 -38.456571 -10.238272 -21.211614 -14.546949 0.000002 0.000001 -0.000002 -1.797517 0.242124 -9.836022 -10.816369 -2.170126 -11.612245 10.921842 -3.641526 4.827300 -0.000001 -0.000001 0.000002 
-4.697330 105.517754 -1.111725 4.810371 24.725375 13.799619 -0.803302 -0.286188 2.521472 -4.024400 2.304632 -3.247882 3.478046 -4.485302 -2.082385 -7.955595 6.202451 -6.500156 0.000000 0.000004 0.000000 6.760156 -3.457754 -10.154707 -11.943207 -16.065611 -6.550408 -2.103100 -11.969744 -9.434049 0.000004 -0.000004 0.000001 0.796543 -5.580185 5.569091 22.842302 -13.388923 20.825447 62.622576 28.529859 34.500740 0.000001 -0.000002 -0.000001 8.369213 -1.582787 -11.630869 -25.153217 11.891156 -38.683736 -10.949959 -21.285742 -14.606201 -0.000004 0.000002 -0.000003 -0.905284 -0.004024 -9.378582 -10.347826 -2.262136 -11.641793 11.499161 -2.946783 3.957351 -0.000000 -0.000002 0.000002 
-4.697945 105.518677 -1.110479 4.216793 24.432727 13.879023 0.200080 -0.552508 2.931162 -5.923443 2.986450 -4.138855 4.801000 -4.950964 -1.373461 -7.536374 6.265287 -6.549206 -0.000001 0.000002 0.000001 6.796889 -2.457033 -10.255230 -11.760693 -15.905127 -6.481699 -2.354986 -12.027604 -9.924636 0.000002 -0.000001 -0.000001 0.699660 -5.906973 5.419474 22.637542 -13.205737 20.814573 63.194789 28.840392 35.053251 -0.000001 -0.000006 0.000006 9.203291 -1.690310 -11.381770 -25.360677 11.903564 -38.706802 -10.874542 -21.110045 -14.441028 0.000003 0.000003 -0.000002 -0.415041 -0.145540 -9.295291 -10.173202 -2.256758 -11.592181 11.562502 -2.649495 3.565191 0.000000 -0.000001 0.000001 
-4.697675 105.515862 -1.109250 3.694165 24.498044 13.890128 0.676104 -0.668456 3.135697 -6.082304 3.051191 -4.225127 4.602076 -5.167777 -1.470318 -7.547001 6.284964 -6.551181 -0.000000 0.000002 0.000001 6.802304 -2.184262 -10.413218 -11.440848 -15.743617 -6.373276 -2.565943 -12.184561 -9.904636 0.000001 -0.000006 0.000001 0.870053 -5.313568 5.493628 22.917726 -13.459975 21.008856 63.256308 28.856211 34.654659 -0.000003 -0.000001 -0.000000 9.697999 -1.702894 -11.128054 -25.233926 11.905740 -38.673918 -11.191199 -21.332060 -14.711683 0.000001 0.000000 -0.000000 0.275991 -0.379279 -8.983136 -10.478590 -2.241526 -11.730566 11.694355 -2.722649 3.787862 -0.000000 -0.000001 0.000003 
-4.697937 105.513763 -1.115498 5.164835 25.274541 13.684213 -1.588176 -0.060349 2.283868 -3.987274 2.028478 -2.829151 3.408592 -4.706531 -2.628429 -8.151298 5.862031 -6.304577 -0.000001 0.000000 0.000000 6.620396 -4.443068 -9.871278 -11.869948 -16.076653 -6.770154 -2.072663 -12.339760 -8.943917 0.000002 -0.000001 -0.000002 0.561598 -6.460080 5.442518 23.273948 -13.725624 21.469387 63.638423 29.114296 34.342826 -0.000000 -0.000002 0.000003 8.278165 -1.541327 -11.674992 -25.507977 11.909533 -38.545749 -10.578910 -21.367951 -14.696641 -0.000000 0.000001 -0.000001 -0.653831 -0.110806 -9.244841 -11.240336 -2.241010 -11.931529 11.217177 -3.321341 4.511312 0.000002 -0.000002 0.000002 
-4.694673 105.514694 -1.120029 4.213117 24.603870 13.832036 -0.261700 -0.407575 2.741239 -5.827769 2.782781 -3.850844 4.583368 -5.212678 -1.844953 -7.862771 6.147970 -6.457596 -0.000001 0.000002 0.000001 6.801599 -2.885826 -10.306860 -11.459131 -15.814058 -6.421776 -2.563154 -12.382758 -9.488372 -0.000003 -0.000005 0.000002 0.693074 -6.163994 5.291455 23.137172 -13.524531 21.575284 64.001823 29.379891 34.738486 0.000001 -0.000001 0.000004 9.523550 -1.662003 -11.269845 -25.863575 11.952261 -38.811163 -10.890163 -21.341310 -14.756402 0.000001 0.000002 -0.000002 0.107751 -0.340790 -9.139295 -11.295525 -2.192377 -11.900233 11.701524 -3.273188 4.608374 -0.000001 -0.000001 0.000000 
-4.679959 105.508331 -1.120354 5.459555 25.175382 13.807568 -1.846607 0.023345 2.106476 -4.427496 2.222458 -3.026302 3.813889 -4.876201 -2.534677 -8.364776 5.929799 -6.236986 -0.000001 0.000002 0.000001 6.702752 -4.530527 -9.690126 -11.955856 -16.194520 -6.907159 -2.353655 -12.428004 -8.952492 -0.000000 -0.000006 0.000001 0.792795 -6.496003 5.092082 23.542293 -13.594882 22.048781 63.910039 29.525603 34.391188 -0.000003 -0.000002 -0.000000 8.547973 -1.595697 -11.743322 -26.134998 11.919869 -38.892637 -10.344219 -21.470788 -14.803224 0.000001 0.000001 -0.000002 -0.498016 -0.141451 -9.420612 -11.742318 -2.138610 -12.065182 11.564387 -3.598336 5.069812 -0.000000 -0.000004 -0.000000 
-4.667402 105.498558 -1.123587 4.692132 24.402304 13.963489 -0.680949 -0.288383 2.400100 -5.224648 2.704151 -3.726516 4.179726 -5.086094 -1.880669 -8.315153 6.318761 -6.528571 -0.000001 0.000002 0.000001 6.716440 -2.714561 -9.916342 -11.729591 -15.966247 -6.775644 -2.646144 -12.365312 -9.759250 0.000003 -0.000004 0.000003 0.829682 -6.191782 4.924674 23.717221 -13.784013 22.447287 63.626135 30.057986 34.225743 0.000001 -0.000005 0.000003 9.516404 -1.752128 -11.421784 -26.075564 11.925673 -39.090634 -11.238164 -21.373793 -14.871711 0.000001 -0.000001 -0.000000 0.108416 -0.307819 -9.294800 -11.431504 -2.009035 -12.145486 12.298923 -3.172572 4.803576 0.000001 -0.000001 0.000000 
-4.655532 105.489014 -1.123881 4.391345 24.633709 13.955209 -0.117218 -0.447848 2.649727 -6.148576 3.029596 -4.113398 4.588826 -5.703455 -1.683036 -7.957980 6.404458 -6.502351 -0.000002 0.000005 0.000001 6.869545 -1.960228 -9.921505 -11.488246 -16.050724 -6.742860 -3.169722 -12.707651 -9.764531 0.000002 -0.000007 0.000002 1.172515 -5.662754 4.971189 24.152608 -13.849347 22.664595 63.551673 29.939622 33.484494 -0.000001 -0.000004 0.000002 9.723503 -1.739363 -11.306053 -26.009639 11.946419 -38.930477 -11.202690 -21.879393 -15.282120 -0.000000 0.000002 -0.000002 0.404901 -0.427774 -9.135370 -11.747155 -2.078629 -12.313458 12.305135 -3.536718 5.294559 -0.000000 0.000003 -0.000000 
-4.642032 105.483688 -1.127906 4.545315 24.345851 13.968410 0.106904 -0.494573 2.637391 -6.983591 3.310122 -4.454050 5.392001 -5.517922 -1.205084 -8.249165 6.541544 -6.711041 -0.000001 0.000002 0.000001 6.836844 -1.684903 -9.963131 -11.413771 -16.013331 -6.518157 -3.709575 -12.672922 -10.319565 0.000003 -0.000001 -0.000001 0.892757 -6.129774 5.170454 24.178238 -13.964805 22.449133 63.383513 30.177196 33.455725 -0.000000 -0.000003 0.000002 9.700660 -1.807321 -11.274517 -26.028968 12.013720 -39.132339 -11.201074 -21.595310 -15.066871 0.000000 0.000001 -0.000002 0.338230 -0.337042 -9.200976 -11.755398 -1.982563 -12.358982 12.781821 -3.372353 5.297926 -0.000001 -0.000001 -0.000000 
-4.621087 105.478676 -1.129400 4.374726 24.208318 13.891150 0.470749 -0.621229 2.912419 -7.163902 3.393387 -4.548298 5.413990 -5.320639 -1.205899 -8.416538 6.398124 -6.656655 -0.000001 0.000002 0.000001 6.966480 -1.917322 -9.794128 -11.507969 -16.313087 -6.572826 -3.749392 -13.015079 -10.100900 -0.000000 -0.000000 0.000001 0.984661 -6.354466 5.287275 24.059756 -13.519587 22.261419 63.330504 29.649021 33.061001 -0.000001 0.000000 -0.000001 10.146826 -1.811738 -11.039820 -26.135121 12.127481 -39.131171 -11.061867 -21.644048 -15.030864 -0.000004 0.000002 -0.000000 0.631336 -0.432702 -9.056658 -11.869804 -2.131075 -12.391950 12.885354 -3.332089 5.108798 0.000000 -0.000001 0.000002 
-4.597884 105.471970 -1.132956 4.471617 24.073360 13.780497 0.469821 -0.641529 3.007324 -7.441185 3.517414 -4.680173 5.694748 -5.328750 -0.981479 -8.641216 6.553868 -6.770140 -0.000000 -0.000002 -0.000000 7.110618 -1.450891 -9.689587 -11.679093 -16.589355 -6.685148 -3.922961 -13.270065 -10.263837 0.000000 -0.000004 -0.000000 1.212050 -6.220325 5.337817 24.231375 -13.433612 22.148864 63.399407 29.391373 32.654578 0.000003 -0.000003 0.000001 10.100177 -1.762155 -11.033838 -26.056127 12.109664 -39.046173 -10.902962 -21.467174 -14.822081 -0.000001 0.000001 -0.000001 0.620763 -0.445416 -9.043312 -11.946140 -2.173656 -12.386208 13.215103 -3.278373 5.057055 -0.000000 -0.000001 0.000000 
-4.571980 105.460915 -1.133981 4.651997 24.292256 13.723091 0.113062 -0.549971 2.967705 -7.177607 3.377814 -4.506779 5.471087 -5.504185 -1.159159 -8.827408 6.512974 -6.808765 -0.000000 0.000002 0.000001 7.078804 -1.561550 -9.732284 -11.571752 -16.444601 -6.505721 -4.087417 -13.242989 -10.411651 -0.000001 0.000002 0.000002 1.084489 -6.603724 5.320223 24.222206 -13.495499 22.079802 63.665252 29.432791 32.625648 0.000000 -0.000002 -0.000000 9.810098 -1.683173 -11.184880 -25.726799 12.087514 -38.725513 -10.919193 -21.760488 -15.007633 -0.000006 0.000000 -0.000001 0.369567 -0.412230 -9.177594 -11.823191 -2.330781 -12.257705 13.241119 -3.294617 5.004982 -0.000001 -0.000002 0.000000 
-4.544401 105.443695 -1.130431 4.787336 24.336276 13.866075 -0.051358 -0.502701 2.737566 -6.808157 3.326561 -4.453151 5.362293 -5.417139 -1.096964 -9.173648 6.506599 -6.864555 -0.000001 -0.000000 0.000001 7.093846 -1.664508 -9.737430 -11.868814 -16.705034 -6.522050 -4.147931 -13.342516 -10.337543 0.000000 0.000001 0.000001 1.306182 -5.874702 5.505480 24.178223 -13.413195 21.925691 63.378958 28.961706 32.513934 0.000001 -0.000002 0.000002 9.841065 -1.774710 -11.329229 -25.844920 12.171101 -38.686034 -10.689127 -21.764616 -14.909389 -0.000001 -0.000001 0.000001 0.313447 -0.330081 -9.396908 -11.625475 -2.400595 -12.168702 12.930713 -3.282329 4.829208 0.000000 -0.000001 0.000000 
-4.518428 105.436165 -1.135218 4.705391 24.405753 13.919318 -0.014503 -0.511947 2.768234 -6.637095 3.267910 -4.392429 5.249957 -5.294979 -1.212591 -8.960047 6.304019 -6.755236 -0.000000 0.000002 0.000000 7.000537 -1.786912 -9.806077 -11.838582 -16.582962 -6.346351 -4.170018 -13.287866 -10.495425 -0.000001 0.000001 -0.000001 1.126135 -5.921520 5.786337 24.012029 -13.522955 21.667582 63.391703 28.871626 32.646675 -0.000001 -0.000002 0.000001 9.866829 -1.807935 -11.390843 -25.809454 12.261739 -38.574354 -10.795333 -22.086904 -15.172140 0.000002 -0.000001 0.000002 0.472099 -0.369570 -9.500370 -11.664137 -2.524922 -12.005586 12.983930 -3.301636 4.879739 -0.000001 -0.000001 0.000002 
-4.493969 105.425209 -1.130413 4.272596 24.338455 13.957422 0.456708 -0.638339 2.968027 -6.667086 3.284060 -4.377706 5.092156 -5.315806 -1.297798 -8.924801 6.199582 -6.598871 -0.000001 0.000000 0.000001 7.159793 -1.702386 -9.864490 -12.047385 -16.896105 -6.492532 -4.434561 -13.495636 -10.063824 -0.000000 0.000001 0.000001 1.182412 -6.096120 5.791061 23.556395 -12.838053 21.243736 63.582525 28.703764 32.654427 -0.000001 0.000001 0.000000 10.104471 -1.820191 -11.299196 -25.574412 12.194650 -38.609946 -11.259242 -22.205355 -15.355891 -0.000003 0.000002 -0.000002 0.594975 -0.390635 -9.554184 -11.166570 -2.569360 -11.585729 12.666792 -3.289209 4.686584 -0.000001 0.000001 0.000001 
-4.480746 105.410149 -1.126902 3.890644 24.137385 13.925753 1.009351 -0.785313 3.276260 -6.335808 3.240718 -4.354645 4.537941 -5.187003 -1.489318 -8.959867 6.043341 -6.498817 -0.000001 0.000000 0.000001 7.165061 -1.893936 -9.958513 -12.380141 -16.848676 -6.519952 -3.960827 -12.902660 -9.885773 0.000000 -0.000004 0.000001 1.222239 -5.459858 5.875313 23.209968 -12.847649 20.954168 62.967220 29.075586 33.166405 -0.000001 0.000000 0.000005 10.109053 -1.849927 -11.112294 -24.873753 12.000656 -38.687940 -11.778958 -22.061183 -15.327551 -0.000000 0.000001 -0.000002 0.625727 -0.367126 -9.428735 -10.794240 -2.456605 -11.458423 12.600330 -3.314355 4.652867 0.000000 0.000001 -0.000000 
-4.469666 105.395813 -1.124672 5.851787 25.006641 13.840891 -1.677116 -0.065577 2.288952 -3.811865 2.144638 -2.898485 3.053609 -5.084923 -2.744467 -9.625926 5.849234 -6.282864 -0.000000 0.000002 0.000001 6.774712 -4.072759 -9.698944 -12.652051 -16.632402 -6.593641 -3.537122 -12.276355 -9.159142 0.000000 -0.000004 -0.000000 1.028485 -5.342181 5.534769 22.779355 -13.079776 20.907580 62.897559 29.844167 33.771850 -0.000002 0.000003 0.000002 8.048438 -1.737197 -11.993631 -25.120816 11.843825 -38.660028 -10.469784 -21.665410 -14.774976 -0.000000 0.000000 0.000001 -0.988375 0.153669 -10.109601 -10.900091 -2.409517 -11.279522 11.833198 -3.587272 4.948210 -0.000002 -0.000001 0.000001 
-4.469741 105.384171 -1.127023 5.828413 25.151565 13.967933 -1.880173 -0.005194 2.183310 -2.797355 1.738903 -2.388765 2.051298 -5.731857 -3.291273 -10.919608 6.593373 -6.813599 -0.000001 0.000004 0.000001 6.473197 -4.251984 -9.727757 -12.203962 -16.036140 -6.338243 -3.287106 -11.859674 -9.163694 -0.000000 -0.000002 -0.000000 1.458795 -3.531833 5.179834 22.591744 -13.711211 20.458370 62.722413 31.378220 33.302131 -0.000000 -0.000001 0.000005 7.592453 -1.658925 -12.170706 -24.808627 11.877091 -38.528093 -10.339362 -21.812322 -14.892150 0.000001 0.000004 -0.000003 -1.195550 0.120109 -10.289728 -10.734990 -2.470025 -11.132177 11.303033 -3.147172 4.360750 0.000000 -0.000004 -0.000000 
-4.492615 105.382011 -1.126036 6.071624 25.158112 14.113883 -2.510874 0.207649 1.659751 -2.043941 1.433885 -2.031448 1.460806 -5.719413 -3.541960 -11.142573 6.545300 -7.027526 -0.000001 0.000000 0.000000 6.398250 -4.689784 -9.766855 -12.412614 -15.879153 -6.334705 -2.198921 -11.248189 -8.697916 0.000001 -0.000006 -0.000001 1.475448 -3.260916 4.838352 22.487624 -14.271553 19.575481 63.310123 33.607529 32.892326 0.000002 0.000000 0.000001 7.210514 -1.515017 -12.197404 -24.803911 11.879741 -38.793258 -9.749823 -21.728218 -14.758355 -0.000003 0.000003 -0.000004 -1.609045 0.168111 -10.514772 -10.502192 -2.572759 -11.021794 11.537440 -2.999393 3.911321 0.000001 -0.000001 0.000002 
-4.521072 105.384857 -1.121322 5.694534 25.049517 14.287449 -2.233620 0.170666 1.576454 -1.682720 1.382357 -1.993679 1.229241 -5.703243 -3.562747 -11.110601 6.487296 -7.038500 0.000000 -0.000002 -0.000000 6.235248 -4.845295 -9.942904 -12.185536 -15.530252 -6.110097 -2.627099 -10.953253 -8.589011 0.000001 -0.000001 -0.000001 1.420883 -2.988660 4.625227 22.512309 -15.130238 18.680190 63.599586 36.028671 31.956228 -0.000002 0.000000 0.000001 7.480907 -1.564990 -12.101543 -24.733686 11.805303 -38.896493 -9.693765 -21.876766 -14.922510 -0.000002 0.000002 -0.000002 -1.442847 0.128159 -10.581689 -10.387160 -2.482593 -10.868813 11.526232 -2.866842 3.794267 -0.000000 -0.000002 0.000000 
-4.572874 105.397072 -1.122468 5.201530 25.056624 14.589941 -1.807322 0.074175 1.481408 -1.182932 1.379577 -1.954733 0.774548 -5.583360 -3.658450 -11.032382 6.635420 -6.818413 0.000001 0.000002 0.000001 6.147159 -4.989708 -10.181847 -12.268694 -15.235925 -5.673726 -2.565237 -10.289391 -8.675003 0.000002 -0.000006 0.000001 1.545363 -2.763107 3.838513 22.720600 -16.512739 17.644470 63.928440 40.067536 30.385128 0.000000 -0.000002 -0.000003 7.374227 -1.654295 -12.127935 -24.344391 11.619901 -38.987966 -9.762646 -21.899791 -14.923637 -0.000000 0.000001 -0.000002 -1.486260 0.204745 -10.750364 -9.871829 -2.286163 -10.626489 11.341937 -2.639183 3.754946 0.000001 -0.000001 -0.000000 
-4.662743 105.425217 -1.120282 5.002953 24.734033 14.704359 -1.823872 0.100432 1.302044 -0.585520 1.266870 -1.777102 0.399648 -5.461001 -3.803305 -10.616754 6.788936 -6.706902 -0.000001 0.000004 0.000000 5.943393 -3.981844 -10.631271 -12.651156 -15.259531 -5.255060 -1.801952 -10.026887 -8.850055 0.000001 0.000002 0.000002 1.698694 -2.179669 3.054953 22.837007 -18.179356 16.049690 64.859941 44.653349 27.488551 0.000001 -0.000001 -0.000002 6.994375 -1.648877 -11.912565 -23.897392 11.653429 -39.156785 -9.595769 -22.000470 -15.003421 -0.000003 -0.000002 0.000003 -1.622418 0.290817 -10.632780 -9.538005 -2.119633 -10.603144 11.282159 -2.432015 4.000741 0.000000 -0.000002 0.000002 
-4.757454 105.455429 -1.110632 4.927683 24.417861 14.817057 -1.580633 0.036076 1.345876 -0.864170 1.419567 -2.007428 0.815964 -4.745265 -3.686720 -10.728631 6.708184 -6.552372 -0.000001 0.000003 0.000001 5.887480 -4.051813 -10.486416 -12.401974 -15.061318 -5.108117 -2.901484 -9.955175 -8.909731 0.000004 -0.000002 0.000001 1.101095 -4.081860 2.524970 22.342003 -18.538564 14.199795 66.108786 48.614227 24.927882 0.000002 -0.000001 -0.000002 6.577683 -1.606370 -11.804530 -23.107782 11.343436 -39.296541 -10.075641 -22.086904 -15.270428 -0.000003 0.000002 -0.000002 -1.394366 0.308637 -10.547250 -9.667815 -1.820266 -10.600363 11.596470 -2.315180 4.146705 0.000000 0.000001 -0.000000 
-4.885721 105.526825 -1.104404 4.554685 23.728272 14.828337 -1.313613 -0.050626 1.492927 0.161931 1.300383 -1.864161 0.283160 -3.952314 -3.864733 -9.862324 6.322451 -6.235523 -0.000001 0.000000 0.000000 5.959936 -4.691376 -10.390319 -11.408347 -14.503203 -4.409130 -4.177545 -10.337208 -8.295253 0.000004 -0.000006 0.000001 0.907178 -5.166107 1.925235 21.706558 -19.103805 11.670405 68.344000 52.824587 20.782874 0.000003 -0.000004 -0.000000 5.315191 -1.403088 -11.648161 -20.697408 10.789052 -38.928018 -9.198696 -21.923191 -15.095766 0.000005 0.000002 -0.000002 -1.191544 0.375255 -10.362098 -9.642526 -1.584545 -10.508005 12.301994 -1.781954 3.631362 -0.000000 0.000003 0.000001 
-5.042657 105.653488 -1.096569 4.312719 23.217570 14.774300 -1.461509 -0.059162 1.638986 0.471830 1.292562 -1.913193 0.159841 -3.561321 -3.944513 -8.289943 6.051550 -5.892153 -0.000001 0.000002 0.000000 6.010659 -4.777083 -10.616099 -10.630935 -13.564837 -3.586273 -3.949369 -9.796760 -7.994831 0.000003 -0.000004 0.000001 1.004341 -5.259374 1.113631 20.687429 -19.888927 9.177387 70.686283 56.904997 16.536590 0.000005 -0.000002 -0.000003 3.895953 -1.057223 -11.215053 -18.085977 10.255915 -38.219983 -6.833556 -22.615503 -15.311710 -0.000000 0.000000 -0.000000 -1.011083 0.225460 -10.087568 -10.161518 -1.536419 -10.685437 13.459880 -1.202721 3.227798 -0.000002 0.000001 -0.000001 
-5.199055 105.799904 -1.083797 3.476969 22.705436 14.732706 -0.739830 -0.308598 2.123578 0.657438 1.281210 -1.945426 -0.242013 -3.259553 -4.135060 -7.205389 5.913502 -5.701107 -0.000000 0.000000 -0.000000 6.212478 -4.706295 -10.465390 -10.321861 -13.067532 -3.319535 -4.008986 -9.523848 -7.779464 0.000001 0.000001 0.000001 1.131509 -5.530157 0.684512 20.500885 -20.979414 7.653242 73.271203 60.328288 11.736620 0.000001 0.000000 0.000003 2.880071 -0.768500 -10.878114 -15.446123 9.672814 -37.434628 -5.094315 -23.264763 -15.532417 -0.000000 0.000000 -0.000000 -0.541253 -0.032450 -9.677600 -9.868566 -1.492794 -10.687184 14.265052 -0.387007 2.151786 0.000000 -0.000002 0.000000 
-5.363677 105.986931 -1.071560 3.407643 22.404093 14.956817 -0.427285 -0.391911 2.271535 -0.078262 1.445438 -2.350212 0.783482 -3.645966 -3.715781 -8.192214 6.499472 -6.595723 0.000000 0.000002 0.000001 6.105872 -5.405882 -10.155389 -9.864219 -12.836202 -3.229234 -4.754298 -10.260600 -6.541285 0.000001 0.000000 0.000003 2.047553 -4.116499 -0.132251 21.526055 -23.256261 6.859772 75.062488 62.336555 3.862470 0.000001 -0.000002 0.000002 2.123207 -0.335382 -10.511875 -13.629751 9.347082 -36.289581 -2.530966 -24.411663 -16.035648 0.000001 0.000001 -0.000002 -1.039150 -0.052383 -10.098777 -9.537407 -1.608673 -10.649665 15.785822 -0.191753 2.216294 -0.000001 -0.000002 -0.000000 
-5.535719 106.200554 -1.060272 2.642876 22.181967 15.114017 0.429272 -0.627739 2.676270 -0.053448 1.382817 -2.443196 0.600106 -3.406062 -3.757511 -6.901381 6.253801 -6.787721 -0.000001 0.000005 0.000001 6.253076 -6.401424 -9.837206 -8.843101 -12.724455 -2.826329 -5.452208 -11.457210 -5.278918 0.000000 -0.000000 0.000001 2.566669 -4.106221 -0.542657 22.762239 -25.463785 5.655909 76.948372 63.764023 -5.126055 0.000002 -0.000001 -0.000001 1.160592 0.211083 -9.728953 -11.488721 8.905908 -35.285485 -3.776908 -23.480032 -15.822640 0.000003 0.000003 -0.000002 -1.121501 -0.080330 -10.237148 -9.167379 -1.523633 -10.354599 15.863869 -0.163907 2.009879 0.000000 0.000001 0.000001 
-5.707730 106.419899 -1.055377 2.551287 22.334119 15.322640 0.501192 -0.636447 2.559274 0.362945 1.232094 -2.355843 -0.017997 -3.534119 -3.902759 -5.897910 5.995219 -6.577414 -0.000001 0.000002 0.000001 6.733798 -4.875973 -10.071911 -8.620120 -12.966621 -2.236932 -5.165535 -12.164079 -5.250362 0.000004 -0.000008 0.000002 3.175917 -3.856718 -0.835854 23.360319 -26.614339 4.613323 76.638684 64.062632 -11.320904 0.000003 0.000001 -0.000002 -0.046771 0.752854 -9.348882 -10.775563 8.301963 -34.791266 -5.067037 -21.202179 -14.602777 0.000001 0.000003 -0.000002 -1.240440 -0.090942 -10.413839 -9.553900 -1.215043 -10.345421 15.599402 -0.548270 2.487367 -0.000001 -0.000002 0.000000 
-5.882558 106.640022 -1.050953 2.118522 22.406915 15.711949 0.614281 -0.600797 2.266694 0.474321 1.006867 -2.183104 -0.203859 -3.590545 -4.093660 -5.156218 5.490221 -6.428087 0.000000 0.000004 0.000000 6.385895 -5.937524 -9.766592 -7.434127 -11.706565 -1.927060 -6.294831 -12.177134 -4.681225 0.000003 -0.000006 -0.000000 3.030401 -4.345678 -1.399308 23.062861 -27.838313 3.567928 75.958424 64.842264 -16.863001 0.000001 -0.000002 -0.000004 -1.366503 1.221729 -8.249742 -10.304728 8.487145 -35.054631 -8.667791 -16.945903 -11.915452 0.000001 -0.000001 -0.000000 -0.655645 -0.335418 -10.415851 -9.901845 -1.130981 -10.501046 15.466277 -0.123103 1.889012 0.000001 -0.000004 0.000002 
-6.059230 106.867981 -1.050337 1.506334 22.423339 15.909080 0.578797 -0.554256 2.245178 1.473481 0.650876 -1.708637 -1.258483 -3.471497 -4.792482 -4.348323 5.065186 -6.086663 -0.000001 0.000005 0.000001 6.588876 -6.270794 -9.833532 -6.944675 -11.110497 -1.441733 -5.414872 -11.644221 -3.757290 0.000003 -0.000004 0.000002 3.025937 -4.469365 -1.687705 22.886781 -28.573760 2.610896 71.602273 64.876244 -19.080031 0.000000 -0.000004 -0.000000 -2.635966 1.592342 -6.618299 -9.279732 8.173250 -35.072239 -11.953485 -12.139315 -8.330575 0.000003 0.000003 -0.000004 0.117469 -0.632153 -10.095055 -10.353640 -1.011830 -10.691333 15.247328 0.273707 0.855816 -0.000001 0.000001 -0.000001 
-6.222770 107.083168 -1.045554 1.346547 22.623395 16.085428 0.556620 -0.528590 2.310827 1.289675 0.615991 -1.638976 -1.197370 -4.066407 -5.069523 -3.897290 5.077470 -6.045924 -0.000001 -0.000000 0.000001 6.426386 -6.087441 -9.745008 -6.711223 -10.639047 -1.413623 -5.347094 -11.240962 -3.129819 0.000003 -0.000004 -0.000000 3.154863 -4.064773 -2.130188 23.242838 -29.735884 2.783928 68.071325 65.306990 -20.996382 -0.000001 -0.000002 0.000001 -3.123263 1.647896 -5.309328 -9.477219 8.070012 -35.168419 -14.018339 -8.883881 -5.664840 -0.000003 0.000001 -0.000001 0.348920 -0.588075 -10.156733 -10.607558 -0.781157 -10.581499 14.682941 0.341129 0.881634 -0.000000 -0.000002 0.000001 
-6.374016 107.302490 -1.039153 -0.122488 22.026990 16.612396 2.238685 -0.910782 2.559026 0.689629 0.860676 -2.051128 -1.216342 -3.848865 -4.991315 -3.482363 4.617042 -6.029985 -0.000000 0.000000 0.000000 6.401730 -5.627249 -9.984392 -6.307350 -10.128196 -0.994268 -4.606928 -10.554234 -2.495792 0.000003 -0.000005 0.000002 2.361242 -5.726493 -2.670553 22.688355 -29.443685 2.140960 64.384601 65.733761 -22.008495 0.000000 -0.000004 -0.000003 -0.931494 1.554082 -2.929948 -11.826952 8.498711 -36.402309 -14.617737 -6.305541 -3.394340 0.000006 0.000000 -0.000002 1.514850 -0.896539 -10.327274 -10.282322 -0.984946 -10.496636 15.236902 0.612579 0.129084 -0.000001 -0.000001 0.000002 
-6.520551 107.516052 -1.031147 -1.297348 21.245556 16.801413 3.323333 -1.174645 2.840262 0.203741 0.995491 -2.349646 -0.916622 -3.512929 -4.888126 -3.036666 4.362176 -5.855996 0.000000 0.000004 0.000000 6.414081 -5.963285 -9.819092 -5.759393 -9.249506 -0.627788 -4.363853 -9.683704 -1.925977 0.000000 -0.000003 0.000004 1.583691 -7.462121 -3.136186 22.517438 -30.009372 2.006670 62.445947 67.047623 -24.479355 -0.000001 -0.000003 0.000000 -1.148093 1.716965 -1.220607 -10.302123 8.055202 -35.880828 -13.019253 -5.495627 -2.889823 0.000005 0.000002 -0.000003 2.327472 -1.155563 -10.195209 -9.700605 -0.731987 -10.453202 16.015819 0.845600 -0.137526 0.000001 0.000001 -0.000001 
-6.654732 107.717789 -1.025309 -1.835430 21.043173 16.986061 3.479937 -1.193231 2.731403 -0.119641 1.053001 -2.533263 -0.687921 -3.803979 -4.739286 -2.706794 4.463123 -5.839197 -0.000000 0.000002 -0.000000 6.207629 -5.258402 -9.788597 -5.066707 -8.208236 -0.306719 -3.952403 -8.940782 -2.057408 0.000001 -0.000000 0.000001 1.435346 -7.440829 -3.734364 21.835293 -30.189976 1.714419 59.175338 67.347188 -24.272819 -0.000000 -0.000004 -0.000000 -0.848300 1.825967 -0.091560 -10.544058 7.759466 -35.553344 -11.170104 -5.140403 -2.767780 0.000003 0.000003 -0.000000 3.053065 -1.403401 -10.099950 -10.056343 -0.534733 -10.576762 16.625241 0.856899 0.113894 0.000000 -0.000001 0.000000 
-6.784496 107.912201 -1.012421 -1.954599 20.024081 17.267326 3.633484 -1.196644 2.465516 0.266601 1.169993 -2.812568 -1.009103 -3.612775 -4.603907 -2.203162 4.374277 -5.952528 -0.000000 0.000000 -0.000000 6.046230 -5.092191 -9.501986 -5.132644 -8.136372 -0.127265 -3.334077 -8.743355 -1.392233 0.000001 -0.000006 0.000001 1.352271 -7.547665 -4.222827 19.929063 -28.341788 0.318607 48.958092 63.748526 -17.516800 -0.000002 -0.000003 -0.000003 -0.626135 1.909779 0.788331 -11.260223 7.757135 -35.300501 -9.071908 -4.358682 -2.275396 0.000005 0.000002 -0.000000 3.150299 -1.461335 -10.441524 -9.661248 -0.665279 -10.524222 17.248325 1.344169 -0.716819 0.000001 0.000001 0.000000 
-6.890869 108.119690 -1.002588 -0.736945 18.513544 17.428327 1.682706 -0.633077 1.539284 0.553911 1.377935 -3.229395 -0.233693 -3.440153 -4.044947 -2.269964 4.240731 -6.086081 -0.000001 0.000000 0.000000 5.756700 -4.264037 -9.411627 -4.277443 -7.139119 0.358681 -2.536552 -8.107884 -0.884093 0.000003 -0.000005 0.000002 1.040148 -8.229059 -5.077813 19.540792 -27.814088 1.012964 40.122539 59.281104 -12.503092 -0.000001 -0.000002 0.000001 -1.447368 2.026029 1.175212 -11.967348 7.923340 -35.400597 -6.643407 -3.478131 -1.787220 0.000001 0.000000 0.000001 2.017942 -1.145733 -11.094183 -9.767119 -0.714678 -10.730274 18.324411 1.269705 -0.464261 0.000001 -0.000001 0.000001 
-6.977622 108.315567 -0.985719 -1.239740 17.791345 17.421349 2.301091 -0.762159 1.666700 0.019260 1.528187 -3.488870 -0.054888 -3.370079 -3.929366 -2.129343 3.946848 -6.045140 -0.000001 0.000002 0.000001 5.316308 -3.792830 -9.289179 -3.486908 -5.932026 0.709267 -2.043255 -7.244087 -1.012924 0.000000 -0.000001 -0.000000 0.286886 -9.316457 -5.749952 19.450062 -27.622451 2.422339 32.610923 54.261157 -8.617791 0.000003 0.000001 -0.000002 -0.773826 2.060014 1.637435 -13.058120 7.957486 -35.160058 -4.958998 -3.505762 -1.869597 0.000003 -0.000003 0.000001 2.552329 -1.368413 -10.898507 -10.065470 -0.809635 -10.982802 18.628590 1.026801 -0.162573 -0.000000 -0.000001 0.000001 
-7.052071 108.506317 -0.975726 -1.920958 16.731346 17.435719 3.179544 -0.976595 1.698296 -1.280295 1.827190 -3.860227 0.706464 -3.561007 -3.640903 -1.757842 4.051539 -6.220653 -0.000001 -0.000002 0.000000 5.124358 -3.076931 -9.121513 -3.297572 -5.489355 0.903793 -1.188598 -6.476090 -0.494703 0.000001 -0.000002 0.000001 -0.025194 -9.702784 -5.953585 18.296188 -25.511793 2.970803 27.073782 48.463676 -5.503189 0.000003 -0.000003 0.000001 -0.222054 2.009357 1.942623 -13.334784 7.954625 -34.960767 -3.849970 -3.515128 -1.949583 0.000001 -0.000001 0.000001 3.397856 -1.588138 -10.554136 -10.082089 -0.783245 -11.217694 18.540349 0.631876 0.358803 -0.000001 -0.000002 0.000000 
-7.096836 108.679840 -0.960796 -2.182597 15.512505 17.423862 2.828719 -0.904424 1.423768 -0.862995 1.817367 -3.927629 0.226475 -3.128516 -3.650536 -1.565429 4.116198 -6.131809 -0.000001 0.000003 0.000001 4.964054 -2.809482 -8.982967 -3.039057 -5.091072 1.448333 -0.613834 -5.998057 -0.107645 0.000002 0.000001 -0.000001 0.055554 -9.442952 -6.085471 16.683294 -23.224352 2.939722 24.178663 42.812517 -2.712054 -0.000004 -0.000000 -0.000001 0.439342 1.998910 1.905736 -13.982453 7.896844 -34.809656 -3.365498 -3.160606 -1.787500 -0.000002 -0.000002 -0.000001 3.818139 -1.753276 -10.321372 -10.545373 -0.759278 -11.435793 18.253756 -0.148064 1.872731 0.000001 -0.000002 -0.000001 
-7.126843 108.830040 -0.942218 -2.014862 14.630842 17.505920 2.398790 -0.775852 0.977233 -1.151752 2.025399 -4.286931 0.650131 -2.518636 -3.210136 -1.420216 3.881990 -5.930360 0.000000 0.000002 0.000000 4.828583 -3.250031 -8.712755 -3.011866 -4.828990 1.717541 -1.827334 -5.949803 -0.093393 0.000002 -0.000004 -0.000000 -0.078039 -9.548305 -6.021796 15.417074 -21.445778 2.741403 22.415091 38.258266 -0.579174 -0.000004 -0.000003 -0.000003 0.766828 1.869046 1.593698 -14.735539 7.718340 -34.719583 -3.407555 -2.679353 -1.572827 -0.000001 0.000001 -0.000001 3.814398 -1.708360 -10.219144 -10.843414 -0.629339 -11.677786 17.691377 -0.954747 3.150441 -0.000000 -0.000001 -0.000001 
-7.126915 108.935257 -0.925499 -1.749951 13.355443 17.463790 1.917786 -0.654838 0.819878 -0.685224 2.052989 -4.382677 0.603502 -1.920245 -3.144627 -1.766321 3.886143 -6.055494 0.000000 0.000003 0.000001 4.555164 -2.626945 -8.407527 -2.967095 -4.407713 2.058428 -2.820997 -5.524515 -0.491721 0.000001 -0.000004 0.000001 0.030771 -8.857372 -6.188460 13.866802 -19.375773 2.438690 21.074542 33.927752 1.900014 -0.000005 -0.000003 0.000000 0.829919 1.653626 1.126825 -14.538614 7.572293 -34.132105 -4.313783 -2.510784 -1.350497 0.000001 0.000001 -0.000002 4.024921 -1.672765 -9.926264 -11.247931 -0.568010 -11.903945 16.270158 -1.527239 3.734435 -0.000000 -0.000001 -0.000000 
-7.094786 108.981407 -0.901758 -1.782967 12.012430 17.531588 2.012255 -0.629179 0.631709 -1.617245 2.309567 -4.754012 1.628889 -1.405137 -2.859000 -1.488508 3.702594 -5.819024 0.000000 0.000005 0.000001 3.961288 -2.185843 -8.410929 -2.457920 -3.200838 2.810418 -2.991181 -4.739870 -0.754087 0.000001 -0.000004 -0.000000 0.025558 -8.066445 -6.695789 12.018851 -17.982862 2.268782 20.711393 30.803986 4.171045 -0.000002 -0.000002 -0.000001 1.275134 1.482902 0.513685 -13.865118 7.334529 -33.412131 -5.111007 -2.027989 -1.025197 0.000001 0.000000 -0.000002 4.388972 -1.741751 -9.704295 -11.074532 -0.256642 -12.036532 14.774807 -1.575408 3.900022 -0.000000 -0.000002 -0.000001 
-7.060966 109.006836 -0.895553 -0.596931 11.733293 17.431379 0.169949 -0.078305 0.233218 -1.319859 2.140261 -4.529810 2.403116 -2.488067 -2.812379 -3.005065 4.148005 -6.507993 -0.000001 0.000000 0.000000 3.601495 0.453243 -8.448475 -2.764293 -2.615139 3.205890 -2.417859 -3.750935 -1.384968 0.000001 -0.000005 0.000003 0.766608 -5.780715 -7.072818 11.064692 -17.979703 2.104313 19.500965 27.758205 5.707429 -0.000002 -0.000003 -0.000002 -0.294278 1.419441 -0.101541 -12.269649 7.051520 -32.579869 -5.762716 -2.059310 -1.066988 -0.000001 0.000001 -0.000002 3.587558 -1.451886 -9.691857 -11.485287 -0.039299 -12.138165 13.390903 -2.443064 5.026382 -0.000000 -0.000002 0.000001 
-6.999546 108.984421 -0.886896 -0.144780 11.101550 17.408639 -0.391677 0.104083 0.058115 -0.974670 2.071930 -4.459707 2.505727 -1.914651 -2.892663 -2.379688 3.774025 -6.202713 -0.000001 -0.000000 0.000001 3.045605 -0.618543 -8.467577 -2.876890 -1.979210 3.715754 -3.273455 -2.922779 -1.449512 0.000002 -0.000004 0.000001 0.240563 -6.143147 -7.658511 10.004782 -17.458100 1.950952 19.035071 26.399325 7.230320 -0.000000 -0.000004 -0.000000 -0.991668 1.225933 -0.877924 -11.233751 6.791213 -31.297303 -6.093910 -2.025709 -1.037176 -0.000004 0.000002 -0.000000 3.164251 -1.247668 -10.095013 -11.209518 -0.006334 -11.766972 12.635602 -2.460483 5.057034 -0.000001 -0.000002 -0.000000 
-6.939396 108.920326 -0.877073 0.221248 10.089506 17.093083 -1.350993 0.382829 -0.094134 0.017332 1.945965 -4.370065 2.050083 -1.407358 -2.957944 -2.279155 3.647693 -6.046820 0.000000 -0.000002 0.000000 2.766094 -1.638776 -8.212154 -2.434817 -1.204801 4.093270 -4.346388 -2.383909 -1.210547 0.000001 -0.000004 0.000002 0.077735 -6.255807 -8.013834 8.681868 -15.963610 1.394289 18.987777 24.492495 8.856559 -0.000002 -0.000002 -0.000001 -1.586996 1.194766 -1.176160 -9.866888 6.277286 -30.205200 -6.583333 -1.406801 -0.649889 -0.000002 0.000003 -0.000002 2.660275 -1.043340 -10.182916 -10.908582 0.202852 -11.310115 12.062569 -1.833325 4.141076 0.000000 -0.000002 0.000002 
-6.878813 108.840462 -0.875341 0.354571 9.284064 16.863297 -1.557388 0.451321 -0.147513 -0.177296 2.062808 -4.472474 2.532047 -1.223606 -2.823290 -2.131102 3.647956 -6.001505 -0.000001 -0.000002 0.000000 2.518985 -1.082653 -7.984500 -2.046442 -0.794597 4.362887 -4.406275 -2.124564 -1.181766 0.000002 -0.000003 0.000002 0.077047 -6.198042 -8.323547 7.784548 -14.679846 1.167019 18.896531 22.621370 9.903725 -0.000003 -0.000001 -0.000002 -1.826924 1.062317 -1.454920 -9.130879 6.012317 -29.136593 -6.690223 -1.254617 -0.460153 0.000000 0.000000 -0.000000 2.788774 -0.981096 -10.111062 -11.251263 0.307093 -11.281167 11.631420 -1.469742 3.729998 -0.000000 -0.000004 0.000002 
-6.812679 108.728882 -0.869856 0.302790 7.954797 16.561773 -1.482225 0.453507 -0.167575 -1.304186 2.316448 -4.908092 3.497204 -0.689311 -2.494892 -1.563853 3.284630 -6.033961 -0.000001 0.000003 0.000001 2.286153 -0.773480 -7.966981 -1.655423 0.123169 4.965985 -4.455117 -1.793768 -1.325157 0.000002 -0.000004 -0.000000 -0.074920 -6.154519 -8.553722 7.070132 -14.215380 1.390929 18.813686 21.588293 10.456898 -0.000002 -0.000002 -0.000002 -1.668372 1.072256 -2.083913 -8.600783 5.618310 -27.421294 -6.759784 -1.321454 -0.535661 0.000002 0.000003 -0.000005 2.784690 -1.065214 -10.092556 -10.936444 0.199556 -11.109508 11.904078 -0.968361 2.860239 -0.000000 -0.000004 0.000001 
-6.741449 108.579155 -0.863177 -0.148289 6.741570 15.925153 -1.084072 0.298525 0.113479 -0.675766 2.264439 -4.820255 2.796464 -0.369561 -2.654311 -0.833441 3.405461 -5.898136 0.000000 0.000005 0.000001 2.228353 0.764099 -7.973641 -2.051605 -0.025477 5.306730 -3.349264 -1.289503 -1.257648 0.000001 -0.000006 0.000000 -0.063755 -5.929112 -8.553221 6.611638 -13.647336 1.450178 18.073674 20.323817 10.685509 -0.000002 -0.000002 0.000001 -1.381403 0.843752 -2.397958 -7.473790 5.284449 -25.544467 -7.361002 -1.473503 -0.578704 -0.000003 0.000002 -0.000003 3.330611 -1.121432 -9.580612 -10.507487 0.162806 -10.766486 11.115187 -0.353271 2.051393 -0.000000 -0.000001 0.000000 
-6.677794 108.425842 -0.866189 -0.962395 6.144302 15.264926 0.178378 -0.054748 0.515144 -1.711358 2.336504 -4.824353 2.965462 -0.582302 -2.690444 -1.548268 3.645151 -6.100962 0.000000 0.000003 0.000001 1.882591 1.784380 -7.790739 -1.808290 0.523267 5.387627 -3.176363 -0.936306 -1.533261 0.000001 -0.000002 -0.000000 0.275539 -4.692713 -8.491316 6.261165 -13.655793 1.719590 17.698448 19.482384 10.936052 -0.000002 -0.000003 -0.000001 -0.852949 0.750463 -2.429680 -6.292052 5.066901 -23.910453 -7.276484 -1.750540 -0.725052 0.000001 0.000002 -0.000003 4.110261 -1.326821 -8.968533 -10.370747 0.151339 -10.439913 10.335858 -0.490990 2.309960 0.000001 -0.000002 0.000002 
-6.618290 108.246841 -0.873329 -1.627738 5.950985 14.417766 1.480558 -0.389585 0.682653 -2.485421 2.365960 -4.731808 2.839984 -0.757662 -2.434572 -1.772772 3.707258 -6.049475 -0.000001 0.000004 0.000000 1.735300 2.534701 -7.420663 -1.677637 0.533458 5.122719 -2.477952 -0.812009 -1.423110 0.000004 -0.000004 0.000002 1.159892 -2.695705 -8.067163 5.523436 -12.642146 1.023802 16.903762 15.462211 11.127316 -0.000000 -0.000001 -0.000000 -0.227950 0.700397 -2.464723 -5.821473 4.607427 -21.957439 -7.076739 -1.956507 -0.902486 0.000000 0.000002 -0.000002 4.610512 -1.466298 -8.196955 -10.212744 0.093200 -9.942921 9.534753 -0.904338 2.741324 0.000000 -0.000004 -0.000000 
-6.559708 108.032539 -0.886597 -1.945457 5.912210 13.368185 1.820817 -0.467819 0.750611 -2.543343 2.148660 -4.336549 2.365899 -0.718461 -2.453661 -0.480965 3.267171 -5.373252 0.000000 0.000002 0.000000 1.361575 1.600268 -6.906601 -1.259118 0.962929 4.881699 -2.508671 -0.707349 -1.385893 0.000003 -0.000004 -0.000000 1.279792 -2.031166 -7.864229 5.409799 -12.535179 1.473652 15.822304 13.650893 10.501482 -0.000001 -0.000002 0.000001 -0.281725 0.702380 -2.145634 -4.940523 4.163551 -20.241704 -7.129138 -1.988398 -0.984645 0.000001 0.000001 -0.000004 4.630473 -1.443228 -7.322748 -9.384903 0.153185 -9.185722 8.328393 -0.833451 2.529485 0.000000 -0.000004 -0.000000 
-6.502024 107.816292 -0.893490 -2.046688 5.969877 12.503990 1.869942 -0.486600 0.874030 -3.278480 2.044132 -4.087138 3.162464 -0.239078 -2.382954 -0.304926 2.564610 -4.793002 0.000001 0.000002 0.000001 1.167577 0.296553 -6.343462 -0.497632 1.430602 4.585141 -1.455445 -0.668977 -1.004391 0.000002 -0.000006 0.000001 0.907464 -2.615964 -7.460608 5.240836 -11.881279 1.783065 15.316993 13.013788 9.850816 -0.000001 -0.000003 0.000000 -0.209868 0.821937 -1.813568 -4.541263 3.812588 -18.922488 -6.877724 -2.000587 -1.097439 0.000001 0.000002 -0.000000 4.643309 -1.480523 -6.549135 -8.794667 0.178736 -8.742398 7.583585 -0.828762 2.312673 -0.000000 -0.000004 -0.000000 
-6.450104 107.569115 -0.900738 -1.668019 5.541686 11.476091 1.843492 -0.491115 0.775513 -5.139347 2.154341 -3.986459 4.809225 -0.032579 -1.981261 -0.001154 2.174109 -4.199517 -0.000000 0.000000 0.000001 1.271846 -0.299385 -5.834050 -0.394255 0.983465 4.121322 -1.803727 -0.897222 -0.467124 0.000001 -0.000009 0.000003 0.571628 -3.415763 -6.908461 4.358155 -9.246739 1.476958 14.977712 10.947431 9.699478 0.000001 -0.000001 0.000000 -0.649259 0.852241 -1.392199 -3.552158 3.453592 -17.549736 -6.938241 -1.967056 -0.950456 0.000001 0.000000 -0.000000 4.299203 -1.355227 -5.732125 -8.177327 0.125777 -8.239804 7.142871 -0.118973 1.068244 -0.000000 -0.000001 0.000000 
-6.390295 107.291519 -0.907918 -1.626063 5.182063 10.394061 2.394251 -0.618597 0.683255 -5.962768 2.033553 -3.663385 5.289922 -0.126384 -1.688474 0.119862 1.889155 -4.031869 -0.000000 0.000003 0.000001 1.023588 -0.548710 -5.282817 -0.209461 1.045264 3.632205 -2.396706 -0.939583 -0.414711 0.000004 0.000000 0.000003 0.103835 -3.865180 -6.329836 3.362894 -7.167429 1.747460 14.067896 9.680665 9.326973 -0.000000 -0.000002 -0.000001 -1.201175 0.829991 -0.955989 -2.292597 3.309610 -15.954999 -6.526417 -2.159338 -1.018186 0.000001 0.000002 -0.000003 4.090801 -1.239560 -4.898961 -7.346765 0.060239 -7.559993 6.437860 0.208037 0.384960 0.000000 -0.000001 0.000001 
-6.329271 107.008842 -0.919617 -1.095717 4.682541 9.515364 2.238096 -0.591788 0.743938 -6.683620 2.001284 -3.471905 5.960973 0.056719 -1.433734 -0.305986 1.676085 -3.929573 -0.000000 0.000004 0.000001 1.012987 -0.996432 -4.705233 -0.103952 0.751426 2.999332 -2.863280 -1.124466 -0.150305 0.000001 -0.000004 0.000001 0.015610 -4.152619 -5.890014 2.722137 -5.316481 1.662749 13.231512 8.091683 8.927432 -0.000001 -0.000001 0.000000 -1.780678 0.820718 -0.554145 -1.480789 3.210180 -14.828727 -6.178573 -2.101604 -1.041268 0.000008 0.000003 -0.000004 3.455459 -0.990291 -4.337174 -6.701418 0.044918 -7.003002 5.803533 0.408827 -0.019152 -0.000001 0.000003 0.000001 
-6.251630 106.693314 -0.941263 -0.819385 4.350746 8.489876 2.387321 -0.690499 0.867926 -4.701495 1.620903 -2.940402 3.528830 -0.110965 -1.631660 -0.368957 1.763409 -3.400512 0.000000 0.000004 0.000000 1.217158 -0.384812 -4.346304 -0.108970 0.289580 2.517203 -2.159014 -1.150779 0.401516 0.000003 -0.000002 0.000000 0.266543 -3.849014 -5.257682 2.309160 -4.001655 1.520243 11.572156 5.989558 7.941116 -0.000001 -0.000004 0.000000 -1.548696 0.778890 -0.370530 -1.690729 2.551148 -13.051823 -5.361417 -2.256504 -1.270527 0.000004 -0.000001 0.000001 2.905151 -0.814276 -3.726646 -6.070390 0.143563 -6.190281 4.756311 0.189552 0.342914 -0.000000 -0.000002 -0.000000 
-6.150671 106.358582 -0.971596 -0.224711 3.975456 7.280431 1.834161 -0.562732 1.211173 -4.306800 1.258351 -2.266282 2.747144 -0.806744 -1.864203 -0.153163 2.209985 -3.283619 -0.000000 0.000004 0.000000 0.912437 1.206651 -3.982098 0.032952 0.332087 2.124147 -2.007668 -0.889761 -0.082579 0.000001 -0.000000 0.000000 0.372221 -2.946778 -4.650050 1.603334 -2.844799 1.402055 10.533080 5.338204 7.465725 -0.000000 -0.000002 0.000001 -1.733648 0.653830 -0.256395 -1.535835 2.073965 -10.921645 -4.412399 -2.647774 -1.617407 0.000003 0.000003 -0.000003 2.022448 -0.565898 -2.986514 -5.529896 0.255291 -5.456613 3.874845 0.359815 0.489029 0.000000 -0.000004 0.000001 
-6.048115 106.034416 -1.005111 -0.149972 3.616712 6.557799 1.694776 -0.526413 1.195484 -4.362687 1.072824 -1.902963 2.457012 -1.143297 -1.810497 0.262906 2.302098 -3.181649 -0.000001 0.000000 0.000000 0.815961 2.046131 -3.729594 0.281451 0.451441 1.874779 -1.339641 -0.577767 -0.246503 0.000003 -0.000004 -0.000000 0.336300 -2.660219 -4.234951 1.793260 -2.835807 1.384278 9.305820 5.063026 6.556292 -0.000000 -0.000001 -0.000002 -1.528247 0.478437 -0.395887 -1.852625 1.656917 -9.407597 -3.236386 -2.344506 -1.443609 0.000000 0.000000 -0.000002 1.689723 -0.429078 -2.506669 -5.268583 0.224393 -5.102482 3.491686 0.429311 0.349246 0.000001 -0.000002 0.000002 
-5.930680 105.706024 -1.040091 -0.154246 3.031943 5.559818 1.443077 -0.468155 1.279313 -3.804966 0.912731 -1.646875 1.881277 -1.129616 -1.526116 1.047492 2.283546 -2.877965 -0.000000 0.000003 0.000001 0.624987 3.000441 -3.212701 0.897474 0.783397 1.481344 -0.777847 -0.583531 -0.554348 0.000001 0.000002 0.000002 0.364208 -2.200139 -3.763975 1.119489 -1.643903 1.112177 8.783739 4.425528 6.165727 0.000003 -0.000001 -0.000002 -1.448534 0.374919 -0.527990 -1.883729 1.198523 -7.586743 -2.145903 -1.924802 -1.271501 0.000000 0.000001 -0.000001 1.370115 -0.375055 -1.776597 -4.743827 0.171029 -4.712878 2.673110 0.248714 0.475198 0.000000 0.000001 0.000000 
-5.796640 105.373863 -1.077372 1.401879 1.567747 4.744262 -1.274682 0.242914 1.079317 -2.042246 0.652755 -1.253052 1.384104 -0.892348 -1.405665 1.238113 2.059064 -2.425368 -0.000000 0.000002 0.000000 0.734990 3.439051 -2.963959 0.552933 0.200819 1.327844 -0.671015 -1.049741 -0.386643 0.000000 -0.000001 -0.000000 0.404782 -1.979160 -3.118272 1.023745 -1.162188 0.748258 7.148652 2.714026 4.662840 -0.000001 -0.000002 -0.000000 -2.620315 0.390101 -0.608122 -1.793325 1.001865 -6.379918 -1.361302 -0.975102 -0.628487 0.000005 0.000002 -0.000003 -0.433487 0.014920 -1.416189 -3.955804 0.083233 -4.420191 2.705728 0.532970 0.064643 0.000001 -0.000004 0.000001 
-5.657562 105.057762 -1.117365 1.730377 1.091878 4.108916 -1.491033 0.297932 1.140466 -2.219526 0.612281 -1.055815 1.550023 -0.923506 -1.305824 1.287343 2.016051 -2.103785 0.000001 0.000004 0.000000 0.626795 3.471538 -2.863382 0.399942 0.126811 1.282943 -1.089144 -0.886019 -0.530739 0.000001 -0.000004 0.000004 0.266261 -1.722676 -2.764612 0.625797 -0.620609 0.613946 6.117359 2.446066 4.213131 -0.000000 -0.000004 -0.000002 -2.721940 0.199218 -0.662263 -1.701077 0.857071 -5.274422 -0.650668 -0.727742 -0.446063 -0.000001 0.000000 -0.000000 -0.740985 0.156724 -1.189492 -3.474544 0.028642 -3.909824 2.637745 0.772511 -0.048533 0.000002 -0.000006 0.000001 
-5.502746 104.735565 -1.156612 2.471113 0.587195 3.486377 -2.654185 0.618501 1.100022 -0.825715 0.419480 -0.846179 0.605954 -0.690081 -1.277879 1.490119 1.625646 -1.690845 -0.000001 0.000002 0.000000 0.399630 3.251131 -2.359572 0.453740 0.363565 1.074434 -0.476428 -0.712934 -0.648981 0.000001 -0.000004 0.000002 0.159817 -1.539209 -2.450812 0.193894 -0.418089 0.853609 4.989344 1.917853 3.302637 -0.000002 -0.000002 0.000001 -3.044775 0.293760 -0.734878 -1.612875 0.581049 -4.139062 -0.001089 -0.417890 -0.403078 0.000001 0.000001 -0.000000 -1.529249 0.243523 -1.136643 -2.809515 -0.010581 -3.131980 2.321991 0.919118 -0.291164 0.000001 -0.000006 0.000003 
-5.329410 104.411369 -1.195087 1.409032 -0.164557 3.154186 -0.488603 0.079021 0.700091 -4.257654 0.630784 -1.002186 3.446319 0.713895 -0.729626 1.418889 0.844639 -1.143868 -0.000001 -0.000000 0.000001 0.405291 0.947521 -1.659928 0.635664 0.194433 0.424356 0.744994 -0.732384 0.098930 0.000001 -0.000002 0.000001 0.048865 -1.880177 -2.052009 0.155827 0.150979 0.249687 4.272202 0.734225 2.570594 -0.000004 -0.000002 0.000001 -1.444618 0.176831 -0.779072 -1.102859 0.822327 -3.608785 -0.330467 -0.311950 -0.177271 0.000003 0.000002 -0.000000 -0.431377 0.049628 -1.350971 -2.338217 -0.286804 -2.702813 2.426287 0.824343 -0.537124 0.000000 -0.000001 0.000001 
-5.158234 104.103966 -1.246632 1.039771 -0.271174 2.788838 -0.865517 0.168625 0.518655 -2.009444 0.558293 -0.926571 2.232362 0.848792 -0.536784 -0.103745 0.219878 -0.670070 -0.000001 0.000002 -0.000000 0.501678 0.304159 -1.305015 -0.132751 -0.625533 0.105475 0.161929 -0.818681 0.353678 0.000001 -0.000002 0.000000 0.039745 -1.955729 -1.821656 0.194873 0.548069 -0.284478 3.441987 -0.291530 2.166026 -0.000001 -0.000000 -0.000000 -0.777635 0.010528 -0.723811 -1.066542 0.706785 -3.134988 0.727952 0.266389 0.156560 0.000001 0.000002 0.000002 -0.006260 0.049800 -1.304550 -2.236452 -0.369328 -2.325196 2.225583 0.929967 -0.801251 -0.000000 -0.000004 -0.000000 
-4.984437 103.809822 -1.299093 0.373815 -0.278191 2.256333 -0.436662 0.068027 0.301909 -1.022382 0.461662 -0.794405 1.183363 0.539748 -0.294173 0.167836 0.336858 -0.630298 -0.000000 0.000000 0.000000 0.524637 0.579278 -0.834732 -0.076937 -0.614806 -0.098488 -0.910050 -1.016197 0.270956 0.000002 0.000000 0.000002 0.769318 0.145856 -1.284784 0.361683 0.113576 -1.263144 2.455450 -2.306623 1.828619 -0.000001 -0.000003 0.000001 0.127638 -0.061369 -0.511070 -0.903968 0.453530 -2.635044 1.406315 0.645531 0.289496 0.000001 -0.000001 0.000002 0.596488 -0.059262 -0.992530 -1.909512 -0.299498 -2.026913 2.048462 0.864371 -0.886893 -0.000000 -0.000001 0.000001 
-4.800884 103.519318 -1.355939 0.327801 0.081783 1.586601 -0.146382 0.015182 0.227842 -1.164815 0.320279 -0.545085 1.159898 0.161948 -0.218431 -0.397313 0.001971 -0.469442 0.000002 0.000002 0.000001 0.236424 -0.192829 -0.611430 -0.103817 -0.317480 -0.106374 -1.447700 -0.649307 0.333431 0.000003 -0.000004 0.000001 0.889407 1.379037 -0.847274 0.324006 -0.312400 -1.519908 1.329613 -3.136706 1.355702 0.000001 -0.000001 -0.000002 -0.043381 -0.064594 -0.325674 -0.741887 0.309956 -1.640712 1.317035 0.073285 0.018446 0.000002 0.000001 -0.000003 0.169735 0.030209 -0.675060 -0.941747 -0.255335 -1.293874 1.114147 0.656172 -0.805209 0.000001 -0.000004 0.000002 
-4.623356 103.256805 -1.416722 0.243524 -0.050114 1.043702 -0.464836 0.114187 0.209822 -0.294114 0.171274 -0.303385 0.627303 -0.050557 -0.159540 -0.145807 0.081953 -0.423990 0.000000 0.000000 0.000000 0.054521 -0.037216 -0.500765 0.169825 0.166779 -0.031096 -1.645215 -0.277042 0.062318 0.000002 -0.000001 -0.000003 0.569075 1.368256 -0.486609 0.172892 -0.471650 -1.285561 0.821806 -1.667028 1.190566 0.000003 -0.000001 0.000000 0.047401 -0.125831 -0.117816 -0.567855 0.219766 -1.208834 0.644373 -0.085475 -0.016185 -0.000002 -0.000003 0.000001 0.189767 0.047536 -0.308894 -0.563535 -0.138605 -1.061455 0.909568 0.819692 -0.953118 0.000000 -0.000002 0.000002 
-4.438023 103.002373 -1.479221 0.374939 -0.068219 0.605236 -0.672025 0.182791 -0.003692 0.158077 0.061620 -0.141739 0.304199 0.115329 -0.030145 -0.394934 -0.069327 -0.222263 -0.000001 -0.000002 0.000000 0.043858 -0.240582 -0.289701 0.567083 0.560689 0.134474 -0.617926 -0.018984 -0.162879 0.000000 -0.000000 0.000000 0.140217 0.365617 -0.284033 0.059466 -0.258875 -0.493605 0.266456 -0.676862 0.478141 0.000003 -0.000000 -0.000000 -0.108946 -0.016400 -0.126384 -0.300329 0.108916 -0.648376 0.484497 0.022183 0.013281 0.000001 0.000000 -0.000000 -0.154044 0.042835 -0.194042 -0.228692 -0.092070 -0.632253 0.599214 0.747144 -0.951715 -0.000000 -0.000001 0.000000 
-4.241331 102.762558 -1.538110 -0.000376 0.000069 -0.000606 0.000672 -0.000183 0.000006 -0.000151 -0.000063 0.000145 -0.000307 -0.000113 0.000030 0.000396 0.000067 0.000223 -0.000001 0.000004 0.000000 -0.000045 0.000239 0.000290 -0.000560 -0.000555 -0.000133 0.000627 0.000021 0.000168 0.000003 -0.000004 0.000001 -0.000147 -0.000362 0.000291 -0.000061 0.000259 0.000491 -0.000263 0.000676 -0.000482 -0.000002 -0.000002 -0.000001 0.000104 0.000015 0.000125 0.000304 -0.000102 0.000641 -0.000485 -0.000024 -0.000015 0.000002 -0.000001 -0.000001 0.000152 -0.000041 0.000194 0.000226 0.000090 0.000635 -0.000591 -0.000749 0.000949 -0.000000 -0.000001 0.000001 
-4.051661 102.540436 -1.596886 -0.083540 -0.139707 -0.366531 -0.069830 0.030770 -0.044009 -0.230535 -0.089355 0.112893 0.189521 0.179026 0.026237 0.824447 0.035333 0.113613 0.000001 0.000000 0.000001 -0.028235 -0.164150 0.221108 0.137144 -0.016674 -0.005063 0.733467 -0.165347 -0.004880 0.000001 -0.000004 0.000001 -0.116271 -0.362684 0.150705 0.120229 -0.028388 0.515391 0.075436 0.737613 -0.516537 0.000001 -0.000001 -0.000001 0.041061 0.105573 -0.099892 0.124965 -0.124685 0.582908 0.464608 0.278195 0.097027 0.000001 0.000000 0.000001 -0.320639 -0.010880 0.052867 0.614609 0.114661 0.416200 -0.074205 -0.009198 0.037567 0.000000 -0.000001 0.000001 
-3.857827 102.324265 -1.653325 -0.217417 -0.102893 -0.774030 0.242479 -0.042445 -0.159735 0.000209 -0.230340 0.384141 -0.083725 0.099401 -0.090038 1.001790 -0.268278 0.347076 -0.000001 0.000000 0.000001 0.065622 -0.645935 0.490373 -0.784095 -0.971485 -0.178527 0.917328 -0.509940 0.507186 0.000000 -0.000005 0.000005 -0.069295 -0.497007 0.453873 0.141815 0.513571 0.791719 -0.099641 0.453807 -1.124155 -0.000000 -0.000001 -0.000002 -0.047702 0.173766 -0.045994 0.273870 -0.171718 1.184440 0.944319 0.221971 0.029281 0.000003 0.000002 0.000002 -0.406375 0.006438 0.219482 1.095671 0.053081 0.609822 -0.123307 0.245835 -0.428520 0.000000 -0.000001 0.000002 
-3.664281 102.119591 -1.714054 -0.571961 -0.151283 -1.129383 0.956835 -0.243335 -0.354089 -2.670125 -0.167106 0.441476 1.939424 0.077147 0.092171 1.619777 -0.115023 0.376231 -0.000001 0.000000 0.000000 0.173633 -0.545023 0.812114 -0.912555 -1.518765 -0.405235 0.889099 -0.906716 0.643912 0.000000 -0.000004 0.000001 0.235356 -0.092954 0.687201 0.667379 0.465744 0.958338 -0.273710 0.566516 -1.524713 -0.000003 -0.000003 -0.000003 0.233034 0.054779 -0.047469 0.600363 -0.149697 1.633786 1.096764 0.423194 0.168325 -0.000003 0.000003 -0.000003 -0.176803 0.052288 0.191199 1.523688 0.028378 1.005264 -0.918423 -0.080359 -0.307556 0.000000 -0.000001 0.000001 
-3.476115 101.926666 -1.783073 -0.533824 -0.526837 -1.334961 0.547604 -0.128458 -0.533866 -1.836523 -0.147564 0.397780 1.444179 0.244643 0.312415 1.692528 -0.093259 0.365647 -0.000001 0.000002 -0.000000 0.207261 -0.489570 0.967112 -0.390243 -1.220453 -0.309422 1.121254 -0.945468 0.436714 0.000002 -0.000000 0.000000 0.329845 0.161881 0.917567 0.678055 0.722560 0.898531 -0.689090 0.003647 -1.842886 -0.000003 -0.000002 -0.000001 0.208731 0.038447 0.006580 0.922138 -0.021721 1.666983 1.424968 0.703779 0.380336 0.000003 0.000003 -0.000003 -0.379984 0.105135 0.185712 1.691061 -0.018555 1.075376 -0.958978 -0.500609 0.058666 0.000001 -0.000004 -0.000000 
-3.281395 101.747841 -1.851032 -1.123796 -0.349840 -1.816767 1.351867 -0.369744 -0.466995 -3.129431 -0.192935 0.567067 2.177513 0.320769 0.314080 1.886201 -0.217303 0.520461 -0.000000 0.000003 0.000001 0.305242 -0.333160 1.166828 -0.156163 -1.219136 -0.444576 1.195580 -1.016800 0.490636 0.000001 -0.000002 0.000001 0.238415 -0.223622 1.235641 1.239364 0.318067 1.525752 -1.883302 0.337918 -3.043764 -0.000001 -0.000001 -0.000002 0.519108 0.023067 0.137623 1.323261 -0.030755 2.062185 1.526602 0.879763 0.426429 0.000003 0.000003 -0.000002 -0.003957 0.069909 0.375639 2.020938 0.056291 1.391545 -1.152370 -0.247094 -0.320289 0.000001 -0.000002 0.000002 
-3.075862 101.573997 -1.917004 -1.115406 -0.355448 -2.063355 1.394707 -0.381953 -0.599031 -3.088644 -0.186488 0.529339 2.008748 0.568947 0.534119 2.089789 -0.537941 0.668516 -0.000001 0.000002 -0.000000 0.464947 -0.388967 1.229396 -0.045186 -1.287299 -0.355506 1.100064 -1.385440 0.359176 0.000001 0.000000 0.000002 0.008692 -1.092330 1.399077 1.646010 0.109254 2.133753 -2.033448 1.863470 -3.801735 -0.000001 -0.000001 -0.000001 0.121289 0.121429 -0.083189 1.812632 0.050487 2.548639 0.792776 0.631877 0.351532 0.000005 0.000002 -0.000002 -0.407566 0.093152 0.319325 2.660908 0.019237 1.659771 -1.186102 -0.316872 -0.462803 0.000000 -0.000002 0.000000 
-2.876239 101.403206 -1.974727 -1.204568 -0.224244 -2.258368 1.741180 -0.471279 -0.585900 -4.520301 -0.275135 0.712965 3.170486 0.562256 0.397350 2.460572 -0.588152 0.818967 -0.000000 0.000000 -0.000000 0.429521 0.008569 1.384969 0.348019 -0.999322 -0.314450 1.016230 -1.478264 0.067003 0.000001 -0.000007 0.000003 0.032748 -1.051713 1.473921 1.699070 0.118996 2.474252 -2.269984 2.139838 -4.163510 0.000001 -0.000003 -0.000001 0.047059 0.176522 -0.229215 2.337764 0.239092 2.875531 0.514978 0.677245 0.464473 0.000003 0.000003 -0.000000 -0.280874 -0.016957 0.431664 2.695939 -0.060878 1.527791 -1.039455 -0.162844 -0.664062 0.000000 -0.000001 0.000001 
-2.674320 101.246826 -2.028674 -1.130735 0.204211 -2.599816 1.468745 -0.390528 -0.491076 -4.564982 -0.346777 0.837649 3.359054 0.342913 0.417090 2.135142 -0.884285 0.987636 -0.000000 -0.000002 -0.000001 0.336774 0.116617 1.498805 0.254601 -0.991768 -0.379394 0.598223 -1.654845 -0.102038 0.000001 -0.000004 -0.000000 0.060998 -0.644684 1.825280 1.605882 0.137579 2.658883 -3.106452 1.456894 -4.875910 -0.000003 -0.000003 0.000000 -0.392996 0.280262 -0.342803 2.505591 0.179151 3.552406 -0.361570 0.534458 0.492302 -0.000000 -0.000001 -0.000001 -0.445534 -0.066428 0.616212 3.004828 -0.048591 1.824964 -1.770423 -0.273967 -0.716223 0.000000 -0.000002 0.000001 
-2.473074 101.091026 -2.088206 -1.281840 0.284421 -2.909144 1.189374 -0.303429 -0.588595 -2.096290 -0.457221 0.938174 1.078450 0.456092 0.551853 3.388023 -0.634352 0.976372 0.000001 0.000000 -0.000000 0.302517 0.126826 1.701939 0.363705 -1.029430 -0.429988 0.731824 -1.649364 -0.344660 0.000001 -0.000002 0.000001 0.106631 -0.356417 2.051563 2.165381 -0.462810 2.836814 -3.123372 2.766549 -5.076577 -0.000001 -0.000002 -0.000001 -0.890666 0.317096 -0.412289 3.021332 0.217160 4.080405 -1.539921 0.095863 0.335603 0.000004 0.000003 -0.000002 -0.482556 -0.062263 0.752478 3.466047 0.062274 2.012342 -1.737389 -0.204826 -0.818649 0.000000 -0.000002 -0.000000 
-2.286007 100.950241 -2.153772 -1.421739 0.120929 -3.234899 0.671121 -0.167133 -0.551814 -0.647993 -0.553834 1.027617 -0.087729 0.685051 0.573859 4.210169 -0.799490 1.019758 -0.000000 0.000003 0.000001 0.505832 0.117770 1.630126 0.785776 -0.945964 -0.399642 1.866000 -1.717412 0.052798 0.000001 -0.000004 0.000002 0.102781 -0.535889 2.455075 2.553431 -0.485629 3.002062 -3.566191 2.567636 -5.880214 -0.000000 -0.000000 -0.000001 -0.776995 0.443250 -0.207509 3.223632 0.440468 4.213574 -1.671195 0.089086 0.350261 0.000002 0.000001 -0.000002 -0.338091 -0.174460 0.897589 3.749266 -0.121483 2.027936 -1.519424 0.017506 -1.294801 -0.000000 -0.000001 0.000002 
-2.096764 100.815941 -2.223587 -1.759272 0.008318 -3.471541 0.714493 -0.193318 -0.586310 -0.230333 -0.634430 1.176958 -0.216744 0.646897 0.547473 4.537414 -0.697163 0.959390 -0.000000 0.000003 0.000001 0.466477 -0.064474 1.847082 0.866772 -0.893558 -0.484837 1.344197 -1.675198 -0.070691 0.000002 -0.000004 -0.000000 -0.034243 -0.610295 2.562466 2.846267 -0.676000 3.469293 -3.563538 4.571691 -6.033031 0.000001 0.000000 -0.000001 -0.626906 0.329555 -0.220597 3.617734 0.614103 4.385295 -2.069836 0.303751 0.641675 -0.000004 0.000002 -0.000000 -0.114210 -0.182564 0.924625 3.945118 -0.229093 2.081764 -1.240448 0.093089 -1.484652 0.000000 -0.000002 -0.000000 
-1.912593 100.683037 -2.298099 -1.860571 0.009705 -3.790236 0.511088 -0.117447 -0.578435 0.340848 -0.720633 1.378809 -0.316617 0.456109 0.482539 3.856113 -0.857523 1.010401 -0.000000 0.000002 0.000000 0.419578 -0.460715 2.021195 0.804228 -0.963715 -0.617915 1.518417 -1.569989 0.015205 0.000001 -0.000004 0.000002 -0.227046 -0.784797 2.827087 3.104377 -0.809266 3.881656 -4.103858 5.810675 -6.695461 -0.000001 -0.000001 -0.000002 -0.497016 0.289406 -0.034024 3.851051 0.735235 4.573201 -2.123594 0.395606 0.837350 0.000006 0.000003 -0.000000 -0.013752 -0.177417 1.070864 4.211906 -0.260865 2.185414 -1.069342 0.354428 -1.890732 0.000000 -0.000004 0.000002 
-1.739340 100.558739 -2.365623 -1.842758 -0.181334 -3.881714 -0.008275 0.040309 -0.726812 1.397091 -0.747833 1.455131 -0.793011 0.227943 0.502992 3.354102 -0.921858 1.041156 -0.000001 0.000000 -0.000000 0.365161 -0.255250 2.286223 0.345659 -1.346571 -0.887572 0.918502 -1.727281 0.104454 0.000003 -0.000000 0.000000 -0.062031 -0.410478 2.828316 3.427871 -1.146986 4.305770 -4.956478 5.670417 -7.392616 0.000001 -0.000001 -0.000001 -0.327689 0.275965 -0.056298 4.348846 0.944034 4.484072 -2.799198 0.579240 1.011852 -0.000000 -0.000001 -0.000000 -0.059532 -0.156486 1.015424 4.568072 -0.158366 2.232132 -0.877230 0.771107 -2.334638 -0.000000 -0.000004 -0.000000 
-1.569619 100.441330 -2.431078 -2.458192 0.042760 -4.181099 0.972836 -0.207001 -0.720754 0.782384 -0.811897 1.546332 -0.566405 0.318746 0.519231 3.738682 -1.019413 1.172754 -0.000001 0.000002 -0.000001 0.305270 -0.111852 1.953997 0.388951 -1.172605 -0.365720 0.696739 -1.799527 -0.093882 0.000003 -0.000001 0.000003 -0.395106 -0.726179 3.155041 3.866139 -1.907884 4.888926 -5.421582 7.031051 -8.201534 -0.000000 -0.000001 -0.000001 0.186613 0.294699 -0.043731 4.162167 0.787926 5.115266 -2.114447 0.534252 0.897951 0.000001 0.000003 -0.000000 0.211311 -0.259057 1.087831 5.080346 -0.124410 2.565517 -1.315323 0.518988 -2.120187 -0.000000 -0.000002 0.000002 
-1.399257 100.326859 -2.492224 -2.248054 -0.084448 -4.376743 0.798180 -0.136055 -0.640253 0.920611 -0.793274 1.522247 -0.527312 0.168004 0.505271 3.497378 -1.129726 1.151996 -0.000001 -0.000002 -0.000000 0.034202 0.083251 2.046538 0.876960 -0.575823 -0.173446 0.742914 -1.709917 -0.498419 -0.000000 0.000001 0.000000 -0.626795 -1.043563 3.066519 3.946091 -2.348597 5.712321 -5.833392 8.306939 -8.717728 0.000003 0.000000 -0.000001 0.057304 0.310202 -0.087533 3.992863 0.661950 5.497784 -1.561615 0.631783 0.892010 -0.000000 0.000003 -0.000000 0.171101 -0.210766 1.008295 4.741693 -0.130011 2.904470 -1.391888 0.309409 -1.753935 0.000000 -0.000002 0.000001 
-1.240202 100.226761 -2.549524 -0.957604 -1.030587 -4.462970 -0.757804 0.266045 -0.644222 1.381186 -0.683717 1.343252 -0.904040 0.634893 0.663551 4.865049 -1.104452 1.245523 -0.000001 0.000004 -0.000000 0.449185 -0.365042 2.165759 0.730236 -1.207988 -0.253639 1.522009 -2.166959 -0.193679 0.000001 0.000001 0.000002 -0.599188 -1.777390 3.249945 4.405486 -1.884088 6.066538 -7.057442 7.116388 -10.058855 0.000001 -0.000002 0.000001 -0.864607 0.412078 0.076490 3.618214 0.652158 5.189718 -1.483186 0.560831 0.894359 0.000002 0.000001 -0.000002 -1.379013 0.102339 0.945438 5.239588 -0.282394 2.769578 0.141070 1.396280 -3.015128 -0.000000 -0.000002 0.000002 
-1.087971 100.133614 -2.599439 -0.375974 -1.243211 -4.641187 -1.280597 0.419160 -0.682652 0.438026 -0.680518 1.328304 -0.231582 0.612845 0.745563 5.615154 -1.077093 1.205020 0.000000 0.000000 0.000000 0.659618 -0.185137 2.166765 0.279483 -1.852641 -0.208666 2.133847 -2.546448 -0.046717 0.000001 0.000001 -0.000001 -0.205642 -1.145064 3.432340 4.376133 -1.409926 5.949415 -7.377071 5.902420 -10.556842 -0.000001 -0.000002 -0.000003 -1.279518 0.473320 0.155594 3.303465 0.471089 5.364014 -1.266533 0.572845 0.852132 0.000005 0.000002 -0.000003 -2.147083 0.234784 1.007768 5.363362 -0.370142 2.903325 0.590858 1.604389 -3.405672 -0.000000 -0.000002 0.000001 
-0.944239 100.046188 -2.650040 -0.335869 -1.819366 -4.727915 -1.814397 0.580283 -0.820404 0.469693 -0.573754 1.101580 -0.043967 0.988721 1.040558 5.849900 -1.215618 1.268881 0.000001 -0.000004 0.000000 0.655270 -0.029430 2.279672 0.787727 -1.425808 -0.110446 2.448739 -2.569709 -0.365583 0.000004 0.000000 0.000002 -0.150687 -1.065649 3.476838 4.551766 -1.584795 6.313568 -6.945209 7.191106 -10.552498 0.000004 -0.000002 -0.000000 -1.019043 0.530176 0.161138 3.394767 0.522679 5.214581 -1.522406 0.766048 1.056459 0.000000 0.000002 -0.000000 -2.388710 0.248844 0.882428 5.775451 -0.323258 3.020071 1.054046 2.039242 -3.961353 -0.000000 -0.000004 0.000002 
-0.809803 99.964661 -2.700453 -0.267239 -1.902825 -4.773936 -1.784055 0.599497 -0.942806 0.719959 -0.503589 0.933627 -0.503641 1.137133 1.254874 6.119223 -1.256622 1.272129 0.000000 -0.000004 0.000000 0.512565 -0.382341 2.291402 0.778720 -1.228916 -0.148008 1.420247 -2.728535 -0.350039 0.000002 -0.000000 0.000001 -0.151188 -0.684688 3.576863 4.386125 -1.698933 6.527354 -6.874853 7.539487 -10.546633 -0.000000 -0.000001 -0.000002 -1.082547 0.572793 0.121438 3.694386 0.686000 5.349981 -1.948730 0.814648 1.061098 0.000005 0.000003 -0.000002 -2.511291 0.249343 0.763574 6.244841 -0.229527 3.213899 1.158418 2.351299 -4.241550 -0.000000 -0.000001 0.000000 
-0.682335 99.888023 -2.752908 -0.319082 -2.151910 -4.994183 -2.014266 0.655674 -0.901107 1.175385 -0.556605 1.012947 -0.602971 1.215477 1.278604 6.493497 -1.097671 1.196366 -0.000000 -0.000000 0.000001 0.616730 -0.591451 2.342786 0.599465 -1.492594 -0.181650 1.654355 -2.881018 -0.232854 0.000000 -0.000002 0.000001 -0.028734 -0.510303 3.680140 4.628293 -1.843262 6.542500 -7.325103 7.270847 -11.077986 0.000003 0.000000 -0.000003 -1.031178 0.620696 0.222843 3.858227 0.706936 5.514497 -2.020658 0.789001 1.042137 0.000003 0.000002 -0.000000 -2.521959 0.209513 0.890188 6.469698 -0.211175 3.229190 1.156608 2.421989 -4.366783 0.000001 0.000001 -0.000000 
-0.562985 99.811180 -2.804302 -0.058339 -1.943635 -5.159502 -2.157042 0.697029 -0.911880 1.220164 -0.632912 1.142321 -0.579661 0.819025 1.197476 6.210440 -1.222713 1.229635 0.000001 -0.000002 0.000001 0.509966 -0.871627 2.589146 0.375418 -1.531800 -0.415373 1.755829 -2.774002 -0.265097 0.000001 -0.000007 0.000002 0.019998 -0.196999 3.742040 4.592843 -2.007450 6.645568 -8.031893 6.819369 -11.569230 -0.000000 -0.000002 0.000001 -1.320602 0.689153 0.180241 3.896677 0.745092 5.940086 -1.716261 0.808269 1.008948 0.000005 0.000001 -0.000004 -2.948214 0.218899 0.779364 6.839353 -0.316069 3.742853 0.919721 2.614342 -4.680633 -0.000001 0.000001 0.000000 
-0.451239 99.744377 -2.856419 -0.209009 -1.722865 -5.282508 -1.838983 0.608391 -0.969849 1.092018 -0.649745 1.150339 -0.727834 0.650585 1.256198 6.551098 -1.249420 1.302575 0.000000 0.000007 0.000001 0.470693 -1.136885 2.603107 0.570911 -1.228167 -0.377315 2.046731 -2.523578 -0.345581 0.000001 -0.000006 0.000001 0.100278 0.235033 3.877468 4.763937 -2.422148 6.756433 -7.961846 7.499697 -11.542420 -0.000002 -0.000001 -0.000001 -1.022377 0.728130 0.177730 3.569752 0.600864 6.234832 -1.178931 0.846970 0.942255 0.000003 0.000003 -0.000000 -2.772929 0.135662 0.791317 6.927079 -0.364559 3.940850 1.003978 2.823495 -4.956198 -0.000000 -0.000001 -0.000001 
-0.342966 99.680992 -2.898648 -0.211250 -1.827325 -5.328514 -1.932739 0.653698 -1.064909 1.201283 -0.680191 1.154672 -0.794198 0.615945 1.255206 6.878940 -1.368164 1.394297 -0.000002 0.000002 -0.000000 0.559271 -0.867043 2.552707 -0.019678 -1.793615 -0.183281 1.499515 -2.930531 -0.364812 0.000001 -0.000002 0.000003 0.097445 0.204780 4.029384 5.060147 -2.614183 7.142838 -8.158341 8.127086 -12.060804 0.000003 -0.000001 -0.000001 -1.141195 0.780056 0.123750 3.511187 0.528966 6.321828 -1.217243 0.985543 1.006079 0.000005 0.000001 -0.000000 -2.646750 0.052798 0.872183 6.906851 -0.375756 3.685277 1.519584 2.772720 -4.894481 0.000001 -0.000001 0.000000 
-0.240944 99.618118 -2.950044 -0.510477 -1.875928 -5.368217 -1.498722 0.538545 -1.163547 1.037451 -0.692493 1.185315 -0.802546 0.767672 1.250556 7.196948 -1.343573 1.584026 0.000000 -0.000002 -0.000000 0.566821 -1.220378 2.652996 -0.184039 -1.979375 -0.270540 1.537380 -2.990054 -0.165225 0.000003 -0.000004 -0.000001 -0.151820 -0.561254 4.032577 5.613695 -3.306042 7.876257 -8.887123 9.198705 -12.907410 -0.000002 -0.000002 -0.000000 -1.054140 0.778347 0.082790 3.667797 0.562692 6.420943 -1.020322 1.118788 1.032882 0.000002 0.000002 -0.000000 -2.530787 0.019246 0.817487 6.996422 -0.324825 3.836044 1.708753 2.983241 -4.985449 -0.000000 -0.000001 0.000000 
-0.144412 99.563301 -3.008384 -0.303986 -1.853683 -5.431194 -1.833466 0.610116 -1.166838 1.462977 -0.679781 1.193620 -1.059236 0.771808 1.310561 7.165888 -1.331967 1.677000 0.000002 0.000002 0.000000 0.721210 -0.728084 2.735887 -0.589408 -2.528097 -0.311286 2.178946 -3.098178 -0.251530 0.000001 0.000000 0.000002 -0.079571 -0.539000 4.366312 5.487534 -2.799963 7.608670 -9.169650 8.695932 -13.149614 -0.000001 -0.000001 0.000000 -1.098862 0.765728 0.094487 3.606221 0.477091 6.434390 -1.235839 1.123769 1.063502 -0.000003 0.000005 -0.000001 -2.573358 0.030856 0.840796 6.952236 -0.344544 3.861015 1.937496 3.151362 -5.145398 -0.000000 -0.000002 0.000001 
-0.057392 99.510170 -3.063473 -0.194010 -1.801187 -5.553273 -1.760570 0.595737 -1.170414 1.941991 -0.680686 1.220549 -1.643001 0.835334 1.293250 7.208913 -1.484720 1.983443 0.000000 0.000002 0.000001 0.613240 -1.194249 2.802561 -0.322760 -2.038182 -0.124962 1.412943 -2.859243 -0.581997 0.000003 0.000001 -0.000001 -0.349263 -1.056878 4.279294 5.631813 -3.304669 8.205925 -8.952190 10.615704 -12.939277 -0.000001 -0.000003 -0.000001 -1.299399 0.728078 0.175792 3.855074 0.500916 6.423589 -1.594887 1.278362 1.205035 0.000001 0.000003 -0.000000 -2.793525 0.116892 0.897964 7.218446 -0.137490 4.076808 1.929805 3.263425 -5.098805 -0.000000 0.000001 -0.000000 
0.024029 99.457764 -3.114420 -1.557100 -1.936437 -5.547569 0.499403 0.025002 -1.469204 -1.785765 -0.568021 1.049957 1.317391 0.756442 1.644103 6.842553 -1.196038 1.421969 -0.000001 -0.000000 0.000001 0.451244 0.137283 2.626786 0.007273 -1.799324 0.093796 1.548408 -3.066619 -0.653765 0.000003 -0.000000 0.000002 -0.092493 0.278610 4.759827 5.397896 -3.018847 7.744462 -8.103108 11.288456 -12.541779 -0.000000 -0.000003 0.000001 -0.283122 0.714949 0.070411 4.287870 0.675601 6.450171 -1.212524 1.738548 1.461805 -0.000005 0.000002 -0.000004 -1.809860 -0.084167 0.798752 7.459917 -0.026682 4.037367 0.631731 2.101548 -4.015507 0.000000 -0.000004 0.000001 
0.096861 99.405151 -3.168325 -2.056841 -1.863393 -5.573380 1.352753 -0.183312 -1.590620 -3.172098 -0.604675 1.127502 2.328318 0.647559 1.662211 6.295784 -1.356896 1.425962 -0.000000 0.000002 0.000000 0.381017 -0.190019 2.697394 0.441033 -1.392965 0.040428 1.290620 -3.100378 -0.601568 -0.000000 -0.000006 0.000002 -0.064221 0.681418 5.013046 5.249751 -2.908861 7.615518 -7.833341 11.759531 -12.446367 0.000001 -0.000001 0.000000 0.195366 0.724019 0.037822 4.640679 0.787165 6.424420 -1.809624 1.674092 1.523921 0.000003 0.000000 0.000001 -1.236171 -0.214870 0.870624 7.228059 0.006540 3.917900 -0.024802 1.683828 -3.649294 -0.000000 0.000001 0.000001 
0.166516 99.355408 -3.216772 -2.369087 -1.724775 -5.701217 1.946231 -0.339019 -1.616731 -4.322404 -0.644346 1.217244 3.247752 0.544491 1.635981 6.367649 -1.261700 1.381354 0.000001 0.000000 -0.000000 0.246230 -0.030477 2.932461 0.167456 -1.662997 -0.106073 0.833392 -3.351891 -0.519398 0.000002 -0.000000 0.000001 -0.165007 0.567188 5.107780 5.208089 -2.890672 7.773063 -7.722950 12.397306 -12.564930 -0.000001 -0.000003 0.000000 0.447407 0.729471 0.145015 4.866576 0.865528 6.485041 -2.648617 1.270210 1.314756 -0.000004 0.000003 -0.000000 -0.954512 -0.285319 0.923473 7.224808 0.021577 4.014915 -0.702048 1.370294 -3.305024 -0.000000 -0.000001 0.000001 
0.238580 99.309677 -3.254955 -2.488141 -1.648804 -5.822556 2.405374 -0.462330 -1.509981 -5.011662 -0.589476 1.198733 3.631234 0.256783 1.660034 6.291908 -1.144062 1.483715 -0.000001 -0.000000 0.000001 -0.010539 1.111933 2.911260 0.282459 -1.264029 0.120482 0.644133 -2.933287 -1.195188 0.000000 -0.000000 0.000002 -0.243714 0.875570 5.020137 5.282072 -3.473582 8.083910 -7.196721 14.248826 -11.982036 -0.000001 -0.000002 0.000001 0.883759 0.604308 0.201980 4.698815 0.833985 6.501066 -2.071016 1.370836 1.368966 0.000002 0.000000 -0.000002 -0.845045 -0.240436 0.911051 7.160866 0.083229 4.249558 -1.021748 1.042867 -2.744597 0.000000 0.000001 0.000001 
0.304228 99.266403 -3.298350 -2.622999 -1.182943 -5.931455 2.367900 -0.469907 -1.378998 -4.379325 -0.567800 1.175628 3.001488 0.015196 1.647834 6.367219 -1.235842 1.726447 0.000001 -0.000000 0.000001 0.000793 0.680601 3.107801 0.227690 -1.292960 -0.098403 0.199389 -2.943587 -1.122859 0.000000 0.000001 0.000001 -0.222948 0.702408 4.979917 5.394278 -3.647059 8.322322 -7.111987 14.818620 -11.974527 -0.000002 -0.000002 -0.000000 0.974238 0.610953 0.119122 4.395018 0.550107 7.026333 -2.018188 1.057754 1.097977 0.000001 0.000003 -0.000003 -0.860298 -0.232115 0.903387 7.283542 0.159824 4.721510 -1.506397 0.838673 -2.512875 -0.000000 -0.000001 0.000001 
0.364079 99.227791 -3.342988 -2.741714 -1.468790 -6.030784 2.366417 -0.459764 -1.450504 -4.416955 -0.588276 1.259908 3.088796 0.060730 1.656539 7.253871 -0.889302 1.713683 0.000001 -0.000000 0.000001 -0.029869 0.820459 3.139693 0.069995 -1.428993 0.011031 0.830141 -2.721530 -1.130577 0.000001 -0.000000 0.000001 -0.259678 0.649921 5.073897 5.512318 -3.793033 8.497435 -7.234605 15.356948 -12.193708 0.000003 -0.000001 -0.000002 0.880656 0.594161 0.210425 4.615201 0.668875 6.904349 -2.280400 1.093189 1.147519 -0.000002 0.000001 -0.000003 -0.806198 -0.235739 1.095473 7.295969 0.234892 4.404985 -1.226186 1.192881 -2.754157 -0.000000 -0.000001 0.000000 
0.421395 99.193138 -3.391064 -2.842471 -1.729987 -5.985736 2.661728 -0.534715 -1.620278 -4.879135 -0.622164 1.289769 3.375526 0.127464 1.681855 7.431922 -0.746429 1.535902 -0.000000 0.000000 0.000000 -0.015193 0.907046 3.256059 0.333143 -1.251882 0.040978 1.557582 -2.662969 -1.098926 0.000000 -0.000004 -0.000000 -0.122469 0.940691 5.193306 5.637344 -3.879401 8.517564 -7.370529 15.321935 -12.437293 0.000003 -0.000002 -0.000001 0.845026 0.671802 0.093561 4.611665 0.707462 6.955491 -1.966993 1.041736 1.102334 -0.000003 -0.000001 -0.000003 -0.731342 -0.307402 0.981400 7.549320 0.229159 4.292070 -0.695462 1.625881 -3.237251 -0.000000 -0.000002 0.000001 
0.476837 99.162109 -3.437732 -2.765526 -1.601851 -5.982978 2.630596 -0.510583 -1.650996 -4.490228 -0.598958 1.219407 2.999283 0.045718 1.814068 6.831754 -0.936798 1.605459 0.000001 0.000002 0.000000 -0.084371 1.193927 3.388861 0.605049 -0.900423 0.028023 1.723212 -2.541161 -1.437644 0.000001 0.000001 0.000001 -0.037330 1.442705 5.290121 5.665645 -4.131519 8.502441 -7.608732 15.088065 -12.532725 -0.000002 -0.000001 0.000000 0.768403 0.714435 0.031895 4.398266 0.516217 7.105392 -1.752031 0.954942 0.980598 0.000000 0.000002 -0.000006 -0.739683 -0.337284 0.989974 7.484719 0.234327 4.303257 -0.758397 1.442935 -3.105046 0.000000 -0.000002 0.000001 
0.524308 99.133369 -3.486078 -2.742270 -1.503676 -6.107388 2.678151 -0.549983 -1.564938 -3.870521 -0.637568 1.314644 2.405094 0.056773 1.723489 6.816255 -0.942905 1.770306 -0.000000 -0.000000 0.000001 -0.042958 0.575503 3.603478 0.501624 -1.287113 -0.174929 1.203068 -2.817651 -1.185250 0.000003 -0.000004 0.000002 -0.028041 1.069182 5.175835 5.753684 -3.773456 8.579849 -7.241040 15.570091 -12.450094 -0.000002 -0.000001 -0.000001 0.566019 0.655107 0.095129 4.557099 0.610090 7.264224 -1.532566 0.979314 1.028081 0.000002 0.000002 0.000001 -0.905303 -0.273803 1.097140 7.728743 0.257023 4.433980 -0.598129 1.676904 -3.261839 -0.000000 -0.000002 0.000001 
0.569610 99.104027 -3.524674 -2.596889 -1.480514 -6.127239 2.441795 -0.476117 -1.598541 -3.704580 -0.688357 1.387204 2.396265 -0.106601 1.686829 6.754027 -0.877453 1.704602 0.000002 0.000000 -0.000000 -0.116995 0.384563 3.664073 0.035895 -1.515102 -0.229982 1.055382 -2.807014 -1.255550 0.000001 -0.000004 0.000002 -0.100603 0.999466 5.104639 5.787367 -4.008379 8.933831 -7.279681 16.431470 -12.544042 0.000003 -0.000001 -0.000000 0.408768 0.656598 0.084552 4.813510 0.614997 7.220659 -1.947478 0.956442 1.014462 0.000004 0.000006 0.000001 -0.959822 -0.256766 1.180827 7.493866 0.327974 4.317195 -0.646803 1.632600 -3.125096 -0.000000 -0.000001 0.000000 
0.610039 99.075417 -3.567175 -2.466228 -1.638877 -6.106350 2.010878 -0.343039 -1.613916 -3.775210 -0.687318 1.344936 2.529399 -0.241863 1.672639 6.712171 -0.966922 1.669133 0.000001 0.000002 0.000000 -0.244843 0.729176 3.727474 0.111354 -1.293063 -0.222669 0.643675 -2.787944 -1.445097 0.000003 -0.000004 0.000001 -0.186700 0.958220 5.029329 5.925796 -4.341325 9.324879 -7.226684 17.245621 -12.567954 -0.000000 -0.000001 0.000001 0.058127 0.702185 0.136866 5.334131 0.833996 6.994760 -2.286764 1.054399 1.090604 0.000001 0.000003 -0.000003 -1.375590 -0.176053 1.093067 7.956520 0.476120 4.496223 -0.966282 1.796553 -3.388418 -0.000000 -0.000004 0.000001 
0.649337 99.050880 -3.610503 -2.599051 -1.786287 -6.077125 2.382237 -0.444818 -1.688077 -4.401162 -0.578035 1.153234 3.056464 0.308597 1.868024 6.111712 -1.288855 1.892817 0.000001 -0.000002 0.000001 -0.208202 0.129056 3.758487 -0.011123 -1.301916 -0.319114 0.594354 -2.747374 -1.263235 0.000001 -0.000005 0.000003 -0.435476 0.479967 5.247291 5.881436 -4.395912 9.330322 -7.181343 17.684012 -12.588654 -0.000000 -0.000001 -0.000002 0.244164 0.739854 0.143757 5.301264 0.853792 6.843000 -2.217755 1.348822 1.283054 -0.000000 0.000003 -0.000003 -1.383384 -0.210147 1.024029 8.016685 0.433399 4.414290 -0.728916 1.701813 -3.291406 -0.000001 -0.000001 0.000001 
0.686204 99.026680 -3.647653 -2.581574 -1.327324 -6.138323 2.566125 -0.493549 -1.587345 -4.953569 -0.621887 1.234929 3.393554 0.198315 1.766474 6.439795 -1.220769 1.828199 -0.000001 -0.000000 0.000001 -0.347749 0.233850 3.842236 0.397977 -0.855372 -0.334407 1.175523 -2.427423 -1.611167 0.000001 -0.000002 0.000003 -0.587624 0.211204 5.155495 5.886317 -4.551185 9.637017 -6.964815 18.642458 -12.466006 -0.000000 -0.000002 -0.000000 0.404852 0.709402 0.179047 4.949751 0.680265 7.107891 -2.386953 0.954469 1.030135 -0.000004 0.000003 -0.000000 -0.990898 -0.284114 1.144026 7.735717 0.383238 4.461961 -0.990066 1.831921 -3.412850 -0.000000 -0.000002 0.000001 
0.719839 99.006935 -3.683915 -2.666054 -1.362824 -6.096796 2.313196 -0.429600 -1.639966 -4.568544 -0.591399 1.202610 3.248869 0.283829 1.843848 6.311410 -1.245146 1.890494 0.000001 0.000002 0.000001 -0.276187 0.586676 3.751437 0.616285 -0.783909 -0.180718 1.693890 -2.424039 -1.776497 0.000003 0.000002 0.000002 -0.507932 0.242958 5.185419 5.746475 -4.174152 9.533354 -6.992534 18.369498 -12.486042 -0.000000 -0.000002 -0.000001 0.340342 0.688621 0.080973 4.889840 0.696257 7.254087 -2.021968 0.994095 1.035894 -0.000004 0.000000 -0.000000 -1.078154 -0.258395 1.160560 7.899901 0.394065 4.363037 -0.871087 1.778303 -3.296071 0.000001 -0.000001 0.000001 
0.751537 98.988602 -3.721051 -2.515953 -1.616247 -6.180559 2.418708 -0.468967 -1.570374 -4.829912 -0.594655 1.219574 3.350948 0.229170 1.837088 7.107090 -0.824679 1.560101 0.000001 -0.000000 0.000001 -0.211178 0.656397 3.567116 0.378952 -1.049286 -0.123907 1.216099 -2.572407 -1.586179 0.000002 -0.000001 0.000002 -0.262193 0.917707 5.248683 5.781744 -4.080902 9.295491 -7.185456 17.880008 -12.622344 -0.000000 -0.000002 -0.000001 0.379346 0.687205 0.252675 4.883184 0.803899 7.055108 -1.926148 1.114655 1.126974 0.000001 -0.000001 -0.000003 -1.117734 -0.229155 1.070608 7.739222 0.268900 4.554274 -0.794556 1.527675 -3.035213 -0.000001 -0.000001 0.000000 
0.783019 98.973923 -3.761679 -2.774379 -1.765573 -6.231672 2.716432 -0.546777 -1.576717 -4.601662 -0.563710 1.163754 3.099594 0.446414 1.904242 7.311130 -0.729965 1.490441 0.000000 -0.000000 0.000001 -0.353602 0.701007 3.668439 0.749094 -0.645871 -0.153013 1.026723 -2.505569 -1.843880 0.000001 0.000001 -0.000002 -0.248199 1.225518 5.301755 5.711147 -4.179635 9.300351 -7.369571 17.884425 -12.672535 0.000001 -0.000003 0.000000 0.657958 0.670443 0.280146 4.943496 0.907263 6.913357 -1.791372 1.297402 1.281137 -0.000003 0.000001 -0.000004 -0.906972 -0.288372 1.062937 7.688967 0.217127 4.478366 -0.689852 1.690902 -3.231470 -0.000001 -0.000002 0.000002 
0.811084 98.958656 -3.790538 -2.492654 -1.621579 -6.275850 2.451400 -0.487471 -1.596988 -4.735990 -0.484127 1.044972 3.338054 0.668901 2.115443 7.825661 -0.616760 1.590719 -0.000000 0.000000 0.000000 -0.231447 0.365946 3.663075 0.662242 -0.937225 -0.239500 1.257783 -2.666181 -1.734174 0.000003 -0.000001 -0.000001 -0.237230 1.123333 5.390447 5.662089 -3.863357 8.996636 -7.138749 17.481263 -12.541224 -0.000004 -0.000002 -0.000001 0.159086 0.696433 0.311688 4.883555 0.870651 7.077030 -1.621049 1.106856 1.198033 0.000004 0.000000 0.000003 -1.198296 -0.237639 1.166130 7.658862 0.164189 4.438318 -0.864370 1.537933 -3.094225 -0.000000 -0.000001 0.000003 
0.839892 98.946304 -3.821199 -2.381755 -1.552717 -6.368700 2.337982 -0.466947 -1.591744 -4.753048 -0.563415 1.208309 3.327025 0.379792 1.990104 7.740087 -0.584142 1.697120 -0.000001 -0.000002 0.000000 -0.154925 0.833218 3.663320 0.457221 -1.285615 -0.269618 1.128933 -2.895428 -1.717701 0.000002 0.000000 0.000002 -0.232609 0.929902 5.439279 5.852836 -3.825332 9.080640 -7.099887 17.916978 -12.687878 -0.000000 -0.000001 -0.000003 0.229411 0.656867 0.370622 4.698074 0.717760 7.115239 -1.630692 1.205091 1.255079 -0.000004 0.000001 -0.000001 -1.345619 -0.189291 1.330819 7.588888 0.213236 4.347584 -0.770973 1.501941 -2.969183 0.000000 -0.000004 0.000002 
0.868242 98.929840 -3.857129 -2.521476 -0.973744 -6.420888 2.650755 -0.585813 -1.552477 -5.169608 -0.526669 1.198298 3.571361 0.180054 1.929500 7.841041 -0.645179 1.928295 -0.000001 0.000000 0.000000 0.018372 -0.081462 3.856290 0.355349 -1.632292 -0.530991 0.656497 -3.234781 -1.393106 0.000004 -0.000004 0.000001 0.036852 1.067492 5.328818 5.828819 -3.468467 9.025896 -7.172564 17.058520 -12.656210 -0.000000 -0.000001 -0.000002 0.146140 0.625196 0.267311 4.381008 0.485143 7.665651 -0.968124 0.905062 0.987712 -0.000003 0.000000 -0.000000 -1.236861 -0.206087 1.366691 7.649781 0.168639 4.577037 -0.802660 1.606333 -3.083715 -0.000000 0.000001 0.000001 
0.894803 98.915565 -3.897006 -2.600492 -1.142157 -6.417284 2.555861 -0.547192 -1.707919 -4.659961 -0.556807 1.229636 3.307162 0.358975 1.990820 7.239989 -0.863494 1.948864 0.000002 -0.000000 0.000001 -0.039623 0.086029 3.901288 0.318789 -1.640272 -0.501728 0.042979 -3.383965 -1.539896 0.000004 -0.000004 0.000001 -0.113980 0.751331 5.367380 6.224280 -4.009451 9.278967 -7.800121 17.336977 -13.212160 -0.000001 -0.000002 -0.000000 0.125377 0.620633 0.253394 4.689895 0.655327 7.628380 -1.628233 0.515151 0.855265 0.000001 0.000003 -0.000006 -1.388035 -0.163578 1.237871 7.945164 0.188563 4.748602 -1.301804 1.411494 -2.996894 -0.000000 -0.000001 0.000002 
0.927667 98.902870 -3.929514 -2.510818 -1.226733 -6.449962 2.514930 -0.549640 -1.686070 -4.556776 -0.504882 1.140951 3.139947 0.265592 2.030628 7.637678 -0.669026 1.820239 0.000001 -0.000000 0.000001 0.031055 0.296826 3.951590 0.588600 -1.586187 -0.541941 -0.022831 -3.571536 -1.488753 0.000003 -0.000005 0.000002 -0.035367 0.575568 5.276886 6.766596 -4.488657 9.544990 -8.427535 17.190457 -13.888478 -0.000000 -0.000001 -0.000000 0.112352 0.641325 0.229057 4.707605 0.700612 7.532633 -1.892286 0.591947 0.930099 0.000001 0.000001 -0.000001 -1.352491 -0.181721 1.226989 7.854056 0.131468 4.699060 -0.818027 1.403915 -2.921257 -0.000000 -0.000002 0.000001 
0.957552 98.885674 -3.970762 -2.428962 -1.207570 -6.591305 2.691927 -0.601393 -1.693746 -4.443765 -0.491557 1.115495 2.915774 0.075767 2.156957 7.926960 -0.402269 1.622171 -0.000001 0.000000 -0.000001 -0.002108 1.090857 4.218543 0.205342 -2.075730 -0.730944 -0.347841 -3.891695 -1.710280 0.000000 -0.000001 -0.000001 0.214122 0.981874 5.173304 6.499924 -3.782256 9.401062 -8.791652 15.769199 -14.060506 -0.000000 -0.000004 0.000000 -0.068000 0.668412 0.287491 4.984868 0.777795 7.621075 -1.803120 0.753290 1.032920 0.000001 0.000003 -0.000002 -1.336332 -0.204618 1.407780 7.866658 0.099950 4.539145 -0.726612 1.494537 -3.112581 -0.000000 -0.000002 0.000002 
0.986210 98.870766 -4.014202 -2.580698 -1.576412 -6.645272 2.450602 -0.518227 -1.670514 -4.505180 -0.445902 1.009318 3.169195 0.450426 2.160991 7.839455 -0.626570 1.778580 -0.000001 -0.000003 0.000000 -0.004013 0.615179 4.247509 0.831734 -1.493422 -0.662125 0.109076 -3.593341 -1.769215 0.000004 -0.000004 -0.000000 0.095932 0.839571 5.095595 6.665773 -4.056807 9.656657 -9.022644 16.118522 -14.189222 0.000001 -0.000001 -0.000001 -0.127193 0.699838 0.392243 5.419757 0.921703 7.345695 -2.401874 0.841611 1.135735 0.000001 0.000001 0.000002 -1.251019 -0.225552 1.456748 8.010909 0.189458 4.383094 -0.343870 1.961300 -3.657208 -0.000000 -0.000002 0.000003 
1.018725 98.851822 -4.049373 -2.571495 -1.577882 -6.696980 2.222831 -0.449299 -1.673176 -4.155334 -0.492114 1.069423 2.874495 0.376871 2.152596 8.023477 -0.509491 1.638456 0.000001 0.000000 0.000000 -0.063748 1.128201 4.420498 1.605054 -0.864438 -0.621830 0.692941 -3.589521 -2.309863 0.000002 -0.000001 -0.000001 0.159914 1.018943 5.065797 6.411180 -3.788910 9.675718 -8.455831 16.536960 -13.861235 -0.000001 -0.000001 0.000000 0.154083 0.740379 0.454640 5.460330 1.012482 7.133707 -2.477381 1.076218 1.265416 -0.000004 0.000001 -0.000002 -1.307482 -0.258757 1.424427 8.216188 0.114712 4.471750 -0.046243 2.068840 -3.894133 0.000001 -0.000001 0.000002 
1.051613 98.833359 -4.081539 -2.490295 -1.388317 -6.694493 2.142911 -0.434087 -1.704358 -4.112546 -0.483068 1.064334 2.945992 0.523050 2.154056 7.810208 -0.661267 1.791616 0.000001 0.000005 0.000002 -0.046148 0.803990 4.486900 1.111148 -1.292412 -0.765072 1.053718 -3.598810 -2.216009 0.000003 0.000000 0.000003 0.107024 0.867026 5.237206 6.043834 -3.180338 9.470643 -8.491645 15.962871 -13.845267 -0.000002 -0.000002 -0.000001 -0.066783 0.764903 0.298961 5.249880 0.959077 7.585612 -2.075527 1.026605 1.203982 0.000004 0.000005 -0.000005 -1.520775 -0.256341 1.365890 8.417572 0.043501 4.610738 -0.481911 1.940415 -3.827705 -0.000000 -0.000002 0.000001 
1.084621 98.818619 -4.115495 -2.813483 -0.820902 -6.802022 3.024048 -0.679411 -1.581851 -5.103155 -0.499888 1.070922 3.378231 0.121531 2.050051 7.864693 -0.893297 1.876218 -0.000000 0.000003 0.000001 -0.033808 1.115150 4.332390 1.001055 -1.234112 -0.565318 1.077365 -3.549934 -2.399581 0.000001 -0.000003 0.000002 0.122941 1.090219 5.320060 6.045946 -3.323808 9.466953 -8.091104 16.628598 -13.661563 -0.000002 -0.000000 -0.000001 0.311647 0.784997 0.267112 4.917301 0.751178 7.975575 -1.917319 0.768826 1.042107 0.000001 0.000003 -0.000002 -0.840861 -0.438131 1.443517 7.989319 -0.121706 4.714479 -0.188369 1.704962 -3.620799 0.000001 -0.000001 0.000001 
1.118191 98.802246 -4.156013 -2.372879 -1.042296 -6.805348 2.597078 -0.537517 -1.652375 -4.488061 -0.545219 1.108719 2.720590 -0.016035 2.036460 8.186938 -0.758798 1.732729 0.000000 0.000003 0.000001 -0.183943 0.939027 4.280863 0.812437 -0.954504 -0.492312 0.526439 -3.315574 -2.597211 0.000003 -0.000002 0.000002 0.014987 1.358933 5.240045 6.136834 -3.919796 9.965401 -8.813925 16.988347 -14.009211 0.000002 -0.000001 -0.000002 -0.053647 0.855975 0.257076 4.883523 0.782133 7.984418 -1.903403 0.620109 0.966772 -0.000001 0.000003 -0.000002 -1.280440 -0.395799 1.401170 8.128471 -0.159109 4.678382 -0.391299 1.712420 -3.798771 -0.000000 -0.000002 0.000002 
1.155305 98.783463 -4.199598 -2.188105 -1.119343 -6.825009 2.083394 -0.410354 -1.639994 -3.651868 -0.518445 1.111348 2.252869 0.195328 2.015931 8.260200 -0.746403 1.966719 0.000000 -0.000000 0.000002 -0.044197 0.346961 4.368061 0.538520 -1.332680 -0.717152 0.127772 -3.413492 -2.366868 0.000003 -0.000000 0.000003 0.008777 1.073170 5.225195 6.188465 -3.723571 9.967267 -9.001247 16.863916 -14.043360 -0.000002 -0.000000 -0.000003 -0.321987 0.799624 0.209922 5.012463 0.816848 8.007502 -1.695459 0.675977 1.039213 -0.000003 -0.000002 0.000003 -1.461608 -0.331267 1.433818 8.149549 -0.148952 4.607775 -0.466938 1.694560 -3.747227 -0.000000 0.000001 0.000000 
1.191872 98.766914 -4.236657 -2.357278 -1.012731 -6.782626 2.577470 -0.543910 -1.692260 -4.294779 -0.494953 1.088599 2.605992 0.202012 2.009844 7.889746 -0.955823 2.163614 0.000000 0.000003 0.000001 0.073528 0.090281 4.177508 0.597813 -1.254520 -0.579668 -0.450449 -3.433857 -2.270754 0.000003 0.000001 0.000002 -0.076666 0.910935 5.326290 6.377645 -3.918360 10.073570 -9.052570 17.327131 -14.107564 -0.000001 -0.000002 0.000001 -0.118087 0.778142 0.098362 5.274496 0.875925 7.991605 -1.591784 0.818085 1.122423 0.000002 0.000003 -0.000000 -1.462650 -0.329453 1.265374 8.215162 -0.129943 4.775339 -0.887243 1.383519 -3.504486 -0.000000 0.000001 0.000001 
1.229140 98.752487 -4.273739 -2.290553 -1.014582 -6.788312 2.214335 -0.439077 -1.684417 -3.638470 -0.481850 1.045226 2.309518 0.227766 2.074395 7.757736 -0.982463 2.194120 -0.000001 -0.000002 -0.000000 0.045449 0.464910 4.257775 0.617900 -1.250948 -0.642875 -0.099327 -3.273748 -2.462271 0.000000 -0.000000 0.000002 -0.197330 0.583383 5.444487 6.382414 -3.812497 10.142558 -9.568940 17.095349 -14.523023 0.000002 -0.000002 -0.000001 -0.130277 0.782802 0.012730 5.169660 0.769297 8.081811 -1.697606 0.847379 1.144243 -0.000002 0.000001 -0.000002 -1.671634 -0.284020 1.243949 8.431351 -0.024200 4.797539 -1.016367 1.483705 -3.629409 -0.000000 -0.000002 0.000002 
1.261867 98.744675 -4.306506 -2.631083 -1.139161 -6.867596 2.443504 -0.496108 -1.648431 -4.171215 -0.501778 1.107976 2.727484 -0.002519 1.974116 8.361422 -0.635334 2.085596 0.000000 0.000001 0.000002 -0.013492 1.086684 3.936086 0.354884 -1.272568 -0.271093 -0.280746 -3.106354 -2.667117 0.000003 0.000001 0.000001 -0.250482 0.782203 5.507722 6.578369 -4.303725 10.201512 -9.650215 17.642093 -14.568247 0.000001 -0.000001 -0.000002 0.293332 0.736765 0.166603 5.298489 0.859019 7.774509 -1.698200 1.131235 1.277434 0.000001 0.000003 -0.000002 -1.159385 -0.376463 1.377131 8.144530 0.003646 4.562685 -0.712293 1.644759 -3.630182 -0.000000 -0.000001 0.000002 
1.294360 98.732971 -4.339757 -2.711403 -1.088341 -6.914304 2.627700 -0.544888 -1.614807 -3.986234 -0.507047 1.090172 2.568752 0.204064 1.967328 8.311490 -0.817157 2.226214 -0.000001 0.000003 0.000001 -0.032531 0.851259 3.944651 0.385201 -1.187207 -0.260257 -0.312797 -3.007644 -2.726685 0.000004 -0.000002 0.000002 -0.305975 0.650328 5.412241 6.544759 -4.307940 10.343719 -9.444243 18.069701 -14.419982 -0.000001 -0.000001 -0.000002 0.372100 0.725341 0.227516 5.352519 0.804250 7.705794 -1.917463 1.109639 1.242392 0.000002 0.000003 0.000001 -0.958102 -0.408487 1.435719 7.998288 0.048765 4.492211 -0.333149 1.755926 -3.670624 -0.000000 -0.000002 0.000001 
1.330808 98.726173 -4.376968 -2.648047 -1.467028 -6.897718 2.582892 -0.535744 -1.700942 -3.901987 -0.537958 1.193794 2.566144 0.536242 1.913486 8.151976 -0.809111 2.382329 -0.000001 0.000000 -0.000000 -0.006769 0.153540 3.911653 0.478668 -1.279473 -0.262208 -0.192648 -3.078960 -2.434254 0.000001 0.000001 0.000002 -0.322714 0.698445 5.487956 6.579875 -4.308966 10.208712 -9.211767 18.091137 -14.241960 0.000003 -0.000002 0.000001 0.467635 0.642966 0.259585 5.415376 0.897855 7.327501 -2.038942 1.406562 1.456725 -0.000000 0.000003 -0.000004 -1.114351 -0.299164 1.290925 8.211835 0.163622 4.562171 -0.192781 1.938254 -3.704585 -0.000000 -0.000004 0.000001 
1.368189 98.722290 -4.412478 -2.653349 -1.342983 -6.945125 2.259541 -0.446381 -1.655562 -3.305067 -0.557025 1.192706 2.083005 0.115521 1.909885 8.310934 -0.775701 2.365546 -0.000001 -0.000000 0.000002 -0.105904 0.650508 3.846763 0.323839 -1.368318 -0.099085 -0.264621 -3.172705 -2.648503 0.000004 -0.000001 0.000001 -0.233249 1.137292 5.533108 6.400356 -4.186254 10.149519 -8.618002 18.490289 -13.896524 -0.000000 -0.000001 -0.000001 0.258433 0.664950 0.272799 5.484130 0.907079 7.408391 -1.705457 1.493866 1.420603 0.000001 0.000004 -0.000004 -0.948892 -0.305463 1.273072 7.923969 0.137091 4.745080 -0.561238 1.811976 -3.550161 -0.000000 -0.000002 -0.000000 
1.407817 98.712120 -4.442398 -2.386565 -1.368534 -6.929440 2.539157 -0.525805 -1.676987 -4.228469 -0.569212 1.218645 2.742145 0.187267 1.916111 8.150110 -0.830473 2.322991 0.000001 -0.000002 0.000001 -0.121556 0.272884 3.849437 -0.046656 -1.546988 -0.238289 -0.477165 -3.081040 -2.376261 0.000001 -0.000000 0.000001 -0.372011 0.715349 5.521249 6.228314 -4.025804 10.140580 -8.824750 18.374671 -14.073461 -0.000004 -0.000001 -0.000001 -0.032151 0.717537 0.204594 5.425980 1.010937 7.591434 -2.207811 0.979399 1.256080 0.000003 0.000003 -0.000000 -1.274803 -0.292853 1.236015 8.221523 0.072299 4.679309 -0.266464 2.072559 -3.826379 -0.000000 0.000001 0.000001 
1.441097 98.702911 -4.465916 -2.348203 -1.509372 -6.902833 2.435036 -0.493646 -1.681284 -4.329870 -0.486778 1.092973 2.902480 0.245975 2.008115 8.156337 -0.776567 2.209408 -0.000000 0.000002 0.000001 -0.096492 0.409809 3.896587 0.119834 -1.487863 -0.296711 -1.013946 -3.335098 -2.251232 0.000002 -0.000004 0.000001 -0.361577 0.670043 5.508373 6.212488 -3.876505 10.270415 -8.525191 18.635474 -13.963882 0.000001 -0.000002 -0.000003 -0.143388 0.736163 0.203075 5.492500 1.049016 7.533198 -2.387702 0.837532 1.204996 0.000003 0.000003 -0.000002 -1.433830 -0.274448 1.256060 8.431904 0.103665 4.461912 -0.021649 2.080583 -3.861374 0.000001 -0.000001 0.000001 
1.472318 98.693634 -4.493881 -2.438566 -1.482338 -6.880446 2.390457 -0.482723 -1.714474 -4.257174 -0.471664 1.031581 3.001942 0.435913 2.083423 8.022789 -0.910766 2.206753 0.000001 0.000005 0.000000 -0.006957 0.269560 4.039196 0.351868 -1.500152 -0.383487 -0.679532 -3.599585 -2.248301 0.000002 -0.000002 0.000001 -0.226324 0.744244 5.518890 6.333740 -3.776149 10.135272 -8.983832 17.558120 -14.407531 -0.000000 -0.000004 0.000001 -0.211658 0.802684 0.167034 5.508430 1.063694 7.639017 -2.271978 0.728686 1.111764 0.000002 0.000003 0.000001 -1.271143 -0.356045 1.274333 8.198142 -0.045933 4.295469 0.363035 2.141913 -4.017533 -0.000000 -0.000004 0.000001 
1.501681 98.684464 -4.523250 -2.669174 -1.271857 -6.926865 2.740771 -0.594706 -1.642998 -4.157069 -0.514933 1.114947 2.804870 0.226414 1.980665 8.171919 -0.852022 2.134199 -0.000001 -0.000002 -0.000001 0.064597 0.187569 4.022619 0.033942 -1.838703 -0.452647 -0.571144 -3.643601 -2.015259 0.000001 -0.000003 -0.000001 -0.082939 1.031173 5.597749 6.243651 -3.534858 9.888559 -9.249712 16.858309 -14.540834 0.000001 -0.000002 0.000001 0.019424 0.774588 0.125594 5.460731 1.008626 7.830386 -2.234711 0.611864 1.052048 0.000001 -0.000001 0.000002 -0.975590 -0.401989 1.346589 8.143205 -0.075182 4.277372 0.085646 2.004029 -3.936456 0.000001 -0.000002 0.000001 
1.528706 98.675751 -4.552290 -2.676123 -1.340579 -6.902578 2.739054 -0.594790 -1.718663 -4.301191 -0.516393 1.136653 3.041899 0.476146 1.949037 7.925720 -1.029224 2.311732 0.000000 0.000000 0.000001 0.159959 -0.237205 4.047294 -0.555204 -2.356757 -0.496610 -0.842162 -3.772432 -1.779764 0.000000 -0.000002 0.000001 -0.121583 0.732087 5.563422 6.393983 -3.622469 9.987167 -9.219384 17.019887 -14.601942 -0.000002 -0.000002 -0.000001 0.067405 0.747489 0.083953 5.314852 0.884096 7.846778 -1.690266 0.827511 1.098170 0.000004 0.000004 -0.000007 -1.195129 -0.329957 1.285978 8.232444 -0.024271 4.353713 0.170473 1.852652 -3.733921 -0.000001 -0.000002 0.000001 
1.551386 98.669769 -4.586610 -2.485713 -1.583472 -6.902443 2.372152 -0.480818 -1.805873 -4.005582 -0.480833 1.056421 2.671074 0.374945 1.993334 8.069304 -0.994947 2.413691 -0.000001 -0.000002 0.000001 0.183641 0.123447 4.019402 -0.563697 -2.394530 -0.427496 -1.156194 -3.938652 -1.866695 0.000002 0.000000 0.000001 -0.032982 0.870572 5.572476 6.491354 -3.741083 10.097715 -9.189588 17.230897 -14.626181 -0.000001 -0.000002 -0.000000 -0.034135 0.777323 0.175996 5.530663 0.969478 7.658476 -1.857591 0.965787 1.121221 -0.000003 0.000003 -0.000003 -1.468498 -0.287312 1.241806 8.516334 0.120619 4.442967 -0.171194 1.873016 -3.737274 0.000001 -0.000004 0.000002 
1.575726 98.664970 -4.618852 -2.145186 -1.388762 -6.931206 2.004591 -0.388137 -1.746662 -4.096226 -0.520884 1.116819 2.806044 0.275852 1.924482 8.053834 -1.087280 2.478510 -0.000001 -0.000000 0.000001 0.222811 0.040534 4.076714 0.068183 -2.074929 -0.514294 -0.543362 -3.991900 -1.898270 0.000002 -0.000006 -0.000000 0.019425 0.829018 5.565074 6.571536 -3.703596 9.934806 -8.964270 16.964225 -14.575161 -0.000000 -0.000001 -0.000001 -0.154260 0.818715 0.134455 5.237978 0.789852 7.797583 -2.076297 0.710042 0.987040 0.000006 0.000002 -0.000000 -1.563588 -0.291212 1.274180 7.969029 0.006907 4.455482 -0.343191 1.829505 -3.706632 -0.000001 0.000001 0.000001 
1.596973 98.663040 -4.655499 -2.307328 -1.313355 -6.927920 2.556405 -0.544065 -1.769238 -4.331336 -0.462917 1.040679 2.712505 0.123669 2.026239 8.017034 -0.945111 2.316630 -0.000002 -0.000002 0.000001 0.162189 0.399031 4.135597 -0.152068 -2.252993 -0.584541 0.125585 -3.874827 -2.069513 0.000003 -0.000006 -0.000000 0.116097 1.089760 5.474774 6.426342 -3.546302 9.901826 -8.683719 17.065844 -14.343944 -0.000000 -0.000001 -0.000004 0.213035 0.784562 0.307147 5.078234 0.769886 7.507581 -1.869909 0.816896 1.064789 0.000005 0.000003 0.000001 -1.162303 -0.364615 1.371890 7.479782 -0.087521 4.219512 -0.271213 1.654087 -3.474128 0.000001 -0.000002 0.000001 
1.609998 98.669617 -4.690912 -2.294362 -1.186977 -6.852987 2.625160 -0.563234 -1.742221 -4.816833 -0.538315 1.170416 3.256751 -0.092732 1.776507 7.941234 -0.881762 2.234422 0.000001 0.000001 0.000002 0.159281 0.649317 3.905894 -0.464067 -2.341958 -0.338244 -0.881128 -3.858460 -2.256627 0.000002 0.000002 0.000000 0.021586 1.103621 5.418838 6.716825 -3.969831 10.168208 -8.781123 17.681239 -14.343805 -0.000000 -0.000002 -0.000003 0.334394 0.763822 0.463768 4.889301 0.708883 7.279280 -1.574798 0.632702 0.912826 0.000001 0.000000 -0.000000 -1.128371 -0.346891 1.422274 7.305109 -0.086986 4.095961 -0.537112 1.502327 -3.373826 0.000000 -0.000002 0.000001 
1.613345 98.686028 -4.735058 -2.161495 -1.507527 -6.635565 2.623024 -0.534141 -1.966573 -5.176290 -0.490306 1.084580 3.591621 0.347518 1.813296 7.929712 -0.945344 2.319784 0.000001 -0.000005 0.000001 0.101589 0.183846 3.705350 -0.010583 -1.643704 -0.067820 -0.929948 -3.293080 -2.502810 0.000003 0.000003 0.000001 -0.357350 0.410833 5.355793 6.967923 -4.580305 10.763918 -8.624844 19.341503 -14.168552 0.000003 -0.000001 -0.000003 0.005623 0.751482 0.424511 5.115377 0.833592 6.875803 -1.581735 0.842411 1.001246 0.000000 0.000001 -0.000002 -1.523607 -0.240849 1.289915 7.425310 0.045600 4.050846 -0.524251 1.437992 -3.243274 0.000000 -0.000001 0.000002 
1.607596 98.728416 -4.776188 -2.166984 -1.384579 -6.552202 2.281854 -0.428920 -1.787960 -4.941735 -0.409294 0.941159 3.859700 0.369643 1.861249 8.004545 -1.014079 2.232916 0.000001 0.000000 -0.000000 -0.123342 0.419099 3.600442 0.374519 -1.149960 -0.184352 -1.098344 -2.973392 -2.713845 0.000000 -0.000002 0.000000 -0.492198 0.101144 4.880889 7.622740 -5.581806 11.487791 -8.828734 20.521233 -14.408364 -0.000004 -0.000000 -0.000001 0.299672 0.743691 0.733024 4.512041 0.820357 6.448958 -1.498020 0.628415 0.920869 -0.000002 0.000000 -0.000004 -1.022118 -0.341637 1.408115 6.676519 -0.184119 3.705851 0.088553 1.610862 -3.370744 0.000001 -0.000002 0.000001 
1.580239 98.796234 -4.815172 -2.470748 -1.346073 -5.979905 2.736603 -0.567586 -2.046700 -4.656492 -0.215630 0.720973 3.288733 0.663131 2.014976 8.050296 -0.785030 2.213320 0.000001 0.000002 -0.000000 0.071007 0.473739 3.459282 0.555381 -1.608817 -0.374724 -1.201749 -3.639891 -2.398814 0.000004 -0.000002 0.000003 -0.174136 0.194379 4.810476 7.756833 -5.200720 11.234422 -8.355081 19.896461 -14.333980 0.000001 -0.000002 -0.000001 0.688962 0.633925 0.662962 4.312840 0.928890 5.622211 -1.554240 0.652213 1.021377 0.000004 0.000003 -0.000000 -0.660039 -0.326880 1.227922 6.379329 -0.126029 3.189267 -0.071721 1.264393 -2.774483 -0.000000 -0.000001 0.000002 
1.538883 98.877571 -4.847671 -2.437948 -0.968801 -5.656924 2.814702 -0.605956 -2.014338 -4.818010 -0.141547 0.675588 3.403258 0.204452 1.859165 7.557936 -0.692899 2.107817 0.000002 0.000000 0.000000 0.180977 0.643766 3.322618 0.077131 -2.126079 -0.433270 -1.360272 -3.762837 -2.273326 0.000002 0.000002 0.000002 -0.086998 0.116239 4.767984 8.147185 -5.450395 11.404062 -7.774968 21.101407 -14.150456 -0.000002 -0.000001 -0.000001 0.613360 0.600029 0.735789 4.020293 0.939066 5.155288 -1.200643 0.298888 0.742624 0.000002 0.000003 -0.000002 -0.382111 -0.323421 1.345964 5.538352 -0.206703 2.631525 -0.336139 1.026663 -2.411196 -0.000000 -0.000001 0.000000 
1.466915 98.998894 -4.881532 -1.160119 -1.269199 -5.064404 0.627051 0.035584 -2.235539 -1.100187 -0.105716 0.406907 1.009240 1.545994 2.070628 5.560752 -1.643377 2.931431 -0.000001 0.000004 0.000000 0.171327 -1.701115 3.117721 0.264019 -1.604489 -0.471463 -3.018299 -3.733130 -2.470513 0.000001 0.000005 -0.000000 -0.439713 -0.600762 4.622143 7.927784 -6.052192 11.606327 -7.521339 21.588095 -13.963791 0.000001 -0.000001 -0.000002 -0.472295 0.796902 0.955811 3.349783 1.020361 4.091466 -0.672325 0.103003 0.484323 0.000004 0.000002 -0.000001 -1.660047 -0.218187 1.298781 5.574752 -0.095291 1.982522 1.518348 2.179281 -3.015267 -0.000001 -0.000001 0.000000 
1.364532 99.162323 -4.902480 -0.356779 -0.690794 -4.391728 -0.071328 0.236908 -2.209463 -0.005419 -0.094534 0.383512 0.500001 1.738136 2.014874 4.308092 -1.736554 2.736425 -0.000001 -0.000000 0.000001 0.220296 -2.513366 2.875012 -0.464435 -2.174044 -0.915534 -4.000563 -3.937817 -2.314498 0.000002 -0.000004 0.000002 -0.582308 -1.295546 4.268567 8.408268 -6.649712 12.135393 -7.033739 23.243993 -14.001758 -0.000001 -0.000003 -0.000001 -1.177221 0.801892 1.206701 2.772978 1.108150 2.799133 -1.353081 -0.468144 0.237158 0.000002 0.000000 -0.000000 -2.169394 -0.086358 1.438131 4.511886 -0.189914 1.152565 2.557966 2.398707 -2.955738 -0.000000 -0.000002 0.000001 
1.252562 99.339424 -4.927461 -0.121362 0.090522 -3.909830 -0.159593 0.279450 -2.268862 0.333965 -0.092052 0.306028 0.338618 1.865996 2.107771 3.865440 -2.047419 2.556083 -0.000001 -0.000002 -0.000000 0.098642 -2.553868 2.677324 0.457408 -1.659591 -1.146984 -3.552065 -4.206331 -2.544540 0.000003 -0.000002 0.000000 -0.754990 -1.573856 4.134314 9.160888 -7.432110 12.378094 -6.516596 23.905582 -14.168438 0.000001 -0.000001 0.000000 -1.638783 0.843361 1.402529 2.102860 1.160332 1.933291 -1.260996 -0.812713 0.055189 -0.000002 0.000001 0.000001 -2.060543 -0.075844 1.539306 3.293357 -0.466697 0.455391 3.101549 2.103427 -2.657695 0.000001 -0.000001 0.000001 
1.102601 99.558998 -4.949994 0.552234 1.249906 -3.113635 -0.024243 0.252847 -2.308485 0.671330 -0.141945 0.342492 -0.081965 1.620308 1.915837 2.874621 -2.013075 2.205489 -0.000000 0.000000 0.000000 -0.049386 -2.233670 2.333587 -0.514597 -2.141678 -1.268088 -3.840366 -3.979186 -3.183679 0.000003 -0.000002 0.000002 -0.991842 -1.962864 3.759820 9.790969 -8.335213 13.068625 -5.084602 26.489099 -13.578017 -0.000000 -0.000002 -0.000001 -2.738292 0.894547 1.577325 1.628995 1.241300 0.484025 -1.663598 -1.218327 -0.224059 0.000003 0.000003 -0.000003 -2.627729 0.058688 1.509352 2.218978 -0.473916 -0.243378 2.812071 1.781626 -2.171873 0.000001 0.000003 -0.000000 
0.916469 99.807930 -4.960254 1.461019 3.176381 -2.067727 0.278090 0.135190 -2.280966 0.850693 -0.177362 0.378451 -0.594482 1.138207 1.581503 1.572054 -1.677009 1.601271 -0.000000 -0.000000 0.000001 0.314580 -1.806669 1.870499 -2.044827 -3.471399 -1.688723 -5.371258 -4.213910 -3.508568 -0.000000 -0.000002 -0.000000 -0.985934 -2.154697 3.567029 10.098920 -8.290893 13.250964 -4.044907 27.552951 -12.604927 -0.000004 -0.000004 -0.000000 -3.904520 0.843667 1.600948 1.199578 1.244725 -1.403654 -3.003654 -2.026858 -0.647875 -0.000001 0.000001 -0.000004 -2.690434 0.156827 1.532292 0.129349 -0.556657 -1.506968 2.636850 0.968321 -1.305042 -0.000000 -0.000004 -0.000000 
0.718587 100.062904 -4.967816 0.493484 5.237480 -1.284777 2.638132 -0.564156 -1.995107 -2.393348 -0.019586 0.205673 1.304195 0.249575 1.361291 2.860237 -0.941647 1.280668 -0.000000 0.000000 -0.000000 0.364940 -1.665604 1.441506 -1.047068 -2.687650 -1.485447 -6.711132 -4.309852 -4.455698 0.000000 -0.000004 0.000001 -1.378049 -3.222281 3.167564 11.458699 -9.843424 14.403320 -2.871126 31.052301 -12.376941 -0.000002 -0.000000 -0.000003 -3.361206 0.741094 1.568075 0.884045 1.315361 -2.491660 -3.207571 -2.504113 -0.970354 0.000001 0.000003 -0.000004 -1.193522 -0.090423 1.593824 -1.189911 -0.579761 -2.190617 1.908263 0.263894 -0.468398 -0.000000 -0.000002 0.000002 
0.494113 100.351227 -4.955821 0.023770 7.142091 -0.194228 4.332201 -1.031670 -1.545798 -4.444074 0.166191 -0.085579 2.177819 -0.381634 1.062268 3.063780 -0.324298 0.707782 -0.000000 0.000000 0.000000 0.507410 -1.644819 0.785133 -0.767548 -2.198715 -1.393011 -7.836249 -4.552986 -5.435184 0.000000 -0.000005 0.000002 -1.787639 -4.542901 2.551492 13.901913 -12.766094 16.482548 -1.221050 35.761293 -12.725797 0.000001 -0.000001 -0.000002 -4.280264 0.889035 1.393027 2.856898 2.134366 -4.230289 -4.778412 -3.831967 -1.876098 0.000004 0.000003 -0.000000 -0.667706 -0.212643 1.397382 -2.093517 -0.407813 -2.942887 1.448265 -0.275751 0.060416 0.000000 0.000001 0.000001 
0.255581 100.672356 -4.942758 0.161839 8.988198 0.981904 4.511100 -1.091694 -1.185982 -4.526542 0.284883 -0.354819 1.950232 -1.021058 0.816919 2.449675 0.155322 0.081818 0.000000 0.000003 0.000001 0.696903 -1.001828 0.160307 -0.630403 -1.669004 -1.435414 -8.390032 -4.401111 -7.053326 -0.000001 -0.000005 0.000003 -1.714661 -4.541552 1.935561 15.607831 -15.003310 18.081493 0.672286 38.713437 -12.005634 -0.000000 0.000001 0.000002 -5.030876 1.033266 1.354701 4.128223 2.877190 -6.411317 -4.861522 -5.869398 -3.375929 -0.000003 0.000000 -0.000002 -0.751063 -0.257537 0.901093 -3.135697 -0.380369 -3.757727 1.213304 -1.145150 1.020573 -0.000000 -0.000001 0.000001 
0.027286 100.991074 -4.914928 0.004857 10.436480 1.828465 5.179574 -1.284458 -0.722428 -5.646337 0.596965 -0.837485 2.701580 -1.258796 0.906822 1.961113 0.419698 -0.302361 -0.000000 0.000002 -0.000000 0.937249 -1.352916 -0.382840 0.063703 -1.081020 -1.546261 -9.821356 -4.556257 -7.897901 0.000001 -0.000002 0.000001 -1.922316 -5.420586 1.638170 16.990480 -16.493126 19.139344 2.574369 41.156305 -11.494992 -0.000001 -0.000002 -0.000001 -5.437956 1.039771 1.253263 5.000262 3.281276 -8.102577 -4.862926 -8.195076 -5.141837 0.000001 0.000000 -0.000000 -0.584306 -0.252074 0.469651 -3.784995 -0.290706 -3.929157 0.738195 -1.994077 1.974738 0.000000 -0.000001 0.000000 
-0.196935 101.326462 -4.894163 -0.054734 12.047259 2.954542 4.509555 -1.148227 -0.644715 -2.407052 0.266464 -0.503201 0.503345 -0.760097 0.469970 0.870683 0.334896 -0.811393 0.000000 0.000000 0.000000 1.485423 -1.794737 -1.412466 -1.216965 -2.679347 -2.032063 -9.868606 -5.399149 -7.270741 0.000001 -0.000006 0.000001 -1.702009 -5.480228 2.012752 17.266349 -15.953181 18.902391 4.053721 38.564464 -10.530165 -0.000001 -0.000000 0.000001 -6.213010 1.170624 0.652010 6.526194 4.383052 -10.083735 -3.836571 -10.940664 -6.974693 0.000001 0.000001 0.000001 -0.695752 -0.298584 -0.381156 -4.147495 -0.804573 -4.199365 0.265529 -3.176724 2.780495 -0.000000 0.000003 0.000001 
-0.404541 101.677223 -4.869775 1.417743 14.700558 3.892978 3.417746 -0.942425 -0.253656 -1.896488 0.147102 -0.505941 -0.069574 -2.338522 0.105492 -0.771287 0.976451 -2.001393 -0.000000 -0.000000 0.000001 1.809050 -1.361516 -2.330924 -1.118219 -3.140331 -2.690477 -9.494114 -6.045187 -6.952584 -0.000002 -0.000006 0.000001 -1.574098 -5.631389 2.109236 18.088098 -16.252251 19.196812 6.117459 37.156892 -9.709892 -0.000002 -0.000001 0.000000 -7.851398 1.369065 -0.689549 6.649444 5.150235 -12.324324 -6.079064 -13.369065 -8.728483 0.000001 0.000002 -0.000003 -1.930312 -0.079246 -1.142837 -5.198263 -1.255288 -4.843376 -0.364826 -4.224539 3.569198 -0.000001 0.000001 -0.000000 
-0.597677 102.012337 -4.853517 1.936949 16.430174 4.615333 3.176468 -0.947613 0.109906 -1.160749 0.014314 -0.390970 -1.035014 -2.859853 -0.342985 -1.365434 1.462165 -2.608305 -0.000000 -0.000002 0.000000 2.069425 -0.769891 -2.955511 -1.301401 -3.599151 -3.179614 -8.863151 -6.315763 -6.942070 0.000001 -0.000002 0.000002 -1.374953 -5.457247 2.148904 18.805278 -16.612644 19.696170 7.664235 35.537788 -8.649647 0.000001 -0.000003 0.000000 -8.728496 1.417272 -1.682828 7.519062 5.776843 -14.417032 -8.450425 -13.729928 -9.054113 -0.000004 0.000001 -0.000002 -2.668708 0.130193 -1.883125 -5.316883 -1.398163 -4.817826 -1.247479 -4.983698 4.141060 -0.000000 0.000001 0.000002 
-0.772441 102.365570 -4.832357 0.485086 18.681250 5.530268 5.479700 -1.638034 1.425066 -1.964957 0.246082 -0.689997 -1.709112 -3.736834 -1.056914 -0.974484 1.869034 -2.903132 -0.000000 0.000005 0.000001 2.396112 -0.047299 -4.089019 -1.337386 -3.995115 -3.045469 -8.526327 -6.472932 -7.552851 0.000002 -0.000004 -0.000000 -1.527140 -5.983475 2.210749 20.912236 -18.273077 20.857716 10.923344 36.736787 -7.237391 -0.000001 -0.000002 -0.000003 -8.211072 1.213092 -3.000448 8.078581 6.371399 -17.226212 -11.440995 -14.446929 -9.746183 0.000001 0.000002 -0.000000 -1.679527 -0.016954 -2.305138 -5.701826 -1.507548 -4.836563 -1.779328 -5.818309 5.109638 -0.000000 -0.000002 0.000002 
-0.926656 102.708694 -4.802081 -0.056498 20.095945 6.531028 6.406945 -1.906619 2.452342 -2.027082 0.440369 -1.103057 -2.091707 -4.276194 -1.426256 -1.083232 2.407786 -3.658181 -0.000001 0.000000 -0.000000 2.791297 0.198465 -4.906865 -0.970900 -3.790875 -3.292839 -8.785993 -6.977927 -8.122814 0.000002 -0.000000 -0.000000 -1.214373 -5.501677 2.577374 23.214321 -20.473714 22.054157 14.200614 36.847945 -5.902021 0.000001 -0.000003 -0.000001 -7.828031 1.384012 -4.427298 9.193572 6.979873 -20.308005 -12.553774 -15.669089 -10.847525 -0.000000 0.000002 -0.000004 -1.407171 -0.260298 -2.951029 -5.995882 -1.672421 -5.288534 -1.244120 -6.591696 5.806930 -0.000000 -0.000001 -0.000000 
-1.060468 103.023407 -4.772873 0.293792 20.689541 7.211050 6.699720 -2.003867 3.068910 -2.455844 0.719615 -1.593805 -1.982443 -4.653829 -1.469195 -1.459335 2.916021 -4.332344 -0.000000 0.000003 0.000001 3.109134 0.521976 -5.593889 -0.834984 -3.831655 -3.516744 -8.489687 -7.475481 -8.097919 0.000001 -0.000001 -0.000000 -0.965765 -5.035806 2.869766 24.499332 -21.766875 22.676419 17.137571 37.307545 -4.724988 0.000006 -0.000003 -0.000003 -8.092902 1.487417 -5.701804 10.438289 7.540704 -22.225973 -12.103905 -16.922316 -11.813482 0.000001 0.000002 -0.000003 -1.891540 -0.247808 -3.564457 -5.777899 -1.848928 -5.683307 -0.555890 -6.900135 6.124647 -0.000001 -0.000002 0.000001 
-1.159901 103.302567 -4.727262 -0.197140 20.960551 8.127905 7.062587 -2.096050 3.807368 -2.158862 0.940803 -1.884975 -1.709002 -4.543792 -1.552743 -3.102235 3.798482 -5.501263 -0.000001 0.000002 0.000001 3.211213 0.782037 -6.225375 -0.679836 -3.959870 -4.069203 -9.587821 -7.872140 -8.730696 0.000003 -0.000004 -0.000001 -0.721997 -3.922155 3.388073 25.645339 -22.607284 23.071694 20.295494 36.972746 -2.329070 0.000004 -0.000003 -0.000005 -7.222805 1.218384 -7.181564 10.981583 8.195722 -24.234443 -11.554838 -18.129226 -12.594774 -0.000000 0.000000 -0.000002 -1.470229 -0.288127 -4.168831 -5.107422 -2.058796 -5.869321 -0.200942 -6.775447 6.002999 0.000000 -0.000001 0.000003 
-1.221714 103.566422 -4.681499 -0.261049 20.803515 8.974181 7.155313 -2.147956 4.493334 -2.657816 1.224513 -2.318332 -0.790283 -4.046400 -1.595352 -4.665858 4.357136 -6.457260 -0.000001 -0.000002 -0.000000 3.436714 0.143002 -6.590049 -1.676511 -4.971013 -5.248774 -9.825685 -8.111325 -8.308672 0.000005 -0.000006 -0.000000 -0.697550 -3.920509 3.548125 25.865812 -22.118301 23.577822 24.360078 36.271849 1.323531 0.000000 -0.000001 -0.000004 -6.141917 0.904741 -8.782199 9.190130 8.478240 -26.496336 -12.609006 -17.657246 -12.274644 0.000004 0.000001 -0.000001 -1.608543 -0.116569 -5.023461 -4.916339 -2.090829 -6.334302 0.246540 -7.097921 6.300220 0.000000 -0.000001 0.000001 
-1.271260 103.810356 -4.636916 -0.085062 20.803882 9.506578 6.812945 -2.114855 4.742743 -2.964446 1.470836 -2.609498 -0.396021 -4.016927 -1.595258 -5.228167 4.794710 -7.021989 -0.000001 0.000004 0.000000 3.887473 -0.050773 -7.024432 -2.785981 -6.297740 -5.974757 -10.303285 -8.748549 -7.837033 0.000003 -0.000003 -0.000001 -0.242806 -3.205191 3.905296 26.217119 -21.513894 23.789890 27.280838 34.456952 4.172137 0.000004 -0.000001 -0.000002 -5.178157 0.641030 -9.887600 6.800464 8.686434 -27.966829 -14.059006 -17.814431 -12.398327 -0.000000 -0.000001 -0.000000 -1.538516 -0.056691 -5.519813 -5.471505 -2.338470 -6.987269 0.740089 -7.370198 6.457190 0.000000 -0.000004 0.000003 
-1.312489 104.037781 -4.604331 0.059432 21.325794 10.279533 6.031689 -1.980106 4.514749 -2.531789 1.443041 -2.466894 -0.832354 -4.291450 -2.070981 -5.307133 5.190736 -7.275414 0.000000 0.000004 -0.000000 4.266524 -0.498459 -7.241326 -3.990463 -7.710452 -6.807897 -9.810694 -9.216605 -7.127795 0.000002 -0.000002 0.000003 0.103551 -3.295274 4.007021 27.045258 -20.989574 24.745560 31.133279 33.115435 7.304959 -0.000000 -0.000009 -0.000001 -3.403606 0.253952 -10.933232 3.308541 9.024540 -29.340539 -15.120686 -18.079401 -12.574756 -0.000003 0.000001 -0.000002 -1.632813 0.038600 -6.314406 -5.683550 -2.596069 -7.511367 1.466325 -7.655130 6.872786 -0.000001 0.000001 -0.000000 
-1.340626 104.246590 -4.574662 1.076914 21.758816 10.786789 4.602857 -1.667991 4.131488 -2.625450 1.473898 -2.451636 -0.114746 -4.303184 -2.108009 -6.635476 5.731596 -7.588228 -0.000001 0.000002 0.000001 4.528572 -0.988844 -7.306185 -5.478693 -9.157881 -7.311442 -8.706016 -9.651564 -7.680875 0.000000 -0.000003 0.000000 0.136196 -4.035858 3.946134 27.116676 -20.230460 25.228752 35.207057 32.023055 10.619554 -0.000002 -0.000001 -0.000004 -1.952623 -0.066297 -11.818775 -0.714350 9.120961 -30.657246 -14.432755 -18.966233 -13.292215 0.000001 0.000001 -0.000002 -2.080674 0.225497 -6.976735 -6.475452 -2.544383 -8.347040 2.363264 -7.822708 7.435492 -0.000000 -0.000001 0.000001 
-1.360060 104.441193 -4.543587 1.801518 22.031158 11.197147 3.852228 -1.519078 3.836717 -2.991125 1.726095 -2.745914 0.331243 -4.486429 -1.902532 -7.265504 6.142072 -7.628853 0.000000 -0.000000 0.000001 4.938487 -0.558880 -7.308257 -6.741416 -10.581433 -7.718845 -7.569911 -10.400601 -8.047474 -0.000001 -0.000004 0.000004 0.531029 -4.197029 3.892050 27.212107 -19.412700 25.569834 38.504788 30.414327 13.185583 -0.000000 0.000000 -0.000003 -0.249519 -0.352722 -12.065555 -5.155389 9.416656 -32.397998 -13.923786 -19.118680 -13.297466 0.000001 0.000002 -0.000003 -1.876242 0.177437 -7.368915 -7.493481 -2.595434 -9.123044 3.485564 -7.821152 7.817134 0.000000 -0.000002 0.000001 
-1.371599 104.617714 -4.514991 2.609956 22.690582 11.303599 2.945343 -1.276799 3.749033 -3.314659 1.722494 -2.741835 0.806674 -4.907332 -1.911382 -8.038159 6.496333 -7.787157 0.000000 0.000000 0.000000 4.813770 -0.821526 -7.434768 -8.166966 -11.401413 -8.057287 -6.376464 -10.266101 -8.854576 -0.000002 -0.000006 0.000002 0.713287 -3.853687 3.673219 27.275051 -19.327632 26.311914 41.878502 29.794877 16.124301 -0.000001 -0.000002 -0.000003 1.226115 -0.491202 -11.802954 -9.922445 10.021162 -34.318029 -14.529233 -18.979731 -13.247278 -0.000000 0.000006 -0.000007 -2.324686 0.221809 -7.710507 -7.932590 -2.599657 -9.374621 3.816077 -8.071644 8.412603 0.000000 0.000001 0.000000 
-1.372077 104.771698 -4.503438 4.507461 23.729109 11.158804 0.191464 -0.574328 3.062164 -2.637635 1.372293 -2.199908 0.886741 -5.532700 -2.260603 -9.215285 6.825601 -8.037759 -0.000001 -0.000002 -0.000000 4.739082 -2.578227 -6.815430 -8.815808 -11.966300 -8.716170 -5.129828 -10.200326 -8.828784 0.000000 -0.000004 -0.000001 0.995583 -3.744125 3.167300 26.827127 -18.355606 26.439317 45.414075 28.802331 19.755060 0.000002 -0.000002 -0.000003 1.313798 -0.470302 -11.867695 -13.812594 10.404920 -35.688681 -13.597738 -18.930404 -13.022885 0.000005 0.000002 -0.000003 -3.628518 0.619223 -8.120122 -8.706564 -2.641587 -9.821171 3.930627 -8.927102 9.275463 0.000001 -0.000001 0.000000 
-1.368370 104.897003 -4.491610 5.947627 23.548220 11.126701 -1.616840 -0.072423 2.523723 -2.547798 1.394686 -2.223093 1.313770 -5.565791 -2.090869 -9.595034 7.020337 -8.134399 -0.000001 0.000005 0.000001 4.927739 -3.480321 -6.502835 -9.380852 -12.585870 -9.086406 -4.596386 -10.544744 -8.570312 -0.000000 -0.000006 0.000001 1.296647 -3.670657 3.110123 26.191747 -17.274300 26.132323 48.592182 27.338068 23.012786 0.000007 -0.000001 -0.000001 1.525925 -0.405428 -11.875051 -16.582955 10.703311 -36.809208 -12.674940 -18.385616 -12.458787 -0.000000 0.000003 0.000001 -3.958081 0.643621 -8.178885 -9.948194 -2.626713 -10.626085 4.644973 -9.100064 9.470135 -0.000000 -0.000001 0.000001 
-1.348875 104.991226 -4.474401 5.584574 23.292697 11.307337 -1.995125 0.052087 2.293293 -2.107433 1.380952 -2.104498 1.713438 -4.292584 -1.898365 -9.413896 6.471651 -7.411418 -0.000001 0.000007 0.000001 5.058801 -4.656966 -6.517198 -10.029061 -13.153236 -9.151689 -4.156465 -10.330001 -8.857617 0.000002 -0.000000 0.000001 0.313368 -5.969564 3.647103 26.421876 -17.239339 25.773251 51.726723 26.800221 27.333584 0.000004 -0.000001 -0.000001 3.593252 -0.830056 -11.341056 -18.858484 10.952371 -37.599857 -13.054615 -18.875183 -12.916511 -0.000003 0.000000 -0.000002 -3.071633 0.509559 -8.122615 -10.005133 -2.507275 -10.584310 4.662938 -8.459681 8.737725 0.000000 -0.000001 0.000001 
-1.318721 105.084114 -4.458668 5.038002 23.524659 11.470954 -1.638825 -0.048419 2.235225 -2.269684 1.421652 -2.026897 1.598501 -4.335023 -1.889254 -9.010245 6.343487 -7.185939 -0.000001 0.000002 0.000001 5.421612 -3.505696 -6.923308 -10.385695 -13.614257 -9.038535 -3.903815 -10.564165 -9.418736 0.000003 -0.000001 -0.000000 0.041026 -6.596638 4.498512 26.971258 -17.546013 25.584924 54.456217 25.830384 31.038914 0.000001 -0.000002 0.000003 5.575179 -1.161948 -10.794400 -20.778166 11.337892 -38.168064 -13.142016 -19.384067 -13.297887 0.000002 0.000002 -0.000002 -2.200893 0.376965 -8.087477 -10.322702 -2.621412 -10.671795 5.022198 -8.807956 9.172730 -0.000001 -0.000001 0.000001 
-1.290206 105.166878 -4.446941 4.828610 24.155558 11.522826 -1.557086 -0.043861 2.175843 -1.887781 1.204007 -1.672965 1.007751 -4.891864 -2.220979 -9.084386 6.440563 -7.142618 0.000000 0.000003 0.000001 5.463722 -2.716994 -7.420820 -10.851155 -13.881305 -8.859689 -3.313625 -10.424816 -9.713792 -0.000001 -0.000004 -0.000001 -0.280623 -6.925998 5.067559 27.061585 -17.807215 25.423827 56.394239 25.372546 33.525581 -0.000004 -0.000007 0.000001 6.331717 -1.280603 -10.664868 -21.517092 11.489214 -38.235146 -13.430079 -20.019175 -13.891989 -0.000003 0.000001 -0.000002 -2.191600 0.424308 -8.243998 -9.885432 -2.574008 -10.241518 4.564992 -9.075515 9.412915 -0.000000 -0.000001 0.000000 
-1.254789 105.238770 -4.431117 4.907872 24.481290 11.389170 -1.649093 -0.052213 2.250704 -2.282264 1.205470 -1.585573 1.167357 -5.185993 -2.291408 -8.914748 6.543585 -7.043507 -0.000001 0.000000 0.000000 5.621123 -2.836510 -7.358883 -10.621096 -14.213393 -8.872696 -3.074590 -10.924198 -9.307407 0.000001 -0.000002 0.000001 -0.278190 -7.219975 5.445777 27.611110 -17.629845 25.708550 58.098716 24.497061 34.665881 -0.000000 -0.000004 0.000001 7.201404 -1.336625 -10.305217 -23.023437 11.829325 -38.593195 -12.524773 -19.337459 -13.097858 0.000001 0.000001 -0.000001 -2.027832 0.317715 -8.039496 -10.226315 -2.662803 -10.529803 4.807022 -9.111492 9.648276 0.000000 -0.000002 0.000002 
-1.212160 105.295326 -4.411222 5.163010 24.397525 11.375577 -1.676429 -0.071598 2.308282 -2.563777 1.243726 -1.533124 1.523801 -5.141937 -2.282194 -9.289682 6.634077 -7.165171 -0.000000 0.000002 0.000001 5.977245 -3.253961 -7.241784 -10.946411 -15.184856 -8.843194 -2.954754 -11.993356 -8.754428 -0.000001 -0.000001 -0.000001 -0.058810 -7.729083 5.876899 28.089483 -17.166880 25.512529 59.799310 23.659688 34.825471 0.000003 -0.000002 -0.000001 8.056708 -1.400943 -10.085467 -24.299291 12.148052 -38.803551 -12.181721 -19.408307 -13.066100 -0.000000 0.000001 -0.000002 -1.990321 0.343615 -8.085346 -10.297166 -2.758391 -10.638900 5.024490 -8.841463 9.342753 -0.000000 -0.000002 -0.000001 
-1.168263 105.346931 -4.386004 5.104893 24.489092 11.428687 -1.475200 -0.139348 2.435456 -3.373865 1.464899 -1.816097 2.126185 -5.252114 -2.133170 -9.452936 6.620933 -7.186342 -0.000001 0.000003 0.000001 6.109261 -3.054531 -7.295853 -10.743232 -15.317859 -8.721618 -2.236787 -12.264349 -8.682449 0.000002 -0.000002 -0.000000 0.060933 -7.755045 5.997983 28.231026 -16.953657 25.521123 60.355534 23.441477 34.691439 -0.000001 -0.000001 -0.000002 8.715107 -1.507704 -10.021978 -25.209808 12.276291 -38.875897 -11.912218 -19.629258 -13.171248 0.000001 0.000003 -0.000003 -1.886987 0.344310 -8.146291 -10.050272 -2.806140 -10.521864 5.126738 -8.669629 9.175482 -0.000000 -0.000001 -0.000001 
-1.121464 105.401100 -4.371665 5.411035 24.628974 11.599404 -1.652734 -0.086630 2.380833 -3.088461 1.365863 -1.669998 1.842815 -5.375034 -2.377116 -9.731770 6.722412 -7.374187 -0.000000 0.000007 0.000001 6.185719 -3.095938 -7.618434 -10.817541 -15.455040 -8.440990 -1.648670 -12.417862 -8.488263 0.000003 -0.000003 -0.000001 0.178985 -7.516908 6.122484 28.486711 -17.282037 25.405611 61.272930 23.733188 34.919007 0.000000 -0.000003 0.000004 8.482829 -1.483379 -10.342909 -25.321159 12.433818 -38.860829 -11.706771 -19.779261 -13.232743 -0.000003 0.000005 -0.000004 -2.333001 0.460103 -8.551658 -9.965639 -2.900764 -10.600213 5.412025 -8.638335 9.187180 0.000000 -0.000001 0.000004 
-1.069556 105.446053 -4.362156 5.725748 24.597719 11.865768 -1.872186 -0.025544 2.276464 -3.073695 1.328697 -1.606415 1.895424 -5.243356 -2.526678 -10.097379 6.941685 -7.552633 0.000000 0.000002 0.000000 6.286562 -3.112059 -7.900004 -11.096082 -15.732489 -8.541638 -0.756502 -12.433153 -7.952858 0.000002 -0.000006 0.000001 0.319354 -7.386694 5.916314 28.772063 -17.439785 25.628285 61.717897 24.075563 34.981278 -0.000000 -0.000003 -0.000001 8.527460 -1.562045 -10.716158 -25.841017 12.514651 -39.049933 -11.832672 -19.758861 -13.289721 -0.000001 0.000003 -0.000003 -2.711916 0.653741 -9.134431 -9.697162 -2.810409 -10.407500 5.129035 -8.698516 9.194510 0.000000 -0.000002 -0.000000 
-1.025468 105.489853 -4.351492 5.586903 24.572452 11.965795 -1.747042 -0.070804 2.394261 -2.997610 1.343280 -1.659202 1.918664 -5.006016 -2.529415 -10.001546 6.869132 -7.567642 -0.000001 0.000000 0.000000 6.341827 -3.307521 -7.978684 -11.013026 -15.726599 -8.635103 -0.318835 -12.467609 -7.543641 -0.000000 -0.000007 -0.000000 0.186946 -7.967551 5.694392 29.032627 -17.588067 25.762755 62.513668 24.561775 35.355679 -0.000000 -0.000001 0.000004 9.106921 -1.610126 -10.537304 -26.486731 12.744155 -39.370150 -11.410075 -19.598115 -13.098179 0.000001 -0.000001 -0.000000 -2.463736 0.591049 -9.115704 -9.886667 -2.836817 -10.614973 5.344220 -8.777447 9.328785 0.000000 -0.000004 -0.000001 
-0.976129 105.522400 -4.335877 5.482785 24.606395 12.075235 -1.881668 -0.075259 2.596868 -3.177006 1.416830 -1.752254 2.167011 -4.795717 -2.573711 -9.956049 6.920410 -7.640610 -0.000001 0.000005 0.000001 6.432227 -3.849145 -7.729387 -11.040576 -15.933689 -9.033904 0.144726 -12.745371 -7.032747 0.000001 0.000001 -0.000000 0.417351 -8.011137 5.503822 29.095646 -17.308985 25.843549 62.917783 24.678821 34.840570 0.000005 -0.000001 -0.000001 9.529501 -1.621135 -10.560400 -27.008866 12.873326 -39.457501 -11.325056 -19.743755 -13.169838 0.000001 0.000002 -0.000001 -2.262105 0.510571 -9.129922 -9.910083 -2.915724 -10.801146 5.860443 -8.487213 9.054318 -0.000000 -0.000001 0.000002 
-0.937862 105.554161 -4.319160 5.414428 24.697986 12.171912 -2.077997 -0.047073 2.757947 -3.599944 1.603237 -1.980792 2.558232 -5.183547 -2.511250 -9.762833 7.239242 -7.773250 -0.000000 0.000003 0.000001 6.587458 -3.372382 -7.882718 -10.864527 -16.017849 -8.976545 0.052091 -12.853143 -7.120621 0.000001 -0.000006 0.000001 0.703670 -7.635406 5.396214 28.848711 -16.789238 25.695803 63.069420 24.908592 34.727076 -0.000001 -0.000002 -0.000001 10.062528 -1.697563 -10.392024 -27.552778 12.888191 -39.752182 -10.775680 -19.539720 -12.970473 0.000000 0.000001 -0.000001 -1.935723 0.427910 -9.036736 -10.068476 -2.769805 -11.008436 5.995822 -8.503522 9.202205 -0.000000 0.000001 0.000003 
-0.895567 105.574272 -4.295409 5.662127 24.932989 12.208673 -2.612376 0.078195 2.720754 -2.714233 1.306418 -1.529772 2.019574 -4.852311 -2.943939 -9.711853 7.176309 -7.639168 -0.000000 0.000003 0.000001 6.561704 -3.954977 -7.847993 -10.848524 -15.956031 -8.997436 -0.154669 -12.775123 -7.294456 -0.000000 -0.000007 0.000003 0.391806 -8.465351 5.368602 28.737044 -16.806599 25.565446 62.997266 25.492428 34.614634 0.000002 -0.000002 -0.000003 9.872110 -1.716457 -10.509022 -27.427846 12.784460 -39.754682 -10.776063 -19.558697 -13.042735 0.000001 0.000001 -0.000001 -1.839684 0.399760 -9.025232 -10.246698 -2.627909 -11.161025 5.815871 -8.515117 9.259353 -0.000000 -0.000001 -0.000001 
-0.855806 105.591057 -4.270607 5.998764 25.056225 12.347843 -2.641390 0.081737 2.846703 -3.568182 1.603055 -1.978716 2.700840 -5.288463 -2.675209 -9.700265 7.286439 -7.818684 -0.000001 0.000003 0.000001 6.630426 -3.536396 -8.357881 -10.670213 -15.711380 -8.542049 -0.644469 -12.728225 -7.907200 0.000003 -0.000008 -0.000001 0.337148 -8.199954 5.395607 28.369483 -16.859052 25.272251 62.830227 26.168499 34.560962 0.000007 -0.000001 -0.000004 9.641024 -1.746481 -10.753402 -27.393693 12.836254 -39.826543 -10.804987 -19.712699 -13.162018 0.000006 0.000000 0.000001 -2.028804 0.463261 -9.296317 -10.221566 -2.654594 -11.144883 5.852796 -8.411976 9.132750 0.000001 -0.000001 0.000000 
-0.821503 105.605423 -4.245189 5.704007 25.179509 12.457193 -2.223905 -0.046634 3.199368 -4.039692 1.755762 -2.175014 2.895554 -5.465287 -2.722031 -9.516834 7.357697 -7.867691 -0.000001 -0.000000 0.000001 6.747488 -3.430369 -8.734553 -10.685641 -15.785937 -8.369444 -0.558318 -12.768240 -7.690995 -0.000000 -0.000007 -0.000000 0.535902 -7.702454 5.492880 27.741956 -16.371622 24.632666 62.954120 26.189990 34.459664 0.000001 -0.000000 -0.000007 9.758689 -1.776335 -10.797158 -27.140069 12.831580 -39.751954 -11.075932 -19.721420 -13.192088 -0.000002 -0.000001 0.000001 -1.762876 0.407315 -9.370296 -10.082068 -2.718057 -10.931447 5.470336 -8.506938 9.086977 -0.000000 -0.000001 0.000000 
-0.791010 105.612877 -4.221293 5.374996 24.800960 12.668059 -1.966062 -0.122071 3.215595 -4.295740 1.949150 -2.434923 3.281474 -5.168357 -2.463005 -9.548196 7.480812 -7.951316 0.000001 0.000000 0.000000 6.898196 -3.813697 -8.812563 -10.854523 -16.107574 -8.247245 -0.765100 -12.945550 -7.540131 0.000000 -0.000002 -0.000000 0.738213 -7.458690 5.560375 27.419137 -15.903059 24.162598 63.112560 26.124837 34.368412 0.000001 -0.000001 -0.000001 10.118697 -1.879551 -10.819038 -27.165687 12.897338 -39.889025 -11.579790 -19.569074 -13.090193 -0.000000 -0.000001 -0.000000 -1.576161 0.396377 -9.524469 -9.954291 -2.759081 -10.896944 5.709799 -8.383314 9.008135 -0.000000 -0.000001 -0.000002 
-0.765082 105.624565 -4.195080 5.686260 24.841468 12.710332 -2.213040 -0.049534 3.243234 -4.599274 2.085535 -2.600916 3.555617 -5.291841 -2.415331 -9.393008 7.542175 -7.943995 -0.000002 0.000004 0.000000 6.920170 -3.528579 -9.146918 -10.975103 -16.028682 -8.047037 -0.517959 -12.683346 -7.633378 0.000001 -0.000009 0.000002 0.643570 -7.485475 5.500978 27.321920 -16.081390 23.999021 62.978073 26.799263 34.340282 -0.000001 0.000000 -0.000001 9.749196 -1.879537 -11.038078 -27.009983 12.855529 -39.844564 -11.520162 -19.408186 -12.943269 0.000003 0.000003 -0.000002 -2.091756 0.571876 -9.763759 -9.526947 -2.713353 -10.746860 5.694914 -8.453822 9.122169 -0.000000 0.000001 0.000000 
-0.749003 105.632828 -4.170832 5.235501 24.850149 12.807616 -1.923093 -0.123215 3.401383 -4.224380 2.027313 -2.513960 3.173873 -5.544219 -2.587587 -9.360329 7.767907 -8.028997 -0.000001 0.000000 0.000000 6.926300 -3.428813 -9.225716 -10.981016 -15.976736 -7.890505 -0.820920 -12.469726 -7.735018 -0.000000 -0.000007 -0.000000 0.844266 -6.793898 5.469160 27.039010 -15.890380 23.854104 62.480938 27.065147 34.334029 0.000001 -0.000001 -0.000006 10.022043 -1.984694 -10.917374 -27.045300 12.828453 -39.995228 -11.491768 -19.345577 -12.871415 -0.000003 0.000004 -0.000003 -1.599353 0.478524 -9.599403 -9.731751 -2.595495 -10.817874 5.423802 -8.462672 9.148937 -0.000000 -0.000002 0.000000 
-0.738769 105.638908 -4.143841 5.312239 24.752471 12.869891 -2.010969 -0.085519 3.313743 -3.953036 1.964479 -2.438881 2.945793 -5.335499 -2.685999 -9.451044 7.754828 -8.028400 -0.000000 -0.000002 0.000000 6.872560 -3.108576 -9.306315 -11.039135 -15.962364 -7.741487 -1.061517 -12.467291 -8.010564 0.000001 0.000000 0.000002 0.607455 -7.450859 5.285570 27.010772 -15.970813 23.886898 62.535805 27.750152 34.129130 0.000005 -0.000001 -0.000004 10.082133 -2.016662 -10.925068 -27.172432 12.841466 -40.104685 -11.494762 -19.308100 -12.898845 -0.000004 0.000000 -0.000000 -1.358160 0.430656 -9.536456 -10.287018 -2.500432 -11.065957 5.503061 -8.632403 9.501750 -0.000000 0.000001 0.000001 
-0.729606 105.644478 -4.115837 5.157878 24.690640 13.010670 -2.186043 -0.030801 3.157291 -3.738003 1.921865 -2.369036 2.927039 -5.173510 -2.782435 -9.246675 7.607879 -7.880631 -0.000000 -0.000002 -0.000000 6.813740 -3.374366 -9.361386 -10.934150 -15.885143 -7.557765 -1.599187 -12.420764 -8.116600 0.000001 -0.000006 -0.000000 0.398829 -7.782990 5.328111 26.804627 -15.878557 23.731403 62.553161 28.117756 34.305896 0.000003 -0.000001 0.000004 10.202492 -2.103972 -11.012540 -27.187028 12.869895 -40.126801 -11.838535 -19.329890 -12.975471 0.000001 0.000003 -0.000002 -1.138291 0.403238 -9.645136 -10.309301 -2.483781 -10.997942 5.379715 -8.418301 9.298297 -0.000000 -0.000001 0.000000 
-0.727356 105.652527 -4.094950 4.907409 24.629346 13.199907 -2.183833 -0.002667 2.948392 -3.295233 1.838679 -2.271994 2.544260 -4.950147 -2.885523 -9.146753 7.561466 -7.829839 -0.000000 0.000005 0.000001 6.877217 -3.620434 -9.578340 -10.961275 -15.902338 -7.252433 -1.889255 -12.345034 -8.183525 0.000000 0.000002 0.000002 0.477495 -7.424188 5.425121 26.797079 -15.900528 23.728072 62.228003 28.227867 34.061303 -0.000003 -0.000005 0.000001 10.264040 -2.116801 -11.117881 -27.193176 12.832740 -40.234684 -12.003817 -19.324943 -12.999067 0.000000 0.000002 -0.000000 -1.120610 0.397329 -9.864753 -10.088240 -2.463913 -10.805608 5.175664 -8.405883 9.152091 0.000001 -0.000001 -0.000000 
-0.726712 105.659920 -4.077711 4.971474 24.661551 13.236354 -2.610516 0.107912 2.739033 -2.136073 1.457543 -1.700105 1.702367 -5.091000 -3.333578 -9.446849 7.795090 -7.996895 0.000000 0.000000 0.000000 6.949047 -3.830962 -9.643805 -11.031898 -16.053228 -7.162094 -2.282871 -12.442702 -7.903506 0.000001 -0.000004 -0.000002 0.826846 -6.649077 5.419513 26.446182 -15.452982 23.473473 62.192001 28.001901 34.071354 0.000003 -0.000003 -0.000001 10.056061 -2.111337 -11.210588 -27.023140 12.816014 -40.193853 -12.021728 -19.504917 -13.184398 -0.000003 0.000001 -0.000002 -0.985277 0.382661 -9.853153 -10.430102 -2.452668 -10.915668 5.161448 -8.451057 9.204973 0.000000 0.000001 0.000001 
-0.727489 105.668556 -4.058964 4.976342 24.613406 13.282827 -2.663364 0.121779 2.672747 -2.307391 1.483354 -1.770263 2.011409 -5.032734 -3.272320 -9.103734 7.532765 -7.798236 -0.000001 0.000000 0.000000 6.929376 -3.950933 -9.736535 -11.282667 -16.207347 -7.190576 -2.296429 -12.405883 -7.758066 0.000002 -0.000002 -0.000002 0.788513 -6.673004 5.293826 26.541931 -15.555763 23.581184 62.281995 28.334920 34.030325 0.000003 -0.000002 0.000001 10.042860 -2.109605 -11.272156 -27.004345 12.790853 -40.206189 -12.049102 -19.493539 -13.197133 0.000004 0.000002 -0.000000 -1.007895 0.381138 -9.852725 -10.424427 -2.420742 -11.009715 5.294415 -8.559980 9.375774 -0.000000 -0.000001 -0.000000 
-0.732475 105.678581 -4.040006 4.704772 24.385401 13.288892 -2.252222 0.014097 2.805817 -2.294487 1.556258 -1.909196 1.928064 -4.622512 -3.252640 -9.225461 7.382739 -7.724254 -0.000001 0.000000 -0.000000 6.949104 -3.893070 -9.798986 -11.454243 -16.261033 -7.131783 -2.192448 -12.321434 -7.958197 0.000001 -0.000004 0.000001 0.599557 -7.142640 5.342426 26.311560 -15.453276 23.311164 62.566971 28.444992 34.243871 -0.000001 -0.000002 -0.000003 10.315727 -2.128384 -11.183328 -27.158646 12.757877 -40.155413 -11.877647 -19.356309 -13.033823 0.000001 0.000001 -0.000001 -0.821744 0.303501 -9.750535 -10.280119 -2.431605 -10.985854 5.449410 -8.236543 8.968719 0.000000 -0.000001 -0.000001 
-0.736556 105.687836 -4.027204 4.622846 24.520026 13.237875 -2.102082 -0.017659 2.857753 -2.505109 1.585750 -1.964424 1.977876 -4.666551 -3.248058 -9.231077 7.277065 -7.737364 -0.000001 0.000002 0.000001 6.932821 -4.312828 -9.788563 -11.342683 -16.164430 -7.051287 -2.224570 -12.354497 -7.893168 -0.000000 -0.000004 -0.000000 0.514989 -7.330014 5.378491 26.139322 -15.367878 23.118611 62.653824 28.384000 34.178082 -0.000001 -0.000002 -0.000002 10.447751 -2.086299 -11.063184 -27.356740 12.757237 -40.229264 -11.614843 -19.492385 -13.132711 0.000003 0.000002 -0.000000 -0.677643 0.235098 -9.612289 -10.663492 -2.414658 -11.171237 5.530833 -8.433940 9.169423 0.000000 -0.000002 0.000003 
-0.741468 105.695114 -4.014136 4.552518 24.207748 13.291254 -1.599791 -0.146763 2.928418 -3.376587 1.975374 -2.544539 2.661179 -4.580432 -2.746887 -9.100091 7.255042 -7.645715 0.000000 0.000002 0.000001 6.932641 -4.466210 -9.690962 -11.396790 -16.227100 -7.122676 -2.535137 -12.434776 -7.770456 0.000002 -0.000008 0.000002 0.636956 -7.123783 5.426832 26.324247 -15.530160 23.133444 62.519365 28.492255 33.796541 0.000003 -0.000003 0.000001 10.683844 -2.077094 -10.961965 -27.489969 12.844613 -40.427849 -11.821241 -19.384251 -13.067845 0.000006 0.000001 -0.000000 -0.815665 0.284460 -9.732290 -10.415083 -2.357998 -11.068152 5.873654 -8.324296 9.275664 -0.000000 -0.000002 0.000003 
-0.744980 105.698471 -3.999098 5.037790 24.514423 13.098186 -2.068973 -0.049453 2.881159 -3.196646 1.926735 -2.476367 2.495640 -4.743700 -2.821005 -8.702980 7.055749 -7.466663 -0.000001 0.000003 0.000001 6.997744 -4.143948 -9.440931 -11.216921 -16.235039 -7.211286 -2.942589 -12.763119 -8.124434 0.000000 -0.000009 0.000002 0.799200 -7.174012 5.249499 26.429513 -15.344566 23.229108 62.607201 28.404865 33.310703 0.000001 -0.000001 -0.000002 10.209926 -1.918560 -11.040235 -27.554428 12.924566 -40.320007 -11.362500 -19.422104 -12.961586 0.000001 0.000001 -0.000001 -1.035194 0.261175 -9.632741 -10.674898 -2.562865 -11.249870 5.831861 -8.507784 9.270985 0.000000 -0.000002 0.000002 
-0.749601 105.695213 -3.985497 4.811832 24.629797 13.004196 -1.857877 -0.106888 2.998177 -3.326357 1.963525 -2.546329 2.629600 -4.842456 -2.698968 -8.718742 7.121796 -7.516181 -0.000001 -0.000002 -0.000000 6.890312 -4.110366 -9.155085 -11.082938 -16.104562 -7.353446 -2.899407 -12.765698 -8.388175 -0.000003 -0.000004 -0.000000 0.866398 -7.051582 5.119833 26.579005 -15.433410 23.477218 62.478828 28.450175 33.170281 -0.000001 -0.000001 -0.000001 10.357231 -1.879348 -10.859506 -27.379974 12.862645 -40.245336 -11.366207 -19.490150 -13.033872 0.000004 0.000003 -0.000003 -0.819293 0.175491 -9.439327 -10.750291 -2.534999 -11.258607 5.860968 -8.659227 9.499816 0.000000 -0.000004 -0.000001 
-0.753429 105.692574 -3.975860 4.869107 24.719991 12.888815 -1.811488 -0.115495 2.978226 -3.400701 1.786632 -2.225776 2.497066 -5.199907 -3.051295 -8.625966 7.111245 -7.431111 -0.000000 0.000003 0.000001 6.865503 -3.935423 -9.211761 -11.362071 -16.402819 -7.450052 -2.865414 -12.873745 -8.046431 -0.000002 -0.000009 -0.000001 0.923612 -6.964321 5.145789 26.489499 -15.273539 23.331542 62.740738 28.488634 32.957200 0.000001 -0.000003 0.000000 10.248776 -1.872307 -10.809141 -27.280025 12.868121 -40.100942 -11.261461 -19.510555 -13.051366 -0.000004 0.000003 -0.000002 -1.006397 0.233863 -9.450913 -10.493579 -2.560737 -11.010828 5.634117 -8.665149 9.547560 0.000001 -0.000001 0.000000 
-0.756261 105.698242 -3.968866 4.495794 24.455327 12.824256 -1.251354 -0.256382 3.217042 -3.754757 1.908049 -2.433154 2.737804 -5.368492 -2.816175 -8.746429 7.317608 -7.678126 -0.000001 0.000003 0.000001 6.766589 -3.654152 -9.306169 -11.345134 -16.254008 -7.408018 -2.751695 -12.809413 -8.097524 0.000002 -0.000007 0.000000 1.038656 -6.274565 5.282704 26.289845 -15.347309 23.238778 62.714954 28.249944 33.062381 -0.000000 -0.000001 -0.000004 10.665783 -1.863701 -10.570769 -27.403810 12.990125 -40.146394 -11.356881 -19.322170 -12.917383 -0.000001 0.000001 -0.000002 -0.748234 0.121600 -9.276803 -10.360845 -2.585754 -10.937836 5.827940 -8.428393 9.365897 0.000000 -0.000002 0.000003 
-0.757521 105.695267 -3.957320 4.625220 24.377017 12.789175 -1.256328 -0.258966 3.173288 -4.084104 2.008122 -2.533120 3.080571 -5.224303 -2.723019 -8.753996 7.041783 -7.408601 -0.000001 0.000003 0.000001 6.684562 -4.081804 -8.895988 -11.443091 -16.347978 -7.644079 -1.996599 -12.725025 -8.048858 0.000001 -0.000010 0.000002 1.097597 -6.304880 5.265700 26.179243 -15.129101 23.224291 62.698261 28.139374 33.210883 0.000004 -0.000006 -0.000003 10.611091 -1.880081 -10.565416 -27.607210 13.016938 -40.199147 -11.349545 -19.438409 -13.014872 -0.000004 0.000001 -0.000001 -0.865312 0.179490 -9.243441 -10.471311 -2.541255 -11.037947 5.795626 -8.585803 9.574702 0.000000 -0.000001 0.000001 
-0.753808 105.697922 -3.948425 4.810968 24.172897 12.821556 -1.213759 -0.262254 3.147543 -4.622960 2.245283 -2.889511 3.471102 -5.391411 -2.416984 -8.489904 6.957091 -7.317153 -0.000000 0.000002 0.000001 6.713021 -3.864609 -8.903033 -11.291284 -16.217236 -7.433810 -2.125904 -12.706607 -8.351595 0.000001 -0.000007 0.000002 0.910733 -6.766133 5.287486 26.118102 -15.160544 23.173981 62.808336 28.477337 33.284386 0.000002 -0.000003 0.000001 10.324497 -1.855074 -10.786511 -27.277088 12.879744 -40.127740 -11.551779 -19.346239 -12.973665 0.000004 0.000003 -0.000004 -0.939237 0.208976 -9.383269 -10.478334 -2.507380 -10.996452 6.011068 -8.254781 9.163802 -0.000000 0.000001 0.000003 
-0.742491 105.703667 -3.941319 4.336189 24.155044 12.814354 -0.753889 -0.400398 3.447165 -4.520427 2.169498 -2.788360 3.115826 -5.410697 -2.686472 -8.319166 6.927065 -7.288999 -0.000001 -0.000000 0.000001 6.712451 -3.654605 -8.958056 -11.037694 -16.017202 -7.177499 -2.343477 -12.690705 -8.545981 -0.000000 -0.000004 -0.000000 0.872575 -6.879837 5.185094 26.178005 -15.253730 23.257334 62.996324 28.775679 33.348627 -0.000001 -0.000002 0.000005 10.802593 -1.870055 -10.642364 -27.448136 12.911033 -40.106024 -11.480690 -19.385824 -12.975394 0.000001 0.000002 -0.000003 -0.235317 -0.039806 -9.170868 -11.010111 -2.555611 -11.214153 6.085559 -8.372112 9.301705 0.000001 -0.000002 0.000001 
-0.730939 105.707657 -3.935974 4.406060 23.971688 12.856365 -0.961567 -0.339448 3.286639 -3.916934 1.919134 -2.408767 2.697840 -5.359300 -2.945571 -8.322824 7.056440 -7.375119 0.000000 0.000002 0.000001 6.724273 -3.540088 -8.926819 -11.129009 -16.109363 -7.201698 -2.693161 -12.791728 -8.559679 0.000000 -0.000003 0.000000 0.847506 -7.007818 5.216491 25.963473 -15.085762 22.982017 63.259778 28.899674 33.402139 -0.000003 -0.000001 -0.000001 10.771060 -1.895591 -10.748233 -27.501905 12.909536 -40.111078 -11.382612 -19.205674 -12.817316 -0.000003 0.000000 -0.000000 -0.296535 -0.011053 -9.324693 -10.928239 -2.565203 -11.141656 6.267987 -8.321694 9.359166 -0.000000 -0.000001 0.000001 
-0.716591 105.709656 -3.920181 4.119755 23.812172 12.939320 -0.386056 -0.486456 3.486553 -5.041298 2.312488 -2.955281 3.594486 -5.619508 -2.499394 -8.206325 6.965111 -7.333041 0.000000 0.000000 0.000000 6.686237 -3.198814 -8.770490 -10.879341 -15.972905 -7.260255 -2.612467 -12.862122 -8.637865 0.000002 -0.000002 0.000001 1.039449 -6.724885 4.953402 26.268254 -15.213608 23.382463 63.361766 29.047377 33.252875 -0.000000 -0.000004 0.000004 11.196333 -1.967508 -10.667671 -27.730348 12.980620 -40.194721 -11.484789 -19.206082 -12.797351 0.000001 0.000002 -0.000003 0.201705 -0.134390 -9.239970 -11.085989 -2.572027 -11.203970 6.604666 -8.257465 9.381016 -0.000000 0.000001 0.000004 
-0.701215 105.711922 -3.907909 4.118227 23.735297 12.981042 -1.130014 -0.269235 2.995774 -3.195701 1.697936 -2.069396 2.449375 -5.185868 -3.033313 -8.186716 6.853697 -7.126850 -0.000002 -0.000002 0.000000 6.757340 -3.460433 -8.815945 -11.083836 -16.475735 -7.290341 -3.014625 -13.283986 -8.215845 -0.000000 0.000000 0.000002 0.858842 -7.313251 5.239535 26.404693 -15.127013 22.949446 63.524236 29.069855 32.737817 0.000001 -0.000003 0.000003 11.067290 -2.061914 -10.751560 -27.650819 12.924509 -40.297956 -11.702083 -18.990030 -12.741189 -0.000004 -0.000001 -0.000000 0.091027 0.036163 -9.340448 -10.878995 -2.355155 -11.095545 6.442159 -8.502795 9.863889 -0.000001 0.000001 -0.000000 
-0.689996 105.710197 -3.892820 4.726438 23.699414 12.941609 -1.744847 -0.093765 2.778103 -3.442390 1.717863 -2.109346 2.735326 -5.249677 -3.025777 -8.302632 6.706715 -7.133200 -0.000001 0.000000 0.000000 6.605904 -3.582204 -8.801382 -10.729396 -15.915579 -7.144907 -3.219877 -12.977487 -8.419080 -0.000000 -0.000006 0.000001 0.584824 -7.620950 5.088825 26.483801 -15.540275 23.272046 63.399387 29.525323 33.094828 -0.000000 -0.000003 0.000003 10.454458 -1.988211 -11.041232 -27.410772 12.935589 -40.059049 -11.760496 -19.113139 -12.781739 0.000003 0.000001 -0.000001 -0.404423 0.116901 -9.469507 -10.951589 -2.523641 -11.314494 6.664909 -8.298617 9.496213 -0.000000 0.000001 0.000001 
-0.675350 105.714386 -3.883355 4.253692 23.593227 12.960607 -1.136191 -0.265035 3.005967 -4.109889 1.943491 -2.421267 3.124890 -5.146589 -2.832303 -8.022259 6.619517 -7.020708 0.000000 0.000003 0.000001 6.644645 -3.865292 -8.741209 -11.002779 -16.196419 -7.178888 -3.206830 -13.107537 -8.340219 0.000002 -0.000007 -0.000000 0.718756 -7.400793 5.120337 26.670371 -15.591754 23.359851 63.361445 29.332135 32.907011 0.000003 -0.000002 -0.000000 10.733783 -1.994797 -10.956691 -27.355635 12.942026 -40.029567 -11.742543 -18.995050 -12.692478 -0.000001 0.000001 -0.000001 -0.134091 0.019412 -9.450787 -10.900581 -2.566389 -11.193019 6.682560 -8.290426 9.518313 -0.000000 0.000001 0.000002 
-0.662342 105.720078 -3.871470 4.043670 23.714079 12.998729 -0.858581 -0.330423 3.029185 -4.167643 2.016996 -2.583786 3.030508 -5.070168 -2.769222 -8.100936 6.392822 -6.879648 -0.000001 -0.000000 0.000001 6.605453 -3.707554 -8.889468 -11.189138 -16.326500 -7.026021 -2.620616 -13.200677 -8.504458 0.000004 -0.000008 0.000001 0.550302 -7.630144 5.206245 26.504134 -15.593605 23.184942 63.741531 29.252112 33.005260 0.000003 -0.000003 -0.000001 10.817798 -1.946324 -10.951820 -27.268588 12.959387 -39.957880 -11.755007 -19.242671 -12.934839 0.000006 0.000001 -0.000001 0.147090 -0.105800 -9.356047 -11.067428 -2.580054 -11.278958 6.943110 -7.966986 9.233526 -0.000000 -0.000001 0.000001 
-0.654043 105.723892 -3.860972 3.975823 23.653515 12.988504 -0.844620 -0.348995 2.989634 -3.417720 1.847233 -2.354932 2.326350 -5.081046 -2.969629 -8.025403 6.471103 -6.852724 -0.000000 0.000002 0.000001 6.779381 -3.436063 -9.011054 -11.249732 -16.592898 -6.917063 -3.134346 -13.454451 -8.473360 0.000000 -0.000006 -0.000000 0.855989 -7.021658 5.437632 26.258423 -15.227521 22.742747 63.751756 28.875878 32.901144 0.000001 -0.000003 -0.000001 10.754853 -1.943080 -10.918325 -27.145503 12.955432 -40.040878 -11.638951 -19.059219 -12.799716 0.000003 0.000002 -0.000000 0.039493 -0.046902 -9.366666 -10.800693 -2.509573 -11.157526 6.838762 -7.977568 9.259447 -0.000000 0.000003 0.000001 
-0.644381 105.725563 -3.850170 4.284993 23.811470 12.851384 -1.236472 -0.243929 2.928465 -3.252125 1.765071 -2.196624 2.303185 -5.022411 -3.080210 -8.186954 6.365761 -6.686001 -0.000002 0.000004 0.000000 6.743670 -3.894177 -9.064972 -11.172478 -16.496297 -6.787845 -3.603843 -13.411390 -8.524272 0.000002 -0.000002 0.000001 0.534390 -7.732021 5.605137 26.365362 -15.515642 22.624283 63.707394 29.243175 32.815080 0.000001 -0.000001 -0.000002 10.627164 -1.933260 -10.832134 -27.237194 12.924091 -40.078242 -11.438404 -19.321256 -13.004998 0.000003 0.000003 -0.000003 -0.054799 -0.007923 -9.271616 -10.912711 -2.425573 -11.171581 6.588248 -8.085444 9.397531 -0.000000 -0.000001 -0.000000 
-0.632063 105.729652 -3.839055 4.531071 23.660424 12.836564 -1.271793 -0.232858 2.804478 -3.949285 1.965013 -2.439457 3.047015 -4.963695 -2.765905 -8.450911 6.449049 -6.660412 -0.000000 0.000003 0.000001 6.827602 -4.114261 -9.057587 -11.366312 -16.673667 -6.878962 -3.502168 -13.330159 -8.366978 -0.000000 -0.000002 0.000001 0.606005 -7.752383 5.466801 26.453565 -15.392139 22.761325 63.443585 29.306487 32.749149 0.000001 -0.000003 -0.000001 10.477149 -1.972866 -10.892775 -27.234864 12.830117 -40.119455 -11.753985 -19.307027 -12.970410 0.000001 0.000003 -0.000002 -0.324854 0.103409 -9.410193 -10.960733 -2.389326 -11.207572 6.601064 -8.035431 9.390322 -0.000000 -0.000001 0.000000 
-0.616656 105.730080 -3.821323 4.873134 23.666804 12.831054 -1.601894 -0.144881 2.632394 -3.948697 1.967318 -2.424384 3.244192 -5.098149 -2.692112 -8.336587 6.312002 -6.570019 -0.000000 0.000005 0.000001 6.907948 -3.950630 -8.982295 -11.497155 -16.882322 -7.087855 -3.304710 -13.509009 -8.190032 0.000003 -0.000004 0.000002 0.744659 -7.838912 5.335207 26.546690 -15.240001 22.862863 63.589314 29.288240 32.352588 0.000007 -0.000004 -0.000000 10.382388 -1.964149 -10.977590 -27.346669 12.824855 -40.062823 -11.330311 -19.299278 -12.915254 -0.000000 0.000001 -0.000000 -0.409957 0.139588 -9.451905 -11.149623 -2.363132 -11.377500 6.880057 -7.941808 9.388823 -0.000000 0.000003 0.000001 
-0.604112 105.729233 -3.806711 5.290659 23.507300 12.834782 -1.961996 -0.022452 2.414605 -3.480374 1.854011 -2.308875 2.890960 -4.937557 -2.729745 -8.362057 6.307773 -6.676178 -0.000001 0.000004 0.000000 6.689548 -3.810874 -8.859373 -11.165824 -16.382405 -7.177411 -3.325897 -13.281007 -8.683854 0.000002 -0.000010 -0.000002 0.754358 -7.422884 5.149493 26.574027 -15.498929 23.217440 63.448954 29.336578 32.742523 0.000004 -0.000002 -0.000000 10.143251 -1.953091 -11.061310 -27.535153 12.993241 -40.192938 -11.324669 -19.132989 -12.762875 0.000002 -0.000003 0.000001 -0.632897 0.197494 -9.563324 -11.309724 -2.395543 -11.545300 7.019328 -7.819985 9.246967 0.000000 -0.000001 0.000001 
-0.586194 105.726517 -3.792253 5.372803 23.524836 12.729206 -1.632029 -0.120508 2.584028 -3.881797 1.945460 -2.453951 2.966292 -5.032197 -2.643909 -8.535688 6.350079 -6.807442 0.000001 0.000002 0.000001 6.695745 -3.688545 -8.838605 -11.154979 -16.349873 -7.247524 -3.536030 -13.356916 -8.796425 0.000002 -0.000002 -0.000000 0.765179 -7.306152 5.214924 26.510995 -15.492652 23.112744 63.289564 29.346533 32.513784 0.000001 -0.000004 0.000001 10.089836 -1.894295 -10.963206 -27.365201 13.006948 -40.075380 -11.209776 -19.358699 -12.903359 0.000001 0.000003 -0.000003 -0.717369 0.193871 -9.503444 -11.220858 -2.498028 -11.615082 7.306679 -7.652529 9.053179 -0.000000 -0.000002 0.000000 
