HIERARCHY
ROOT Hips
{
	OFFSET -7.399734 108.848358 -3.559000
	CHANNELS 6 Xposition Yposition Zposition Xrotation Yrotation Zrotation
	JOINT Chest
	{
		OFFSET -1.419860 13.471565 1.629474
		CHANNELS 3 Xrotation Yrotation Zrotation
		JOINT Chest2
		{
			OFFSET -0.565805 21.340813 1.821073
			CHANNELS 3 Xrotation Yrotation Zrotation
			JOINT Chest3
			{
				OFFSET 4.173223 14.323822 -0.481772
				CHANNELS 3 Xrotation Yrotation Zrotation
				JOINT Neck
				{
					OFFSET 3.002047 16.919922 1.822032
					CHANNELS 3 Xrotation Yrotation Zrotation
					JOINT Head
					{
						OFFSET 0.938861 9.975372 3.072157
						CHANNELS 3 Xrotation Yrotation Zrotation
						End Site
						{
							OFFSET 0.978267 9.989822 3.012343
						}
					}
				}
				JOINT LeftCollar
				{
					OFFSET 4.881509 12.060516 5.702562
					CHANNELS 3 Xrotation Yrotation Zrotation
					JOINT LeftUpArm
					{
						OFFSET 17.475521 -1.547165 -0.843626
						CHANNELS 3 Xrotation Yrotation Zrotation
						JOINT LeftLowArm
						{
							OFFSET 27.530302 -3.344284 19.251644
							CHANNELS 3 Xrotation Yrotation Zrotation
							JOINT LeftHand
							{
								OFFSET 22.976120 -0.884201 19.294106
								CHANNELS 3 Xrotation Yrotation Zrotation
								End Site
								{
									OFFSET 5.021576 -0.193298 4.216827
								}
							}
						}
					}
				}
				JOINT RightCollar
				{
					OFFSET -2.648589 13.757980 2.347669
					CHANNELS 3 Xrotation Yrotation Zrotation
					JOINT RightUpArm
					{
						OFFSET -6.392563 10.507584 -12.538818
						CHANNELS 3 Xrotation Yrotation Zrotation
						JOINT RightLowArm
						{
							OFFSET -7.303564 32.037766 7.744268
							CHANNELS 3 Xrotation Yrotation Zrotation
							JOINT RightHand
							{
								OFFSET 21.034023 16.243759 13.952237
								CHANNELS 3 Xrotation Yrotation Zrotation
								End Site
								{
									OFFSET 4.597208 3.550217 3.049402
								}
							}
						}
					}
				}
			}
		}
	}
	JOINT LeftUpLeg
	{
		OFFSET 7.038212 -0.121086 7.132185
		CHANNELS 3 Xrotation Yrotation Zrotation
		JOINT LeftLowLeg
		{
			OFFSET 3.179462 -46.730679 7.079810
			CHANNELS 3 Xrotation Yrotation Zrotation
			JOINT LeftFoot
			{
				OFFSET 14.062210 -42.032104 -6.010349
				CHANNELS 3 Xrotation Yrotation Zrotation
				JOINT LeftToe
				{
					OFFSET -7.560493 -18.763361 12.261106
					CHANNELS 3 Xrotation Yrotation Zrotation
					End Site
					{
						OFFSET -13.437737 -5.412441 18.700041
					}
				}
			}
		}
	}
	JOINT RightUpLeg
	{
		OFFSET -7.038194 0.120895 -7.132212
		CHANNELS 3 Xrotation Yrotation Zrotation
		JOINT RightLowLeg
		{
			OFFSET 1.744219 -46.875641 -6.606433
			CHANNELS 3 Xrotation Yrotation Zrotation
			JOINT RightFoot
			{
				OFFSET 9.542521 -42.029701 -11.959290
				CHANNELS 3 Xrotation Yrotation Zrotation
				JOINT RightToe
				{
					OFFSET -14.634838 -17.427353 6.454918
					CHANNELS 3 Xrotation Yrotation Zrotation
					End Site
					{
						OFFSET -21.068062 -3.333471 10.226482
					}
				}
			}
		}
	}
}
MOTION
Frames: 213
Frame Time: 0.033333
-0.565276 105.877151 -1.111723 -3.094542 44.632554 0.717450 1.079793 -2.181045 7.531229 0.838492 -4.972813 12.378260 -4.276142 -9.844239 -6.485640 -11.187792 3.690718 -1.288830 0.000001 0.000001 -0.000000 18.861040 -8.913731 -25.675677 29.039482 -19.756872 -35.741765 17.653985 -18.201238 13.041939 0.000001 -0.000005 -0.000001 -14.977854 -6.783583 59.260641 -4.413504 -30.900309 82.871129 20.255322 -36.798665 60.612922 0.000002 0.000002 0.000001 8.026238 0.343948 2.274452 -4.759869 6.976241 -7.781890 -4.203295 -12.063317 -5.781010 0.000001 0.000002 -0.000001 -5.812724 1.053693 -1.439211 5.180242 -4.991992 2.544113 -0.169814 10.202202 4.298812 0.000000 -0.000003 0.000000 
-0.567496 105.883530 -1.114628 -3.491291 44.838211 0.705926 1.428160 -2.156712 7.779126 0.423920 -5.013095 12.169582 -3.959125 -10.105894 -6.329323 -11.224362 3.662652 -1.285847 0.000001 0.000001 -0.000000 18.748348 -9.278628 -25.424047 29.044498 -19.690648 -36.089046 17.313312 -18.343887 13.211133 0.000001 -0.000003 -0.000000 -15.065570 -6.885664 59.107515 -4.619245 -31.117573 82.915655 20.413216 -36.617180 60.758515 0.000003 0.000001 0.000007 8.040185 0.354056 2.278706 -4.605638 6.922965 -7.455264 -4.120219 -12.364106 -5.904349 0.000001 -0.000001 -0.000001 -6.091040 1.070661 -1.609883 5.842275 -4.844269 3.145991 -0.403156 10.166939 4.229764 -0.000000 0.000000 0.000001 
-0.569600 105.886086 -1.112941 -3.466012 44.874107 0.607492 1.558769 -2.143551 7.875930 0.317640 -5.061346 12.197858 -3.949797 -10.481386 -6.326134 -11.308062 3.908421 -1.452702 0.000000 0.000001 -0.000000 18.768969 -8.663635 -25.599684 29.029096 -19.756428 -36.046556 17.443830 -18.288620 13.147642 0.000001 -0.000010 -0.000002 -15.087046 -7.024187 59.139097 -4.595542 -31.114107 82.892842 20.738288 -36.634833 60.759382 0.000003 -0.000003 0.000005 8.046376 0.398499 2.384091 -4.526120 6.924068 -7.305839 -4.063640 -12.580586 -5.986489 0.000000 -0.000001 -0.000001 -6.401441 1.063444 -1.696824 6.211834 -4.759064 3.340210 -0.279599 9.984665 4.084470 -0.000000 -0.000003 0.000000 
-0.576714 105.894341 -1.114172 -3.890427 44.835643 0.636620 2.069282 -2.111273 8.170760 0.944507 -5.151151 12.768646 -4.651247 -10.251758 -6.830544 -11.157754 3.753680 -1.328893 0.000000 0.000001 -0.000001 18.828058 -8.880027 -25.728653 29.000922 -19.705533 -36.010786 17.214910 -18.422490 13.568289 0.000005 -0.000006 -0.000004 -15.052801 -6.892556 59.320924 -4.544468 -30.973200 82.904686 20.553101 -36.690441 60.481462 0.000003 0.000003 0.000002 8.245684 0.480919 2.660835 -4.218124 6.882167 -7.222021 -4.341291 -12.519551 -6.165065 -0.000000 -0.000003 0.000000 -6.540675 1.076825 -1.803672 6.892390 -4.570720 3.940116 -0.493329 9.983094 4.047981 0.000001 -0.000002 -0.000001 
-0.575918 105.911362 -1.117051 -3.812136 44.617313 0.665146 1.589228 -2.098841 7.658381 1.509094 -5.153289 13.143651 -4.883463 -10.039126 -6.948178 -10.734460 3.555795 -1.133097 0.000001 0.000003 0.000001 18.788546 -8.938220 -25.837153 29.002633 -19.644037 -35.950031 17.295147 -18.239259 13.655188 -0.000002 -0.000008 0.000001 -15.041554 -6.729369 59.402818 -4.579066 -30.975738 82.960707 20.327848 -36.777618 59.850653 0.000005 0.000003 -0.000000 8.106091 0.439995 2.437550 -4.203310 6.919236 -7.189310 -4.352176 -12.474535 -6.145631 0.000001 0.000001 -0.000001 -6.513791 1.107449 -1.957257 6.728325 -4.635049 3.841905 -0.499123 10.216453 4.273412 -0.000001 -0.000002 -0.000000 
-0.576436 105.926682 -1.116997 -3.898681 44.802489 0.642982 1.833474 -2.094539 7.888104 1.045813 -5.153308 12.798844 -4.517024 -10.222668 -6.707368 -10.524628 3.433624 -1.041019 0.000001 -0.000000 -0.000002 18.748963 -9.071856 -25.872466 28.999945 -19.637231 -35.895994 17.335748 -18.257866 13.684934 -0.000001 -0.000006 -0.000001 -15.167074 -6.877769 59.462356 -4.644989 -31.156680 82.917062 20.564310 -36.680165 59.287319 0.000003 0.000002 0.000001 8.234594 0.483773 2.548231 -4.294180 6.980377 -7.197274 -4.262981 -12.529692 -6.095811 0.000001 -0.000003 -0.000001 -6.623375 1.111224 -2.024151 7.155616 -4.580586 4.256575 -0.610042 10.275349 4.337659 -0.000001 0.000003 0.000001 
-0.570237 105.935883 -1.115697 -4.022855 44.664854 0.566795 1.689084 -2.083603 7.742439 1.118447 -5.206030 12.934129 -4.432847 -10.030060 -6.734313 -10.319690 3.226099 -0.853930 0.000000 -0.000001 -0.000001 18.725203 -9.056323 -25.788718 29.018854 -19.782374 -35.790727 17.499006 -18.091154 13.707227 -0.000001 -0.000010 -0.000002 -15.398658 -7.519858 59.320466 -4.586370 -31.261277 82.938161 20.315713 -36.838338 58.797253 0.000001 -0.000001 0.000006 8.252641 0.498632 2.620246 -3.969809 6.939097 -6.917301 -4.446384 -12.351560 -6.121622 -0.000001 0.000000 0.000000 -6.496950 1.100988 -1.915383 7.364651 -4.501737 4.557064 -0.740690 10.393058 4.434681 0.000001 0.000000 0.000000 
-0.561030 105.943657 -1.112753 -4.022778 44.355569 0.482458 1.640717 -2.074748 7.679630 0.812231 -5.137803 12.589583 -4.111595 -9.950493 -6.436500 -9.954103 3.025237 -0.631527 0.000002 -0.000001 -0.000000 18.682956 -9.136518 -25.920862 28.890177 -19.830947 -35.919832 17.261275 -17.541922 13.415671 0.000001 -0.000005 -0.000002 -15.539003 -7.568409 59.388406 -4.895252 -31.613042 82.778894 19.353741 -36.734868 58.302843 0.000001 0.000004 -0.000000 8.548496 0.530678 2.898982 -4.075877 6.933516 -7.080986 -4.753437 -12.114559 -6.212547 0.000000 -0.000003 -0.000001 -6.246912 1.077120 -1.661075 7.162374 -4.476043 4.301842 -0.310034 10.540082 4.665655 -0.000001 -0.000003 -0.000000 
-0.550650 105.945908 -1.106517 -3.854871 44.140292 0.405242 1.430042 -2.066300 7.478464 0.748618 -5.095572 12.439829 -3.957065 -9.863959 -6.229794 -9.923642 2.905913 -0.571100 0.000001 0.000001 -0.000000 18.589010 -9.279827 -25.921630 28.909025 -19.562195 -36.214653 17.030761 -17.337918 13.221658 0.000004 -0.000006 0.000001 -15.745826 -7.831454 59.237336 -5.331919 -32.219457 82.758240 18.611296 -36.639402 57.961443 0.000003 0.000000 0.000001 8.570680 0.543063 2.917242 -4.035543 6.945747 -7.044991 -5.031241 -11.960085 -6.311488 0.000001 -0.000003 -0.000001 -6.190099 1.022158 -1.504160 7.172535 -4.462091 4.121369 -0.620335 10.910909 4.943142 0.000001 0.000000 0.000001 
-0.536334 105.955162 -1.104078 -4.180889 44.277340 0.339924 1.506414 -2.069275 7.538520 0.801669 -5.169843 12.626520 -4.174765 -10.161697 -6.444591 -9.529202 2.739834 -0.365671 0.000001 -0.000003 -0.000000 18.660398 -8.785473 -26.117429 29.209413 -19.321051 -36.320948 17.046402 -16.933765 13.478827 -0.000001 -0.000008 0.000000 -15.813174 -8.020094 59.329871 -5.309614 -32.524702 82.716869 16.967477 -36.894076 56.335212 -0.000001 -0.000002 0.000003 8.861860 0.610317 3.199458 -4.143854 6.981892 -7.057038 -4.963177 -12.066506 -6.283754 0.000001 -0.000001 -0.000001 -5.736008 0.935129 -1.039891 6.904085 -4.588417 3.875805 -0.480168 10.980253 4.981302 0.000000 0.000002 0.000000 
-0.520805 105.971710 -1.102496 -4.443294 44.377679 0.139333 1.603365 -2.104554 7.689548 0.206094 -5.138085 12.201841 -3.756739 -10.747829 -6.114256 -9.385587 2.704820 -0.281814 0.000001 -0.000001 0.000000 18.862708 -8.399955 -26.418979 28.987207 -19.297636 -36.261426 16.367232 -16.596006 13.322460 0.000002 -0.000003 -0.000002 -15.963035 -8.352267 59.642257 -5.708172 -33.020065 82.166049 14.736623 -36.490689 54.300936 0.000007 -0.000002 0.000006 9.019943 0.660857 3.573289 -4.220809 6.881820 -7.230575 -4.590211 -11.947218 -5.981691 0.000001 0.000001 -0.000003 -5.814897 0.850749 -0.767542 6.970109 -4.528038 3.723033 -0.604125 10.954979 4.885653 0.000000 0.000002 0.000000 
-0.502208 105.991486 -1.103008 -5.096904 44.352581 0.092796 1.431619 -2.132609 7.554558 1.779175 -5.326710 13.592720 -5.101540 -10.644596 -7.077552 -9.096684 2.647995 -0.116870 0.000002 0.000003 0.000001 19.033224 -8.014391 -26.687475 28.931104 -19.133788 -36.280117 15.688977 -16.315997 13.287848 0.000004 -0.000003 0.000002 -16.108053 -8.657837 59.680765 -6.029465 -33.624844 81.705305 13.751086 -35.831391 52.469612 -0.000004 0.000000 0.000004 9.533877 0.847097 4.092344 -4.261573 6.666502 -7.484748 -4.745073 -11.842835 -6.088044 -0.000000 -0.000001 -0.000001 -5.503442 0.753833 -0.474820 7.105240 -4.379617 3.885084 -0.508412 10.843343 4.784926 0.000001 0.000000 -0.000001 
-0.461391 106.022705 -1.117218 -5.800885 43.843555 0.178962 1.615863 -2.113065 7.834634 2.696042 -5.474698 14.314502 -5.706714 -10.221310 -7.586187 -9.076766 2.391579 -0.388499 0.000002 0.000001 -0.000001 18.855675 -7.621899 -27.415278 28.351060 -18.359473 -36.721723 14.566762 -16.048156 12.759464 0.000004 -0.000008 0.000002 -16.884894 -9.445946 59.284068 -7.812333 -34.727352 80.002552 12.905841 -34.681874 50.492078 0.000003 -0.000003 0.000002 9.946762 1.031607 4.154289 -3.946704 6.611957 -7.356958 -5.312048 -11.418445 -6.364262 -0.000001 0.000002 -0.000001 -5.399960 0.659122 -0.766247 7.816327 -4.211815 4.406991 -0.866752 11.270783 4.935186 -0.000000 0.000002 0.000000 
-0.418501 106.057602 -1.142611 -5.448127 43.882039 -0.145518 1.447146 -2.141600 8.106275 2.422948 -5.701623 14.378240 -5.427385 -10.407772 -7.799311 -9.072282 1.845248 -0.440962 0.000003 -0.000001 0.000000 18.589557 -7.916890 -27.875581 27.939845 -17.471590 -36.745024 13.098717 -16.012158 13.316419 -0.000004 -0.000003 0.000001 -17.259266 -9.389552 59.077824 -9.079764 -34.700967 78.087258 11.762862 -33.483240 47.029708 0.000005 0.000000 -0.000002 9.291925 0.952756 3.786477 -2.934215 6.326963 -6.548711 -6.404891 -11.695439 -7.423576 0.000001 0.000002 -0.000001 -6.381487 0.721111 -1.465390 8.924568 -3.788761 5.491529 -1.383396 10.837788 4.573202 -0.000000 -0.000002 0.000000 
-0.374802 106.090118 -1.169517 -5.041549 43.218852 -0.243289 1.356883 -2.111442 7.882497 2.978422 -5.750472 14.819441 -5.726513 -9.546993 -7.984970 -9.177434 1.566531 -0.366275 0.000002 -0.000004 -0.000001 18.473983 -9.416006 -27.713863 27.605470 -16.563147 -36.810526 11.399674 -15.329417 13.513581 -0.000002 -0.000008 -0.000001 -17.780441 -10.075422 58.735734 -9.974275 -34.351309 76.141924 10.765672 -32.185515 45.003140 0.000001 0.000002 0.000003 9.089052 0.915379 3.539778 -2.847806 5.960324 -6.909664 -6.960236 -10.791462 -7.397827 0.000001 -0.000003 -0.000001 -7.152379 0.832862 -2.191253 9.762990 -3.296499 6.169759 -2.219721 11.329439 4.968607 -0.000001 -0.000003 -0.000000 
-0.330051 106.127159 -1.201732 -6.207906 43.411815 -0.474823 2.867881 -2.078451 9.499628 2.205552 -5.812867 14.295253 -6.275127 -10.609714 -8.407393 -9.736009 2.062240 -1.099103 0.000003 -0.000001 -0.000000 18.071338 -8.275775 -28.151263 27.907482 -14.367947 -37.177457 10.141183 -12.159354 12.733528 -0.000000 -0.000008 0.000002 -17.269039 -7.763938 59.116250 -11.678957 -34.532320 73.219013 5.968316 -30.983910 42.304996 0.000001 0.000001 0.000001 9.783976 0.953486 4.289485 -2.801070 5.540094 -6.836133 -7.174206 -9.867347 -7.248353 -0.000000 0.000003 -0.000001 -6.131177 0.753538 -1.244380 9.021841 -2.958896 6.061557 -2.301057 10.251083 4.553722 -0.000001 -0.000002 -0.000000 
-0.280788 106.166885 -1.238396 -6.784807 42.157997 -0.474295 3.987221 -1.955474 10.039887 0.322116 -5.414755 12.238376 -4.692099 -10.602753 -6.829597 -8.858527 1.919896 -0.850167 0.000003 0.000001 -0.000001 17.596386 -5.995748 -28.551357 27.821162 -12.287813 -37.157199 8.596681 -11.042369 12.144048 0.000002 0.000001 -0.000001 -17.239138 -7.107533 58.161759 -13.193423 -33.900247 69.437629 2.586429 -29.685252 40.772562 0.000003 -0.000003 0.000002 9.755303 0.769263 4.034973 -2.269981 4.974257 -7.254775 -8.115988 -7.467757 -6.748661 -0.000000 0.000001 -0.000001 -6.491903 0.954670 -1.731275 9.998950 -1.779336 6.941366 -3.424606 9.260342 4.469346 0.000001 -0.000005 0.000000 
-0.239677 106.209213 -1.282932 -6.769780 41.605168 -0.585882 4.415450 -1.909416 10.296260 0.487309 -5.369916 12.262012 -4.641310 -9.770461 -6.848953 -9.181893 1.429698 -0.550162 0.000003 0.000001 0.000000 17.071781 -7.483169 -27.629941 27.424844 -11.357983 -37.003554 6.754887 -9.555545 12.390410 0.000000 -0.000008 -0.000001 -17.101586 -6.595276 56.939479 -14.239783 -33.381361 66.887421 0.534490 -28.180420 39.741917 0.000003 0.000000 0.000001 9.937452 0.587584 4.260649 -2.696547 4.685482 -8.088966 -8.382945 -6.655312 -6.710093 0.000000 -0.000001 -0.000001 -6.662568 1.143097 -1.867122 9.978530 -1.105054 7.220706 -3.895571 7.758579 3.840800 -0.000000 -0.000003 -0.000000 
-0.191738 106.268753 -1.335792 -5.541921 41.296816 -0.885794 3.384941 -1.980868 9.951739 1.694737 -5.640830 13.352781 -5.370307 -9.559630 -7.870309 -9.160525 1.129504 -0.567600 0.000001 -0.000000 -0.000000 16.313985 -7.548640 -26.999757 26.484429 -9.545994 -36.577552 4.533884 -9.979539 12.658878 -0.000001 -0.000008 -0.000001 -16.957775 -5.823601 55.090441 -16.010880 -32.192218 62.869125 -1.255448 -26.707798 39.434920 0.000004 -0.000002 0.000002 8.464393 0.314526 3.013406 -2.213291 4.159477 -7.565103 -8.466877 -5.835483 -6.626551 0.000001 -0.000004 -0.000002 -7.677911 1.267144 -2.741136 10.289076 -0.416291 7.921218 -5.293071 6.566443 3.091275 0.000001 -0.000005 -0.000000 
-0.139827 106.345039 -1.379678 -5.247996 39.586690 -0.831825 3.152479 -1.964128 9.727281 3.000826 -5.371912 13.615573 -6.177717 -8.517051 -8.174546 -8.866541 1.085782 -0.287306 0.000000 -0.000001 0.000001 15.900148 -7.070687 -26.248209 25.093031 -8.684868 -35.101862 2.800804 -8.602604 12.938391 0.000001 -0.000003 -0.000002 -16.427781 -4.839871 53.368100 -16.036306 -29.263160 58.573428 -2.154233 -25.588511 39.718025 0.000003 -0.000001 0.000003 7.811125 0.224018 2.006880 -1.695184 3.555162 -7.222976 -8.567409 -4.434230 -6.236103 0.000001 -0.000003 -0.000000 -7.104396 1.216619 -2.838591 9.798413 0.097898 7.361189 -5.755517 4.692516 1.875581 -0.000000 0.000000 -0.000001 
-0.090226 106.421646 -1.427093 -5.059900 38.599462 -0.856254 3.155425 -1.997603 9.812233 4.126526 -5.215353 14.007098 -6.999025 -7.975922 -8.620814 -8.742061 0.986064 -0.177729 0.000003 0.000001 -0.000000 15.774259 -7.537003 -25.317718 23.909053 -8.882631 -33.207598 2.242158 -7.040321 13.488013 -0.000002 -0.000004 0.000004 -15.550519 -3.853045 52.055706 -15.196387 -26.816335 55.324669 -4.096029 -25.660350 39.542738 0.000001 -0.000005 0.000007 7.314709 0.225784 1.296498 -1.331683 3.322733 -6.719433 -8.629874 -4.059294 -6.233376 0.000002 -0.000001 -0.000001 -6.753058 1.185711 -2.975413 9.445701 0.098724 7.264230 -6.522864 3.308272 0.656194 0.000001 -0.000002 0.000000 
-0.050430 106.513931 -1.473681 -4.654421 36.798457 -0.765408 3.321073 -2.005675 9.712952 4.450703 -4.750676 13.459148 -7.104716 -7.461728 -8.421370 -8.076775 0.886273 0.131218 0.000001 0.000003 0.000001 15.381250 -8.075856 -24.091802 22.986612 -8.165661 -30.547970 1.133982 -6.590129 14.238605 -0.000001 -0.000003 -0.000001 -14.272153 -2.207002 50.163303 -14.366294 -25.121525 50.680362 -3.649858 -25.599762 40.835348 0.000003 0.000000 0.000006 6.881991 -0.121298 0.511832 -1.446307 3.201824 -6.766673 -9.371055 -2.755509 -5.909488 0.000001 -0.000006 -0.000001 -5.581055 1.379330 -3.039459 7.886591 -0.285744 6.605766 -7.275321 1.066882 -1.285747 0.000001 0.000005 0.000000 
-0.032647 106.612541 -1.516809 -5.801420 34.397454 -0.390592 5.365707 -1.751250 10.344292 2.115054 -4.479755 11.198416 -4.960735 -6.503505 -6.945793 -7.434690 0.328657 0.553330 0.000001 0.000001 0.000001 14.782474 -8.489952 -22.523850 21.859428 -6.805496 -27.814139 0.193397 -5.847172 14.428641 0.000002 -0.000006 0.000001 -12.740576 -0.418741 47.886487 -14.006268 -23.385868 45.227252 -2.921190 -26.108658 43.131244 0.000003 -0.000002 0.000002 8.074751 -0.082706 0.527247 -1.857089 2.731527 -7.052885 -9.574966 -1.058230 -5.198939 -0.000000 -0.000003 -0.000001 -3.173680 1.348283 -2.525523 6.150041 -0.414239 5.669936 -7.699686 -2.355845 -4.358237 0.000002 -0.000005 -0.000000 
-0.029646 106.719139 -1.574792 -5.951119 32.792343 -0.251290 6.310244 -1.591329 10.471705 0.837284 -4.295950 9.964525 -3.755988 -6.033935 -6.190004 -7.334761 0.104903 0.642418 0.000003 0.000001 -0.000000 14.311751 -8.583450 -21.556200 20.738553 -6.081352 -25.262759 -0.345610 -5.467376 14.789069 0.000003 -0.000003 -0.000002 -12.191170 -0.618413 45.285196 -12.828991 -21.336526 41.673685 -2.390641 -26.695815 44.570109 0.000002 -0.000001 0.000003 8.487523 -0.042565 0.440424 -2.432496 2.494169 -7.338225 -9.272344 0.071735 -4.348445 0.000001 0.000003 -0.000001 -1.085361 1.293718 -2.022414 3.492953 -0.941215 4.466074 -7.814315 -5.748506 -7.327406 0.000001 -0.000005 -0.000001 
-0.063663 106.839569 -1.632314 -4.966173 30.466954 -0.221781 6.340231 -1.504913 9.896541 1.731423 -3.703733 9.406429 -4.588117 -5.280268 -5.868351 -7.290556 0.407335 0.637005 0.000002 0.000001 -0.000000 13.314994 -7.292400 -20.376348 19.491746 -4.333463 -23.155584 -1.270617 -5.941861 14.384384 -0.000002 -0.000003 -0.000001 -10.312961 1.972268 42.812305 -13.283376 -20.128579 37.014516 -1.934977 -26.151223 46.148245 0.000006 -0.000002 0.000003 7.423216 -0.260388 -0.201056 -2.873232 2.409138 -7.842526 -8.767276 1.835669 -2.848706 0.000001 -0.000001 -0.000001 0.563047 1.286073 -1.839070 0.678178 -1.421758 2.897005 -8.339654 -8.984555 -10.116818 -0.000000 0.000005 0.000001 
-0.143022 106.984238 -1.691992 -5.445465 28.937176 0.001275 6.810164 -1.369921 9.642579 2.540075 -3.212207 8.921646 -5.116843 -4.785998 -5.679970 -6.564028 0.098804 1.085117 0.000002 -0.000001 0.000000 12.257637 -6.432246 -18.831400 18.580551 -2.145812 -20.968756 -1.316386 -5.860889 13.942848 0.000003 -0.000008 -0.000000 -8.103029 4.423905 39.998302 -13.959926 -19.353052 32.179210 -2.102683 -26.594762 47.729929 0.000001 -0.000002 0.000006 8.057559 -0.063091 0.131883 -3.699183 2.528236 -8.227442 -8.094499 2.189689 -2.226939 0.000001 -0.000003 -0.000001 2.852604 1.102838 -1.073228 -2.130662 -1.964437 1.022430 -7.929587 -12.997732 -13.078721 -0.000000 0.000005 0.000000 
-0.238051 107.119423 -1.757773 -5.481686 27.826645 0.231650 6.932286 -1.276780 9.327895 2.356979 -2.905408 8.153008 -4.565740 -4.488685 -5.154056 -6.108976 -0.209939 1.325851 0.000001 0.000003 0.000001 11.342855 -5.404187 -17.730927 17.601215 -1.127301 -19.123112 -1.115505 -5.775044 13.459758 0.000000 -0.000003 -0.000001 -6.638718 5.559933 37.341443 -13.814095 -18.100570 29.022587 -2.617562 -26.876731 48.549316 0.000003 -0.000002 -0.000000 7.849809 0.024931 0.003052 -3.724042 2.756741 -8.228028 -7.942818 2.444451 -2.038879 0.000001 0.000002 0.000001 3.795678 0.959529 -0.901925 -3.446807 -2.173373 -0.018695 -7.863301 -15.112963 -14.614177 0.000001 -0.000002 -0.000001 
-0.379007 107.264244 -1.828336 -5.846204 25.628852 0.512256 6.771909 -1.186989 8.435983 3.138067 -2.341004 7.614899 -4.538726 -2.856326 -4.651378 -5.541808 -0.831029 2.181274 0.000001 0.000003 0.000001 10.918263 -5.831847 -15.823656 17.101084 0.677359 -16.849950 -0.595663 -4.480202 12.970748 -0.000000 -0.000003 -0.000001 -5.158635 5.379572 33.806315 -11.286800 -15.860707 26.841310 -4.215647 -27.159989 48.528450 0.000002 -0.000002 -0.000001 7.759728 -0.007054 -0.045127 -3.840436 2.550697 -8.517129 -7.150359 3.581357 -0.932689 0.000001 -0.000003 -0.000002 4.678973 0.983376 -0.724920 -4.155857 -1.797431 -1.276745 -6.755921 -14.789272 -13.549630 0.000001 0.000000 0.000000 
-0.567456 107.408920 -1.899211 -6.175650 23.464111 0.822445 7.607755 -1.019448 8.034575 2.871375 -1.960494 6.716965 -4.351990 -2.682815 -4.194717 -4.814250 -0.657442 2.269871 0.000000 0.000003 0.000001 9.991035 -4.945148 -14.281448 15.850451 1.635721 -14.663856 -0.792331 -3.499498 12.428974 -0.000000 -0.000006 -0.000002 -3.170546 6.305193 30.302650 -9.688922 -13.880819 24.083744 -7.151581 -26.857455 47.934759 0.000003 0.000001 0.000002 7.926042 0.034291 0.037571 -4.053795 2.742196 -8.821186 -6.184629 4.379870 0.048644 0.000000 -0.000004 -0.000002 5.003610 1.003545 -0.774336 -4.475139 -1.611293 -2.315551 -5.111222 -14.735314 -12.560730 0.000002 -0.000007 -0.000000 
-0.766082 107.544228 -1.971705 -5.717235 22.290415 1.045660 7.544384 -0.925968 7.643790 0.975751 -1.976476 5.503863 -2.413688 -2.768417 -3.394588 -5.907069 -0.691366 1.939470 0.000000 -0.000001 -0.000000 9.112342 -4.631868 -12.997515 14.692878 2.785362 -13.459147 -0.964320 -2.547299 11.406109 0.000001 -0.000008 -0.000002 -1.973619 6.622589 27.401153 -8.821106 -12.269081 22.003673 -10.034425 -26.723107 47.427403 -0.000001 0.000002 0.000005 7.223677 0.146091 -0.253296 -4.460088 2.784373 -8.924010 -4.711416 4.173889 0.529672 0.000002 -0.000001 -0.000001 4.585873 0.855995 -1.020932 -4.559736 -1.479782 -2.754695 -4.383519 -14.636303 -12.065500 0.000002 -0.000007 -0.000001 
-1.006987 107.699722 -2.044443 -4.905031 20.027797 1.086955 6.558480 -0.944857 6.765442 1.226726 -1.390902 4.756928 -2.396597 -3.030102 -2.806387 -4.297301 -0.548561 2.035039 0.000002 -0.000002 -0.000001 8.353607 -3.792704 -11.645085 13.611190 3.236393 -11.603729 -1.050087 -3.857372 10.376421 -0.000000 -0.000008 -0.000001 -1.495762 5.444474 24.165802 -8.840771 -12.108833 18.329832 -8.759035 -25.414830 48.326816 0.000005 -0.000001 -0.000000 5.938902 -0.443763 -0.136741 -3.502140 2.480389 -9.312907 -5.486394 5.410366 0.893810 0.000001 0.000001 -0.000001 3.434246 1.292459 -1.374975 -4.498835 -0.863405 -3.212036 -4.095233 -14.184032 -11.406856 0.000001 -0.000002 -0.000001 
-1.291950 107.855553 -2.111121 -4.655043 18.399941 1.481422 5.588615 -0.888148 5.595748 2.326972 -1.167899 4.417307 -3.207073 -3.598717 -2.645266 -3.577067 -0.675698 1.834998 0.000000 0.000001 -0.000000 7.282690 -2.343013 -10.702266 11.531872 3.474113 -9.652108 0.116550 -2.553389 8.802282 0.000002 -0.000006 -0.000000 -1.196677 4.978437 20.728583 -7.751582 -9.628888 16.470766 -10.586467 -24.987388 46.765079 0.000004 -0.000002 0.000003 6.034098 -0.148976 -0.053226 -3.069721 2.561913 -8.926030 -3.387594 3.115547 0.577874 0.000001 -0.000003 0.000000 3.270267 0.922773 -1.552720 -3.901916 -1.212906 -3.360904 -0.543690 -9.525998 -7.012171 0.000001 -0.000002 -0.000001 
-1.578587 108.008842 -2.180235 -5.026111 17.420418 1.688539 5.620648 -0.858682 5.117802 1.172853 -1.370671 3.886784 -2.736423 -3.427047 -2.514572 -1.513350 -0.307268 2.194309 0.000000 -0.000004 -0.000001 7.151328 -2.197611 -9.732104 10.500537 4.038026 -8.490571 0.355343 -2.588139 7.658849 -0.000001 -0.000006 -0.000001 -0.956455 4.082549 18.267582 -7.076785 -8.632236 14.555584 -9.189749 -24.179957 46.381441 0.000003 -0.000003 0.000001 6.407565 0.228679 0.375132 -2.846160 2.143593 -9.068545 -3.384470 3.203764 0.410737 0.000001 0.000001 -0.000001 3.805187 0.654788 -1.369246 -4.005884 -1.017319 -3.744357 0.613157 -7.353785 -5.056535 0.000000 -0.000002 0.000001 
-1.898257 108.162918 -2.257620 -5.170964 16.132907 1.997161 5.085587 -0.800623 4.436860 3.343847 -1.045075 4.020862 -4.853344 -3.309753 -2.870040 -0.144479 -0.366884 2.449904 0.000000 -0.000004 -0.000003 6.432449 -2.054827 -8.532508 9.038314 3.781076 -7.403620 0.933687 -1.741387 6.169641 0.000001 -0.000005 -0.000002 -0.309142 3.947488 15.301159 -7.015997 -7.526892 12.914225 -8.569725 -22.903293 45.031806 0.000004 -0.000002 0.000000 6.425783 0.466706 0.484866 -2.885112 2.196411 -9.056661 -2.785542 3.433548 0.843112 0.000000 -0.000001 -0.000001 3.301346 0.482660 -1.600910 -3.411339 -1.148332 -3.842114 1.519420 -6.525752 -4.282406 0.000000 -0.000002 0.000000 
-2.250743 108.326714 -2.338787 -5.598343 14.594197 2.060724 5.428665 -0.739850 4.344101 2.322692 -0.791082 2.889573 -3.750124 -2.761017 -2.022369 0.024514 -0.758936 2.889654 0.000001 -0.000001 -0.000000 5.891623 -1.791118 -7.459408 8.096557 2.966609 -6.225501 1.386909 -1.544753 5.280670 -0.000002 -0.000008 -0.000001 0.256330 3.345540 12.327056 -6.028071 -6.483178 11.208352 -8.180045 -21.615010 43.251886 0.000003 -0.000001 0.000003 6.421437 0.442454 0.703824 -2.513281 1.789062 -8.933708 -2.319845 4.461388 1.602617 0.000002 -0.000003 -0.000001 2.942116 0.417152 -1.504568 -2.452639 -0.790754 -3.901799 2.563148 -5.417057 -3.013526 0.000000 -0.000002 0.000000 
-2.601051 108.463486 -2.411529 -5.349931 13.775953 2.164145 5.694489 -0.660521 4.370258 1.074758 -0.528825 1.996018 -2.672737 -4.014640 -1.534001 0.011650 -0.110226 2.140619 0.000004 -0.000000 -0.000002 5.016494 -0.557830 -7.204102 7.655028 3.167602 -5.209122 1.455834 -2.164947 4.792399 -0.000000 -0.000006 -0.000001 1.703529 4.045561 10.334069 -6.176102 -6.629758 9.800613 -9.168411 -20.454166 40.979687 0.000005 -0.000002 0.000005 6.124653 0.138674 0.678554 -2.049896 1.651994 -8.743239 -2.686856 5.070794 1.831066 0.000000 0.000001 -0.000001 2.847513 0.596098 -1.502497 -2.489219 -0.537205 -3.948307 3.000827 -4.703364 -2.082500 0.000001 -0.000008 0.000001 
-2.980840 108.596718 -2.507034 -3.824599 11.984528 2.337608 4.224453 -0.562646 3.302941 0.789940 -0.541145 1.773952 -1.902989 -3.704817 -1.269199 0.139054 -0.085400 1.355888 0.000002 -0.000000 -0.000002 4.617150 -0.095057 -6.404202 6.442424 2.256348 -3.794392 2.248156 -1.507177 4.105372 -0.000001 -0.000010 -0.000000 1.720903 3.446163 8.670742 -4.448510 -5.549214 8.515479 -10.263343 -18.616207 36.908068 0.000004 0.000000 0.000000 4.987553 0.085110 0.390070 -1.716718 1.549295 -8.516108 -2.627734 3.883448 1.216849 0.000000 0.000001 -0.000001 1.743979 0.644347 -2.344721 -1.194244 -0.695052 -2.969828 3.143461 -2.099851 -0.917005 0.000000 -0.000003 0.000000 
-3.378360 108.729568 -2.621921 -3.142419 11.221296 2.553446 3.730148 -0.479498 2.666330 2.906550 -0.259703 2.342178 -3.582105 -2.916881 -1.735372 -1.440523 -0.820324 1.223537 0.000001 -0.000001 -0.000001 4.572508 -1.806716 -5.497482 5.723262 2.361779 -2.317635 2.637348 -1.491345 3.847422 0.000002 -0.000008 -0.000001 0.598957 1.677164 7.050217 -2.453695 -4.568031 7.093413 -10.868352 -16.473530 32.683483 0.000001 -0.000002 -0.000000 3.889484 -0.134480 -0.179057 -0.371385 1.400420 -7.632911 -3.437299 3.948117 0.874466 -0.000001 0.000003 -0.000001 0.409749 0.822943 -2.620181 -0.093969 -0.464643 -2.266709 2.546957 -1.650736 -0.868203 0.000000 -0.000005 -0.000000 
-3.775139 108.842049 -2.720933 -3.648367 10.235716 2.484880 3.871201 -0.420280 2.526825 2.307668 -0.155367 1.991354 -3.190814 -3.521136 -1.625794 -0.645450 -0.241040 0.848304 0.000000 0.000003 -0.000000 4.147999 -1.315508 -5.285703 5.317308 2.462320 -1.791862 2.624461 -0.942347 3.450014 0.000000 -0.000003 -0.000001 0.359919 1.061126 6.035419 -1.336953 -3.973842 6.314743 -10.230769 -14.482631 28.949572 0.000003 0.000001 0.000004 4.029483 -0.179827 -0.139891 0.166322 1.321326 -7.153167 -2.945650 4.114705 1.268933 -0.000001 -0.000001 -0.000001 0.369806 0.861302 -2.376854 0.541502 -0.256744 -2.102736 2.098845 -1.467551 -0.783835 0.000000 0.000000 0.000000 
-4.195538 108.925621 -2.825943 -2.977511 9.480105 2.424998 3.272488 -0.395852 2.104767 0.410021 -0.390746 1.504198 -1.535355 -3.143762 -1.372884 0.419423 0.068591 1.486159 0.000002 0.000001 -0.000000 3.904659 -1.122338 -4.394432 4.688501 1.713000 -1.476348 2.335552 -1.095427 3.159785 0.000001 -0.000010 -0.000000 0.585737 0.551719 4.720117 -1.221534 -3.657781 5.576425 -8.905823 -12.201356 24.741909 0.000003 -0.000001 -0.000000 3.465526 -0.125848 -0.130732 -1.134293 0.918273 -7.120638 -1.284154 2.546056 1.060872 -0.000001 0.000001 -0.000001 -0.025860 0.799984 -2.129346 0.243337 0.064212 -2.181060 1.060188 -1.821185 -0.893885 0.000000 -0.000003 -0.000000 
-4.630456 108.978249 -2.915732 -2.292604 7.568657 2.097652 1.933304 -0.378228 1.496289 0.805576 -0.234182 1.196002 -1.157087 -2.748374 -0.959977 -0.115485 0.076988 1.240142 0.000003 -0.000000 -0.000000 3.302732 -0.167748 -3.368246 4.018556 0.855161 -1.144216 2.339350 -0.416935 2.678123 0.000001 -0.000003 -0.000000 0.453928 0.008951 3.706654 -0.655740 -3.158601 4.356150 -8.579147 -9.953202 20.256412 -0.000001 0.000000 0.000001 3.317127 0.102358 -0.068200 -1.563750 0.612041 -6.384284 -1.244142 2.588505 0.964185 0.000002 -0.000001 -0.000002 -0.206503 0.590284 -1.670935 -0.112095 0.147737 -2.712404 0.645883 -1.090692 -0.530646 0.000001 0.000002 -0.000001 
-5.065743 109.017731 -3.000828 -2.291986 6.235646 1.682382 2.354256 -0.238233 1.177246 0.094183 -0.440312 1.041558 -0.948989 -2.436815 -0.705315 0.246548 -0.187470 0.578433 0.000003 0.000001 -0.000000 2.507638 -0.165251 -3.546469 3.053120 0.930157 -0.415250 2.382089 -0.224362 1.599468 -0.000000 -0.000006 0.000000 -0.638953 -0.323748 3.267921 0.422747 -1.990498 3.688859 -5.142252 -8.872785 16.923131 0.000003 0.000001 -0.000002 3.650548 0.253501 0.471216 -2.413301 0.449378 -5.939212 0.308404 -0.257588 0.093199 -0.000000 -0.000003 -0.000002 1.147873 0.495942 -1.455333 -0.305160 0.018084 -1.894700 -0.441267 -1.084346 -0.969622 0.000001 -0.000002 -0.000001 
-5.517115 109.023872 -3.097775 -2.116869 4.962583 1.254110 1.310416 -0.211640 0.898000 1.896451 -0.234704 1.362074 -1.959973 -2.243327 -0.955135 -0.955677 -0.357011 0.286614 0.000001 0.000001 -0.000001 1.856813 0.157748 -3.050736 2.520180 0.703244 -0.200471 2.159473 -0.059348 1.380554 0.000000 -0.000001 -0.000000 -0.261312 0.059569 2.525705 -0.797521 -2.271701 2.423944 -4.020770 -7.047346 12.929383 0.000003 0.000000 0.000001 3.080529 0.216052 0.568306 -2.217507 0.279826 -4.927613 1.020045 -2.274472 -0.671037 0.000001 -0.000001 -0.000001 1.210189 0.440998 -1.105127 0.242909 0.151096 -1.061254 -1.036767 -1.240703 -1.168534 0.000001 -0.000005 -0.000000 
-5.990583 109.001724 -3.214077 -1.374342 3.333371 1.066651 1.201398 -0.117353 0.150629 0.167009 -0.402166 0.909210 -0.791361 -0.873509 -0.254916 -0.337100 -0.137123 0.348613 0.000003 0.000003 0.000001 1.978869 -0.877837 -2.180233 2.189923 1.131233 0.412560 2.060454 -0.256656 1.343172 0.000001 -0.000003 -0.000001 0.200164 -0.082811 1.666594 -0.519247 -2.288250 1.408912 -3.949196 -5.084398 8.829009 0.000002 0.000002 -0.000001 2.571603 0.193456 0.181655 -2.127371 0.088065 -3.961580 0.876686 -2.796850 -1.045126 -0.000000 0.000001 0.000000 1.059810 0.408367 -1.133685 0.779106 0.139147 -0.268438 -0.433122 -0.412074 -0.547028 0.000000 0.000002 0.000000 
-6.440893 108.965302 -3.316426 -1.455846 2.976828 0.857187 1.329793 -0.045905 -0.001945 -0.649928 -0.497014 0.814718 -0.323477 -1.234566 -0.328690 0.189196 0.158019 0.261864 0.000003 -0.000002 -0.000002 1.612594 -0.644922 -1.826817 1.639567 0.943386 0.504600 1.591659 -0.222476 0.719950 0.000000 -0.000006 -0.000000 0.851170 0.485784 1.346812 -0.586587 -2.064892 0.606104 -3.227134 -3.454168 6.183094 0.000002 0.000003 0.000002 2.604491 0.093973 0.052835 -2.135220 -0.010957 -3.326229 1.246911 -3.907492 -1.392982 0.000001 0.000001 -0.000001 1.626651 0.405956 -0.992590 0.726511 0.118063 0.000522 -0.634386 -0.387018 -0.508206 0.000000 -0.000003 0.000000 
-6.892711 108.927521 -3.440974 -0.827391 1.683713 0.466961 0.545268 -0.079440 0.145229 0.042702 -0.132900 0.326883 -0.305882 -0.423100 -0.142014 -0.127649 0.088627 0.333432 -0.000000 0.000001 -0.000000 0.874489 -0.073809 -0.726396 1.063129 0.554040 0.058252 0.882388 -0.278419 0.597246 0.000001 -0.000003 -0.000001 1.306204 0.585197 0.377265 -0.443432 -1.278861 0.540445 -1.230845 -2.099676 3.377277 -0.000003 0.000002 -0.000002 1.287273 0.086156 -0.092227 -1.078131 -0.028266 -1.506953 0.739402 -1.604145 -0.460704 -0.000001 0.000002 0.000000 0.787900 0.193033 -0.449886 -0.046877 -0.040009 -0.340668 -0.411910 -0.314585 -0.383505 0.000001 0.000000 -0.000001 
-7.355165 108.855988 -3.549093 -0.108681 0.056009 0.020691 0.054823 0.001540 0.024307 -0.029098 -0.023634 0.025543 0.055299 0.025749 -0.022832 -0.075447 -0.035897 0.005464 0.000002 0.000003 0.000000 0.025245 -0.062502 -0.064486 0.001819 0.092203 -0.021852 -0.006205 -0.004452 -0.045156 0.000000 -0.000004 -0.000000 0.043266 0.068463 0.025951 0.002135 0.024031 0.045892 0.032719 -0.125665 0.295676 0.000003 -0.000001 -0.000000 0.179936 0.016350 0.023034 -0.146525 0.000882 -0.127823 0.042789 -0.132526 -0.051030 -0.000000 0.000002 -0.000001 0.098997 0.013108 -0.042757 -0.012727 -0.004932 0.004489 -0.039803 -0.069149 -0.067498 -0.000000 0.000000 -0.000001 
-7.796439 108.780388 -3.647189 0.966482 -0.500211 -0.179481 -0.487997 -0.012694 -0.216420 0.259492 0.209758 -0.227885 -0.491740 -0.230175 0.202118 0.671671 0.319221 -0.050753 0.000003 0.000001 0.000001 -0.227762 0.555005 0.575175 -0.014643 -0.820733 0.194393 0.055072 0.039824 0.401916 0.000001 -0.000010 -0.000000 -0.386436 -0.608558 -0.233295 -0.019807 -0.213799 -0.408495 -0.262554 1.125488 -2.628943 0.000001 0.000000 0.000001 -1.601899 -0.142290 -0.207247 1.304250 0.006610 1.137801 -0.386127 1.177921 0.458633 0.000001 -0.000003 -0.000001 -0.880714 -0.119932 0.379587 0.113285 0.043838 -0.040042 0.350744 0.617568 0.598733 0.000000 -0.000002 -0.000001 
-8.233109 108.655159 -3.732941 0.784462 -0.580505 -0.497544 -0.078796 -0.184153 -0.250467 1.542607 0.455814 0.199045 -1.744058 -1.141845 -0.162328 0.838325 0.908208 -0.098048 0.000003 -0.000001 0.000000 0.206697 0.603347 1.275926 1.175549 -0.651135 1.342544 0.860960 0.455171 1.758021 0.000000 -0.000006 -0.000001 0.262497 -1.313055 -0.556018 -1.321420 -2.322522 -1.524468 -1.526726 2.876528 -6.603655 0.000003 0.000001 -0.000002 -1.897225 -0.602669 0.230589 3.187736 0.602994 2.475214 -4.346440 6.145808 1.540250 0.000000 0.000001 -0.000001 -1.409620 0.141081 1.055340 -1.384989 -0.331037 -1.011443 -1.411146 0.652355 0.799735 0.000001 0.000000 0.000000 
-8.657072 108.504486 -3.804602 1.810269 -1.889660 -0.788478 -1.305230 -0.193060 -0.482750 2.113082 0.590488 -0.034992 -1.780181 -1.035141 0.092559 1.104825 1.107681 -0.636873 0.000001 -0.000002 -0.000000 -0.222849 1.323832 1.605988 0.678247 -1.019008 1.510842 0.634071 0.579385 1.729850 -0.000000 -0.000003 0.000000 0.174315 -1.085426 -0.624177 -2.205760 -2.524945 -2.135029 0.533285 3.559779 -10.164822 -0.000001 0.000001 0.000002 -2.692134 -0.510663 -0.031959 3.680254 0.525134 4.602841 -4.304775 5.851391 1.432886 -0.000001 0.000001 -0.000001 -2.331336 -0.058230 1.081991 -0.916131 -0.626130 -0.208711 -1.156038 1.932552 1.385123 -0.000000 0.000000 0.000002 
-9.056292 108.352158 -3.880688 1.462500 -1.845604 -1.226177 0.005241 -0.267621 -0.139202 -0.050358 0.088478 -0.001716 -0.175315 -1.262004 -0.148415 1.347773 1.707707 -1.114733 -0.000000 0.000001 0.000001 0.210902 2.481773 2.116126 1.630453 -2.597343 2.510799 1.700531 1.499803 3.507729 0.000001 0.000002 -0.000001 0.798591 -1.683806 -0.547283 -3.242157 -4.637503 -3.189034 -1.892539 4.840037 -13.417549 -0.000000 0.000000 0.000003 -2.533482 -0.417263 0.242574 4.608486 0.980620 5.944312 -6.460933 7.868767 1.743331 -0.000000 -0.000003 -0.000001 -2.056107 -0.119605 1.576564 -1.861699 -1.256551 -0.530344 -2.661711 1.742024 0.711732 0.000001 0.000002 0.000000 
-9.453695 108.173828 -3.965822 1.601192 -1.886599 -1.574161 -0.376949 -0.343263 -0.021834 1.204601 0.269822 0.184671 -1.316691 -1.651150 -0.513062 1.774897 2.015053 -1.067038 0.000000 0.000001 -0.000001 0.078664 2.000015 2.538720 1.929366 -2.124805 2.354511 1.436846 2.349351 4.454385 0.000000 -0.000001 -0.000001 -0.027513 -2.379497 -0.654150 -2.310196 -4.408403 -4.038680 -1.972645 5.723247 -15.719498 0.000003 -0.000001 0.000005 -2.864741 -0.512802 0.155031 5.016687 1.376001 8.113274 -6.398517 7.130057 1.350211 -0.000000 -0.000005 -0.000001 -2.330462 -0.146934 1.833615 -2.152443 -1.650995 -0.015390 -3.748735 1.658869 0.640284 0.000000 -0.000002 0.000000 
-9.847622 107.991295 -4.057272 1.769558 -2.005817 -2.160938 0.911391 -0.294264 -0.109091 1.467942 0.176817 0.441466 -2.515125 -2.504649 -0.632181 1.585048 2.486277 -1.176920 -0.000000 -0.000001 0.000000 -0.430398 3.741188 3.494931 2.558434 -3.227287 2.376689 1.867103 3.267545 5.591223 -0.000000 -0.000008 -0.000001 0.928874 -1.981739 -0.581200 -3.383062 -5.607794 -4.883189 -1.547724 5.412101 -17.217969 0.000001 0.000004 0.000004 -3.079986 -0.430949 0.099506 4.621677 1.256078 10.983289 -4.697914 4.877186 0.801533 0.000001 -0.000003 -0.000001 -2.386174 -0.238863 2.176190 -2.617715 -2.073638 0.949801 -4.107403 1.207305 0.167862 0.000001 -0.000003 -0.000000 
-10.218070 107.816116 -4.151840 1.565667 -1.725725 -2.640653 1.956486 -0.254222 0.043399 1.507799 0.126459 0.641697 -3.117391 -3.431565 -0.905574 1.284233 2.812104 -1.267012 0.000001 0.000001 -0.000000 -0.979303 4.140506 4.258576 2.923015 -3.805756 1.875254 1.676784 4.333541 6.145481 0.000000 -0.000006 -0.000001 1.494295 -1.488736 -0.417898 -4.096252 -6.030420 -5.339126 -1.544795 5.861422 -18.560230 -0.000003 0.000003 0.000003 -3.173265 -0.534524 -0.150907 4.706789 1.358569 13.597633 -3.702540 3.168368 0.295644 0.000000 -0.000001 -0.000004 -2.334526 -0.193138 2.539114 -2.586500 -2.135231 1.489797 -4.485438 0.257752 -0.500561 -0.000001 -0.000002 -0.000000 
-10.586921 107.613121 -4.244917 1.494458 -2.118124 -3.553423 2.413578 -0.246233 0.456177 -1.439586 -0.457202 0.615509 -0.608262 -2.721802 -0.828438 1.179113 2.076108 -0.858078 0.000002 -0.000003 -0.000000 -0.931192 2.535899 4.679721 3.220175 -1.755089 1.865224 1.604215 4.323029 6.412242 0.000000 -0.000008 0.000001 0.280395 -2.135099 0.270942 -2.884516 -5.540193 -6.373811 -0.074699 4.636571 -18.289051 0.000002 -0.000001 -0.000000 -3.591375 -0.686927 0.468929 4.618317 1.490110 16.181668 -1.048377 0.152904 0.098790 0.000000 -0.000004 -0.000002 -2.143448 -0.224453 3.320999 -3.056478 -2.433232 2.241619 -4.857140 -0.244807 -0.951809 -0.000000 -0.000002 0.000000 
-10.956009 107.395042 -4.347569 1.669465 -3.481146 -4.459127 2.653098 -0.207052 0.593186 -2.892146 -0.598255 0.442989 0.665961 -1.743187 -0.395295 1.208749 1.706410 -0.851239 0.000000 -0.000001 0.000002 -1.148378 2.025351 4.932887 3.286530 -0.808519 2.154148 1.516717 4.227816 6.954500 0.000001 -0.000010 0.000002 -0.544549 -2.635684 0.597800 -2.341344 -5.332597 -6.874686 0.606326 4.085438 -18.499158 0.000001 -0.000002 -0.000000 -4.182173 -0.816694 1.459288 4.671356 1.836865 18.244200 0.983816 -2.023669 0.167153 0.000001 -0.000000 0.000003 -2.081916 -0.271981 3.982600 -2.945671 -2.736158 2.930984 -5.118874 0.243122 -0.691933 -0.000001 0.000000 0.000000 
-11.298029 107.182823 -4.438097 1.399201 -3.495739 -5.099498 3.334030 -0.148896 0.897761 -3.206571 -0.639025 0.402207 0.916488 -2.033974 -0.484184 1.029623 1.409271 -0.768858 0.000003 -0.000005 0.000000 -1.675099 2.136395 5.004507 2.809526 -1.567742 1.972456 0.869522 4.917968 7.036717 -0.000001 -0.000004 -0.000000 -0.632910 -2.188827 0.979960 -1.581011 -4.451472 -7.048044 2.673185 2.894782 -17.792569 0.000003 -0.000001 0.000003 -3.763859 -0.797693 1.892177 4.106254 1.868703 19.894832 2.317460 -3.862018 -0.019789 0.000001 -0.000006 -0.000001 -1.548170 -0.308975 4.488679 -3.122406 -2.894539 3.353513 -5.078132 0.489009 -0.436590 0.000000 -0.000005 -0.000000 
-11.634598 106.933708 -4.526628 1.944181 -4.373155 -5.580647 2.683850 -0.120812 0.708307 -2.686646 -0.661142 0.609348 0.596047 -2.067480 -0.520006 1.304423 1.336059 -0.834182 0.000001 -0.000003 0.000002 -2.341212 2.155500 5.220634 2.323220 -0.928913 1.654612 0.135466 4.598107 6.704472 0.000000 -0.000003 -0.000001 -0.888690 -1.711871 1.253356 -1.924290 -3.819725 -6.799514 5.229568 1.878852 -17.367750 0.000003 0.000001 0.000005 -3.859168 -0.792044 2.434762 3.915074 1.915270 21.035803 3.153150 -5.339295 -0.333053 0.000000 -0.000001 -0.000001 -1.988843 -0.359382 4.266359 -2.849641 -3.089598 5.040082 -5.993873 -0.020552 -0.919719 0.000000 0.000000 0.000001 
-11.961686 106.673813 -4.606265 2.081881 -5.886278 -5.959276 2.231843 -0.109253 0.359816 -2.551431 -0.519407 0.446571 0.428108 -1.320742 -0.158556 1.621881 1.239385 -0.626464 0.000001 -0.000002 -0.000002 -2.470189 2.347445 5.283498 2.381616 -1.280637 1.548609 -0.368975 5.279381 7.089085 0.000000 -0.000003 -0.000001 -1.045842 -1.835581 1.300250 -1.706241 -3.714926 -6.485255 6.228000 1.598422 -17.552370 0.000003 0.000001 0.000005 -3.516863 -0.798657 2.696438 4.645899 2.020730 22.123027 2.648891 -4.801169 -0.406727 0.000000 -0.000002 -0.000003 -2.037769 -0.301704 4.207519 -1.959205 -2.826358 6.157972 -6.446824 0.310717 -0.624381 -0.000000 -0.000002 -0.000000 
-12.265135 106.425323 -4.674787 2.222369 -6.715101 -6.312092 2.350805 -0.070991 0.132221 -1.334484 -0.129240 0.242935 -1.160825 -1.325352 0.241274 1.923503 1.077368 -0.338629 0.000002 -0.000001 0.000001 -2.343510 2.560922 5.263769 2.492191 -1.393124 1.744413 -0.546424 4.662711 7.557059 0.000000 -0.000004 0.000001 -0.934073 -1.814111 1.462412 -1.907437 -4.052509 -6.452130 6.346528 1.744440 -18.384173 0.000003 -0.000003 0.000003 -3.146910 -0.737072 2.868903 5.215742 2.051913 22.816353 2.150294 -4.728016 -0.707597 -0.000000 0.000002 -0.000001 -1.906776 -0.293799 4.225576 -1.326839 -2.678587 6.915348 -6.837378 0.979734 -0.207660 0.000001 -0.000002 0.000000 
-12.565668 106.166237 -4.747346 2.521689 -7.210452 -6.584467 2.379792 -0.027458 -0.235552 -0.345090 -0.035792 0.405998 -1.967498 -1.055691 0.344372 1.019166 0.576988 0.066950 0.000001 0.000003 -0.000000 -1.782697 1.975661 5.114868 2.592665 -1.005623 2.472862 -0.551880 4.700607 8.544776 0.000001 -0.000008 -0.000001 -1.195769 -2.173047 1.611002 -2.526956 -4.816456 -6.712155 5.548388 1.616747 -18.464993 0.000003 -0.000003 0.000002 -3.234611 -0.632334 2.605465 5.582508 2.072432 24.220537 2.489564 -5.259872 -0.732924 0.000001 -0.000003 -0.000003 -2.042809 -0.339677 4.014905 -0.587027 -2.763662 8.188499 -7.110500 1.298013 -0.280648 0.000000 0.000000 -0.000001 
-12.853891 105.910896 -4.813491 3.991297 -7.934486 -6.833441 1.297182 -0.029606 -0.447678 0.289351 -0.030696 0.457089 -2.349931 -0.476093 0.484255 1.058085 0.647126 -0.053565 0.000002 0.000001 -0.000001 -1.621231 1.810121 5.322288 2.374114 -1.946891 2.858912 -0.043131 5.340919 8.835241 0.000000 -0.000005 -0.000001 -0.275751 -1.629953 1.452573 -3.850040 -5.409864 -5.967892 3.888492 2.393425 -19.546553 0.000005 -0.000002 0.000002 -3.947301 -0.454855 2.692075 6.458574 2.142617 25.192045 0.951290 -5.532796 -1.934048 0.000001 -0.000003 -0.000002 -3.099330 -0.482517 3.656424 0.741417 -2.558296 9.885347 -6.793152 2.080487 0.311149 0.000000 -0.000002 0.000002 
-13.129870 105.668251 -4.871932 3.405486 -7.437901 -7.111485 2.379177 0.075935 -0.597636 0.381166 -0.298240 0.800404 -2.720276 -1.217648 0.021039 1.758126 0.834794 -0.015622 0.000001 -0.000001 -0.000001 -1.672184 2.037513 5.272572 2.051448 -1.595987 2.938603 -0.194822 4.807676 8.858627 -0.000000 -0.000011 -0.000000 -0.520554 -1.606829 1.495411 -2.612345 -4.500999 -5.686568 4.237413 2.092330 -19.618221 0.000003 -0.000002 0.000006 -2.607849 -0.097696 2.469518 6.170273 1.840031 26.799152 1.443309 -7.216321 -2.602027 0.000001 -0.000003 -0.000002 -2.178784 -0.519592 3.312816 0.407597 -2.831790 11.300280 -6.744128 1.333351 -0.391517 0.000001 -0.000002 -0.000000 
-13.393316 105.431435 -4.929090 4.088805 -7.391328 -7.408208 1.883224 -0.011797 -0.404782 0.633158 -0.329183 0.849604 -2.587452 -1.798189 -0.188427 1.538177 0.803215 -0.384653 0.000001 0.000002 0.000002 -1.752241 2.803914 5.205578 1.823697 -2.051709 3.054885 -0.145211 4.708803 8.950570 0.000000 -0.000006 -0.000001 -0.892046 -1.689292 1.830002 -2.280047 -4.229029 -6.031671 3.911102 2.410692 -19.771181 0.000001 0.000004 0.000004 -2.864351 -0.035415 2.474191 6.982570 2.188445 29.479274 1.753138 -7.520485 -2.572042 -0.000001 0.000000 0.000000 -2.968078 -0.721193 3.603446 0.415904 -3.215892 11.964625 -7.723741 1.693474 -0.611473 0.000001 0.000002 -0.000001 
-13.659490 105.192459 -4.985903 5.174041 -7.883444 -7.641890 0.159130 -0.077936 -0.300708 1.515044 -0.168230 0.816819 -2.658848 -2.307990 -0.287983 1.660585 0.982274 -0.587956 0.000002 0.000001 -0.000001 -2.285411 2.823700 5.353285 1.569836 -1.108895 2.428002 -0.376895 4.280641 8.754422 0.000000 -0.000008 -0.000000 -1.000586 -1.250949 2.156015 -3.037501 -3.664229 -5.884237 4.571772 2.326259 -19.722827 -0.000000 -0.000002 0.000003 -3.429549 -0.063004 2.692111 8.749010 2.782232 32.621578 2.668725 -8.293375 -2.562414 0.000001 -0.000002 -0.000004 -3.832428 -0.854704 3.879600 0.595569 -2.957318 12.767220 -7.118979 2.432953 0.501350 0.000001 -0.000002 0.000000 
-13.910370 104.981110 -5.041505 5.875996 -8.185514 -7.746343 -0.269590 -0.055871 -0.394571 2.036962 -0.037538 0.728832 -2.881724 -2.605583 -0.256341 0.973278 0.580385 -0.501595 0.000002 0.000002 0.000002 -2.496533 2.585928 5.537453 1.382714 -0.848047 2.353840 -0.155232 4.089890 8.759899 0.000000 -0.000005 -0.000001 -1.349598 -1.199333 2.589444 -3.682405 -3.451091 -6.046780 5.114989 2.104952 -19.910678 -0.000003 0.000003 0.000002 -3.933676 -0.095819 2.740775 9.713202 3.308848 35.550455 3.938486 -9.084373 -2.276424 -0.000001 -0.000003 -0.000001 -4.858054 -0.991413 4.171708 0.968315 -2.809592 12.910941 -6.815278 2.978212 1.216172 0.000000 0.000000 0.000001 
-14.164001 104.790253 -5.108931 6.133115 -7.775405 -7.826914 -0.891703 -0.027622 -0.331576 2.482729 0.010330 0.647539 -3.180779 -3.164713 -0.360802 1.592599 0.555487 -0.674569 0.000003 0.000003 -0.000000 -2.948757 2.485190 5.288192 0.976859 -0.292907 1.397305 -0.845997 3.415876 8.372545 0.000000 -0.000003 0.000000 -1.298173 -0.502301 2.584866 -3.925284 -2.499285 -5.839646 7.274046 1.020703 -18.745832 0.000002 0.000001 -0.000002 -3.483793 0.015136 3.183408 10.847620 3.872346 38.784922 4.206655 -9.383068 -2.370127 0.000003 -0.000002 -0.000004 -5.212918 -1.091966 4.394310 0.838986 -2.739544 12.873386 -6.776881 3.582762 1.804861 -0.000001 -0.000002 -0.000000 
-14.408525 104.606674 -5.163046 6.328482 -7.816032 -7.909100 -0.846408 -0.038845 -0.429454 2.279699 -0.039304 0.657442 -2.929446 -3.049622 -0.325551 1.384640 0.369450 -0.753494 0.000003 0.000003 0.000001 -2.854082 1.991937 5.006171 0.955412 -0.049278 1.369873 -1.104347 3.912199 8.507375 -0.000000 -0.000008 0.000000 -1.546852 -0.636971 2.665639 -4.213523 -2.574308 -5.918878 7.558236 0.897119 -18.493700 0.000003 -0.000002 0.000003 -3.194339 0.065198 4.110408 13.124009 5.126509 41.830302 4.433796 -8.871504 -2.041713 0.000002 -0.000000 -0.000005 -5.886293 -1.191593 4.896750 0.125336 -2.891802 12.460909 -7.287004 2.204521 0.606226 0.000000 -0.000005 -0.000001 
-14.640163 104.429924 -5.213779 6.289885 -7.720145 -7.908422 -1.061545 -0.069258 -0.459541 1.923802 -0.125621 0.668672 -2.517831 -2.941235 -0.433056 1.407237 0.281347 -0.650067 -0.000000 0.000001 0.000000 -2.590084 1.321758 5.061873 1.529576 0.424237 1.172831 -1.034763 4.460406 8.909228 -0.000000 -0.000010 -0.000000 -1.379486 -0.706635 2.570528 -4.034085 -3.041476 -5.982928 7.063394 0.836741 -18.416932 0.000001 -0.000003 0.000005 -2.944664 0.116009 4.775589 14.551173 5.967920 44.435630 4.735304 -9.513626 -2.145690 0.000001 -0.000001 -0.000003 -6.241470 -1.210725 5.267712 -0.643046 -3.149173 11.941182 -7.994103 0.943162 -0.826225 -0.000000 -0.000002 -0.000002 
-14.857638 104.252769 -5.251408 5.870560 -7.055249 -7.827804 -0.727916 -0.034972 -0.433322 2.361882 -0.087908 0.715334 -3.196292 -4.052269 -0.863805 1.646219 0.525989 -0.796199 0.000001 -0.000002 0.000002 -2.525743 1.726659 5.103557 1.778494 0.231715 0.755323 -1.184381 4.483953 8.965720 -0.000001 -0.000006 -0.000000 -0.661628 -0.177141 2.392355 -4.228834 -3.313624 -5.827474 7.350768 0.512620 -18.099113 0.000004 -0.000003 -0.000002 -2.661987 0.243036 5.609234 16.551884 7.104373 47.336244 6.992334 -10.456181 -1.135209 -0.000001 -0.000002 0.000002 -6.340437 -1.231424 5.077007 -1.086286 -3.448421 12.226087 -9.158333 -0.746283 -2.860702 -0.000000 0.000000 0.000001 
-15.067384 104.085884 -5.295560 5.978102 -6.975105 -7.502885 -0.749573 -0.032098 -0.589499 2.528039 0.089550 0.498514 -3.359839 -4.130475 -0.815132 1.399497 0.689451 -0.776857 0.000002 -0.000004 -0.000003 -2.220687 1.604096 4.993422 2.010578 0.103678 0.552078 -1.438325 4.700397 9.394906 -0.000001 -0.000018 0.000000 -0.849557 -0.374644 2.452154 -4.580120 -3.623832 -5.927770 6.920585 1.019055 -18.444885 0.000001 -0.000002 0.000003 -3.115358 0.076601 6.398909 20.072860 9.092850 48.807890 7.636624 -10.005293 -0.448207 0.000000 -0.000002 -0.000005 -6.971131 -1.187522 4.915717 -1.374176 -3.475578 12.246913 -9.667509 -1.237347 -3.372892 -0.000000 0.000000 -0.000001 
-15.253192 103.943665 -5.336049 6.069012 -6.715576 -7.283653 -0.647409 -0.029490 -0.719461 2.699640 0.185543 0.424399 -3.414627 -4.545914 -0.865386 1.047534 0.679374 -0.764639 0.000004 -0.000003 0.000001 -2.103871 2.004116 4.902197 2.184409 0.000696 0.661975 -1.225196 4.118783 9.700523 0.000000 -0.000006 -0.000001 -0.767036 -0.367766 2.499489 -5.254724 -3.957770 -5.817479 6.792552 1.039478 -18.486354 0.000003 -0.000003 -0.000000 -3.565168 -0.062917 6.638940 22.361850 10.546885 50.137191 7.175424 -10.484807 -0.911638 -0.000000 -0.000002 -0.000004 -7.401746 -1.184544 4.927259 -1.156363 -3.350812 11.849452 -9.816216 -1.400439 -3.502711 0.000001 0.000002 -0.000001 
-15.418294 103.819862 -5.373365 5.751526 -6.549524 -6.960924 -0.131601 0.053177 -0.809867 1.765272 -0.127572 0.433469 -2.572553 -3.982299 -1.020077 0.700848 0.427124 -0.661587 0.000001 0.000002 0.000002 -2.145799 1.335026 4.701699 1.739494 0.818964 0.063322 -1.818991 3.340049 9.349649 0.000000 -0.000006 -0.000000 -0.805627 -0.044228 2.152399 -5.008395 -2.794143 -5.344345 9.052477 0.072794 -17.559224 0.000004 -0.000001 0.000004 -3.163496 0.097609 6.292711 24.595083 11.970271 51.742487 6.638988 -10.602430 -1.488243 -0.000002 -0.000001 -0.000002 -7.412099 -1.276710 4.854992 -1.174352 -3.023036 11.316584 -9.850460 -1.453492 -3.355016 0.000002 -0.000002 0.000000 
-15.561091 103.715431 -5.402738 5.911817 -5.831472 -6.537034 -0.447031 0.039517 -0.794339 2.389154 -0.036081 0.315825 -2.741820 -4.249967 -1.212043 0.403708 0.027596 -0.512386 0.000001 0.000003 0.000001 -2.136169 0.817913 4.546141 1.434303 0.933738 -0.546777 -2.521270 2.866549 9.122709 0.000001 -0.000005 -0.000001 -1.230374 0.024531 2.176032 -4.884465 -2.013258 -5.178827 10.514301 -0.363878 -16.862856 0.000003 0.000001 0.000001 -3.719200 0.047980 5.288424 26.608947 13.515941 54.070650 5.974137 -10.650217 -2.047423 -0.000002 -0.000006 0.000000 -7.829766 -1.303157 4.628360 -0.737128 -2.630614 10.931341 -10.124751 -1.983333 -3.871311 0.000002 0.000000 -0.000001 
-15.690049 103.629349 -5.432574 6.534727 -5.548232 -6.294976 -0.415326 0.048701 -0.963779 2.753744 -0.021934 0.411584 -3.122179 -4.701066 -1.280428 0.294961 0.020713 -0.427361 0.000002 -0.000001 -0.000001 -2.207094 0.906516 4.666575 1.242272 0.952908 -0.505714 -2.744397 3.051457 8.690192 0.000001 -0.000003 -0.000001 -1.672015 -0.194061 2.324183 -5.235051 -2.028952 -4.975959 10.587539 0.108218 -16.903683 0.000004 0.000002 0.000001 -4.176367 -0.125000 4.687788 28.341696 14.781390 55.153716 5.764763 -9.836263 -1.788134 -0.000002 0.000001 -0.000003 -8.353220 -1.230427 4.487793 -1.072162 -2.564889 10.792833 -10.103734 -2.287045 -4.069496 0.000002 0.000000 0.000000 
-15.795008 103.557549 -5.467677 6.545921 -4.494586 -5.901775 0.483147 0.040565 -0.914135 1.953546 -0.186698 0.355164 -2.651427 -5.144835 -1.335011 -0.228146 -0.011574 -0.423713 0.000001 0.000002 0.000002 -1.859261 1.401812 4.719386 1.488275 0.231384 -0.328301 -2.503677 3.453760 8.882168 0.000000 -0.000010 -0.000000 -1.441299 -0.280497 2.481825 -5.990528 -2.990445 -4.995448 9.193521 0.847148 -17.579949 0.000004 0.000003 0.000003 -4.962798 -0.288295 3.139204 29.849511 16.163048 57.202233 5.497363 -9.865800 -1.908032 -0.000000 0.000003 -0.000006 -8.537143 -1.093341 4.062522 -0.552239 -2.497684 10.628278 -10.060140 -2.560366 -4.600182 -0.000000 0.000002 -0.000001 
-15.863714 103.504997 -5.491922 7.017915 -3.830441 -5.423672 0.957976 0.071570 -0.846696 2.130336 -0.096080 0.236984 -2.904125 -5.451930 -1.325183 -0.761062 0.093477 -0.741951 0.000000 0.000006 0.000001 -1.947790 1.412766 4.906091 1.265273 -0.433833 -0.497736 -2.556115 3.759131 8.429557 0.000000 -0.000008 -0.000000 -1.441040 -0.255725 2.412614 -5.486072 -2.759873 -5.062870 9.109539 0.823528 -16.768304 0.000002 0.000000 0.000000 -6.118302 -0.510660 1.073700 31.209006 17.601742 59.414354 5.890810 -10.638534 -1.973893 0.000003 -0.000003 -0.000001 -9.293388 -0.877832 3.202015 -0.337857 -2.553849 11.188353 -10.093358 -3.392562 -5.555920 0.000001 0.000000 -0.000001 
-15.914369 103.454903 -5.517137 7.474071 -3.580491 -5.082298 1.032272 0.046294 -0.675480 1.997725 -0.049246 0.125527 -2.881939 -5.434199 -1.294550 -1.132929 0.157634 -0.940548 0.000002 0.000001 -0.000001 -1.585377 1.151205 4.876752 1.631195 -0.640055 -0.223875 -2.073673 4.553979 8.821024 -0.000000 -0.000010 -0.000000 -1.271862 -0.452502 2.513061 -5.712372 -3.561038 -5.353926 7.328742 1.379065 -17.606197 0.000001 -0.000003 0.000005 -7.146479 -0.549413 -0.741976 31.845419 18.687304 61.318973 5.975871 -11.507948 -2.213542 0.000002 -0.000003 0.000000 -9.741171 -0.753632 2.442696 -0.148843 -2.852553 11.696069 -9.910428 -3.479341 -5.923810 -0.000001 0.000000 0.000000 
-15.933848 103.410294 -5.542463 7.935949 -3.533981 -4.556228 0.377056 -0.044982 -0.345005 2.280715 0.124884 -0.149362 -2.957514 -5.211824 -1.294753 -1.215973 0.342029 -1.407247 0.000002 -0.000001 0.000001 -1.337144 1.180845 4.605962 1.808495 -0.782555 -0.392119 -2.240856 5.102577 9.071309 0.000001 -0.000006 -0.000001 -1.407775 -0.630017 2.591572 -5.535884 -3.777371 -5.345887 6.127689 2.233479 -18.496818 0.000002 0.000001 -0.000002 -8.303446 -0.609632 -3.130379 32.572469 19.823705 63.767855 6.320053 -12.735246 -2.549324 -0.000001 0.000002 0.000001 -10.391280 -0.600595 1.551268 -0.277913 -3.031756 12.028686 -9.988183 -4.451364 -7.052336 0.000000 -0.000002 -0.000001 
-15.928436 103.373558 -5.581313 7.863612 -3.564438 -3.951573 0.140988 -0.100873 -0.072698 2.860566 0.326920 -0.361398 -3.339673 -4.883018 -1.317629 -1.281975 0.629915 -1.682057 0.000001 -0.000002 -0.000000 -1.035478 1.340128 4.451585 2.166730 -0.521687 -0.770548 -2.416625 5.117363 9.640185 0.000000 -0.000003 -0.000001 -1.815541 -1.242200 2.375392 -5.211863 -3.842656 -5.090657 4.782698 2.949275 -19.100013 0.000002 -0.000001 -0.000000 -9.037596 -0.511165 -5.729741 33.126950 20.864765 66.109859 5.691960 -13.142563 -3.136316 -0.000001 -0.000001 0.000000 -10.477644 -0.405453 0.431255 -0.409151 -3.239860 12.577187 -10.064595 -4.840932 -7.631290 0.000001 -0.000003 -0.000000 
-15.912043 103.343948 -5.617603 7.958712 -3.591801 -3.516628 0.320001 -0.133721 0.201383 2.824588 0.467933 -0.714599 -3.548523 -4.337103 -1.153549 -0.913603 0.922422 -1.923007 -0.000002 0.000003 0.000001 -0.811668 0.671809 4.142302 2.185560 0.286733 -0.955185 -2.824099 4.726502 9.809307 0.000001 -0.000006 -0.000001 -1.691994 -1.182556 1.992150 -4.688483 -3.422172 -5.072729 5.833306 2.192453 -18.445177 0.000003 -0.000002 -0.000001 -9.795059 -0.508537 -7.515181 34.220095 21.938014 66.986281 4.286226 -12.254345 -3.635977 -0.000002 -0.000003 0.000002 -10.577988 -0.202241 -0.332578 -0.515406 -3.263706 12.860979 -10.118430 -4.819235 -7.538074 0.000001 -0.000003 -0.000000 
-15.857179 103.321945 -5.657846 7.593240 -4.059032 -2.764558 0.735655 -0.186791 0.606677 2.444102 0.645164 -1.140224 -3.416891 -3.851889 -1.221361 -0.606492 1.630500 -2.301139 0.000000 0.000004 0.000002 -0.268973 1.226440 4.089013 2.898610 -0.380804 -0.940499 -2.351308 5.650836 10.512414 -0.000001 -0.000008 -0.000000 -1.418023 -1.725500 1.789072 -4.521017 -4.357166 -5.410860 3.723994 3.038616 -19.313190 0.000001 0.000002 0.000003 -10.051937 -0.441656 -9.636308 36.132691 23.339105 67.003555 2.838111 -10.795219 -3.825835 0.000002 0.000001 -0.000001 -10.681681 0.259556 -2.055345 -0.340576 -3.367753 14.196761 -10.612136 -5.080725 -8.200545 0.000001 -0.000002 0.000000 
-15.775669 103.296234 -5.689435 7.068972 -4.889647 -1.754443 1.546691 -0.176347 0.967472 2.278134 1.163428 -2.308220 -3.514112 -3.215337 -0.714504 -0.799806 2.194434 -3.079969 0.000003 -0.000003 0.000002 -0.414799 1.355922 3.827717 2.638331 -0.431073 -1.377893 -2.890157 5.247224 10.089543 -0.000001 -0.000010 0.000000 -0.758909 -1.182793 0.937549 -5.287235 -4.393874 -4.941589 5.051733 2.707961 -18.745026 0.000003 0.000000 0.000000 -10.014446 -0.407249 -12.301036 37.699564 24.736951 67.366094 0.721286 -10.147814 -4.797095 0.000004 -0.000002 -0.000004 -10.758874 0.722245 -3.912860 0.877371 -3.168767 15.270529 -10.917487 -3.841419 -7.426573 0.000000 0.000000 0.000000 
-15.689061 103.273178 -5.723260 6.353845 -5.309749 -1.068818 2.886435 -0.133454 1.334361 -1.116305 0.792151 -2.914043 -1.124885 -1.936343 -0.532210 -0.917463 2.432166 -3.371136 0.000001 0.000004 0.000001 -0.379312 1.803243 3.426259 2.730022 -0.615620 -1.857539 -3.272360 4.895941 10.391487 0.000000 -0.000005 -0.000001 -0.392432 -1.053893 0.352666 -5.050921 -4.269744 -4.724946 5.640947 2.316499 -18.290794 0.000003 0.000003 0.000002 -10.008306 -0.341911 -14.322988 38.474370 25.613440 68.135338 -0.412605 -9.698787 -5.292270 0.000002 0.000001 -0.000005 -10.812520 1.053708 -5.304334 1.515433 -3.060211 16.234374 -11.370380 -3.837108 -7.736703 -0.000001 -0.000003 -0.000001 
-15.581528 103.231873 -5.752816 5.765746 -6.067101 -0.340103 2.027140 -0.347506 2.100291 0.503043 1.666370 -3.818033 -2.684425 -1.958527 -0.434400 -0.218377 3.392081 -3.664849 0.000003 0.000003 0.000001 -0.153619 1.657648 3.342492 4.255385 -0.183215 -2.545302 -2.733140 5.913254 11.761311 0.000000 -0.000008 0.000000 0.066639 -1.509138 -0.248354 -5.540944 -5.646441 -4.866406 2.443617 3.312379 -19.383858 0.000002 -0.000001 -0.000000 -11.025401 -0.324577 -16.266886 39.410079 26.987322 68.995252 -2.042690 -9.794597 -6.150561 -0.000000 -0.000001 -0.000002 -11.193307 1.428911 -6.466099 2.278470 -3.088897 16.937237 -11.805686 -4.497270 -8.515872 0.000000 0.000002 0.000000 
-15.463590 103.202652 -5.786353 5.533447 -7.138678 0.296036 1.843759 -0.499544 2.692809 1.337080 2.189294 -4.526837 -3.645292 -1.505725 -0.278550 0.165659 4.110706 -4.083351 0.000001 0.000001 -0.000000 -0.034425 1.982116 3.112568 5.095607 -0.085880 -2.989322 -2.493241 6.037166 12.649079 0.000000 -0.000005 -0.000001 -0.003453 -2.027112 -0.713087 -5.089826 -6.028185 -4.961254 0.468893 4.080951 -20.059909 0.000001 0.000002 0.000001 -12.133388 -0.217205 -17.742904 41.138509 28.453398 68.675175 -2.187915 -9.878085 -6.203596 0.000002 -0.000004 0.000003 -11.234060 1.781856 -7.627027 2.845523 -3.076405 17.619463 -11.533120 -4.261433 -8.257248 -0.000001 -0.000003 -0.000001 
-15.353261 103.184036 -5.813473 5.447138 -7.734844 0.723024 1.721795 -0.569648 3.094455 0.604465 2.333195 -5.067912 -2.947513 -0.783540 -0.074526 0.383523 4.412827 -4.152870 -0.000000 0.000001 0.000002 -0.139542 1.932836 2.859042 5.096603 -0.064982 -3.253425 -2.653415 5.777890 12.539628 0.000001 -0.000006 -0.000001 -0.095820 -2.112244 -1.116746 -4.952031 -5.850863 -5.078319 1.808553 3.180353 -19.717786 0.000002 0.000000 0.000000 -12.618115 -0.160786 -18.687725 42.624817 29.409278 67.925350 -3.439165 -9.159253 -6.583512 -0.000002 -0.000001 0.000005 -11.351100 1.973540 -8.367159 2.724961 -3.151951 18.083127 -11.850301 -4.522562 -8.386198 -0.000001 -0.000003 -0.000000 
-15.228306 103.176842 -5.845451 4.689303 -8.311326 1.419812 2.734938 -0.505834 3.485197 0.334446 2.541403 -5.679014 -3.058714 -1.056692 -0.139415 1.045580 5.318722 -4.891157 0.000002 0.000005 -0.000001 -0.269067 2.526871 2.367737 4.694000 -0.198176 -3.174673 -2.722318 5.840903 11.980351 -0.000000 -0.000010 0.000001 0.430571 -1.746454 -1.844344 -5.232473 -5.486449 -4.710415 3.790902 2.330897 -19.380088 0.000003 0.000003 0.000002 -13.268739 0.014084 -20.008389 44.186550 30.351096 67.550093 -3.342231 -9.987635 -7.173684 -0.000001 -0.000002 0.000001 -11.447905 2.366267 -9.846250 3.488692 -2.611203 19.232628 -11.979416 -5.126304 -8.815852 -0.000001 -0.000002 0.000001 
-15.094994 103.194763 -5.874059 4.582359 -8.605184 2.192641 2.950255 -0.504147 3.757711 0.512052 2.644149 -5.974301 -3.098171 -1.659924 -0.467398 1.533311 6.035572 -5.669125 0.000000 0.000001 0.000001 -0.437553 3.074514 1.750458 3.941854 -0.940164 -2.782144 -2.922376 6.657315 11.405835 0.000000 -0.000001 -0.000001 -0.843695 -2.273140 -1.763988 -4.385225 -4.516240 -4.806040 4.715789 2.018760 -18.748811 0.000002 -0.000002 0.000002 -14.252170 0.225086 -21.405060 44.450635 30.753869 68.294372 -3.685955 -10.854707 -8.066283 0.000001 0.000000 -0.000001 -12.162175 2.770459 -11.253051 4.568267 -1.994936 20.347548 -12.565058 -4.953397 -8.793490 0.000001 -0.000002 0.000000 
-14.959362 103.217506 -5.909246 4.027521 -8.267756 2.704540 3.819140 -0.471114 4.081051 -0.083090 2.574255 -6.018977 -2.891539 -2.149070 -0.823635 1.814822 6.745715 -6.046021 0.000001 -0.000001 -0.000001 -0.394863 3.167194 1.311326 3.751212 -1.412733 -2.384259 -2.666284 7.469197 11.220007 0.000001 -0.000003 0.000000 -1.245910 -2.474298 -1.796175 -4.681141 -4.589585 -5.149437 4.958089 1.793038 -18.835693 0.000003 -0.000002 0.000002 -15.264824 0.442113 -22.683719 43.647938 31.008902 70.161042 -3.504160 -12.320770 -8.692640 0.000000 -0.000003 -0.000002 -12.348978 3.044393 -12.450170 5.259613 -1.842918 21.377066 -12.715190 -5.457672 -9.112820 0.000001 -0.000003 -0.000001 
-14.816584 103.240143 -5.935439 2.320307 -7.544855 3.272069 6.106457 -0.302215 4.341764 -2.280125 1.929260 -5.616684 -1.819019 -2.429927 -1.639737 1.865190 7.414743 -6.597950 0.000001 0.000001 0.000001 0.090099 3.094979 0.566450 3.261421 -1.941288 -1.652706 -2.618103 7.454090 10.925492 0.000000 -0.000003 0.000001 -0.659345 -1.964180 -1.860913 -4.796309 -4.645469 -5.528140 5.947639 1.147902 -18.114481 0.000003 -0.000002 0.000002 -14.507752 0.529084 -24.571662 43.117133 31.098254 72.178775 -3.647839 -13.548130 -9.609932 -0.000001 0.000001 -0.000001 -10.852479 3.289343 -13.956558 5.075498 -1.704050 22.301169 -12.637398 -6.752702 -10.194126 0.000000 -0.000002 -0.000000 
-14.667030 103.270149 -5.961755 2.272692 -8.037551 3.746311 6.007194 -0.313148 4.828105 -0.348311 2.307477 -5.753143 -3.420586 -3.092213 -2.004974 2.107908 7.866384 -7.102303 0.000001 0.000003 -0.000000 0.723300 2.386497 -0.600466 2.394060 -1.861577 -0.044786 -2.844877 7.280412 10.160439 0.000001 -0.000003 -0.000000 -1.096648 -2.000413 -1.927504 -3.830001 -4.071653 -5.567093 6.392949 1.251381 -17.308860 0.000003 0.000000 0.000003 -16.064101 0.728111 -25.598067 44.825657 31.384446 70.028277 -5.638374 -12.563921 -10.358201 0.000003 0.000000 0.000001 -10.947587 3.596130 -14.995107 6.742122 -1.054387 24.674876 -12.195282 -7.478867 -10.917194 0.000001 -0.000002 -0.000001 
-14.522234 103.307625 -5.991211 2.572537 -8.846055 4.120887 5.833219 -0.318543 4.977854 0.741900 2.558866 -6.003723 -4.506041 -3.287751 -1.941683 2.024228 8.566152 -7.711268 0.000002 0.000003 0.000001 0.798159 3.005279 -1.491839 1.554560 -2.203196 0.825782 -3.111275 6.751646 9.577719 0.000001 -0.000008 -0.000001 -1.150775 -1.672891 -1.922950 -4.025100 -3.736116 -5.293215 5.316891 2.441965 -17.586470 0.000004 -0.000001 -0.000000 -17.152500 0.915638 -26.232457 45.333328 32.427815 71.403774 -5.160460 -13.587496 -10.577198 0.000002 -0.000006 0.000000 -11.493777 3.808388 -15.725913 7.090568 -0.871171 24.404380 -11.855175 -6.152525 -9.703606 0.000001 0.000002 0.000001 
-14.370268 103.345497 -6.048484 1.947234 -9.449095 4.675180 6.191321 -0.315412 5.382951 0.790850 2.721148 -6.263982 -4.569750 -2.891705 -2.017209 1.966906 9.246270 -8.359422 -0.000000 0.000002 0.000003 0.706149 2.536062 -2.141424 1.181965 -2.189794 1.081118 -3.514539 7.213108 9.195836 0.000000 -0.000006 -0.000001 -0.423238 -1.126380 -2.602676 -5.791149 -4.059528 -4.709479 4.506833 3.650920 -18.154279 0.000002 0.000003 0.000003 -18.579013 1.093174 -26.909096 45.394913 33.414515 73.118821 -4.248448 -15.437006 -10.973763 0.000001 -0.000003 -0.000002 -12.175502 4.281873 -16.981392 7.909929 -0.300073 24.978956 -12.538240 -5.362973 -8.944233 0.000003 -0.000003 -0.000000 
-14.217232 103.402534 -6.107112 1.196219 -9.441519 5.166387 7.908156 -0.120615 5.568344 -1.752890 2.264942 -6.167537 -2.818974 -3.018356 -2.384761 0.953957 9.691999 -8.685071 0.000001 0.000001 0.000000 0.620775 2.339858 -2.767322 0.281569 -1.990338 1.824948 -3.837578 6.950111 8.434506 0.000001 -0.000001 -0.000001 -0.578717 -0.963269 -2.886854 -7.604885 -4.181845 -3.594183 2.198016 5.689094 -18.550725 0.000003 0.000000 0.000003 -19.827961 1.386622 -27.665804 46.723425 33.252981 70.462192 -4.446869 -15.073101 -10.892571 -0.000000 -0.000003 0.000000 -11.749531 4.516755 -18.373836 9.047248 0.243081 28.326130 -12.929112 -5.716285 -9.235597 0.000001 0.000000 0.000002 
-14.078848 103.460960 -6.169252 0.779335 -9.718655 5.395483 8.474703 -0.063392 5.614544 -2.961725 1.896303 -5.943731 -1.872626 -2.653954 -2.731740 0.733507 9.808190 -8.808247 -0.000001 0.000001 -0.000000 0.573935 2.619213 -3.002728 -0.180641 -2.387117 2.157537 -3.868359 6.651726 8.195989 0.000000 -0.000008 -0.000000 -0.835953 -0.930672 -2.822410 -8.261560 -4.184487 -2.966449 1.837045 6.023738 -18.528372 -0.000000 0.000005 0.000000 -21.113329 1.689679 -27.931570 48.486782 35.218856 71.314401 -3.845916 -15.411350 -10.623435 -0.000001 -0.000005 -0.000001 -12.076183 4.634353 -19.006277 9.305323 0.379768 27.221596 -12.905956 -4.323028 -7.975848 0.000004 0.000002 0.000000 
-13.934336 103.539673 -6.233563 0.451028 -10.867624 5.692928 9.148734 0.030961 5.453977 -1.682713 2.290300 -6.424868 -3.712496 -2.385538 -2.283222 1.740314 9.781368 -8.999999 0.000001 0.000001 -0.000001 1.123426 1.153287 -3.459829 -0.446175 -1.102925 2.661240 -3.915351 6.380116 8.154839 0.000001 -0.000008 -0.000001 -1.326345 -1.206703 -2.768431 -7.668110 -3.774952 -2.449248 -0.493172 7.055844 -17.583359 0.000002 0.000004 0.000003 -22.667444 2.050457 -28.043367 49.830478 36.606959 71.705320 -4.188739 -15.709864 -10.997463 0.000001 -0.000003 -0.000001 -12.696114 4.785787 -19.588629 10.255269 0.684277 26.892342 -13.351221 -3.654926 -7.868854 -0.000001 -0.000003 0.000000 
-13.795734 103.619286 -6.297363 -0.708857 -11.673087 5.844224 10.263269 0.187038 5.340185 -0.645283 2.464402 -6.528862 -5.001646 -1.954706 -2.172154 2.426464 9.742282 -8.822458 0.000002 0.000001 0.000000 1.672442 -1.015955 -3.806864 -0.655913 0.249200 2.829126 -4.307910 6.830991 8.384166 -0.000000 -0.000006 -0.000001 -1.680914 -1.437597 -2.907295 -6.810090 -3.077905 -2.120263 -0.188221 6.387923 -16.218697 -0.000000 0.000002 -0.000001 -23.888795 2.362451 -28.147175 51.291886 37.815759 71.520140 -4.263549 -16.173304 -11.255215 0.000001 0.000003 -0.000001 -11.914206 4.702144 -20.148435 10.935736 1.038032 26.639034 -13.423824 -2.959222 -7.195685 0.000002 0.000002 0.000003 
-13.665206 103.704933 -6.364158 -0.647098 -12.107354 5.967737 10.748646 0.268697 5.124773 -0.579975 2.345764 -6.379483 -5.401445 -1.903418 -2.229457 2.206670 9.781108 -8.838316 0.000003 0.000001 0.000000 1.609788 -1.451304 -3.772154 -1.153236 0.076260 2.955729 -4.415971 7.427178 8.174864 0.000000 -0.000004 0.000000 -2.315214 -1.581932 -2.605032 -6.092662 -2.303277 -1.919167 0.563183 5.723830 -15.331797 0.000001 0.000001 0.000001 -24.841528 2.678588 -28.504048 51.536861 38.368250 72.004387 -3.967687 -16.856338 -11.340580 0.000001 -0.000001 0.000001 -12.173876 4.632110 -20.261469 11.467072 1.142120 26.238443 -13.003902 -3.030215 -7.056855 -0.000001 0.000000 -0.000001 
-13.536736 103.797554 -6.433483 -1.388758 -12.544002 6.104337 11.685115 0.392559 4.985901 -0.242180 2.352768 -6.384022 -5.886786 -1.776377 -2.329050 2.471540 9.608841 -8.954536 -0.000000 -0.000001 0.000002 1.795182 -2.172759 -3.929813 -1.439854 0.497995 3.345004 -4.561763 7.249938 8.164563 -0.000000 -0.000010 -0.000001 -1.617684 -1.142589 -2.892750 -7.263956 -2.793626 -1.507326 -0.266006 5.595446 -14.144620 0.000001 0.000002 0.000005 -25.210836 2.962667 -29.302942 50.408333 38.467147 73.940377 -4.382543 -17.715279 -12.096447 -0.000002 0.000002 -0.000001 -11.881865 4.570511 -20.410320 11.773456 1.218702 25.656371 -12.537943 -2.442345 -6.570504 -0.000001 0.000000 -0.000001 
-13.421541 103.891510 -6.508893 -2.217703 -12.791609 6.160162 12.487938 0.526499 4.880325 0.165576 2.351393 -6.340288 -6.772563 -2.132325 -2.425789 3.172788 9.650328 -9.385770 0.000002 -0.000001 -0.000001 1.884504 -2.408995 -4.118029 -1.577583 0.676388 3.206978 -4.782778 7.216786 8.281428 -0.000000 -0.000005 -0.000001 -0.877677 -0.595218 -3.245217 -8.017908 -2.923100 -1.048203 -0.533926 5.252869 -12.908882 0.000002 -0.000002 0.000003 -25.617157 3.209752 -29.931791 51.203555 39.128764 73.689675 -5.187742 -17.716242 -12.669561 -0.000001 -0.000001 -0.000001 -11.300351 4.400312 -20.379456 12.735050 1.447703 24.772394 -11.728339 -0.945393 -5.396883 0.000001 -0.000002 -0.000001 
-13.310585 103.980614 -6.600743 -2.480267 -13.682053 6.339037 12.441819 0.546375 4.863583 -0.401734 2.377080 -6.574046 -6.559534 -2.424687 -2.439111 3.628185 10.249313 -9.930795 0.000000 0.000002 0.000003 1.397602 -0.433062 -4.165473 -1.546739 -0.034358 2.523281 -4.828522 6.683395 8.131533 -0.000000 -0.000010 -0.000001 0.035186 0.035725 -3.591870 -7.484150 -2.374011 -0.796741 -1.317119 5.157139 -11.685353 0.000002 0.000001 0.000001 -26.542735 3.411660 -30.066657 51.266020 39.375586 74.031717 -6.139242 -17.698446 -13.396727 -0.000000 -0.000005 -0.000001 -11.076523 4.421070 -20.691867 12.936764 1.559974 24.657925 -10.924550 -0.665355 -4.902480 0.000000 -0.000002 0.000001 
-13.205091 104.071358 -6.694691 -2.775140 -13.235315 6.416418 12.913321 0.604357 5.133376 -0.939287 2.258226 -6.426616 -5.875151 -2.453183 -2.771752 3.414705 10.067593 -9.782174 0.000000 0.000001 -0.000002 1.275381 -0.659979 -4.290495 -1.833835 -0.113879 2.840582 -4.726606 6.795400 8.040772 0.000001 -0.000008 -0.000001 -0.828546 -0.422544 -3.511400 -7.351806 -1.992378 -1.003970 -1.946789 5.032707 -10.496568 -0.000003 0.000002 0.000004 -26.923294 3.667652 -31.081834 48.770969 39.062897 77.288303 -5.186521 -20.257404 -14.005359 0.000002 0.000001 -0.000001 -10.374209 4.295511 -20.813180 12.539053 1.255269 24.369825 -10.586812 -0.237034 -4.359378 0.000002 -0.000003 -0.000001 
-13.102012 104.153305 -6.792950 -3.455807 -12.948195 6.386186 13.370846 0.669145 5.442890 -0.590895 2.276098 -6.360644 -6.265207 -2.667012 -3.226163 3.383093 9.635946 -9.454419 0.000002 0.000001 -0.000000 1.480106 -2.007676 -4.376614 -1.983065 0.817965 3.051821 -4.829088 7.186462 8.074067 -0.000000 -0.000008 -0.000001 -1.928634 -1.069964 -3.445634 -5.881718 -1.129486 -1.084831 -1.913573 4.595764 -9.356668 -0.000001 0.000003 0.000006 -27.425755 3.986495 -31.990342 47.567971 39.268626 79.466758 -5.097811 -21.151685 -14.227779 0.000002 -0.000001 -0.000002 -9.124825 3.974071 -20.714002 12.348787 0.918167 23.560664 -10.432964 0.226598 -4.014742 0.000001 0.000002 0.000000 
-13.003234 104.225792 -6.888635 -4.117950 -12.876551 6.419735 13.520886 0.704366 5.716113 0.449835 2.521495 -6.520131 -7.091331 -2.987428 -3.457428 3.364716 9.581817 -9.293042 -0.000000 0.000004 0.000003 1.619703 -2.796767 -4.592890 -2.143127 1.313094 3.187362 -4.771291 7.281070 7.881714 -0.000000 -0.000010 -0.000000 -1.226341 -0.593909 -3.821107 -6.762191 -1.366334 -0.845146 -2.105196 4.304395 -8.435179 0.000003 -0.000002 -0.000000 -27.528760 4.182882 -32.681526 47.514710 39.711714 80.181209 -5.512069 -21.292643 -14.515486 0.000003 -0.000003 -0.000001 -8.391050 3.764568 -20.633124 12.742250 0.972180 22.783867 -10.296830 1.061313 -3.222597 0.000000 0.000000 0.000000 
-12.913589 104.287331 -6.982115 -5.096310 -12.339570 6.420447 13.798240 0.746553 6.105573 0.350459 2.532622 -6.580347 -6.831744 -2.691475 -3.565086 3.679390 9.434664 -8.965545 0.000000 0.000001 -0.000000 1.621475 -3.143944 -4.825923 -2.212158 1.604222 2.836471 -4.924576 6.654599 7.851736 -0.000000 -0.000008 -0.000001 -0.238333 -0.081393 -4.719579 -7.696715 -1.498802 -0.402814 -0.726974 3.215919 -7.267768 0.000003 -0.000003 0.000002 -26.945861 4.390624 -34.003523 47.172630 40.105891 81.420049 -5.576533 -21.921991 -14.854347 -0.000002 -0.000002 -0.000003 -7.196238 3.350054 -20.160101 13.372949 1.257311 21.245691 -10.322990 2.344377 -1.991875 -0.000000 -0.000005 -0.000001 
-12.823648 104.345909 -7.063732 -5.193337 -12.717519 6.510053 13.862371 0.776917 5.973339 -0.095140 2.622740 -6.854637 -6.731043 -2.409800 -3.238954 4.625207 9.375770 -8.668483 0.000001 0.000003 -0.000001 1.667410 -2.774224 -4.949646 -2.059408 1.522400 2.621166 -4.959811 6.808988 8.256532 0.000000 -0.000010 -0.000000 0.091866 -0.069736 -5.007747 -7.229555 -1.273402 -0.188276 -1.356306 2.873569 -6.342989 0.000003 0.000000 0.000004 -27.514766 4.679962 -34.532111 49.476442 41.457879 79.796205 -5.972706 -21.159195 -14.796148 -0.000000 -0.000002 -0.000003 -6.893146 3.169657 -19.754657 13.644043 1.416874 19.945636 -9.910611 3.261800 -1.000488 0.000003 0.000002 0.000000 
-12.738430 104.404762 -7.143958 -5.394368 -12.562694 6.500386 14.463226 0.846839 6.010480 -0.074876 2.640599 -6.879431 -6.892290 -2.468964 -3.325543 4.790773 9.187989 -8.383409 0.000003 0.000003 -0.000002 1.742051 -3.148692 -4.753936 -2.094568 1.676024 2.906925 -4.613290 6.912740 8.128224 -0.000000 -0.000006 -0.000001 0.189111 -0.177117 -5.185127 -7.415906 -1.462592 -0.066749 -0.821301 2.290458 -6.006365 0.000003 -0.000003 0.000001 -27.608058 4.848533 -35.101346 50.466260 42.206000 79.346021 -6.309028 -20.924887 -14.920176 0.000001 -0.000002 -0.000004 -6.629091 3.078455 -19.587620 14.000033 1.528659 19.405788 -9.872472 4.282309 -0.088498 0.000001 0.000000 0.000001 
-12.645156 104.453148 -7.222792 -5.710093 -12.641565 6.586462 14.671834 0.855848 6.175571 -0.564919 2.621055 -6.991584 -6.338664 -2.247469 -3.335157 4.977488 9.106814 -8.383953 0.000001 -0.000002 -0.000002 1.763664 -3.051654 -4.837629 -2.046925 1.656146 2.857370 -4.349981 6.380037 7.967657 0.000000 -0.000006 -0.000000 0.378747 -0.128108 -5.371128 -7.310184 -1.428108 -0.113502 -1.035584 2.034514 -5.446321 0.000007 0.000000 0.000001 -27.314461 4.920446 -35.875456 50.182045 42.493609 80.206351 -6.046774 -21.560286 -15.043753 -0.000000 -0.000001 -0.000003 -6.425827 3.101629 -19.741704 13.910239 1.425030 19.402716 -9.782487 4.053707 -0.261535 -0.000000 -0.000002 0.000000 
-12.561611 104.491341 -7.303437 -5.822504 -12.812442 6.615097 14.533715 0.813551 6.235740 -0.801738 2.664466 -7.079587 -6.136695 -2.124162 -3.261687 5.487841 9.380810 -8.464813 0.000002 0.000001 -0.000000 2.056543 -3.016382 -4.910440 -1.624404 2.110486 3.018245 -4.003956 6.401565 8.332791 0.000001 -0.000008 0.000001 0.793741 -0.082649 -5.375314 -7.030333 -1.776283 -0.141655 -2.738937 2.400068 -5.507438 0.000005 0.000001 0.000001 -27.446700 5.017034 -36.170926 50.707160 42.966309 80.177091 -6.629633 -21.107871 -15.241314 0.000001 -0.000006 -0.000002 -6.437452 3.145495 -19.908316 14.180844 1.486872 19.551693 -10.118015 4.366941 -0.129509 0.000002 0.000002 -0.000001 
-12.487099 104.523361 -7.381788 -6.130304 -13.165253 6.579006 14.769063 0.845676 6.058596 -1.191110 2.569935 -7.015614 -5.885454 -1.817613 -3.166542 5.481261 9.314083 -8.449058 -0.000001 0.000001 -0.000000 2.055565 -2.867385 -5.116188 -1.595886 2.156798 3.023983 -3.991897 6.537719 8.406429 0.000000 -0.000004 0.000000 0.775272 -0.023989 -5.269990 -7.181989 -1.830888 -0.072140 -3.397245 2.619121 -5.434206 0.000004 0.000003 0.000003 -27.377174 4.967822 -35.982844 51.039770 43.236170 80.034620 -6.642489 -21.254220 -15.338981 0.000000 -0.000004 -0.000005 -6.272020 3.127663 -19.937671 14.276090 1.521058 19.472465 -10.031759 4.485138 0.050123 0.000000 0.000000 0.000000 
-12.420204 104.549576 -7.470169 -5.572517 -13.286310 6.590361 14.041315 0.770447 6.116958 -0.638420 2.713540 -7.133105 -6.000754 -1.595753 -3.048215 4.935347 9.011051 -8.121623 0.000001 0.000001 -0.000000 2.038237 -3.176372 -5.097745 -1.642830 2.630714 3.426670 -3.794158 6.082555 8.149510 0.000000 -0.000006 -0.000000 1.249129 0.303165 -5.217477 -7.839202 -2.251925 -0.069235 -2.939401 2.426071 -5.532241 0.000004 -0.000001 0.000003 -27.334345 4.858272 -35.838778 50.986963 43.420711 80.390022 -6.960563 -21.374095 -15.618416 0.000001 -0.000004 -0.000004 -6.754161 3.250553 -19.887556 13.867197 1.431401 19.656740 -9.894336 3.772193 -0.492939 0.000001 -0.000002 0.000001 
-12.349220 104.566582 -7.548497 -5.706447 -13.557360 6.748534 14.348153 0.833581 5.902851 -0.372823 2.766912 -7.182758 -6.363408 -1.794056 -3.058314 4.874565 9.022058 -8.086066 0.000002 -0.000000 -0.000001 1.991068 -2.749746 -5.051633 -1.693377 2.554967 3.522751 -3.882077 5.987211 8.151435 0.000001 -0.000006 0.000001 1.371082 0.423595 -5.212838 -7.996827 -2.349442 0.069092 -2.861940 2.522662 -5.642336 0.000001 0.000001 0.000001 -26.902834 4.694150 -35.639931 49.922976 43.212353 81.869994 -7.060133 -22.237219 -16.129582 -0.000000 -0.000003 -0.000003 -6.513890 3.303678 -20.234581 13.443262 1.323117 19.843291 -9.933552 3.626438 -0.651047 -0.000000 -0.000003 -0.000002 
-12.286514 104.584801 -7.622709 -5.341713 -13.794082 6.828430 14.371367 0.859078 5.767724 -0.235061 2.743161 -7.111103 -6.659432 -1.649096 -3.148864 4.643921 8.915761 -7.957005 0.000001 0.000001 -0.000000 2.023695 -3.028640 -5.058448 -1.904702 3.135134 3.836984 -4.029954 5.788530 8.139849 0.000000 -0.000004 0.000000 0.857974 0.248349 -4.968405 -7.713548 -2.116250 -0.060642 -2.445163 2.373227 -5.566259 0.000006 0.000000 0.000000 -26.863462 4.609839 -35.221544 49.865838 43.301781 82.126775 -7.469356 -22.531710 -16.565748 0.000001 0.000002 0.000001 -6.937304 3.360183 -20.276637 13.458688 1.318924 19.794069 -10.112615 3.623493 -0.704385 0.000001 -0.000003 0.000000 
-12.223929 104.589119 -7.697824 -4.929488 -13.860342 6.902313 14.268707 0.867613 5.795557 -0.590644 2.589429 -6.901236 -6.291753 -1.537914 -3.314765 4.070385 8.744518 -8.057252 -0.000000 -0.000001 0.000000 1.756858 -2.994251 -5.047587 -2.233834 3.390189 3.699663 -4.585200 5.872123 8.061575 0.000000 -0.000010 -0.000000 0.576065 0.391511 -4.731153 -8.076548 -1.978929 -0.492009 -0.820152 1.904638 -5.320193 0.000003 -0.000003 0.000002 -26.683777 4.540414 -34.932528 49.484400 43.360288 82.706645 -7.085589 -22.460934 -16.213071 0.000001 -0.000003 0.000000 -7.255799 3.376397 -20.270567 13.292896 1.168138 19.568125 -9.887211 3.673831 -0.687461 0.000001 -0.000002 0.000000 
-12.155336 104.590744 -7.777493 -4.357341 -14.719430 7.168037 14.337011 0.905014 5.368568 -0.216816 2.738481 -7.127949 -6.429386 -1.794057 -3.017505 3.014027 8.883347 -8.428579 -0.000002 -0.000000 -0.000001 1.204027 -0.476222 -4.797236 -2.413786 1.802743 3.633553 -4.421185 5.077359 7.835300 -0.000000 -0.000010 -0.000001 0.333907 0.346445 -4.466489 -7.932247 -1.921168 -0.980380 -0.420748 1.870686 -5.397103 -0.000001 0.000001 0.000003 -27.016415 4.526964 -34.348775 50.380264 43.806132 81.903175 -7.096018 -22.118772 -16.039603 0.000000 -0.000001 -0.000001 -8.398749 3.537340 -20.368664 14.538404 1.573976 19.196385 -10.170252 5.564184 0.820060 -0.000000 -0.000002 -0.000001 
-12.089388 104.588661 -7.866292 -3.784855 -15.224381 7.506344 14.232009 0.901729 5.146228 -0.253822 2.887624 -7.472943 -6.345778 -1.533550 -2.629196 1.577247 8.606484 -8.419742 0.000000 -0.000001 -0.000001 1.010296 0.298003 -4.703660 -2.530004 1.242858 3.577099 -4.510051 5.146261 7.836054 0.000000 -0.000006 0.000001 0.111799 0.222254 -4.463801 -8.021773 -1.881355 -1.041524 -0.870558 2.220663 -5.533191 0.000003 0.000000 0.000001 -27.597038 4.583489 -33.919887 51.727987 44.352643 80.591226 -7.545166 -21.351211 -16.002298 0.000003 -0.000001 -0.000001 -9.030535 3.645142 -20.541913 14.913930 1.629750 18.838946 -10.180877 6.190782 1.297897 0.000001 0.000000 0.000000 
-12.025160 104.592064 -7.949168 -3.437806 -15.242462 7.655538 14.471079 0.942506 5.001695 -0.199116 2.811910 -7.348380 -6.627832 -1.667436 -2.609977 1.539055 8.401196 -8.395067 -0.000000 -0.000002 -0.000003 0.853357 0.574797 -4.768605 -2.806973 1.128017 3.592113 -4.792620 5.093596 7.693525 0.000000 -0.000006 -0.000000 0.001859 0.338186 -4.353566 -8.354492 -1.812956 -1.234277 -0.675044 2.340239 -5.520971 0.000004 0.000001 -0.000002 -27.498772 4.599600 -33.901535 51.910848 44.439239 80.596936 -7.169398 -21.541476 -15.915389 0.000001 0.000001 -0.000002 -9.433494 3.668874 -20.555391 14.950844 1.792962 18.585976 -10.202214 6.534754 1.629964 0.000000 -0.000003 0.000000 
-11.961171 104.602211 -8.036602 -3.620758 -14.685523 7.682324 15.193397 1.014024 5.079027 -0.924201 2.559715 -7.036273 -6.138634 -2.104862 -2.861565 1.178562 8.443715 -8.474069 0.000005 -0.000000 -0.000000 0.669087 0.776299 -4.576748 -2.914477 1.221050 3.594302 -4.831399 4.767110 7.503477 0.000000 -0.000010 -0.000002 0.148303 0.496441 -4.386308 -8.943402 -1.926292 -1.365238 -0.237114 2.319190 -5.368239 0.000005 0.000000 0.000000 -26.787394 4.470241 -34.207828 51.622795 44.431815 81.128017 -6.948023 -21.747546 -15.914127 -0.000001 -0.000002 -0.000005 -9.237874 3.655120 -20.473690 14.373990 1.708393 18.458540 -10.037302 5.829298 1.175778 0.000001 0.000000 -0.000000 
-11.901342 104.611176 -8.125395 -3.541249 -14.653264 7.734890 15.044400 1.000757 5.182830 -1.431146 2.513698 -7.115858 -5.537034 -1.877353 -2.781440 1.269676 8.304849 -8.386426 0.000000 0.000003 -0.000001 0.589368 0.813125 -4.533564 -3.002814 1.026850 3.512592 -4.813789 4.453939 7.287658 0.000000 -0.000006 -0.000001 0.389587 0.616335 -4.666746 -9.116658 -1.898324 -1.237270 0.552073 1.992477 -5.176707 0.000007 -0.000002 0.000003 -26.970954 4.471554 -34.027675 51.565411 44.433645 81.259594 -6.635377 -21.779844 -15.723785 0.000000 -0.000002 -0.000003 -9.166066 3.663987 -20.487540 14.132043 1.677440 18.335604 -9.858546 5.454062 0.918831 -0.000001 -0.000002 -0.000000 
-11.838762 104.618454 -8.212792 -3.902896 -14.647399 7.796487 15.262549 1.020037 5.272956 -1.078754 2.633972 -7.222133 -5.946104 -2.329281 -2.756715 1.620365 8.577352 -8.585890 0.000001 0.000001 -0.000001 0.585510 1.262890 -4.602540 -2.775196 0.701532 3.198204 -4.956895 4.642375 7.640675 0.000000 -0.000005 -0.000001 0.523205 0.586799 -4.814740 -9.152686 -2.010513 -1.073128 -0.910988 2.565094 -5.195766 0.000003 0.000003 0.000002 -26.673234 4.398201 -33.990607 52.080285 44.688927 80.881638 -6.614328 -21.888733 -15.817752 -0.000001 -0.000002 0.000002 -8.808191 3.688319 -20.746898 13.740275 1.554754 18.570118 -10.090827 5.031613 0.491969 -0.000000 -0.000005 -0.000000 
-11.780141 104.629898 -8.291458 -3.510356 -14.865750 7.725234 15.159984 0.995415 5.331162 -0.899209 2.740543 -7.350048 -5.910573 -2.296148 -2.648742 0.998126 8.751627 -8.630783 0.000002 0.000000 -0.000003 0.742627 0.993132 -4.645587 -2.846736 0.811696 3.791267 -4.944502 5.084246 7.811603 0.000000 -0.000006 0.000001 0.357988 0.438600 -4.575163 -9.113530 -2.220566 -1.259048 -1.093545 2.522539 -5.220416 0.000006 -0.000003 0.000005 -26.623685 4.335794 -33.844308 52.434389 44.849785 80.586042 -6.665395 -21.703893 -15.725252 0.000001 -0.000003 -0.000002 -9.045146 3.754682 -20.747360 13.300618 1.422014 18.892259 -9.961098 4.742251 0.291226 -0.000001 -0.000005 0.000000 
-11.724388 104.642265 -8.373732 -3.348028 -15.015823 7.721430 15.090796 0.980882 5.186954 -1.045118 2.657629 -7.234123 -5.844818 -1.891557 -2.605278 1.139953 8.670354 -8.568747 0.000000 0.000001 0.000002 0.854123 0.432220 -4.740581 -2.955184 0.996541 3.956198 -5.150533 5.468112 7.929065 0.000001 -0.000006 0.000001 0.438939 0.507009 -4.555644 -9.021367 -2.093373 -1.118802 -0.167898 2.268805 -5.284324 0.000001 0.000000 0.000004 -26.894556 4.355298 -33.702271 53.015730 45.025567 80.040897 -6.831449 -21.178250 -15.628431 0.000001 0.000000 0.000000 -8.994597 3.751823 -20.727447 13.155963 1.463884 18.845836 -9.956083 4.941553 0.554318 0.000000 -0.000005 -0.000000 
-11.673492 104.649078 -8.461001 -3.388161 -14.964734 7.753380 15.131623 0.975349 5.224369 -0.574946 2.782146 -7.291842 -6.086323 -2.335053 -2.699943 1.132227 9.119859 -8.829188 0.000003 -0.000000 -0.000000 0.909039 1.042133 -4.752313 -2.984767 0.415465 4.335906 -5.027257 6.015196 8.007042 -0.000000 -0.000006 -0.000000 0.590473 0.563839 -4.331650 -9.057247 -2.365882 -1.308796 -1.272769 2.609699 -5.261489 0.000003 0.000003 0.000002 -26.599145 4.345094 -33.940224 51.829313 44.655408 81.306114 -6.844326 -21.563865 -15.822215 -0.000002 0.000001 -0.000002 -8.675357 3.766463 -21.035215 12.568388 1.200077 19.317769 -9.815064 4.488612 0.116772 0.000001 -0.000003 -0.000000 
-11.628311 104.656349 -8.539089 -3.004317 -15.024244 7.685045 15.449234 1.006964 4.919959 -0.768999 2.710566 -7.191521 -6.077058 -1.973448 -2.537548 1.629310 9.227127 -8.837093 -0.000000 0.000003 0.000000 0.952968 0.921164 -4.709616 -3.153673 0.647700 4.942313 -4.805990 5.545532 7.923123 0.000001 -0.000010 0.000001 0.555002 0.542987 -4.257547 -9.222411 -2.467622 -1.261068 -0.071675 2.039650 -5.066460 0.000003 -0.000002 0.000000 -26.973213 4.403081 -33.782245 52.577516 44.825456 80.387549 -6.950954 -21.337308 -15.766675 -0.000000 -0.000001 -0.000003 -8.925252 3.767467 -20.903463 12.243551 1.039061 19.426962 -9.799560 3.914071 -0.390393 0.000001 -0.000003 0.000000 
-11.590261 104.651764 -8.616682 -3.135373 -15.155397 7.595148 15.507968 1.006220 4.864161 0.138898 2.946910 -7.429518 -6.747604 -2.153499 -2.368810 1.614354 9.169830 -8.802078 -0.000000 0.000004 0.000001 0.941107 0.991714 -4.689927 -3.208680 0.804480 5.179872 -4.774993 5.142095 7.988377 0.000001 -0.000008 -0.000001 0.470758 0.495315 -4.244499 -9.366375 -2.559970 -1.066553 0.342812 1.915210 -5.130334 -0.000001 0.000001 0.000002 -26.957213 4.416259 -33.782689 51.876888 44.493389 80.931048 -6.745631 -21.748374 -15.806017 -0.000002 0.000004 -0.000002 -9.007011 3.767151 -20.895647 12.554408 1.120296 19.524451 -9.941256 4.310446 -0.143856 0.000002 -0.000003 -0.000001 
-11.553589 104.643105 -8.679695 -3.270083 -15.535789 7.708625 15.258026 0.978069 4.740285 -0.780226 2.862460 -7.597384 -5.767302 -1.324684 -2.270590 1.849442 8.936913 -8.660685 -0.000000 -0.000001 -0.000000 1.158601 0.340403 -4.788602 -3.291156 1.503468 5.441986 -4.691008 4.652563 7.958180 -0.000000 -0.000004 0.000000 0.479413 0.508088 -4.225132 -8.576789 -2.201421 -1.164951 0.672754 1.528357 -4.627518 0.000003 0.000000 -0.000002 -27.058354 4.472463 -33.771604 51.529556 44.223436 81.088723 -6.416753 -21.938204 -15.646891 0.000000 -0.000003 -0.000001 -8.907362 3.763525 -21.047995 12.861859 1.201363 19.403364 -10.033803 4.280164 -0.320446 -0.000000 -0.000002 0.000000 
-11.521446 104.626221 -8.753618 -3.714173 -15.864303 7.734485 15.455984 1.015667 4.622128 -0.472378 2.971307 -7.728947 -6.287816 -1.482084 -2.154883 2.333070 9.222956 -8.865241 -0.000000 0.000001 0.000000 1.034227 0.797325 -4.989991 -3.306911 1.422147 5.018990 -5.059474 4.650454 8.071220 0.000000 -0.000008 -0.000000 0.975638 0.895333 -4.411085 -8.713119 -2.025747 -1.264673 0.664694 1.461393 -4.046129 0.000004 0.000000 0.000000 -26.827622 4.393205 -33.773940 50.367826 43.773613 82.272443 -6.497361 -22.849457 -16.237849 -0.000000 -0.000003 -0.000001 -8.696836 3.819876 -21.351357 13.232784 1.475489 19.667163 -10.197351 4.275160 -0.225078 -0.000001 -0.000002 -0.000000 
-11.495712 104.615372 -8.826200 -3.910543 -15.818841 7.711554 15.367700 1.012188 4.711143 0.097762 3.101403 -7.880731 -6.562381 -1.589078 -2.176313 2.387838 9.116216 -8.724919 0.000003 0.000001 -0.000001 1.035853 0.928666 -5.110748 -3.434144 1.195591 5.127766 -4.962764 4.408026 7.981640 0.000001 -0.000008 0.000001 0.855675 0.779525 -4.506803 -8.933719 -2.047848 -1.088000 -0.407315 1.885472 -4.191665 0.000004 0.000000 0.000001 -26.744123 4.371708 -33.772359 49.736495 43.552025 82.950469 -6.571609 -23.054904 -16.409813 0.000001 0.000000 0.000002 -8.557295 3.803495 -21.419427 13.053225 1.389939 19.865802 -10.282351 3.608298 -0.806270 0.000000 -0.000002 -0.000000 
-11.470413 104.611786 -8.897915 -4.146728 -15.724919 7.662661 15.246936 0.998605 4.877663 0.108517 3.091443 -7.890922 -6.464385 -1.544201 -2.345128 2.662831 8.960733 -8.710182 0.000001 0.000001 -0.000001 1.097529 0.460779 -5.144959 -3.467096 1.036813 4.945108 -5.052280 4.717223 7.814796 0.000001 -0.000006 -0.000000 0.738179 0.838055 -4.394953 -8.851952 -1.962005 -1.086554 -0.088809 1.910069 -4.227567 0.000005 0.000002 -0.000001 -26.662226 4.361377 -33.785579 48.932483 43.191514 83.678075 -6.110556 -23.526382 -16.247821 0.000000 0.000003 -0.000002 -8.387835 3.788367 -21.514500 12.933058 1.256861 20.169702 -10.365428 3.382755 -1.184327 0.000001 -0.000002 -0.000000 
-11.449856 104.609947 -8.971935 -4.765387 -15.656858 7.622071 15.970444 1.079865 4.733389 -0.186630 2.932833 -7.641471 -6.372682 -1.936239 -2.496596 2.418776 8.968019 -8.745800 -0.000002 0.000001 -0.000000 1.177864 0.352412 -5.271888 -3.494985 1.404063 5.025067 -4.985157 4.539971 7.586923 0.000001 -0.000006 -0.000001 1.083967 1.040283 -4.484542 -9.310980 -2.185343 -1.073103 0.230463 1.955096 -4.491802 0.000001 0.000003 -0.000001 -26.035339 4.249065 -33.947208 47.992177 42.780927 84.649765 -5.912660 -24.208523 -16.462586 0.000003 -0.000003 -0.000001 -7.908659 3.753817 -21.667846 12.919469 1.310177 20.340650 -10.224758 3.128999 -1.371795 0.000002 0.000000 -0.000001 
-11.437927 104.610603 -9.041479 -4.469687 -15.856264 7.591748 15.804078 1.057327 4.573116 -0.716132 2.812991 -7.541903 -5.974432 -1.641574 -2.431279 2.507980 8.943873 -8.645987 0.000002 0.000001 0.000002 1.189605 0.561924 -5.198950 -3.439961 1.234802 5.065370 -4.809554 4.556731 7.608873 -0.000000 -0.000001 -0.000001 0.712436 0.770713 -4.278840 -9.041762 -2.142059 -0.987114 -0.307035 2.198934 -4.807982 0.000003 0.000003 0.000002 -26.435882 4.294369 -33.706939 49.023270 43.128799 83.512293 -6.149523 -23.601304 -16.323997 0.000002 -0.000002 -0.000003 -8.036191 3.740691 -21.554600 12.796274 1.294995 20.315431 -10.072732 3.187561 -1.185163 0.000000 0.000000 0.000000 
-11.427256 104.611862 -9.106115 -4.234360 -16.048151 7.468871 15.592355 1.037873 4.702182 -0.200606 2.925877 -7.621066 -6.212555 -1.979307 -2.523145 1.905632 8.829045 -8.652175 0.000002 -0.000004 -0.000000 1.097783 0.534955 -5.087830 -3.544053 1.074116 5.193296 -4.858847 4.933154 7.552554 0.000000 -0.000005 -0.000001 0.754018 0.910687 -4.150569 -9.453051 -2.331151 -0.914603 0.394038 2.163160 -5.335699 0.000003 -0.000003 0.000006 -26.843719 4.311594 -33.415007 49.187133 43.166833 83.301185 -6.544629 -23.589687 -16.623530 0.000001 -0.000001 -0.000001 -8.161527 3.735670 -21.391833 12.811884 1.251036 20.293696 -10.279437 3.146129 -1.356332 0.000001 -0.000003 0.000000 
-11.420930 104.616089 -9.163631 -4.821436 -16.071980 7.438862 15.881317 1.066878 4.746333 -0.514561 2.941808 -7.736409 -6.043598 -1.959508 -2.533727 2.367480 8.885939 -8.642932 0.000003 -0.000001 -0.000000 1.145650 0.531013 -5.167853 -3.466663 0.993921 4.991662 -4.797816 4.922597 7.582088 0.000001 0.000002 -0.000001 0.962716 0.989303 -4.279433 -9.539452 -2.330966 -0.510335 -0.025585 2.309418 -5.398868 0.000005 0.000000 0.000002 -26.534781 4.298726 -33.530560 49.329262 43.170197 83.041488 -6.295722 -23.393596 -16.297692 -0.000001 0.000001 -0.000001 -7.515526 3.630621 -21.538172 12.936401 1.241160 20.228678 -10.092118 3.510426 -0.963244 -0.000000 -0.000003 0.000000 
-11.418834 104.613411 -9.227121 -5.344588 -15.840061 7.376670 16.043122 1.072799 4.840903 -0.518057 2.869138 -7.617157 -6.096495 -1.951706 -2.617278 2.299747 8.752489 -8.626293 0.000001 -0.000001 0.000001 1.253009 0.208370 -5.148566 -3.358846 1.074339 4.607821 -4.927787 4.928444 7.601845 0.000000 -0.000006 -0.000001 0.821630 0.863817 -4.305307 -8.981379 -2.032785 -0.680894 0.042179 2.168745 -4.917393 0.000001 0.000002 0.000007 -26.077883 4.284990 -33.784069 49.069906 43.071333 83.312441 -6.233835 -23.210765 -16.124296 0.000000 0.000000 0.000001 -6.682588 3.476141 -21.638727 13.142579 1.254629 20.016165 -9.923127 3.488275 -1.079658 -0.000001 -0.000003 -0.000000 
-11.425305 104.616577 -9.290287 -4.874305 -16.152124 7.346791 15.390134 1.012953 4.789780 -0.578262 2.909559 -7.712812 -5.911669 -1.392062 -2.387872 2.506102 8.710967 -8.485150 0.000003 0.000002 0.000002 1.220866 0.302225 -5.200722 -3.419911 1.017029 4.695833 -4.944816 4.520893 7.529284 -0.000000 -0.000008 -0.000001 0.942607 0.929476 -4.375630 -8.725593 -1.909389 -0.601725 -0.435220 2.277731 -4.584494 0.000003 0.000003 -0.000001 -26.533070 4.291489 -33.512835 50.381111 43.495693 81.871524 -6.566289 -22.417133 -15.958355 -0.000001 -0.000003 0.000000 -7.329502 3.548361 -21.290239 13.151103 1.331912 19.858172 -9.970504 3.270110 -1.187605 0.000001 -0.000003 -0.000001 
-11.434541 104.612366 -9.356293 -4.706283 -16.056902 7.315250 15.073775 0.969269 4.892081 -0.392631 2.926746 -7.688914 -6.304443 -1.380444 -2.417652 2.600334 8.836921 -8.495197 0.000001 0.000000 0.000003 1.252565 0.521370 -5.220145 -3.268420 0.940942 4.557803 -4.928949 4.318422 7.652904 -0.000001 -0.000006 0.000001 1.240907 1.031509 -4.517253 -8.415951 -1.844961 -0.546988 -0.570665 2.257640 -4.549802 0.000002 0.000003 0.000003 -26.691683 4.291382 -33.454987 49.999324 43.348916 82.331872 -6.801290 -22.625796 -16.293370 0.000003 -0.000006 -0.000007 -7.506402 3.555446 -21.091660 13.071370 1.367316 19.815362 -10.035769 3.467230 -0.991583 -0.000001 -0.000002 0.000000 
-11.446453 104.605469 -9.424236 -5.304763 -16.035136 7.357335 14.991196 0.953099 4.911012 0.154408 3.048163 -7.836524 -6.676690 -1.375778 -2.358413 2.766146 8.729520 -8.356835 0.000004 0.000001 0.000001 1.203029 1.051000 -5.379489 -3.227980 0.800234 4.329559 -4.851381 3.479348 7.523364 -0.000000 -0.000008 0.000001 1.526395 1.115052 -4.876539 -8.028490 -1.554175 -0.326414 0.111492 1.932522 -4.372537 0.000005 0.000001 0.000001 -26.384386 4.266768 -33.542991 50.305928 43.468072 81.963773 -6.483160 -22.784884 -16.097385 0.000002 0.000001 -0.000001 -6.905337 3.457376 -21.239023 13.203464 1.372087 19.663843 -10.063141 3.868659 -0.625461 0.000001 0.000000 -0.000000 
-11.464994 104.599968 -9.490074 -5.562015 -15.899396 7.275751 15.441577 1.006237 4.784182 0.191563 3.024758 -7.804994 -6.850490 -1.700635 -2.294302 2.869885 8.820698 -8.484933 -0.000000 0.000003 -0.000000 1.107503 1.265340 -5.389990 -3.233586 0.838117 4.372984 -4.864701 3.689475 7.785377 0.000000 -0.000005 -0.000001 1.664579 1.270681 -4.841460 -8.383607 -1.676775 -0.535958 0.105085 1.871237 -4.436473 0.000003 -0.000002 0.000002 -26.021144 4.220498 -33.580024 49.460050 43.159231 82.748930 -6.349763 -23.136772 -16.170732 0.000000 0.000001 0.000000 -6.799905 3.397232 -21.124945 13.319106 1.346492 19.643658 -10.018846 3.765835 -0.716606 0.000001 -0.000003 -0.000002 
-11.484087 104.602585 -9.544844 -4.959982 -15.996868 7.338358 15.169352 0.993377 4.641892 -0.003035 2.988039 -7.740127 -6.695875 -1.761098 -2.199023 2.761446 8.884426 -8.649315 0.000002 0.000001 -0.000001 0.978810 1.325779 -5.398409 -3.301784 1.158049 4.400498 -4.964664 3.447835 7.749756 0.000000 -0.000001 -0.000000 1.547021 1.358034 -4.604963 -8.811985 -1.821680 -0.689852 -0.402098 2.269123 -4.755647 0.000003 0.000001 -0.000002 -26.499339 4.318165 -33.553304 49.894201 43.293895 82.234644 -6.375605 -22.618615 -15.951644 0.000002 0.000002 0.000001 -7.324948 3.441145 -20.897671 13.521827 1.449332 19.359616 -10.199063 4.224676 -0.345729 0.000001 0.000002 0.000001 
-11.503919 104.607101 -9.606510 -4.612256 -15.798224 7.345575 14.889408 0.978285 4.697685 -0.031484 2.968078 -7.689291 -6.460224 -1.802595 -2.286651 2.262785 8.728952 -8.584540 0.000002 0.000003 0.000001 0.892231 1.064447 -5.239121 -3.477013 1.166006 4.526161 -4.938539 3.759833 7.534751 -0.000000 -0.000006 -0.000001 1.162024 1.182934 -4.477957 -8.652379 -1.621073 -0.746091 -0.483812 2.288937 -4.589679 0.000002 -0.000001 -0.000000 -26.874098 4.389583 -33.485648 51.155972 43.717234 80.875232 -6.497638 -21.858087 -15.667155 -0.000001 -0.000002 -0.000005 -7.580007 3.443381 -20.700649 13.417510 1.435388 19.253501 -10.113529 4.468905 -0.078565 0.000001 -0.000002 0.000000 
-11.520754 104.610580 -9.662094 -4.678864 -14.829778 7.305924 14.748291 0.937551 5.225765 -0.613056 2.773098 -7.494767 -6.058880 -1.556630 -2.604534 2.760309 8.442693 -8.246487 0.000002 0.000001 0.000000 1.376428 -0.854075 -5.351218 -3.430870 2.166963 4.668258 -5.070993 4.485802 7.780041 -0.000000 -0.000010 -0.000001 1.124306 1.014793 -4.684598 -8.687242 -1.587268 -0.547666 -0.795851 2.460094 -4.467669 0.000003 0.000002 0.000004 -26.672211 4.435432 -33.974843 49.225255 43.083491 83.070188 -6.048496 -22.857018 -15.869583 -0.000000 -0.000003 -0.000000 -7.464777 3.429781 -20.717374 13.416231 1.523801 19.554591 -10.374456 4.827273 0.230837 -0.000001 0.000000 0.000000 
-11.535811 104.618286 -9.703636 -4.631488 -15.282635 7.398501 14.769509 0.950229 5.030112 0.300700 3.015352 -7.683844 -6.739773 -1.953990 -2.498036 2.674225 8.751458 -8.411573 -0.000001 -0.000001 -0.000001 1.238052 0.338471 -5.411362 -3.391461 1.710174 4.738991 -4.955924 3.586905 7.725125 -0.000000 -0.000010 -0.000002 0.932202 0.935894 -4.351152 -8.524564 -1.660078 -0.864851 -1.425304 2.725954 -4.682976 0.000004 0.000002 0.000004 -26.544892 4.444634 -34.100546 50.425009 43.462324 81.749202 -6.516759 -21.829443 -15.719977 -0.000001 0.000001 -0.000003 -7.624153 3.466027 -20.800226 13.455890 1.581926 19.554808 -10.312504 4.470579 -0.028728 0.000001 0.000000 -0.000001 
-11.558044 104.621498 -9.747693 -5.216316 -15.016026 7.280494 15.155481 0.977210 5.128634 0.189431 2.942002 -7.561572 -6.651999 -1.945287 -2.554931 2.825631 8.849564 -8.433294 0.000002 0.000003 -0.000001 1.349653 0.499881 -5.489690 -3.166329 1.638216 4.561614 -4.973509 3.557708 8.060667 0.000001 -0.000003 -0.000000 1.162176 0.911357 -4.494362 -8.568431 -1.888687 -0.895847 -2.082935 2.777582 -4.647183 0.000008 0.000000 -0.000002 -26.094297 4.355753 -34.177908 50.433126 43.453086 81.708262 -6.263460 -21.767292 -15.436759 0.000001 0.000001 -0.000001 -7.099663 3.365940 -20.699191 13.487680 1.541822 19.472813 -10.243255 4.280558 -0.183221 -0.000002 -0.000002 0.000001 
-11.576515 104.619621 -9.794710 -5.250552 -15.369490 7.414459 15.086240 0.968374 5.043032 0.146999 3.046258 -7.761096 -6.566790 -1.533294 -2.340153 2.797376 8.883372 -8.465100 -0.000000 0.000001 0.000001 1.346757 0.858314 -5.527756 -3.042772 1.470619 4.501602 -4.988259 3.605244 8.085312 -0.000000 -0.000005 -0.000000 1.430860 0.926221 -4.780510 -8.166777 -1.821840 -0.798128 -2.786527 2.912933 -4.308617 0.000002 0.000002 0.000004 -26.365398 4.382169 -34.071893 50.983165 43.586483 81.087357 -6.466242 -21.777582 -15.610011 -0.000002 -0.000002 0.000002 -6.964466 3.434007 -20.956275 13.495880 1.610945 19.621761 -10.476422 4.282557 -0.209268 0.000000 0.000002 0.000000 
-11.598038 104.616402 -9.847338 -5.249350 -15.253674 7.471823 14.953588 0.938853 5.040491 0.421529 3.067477 -7.728334 -6.708930 -1.692601 -2.372855 2.545818 8.952391 -8.592744 0.000002 0.000003 0.000001 1.323135 1.397109 -5.621753 -3.027523 1.577320 4.523648 -5.164902 3.360834 8.220542 -0.000000 -0.000006 -0.000001 1.740510 1.078791 -4.883626 -8.442238 -2.002399 -0.713033 -2.619755 2.885516 -4.297378 0.000005 0.000002 0.000002 -26.369998 4.365369 -34.145181 50.087898 43.228879 81.954347 -6.250995 -22.339223 -15.734396 -0.000001 -0.000001 -0.000001 -6.941014 3.503312 -21.091330 13.241896 1.528566 19.958788 -10.540642 3.858653 -0.633641 0.000001 -0.000003 -0.000000 
-11.616271 104.613060 -9.904684 -5.123038 -15.131254 7.501779 15.034659 0.931336 5.148338 0.090369 2.989113 -7.672387 -6.559478 -1.455222 -2.383304 2.534998 9.012776 -8.720940 0.000001 -0.000001 -0.000000 1.382960 1.219803 -5.503531 -2.981865 1.439888 4.351030 -5.190188 3.367205 8.212253 0.000001 -0.000008 0.000001 1.580267 0.878026 -4.978887 -8.220316 -1.887403 -0.687821 -3.194207 3.028713 -4.027281 0.000006 0.000000 0.000000 -26.622044 4.454655 -34.227041 49.114480 42.822650 82.915006 -6.007667 -22.728262 -15.778454 -0.000002 -0.000001 -0.000001 -7.082434 3.506498 -21.092908 13.291384 1.529885 20.019636 -10.295254 4.427406 -0.122331 0.000000 -0.000007 0.000001 
-11.631293 104.608429 -9.962755 -4.784889 -14.981993 7.613112 14.641166 0.885520 5.194220 0.608231 3.115797 -7.822341 -6.805476 -1.514153 -2.257759 2.265149 8.896308 -8.721687 0.000000 0.000001 0.000002 1.401490 1.324192 -5.438999 -2.990799 1.504902 4.333728 -5.256663 2.949526 8.139985 0.000001 -0.000003 -0.000001 1.740246 0.987296 -4.910884 -8.456575 -2.016042 -0.703699 -2.929991 2.965325 -4.111086 0.000003 0.000001 0.000007 -26.929571 4.538825 -34.213999 50.613887 43.275638 81.246698 -6.350511 -21.888077 -15.621553 -0.000001 0.000001 -0.000005 -7.399549 3.517394 -20.991495 13.459748 1.601836 19.786254 -10.305998 4.569049 -0.081081 0.000001 0.000000 0.000003 
-11.641092 104.607994 -10.010899 -5.075554 -14.561050 7.670576 15.209766 0.991332 5.096521 0.146102 3.044148 -7.788601 -6.447886 -1.699446 -2.205089 2.222044 8.740261 -8.702158 0.000000 -0.000001 -0.000000 1.144107 0.997791 -5.468921 -3.298043 1.768484 4.054204 -5.757132 3.174418 7.906420 0.000001 -0.000006 0.000000 1.706556 1.255885 -4.933559 -8.685199 -1.643197 -0.482712 -2.820563 3.155325 -3.831409 0.000003 0.000001 0.000004 -26.544082 4.485165 -34.480864 50.386869 43.149259 81.333107 -6.039693 -22.101073 -15.500657 -0.000003 -0.000003 0.000002 -7.110376 3.480515 -21.069901 13.343945 1.568709 19.700975 -9.956254 4.154627 -0.293338 -0.000000 0.000002 -0.000001 
-11.649127 104.604584 -10.050077 -5.367086 -14.375745 7.625585 15.174978 0.968228 5.286435 0.399628 3.043858 -7.714943 -6.531168 -1.611357 -2.322650 2.655393 8.765023 -8.695495 -0.000000 -0.000001 -0.000000 1.316686 1.083068 -5.550161 -3.112521 1.803920 4.012369 -5.699015 2.996852 8.007221 0.000001 -0.000005 -0.000001 1.411443 0.880227 -5.009378 -8.387464 -1.729849 -0.204658 -3.608978 3.506960 -4.140891 0.000003 -0.000002 0.000006 -26.272386 4.446550 -34.540058 50.400137 43.076716 81.207705 -6.561844 -21.684654 -15.661333 -0.000001 0.000002 -0.000001 -6.863471 3.426332 -21.040495 13.667404 1.643304 19.558267 -9.932429 4.256028 -0.304758 -0.000000 -0.000002 0.000000 
-11.648447 104.608528 -10.097105 -4.602941 -14.284092 7.834101 14.783876 0.906475 5.178547 0.562481 3.122644 -7.753126 -6.653505 -1.488556 -2.132854 2.224036 8.841879 -8.602452 0.000002 0.000003 -0.000001 1.421595 0.981496 -5.245174 -2.808601 1.686246 4.026703 -5.467244 3.290419 8.056588 0.000001 -0.000003 0.000001 1.428191 0.739463 -4.866001 -8.206503 -2.001773 -0.467210 -3.099317 3.320912 -4.511457 0.000003 0.000002 0.000005 -27.241991 4.583400 -34.442117 52.108241 43.446581 79.231349 -6.731599 -20.247730 -15.088497 0.000002 -0.000001 -0.000001 -7.644391 3.566889 -20.792363 13.680305 1.760045 19.012231 -9.793982 4.264354 -0.216493 0.000001 0.000000 0.000001 
-11.640242 104.622383 -10.136982 -4.786268 -13.249685 7.941119 15.042879 0.932990 5.631658 0.914398 3.097044 -7.606043 -6.895400 -1.981503 -2.415710 2.196138 8.956971 -8.671726 0.000001 -0.000000 -0.000001 1.677880 0.525579 -5.366250 -2.649903 1.988355 3.966473 -5.496660 3.265947 8.349288 0.000001 -0.000004 -0.000000 1.407093 0.643129 -4.880218 -8.674974 -2.417897 -0.838531 -3.402375 3.483350 -4.851267 0.000005 0.000000 0.000007 -27.403327 4.675699 -34.813737 52.459504 43.390047 78.705568 -6.687129 -19.761016 -14.809561 -0.000000 0.000002 -0.000001 -7.199891 3.515840 -20.785376 13.535995 1.761036 18.761961 -9.963860 4.567247 0.012833 0.000002 -0.000003 0.000000 
-11.627893 104.658127 -10.173290 -5.133731 -12.886082 7.988769 15.538446 0.983717 5.819563 0.478792 3.036012 -7.660370 -6.681695 -1.885278 -2.440190 1.594934 8.668024 -8.525018 0.000003 -0.000001 -0.000000 1.675748 0.198737 -5.601512 -2.632433 2.054836 3.719207 -5.583033 3.171282 8.364712 0.000001 -0.000006 0.000001 1.215699 0.652594 -4.867505 -8.558908 -2.206800 -0.773286 -2.462466 3.293068 -5.270908 0.000003 0.000000 0.000002 -27.085667 4.574629 -34.892585 52.766732 43.284360 77.952068 -6.999174 -19.096273 -14.668437 -0.000000 -0.000003 0.000001 -6.801893 3.475107 -20.811962 13.417580 1.613770 18.557552 -9.873054 4.467336 -0.042430 0.000002 -0.000003 -0.000001 
-11.608393 104.719208 -10.206951 -5.020647 -12.294991 8.143959 15.423670 0.944275 6.087468 0.527494 3.067157 -7.615128 -6.861440 -2.250132 -2.628495 0.909179 8.767931 -8.475034 0.000003 -0.000001 0.000002 1.931867 0.646919 -5.733882 -2.161098 1.770439 3.614231 -5.349292 3.853666 8.679876 0.000001 -0.000005 -0.000001 1.398431 0.566178 -4.673861 -8.311489 -2.575508 -1.120610 -3.414336 3.452777 -5.524842 0.000005 0.000001 0.000001 -27.310867 4.614519 -34.833412 54.145713 43.181890 75.774597 -6.743407 -18.161733 -13.970829 -0.000000 0.000002 0.000001 -7.035640 3.533810 -20.812925 13.050521 1.502801 18.501019 -9.576164 3.759802 -0.601575 0.000000 0.000000 0.000000 
-11.593159 104.817192 -10.243670 -4.461158 -10.806074 8.117458 14.836453 0.809564 6.656232 1.295523 3.075248 -7.209309 -7.716185 -2.596402 -2.968552 1.388412 8.768716 -8.196465 0.000002 -0.000001 0.000002 2.446848 0.573673 -5.670952 -1.151446 1.437881 3.394820 -4.780616 4.194558 9.460045 -0.000000 -0.000008 0.000001 1.930132 0.331198 -4.554096 -8.210078 -3.657147 -1.609967 -4.622432 3.287483 -5.950568 0.000003 0.000001 0.000001 -27.636323 4.639337 -34.915087 54.343191 42.385770 74.021349 -6.893540 -17.119019 -13.369760 0.000001 0.000002 0.000000 -7.443804 3.529989 -20.252124 12.113799 0.890137 18.080049 -9.886292 2.996030 -1.420107 -0.000001 0.000000 0.000002 
-11.575237 104.928604 -10.287813 -5.081017 -9.513122 8.108440 14.778482 0.759576 7.196210 1.755260 2.976482 -6.821852 -7.952127 -2.613154 -3.408321 1.256938 8.410757 -7.811751 0.000003 -0.000001 0.000001 2.776132 0.143237 -5.883044 -0.602228 1.746790 2.783753 -4.868582 3.475528 9.808490 -0.000000 -0.000010 -0.000001 2.605987 0.534228 -4.715449 -7.565877 -3.666222 -1.828972 -3.425029 2.256382 -5.318462 0.000005 0.000000 0.000007 -26.858718 4.447277 -35.131809 53.642383 41.213990 73.186153 -6.578515 -16.722537 -12.891597 0.000003 -0.000006 -0.000000 -6.475195 3.376004 -20.100472 11.409483 0.605346 17.842408 -9.796740 1.920223 -2.258503 -0.000001 -0.000002 0.000001 
-11.560427 105.073975 -10.316647 -4.697825 -8.798829 7.922945 14.753897 0.741834 7.372668 1.094711 2.779037 -6.601317 -7.471759 -2.540534 -3.223745 0.275685 8.437667 -7.726768 0.000004 -0.000003 -0.000000 2.706907 0.126132 -6.229490 -0.391568 2.292394 2.043419 -5.582200 3.776655 10.156814 0.000001 -0.000006 0.000000 2.248733 0.610804 -4.184486 -8.072861 -3.622760 -1.507620 -4.471741 2.760219 -5.189182 0.000001 0.000000 0.000002 -26.741007 4.147610 -34.051587 54.957696 39.704849 68.750956 -7.836420 -14.309983 -12.565473 0.000001 -0.000002 0.000003 -6.669296 3.307556 -19.284037 10.718072 0.569408 16.999528 -9.683329 1.251176 -2.500655 0.000000 -0.000002 -0.000000 
-11.556507 105.271935 -10.330812 -4.899938 -7.430325 7.848231 13.972464 0.610073 7.489384 1.348202 2.626416 -6.164930 -7.409719 -2.765130 -3.284097 0.675818 8.405922 -7.335632 0.000002 0.000001 0.000001 3.053362 -0.111355 -6.785379 0.485224 1.870070 0.752180 -6.291354 4.382600 11.285349 -0.000001 -0.000011 -0.000000 2.273816 0.649993 -3.773881 -6.889336 -3.304443 -0.901697 -5.260153 2.716897 -4.753076 0.000003 0.000000 0.000004 -25.366231 3.516694 -32.795307 56.454963 37.321322 62.700262 -8.871021 -11.026762 -11.548043 0.000001 -0.000002 -0.000004 -5.805563 3.094612 -18.090267 9.296335 0.353593 15.397844 -9.194387 0.530844 -2.667216 -0.000001 0.000000 0.000000 
-11.560390 105.484650 -10.343910 -4.801060 -6.232236 7.664032 12.810312 0.406569 7.675394 1.415600 2.480156 -5.700412 -6.588438 -2.427832 -3.303511 0.303618 8.124409 -6.776123 0.000004 0.000003 0.000000 3.382819 0.370720 -7.167821 1.524645 2.082124 -0.290176 -6.981797 3.692671 12.652212 0.000002 -0.000003 0.000001 1.892056 0.234516 -3.252224 -6.535961 -3.761427 -0.168386 -5.426266 2.311708 -4.818398 0.000003 0.000001 0.000001 -24.339231 3.053089 -31.577621 56.485022 34.949542 58.593816 -9.039875 -8.694461 -10.273989 -0.000001 -0.000000 0.000003 -5.923043 2.939827 -16.917305 8.280818 0.122452 14.181239 -9.082491 -0.003022 -2.957080 0.000001 -0.000003 0.000001 
-11.559162 105.708809 -10.322750 -4.815503 -4.501738 7.679181 12.092893 0.221332 7.577538 1.645221 2.343004 -5.102766 -5.963532 -2.584989 -3.279218 -0.173352 7.782883 -6.145061 0.000001 0.000001 0.000000 4.268589 -0.584443 -7.867763 2.672813 1.898301 -0.669265 -7.231969 3.788075 14.381363 -0.000001 -0.000008 0.000000 1.999417 0.237229 -2.353649 -6.189522 -4.430594 0.948184 -4.289144 1.389062 -4.966161 0.000003 -0.000001 0.000003 -23.098011 2.303185 -29.428194 55.855914 31.701316 53.387579 -9.636420 -7.647791 -10.032178 0.000000 -0.000004 -0.000002 -5.258343 2.788242 -15.776006 8.019340 0.100954 12.634058 -9.356452 -0.781641 -3.476857 -0.000001 -0.000002 0.000000 
-11.554371 105.962700 -10.301147 -4.379237 -2.796752 7.930013 10.795497 0.054341 7.055001 1.653259 2.280948 -4.715133 -5.075768 -2.086320 -2.532654 -0.744541 7.339805 -5.669515 -0.000000 -0.000001 -0.000000 4.653599 -1.838206 -8.755445 4.085886 2.450627 -2.812733 -8.726150 2.976431 16.683096 0.000001 -0.000004 -0.000000 1.758719 0.522700 -1.359961 -6.281084 -4.577442 2.789642 -1.806336 0.396739 -4.826729 0.000003 0.000002 0.000001 -22.711205 1.645425 -26.631418 54.762227 28.078872 47.315726 -11.206442 -4.660452 -9.246660 -0.000003 -0.000004 0.000003 -4.681598 2.667302 -14.561705 7.268830 -0.035734 10.375091 -9.173173 -0.464904 -2.812076 -0.000001 -0.000002 0.000000 
-11.542909 106.221085 -10.274508 -3.050700 -1.689077 8.218502 8.348486 -0.250014 6.515226 2.855699 2.466558 -4.636859 -5.390442 -0.973981 -1.845105 -0.567439 6.559548 -4.929885 0.000002 -0.000001 -0.000001 5.213691 -3.082096 -9.845018 5.067387 3.459922 -4.607602 -10.057290 1.150996 18.526118 -0.000000 -0.000004 -0.000000 1.148246 0.557444 -0.241097 -6.182003 -4.317639 4.381978 0.386435 -0.217877 -4.982570 0.000003 0.000002 0.000003 -22.801497 1.297927 -24.409722 53.284891 24.857758 41.989141 -12.109004 -1.998554 -8.181144 -0.000001 -0.000002 -0.000003 -5.508066 2.602384 -13.628716 7.298264 0.064333 8.187538 -8.339649 -0.554763 -2.507719 0.000001 0.000000 -0.000001 
-11.531685 106.520813 -10.254524 -3.886137 2.298028 8.479332 6.697553 -0.447095 6.484483 3.143027 2.264003 -3.936855 -4.245428 -1.153472 -1.772525 0.527776 4.725324 -3.698436 0.000001 -0.000001 -0.000001 5.800702 -3.515744 -10.828765 7.070072 4.823489 -8.313906 -11.810473 -4.028250 20.898253 0.000000 -0.000011 -0.000000 1.191140 1.163963 1.048631 -6.871404 -4.628301 7.359014 4.317545 -1.411672 -4.275813 0.000001 -0.000002 0.000003 -18.949352 0.620383 -23.074978 48.003652 20.518076 38.824062 -10.694769 -1.698557 -7.287406 -0.000002 -0.000001 -0.000003 -4.447566 2.295627 -12.108993 6.051149 -0.113970 5.769855 -5.208432 -0.524409 -2.012345 -0.000001 0.000000 -0.000001 
-11.515159 106.807785 -10.219307 -5.786999 5.857795 8.506107 7.203441 -0.469870 6.621577 5.075532 2.125850 -2.617861 -5.242595 -1.407889 -2.136320 -0.545520 3.524632 -2.253072 0.000001 0.000002 0.000002 6.438042 -3.311236 -12.104543 9.794363 6.372078 -11.712892 -12.817619 -10.064287 23.420988 -0.000000 0.000001 -0.000001 0.575859 1.444683 3.455153 -7.695928 -5.925452 9.814680 7.276323 -3.075946 -3.762023 -0.000003 -0.000001 -0.000000 -14.376134 -0.136344 -21.039706 42.438462 16.254300 34.932251 -9.523748 -0.952148 -6.138284 0.000005 -0.000001 -0.000001 -2.288012 1.903842 -9.886402 4.517083 -0.105808 2.971043 -3.446466 -0.720846 -1.432897 0.000000 -0.000005 0.000000 
-11.491055 107.078804 -10.188881 -6.725941 8.920129 8.444714 7.991431 -0.466047 7.024359 3.447521 1.701365 -2.227696 -3.896031 -1.276723 -1.841516 -1.578558 2.408364 -1.285620 -0.000000 -0.000001 -0.000000 7.187736 -3.677303 -12.957848 11.810939 6.629295 -14.098485 -13.329074 -14.038757 25.781512 0.000001 -0.000003 -0.000001 0.151280 1.663070 5.726526 -7.975577 -6.954401 11.597966 7.295299 -3.818571 -3.516984 -0.000002 -0.000001 -0.000003 -11.200739 -0.527952 -19.209142 37.327769 12.879631 31.534946 -8.710878 -0.708585 -5.517000 -0.000002 -0.000001 -0.000001 -1.346162 1.666863 -8.323554 3.959467 -0.086845 1.708514 -2.888424 0.006308 -0.724482 0.000001 0.000003 0.000000 
-11.438558 107.316277 -10.159918 -6.572449 13.182702 8.581014 6.182509 -0.716851 6.867614 4.257722 1.177309 -0.918362 -3.995855 -2.405285 -2.445076 -3.149543 1.759660 -0.361742 0.000001 0.000003 0.000000 7.993015 -2.146617 -14.952387 12.729287 5.778444 -15.986251 -13.546089 -18.762058 26.721414 -0.000000 -0.000004 -0.000000 -0.224435 2.914063 9.254625 -9.407992 -7.903803 13.483296 8.023095 -4.804648 -2.098723 -0.000001 -0.000003 0.000006 -9.413372 -0.612007 -17.262419 33.193473 9.954620 27.073760 -7.578453 0.459223 -4.152607 0.000002 -0.000003 0.000000 -1.334625 1.388597 -7.090239 3.162977 -0.016520 1.232577 -2.851044 -0.110373 -0.650522 0.000000 -0.000002 0.000000 
-11.354682 107.521515 -10.115860 -8.664673 17.506692 8.438692 6.445390 -0.847578 7.938605 4.357749 0.635945 0.655990 -3.731672 -4.109159 -3.623356 -3.272351 0.995636 0.603692 0.000002 -0.000002 -0.000000 9.354551 -2.831796 -16.826241 13.793454 3.919332 -16.895361 -13.451733 -21.150832 27.897932 0.000000 -0.000006 -0.000001 -1.336213 3.107104 13.324018 -9.769085 -9.377419 16.068312 6.363904 -4.996532 -1.679197 -0.000000 -0.000002 -0.000000 -6.215991 -0.971705 -14.178268 28.771475 7.189099 21.608196 -5.375840 1.423666 -2.087207 -0.000000 -0.000001 0.000000 0.873312 1.199988 -5.217201 2.791044 0.055038 1.654659 -2.442569 -1.337425 -1.602832 -0.000000 -0.000002 -0.000001 
-11.258624 107.691307 -10.062183 -9.683983 20.484888 8.314999 6.123343 -0.992140 8.434619 6.332734 0.292738 2.654497 -5.785250 -5.050606 -5.247553 -2.684290 0.879013 0.880152 0.000002 0.000005 0.000000 10.255199 -3.006684 -18.195545 14.729025 2.705292 -17.853964 -13.360170 -21.694139 28.827671 0.000000 0.000001 -0.000000 -1.901665 3.541832 16.553833 -10.083716 -10.607033 18.314070 3.740963 -4.463268 -1.945468 0.000001 0.000001 0.000005 -4.153143 -1.110894 -11.825452 23.927367 5.058748 16.604262 -4.482740 1.984268 -1.025814 -0.000000 -0.000001 -0.000002 1.886866 1.138905 -4.083147 2.189980 -0.210217 1.781634 -2.582457 -2.298808 -2.530346 -0.000000 -0.000002 0.000000 
-11.132162 107.825516 -10.008353 -10.059180 22.319357 8.426182 6.535324 -1.041796 8.244907 4.812804 -0.236921 3.320401 -4.389400 -5.474483 -5.112926 -3.855923 1.114721 0.522492 0.000003 -0.000001 -0.000000 11.308469 -3.739610 -19.578102 16.348632 1.215041 -18.803873 -13.270145 -20.646844 30.606286 0.000000 -0.000004 -0.000000 -3.677210 2.595005 20.534171 -9.639829 -12.133058 20.840958 3.193415 -5.484330 -1.769378 0.000001 0.000003 0.000003 -1.547645 -1.182231 -9.475987 18.083597 3.412887 10.338001 -7.024529 4.821289 -0.480236 -0.000001 -0.000003 -0.000001 2.972240 1.331025 -3.486679 -0.079514 -0.707273 0.381250 -4.678712 -7.329908 -7.121710 0.000001 -0.000002 0.000000 
-10.980019 107.926765 -9.968292 -9.716675 24.813300 8.434720 5.028055 -1.294898 7.566799 5.565457 -0.729115 4.990415 -5.077738 -6.323467 -5.955455 -4.346877 1.759665 0.721431 0.000003 0.000001 -0.000001 12.427887 -4.603323 -21.047515 18.010157 1.088831 -20.570583 -13.099676 -20.190538 31.505545 0.000000 -0.000005 -0.000001 -4.621298 2.844524 24.871273 -11.665168 -14.880397 23.950113 5.325588 -6.725587 -0.600925 0.000001 0.000000 0.000004 -0.337208 -1.159312 -8.313538 12.470790 2.650287 5.175325 -7.724949 6.129002 0.238655 0.000000 -0.000003 -0.000001 3.804871 1.278151 -2.380567 -1.618252 -1.165252 -1.110112 -6.525336 -10.555472 -10.204469 -0.000001 -0.000002 -0.000000 
-10.821442 107.991753 -9.923832 -9.302443 26.565500 8.264124 3.915073 -1.431728 7.047038 6.016899 -1.165132 6.162527 -5.266144 -6.645077 -6.324629 -5.162109 2.034028 0.530411 0.000000 0.000003 0.000001 13.120747 -3.688392 -22.490252 18.379421 -0.334333 -21.543595 -12.483044 -19.762900 31.217865 0.000001 -0.000004 -0.000000 -5.995919 2.264008 28.130913 -12.665202 -16.388108 26.467362 6.994714 -7.945029 0.250934 0.000001 0.000001 0.000001 0.421716 -0.962363 -7.593856 8.576603 2.496428 1.707448 -7.741062 6.502741 0.610145 -0.000000 -0.000003 -0.000001 4.268983 1.142992 -1.714576 -2.350758 -1.576956 -1.619722 -7.660814 -11.975727 -11.998301 -0.000000 0.000000 0.000000 
-10.650181 108.000023 -9.865836 -8.984588 28.911525 7.566211 2.998748 -1.516141 7.110126 6.391143 -1.768369 7.517131 -5.534364 -5.961196 -6.786575 -6.173254 1.482357 0.493802 0.000001 0.000001 -0.000000 13.294836 -6.057011 -22.834495 19.594761 -0.044253 -24.152734 -11.602200 -19.234508 30.470253 0.000000 -0.000010 0.000000 -8.094397 1.037671 31.540229 -13.949471 -17.545803 29.968620 8.671468 -10.064300 2.163319 0.000001 0.000000 0.000002 0.691714 -0.476242 -7.099430 5.619284 2.532351 0.491740 -6.348344 4.512062 -0.163044 0.000000 -0.000001 -0.000001 4.481792 0.727185 -0.422123 -3.072580 -1.880709 -1.856642 -8.090132 -13.584783 -13.573275 0.000002 0.000002 0.000001 
-10.461443 107.975998 -9.807388 -8.082333 30.842027 6.582663 3.410960 -1.550379 7.777221 4.985934 -2.144844 7.756199 -5.357231 -6.537292 -6.557211 -7.284338 2.016772 -0.271595 -0.000000 0.000001 -0.000000 13.369056 -4.868168 -24.179711 20.178018 -1.382211 -26.401131 -10.682890 -17.838533 27.749938 0.000001 0.000001 -0.000002 -10.532011 -0.140962 35.290256 -14.875988 -18.696873 33.373168 13.276816 -12.402971 7.077819 -0.000004 0.000003 -0.000001 0.248768 -0.819587 -6.279849 3.983326 2.674741 -0.364084 -6.369073 3.298793 -0.632168 0.000002 -0.000003 -0.000002 3.875500 0.824848 0.242902 -3.483984 -2.304682 -1.095884 -9.155588 -15.635126 -15.932185 0.000002 -0.000003 -0.000000 
-10.284353 107.938461 -9.752914 -8.093227 32.100086 5.683153 3.482404 -1.558269 7.985365 3.694284 -2.504054 7.743522 -4.764186 -7.947427 -6.081748 -7.169396 2.644619 -0.784494 0.000002 0.000003 0.000001 13.471929 -3.298353 -25.393400 21.155116 -0.384640 -28.339278 -9.184021 -19.514836 25.305304 -0.000000 -0.000008 -0.000001 -11.491170 0.549509 38.737066 -16.997945 -20.466027 35.538154 15.388876 -13.616153 11.315335 -0.000001 -0.000001 0.000003 0.559715 -0.898745 -5.056713 3.130020 2.694059 -0.936624 -6.432410 2.649566 -1.019663 0.000001 -0.000006 -0.000002 3.941002 0.795487 1.105341 -3.635724 -2.485205 -0.207420 -10.095015 -16.649524 -17.137911 0.000000 0.000003 0.000002 
-10.096487 107.874474 -9.698055 -8.307769 32.911492 4.673312 4.493731 -1.552757 8.515202 4.621125 -2.866413 9.245781 -6.179162 -7.152873 -6.640285 -9.083804 3.282486 -1.426264 -0.000000 0.000001 -0.000001 14.094046 -5.379066 -25.518063 22.854844 -0.867435 -30.259845 -7.936909 -17.202941 24.438113 0.000001 -0.000003 -0.000001 -12.786209 -0.782474 42.052071 -17.739029 -23.082628 38.824137 13.383868 -14.754025 13.378885 0.000001 -0.000001 0.000003 1.642916 -0.738785 -3.209093 1.922082 2.766090 -1.978609 -6.441301 1.547144 -1.537845 0.000001 -0.000005 -0.000002 4.101834 0.738883 1.924114 -3.842779 -2.822512 0.392200 -10.833535 -16.294970 -17.243653 0.000002 -0.000002 -0.000000 
-9.903660 107.811600 -9.640190 -7.583923 33.690540 3.828897 3.781424 -1.552940 7.485846 5.142837 -3.192125 10.473017 -6.444317 -7.236700 -6.409917 -9.306372 3.867743 -2.093816 0.000003 -0.000002 -0.000000 15.079509 -4.696765 -26.643579 24.228592 -2.205396 -31.568612 -6.053460 -13.923768 22.845892 0.000003 0.000001 -0.000002 -13.773040 -1.746974 45.806240 -18.005256 -25.789804 43.060415 9.612686 -15.494588 15.451708 0.000002 -0.000001 -0.000000 1.959525 -0.869627 -1.867271 1.543308 2.745491 -2.888796 -6.921096 1.303075 -1.954436 0.000002 -0.000001 -0.000001 2.574064 0.964566 1.443988 -3.076533 -2.716295 1.820904 -11.357482 -16.573656 -17.945538 -0.000000 0.000003 -0.000001 
-9.708100 107.742165 -9.569147 -8.565381 34.358666 3.200712 5.595566 -1.482032 8.832384 4.202138 -3.474418 10.486322 -6.098470 -6.496966 -6.357697 -10.297276 3.882826 -2.538480 0.000003 0.000003 0.000001 15.630121 -6.611529 -26.655635 25.459812 -3.107704 -32.925251 -4.649440 -11.663176 22.124475 0.000000 0.000001 -0.000001 -14.916138 -3.797388 47.724212 -17.988792 -27.921521 46.654348 7.632369 -16.778758 17.851599 0.000003 0.000001 0.000002 3.035817 -0.752975 -0.648525 1.416818 2.766711 -2.719712 -7.079599 0.822508 -2.413835 0.000000 -0.000001 -0.000001 2.856120 1.039166 2.100583 -2.547804 -2.634071 2.858021 -11.574517 -17.172771 -18.589929 0.000002 0.000002 -0.000001 
-9.499567 107.666328 -9.500429 -8.351219 35.777272 2.679602 6.152666 -1.508850 9.353159 4.147475 -3.687112 11.013456 -6.404321 -6.313601 -6.481838 -10.389124 3.790838 -2.707358 0.000003 0.000001 -0.000000 15.975464 -7.076455 -26.905254 26.499339 -4.582239 -34.796365 -3.024267 -10.014080 20.435907 0.000001 -0.000010 0.000001 -16.248153 -5.906261 49.566119 -17.538211 -29.729546 51.295592 5.345109 -18.337598 21.881534 0.000003 0.000004 -0.000002 3.424485 -0.785216 -0.095486 1.355085 3.175925 -2.173764 -7.502459 -0.158558 -3.023805 -0.000001 0.000001 -0.000001 1.960164 1.137261 1.698259 -1.402058 -2.905520 4.674131 -12.340752 -16.841998 -18.778562 0.000001 0.000000 0.000000 
-9.281188 107.582832 -9.435432 -7.459732 36.601283 1.846868 6.155759 -1.552546 9.513729 1.772831 -3.888252 9.948562 -4.239239 -6.582420 -5.118392 -10.137380 3.767599 -2.934101 0.000002 0.000001 -0.000000 16.395405 -6.503491 -27.941286 27.155172 -6.219878 -35.976888 -0.762848 -10.098643 18.695860 0.000002 -0.000008 -0.000001 -17.357345 -7.550842 51.655344 -17.092939 -31.390771 55.742748 3.129314 -20.470816 26.096737 0.000001 -0.000003 0.000008 4.431393 -0.599487 1.229117 -0.577205 3.620478 -3.513628 -7.833625 -0.541465 -3.150781 0.000000 -0.000001 -0.000001 0.818882 1.147933 1.280556 -0.543193 -3.243298 5.828357 -12.034692 -16.826320 -18.833377 0.000000 0.000003 0.000001 
-9.067475 107.500107 -9.378633 -6.953629 37.625928 1.283536 5.947862 -1.606888 9.649364 1.490163 -4.188918 10.431706 -4.344352 -6.578366 -5.349551 -9.935200 3.676757 -2.925143 0.000001 -0.000001 -0.000000 16.723054 -6.705315 -28.150888 27.508018 -8.206319 -36.923770 0.671469 -10.177361 17.927655 -0.000000 -0.000008 0.000001 -17.994784 -8.717412 53.106292 -16.680206 -32.937283 59.108935 2.034030 -22.228145 29.282653 0.000005 0.000000 0.000001 5.392272 -0.443092 2.278832 -2.152395 3.902382 -4.444921 -7.761056 -0.808276 -3.100484 0.000001 -0.000003 -0.000001 -0.108379 1.188210 0.999619 0.346379 -3.377670 6.715921 -11.550629 -16.421221 -18.384393 0.000001 -0.000002 -0.000000 
-8.828176 107.406425 -9.317575 -6.711593 39.393239 0.558029 5.653048 -1.703718 10.304947 2.313721 -4.477939 11.609096 -5.425394 -6.595627 -6.124741 -11.176989 4.192800 -3.194302 0.000001 -0.000001 -0.000001 16.792956 -8.707180 -27.627895 28.088588 -9.935396 -38.861693 1.897148 -11.018221 17.706540 0.000002 -0.000005 -0.000000 -17.635432 -7.587779 55.496506 -16.488321 -34.625798 63.155768 0.242813 -23.982116 31.485779 0.000003 0.000003 -0.000000 6.292875 -0.084994 3.482886 -3.695057 4.173563 -5.322734 -7.494736 -1.751644 -3.387234 0.000000 -0.000006 -0.000001 -0.646986 1.069350 0.694077 0.982306 -3.672050 8.512174 -11.258980 -16.787697 -18.563850 0.000001 0.000002 0.000000 
-8.549524 107.308815 -9.254484 -5.092726 41.456462 -0.042952 3.252802 -1.913883 9.069033 3.543065 -4.784478 13.112662 -6.111535 -7.642269 -6.601139 -10.812319 4.222446 -2.837430 0.000002 0.000003 0.000001 17.090315 -7.285444 -28.327919 28.115360 -12.455495 -39.703654 4.054508 -12.723120 16.732700 0.000002 -0.000008 -0.000006 -17.309967 -6.655307 57.685148 -14.686397 -34.620166 67.786253 -2.632448 -26.079930 33.188391 0.000001 0.000002 -0.000001 5.899395 0.109212 3.575526 -4.549058 4.736333 -5.836690 -6.952292 -3.243299 -3.707848 0.000001 -0.000004 -0.000002 -1.842489 1.017607 -0.479426 1.291483 -4.287779 10.147090 -11.244736 -17.470055 -19.406787 -0.000001 -0.000002 -0.000000 
-8.271253 107.207710 -9.180437 -5.428240 42.475888 -0.285953 3.110060 -1.928187 9.131053 4.204366 -4.964490 13.807444 -6.744107 -7.454410 -6.788143 -10.595538 3.771108 -2.449178 0.000002 0.000001 -0.000000 17.195310 -7.795984 -28.174011 27.741824 -14.327725 -40.448653 5.347972 -13.106862 15.704656 -0.000000 -0.000008 -0.000003 -17.417824 -6.836313 58.725953 -14.178067 -35.214820 70.756689 -4.172500 -27.750756 34.819386 -0.000001 -0.000002 0.000003 7.152415 0.720084 4.728381 -5.238018 4.867984 -6.403407 -6.810453 -4.082464 -4.066274 0.000001 0.000001 -0.000001 -1.634256 0.789674 -0.647315 2.121173 -4.375006 11.450141 -10.841870 -17.268163 -19.267235 0.000000 -0.000002 0.000000 
-7.959278 107.128426 -9.116907 -5.702307 43.144751 -0.392048 4.226079 -1.864995 10.012163 1.411047 -4.854561 11.630788 -4.926980 -7.953856 -5.301332 -10.884627 3.586394 -2.389221 0.000001 0.000003 -0.000000 16.898743 -8.728090 -27.622936 28.252188 -14.878606 -41.736615 6.801585 -14.228445 14.569400 -0.000003 -0.000008 0.000001 -17.324350 -6.113796 59.340294 -13.347331 -35.708260 74.828691 -2.921699 -29.017222 36.559701 -0.000001 -0.000001 0.000006 8.150030 1.074099 5.523941 -5.500101 5.381375 -6.995417 -7.150096 -4.469412 -4.323574 0.000002 0.000001 -0.000001 -1.443750 0.778275 -1.450673 3.038582 -4.656855 13.128490 -9.831724 -16.524669 -18.378026 0.000001 -0.000002 -0.000001 
-7.610433 107.071510 -9.054958 -5.356611 44.502251 -0.564221 3.624280 -1.871449 9.930667 0.640464 -5.146580 11.569415 -4.681314 -9.278295 -5.466580 -11.578241 3.790031 -2.812127 0.000003 -0.000004 -0.000001 16.615135 -7.870319 -27.785676 28.433099 -15.044532 -42.535765 8.761265 -13.323677 12.295608 0.000001 -0.000006 -0.000001 -17.349044 -5.338456 60.058195 -12.728309 -35.645261 78.257821 -2.163932 -30.001435 37.962249 0.000004 -0.000001 0.000004 8.486271 1.391735 5.930429 -5.632258 5.853389 -7.492639 -7.196537 -6.327540 -5.384921 0.000000 -0.000005 -0.000002 -2.065503 0.899303 -3.476395 4.830343 -4.796552 16.591966 -8.873769 -16.017239 -17.872868 0.000001 -0.000002 0.000000 
-7.256732 107.006912 -8.973532 -5.158455 45.321512 -0.569581 3.499171 -1.886542 9.958521 1.431564 -5.310742 12.346672 -5.772171 -9.728588 -6.091780 -12.695651 4.269412 -3.211193 0.000000 -0.000003 0.000000 16.437139 -6.283255 -27.787774 28.775399 -15.046618 -43.077105 10.473682 -13.372811 10.690510 0.000001 -0.000003 -0.000001 -17.062386 -4.370682 60.247179 -12.082523 -35.203628 80.742139 -1.623935 -30.918217 39.093834 -0.000000 0.000001 -0.000001 9.319441 1.808582 6.698435 -6.225687 6.347458 -8.507482 -6.838612 -7.245039 -5.544744 -0.000001 -0.000001 -0.000001 -1.985628 0.853568 -4.526838 6.419673 -4.780307 18.777729 -7.777988 -14.671137 -16.594535 0.000001 -0.000002 0.000000 
-6.862563 106.950424 -8.885118 -4.997292 45.946256 -0.577857 2.870511 -1.910430 9.328192 2.131276 -5.505658 13.215982 -6.254990 -9.626645 -6.359378 -13.130809 4.040424 -3.234352 0.000003 0.000001 -0.000000 16.412941 -7.811389 -26.794897 28.407846 -16.776616 -42.713114 11.568639 -13.628387 10.791614 0.000002 -0.000006 -0.000001 -16.831183 -4.149616 60.989293 -10.774751 -34.153080 82.390263 -1.894157 -32.111991 39.790114 0.000001 -0.000001 0.000003 10.261450 2.025962 6.840195 -6.572489 6.654842 -8.535854 -7.255886 -8.013188 -6.226897 0.000000 -0.000003 -0.000001 -3.247371 1.368863 -7.453922 9.779855 -3.807599 23.454772 -6.039480 -14.071705 -15.563527 0.000001 -0.000003 -0.000000 
-6.446656 106.879662 -8.766441 -4.817825 45.604651 -0.953044 2.093648 -1.953549 8.519637 3.523176 -5.538838 14.248590 -6.841103 -8.171272 -6.376843 -12.473474 2.758182 -2.422711 0.000000 0.000001 -0.000000 16.743413 -9.217436 -25.439767 28.058974 -18.157020 -42.118744 12.897151 -14.510332 10.709170 -0.000000 -0.000006 -0.000000 -17.182244 -6.181254 60.723121 -9.815445 -33.832690 83.329688 0.204184 -33.189703 41.663362 0.000005 0.000000 -0.000002 11.528744 2.489200 7.547346 -6.972457 6.766170 -8.595427 -8.536865 -8.797749 -7.505701 0.000001 -0.000005 -0.000001 -4.406211 1.731849 -9.598275 13.470191 -2.391722 27.527681 -4.367090 -12.401226 -14.039187 0.000001 0.000000 -0.000000 
-6.043546 106.809563 -8.650169 -4.301592 45.334213 -1.339243 1.667624 -2.041481 8.241361 4.216867 -5.536069 14.961353 -7.352848 -7.912205 -6.656211 -12.490166 2.815926 -2.222138 0.000003 0.000001 -0.000000 17.184681 -8.106951 -25.299287 27.992070 -19.381411 -41.354169 14.045803 -15.138027 11.309230 0.000001 -0.000006 -0.000000 -16.835866 -6.401820 61.274918 -8.618300 -32.980012 83.964704 0.519056 -34.206861 42.520899 0.000008 -0.000003 0.000002 11.797414 2.489223 7.588414 -6.934461 7.008961 -8.200057 -9.199272 -9.318789 -8.081604 0.000001 -0.000004 -0.000002 -5.560692 2.075722 -10.816320 16.132043 -1.296158 29.701402 -3.358076 -10.562936 -12.400570 0.000001 0.000000 0.000000 
-5.671021 106.754295 -8.537882 -4.163175 45.911411 -1.894004 2.213246 -2.080567 8.640420 3.163044 -5.590184 14.440215 -6.947168 -8.262966 -6.334667 -12.300447 2.383776 -1.835191 0.000001 -0.000003 0.000000 17.757269 -8.610287 -24.411694 28.045119 -20.909272 -40.252733 14.905423 -15.133660 12.981032 -0.000002 -0.000006 -0.000002 -16.517609 -6.930710 62.000024 -7.068176 -32.200022 84.405620 1.021116 -35.458920 43.492029 0.000001 -0.000001 0.000003 12.023944 2.612325 8.440375 -7.111641 7.108447 -8.490455 -8.983055 -9.575601 -7.931859 0.000002 -0.000001 -0.000001 -6.863162 2.292852 -11.020765 17.974331 -0.515705 30.889739 -2.610918 -6.724834 -9.612424 -0.000001 0.000000 -0.000001 
-5.314298 106.723282 -8.415344 -4.000521 46.525831 -2.274742 2.269786 -2.094551 8.545774 2.389852 -5.684508 14.265289 -6.592180 -8.969731 -6.250678 -12.346902 2.197561 -1.608308 0.000004 -0.000001 0.000000 18.010398 -9.004127 -23.793338 28.259928 -21.691800 -39.706171 15.356516 -14.860299 13.895898 -0.000001 -0.000006 -0.000001 -16.178459 -7.133559 62.117879 -6.019109 -31.832045 84.888555 3.420141 -35.887477 44.335007 0.000006 -0.000002 0.000003 11.992819 2.530007 8.950173 -7.104906 7.344800 -8.581427 -8.485260 -10.096498 -7.621210 0.000001 0.000001 -0.000003 -8.498519 2.466582 -10.597830 18.732364 -0.511271 29.545025 -2.401656 -1.584902 -5.816904 0.000000 -0.000002 0.000000 
-4.991808 106.699425 -8.295584 -3.511812 46.913216 -2.647741 1.949290 -2.121295 8.283983 2.430596 -5.822167 14.707187 -6.859254 -9.352357 -6.697179 -12.190116 2.061728 -1.364519 0.000004 0.000003 0.000001 18.111495 -9.113112 -23.542149 28.455277 -21.696690 -39.486256 15.556432 -14.642729 14.017175 -0.000001 -0.000005 -0.000001 -16.143750 -7.593854 61.874451 -5.952135 -32.130422 84.687181 5.585116 -36.103711 45.956416 0.000003 -0.000001 -0.000003 11.711605 2.378880 9.076739 -7.029010 7.411377 -8.232954 -7.832396 -10.696172 -7.386229 0.000001 -0.000003 -0.000002 -9.235758 2.282561 -9.197166 17.524467 -1.444891 25.985386 -2.499247 2.967379 -2.326928 -0.000000 -0.000002 0.000001 
-4.682953 106.677704 -8.166073 -3.567435 47.526697 -2.511238 2.163454 -2.113846 8.284751 0.935805 -5.788202 13.642055 -5.674862 -10.248617 -6.082616 -12.106133 2.100889 -0.949078 0.000000 0.000003 0.000001 18.000233 -9.001816 -23.590474 28.990929 -21.203072 -39.574331 15.689436 -14.995397 14.115826 0.000000 -0.000005 -0.000003 -16.124337 -7.597028 61.580617 -5.875540 -32.515170 84.159597 8.292041 -36.260716 47.780148 0.000001 0.000003 0.000003 12.004714 2.343487 9.327279 -6.929156 7.262732 -7.847089 -7.605691 -10.737251 -7.286850 0.000002 -0.000005 -0.000001 -9.652866 2.051050 -7.730730 15.718010 -2.222188 21.871251 -1.776018 7.225157 1.395581 0.000001 -0.000003 -0.000000 
-4.403936 106.666756 -8.038544 -3.870053 48.050924 -2.444391 2.421045 -2.112876 8.382644 0.465684 -5.827181 13.452031 -5.446380 -10.849884 -6.054786 -11.845259 2.313183 -0.741721 -0.000000 0.000001 -0.000000 18.097027 -8.628301 -23.855137 29.600285 -20.635376 -39.550344 16.083586 -14.574017 13.808461 0.000001 -0.000006 -0.000002 -16.006644 -7.516948 61.484065 -5.730864 -32.841196 83.721174 10.995265 -36.203435 49.052800 -0.000001 0.000002 0.000003 12.366402 2.407194 9.924111 -6.947740 7.116080 -7.857469 -7.574939 -11.063345 -7.529731 0.000001 -0.000003 -0.000001 -9.616339 1.694899 -5.858946 13.877311 -2.879102 17.534330 -1.208309 9.093347 3.162984 0.000000 -0.000002 0.000000 
-4.144016 106.654602 -7.914993 -3.708376 48.208281 -2.080416 1.874666 -2.080753 7.527397 0.583221 -5.846855 13.573177 -5.230719 -11.086510 -5.950516 -11.204835 2.196309 -0.489436 0.000000 0.000001 -0.000000 18.173218 -8.048026 -24.246796 30.075932 -19.977777 -39.674363 16.348184 -14.257999 13.605136 -0.000007 0.000001 -0.000001 -16.082597 -7.878219 61.356928 -5.729102 -32.972072 83.322010 12.325805 -36.458057 50.120287 0.000003 -0.000001 -0.000000 12.444177 2.394431 9.757198 -6.899624 7.213010 -7.993914 -7.826474 -11.064921 -7.719112 0.000002 -0.000005 -0.000001 -10.049989 1.655937 -5.635849 13.474378 -3.043184 15.382646 -0.941701 9.974466 3.953824 -0.000001 0.000003 0.000001 
-3.904253 106.636955 -7.799759 -3.531764 48.256390 -1.732221 1.409513 -2.088480 7.032143 1.078676 -5.748812 13.792626 -5.400116 -10.628842 -6.121591 -11.211878 2.246980 -0.382040 0.000003 0.000003 0.000000 18.384438 -7.843715 -24.476369 30.494008 -19.684547 -39.840958 16.153867 -13.260227 13.532399 0.000001 -0.000008 0.000001 -16.038556 -8.226632 61.046339 -5.540220 -33.250788 83.320706 12.855933 -36.634898 51.052293 0.000005 -0.000003 0.000002 12.395072 2.286248 9.436816 -6.880755 7.113870 -8.163948 -7.660359 -10.949876 -7.552670 0.000001 -0.000003 -0.000002 -9.486312 1.476936 -4.712014 11.980596 -3.497046 12.760682 -0.589186 9.706667 3.851595 -0.000000 0.000000 0.000000 
-3.692439 106.627243 -7.691964 -3.152125 48.109933 -1.785514 1.004156 -2.148906 6.896916 1.690772 -5.672268 14.176491 -5.725079 -10.195014 -6.385520 -11.213995 2.463447 -0.337620 0.000000 0.000001 -0.000000 18.559494 -7.235938 -24.720147 31.146714 -19.013375 -40.449463 15.901005 -12.044235 13.464042 -0.000001 -0.000005 -0.000002 -16.123141 -8.740023 60.665098 -5.585630 -33.753388 83.303658 13.330756 -36.549609 51.880915 0.000002 -0.000002 0.000006 11.899626 2.063867 8.939514 -6.953245 7.055939 -8.182072 -7.181711 -10.648037 -6.964884 0.000001 -0.000006 -0.000002 -8.428164 1.124006 -3.107985 10.103560 -4.135288 10.229988 -0.656801 9.578863 3.749621 -0.000001 0.000003 0.000001 
-3.503376 106.618851 -7.582690 -2.970822 48.392778 -1.882877 0.731964 -2.162090 6.880687 1.772818 -5.667270 14.255667 -5.716736 -10.294993 -6.472755 -10.676946 2.324663 -0.107865 0.000002 0.000003 -0.000000 18.539526 -6.805965 -25.048928 31.439429 -18.249946 -40.826465 15.541921 -12.235041 13.192436 -0.000000 -0.000005 -0.000002 -16.330168 -9.134423 60.362384 -5.818969 -34.030304 83.115356 13.376386 -36.410147 52.743339 0.000003 -0.000001 -0.000000 11.523254 1.943561 8.815461 -6.986163 7.002104 -8.130833 -6.520654 -10.749182 -6.545194 0.000001 -0.000001 -0.000001 -7.663221 0.842799 -1.826483 8.355065 -4.584873 8.191746 -0.560829 8.628702 3.014968 -0.000000 0.000000 0.000000 
-3.339533 106.619270 -7.483653 -2.647629 47.982598 -1.899157 0.587545 -2.161623 6.836047 1.671859 -5.553131 13.966797 -5.326875 -10.244736 -6.139074 -11.103928 2.716429 -0.379706 0.000003 0.000001 -0.000000 18.410568 -6.887547 -25.181033 31.422022 -18.059987 -41.067800 15.170919 -12.012925 12.955737 0.000000 -0.000008 -0.000002 -16.165798 -8.506672 60.448882 -5.938231 -34.019554 83.062654 13.367101 -36.301076 53.204100 0.000004 -0.000003 0.000002 10.914394 1.701268 8.108091 -6.752369 6.886902 -7.769627 -6.335246 -10.453584 -6.300433 0.000001 0.000001 -0.000002 -6.882803 0.676415 -0.823968 7.057495 -4.736507 6.705465 -0.894054 8.408614 2.978229 -0.000000 -0.000003 -0.000000 
-3.193461 106.611153 -7.383595 -2.163143 48.036188 -1.831734 0.210744 -2.141741 6.603706 2.062556 -5.581389 14.229471 -5.460811 -10.219944 -6.397503 -11.070459 2.653848 -0.401406 0.000003 0.000001 0.000001 18.216936 -7.060978 -25.381929 31.319388 -17.339017 -41.147959 15.042696 -12.310039 12.489893 -0.000000 -0.000010 -0.000002 -16.273733 -8.399569 60.158694 -6.289091 -33.753081 82.792302 14.190243 -36.146570 54.512532 0.000003 0.000001 0.000001 10.169890 1.487792 7.307632 -6.809983 6.949550 -7.603423 -5.726760 -11.031621 -6.309902 0.000002 0.000001 -0.000001 -6.364745 0.503289 -0.052220 5.700817 -4.954779 4.897800 -0.862582 8.237381 2.965596 -0.000000 0.000003 0.000003 
-3.057978 106.594788 -7.290427 -2.017903 47.712840 -1.553741 0.000095 -2.106073 6.332989 2.064156 -5.477311 14.039771 -5.430283 -10.227608 -6.385935 -11.220178 2.912925 -0.602945 0.000002 -0.000002 -0.000000 18.248582 -7.019097 -25.697586 31.204737 -17.027631 -40.898350 14.942381 -12.660174 12.491016 0.000001 -0.000004 0.000001 -16.253484 -8.206005 60.133375 -6.493098 -33.833322 82.584282 14.423729 -36.151915 55.267811 0.000003 -0.000003 0.000002 9.998927 1.367974 6.694416 -7.051503 6.965166 -7.640264 -5.370868 -11.291299 -6.233861 0.000001 -0.000005 -0.000001 -5.779265 0.464158 0.192708 4.728260 -5.117252 3.864851 -0.643621 8.312953 3.068453 0.000001 -0.000002 0.000000 
-2.936736 106.560707 -7.208738 -2.081147 47.163501 -1.273102 -0.154623 -2.099460 6.102371 2.648803 -5.442875 14.396382 -5.732943 -9.896721 -6.634383 -11.549985 3.372625 -1.015765 -0.000000 0.000001 -0.000000 18.514995 -6.621574 -26.034424 31.047984 -17.239140 -40.155454 15.114148 -12.186018 12.561184 -0.000001 -0.000006 -0.000001 -16.031519 -8.090269 60.114366 -6.154836 -33.706198 82.607272 14.474380 -36.526486 55.653081 0.000004 0.000001 0.000005 10.147600 1.343610 6.671235 -7.393716 6.996579 -8.410101 -5.149312 -11.047865 -5.938923 0.000001 -0.000003 -0.000001 -5.063375 0.490898 0.492564 3.872296 -5.229662 3.034972 -0.622323 8.401689 3.058881 0.000001 -0.000003 -0.000000 
-2.827783 106.527351 -7.131939 -1.591551 46.625877 -1.111250 -0.358035 -2.108842 5.982248 2.729202 -5.317553 14.255353 -5.706270 -9.665078 -6.633083 -11.567875 3.683175 -1.255536 0.000001 0.000001 -0.000000 18.613037 -6.530515 -26.040315 31.033818 -17.335058 -39.909314 14.960659 -12.657273 12.905255 0.000001 -0.000010 -0.000001 -16.005724 -8.225241 60.083214 -5.842878 -33.456135 82.638022 14.458334 -36.618215 55.987996 0.000003 0.000002 0.000003 9.713125 1.154000 6.124532 -7.380609 7.025129 -8.686360 -4.955801 -10.815910 -5.645255 0.000000 -0.000003 -0.000002 -4.987294 0.620134 0.208209 3.376020 -5.342907 2.605937 -0.752293 8.596763 3.136925 -0.000000 -0.000002 -0.000000 
-2.731006 106.495399 -7.052121 -1.259564 46.307299 -1.052192 -0.342583 -2.135826 6.157146 2.358382 -5.232619 13.864108 -5.310720 -9.594971 -6.473133 -11.736979 3.829976 -1.348808 0.000001 -0.000004 -0.000001 18.691861 -6.977223 -25.973823 30.917241 -17.659003 -39.623112 14.930423 -12.319083 13.139392 -0.000002 -0.000008 -0.000001 -15.982860 -8.511988 59.865864 -5.477127 -33.051419 82.954095 14.486312 -36.764026 56.050544 0.000004 -0.000002 0.000006 9.435299 1.035714 5.695906 -7.316231 7.037850 -8.577681 -4.984529 -10.798467 -5.661107 0.000001 -0.000003 -0.000001 -4.842747 0.663963 0.172769 3.043033 -5.379788 2.321282 -0.581778 8.765873 3.340044 0.000001 0.000000 0.000000 
-2.639108 106.466301 -6.966953 -0.926455 46.029703 -0.890253 -0.066238 -2.144489 6.328648 1.657994 -5.103865 13.181684 -4.583180 -9.555400 -5.958929 -11.614781 3.723795 -1.231922 0.000000 0.000001 -0.000001 18.690719 -6.876739 -25.668590 30.808395 -18.056802 -39.665736 15.011579 -12.729330 13.055233 -0.000001 -0.000005 -0.000002 -15.896584 -8.602976 59.449666 -5.414724 -33.216651 83.423698 14.908478 -36.520082 56.578599 0.000002 0.000000 0.000000 9.454455 0.932298 5.528983 -7.577731 7.036759 -8.946531 -4.849656 -10.589524 -5.435252 0.000001 -0.000003 -0.000002 -4.505929 0.740248 0.198026 2.410865 -5.473071 1.775948 0.125685 8.867127 3.471723 0.000001 -0.000003 -0.000000 
-2.553681 106.437851 -6.881015 -0.778029 45.851849 -0.846630 -0.105490 -2.155707 6.341724 1.139740 -5.025103 12.708323 -4.146821 -9.810829 -5.670704 -11.302726 3.707772 -1.182212 0.000000 0.000001 -0.000000 18.692423 -6.719859 -25.662587 30.798399 -18.067046 -39.611091 15.181533 -13.345452 13.095920 0.000003 -0.000010 0.000001 -15.712567 -8.272309 59.413999 -5.406410 -33.239618 83.585260 15.688101 -36.345513 56.711658 0.000003 0.000002 0.000001 9.358688 0.895962 5.473994 -7.530155 7.106235 -9.204350 -4.637356 -10.426519 -5.171472 0.000000 -0.000001 -0.000001 -4.360000 0.748232 0.248788 2.105826 -5.566695 1.389314 0.448148 9.061626 3.590269 -0.000000 0.000003 0.000000 
-2.477070 106.408760 -6.794750 -0.821823 45.836986 -0.893645 0.044146 -2.158318 6.555440 1.295890 -5.144406 13.013161 -4.411537 -9.687250 -6.021444 -11.029156 3.677177 -1.159670 0.000002 -0.000001 -0.000001 18.528990 -6.862024 -25.448084 30.852883 -17.927546 -39.793690 15.242744 -13.851555 13.100065 0.000001 -0.000003 -0.000003 -15.830405 -8.399190 59.265647 -5.653850 -33.514734 83.505401 16.202288 -36.262424 57.097639 0.000002 0.000003 0.000002 9.362192 0.915334 5.549932 -7.302362 7.104157 -9.006242 -4.759876 -10.711810 -5.433506 0.000002 -0.000001 -0.000001 -4.436480 0.757922 0.185897 2.357039 -5.523579 1.714000 0.242851 8.957223 3.524751 -0.000001 0.000002 0.000001 
-2.405344 106.386169 -6.718704 -0.681923 45.880795 -0.769696 -0.049022 -2.151673 6.461028 0.996647 -5.133243 12.781838 -4.067298 -9.890060 -5.881046 -10.606942 3.772255 -1.149604 0.000001 -0.000001 -0.000001 18.598914 -6.709444 -25.612221 30.747094 -18.222586 -39.494121 15.370244 -13.938151 13.384032 -0.000000 -0.000006 -0.000002 -15.612177 -8.029613 59.383905 -5.535760 -33.538872 83.559865 16.283425 -36.486198 56.922865 0.000003 -0.000001 0.000006 9.263569 0.898681 5.305316 -7.360325 7.110893 -9.089761 -4.815223 -10.580910 -5.439312 0.000000 -0.000003 -0.000002 -4.667062 0.825193 -0.200825 2.387424 -5.458236 1.795022 0.192080 8.688138 3.384049 0.000000 -0.000005 -0.000000 
-2.336115 106.362556 -6.640008 -0.945649 45.593903 -0.656112 0.845641 -2.177883 7.266173 -0.577358 -4.840105 11.241715 -2.830954 -10.122288 -4.939565 -10.460989 3.910422 -1.156844 0.000002 -0.000001 -0.000000 18.759328 -7.138807 -25.514612 30.711539 -18.713506 -39.152366 15.329870 -14.038759 14.155945 -0.000000 -0.000010 0.000002 -15.545444 -8.411696 59.087625 -5.181079 -33.392990 83.899435 16.223782 -36.810335 56.836241 0.000002 -0.000002 0.000002 9.573173 0.982786 5.415714 -7.226180 7.065970 -8.981189 -5.226063 -10.649110 -5.784535 0.000002 -0.000005 -0.000001 -4.740269 0.863846 -0.465668 2.947908 -5.327505 2.307561 -0.116858 8.760773 3.432173 0.000001 -0.000003 -0.000000 
-2.270704 106.343033 -6.561845 -1.233092 46.084335 -0.567637 1.260090 -2.184731 7.762430 -1.358982 -4.818889 10.661272 -2.425896 -10.567611 -4.825137 -10.034976 3.808271 -1.097662 0.000001 -0.000002 -0.000000 18.757518 -7.138243 -25.753640 30.779448 -18.333464 -39.048222 15.421483 -14.035811 14.060504 0.000002 -0.000008 0.000002 -15.682567 -8.650233 58.982201 -5.358078 -33.571309 83.753221 16.728142 -36.883097 57.006128 0.000003 -0.000004 0.000007 9.708030 1.079621 5.544261 -7.322440 7.025259 -9.030396 -5.154544 -11.094362 -6.083882 0.000000 -0.000003 -0.000001 -4.684556 0.839611 -0.433558 2.895521 -5.253987 2.296666 0.117571 8.271130 3.115800 0.000000 -0.000003 0.000000 
-2.202748 106.324081 -6.479627 -0.788528 46.500956 -0.575742 0.785197 -2.202895 7.534729 -1.725085 -4.838176 10.474980 -1.997163 -11.216231 -4.756409 -9.637446 3.864492 -1.052655 0.000001 0.000003 0.000001 18.845482 -6.601733 -26.194978 30.744724 -18.171474 -38.777904 15.558080 -14.139103 13.891240 0.000003 -0.000005 -0.000003 -15.722800 -8.839713 58.856860 -5.439101 -33.752145 83.739403 17.230687 -36.953168 57.261956 0.000004 -0.000003 0.000005 9.500547 1.062919 5.313714 -7.548102 6.990814 -9.105235 -4.953579 -11.191857 -6.003928 0.000000 -0.000003 -0.000001 -4.844806 0.869083 -0.658284 2.888862 -5.192576 2.353877 0.000390 8.245299 3.151699 -0.000001 0.000005 0.000001 
-2.136112 106.308464 -6.405223 -0.888448 46.463509 -0.584925 0.785408 -2.191500 7.490195 -1.933692 -4.779189 10.249725 -1.768475 -11.161645 -4.591891 -9.446254 3.560421 -0.812936 0.000002 -0.000001 -0.000000 18.849319 -7.111439 -26.076160 30.668185 -18.400776 -38.654001 15.592519 -13.750889 13.891554 -0.000001 -0.000008 -0.000001 -15.713233 -8.837724 58.890280 -5.298871 -33.590211 83.933654 16.477461 -37.180237 56.915669 0.000002 -0.000001 0.000003 9.544027 1.079099 5.344769 -7.583978 6.999643 -9.194624 -4.877421 -11.051656 -5.850067 0.000002 -0.000001 -0.000002 -4.853597 0.891298 -0.725899 2.888461 -5.165605 2.423965 0.108199 7.920734 2.922120 -0.000000 0.000002 0.000002 
-2.075361 106.297981 -6.335853 -1.314480 46.245650 -0.618639 1.186994 -2.164948 7.636969 -2.196973 -4.739440 10.034827 -1.506773 -11.081535 -4.291555 -9.431735 3.468521 -0.701595 0.000002 -0.000002 -0.000001 18.887696 -7.201708 -25.982967 30.741568 -18.610560 -38.552518 15.793008 -13.428134 14.072048 -0.000003 -0.000005 -0.000002 -15.681817 -8.911717 58.926016 -5.033946 -33.354187 84.135903 16.229817 -37.390026 56.406052 0.000003 0.000001 0.000003 9.833277 1.173761 5.706277 -7.449008 7.040490 -9.164290 -5.239160 -10.979653 -6.032461 0.000002 -0.000005 -0.000001 -4.742883 0.870030 -0.610197 3.289073 -5.124701 2.743219 -0.165186 8.226357 3.131539 -0.000000 0.000000 0.000000 
