HIERARCHY
ROOT Hips
{
	OFFSET 1.693964 105.470886 -1.111724
	CHANNELS 6 Xposition Yposition Zposition Xrotation Yrotation Zrotation
	JOINT Chest
	{
		OFFSET 0.278170 13.568321 1.406225
		CHANNELS 3 Xrotation Yrotation Zrotation
		JOINT Chest2
		{
			OFFSET -0.473678 21.310753 2.166528
			CHANNELS 3 Xrotation Yrotation Zrotation
			JOINT Chest3
			{
				OFFSET -0.446322 14.917084 -0.318505
				CHANNELS 3 Xrotation Yrotation Zrotation
				JOINT Neck
				{
					OFFSET 0.384885 17.220779 1.382985
					CHANNELS 3 Xrotation Yrotation Zrotation
					JOINT Head
					{
						OFFSET -0.447340 10.380798 1.366220
						CHANNELS 3 Xrotation Yrotation Zrotation
						End Site
						{
							OFFSET -0.441938 10.390289 1.293949
						}
					}
				}
				JOINT LeftCollar
				{
					OFFSET 4.590206 12.896713 3.795960
					CHANNELS 3 Xrotation Yrotation Zrotation
					JOINT LeftUpArm
					{
						OFFSET 14.072577 -5.675156 -8.846161
						CHANNELS 3 Xrotation Yrotation Zrotation
						JOINT LeftLowArm
						{
							OFFSET 4.013695 -33.519852 0.196563
							CHANNELS 3 Xrotation Yrotation Zrotation
							JOINT LeftHand
							{
								OFFSET -1.555498 -28.186508 10.200414
								CHANNELS 3 Xrotation Yrotation Zrotation
								End Site
								{
									OFFSET -0.339964 -6.160324 2.229358
								}
							}
						}
					}
				}
				JOINT RightCollar
				{
					OFFSET -3.820223 13.062653 4.072034
					CHANNELS 3 Xrotation Yrotation Zrotation
					JOINT RightUpArm
					{
						OFFSET -14.341259 -6.023041 -8.157670
						CHANNELS 3 Xrotation Yrotation Zrotation
						JOINT RightLowArm
						{
							OFFSET -5.333553 -33.292053 -1.710915
							CHANNELS 3 Xrotation Yrotation Zrotation
							JOINT RightHand
							{
								OFFSET 1.025496 -28.437340 9.550984
								CHANNELS 3 Xrotation Yrotation Zrotation
								End Site
								{
									OFFSET 0.224127 -6.215263 2.087461
								}
							}
						}
					}
				}
			}
		}
	}
	JOINT LeftUpLeg
	{
		OFFSET 10.016856 -0.223976 0.177641
		CHANNELS 3 Xrotation Yrotation Zrotation
		JOINT LeftLowLeg
		{
			OFFSET 2.467608 -47.116390 -4.236237
			CHANNELS 3 Xrotation Yrotation Zrotation
			JOINT LeftFoot
			{
				OFFSET 0.549664 -42.938499 -12.512027
				CHANNELS 3 Xrotation Yrotation Zrotation
				JOINT LeftToe
				{
					OFFSET 0.825927 -15.733069 17.645052
					CHANNELS 3 Xrotation Yrotation Zrotation
					End Site
					{
						OFFSET 1.192274 -0.948508 23.605885
					}
				}
			}
		}
	}
	JOINT RightUpLeg
	{
		OFFSET -10.016865 0.223785 -0.177662
		CHANNELS 3 Xrotation Yrotation Zrotation
		JOINT RightLowLeg
		{
			OFFSET -1.759621 -47.316036 -1.452529
			CHANNELS 3 Xrotation Yrotation Zrotation
			JOINT RightFoot
			{
				OFFSET 0.460944 -42.378094 -14.299150
				CHANNELS 3 Xrotation Yrotation Zrotation
				JOINT RightToe
				{
					OFFSET -3.253078 -18.777832 14.013124
					CHANNELS 3 Xrotation Yrotation Zrotation
					End Site
					{
						OFFSET -5.099257 -5.382293 22.462963
					}
				}
			}
		}
	}
}
MOTION
Frames: 213
Frame Time: 0.033333
1.693964 105.470886 -1.111722 0.000000 0.000000 0.000000 0.000000 -0.000000 -0.000000 0.000001 0.000000 -0.000000 0.000001 0.000000 -0.000000 0.000001 -0.000001 0.000000 0.000001 -0.000000 0.000000 -0.000001 -0.000001 -0.000000 -0.000001 0.000000 0.000001 0.000002 -0.000001 -0.000002 0.000003 -0.000002 -0.000002 -0.000000 -0.000000 -0.000000 -0.000001 0.000000 0.000000 -0.000002 -0.000001 -0.000000 0.000000 -0.000002 0.000000 -0.000000 0.000000 0.000000 0.000000 0.000000 0.000000 -0.000000 -0.000000 0.000000 -0.000000 -0.000000 0.000000 0.000000 -0.000000 -0.000001 0.000003 -0.000000 -0.000001 0.000003 -0.000001 -0.000001 -0.000000 -0.000002 -0.000000 
1.694452 105.468048 -1.106743 -0.284553 0.115230 0.023837 1.680725 -0.035580 0.004301 -2.156592 -0.035915 0.113984 1.046934 0.054693 -0.105016 0.285417 -0.111919 0.005404 0.000000 -0.000000 0.000000 -0.018751 -0.560864 0.135618 -0.025136 0.113358 -0.372031 -0.116206 0.095018 0.483656 0.000002 -0.000001 -0.000000 -0.134232 -0.374289 -0.381710 0.167902 -0.267354 0.231398 -0.030767 0.047797 0.313427 0.000002 -0.000004 0.000000 0.319206 -0.001205 0.033069 0.025322 -0.011060 -0.038662 -0.005149 -0.253595 -0.144355 -0.000000 -0.000000 -0.000000 0.326280 0.014961 -0.047359 0.161852 0.107054 0.052239 -0.066105 0.113664 0.422848 -0.000000 -0.000001 -0.000000 
1.692925 105.470451 -1.105965 -0.380547 0.058636 0.070554 2.044402 -0.037663 -0.034947 -3.465137 0.005030 0.123280 2.176497 0.097278 -0.093755 0.119858 -0.042203 -0.044995 0.000001 -0.000000 0.000000 0.124322 -0.947148 -0.018324 -0.023043 0.001791 -0.312502 -0.285584 0.034884 0.822991 -0.000001 -0.000006 -0.000002 -0.099246 -0.659989 -0.280722 0.061234 -0.045133 0.121186 -0.253393 0.146045 0.323023 0.000000 -0.000000 -0.000001 0.278819 -0.018925 -0.028140 0.094897 -0.081009 -0.091802 -0.145067 0.000915 0.049683 -0.000000 -0.000000 -0.000000 -0.092654 0.080054 -0.185846 0.850670 0.220872 0.249032 -0.377884 0.028347 1.011084 0.000002 -0.000003 -0.000001 
1.691957 105.470810 -1.104364 -0.139328 0.305979 0.099546 1.904684 -0.037350 0.034738 -3.767196 -0.011349 0.159685 2.404674 0.256121 -0.184159 -0.240272 -0.134101 0.028439 0.000000 -0.000000 0.000001 0.143413 -1.316631 -0.018692 -0.142663 0.039585 -0.359143 -0.330167 0.199257 0.854929 0.000002 -0.000003 -0.000001 -0.189621 -0.857060 -0.342986 -0.045180 -0.136174 0.238058 -0.006522 -0.031610 0.375146 -0.000000 0.000001 -0.000001 0.092987 -0.048701 -0.017674 0.101434 -0.074891 -0.109536 -0.405380 -0.451600 0.170244 -0.000000 0.000000 0.000000 -0.153996 0.092281 -0.249736 0.775070 0.160913 0.332790 -0.493103 -0.084867 1.038535 0.000001 -0.000001 0.000000 
1.690621 105.475693 -1.105685 -0.465222 0.166584 0.148090 1.940851 -0.044006 -0.017720 -3.153284 -0.027929 0.139713 1.848440 0.291567 -0.168708 0.134505 -0.084659 -0.096363 0.000000 -0.000000 0.000000 0.168663 -1.018613 -0.062126 0.022659 0.033927 -0.219324 -0.238987 -0.015825 0.811530 0.000003 -0.000005 -0.000001 -0.114541 -0.665216 -0.448825 0.211425 -0.166785 0.333218 -0.187791 0.224727 0.311562 -0.000003 -0.000004 -0.000000 0.520641 0.002059 -0.035018 -0.290672 0.004262 -0.150609 -0.156197 -0.438817 -0.024218 -0.000000 -0.000000 0.000000 0.349242 0.042571 -0.292470 0.288515 0.005537 0.275185 -0.456265 0.160265 0.974828 0.000002 -0.000002 -0.000000 
1.687434 105.481140 -1.103673 -0.591165 0.107291 0.137086 1.956086 -0.036490 0.026208 -2.906895 -0.044532 0.127205 1.584343 0.307262 -0.185619 0.481610 -0.034374 -0.262783 0.000000 -0.000001 0.000001 -0.019522 -0.425807 -0.215252 0.131986 0.268213 0.015936 -0.256187 0.084409 0.422099 -0.000001 0.000000 -0.000001 -0.273580 -0.896243 -0.410331 0.070593 -0.255007 0.244818 0.012574 0.053433 0.605784 -0.000005 -0.000002 -0.000000 0.800604 0.041779 0.001271 -0.613294 0.086384 -0.156294 -0.012687 -0.506560 -0.184892 -0.000000 -0.000000 -0.000000 0.621482 -0.009115 -0.305538 0.009843 -0.089866 0.303978 -0.500005 0.006705 0.762919 0.000002 -0.000002 0.000000 
1.687683 105.489273 -1.103756 -0.236952 0.363986 0.114589 1.577066 -0.023349 0.140213 -3.504613 0.000206 0.061579 2.273336 0.075225 -0.185554 0.254125 -0.040671 -0.333552 -0.000000 -0.000000 0.000000 -0.019398 -0.752834 -0.252991 0.134766 0.442758 0.041621 -0.224845 0.275108 0.304904 -0.000000 -0.000003 -0.000001 -0.209278 -0.170344 -0.399692 0.109078 -0.496264 0.262956 -0.117788 -0.111586 0.469880 -0.000001 -0.000000 -0.000000 0.314574 0.047702 0.009738 -0.500062 0.137364 -0.065845 -0.134063 -0.606053 -0.125984 -0.000000 -0.000000 0.000000 0.030209 -0.008808 -0.255326 0.395946 -0.076366 0.320166 -0.645255 0.020719 1.105589 0.000002 0.000000 -0.000000 
1.685471 105.501305 -1.105083 -0.230328 0.289804 0.158709 1.455647 -0.026084 0.050359 -4.110113 0.011035 0.072463 2.918821 0.072348 -0.154029 0.181218 0.055647 -0.418912 0.000001 0.000000 0.000000 0.033039 -0.330217 -0.187049 -0.111426 0.065693 0.012612 -0.137385 -0.039967 0.348786 -0.000000 0.000000 -0.000001 -0.135596 -0.546893 -0.248002 0.003427 -0.148691 0.071095 -0.306201 0.296933 0.444835 -0.000001 -0.000002 0.000001 0.218290 0.061308 -0.045280 -0.382774 0.126606 -0.102891 -0.022003 -0.551958 -0.188165 0.000000 0.000000 0.000000 -0.151894 0.003981 -0.279617 0.810154 -0.091184 0.325077 -0.728524 0.083310 1.194581 0.000001 0.000000 -0.000000 
1.683268 105.506302 -1.105566 -0.647338 0.204956 0.211418 1.703083 -0.022385 -0.051162 -3.080681 0.001935 0.064365 1.939008 0.599643 -0.095379 0.462802 0.001512 -0.190113 0.000001 -0.000001 0.000000 0.060998 -1.072028 -0.045450 -0.086224 0.101523 -0.168542 -0.041681 0.124043 0.491656 0.000000 -0.000005 -0.000000 -0.337651 -1.622942 -0.255068 0.131883 -0.264455 -0.154539 -0.173416 0.148881 1.001692 -0.000002 -0.000002 -0.000001 0.605436 0.031282 -0.180806 -0.415492 0.040203 -0.037742 -0.130021 -0.181358 0.015535 -0.000000 -0.000000 0.000000 0.349654 0.005555 -0.325667 0.532384 0.031265 0.296041 -0.137110 0.044692 0.185903 -0.000001 0.000000 -0.000000 
1.680637 105.506943 -1.096493 -0.400811 0.333201 0.191820 1.728329 -0.033929 -0.007302 -4.185556 0.104173 -0.011341 2.893524 0.285188 0.000501 0.441090 0.219828 -0.386317 -0.000000 -0.000000 0.000000 0.156623 -0.805934 -0.050989 -0.267520 -0.099434 -0.103079 0.098446 0.130774 0.308143 0.000001 -0.000004 -0.000003 -0.208893 -1.300242 -0.363994 -0.229962 0.092912 -0.068816 -0.217768 0.082526 0.927042 0.000001 -0.000003 0.000001 0.461984 0.000342 -0.165737 -0.734630 0.046846 0.013408 0.011440 -0.071103 -0.062247 -0.000000 -0.000000 -0.000000 0.251887 0.027561 -0.310372 0.744523 0.032063 0.351902 -0.407223 0.335461 1.089268 0.000001 0.000001 0.000001 
1.679945 105.508911 -1.086250 -0.440408 0.632138 0.149658 1.647085 -0.034198 0.106924 -3.938586 0.079533 0.019537 2.653098 0.251829 -0.067154 0.579225 0.107420 -0.366610 -0.000001 0.000000 0.000000 0.159775 -0.976075 -0.061262 -0.022464 0.202485 -0.081727 -0.172949 0.241853 0.071172 -0.000001 -0.000002 -0.000001 -0.299599 -1.634463 -0.392699 0.119464 -0.242190 -0.165167 -0.432855 -0.022489 1.193214 -0.000002 0.000000 0.000000 0.384590 -0.008480 -0.122330 -0.676880 0.005977 0.085975 -0.122376 -0.500573 -0.054363 -0.000000 -0.000000 -0.000000 0.354970 0.010693 -0.259879 0.571518 -0.022046 0.401457 -0.532663 0.248230 1.111411 0.000001 -0.000001 -0.000001 
1.679496 105.514999 -1.081936 -0.451954 0.702539 0.171127 1.738689 -0.043616 0.072201 -3.491244 0.050665 0.052850 2.205337 0.404599 -0.144394 0.526571 -0.024234 -0.194148 0.000000 -0.000000 0.000000 0.276189 -1.448695 -0.178165 -0.199392 -0.096887 -0.012017 -0.337033 0.161739 0.426285 -0.000001 -0.000002 -0.000001 -0.235050 -1.683843 -0.376519 0.044640 -0.040304 -0.134819 -0.941484 0.131935 1.039345 -0.000000 -0.000000 -0.000001 0.499175 -0.018193 -0.093045 -0.588694 -0.031286 0.010396 -0.100607 -0.429547 -0.092314 -0.000000 -0.000000 -0.000000 0.542849 0.016333 -0.268987 0.455146 0.007575 0.391887 -0.453637 0.301411 1.111233 0.000002 -0.000001 -0.000000 
1.680668 105.520859 -1.080998 -0.190863 0.619139 0.124293 1.286103 -0.031357 0.140495 -3.135736 0.056397 0.047053 2.077687 0.448508 -0.138177 0.604102 0.050921 -0.259706 0.000000 -0.000000 0.000000 0.345189 -1.539555 -0.146944 -0.294801 -0.255204 -0.044502 -0.312868 0.129890 0.513858 0.000001 -0.000002 -0.000001 -0.158772 -1.602008 -0.320456 -0.180948 0.243530 -0.102846 -0.580255 0.094249 0.765771 -0.000002 -0.000003 0.000001 0.392528 -0.030489 -0.036905 -0.794481 -0.039719 -0.058986 0.096339 -0.008736 -0.157318 0.000000 -0.000000 -0.000000 0.462337 0.054791 -0.234586 -0.098909 0.018310 0.388878 -0.458355 0.100255 0.909082 0.000000 -0.000001 0.000000 
1.680003 105.518105 -1.076325 0.054572 0.892141 0.110016 1.395634 -0.041646 0.212790 -4.346663 0.060316 0.071905 3.053344 0.182034 -0.218640 0.591472 -0.002293 -0.268369 -0.000001 -0.000000 0.000000 0.227527 -1.430715 -0.159426 -0.047090 0.112818 0.041910 -0.667462 0.202688 0.187971 -0.000000 0.000001 -0.000000 -0.240848 -1.425244 -0.428490 -0.219038 0.032105 -0.090132 -0.613215 -0.086395 1.039432 -0.000001 0.000002 -0.000001 0.278569 -0.040108 -0.001630 -1.015731 0.108547 0.025775 0.132942 -0.335588 -0.270283 -0.000000 -0.000000 -0.000000 0.290274 0.023900 -0.211745 -0.335550 -0.130317 0.359391 -0.346641 0.134091 0.673370 0.000001 -0.000001 -0.000000 
1.676733 105.520515 -1.070865 0.142906 0.491147 0.082950 1.325570 -0.015156 0.109664 -4.567286 0.084912 0.055013 3.306729 0.437743 -0.135861 0.708634 -0.074325 -0.244580 -0.000000 -0.000001 -0.000000 0.151644 -0.698148 0.029949 -0.048407 0.183081 -0.020171 -0.045404 0.215231 -0.219370 -0.000000 -0.000002 -0.000001 -0.289535 -1.721890 -0.518154 -0.125849 -0.096456 -0.013105 -0.508257 -0.041487 1.270727 -0.000000 -0.000000 -0.000001 0.251007 -0.023516 -0.033621 -0.894465 0.012925 0.036248 -0.166949 -0.307597 -0.027125 -0.000000 -0.000000 0.000000 0.528960 0.010035 -0.204018 -0.404286 -0.035001 0.270807 -0.113887 0.576453 0.832385 0.000000 -0.000002 -0.000000 
1.674263 105.516586 -1.061706 0.049466 0.483106 0.071962 1.298330 -0.033705 0.111724 -3.791250 0.051925 0.039312 2.633489 0.644398 -0.155950 0.678327 -0.175982 -0.046476 0.000000 0.000000 0.000000 0.144460 -1.194676 0.012739 -0.024797 0.184720 -0.026048 -0.109549 0.216147 -0.044719 0.000001 -0.000002 -0.000001 -0.410869 -2.193101 -0.491065 0.168270 -0.281011 -0.111115 -0.566767 -0.007648 1.483365 -0.000002 -0.000006 -0.000000 0.297730 -0.018293 -0.104546 -0.819222 -0.011221 0.136786 0.393747 -0.106493 -0.451523 -0.000000 -0.000000 -0.000000 0.637719 -0.003046 -0.217878 -0.520260 -0.099860 0.287570 0.127222 0.295272 -0.082576 -0.000001 -0.000001 -0.000000 
1.678620 105.514168 -1.058478 0.287905 0.275387 0.010208 0.807513 -0.017623 0.100837 -2.790234 0.030187 0.015991 2.079896 0.543414 -0.123598 0.240481 -0.122622 -0.043165 0.000001 -0.000000 0.000000 0.090824 -0.871030 0.013544 -0.287811 -0.124180 -0.024195 -0.267180 0.034692 0.048279 -0.000001 0.000002 -0.000001 -0.322988 -1.667522 -0.573468 0.017861 -0.097532 -0.042598 -0.908397 0.181414 1.401139 -0.000000 -0.000003 0.000001 -0.109225 -0.025404 -0.066495 -0.375854 -0.068750 0.063916 0.069176 0.072906 -0.087120 -0.000000 -0.000000 0.000000 0.249699 0.016380 -0.220310 -0.443021 -0.059241 0.347428 0.140131 0.117651 -0.235074 -0.000002 0.000002 -0.000001 
1.684947 105.509628 -1.055699 0.258507 0.531019 -0.111349 1.374889 -0.057124 0.248425 -4.336528 0.053262 0.019134 3.137782 0.371358 -0.135630 0.584703 -0.148447 -0.094081 0.000000 -0.000000 0.000000 0.076955 -0.930798 0.265920 -0.203453 0.122933 -0.131418 -0.229617 0.106962 -0.451425 -0.000000 -0.000000 -0.000002 -0.385273 -1.810877 -0.674898 0.159346 -0.351530 -0.026067 -1.018626 0.138985 1.571488 0.000002 -0.000000 -0.000000 0.069149 -0.029499 0.131952 -0.454453 -0.051902 0.036471 0.213486 -0.050462 -0.242393 -0.000000 -0.000000 0.000000 0.339353 -0.007975 -0.088760 -0.449273 -0.093477 0.349144 -0.133812 0.103582 0.202227 0.000000 -0.000001 -0.000000 
1.688246 105.509827 -1.055867 0.246250 0.523027 -0.110510 1.394556 -0.037640 0.155247 -4.102314 0.068145 -0.018531 3.016006 0.364061 -0.013459 0.465902 -0.102478 -0.154870 0.000000 -0.000000 0.000000 0.041731 -0.799003 0.300255 -0.433502 0.047361 -0.117717 0.122783 0.217539 -0.598998 -0.000000 -0.000001 0.000001 -0.399558 -1.708635 -0.699556 0.375434 -0.592897 -0.160042 -1.329225 0.121199 1.808885 -0.000002 0.000001 -0.000001 0.179731 -0.000178 0.119653 -0.529396 -0.027566 0.050467 0.148801 -0.071572 -0.201788 -0.000000 -0.000000 0.000000 0.107215 -0.017293 -0.088774 -0.013872 -0.042732 0.349166 -0.144758 0.367724 0.573331 0.000000 -0.000002 -0.000000 
1.696745 105.509483 -1.053535 0.508148 0.157793 -0.041923 1.352744 -0.022726 0.068773 -4.467178 0.105554 -0.026900 3.101256 0.494940 -0.029364 0.209722 -0.009726 -0.210650 0.000000 0.000000 0.000001 0.103446 -1.017004 0.220804 -0.442974 0.017259 -0.061097 0.026045 0.256041 -0.449309 0.000001 -0.000005 0.000000 -0.328941 -1.319029 -0.721047 0.313797 -0.516642 -0.119006 -1.726183 0.076471 1.792438 0.000002 -0.000002 0.000000 -0.190864 0.002318 -0.039239 -0.415930 -0.029860 0.045293 -0.077002 0.155796 0.115481 -0.000000 -0.000000 0.000000 -0.218610 0.007276 -0.222752 0.090895 -0.044449 0.297522 -0.209197 0.529904 0.902164 -0.000001 0.000000 -0.000000 
1.712975 105.512947 -1.054556 0.211305 -0.153934 0.015810 1.066446 0.003334 0.003555 -2.579849 0.045798 -0.007037 1.711549 0.579183 -0.083846 0.515216 0.060064 -0.176299 -0.000000 -0.000000 0.000000 0.018676 -0.758414 0.195437 -0.616610 -0.046981 -0.028916 -0.212114 0.388521 -0.533281 0.000002 -0.000000 -0.000002 -0.366101 -1.155170 -0.796504 0.054069 -0.381394 -0.093727 -1.495825 -0.087225 2.030763 0.000001 -0.000004 0.000000 0.145547 0.031869 -0.205242 -0.556362 -0.130738 0.032443 0.013986 0.448696 0.117058 -0.000000 0.000000 0.000000 -0.143242 -0.004523 -0.386773 0.006077 0.034010 0.339909 0.133546 0.406444 0.140869 -0.000002 0.000000 -0.000001 
1.728915 105.513992 -1.050158 0.506544 -0.042491 0.003054 1.000484 0.008528 0.054125 -3.145638 0.038369 0.025787 2.040655 0.557208 -0.155600 0.755740 0.013731 -0.211712 0.000000 -0.000000 0.000000 -0.010704 -0.992657 0.279551 -0.385283 0.114305 -0.044786 -0.215390 0.329032 -0.691795 -0.000000 -0.000003 -0.000000 -0.519545 -1.582925 -0.920571 -0.051596 -0.343291 0.024904 -1.149286 -0.168022 2.114734 -0.000000 -0.000001 0.000002 -0.068303 -0.022170 -0.224970 -0.493953 -0.110153 0.014806 -0.016660 0.668664 0.247362 0.000000 -0.000000 0.000000 -0.480509 0.053835 -0.351282 0.570086 0.062498 0.318234 -0.104316 0.656445 0.939793 -0.000000 0.000000 -0.000001 
1.752065 105.514236 -1.042058 0.481987 -0.208313 0.000919 1.229610 0.020555 0.016864 -3.704319 0.017080 0.075405 2.545086 0.383446 -0.188165 0.769559 0.265958 -0.355054 -0.000000 -0.000000 0.000000 -0.159881 -0.852683 0.270039 -0.073970 0.414734 0.078827 -0.645463 0.406713 -0.976190 0.000000 -0.000003 0.000000 -0.573048 -1.208605 -0.823247 -0.110171 -0.444892 -0.058851 -1.642986 -0.280710 2.093710 -0.000002 -0.000007 0.000001 -0.115029 -0.043402 -0.234305 -0.081533 -0.082633 -0.078981 -0.375200 0.454534 0.526499 -0.000000 -0.000000 -0.000000 -0.665384 0.063144 -0.398304 1.364155 0.204102 0.347749 -0.166102 0.829604 1.524011 -0.000001 0.000000 -0.000001 
1.778306 105.515450 -1.039870 0.489838 -0.103547 -0.039496 1.278555 -0.002890 0.077942 -3.687636 -0.000554 0.091747 2.500367 0.095179 -0.231712 0.580911 0.306208 -0.373120 -0.000000 -0.000000 0.000000 -0.047557 -0.730694 0.402379 -0.389718 0.084589 0.092549 -0.634017 0.286328 -1.070841 -0.000001 -0.000004 -0.000001 -0.432491 -0.817919 -0.722591 -0.222138 -0.252343 0.013811 -1.782045 -0.300481 1.586835 -0.000000 -0.000004 -0.000001 -0.232391 -0.040396 -0.204227 0.288836 -0.064949 -0.180955 -0.480773 0.430133 0.639172 -0.000000 -0.000000 0.000000 -1.241826 0.088303 -0.407004 2.094398 0.217845 0.357035 -0.321001 0.582835 1.298824 0.000001 0.000000 -0.000000 
1.808296 105.513756 -1.036872 0.486071 -0.352237 -0.071292 1.528664 -0.012800 0.023833 -4.130018 -0.017136 0.119410 2.771837 0.367537 -0.240379 0.544319 0.108623 -0.253353 -0.000000 -0.000000 0.000000 0.079015 -1.369401 0.490027 -0.262911 0.148823 0.044809 -1.030766 0.235948 -0.863595 -0.000000 -0.000001 0.000000 -0.487289 -1.498852 -0.678942 -0.164293 -0.242048 -0.069052 -1.866131 -0.219295 1.655648 -0.000000 -0.000004 -0.000000 -0.191833 -0.028299 -0.199701 0.246653 -0.006247 -0.278995 -0.572537 0.815772 0.876580 -0.000000 -0.000000 0.000000 -1.585197 0.102498 -0.369751 2.677299 0.277688 0.263327 -0.273213 1.007574 1.702526 -0.000002 -0.000001 -0.000001 
1.839068 105.513275 -1.036818 0.356306 -0.534142 -0.082381 1.521017 -0.015792 -0.054661 -3.521101 0.086693 -0.014402 2.300137 0.358889 -0.062683 0.414817 0.030769 -0.128682 0.000000 0.000000 0.000000 0.220295 -1.841989 0.682329 -0.270845 0.001278 -0.041942 -1.421218 0.044364 -0.552510 0.000000 -0.000001 -0.000000 -0.413762 -1.524853 -0.547172 -0.324927 -0.003485 -0.140318 -2.313567 -0.115855 0.908381 -0.000001 -0.000000 0.000000 -0.122361 -0.029901 -0.214125 0.578000 0.085251 -0.394891 -0.665125 1.035045 1.098868 -0.000001 -0.000000 0.000000 -2.082663 0.139256 -0.376589 3.628633 0.300616 0.135921 -0.426427 1.077300 2.117247 -0.000001 -0.000001 -0.000001 
1.870101 105.504562 -1.033854 0.314192 -0.404400 -0.229031 1.619745 0.006371 -0.000276 -4.126866 -0.019660 0.141263 2.871765 -0.113085 -0.203685 0.367040 0.099802 -0.176732 -0.000000 -0.000000 0.000000 -0.008551 -1.479550 0.682980 -0.188748 0.364148 0.388430 -1.531123 0.380907 -1.393962 -0.000000 -0.000001 -0.000000 -0.594830 -1.465128 -0.518209 -0.053008 -0.555538 -0.370048 -2.278831 -0.656775 0.500480 -0.000002 -0.000002 -0.000000 0.083329 -0.040612 -0.005717 0.854640 0.015454 -0.597422 -1.080341 1.049247 1.497336 -0.000001 -0.000001 -0.000000 -2.698038 0.157037 -0.107969 4.634847 0.549776 -0.034578 -0.697475 0.884697 2.574758 -0.000001 -0.000002 -0.000001 
1.905665 105.491844 -1.027588 0.705439 -0.251179 -0.272720 1.348928 0.000267 0.012173 -3.696982 -0.054064 0.168968 2.513046 -0.298744 -0.274569 0.640641 -0.112098 0.032984 0.000001 -0.000000 0.000000 0.082807 -1.787715 0.755060 -0.387352 0.389686 0.596128 -2.274383 0.596593 -1.759338 -0.000000 -0.000001 -0.000000 -0.654766 -1.838322 -0.544120 -0.100688 -0.628655 -0.576515 -2.178808 -0.906017 -0.050643 -0.000001 -0.000002 -0.000000 -0.422539 -0.038420 0.054707 1.347616 -0.080614 -0.767925 -1.244821 1.199615 1.767799 -0.000000 0.000000 0.000000 -3.312300 0.129569 0.054704 5.002247 0.592909 -0.340623 -0.474392 0.652358 1.658394 0.000000 0.000000 -0.000001 
1.942405 105.470619 -1.018467 0.730924 -0.147791 -0.204128 1.702533 -0.018017 -0.052656 -3.349025 -0.086011 0.170218 2.103380 -0.376266 -0.330779 0.392038 -0.255235 0.088741 0.000000 -0.000000 0.000000 0.086558 -2.225135 0.739367 -0.846298 0.163128 1.560705 -3.163510 0.591203 -3.001758 -0.000000 -0.000001 0.000000 -0.706201 -1.536311 -0.464195 -0.229088 -0.644319 -1.242168 -2.842545 -1.070498 -1.270901 -0.000005 -0.000001 0.000002 -1.240714 -0.043741 0.019240 2.722584 -0.148193 -0.963882 -1.498037 1.322130 2.131101 -0.000000 -0.000000 0.000000 -4.933321 0.167941 0.066410 7.468833 0.766697 -0.519246 -0.731217 0.529242 1.764260 0.000001 -0.000001 -0.000001 
1.989928 105.431671 -1.015689 0.368070 -0.533584 0.037523 2.647128 -0.014883 -0.127308 -3.011966 -0.095390 0.094649 1.567497 -0.569304 -0.419197 0.077496 -0.109210 -0.169519 0.000001 -0.000001 0.000000 -0.184032 -2.750819 1.066116 -1.458230 0.284523 2.768129 -4.228746 1.102615 -5.493444 -0.000002 -0.000001 0.000000 -1.051833 -0.856733 -0.586283 -0.456137 -1.064066 -2.470894 -2.438189 -2.151473 -2.171681 -0.000002 -0.000002 0.000001 -1.868453 -0.073896 -0.362034 4.321166 -0.502437 -1.218486 -2.280008 1.844056 3.026349 -0.000000 -0.000000 -0.000000 -7.124042 0.389970 -0.350764 11.246099 1.357799 -0.225143 -1.473445 -0.390225 2.142789 0.000001 -0.000001 -0.000000 
2.041227 105.391052 -1.007937 0.355212 -0.765219 0.273407 3.240842 -0.015756 -0.223179 -3.635777 -0.057984 0.047447 1.864994 -0.711092 -0.541241 0.063228 -0.291245 -0.203227 0.000000 0.000000 0.000000 -0.234885 -3.609410 0.997738 -2.016327 0.022692 3.983944 -5.955157 1.375539 -7.025161 0.000006 -0.000003 0.000001 -1.291197 -0.785778 -0.610777 -0.498356 -1.287272 -3.730588 -2.969838 -2.625823 -2.707887 0.000002 -0.000003 0.000002 -2.549240 -0.119388 -0.685796 5.442995 -0.781308 -1.385035 -2.675554 1.875440 3.316844 -0.000000 -0.000000 -0.000000 -8.149114 0.548541 -0.839191 13.265721 1.712436 0.223784 -2.243895 -1.611052 2.492899 -0.000001 -0.000002 -0.000000 
2.082433 105.324890 -1.002348 0.147685 -1.346003 0.440068 3.577701 0.058369 -0.423745 -2.557949 -0.063814 -0.201274 0.854531 -0.709387 -0.356951 0.204067 -0.404183 -0.693265 -0.000001 -0.000000 0.000000 -0.791315 -4.077363 1.542447 -3.436533 0.065104 5.766313 -7.376662 2.133428 -10.799177 0.000003 -0.000002 -0.000002 -1.968405 -0.019738 -0.939261 -1.448148 -2.043182 -5.754758 -3.035738 -3.922548 -3.007479 -0.000001 -0.000005 -0.000003 -3.056635 -0.031722 -0.791259 6.625953 -1.088361 -1.831472 -3.518186 2.389451 4.110920 -0.000001 -0.000000 -0.000000 -9.501017 0.597719 -1.258191 16.832245 2.273768 0.721069 -3.521337 -3.784076 2.663046 0.000000 -0.000001 -0.000000 
2.098941 105.255554 -1.006814 -0.181395 -2.245347 0.130839 4.186255 0.040855 -0.427501 -0.692820 -0.053583 -0.449393 -0.784365 -0.485405 0.015951 0.283986 -0.403673 -1.359976 -0.000000 -0.000000 0.000000 -1.151018 -3.365467 2.524836 -5.227971 -0.543144 7.790036 -10.458283 2.960332 -15.434967 -0.000000 -0.000003 -0.000001 -2.308772 0.804472 -1.798899 -2.338145 -2.293861 -8.562477 -3.313445 -5.123455 -3.146387 -0.000002 -0.000000 -0.000000 -5.194270 -0.038588 -0.288251 9.885597 -1.553446 -2.492622 -5.095696 3.112573 5.769186 -0.000000 -0.000000 0.000000 -9.438188 0.510063 -1.600222 19.348099 2.677368 1.655739 -5.579377 -6.858615 3.047297 -0.000000 0.000001 -0.000000 
2.107239 105.181847 -0.999163 -0.776551 -3.109807 -0.047345 5.154637 -0.007674 -0.498894 0.636493 0.032537 -0.740962 -2.091909 0.037228 0.391558 0.271373 -0.480919 -1.534263 -0.000001 0.000000 0.000001 -1.025159 -3.565946 3.315182 -5.861811 -0.791043 9.367428 -14.928936 3.635235 -18.749759 0.000001 -0.000002 -0.000003 -2.434486 0.971659 -2.775454 -3.554670 -1.525717 -10.612975 -4.845504 -5.547272 -3.583916 -0.000000 -0.000004 -0.000000 -7.022639 -0.034637 -0.106863 13.434002 -2.184505 -2.841530 -6.258871 3.637429 7.049947 -0.000000 0.000000 0.000000 -9.409135 0.436567 -1.984149 22.100742 3.040232 2.176674 -7.325969 -9.568169 2.817784 -0.000001 -0.000002 -0.000000 
2.090674 105.104645 -0.999917 -0.370890 -3.863485 -0.397970 5.304371 -0.072697 -0.263312 1.064832 0.159430 -1.034125 -2.802011 -0.011528 0.598775 -0.768902 -0.162466 -1.508298 -0.000002 0.000000 0.000000 -0.568054 -5.200381 4.547831 -5.891080 -1.085769 11.638705 -21.746817 4.574436 -21.733344 -0.000001 -0.000006 -0.000002 -1.908162 3.689657 -3.969966 -6.117560 1.050900 -13.507021 -6.333211 -5.985779 -6.061050 0.000000 -0.000004 0.000004 -8.898490 -0.109061 0.300732 15.583350 -2.914352 -3.174707 -6.955422 4.853383 7.882405 -0.000000 -0.000000 0.000001 -8.656921 0.501890 -3.027718 22.122481 3.596687 4.336724 -9.702102 -14.752531 0.714514 0.000000 -0.000003 -0.000000 
2.050985 105.082550 -1.024334 -0.868414 -4.180163 -0.937504 6.787297 -0.140019 0.017522 0.842481 0.074729 -0.983561 -3.486990 0.114212 0.680365 0.168989 0.175676 -1.733509 0.000000 -0.000001 0.000000 -0.756811 -4.543971 5.739113 -6.193832 -2.049645 14.283339 -29.027266 5.624589 -26.494536 -0.000003 -0.000004 -0.000003 -1.480858 5.868030 -5.727189 -7.538451 3.166013 -17.361731 -7.853055 -5.503897 -8.693269 0.000001 -0.000001 -0.000003 -9.140775 -0.187246 1.064263 15.501118 -3.387107 -3.495089 -6.736950 6.372958 7.726984 -0.000000 -0.000000 -0.000000 -7.698884 0.585989 -3.900785 21.333539 4.255216 6.393149 -12.052025 -19.921703 -2.139131 0.000000 0.000000 -0.000000 
2.008408 105.104950 -1.052799 -2.223981 -5.012092 -1.315236 8.113216 -0.208063 0.038197 -0.737779 -0.009629 -0.925752 -2.356793 0.923629 0.800248 1.516758 0.300320 -1.789305 0.000002 0.000001 0.000000 -0.412092 -6.568220 6.600126 -7.198140 -3.227380 16.216577 -35.830595 6.917064 -27.867636 -0.000000 -0.000004 -0.000002 -1.411096 6.907138 -7.353119 -8.054754 4.063124 -20.638520 -9.137031 -5.443467 -9.767138 -0.000003 0.000000 -0.000000 -8.128715 -0.125832 1.561599 15.282068 -3.659109 -3.802612 -6.604559 7.341186 7.766085 -0.000000 -0.000000 0.000000 -7.193255 0.517471 -4.410857 21.511464 4.570062 7.146475 -12.882478 -21.877214 -3.731009 0.000000 -0.000001 0.000000 
1.906817 105.182297 -1.088265 -1.951193 -6.087042 -1.760765 6.881929 -0.159893 -0.044944 2.031551 0.104709 -1.333674 -4.187862 1.818263 1.420531 2.265015 0.087653 -1.589651 -0.000001 -0.000001 0.000001 -0.093665 -9.297602 8.258522 -8.079532 -3.767465 18.079475 -44.491801 8.882629 -28.210693 -0.000003 -0.000006 -0.000002 -1.914337 5.654090 -9.735843 -9.733002 5.853972 -24.248722 -10.749519 -5.910848 -10.336292 -0.000000 0.000002 0.000002 -8.634753 -0.337826 2.574556 14.706591 -3.937004 -4.247060 -6.250233 8.694738 7.636846 -0.000000 -0.000001 -0.000001 -8.149754 0.563174 -4.294951 21.307829 4.955620 7.419828 -11.821603 -21.362477 -3.860085 0.000001 -0.000003 -0.000000 
1.755089 105.341721 -1.116736 -3.210080 -6.163470 -1.996736 5.462091 -0.129736 0.355956 3.449073 0.093441 -1.438950 -4.932704 1.754823 1.076748 4.591668 -0.012170 -1.348922 -0.000001 0.000000 0.000000 -0.140916 -8.284574 9.102921 -9.086231 -4.957609 19.339974 -52.693110 10.446757 -28.441758 0.000001 -0.000004 0.000003 -1.899637 5.355936 -12.120341 -10.621115 7.958333 -28.078790 -12.364227 -5.596355 -12.018759 0.000002 -0.000001 0.000003 -8.112036 -0.372603 3.131339 14.409949 -4.593284 -3.844562 -5.773397 7.938410 6.555126 -0.000001 -0.000000 -0.000000 -6.401450 0.448559 -4.350144 19.088920 5.096776 8.074898 -11.366203 -20.722198 -2.849351 -0.000000 0.000000 -0.000000 
1.580710 105.550964 -1.134809 -4.784835 -7.041653 -1.866977 6.428941 -0.110783 -0.232455 2.183011 0.129369 -1.351291 -4.220455 2.027980 0.897760 6.612635 -0.079064 -1.342403 -0.000001 -0.000000 0.000000 -0.165147 -7.825627 9.580641 -10.317428 -6.533015 20.298180 -59.171001 10.902540 -26.540850 -0.000001 -0.000004 -0.000002 -1.820630 5.303733 -14.032899 -10.756856 9.047144 -31.159518 -14.985140 -5.070367 -12.789361 -0.000002 0.000001 -0.000004 -6.924979 -0.492210 3.116648 14.246480 -4.832490 -3.789444 -5.409408 7.997783 6.031000 -0.000001 -0.000000 0.000000 -4.242576 0.402517 -4.622112 17.591374 5.096295 7.887021 -10.366289 -19.333327 -1.679261 0.000000 0.000000 -0.000000 
1.326963 105.821579 -1.153126 -4.489366 -8.257051 -1.427830 5.011215 0.046644 -0.723891 1.706342 0.234490 -1.712026 -3.301796 1.890182 0.536702 7.318812 -0.334448 -1.404955 -0.000000 -0.000001 0.000000 0.130810 -8.946792 11.027910 -12.501256 -8.430345 20.885503 -64.371562 9.716765 -21.205068 0.000002 0.000004 -0.000002 -1.406607 7.267443 -16.911705 -11.120859 10.000702 -34.561857 -17.026200 -4.611864 -14.226587 0.000001 -0.000002 0.000001 -6.935800 -0.240701 3.253131 12.854571 -4.956599 -3.599522 -4.551331 7.681888 4.711838 -0.000000 0.000000 0.000000 -3.396287 0.195548 -4.806156 15.262985 4.836186 7.407877 -9.526738 -17.728557 -1.232997 0.000001 0.000006 -0.000000 
1.007615 106.138687 -1.179741 -3.898526 -9.910415 -1.386216 5.459164 0.049646 -1.086001 0.984486 0.389510 -2.017795 -3.584068 2.973479 0.334032 7.527413 -0.777995 -0.902232 -0.000001 -0.000001 0.000000 1.141381 -12.854302 12.338097 -14.058540 -10.091536 21.718084 -68.878715 6.659774 -12.496550 0.000000 0.000001 -0.000000 -1.496518 6.948314 -20.411740 -13.910522 14.262094 -36.435627 -15.888465 -5.253835 -16.542380 -0.000002 0.000001 -0.000002 -7.176254 -0.274917 4.145716 11.734805 -5.224038 -3.922771 -3.546462 7.539321 3.461843 -0.000000 0.000000 0.000000 -2.314012 0.006012 -4.424218 12.210000 4.598769 6.541083 -8.074375 -15.426233 -0.570755 0.000002 -0.000004 -0.000001 
0.663935 106.456841 -1.214217 -3.509536 -11.583108 -1.316072 5.585476 0.106062 -1.383921 -0.910579 0.271007 -1.948186 -1.743785 3.140282 -0.254104 6.489854 -0.757797 -1.079828 0.000001 -0.000001 0.000001 1.016615 -13.337603 13.405255 -16.633621 -11.912728 22.203562 -70.188007 4.438761 -6.167289 -0.000003 0.000000 -0.000001 -1.695884 7.551060 -22.873166 -16.114715 16.666838 -38.298879 -16.598357 -5.667881 -17.326397 -0.000003 0.000002 0.000001 -6.668738 -0.103887 4.672359 10.317369 -5.316350 -4.052069 -2.602833 7.661938 2.412015 -0.000001 -0.000001 0.000000 -1.912106 -0.244485 -4.246034 10.368967 4.467507 5.685916 -6.477141 -12.865071 -0.312612 0.000000 -0.000001 0.000001 
0.252579 106.798859 -1.247986 -3.045777 -13.261517 -1.376546 4.646737 0.247263 -1.383648 0.346401 0.467573 -2.457644 -2.751374 2.561695 -0.385981 7.161315 -0.092111 -1.821817 -0.000000 0.000000 -0.000000 0.259727 -14.424050 13.650316 -19.142575 -12.585996 22.387190 -67.501592 3.258016 -0.274209 0.000001 -0.000005 -0.000004 -2.555628 7.571073 -25.408251 -17.996382 17.869076 -41.148304 -19.271080 -6.137166 -15.797259 -0.000003 -0.000000 -0.000000 -6.438105 -0.051989 5.534225 9.165256 -5.294933 -4.088877 -1.214146 7.665996 0.816766 -0.000001 -0.000000 0.000000 -1.378769 -0.487588 -3.694065 8.176594 4.400541 5.035284 -4.870872 -10.904667 -0.378833 0.000003 0.000000 -0.000001 
-0.229420 107.140327 -1.281035 -2.972455 -15.697013 -1.087836 4.453923 0.419730 -2.173331 -0.043927 0.700682 -2.929958 -3.128404 1.887978 -0.268690 8.342780 1.227719 -3.413870 0.000000 -0.000002 0.000000 -0.803603 -14.280384 13.421371 -21.418918 -12.705046 21.680120 -66.343280 3.453417 3.321458 -0.000001 -0.000007 -0.000001 -2.208302 10.718960 -27.936102 -19.029604 18.438029 -44.391435 -20.460122 -7.509163 -15.612115 -0.000003 -0.000002 0.000001 -5.872028 -0.058345 5.987852 8.226537 -5.159025 -4.399193 -0.927813 8.615743 0.749205 -0.000000 -0.000000 0.000000 0.255072 -0.760580 -3.538623 5.185139 4.149938 4.187317 -3.242983 -8.652241 -0.259581 0.000000 0.000002 -0.000000 
-0.713730 107.453667 -1.313352 -2.219913 -17.324111 -0.961499 3.862029 0.556054 -2.411755 -0.462702 0.922642 -3.326087 -2.932870 1.716965 -0.167198 8.847862 1.870622 -4.202959 0.000002 -0.000001 -0.000000 -1.597307 -14.545079 13.258205 -23.359039 -12.708477 20.677662 -67.233575 3.853869 5.083630 -0.000004 -0.000005 -0.000005 -2.083751 12.610800 -29.932037 -20.162408 19.156271 -46.767255 -20.705285 -8.744497 -15.046268 -0.000001 0.000001 -0.000003 -5.825132 -0.190373 6.385790 7.433034 -5.055647 -4.391780 -0.571348 9.525551 0.677669 -0.000001 0.000001 0.000000 0.782722 -0.840199 -3.024264 2.960467 4.088149 3.613370 -2.089336 -7.207128 -0.160027 -0.000001 -0.000003 -0.000001 
-1.244565 107.760918 -1.346220 -1.032631 -19.926590 -0.575373 2.680600 0.668952 -2.826331 0.329322 1.396833 -3.969751 -3.400116 1.971205 -0.252428 8.919454 2.843645 -4.661699 0.000000 -0.000001 -0.000001 -0.987830 -15.149708 13.428808 -25.920735 -15.503239 19.469838 -66.770153 1.125095 11.733432 0.000001 -0.000001 -0.000000 -0.996204 13.760435 -32.434649 -19.238172 20.661440 -50.114034 -20.692080 -8.638320 -17.352989 0.000002 -0.000003 0.000001 -6.013450 -0.254744 6.549721 6.438131 -5.355892 -4.622372 0.315817 12.273855 0.454789 -0.000000 0.000000 0.000000 0.527366 -0.717421 -2.465285 1.143327 4.389507 2.929719 -1.182809 -6.795326 -0.906318 0.000000 0.000002 -0.000001 
-1.810012 108.023811 -1.375331 -1.064511 -22.138002 -0.393297 2.580085 0.763943 -3.408621 -0.344341 1.677493 -4.271841 -3.131383 2.096925 -0.222049 9.343836 3.593369 -5.394140 0.000001 -0.000002 -0.000001 -1.435636 -15.169319 12.880728 -28.408422 -15.980303 16.730912 -69.905538 0.053358 14.018119 0.000004 -0.000005 -0.000004 -0.377536 15.181316 -34.800555 -19.971596 22.414190 -52.509524 -18.633299 -10.236146 -17.920072 -0.000002 0.000002 0.000001 -5.370188 -0.370530 6.719745 6.133893 -5.409496 -4.927213 0.753159 14.074207 0.473740 -0.000000 -0.000001 -0.000000 1.447945 -0.685989 -2.104158 0.010895 4.678132 2.483002 -0.700988 -6.624478 -0.624824 -0.000001 -0.000003 0.000001 
-2.360746 108.252083 -1.410159 -0.872200 -23.609693 -0.127576 1.976666 0.857708 -3.765120 -1.620439 1.668941 -4.214366 -2.192142 2.674241 -0.287513 9.996654 3.861890 -6.116168 -0.000000 0.000001 -0.000000 -1.774807 -15.044984 12.273695 -30.027031 -15.623183 13.662345 -76.255073 -0.144871 11.279905 -0.000004 -0.000001 -0.000000 -0.382486 15.272141 -36.517367 -20.784493 23.985435 -53.689368 -16.864394 -11.190296 -18.349747 -0.000000 0.000005 -0.000001 -5.147000 -0.314295 6.756255 5.946642 -5.241979 -4.913936 1.100763 14.823519 0.322103 -0.000000 0.000001 -0.000000 1.628005 -0.743643 -1.939727 -0.533862 4.554854 2.208438 -0.529968 -6.093863 -0.341897 0.000002 -0.000006 -0.000000 
-2.925257 108.453102 -1.452851 -1.167286 -24.431571 0.358085 0.944146 0.961010 -3.968790 -2.593110 1.848595 -4.498058 -1.390973 3.172739 -0.214858 10.593214 3.764794 -6.513508 0.000001 0.000001 -0.000001 -1.768715 -15.253122 11.151506 -31.533535 -15.242838 9.441997 -81.349233 -0.076374 7.905746 0.000005 -0.000002 -0.000003 -0.451908 14.662890 -38.351789 -20.516884 25.539935 -55.481791 -14.409315 -11.333998 -18.914163 0.000001 -0.000002 -0.000001 -4.282108 -0.074803 6.226514 5.586336 -5.038944 -4.332488 1.466177 14.603955 -0.007842 -0.000001 0.000001 -0.000000 2.681164 -0.891663 -2.179398 -1.671676 4.063470 2.056176 -0.758355 -5.685550 -0.151844 -0.000000 -0.000003 -0.000001 
-3.494768 108.611214 -1.512987 -1.029817 -25.400181 0.385070 -0.774723 1.002076 -3.463025 -3.013666 1.989749 -4.647002 -0.229201 4.258719 -0.488898 10.800232 3.206355 -6.223599 0.000000 0.000002 0.000000 -1.578862 -15.719586 10.791393 -33.067855 -14.739821 4.368216 -82.582164 2.347018 2.131074 -0.000000 -0.000001 -0.000000 -0.681447 13.502974 -39.757042 -20.447394 27.907188 -57.000039 -11.075468 -11.696667 -20.383385 -0.000003 0.000003 0.000002 -3.799332 -0.044886 6.205509 5.213931 -4.679132 -3.683722 1.645775 14.806341 -0.011880 -0.000000 -0.000001 -0.000000 3.359627 -0.948785 -2.001993 -2.984080 3.565440 2.240643 -0.720468 -5.702840 -0.567250 -0.000000 -0.000003 -0.000001 
-4.040889 108.738129 -1.574039 -1.230610 -25.710794 0.478844 -0.914897 1.030822 -3.487253 -3.540730 2.034249 -4.621639 0.451498 4.800255 -0.856792 10.867477 2.780053 -6.098379 -0.000000 0.000001 0.000000 -1.171333 -17.665014 10.572220 -33.848843 -14.448318 1.528045 -79.584408 1.134411 4.390657 -0.000002 -0.000005 0.000001 -0.969793 12.642164 -40.576272 -20.400363 29.786571 -58.193622 -8.418937 -12.113761 -21.756625 -0.000000 -0.000001 0.000001 -3.273752 0.055821 5.842689 5.418820 -4.589554 -3.087311 1.926953 14.709803 -0.251415 -0.000000 -0.000002 -0.000000 4.079474 -1.006399 -2.211960 -3.539144 3.234845 2.545841 -0.985506 -5.957845 -0.653826 0.000001 -0.000001 -0.000001 
-4.600588 108.809296 -1.642125 -0.742836 -26.333388 0.401989 -2.067478 1.029520 -2.831429 -0.786205 2.573728 -5.729355 -2.083413 2.565470 -0.580072 11.185795 3.382887 -6.872006 -0.000001 0.000003 0.000001 -1.588142 -17.175552 9.838276 -33.666726 -13.127971 -0.686085 -76.792473 -2.409076 12.240805 0.000003 -0.000004 -0.000003 0.032639 14.567465 -41.788320 -20.421296 30.624376 -59.671955 -6.707135 -12.697345 -22.293201 0.000000 -0.000005 -0.000003 -3.745226 0.071259 6.155067 6.806932 -4.648941 -2.814011 1.503284 14.576886 0.111047 -0.000001 -0.000000 -0.000000 3.917432 -1.084812 -1.804139 -3.254453 3.126232 2.759137 -1.783450 -6.795951 -0.055183 0.000002 0.000000 -0.000000 
-5.157334 108.811745 -1.706638 -0.243645 -28.287280 0.188454 -1.385386 1.068737 -3.267674 -3.967488 1.862191 -4.508020 -0.211507 2.837263 -1.764476 11.322023 3.709455 -7.919363 0.000001 0.000001 -0.000000 -2.064407 -16.955972 9.701680 -33.731251 -11.922141 -2.168585 -75.612339 -5.937109 19.947392 0.000002 -0.000001 -0.000000 0.055017 15.033648 -42.534948 -21.329204 32.021583 -60.506447 -4.610179 -13.638917 -22.981193 -0.000002 -0.000004 -0.000001 -3.855534 0.105481 6.568381 8.050084 -4.567834 -3.115953 0.713541 15.680251 1.120630 -0.000000 0.000000 -0.000000 3.835887 -1.209315 -1.389016 -2.876188 3.004611 2.628065 -1.956088 -6.474015 0.647858 0.000001 -0.000001 -0.000001 
-5.687691 108.794655 -1.767075 -0.157057 -30.372161 0.188377 -1.035119 1.099475 -3.815691 -5.284479 1.658453 -4.048255 0.412685 3.416127 -2.262666 10.996539 3.955836 -8.006425 0.000002 0.000000 0.000003 -1.840517 -16.245282 9.444081 -33.603131 -11.909524 -3.086630 -76.486521 -9.340839 24.923149 -0.000000 -0.000006 0.000003 0.364537 14.839208 -42.969762 -20.473195 32.947869 -62.021642 -3.938524 -13.632071 -23.968051 -0.000001 0.000001 0.000004 -3.276353 0.187832 6.480327 8.528050 -4.549857 -3.649672 0.011074 17.087907 2.288897 -0.000001 -0.000001 0.000000 4.108988 -1.189184 -1.512800 -2.764802 2.975808 2.505082 -1.769667 -5.657202 1.077902 0.000002 -0.000003 -0.000001 
-6.195328 108.733200 -1.818097 1.061284 -32.661319 0.023059 -2.451119 1.047665 -3.080807 -4.825809 2.056967 -4.513941 0.625454 3.753762 -2.266027 10.417038 4.516177 -8.797614 0.000001 -0.000001 0.000002 -1.642825 -16.662820 10.478744 -33.747801 -11.431080 -4.710994 -82.859074 -7.810440 18.093309 -0.000000 0.000000 -0.000002 0.385777 14.851864 -43.668012 -19.483121 33.424654 -64.324884 -3.490360 -14.402198 -23.797639 -0.000003 -0.000005 0.000001 -4.581862 -0.358242 7.615627 10.878000 -4.333425 -4.813224 -0.403133 18.451488 3.240851 -0.000000 0.000000 -0.000000 3.046929 -0.940558 -0.572758 -2.094761 2.796885 2.221798 -1.898642 -4.833801 2.381662 0.000001 0.000000 -0.000001 
-6.695398 108.644066 -1.870322 0.074767 -33.640246 -0.294789 -1.876392 1.110047 -3.832398 -3.454362 2.387656 -5.057892 -0.812773 3.170464 -1.542380 11.455131 5.361973 -10.129889 -0.000002 -0.000003 0.000002 -1.830136 -16.723462 9.621344 -33.124006 -9.946672 -6.527115 -86.714203 0.541353 3.130728 0.000003 -0.000005 0.000001 -0.023673 14.399898 -44.005355 -18.717700 33.200061 -66.195735 -4.558616 -14.649221 -22.952159 -0.000001 0.000000 0.000001 -4.216160 -0.509499 8.006686 13.384557 -4.388905 -5.275706 -1.077525 17.723559 3.769111 -0.000000 -0.000002 0.000000 3.957041 -0.938827 -0.656406 -1.785160 2.637981 2.198510 -2.228493 -4.931991 2.839336 0.000001 -0.000004 0.000000 
-7.170395 108.542046 -1.922863 0.274869 -34.334968 -0.500744 -1.248454 1.174010 -4.714028 -4.470533 1.773080 -4.117150 -0.064312 3.672626 -2.033327 10.728330 5.418465 -9.929189 -0.000000 0.000000 -0.000001 -1.843689 -16.258996 9.078407 -33.003679 -9.582772 -7.505901 -87.801884 7.609952 -8.460280 0.000000 -0.000004 -0.000002 -0.372638 13.636823 -43.900962 -17.826242 33.703627 -68.014081 -3.644918 -14.935563 -23.142470 -0.000004 -0.000001 0.000003 -4.097149 -0.543313 8.505908 14.004167 -4.686896 -4.963156 -1.032236 16.802199 3.353311 0.000001 -0.000003 -0.000000 4.129712 -0.927125 -0.335044 -2.042066 2.681809 2.479867 -2.223987 -4.874301 3.003849 0.000001 0.000002 -0.000001 
-7.627070 108.396156 -1.983239 -0.280672 -36.191499 -0.643465 -0.777286 1.300501 -5.976072 -5.374334 1.480449 -3.482083 0.783874 4.747314 -1.928541 10.771614 6.284153 -10.306419 0.000001 -0.000001 -0.000002 -1.440917 -17.577173 8.668296 -32.747407 -9.211699 -8.376459 -85.219089 14.581040 -20.132076 0.000002 -0.000000 -0.000002 -0.482720 13.191194 -44.094892 -16.534150 33.700362 -70.255797 -3.675077 -15.606639 -22.520559 0.000001 -0.000000 -0.000001 -3.239557 -0.683804 8.560972 15.299168 -4.908492 -4.953696 -2.188943 15.393862 4.252880 -0.000001 0.000001 -0.000001 4.446209 -0.758466 -0.226822 -1.604944 2.923467 2.344716 -2.204823 -4.594526 3.700497 0.000000 0.000004 0.000000 
-8.076037 108.233818 -2.059035 0.559155 -37.302064 -1.200772 -1.644522 1.333418 -5.579220 -5.333480 1.754108 -3.789950 1.380996 5.911985 -1.583900 10.291633 6.224833 -10.189958 0.000000 -0.000001 -0.000001 -1.415490 -18.208444 8.711107 -33.405714 -8.779030 -9.942287 -81.379006 19.159398 -29.096063 0.000003 -0.000002 -0.000003 -0.464161 13.436025 -44.364579 -15.519986 32.390181 -72.270921 -3.162134 -16.072180 -21.333804 0.000001 -0.000002 -0.000001 -3.946155 -1.056876 10.196789 16.773990 -4.992952 -4.221490 -3.046588 13.128109 4.519371 -0.000000 0.000003 -0.000000 3.859651 -0.714336 1.030901 -1.477479 2.844885 2.368508 -2.032136 -3.826326 4.494539 0.000000 0.000001 -0.000003 
-8.491692 108.077835 -2.136019 0.996991 -37.625227 -1.553984 -2.378879 1.316131 -5.053676 -4.365574 2.312226 -4.608416 1.121578 6.246822 -1.053355 10.221452 6.099891 -10.112208 -0.000001 -0.000000 0.000002 -1.121833 -18.528213 8.723521 -34.631545 -9.369293 -10.980461 -77.754354 21.679859 -35.641320 0.000001 -0.000005 -0.000000 -0.014366 13.760950 -44.942597 -14.519686 31.843571 -73.422867 -1.703006 -16.437323 -21.148701 -0.000003 -0.000001 0.000002 -4.679977 -1.301107 11.269971 18.164849 -5.085091 -3.308317 -3.184330 11.085529 4.063932 -0.000002 0.000000 0.000001 3.451406 -0.698059 1.703859 -1.212028 2.666479 2.661930 -2.330659 -3.953628 4.622341 -0.000002 -0.000002 -0.000001 
-8.901731 107.891357 -2.212358 1.419770 -37.580643 -2.204189 -2.609665 1.277330 -4.904632 -4.066613 2.470781 -4.624745 1.279369 5.745383 -0.934418 9.875166 6.565240 -10.340736 -0.000001 0.000000 -0.000002 -1.180824 -17.077184 9.085567 -36.135758 -10.402737 -11.950028 -76.221250 22.135120 -37.551253 -0.000000 -0.000006 -0.000002 0.337341 13.799945 -45.665730 -13.089475 31.065227 -74.796637 -1.191865 -16.802370 -21.085841 0.000001 -0.000002 0.000001 -5.416023 -1.912603 12.651844 20.642614 -5.112632 -2.664088 -3.848300 8.671402 4.154411 0.000001 -0.000000 0.000001 3.314639 -0.433626 2.596559 -0.570877 2.544056 2.970113 -2.973309 -4.912655 4.942300 0.000000 -0.000001 -0.000002 
-9.300575 107.714417 -2.289804 0.061113 -36.788826 -3.268959 -0.998769 1.234476 -5.782523 -4.589631 1.910504 -3.761498 1.734101 5.645845 -1.519735 9.946382 6.419796 -10.033505 0.000001 -0.000004 -0.000000 -0.932583 -17.838122 9.619190 -37.088648 -10.787627 -12.196336 -74.156873 22.743826 -39.320313 0.000003 0.000002 -0.000003 -0.062972 13.281620 -45.928425 -13.236131 31.679353 -75.004288 -1.377444 -17.384187 -20.292779 -0.000002 -0.000002 0.000000 -4.953227 -2.109931 13.342090 23.796934 -5.382997 -1.660044 -4.169151 7.102879 4.135978 0.000001 0.000002 -0.000002 4.138360 -0.390149 2.910081 0.464768 2.494981 3.413005 -3.514714 -5.523656 5.288525 0.000001 -0.000003 -0.000001 
-9.656382 107.550957 -2.364730 -0.564657 -36.439145 -3.826039 -0.698864 1.229718 -5.837208 -4.261545 1.932008 -3.740252 1.566676 5.625392 -1.572326 10.652871 6.399267 -9.941392 0.000001 0.000001 -0.000001 -0.837307 -18.362870 10.063171 -38.033321 -11.401212 -12.211039 -74.756830 22.112326 -37.469028 0.000000 -0.000002 -0.000002 -0.385189 12.809887 -46.209751 -13.035017 31.314587 -75.118844 -1.237535 -17.577944 -19.693194 -0.000001 -0.000001 0.000002 -4.980602 -2.308004 13.786193 26.274872 -5.492092 -0.834435 -4.022478 6.022674 3.771121 0.000000 0.000000 0.000001 4.343197 -0.307202 3.107107 1.226907 2.480918 3.748110 -3.740951 -6.071890 5.199665 0.000003 -0.000003 -0.000001 
-9.999372 107.385040 -2.435750 -0.432973 -36.755574 -4.198997 -0.998672 1.314140 -6.316971 -3.700954 2.239215 -4.165682 0.639657 5.627133 -0.626967 11.294858 6.295772 -9.419561 -0.000001 -0.000002 0.000002 -0.314899 -19.263068 11.030717 -38.728959 -11.715379 -13.207039 -71.423917 23.099355 -42.561361 0.000003 -0.000004 0.000002 -0.055313 13.008374 -46.855583 -13.814788 34.069783 -74.531680 1.855794 -17.879311 -19.021472 -0.000002 -0.000002 -0.000002 -5.065694 -2.369852 14.431905 28.732383 -5.641771 -0.210106 -3.173675 6.344317 3.165938 0.000000 -0.000003 -0.000001 4.244898 -0.303020 3.468411 1.312904 2.383607 3.965496 -3.637199 -5.872813 5.291435 0.000001 0.000001 0.000000 
-10.360867 107.215134 -2.546803 0.321780 -38.516379 -5.427670 -2.362672 1.330255 -6.068041 -2.870562 2.687954 -4.828774 0.480618 6.118092 0.143392 10.859248 6.123077 -8.625611 0.000002 -0.000000 -0.000001 1.899479 -20.355154 12.490381 -41.574552 -16.252329 -12.520320 -77.637285 17.960496 -32.448484 0.000002 -0.000000 -0.000002 0.626999 10.923352 -47.395588 -10.489997 36.628098 -77.547734 7.745069 -16.416121 -21.372575 -0.000007 -0.000003 0.000002 -4.672617 -2.112048 16.252124 30.325111 -5.682537 0.193727 -1.863967 7.835759 2.710378 -0.000001 0.000002 0.000000 4.266783 -0.547969 4.921902 0.395299 1.524129 3.892054 -3.254297 -3.447835 5.372775 0.000002 -0.000003 -0.000001 
-10.700193 107.053238 -2.664593 0.405389 -39.454103 -6.110680 -3.186628 1.333270 -5.814717 -1.639565 3.197440 -5.707601 -0.522758 6.293069 1.047183 11.139076 6.023410 -8.265403 0.000002 0.000001 -0.000000 3.017419 -21.106633 13.281549 -42.745168 -18.284268 -12.570725 -80.854079 14.657929 -27.360877 0.000000 -0.000003 0.000001 0.988679 10.028783 -47.977790 -8.627124 37.397506 -79.013220 12.116831 -15.688624 -21.959150 -0.000002 -0.000003 0.000002 -4.017297 -1.830484 16.984775 31.322223 -5.609803 0.898668 -0.588024 8.623005 1.871638 -0.000001 -0.000003 0.000003 4.551924 -0.723362 5.496714 -0.236243 0.996369 3.970319 -3.068557 -2.300081 5.427636 0.000001 -0.000000 0.000001 
-11.021177 106.880905 -2.782615 0.766296 -39.994405 -6.705351 -3.450370 1.414828 -5.837693 -2.109544 3.016480 -5.521231 -0.261649 5.924662 1.161151 10.719417 6.089006 -8.389717 -0.000000 -0.000003 -0.000000 2.653154 -20.029666 13.914804 -43.661790 -18.434640 -12.816783 -82.145374 12.901626 -24.052407 0.000001 -0.000002 -0.000001 1.138727 10.859311 -48.551918 -9.006369 37.380147 -78.814530 14.352720 -16.277179 -21.704070 -0.000005 -0.000002 -0.000001 -3.875507 -1.725021 17.968143 33.665155 -5.522760 1.315466 1.167066 9.342906 0.435961 -0.000001 0.000001 -0.000002 4.518826 -0.945485 6.286423 -0.191508 0.678488 3.780598 -3.338348 -2.342813 5.365310 0.000003 -0.000001 -0.000000 
-11.329151 106.696442 -2.887297 -0.249227 -39.109585 -7.027253 -2.363166 1.559013 -7.092472 -3.050172 2.269072 -4.348448 0.156528 4.106043 0.426949 10.388730 5.807462 -8.164208 -0.000001 -0.000003 -0.000001 2.587058 -20.724131 14.050523 -42.839274 -17.473550 -12.290346 -82.502142 14.132357 -25.251652 0.000004 -0.000004 0.000002 0.880194 11.132643 -48.957331 -9.683390 35.685587 -77.420358 11.529101 -16.783236 -22.564461 -0.000003 -0.000002 -0.000000 -3.274918 -1.776848 18.268756 37.076009 -5.988535 1.800790 2.588217 10.385500 -0.692296 0.000001 0.000001 -0.000000 5.602677 -0.877996 6.003614 -0.404249 0.816056 3.875519 -3.454342 -1.781893 6.205270 0.000000 0.000001 -0.000001 
-11.612409 106.506409 -2.990971 -0.798035 -38.534312 -7.230324 -1.903037 1.621926 -7.633897 -3.795576 1.710018 -3.446493 0.617921 3.108339 -0.326538 10.501071 5.946443 -8.409378 0.000001 -0.000002 -0.000000 2.690287 -20.707899 14.781759 -43.387957 -17.509487 -12.444495 -83.369842 13.053259 -23.038802 -0.000002 0.000000 -0.000002 0.998007 11.276581 -49.694435 -10.406907 36.271542 -76.540452 11.029908 -17.021038 -23.157447 -0.000005 -0.000002 0.000000 -2.604229 -1.648082 18.420079 39.139559 -5.852936 2.841538 4.234287 9.425551 -2.492603 0.000001 -0.000000 -0.000002 6.258005 -0.923516 5.831954 -0.776873 0.546071 4.205487 -3.895966 -2.545945 5.993286 0.000002 -0.000006 -0.000001 
-11.882187 106.324379 -3.104278 -1.192624 -38.467540 -7.707673 -1.531294 1.754575 -8.350892 -3.506215 1.402786 -3.087506 0.283894 2.199628 -0.587304 10.206726 5.749872 -8.144448 0.000000 -0.000003 -0.000002 1.894769 -20.912455 14.389469 -42.857637 -16.776925 -11.595890 -82.757871 13.306341 -22.444468 0.000007 -0.000002 -0.000001 0.511567 11.676102 -49.803161 -12.708602 37.030530 -74.190731 10.119799 -17.703319 -23.104973 0.000001 -0.000000 -0.000000 -1.635801 -1.553416 18.904837 41.401499 -5.890605 3.848742 5.370335 9.446672 -3.708276 0.000002 -0.000002 0.000002 6.386759 -0.864753 6.140192 -0.641456 0.817212 4.630181 -3.930613 -2.563264 6.926489 -0.000002 0.000004 0.000001 
-12.139767 106.124847 -3.218406 -1.654808 -38.766293 -8.259486 -1.316781 1.816995 -8.940974 -4.308434 0.633106 -1.955123 1.399243 2.161510 -1.810109 9.706986 5.692079 -8.154921 0.000002 0.000000 0.000001 1.626127 -21.307796 14.249220 -42.561364 -17.168879 -10.538640 -83.795110 12.080860 -20.043672 -0.000002 -0.000001 0.000000 -0.681597 10.244022 -48.674312 -13.166888 37.565460 -73.686068 8.600759 -17.195981 -23.651395 -0.000004 -0.000003 0.000003 -0.771863 -1.565279 19.509254 44.647891 -5.641926 4.604394 6.581429 9.856552 -4.642290 0.000003 0.000001 0.000000 6.378841 -0.771516 6.660151 0.054983 0.798856 4.479565 -4.326931 -2.598589 8.013756 -0.000000 -0.000003 -0.000000 
-12.376232 105.933693 -3.336118 -1.128852 -39.007268 -8.599974 -1.578254 1.876478 -8.864908 -4.675692 0.182885 -1.335848 1.959320 2.093108 -2.595038 9.149602 5.752285 -8.040248 -0.000003 0.000001 -0.000002 1.475957 -21.803241 14.805613 -42.835531 -17.411657 -9.487859 -84.475978 10.453363 -16.488719 0.000001 -0.000007 -0.000000 -1.114513 10.173055 -48.225534 -13.931494 37.069660 -73.044188 7.597171 -17.264954 -23.812235 -0.000003 -0.000000 -0.000001 -0.704082 -1.591672 20.127779 47.031569 -5.422511 5.588824 7.565553 10.027991 -5.547298 0.000001 0.000000 0.000001 5.713911 -0.802020 7.433321 0.318221 0.860388 4.712607 -4.530860 -2.993331 8.393964 0.000002 -0.000005 0.000002 
-12.603720 105.727211 -3.465852 -0.509074 -39.095091 -8.727334 -1.898625 1.932323 -9.101467 -4.783870 -0.063895 -0.966043 2.021293 2.034873 -2.845104 8.686502 5.407090 -7.400357 0.000001 -0.000004 -0.000000 2.098175 -22.000584 15.760153 -44.258120 -18.732528 -9.809966 -85.302198 7.491901 -12.056160 -0.000000 -0.000002 -0.000001 -0.693752 10.246593 -48.412675 -13.138397 36.883927 -73.346970 8.477784 -16.924992 -23.633109 -0.000001 -0.000004 -0.000000 -0.596808 -1.570389 20.555579 49.402608 -5.023121 7.855191 8.267024 7.846866 -6.832336 -0.000002 0.000005 -0.000003 5.042381 -0.788424 8.220860 0.538334 0.870318 4.792563 -5.159839 -3.819755 8.410429 0.000001 -0.000002 -0.000001 
-12.819838 105.514359 -3.596848 -0.789620 -38.865679 -8.843019 -1.358576 1.960527 -9.941001 -4.918441 -0.296027 -0.592594 1.957495 1.410542 -3.114734 8.474200 5.567965 -7.156310 0.000001 0.000001 0.000000 2.676136 -22.160660 16.016457 -44.786244 -19.999620 -9.452281 -86.047618 3.286161 -6.176621 -0.000003 -0.000004 -0.000002 -0.288673 10.040532 -48.446685 -12.053298 36.777123 -73.963108 8.723559 -15.924214 -23.993853 -0.000000 -0.000002 0.000000 -0.306821 -1.347555 20.385618 52.702621 -4.168749 10.782991 9.415924 4.001961 -9.057711 -0.000001 -0.000001 0.000002 4.897139 -0.862999 8.496105 0.847054 0.734305 4.955233 -5.542183 -4.290132 8.754550 0.000002 0.000004 -0.000001 
-12.998291 105.293839 -3.697916 -0.758109 -39.017643 -8.158851 -2.268108 2.131671 -9.775678 -3.329216 0.583165 -2.202236 0.448153 1.365558 -1.529571 9.656495 5.775054 -8.548555 0.000001 -0.000002 0.000002 0.751407 -22.998914 12.784316 -41.999595 -16.126621 -8.966167 -83.625961 10.342116 -15.849111 0.000003 -0.000005 -0.000000 -0.952084 11.466621 -47.917103 -14.657461 33.529518 -71.718530 8.499964 -17.501462 -21.293624 0.000001 -0.000002 -0.000001 -0.387096 -1.376078 19.951234 55.451294 -4.026063 12.436169 8.336896 1.902041 -9.414222 -0.000001 0.000001 -0.000000 4.177876 -0.793761 8.230009 1.735591 1.791118 4.900189 -5.585640 -5.608734 9.543641 0.000000 0.000001 0.000001 
-13.160285 105.065964 -3.800452 -0.688092 -39.081086 -8.241760 -2.682411 2.201019 -9.561695 -2.544332 0.906703 -2.894062 -0.156916 0.942675 -0.931081 9.920781 5.905765 -9.049509 -0.000000 0.000000 0.000000 -0.065184 -22.995833 12.091895 -41.568197 -14.753685 -8.687974 -81.791481 13.288628 -19.557287 0.000002 -0.000002 0.000002 -1.341707 11.942767 -47.549646 -15.821874 31.620559 -70.540268 7.779543 -18.199442 -20.542863 0.000001 -0.000005 -0.000003 -0.155133 -1.247457 19.707273 58.485114 -3.499556 14.596109 8.194220 -0.633868 -10.488775 0.000004 -0.000000 -0.000003 3.561165 -0.794456 8.440057 2.707743 2.382049 5.252415 -5.730204 -6.409300 9.868800 0.000002 0.000003 0.000000 
-13.311045 104.831535 -3.909643 -0.907298 -39.126687 -8.471702 -2.729292 2.288165 -9.932364 -1.995454 0.682914 -2.716270 -0.574374 0.400862 -0.860766 10.179743 6.061501 -9.253043 -0.000001 -0.000002 -0.000002 -0.231475 -23.571164 12.378743 -42.493093 -14.977372 -8.285806 -80.039073 14.907929 -21.518081 -0.000002 -0.000001 -0.000004 -2.038307 11.592231 -47.235925 -17.001862 31.314300 -69.004220 7.213183 -18.858303 -20.906074 -0.000001 -0.000003 0.000001 0.271445 -1.125721 19.550052 62.167958 -3.034090 15.603919 9.521805 -2.211672 -12.361638 -0.000000 -0.000001 0.000005 3.661862 -0.861091 8.460841 2.871350 2.409001 5.540153 -5.995783 -7.218940 9.653783 0.000001 -0.000002 -0.000001 
-13.460361 104.619858 -4.027418 -0.859425 -39.694768 -8.824563 -3.047202 2.360209 -9.970102 -1.762379 0.626180 -2.762128 -0.736278 0.428974 -0.624108 10.290313 6.219365 -9.472087 0.000000 0.000001 0.000000 -0.248420 -23.522244 13.009816 -43.476282 -15.140229 -8.537402 -78.839070 15.560235 -22.256486 0.000006 -0.000002 -0.000002 -2.256367 11.622725 -47.090896 -17.595167 30.708387 -68.110202 6.370939 -18.970927 -21.333785 0.000001 -0.000006 -0.000001 0.308139 -1.040683 19.686752 65.055578 -2.796916 16.283693 10.299692 -3.618831 -13.734629 0.000001 -0.000002 0.000003 3.583069 -0.939633 8.925275 2.935357 2.601771 5.409694 -5.995768 -7.086232 9.743004 0.000001 -0.000004 0.000000 
-13.604733 104.406815 -4.149118 -0.560309 -39.723513 -9.197610 -3.433058 2.341864 -9.753688 -1.804298 0.316375 -2.336444 -0.581766 0.230532 -0.941140 10.318535 6.218823 -9.390843 0.000002 0.000004 0.000003 -0.042400 -23.605619 13.864191 -44.646023 -15.796551 -8.698536 -77.809488 15.538149 -21.889436 0.000002 0.000000 -0.000001 -2.470667 11.347342 -46.627267 -17.468829 30.477496 -68.289556 5.247763 -18.835351 -21.528889 -0.000002 -0.000002 0.000000 0.748916 -0.922316 19.604861 68.017530 -2.094715 17.617590 9.942158 -6.341829 -14.463784 -0.000001 -0.000001 0.000001 3.319173 -0.960579 9.239556 3.497573 2.762874 5.597252 -6.143843 -7.466026 9.698495 0.000001 0.000001 0.000001 
-13.742457 104.200081 -4.271913 -0.600814 -40.270659 -9.609092 -3.577860 2.358845 -9.871275 -1.588787 0.383013 -2.317659 -0.595076 -0.209679 -0.805048 10.417981 6.455313 -9.340421 -0.000001 0.000000 0.000001 0.682310 -24.048184 14.919274 -46.437148 -17.693299 -8.437149 -77.990255 13.473502 -18.150149 -0.000002 0.000000 -0.000001 -2.486940 10.658011 -46.314785 -16.818224 30.394236 -68.300034 5.352384 -18.613526 -22.675828 0.000003 -0.000001 0.000001 0.999857 -0.896056 19.734199 71.602417 -1.766388 17.721759 10.222828 -5.645774 -14.348868 -0.000000 0.000000 0.000002 2.997312 -0.921835 9.390870 4.118891 2.790662 6.109293 -6.200762 -7.644366 9.554582 0.000001 -0.000006 -0.000001 
-13.856339 103.998947 -4.386803 -0.932220 -40.666646 -10.015865 -3.660897 2.394351 -9.958237 -0.915103 0.341957 -2.362145 -0.991830 -0.669865 -0.568477 10.534404 6.686015 -9.623643 -0.000001 -0.000001 -0.000000 0.971409 -23.939897 15.764396 -47.397674 -18.741540 -7.814321 -78.060361 12.103032 -15.280762 -0.000003 -0.000000 -0.000002 -2.233027 10.968066 -46.142784 -16.459373 29.899662 -68.634303 5.358714 -18.631115 -23.024059 -0.000001 -0.000005 0.000001 1.068485 -0.790693 20.125142 74.437451 -1.356330 18.168505 10.249915 -5.799047 -14.489280 -0.000001 -0.000001 0.000001 3.325194 -0.952258 9.265563 4.409629 2.895955 6.132109 -6.331416 -7.595942 9.680215 -0.000000 0.000001 0.000001 
-13.958754 103.805733 -4.495626 -0.381375 -41.421945 -10.193884 -4.263503 2.477143 -9.931962 -0.616890 0.165449 -2.156344 -1.008952 -1.414318 -0.727979 10.289300 7.020199 -9.944114 -0.000001 0.000001 0.000002 1.582154 -24.191287 16.991323 -48.768029 -20.328118 -6.901834 -78.023758 10.164001 -11.321128 0.000001 0.000001 -0.000004 -1.901153 11.218892 -45.800045 -16.342780 30.158205 -68.735650 3.840033 -18.310238 -24.077506 -0.000001 -0.000002 0.000001 0.877907 -0.713128 20.373570 77.610388 -1.268923 17.830847 10.406457 -5.968869 -14.651196 0.000000 -0.000002 0.000002 3.151954 -1.061238 9.425691 4.462514 2.750299 6.066206 -6.220165 -6.806249 9.566397 0.000001 -0.000001 -0.000001 
-14.047289 103.629013 -4.611561 0.204020 -41.468988 -10.202014 -4.750170 2.543382 -9.965407 -0.406686 0.013058 -2.001999 -0.819818 -1.752478 -0.722239 10.108439 6.861554 -10.061112 0.000002 0.000001 0.000004 1.752476 -24.571004 17.615755 -50.390697 -21.733570 -6.247110 -76.969470 8.906902 -8.153849 0.000004 -0.000003 -0.000003 -1.962024 11.333583 -45.562457 -16.556367 30.299522 -68.742309 2.245891 -18.192566 -24.678139 -0.000003 0.000001 -0.000003 0.479041 -0.753115 20.551435 80.950309 -1.637985 16.492861 10.837955 -3.266764 -13.919202 0.000001 -0.000002 -0.000000 2.881966 -1.173833 9.636662 4.655083 2.517688 5.824601 -6.224485 -6.102919 9.782596 0.000002 0.000002 -0.000001 
-14.126361 103.466255 -4.729469 0.308632 -41.249835 -10.249140 -4.660268 2.603958 -10.261483 -0.657425 -0.363992 -1.471375 -0.445281 -1.707716 -1.089624 9.780459 6.451749 -9.763984 -0.000001 0.000003 -0.000000 1.642114 -25.209426 18.169037 -51.065715 -22.069994 -5.911211 -76.065768 8.207868 -6.050644 0.000004 -0.000002 -0.000001 -2.061265 11.815770 -45.329097 -17.408870 30.707964 -68.656180 2.475254 -18.549110 -24.434469 -0.000001 -0.000002 0.000001 0.278364 -0.860576 20.784682 83.187319 -1.431998 16.449852 10.398587 -3.429160 -13.633093 -0.000000 -0.000001 0.000003 2.793536 -1.149817 9.816132 4.524067 2.515550 6.044818 -6.339433 -6.897464 9.482404 0.000001 0.000000 0.000003 
-14.184775 103.309036 -4.838969 0.335967 -42.007262 -10.390552 -4.368764 2.706614 -10.936677 -1.296391 -0.781145 -0.797155 0.003350 -1.783160 -1.305392 9.414358 6.672871 -9.761119 -0.000002 0.000001 0.000004 1.894793 -25.705041 19.147418 -51.587671 -23.458216 -4.445604 -75.093326 6.005602 -0.825635 -0.000002 -0.000004 -0.000001 -2.095108 12.024726 -45.120445 -17.792122 30.943957 -68.338624 1.569700 -18.630210 -24.957438 -0.000005 -0.000001 0.000002 0.277431 -1.065088 20.875010 86.080157 -2.258310 15.292568 10.517177 -1.640310 -13.261538 -0.000001 -0.000002 0.000001 2.785094 -0.938644 9.745652 4.551267 3.053862 6.101437 -6.164762 -7.364660 9.168411 0.000001 0.000001 -0.000001 
-14.233918 103.164192 -4.945697 0.361462 -42.359467 -10.402094 -4.590218 2.716579 -10.979778 -0.641172 -0.500231 -1.102596 -0.417510 -1.783142 -1.029198 9.403117 6.687452 -9.304822 -0.000000 -0.000001 -0.000002 2.215552 -25.942570 19.650669 -51.981561 -24.524139 -3.624770 -73.752656 3.992523 4.050720 0.000003 -0.000008 0.000001 -1.965687 12.070138 -45.034282 -17.715416 31.148565 -68.563549 2.032588 -19.186638 -24.973917 -0.000001 -0.000002 0.000001 0.203871 -1.280957 20.641711 88.733481 -2.853059 14.396948 11.134616 -0.513000 -13.457184 -0.000001 -0.000001 0.000001 2.679059 -0.801440 9.654863 4.671985 3.419486 6.220491 -5.949689 -7.323943 9.581891 -0.000001 0.000002 -0.000000 
-14.278357 103.028580 -5.066136 0.210652 -42.659736 -10.558616 -5.121387 2.755647 -10.757046 -0.828639 -0.735274 -0.714095 -0.040756 -1.504624 -1.307688 9.653572 6.772865 -9.276996 -0.000001 -0.000000 0.000001 2.332903 -26.176000 19.855176 -52.381906 -25.190247 -3.502547 -72.579496 2.619786 7.187694 0.000000 -0.000001 0.000000 -1.930917 12.102541 -44.748896 -17.627926 31.926544 -68.804915 3.975151 -19.611312 -24.955177 -0.000001 -0.000001 0.000003 0.293545 -1.374818 20.705145 90.548590 -3.195585 13.988862 11.186308 0.421569 -13.274894 -0.000001 -0.000000 -0.000001 2.707887 -0.665756 9.561871 4.750201 3.675063 6.389756 -6.074037 -7.791652 9.606706 -0.000001 -0.000002 -0.000001 
-14.321587 102.903908 -5.183860 0.213762 -42.548192 -10.629042 -5.180792 2.800663 -10.937640 -0.405307 -0.584887 -1.025817 -0.247613 -1.903908 -1.003206 9.573021 6.500573 -9.164826 0.000000 0.000002 0.000004 2.444370 -26.818956 20.520284 -52.762607 -25.595342 -2.911586 -71.050756 2.162876 9.592098 -0.000002 -0.000004 -0.000002 -2.084318 12.366334 -44.557347 -18.113517 31.949654 -68.562798 4.057218 -19.974646 -24.721610 0.000001 -0.000000 -0.000001 0.098674 -1.431467 20.822023 92.517207 -2.939166 14.232484 11.270915 0.655452 -13.284233 -0.000001 -0.000002 -0.000001 2.840217 -0.673496 9.645975 4.450210 3.595944 6.550311 -6.218976 -8.112452 9.493913 0.000001 0.000001 -0.000002 
-14.366135 102.796059 -5.295063 0.109956 -42.405906 -10.650286 -5.177481 2.864311 -11.232928 -0.161249 -0.523674 -1.085782 -0.214596 -2.219593 -0.953254 9.587271 6.589979 -9.307422 -0.000002 0.000002 0.000000 2.188209 -26.775810 19.839640 -52.493112 -24.898623 -3.275241 -70.779809 3.183879 8.132868 0.000005 -0.000005 0.000000 -2.315434 12.338617 -44.014931 -18.067903 31.388626 -68.599749 2.827548 -20.090166 -25.048211 0.000000 0.000000 0.000001 -0.288630 -1.631010 21.029934 94.429763 -2.795666 14.436196 11.141538 0.829648 -13.097312 0.000002 -0.000000 0.000005 3.051564 -0.594160 9.651856 4.138007 3.570713 6.677472 -6.355761 -8.219473 9.522670 -0.000001 -0.000001 0.000001 
-14.408867 102.690392 -5.413868 0.320067 -42.086065 -10.361471 -4.675860 2.862198 -11.893142 -0.422864 -0.694043 -0.781186 -0.162114 -2.345218 -0.985638 8.981323 6.642291 -9.250196 -0.000000 0.000003 0.000001 2.507703 -26.393338 20.136205 -53.340608 -26.077457 -3.467422 -69.912635 2.056291 9.815003 -0.000000 -0.000006 -0.000002 -2.175022 11.990395 -43.734166 -17.268233 31.423040 -69.516238 2.250934 -19.502062 -25.384378 -0.000001 -0.000001 0.000002 -0.646792 -1.717717 20.881828 95.621296 -2.499287 14.861049 10.901160 0.378594 -13.147183 -0.000002 0.000001 -0.000001 2.890420 -0.536800 9.428017 3.969415 3.610200 7.050716 -6.546613 -9.042778 9.052772 0.000003 -0.000004 -0.000002 
-14.448154 102.595001 -5.528978 0.445507 -41.720243 -10.268656 -4.651334 2.877364 -12.052001 -0.506393 -0.786353 -0.624451 -0.106348 -2.632938 -1.085589 8.771683 6.239686 -8.805695 -0.000000 -0.000001 0.000000 2.830840 -26.642128 20.613357 -53.355443 -26.318385 -3.286947 -68.710979 1.352010 12.003102 -0.000003 -0.000004 -0.000002 -2.002518 12.155271 -43.740852 -17.199723 31.246695 -69.597292 2.489891 -19.648735 -25.320992 -0.000005 -0.000001 0.000001 -1.090159 -1.842649 20.996136 97.445455 -2.218903 15.262117 9.893713 0.155211 -12.410800 -0.000002 0.000000 0.000001 2.789848 -0.522917 9.284515 4.115861 3.738292 7.282927 -6.769770 -9.642444 8.889607 0.000001 -0.000002 0.000001 
-14.482412 102.506409 -5.646042 0.472064 -41.830220 -10.202181 -4.426132 2.898184 -12.384102 -0.731554 -0.869754 -0.518443 -0.233600 -2.484041 -0.928259 8.972825 6.267560 -8.851690 -0.000002 0.000003 -0.000000 2.972314 -26.755034 20.610466 -53.698606 -26.677793 -3.304880 -67.851304 1.058957 12.621414 0.000002 -0.000003 -0.000001 -1.878227 12.271446 -43.586313 -17.262147 31.526562 -69.747822 2.856892 -19.682478 -25.562871 -0.000005 -0.000000 -0.000001 -1.278964 -1.808584 20.601842 99.185289 -1.951492 15.415932 9.708643 0.771949 -12.016615 -0.000000 0.000000 0.000002 2.771421 -0.574111 9.059294 3.983548 3.596687 7.649698 -6.912649 -10.119420 8.522122 -0.000002 -0.000002 -0.000000 
-14.517061 102.427757 -5.762229 0.630591 -42.213287 -10.443942 -4.657382 2.879361 -12.149549 -0.673262 -0.819535 -0.598328 -0.170227 -2.478302 -0.942980 8.753734 6.242220 -8.784880 0.000003 0.000001 0.000001 3.226423 -26.810907 21.263888 -54.200041 -27.162288 -3.388733 -67.296556 0.763158 13.224024 0.000001 -0.000000 -0.000002 -1.666099 12.673793 -43.333285 -16.858208 30.956569 -70.144636 2.665889 -19.483463 -25.913251 -0.000003 -0.000001 -0.000002 -1.226730 -1.824090 20.667189 100.236953 -2.503412 14.648106 9.892062 1.426013 -11.945356 -0.000000 -0.000001 0.000003 2.665960 -0.561694 9.198946 4.041023 3.555845 7.875478 -6.931322 -10.117381 8.422319 -0.000000 -0.000001 0.000001 
-14.551001 102.349617 -5.886503 0.981628 -42.222723 -10.361003 -4.793302 2.878423 -12.198688 -0.513881 -0.728149 -0.685109 -0.189783 -2.410309 -0.768027 8.386441 5.919987 -8.460720 -0.000002 0.000000 -0.000003 3.295072 -26.519005 21.422895 -55.112049 -27.923842 -3.727629 -66.424717 0.655837 14.074155 -0.000002 -0.000002 -0.000002 -1.651838 12.494894 -43.264269 -16.495759 31.268428 -70.636061 3.313822 -19.787700 -25.991499 -0.000001 0.000001 -0.000001 -1.434482 -1.947819 20.368987 101.353314 -2.370359 14.732411 10.483972 0.806418 -12.669554 0.000002 -0.000000 -0.000001 2.380492 -0.499801 9.244714 3.807402 3.382803 8.413324 -7.042188 -10.134479 8.433923 0.000000 -0.000003 0.000001 
-14.584648 102.271294 -6.009924 1.222293 -42.522589 -10.515315 -5.222255 2.923038 -11.773967 -0.221205 -0.651028 -0.821258 -0.262083 -1.982788 -0.740592 8.591677 5.805691 -8.387604 -0.000002 -0.000000 0.000002 3.042496 -27.098197 21.160889 -54.535061 -26.714077 -3.843886 -66.423528 1.374498 13.684978 0.000006 -0.000001 -0.000004 -2.015904 12.640005 -43.186238 -17.265738 31.018372 -70.294709 2.176081 -20.140334 -25.602949 -0.000001 0.000000 0.000001 -1.046042 -1.844429 19.791906 102.248820 -2.572717 14.491189 10.886945 1.096468 -12.996629 -0.000000 -0.000002 -0.000001 2.318513 -0.480838 9.231389 3.708960 3.488431 8.830721 -7.018306 -10.509930 8.227738 -0.000000 -0.000006 -0.000001 
-14.617685 102.195198 -6.134350 1.651612 -42.609353 -10.297764 -5.520898 2.993587 -11.781504 0.251065 -0.307316 -1.383706 -0.688491 -2.376947 -0.186053 8.563177 5.742740 -8.403553 -0.000001 0.000001 0.000002 2.924122 -27.040786 21.289100 -54.853915 -26.564516 -4.066231 -66.085045 1.811217 13.273551 -0.000001 -0.000002 -0.000002 -2.230370 12.621325 -43.162496 -17.759274 31.426964 -70.120416 2.164816 -20.434790 -25.190445 -0.000003 -0.000001 0.000001 -1.420113 -1.942265 19.848262 103.176810 -2.609676 14.318215 10.997899 1.411312 -12.966286 -0.000000 0.000001 -0.000003 2.089852 -0.505454 9.234575 3.835722 3.457558 8.774479 -7.011756 -10.300935 8.412690 -0.000003 -0.000001 -0.000001 
-14.646574 102.122971 -6.244614 1.944762 -42.952147 -10.320925 -5.371300 3.038756 -12.094433 -0.278993 -0.616952 -0.849225 -0.170841 -2.480536 -0.563163 7.992599 5.840721 -8.465243 -0.000001 0.000002 -0.000001 3.037972 -26.834167 22.288673 -55.771893 -27.856421 -3.399948 -64.687765 1.272590 16.190728 -0.000002 -0.000000 -0.000003 -2.198381 12.817334 -43.285890 -17.539268 30.993889 -70.143884 1.571311 -20.445884 -25.592618 -0.000001 -0.000001 0.000001 -1.630123 -2.091293 20.105372 104.172290 -3.258164 13.402183 11.209776 2.108500 -12.782535 -0.000004 -0.000001 -0.000005 1.853974 -0.506437 9.359798 4.366253 3.445837 8.386379 -6.782774 -9.475447 8.906606 -0.000002 0.000001 0.000000 
-14.677351 102.053207 -6.354862 2.235230 -42.812285 -10.151411 -5.384452 3.045630 -12.242750 0.123570 -0.381909 -1.226074 -0.510199 -2.608933 -0.273167 7.633193 5.545236 -8.040327 0.000000 -0.000001 -0.000000 3.186569 -27.053725 22.132796 -56.118702 -28.374757 -3.458106 -65.076956 0.919587 15.958653 0.000003 0.000000 -0.000001 -2.416255 12.285811 -42.947837 -17.223562 31.205215 -70.618118 1.787049 -20.161286 -25.707382 -0.000001 -0.000000 -0.000001 -2.046679 -2.171957 20.313877 105.159464 -3.279187 13.335144 11.286415 2.184929 -12.843413 -0.000002 -0.000000 0.000002 1.794128 -0.514895 9.310022 4.221395 3.386960 8.445017 -6.786909 -9.449233 8.910548 -0.000001 0.000001 -0.000000 
-14.703846 101.986366 -6.462296 2.012715 -42.565718 -10.016110 -5.063121 3.032719 -12.558646 -0.494499 -0.587786 -0.847742 -0.100683 -2.464913 -0.546685 7.922277 5.703395 -8.253126 -0.000002 -0.000000 -0.000004 3.368344 -27.093238 22.237050 -56.581519 -28.689428 -3.960288 -64.754940 0.595038 16.682244 -0.000000 -0.000002 -0.000003 -2.277056 12.144734 -43.264129 -16.793470 30.958167 -70.571106 2.493527 -20.144839 -25.819939 -0.000001 0.000002 0.000001 -1.898484 -2.158371 20.018748 105.660909 -2.995491 13.553798 11.206283 2.426558 -12.595966 -0.000003 -0.000001 0.000002 1.863216 -0.465804 9.100113 4.466323 3.358105 8.306465 -6.966961 -9.607975 8.933710 -0.000002 -0.000003 -0.000001 
-14.729105 101.920227 -6.570220 2.281814 -42.838714 -9.947359 -5.134112 3.069109 -12.598511 -1.010196 -0.712471 -0.651536 0.233609 -2.230411 -0.679751 7.609373 5.470103 -8.029372 0.000001 -0.000002 0.000000 3.247134 -27.061780 22.387968 -56.909874 -28.611077 -4.205165 -64.748568 0.843902 16.259224 -0.000001 -0.000007 -0.000001 -2.327773 12.336054 -43.314266 -16.912091 30.645105 -70.594766 2.162307 -20.182808 -25.668901 -0.000002 0.000002 0.000000 -1.813444 -2.131732 19.908610 106.061711 -3.333182 13.195174 11.245534 2.987610 -12.486469 -0.000002 0.000001 0.000003 1.734696 -0.473564 9.130481 4.234785 3.341527 8.404666 -6.523243 -8.876451 8.874788 -0.000001 -0.000001 -0.000000 
-14.756479 101.863472 -6.683372 2.245478 -42.533494 -9.835663 -4.820091 3.081576 -12.891579 -1.236611 -0.870317 -0.445844 0.218417 -2.499764 -0.815786 7.432305 5.408953 -8.003614 -0.000001 0.000002 0.000000 3.064759 -26.796301 22.301406 -57.043216 -28.329886 -4.434545 -64.964689 1.212221 15.255434 0.000002 -0.000002 -0.000003 -2.251365 12.586078 -43.409165 -17.164323 30.661013 -70.588093 2.448416 -20.284902 -25.438170 -0.000005 0.000002 -0.000001 -1.945169 -2.091147 19.792579 106.459078 -2.707754 13.950817 11.214344 2.594663 -12.683041 -0.000003 0.000001 0.000001 1.716403 -0.504361 9.048735 4.088666 3.395932 8.574146 -6.438912 -8.850160 8.905337 0.000001 -0.000004 0.000001 
-14.783731 101.810501 -6.800369 2.704869 -42.859765 -9.779745 -5.415978 3.128581 -12.586555 -0.860587 -0.620008 -0.853534 0.027054 -2.479241 -0.557760 7.143120 5.208696 -7.780141 0.000001 -0.000001 0.000004 3.049360 -26.841242 22.270877 -56.934647 -28.293265 -4.267132 -64.974948 1.116090 15.601784 0.000003 -0.000001 -0.000000 -2.442891 12.342579 -43.278203 -17.372298 30.724554 -70.390850 2.797032 -20.446585 -25.436661 0.000001 -0.000004 -0.000002 -2.135006 -2.131137 20.037335 106.584685 -3.202419 13.463998 11.272145 3.008041 -12.653387 -0.000000 -0.000001 0.000003 1.263291 -0.543008 9.417689 4.153620 3.466714 8.496117 -6.337835 -8.633290 8.940215 -0.000003 -0.000002 -0.000002 
-14.805380 101.755051 -6.912746 2.920933 -42.967006 -9.725599 -5.284493 3.152149 -12.752812 -1.331692 -0.852193 -0.572459 0.332696 -2.462655 -0.789748 6.931633 5.171505 -7.888701 -0.000001 -0.000000 -0.000001 2.719195 -26.204854 22.178963 -57.238652 -28.089138 -4.639618 -65.162429 1.489828 14.553106 0.000001 0.000000 -0.000001 -2.460495 12.549696 -43.299793 -17.477402 30.444250 -70.453674 2.911034 -20.523663 -25.385247 -0.000001 -0.000001 0.000001 -2.231337 -2.105736 20.088572 106.885705 -3.273474 13.371226 11.107862 3.044191 -12.534807 -0.000003 0.000001 0.000003 1.156618 -0.582030 9.413413 4.212522 3.447062 8.636550 -6.574228 -9.157689 8.699293 0.000000 -0.000005 -0.000003 
-14.836540 101.706291 -7.025185 2.847045 -42.515779 -9.667259 -4.783438 3.159055 -13.142262 -1.556633 -0.998025 -0.367809 0.271365 -2.558436 -0.870095 7.063730 5.012307 -7.760945 0.000001 0.000000 0.000000 2.770756 -26.510304 22.311240 -57.348754 -28.066210 -4.632886 -65.448847 1.725362 14.173477 0.000001 -0.000005 -0.000001 -2.645391 12.365599 -43.183468 -17.795073 31.062051 -70.538164 2.977540 -20.640509 -25.080337 -0.000001 -0.000002 0.000001 -2.028713 -2.041962 19.892532 106.924542 -2.977218 13.756262 10.911686 3.295757 -12.312643 -0.000000 -0.000001 0.000003 1.269829 -0.586947 9.353883 3.934844 3.452186 8.903893 -6.700867 -9.674517 8.534775 0.000001 -0.000004 -0.000002 
-14.861605 101.658958 -7.138166 3.253228 -42.796241 -9.664466 -5.305699 3.172696 -12.773706 -1.438606 -0.854289 -0.598568 0.353424 -2.575245 -0.793347 7.007525 4.878148 -7.597543 0.000000 -0.000001 0.000002 2.771969 -26.533588 22.223909 -57.502714 -28.692423 -4.032583 -65.039985 1.335622 15.366262 0.000003 -0.000002 -0.000003 -2.575714 12.411506 -43.219012 -17.655670 30.795967 -70.638390 3.032381 -20.561332 -25.248863 0.000000 -0.000000 -0.000000 -2.210313 -2.029034 20.097879 107.011886 -3.319293 13.344912 11.073098 3.063157 -12.585821 -0.000002 -0.000000 -0.000001 0.940659 -0.655263 9.627417 4.137082 3.512427 8.781203 -6.597067 -9.524509 8.610900 0.000001 -0.000004 -0.000000 
-14.882473 101.615532 -7.247458 3.682305 -42.891228 -9.662777 -5.464568 3.156241 -12.586681 -1.056056 -0.571080 -0.974066 0.115342 -2.859642 -0.518312 6.811888 4.836015 -7.326689 -0.000002 0.000003 0.000000 3.135748 -26.742188 22.878620 -57.961948 -29.112489 -4.279995 -66.028812 1.714603 13.308963 0.000000 -0.000002 -0.000002 -2.534039 12.280062 -43.109675 -17.240804 30.745086 -71.119386 2.564143 -20.295793 -25.659720 0.000000 -0.000000 -0.000001 -2.103728 -2.071720 20.277087 106.881375 -4.154652 12.558335 11.224721 3.657104 -12.528610 -0.000001 0.000004 0.000004 0.538802 -0.622363 9.951481 4.106602 3.649734 8.834372 -6.669306 -9.803628 8.609340 0.000001 -0.000001 -0.000001 
-14.901104 101.574638 -7.355406 4.249111 -42.757848 -9.364072 -5.985424 3.175486 -12.207552 -1.177959 -0.651363 -0.921385 0.154693 -2.777559 -0.753556 6.998361 4.778909 -7.477625 0.000000 -0.000004 -0.000000 3.183177 -26.730755 22.881622 -57.789916 -28.681242 -4.515492 -65.911039 1.194287 14.328089 -0.000001 -0.000001 -0.000003 -2.499333 12.306579 -43.290999 -17.301156 30.834254 -71.235212 2.611439 -20.080838 -25.410187 -0.000002 -0.000002 -0.000001 -2.418775 -2.028910 20.279352 106.882891 -4.448425 12.167695 11.406687 4.063551 -12.570236 0.000000 0.000001 -0.000001 0.250412 -0.726579 10.004015 4.075202 3.499698 8.728715 -6.446391 -8.928102 8.887638 0.000001 -0.000008 -0.000003 
-14.918541 101.536545 -7.461554 4.110325 -42.390015 -9.258817 -5.789605 3.142364 -12.199835 -1.328734 -0.743171 -0.812086 0.069894 -2.838807 -0.962745 7.244123 4.575156 -7.387385 -0.000003 -0.000001 0.000001 3.058547 -26.589389 22.631004 -57.849366 -27.976974 -5.289331 -66.493182 1.871113 12.239459 0.000001 -0.000003 -0.000000 -2.511504 12.259236 -43.413779 -17.366886 30.590980 -71.172333 2.517999 -19.998487 -25.395121 0.000001 0.000002 0.000001 -2.214833 -1.886621 20.008996 106.795274 -4.197707 12.428737 11.286436 3.726605 -12.598947 -0.000001 0.000004 0.000002 0.500595 -0.762040 9.738275 3.952262 3.429081 8.723027 -6.390979 -8.885933 8.736147 -0.000003 -0.000001 -0.000001 
-14.928347 101.496521 -7.563568 4.391521 -42.608025 -9.219563 -6.026092 3.173052 -12.114791 -1.416586 -0.757566 -0.795115 0.099696 -2.835992 -0.941992 7.250615 4.721954 -7.489583 -0.000002 -0.000001 -0.000002 3.278619 -27.012437 22.859806 -57.726170 -28.028320 -5.132894 -66.539034 1.419998 13.260741 0.000000 -0.000002 -0.000002 -2.546071 12.137340 -43.456389 -17.363919 30.912391 -71.267956 2.381028 -19.852963 -25.419705 -0.000000 -0.000000 -0.000001 -2.182589 -1.862625 20.073402 106.955688 -4.763775 11.864264 11.255657 4.116467 -12.491149 -0.000001 0.000001 0.000003 0.244868 -0.757222 9.897827 4.074209 3.600244 8.558510 -6.216450 -8.579682 8.901530 -0.000001 -0.000004 -0.000000 
-14.943180 101.470230 -7.666140 4.350500 -42.083510 -9.000951 -5.417099 3.186998 -12.671906 -1.478141 -0.846611 -0.714416 -0.057102 -3.363253 -0.790906 7.049523 4.727566 -7.500133 -0.000002 0.000002 0.000005 3.121973 -26.773722 22.776036 -58.124944 -28.129596 -5.437251 -66.522279 1.430296 13.134275 0.000000 -0.000002 -0.000003 -2.655348 12.009198 -43.441666 -17.224236 30.733946 -71.538828 2.973644 -19.945658 -25.261735 -0.000003 0.000000 0.000001 -2.029609 -1.766267 19.786568 106.864095 -4.802799 11.826228 11.514489 4.776657 -12.557641 -0.000001 -0.000003 -0.000002 0.520764 -0.757127 9.690870 3.555620 3.526870 8.610113 -6.240850 -8.637428 8.992730 0.000001 -0.000009 -0.000000 
-14.954437 101.445457 -7.765096 4.581286 -41.887949 -8.950810 -5.651491 3.186996 -12.442842 -1.746757 -0.976388 -0.504422 0.180062 -3.391575 -0.981693 7.133567 4.826538 -7.528518 -0.000002 0.000003 0.000001 3.083465 -26.856789 22.593263 -57.534973 -27.908250 -5.214475 -66.840033 1.002328 13.744206 0.000003 -0.000006 -0.000003 -2.657797 11.980259 -43.482668 -17.036187 30.897727 -71.854259 3.413473 -19.903344 -25.101415 0.000002 0.000002 0.000001 -2.136646 -1.792811 19.814623 106.889722 -4.879831 11.758014 11.829100 4.940056 -12.774760 0.000001 -0.000001 -0.000003 0.399176 -0.754526 9.807671 3.501933 3.550820 8.487149 -6.038425 -8.350622 8.926090 0.000001 0.000000 0.000002 
-14.962362 101.420090 -7.856248 4.785813 -41.607579 -8.820015 -5.790636 3.181066 -12.268056 -1.615611 -0.786136 -0.787814 0.115369 -3.519536 -0.877643 7.098969 4.603591 -7.194001 0.000000 0.000001 -0.000002 3.033932 -26.701544 22.681781 -57.578454 -27.154185 -6.126301 -67.491599 1.395487 12.526760 0.000002 -0.000005 -0.000004 -2.773376 11.791095 -43.636036 -17.163936 30.843413 -71.705443 3.698041 -19.982084 -25.013319 0.000001 -0.000001 0.000001 -1.972390 -1.720901 19.560846 106.890193 -5.099705 11.635698 11.890297 5.042317 -12.850674 -0.000001 -0.000003 -0.000001 0.516644 -0.746055 9.666862 3.093867 3.593467 8.663463 -6.039278 -8.474556 8.906704 0.000001 -0.000001 0.000001 
-14.968098 101.402237 -7.944777 5.286042 -42.070123 -8.771259 -6.299888 3.202097 -12.087785 -1.671603 -0.783135 -0.771170 0.399496 -3.132621 -0.901640 7.231627 4.685931 -7.171372 -0.000002 0.000002 -0.000001 2.862201 -25.907362 22.523771 -57.980342 -27.487302 -6.661626 -67.753243 1.354840 11.307294 0.000000 -0.000001 -0.000003 -2.697866 11.649700 -43.563042 -16.589783 30.457070 -72.055340 4.123346 -19.743659 -25.255265 -0.000001 -0.000002 -0.000000 -2.309237 -1.832411 19.911369 107.143224 -5.479826 11.235721 11.618427 5.167069 -12.610459 0.000001 -0.000001 -0.000001 0.194900 -0.736473 9.833568 2.959403 3.577189 8.886549 -6.198072 -9.135218 8.552609 -0.000002 0.000000 0.000001 
-14.973518 101.379738 -8.036276 5.160360 -42.036775 -8.693312 -6.494934 3.218006 -12.030463 -1.295042 -0.656321 -0.953887 0.145606 -3.199207 -0.764592 7.276503 4.466442 -6.923053 -0.000001 0.000001 0.000002 2.721720 -25.738415 22.339539 -57.891618 -27.172057 -6.844217 -67.742527 1.626950 11.083821 -0.000001 -0.000002 -0.000003 -2.851544 11.451835 -43.578086 -16.672495 30.537875 -71.993575 4.573738 -20.051093 -25.004585 0.000001 -0.000004 -0.000000 -1.889248 -1.761546 19.587895 106.913334 -5.607236 11.129735 11.537734 5.325377 -12.459999 -0.000000 0.000000 -0.000001 0.327335 -0.702312 9.756549 2.978562 3.654797 8.643788 -6.020754 -8.803165 8.675399 -0.000002 0.000005 0.000002 
-14.974390 101.360413 -8.130776 4.572413 -41.810580 -8.723119 -5.954661 3.192741 -12.286173 -1.230872 -0.596818 -1.035157 -0.063043 -3.328190 -0.628104 7.496571 4.449906 -7.047815 0.000000 0.000001 0.000001 2.589925 -25.882449 21.612126 -57.683987 -27.314787 -6.240982 -67.623449 2.000835 10.723664 -0.000000 -0.000003 -0.000001 -2.866065 11.487964 -43.575767 -16.778348 31.092811 -72.366005 4.961807 -20.214095 -24.389315 -0.000001 -0.000004 -0.000001 -1.819603 -1.738960 19.341707 107.206390 -5.067614 11.673528 11.522763 4.989664 -12.514906 -0.000003 -0.000002 0.000001 0.627588 -0.691667 9.466838 3.020471 3.547703 8.646173 -5.968655 -8.214166 9.108988 0.000001 -0.000004 -0.000002 
-14.970650 101.333061 -8.220886 4.621544 -41.932263 -8.653502 -6.180724 3.249478 -12.312481 -1.403797 -0.732912 -0.845780 0.192782 -3.367440 -0.878192 7.472136 4.311943 -6.915369 -0.000000 -0.000003 0.000001 2.259655 -25.878783 21.088421 -57.091123 -26.466636 -6.327554 -68.284338 3.011814 8.751596 0.000000 -0.000005 0.000001 -3.005066 11.626469 -43.441403 -17.082981 30.996269 -72.223527 4.241160 -20.318003 -24.171280 -0.000000 0.000002 0.000001 -2.081736 -1.810820 19.375473 107.555371 -4.678654 12.046820 11.084661 4.778500 -12.131150 -0.000002 0.000002 0.000007 0.508874 -0.712893 9.418272 2.864472 3.445625 8.874317 -5.952999 -8.230021 9.018578 0.000003 -0.000001 -0.000001 
-14.966314 101.305031 -8.315869 4.970513 -42.233215 -8.666080 -6.558633 3.266457 -12.080579 -1.064327 -0.537697 -1.148420 -0.007148 -3.441749 -0.598009 7.459865 4.350435 -6.974841 -0.000001 -0.000001 0.000003 2.310635 -25.979917 21.358015 -57.159251 -26.770834 -5.935232 -68.070847 2.754558 9.741298 0.000002 -0.000005 -0.000001 -2.968254 11.748065 -43.595390 -17.087525 30.748719 -72.203350 3.576701 -20.168714 -24.141324 0.000000 -0.000000 -0.000001 -2.135577 -1.847810 19.441179 107.419362 -5.250905 11.382007 11.362194 4.996306 -12.291777 -0.000001 -0.000000 0.000000 0.215026 -0.725824 9.502786 2.990997 3.417419 9.020443 -5.959069 -7.943411 9.301532 -0.000001 -0.000001 -0.000001 
-14.968340 101.277664 -8.415762 5.077898 -42.129898 -8.562253 -6.633354 3.250824 -12.032048 -0.765994 -0.212719 -1.606073 -0.139736 -3.782548 -0.347133 7.517164 4.435717 -7.078082 -0.000001 0.000000 0.000001 2.372659 -25.682046 21.519585 -57.732399 -26.975870 -6.580960 -68.463296 3.122869 8.383853 0.000003 -0.000009 -0.000001 -3.165801 11.192628 -43.581945 -16.794817 30.677692 -72.301015 4.116346 -20.305626 -24.221208 -0.000001 -0.000001 -0.000002 -2.332379 -1.941772 19.441406 107.485642 -5.220360 11.395423 11.313887 5.103533 -12.161408 -0.000002 -0.000001 -0.000001 0.056326 -0.710141 9.562163 2.993296 3.367642 9.007172 -6.227910 -8.573171 8.903374 0.000001 -0.000005 -0.000001 
-14.970999 101.254501 -8.519651 4.981591 -42.713049 -8.741452 -7.050304 3.268558 -11.823850 -0.391053 -0.073133 -1.849243 -0.420726 -3.503911 -0.232077 7.746102 4.109808 -6.847158 -0.000000 -0.000004 0.000003 2.395747 -25.805950 20.982594 -56.816167 -27.155271 -5.545964 -67.874691 1.677067 11.731295 0.000002 -0.000006 -0.000002 -2.744429 11.632493 -44.002319 -16.522967 30.227180 -72.200427 4.005961 -20.027090 -24.483914 -0.000001 -0.000005 0.000001 -2.167233 -1.841781 19.492953 107.386249 -6.145303 10.390856 11.756146 6.191532 -12.220740 -0.000002 0.000002 -0.000001 0.069862 -0.751089 9.714565 3.393665 3.477282 8.624327 -5.978763 -7.823142 9.171310 0.000001 -0.000005 -0.000002 
-14.966875 101.233971 -8.613138 5.322126 -43.037667 -8.640164 -7.013657 3.292780 -11.959890 -1.436733 -0.533319 -1.124178 0.445559 -2.898098 -0.941929 7.479941 3.987280 -6.677184 0.000001 0.000001 0.000002 2.297988 -25.811106 21.193978 -57.211720 -27.309384 -5.406473 -68.066237 2.503421 10.366493 0.000001 -0.000002 -0.000001 -3.082109 11.354589 -43.827729 -17.179796 31.035587 -72.087565 4.000325 -20.395464 -24.518981 -0.000001 0.000002 -0.000000 -2.232817 -1.881143 19.539821 107.273018 -6.839087 9.613600 11.930106 6.648945 -12.235807 -0.000000 -0.000000 0.000003 0.089539 -0.777587 9.690615 3.105791 3.413494 8.578703 -5.870160 -7.940484 8.892327 0.000001 0.000001 -0.000002 
-14.968727 101.214790 -8.702710 4.849769 -42.686592 -8.621177 -6.421456 3.280973 -12.398149 -1.438168 -0.533781 -1.139126 0.156571 -3.209059 -0.851853 7.725513 3.965136 -6.688613 -0.000001 -0.000000 0.000003 2.368764 -26.036008 20.868846 -56.718051 -27.339714 -5.143614 -67.811990 1.536675 12.103146 0.000002 -0.000002 -0.000003 -2.967646 11.438021 -43.902069 -16.964756 31.056973 -72.177915 3.491060 -20.060552 -25.069806 -0.000003 -0.000001 0.000002 -1.945574 -1.787259 19.183005 107.370471 -6.639409 9.806849 11.849799 6.866370 -12.069624 -0.000002 0.000003 0.000005 0.532790 -0.740706 9.346484 3.085964 3.374620 8.424158 -5.777913 -7.765929 8.877398 0.000001 0.000002 0.000001 
-14.969690 101.195251 -8.793928 5.003933 -42.382594 -8.566953 -6.468368 3.273538 -12.367972 -1.220964 -0.461610 -1.249864 0.073978 -3.713823 -0.759619 7.706964 4.200481 -6.994338 0.000000 0.000002 0.000002 2.423478 -25.739088 21.009904 -56.971708 -27.600188 -5.391636 -67.872403 0.970977 12.906778 0.000003 -0.000002 -0.000002 -2.668639 11.760136 -44.186498 -16.431140 30.800386 -72.700014 2.661713 -19.702377 -25.592791 0.000004 -0.000004 -0.000001 -1.821583 -1.773531 19.144259 107.247077 -6.611703 9.770093 11.892973 6.908347 -12.059543 -0.000001 0.000000 -0.000007 0.465394 -0.729761 9.294686 2.937622 3.184567 8.655094 -5.867117 -7.708677 8.865573 0.000001 -0.000001 -0.000001 
-14.968061 101.177513 -8.884033 5.129619 -42.173427 -8.469989 -6.532746 3.282273 -12.423071 -1.574431 -0.709379 -0.862679 0.418600 -3.763278 -1.169320 7.787378 4.369061 -7.258437 -0.000000 0.000001 0.000002 2.535104 -25.777411 20.872636 -57.101385 -27.481983 -5.881033 -68.381559 1.044648 11.973869 0.000003 -0.000006 -0.000002 -2.810731 11.298445 -44.032078 -16.156912 30.669499 -72.804701 2.520713 -19.554289 -26.045147 -0.000002 -0.000002 0.000001 -1.976230 -1.790308 19.236820 107.312797 -6.127293 10.314480 11.727892 6.433750 -12.058357 0.000000 0.000002 0.000001 0.186464 -0.743483 9.503031 3.058127 3.188237 8.546708 -6.033706 -7.856548 8.908887 -0.000000 0.000002 -0.000001 
-14.965649 101.173615 -8.964747 4.997682 -41.968927 -8.548528 -6.246345 3.282057 -12.696839 -1.469879 -0.582691 -1.023170 0.413499 -3.711614 -0.898642 8.017562 4.297076 -7.171586 0.000003 -0.000001 0.000000 2.766618 -25.689007 21.241806 -57.790545 -27.786856 -6.541784 -68.422445 0.672937 12.280844 0.000004 -0.000006 0.000001 -3.125233 10.473881 -43.716288 -15.733534 31.079669 -73.436746 2.733100 -19.327128 -26.044222 -0.000000 0.000000 0.000001 -1.934781 -1.798022 19.313290 107.162130 -6.240929 10.153968 11.924575 7.396553 -11.877310 -0.000001 0.000001 0.000002 0.296531 -0.730829 9.512807 2.965782 3.099378 8.536797 -6.129125 -8.066442 8.641860 0.000001 0.000001 -0.000001 
-14.967253 101.158592 -9.051748 5.148383 -42.006121 -8.642635 -6.803612 3.277525 -12.307739 -1.166153 -0.526312 -1.117226 0.153896 -3.810740 -0.807576 8.494144 4.364721 -7.218645 -0.000002 0.000000 0.000000 2.757676 -25.508209 21.258318 -57.577730 -27.341317 -6.927484 -68.666521 0.662514 11.950215 0.000001 -0.000006 -0.000003 -2.805349 10.756481 -43.921852 -15.711329 31.150072 -73.530306 2.814698 -19.081284 -26.153607 -0.000002 0.000000 -0.000000 -1.707332 -1.672689 19.321514 106.780213 -6.416953 9.993632 12.327858 7.098973 -12.384700 -0.000003 0.000000 0.000001 0.443834 -0.792591 9.652534 2.473504 3.046142 8.698678 -6.258948 -8.871781 8.133596 0.000000 -0.000004 -0.000000 
-14.967405 101.153236 -9.140906 5.287749 -42.191567 -8.715910 -6.828008 3.301791 -12.413534 -1.442566 -0.543065 -1.080602 0.383690 -3.705959 -0.685349 8.454863 4.134732 -7.031970 -0.000002 0.000002 0.000001 2.802329 -25.369636 21.398050 -57.943172 -27.631889 -7.128648 -68.941942 0.903144 10.729913 -0.000000 -0.000007 0.000001 -2.588475 10.938562 -44.072216 -15.243133 30.571698 -73.735751 3.638367 -19.019591 -26.000596 -0.000001 -0.000002 -0.000001 -1.973283 -1.720134 19.602650 106.961855 -6.212742 10.101007 12.143822 7.288839 -12.103370 0.000001 0.000001 -0.000002 0.301860 -0.850629 9.864173 2.742258 3.003476 8.496713 -6.065906 -7.992413 8.771163 0.000004 0.000003 0.000001 
-14.963511 101.145348 -9.225348 5.431778 -42.304764 -8.812237 -6.764867 3.316554 -12.497598 -1.781682 -0.725731 -0.797583 0.751861 -3.354698 -0.934358 8.359381 3.991026 -6.902028 -0.000001 0.000000 0.000005 2.748271 -25.184072 21.568479 -58.337602 -27.548081 -7.535101 -69.033419 1.252008 10.215129 -0.000001 -0.000004 0.000002 -2.841599 10.660723 -44.083902 -15.405417 30.439021 -73.410860 3.758611 -19.279488 -25.929222 -0.000001 0.000000 0.000001 -2.067430 -1.780157 19.662904 106.952436 -6.239231 10.069640 12.007101 7.470085 -11.861774 -0.000001 0.000002 0.000002 0.195518 -0.858975 9.983432 2.578279 2.898780 8.758591 -6.005080 -8.175113 8.157238 0.000002 -0.000006 -0.000002 
-14.959034 101.142357 -9.302327 5.469079 -42.475860 -9.028478 -6.775172 3.304405 -12.443630 -2.372307 -0.883724 -0.553797 1.335677 -3.264370 -1.112595 8.480976 4.098023 -7.059852 -0.000001 0.000003 -0.000001 2.756803 -25.041738 21.824481 -58.724915 -27.754026 -7.777304 -69.101953 1.233804 10.010110 0.000003 -0.000005 0.000001 -3.017941 10.296503 -43.800709 -15.253079 30.636694 -73.668221 4.321818 -19.219693 -25.755632 0.000002 -0.000001 -0.000002 -1.983737 -1.744076 19.681311 106.846179 -6.306177 9.949759 12.184262 7.601671 -11.977376 -0.000001 0.000002 0.000001 0.049910 -0.875369 10.052937 2.832267 2.895758 8.982834 -6.049197 -8.242141 8.132169 0.000001 -0.000004 0.000001 
-14.950827 101.133194 -9.388834 5.478806 -42.471704 -9.186658 -7.178177 3.241151 -11.797133 -1.709066 -0.728648 -0.813365 0.823725 -3.089584 -1.045202 8.799160 4.135522 -6.994530 0.000001 0.000001 0.000001 2.597928 -25.041912 21.965480 -58.202166 -26.816523 -7.971078 -68.437690 0.867568 12.135925 0.000001 -0.000004 -0.000003 -3.223516 10.327821 -44.008251 -15.716057 30.346790 -73.407328 4.033750 -19.700540 -25.343898 -0.000001 0.000000 0.000001 -1.952083 -1.779715 19.739583 106.848085 -6.518383 9.793163 12.021784 7.534682 -11.902735 -0.000000 0.000003 0.000001 0.134959 -0.873358 10.090129 2.562006 2.955839 9.199611 -6.048018 -8.879173 7.654959 0.000000 -0.000002 0.000001 
-14.940796 101.132599 -9.467925 5.287891 -42.633621 -9.270514 -7.145968 3.283116 -11.983193 -1.681152 -0.617951 -0.956657 0.772490 -3.301607 -0.769262 9.138522 4.035244 -7.047527 0.000001 -0.000006 -0.000000 2.525481 -24.777718 21.756992 -58.427999 -27.083488 -7.816219 -68.556303 1.014498 11.895868 -0.000001 -0.000004 -0.000002 -2.995083 10.601037 -44.044625 -15.786497 30.709603 -73.494256 4.037752 -19.861084 -25.307743 0.000001 -0.000002 -0.000002 -2.024904 -1.815648 19.769957 106.940265 -6.612019 9.714353 11.887635 7.469218 -11.780227 -0.000000 0.000001 0.000002 0.306121 -0.825668 9.878618 2.244316 2.889072 9.497636 -5.847773 -8.652347 7.405517 0.000000 -0.000004 -0.000000 
-14.931358 101.131973 -9.549688 4.902165 -42.796152 -9.516422 -7.051563 3.248072 -11.971606 -1.377300 -0.370699 -1.314676 0.615237 -3.319140 -0.448413 9.130007 3.935448 -6.937307 0.000002 -0.000001 -0.000001 2.481810 -24.773986 21.554793 -58.253714 -27.461284 -7.212587 -68.571397 0.970713 12.101499 -0.000000 -0.000006 -0.000003 -2.995117 10.572890 -43.782998 -15.504116 30.423155 -73.872717 4.127228 -19.888037 -25.134372 -0.000002 -0.000001 0.000002 -1.837912 -1.775802 19.324089 106.886149 -6.621072 9.673174 12.151111 7.436113 -12.031225 0.000004 0.000003 0.000003 0.518328 -0.771857 9.557949 2.479763 2.860992 9.870928 -5.818930 -8.384535 7.632356 0.000002 -0.000005 0.000002 
-14.923765 101.124916 -9.641012 4.797128 -42.900732 -9.755836 -7.135215 3.229481 -11.812224 -1.444271 -0.500033 -1.100724 0.656961 -3.246553 -0.715677 9.175543 3.788406 -6.693823 -0.000001 -0.000002 0.000003 2.709956 -25.018658 22.144986 -58.719300 -27.693637 -7.433170 -68.712830 1.223505 11.336829 0.000002 -0.000006 0.000002 -3.085223 10.444642 -43.732192 -15.662126 30.737631 -73.625614 4.449259 -19.905531 -25.253351 -0.000000 -0.000004 -0.000001 -1.800909 -1.776698 19.458068 106.935136 -6.405441 9.848592 11.858593 7.115213 -11.796112 0.000003 -0.000000 0.000000 0.605327 -0.804846 9.644893 2.552669 2.741629 9.924949 -5.831593 -8.514200 7.314321 0.000001 -0.000001 0.000001 
-14.912266 101.122238 -9.729074 4.698692 -43.129001 -9.830549 -7.457953 3.233020 -11.682219 -1.298437 -0.390774 -1.213120 0.802994 -3.229647 -0.725891 9.344185 3.862369 -6.888555 0.000001 -0.000001 0.000001 2.613939 -24.454464 21.421036 -58.686351 -27.731321 -7.824888 -69.273978 1.019118 11.027727 -0.000002 -0.000002 -0.000001 -2.736458 10.556838 -43.967874 -14.864952 29.959354 -73.863687 4.014983 -19.495890 -25.554507 -0.000001 0.000001 0.000002 -1.687580 -1.779219 19.258162 106.984245 -6.581661 9.685311 12.040385 7.076794 -11.918911 0.000001 -0.000000 0.000003 0.500056 -0.761697 9.582886 2.694166 2.644773 10.171050 -5.923464 -8.485657 7.125227 0.000000 -0.000003 -0.000000 
-14.895569 101.111977 -9.819359 4.808369 -43.436144 -9.807768 -7.467798 3.208527 -11.499296 -1.326897 -0.397788 -1.254122 0.649039 -2.729950 -0.795768 9.434033 3.723239 -6.743864 0.000002 -0.000000 -0.000001 2.434606 -24.444458 21.333164 -58.782541 -27.427787 -8.067701 -68.932564 1.134028 11.099490 0.000006 -0.000008 0.000003 -2.737563 10.846342 -44.408073 -15.329482 30.317605 -73.838894 3.833764 -19.613940 -25.246013 -0.000003 0.000000 0.000000 -1.816383 -1.826415 19.366441 106.945825 -6.955678 9.383080 11.878969 7.951459 -11.599537 0.000000 0.000001 0.000000 0.413030 -0.762003 9.629970 2.601396 2.801659 10.171105 -5.818517 -8.721967 6.897616 -0.000001 -0.000006 -0.000001 
-14.872499 101.093704 -9.908654 4.688976 -43.481131 -9.643665 -7.271965 3.301279 -12.029812 -1.736565 -0.591754 -0.978477 0.910300 -3.001205 -0.762156 9.563364 3.946455 -7.082328 0.000000 -0.000004 0.000002 2.236248 -24.606188 21.151146 -58.210212 -26.678299 -8.087204 -69.644263 1.794083 9.914760 0.000003 -0.000004 -0.000001 -2.750286 11.210603 -44.404183 -15.796995 30.767014 -73.766221 3.123632 -19.708490 -25.255442 -0.000001 -0.000003 0.000002 -1.758177 -1.822223 19.226815 106.919774 -6.979990 9.306581 11.776355 8.308629 -11.439809 0.000000 -0.000000 0.000001 0.522623 -0.769683 9.350570 2.705872 2.858024 9.871129 -5.617922 -8.413492 7.147693 -0.000003 -0.000003 -0.000001 
-14.840332 101.076637 -9.996035 4.717530 -43.381738 -9.494380 -7.400162 3.361790 -12.066307 -1.408753 -0.362197 -1.319289 0.827272 -3.359067 -0.576525 9.395836 3.843969 -7.028486 0.000003 0.000001 0.000005 2.048545 -24.790839 20.780996 -57.635991 -25.934952 -8.124922 -70.123285 2.565653 8.333460 -0.000000 -0.000006 0.000003 -2.988877 11.056612 -44.415460 -16.126285 30.622600 -73.462694 2.291338 -19.687595 -25.478892 -0.000002 -0.000001 0.000001 -1.824265 -1.860466 19.285770 107.121245 -6.736637 9.616490 11.715171 8.581800 -11.304085 0.000001 0.000001 -0.000001 0.382037 -0.744686 9.334691 2.865153 3.042279 9.379771 -5.335054 -7.653607 7.474259 0.000001 0.000001 -0.000001 
-14.801228 101.063705 -10.084708 4.746015 -43.429970 -9.386306 -7.498354 3.348731 -11.991825 -1.411481 -0.488852 -1.098122 0.719896 -3.121448 -0.776320 9.626493 3.917915 -7.105207 -0.000000 -0.000002 -0.000001 2.242094 -25.216321 20.758403 -57.603958 -25.863189 -8.294641 -70.865610 3.149987 6.709256 -0.000003 -0.000002 -0.000002 -3.019812 10.879870 -44.614427 -16.196894 31.607848 -73.544601 2.910375 -19.961682 -25.561614 -0.000004 -0.000000 -0.000000 -1.631821 -1.859092 19.052283 107.151694 -6.567068 9.801959 11.614271 8.248105 -11.234086 0.000002 0.000002 0.000003 0.454513 -0.696478 9.245856 2.717381 2.996009 9.084933 -5.322406 -7.474530 7.479510 -0.000002 -0.000003 -0.000001 
-14.767738 101.052200 -10.174211 4.597835 -43.347099 -9.192142 -7.397544 3.389645 -12.272730 -1.336617 -0.384811 -1.297363 0.576593 -3.023281 -0.485604 9.557554 3.651194 -6.863616 -0.000001 -0.000003 0.000001 1.913086 -24.926842 20.062368 -57.393581 -25.351297 -8.593385 -71.122944 4.057708 4.714463 0.000001 -0.000001 0.000002 -2.911832 11.180599 -44.652843 -16.162446 31.540915 -73.863592 3.316289 -20.120993 -25.426571 -0.000002 -0.000002 0.000001 -1.512928 -1.771085 18.681430 107.206615 -6.356831 9.998930 11.821884 8.327541 -11.435400 -0.000002 -0.000000 0.000000 0.415568 -0.710878 9.114011 2.795714 2.993747 8.983295 -5.257348 -7.167949 7.745204 0.000001 0.000001 -0.000000 
-14.720058 101.049973 -10.260874 4.578202 -43.179517 -9.314891 -7.514670 3.390292 -12.161066 -1.416960 -0.598116 -1.006279 0.726977 -3.046678 -0.794944 9.882170 3.497244 -6.771358 0.000001 -0.000002 -0.000003 2.138693 -25.467622 20.290363 -57.376082 -25.683828 -8.149034 -70.753472 3.721371 5.357232 0.000003 -0.000002 -0.000003 -2.860733 11.280917 -44.631957 -16.268005 31.686801 -73.818779 4.256674 -20.379884 -25.451909 0.000001 -0.000005 0.000001 -1.652345 -1.800464 18.874427 107.210495 -6.302657 10.079857 11.782192 8.244429 -11.463067 -0.000001 -0.000002 -0.000000 0.202378 -0.729355 9.332273 3.040491 3.113106 8.823695 -5.388329 -7.156833 8.258458 0.000001 0.000002 -0.000001 
-14.662506 101.060928 -10.346987 4.535390 -43.232963 -9.408907 -7.289980 3.398245 -12.352074 -1.447840 -0.725172 -0.795376 0.644610 -3.242084 -0.881557 9.759084 3.372828 -6.657102 0.000003 0.000001 0.000007 2.360112 -25.499075 20.719299 -57.359833 -26.232036 -7.528135 -70.074551 2.554721 8.031148 -0.000002 -0.000006 0.000002 -2.703565 11.413687 -44.553379 -16.096989 31.480591 -73.866085 4.669414 -20.501595 -25.748727 -0.000001 -0.000000 -0.000001 -1.771721 -1.849789 19.111909 107.234646 -6.285340 10.085672 11.534260 8.034982 -11.264901 0.000001 0.000001 -0.000001 0.144745 -0.721478 9.373861 2.782554 2.971606 9.002783 -5.306841 -6.897067 8.227291 0.000003 -0.000002 0.000001 
-14.600401 101.072357 -10.431170 4.755269 -43.399268 -9.445756 -7.523184 3.328560 -11.914532 -1.422992 -0.630743 -0.878554 0.682257 -3.161553 -0.916119 9.703467 3.419010 -6.581195 0.000001 -0.000002 0.000001 2.581428 -25.361969 21.335593 -57.860322 -26.859763 -7.475219 -69.044402 1.633889 10.459242 0.000002 -0.000000 -0.000002 -2.605343 11.312199 -44.709213 -15.871891 31.816298 -74.137277 4.758762 -20.481072 -25.964489 -0.000000 -0.000001 0.000002 -1.915353 -1.916468 19.237923 107.094136 -6.548971 9.747529 11.766889 8.149598 -11.392597 0.000001 -0.000000 -0.000001 0.035072 -0.738079 9.531909 2.509791 2.869548 9.046066 -5.073975 -6.535993 8.162242 0.000000 -0.000003 0.000001 
-14.527380 101.099083 -10.517560 4.548814 -43.536831 -9.633425 -7.319266 3.261129 -11.815938 -1.464619 -0.570498 -0.931475 0.715536 -2.849111 -0.852067 9.725429 3.454683 -6.540321 0.000001 -0.000005 0.000001 2.725127 -25.284018 21.531256 -58.012615 -27.044329 -7.660086 -68.663919 1.285078 11.126294 -0.000001 -0.000002 -0.000002 -2.383362 11.435583 -44.900400 -15.443594 31.300571 -74.357667 5.047268 -20.352874 -25.978669 -0.000003 -0.000002 -0.000000 -1.909798 -1.898360 19.211072 107.147780 -6.561000 9.759059 11.996175 8.244901 -11.565360 0.000001 -0.000000 0.000002 -0.027453 -0.770660 9.581684 2.596136 2.877652 8.938045 -4.953389 -6.238451 8.191592 -0.000000 0.000001 0.000002 
-14.450666 101.122169 -10.596087 3.851921 -43.059934 -9.775154 -6.768328 3.234393 -12.079048 -1.364693 -0.638408 -0.832920 0.614615 -2.975029 -0.860546 9.938486 3.448524 -6.538335 -0.000001 -0.000001 0.000004 2.341591 -24.954788 20.849914 -57.611047 -26.217958 -8.128676 -69.110921 2.569416 8.296528 -0.000000 -0.000003 -0.000001 -2.527776 11.393369 -44.746984 -15.588910 31.403164 -74.428756 4.331864 -20.337699 -25.879006 -0.000000 -0.000004 -0.000001 -1.654577 -1.822895 18.886177 107.047000 -6.043088 10.346736 11.944514 7.703454 -11.689610 -0.000002 -0.000000 0.000000 0.396623 -0.744596 9.403730 2.212369 2.842247 9.112476 -5.428115 -7.578870 7.622579 0.000001 0.000002 0.000000 
-14.374668 101.147224 -10.677283 3.641631 -43.160976 -9.834143 -6.668887 3.216851 -12.055281 -1.223528 -0.483624 -1.068808 0.587425 -2.804010 -0.790384 9.638441 3.041109 -6.086637 0.000003 -0.000003 -0.000000 2.137217 -25.058830 20.518310 -57.211379 -25.880493 -7.889803 -69.073184 3.033846 7.736805 0.000002 0.000001 0.000000 -2.568462 11.551230 -44.807240 -15.928476 31.356893 -74.156983 4.011781 -20.484921 -25.816203 -0.000003 -0.000000 -0.000000 -1.776856 -1.877221 18.977402 107.210918 -5.960619 10.453445 11.856100 7.587967 -11.656301 0.000002 0.000001 0.000001 0.355771 -0.735124 9.434562 2.293727 2.944756 8.989760 -5.597624 -8.219285 7.391142 0.000002 -0.000001 -0.000000 
-14.289289 101.173996 -10.752938 3.674173 -43.266206 -10.095847 -6.762462 3.163526 -11.875641 -1.393826 -0.669771 -0.793776 0.621205 -2.562305 -0.862647 9.949010 3.198368 -6.147988 0.000003 0.000000 -0.000001 2.200129 -24.823923 20.526779 -57.353761 -26.502961 -7.602636 -68.362674 2.350600 8.806675 0.000001 -0.000001 0.000001 -2.329280 11.781285 -44.816713 -15.707429 31.423866 -74.264592 4.687269 -20.401031 -25.663942 -0.000002 0.000002 0.000001 -1.967783 -1.929687 19.121442 107.115405 -6.271292 10.036539 12.039320 8.040035 -11.667135 0.000000 0.000000 0.000001 0.416606 -0.726536 9.516845 2.229524 2.806444 9.116463 -5.551004 -8.140457 7.532721 0.000001 -0.000003 -0.000000 
-14.200242 101.219879 -10.828101 3.184419 -43.132382 -10.601826 -7.069248 3.097470 -11.371701 -0.808140 -0.477663 -1.102675 0.329859 -2.415217 -0.453894 10.526904 3.297814 -6.252277 0.000002 -0.000004 0.000000 2.355181 -24.730430 20.881640 -57.640417 -26.126534 -8.548150 -68.084699 2.988871 7.098593 0.000003 -0.000002 -0.000001 -2.225599 11.772346 -44.749828 -15.496863 31.385047 -74.259053 5.234041 -20.382920 -25.752747 -0.000002 -0.000001 0.000002 -2.054594 -1.908240 19.329673 106.990535 -6.323816 10.013715 12.197650 8.037142 -11.828838 0.000002 0.000002 0.000005 0.606815 -0.780096 9.853788 2.192585 2.787250 9.104535 -5.519731 -8.000895 7.541382 -0.000000 -0.000001 0.000002 
-14.102302 101.278481 -10.902778 2.759428 -42.628402 -10.699887 -6.763936 3.059930 -11.486964 -0.477122 -0.487758 -1.059887 0.070067 -2.549791 -0.496637 10.637648 3.040447 -5.726370 -0.000000 -0.000001 0.000001 2.854366 -24.920164 21.481129 -57.950139 -26.958296 -8.273592 -67.156442 2.323517 8.731760 -0.000001 -0.000006 -0.000003 -2.010113 11.764937 -44.523968 -14.887852 30.969905 -74.434910 5.255096 -20.343339 -26.316229 -0.000003 -0.000002 -0.000000 -2.685556 -2.061057 19.533685 107.313767 -5.915203 10.592845 11.825993 7.749295 -11.594390 0.000001 0.000001 0.000000 0.635375 -0.755289 9.768081 2.274410 2.923807 9.175656 -5.422699 -7.758795 7.719128 -0.000000 0.000001 -0.000000 
-13.996748 101.379593 -10.974266 2.143681 -42.014413 -11.133947 -6.038617 2.897008 -11.338114 -0.488805 -0.494463 -1.030608 0.054712 -1.721651 -0.403046 10.616336 2.790614 -5.287804 -0.000000 -0.000001 0.000002 2.997963 -24.707852 21.447933 -58.183766 -26.396466 -9.788744 -66.811155 3.028838 6.114688 -0.000004 -0.000005 -0.000001 -2.055205 11.251278 -44.225099 -14.234462 31.079082 -74.930290 4.955438 -19.785557 -26.850812 -0.000002 0.000000 0.000001 -3.187120 -2.093902 19.493167 106.785281 -6.207631 10.212780 11.953423 7.252831 -11.915011 -0.000002 0.000001 0.000002 1.460531 -0.720116 9.519508 1.393917 2.703225 9.600662 -5.473007 -8.407914 7.102346 -0.000000 -0.000003 -0.000000 
-13.870850 101.531631 -11.049850 0.813503 -41.149516 -11.590325 -5.282929 2.672275 -10.865818 -0.331635 -0.404119 -0.971324 -0.061378 -0.428763 -0.316655 10.830724 2.644351 -4.510297 0.000003 -0.000004 -0.000003 2.761257 -23.802188 21.270961 -58.321585 -25.354473 -11.561547 -65.411779 4.339382 3.312864 0.000002 -0.000008 0.000002 -1.708300 11.763003 -44.622398 -13.793537 30.981332 -75.229937 4.600057 -19.988832 -26.865648 -0.000004 -0.000003 0.000001 -4.295225 -2.463783 19.310599 106.061670 -6.705904 9.439315 11.890267 6.126680 -11.977484 -0.000000 -0.000003 0.000001 2.979016 -0.654010 9.344391 0.765992 2.490475 8.561097 -5.091320 -7.609897 7.411051 0.000002 -0.000002 -0.000002 
-13.738652 101.698593 -11.110954 0.039386 -40.626935 -11.769061 -4.915097 2.507757 -10.472043 -0.281734 -0.381747 -0.997876 -0.179581 0.476027 -0.085767 11.648671 2.693437 -4.660810 -0.000000 -0.000002 -0.000001 2.607126 -22.651544 20.924197 -58.645056 -24.861684 -12.980879 -63.982091 5.504248 -0.312013 -0.000004 -0.000001 -0.000000 -1.672855 11.369548 -44.385527 -13.105624 30.998834 -75.874440 4.604104 -19.429197 -27.103859 -0.000000 -0.000002 0.000000 -4.797012 -2.442913 18.866565 104.592333 -7.490180 8.367088 11.818576 5.696453 -11.937069 -0.000001 -0.000001 0.000003 4.030199 -0.668748 8.972697 0.394737 2.232873 7.825885 -5.006068 -7.085403 7.322204 0.000001 -0.000003 -0.000000 
-13.565350 101.932999 -11.158172 -1.181349 -39.149049 -11.900223 -3.783842 2.099290 -9.707768 0.458524 0.219150 -1.792619 -0.798834 2.217064 0.472728 11.737935 1.447112 -3.316735 -0.000001 -0.000004 -0.000003 3.716638 -23.707146 21.255194 -58.612647 -25.971857 -13.290310 -61.551527 3.595748 2.984087 0.000003 -0.000002 -0.000001 -1.341204 10.649701 -44.567906 -11.149404 30.259411 -76.521102 7.290015 -19.527987 -27.193206 0.000000 -0.000004 -0.000001 -6.061201 -2.827773 18.095919 102.208911 -8.034988 7.554409 11.635739 6.857774 -11.136140 -0.000002 0.000001 -0.000001 5.064010 -0.418117 9.028214 -0.063910 2.055881 6.691854 -5.254565 -7.286442 6.729597 0.000001 -0.000003 -0.000002 
-13.352677 102.222710 -11.192188 -1.028420 -37.290295 -11.565558 -2.863711 1.822287 -8.872113 0.464121 -0.030808 -1.488926 -1.395968 3.622578 0.644340 11.708794 0.262976 -2.512986 0.000001 -0.000002 0.000001 3.263640 -24.059203 19.993586 -54.410868 -24.568930 -10.560166 -59.085364 4.327930 1.565881 -0.000001 -0.000000 -0.000002 -0.991988 11.542344 -44.171479 -10.717945 28.158158 -77.598783 6.296920 -18.968574 -26.013107 -0.000002 0.000002 -0.000001 -8.457215 -3.112087 17.488827 98.075130 -8.259269 6.973424 11.423169 6.349495 -11.210585 -0.000001 -0.000001 -0.000001 4.988856 -0.523898 9.390218 -0.200971 2.143298 5.555464 -5.394659 -8.140008 6.171718 0.000000 -0.000006 -0.000001 
-13.131447 102.505318 -11.221227 -0.819676 -36.271303 -11.059478 -2.800643 1.625094 -7.945694 1.204200 0.504434 -2.294511 -2.171118 4.336275 1.352304 11.339719 -0.450146 -2.000001 -0.000001 -0.000002 0.000001 3.287995 -23.504011 19.649650 -50.785107 -23.486113 -8.566521 -58.109194 4.558340 0.195786 0.000000 -0.000001 -0.000004 -0.594271 11.708206 -44.053095 -9.995118 26.969142 -78.135383 6.053026 -18.778405 -25.839280 -0.000002 -0.000004 0.000000 -10.301570 -3.453403 17.106303 94.174286 -8.426690 6.278061 10.785666 6.417078 -10.513082 -0.000000 -0.000001 -0.000000 4.941805 -0.537995 9.477663 -0.779114 1.895335 4.921146 -6.002545 -9.009219 5.822857 0.000000 -0.000004 -0.000000 
-12.855392 102.825989 -11.249363 -1.195911 -33.091870 -9.660509 -1.307721 1.454812 -7.888255 0.490121 0.439466 -2.130767 -2.368238 4.699604 1.614934 11.322356 -1.096864 -1.182600 -0.000001 0.000002 0.000001 3.091659 -22.460997 19.759640 -48.480300 -21.370673 -9.561759 -55.212562 5.974534 -5.668127 0.000002 -0.000002 -0.000001 0.017532 12.639595 -43.239056 -9.215482 26.677500 -79.710213 8.248987 -18.534058 -24.772121 -0.000002 -0.000001 0.000001 -12.173683 -3.318674 14.949587 88.579070 -8.234288 6.141053 8.261014 6.576411 -8.095901 -0.000001 -0.000001 -0.000000 5.122138 -0.611087 8.637429 -1.642865 1.899398 4.473139 -6.762845 -11.146913 4.227724 -0.000000 -0.000006 0.000000 
-12.543833 103.179047 -11.267448 -1.663835 -29.738838 -7.932745 -0.473726 1.401429 -7.802442 0.846767 0.608512 -2.462895 -3.553810 5.154939 2.255072 11.630332 -1.987002 -0.261577 -0.000002 0.000000 0.000000 2.461560 -22.227567 18.864696 -45.132794 -17.487885 -11.441211 -50.527178 8.408555 -14.609372 0.000001 -0.000002 -0.000003 -0.328907 13.109255 -41.506144 -10.034048 28.081723 -79.991187 10.371752 -19.065063 -23.897667 -0.000003 -0.000002 0.000001 -14.743170 -3.359068 13.417328 82.379902 -9.307711 3.964198 5.843598 9.078254 -5.071279 0.000000 0.000000 0.000000 5.063534 -0.719155 7.542795 -1.646620 2.205955 3.611918 -7.229178 -12.605950 3.021964 0.000000 -0.000002 -0.000001 
-12.242642 103.568466 -11.331681 1.084795 -25.232652 -6.705539 -0.028474 1.386275 -6.837490 -1.639092 -0.340586 -1.193891 -1.676261 3.240155 0.803531 9.777099 -2.363923 -0.937737 0.000002 0.000001 -0.000000 1.039366 -20.153972 19.150734 -44.222521 -14.842990 -13.383247 -44.308626 10.238570 -22.508707 -0.000001 -0.000004 -0.000001 -2.213819 11.144581 -39.251933 -11.631808 30.838673 -80.522992 12.110445 -20.101057 -23.701713 -0.000002 -0.000003 0.000001 -18.164577 -3.596250 12.712052 76.924685 -8.877657 3.887673 6.674740 10.187422 -5.789672 0.000001 -0.000001 0.000003 5.018324 -0.808013 6.678346 0.567067 2.819241 2.829359 -3.662901 -6.467227 3.622518 0.000002 -0.000003 0.000001 
-11.898920 103.922760 -11.338830 2.007106 -21.051379 -5.183701 1.159486 1.332321 -6.817189 -2.812725 -0.880414 -0.491526 -0.956419 3.535512 0.287392 8.905456 -3.007778 -0.289888 0.000000 0.000001 -0.000000 0.665807 -20.152891 18.514061 -42.089941 -11.931237 -15.934285 -36.148530 10.472616 -31.581644 0.000000 -0.000004 -0.000002 -3.030152 9.926538 -37.693232 -11.967042 31.021128 -80.296769 13.174197 -19.979693 -24.445930 -0.000001 -0.000001 0.000002 -20.689007 -3.413860 11.187789 69.753006 -8.346174 3.767744 5.098571 7.755498 -5.110140 0.000003 -0.000000 -0.000003 4.825288 -0.907654 5.771686 0.805659 2.869014 2.901597 -2.741568 -5.842122 2.447010 -0.000000 0.000000 -0.000001 
-11.514503 104.246704 -11.300535 0.345979 -18.603186 -3.607514 2.256315 1.216991 -7.012991 -1.258872 -0.388312 -1.435016 -1.923187 3.620370 1.299789 8.750424 -2.755995 -0.733381 0.000001 -0.000001 -0.000000 -0.749492 -18.212049 15.806116 -36.080454 -6.398769 -17.991009 -23.012282 9.075950 -42.193651 0.000002 0.000000 -0.000001 -2.304465 12.514345 -35.860706 -12.929415 29.113866 -79.912653 11.571418 -20.929125 -24.466231 0.000002 0.000002 0.000001 -20.079103 -2.653501 9.371158 61.397936 -9.114362 1.516130 1.656444 7.969019 -2.046303 0.000000 0.000001 -0.000000 4.166660 -1.062404 4.357409 0.395590 3.292102 3.392620 -4.412243 -9.345362 1.872437 -0.000000 -0.000005 0.000000 
-11.143174 104.535141 -11.262687 -0.666808 -16.057928 -2.406840 2.774534 1.204197 -6.846817 -0.885927 -0.363062 -1.579210 -2.244029 3.061490 1.125037 9.432304 -2.915720 -0.731252 -0.000001 -0.000001 -0.000000 -1.354115 -18.945376 13.723735 -30.734813 -2.334643 -18.181837 -11.395218 6.116796 -49.440468 0.000000 0.000000 -0.000001 -2.346781 13.722558 -35.019958 -14.816113 28.001096 -77.303316 8.827974 -21.044378 -24.541433 -0.000001 -0.000001 0.000001 -18.479002 -1.885222 7.669330 52.425892 -8.745194 1.071358 -0.570329 6.398772 -0.499818 0.000002 -0.000002 -0.000000 4.281345 -1.202757 3.378132 -0.354467 3.363761 3.762734 -6.098669 -12.840062 0.756920 0.000002 -0.000002 -0.000001 
-10.725361 104.779457 -11.217343 -1.088963 -15.225159 -1.225663 3.047433 1.117214 -6.051409 -0.936622 0.096637 -2.327588 -2.447696 3.582073 1.342728 8.968980 -2.975920 -0.735089 0.000001 0.000000 -0.000000 -2.055936 -17.705664 13.077382 -26.522224 0.021062 -16.854475 -2.378191 4.007630 -49.614139 0.000003 -0.000001 -0.000000 -2.986204 12.885341 -34.545048 -16.637661 27.119322 -73.209779 6.278407 -20.825301 -25.789761 -0.000001 -0.000006 -0.000001 -17.302240 -1.359108 6.272072 41.824035 -8.187093 0.260484 -1.401844 6.617675 0.183421 0.000002 0.000000 0.000000 4.634944 -1.265027 1.771389 -1.482938 3.603999 3.774680 -7.503063 -15.739037 0.130282 0.000001 -0.000004 -0.000001 
-10.282065 105.046745 -11.183009 0.041032 -13.220096 -1.455449 1.538246 0.962629 -3.816594 0.356633 0.213463 -2.432539 -2.894081 3.267591 1.144462 7.606648 -2.540757 -0.216348 0.000001 -0.000000 0.000000 -2.293981 -17.365816 12.169637 -22.998188 1.924328 -14.142213 2.233330 5.009923 -45.126531 -0.000001 -0.000005 0.000000 -3.094238 12.992094 -33.085645 -17.736931 24.841360 -70.105840 3.661551 -21.348475 -27.358080 -0.000004 0.000001 0.000005 -18.308978 -1.524442 6.287286 33.086618 -7.710505 -0.204846 -0.451408 5.483584 -1.281868 -0.000000 0.000002 -0.000000 3.065911 -1.213453 2.527468 -1.776334 4.140595 3.579602 -7.879214 -16.881741 0.842969 0.000001 -0.000001 -0.000001 
-9.845198 105.282791 -11.152603 -0.349887 -11.956395 -1.912658 3.712797 0.640320 -2.689436 -0.914650 -0.015113 -1.755206 -2.004202 3.362259 0.542233 5.800972 -2.573056 -0.195823 0.000001 0.000000 0.000000 -1.910727 -17.001032 11.852463 -22.104379 1.061342 -11.857439 3.259473 6.050034 -39.616757 -0.000000 0.000002 -0.000002 -2.580499 12.754376 -31.845986 -16.303508 23.510472 -69.195246 3.918143 -21.304081 -29.432054 -0.000002 -0.000006 -0.000001 -18.766442 -1.930673 6.205940 28.544663 -7.239176 -0.898455 -1.423908 6.297700 0.255330 -0.000001 0.000001 0.000000 2.464201 -0.853276 2.978601 -1.772095 4.099440 3.586651 -9.709902 -19.543661 0.208869 0.000001 0.000003 0.000001 
-9.394148 105.501328 -11.136694 -0.346818 -11.528796 -2.461552 4.907232 0.450535 -1.415381 -0.562545 -0.088313 -1.645486 -3.239286 3.984639 0.630929 5.653687 -2.581162 -0.440061 -0.000000 -0.000001 0.000000 -2.449535 -16.797471 10.481922 -17.884944 3.784794 -9.866703 4.461759 8.170165 -34.178041 0.000001 -0.000005 -0.000001 -2.883771 12.767948 -29.754107 -16.666046 20.826563 -66.567570 0.580732 -20.713208 -30.420669 -0.000001 -0.000001 0.000002 -17.796990 -1.945922 6.146453 24.371182 -6.789754 -1.134007 -1.376234 6.210846 0.338822 0.000000 -0.000001 -0.000000 2.315256 -0.744024 3.106458 -2.473685 3.880258 3.931547 -10.957821 -21.846782 -1.267923 0.000001 -0.000002 -0.000001 
-8.945056 105.689575 -11.125125 -2.094252 -11.010361 -2.919830 7.018654 0.301913 -0.602630 -0.043365 0.062823 -1.659299 -3.864527 3.575028 0.607763 4.304890 -2.000113 -0.341597 0.000001 0.000000 0.000000 -2.998070 -14.634937 8.524190 -12.701783 6.457953 -8.208847 1.497751 10.302974 -28.470858 0.000000 -0.000001 0.000001 -2.693053 12.511362 -26.851845 -16.134742 18.771964 -64.083123 -1.067505 -19.823579 -31.736177 -0.000003 0.000003 0.000002 -15.168310 -1.596277 5.770133 21.302105 -6.274328 -0.894175 -1.022217 6.179032 0.104239 -0.000001 -0.000000 -0.000000 4.039663 -0.804491 2.930640 -2.986347 3.887304 4.083036 -11.460783 -23.123412 -1.731931 0.000001 -0.000006 -0.000001 
-8.515049 105.843102 -11.113673 -1.470113 -10.382072 -2.934082 5.021281 0.311608 0.178735 1.506870 0.289785 -2.028110 -4.038763 2.980641 0.766937 3.517698 -1.765025 -0.177040 -0.000000 -0.000000 0.000000 -3.347303 -12.198825 7.428965 -9.486813 8.111386 -7.108296 0.227854 11.450313 -24.214916 -0.000002 -0.000004 -0.000002 -2.676605 12.328354 -24.655291 -16.144829 17.461821 -61.599782 -1.242028 -19.765435 -32.620434 -0.000006 0.000000 0.000001 -14.191905 -1.428618 5.420494 18.603928 -6.363382 -0.732397 -0.815611 6.588685 -0.053833 -0.000001 -0.000002 -0.000000 3.906865 -0.799643 2.834440 -3.575553 4.076176 4.235644 -11.943016 -24.091342 -2.427876 0.000000 0.000002 -0.000000 
-8.091360 105.967781 -11.093499 -1.255879 -9.583253 -2.894781 3.890770 0.333731 0.484073 1.444496 0.288914 -2.030808 -3.349189 3.453340 0.965914 2.634823 -2.285693 0.231079 0.000000 0.000000 0.000001 -3.480699 -12.030700 6.618853 -5.556533 10.406627 -6.394552 1.222745 12.362588 -19.564368 0.000004 -0.000002 -0.000001 -3.401475 10.776725 -21.993902 -16.065167 14.938326 -58.262545 -2.634434 -18.682063 -32.528865 -0.000002 -0.000009 -0.000000 -14.247969 -1.424782 5.478178 17.309207 -6.185771 -1.160739 -0.262185 5.972791 -0.784904 -0.000000 -0.000001 0.000000 4.329824 -0.844080 2.707064 -4.309901 3.909217 4.204858 -12.217547 -24.610903 -3.069785 -0.000001 -0.000004 -0.000001 
-7.645009 106.077286 -11.038233 -1.347283 -8.942769 -2.315406 3.616090 0.289393 0.465373 2.083414 0.409341 -2.090763 -3.761261 2.462387 0.898190 2.171904 -1.623443 -0.177211 -0.000000 -0.000000 0.000001 -3.463286 -9.686861 5.615464 -1.751708 11.691818 -5.273440 -0.778978 12.441441 -14.964466 0.000001 -0.000006 -0.000001 -3.555691 8.922747 -19.602057 -15.217607 13.324555 -53.905393 -4.017662 -16.796468 -32.073069 0.000000 -0.000002 0.000001 -12.453515 -1.172405 4.576661 14.751346 -5.841594 -1.467173 -0.403087 6.017780 -0.400495 -0.000000 -0.000000 0.000000 3.694812 -0.654716 1.757783 -3.112089 3.860739 4.268980 -12.778934 -25.203637 -4.277604 -0.000000 -0.000006 -0.000001 
-7.211150 106.169716 -10.981453 -1.188821 -8.300150 -1.777864 3.383679 0.257705 0.350208 1.933770 0.453434 -2.032873 -3.224249 1.622965 0.814362 0.962064 -1.047101 -0.583716 -0.000000 -0.000000 0.000001 -3.720709 -6.891176 5.153670 0.407483 12.435801 -4.371523 -1.310074 12.604352 -12.332602 0.000003 0.000002 -0.000002 -3.796743 7.846119 -17.631693 -14.446134 11.635454 -50.635645 -4.702610 -16.367853 -32.279655 -0.000004 -0.000003 0.000001 -10.776796 -1.072633 3.739123 12.097169 -5.492964 -1.584469 -0.350153 5.961693 -0.372597 -0.000001 0.000001 0.000000 2.531260 -0.417198 1.063587 -1.690143 3.914363 4.332452 -13.406362 -25.970773 -5.229848 0.000001 0.000002 0.000000 
-6.760926 106.232536 -10.921059 -2.523613 -7.022396 -1.392157 5.145604 0.106747 0.228093 1.200535 0.118050 -1.310701 -3.362760 0.682329 0.218965 1.102323 -0.402502 -0.865316 0.000000 -0.000001 0.000000 -3.684232 -4.499340 4.652998 1.843087 12.637489 -2.670266 -0.785098 13.016888 -10.501250 0.000002 -0.000004 -0.000002 -3.999068 6.164004 -15.175931 -13.388145 10.043663 -46.619330 -5.403446 -16.264820 -31.563431 -0.000001 -0.000002 -0.000001 -6.515627 -0.836353 2.701212 8.455082 -5.107369 -1.374816 -0.705375 5.245207 -0.038351 0.000000 -0.000000 -0.000000 2.641915 -0.180931 0.188297 0.205431 3.997090 4.572193 -13.704026 -26.080463 -5.305826 -0.000000 -0.000005 -0.000001 
-6.297029 106.271118 -10.850954 -1.713258 -6.016383 -1.373243 3.627683 0.048727 0.869635 2.172938 -0.087045 -0.924303 -3.375356 0.058384 -0.202236 0.665504 -0.196338 -1.400509 -0.000000 0.000000 0.000000 -2.922426 -4.727231 4.080231 2.654865 11.972966 -1.324309 -2.676586 12.227932 -7.133934 0.000002 0.000001 -0.000000 -3.482356 5.905779 -12.688180 -11.127277 7.249344 -42.734868 -5.132513 -15.108339 -31.202616 -0.000004 -0.000002 0.000001 -6.479483 -0.811378 2.216184 7.670294 -4.576718 -1.244506 -1.298114 4.538164 0.668401 -0.000000 -0.000001 -0.000000 -0.158311 0.054254 -0.425941 3.311881 3.665081 5.324250 -13.899811 -25.194001 -4.187128 -0.000001 -0.000001 -0.000001 
-5.846732 106.285698 -10.785615 -2.832311 -5.543010 -1.452123 5.110614 -0.006239 0.971134 2.071096 -0.416251 -0.364941 -3.284396 0.262821 -0.483548 -0.413645 -0.114394 -1.662566 0.000001 0.000001 -0.000000 -3.208635 -3.345708 3.432364 2.503930 11.877181 0.487990 -3.530535 12.262583 -6.876614 -0.000000 0.000000 -0.000001 -3.832210 4.403424 -10.476091 -10.639768 5.869342 -40.029591 -4.733376 -15.057721 -29.815821 -0.000001 -0.000004 -0.000001 -5.588542 -0.743883 1.813388 8.197062 -4.171261 -1.153318 -2.348245 3.956251 1.734076 -0.000000 0.000000 -0.000000 -1.063988 0.114467 -1.085368 6.097539 3.618850 5.970103 -13.801546 -24.883774 -4.038895 -0.000000 0.000001 -0.000000 
-5.388206 106.278351 -10.725142 -2.027626 -4.276201 -1.527153 4.397271 -0.058886 1.219669 1.976549 -0.698668 0.053340 -2.905150 -0.834903 -0.487600 -1.533567 0.231846 -2.351768 0.000000 0.000000 -0.000000 -2.920488 -2.121767 2.835075 1.963503 10.806695 2.367582 -4.864771 11.013940 -6.199927 -0.000001 -0.000007 -0.000000 -3.181836 5.646070 -7.840070 -9.045590 3.716658 -36.644525 -3.177592 -14.482914 -29.562879 0.000001 -0.000002 0.000001 -5.938880 -0.565773 1.666121 7.774519 -3.891019 -1.085231 -3.128897 3.063006 2.275884 -0.000001 0.000000 -0.000000 -4.860814 0.504275 -2.098776 10.993758 3.847450 7.745133 -14.081473 -24.526492 -4.795066 0.000000 -0.000005 -0.000001 
-4.911653 106.261986 -10.667388 -2.761330 -3.719539 -1.459280 6.357502 -0.065685 1.075901 1.603343 -0.769698 0.033717 -3.248447 0.566369 0.159228 -3.894337 -0.484773 -2.402628 -0.000001 0.000001 0.000000 -2.583238 -3.751531 2.216393 1.960920 10.362675 3.707898 -4.450621 9.787824 -5.698151 -0.000000 -0.000002 -0.000001 -3.354706 4.295551 -5.312700 -7.736228 1.461802 -33.228959 -1.879387 -13.637728 -28.118907 -0.000001 -0.000003 -0.000003 -3.868404 -0.200092 1.486474 5.900156 -3.118560 -1.597340 -3.077249 2.652907 2.136549 -0.000000 -0.000000 0.000000 -7.607552 0.792827 -3.594375 16.573536 4.275967 9.242171 -13.336125 -22.845202 -5.022974 0.000000 -0.000001 0.000001 
-4.459904 106.241631 -10.608412 -2.313934 -2.831479 -1.511678 5.644485 -0.055635 1.210286 2.178856 -0.852829 0.371997 -2.963985 0.824011 0.058239 -4.779477 -0.660430 -1.872123 -0.000000 0.000001 0.000000 -2.300562 -4.285517 1.967028 1.612236 9.263120 4.501469 -5.129223 8.845179 -5.192448 -0.000000 -0.000003 -0.000001 -3.264677 2.717134 -3.523172 -6.098241 0.062082 -30.612922 -1.279265 -12.515569 -26.713831 -0.000000 -0.000004 -0.000001 -3.097337 -0.228199 1.600739 4.842018 -2.361950 -1.959117 -2.843084 1.365117 1.981332 0.000000 0.000000 0.000000 -9.947714 1.092576 -4.402130 20.487868 4.534507 10.444828 -12.732783 -22.068157 -5.933641 -0.000000 -0.000003 -0.000001 
-3.999055 106.193977 -10.545569 -1.679339 -2.508977 -1.220368 5.339243 -0.036400 1.144607 1.908851 -0.966345 0.359907 -2.902742 0.265710 0.140107 -4.041514 -0.481755 -2.414220 -0.000000 -0.000000 -0.000000 -2.147806 -3.644950 1.715350 1.653420 9.106673 4.982130 -5.666944 8.044508 -5.132057 -0.000003 0.000000 -0.000002 -3.131728 2.523322 -1.895880 -5.225267 -1.839710 -26.940693 -0.725183 -11.614168 -24.775661 -0.000000 0.000002 -0.000001 -2.352592 0.201902 1.355977 3.968397 -2.178898 -2.724788 -3.325663 0.945463 2.129336 -0.000000 -0.000000 0.000000 -12.977455 1.351953 -5.445896 25.399991 5.438453 10.923621 -12.137903 -21.372659 -6.825035 0.000002 -0.000003 -0.000000 
-3.556919 106.109802 -10.458799 -0.644560 -1.811823 -1.055001 4.395608 0.014638 1.068137 2.707278 -1.087958 0.389426 -3.653569 0.153022 0.296820 -4.283117 -0.561981 -2.192536 -0.000000 -0.000000 0.000000 -2.048744 -2.994256 1.360723 1.232156 8.694191 4.898759 -6.213491 7.621920 -4.601233 -0.000000 -0.000002 -0.000001 -3.039695 1.770647 -0.627185 -3.461059 -4.313341 -23.047497 -1.162435 -10.335530 -22.564290 -0.000001 -0.000001 -0.000002 -1.857011 0.633639 1.168512 3.558987 -2.053513 -2.926538 -3.538815 -0.233805 1.898999 -0.000001 -0.000000 0.000000 -14.768520 1.412166 -6.116046 28.992551 6.183470 11.191282 -12.006986 -21.103039 -7.862820 0.000001 0.000004 0.000001 
-3.138225 106.040894 -10.369433 0.139623 -1.040431 -0.931465 4.220717 0.006000 1.120533 2.493499 -1.201334 0.582337 -3.368125 0.198209 0.069202 -4.585637 -0.885417 -1.995000 -0.000000 -0.000000 0.000000 -2.176426 -3.044298 0.876465 1.310623 8.584588 4.549041 -6.250025 7.789721 -3.562406 0.000001 0.000001 -0.000003 -2.976262 1.999605 0.199121 -1.695504 -6.165768 -19.711026 -1.577028 -9.764046 -21.489749 0.000001 -0.000002 -0.000002 -1.855849 0.593547 0.976924 3.040728 -1.658348 -2.847931 -3.226231 -1.248817 1.404898 -0.000001 0.000000 0.000000 -15.981774 1.647841 -6.497377 30.834179 6.433067 11.572375 -11.424900 -20.443243 -8.129311 -0.000002 0.000000 -0.000000 
-2.744685 105.984673 -10.265744 -0.847936 -1.208570 -0.732945 5.753631 -0.016710 0.653693 0.898242 -1.053102 0.460726 -2.464662 0.761109 0.443652 -4.457830 -1.083387 -1.672913 0.000000 -0.000000 0.000000 -2.109340 -4.060877 0.744812 1.449288 8.464989 3.359582 -4.750848 8.187302 -1.713173 -0.000002 -0.000004 -0.000001 -3.109664 1.780176 0.712035 -0.413021 -7.239989 -15.696828 -1.319735 -9.668667 -19.695337 -0.000000 -0.000005 0.000001 -0.412974 0.649653 0.610592 2.474048 -1.257184 -2.738655 -2.698290 -1.249437 1.186091 -0.000000 0.000000 0.000000 -15.451227 1.367806 -5.924352 31.535625 5.869891 9.776050 -8.680919 -16.372389 -6.533907 -0.000002 -0.000001 -0.000001 
-2.390371 105.944344 -10.132866 -1.860646 0.393260 -0.917348 6.384687 -0.114493 0.811734 0.479199 -1.140227 0.680474 -2.431227 -0.371072 0.345058 -5.056499 -0.787154 -1.515846 -0.000001 -0.000000 0.000000 -1.960046 -1.882185 0.846484 0.928262 7.332270 2.174481 -2.616542 8.024703 -0.813585 -0.000001 -0.000001 0.000001 -2.815022 1.719502 1.506558 0.817486 -7.440778 -11.951398 0.991667 -9.962674 -18.818440 -0.000004 0.000002 0.000001 1.049330 0.648334 0.839090 2.497135 -1.200158 -2.161601 -1.981342 -2.580414 0.223948 -0.000001 -0.000000 -0.000000 -14.698477 1.010636 -4.659186 29.301587 4.849285 8.410657 -5.853779 -11.399594 -4.634568 0.000000 0.000000 -0.000000 
-2.070850 105.909615 -9.996234 -2.443234 1.274161 -1.039898 5.988051 -0.127164 0.842279 0.802820 -1.221581 0.962884 -2.599998 -0.934340 0.148394 -4.926025 -0.582457 -1.260959 -0.000000 -0.000000 0.000000 -1.488021 -2.537981 1.002528 1.048719 6.928428 0.966622 -0.443711 8.056528 0.639382 0.000000 -0.000000 -0.000002 -2.556814 1.108873 2.073590 1.506781 -7.305142 -9.488761 2.364886 -9.812404 -17.872769 -0.000005 0.000001 -0.000003 2.006131 0.589665 0.918546 2.559094 -1.352985 -1.654213 -1.505502 -3.393681 -0.390143 -0.000000 0.000000 0.000000 -14.435584 0.820382 -3.555440 27.588618 4.295186 7.228414 -3.443246 -7.196716 -3.557264 0.000001 -0.000002 -0.000000 
-1.776683 105.899818 -9.866755 -2.074414 1.080982 -0.981651 4.176945 -0.069435 0.574470 1.137265 -1.133703 1.051087 -1.882664 -0.078205 0.151971 -3.462553 -0.869899 -0.870888 0.000001 -0.000000 -0.000000 -1.319241 -2.914706 0.870713 1.032165 6.390472 0.324246 0.294580 7.844784 0.880676 0.000000 -0.000001 -0.000000 -2.724383 -1.547209 2.230037 2.228153 -7.216677 -7.135157 2.303926 -9.549945 -16.078878 0.000001 -0.000003 0.000003 2.134429 0.310550 0.751069 2.560901 -1.103544 -1.487378 -1.911497 -3.559738 0.195131 -0.000001 -0.000000 0.000000 -15.302165 0.836207 -2.158620 24.842248 3.485187 5.171819 -1.942848 -4.239287 -2.475461 0.000003 -0.000001 -0.000000 
-1.512215 105.905952 -9.741441 -2.271090 0.989632 -0.750993 4.040169 -0.027393 0.091625 0.899442 -1.088317 1.135297 -1.357921 -0.202939 0.036858 -2.921220 -0.951521 -0.524778 0.000001 -0.000001 -0.000000 -1.192899 -1.974452 0.708527 0.756914 5.312384 -0.085306 1.500836 7.014714 1.618473 -0.000000 -0.000002 -0.000001 -2.354733 -1.757836 2.315928 2.167494 -6.288916 -4.697678 1.215640 -8.029998 -15.054148 -0.000004 0.000002 0.000000 2.886422 0.272294 0.578400 2.293889 -0.853727 -1.452186 -1.798778 -3.727565 0.140368 0.000000 0.000000 0.000001 -14.233196 0.643812 -1.202590 22.342039 2.982166 3.214187 -1.106002 -2.570866 -1.898278 -0.000002 -0.000002 -0.000000 
-1.276555 105.914688 -9.616241 -2.034093 0.850418 -0.543282 3.578946 -0.025641 -0.231756 1.784207 -0.999091 1.195879 -1.963012 -0.486627 -0.088609 -2.690071 -0.694493 -0.201568 0.000000 -0.000000 0.000000 -0.972532 -1.799023 0.933695 1.290355 5.112334 -0.725044 1.888572 6.712505 2.066258 0.000002 -0.000004 -0.000002 -2.178034 -1.849437 2.097815 2.383357 -5.835486 -2.936519 0.320881 -7.747945 -13.938518 -0.000001 -0.000001 0.000001 3.061873 0.076864 0.281067 1.513145 -0.699445 -1.379781 -0.896853 -3.080615 -0.296138 -0.000001 -0.000000 -0.000000 -13.408440 0.635372 -0.627549 21.088371 2.768597 1.832756 -0.535221 -1.682410 -1.674013 -0.000003 -0.000002 -0.000001 
-1.069010 105.932869 -9.500171 -2.075714 0.618799 -0.460900 3.175140 -0.090928 -0.411803 1.750710 -0.796407 1.133842 -1.902305 -0.443950 -0.106936 -2.011177 -0.437168 0.169346 -0.000000 0.000000 0.000001 -0.183636 -1.668039 1.115482 1.532744 3.738529 -1.577849 1.280936 5.056317 3.446329 0.000001 -0.000004 -0.000002 -1.333382 -1.618042 1.704680 2.025264 -3.950504 -0.979745 -0.954822 -5.869061 -13.821777 -0.000002 -0.000002 -0.000001 3.000121 -0.010208 0.113840 1.721685 -0.541506 -1.255294 -0.725014 -2.749922 -0.096314 -0.000001 -0.000000 0.000000 -12.441580 0.643139 -0.312632 19.280794 2.301902 1.132593 -0.545330 -1.283617 -1.183274 0.000000 -0.000001 -0.000000 
-0.893589 105.962654 -9.371681 -0.630423 0.761147 -0.483946 1.295679 0.034908 -0.442523 1.514707 -0.673990 0.856641 -0.971060 -0.238270 0.081751 -2.451022 -0.803068 0.330134 0.000000 -0.000000 0.000000 -0.357415 -1.825088 1.032926 1.875858 4.130199 -2.054494 1.868343 4.695141 3.676739 -0.000000 -0.000000 -0.000003 -1.430088 -1.745675 1.731346 1.901340 -4.054621 -0.140132 -0.863254 -5.123413 -11.983849 -0.000001 -0.000001 0.000001 1.228487 0.030453 0.259612 1.829116 -0.273442 -1.142933 -0.379739 -1.861421 -0.032790 0.000000 0.000000 0.000000 -11.810078 0.469323 -0.067071 16.152349 1.706786 0.761630 0.471995 0.356824 -1.434917 -0.000000 0.000000 -0.000000 
-0.741373 105.995171 -9.247713 -0.426280 0.878144 -0.636218 1.367867 0.037266 -0.311048 1.194819 -0.554040 0.682261 -0.540556 -0.303348 0.164732 -2.524867 -0.895185 0.368017 -0.000000 -0.000000 0.000000 -0.439570 -1.349424 1.143719 2.348813 4.238854 -2.426219 1.812335 3.935699 3.881153 0.000003 -0.000003 -0.000001 -1.229522 -0.902237 1.763426 1.207555 -3.433799 0.606299 -1.716080 -4.113131 -11.373778 -0.000002 0.000000 0.000001 0.323905 0.014357 0.507325 2.296935 -0.002081 -0.940834 -0.116215 -1.898488 -0.183681 -0.000000 -0.000000 0.000000 -10.458700 0.312141 0.152805 13.941463 1.149530 0.664032 0.934974 1.276321 -1.432553 0.000000 -0.000002 -0.000000 
-0.628562 106.039246 -9.130710 -0.194961 0.826430 -0.893904 0.335258 0.094900 -0.268853 1.528738 -0.502160 0.557965 -0.715667 -0.597387 0.300357 -2.096136 -0.858970 0.226499 0.000001 -0.000000 -0.000000 -0.537169 -0.101341 1.404802 2.893238 4.382116 -2.643405 2.755371 3.400375 3.487861 0.000000 -0.000002 -0.000001 -1.074764 -0.664435 1.891378 1.671846 -3.518439 1.034760 -2.032830 -3.348644 -10.470835 -0.000004 0.000002 -0.000000 -0.193821 0.016935 0.765873 2.054189 -0.106155 -0.602659 0.257590 -1.761979 -0.499284 -0.000000 -0.000000 -0.000000 -8.940166 0.180858 0.543077 11.049759 0.788713 0.602286 0.742732 1.233750 -1.413574 0.000001 0.000000 -0.000000 
-0.535559 106.082047 -9.015532 -0.166853 0.789887 -1.175615 -0.006642 0.101419 -0.211873 1.113631 -0.504733 0.546796 -0.299771 -0.464814 0.417010 -1.437795 -0.923653 0.226960 0.000000 0.000000 -0.000000 -0.482705 -0.047346 1.524466 3.294683 4.355932 -2.638288 3.414376 2.857188 3.176746 0.000002 -0.000001 -0.000001 -0.922043 -1.204949 2.110590 1.841699 -3.359843 0.905862 -1.674160 -2.659768 -9.398466 0.000001 -0.000002 -0.000001 -0.080772 0.068230 1.093320 1.264903 -0.160292 -0.298286 0.581576 -1.812837 -0.994363 -0.000000 -0.000000 0.000000 -6.665146 0.026257 0.851812 7.893727 0.571218 0.601497 0.779115 1.180779 -1.347938 0.000003 -0.000003 -0.000000 
-0.458203 106.120544 -8.905489 -0.014016 0.338232 -1.332361 -0.874606 0.162233 -0.289311 2.143083 -0.488067 0.509647 -0.972308 -0.241268 0.569025 -0.798267 -0.872808 0.193579 0.000000 -0.000000 0.000000 -0.447962 0.460462 1.645540 3.234510 4.186450 -2.521120 3.649506 2.603857 2.852646 0.000002 -0.000002 -0.000002 -0.802290 -1.405348 2.242712 1.934429 -3.251270 0.730634 -1.512435 -2.346031 -8.531275 -0.000000 -0.000002 -0.000001 -0.209689 0.102214 1.266587 1.083208 -0.264477 -0.154547 0.370285 -1.799674 -0.865732 -0.000000 -0.000000 -0.000000 -5.509888 -0.072878 1.090440 5.633345 0.422716 0.498657 0.839178 1.130295 -1.469282 -0.000001 -0.000002 -0.000000 
-0.411740 106.141014 -8.811378 -0.645933 0.040565 -1.702729 -0.196799 0.065372 -0.181116 1.221765 -0.465384 0.572749 -0.437601 0.090820 0.646998 -0.839984 -0.798863 0.420533 0.000000 0.000000 0.000000 -0.123857 0.516449 2.133410 3.532640 3.755256 -2.405233 2.967939 1.952696 2.405242 0.000002 0.000004 -0.000002 -0.465008 -1.600838 2.103193 1.262348 -1.944152 0.491387 -1.253500 -1.783887 -7.766333 -0.000000 -0.000001 0.000002 0.840889 0.107326 1.718796 0.337569 -0.104046 -0.121712 0.602192 -2.496400 -1.423214 -0.000000 -0.000000 -0.000000 -2.919437 -0.195104 1.528901 3.153510 0.150196 0.302663 0.472390 0.601463 -1.168030 -0.000002 -0.000002 -0.000000 
-0.382859 106.143707 -8.718151 -0.775386 -0.483576 -1.765639 0.264102 0.027977 -0.207857 0.047872 -0.291892 0.340702 0.180721 0.359735 0.861596 -0.487917 -0.757159 0.341254 0.000000 -0.000001 0.000000 -0.069971 0.946152 2.249649 3.752607 3.586367 -1.840470 3.245139 1.560748 1.956866 -0.000000 0.000001 -0.000000 -0.294340 -1.287032 1.811399 0.745635 -1.216862 0.362151 -0.717789 -1.417605 -6.882643 -0.000002 0.000000 0.000000 1.269522 0.151417 1.742855 -0.262139 0.042379 0.070088 0.707979 -2.843503 -1.683396 -0.000000 -0.000000 0.000000 -1.180109 -0.287116 1.589559 1.350404 -0.119691 0.171856 0.463928 0.827309 -0.810461 0.000000 -0.000001 0.000000 
-0.363303 106.142769 -8.627151 -0.415202 -0.461597 -1.742764 -0.162270 0.044227 -0.165012 0.915868 -0.297271 0.327249 -0.500796 0.473228 0.806082 -0.814844 -0.767045 0.342540 0.000001 0.000000 0.000001 -0.103612 0.908967 2.323826 4.002506 3.665310 -1.511568 3.608457 1.485417 1.622777 0.000002 0.000004 -0.000002 -0.324137 -1.185938 1.660776 0.577156 -1.019187 0.197360 -0.845579 -1.351574 -6.211846 -0.000004 0.000000 0.000001 0.987606 0.089411 1.747774 -0.593008 0.013744 0.201634 0.896439 -3.281263 -2.040365 -0.000000 0.000000 -0.000000 -0.234812 -0.282086 1.572328 -0.422658 -0.285756 0.207215 0.595991 0.714271 -1.121176 -0.000002 -0.000001 -0.000000 
-0.360910 106.119850 -8.529959 0.269113 -0.933201 -1.500552 -0.456949 0.074419 -0.272222 0.102614 -0.181573 0.158261 0.045926 0.939391 0.823598 -1.217184 -0.665466 0.221085 -0.000000 -0.000000 0.000000 -0.124734 0.345819 2.106012 4.072531 3.723862 -1.081252 3.764898 1.510434 1.680469 -0.000000 -0.000002 -0.000001 -0.362058 -1.074981 1.435505 0.353651 -0.899780 0.257617 -0.999112 -1.130885 -5.424946 -0.000002 -0.000003 0.000001 0.719016 0.097203 1.510590 -1.156584 0.196719 0.318946 1.001936 -3.609698 -2.231354 -0.000000 0.000000 0.000000 0.534912 -0.324602 1.307085 -1.688029 -0.542146 0.194908 0.707506 1.272044 -0.616794 0.000000 -0.000002 -0.000001 
-0.374485 106.103951 -8.437244 0.138432 -0.913231 -1.215344 0.050385 0.071236 -0.349023 -0.890314 -0.007074 -0.054211 0.598294 0.993836 0.815691 -0.873469 -0.577483 0.166055 0.000001 -0.000000 0.000000 -0.081564 0.092002 1.867771 4.556935 3.905110 -0.731416 3.382759 1.300866 1.822193 0.000002 -0.000005 0.000000 -0.404915 -1.379929 1.102968 0.413895 -0.893507 0.424861 -0.559321 -1.011501 -4.420656 -0.000003 -0.000005 0.000002 0.906736 0.078419 1.331600 -1.407095 0.172156 0.341135 1.027564 -3.858334 -2.396671 -0.000001 0.000000 0.000000 0.995320 -0.307291 1.143716 -2.094074 -0.517020 0.127551 0.595988 1.101153 -0.460207 -0.000000 -0.000002 -0.000000 
-0.399056 106.088646 -8.350833 0.218766 -0.731020 -1.099903 0.150388 0.068766 -0.291810 -0.544652 -0.069226 0.003596 0.300518 0.700135 0.560707 -1.131136 -0.333265 -0.035465 0.000000 -0.000000 0.000000 -0.275421 0.573545 1.549420 4.640457 3.949014 -0.329939 3.510866 1.282149 1.741419 -0.000000 0.000002 -0.000003 -0.451276 -1.055029 0.954787 0.437275 -1.041010 0.580398 -0.790029 -0.850344 -3.874873 -0.000001 -0.000005 0.000001 0.801212 0.052313 1.319691 -1.209685 0.129588 0.373056 1.141880 -4.048516 -2.621073 -0.000001 -0.000001 -0.000000 1.201459 -0.282479 1.105081 -2.453652 -0.484511 0.182395 0.537993 0.422394 -0.928160 -0.000000 0.000001 -0.000001 
-0.436181 106.077332 -8.278503 0.524262 -0.829490 -0.842274 -0.545896 0.099732 -0.365531 0.063445 0.014617 -0.134122 0.128492 0.707070 0.599208 -1.743552 -0.124378 -0.209111 -0.000000 -0.000000 0.000000 -0.286285 0.808553 1.234583 4.437529 3.833571 -0.275866 3.123462 1.279860 1.973780 0.000002 0.000004 -0.000002 -0.422929 -1.322200 0.941515 0.711568 -1.302127 0.669965 -0.868242 -0.812911 -3.394343 -0.000001 -0.000005 0.000001 0.701739 0.080253 1.078590 -1.540480 0.175257 0.446610 1.170943 -4.012977 -2.677563 -0.000001 -0.000000 0.000000 1.111350 -0.260561 0.814161 -2.597675 -0.507349 0.345495 0.579006 0.567182 -0.749858 0.000000 -0.000002 -0.000000 
-0.488992 106.067879 -8.205420 0.355887 -1.042714 -0.773841 0.021475 0.099272 -0.430888 -0.836356 0.088563 -0.210571 0.896394 0.951750 0.735539 -2.755330 -0.002665 -0.257055 -0.000000 -0.000001 0.000000 -0.281376 0.508693 1.332252 4.225710 3.701377 -0.697614 3.079213 1.279287 2.014026 0.000000 0.000000 -0.000001 -0.387765 -1.029520 0.902396 0.588688 -1.155006 1.113972 -0.719289 -0.788505 -3.661703 -0.000003 0.000003 -0.000001 0.987025 0.107679 1.084841 -1.453806 0.227564 0.463434 1.123992 -3.681258 -2.475803 -0.000000 -0.000000 0.000000 1.326942 -0.285242 0.849606 -2.602383 -0.525364 0.296189 0.607354 0.604895 -0.834293 0.000000 -0.000002 -0.000001 
-0.541712 106.061234 -8.136577 0.965037 -1.060500 -0.766407 -0.423088 0.108816 -0.343712 -0.985759 0.088849 -0.225715 0.973023 0.904028 0.756231 -2.389264 0.106046 -0.411853 0.000001 -0.000000 0.000000 -0.362928 0.938416 1.390890 4.306628 3.839871 -0.854714 3.433681 1.317144 1.626486 0.000000 -0.000004 -0.000001 -0.373386 -0.678563 0.884053 0.388016 -1.112873 1.367724 -0.524507 -0.916555 -3.816161 -0.000002 0.000000 0.000000 0.317049 0.104179 1.187176 -1.390282 0.271790 0.418123 1.085503 -3.485751 -2.362781 -0.000000 -0.000000 0.000000 1.030546 -0.318772 0.898740 -2.896890 -0.615711 0.252772 0.629508 0.673788 -0.860241 -0.000001 -0.000001 -0.000001 
-0.604275 106.050186 -8.062325 0.937223 -1.068612 -0.742421 0.230267 0.076041 -0.359690 -1.578555 0.001463 -0.105046 1.185482 1.301426 0.731382 -2.909976 -0.068655 -0.368322 -0.000000 0.000000 0.000000 -0.380559 0.357145 1.382131 4.356142 4.034933 -1.037936 4.437511 1.544048 1.279420 0.000002 -0.000002 -0.000002 -0.512754 -1.112364 1.113704 0.167917 -1.059751 1.198155 -0.374120 -1.028113 -3.613597 0.000000 -0.000003 0.000001 0.475973 0.116250 1.271687 -1.300501 0.406875 0.445732 1.148952 -3.646005 -2.454201 -0.000001 -0.000000 0.000000 1.303738 -0.353441 1.004028 -2.876723 -0.722918 0.152583 0.604331 0.853709 -0.601326 0.000001 -0.000002 -0.000000 
-0.668874 106.030457 -7.974416 1.451074 -0.922761 -0.663019 0.178740 0.067225 -0.302383 -3.002627 0.026498 -0.084746 2.271049 1.421596 0.641382 -2.770847 -0.346642 -0.161952 -0.000001 -0.000000 0.000000 -0.311810 -0.192872 1.705717 4.456847 4.133713 -1.373682 4.671564 1.577253 0.909387 0.000000 -0.000003 -0.000001 -0.669613 -1.909906 0.600569 0.276030 -1.131662 1.460050 -0.100155 -1.027616 -2.908486 -0.000002 -0.000000 -0.000000 0.322593 0.109398 1.276916 -1.713757 0.509656 0.507253 1.242132 -3.979340 -2.603900 0.000000 -0.000000 -0.000000 1.085432 -0.345789 1.018905 -3.064899 -0.835267 0.108350 0.632129 0.811483 -0.867697 0.000000 0.000000 -0.000001 
-0.726763 106.010109 -7.884714 1.506374 -0.798318 -0.532009 0.319703 0.042489 -0.195400 -3.340443 0.085381 -0.135892 2.667487 1.105887 0.502546 -2.901682 -0.219080 -0.121361 -0.000000 0.000000 0.000000 -0.256859 -0.126203 1.848647 4.335498 3.912983 -1.563483 4.969041 1.517262 0.897429 0.000002 -0.000000 -0.000002 -0.519759 -1.177430 0.223376 0.111949 -0.912519 1.845849 0.036120 -1.024447 -2.931462 0.000000 -0.000005 0.000001 0.256275 0.085230 1.080956 -1.393051 0.322058 0.603973 1.233366 -3.840960 -2.604825 -0.000000 -0.000000 0.000000 0.959156 -0.269818 0.917614 -2.808764 -0.612901 0.131081 0.668302 0.633529 -0.906824 -0.000001 0.000000 -0.000001 
-0.789087 105.985786 -7.797812 1.944089 -0.604717 -0.479761 0.068155 0.037182 -0.130969 -3.851543 0.123757 -0.167218 3.190752 0.818335 0.481640 -3.096136 -0.088301 -0.150637 0.000000 -0.000001 0.000000 -0.274510 0.048682 1.795610 4.146980 3.691422 -1.417318 4.861882 1.432989 0.684463 -0.000000 -0.000001 -0.000000 -0.468521 -0.874282 0.088236 -0.196221 -0.603116 1.762015 0.018199 -0.936561 -2.646598 -0.000001 -0.000002 0.000000 0.034346 0.065447 1.066185 -1.578203 0.324157 0.642867 1.278660 -3.971058 -2.683035 -0.000000 -0.000001 -0.000000 0.831729 -0.257588 0.923555 -3.081843 -0.644530 0.192687 0.565405 0.285640 -1.098021 -0.000001 -0.000002 -0.000000 
-0.850639 105.966278 -7.715093 1.999403 -0.426680 -0.355717 -0.018812 0.049130 -0.111524 -3.685669 0.156220 -0.256825 2.928303 0.666062 0.530935 -2.799816 -0.057306 -0.220610 -0.000000 -0.000000 0.000000 -0.327579 0.323339 1.760471 4.146536 3.788676 -1.191707 4.846523 1.490621 0.269119 0.000002 -0.000005 -0.000000 -0.472227 -0.719182 0.238579 0.151407 -0.852985 1.270748 -0.330128 -0.915422 -1.913458 -0.000001 -0.000003 0.000002 -0.127803 0.103581 0.983652 -1.526268 0.267573 0.668545 1.208529 -4.178351 -2.722346 -0.000000 -0.000000 0.000000 0.749752 -0.263243 0.858937 -3.031884 -0.593057 0.239895 0.374315 0.103529 -1.023057 0.000001 -0.000002 -0.000000 
-0.904877 105.945030 -7.636099 2.164491 -0.610563 -0.255967 0.131945 0.047776 -0.157499 -4.428995 0.210633 -0.314739 3.596270 1.023083 0.627249 -3.232656 -0.146005 -0.168267 -0.000000 -0.000000 0.000001 -0.188589 -0.245737 1.726126 3.825235 3.489330 -1.192759 4.697134 1.347599 0.394928 0.000003 -0.000003 -0.000000 -0.449180 -0.962900 0.164543 -0.142551 -0.491905 1.012580 0.032193 -0.755930 -1.380400 -0.000002 -0.000001 0.000001 -0.439764 0.110105 0.856359 -1.342273 0.267439 0.693916 1.051751 -4.030458 -2.560631 -0.000000 -0.000001 0.000001 0.683785 -0.248406 0.731176 -2.967455 -0.609825 0.251951 0.354571 0.273840 -0.846561 -0.000001 -0.000002 -0.000001 
-0.956134 105.919067 -7.548012 2.245496 -0.409793 -0.283880 -0.184987 0.039471 -0.047948 -3.605326 0.148044 -0.260265 2.871512 0.974608 0.551698 -2.748026 -0.264147 -0.220697 -0.000000 -0.000001 0.000001 -0.066507 -0.469720 1.783225 3.700263 3.360510 -1.165537 4.503049 1.139204 0.271837 -0.000000 -0.000005 0.000000 -0.413014 -0.937682 0.068805 -0.169449 -0.349475 0.600376 0.336702 -0.581855 -0.336997 -0.000000 -0.000003 0.000001 -0.428733 0.119849 0.969561 -1.373603 0.391858 0.641281 1.217394 -4.092133 -2.662632 -0.000001 -0.000001 -0.000000 0.796118 -0.280489 0.823346 -3.242142 -0.857948 0.163246 0.283667 0.415768 -0.935374 -0.000001 -0.000001 -0.000001 
-1.007346 105.890633 -7.464548 2.669918 -0.313362 -0.281492 -0.143625 0.041809 0.003815 -4.053489 0.117955 -0.202943 3.178876 0.845945 0.480008 -2.801938 -0.154048 -0.361069 0.000000 -0.000000 0.000000 -0.062623 -0.156227 1.757680 3.512121 3.132799 -1.080652 4.041472 0.797774 0.330083 0.000002 0.000002 -0.000002 -0.275279 -0.647529 -0.110221 -0.759406 0.189275 0.299017 0.069665 -0.006854 0.512138 -0.000000 0.000002 -0.000001 -0.486946 0.197437 1.021485 -1.356425 0.366823 0.628679 1.198246 -4.261129 -2.773117 -0.000000 -0.000000 0.000000 0.185739 -0.290061 0.882693 -2.860188 -0.776335 0.152866 0.128841 0.137040 -1.004268 -0.000002 -0.000001 -0.000001 
-1.052694 105.866127 -7.392559 2.565771 -0.567424 -0.121830 0.013817 0.071184 -0.140140 -4.439535 0.122941 -0.223602 3.488553 0.856094 0.505543 -2.843777 -0.018560 -0.499811 0.000000 -0.000001 0.000000 -0.181374 0.015623 1.749810 3.286316 3.150230 -0.866500 3.372703 0.808795 -0.194545 0.000000 0.000000 -0.000001 -0.286756 -0.220444 -0.324386 -0.717635 -0.010221 0.121935 -0.307703 0.048251 1.360214 -0.000004 -0.000004 0.000000 -0.309912 0.255236 0.848931 -1.790388 0.404106 0.608153 1.243194 -4.039057 -2.773693 0.000000 -0.000001 -0.000000 0.358099 -0.323480 0.614693 -3.188459 -0.786991 0.219118 0.186115 0.057526 -1.148486 -0.000002 -0.000001 -0.000001 
-1.094084 105.849236 -7.322420 2.396629 -0.733209 0.079963 0.644094 0.059106 -0.301485 -4.421136 0.196185 -0.327779 3.294375 0.982597 0.621501 -2.725110 0.129938 -0.568681 0.000000 -0.000000 0.000000 -0.137298 -0.343257 1.751952 3.061145 2.891155 -0.851292 3.594840 0.754436 -0.072563 0.000002 0.000002 -0.000001 -0.314996 -0.279378 -0.328558 -0.946703 0.291948 -0.068430 -0.525773 0.214093 1.943255 -0.000003 -0.000003 0.000002 -0.222101 0.255044 0.602948 -1.276225 0.298745 0.623913 1.056155 -3.891373 -2.532787 -0.000000 0.000000 0.000001 -0.087614 -0.264410 0.396510 -2.078696 -0.633699 0.255399 0.150617 0.306765 -0.675528 0.000001 -0.000002 -0.000001 
-1.127408 105.831093 -7.251831 2.466310 -0.753209 0.196544 0.440388 0.079205 -0.316061 -5.034402 0.210634 -0.297345 3.993784 0.975566 0.565964 -2.214802 0.353933 -0.763179 0.000000 0.000000 0.000000 -0.171399 -0.472861 1.608784 3.103358 2.975233 -0.750422 3.355861 0.847495 -0.181403 0.000000 -0.000001 -0.000000 -0.352258 -0.163186 -0.408901 -0.908463 0.163333 -0.046635 -0.649748 0.089310 2.276358 -0.000001 -0.000000 -0.000001 -0.590335 0.208449 0.470570 -1.068904 0.229512 0.607284 1.132320 -3.730839 -2.557449 -0.000001 -0.000000 0.000000 -0.399471 -0.212356 0.324580 -1.832282 -0.523203 0.216347 0.002603 0.154361 -0.433650 -0.000001 -0.000002 0.000000 
-1.156383 105.810280 -7.175327 1.959333 -0.647680 0.242713 1.226198 0.044409 -0.307334 -4.817326 0.222239 -0.315534 3.535021 0.889409 0.545731 -1.901369 0.491227 -0.911511 0.000000 -0.000001 0.000000 -0.131907 -0.531211 1.713777 3.146193 2.990905 -0.822860 2.920842 0.763324 -0.192469 0.000001 0.000000 -0.000001 -0.283757 0.189161 -0.415784 -0.816004 0.115446 0.004650 -1.153845 0.179814 2.233588 -0.000001 0.000000 0.000001 -0.272570 0.225102 0.435355 -0.628043 0.177996 0.595915 0.811442 -3.938317 -2.312402 -0.000000 0.000000 0.000000 0.053681 -0.233956 0.306622 -1.859126 -0.546078 0.200329 -0.004057 0.125328 -0.533975 -0.000001 -0.000001 -0.000001 
-1.184282 105.791077 -7.100616 2.157604 -0.445084 0.271315 1.049706 0.040956 -0.270204 -4.909493 0.246129 -0.332361 3.758511 1.146359 0.490916 -1.642566 0.300034 -0.757814 -0.000000 -0.000000 0.000000 0.000584 -0.879802 1.710456 2.813462 2.658314 -0.872334 2.819180 0.677357 0.022745 0.000003 0.000001 -0.000000 -0.322116 -0.722888 -0.459120 -0.913832 0.304379 0.133763 -1.146626 0.305259 2.305894 -0.000002 -0.000003 0.000001 -0.474202 0.206026 0.414997 -0.667837 0.203024 0.637196 0.870481 -4.059949 -2.411074 -0.000000 -0.000000 0.000000 -0.240511 -0.205450 0.287562 -1.541268 -0.520828 0.225975 -0.143180 -0.039651 -0.489009 -0.000000 -0.000001 -0.000000 
-1.204988 105.768715 -7.017696 2.369179 -0.351784 0.224406 0.731582 0.048147 -0.124179 -4.624662 0.290831 -0.376913 3.504467 1.095351 0.466723 -0.891862 0.423381 -0.870341 -0.000001 -0.000001 0.000000 -0.106453 -0.311724 1.610701 2.576927 2.434184 -0.671795 2.984243 0.613814 -0.233661 0.000002 0.000000 -0.000001 -0.335009 -0.554694 -0.472928 -0.649122 0.147404 0.203714 -0.905364 0.233649 2.186791 -0.000001 0.000002 -0.000001 -0.526445 0.160773 0.460523 -0.568060 0.162716 0.614166 0.609328 -4.154410 -2.172447 -0.000000 0.000000 0.000000 -0.409658 -0.169869 0.341293 -1.581511 -0.517024 0.215395 -0.237107 -0.339122 -0.635164 0.000001 -0.000002 -0.000000 
