HIERARCHY
ROOT Hips
{
	OFFSET 4.086592 109.180443 -2.732395
	CHANNELS 6 Xposition Yposition Zposition Xrotation Yrotation Zrotation
	JOINT Chest
	{
		OFFSET 2.951220 13.209930 -1.715280
		CHANNELS 3 Xrotation Yrotation Zrotation
		JOINT Chest2
		{
			OFFSET -1.703825 21.021431 3.776608
			CHANNELS 3 Xrotation Yrotation Zrotation
			JOINT Chest3
			{
				OFFSET -1.026002 14.883667 -0.493864
				CHANNELS 3 Xrotation Yrotation Zrotation
				JOINT Neck
				{
					OFFSET -1.637190 17.145493 1.402729
					CHANNELS 3 Xrotation Yrotation Zrotation
					JOINT Head
					{
						OFFSET -3.090598 9.773407 2.180922
						CHANNELS 3 Xrotation Yrotation Zrotation
						End Site
						{
							OFFSET -3.068980 9.794800 2.114460
						}
					}
				}
				JOINT LeftCollar
				{
					OFFSET 2.856596 13.300629 4.091159
					CHANNELS 3 Xrotation Yrotation Zrotation
					JOINT LeftUpArm
					{
						OFFSET 15.091459 7.600235 -4.794132
						CHANNELS 3 Xrotation Yrotation Zrotation
						JOINT LeftLowArm
						{
							OFFSET 22.117287 23.374695 10.206716
							CHANNELS 3 Xrotation Yrotation Zrotation
							JOINT LeftHand
							{
								OFFSET 13.312321 25.591339 8.295317
								CHANNELS 3 Xrotation Yrotation Zrotation
								End Site
								{
									OFFSET 2.909485 5.593140 1.812984
								}
							}
						}
					}
				}
				JOINT RightCollar
				{
					OFFSET -5.519279 12.524277 3.806398
					CHANNELS 3 Xrotation Yrotation Zrotation
					JOINT RightUpArm
					{
						OFFSET -16.339262 -5.133957 -3.894549
						CHANNELS 3 Xrotation Yrotation Zrotation
						JOINT RightLowArm
						{
							OFFSET -19.849497 -15.036118 22.795776
							CHANNELS 3 Xrotation Yrotation Zrotation
							JOINT RightHand
							{
								OFFSET 11.612671 18.311584 20.755419
								CHANNELS 3 Xrotation Yrotation Zrotation
								End Site
								{
									OFFSET 2.538055 4.002167 4.536312
								}
							}
						}
					}
				}
			}
		}
	}
	JOINT LeftUpLeg
	{
		OFFSET 9.521928 -1.795761 2.554854
		CHANNELS 3 Xrotation Yrotation Zrotation
		JOINT LeftLowLeg
		{
			OFFSET 2.080756 -47.232380 2.960315
			CHANNELS 3 Xrotation Yrotation Zrotation
			JOINT LeftFoot
			{
				OFFSET -2.651349 -42.755077 -12.866346
				CHANNELS 3 Xrotation Yrotation Zrotation
				JOINT LeftToe
				{
					OFFSET -1.372435 -16.632599 16.764038
					CHANNELS 3 Xrotation Yrotation Zrotation
					End Site
					{
						OFFSET 0.704861 -2.343386 23.528082
					}
				}
			}
		}
	}
	JOINT RightUpLeg
	{
		OFFSET -9.521975 1.795570 -2.554830
		CHANNELS 3 Xrotation Yrotation Zrotation
		JOINT RightLowLeg
		{
			OFFSET -32.832901 9.564842 32.779949
			CHANNELS 3 Xrotation Yrotation Zrotation
			JOINT RightFoot
			{
				OFFSET -8.106422 -42.321495 11.989841
				CHANNELS 3 Xrotation Yrotation Zrotation
				JOINT RightToe
				{
					OFFSET -13.208370 -3.325752 19.339985
					CHANNELS 3 Xrotation Yrotation Zrotation
					End Site
					{
						OFFSET -13.740273 12.020195 15.042477
					}
				}
			}
		}
	}
}
MOTION
Frames: 172
Frame Time: 0.033333
1.676231 106.023026 -1.111723 12.659721 12.411285 10.674289 -17.603510 3.794150 -13.046572 6.901139 3.440926 -0.870324 -0.837659 -11.998329 -4.898969 -8.778777 13.147237 -6.181297 -0.000003 -0.000000 -0.000003 13.504462 5.721089 -47.972626 25.945464 -9.626574 -65.901360 31.710362 0.893810 -5.447999 0.000000 -0.000002 -0.000004 10.508183 -14.968600 14.219205 38.151736 5.642779 27.052602 65.695731 -30.112993 20.200766 0.000002 0.000003 -0.000002 -5.913619 -1.117439 -11.224221 -8.495984 2.725178 2.955005 -1.000595 -12.032465 -3.711544 0.000001 0.000001 -0.000000 51.423316 21.625426 55.325895 -55.278709 4.187927 -47.593404 17.887581 31.369956 -16.130965 -0.000000 0.000001 -0.000002 
1.674202 106.020599 -1.114211 12.655628 12.249686 10.756011 -17.708833 3.828744 -13.151351 7.120162 3.526981 -0.957054 -0.944707 -12.198827 -4.804552 -8.485661 13.307650 -6.211590 -0.000000 -0.000001 -0.000003 13.456190 5.867398 -47.917465 25.909988 -9.513015 -66.213814 31.810394 0.553152 -4.969405 0.000000 0.000002 -0.000006 10.416314 -14.871246 14.086843 38.026737 5.839680 27.144799 65.716419 -29.979370 20.450549 -0.000003 0.000003 -0.000001 -6.289271 -1.107630 -11.342253 -8.160451 2.632091 2.930220 -0.893039 -11.732953 -3.547729 0.000001 0.000000 0.000001 51.442236 21.551532 55.269006 -55.250192 4.216631 -47.571783 17.772376 31.510361 -16.173340 0.000001 0.000003 0.000001 
1.672639 106.021622 -1.117507 12.545709 12.452411 10.662346 -17.848271 3.858412 -13.142220 7.345957 3.505357 -0.877258 -1.025264 -12.315763 -4.901088 -8.237576 13.121411 -6.135404 -0.000001 -0.000001 -0.000003 13.405249 6.180339 -47.998915 25.913809 -9.649635 -66.105767 31.686829 0.766820 -5.205830 -0.000003 -0.000001 -0.000000 10.448324 -15.302842 14.242529 37.768105 6.021949 26.949425 66.329941 -30.154619 20.756388 0.000002 0.000001 -0.000003 -6.320463 -1.053691 -11.282935 -8.110955 2.672975 2.972952 -0.820993 -11.833868 -3.587235 0.000001 0.000001 0.000001 51.446419 21.584699 55.353875 -55.342304 4.146249 -47.517083 17.703393 31.576689 -16.341847 0.000003 0.000000 -0.000000 
1.672558 106.018692 -1.119521 12.196449 12.649876 10.668598 -17.297958 3.739047 -13.082152 7.055097 3.424573 -0.837676 -1.090707 -12.406659 -5.059994 -7.897514 13.039144 -6.054061 0.000001 -0.000001 -0.000001 13.306499 6.028760 -47.914771 25.824694 -9.307268 -66.320153 31.520090 0.766374 -5.570208 -0.000003 0.000001 0.000002 10.367514 -15.204179 14.186726 38.006390 5.830591 27.243886 66.321724 -30.215022 20.851492 0.000000 0.000001 -0.000001 -5.928317 -1.128753 -11.247913 -8.263745 2.724823 3.000070 -0.544963 -11.943692 -3.612041 0.000001 0.000001 -0.000000 51.846791 21.570591 55.502831 -55.284207 4.144213 -47.493485 17.650238 31.392670 -16.153268 0.000001 0.000005 0.000000 
1.674988 106.020477 -1.121515 12.065380 12.685338 10.604281 -17.514243 3.771437 -13.017986 6.935442 3.422789 -0.814712 -0.739929 -12.331677 -5.027996 -7.680692 13.008247 -5.910340 0.000000 0.000003 -0.000002 13.345951 5.927752 -47.750016 25.940884 -9.496729 -66.394254 31.572645 0.800847 -5.280400 -0.000000 0.000003 -0.000004 10.415154 -15.552805 14.179228 38.096357 5.910854 27.266824 66.219927 -30.312062 20.827475 0.000003 0.000003 -0.000000 -5.972578 -1.165458 -11.186077 -8.152011 2.713217 2.974954 -0.486999 -11.769061 -3.512133 0.000000 0.000000 0.000002 52.121969 21.659428 55.633875 -55.304762 4.226382 -47.496992 17.535915 31.477152 -16.137881 -0.000000 0.000000 -0.000000 
1.675188 106.023300 -1.130561 11.909674 12.689097 10.575504 -17.483616 3.769929 -13.032665 7.780427 3.451377 -0.671637 -1.479036 -12.616357 -5.132963 -7.869347 13.053094 -6.020218 -0.000003 0.000001 -0.000002 13.332014 5.963239 -47.892095 25.747503 -9.403433 -66.382274 31.217666 0.640988 -5.494179 -0.000001 -0.000003 0.000001 10.378577 -15.091732 14.243793 37.805176 5.876660 27.151605 66.388551 -30.230468 21.273510 0.000000 0.000003 0.000002 -5.923140 -1.158361 -11.135629 -7.894317 2.584996 2.946348 -0.640303 -11.715844 -3.553617 0.000000 0.000001 0.000002 52.150564 21.651865 55.666841 -55.136005 4.174949 -47.512688 17.407097 31.259184 -15.982025 0.000002 -0.000001 0.000003 
1.677963 106.028671 -1.142029 12.486755 12.358140 10.720342 -17.870218 3.887912 -13.226651 6.912253 3.425253 -0.876708 -0.645744 -12.334089 -4.839026 -7.574308 13.048694 -5.973805 -0.000003 0.000001 -0.000001 13.399422 5.970288 -47.928500 25.824633 -9.491312 -66.357166 31.367019 0.569358 -5.088950 -0.000001 -0.000001 -0.000002 10.417106 -14.902453 14.233879 37.821349 5.956746 27.057168 66.383906 -30.398474 21.360547 0.000000 0.000003 0.000000 -6.350490 -1.091710 -11.301467 -8.115383 2.595227 2.843903 -0.613158 -11.552409 -3.470233 0.000001 0.000001 0.000001 51.500535 21.514724 55.314629 -54.904011 3.803852 -47.644176 17.685318 31.556570 -16.213394 -0.000000 -0.000002 0.000003 
1.680151 106.028877 -1.147127 12.193179 12.413176 10.759251 -17.537875 3.805686 -13.203200 6.592370 3.477417 -1.028696 -0.362279 -12.369187 -4.704559 -7.278995 12.864534 -5.861253 0.000000 0.000001 -0.000001 13.455387 5.861674 -47.952917 25.786498 -9.575724 -66.353771 31.086196 0.637626 -5.171970 0.000000 0.000001 -0.000001 10.420785 -15.242940 14.281769 37.898988 5.798116 27.046762 65.917575 -30.036833 20.972079 0.000001 0.000003 0.000000 -5.971537 -1.156279 -11.266881 -8.094428 2.591520 2.852024 -0.868194 -11.759932 -3.566741 0.000000 0.000001 0.000002 51.771075 21.478332 55.389443 -54.874044 3.702240 -47.603686 17.694918 31.520777 -16.283463 0.000003 0.000004 -0.000001 
1.678219 106.025299 -1.149257 12.219231 12.358615 10.687524 -17.745977 3.842384 -13.141948 7.271172 3.476766 -0.845032 -0.951029 -12.682454 -4.876629 -6.959305 13.073407 -5.969205 -0.000002 0.000001 -0.000003 13.201458 6.648470 -48.079816 25.663420 -9.327791 -66.514431 31.146001 0.402712 -5.518843 -0.000002 0.000003 0.000001 10.361513 -15.009008 14.240800 37.919533 5.576721 27.140679 66.178386 -29.935869 21.217477 0.000000 0.000003 0.000001 -5.774033 -1.201749 -11.130647 -8.258792 2.628898 2.778246 -0.706966 -11.791580 -3.586238 0.000001 0.000000 0.000002 51.855913 21.583963 55.495707 -54.945959 3.875839 -47.637465 17.917709 31.644314 -16.253062 0.000001 -0.000000 0.000002 
1.678139 106.026497 -1.157199 11.821624 12.472572 10.659500 -17.246532 3.700089 -13.015610 7.358275 3.392538 -0.698243 -1.282181 -12.566989 -5.086663 -6.867768 12.911833 -5.854442 -0.000001 0.000003 -0.000003 13.341439 5.821631 -47.867298 25.564286 -9.007508 -66.788827 31.229169 0.163132 -5.051321 -0.000002 0.000001 0.000001 10.356793 -15.492443 14.362122 37.933013 5.437382 27.160684 66.525851 -29.953562 21.454920 0.000002 0.000004 -0.000005 -5.404733 -1.249016 -11.066392 -8.291341 2.619692 2.830409 -0.885704 -11.822194 -3.609570 0.000001 0.000000 0.000001 51.949254 21.594333 55.552623 -54.724053 3.580508 -47.681192 17.727625 31.401194 -16.096695 -0.000001 -0.000002 0.000000 
1.674212 106.027840 -1.164229 11.542723 12.466497 10.695195 -17.029221 3.630271 -13.015536 7.540424 3.460871 -0.708979 -1.441038 -12.733357 -5.064135 -6.837968 12.923835 -5.765910 -0.000000 -0.000001 -0.000001 13.463817 5.949057 -47.949830 25.753059 -9.172128 -66.580438 31.361210 0.316886 -4.773332 -0.000000 0.000004 -0.000000 10.492327 -15.169944 14.368256 37.941223 5.643206 26.951561 66.132951 -30.372376 21.312975 -0.000001 0.000002 -0.000006 -5.520649 -1.232421 -11.096948 -7.775957 2.589830 2.873052 -1.088976 -11.717074 -3.521914 0.000001 0.000000 0.000002 51.854164 21.597917 55.522942 -54.604787 3.253454 -47.757547 17.533070 31.477897 -16.180266 0.000002 0.000002 -0.000001 
1.668499 106.027298 -1.171190 11.675139 12.337499 10.761577 -17.378732 3.750412 -13.129219 7.994896 3.476223 -0.621739 -1.814713 -12.780961 -5.148148 -6.350712 12.841382 -5.644306 -0.000001 0.000001 -0.000003 13.283582 6.258953 -47.973428 25.632141 -9.067068 -66.580541 31.149419 0.303944 -5.252240 -0.000003 -0.000001 -0.000002 10.423393 -14.971006 14.452540 37.950775 5.322351 26.929327 66.761097 -30.401787 21.873828 0.000004 0.000001 0.000002 -5.656457 -1.209810 -11.133452 -7.883242 2.637975 2.815044 -1.094149 -11.613299 -3.480944 0.000001 0.000000 0.000002 51.710724 21.591053 55.451038 -54.400718 3.048924 -47.887392 17.496820 31.688400 -16.263374 0.000001 0.000000 -0.000001 
1.659321 106.025291 -1.176829 11.593296 12.485833 10.743587 -17.489567 3.793431 -13.172564 7.517962 3.398720 -0.624055 -1.146220 -12.821100 -5.054049 -6.475875 12.747495 -5.580637 -0.000000 -0.000001 -0.000003 13.218974 6.297313 -47.983882 25.574742 -8.784056 -66.610696 30.990959 0.382405 -5.654042 0.000002 -0.000004 -0.000001 10.383934 -15.432561 14.596292 37.997503 5.116703 26.946621 66.953913 -30.323888 22.026163 0.000002 0.000001 -0.000003 -5.583512 -1.254134 -11.121162 -7.948507 2.596218 2.846494 -0.945557 -11.593017 -3.478086 0.000001 0.000001 -0.000000 51.937189 21.630746 55.532566 -54.518942 3.313471 -47.844676 17.426541 31.498920 -16.082934 0.000001 0.000005 -0.000000 
1.651718 106.021881 -1.181151 11.835582 12.312237 10.712433 -17.485211 3.799759 -13.049394 7.080510 3.349970 -0.701475 -0.858574 -12.614918 -4.993291 -6.233978 12.666811 -5.610648 -0.000001 0.000001 -0.000001 12.977663 6.302073 -47.934285 25.249560 -8.618763 -66.898950 30.553489 0.261820 -6.104398 0.000003 -0.000001 -0.000003 10.185467 -15.637387 14.685982 38.225693 4.444815 27.319109 66.959712 -30.088360 22.326785 0.000002 -0.000003 -0.000000 -5.632907 -1.229287 -11.057607 -8.062142 2.646445 2.824753 -0.857841 -11.656758 -3.547639 0.000000 0.000000 -0.000000 52.006457 21.775481 55.696631 -54.723657 3.532387 -47.955697 17.778494 31.790333 -16.233913 0.000001 -0.000001 0.000002 
1.640335 106.020401 -1.186685 11.402446 12.351840 10.629789 -17.111651 3.670151 -12.890520 6.828097 3.286680 -0.688265 -0.652333 -12.759715 -5.029987 -6.479237 12.554400 -5.579246 -0.000003 0.000001 -0.000002 13.029380 6.464775 -48.096997 25.273326 -8.658049 -66.634800 30.563399 0.350013 -6.093248 0.000000 0.000000 -0.000001 10.244556 -15.811608 14.774293 38.113330 4.497222 27.116831 66.992114 -30.458327 22.437619 0.000001 0.000004 -0.000002 -5.320860 -1.220281 -10.861975 -8.095906 2.664127 2.749306 -0.707874 -11.827827 -3.607174 0.000001 0.000000 0.000002 52.313085 21.843382 55.952544 -54.908314 3.676360 -47.863650 17.739733 31.737796 -16.269721 0.000002 -0.000002 -0.000000 
1.626914 106.017593 -1.194666 11.483342 12.000389 10.737927 -17.397549 3.771175 -13.062812 7.381502 3.346970 -0.658318 -1.040941 -12.451739 -4.931946 -6.389569 12.419806 -5.536030 -0.000001 0.000001 -0.000003 12.949322 6.593026 -48.162492 25.177771 -8.679552 -66.747409 30.206740 0.439387 -6.225661 0.000002 0.000003 -0.000001 10.189549 -15.989620 14.865922 38.318700 4.079411 27.113549 67.087163 -30.329779 22.546186 -0.000001 -0.000001 -0.000003 -5.106923 -1.225516 -10.882144 -8.440063 2.717793 2.685980 -0.442240 -11.641641 -3.493964 0.000000 0.000000 -0.000000 52.327206 21.790691 55.945786 -55.050819 3.824468 -47.819927 18.131094 32.060806 -16.568237 0.000001 0.000000 -0.000001 
1.613477 106.014412 -1.202145 11.288102 12.311616 10.600086 -17.281333 3.725175 -12.933687 6.833632 3.233076 -0.653108 -0.693563 -12.653108 -4.975364 -5.615519 12.354086 -5.493290 -0.000003 0.000001 0.000000 12.793148 6.836556 -48.111654 24.985086 -8.295299 -67.228876 29.822566 0.491501 -6.308189 -0.000000 -0.000002 -0.000004 10.093110 -16.093394 14.873640 38.317477 3.716076 27.136357 66.918348 -30.307240 22.597343 0.000002 0.000006 0.000006 -5.200903 -1.210695 -10.859182 -7.990443 2.684629 2.942272 -0.913057 -11.942012 -3.689115 0.000001 0.000000 0.000002 52.566915 21.881336 56.138476 -55.238427 3.967075 -47.710094 18.074424 31.745299 -16.389618 -0.000000 0.000001 0.000001 
1.602518 106.009567 -1.217091 11.188720 11.898913 10.701570 -17.023726 3.672018 -12.928007 6.656601 3.315906 -0.828613 -0.597229 -12.409732 -4.749568 -5.983949 12.249768 -5.458332 -0.000001 0.000003 -0.000000 12.742354 6.699163 -48.128286 24.916011 -7.889180 -67.612459 29.275591 0.832620 -5.788003 0.000002 0.000000 -0.000001 10.080620 -16.155274 15.077696 38.257228 3.374059 26.880597 66.640318 -30.732511 22.643074 0.000003 0.000003 0.000003 -5.108322 -1.244114 -10.903694 -8.069186 2.734287 2.873768 -0.695370 -11.343852 -3.327380 0.000001 0.000001 0.000001 52.601561 21.863434 56.153280 -55.322692 3.925926 -47.799682 18.381540 31.936961 -16.527734 0.000003 0.000000 -0.000000 
1.594891 106.010147 -1.230640 10.889362 11.895551 10.743089 -17.095304 3.679840 -12.903498 7.220954 3.299518 -0.649308 -0.831027 -12.496575 -4.914816 -5.823788 12.217164 -5.436117 -0.000002 0.000003 -0.000000 12.889985 6.372663 -48.406719 24.993634 -8.099627 -67.476702 28.947038 1.091165 -4.514785 -0.000003 -0.000001 -0.000003 10.145806 -15.465630 15.117558 37.921094 3.695350 26.574929 65.959232 -31.724627 22.682293 -0.000000 0.000002 -0.000003 -5.111004 -1.227614 -10.959763 -7.617213 2.680475 2.865776 -1.011218 -11.121262 -3.238221 0.000001 0.000000 0.000001 52.586767 21.802254 56.138254 -55.161765 3.675612 -47.792203 18.106755 31.810329 -16.466317 -0.000003 0.000004 -0.000001 
1.585375 106.009048 -1.247842 10.404485 11.997298 10.662798 -16.343391 3.465292 -12.761204 6.897720 3.304643 -0.768626 -0.808961 -12.277029 -4.783084 -5.686706 12.004065 -5.273532 -0.000002 0.000003 -0.000000 12.978137 6.184730 -48.493623 24.970851 -7.868613 -67.829386 27.915210 1.575527 -3.641539 0.000000 0.000000 0.000001 10.167000 -16.003507 15.304442 38.025709 3.383314 26.357150 65.548431 -32.385963 22.991233 0.000000 0.000002 0.000002 -5.083590 -1.231424 -10.884929 -6.957838 2.434637 2.864509 -0.903066 -10.667810 -3.048240 0.000001 0.000000 0.000002 52.463588 21.908609 56.137151 -54.565907 2.962717 -48.066688 17.545600 31.856999 -16.521632 0.000001 -0.000003 0.000002 
1.578184 106.007790 -1.266995 9.818334 12.096986 10.652572 -15.834171 3.353210 -12.821606 6.971341 3.223947 -0.640339 -0.817987 -12.541915 -4.746782 -5.266058 12.121728 -5.286642 -0.000001 0.000001 -0.000002 12.867148 6.856072 -49.017198 24.836004 -7.782747 -67.821723 26.923265 1.515579 -1.695632 0.000001 -0.000002 -0.000002 10.132781 -15.518559 15.439726 38.377597 2.415991 26.173210 65.190276 -32.974214 23.755442 0.000004 0.000004 0.000004 -4.978854 -1.251534 -10.903068 -6.278769 2.163393 2.854126 -1.548784 -10.245198 -2.969810 -0.000000 0.000001 0.000001 52.125545 21.859587 56.004799 -53.571906 1.929067 -48.343444 17.047478 31.599874 -16.153654 0.000003 0.000003 -0.000003 
1.577435 106.002373 -1.285547 9.563669 12.064751 10.708558 -15.965352 3.400756 -12.881668 7.280581 3.179851 -0.480283 -1.089438 -12.376116 -4.894873 -4.691662 12.072882 -5.101193 -0.000001 0.000001 -0.000003 12.897719 6.530531 -49.115040 24.747413 -7.592234 -67.957035 25.954167 1.703874 0.010458 -0.000000 0.000005 -0.000000 10.144746 -16.000767 15.643896 38.523305 1.663882 25.921872 65.189108 -33.638938 24.412431 0.000005 0.000002 0.000003 -4.577838 -1.327401 -10.960659 -6.396441 2.039176 2.811536 -1.510899 -10.075881 -2.942081 0.000001 0.000000 0.000002 51.812695 21.778919 55.816863 -52.746047 1.025491 -48.628321 16.733646 31.622977 -16.010394 0.000002 0.000000 -0.000000 
1.580717 106.002602 -1.316211 8.720542 12.017156 10.697060 -14.613419 3.067738 -12.707609 6.125553 3.008442 -0.619075 -0.500112 -12.386481 -4.826058 -4.373890 11.812547 -5.124357 -0.000003 0.000003 -0.000002 12.711572 6.138198 -49.463134 24.077018 -7.017875 -67.497384 24.869876 1.003985 2.067060 0.000002 0.000000 -0.000003 9.786126 -16.279969 15.723299 38.281844 0.356857 25.811877 64.501342 -33.718417 25.214372 0.000003 -0.000001 -0.000002 -3.956798 -1.408072 -10.788677 -5.922355 1.917823 2.671202 -1.878897 -9.662079 -2.838253 0.000000 0.000000 -0.000000 51.786399 21.679425 55.785314 -51.938572 0.072998 -48.827482 16.743381 31.596838 -15.932927 0.000001 0.000001 0.000001 
1.583929 106.011551 -1.350465 8.167076 11.917794 10.516001 -14.360184 3.007645 -12.634416 7.381002 2.971157 -0.249264 -1.390830 -12.283288 -5.075284 -4.868805 11.258879 -4.924521 -0.000001 0.000003 -0.000002 12.314964 6.524948 -49.314297 23.249064 -5.862293 -67.113439 23.021195 0.450529 2.934434 -0.000000 -0.000002 0.000004 9.310192 -17.042311 15.455789 38.113391 -1.075364 25.800580 63.508158 -34.024581 26.413685 0.000002 0.000003 -0.000001 -4.467676 -1.378879 -10.576547 -4.495844 1.534888 2.558101 -2.257994 -9.138036 -2.621443 0.000001 -0.000000 0.000002 51.202277 21.810491 55.658856 -50.793528 -1.328269 -49.168025 16.149029 31.897161 -15.995594 -0.000000 0.000001 0.000001 
1.589712 106.024757 -1.387442 7.566772 11.741216 10.499710 -13.765663 2.896765 -12.662377 8.262517 3.038033 -0.041280 -2.320715 -12.288682 -5.257142 -4.649310 10.997217 -4.607229 -0.000003 0.000001 -0.000001 12.201622 6.386481 -48.930915 22.880657 -5.064599 -66.677113 21.597774 0.296934 3.762642 -0.000001 -0.000000 -0.000001 9.097593 -16.811821 15.130648 37.869246 -1.783575 25.405251 62.526523 -34.733216 27.165129 0.000000 0.000003 0.000002 -5.009838 -1.416128 -10.581084 -3.244102 1.212865 2.488034 -2.597399 -8.406134 -2.257254 0.000001 -0.000001 0.000002 50.493041 21.857642 55.271977 -49.306603 -3.107299 -49.548542 15.621828 31.730569 -15.650323 0.000005 0.000004 -0.000001 
1.607751 106.041687 -1.433580 7.370373 11.524103 10.377661 -13.368775 2.811488 -12.492910 8.062198 3.116456 -0.192103 -2.275306 -12.432678 -5.214837 -4.757608 10.417721 -4.286882 -0.000003 0.000001 -0.000003 11.790583 7.172027 -48.522538 22.256294 -3.876459 -64.931139 20.088466 0.280616 2.822800 0.000002 0.000000 -0.000001 8.750494 -16.467504 14.523897 37.551349 -3.138149 24.741180 62.402610 -35.850618 29.112882 0.000003 0.000003 -0.000001 -5.498816 -1.472850 -10.450501 -2.644586 0.954881 2.214674 -2.621015 -7.339912 -1.841540 0.000001 0.000000 0.000002 49.706797 21.823424 54.716884 -48.289707 -3.783106 -49.549822 14.936978 31.452639 -15.107229 0.000002 0.000002 -0.000001 
1.636125 106.057922 -1.473780 6.806172 10.944863 10.262346 -12.506339 2.604715 -12.304553 8.151148 3.127701 -0.163911 -2.580502 -12.524916 -5.299637 -4.726300 9.864999 -3.962356 -0.000003 0.000003 -0.000001 11.249065 7.995365 -47.646198 21.446353 -1.965002 -62.720719 18.944805 -0.125053 1.498506 0.000000 0.000000 -0.000003 8.248708 -16.458292 13.718969 36.801961 -4.634075 23.593724 61.438508 -36.482171 30.544811 0.000005 0.000001 -0.000000 -5.806053 -1.646624 -10.361149 -1.273771 0.554446 2.109320 -3.488566 -6.377267 -1.469151 0.000000 0.000000 0.000002 48.315754 21.865362 53.856974 -46.128663 -6.021545 -49.592846 14.166220 31.268449 -14.633248 0.000002 0.000002 -0.000001 
1.671257 106.073723 -1.515791 6.310462 10.541270 10.268016 -11.144597 2.307033 -12.129344 5.119341 2.996711 -0.884096 -0.453086 -12.003622 -4.650002 -4.186109 9.186975 -3.549464 -0.000001 0.000001 0.000000 10.913164 7.974645 -46.957161 20.717412 -0.866265 -60.491529 18.195506 0.101439 0.516550 -0.000003 -0.000003 -0.000002 7.861033 -16.688408 12.968858 35.920218 -5.681517 22.676079 61.437401 -37.356337 31.584270 0.000005 0.000003 0.000000 -6.105327 -1.589175 -10.489772 -0.321257 0.412551 2.208885 -4.363956 -5.493797 -1.079907 0.000000 0.000000 0.000001 47.230437 21.728077 53.283289 -44.096456 -8.563491 -49.592409 13.437573 32.002182 -14.941486 0.000001 0.000001 0.000001 
1.713743 106.079575 -1.549644 5.902672 9.620835 10.341186 -10.642183 2.224002 -12.300563 5.128123 3.008361 -0.988070 -0.546647 -11.535633 -4.443301 -4.034036 8.370225 -3.182971 -0.000002 0.000003 -0.000001 10.828645 7.313837 -45.530550 20.162525 -0.754091 -57.088722 17.750511 0.152923 0.382607 0.000002 0.000001 -0.000001 7.496758 -16.120387 11.793682 34.101004 -6.182718 20.692164 60.739759 -38.363397 32.009504 -0.000003 0.000002 0.000004 -6.263325 -1.546212 -10.609684 0.698958 0.142160 2.074775 -5.026513 -4.409838 -0.564380 0.000001 0.000000 0.000002 46.054541 21.264373 52.443060 -41.655336 -11.133227 -49.023533 13.424801 32.697581 -15.396373 0.000001 -0.000001 0.000001 
1.760794 106.080856 -1.567645 4.643385 9.349451 10.170639 -9.502268 2.032021 -12.370109 5.295583 2.910791 -0.944056 -1.095410 -11.226516 -4.358173 -3.264657 7.195262 -2.713872 -0.000003 0.000003 -0.000002 10.609255 6.682394 -43.722551 19.595249 -0.688161 -52.940151 17.236460 0.689744 -0.436414 -0.000001 -0.000002 -0.000000 6.984646 -16.593414 10.399139 32.075736 -6.785484 18.239513 59.597560 -38.640084 31.211133 0.000001 0.000003 0.000003 -5.640047 -1.580775 -10.273410 1.872225 -0.228466 1.761460 -5.821316 -3.661714 -0.387293 0.000000 0.000000 -0.000000 45.360509 20.430388 51.537520 -38.241488 -13.687661 -47.314384 13.104376 32.446660 -15.219666 0.000002 0.000001 -0.000003 
1.805277 106.079971 -1.596576 4.786222 8.917931 10.023404 -9.819986 2.153311 -12.555611 6.659267 2.950722 -0.806563 -2.428448 -11.105522 -4.356117 -2.811224 6.495387 -2.425326 -0.000001 0.000003 -0.000000 10.238150 6.644894 -42.344854 18.696888 -0.487621 -49.644728 16.383616 0.783915 -1.927915 -0.000000 0.000000 0.000004 6.455993 -16.683866 9.327288 30.036604 -7.203334 16.300474 60.467159 -38.669113 32.371203 0.000005 0.000003 0.000003 -5.818881 -1.434421 -9.894139 2.341838 -0.467585 1.177113 -6.459511 -3.367887 -0.414669 0.000000 -0.000000 -0.000000 44.337036 19.740743 50.646577 -35.678234 -14.954011 -45.519912 12.690813 32.112148 -14.994292 0.000003 0.000000 -0.000001 
1.861326 106.082214 -1.606331 3.828227 8.391656 9.764993 -8.347805 1.795105 -12.272352 3.779781 2.854929 -1.696298 -0.680808 -10.316068 -3.372591 -1.152272 5.910530 -1.844083 -0.000000 0.000001 -0.000002 9.900610 6.522787 -40.040854 17.367457 0.390299 -46.133198 16.274285 0.573380 -3.682328 0.000003 -0.000001 -0.000000 5.934753 -16.382830 7.995142 26.542889 -6.704006 13.580617 63.102759 -39.089695 34.917040 0.000002 -0.000001 0.000003 -5.197153 -1.129135 -9.421989 3.187003 -0.916212 0.748012 -8.225713 -3.384581 -0.691864 -0.000000 0.000000 0.000002 43.233895 18.400948 49.399149 -31.486008 -17.097123 -42.684639 11.431169 28.533252 -12.834875 0.000005 0.000004 -0.000001 
1.926088 106.092430 -1.617660 3.730247 7.681939 9.449786 -7.605831 1.654954 -11.956591 2.583254 2.843809 -2.172228 -0.173787 -9.664561 -2.811733 -0.702860 5.278032 -1.255004 -0.000001 0.000001 -0.000003 9.115406 6.309788 -37.296900 15.544399 2.149344 -42.542718 15.257330 0.466979 -5.939664 0.000001 -0.000001 0.000002 5.153087 -15.835829 6.267873 22.514667 -5.525412 10.947207 65.033202 -39.460591 37.197214 0.000002 0.000003 -0.000001 -4.646533 -0.967118 -8.952758 2.487257 -1.321762 0.212138 -8.937464 -2.929293 -0.776592 0.000001 0.000000 0.000002 42.110964 16.735401 47.818540 -28.416633 -17.240974 -40.146636 8.348765 23.054583 -9.684010 -0.000002 -0.000001 -0.000002 
1.984848 106.113510 -1.616962 3.369760 7.070891 9.149608 -7.143915 1.564087 -11.800450 1.427156 2.801492 -2.418121 0.677537 -9.309820 -2.328033 -0.333021 4.979724 -0.882532 -0.000004 0.000003 -0.000002 8.534559 6.092060 -35.202788 14.346252 2.887535 -39.575236 14.776252 -0.052545 -7.243830 0.000002 0.000002 -0.000005 4.694761 -14.584896 5.190560 19.543784 -4.414532 8.683688 66.625791 -39.727232 39.490535 0.000003 0.000004 0.000004 -3.912291 -1.104497 -8.522707 1.711298 -1.411655 -0.222126 -8.823697 -2.562446 -0.667310 0.000000 0.000000 -0.000001 41.908432 15.416999 46.724887 -26.962867 -16.809328 -38.690245 6.175628 18.547597 -7.472840 0.000003 0.000000 0.000000 
2.047317 106.155731 -1.623453 3.611885 6.409175 8.334288 -7.374570 1.613653 -11.360099 0.488675 2.605608 -2.599641 1.214026 -8.515274 -1.654793 0.060666 4.313948 -0.423270 -0.000003 -0.000000 -0.000002 7.123061 6.396040 -32.279071 12.235341 3.583551 -36.410827 13.881571 -0.712333 -9.820948 0.000001 -0.000000 -0.000000 3.757333 -13.404402 3.802025 16.152788 -4.013559 6.827285 67.063128 -39.577941 41.025579 0.000003 0.000003 0.000002 -3.786022 -0.938353 -7.657883 0.508547 -1.407460 -0.581176 -7.557349 -2.161987 -0.623746 0.000000 0.000000 0.000002 42.124751 13.491865 45.620572 -27.384149 -14.369217 -37.639940 4.475782 14.030085 -5.413367 0.000003 0.000006 -0.000003 
2.117935 106.244499 -1.641707 4.477956 4.662551 7.772755 -8.533708 1.879844 -11.259178 3.575551 2.977934 -2.624787 -1.425568 -8.106050 -1.095365 0.612873 4.052843 -0.267617 -0.000000 0.000001 -0.000003 6.318819 6.262647 -29.203129 10.238651 4.770129 -32.573971 14.535688 -1.875200 -11.514036 0.000005 0.000002 0.000002 3.636479 -9.447483 2.611199 12.968620 -3.820103 4.058709 66.281815 -40.762593 41.738723 0.000006 0.000002 0.000003 -4.969885 -0.479990 -6.944651 -0.714225 -1.488441 -1.673504 -6.319798 0.802602 0.869390 0.000001 0.000000 0.000001 40.331441 11.589527 43.479728 -26.883230 -12.879121 -36.265818 2.353806 9.645286 -3.861262 0.000006 0.000003 -0.000000 
2.190242 106.354584 -1.660620 4.663561 3.679311 7.264248 -7.691301 1.698257 -10.831083 4.096407 3.045164 -2.734048 -2.004279 -7.223658 -0.630530 0.378274 3.512885 -0.134090 -0.000001 0.000003 -0.000003 5.646469 6.265639 -27.167815 8.692234 5.841255 -29.300692 14.419042 -1.893180 -12.571753 -0.000001 0.000000 -0.000005 3.627057 -6.742675 1.818582 10.420757 -3.442230 1.679585 64.730639 -41.876303 41.457582 -0.000000 0.000003 0.000004 -5.494284 -0.233810 -6.258913 -1.007148 -1.475616 -2.354123 -5.382651 2.250584 1.473930 0.000001 0.000000 0.000001 39.338270 9.789510 41.810340 -25.764601 -12.241406 -34.673534 0.964401 5.506217 -2.461631 0.000003 0.000002 -0.000001 
2.275692 106.487961 -1.675946 4.836278 3.761966 5.987659 -6.935758 1.428067 -9.445020 4.207619 2.718382 -2.231060 -2.006656 -6.561112 -1.009510 -0.509623 2.126331 0.291135 -0.000003 0.000001 -0.000001 5.532737 4.031900 -24.346312 6.523448 7.202138 -25.657124 13.941962 -2.162000 -13.597331 -0.000001 0.000000 0.000000 3.065457 -6.135789 1.000288 7.324382 -2.098846 -0.328198 62.981127 -42.814856 41.439109 0.000003 0.000000 0.000001 -5.765645 -0.193402 -4.980692 -0.160346 -1.428367 -2.270594 -5.754133 1.363697 0.946384 0.000001 0.000000 0.000002 37.964254 7.347697 39.247517 -23.540781 -11.206822 -31.031797 0.070881 3.207871 -1.771108 0.000001 0.000000 -0.000000 
2.377864 106.666061 -1.705544 3.847175 3.933041 4.713620 -4.133281 0.847173 -8.024384 2.753794 2.291253 -2.095630 -1.751453 -5.698785 -0.909587 -1.638551 0.669657 0.618545 -0.000001 0.000003 -0.000002 4.424442 3.759804 -21.515405 4.907549 6.359134 -21.568303 14.621502 -3.584666 -14.369822 -0.000001 -0.000000 -0.000001 2.509767 -4.681948 0.365927 4.365912 -1.278492 -1.853033 59.891866 -43.488614 40.613312 0.000001 -0.000003 0.000003 -5.066441 -0.208934 -3.697180 -0.073227 -1.372748 -2.200363 -5.388952 1.880976 1.068003 0.000001 0.000000 0.000001 36.963867 4.432943 36.554305 -19.826627 -11.223009 -27.391857 -2.770250 0.518445 -1.390789 0.000001 -0.000003 0.000001 
2.473252 106.856911 -1.738727 2.926837 3.475959 4.079495 -2.498715 0.559673 -7.499743 1.763453 2.069568 -2.095214 -1.305578 -5.156574 -0.515657 -1.917307 -0.064008 0.696589 -0.000001 0.000003 -0.000003 3.541888 4.291459 -19.525076 4.049582 5.796318 -18.509297 14.299090 -3.438962 -14.127562 -0.000002 0.000000 0.000000 2.588062 -2.535059 0.099905 3.329798 -2.016421 -3.016928 55.950557 -44.788576 38.627319 -0.000002 0.000003 -0.000003 -3.768495 -0.193331 -2.908405 -0.698117 -1.039243 -2.375878 -5.308453 2.245505 1.234213 0.000000 0.000000 -0.000001 34.524076 3.137169 34.046458 -17.079520 -11.811748 -25.112177 -4.514737 -0.044080 -1.629994 0.000001 -0.000003 0.000002 
2.584923 107.106705 -1.800466 3.426510 3.275565 2.828406 -1.140105 0.263864 -6.105469 -1.183289 1.298073 -1.688057 0.886353 -4.257036 -0.694527 -1.117843 -0.156199 0.685200 -0.000001 0.000001 -0.000001 2.713651 4.415042 -17.089226 2.576204 6.882193 -15.243416 14.665173 -4.412830 -12.774480 0.000001 -0.000002 -0.000000 2.491091 -2.461860 0.022940 1.989450 -1.212765 -4.417604 48.531346 -45.665911 34.116361 0.000002 0.000003 0.000000 -4.431617 -0.027931 -1.651945 -0.716765 -1.040158 -2.292211 -3.854858 1.465458 0.635653 0.000000 0.000000 0.000002 30.960039 1.943525 30.540002 -15.333160 -9.844871 -22.085005 -6.134798 -1.326311 -1.526681 0.000004 -0.000001 0.000001 
2.716193 107.370598 -1.877622 3.427692 2.145215 2.254311 -2.075780 0.378267 -5.341648 1.476458 1.442653 -1.153362 -0.926349 -4.286933 -0.896924 -0.107722 0.279539 0.578281 -0.000001 0.000003 -0.000004 2.421715 4.102276 -14.404504 2.661459 5.715997 -12.370602 13.945575 -3.191689 -10.993115 -0.000000 0.000000 0.000000 2.555751 -1.716115 -0.584211 1.428451 -0.687586 -4.908743 39.118566 -45.792600 27.534557 0.000002 0.000003 -0.000001 -4.060378 0.172954 -0.987460 -0.743543 -0.858346 -2.418601 -3.415287 0.951475 0.292919 0.000000 0.000001 -0.000001 26.308309 1.155094 26.454373 -13.354848 -8.751404 -19.192471 -6.452966 0.414468 -1.907011 0.000001 -0.000006 0.000003 
2.848471 107.669411 -2.021808 3.581256 1.221410 1.792565 -0.884901 0.387372 -4.999111 0.917633 1.060092 -0.886759 -1.410574 -2.551564 -0.504485 -0.679081 -0.575723 0.342066 -0.000001 0.000001 -0.000003 1.831199 1.860720 -13.023502 -0.044197 4.999726 -10.312863 11.136251 -3.891813 -11.057648 -0.000000 -0.000001 -0.000002 1.333488 -1.501008 0.000664 -0.348324 -2.544349 -3.962240 31.889371 -41.514265 22.669731 0.000003 0.000001 -0.000000 -3.929827 0.152234 -0.279205 1.120735 -1.277140 -2.288663 -2.517369 0.006515 -0.450049 0.000001 0.000000 0.000001 23.061888 0.436394 23.380323 -14.124948 -5.383650 -17.260894 -3.960567 0.179168 -0.719771 0.000003 -0.000009 0.000003 
2.994088 107.965530 -2.195529 3.434185 0.009326 1.400720 -1.580253 0.546816 -4.599717 1.220383 0.883825 -0.645638 -1.301672 -0.821831 -0.037409 -2.032713 -1.328019 0.687864 -0.000002 0.000003 -0.000000 1.487534 0.903914 -10.895213 -0.468056 3.648158 -8.435254 8.679421 -3.459579 -8.655979 0.000002 -0.000001 -0.000003 0.656418 -2.248347 0.258330 -1.060363 -2.559356 -3.884777 24.532361 -37.283738 17.455814 -0.000001 0.000003 0.000002 -4.238733 0.160645 0.125058 1.756865 -1.486826 -2.433369 -0.635042 -0.079545 -0.479682 0.000000 0.000000 -0.000000 19.071597 -0.088469 19.548217 -13.399384 -2.939652 -14.381669 -3.994423 -0.817664 -0.482355 -0.000000 -0.000003 0.000003 
3.131882 108.188454 -2.279920 1.296896 0.138736 0.715084 0.619293 0.108204 -3.400929 1.284844 1.009368 -0.807393 -1.761511 -0.624451 0.060708 -0.854393 -0.951399 1.112068 -0.000001 0.000003 -0.000001 0.631974 0.994796 -8.229327 0.738560 1.045403 -6.642762 7.258080 -3.178099 -7.978744 -0.000001 0.000002 -0.000001 0.142920 -1.382811 0.027376 -1.030161 -2.407777 -3.552447 17.828430 -32.443556 13.462369 0.000003 0.000006 0.000000 -2.182404 -0.264543 0.459017 0.886858 -1.108401 -2.075349 -0.122266 -0.180070 -0.340195 0.000001 0.000000 0.000001 15.550664 -0.238643 15.878033 -11.155597 -2.113247 -11.675292 -2.124693 -0.634699 0.126425 -0.000000 -0.000003 -0.000001 
3.259365 108.402725 -2.357506 -1.001697 -0.398218 0.528766 3.595260 -0.299415 -3.085453 0.287081 0.767364 -0.849395 -1.886490 0.064050 0.299088 0.080838 -0.291007 0.873448 -0.000003 0.000001 -0.000003 1.036947 -0.293582 -6.623745 -0.577512 1.637861 -5.065492 6.296072 -3.242451 -7.674399 -0.000000 -0.000001 0.000002 -0.123578 -0.426763 -0.015081 -1.191793 -2.343782 -2.854764 14.056436 -27.291484 10.960842 0.000002 0.000004 0.000001 -1.349715 -0.234430 0.593457 2.660453 -1.315242 -2.050886 1.051544 -1.004267 -0.866038 0.000001 0.000000 0.000002 12.833727 0.374794 13.866254 -9.703155 -1.962071 -10.208644 -0.651819 0.776103 0.195346 0.000003 -0.000002 -0.000002 
3.399950 108.564270 -2.392655 -1.590820 0.164004 0.377425 3.582368 -0.412323 -2.243804 0.848806 1.085557 -0.976191 -1.826616 -0.659733 0.391323 -0.419390 0.281379 0.952482 -0.000001 0.000001 -0.000003 1.646210 -0.385239 -4.481340 0.194320 1.733123 -3.508395 5.155978 -2.147261 -6.379687 -0.000001 0.000001 0.000000 0.648482 1.217672 -0.655361 -0.234127 -1.986426 -3.675232 8.186859 -24.426998 7.994641 0.000000 0.000001 -0.000001 0.281236 -0.719499 0.423653 0.164656 -0.902161 -2.200241 0.147140 1.078681 0.365118 0.000000 0.000000 -0.000000 9.898379 -0.113739 10.172582 -7.254102 -0.953839 -7.510847 -0.245978 0.492504 0.452044 -0.000000 -0.000005 -0.000001 
3.545243 108.728470 -2.439252 -2.024394 0.218809 0.208569 3.285976 -0.498922 -1.401450 1.042278 1.045088 -0.949944 -1.669390 -0.369852 0.356790 0.086470 0.699864 0.681281 -0.000002 0.000001 -0.000003 2.354981 -0.282948 -3.124463 0.691007 2.399562 -1.536446 4.433653 -0.672419 -4.426327 -0.000001 -0.000001 -0.000002 1.143682 -0.315208 -0.273247 0.308115 0.039568 -3.694930 3.340957 -19.828393 4.435854 0.000000 0.000003 0.000000 0.954426 -0.600659 0.363513 -0.851617 -0.612527 -2.138347 0.678224 1.518901 0.619463 0.000000 0.000001 0.000001 6.846785 -0.053108 7.098314 -3.601159 -1.673041 -5.019919 -0.386654 0.963685 -0.102843 0.000003 0.000000 -0.000000 
3.693630 108.872597 -2.499032 -2.114748 0.879092 0.029692 3.122633 -0.520848 -0.804941 0.544836 0.833239 -0.784350 -1.136967 -0.063266 0.349211 -0.116443 0.429265 0.734728 -0.000001 0.000003 -0.000001 2.612336 -0.249938 -2.076678 1.322070 2.311024 -0.290318 2.731874 1.039309 -3.364515 0.000001 -0.000001 -0.000005 1.307499 -1.674298 -0.069909 0.690310 1.282528 -3.700439 -0.142078 -16.059102 2.073508 0.000001 0.000001 -0.000000 1.255658 -0.576806 0.416642 -1.093796 -0.348434 -1.941497 -0.456892 0.906725 0.480176 0.000001 0.000000 0.000001 4.950619 -0.473319 4.747735 -2.066661 -1.357599 -3.225723 -0.251278 0.742600 -0.147699 0.000001 -0.000002 0.000000 
3.866985 109.013809 -2.586412 -0.819896 1.067843 -0.027425 0.603288 -0.151733 -0.389328 -0.006311 0.130113 -0.148545 0.378721 -0.943875 -0.211765 0.234722 0.469487 0.188331 -0.000001 0.000001 -0.000003 1.350346 -0.678670 -1.013110 0.093327 1.421762 -0.220677 1.637938 0.028572 -2.275867 -0.000000 0.000000 -0.000001 0.396762 -0.383279 0.010241 0.216116 0.331599 -1.498405 0.103251 -8.008177 1.311436 0.000003 0.000003 0.000002 0.328741 -0.286195 0.196408 -1.264048 0.149386 -1.186748 1.026322 -0.510508 -0.312501 -0.000000 0.000000 0.000002 2.550543 -0.669591 2.120913 -0.324145 -1.109863 -1.389826 -0.948996 0.258976 -0.239146 0.000001 -0.000002 -0.000000 
4.060442 109.163383 -2.721479 0.120693 0.069941 -0.021356 -0.153114 0.038509 -0.066448 -0.015701 -0.005259 0.010775 0.102617 0.035309 0.049080 -0.149947 -0.147083 0.057253 -0.000003 0.000003 -0.000002 0.071615 -0.238129 -0.077516 -0.233451 0.201507 -0.133071 0.049501 -0.212447 -0.193102 -0.000001 0.000001 -0.000003 -0.063494 -0.122807 0.174899 -0.174093 -0.160090 -0.290374 0.156360 -0.634356 0.207764 0.000003 0.000005 0.000001 -0.251621 -0.013550 0.064437 0.350210 -0.142913 0.062464 -0.103958 0.082816 -0.000890 0.000001 0.000000 -0.000000 0.257734 -0.235441 0.050293 -0.418162 0.522872 0.031427 0.072429 -0.332901 0.228429 0.000003 0.000000 0.000000 
4.230247 109.274193 -2.792353 -0.662589 -0.385014 0.114692 0.841914 -0.208366 0.366852 0.086276 0.028821 -0.059229 -0.564257 -0.192387 -0.270746 0.826409 0.805290 -0.321373 0.000000 0.000003 -0.000000 -0.399230 1.306427 0.431267 1.290950 -1.097179 0.745651 -0.284702 1.164014 1.064189 0.000003 0.000000 0.000000 0.355526 0.671138 -0.963288 0.941852 0.894962 1.586539 -0.819005 3.494533 -1.111976 0.000003 0.000001 -0.000000 1.382547 0.069367 -0.355005 -1.921218 0.791715 -0.327505 0.571140 -0.454907 0.007592 0.000000 0.000000 -0.000000 -1.412463 1.297283 -0.257416 2.294268 -2.875474 -0.104631 -0.374366 1.833763 -1.247871 0.000001 0.000001 0.000001 
4.413465 109.382896 -2.876424 -0.856610 -0.452340 -0.017429 1.141534 -0.323239 1.140832 -0.770060 -0.487988 0.370372 -0.060566 -0.711269 -1.109801 1.596486 1.443041 -0.770238 -0.000002 0.000003 -0.000003 -0.037699 1.731698 0.619691 2.759140 -1.314760 1.765287 -0.441196 2.740681 3.064945 -0.000000 0.000001 0.000000 1.084056 0.579979 -1.530474 1.551046 2.987782 2.063344 -1.683905 7.699501 -3.013180 0.000002 0.000000 0.000000 1.617501 0.228065 -0.501460 -2.460513 1.319427 -0.222127 1.554190 -1.016698 -0.182453 0.000000 0.000001 0.000002 -2.585594 1.610801 -1.294962 3.797141 -4.438805 0.146212 -0.154405 2.291798 -1.749347 -0.000001 0.000002 0.000002 
4.616416 109.465950 -2.978811 -0.213512 -1.555257 -0.026112 0.090807 -0.299272 1.675223 -0.164773 -0.608768 0.684950 -0.457269 -1.431401 -1.825122 1.924798 2.073350 -1.272252 -0.000000 0.000003 -0.000002 -0.136312 2.042355 1.078082 3.496231 -1.658780 2.147070 -1.265058 3.530005 4.815935 0.000000 0.000000 -0.000002 1.207614 -0.004189 -2.171685 1.637674 4.515110 2.967706 -0.378749 14.145364 -4.300533 0.000005 0.000003 0.000005 1.324891 0.292633 -0.698835 -3.314755 1.722152 -0.254494 1.367702 -0.296964 0.293026 0.000001 0.000000 0.000002 -4.198072 2.145602 -2.698218 4.407680 -4.848569 0.645329 -0.169871 2.497137 -1.948045 0.000007 0.000003 -0.000003 
4.814906 109.540627 -3.076189 -0.100267 -2.538146 -0.034524 0.147213 -0.350456 1.974782 0.502665 -0.453877 0.790743 -1.188599 -1.796289 -1.978728 2.511962 2.963089 -1.662907 -0.000000 0.000003 -0.000003 0.340672 1.879809 1.259399 3.902112 -0.664433 2.261796 -0.188911 3.687649 6.346623 0.000000 0.000002 -0.000001 1.603118 -0.043867 -2.422187 1.496555 6.071452 2.221734 -0.126620 17.557237 -5.496500 -0.000002 0.000006 0.000004 1.602703 0.092792 -0.809438 -4.280529 2.057228 -0.236537 1.442421 -0.275952 0.515035 0.000000 0.000001 -0.000000 -5.190540 2.892652 -3.383233 5.448106 -5.827735 0.883964 -0.953182 2.745405 -2.372109 0.000003 -0.000004 0.000001 
5.019578 109.577827 -3.151066 -0.269195 -3.009994 -0.026100 0.001588 -0.412612 2.446726 0.311945 -0.459488 0.816093 -0.799156 -1.909341 -2.309236 2.645645 3.493716 -1.960656 -0.000001 -0.000000 -0.000005 0.905071 1.754968 1.502449 4.170635 0.296656 2.407711 -2.199278 5.108373 8.288622 -0.000000 -0.000001 0.000001 2.129864 0.438178 -2.554735 1.251049 7.093430 0.701113 0.442174 19.765492 -6.552894 0.000003 -0.000002 -0.000000 1.341732 0.114619 -0.881811 -4.010062 1.964891 -0.315963 1.100295 0.411906 0.850811 0.000000 0.000001 0.000002 -6.117450 3.196318 -4.320859 5.851584 -6.217405 0.908486 -1.328096 2.771887 -2.504995 0.000004 0.000000 0.000000 
5.229638 109.613365 -3.223599 1.148821 -4.261319 -0.056856 -0.592490 -0.390218 2.772098 2.249193 0.307823 0.283812 -2.333984 -0.976238 -1.882181 2.203394 3.415540 -1.811343 -0.000001 0.000003 -0.000003 1.296413 0.681564 1.852128 3.330710 1.072807 2.714869 -2.918165 4.631272 9.775079 0.000002 0.000001 -0.000003 1.949973 0.721397 -2.771257 0.610065 6.756322 -0.248984 1.426062 21.598438 -6.930551 0.000003 0.000004 -0.000000 -0.798049 0.250187 -0.701450 -3.222124 1.911297 -0.504999 0.852757 1.046424 1.214159 0.000000 0.000000 -0.000000 -7.634492 3.297431 -6.217301 5.097383 -4.320782 1.798121 -1.385278 2.267592 -2.172189 0.000003 0.000000 -0.000001 
5.429196 109.634285 -3.292006 1.699542 -5.205441 -0.043369 -0.392481 -0.395533 2.670529 3.779575 0.895000 -0.107381 -3.469185 -0.303713 -1.426214 1.825371 3.044204 -1.509276 0.000001 0.000001 -0.000002 1.807058 -0.076899 2.233619 2.812026 1.727573 3.019187 -2.846588 4.201814 10.654748 -0.000000 0.000000 0.000000 1.989551 1.260611 -2.776768 0.103145 6.466602 -1.649494 2.559992 21.597815 -6.900909 0.000002 0.000004 0.000001 -1.473080 0.263234 -0.596517 -3.500015 1.867625 -0.691364 1.109202 1.277934 1.323858 -0.000001 0.000000 -0.000000 -8.653056 3.728492 -7.141184 4.867922 -3.575958 2.152490 -1.311246 1.604080 -1.883314 -0.000000 -0.000001 0.000001 
5.633354 109.639816 -3.349996 -0.048417 -5.395538 -0.127326 1.923052 -0.586335 2.503028 1.787535 0.322494 0.134602 -2.387774 0.455920 -1.417539 2.037226 2.847971 -1.283921 -0.000003 0.000003 -0.000003 1.095004 0.871501 3.030708 3.141861 1.192934 2.380123 -3.074761 3.638914 12.414703 -0.000001 -0.000002 -0.000002 2.238707 2.441545 -2.993035 0.081621 5.633985 -2.434301 5.323186 22.635360 -7.185682 0.000002 0.000005 0.000001 -0.506761 0.274580 -0.500008 -2.907129 1.694202 -1.106382 1.009826 1.994461 1.601005 0.000000 0.000000 0.000002 -8.724906 3.707221 -7.155764 6.250029 -5.067866 1.895727 -1.281968 3.035912 -2.405777 -0.000000 0.000002 -0.000001 
5.834533 109.650673 -3.404450 0.252581 -5.914306 -0.211590 1.196456 -0.504987 2.524499 2.952242 0.502214 0.220928 -2.815759 0.455105 -1.393142 1.512382 2.722928 -1.315274 0.000000 0.000003 -0.000001 1.527288 -0.002893 3.120437 2.102201 2.195801 2.484337 -2.489860 2.461645 13.612047 0.000001 -0.000000 -0.000001 2.098166 2.636466 -2.976968 -1.042538 6.274873 -2.880593 9.115499 23.108005 -7.084814 0.000002 0.000003 -0.000001 -1.088524 0.207602 -0.347891 -2.431681 1.687607 -1.377202 0.857265 2.571473 1.877571 0.000000 0.000000 -0.000000 -9.309621 3.395626 -8.288206 5.276270 -3.506661 2.317770 -0.935044 1.851034 -1.797561 0.000003 0.000001 0.000001 
6.024091 109.655746 -3.457235 0.574283 -5.952138 -0.420983 0.670835 -0.493338 2.774739 4.175265 0.704515 0.280217 -3.601929 0.518607 -1.511295 1.188046 2.226888 -1.041609 -0.000000 0.000001 -0.000002 1.653504 -0.158562 3.300067 1.565984 2.738449 2.757069 -3.071324 2.265150 14.627576 0.000000 -0.000001 -0.000002 2.157479 3.345342 -2.908482 -1.328718 6.044658 -3.795367 10.625813 22.230102 -6.879985 0.000001 0.000005 0.000001 -1.490608 0.265240 -0.203734 -2.268077 1.767364 -1.255671 0.796113 2.323329 1.866042 0.000001 0.000000 0.000002 -9.686243 2.831759 -9.300220 5.397073 -3.059169 2.973593 -0.933481 2.010691 -2.009131 -0.000001 0.000000 -0.000000 
6.202465 109.645805 -3.492331 1.305854 -5.099822 -0.788490 0.197230 -0.512025 3.204772 2.317836 0.058978 0.686764 -1.712083 1.439378 -1.771022 0.433804 1.566024 -0.677698 -0.000003 0.000003 -0.000002 1.579401 0.130050 3.791981 2.155739 2.372843 2.841199 -3.883372 2.465512 16.151768 -0.000000 0.000000 -0.000002 2.515021 4.332958 -3.070938 -1.393345 5.552175 -5.260271 11.016705 19.736931 -6.451227 0.000001 0.000003 0.000003 -2.436215 0.375773 0.040662 -1.825001 1.539783 -1.002421 0.385533 1.857433 1.628750 -0.000000 0.000000 0.000002 -9.575048 1.274916 -10.724600 3.155686 -0.443307 3.573152 -0.118824 0.434386 -1.229359 0.000002 0.000003 0.000000 
6.378809 109.641144 -3.527761 1.583374 -5.311296 -0.953704 -0.349358 -0.510083 3.678431 1.931838 -0.334160 1.069335 -0.851034 2.189089 -2.291060 -0.338026 1.312968 -0.749199 -0.000001 0.000003 -0.000001 1.848453 -0.046606 3.935707 1.836698 2.617158 2.660811 -3.544763 1.765386 17.690354 -0.000002 0.000002 -0.000003 2.660418 4.743704 -2.932399 -2.114050 6.206582 -5.856343 13.917870 19.492860 -6.424751 0.000000 0.000006 0.000001 -3.090907 0.587708 0.197543 -1.239542 1.384155 -1.061162 0.250457 2.077606 1.701333 0.000000 0.000000 0.000003 -9.813799 0.494870 -11.658205 2.151828 0.888043 4.014506 0.021119 -0.110221 -1.082406 0.000006 0.000005 0.000000 
6.543019 109.630974 -3.554731 0.898832 -5.378101 -1.204843 1.152230 -0.622737 3.804964 0.916693 -0.618239 1.173361 -0.493775 2.188439 -2.506808 -0.236391 1.475998 -0.843109 -0.000003 0.000003 -0.000003 2.413505 -0.687067 4.074298 1.045121 3.043958 2.885140 -1.909093 0.378078 18.098154 0.000002 -0.000001 -0.000002 2.691214 5.056370 -3.007259 -2.509197 6.739252 -5.617645 16.339170 19.494617 -6.202318 0.000002 0.000003 0.000002 -2.465097 0.595672 0.329533 -1.050787 1.086969 -1.100887 0.174734 1.790271 1.486522 -0.000000 0.000000 -0.000001 -9.677408 0.251737 -11.705885 2.450686 0.803575 3.905623 0.185418 -0.247130 -1.034957 0.000004 -0.000005 -0.000000 
6.717937 109.682426 -3.645060 0.584697 -5.556506 -1.056016 1.760148 -0.606195 3.378447 1.521707 0.069307 0.623983 -1.812240 2.792652 -1.653714 0.924931 1.460134 -0.157098 0.000002 0.000001 -0.000002 1.716647 -0.233192 4.150605 2.618408 1.359519 3.131142 -4.779959 0.897425 19.627336 -0.000001 0.000000 -0.000002 2.554190 4.642463 -2.023978 -2.087260 5.511044 -6.316275 18.795731 23.055865 -6.945191 -0.000000 0.000003 -0.000001 -2.204608 0.091275 0.397435 -0.671535 0.916393 -1.349922 -1.172500 3.036293 2.237697 -0.000000 0.000000 -0.000000 -9.140192 -0.179354 -12.043387 3.515453 0.610703 3.865198 0.072330 -0.688437 -0.338403 0.000001 -0.000002 0.000003 
6.886551 109.740181 -3.749307 0.854281 -6.182288 -1.129666 1.798468 -0.546728 3.207651 1.650069 0.270574 0.502019 -2.141711 3.150696 -1.135654 0.848368 1.690663 -0.075903 0.000001 0.000001 -0.000002 1.086972 0.359115 3.987313 3.410434 0.867668 3.452881 -5.685058 1.150160 20.971281 -0.000002 0.000000 -0.000003 2.555558 4.574478 -1.080293 -2.159410 5.496142 -6.920414 20.456442 26.128836 -8.143523 0.000002 -0.000001 0.000002 -1.958886 -0.117877 0.633224 -1.057678 0.964579 -1.661074 -1.681162 3.416155 2.501214 0.000001 0.000000 0.000001 -9.040675 -0.343045 -12.335575 3.864603 0.481162 3.784713 -0.206374 -1.174356 -0.094847 0.000005 -0.000001 -0.000002 
7.037521 109.792961 -3.852128 1.075038 -6.480462 -1.313063 1.606024 -0.533086 3.324554 1.968502 0.285564 0.579873 -2.277582 3.041432 -1.114528 0.711335 1.857470 -0.141306 -0.000002 0.000001 -0.000003 0.763759 0.612577 3.951331 3.422593 0.775445 3.579636 -5.955884 0.583393 21.826204 -0.000000 0.000000 0.000002 2.501847 4.532283 -0.368581 -2.625823 5.887609 -7.227491 22.529499 28.926930 -9.143158 0.000005 0.000003 -0.000001 -2.272098 -0.170729 0.963825 -0.643916 0.861467 -1.936830 -2.261201 2.797716 2.211494 0.000000 0.000001 -0.000000 -9.004781 -0.543557 -12.550349 3.857209 0.700851 3.820865 -0.261480 -1.259907 0.017329 0.000003 0.000002 0.000000 
7.181793 109.829849 -3.951092 1.484892 -5.979102 -1.781671 1.267568 -0.552041 3.986223 2.223353 0.289314 0.739157 -2.449834 2.500944 -1.311194 0.270311 2.031421 -0.135761 -0.000001 0.000001 -0.000002 0.637875 0.697974 4.180310 3.720324 0.285433 3.357771 -7.428822 0.270951 22.939361 0.000000 0.000000 0.000002 2.415755 4.713554 -0.183499 -2.818431 5.994989 -7.240830 23.705290 30.388509 -9.437534 0.000003 0.000001 0.000003 -2.917546 -0.225114 1.435218 -0.044884 0.640466 -1.752405 -2.765556 3.859690 2.863084 0.000001 0.000000 0.000002 -8.735396 -1.763331 -13.358859 3.555041 1.570985 4.253649 -0.346275 -2.010591 0.372753 0.000002 -0.000003 -0.000001 
7.323764 109.865196 -4.053849 1.489565 -6.380181 -1.761008 1.479846 -0.552129 4.116255 2.596452 0.395116 0.615048 -2.894444 2.461625 -1.248010 0.106820 2.133742 -0.407449 -0.000003 0.000003 -0.000004 0.350318 0.582570 4.056415 3.250103 -0.162809 3.045825 -6.285234 -1.471094 24.017541 -0.000002 0.000000 0.000000 2.113937 4.975913 0.153832 -3.166935 5.536041 -6.436419 26.782220 33.326026 -10.575202 0.000004 -0.000001 0.000001 -2.949696 -0.229127 1.286403 -0.219835 0.670605 -1.773989 -2.673436 3.193430 2.467262 -0.000000 0.000000 -0.000000 -8.882918 -1.531526 -13.297810 2.859596 1.673238 3.857396 0.231999 -2.401788 0.718666 0.000005 -0.000003 -0.000002 
7.453149 109.896797 -4.152093 1.464446 -7.567078 -1.546095 2.593950 -0.627050 3.614677 0.481309 -0.105779 0.732733 -1.264101 3.351514 -1.170490 -1.067137 2.046239 -0.580125 -0.000003 0.000001 -0.000003 -0.684830 2.214559 4.046937 4.100052 -0.697983 3.226044 -7.527820 -0.862554 25.068101 0.000001 -0.000001 -0.000002 2.551853 6.682462 -0.126110 -2.829028 5.296522 -6.870949 24.542323 33.504431 -10.481520 0.000004 0.000001 -0.000000 -2.849246 -0.287412 1.256077 -0.719001 0.909277 -2.430208 -2.698005 3.817526 2.864346 0.000001 0.000001 -0.000000 -9.300288 -0.264861 -12.816210 3.031813 0.734730 3.269270 0.517151 -1.225145 0.424830 0.000004 -0.000000 -0.000001 
7.575082 109.918144 -4.256784 2.132626 -7.081418 -1.701318 1.902133 -0.644083 4.259432 1.106521 0.179771 0.507603 -1.793040 3.436723 -1.126660 -0.551434 2.404101 -0.783095 -0.000001 0.000001 -0.000002 0.274913 1.464243 3.768596 3.506663 0.668389 3.637857 -7.761070 -0.315774 25.421723 -0.000001 -0.000000 0.000004 2.695869 6.000606 0.339550 -2.408029 5.193166 -7.411921 24.511887 34.708108 -11.357018 0.000004 0.000003 -0.000000 -3.768806 -0.196574 1.383018 -0.444960 0.988419 -2.306925 -2.416316 3.974762 3.008052 0.000000 0.000000 0.000001 -9.146401 -1.456987 -13.614853 1.535178 1.945396 3.617605 0.921415 -2.416481 0.758050 0.000002 0.000001 -0.000003 
7.684980 109.935349 -4.353154 2.555761 -6.852220 -1.903982 2.188817 -0.672529 4.597376 0.539883 0.044214 0.491723 -1.197104 4.239711 -1.154728 -1.188453 2.189380 -0.789426 0.000001 0.000003 -0.000000 0.133872 1.271434 3.721024 3.013571 0.272001 3.789775 -7.167519 -1.327848 25.395384 0.000000 0.000000 -0.000003 2.455471 6.052037 0.715690 -2.893593 4.630255 -7.368501 25.622107 35.211985 -11.340196 0.000003 -0.000001 0.000004 -4.130669 -0.125603 1.547231 -0.324959 0.999034 -2.309603 -2.604851 3.856300 2.969492 0.000000 0.000000 -0.000000 -9.220223 -1.867244 -13.938169 1.360519 2.003945 3.607465 1.174371 -2.277418 0.894750 -0.000000 0.000003 0.000001 
7.781485 109.943214 -4.447117 2.902918 -7.530506 -1.982097 2.206225 -0.667291 4.633010 0.663311 0.178590 0.400250 -1.231822 5.060688 -1.002829 -1.690160 2.092007 -0.736419 0.000002 0.000001 -0.000001 0.076798 1.190671 3.759539 2.801034 0.234550 3.763987 -7.477463 -1.674997 25.641618 -0.000000 0.000000 -0.000001 2.273652 5.303031 1.043071 -3.389567 5.133312 -7.312459 26.987507 35.725082 -11.497630 0.000001 0.000003 0.000001 -4.569767 -0.156170 1.752043 -0.019672 0.884342 -2.528760 -2.757939 3.652810 2.872466 0.000001 0.000000 0.000001 -9.492407 -1.565567 -14.108871 1.167149 2.481942 3.731971 1.098277 -2.631876 1.101718 0.000001 -0.000000 -0.000001 
7.869037 109.950867 -4.541426 3.324860 -7.798537 -1.926938 1.953433 -0.694635 4.683006 1.250925 0.331842 0.341136 -1.808175 5.334606 -0.978823 -1.953257 2.247999 -0.775182 -0.000000 0.000003 -0.000002 0.305248 1.220863 3.749124 2.906680 0.795421 3.732895 -7.458726 -1.179261 26.116907 0.000002 0.000000 -0.000005 2.484172 5.262262 1.372760 -3.376590 5.553143 -7.807696 26.749066 34.565774 -11.378511 0.000003 0.000003 0.000002 -4.879309 -0.095519 1.658772 -0.343136 0.817037 -2.495310 -2.603518 3.711144 2.834210 0.000001 0.000001 0.000001 -9.700479 -1.507349 -14.346391 0.100011 3.310073 3.753704 1.971355 -3.031207 1.499790 0.000003 0.000000 -0.000003 
7.948747 109.949730 -4.626858 3.076897 -7.924526 -1.941702 2.607948 -0.753973 4.517074 0.802454 0.140304 0.490445 -1.530460 5.424032 -1.012839 -2.060586 2.432172 -0.907789 -0.000002 0.000001 -0.000003 0.379847 1.322424 3.924723 2.880358 1.091156 3.638803 -7.128754 -1.197276 26.338809 0.000001 0.000000 -0.000001 2.711057 5.724106 1.377210 -3.273619 5.747696 -7.927158 25.982274 34.478870 -11.386685 0.000003 -0.000002 0.000002 -4.988138 -0.032104 1.779803 -0.194008 0.919313 -2.715547 -2.607007 3.888584 2.950859 0.000001 0.000000 0.000001 -9.662579 -1.359738 -14.136420 0.674082 2.521938 3.495905 1.803238 -2.258802 1.177830 0.000002 0.000001 -0.000002 
8.028242 109.941750 -4.708475 2.574675 -7.939826 -2.032858 3.733106 -0.829705 4.633776 -0.913959 -0.348998 0.700653 -0.276028 6.135114 -1.323481 -2.186771 2.297287 -0.874286 -0.000000 0.000001 -0.000001 0.603968 1.234640 4.068552 2.884054 1.673375 3.652044 -7.524566 -0.731254 26.544359 -0.000001 -0.000000 0.000000 2.891311 6.022965 1.358907 -3.024602 5.738487 -8.408554 25.122874 33.330169 -10.934429 0.000000 0.000005 -0.000000 -4.625155 -0.132141 1.797409 0.104261 0.856917 -2.658112 -2.625080 3.574466 2.790528 0.000000 0.000000 -0.000000 -9.292900 -1.661867 -13.993633 0.998245 2.264447 3.465882 1.100038 -2.063930 0.931245 0.000007 0.000003 -0.000003 
8.103645 109.939011 -4.785851 2.710133 -9.148936 -1.698647 3.253648 -0.799595 4.084248 1.534381 0.685656 0.029903 -2.271684 5.734302 -0.551703 -2.562201 2.440411 -0.842986 -0.000003 0.000001 -0.000002 0.532416 1.686059 4.259227 3.489610 1.491771 3.686395 -6.918053 -0.761281 26.543742 0.000001 0.000001 -0.000003 3.321289 7.420063 0.916464 -2.581832 5.138615 -9.291053 23.047346 31.622710 -9.977191 0.000002 0.000003 0.000004 -4.127832 -0.244611 1.593547 -0.753396 1.042979 -3.071837 -3.230852 4.145453 3.147280 0.000001 0.000000 -0.000000 -9.849377 -0.005744 -13.382522 1.164874 1.475366 2.870447 1.387825 -1.197766 0.736630 0.000003 0.000001 0.000001 
8.171946 109.927010 -4.861307 1.876186 -8.775830 -1.626212 3.766256 -0.841880 3.809380 2.139577 0.933291 -0.119746 -3.052671 5.321032 -0.244893 -2.385625 2.409218 -0.712611 -0.000000 0.000003 -0.000002 0.510719 1.943344 4.337307 4.098196 1.098545 3.864520 -7.107884 -0.526577 26.618941 0.000002 -0.000001 -0.000002 3.498519 7.627576 0.907498 -2.116552 4.774445 -9.611236 22.983829 30.735558 -9.650030 0.000002 -0.000001 0.000002 -3.830608 -0.274919 1.536756 -0.585729 1.028468 -3.194773 -2.603296 5.179550 3.658465 0.000001 0.000000 -0.000000 -9.642084 0.205064 -12.920286 1.442128 0.658686 2.364158 1.649287 -0.529688 0.589311 -0.000000 0.000006 0.000001 
8.224665 109.871559 -4.890948 1.885025 -8.755175 -2.000527 2.948493 -0.883374 4.665599 3.069266 0.899707 0.159063 -3.299311 5.097416 -0.893178 -1.922826 2.853978 -0.470023 0.000000 0.000001 -0.000004 1.768863 1.997740 3.534718 5.797121 0.616459 4.634557 -2.915937 -1.401333 28.492284 -0.000000 -0.000002 0.000002 4.110022 6.440787 0.810156 -1.619446 6.214579 -10.917006 21.332814 29.077031 -10.007954 0.000002 0.000003 0.000000 -3.690604 -0.274270 1.677946 -2.362528 0.917814 -3.359405 -2.377649 6.565029 4.543164 0.000000 0.000000 0.000001 -9.644443 -1.163333 -14.152874 -0.225610 3.282459 3.336696 2.100780 -1.531984 0.843697 0.000005 0.000000 -0.000000 
8.283012 109.867889 -4.976323 2.305507 -9.472357 -1.766997 2.736492 -0.854953 4.061453 3.034949 1.144384 -0.110202 -3.512308 5.543373 -0.309511 -2.392091 2.654457 -0.384165 -0.000002 0.000001 -0.000002 1.101190 2.491034 4.196928 5.130743 1.142736 4.247376 -5.767572 -0.456692 27.722942 -0.000001 0.000001 0.000002 4.019527 7.088949 0.448998 -1.461066 5.544006 -10.360260 20.919430 28.812135 -9.281176 0.000000 -0.000003 0.000001 -3.853469 -0.277609 1.680417 -1.840934 1.063243 -3.220603 -2.459772 6.055131 4.238230 0.000000 0.000001 -0.000000 -10.023449 0.369785 -13.314046 0.788819 1.826414 2.952448 1.687331 -0.833642 0.537607 0.000003 0.000002 0.000002 
8.318577 109.819023 -5.006730 2.285802 -9.140127 -2.082521 2.074119 -0.850672 4.754229 3.520831 0.922430 0.252350 -3.348635 5.291249 -0.983150 -2.076756 2.753788 -0.363997 -0.000003 0.000003 -0.000002 2.043582 1.795534 3.588491 5.955033 0.386676 4.625479 -2.054224 -1.998101 29.491381 -0.000002 0.000001 -0.000003 4.065405 6.051741 0.744682 -1.432318 6.022022 -10.719592 21.726869 29.715981 -10.230017 0.000000 0.000003 -0.000001 -3.844986 -0.279910 1.853866 -2.890305 1.101371 -3.366493 -2.156810 6.749773 4.682206 0.000001 0.000000 0.000002 -10.041903 -0.721861 -14.306371 -0.341842 3.737684 3.786469 2.210910 -0.917519 0.519313 0.000003 -0.000001 0.000002 
8.363978 109.813934 -5.075488 2.242771 -9.335293 -1.830027 2.182628 -0.812774 4.307638 3.607987 1.287866 -0.095292 -3.589774 4.814270 -0.406293 -1.921511 3.250539 -0.628977 -0.000003 0.000003 -0.000003 1.122558 2.468243 4.183238 5.580040 0.765003 4.147231 -5.389381 -0.672351 28.164960 0.000004 -0.000002 -0.000002 4.060394 7.428889 0.375035 -1.146600 5.068893 -10.483798 21.447670 28.557926 -9.143877 0.000005 0.000002 0.000002 -4.294347 -0.393100 1.793199 -1.750005 0.888766 -3.449389 -2.135553 6.341829 4.336441 0.000000 0.000000 -0.000001 -10.111765 0.544842 -13.410013 0.960093 2.011600 2.989887 1.548584 -0.601689 0.412111 0.000007 -0.000002 -0.000000 
8.388898 109.763031 -5.103268 2.052085 -8.493054 -2.233510 2.058860 -0.883485 5.094736 3.626896 0.939177 0.364908 -3.261376 4.815450 -1.077858 -2.171440 3.124862 -0.437093 -0.000003 0.000003 -0.000001 2.271299 2.049548 3.739364 6.337215 0.764394 4.494708 -2.300575 -1.514671 29.686283 0.000001 -0.000001 -0.000002 4.352746 6.184119 0.645178 -0.970443 5.736297 -11.612927 21.089517 28.752460 -9.955702 0.000003 0.000005 -0.000003 -4.181658 -0.347521 1.911022 -2.507727 0.813684 -3.401899 -1.951952 7.110478 4.865155 -0.000000 0.000000 -0.000000 -9.832913 -1.198151 -14.570107 -0.505279 4.110705 3.844094 2.241032 -1.169149 0.670144 0.000002 -0.000000 0.000002 
8.404320 109.710121 -5.132788 2.312894 -8.451182 -2.301422 1.587013 -0.893638 5.326263 3.144632 0.678492 0.546366 -2.757844 5.443747 -1.180843 -2.008518 3.246088 -0.515799 -0.000002 0.000002 -0.000003 2.781054 1.857020 3.434877 6.513318 0.789413 4.756898 -0.521147 -1.851003 30.302312 0.000002 0.000000 -0.000003 4.516582 5.866143 0.999385 -0.971129 5.816994 -12.190724 21.268811 28.605785 -10.339391 0.000006 0.000003 0.000002 -4.509077 -0.269273 1.929783 -2.377946 0.749318 -3.444750 -2.697836 7.443965 5.217839 0.000000 0.000001 -0.000000 -10.141934 -1.414834 -15.093362 -1.557240 5.223895 4.297361 2.861258 -1.157047 0.773909 0.000003 -0.000002 0.000003 
8.424526 109.668053 -5.158778 1.493201 -8.206345 -2.355785 2.885110 -0.997296 5.310211 2.669849 0.453938 0.772626 -2.771218 5.198438 -1.398929 -1.797454 3.533776 -0.561934 -0.000000 0.000001 -0.000003 3.150017 1.900317 3.419586 7.185063 0.486051 4.896054 0.169088 -1.655320 30.366625 0.000003 -0.000003 -0.000002 4.796629 6.001359 0.851631 -0.729764 6.234176 -12.471096 20.250268 27.079899 -9.978947 0.000002 0.000003 0.000000 -3.837384 -0.340208 1.759655 -2.217638 0.646251 -3.371420 -2.593569 7.513229 5.259033 0.000001 0.000000 0.000002 -9.823135 -1.418668 -14.694235 -1.174678 4.673178 4.063294 2.825295 -0.578670 0.533747 0.000001 0.000002 0.000003 
8.441788 109.621735 -5.182622 1.768400 -8.342932 -2.387964 1.941817 -0.976214 5.564442 3.342345 0.596416 0.731433 -2.868479 5.222953 -1.452966 -2.036438 3.416359 -0.535946 -0.000003 -0.000001 -0.000002 3.317213 1.725103 3.422141 7.121648 0.518664 4.955147 0.210209 -1.832763 31.028743 0.000001 0.000000 0.000002 4.659659 5.050597 1.026039 -0.773366 6.747801 -12.119022 21.220923 27.395134 -10.285889 0.000001 0.000003 -0.000001 -4.101122 -0.256415 1.814361 -2.260845 0.781285 -3.369474 -2.744378 7.726095 5.452891 0.000000 0.000001 -0.000000 -9.972028 -1.613752 -14.992791 -1.513664 5.173547 4.520108 2.691054 -0.657208 0.375605 0.000002 0.000001 0.000001 
8.454893 109.576385 -5.201336 1.826444 -8.116721 -2.494760 2.188118 -0.998386 5.727537 3.489581 0.632748 0.741186 -3.152924 5.187394 -1.432844 -1.839375 3.722015 -0.635839 -0.000002 0.000003 -0.000001 3.388062 1.610489 3.509773 7.143486 0.411700 5.029971 0.233970 -2.174393 31.109896 -0.000000 0.000003 -0.000006 4.714908 5.475961 0.990979 -0.853109 6.467926 -12.579460 20.990623 27.153315 -9.945239 0.000004 -0.000002 -0.000001 -4.257728 -0.328126 1.974654 -2.227712 0.739087 -3.497161 -2.963982 7.953040 5.620839 -0.000001 0.000001 -0.000001 -9.910507 -1.849014 -15.175649 -2.151935 5.664687 4.447297 2.747856 -1.095048 0.571609 0.000004 0.000004 -0.000003 
8.465857 109.536453 -5.220204 1.682970 -8.075162 -2.503168 2.538452 -1.014282 5.744388 3.241382 0.570804 0.722894 -3.222809 5.061865 -1.357345 -1.753727 3.883319 -0.772777 -0.000003 0.000001 -0.000003 3.515581 1.285058 3.607217 7.026770 0.470552 4.747126 0.369693 -2.300853 31.517491 -0.000002 0.000001 -0.000003 4.653665 5.452353 1.118124 -0.920016 6.369584 -12.380568 21.888777 27.831785 -10.339716 0.000003 0.000004 -0.000000 -4.268061 -0.300381 1.962846 -2.095090 0.729637 -3.526805 -2.794115 7.844658 5.505885 0.000000 0.000000 0.000001 -9.966390 -1.510376 -14.959120 -1.753488 4.945416 4.008880 2.805441 -0.164637 0.317342 0.000005 0.000001 -0.000002 
8.480595 109.499657 -5.240966 1.028998 -7.876159 -2.444097 4.209599 -1.088711 5.444350 2.757200 0.478673 0.714346 -3.499636 5.193567 -1.187277 -2.196191 3.783839 -0.786381 -0.000003 0.000003 -0.000002 3.326384 1.625593 3.542829 6.997131 0.489281 4.924854 0.028712 -2.042459 31.183133 -0.000002 0.000003 -0.000001 4.705312 5.640742 1.080005 -1.069310 6.301131 -12.796762 21.570332 27.263615 -10.091529 0.000003 0.000003 -0.000002 -3.628882 -0.344993 1.833328 -2.230696 0.690531 -3.572758 -2.517219 7.870838 5.456457 -0.000000 0.000001 -0.000001 -9.813325 -1.493186 -14.747557 -0.790440 3.666461 3.411347 2.603436 0.775061 -0.098337 0.000008 0.000006 0.000001 
8.497916 109.461098 -5.263611 0.975729 -8.072464 -2.410468 4.513173 -1.107670 5.395398 2.365144 0.397404 0.707928 -3.240535 5.534193 -1.145421 -2.272066 3.759337 -0.888407 -0.000000 0.000001 -0.000002 3.367610 1.474152 3.584713 6.570359 0.687160 5.070630 0.241306 -2.211741 30.795151 0.000001 -0.000000 -0.000007 4.569108 5.215852 1.299865 -1.365267 6.471449 -12.682095 22.566831 27.989156 -10.313354 0.000006 0.000001 0.000002 -3.517025 -0.363475 1.758633 -2.457772 0.750333 -3.534715 -2.401257 8.293170 5.670783 0.000001 0.000001 -0.000000 -9.944708 -1.476243 -14.883483 -0.854850 3.491377 3.275223 2.582359 1.098090 -0.285340 0.000002 0.000001 0.000001 
8.511562 109.426285 -5.285541 1.163838 -8.401899 -2.321909 4.318041 -1.093826 5.209198 2.566580 0.480265 0.628791 -3.310742 5.773513 -0.947895 -2.661280 3.619164 -0.891616 -0.000000 0.000003 -0.000000 3.109424 1.776293 3.515119 6.899192 0.161691 5.260849 -0.057204 -2.025674 30.469433 -0.000000 -0.000001 -0.000007 4.530203 5.191031 1.432081 -1.477675 6.399632 -12.836397 22.822884 27.550910 -10.161179 0.000001 0.000003 -0.000001 -3.796158 -0.335782 1.762894 -2.496692 0.757589 -3.636759 -2.252356 8.501223 5.844953 0.000001 0.000000 0.000001 -10.225324 -0.999632 -14.845281 -0.803802 3.120748 2.982316 2.690709 1.404401 -0.367430 0.000003 0.000003 0.000001 
8.529439 109.395187 -5.306346 1.033779 -8.204060 -2.420533 4.511579 -1.089947 5.303446 2.491227 0.396384 0.704425 -3.286911 5.697526 -0.959767 -2.726464 3.519959 -0.935097 0.000000 0.000001 -0.000002 3.045709 1.660431 3.398668 6.736739 0.119351 5.357169 -0.101183 -2.170018 30.520728 0.000001 -0.000001 -0.000004 4.409359 4.757328 1.702809 -1.888874 6.737743 -12.854149 23.762343 27.630132 -10.233031 0.000002 0.000003 0.000001 -3.718311 -0.316807 1.727396 -2.198289 0.727511 -3.448575 -2.615597 8.036566 5.558213 0.000000 0.000000 -0.000000 -10.080406 -1.241702 -14.823484 -1.039528 3.002531 2.740074 2.741506 0.939302 -0.183157 0.000002 0.000001 -0.000002 
8.551622 109.375908 -5.333764 1.247224 -8.244669 -2.322364 4.492167 -1.078236 5.213988 2.292941 0.376149 0.762288 -3.013581 5.483687 -1.111427 -2.703508 3.340251 -0.746353 0.000001 -0.000001 -0.000003 3.047347 1.831283 3.485522 6.640918 0.544582 5.557767 0.257590 -2.294080 31.084526 -0.000002 0.000002 -0.000003 4.634714 5.582253 1.405867 -1.513124 6.150555 -13.393777 21.574105 27.660946 -10.037302 0.000005 0.000002 0.000003 -3.920613 -0.389897 1.589218 -2.307951 0.726232 -3.355538 -2.398467 7.844452 5.472656 0.000001 0.000001 0.000001 -10.154725 -1.331035 -15.099007 -0.997048 2.930659 2.713827 2.986061 1.319955 -0.296076 0.000006 0.000002 -0.000001 
8.561754 109.354591 -5.357018 1.205714 -8.139768 -2.377176 4.699528 -1.086505 5.161540 2.266171 0.445111 0.696629 -3.079587 5.484772 -0.993902 -2.728353 3.356901 -0.762361 -0.000002 0.000003 -0.000000 2.837666 2.032711 3.413087 6.823843 0.372740 5.689033 0.044065 -2.133142 30.787788 -0.000001 0.000000 -0.000002 4.621612 5.671749 1.247646 -1.344334 5.818875 -13.373701 20.870970 27.126796 -9.735866 0.000004 -0.000001 0.000002 -3.828482 -0.476511 1.690974 -2.389800 0.756193 -3.401530 -2.101932 7.689242 5.389389 -0.000000 0.000001 -0.000000 -10.095407 -1.408387 -15.144520 -0.251635 2.246849 2.586289 2.488186 1.799043 -0.636364 0.000009 0.000004 -0.000001 
8.580017 109.334183 -5.385586 1.115715 -7.905384 -2.365943 4.982475 -1.119858 5.193174 1.841705 0.401020 0.627675 -2.746263 5.559449 -0.976009 -2.965542 3.237372 -0.802427 -0.000003 0.000001 -0.000002 2.782690 2.415264 3.508474 7.173260 0.547857 5.765843 -1.349275 -1.256628 31.140916 0.000001 0.000001 -0.000005 4.840775 5.690372 1.048852 -1.219569 5.976228 -13.985266 19.300550 25.785639 -9.517159 0.000001 0.000000 -0.000000 -3.807725 -0.452400 1.636129 -2.435570 0.780799 -3.282382 -1.912517 7.427778 5.251249 -0.000000 0.000000 -0.000000 -9.955242 -1.728972 -15.218411 -0.304324 2.157938 2.557281 2.483635 1.521312 -0.593115 0.000005 0.000005 0.000000 
8.598442 109.316063 -5.412135 1.254516 -8.200699 -2.451501 5.396143 -1.136523 5.136364 1.449529 0.264497 0.683868 -2.537386 6.029067 -0.993114 -3.247976 2.902431 -0.740676 -0.000003 0.000003 -0.000002 2.633038 2.606458 3.687546 7.168441 0.620220 5.741036 -0.932598 -1.373416 31.405319 -0.000000 0.000001 -0.000003 4.926091 6.206525 0.850047 -1.239380 5.706632 -14.299555 18.442342 25.271888 -9.399290 0.000003 0.000001 0.000001 -4.043035 -0.419205 1.817976 -2.211565 0.800680 -3.405969 -2.030792 7.499613 5.276879 0.000001 0.000000 0.000001 -9.947863 -1.871482 -15.344064 -0.265158 2.342499 2.752684 2.345730 1.328727 -0.647305 0.000005 0.000003 -0.000000 
8.614990 109.295319 -5.439683 1.189989 -8.225734 -2.440203 5.213064 -1.138444 5.106285 1.608580 0.314599 0.646418 -2.844878 6.312386 -0.863046 -3.009892 2.808612 -0.564644 -0.000002 0.000001 -0.000003 2.958022 2.289965 3.854216 7.068787 1.020978 5.446590 -1.401532 -1.085637 31.633591 -0.000000 -0.000001 0.000001 4.883845 5.326463 0.812795 -1.095080 6.114551 -13.985524 18.372627 24.863731 -9.451230 0.000003 0.000003 0.000000 -3.899466 -0.387256 1.767054 -2.266959 0.750000 -3.391533 -2.070219 7.647099 5.351849 0.000001 0.000000 0.000001 -9.895856 -1.827362 -15.187189 -0.599624 2.502122 2.699238 2.564714 1.155895 -0.443518 0.000002 0.000001 -0.000002 
8.627946 109.282768 -5.466505 1.224065 -8.064018 -2.424228 5.317251 -1.131903 5.038920 1.721547 0.408571 0.555846 -2.876822 6.404236 -0.874455 -2.904782 2.524582 -0.284344 -0.000003 0.000001 -0.000003 2.908143 2.173912 3.993213 7.061389 0.946587 5.553791 -0.829489 -1.638727 31.991083 0.000000 0.000001 -0.000003 4.771635 5.247215 0.908433 -0.954300 5.680027 -14.095636 18.153770 25.379931 -9.403901 0.000001 0.000004 0.000001 -3.935790 -0.413490 1.751647 -2.241760 0.753666 -3.388205 -1.896074 7.455294 5.252187 -0.000000 0.000000 0.000002 -9.731066 -2.041595 -15.160121 -0.534316 2.443973 2.668543 2.685300 1.275365 -0.413465 0.000005 -0.000006 0.000003 
8.652741 109.268715 -5.491322 0.952514 -7.971349 -2.586601 5.416820 -1.158921 5.236607 1.921612 0.364656 0.699549 -2.879191 5.642791 -1.172954 -2.791773 2.698614 -0.341113 0.000001 0.000001 -0.000001 2.969030 2.279919 4.049138 7.251686 0.951830 5.635180 -0.196362 -1.622704 31.710530 -0.000002 0.000001 -0.000001 4.940972 5.792111 0.913649 -0.789393 5.600779 -14.359378 17.149205 25.759667 -9.502676 0.000001 0.000001 0.000001 -3.639380 -0.455480 1.814689 -2.217691 0.783125 -3.320354 -1.830273 7.201944 5.129206 0.000001 0.000000 -0.000000 -9.372169 -2.421394 -15.012278 -0.400710 2.380713 2.759063 2.440802 1.062175 -0.409400 0.000007 0.000005 -0.000000 
8.674341 109.259003 -5.514148 1.862569 -8.156246 -2.573098 4.192136 -1.036031 5.393636 2.134907 0.453932 0.576868 -2.678600 5.541769 -1.082123 -2.845031 2.739662 -0.565954 -0.000000 0.000003 -0.000002 2.546379 2.228061 3.869088 6.953420 0.392021 5.713443 -0.886954 -1.888495 31.298758 0.000001 0.000000 0.000002 4.638544 5.961147 0.741127 -1.260986 5.503000 -13.756025 18.252523 26.154140 -9.460012 0.000005 0.000003 0.000002 -4.526277 -0.328414 2.013372 -2.101328 0.832875 -3.480590 -2.538143 7.088169 5.057666 0.000000 0.000000 0.000001 -9.624470 -2.502828 -15.376629 -1.441166 3.419197 2.917122 2.568120 -0.051028 0.016239 0.000007 -0.000002 -0.000002 
8.694542 109.251381 -5.536289 1.249724 -7.828409 -2.600489 4.897036 -1.094986 5.349067 1.636778 0.267306 0.671059 -2.442881 5.223526 -1.220280 -2.212985 3.028782 -0.602376 -0.000003 0.000001 -0.000001 2.297632 2.607028 3.804216 7.499711 -0.002365 5.870624 -1.499500 -1.516481 31.505067 -0.000000 -0.000000 -0.000000 4.656314 6.203261 0.954891 -1.065488 5.203330 -14.001070 18.112967 26.147223 -9.528330 -0.000000 0.000003 0.000002 -3.731128 -0.426440 1.898407 -2.228626 0.729346 -3.388696 -2.412636 6.908114 4.941499 0.000001 0.000000 0.000001 -9.312394 -2.496046 -14.963592 -0.770566 2.618097 2.552325 2.302468 0.661121 -0.193368 0.000005 0.000004 -0.000002 
8.716443 109.242691 -5.559891 1.587048 -7.699079 -2.593851 4.589879 -1.084762 5.317679 1.918668 0.400011 0.515760 -2.799550 5.395231 -0.985732 -1.960153 2.801656 -0.468512 -0.000000 0.000001 -0.000003 2.212348 2.698673 3.767715 7.716250 -0.439516 5.961444 -1.894586 -1.473114 31.610498 -0.000001 0.000000 -0.000001 4.563613 5.872181 0.958200 -1.062588 4.990101 -13.996026 18.012056 25.764590 -9.392520 0.000002 0.000003 0.000002 -3.722697 -0.391856 1.831164 -2.614356 0.801210 -3.259280 -2.810185 6.908685 4.987943 0.000001 0.000000 -0.000000 -9.372401 -2.649572 -15.107171 -0.796857 2.527011 2.573048 2.159542 0.873943 -0.483152 0.000003 0.000003 0.000003 
8.739410 109.232727 -5.583234 1.768681 -7.816420 -2.628701 4.117883 -1.021077 5.398843 1.864346 0.380376 0.516944 -2.494745 5.790240 -0.978303 -2.064200 2.640481 -0.466567 -0.000001 -0.000001 -0.000002 2.401323 1.953852 3.728249 6.929426 -0.278085 5.863988 -1.276601 -2.282217 31.586162 0.000000 0.000001 0.000000 4.220991 5.129055 1.190223 -1.578984 5.125737 -13.521165 19.662052 26.842635 -9.572925 0.000002 0.000004 0.000003 -3.954647 -0.359281 1.927788 -2.267544 0.968722 -3.332772 -3.283675 6.539857 4.903657 0.000000 0.000000 0.000001 -9.404569 -2.708876 -15.147363 -1.172909 2.868860 2.763535 2.256252 0.604813 -0.330236 0.000005 -0.000002 0.000000 
8.761202 109.230728 -5.604609 1.840992 -7.873584 -2.694194 3.677487 -0.978814 5.439260 2.554828 0.517012 0.505292 -2.951432 5.742512 -0.997816 -1.747010 2.573389 -0.406721 0.000001 0.000001 -0.000004 2.690290 1.417459 3.675499 6.016817 0.430351 5.697573 -1.367321 -2.390611 31.359277 0.000004 0.000000 -0.000003 4.175660 5.705770 1.050453 -1.369546 4.096405 -13.088400 19.988467 27.604722 -9.793239 0.000004 -0.000001 0.000004 -3.947284 -0.249037 1.932445 -2.295775 0.933930 -3.156233 -2.971777 6.296628 4.717374 0.000001 0.000001 -0.000000 -9.381872 -2.709774 -15.017639 -1.634297 3.161176 2.708655 2.836528 0.588710 -0.071918 0.000003 0.000001 0.000001 
8.775808 109.228012 -5.627882 1.349175 -7.425989 -2.834698 4.612784 -1.032497 5.384005 2.145349 0.428251 0.541554 -2.828009 5.405736 -1.035283 -2.007178 2.465098 -0.254226 -0.000000 0.000001 -0.000002 2.415320 1.798163 3.867355 6.469125 0.072594 5.653503 -0.677056 -2.627915 31.227321 -0.000001 0.000000 -0.000001 4.171819 5.899012 1.045332 -1.271907 4.139755 -13.467603 19.687525 27.006274 -9.519948 0.000003 0.000003 0.000000 -3.524362 -0.348628 1.963044 -2.091217 0.757606 -3.018598 -2.725366 5.900170 4.496308 0.000001 0.000000 0.000002 -9.021434 -3.038540 -14.848339 -1.038459 2.531642 2.530474 2.442347 0.821672 -0.322245 0.000003 -0.000002 0.000000 
8.788134 109.235413 -5.651331 1.046095 -7.508335 -2.899089 5.176956 -1.116406 5.271719 1.994292 0.468319 0.521617 -2.952221 5.600204 -0.965292 -1.848602 2.499311 -0.012164 -0.000001 0.000003 -0.000002 2.804428 2.109973 3.894829 7.366097 0.241876 5.892863 -1.711733 -1.591767 31.503377 -0.000000 0.000000 0.000000 4.605141 5.399723 1.106708 -0.915679 5.062279 -14.325784 17.883054 25.745126 -9.384125 0.000004 0.000003 -0.000001 -3.133853 -0.423255 2.049632 -2.412584 0.692397 -3.060042 -2.254953 6.119144 4.623691 0.000001 0.000000 0.000002 -8.850300 -2.694787 -14.435373 -1.146835 2.349200 2.278947 2.592240 0.915363 -0.395455 0.000002 0.000003 0.000000 
8.810804 109.290520 -5.721956 2.143579 -8.319862 -2.550094 3.641472 -0.994021 4.758649 2.517540 0.947107 0.088286 -3.315840 4.877177 -0.529024 -1.085313 3.328503 -0.115893 0.000000 0.000001 -0.000001 1.590601 2.487040 4.998330 5.998325 0.594316 4.550503 -5.703624 -1.139906 29.676246 -0.000001 0.000001 0.000000 4.172121 6.297550 0.367722 -1.262112 4.816340 -12.372457 20.526102 26.250903 -8.412040 0.000000 -0.000001 0.000004 -4.329147 -0.397789 2.165767 -1.161774 0.265002 -3.106912 -3.268834 5.305668 3.913368 0.000001 0.000001 -0.000000 -9.199046 -1.079973 -13.746685 -0.015018 1.362687 1.385313 1.603645 -0.103680 0.317515 0.000005 -0.000003 0.000000 
8.828123 109.339149 -5.794937 2.889116 -9.018664 -2.282066 2.913902 -0.914800 4.331658 2.363170 1.052211 -0.110074 -3.431361 4.811999 -0.223401 -0.711183 3.931709 -0.267911 -0.000001 0.000003 -0.000003 0.975050 2.313253 5.396257 5.105099 0.520867 3.622467 -5.921170 -2.069208 28.779801 0.000002 0.000000 0.000002 3.691837 6.559355 0.179799 -1.713952 4.491927 -11.074201 23.362519 28.103563 -8.438633 0.000005 -0.000001 -0.000000 -5.388229 -0.360496 2.270205 -0.510559 0.078463 -3.137892 -3.630595 5.669042 3.982575 0.000001 0.000000 -0.000001 -9.427347 -0.275771 -13.356204 -0.007934 1.355332 1.040820 1.095460 -0.902128 0.843163 0.000005 0.000003 -0.000000 
8.839461 109.379578 -5.866673 3.642441 -8.436662 -2.312788 1.923123 -0.872134 4.504516 2.611303 1.181837 -0.230814 -3.729117 4.634188 -0.116259 -0.634979 3.789414 -0.110289 -0.000000 0.000001 -0.000002 1.076547 2.040115 5.366200 4.612606 0.625035 3.397386 -7.140854 -1.869881 28.507021 -0.000001 0.000002 0.000001 3.532334 6.384022 0.096737 -1.763456 3.872874 -10.712717 24.115371 27.792535 -8.038994 -0.000001 0.000003 -0.000004 -5.888181 -0.284183 2.264548 -0.089538 -0.195721 -2.673092 -4.419978 5.260140 3.728614 0.000000 0.000000 -0.000000 -9.164946 -0.966463 -13.621248 -0.831408 2.307322 1.135431 1.148498 -2.089558 1.416490 0.000009 0.000002 -0.000001 
8.835642 109.417976 -5.925599 2.732084 -7.568479 -2.304353 1.732809 -0.834614 4.557733 3.141483 1.223790 -0.167722 -3.836167 3.889589 -0.406905 -0.491650 3.927480 -0.330230 -0.000001 0.000001 -0.000003 0.825167 2.133750 5.051126 4.687459 0.207533 3.392081 -6.038325 -2.314826 28.307357 -0.000000 0.000000 0.000002 3.362492 6.483686 0.332618 -1.716985 3.397286 -10.325854 24.915775 28.096659 -8.132073 0.000001 0.000003 0.000001 -4.804790 -0.302929 2.122735 0.159214 -0.254749 -2.568926 -5.130379 4.590260 3.345780 0.000000 0.000000 0.000002 -8.241088 -1.425207 -12.695240 -0.569902 1.611625 0.756160 0.733807 -1.834429 1.223561 0.000005 0.000001 0.000001 
8.817032 109.460526 -5.980462 2.516959 -6.708252 -2.395636 0.819850 -0.730880 4.521453 3.186941 0.957766 0.179267 -3.341141 3.089004 -0.821621 -0.107038 3.958114 -0.573346 -0.000000 0.000003 -0.000002 1.144284 1.519600 4.687544 4.430573 -0.236899 3.483221 -4.865572 -2.883232 27.765240 0.000001 -0.000001 -0.000002 3.270485 6.639242 0.875442 -1.902698 2.816733 -10.050956 26.638737 28.902710 -8.462405 -0.000000 0.000002 0.000003 -3.711871 -0.213469 1.971866 -0.391377 -0.169730 -1.943597 -5.342511 4.216902 3.074291 -0.000000 0.000000 0.000001 -6.833924 -2.250921 -11.370089 -2.304254 2.708745 0.622424 0.501376 -2.876630 1.437593 0.000005 0.000007 -0.000001 
8.798761 109.512589 -6.053367 2.462147 -6.344870 -2.563255 0.578952 -0.759755 4.484709 2.735286 0.806435 0.240946 -3.286858 2.782667 -0.739039 -0.158711 4.096082 -0.613535 -0.000000 0.000003 -0.000001 1.566310 1.315549 4.604002 4.002683 0.595033 3.168790 -5.479182 -2.392377 27.975613 -0.000000 -0.000001 0.000000 3.376564 6.439110 0.992656 -1.713750 2.843530 -9.910667 27.454236 29.499225 -8.855321 -0.000000 0.000007 -0.000000 -3.137248 -0.112971 1.967875 -0.327182 -0.094612 -1.610444 -5.680460 3.298752 2.516136 0.000000 -0.000000 0.000002 -5.376630 -3.083321 -10.023299 -4.125730 4.047574 0.782450 -0.391885 -4.197279 1.605434 0.000003 0.000000 -0.000000 
8.773893 109.562263 -6.124382 2.453696 -5.983229 -2.753080 0.512406 -0.718571 4.157458 2.948213 0.895247 0.211477 -3.336435 2.380447 -0.609363 -1.322105 3.467800 -0.470356 -0.000001 0.000003 -0.000002 0.837663 1.984085 4.621852 4.546843 -0.209047 3.006612 -5.293713 -2.380879 27.721586 0.000001 -0.000000 -0.000001 3.288656 6.661641 1.195787 -1.255367 1.946570 -9.845882 27.318009 29.601080 -8.868560 0.000003 0.000001 0.000001 -2.308863 -0.129492 1.860753 -0.789131 0.296182 -0.968820 -6.344739 2.828596 2.456778 -0.000000 0.000000 0.000002 -2.689646 -4.337308 -7.598137 -5.287637 4.538585 0.899708 -2.313991 -4.269136 0.952030 0.000003 -0.000002 0.000000 
8.742568 109.630524 -6.196569 2.387336 -5.587749 -2.687522 -0.073447 -0.589905 2.970822 3.216120 0.659595 0.560252 -3.264367 1.585934 -0.385684 -0.941734 3.689437 -0.985339 -0.000003 0.000001 -0.000001 0.045151 2.597169 4.092518 4.585067 -0.310480 2.807841 -4.038456 -2.611228 27.583128 0.000000 0.000001 -0.000006 3.131533 6.633122 1.625329 -0.478960 1.072283 -9.136735 28.132572 29.845697 -9.323278 0.000002 0.000003 -0.000004 -2.421418 -0.045070 1.679758 0.279769 0.572526 -0.423541 -7.407509 0.796261 1.399422 0.000000 -0.000000 0.000001 1.051087 -5.255729 -3.657364 -7.228613 4.408357 0.143206 -3.179718 -3.733066 0.202199 0.000006 0.000001 0.000001 
8.698370 109.690529 -6.277524 2.248722 -4.914114 -2.588545 0.107428 -0.553401 2.064325 3.078308 0.519576 0.832610 -3.548842 1.207991 -0.390901 -0.659356 3.587891 -1.002442 -0.000002 0.000002 -0.000003 0.279074 2.490409 3.626001 4.635253 -0.176989 2.664495 -3.105389 -2.897614 27.645659 -0.000001 0.000001 -0.000005 2.958371 4.874647 1.797752 0.127945 1.707871 -7.988728 29.473089 30.204927 -9.514697 -0.000001 0.000003 0.000002 -1.940435 -0.144450 1.571570 1.506586 0.650845 0.017526 -8.638605 -0.880734 0.489612 0.000001 -0.000000 0.000002 4.603921 -6.084951 -0.212263 -8.990562 4.841460 -0.189578 -3.348926 -2.717271 -0.301939 -0.000000 -0.000002 0.000005 
8.591644 109.711067 -6.271338 2.400971 -4.256602 -2.297371 -1.653599 -0.286317 0.735261 4.476804 0.500875 1.172592 -4.290458 -0.342326 -0.586846 0.080652 3.965937 -1.755481 -0.000000 0.000003 -0.000002 1.800788 2.073284 2.361211 4.627817 1.934067 2.651911 -3.657627 -0.640335 27.752040 0.000000 -0.000001 0.000000 3.635361 3.634823 2.222894 1.654997 2.742852 -7.539508 27.528096 28.255185 -10.384574 -0.000000 0.000009 -0.000002 -0.486165 0.034044 1.338555 -2.075619 0.878935 -0.543495 -4.294231 -0.467842 0.529972 0.000000 0.000000 0.000001 8.717117 -5.325850 5.064821 -9.454733 2.919513 -2.075867 -4.091106 -1.519502 -1.651775 0.000003 0.000005 0.000000 
8.472998 109.728271 -6.293533 3.613731 -2.479537 -2.415108 -2.647869 -0.142465 0.162245 1.901227 -0.410841 1.581715 -2.683357 -1.250964 -0.949267 -0.164555 4.190319 -2.212498 -0.000002 0.000003 -0.000001 1.302547 3.373390 0.921753 6.090054 0.727404 1.542389 -3.158688 -0.036677 27.939007 0.000001 -0.000001 0.000001 3.736592 2.288386 3.226160 2.785582 2.302241 -6.385000 28.634188 28.150310 -11.275981 0.000005 0.000001 0.000003 -0.706138 0.368854 1.746016 -2.441395 0.722759 -0.762414 -3.358813 -1.380184 -0.145187 -0.000000 0.000000 0.000001 14.835034 -5.762592 11.197814 -10.596346 2.134983 -3.703392 -7.094147 -3.213818 -2.172960 0.000002 0.000004 -0.000002 
8.349735 109.742264 -6.331097 4.027097 -1.950787 -1.876339 -2.772625 -0.056318 -0.946602 0.856561 -0.470937 1.383044 -2.121932 -0.946222 -0.480940 -0.446531 4.438544 -2.395335 -0.000000 0.000001 -0.000003 1.117676 3.948396 -0.176071 6.630500 0.472144 0.274875 -3.189783 -0.104505 28.472291 -0.000000 -0.000000 -0.000003 3.813775 1.696709 4.018214 3.926392 0.670331 -5.881154 28.014998 27.615573 -11.021203 0.000002 0.000004 0.000001 0.123727 0.197034 1.328951 -0.628404 0.565443 -0.691430 -4.769187 -2.082172 -0.587364 0.000000 0.000000 0.000002 19.424300 -4.572815 16.433997 -9.412304 -1.259013 -6.040094 -8.647326 -2.695243 -2.608383 -0.000000 0.000002 -0.000002 
8.185686 109.665154 -6.291947 5.409988 0.325567 -1.194044 -5.036491 0.117314 -1.617919 2.410559 0.381344 0.752975 -3.094878 -1.429637 -0.231454 -0.942883 4.998341 -2.238279 -0.000004 0.000003 -0.000003 2.403169 4.631630 -2.403869 8.177912 0.460008 -0.474001 -2.381442 0.065975 29.382098 0.000001 -0.000002 -0.000004 4.408219 -0.108899 4.497415 5.971726 0.577512 -5.620831 25.697494 24.273417 -9.543834 0.000003 0.000002 0.000003 -3.278788 0.183995 0.409745 -0.468300 -0.004617 -0.748385 -4.218733 -1.070675 0.030782 -0.000000 0.000000 0.000001 24.775596 -3.436148 21.938018 -10.012537 -3.420690 -8.659936 -9.364858 -4.679786 -2.524355 -0.000001 0.000001 0.000001 
7.968043 109.555092 -6.239905 4.822416 0.913471 0.079387 -4.825068 0.151399 -2.892798 2.737978 0.934334 0.253288 -3.325658 -2.331222 -0.231562 -1.760944 6.770068 -3.247193 -0.000002 0.000003 -0.000001 3.181781 5.515417 -5.393841 8.858519 0.826843 -2.153231 -1.061911 0.147753 29.715250 0.000002 0.000000 0.000002 5.126492 -0.994721 5.166773 7.315970 1.367836 -4.075077 26.055842 23.570985 -9.482705 0.000004 0.000001 0.000002 -3.926867 0.008341 -0.929023 -0.024645 -0.520665 -0.580153 -5.367388 -0.669828 0.185379 0.000000 0.000000 0.000002 30.124351 -0.562538 28.211330 -10.416146 -8.061507 -13.537537 -7.425153 -3.312956 -1.914350 0.000003 -0.000003 0.000001 
7.730684 109.421516 -6.175917 5.590114 1.657325 0.956238 -5.729373 0.386464 -3.993073 3.531773 1.409124 -0.091906 -3.738344 -2.890580 0.043733 -2.609802 7.575137 -3.911728 -0.000002 0.000003 -0.000003 3.533845 6.615871 -7.947128 9.664662 0.268092 -2.971015 -0.052481 -0.161605 29.943826 0.000001 0.000000 0.000000 5.688294 -0.950483 5.776659 8.737587 0.964907 -3.172009 24.688275 23.280362 -9.360147 0.000003 0.000006 -0.000005 -5.036621 -0.111563 -1.834865 0.359248 -1.226655 -0.503032 -6.748014 -0.657761 0.018775 -0.000000 0.000000 -0.000000 33.511541 2.623533 32.808482 -11.384018 -11.141098 -17.465219 -5.578790 -1.656327 -1.782361 0.000003 -0.000001 0.000002 
7.447568 109.222717 -6.074714 5.950860 4.009037 1.721984 -6.980645 0.699763 -5.164305 5.005609 1.806059 -0.194616 -4.605740 -3.564582 0.167583 -2.851596 7.944583 -3.999465 -0.000002 0.000001 -0.000003 4.640037 5.997633 -11.146310 9.581166 0.321257 -5.312035 3.163544 -1.932219 30.056377 0.000001 0.000000 -0.000001 5.693276 -1.606535 7.103427 10.643254 -1.062524 -0.989507 26.292958 20.943720 -8.034764 0.000002 0.000004 -0.000000 -5.912138 -0.107929 -3.044854 2.181060 -2.087111 0.548646 -8.148679 -2.222645 -0.853448 -0.000000 0.000001 -0.000000 35.731049 6.464519 37.028143 -12.900510 -14.097386 -21.496275 -2.949281 3.249789 -2.639571 0.000004 -0.000001 0.000001 
7.142323 109.008263 -5.969924 6.689440 6.354696 2.785145 -8.137908 1.088958 -6.489958 5.260710 2.113072 -0.538850 -4.602872 -4.302109 0.434438 -4.791726 8.530168 -4.428189 -0.000002 0.000003 -0.000000 5.694155 5.013899 -14.855274 9.391379 0.466139 -8.571755 6.258472 -3.771724 29.991094 0.000003 -0.000001 -0.000000 5.685173 -3.435901 8.301458 13.453004 -3.267703 2.578599 28.205509 17.784027 -6.635288 0.000005 0.000003 0.000003 -6.120614 0.009022 -4.464188 2.958213 -2.669971 1.832636 -8.171854 -3.587783 -1.709485 0.000001 0.000000 -0.000000 36.886778 10.436110 40.837735 -15.365294 -16.620077 -26.226058 0.348367 8.288093 -3.467171 0.000007 0.000003 -0.000000 
6.843246 108.809135 -5.871092 6.994295 7.794445 3.477686 -10.098761 1.565086 -7.397371 6.504402 2.145713 -0.208903 -4.217578 -5.763569 0.040793 -5.872160 9.191609 -4.948152 -0.000001 0.000001 -0.000003 5.686670 5.129650 -17.746935 9.183178 0.375110 -11.568049 10.487842 -6.014735 29.818437 0.000003 -0.000000 0.000002 5.313530 -5.678107 9.037360 16.853186 -5.668053 7.173862 31.492643 18.320418 -6.137473 0.000002 0.000004 0.000004 -6.074915 -0.119852 -5.198291 3.737209 -2.950586 2.360130 -8.572145 -4.465701 -2.269089 0.000000 0.000000 0.000002 37.918229 13.603303 43.858499 -18.089985 -18.383850 -30.625533 3.825555 12.946076 -4.410386 -0.000000 0.000005 -0.000001 
6.519895 108.617813 -5.754924 5.733028 9.674195 4.404548 -8.049200 1.262286 -7.732814 5.681691 2.198016 -0.466887 -4.077523 -8.218504 -0.830350 -5.757488 10.069104 -5.637268 -0.000003 0.000003 -0.000002 5.646336 6.077411 -21.558340 9.614487 0.917993 -15.251102 13.220946 -7.601417 30.150528 0.000001 0.000002 -0.000001 5.416349 -6.634124 10.206667 21.071207 -6.553548 12.166160 30.197748 14.407049 -4.168732 0.000001 0.000003 0.000005 -5.139450 -0.575487 -6.146915 4.448991 -3.122888 3.099005 -8.770631 -4.623248 -2.317590 0.000001 0.000000 0.000002 38.234135 16.643025 46.258245 -20.767837 -20.532811 -35.151739 5.197318 18.521680 -6.479073 -0.000000 0.000003 -0.000000 
6.188400 108.453262 -5.645207 7.234956 11.658791 5.194463 -10.394143 1.774088 -8.494407 7.014483 2.682574 -0.616720 -4.166638 -9.579416 -1.539552 -6.943545 10.111816 -5.021580 -0.000001 0.000001 -0.000003 5.787480 6.532603 -25.343330 10.336691 -0.177869 -20.178209 17.184525 -10.466228 30.000947 0.000004 0.000000 0.000002 5.314085 -7.875807 10.938041 23.178274 -6.536988 15.793137 32.320831 8.170550 0.146803 0.000003 0.000002 0.000003 -6.811855 -0.727752 -7.358760 4.527892 -3.466773 3.696334 -8.565202 -5.483681 -2.688906 0.000000 0.000000 0.000001 36.558106 19.202324 47.296468 -23.815116 -21.116737 -39.525506 7.338047 22.390835 -7.549131 -0.000000 -0.000000 -0.000000 
5.871716 108.290688 -5.531365 8.183377 13.094322 5.669407 -11.702353 2.062000 -8.957995 7.278419 2.910208 -0.826515 -4.052169 -9.511564 -1.978887 -8.046676 9.372665 -4.349426 -0.000002 0.000001 -0.000003 6.286907 6.217085 -28.044608 11.098333 -1.295281 -24.250214 19.494231 -11.978338 29.263273 0.000003 0.000001 0.000000 5.213039 -10.145124 11.347000 24.029367 -6.134557 17.739321 34.965992 3.214348 3.665024 0.000005 0.000000 -0.000002 -7.535813 -0.852974 -8.074014 4.161991 -3.714703 3.956507 -8.054086 -5.723983 -2.852739 0.000001 0.000001 0.000001 35.608546 20.574493 47.712683 -25.977682 -20.768387 -42.229280 8.638489 24.153787 -8.056740 -0.000000 0.000001 0.000001 
5.544641 108.129799 -5.435019 10.116188 13.705814 6.261695 -12.855536 2.393614 -9.679375 7.731922 2.988691 -1.032975 -4.195655 -9.421795 -2.311669 -9.625852 8.640452 -4.788958 -0.000001 0.000001 -0.000001 7.082405 6.029211 -31.210095 12.012547 -1.656903 -29.101213 22.659308 -12.342448 28.206704 -0.000001 -0.000000 -0.000003 5.567841 -9.943803 11.022967 25.485876 -5.210203 19.758928 35.111093 -4.086792 6.287637 0.000005 0.000000 -0.000000 -8.933808 -0.549827 -8.798300 3.679138 -2.994989 4.032316 -8.258939 -6.390995 -3.134751 0.000001 0.000001 0.000001 34.647542 21.395276 48.007678 -28.793055 -20.383351 -44.479059 10.537867 26.316943 -9.579229 0.000003 -0.000002 0.000000 
5.207464 107.962181 -5.350003 10.931135 13.944799 6.832575 -13.335255 2.574401 -10.242317 7.153505 3.235157 -1.480658 -3.125879 -9.569906 -2.154625 -12.892794 8.749567 -5.333774 -0.000002 0.000003 -0.000001 8.191639 5.389524 -34.449401 13.786042 -2.769122 -34.021965 21.673573 -11.006092 25.114018 -0.000002 -0.000002 -0.000000 5.834074 -8.961393 11.091513 25.043365 -1.797059 20.495851 39.269128 -12.758434 11.327606 0.000000 0.000003 -0.000001 -10.313436 -0.563111 -9.379803 4.160646 -2.798680 4.076900 -7.902445 -6.171208 -2.791542 0.000000 0.000000 0.000001 35.262662 21.745767 48.481113 -31.723521 -18.763634 -46.007782 11.357840 27.247527 -10.662915 -0.000005 -0.000003 0.000003 
4.893215 107.813210 -5.282724 10.053833 15.300343 6.867285 -11.862766 2.153437 -9.748917 6.472540 3.267633 -1.622037 -3.491229 -10.913217 -2.906496 -13.907318 9.289860 -5.255720 -0.000003 0.000003 -0.000002 8.968010 4.808161 -36.828530 15.148395 -4.261889 -37.900402 20.461326 -10.109399 21.801378 0.000006 -0.000001 -0.000000 6.194211 -8.670970 11.526848 25.390293 -0.203921 21.454314 44.211425 -18.899060 16.127601 0.000008 -0.000002 -0.000004 -9.704664 -0.673447 -9.497533 3.918766 -2.881392 4.716106 -7.674414 -6.702148 -3.086235 0.000000 0.000001 0.000001 37.028286 21.561195 49.172014 -33.795872 -16.157526 -46.528096 11.283010 26.865188 -10.304589 0.000002 -0.000004 -0.000000 
4.568331 107.683662 -5.235283 10.900603 15.661666 7.449667 -14.019581 2.712330 -10.791190 7.426353 3.338510 -1.413003 -3.428663 -11.194746 -3.277498 -12.854483 9.588924 -5.059641 -0.000002 0.000003 -0.000001 9.959765 4.434784 -39.575284 17.088985 -5.630322 -42.202154 18.645809 -7.598856 18.470401 0.000001 0.000002 0.000002 6.930770 -10.130002 12.474133 26.997132 1.309136 22.279141 48.748918 -24.839697 19.841175 -0.000000 0.000000 0.000000 -11.042483 -0.463176 -10.320527 3.066433 -2.429021 4.830129 -6.565840 -6.821245 -2.872623 -0.000000 0.000000 -0.000000 39.441310 21.220173 50.021136 -37.249311 -12.452488 -47.108819 11.076881 27.207084 -10.862413 0.000002 -0.000002 0.000000 
4.224817 107.556099 -5.191264 11.228348 15.749638 7.646965 -15.193117 3.081054 -11.358962 7.789813 3.387787 -1.311750 -3.001037 -11.397040 -3.439460 -12.854570 10.115992 -5.258256 -0.000002 0.000001 -0.000002 10.319230 4.393101 -42.184413 18.204126 -5.216800 -47.472250 18.420096 -5.911028 15.861397 -0.000001 0.000000 -0.000003 7.353149 -11.182154 13.630229 29.517766 0.915587 23.852950 52.059470 -29.093502 22.611000 -0.000000 0.000003 -0.000001 -12.253584 -0.475656 -10.563592 3.549228 -2.058501 5.063664 -6.395979 -7.210364 -2.974469 0.000000 -0.000000 -0.000001 41.411908 21.753642 51.022725 -39.897406 -9.586784 -47.884585 10.010955 27.452304 -10.932322 -0.000000 -0.000006 0.000003 
3.901092 107.446991 -5.152809 9.790098 16.631195 7.708552 -13.147365 2.595212 -10.982024 4.662898 3.454522 -2.209288 -0.729741 -12.133706 -3.019564 -12.062523 10.394776 -5.405075 -0.000000 0.000003 -0.000001 10.772680 3.763474 -44.055550 18.653255 -4.500195 -51.629014 18.634264 -5.110469 14.177044 -0.000001 0.000000 0.000002 7.508244 -11.487168 14.253413 31.388554 0.229197 25.429762 55.159996 -31.750128 25.357887 0.000005 0.000001 0.000004 -11.199486 -0.590037 -10.364669 3.528032 -1.651384 5.407683 -6.255744 -8.596141 -3.658089 0.000000 -0.000000 -0.000000 43.940837 22.001964 52.364216 -42.151683 -7.247760 -48.128505 9.705989 27.060911 -11.082743 -0.000000 -0.000001 -0.000001 
3.563627 107.355682 -5.117599 8.977506 15.778449 8.376354 -12.212289 2.502112 -11.574811 5.915394 3.603067 -2.025722 -2.243141 -11.298530 -3.338021 -13.320446 10.398838 -5.556373 -0.000002 0.000003 -0.000000 11.374254 3.113798 -45.634218 19.297815 -4.186056 -56.035015 18.026882 -4.069917 12.049414 0.000002 -0.000002 -0.000005 7.857878 -13.483901 15.038740 32.492064 0.902931 26.613829 58.168165 -33.694003 28.122722 0.000002 0.000003 -0.000000 -10.414207 -0.672663 -10.394152 2.806038 -1.106050 5.207744 -5.682111 -8.715630 -3.463491 0.000000 0.000000 -0.000000 44.779676 22.167020 52.910354 -43.594003 -6.681358 -48.654996 9.951022 27.349988 -11.622132 0.000004 -0.000001 -0.000002 
3.219350 107.262039 -5.086870 10.319848 16.241882 8.280913 -14.107031 2.950812 -12.018426 6.938899 3.388083 -1.450805 -2.366744 -12.950287 -3.832445 -12.593373 11.268315 -6.305258 -0.000001 0.000001 -0.000001 11.409951 5.785476 -47.377006 20.130166 -4.250371 -60.157458 19.405573 -3.527787 9.912012 0.000001 0.000000 -0.000003 8.376035 -12.495593 15.441750 34.058643 1.318100 27.668284 59.986075 -35.683203 29.659308 0.000004 0.000002 -0.000001 -11.809068 -0.231809 -10.537921 2.827094 -0.930568 5.568004 -5.530210 -10.003711 -3.943212 0.000001 0.000001 0.000002 44.510516 22.541458 53.309876 -44.859023 -6.274330 -48.849714 9.863755 27.415695 -12.455873 0.000002 0.000004 -0.000001 
2.897523 107.174316 -5.043851 9.478279 16.273785 8.361602 -14.186399 2.947187 -12.132941 7.718214 3.386377 -1.004772 -2.768640 -12.474552 -4.127243 -11.434582 11.577592 -6.216301 -0.000001 0.000001 -0.000002 11.945357 5.999848 -48.040057 21.279408 -4.825301 -63.116508 19.325291 -2.123859 8.208035 0.000001 0.000001 -0.000001 9.019267 -14.863702 16.278532 34.982511 2.133124 27.541133 62.714230 -36.935986 31.456918 0.000003 0.000003 0.000000 -10.280341 -0.600418 -10.128061 1.767719 -0.527478 5.547189 -5.031958 -10.400879 -3.824590 0.000001 0.000000 0.000001 46.241863 22.803679 54.088411 -46.073338 -5.295047 -48.887711 10.015607 27.385107 -12.691928 -0.000004 0.000003 -0.000001 
2.573092 107.087074 -4.992990 9.711636 15.969676 8.157268 -14.682617 3.025462 -12.219352 8.315050 3.355048 -0.476134 -3.155004 -12.238028 -4.360415 -10.878208 12.021422 -6.114396 -0.000001 0.000001 -0.000000 12.723551 5.649743 -48.217625 22.824918 -6.735228 -65.765118 19.309252 0.244473 6.936567 -0.000000 0.000001 0.000000 9.788707 -14.550412 16.761112 35.941753 3.158554 27.059698 63.571002 -38.727227 31.528385 0.000005 -0.000001 -0.000000 -9.626583 -0.786951 -9.495088 0.271125 -0.038355 5.208202 -4.398001 -10.407256 -3.537559 0.000001 0.000001 0.000001 47.367113 23.373768 54.755140 -47.828031 -3.695253 -48.904069 11.048999 26.994690 -12.741206 -0.000000 0.000003 -0.000002 
2.249924 107.001259 -4.934294 9.855771 15.367236 8.195052 -14.191110 2.858656 -12.287019 6.361540 3.426439 -0.925055 -1.523025 -12.155455 -3.766177 -10.632144 12.558298 -6.109890 -0.000002 0.000003 -0.000000 13.343684 5.951025 -48.342081 24.098666 -8.093698 -67.887176 20.430127 1.751622 5.532618 -0.000000 -0.000002 0.000001 10.493115 -14.607080 16.816643 37.018287 3.993121 26.721309 64.913599 -39.540023 31.177915 0.000003 0.000000 0.000000 -8.436991 -0.927104 -8.982605 -1.420604 0.464043 4.970414 -3.545335 -10.928944 -3.596862 0.000001 0.000000 0.000002 47.696546 23.733079 55.106151 -48.929539 -3.047097 -49.076822 12.211086 27.129962 -12.988478 -0.000000 0.000003 -0.000001 
1.944541 106.927567 -4.872187 9.879780 15.036634 8.271822 -14.664076 3.014191 -12.599308 7.154344 3.385255 -0.639175 -1.813429 -12.169684 -3.794644 -10.563161 12.766000 -6.145470 -0.000003 0.000003 -0.000001 13.586073 5.634733 -48.377222 24.466677 -8.231553 -69.401484 21.338669 2.229332 4.138669 -0.000001 -0.000000 -0.000000 10.663150 -14.942570 16.833346 37.639366 3.922780 26.898627 66.185257 -39.373746 31.107069 0.000003 0.000002 -0.000001 -8.376541 -0.853635 -8.855648 -1.524151 0.694436 5.013001 -3.700433 -10.957521 -3.540979 0.000000 0.000000 -0.000001 47.456093 23.866327 55.243803 -49.203918 -3.284665 -49.259574 12.650453 27.130348 -13.074287 0.000001 0.000001 0.000001 
1.651753 106.845863 -4.801341 10.271378 14.358282 8.632866 -15.714066 3.378723 -13.099642 7.541443 3.279189 -0.539719 -1.658149 -12.026392 -3.751072 -10.189256 12.978527 -6.394656 -0.000001 0.000003 -0.000002 13.144899 5.990541 -48.675159 24.230622 -7.632896 -70.126877 22.985731 1.810237 1.555014 -0.000001 -0.000000 0.000000 10.398680 -15.006416 16.826659 37.929540 3.268730 27.534922 67.592249 -38.235495 30.795346 0.000002 0.000003 0.000003 -7.990164 -0.743381 -8.945891 -2.571261 1.152166 4.891057 -3.224448 -11.009183 -3.560666 0.000001 0.000001 0.000001 47.954048 23.861088 55.731902 -50.358759 -2.336592 -49.552469 13.398337 28.128121 -13.596013 0.000004 0.000001 0.000001 
1.380233 106.786873 -4.729771 10.329530 14.577922 8.975201 -16.467747 3.595170 -13.383085 7.049031 3.134741 -0.461829 -0.930796 -12.473876 -3.924499 -9.779102 13.250407 -6.492446 -0.000002 0.000003 -0.000003 13.215486 5.958512 -48.622409 24.579098 -8.535172 -69.367285 24.684860 1.889888 -1.276926 0.000001 0.000001 0.000000 10.514092 -15.491443 16.467531 38.878837 3.143541 28.001281 68.155411 -37.317606 29.464145 0.000003 0.000002 -0.000001 -7.408925 -0.737680 -9.240758 -3.081861 1.402750 5.158704 -3.354651 -11.822077 -3.999674 0.000000 -0.000000 0.000002 47.839967 23.558069 55.622848 -50.455420 -2.543906 -49.465398 13.557678 28.022767 -13.627017 -0.000001 0.000004 -0.000001 
1.124177 106.733078 -4.660643 10.434519 14.428472 9.274129 -16.645248 3.680958 -13.584372 7.033865 3.149474 -0.549128 -1.024603 -12.486771 -4.036273 -9.291425 13.231388 -6.592325 -0.000002 -0.000001 -0.000002 13.144033 5.672279 -48.403204 24.623643 -7.999323 -69.233878 25.546043 2.214418 -3.925531 0.000001 0.000003 -0.000003 10.430246 -15.715485 16.222357 39.681616 2.668731 28.652780 69.384470 -36.567149 29.180139 0.000003 -0.000001 0.000002 -6.937015 -0.724676 -9.361497 -3.820126 1.782128 5.173169 -3.524727 -12.113564 -4.150581 0.000000 0.000001 0.000001 47.880517 23.438440 55.618862 -50.867301 -2.465272 -49.535028 13.907571 28.259851 -13.928536 0.000006 0.000002 -0.000001 
0.883719 106.689026 -4.595325 10.588161 14.146299 9.474083 -17.265280 3.841239 -13.732971 7.207081 3.145628 -0.514096 -0.965723 -12.613864 -4.095324 -9.449202 13.370719 -6.721250 -0.000002 -0.000001 -0.000002 13.103256 6.107743 -48.328506 24.913868 -7.957846 -68.768079 26.569905 2.606358 -6.033334 -0.000000 0.000000 0.000001 10.511787 -15.723509 16.064050 39.881475 2.913531 28.657213 70.653628 -35.955004 28.756186 0.000005 -0.000002 -0.000001 -6.720454 -0.718502 -9.381999 -4.388244 1.968862 5.047111 -3.543237 -12.061763 -4.103138 0.000001 -0.000001 0.000001 48.048188 23.446532 55.662425 -51.349594 -2.006634 -49.581784 14.169642 28.494682 -14.142467 -0.000000 0.000001 0.000001 
0.663229 106.648430 -4.530257 10.613482 13.963650 9.770359 -17.070221 3.810489 -13.831290 6.526596 3.137150 -0.701746 -0.373370 -12.542387 -4.001101 -9.154631 13.278101 -6.850434 -0.000002 0.000003 -0.000000 13.166406 5.942726 -48.262315 25.009081 -8.004352 -68.233303 27.631173 2.405373 -7.081265 -0.000000 0.000002 -0.000001 10.486061 -16.035040 15.838722 40.429707 2.720619 29.054494 71.703244 -35.139216 28.505581 0.000001 0.000001 0.000001 -6.295663 -0.767052 -9.624688 -4.994763 2.233120 5.207204 -3.548504 -12.506366 -4.291181 0.000001 0.000001 0.000001 48.295397 23.159855 55.593683 -51.671570 -1.954959 -49.373074 14.574562 28.952424 -14.647945 0.000002 0.000003 0.000000 
0.463199 106.608932 -4.468570 10.236229 13.966180 9.881508 -16.871704 3.745733 -13.781057 7.558214 3.196947 -0.483918 -1.226203 -12.452833 -4.274873 -8.797434 13.253684 -6.814360 -0.000003 0.000001 -0.000003 13.324138 5.663656 -48.327010 25.178466 -8.337900 -67.639479 28.239016 2.312595 -7.512508 0.000003 0.000001 -0.000001 10.572796 -16.460291 15.964526 40.494228 2.801849 28.904514 71.420317 -34.602305 27.722245 -0.000000 0.000003 0.000000 -6.019176 -0.805251 -9.663437 -4.821355 2.286666 5.281445 -3.815131 -12.595371 -4.326862 0.000000 0.000000 0.000001 48.572778 23.062673 55.667104 -51.784479 -2.009687 -49.292328 14.709840 29.016706 -14.769285 0.000002 0.000005 -0.000001 
0.282338 106.579582 -4.411598 9.911212 13.873287 10.122024 -16.579405 3.690409 -13.718146 7.353768 3.212809 -0.565839 -1.293368 -12.398339 -4.371967 -8.335565 13.432673 -6.916503 -0.000000 0.000001 -0.000001 13.377609 5.551188 -48.967231 25.171475 -8.508378 -66.839548 28.218836 2.502000 -8.072372 0.000004 0.000000 0.000001 10.582845 -16.592276 16.098341 40.695913 2.547574 28.949016 71.757237 -34.478081 27.651737 0.000004 0.000002 0.000002 -5.517025 -0.860516 -9.782193 -4.993436 2.320144 5.164874 -3.777139 -12.342945 -4.169426 0.000001 0.000001 -0.000000 48.804550 22.798550 55.564921 -51.628437 -2.133828 -49.210502 14.467276 29.127062 -14.880831 0.000001 0.000004 -0.000002 
0.111615 106.546326 -4.353077 9.778130 13.910974 10.222205 -16.474520 3.673525 -13.660400 7.060939 3.263243 -0.733125 -0.941310 -12.495957 -4.295261 -8.300517 13.413257 -6.976380 -0.000004 0.000001 -0.000001 13.367555 5.388363 -48.979471 25.080798 -8.393422 -66.619281 28.649201 2.179625 -8.484878 0.000002 0.000000 -0.000001 10.476679 -16.508765 15.905550 40.935882 2.427830 29.286171 70.957025 -34.073731 26.959177 0.000005 0.000003 0.000005 -5.396186 -0.921485 -9.858679 -5.397985 2.317365 5.207586 -3.510835 -12.305861 -4.107441 -0.000000 0.000001 -0.000000 49.171546 22.826217 55.692505 -52.014117 -1.636439 -49.234162 14.698504 29.090592 -14.892234 0.000005 0.000003 -0.000000 
-0.046636 106.514946 -4.299691 10.119577 13.868766 10.330951 -16.684679 3.758006 -13.756971 7.056621 3.300571 -0.782726 -0.796825 -12.784409 -4.245620 -8.342274 13.561331 -7.085930 -0.000000 0.000001 -0.000001 13.232555 5.747352 -48.955784 25.045655 -8.249723 -66.652715 28.955771 1.971857 -8.786020 0.000003 0.000001 0.000003 10.386917 -15.882449 15.624633 40.866559 2.738274 29.492596 70.738569 -34.274156 26.947381 0.000006 0.000001 -0.000001 -5.480760 -0.924802 -9.953371 -5.592448 2.378086 5.198873 -3.477285 -12.481955 -4.175906 0.000001 0.000000 0.000001 48.968891 22.773177 55.565904 -52.158798 -1.529157 -49.252986 14.892510 29.262197 -15.036197 0.000002 0.000003 -0.000003 
-0.191814 106.495201 -4.260262 10.159155 14.047439 10.370736 -16.578300 3.698923 -13.664761 8.090319 3.337897 -0.553040 -1.759487 -12.896348 -4.622089 -8.382335 13.565009 -7.050870 -0.000003 -0.000000 -0.000002 13.283112 6.087207 -49.096984 25.167359 -8.648664 -66.201062 29.366333 1.663541 -8.710332 -0.000000 0.000003 -0.000001 10.482243 -15.740507 15.760812 40.385840 3.374395 29.091869 69.751108 -34.328401 26.511352 0.000001 0.000001 -0.000000 -6.058242 -0.862438 -10.093022 -4.854446 2.283253 5.225259 -3.577777 -12.356283 -4.131865 0.000000 0.000000 0.000001 48.713316 22.683944 55.346799 -51.977139 -1.677807 -49.174329 14.593761 28.873020 -14.812445 0.000001 0.000001 -0.000002 
-0.327860 106.471870 -4.219615 10.424757 14.048176 10.464650 -16.373908 3.628007 -13.632439 6.859203 3.372594 -0.918246 -0.720107 -12.872845 -4.308631 -8.320986 13.563643 -7.036334 -0.000003 0.000003 -0.000000 13.484539 5.662479 -48.852925 25.269726 -9.055845 -65.920560 29.564798 1.455942 -8.607078 0.000002 0.000003 -0.000001 10.518567 -15.385401 15.639342 39.920472 4.043089 28.902625 69.184707 -34.341221 26.380496 0.000003 0.000003 0.000002 -6.743275 -0.820160 -10.338802 -4.470490 2.165631 5.263605 -3.742420 -11.997979 -3.933749 0.000001 0.000001 0.000001 48.394919 22.578903 55.056932 -51.736668 -1.898724 -49.106065 14.462355 28.754239 -14.752681 0.000003 0.000002 -0.000001 
-0.450750 106.449799 -4.184787 10.671290 14.318721 10.441647 -16.632462 3.696182 -13.701603 6.709279 3.342926 -0.896285 -0.479987 -12.813939 -4.310851 -8.204381 13.508085 -6.936176 -0.000002 0.000003 -0.000000 13.514323 5.517893 -48.738201 25.217219 -8.763299 -65.896647 30.138886 0.765842 -8.453934 0.000002 -0.000002 0.000002 10.531879 -15.838181 15.691357 39.977842 3.951545 28.924027 68.625902 -33.932206 25.993740 0.000002 0.000002 -0.000001 -7.487054 -0.739746 -10.509928 -3.932762 2.054217 5.354683 -4.186965 -11.914435 -3.928216 0.000000 0.000001 -0.000000 48.276904 22.555364 54.963420 -51.605703 -1.889516 -49.030404 14.267235 28.471393 -14.503010 0.000001 0.000003 0.000000 
-0.562103 106.426247 -4.141214 10.732795 14.324281 10.475224 -16.372795 3.636204 -13.704523 6.097524 3.353890 -1.041126 -0.225426 -12.525615 -4.219569 -7.892276 13.434618 -6.800538 -0.000001 0.000003 -0.000002 13.634355 5.337301 -48.495012 25.428719 -8.714146 -65.593230 31.056211 0.465846 -8.396982 0.000000 0.000002 0.000001 10.640637 -16.339489 15.749921 40.174961 4.041770 28.847044 67.940616 -33.849434 25.157004 0.000004 -0.000001 0.000000 -7.357235 -0.758676 -10.464064 -4.208710 2.154355 5.249735 -4.348393 -11.883879 -3.914260 0.000001 0.000001 0.000002 47.723399 22.563591 54.707674 -51.060725 -2.727946 -49.215362 14.318922 28.539501 -14.498948 0.000003 0.000002 -0.000001 
-0.666059 106.401329 -4.099039 10.499531 14.421436 10.466320 -15.898186 3.501050 -13.617405 6.024123 3.349271 -1.008769 -0.061131 -12.576093 -4.209428 -8.004700 13.572047 -6.777185 -0.000000 0.000003 -0.000002 13.668301 5.366860 -48.208442 25.650016 -9.138797 -65.357978 31.658716 0.300993 -8.169708 0.000001 0.000001 0.000000 10.720223 -15.921927 15.583705 39.823179 4.607829 28.555957 67.215495 -33.832311 24.403206 -0.000001 0.000003 -0.000002 -7.362027 -0.798487 -10.443850 -3.881997 2.031096 5.300384 -4.078894 -11.829199 -3.920259 0.000000 0.000000 0.000001 48.131971 22.633889 54.845449 -51.040286 -2.514162 -49.262418 14.075612 28.351707 -14.219564 -0.000002 0.000001 0.000001 
-0.759339 106.376549 -4.061315 10.574829 14.445621 10.427628 -15.678455 3.428725 -13.555567 6.007244 3.342674 -1.007899 -0.367321 -12.393104 -4.282770 -7.826353 13.488007 -6.682296 -0.000002 0.000001 -0.000003 13.826972 5.023871 -48.158489 25.772780 -9.234872 -65.074539 31.993012 0.306623 -7.933833 0.000003 0.000002 -0.000001 10.834330 -16.266251 15.722826 39.768066 4.671796 28.286711 66.511713 -33.562590 23.555541 0.000001 0.000005 0.000001 -7.381712 -0.778735 -10.341423 -3.935201 2.029062 5.155100 -3.998162 -11.749705 -3.893559 0.000001 0.000000 0.000002 47.995292 22.668402 54.795906 -51.007696 -2.510373 -49.283022 14.218062 28.185674 -14.126902 0.000002 0.000000 0.000003 
-0.844886 106.345612 -4.018800 10.600990 14.426577 10.415256 -15.389654 3.348076 -13.416331 5.640640 3.400502 -1.232843 -0.030835 -12.542346 -4.097603 -7.824211 13.546159 -6.782198 0.000000 0.000003 -0.000002 13.617700 5.234477 -48.052235 25.564853 -8.877696 -65.316921 32.283036 -0.134375 -8.029273 -0.000000 -0.000003 0.000003 10.714842 -15.746673 15.675619 39.584877 4.470822 28.276744 66.441683 -33.245959 23.440379 0.000002 0.000003 0.000002 -7.372568 -0.766168 -10.358396 -3.921365 2.072547 5.214044 -3.825036 -11.792559 -3.919864 0.000001 0.000000 -0.000000 48.045350 22.634086 54.808932 -50.923896 -2.558651 -49.233639 14.058580 28.306175 -14.144702 -0.000001 0.000003 0.000000 
-0.919146 106.322266 -3.980709 10.725407 14.096115 10.527856 -15.480330 3.392869 -13.536487 6.078343 3.446146 -1.193766 -0.250543 -12.574949 -4.039182 -7.542299 13.686074 -6.855369 -0.000001 0.000001 -0.000002 13.586484 5.406128 -48.078282 25.602810 -9.085532 -65.238388 32.460232 -0.155671 -7.772694 0.000001 -0.000002 0.000001 10.736583 -15.233970 15.651614 39.276911 4.598640 28.006620 66.529389 -33.270121 23.350412 0.000000 0.000002 -0.000001 -7.184019 -0.753805 -10.347918 -4.217682 2.135734 5.108911 -3.556904 -11.655888 -3.813064 0.000001 0.000000 -0.000000 48.405602 22.579074 54.986981 -51.458300 -1.972310 -49.227912 14.581619 28.663193 -14.390010 -0.000000 -0.000001 0.000002 
-0.984849 106.298187 -3.938266 11.063617 14.149453 10.482812 -15.906353 3.501276 -13.583770 6.102279 3.414993 -1.142482 -0.270046 -12.740451 -4.069688 -7.346998 13.751170 -6.902964 -0.000002 0.000003 -0.000004 13.408353 6.089692 -48.135990 25.494637 -9.012692 -65.514287 32.214024 -0.112002 -8.177818 0.000001 0.000002 -0.000001 10.694134 -15.222607 15.596909 39.182231 4.489378 27.983169 66.963789 -32.953791 23.565117 0.000003 0.000003 0.000005 -7.202998 -0.741912 -10.347274 -4.721050 2.157126 5.102115 -3.385853 -11.737441 -3.847763 -0.000000 0.000000 -0.000000 48.221914 22.582854 54.932978 -51.463279 -1.939320 -49.224081 14.436877 28.613741 -14.399675 0.000001 -0.000001 0.000002 
-1.046072 106.273201 -3.895419 11.240046 14.403346 10.361149 -15.501507 3.370565 -13.422092 4.740078 3.346814 -1.414825 0.764627 -12.486495 -3.836996 -7.462912 13.390513 -6.774398 -0.000001 0.000001 -0.000002 13.548417 5.563667 -48.075711 25.453892 -9.186118 -65.345588 32.749876 -0.534651 -7.794104 -0.000001 -0.000005 -0.000000 10.714653 -15.966489 15.737779 39.143257 4.282477 27.825692 66.892352 -32.462745 23.176416 -0.000001 0.000005 -0.000000 -7.288742 -0.678776 -10.270629 -4.712470 2.240309 5.102872 -3.317083 -12.016391 -3.958371 0.000001 0.000001 0.000001 48.063939 22.650763 54.998555 -51.657855 -2.050482 -49.237635 14.390268 28.666693 -14.569857 0.000002 0.000000 -0.000000 
-1.095479 106.248245 -3.852611 11.679866 14.259454 10.348355 -16.001745 3.516598 -13.517073 4.078298 3.333788 -1.585777 1.444248 -12.546713 -3.606199 -7.608421 13.446943 -6.943946 -0.000002 0.000001 -0.000003 13.381738 6.080831 -48.073228 25.428554 -9.231989 -65.355034 32.847742 -0.453860 -8.443477 0.000000 -0.000001 0.000000 10.641332 -16.242192 15.543292 39.301868 4.010953 27.893362 67.013691 -32.042040 22.759785 0.000003 0.000001 -0.000003 -7.555549 -0.593060 -10.339308 -4.941159 2.337617 5.104864 -3.227170 -11.985642 -3.947951 0.000000 -0.000000 0.000002 47.947061 22.723382 55.053128 -52.056584 -1.698513 -49.278626 14.710559 28.737355 -14.667328 0.000001 0.000003 0.000000 
-1.140371 106.229492 -3.816829 11.746442 14.302866 10.322146 -15.575302 3.389842 -13.429798 3.412255 3.296859 -1.687025 1.825087 -12.427574 -3.544832 -7.795052 13.327343 -6.861393 -0.000000 0.000002 -0.000001 13.559092 5.508163 -47.837094 25.498561 -9.390706 -65.400953 32.962541 -0.520688 -8.046582 0.000002 -0.000000 0.000002 10.624714 -16.214548 15.336372 39.521073 3.937586 27.925913 66.718469 -31.689786 22.393687 -0.000002 0.000002 -0.000003 -7.805466 -0.578531 -10.282428 -4.711640 2.276220 5.001184 -3.403910 -11.952168 -3.936794 -0.000000 0.000000 0.000001 47.869996 22.822655 55.049399 -52.018109 -1.802131 -49.359339 14.816092 28.634728 -14.644860 -0.000000 -0.000006 0.000003 
-1.179193 106.213692 -3.779296 12.160541 14.118983 10.390646 -16.376707 3.624205 -13.638628 4.563655 3.231948 -1.301269 1.074926 -12.642364 -3.869167 -7.637066 13.519619 -7.044633 -0.000002 0.000001 -0.000001 13.509138 5.608378 -47.669717 25.483390 -9.528842 -65.518740 33.020259 -0.581044 -8.018879 0.000000 0.000001 -0.000001 10.593831 -15.909544 15.103707 39.435419 4.033350 27.910282 67.233903 -31.622943 22.585817 0.000003 -0.000002 -0.000001 -7.970227 -0.549035 -10.381601 -4.922728 2.309034 4.989992 -3.412583 -11.973992 -3.973419 0.000001 0.000000 -0.000000 47.570953 22.745404 54.880024 -52.090233 -1.723455 -49.338770 15.038651 28.655075 -14.643692 -0.000001 0.000001 0.000001 
-1.211203 106.202782 -3.742200 11.970742 14.264889 10.260520 -16.065838 3.498213 -13.420148 5.062066 3.289890 -1.242300 0.605051 -12.644336 -3.956437 -7.647243 13.501489 -7.000027 -0.000002 0.000003 -0.000002 13.583930 5.267433 -47.488277 25.489119 -9.875233 -65.578381 32.961544 -0.735087 -7.975141 0.000002 0.000003 -0.000001 10.562857 -16.156152 15.035179 39.412603 4.040993 27.838709 67.122953 -31.297983 22.570068 0.000004 0.000003 -0.000002 -8.250913 -0.554600 -10.346873 -4.219291 2.212305 5.132235 -3.536173 -12.113604 -4.014044 0.000000 0.000000 -0.000000 47.625328 22.826899 54.920250 -52.126405 -1.629086 -49.275327 14.707052 28.614772 -14.606472 0.000003 -0.000001 0.000001 
-1.240814 106.193405 -3.708138 12.116276 14.122997 10.378938 -16.026187 3.517027 -13.509704 4.934323 3.346944 -1.351142 0.706474 -12.663206 -3.830575 -7.606560 13.589029 -7.067226 -0.000000 -0.000001 -0.000002 13.615574 5.165411 -47.475658 25.602933 -9.902296 -65.435268 33.217409 -0.709341 -7.881982 0.000002 0.000005 0.000001 10.585028 -15.428711 14.998906 39.349266 4.174678 27.706446 66.945566 -31.680070 22.568808 0.000002 0.000004 0.000003 -8.430494 -0.550884 -10.477609 -4.081981 2.219410 5.072604 -3.446761 -11.913265 -3.904916 0.000000 0.000001 -0.000001 47.183562 22.689979 54.586564 -51.723810 -2.079159 -49.285177 14.797967 28.509689 -14.526334 -0.000000 0.000003 0.000000 
-1.264268 106.180946 -3.670132 11.802004 14.196411 10.293239 -15.666963 3.395517 -13.357427 5.311860 3.298877 -1.199327 0.303388 -13.014308 -4.009663 -7.703892 13.709872 -7.167144 -0.000002 -0.000000 -0.000003 13.544502 5.272005 -47.450963 25.578562 -9.948344 -65.215309 33.723622 -1.129200 -7.859823 0.000000 0.000002 0.000001 10.523780 -15.175313 14.957785 39.102225 4.261488 27.590868 66.398441 -31.510757 22.200664 0.000003 0.000005 0.000003 -8.208814 -0.592386 -10.374321 -4.014312 2.197779 5.120595 -3.443155 -11.862858 -3.872168 0.000000 0.000000 0.000001 47.398880 22.689837 54.675941 -51.602127 -2.123907 -49.138597 14.508326 28.347078 -14.404080 0.000001 0.000000 0.000000 
-1.285872 106.166428 -3.631238 12.192553 14.311176 10.279549 -15.490270 3.353331 -13.307824 4.518691 3.259354 -1.329128 0.811949 -13.117272 -3.943678 -8.017358 13.770460 -7.161178 -0.000002 -0.000001 -0.000001 13.392233 5.377393 -47.328037 25.429887 -9.965185 -65.106791 33.803241 -1.434305 -8.346568 0.000000 -0.000003 -0.000004 10.388551 -14.874262 14.827099 38.869941 4.213505 27.615686 66.824809 -31.292266 22.515804 -0.000002 0.000004 0.000001 -8.519839 -0.575355 -10.439364 -4.256045 2.191059 5.039674 -2.967151 -11.644095 -3.717417 0.000001 0.000001 0.000001 47.476778 22.652087 54.682945 -51.907259 -1.513280 -49.007243 14.462796 28.176082 -14.204600 0.000001 0.000004 -0.000002 
-1.304644 106.156036 -3.593643 12.085817 14.169727 10.343206 -14.760216 3.178305 -13.221468 3.437836 3.232383 -1.567192 1.536618 -12.750607 -3.740699 -8.427379 13.542410 -7.055585 -0.000003 0.000003 -0.000001 13.452280 4.664252 -46.957267 25.240090 -9.806649 -65.241707 33.977230 -1.826831 -8.090026 0.000000 -0.000001 -0.000002 10.329722 -15.390744 14.885663 38.738729 4.136120 27.696934 66.929126 -30.988155 22.520903 0.000004 0.000001 -0.000000 -8.537867 -0.567520 -10.441657 -3.875851 2.184213 4.998066 -3.100603 -11.450896 -3.612046 0.000000 0.000000 0.000001 47.502528 22.648672 54.716557 -51.971401 -1.481457 -49.055501 14.522749 28.130204 -14.189001 0.000005 0.000003 -0.000000 
-1.323113 106.145523 -3.559941 12.718174 14.114951 10.363440 -15.527638 3.374389 -13.361099 4.461553 3.252232 -1.342139 0.803158 -12.946376 -3.924368 -8.607962 13.726370 -7.164486 -0.000000 0.000001 -0.000002 13.376860 4.957042 -46.889959 25.254619 -9.530265 -65.445636 33.970636 -1.712330 -8.016004 0.000001 0.000005 0.000001 10.333917 -14.688047 14.767856 38.790830 4.150193 27.725659 66.317080 -31.106727 22.118806 0.000001 0.000000 0.000001 -8.936705 -0.521704 -10.574607 -4.037121 2.246396 4.971005 -3.343764 -11.582226 -3.692112 0.000000 -0.000000 0.000001 46.977966 22.563984 54.425533 -51.884057 -1.586183 -48.993391 14.409150 28.363204 -14.299676 0.000001 0.000004 -0.000002 
-1.337361 106.132874 -3.532703 12.927616 14.021320 10.573487 -15.795589 3.472109 -13.589036 4.652578 3.297340 -1.352880 0.819473 -12.959948 -3.866930 -8.717954 13.737711 -7.169768 -0.000002 0.000001 -0.000001 13.316279 5.358470 -46.945417 25.348183 -9.538971 -65.276569 33.979313 -1.478851 -8.145913 0.000003 0.000000 0.000000 10.351672 -15.009462 14.764174 38.678661 4.282385 27.587848 66.870619 -31.073843 22.251228 0.000005 0.000003 -0.000001 -9.001975 -0.545166 -10.726987 -4.516046 2.414550 4.737221 -3.419560 -11.286178 -3.487333 0.000001 0.000000 -0.000000 46.989939 22.366551 54.222772 -52.026009 -1.471052 -48.921302 14.634175 28.517756 -14.451282 0.000003 0.000003 -0.000003 
-1.348884 106.122925 -3.504936 12.754119 13.729218 10.623237 -15.575304 3.414978 -13.539484 4.632464 3.308510 -1.394986 0.832434 -12.610153 -3.812406 -8.979844 13.652669 -7.189286 -0.000004 0.000001 -0.000003 13.333065 5.540538 -47.065266 25.422292 -9.810966 -64.938741 33.863958 -1.214005 -8.369763 -0.000001 0.000001 0.000003 10.404926 -15.051693 14.878490 38.606726 4.333668 27.434221 66.816735 -31.165528 22.111578 0.000004 0.000001 -0.000001 -8.906031 -0.538876 -10.719044 -4.494890 2.425601 4.727883 -3.385341 -11.163344 -3.425421 0.000000 0.000000 -0.000001 47.314329 22.377950 54.373855 -52.233694 -1.257538 -48.940047 14.465653 28.927340 -14.754122 0.000003 0.000005 -0.000001 
-1.360366 106.112740 -3.476643 12.985049 13.950211 10.574817 -15.745270 3.452617 -13.561732 4.888695 3.300675 -1.314670 0.597426 -12.521013 -3.862798 -8.862396 13.501345 -7.078140 -0.000002 0.000003 -0.000000 13.468996 4.903841 -46.919985 25.422487 -9.936336 -64.875896 33.638357 -1.148755 -8.075972 0.000002 -0.000006 0.000004 10.411464 -15.043002 14.886445 38.432388 4.456019 27.276051 67.133240 -31.293181 22.455931 0.000003 0.000003 0.000001 -9.250847 -0.511424 -10.748692 -4.461381 2.384095 4.700281 -3.285146 -11.027489 -3.347502 0.000000 0.000000 -0.000000 47.089366 22.411340 54.267748 -52.331622 -1.043613 -48.879460 14.174801 28.559990 -14.506912 0.000001 0.000003 -0.000000 
-1.371177 106.101135 -3.442626 12.797562 14.088857 10.525394 -15.476614 3.357046 -13.404138 4.448676 3.309079 -1.429468 0.898776 -12.720319 -3.831008 -8.726950 13.525348 -7.039861 -0.000003 0.000003 -0.000003 13.520272 4.724776 -46.798960 25.466784 -10.035259 -64.873772 33.534347 -1.071863 -7.859503 0.000002 -0.000004 0.000001 10.381756 -14.741292 14.621879 38.669785 4.394212 27.473912 66.982094 -31.164954 22.365603 0.000004 0.000002 -0.000001 -9.037466 -0.571459 -10.705312 -4.510309 2.323733 4.749494 -3.355053 -11.042378 -3.382188 0.000001 0.000000 0.000001 47.257177 22.450863 54.340210 -52.292116 -0.996894 -48.860291 14.170178 28.284438 -14.303120 0.000003 0.000000 -0.000001 
-1.386630 106.096260 -3.412001 12.840867 13.878983 10.600583 -15.553968 3.400780 -13.504997 4.801361 3.364648 -1.441585 0.727645 -12.506239 -3.746520 -8.659906 13.435266 -7.005646 -0.000000 0.000001 -0.000001 13.531832 4.706920 -46.718060 25.496847 -10.053211 -64.904795 33.956012 -1.224672 -7.298007 0.000001 0.000001 0.000000 10.392780 -14.855930 14.535739 38.432378 4.647710 27.384940 66.638181 -31.147486 21.956639 0.000002 0.000002 -0.000001 -8.953826 -0.552541 -10.704430 -4.582671 2.330488 4.736034 -3.171591 -11.154444 -3.454950 0.000000 0.000001 0.000001 47.212433 22.416029 54.325702 -52.289883 -0.988031 -48.885020 14.702368 28.542503 -14.465096 0.000001 -0.000002 0.000000 
