HIERARCHY
ROOT Hips
{
	OFFSET 2.142826 101.449409 -1.766026
	CHANNELS 6 Xposition Yposition Zposition Xrotation Yrotation Zrotation
	JOINT Chest
	{
		OFFSET -4.212912 12.286789 4.176174
		CHANNELS 3 Xrotation Yrotation Zrotation
		JOINT Chest2
		{
			OFFSET -5.890066 18.080162 9.873261
			CHANNELS 3 Xrotation Yrotation Zrotation
			JOINT Chest3
			{
				OFFSET -0.800435 13.547882 6.215648
				CHANNELS 3 Xrotation Yrotation Zrotation
				JOINT Neck
				{
					OFFSET -0.177549 15.571213 7.491459
					CHANNELS 3 Xrotation Yrotation Zrotation
					JOINT Head
					{
						OFFSET 0.690059 9.342163 4.698467
						CHANNELS 3 Xrotation Yrotation Zrotation
						End Site
						{
							OFFSET 0.710357 9.372284 4.635010
						}
					}
				}
				JOINT LeftCollar
				{
					OFFSET 3.120192 10.274429 9.300806
					CHANNELS 3 Xrotation Yrotation Zrotation
					JOINT LeftUpArm
					{
						OFFSET 16.795099 -4.207581 -2.953039
						CHANNELS 3 Xrotation Yrotation Zrotation
						JOINT LeftLowArm
						{
							OFFSET 19.786797 -27.352257 0.254898
							CHANNELS 3 Xrotation Yrotation Zrotation
							JOINT LeftHand
							{
								OFFSET 8.138706 -12.423050 26.084023
								CHANNELS 3 Xrotation Yrotation Zrotation
								End Site
								{
									OFFSET 1.778767 -2.715141 5.700809
								}
							}
						}
					}
				}
				JOINT RightCollar
				{
					OFFSET -4.973578 11.199875 7.185741
					CHANNELS 3 Xrotation Yrotation Zrotation
					JOINT RightUpArm
					{
						OFFSET -15.313005 3.369659 -7.915392
						CHANNELS 3 Xrotation Yrotation Zrotation
						JOINT RightLowArm
						{
							OFFSET -14.990793 -30.010971 3.788450
							CHANNELS 3 Xrotation Yrotation Zrotation
							JOINT RightHand
							{
								OFFSET 6.768780 -0.604065 29.236511
								CHANNELS 3 Xrotation Yrotation Zrotation
								End Site
								{
									OFFSET 1.479382 -0.132034 6.389931
								}
							}
						}
					}
				}
			}
		}
	}
	JOINT LeftUpLeg
	{
		OFFSET 8.031282 0.731773 5.948290
		CHANNELS 3 Xrotation Yrotation Zrotation
		JOINT LeftLowLeg
		{
			OFFSET -4.403188 -45.999905 10.421638
			CHANNELS 3 Xrotation Yrotation Zrotation
			JOINT LeftFoot
			{
				OFFSET 0.709676 -40.012604 -19.976393
				CHANNELS 3 Xrotation Yrotation Zrotation
				JOINT LeftToe
				{
					OFFSET -3.420737 -17.578012 15.455472
					CHANNELS 3 Xrotation Yrotation Zrotation
					End Site
					{
						OFFSET -1.971624 -3.755658 23.271585
					}
				}
			}
		}
	}
	JOINT RightUpLeg
	{
		OFFSET -8.031224 -0.731956 -5.948354
		CHANNELS 3 Xrotation Yrotation Zrotation
		JOINT RightLowLeg
		{
			OFFSET 21.567699 -40.157341 -12.893167
			CHANNELS 3 Xrotation Yrotation Zrotation
			JOINT RightFoot
			{
				OFFSET 31.055649 -23.207806 -22.305235
				CHANNELS 3 Xrotation Yrotation Zrotation
				JOINT RightToe
				{
					OFFSET 15.292095 -15.803431 -8.715500
					CHANNELS 3 Xrotation Yrotation Zrotation
					End Site
					{
						OFFSET 5.723518 -22.873217 1.900921
					}
				}
			}
		}
	}
}
MOTION
Frames: 156
Frame Time: 0.033333
-2.017917 105.586266 -1.111719 -14.102677 33.573334 -7.943440 -8.226745 -5.729823 3.980979 -6.255633 -8.662745 3.635885 9.294626 -4.022159 1.872255 0.882099 -7.423006 4.144773 0.000006 -0.000000 0.000000 1.962984 8.812232 0.611963 16.533631 2.605783 -27.325519 46.106185 11.322890 -11.581267 -0.000002 -0.000000 0.000003 -1.641059 -24.539802 16.387126 20.081588 -17.381942 -5.258453 64.159778 -21.657896 0.212149 0.000001 0.000000 -0.000003 24.749645 8.365391 26.154591 -28.726857 8.081359 0.454869 4.937507 -33.899663 -9.715235 -0.000001 0.000000 0.000001 -0.017829 4.344408 -10.167605 -6.641314 -3.316837 -13.371722 -27.735730 -6.429623 -39.819877 -0.000001 -0.000004 0.000002 
-2.018318 105.584969 -1.111308 -14.159066 33.467947 -7.844300 -8.850508 -5.671835 3.458731 -3.728244 -8.697437 4.908680 7.358659 -3.952453 1.231709 0.942326 -7.313083 4.252500 0.000002 0.000001 -0.000000 2.159502 8.550826 0.425838 16.482196 2.313584 -27.414723 45.359515 11.055210 -11.043221 -0.000004 -0.000002 0.000005 -1.410913 -24.241301 16.485037 20.226396 -17.059775 -5.061836 64.258433 -22.126249 -0.127674 0.000003 -0.000002 0.000004 24.867278 8.362214 26.062088 -28.796945 8.158669 0.466031 4.918595 -33.942765 -9.722557 -0.000001 -0.000000 0.000001 0.262795 4.415248 -10.061784 -6.830400 -3.426863 -13.672783 -27.712629 -6.430872 -39.468077 0.000002 -0.000006 0.000003 
-2.025672 105.582108 -1.117121 -14.150975 33.394591 -7.874015 -8.829534 -5.648368 3.459753 -3.129064 -8.696029 5.165289 6.760322 -4.036599 1.033086 0.596889 -7.117532 3.983433 0.000002 0.000001 0.000000 1.946179 9.182116 0.697009 16.483321 2.407146 -27.361403 46.129974 11.312602 -11.281838 -0.000003 0.000002 -0.000000 -1.223289 -23.519548 16.722356 20.232397 -17.189126 -4.901424 64.765937 -22.589304 -0.271784 0.000001 0.000000 -0.000005 25.101287 8.576372 26.290860 -28.985007 8.395845 0.334503 4.609454 -34.018024 -10.056454 -0.000001 0.000000 -0.000000 0.625221 4.386263 -9.866108 -6.881308 -3.591337 -13.800516 -27.930583 -6.294375 -39.300816 0.000001 -0.000004 -0.000001 
-2.034256 105.581612 -1.127038 -13.330632 33.260364 -7.904966 -9.446782 -5.678661 3.104103 -3.414289 -8.702672 5.067087 7.163727 -3.818294 1.194293 -0.060096 -7.048681 3.945548 0.000004 -0.000000 -0.000000 2.024543 8.658635 0.587892 16.236125 1.965959 -27.857780 46.172816 11.894210 -10.773347 0.000001 0.000001 0.000002 -1.226643 -23.647197 16.615511 19.971932 -16.507684 -4.853154 64.833809 -22.731512 -0.417196 -0.000001 0.000000 0.000000 24.465521 8.188857 25.913046 -28.879980 8.391284 0.385133 4.521901 -33.900278 -10.073102 -0.000001 -0.000001 -0.000000 -0.030340 4.394689 -10.334076 -6.876323 -3.613805 -13.679862 -27.891409 -6.418756 -39.520707 0.000001 -0.000002 0.000000 
-2.041093 105.576691 -1.133953 -13.115960 32.986119 -7.966563 -9.042105 -5.663631 3.328955 -4.392710 -8.659771 4.580118 7.869084 -3.830213 1.488280 -0.029937 -6.850881 3.897311 0.000004 -0.000000 -0.000000 2.115916 8.422596 0.499804 16.398487 1.922310 -27.879471 45.836768 11.807604 -10.422239 -0.000003 0.000005 -0.000003 -1.119636 -23.574106 16.728738 19.891430 -16.136235 -4.896769 64.449549 -22.676160 -0.739142 0.000002 -0.000001 0.000000 24.571904 8.222985 25.917194 -29.111503 8.471522 0.214669 4.646394 -33.679970 -9.870799 -0.000002 -0.000000 0.000001 -0.214040 4.399039 -10.469414 -6.779913 -3.498446 -13.606761 -28.208189 -6.364544 -39.267618 0.000002 -0.000007 0.000004 
-2.051285 105.578796 -1.146642 -13.205834 33.142909 -7.906003 -8.928845 -5.708581 3.514046 -4.002794 -8.723822 4.754883 7.293915 -3.861095 1.171667 0.120958 -6.837299 3.805206 0.000002 0.000001 0.000000 2.037117 8.597460 0.386170 16.284626 2.037426 -27.826867 46.131009 11.933625 -10.563489 -0.000000 0.000004 -0.000001 -1.194959 -23.387492 16.809403 19.771822 -16.330064 -5.041780 64.464336 -22.496068 -0.734681 0.000001 -0.000004 0.000002 24.410413 8.186947 25.842180 -29.058022 8.352120 0.215005 4.491780 -33.554039 -9.988193 -0.000001 -0.000000 0.000001 -0.105034 4.396873 -10.435054 -6.897216 -3.561940 -13.650048 -28.113692 -6.307720 -39.167132 0.000003 -0.000002 0.000000 
-2.064321 105.569290 -1.153368 -12.622807 33.127804 -8.002475 -10.039587 -5.791314 2.913237 -1.869862 -8.830542 5.890841 5.985813 -3.708774 0.657121 0.275705 -6.717024 3.843809 0.000002 -0.000001 -0.000001 2.060410 8.423866 0.532676 16.364015 1.989061 -28.040363 46.057297 11.976993 -10.647984 -0.000003 0.000000 -0.000002 -1.160017 -23.183429 16.606546 19.895028 -16.273003 -4.778236 64.263836 -22.454961 -0.493793 0.000002 -0.000001 -0.000002 24.092516 7.975610 25.677075 -29.143256 8.374500 0.212614 4.938730 -33.218656 -9.427772 -0.000001 0.000000 0.000001 -0.426978 4.373228 -10.516206 -7.070138 -3.611150 -13.875548 -28.048698 -6.330837 -39.295431 0.000000 -0.000002 -0.000000 
-2.075942 105.567398 -1.163369 -12.676957 32.895458 -8.017799 -9.738911 -5.772817 3.068040 -2.234897 -8.645549 5.612121 6.173989 -3.936308 0.832446 -0.073820 -6.435935 3.629434 0.000004 0.000001 0.000001 1.978291 9.080190 0.738478 16.501848 2.079884 -27.890693 46.376267 11.981408 -10.779459 -0.000000 0.000003 -0.000001 -0.963310 -22.572088 16.778935 19.896500 -16.198642 -4.683965 64.305459 -22.522967 -0.501625 0.000003 -0.000002 0.000004 24.188787 8.003808 25.646206 -29.163900 8.430952 0.181896 5.221375 -33.046327 -9.077683 -0.000001 -0.000000 0.000001 -0.244026 4.423946 -10.478139 -7.124248 -3.669925 -13.972678 -28.026066 -6.303882 -39.360249 0.000001 -0.000005 0.000003 
-2.086137 105.559753 -1.169928 -12.754826 32.923564 -7.944907 -9.708456 -5.757347 3.071117 -2.536422 -8.660495 5.487279 6.606040 -3.739361 1.026010 -0.291729 -6.557382 3.725486 0.000000 0.000000 0.000001 1.935988 8.900390 0.906874 16.611457 2.094786 -28.022162 46.493801 11.926726 -10.881334 -0.000004 -0.000003 0.000000 -1.084149 -22.894850 16.358597 20.050586 -16.331206 -4.478280 64.251890 -22.295397 -0.464461 -0.000001 -0.000003 0.000007 24.259780 8.000118 25.544747 -29.096104 8.314408 0.294399 5.130477 -32.867799 -9.100355 -0.000002 -0.000000 0.000001 -0.056232 4.465179 -10.414541 -7.292279 -3.662893 -14.090682 -27.886873 -6.343793 -39.422448 0.000001 -0.000004 -0.000000 
-2.096048 105.554878 -1.172653 -12.675722 32.876883 -8.073125 -10.027498 -5.788415 2.912715 -1.504108 -8.751036 6.043007 5.927943 -3.732449 0.714133 0.108556 -6.669861 3.869944 0.000004 -0.000000 -0.000000 1.700920 9.548493 1.175174 16.521487 2.196833 -28.027080 46.743397 11.899667 -11.459470 -0.000000 0.000003 -0.000003 -1.230598 -22.878562 16.203372 20.094481 -16.664835 -4.452869 64.373508 -22.034243 0.033234 0.000002 0.000000 -0.000002 24.244151 7.963846 25.628355 -29.225468 8.352969 0.217774 5.475180 -32.768645 -8.741162 -0.000000 -0.000001 0.000000 -0.114455 4.453268 -10.362241 -7.351006 -3.661071 -14.048446 -27.936059 -6.379794 -39.245140 0.000003 -0.000007 -0.000000 
-2.101263 105.544266 -1.169941 -12.396761 32.935654 -8.073488 -10.860929 -5.789134 2.382705 0.130038 -8.790378 6.899639 4.960559 -3.697130 0.345474 -0.031953 -6.598257 3.884218 -0.000001 -0.000001 -0.000000 1.576445 10.124688 1.429730 16.028270 1.728118 -28.340690 47.129589 12.025452 -11.708878 -0.000002 0.000001 -0.000003 -1.296901 -22.992877 16.206377 20.119975 -16.738702 -4.601443 64.194851 -21.756676 0.246884 0.000001 -0.000003 0.000002 24.098333 7.814787 25.529867 -29.162237 8.147309 0.205293 5.116744 -32.688828 -9.106816 -0.000001 0.000000 0.000002 -0.250756 4.461135 -10.377830 -7.279109 -3.477689 -13.923207 -27.966283 -6.441761 -39.191304 -0.000001 -0.000006 -0.000000 
-2.102015 105.537849 -1.169333 -12.503451 32.860443 -8.180654 -10.550916 -5.788527 2.538222 -0.165645 -8.829259 6.787505 5.107679 -3.833100 0.342134 0.232030 -6.696752 3.994431 0.000000 -0.000000 -0.000000 1.584740 10.773315 1.626351 15.764502 1.269177 -28.385378 47.186427 11.682610 -11.548554 -0.000000 0.000001 0.000002 -1.088964 -22.817777 16.484858 20.129923 -16.375915 -4.729865 63.839053 -21.788218 -0.138304 -0.000001 0.000000 0.000002 24.168271 7.849335 25.675012 -29.035339 8.127063 0.235373 5.260321 -32.829222 -9.003324 -0.000001 -0.000000 0.000001 -0.121116 4.486600 -10.264476 -7.315074 -3.553453 -13.942436 -27.764815 -6.455410 -38.940421 0.000000 -0.000002 0.000001 
-2.094332 105.528519 -1.161265 -11.988740 32.703844 -8.284870 -11.284008 -5.785778 2.102243 -0.122329 -8.854097 6.815935 5.294626 -3.699158 0.456856 0.564258 -6.853609 4.102965 0.000004 -0.000001 -0.000000 1.766383 9.397350 1.181302 16.287452 1.709200 -28.202903 46.390112 11.330968 -11.234433 0.000002 0.000004 -0.000002 -1.088254 -22.837494 16.515018 20.138922 -16.398997 -4.716127 63.933726 -22.015718 -0.313215 -0.000002 -0.000001 0.000000 24.145651 7.829999 25.578184 -29.465077 8.385994 0.138438 5.287278 -32.772340 -8.949041 -0.000001 0.000000 0.000002 -0.258448 4.482980 -10.371265 -7.542444 -3.664706 -14.205588 -27.778673 -6.469145 -38.468148 -0.000000 -0.000004 0.000001 
-2.091144 105.520958 -1.158256 -11.873171 32.722217 -8.380412 -11.198758 -5.780991 2.173894 0.255879 -8.869180 6.991045 4.843038 -3.726688 0.224502 0.640960 -7.159466 4.169123 0.000000 -0.000001 -0.000001 1.628575 9.628196 1.255892 16.197777 1.864860 -28.137494 46.687734 11.468203 -11.539783 0.000001 0.000002 -0.000002 -1.247092 -22.989216 16.265768 20.134271 -16.688850 -4.604634 64.361788 -21.910566 -0.069960 -0.000000 0.000001 -0.000007 23.926533 7.764866 25.552206 -29.233824 8.290968 0.288225 5.195581 -32.736318 -9.043742 -0.000001 -0.000000 0.000001 -0.522455 4.434296 -10.428911 -7.425440 -3.619589 -14.096227 -27.638692 -6.468297 -38.578783 0.000002 -0.000001 0.000001 
-2.079642 105.516106 -1.154045 -12.746040 32.596531 -8.475967 -9.987648 -5.725305 2.815294 -0.629650 -8.896260 6.537909 5.308598 -3.733212 0.489822 0.984622 -7.246214 4.242845 0.000002 -0.000001 -0.000000 1.776781 8.831004 0.945185 16.408824 2.013470 -28.174452 45.773944 11.177548 -10.988751 -0.000004 0.000000 0.000000 -1.264376 -23.162715 16.352192 20.234104 -16.960270 -4.818301 64.360149 -21.835032 -0.299021 -0.000000 0.000001 -0.000002 24.533100 8.103044 25.808893 -29.321736 8.351918 0.392254 5.239630 -32.730997 -8.974953 -0.000001 0.000000 0.000001 0.197794 4.453040 -10.025913 -7.405987 -3.700557 -14.173681 -28.120830 -6.358419 -38.500742 -0.000001 -0.000007 0.000001 
-2.053504 105.519180 -1.152364 -12.563603 32.741748 -8.493625 -9.930591 -5.748619 2.909593 -1.540010 -9.058917 6.127980 6.025423 -4.041269 0.449853 0.829143 -7.339152 4.142777 0.000000 -0.000002 -0.000001 1.532188 8.986106 0.823453 16.556845 2.698938 -27.856426 45.893820 11.379768 -11.660904 0.000000 0.000004 -0.000003 -1.611282 -23.198965 16.175862 20.134984 -17.726597 -4.956994 64.955195 -21.651838 0.410790 -0.000001 0.000001 -0.000002 24.478262 8.091951 25.705900 -29.338343 8.382933 0.484589 4.676003 -32.691976 -9.467642 -0.000001 0.000000 -0.000000 -0.027334 4.378684 -10.237155 -7.118358 -3.623812 -13.950627 -28.151086 -6.369425 -38.523831 0.000003 -0.000004 0.000001 
-2.023363 105.520744 -1.151943 -12.439092 32.505324 -8.576238 -10.066184 -5.676053 2.731493 -1.014498 -9.047750 6.379770 5.529742 -3.875937 0.417420 0.948866 -7.501285 4.180244 0.000002 0.000000 0.000002 1.467904 8.945563 0.738196 16.321652 2.676721 -27.869002 45.752405 11.273444 -11.829820 -0.000002 0.000000 0.000002 -1.676332 -23.231896 16.262455 20.236047 -18.215693 -5.144218 64.532522 -21.301770 0.436556 0.000003 -0.000003 0.000003 24.625183 8.162361 25.769318 -29.452295 8.644824 0.324168 4.857105 -32.518452 -9.217812 -0.000001 -0.000001 0.000000 -0.139801 4.390956 -10.384704 -7.048801 -3.660668 -14.017752 -27.901364 -6.398965 -38.282896 0.000002 -0.000007 0.000004 
-1.985595 105.529610 -1.153599 -12.450816 32.446517 -8.795720 -9.905221 -5.644907 2.841881 -1.116684 -9.027921 6.296841 5.523720 -3.957410 0.542875 0.788179 -7.769186 4.191763 0.000004 -0.000000 -0.000000 1.297562 9.165343 0.830035 16.340510 2.932006 -27.718576 46.007232 11.195288 -12.164885 -0.000001 0.000003 0.000003 -1.672065 -23.054001 16.457571 20.006480 -18.314450 -5.281497 64.363693 -21.484739 0.392777 -0.000001 0.000001 0.000000 24.626882 8.232990 25.871140 -29.388730 8.507591 0.373605 4.849292 -32.503385 -9.265062 -0.000001 -0.000000 0.000001 -0.443994 4.321001 -10.489765 -6.669731 -3.415785 -13.516990 -28.243082 -6.314926 -37.912468 -0.000000 -0.000009 0.000003 
-1.938736 105.532173 -1.156063 -12.140388 32.422754 -8.965081 -10.292442 -5.635720 2.568472 -0.366584 -9.092872 6.722516 5.048195 -3.958655 0.293946 1.073403 -8.079634 4.449692 0.000004 -0.000000 0.000001 1.132201 8.940512 1.153119 16.593294 3.132470 -27.687425 46.509494 11.563066 -12.315841 -0.000002 -0.000001 0.000002 -1.916506 -23.451168 15.900412 19.676824 -17.764035 -5.110237 65.241448 -21.729335 0.744954 0.000001 0.000001 -0.000002 24.539357 8.210013 25.859557 -29.494966 8.568517 0.361366 4.459157 -32.390441 -9.550357 -0.000001 -0.000000 0.000001 -0.684825 4.269567 -10.620252 -6.554107 -3.397834 -13.435551 -28.535424 -6.279767 -37.835594 0.000005 -0.000006 -0.000000 
-1.886126 105.532669 -1.158512 -11.695068 32.751338 -9.126496 -10.839792 -5.722142 2.348405 -0.423837 -9.328758 6.815484 5.356806 -4.234685 0.037522 1.437197 -8.331870 4.634321 0.000002 0.000001 0.000001 1.032391 8.743874 1.211992 16.855338 3.461987 -27.510247 46.360483 11.591504 -12.449177 0.000001 -0.000001 -0.000003 -1.937527 -23.172979 15.897042 19.657909 -17.999140 -5.233898 65.572787 -21.771564 1.057954 0.000002 -0.000001 0.000002 24.226830 8.077573 25.837115 -29.446288 8.531188 0.522277 4.458000 -32.619597 -9.650673 -0.000002 0.000000 0.000001 -0.943123 4.183070 -10.625532 -6.616508 -3.494792 -13.441328 -28.500341 -6.323671 -38.139568 -0.000000 0.000001 -0.000002 
-1.830328 105.538361 -1.155951 -11.887344 32.653441 -9.538396 -10.614507 -5.644072 2.384365 -0.069553 -9.391500 7.030893 4.985921 -4.168593 0.121707 1.522263 -8.883074 4.844231 0.000004 -0.000001 -0.000001 0.891365 9.294421 1.328982 16.787890 3.643718 -26.832929 46.664727 11.427762 -12.833514 -0.000003 -0.000000 -0.000003 -2.005064 -23.317979 16.055591 19.525440 -18.188823 -5.776990 65.016823 -21.552863 1.030497 0.000001 0.000001 -0.000005 24.409686 8.276867 26.232122 -29.542849 8.492504 0.414281 4.585832 -32.341096 -9.481266 -0.000001 -0.000000 0.000001 -1.030497 4.054108 -10.407760 -6.286610 -3.246459 -13.096682 -28.916108 -6.303516 -38.216893 0.000001 -0.000007 0.000003 
-1.758960 105.554131 -1.157981 -11.694969 32.373116 -10.100888 -10.406571 -5.672695 2.496439 0.457391 -9.441765 7.358297 4.411203 -4.046770 0.069266 2.042241 -9.424477 5.335831 0.000006 -0.000001 -0.000001 1.329669 8.821313 1.246875 16.346905 3.147532 -26.198543 46.364605 11.569333 -12.493725 -0.000002 0.000002 -0.000001 -1.802461 -23.715424 16.221489 19.436109 -17.558635 -6.461287 63.958663 -21.779487 0.694115 0.000003 0.000001 0.000002 24.604256 8.388246 26.451200 -29.802410 8.204955 0.354863 4.388659 -31.052536 -9.207887 -0.000002 -0.000001 0.000000 -1.543073 4.004818 -10.516188 -6.034706 -3.014716 -12.538133 -29.066427 -6.227597 -38.049369 0.000003 -0.000004 0.000003 
-1.691292 105.566727 -1.159157 -11.587455 32.203095 -10.645630 -9.452310 -5.649784 3.057695 -2.446892 -9.620841 5.948865 6.470005 -4.109800 0.903228 2.231869 -9.940863 5.462261 0.000003 -0.000001 -0.000000 1.361602 9.267359 1.399828 16.186298 3.166744 -25.178420 46.306442 11.195793 -12.513487 -0.000002 0.000001 -0.000003 -1.636519 -23.828660 16.709966 19.254737 -17.265180 -7.231982 63.029020 -22.008410 0.040757 0.000002 -0.000001 0.000000 24.392359 8.452871 26.685428 -29.511458 7.985588 0.495960 4.133262 -30.386292 -9.174124 -0.000001 -0.000000 0.000001 -2.021016 3.865043 -10.545915 -5.626604 -2.950404 -11.877296 -29.284702 -6.046864 -38.126697 0.000001 -0.000004 0.000000 
-1.619892 105.575180 -1.156183 -11.634155 32.314895 -11.428606 -9.404117 -5.694493 3.200984 -0.843086 -9.935512 6.852601 5.143296 -4.085864 0.333485 3.132909 -10.892927 5.611284 0.000002 -0.000000 -0.000000 1.155496 9.574651 1.453356 15.850294 3.724266 -23.388550 47.170741 12.387939 -12.954479 0.000001 -0.000000 0.000001 -1.837159 -24.127771 17.069152 19.013040 -18.034414 -8.696765 62.266457 -21.613512 0.148919 0.000002 -0.000002 0.000000 24.282810 8.604092 27.201672 -29.343305 7.792208 0.830446 3.908786 -29.884134 -9.237872 -0.000001 0.000001 -0.000000 -2.221524 3.708611 -10.353190 -5.511453 -3.206145 -11.280887 -29.916075 -5.812785 -37.979653 -0.000001 -0.000004 0.000001 
-1.530339 105.589935 -1.144917 -11.832895 32.416600 -12.089602 -7.574530 -5.641109 4.348050 -3.003202 -10.291125 5.882045 6.287422 -4.274117 0.554368 3.206430 -11.781211 5.640428 0.000002 0.000001 0.000000 0.951998 9.478567 1.343303 14.738372 3.944460 -21.451452 47.237694 13.328124 -13.642714 -0.000003 0.000002 -0.000001 -2.221164 -24.147879 17.260421 18.408688 -18.890527 -10.547729 61.923902 -21.406402 1.150754 0.000001 0.000001 -0.000003 24.430707 8.723837 27.528447 -28.856917 7.265968 1.258333 3.324992 -28.747723 -9.417418 -0.000001 -0.000001 0.000001 -3.945805 3.768582 -11.969006 -3.020264 -2.697344 -7.413600 -30.108413 -5.742529 -38.401823 -0.000000 -0.000002 -0.000000 
-1.426465 105.614044 -1.146650 -11.667082 32.071099 -12.551229 -6.890441 -5.602130 4.792123 -2.174587 -10.500430 6.394753 5.393187 -4.336593 0.012566 3.239209 -12.235544 5.632326 0.000002 -0.000002 -0.000001 0.987193 8.710422 0.812280 13.480393 3.777585 -19.974383 46.463397 14.009664 -13.726115 -0.000002 0.000000 -0.000002 -2.285303 -23.361159 17.765633 17.375151 -18.689597 -11.946495 61.775134 -21.773231 1.882069 0.000000 -0.000003 0.000002 24.343721 8.580868 27.390372 -28.452444 6.845375 1.621897 2.409272 -27.733426 -9.878690 -0.000002 -0.000001 0.000002 -5.653983 4.085578 -13.978690 -0.889264 -2.345416 -3.607896 -30.452593 -5.741798 -39.072958 -0.000000 -0.000002 0.000002 
-1.292538 105.632248 -1.159153 -12.042108 31.229725 -12.879952 -5.575805 -5.457416 5.525795 -3.315237 -10.688770 5.902279 5.843836 -4.368911 -0.168716 3.625268 -12.488419 5.776334 0.000002 0.000001 0.000000 0.886030 7.930069 0.343335 11.272291 3.306868 -18.120137 45.225346 14.865738 -14.148500 0.000005 -0.000001 -0.000001 -2.682486 -22.557820 17.563039 16.034964 -18.957298 -13.647110 61.573547 -21.962263 3.323599 0.000002 0.000003 -0.000005 24.759986 8.610437 27.266498 -28.065073 6.301459 1.258230 1.706242 -25.924688 -9.957215 -0.000001 -0.000000 0.000002 -7.503584 5.035669 -17.414742 2.200827 -1.447494 2.774059 -30.414146 -5.999311 -39.432946 0.000000 -0.000002 -0.000003 
-1.115742 105.627625 -1.179906 -12.091292 30.001674 -13.048511 -4.459813 -5.411826 6.303912 -3.528251 -10.773175 5.823472 5.799966 -3.940378 -0.522998 3.280897 -12.445204 5.739443 0.000004 -0.000001 -0.000001 0.945725 6.680437 -0.284288 8.526752 2.072400 -16.224874 43.152944 16.012217 -13.156274 -0.000003 -0.000002 0.000002 -2.865419 -21.718453 16.938435 14.356547 -18.498710 -15.432237 60.754567 -22.304792 3.709163 -0.000002 -0.000001 0.000000 24.247020 8.264365 26.343573 -26.232696 5.479223 1.637271 0.210508 -24.452805 -10.924458 0.000000 -0.000001 0.000002 -9.404228 6.251138 -21.455900 5.396824 -0.416079 9.929037 -28.730836 -6.627157 -39.213246 -0.000000 -0.000007 0.000001 
-0.928115 105.611290 -1.198419 -12.397033 28.752935 -13.103308 -2.937017 -5.284141 7.191389 -3.515570 -10.586627 5.764722 5.240800 -3.672380 -0.830294 3.855537 -11.896641 5.755978 0.000002 -0.000002 -0.000001 0.850215 6.069986 -0.522939 6.635543 1.238498 -14.738261 41.685328 17.274935 -12.666542 0.000001 0.000001 0.000002 -2.948363 -20.658320 16.453386 12.985497 -17.606462 -16.613279 60.756404 -22.627350 4.809724 0.000002 0.000000 0.000000 23.647961 7.666747 25.463232 -24.417011 4.766559 1.888939 -0.241459 -22.782895 -10.703104 0.000000 -0.000000 0.000001 -10.027758 7.377418 -24.268439 7.609241 0.262231 16.015559 -27.545026 -7.313203 -41.187407 0.000003 -0.000006 -0.000001 
-0.713787 105.575035 -1.217190 -12.321875 26.974478 -13.072115 -2.208847 -5.109625 7.450510 -0.930391 -9.834858 6.602804 2.989209 -3.444255 -1.176654 4.805118 -10.888659 5.738713 0.000002 -0.000003 -0.000001 0.693790 4.774851 -0.183752 4.709911 0.634776 -13.683471 38.443300 18.446879 -11.239895 -0.000002 -0.000002 -0.000002 -2.680423 -18.310047 15.779226 10.572170 -14.764827 -17.585140 58.444590 -22.611227 5.148680 -0.000001 -0.000002 -0.000002 21.813148 6.627295 23.794258 -21.268842 3.488527 2.420375 -0.853194 -20.684922 -10.538266 -0.000001 0.000000 0.000001 -9.826095 8.158927 -26.227790 9.970206 1.551372 22.537155 -24.664291 -8.458733 -44.038174 -0.000001 -0.000004 0.000000 
-0.474465 105.506180 -1.206911 -10.754839 23.851716 -13.040912 -1.795822 -4.779482 7.209848 0.426363 -8.368443 6.194084 1.281004 -1.888514 -0.080293 3.717425 -10.887542 5.245572 0.000004 0.000003 0.000001 0.648887 1.744995 -0.362322 2.245290 -0.028847 -12.432836 33.785859 19.133867 -8.380979 0.000003 0.000003 0.000001 -2.499684 -15.345015 14.880453 7.329205 -10.769673 -18.367897 56.518678 -23.938906 4.782929 -0.000002 0.000002 -0.000003 18.234440 5.391483 21.643348 -17.155697 2.709893 2.277795 -0.343319 -18.001105 -9.031922 -0.000001 -0.000001 0.000002 -10.669658 8.388219 -28.247507 13.388801 3.922838 29.855546 -19.209542 -9.714232 -43.876999 0.000003 -0.000006 0.000002 
-0.238925 105.399651 -1.189727 -10.032942 22.065975 -12.727551 -0.989355 -4.522574 7.346527 0.305231 -7.796615 5.686559 0.982710 -1.338547 0.225901 2.724689 -10.485496 4.780222 0.000002 0.000001 0.000000 0.511277 0.187596 -0.226341 0.380711 -0.979341 -11.614200 29.359616 19.004337 -5.725579 -0.000002 -0.000000 -0.000001 -2.216281 -12.972672 14.090999 5.335220 -8.346240 -18.924315 53.250190 -24.026707 4.111590 0.000000 0.000002 -0.000003 16.169967 4.538326 20.054638 -13.964621 1.835583 2.725536 -1.142118 -16.189007 -9.054737 -0.000002 -0.000000 0.000001 -10.922686 8.658806 -29.466444 16.534643 7.081150 36.713373 -17.380250 -10.012719 -42.604306 0.000001 -0.000003 -0.000004 
0.017512 105.220772 -1.185600 -9.241501 19.385602 -12.103336 -0.552112 -4.151695 7.213031 -0.018128 -6.621215 4.642331 0.917796 -0.489813 0.985007 1.772551 -10.081607 4.138702 0.000006 -0.000003 -0.000000 0.030184 -0.921932 -0.179139 -1.409283 -1.511624 -10.538456 23.777963 17.409978 -3.046718 -0.000006 -0.000004 0.000003 -2.425475 -11.513104 12.637433 2.966718 -5.493347 -18.987709 49.320676 -23.871738 2.880585 -0.000001 -0.000003 0.000002 14.274096 3.895850 17.810755 -12.957058 1.650696 2.819191 -1.083749 -14.599651 -8.429075 -0.000001 -0.000000 0.000001 -10.009370 8.318875 -29.086244 17.811035 8.310472 40.621526 -14.865608 -10.537382 -42.543182 -0.000000 -0.000002 0.000006 
0.273644 104.958046 -1.179443 -6.896857 17.339472 -10.810257 -1.819323 -3.909261 5.999615 0.818779 -5.448031 4.221785 0.220471 -0.948708 0.941839 0.725478 -8.784311 3.497392 0.000004 -0.000001 -0.000001 -0.906752 0.345353 0.418468 -2.388201 -1.641426 -9.417409 20.705394 17.801959 -1.297679 0.000000 0.000001 0.000000 -2.999449 -10.417023 10.415406 0.915384 -2.677958 -17.960426 44.206695 -22.837117 1.960479 0.000001 0.000001 0.000002 10.724697 2.521765 14.836744 -9.818433 0.626451 3.493114 -0.780551 -12.748048 -7.573612 -0.000001 -0.000001 0.000001 -8.513809 7.767584 -26.808515 16.192157 6.937425 39.359395 -13.559662 -11.278267 -43.213453 0.000000 -0.000004 -0.000006 
0.521808 104.679611 -1.187037 -5.732371 15.513911 -9.756902 -1.994569 -3.572620 5.295584 1.446271 -4.759469 3.866140 -0.544294 -1.199050 0.709679 0.683210 -7.761831 3.055231 0.000004 -0.000003 -0.000000 -1.375710 1.057479 0.839989 -3.696866 -2.051680 -8.875445 17.860987 17.549235 0.304346 -0.000002 -0.000001 -0.000001 -3.390554 -9.769944 8.670266 0.232871 -3.332876 -16.975071 39.041365 -19.635295 1.233147 0.000001 -0.000000 0.000004 7.692576 1.862642 12.462651 -6.949986 0.254739 4.104935 -0.927142 -11.399332 -7.070836 -0.000001 -0.000000 0.000001 -7.792555 6.825637 -24.906198 16.015880 6.693690 37.989181 -13.700216 -11.278477 -43.434098 -0.000002 0.000001 -0.000002 
0.774172 104.321152 -1.209590 -4.114375 13.073985 -8.296313 -2.690313 -3.151130 4.106691 2.146478 -3.639535 3.243216 -1.151737 -0.874328 1.044347 -0.884773 -6.841525 2.477783 0.000000 0.000001 0.000001 -1.864464 0.192426 1.151947 -4.492151 -1.515838 -8.397602 13.542340 15.901546 1.009068 0.000000 0.000000 0.000000 -3.845017 -8.834693 6.956157 -0.668305 -3.831109 -15.672252 33.861875 -16.852824 1.323249 -0.000003 0.000000 -0.000002 5.574834 1.364965 10.127285 -4.905598 0.190547 3.779901 -1.642504 -9.569986 -6.727556 0.000000 -0.000001 0.000002 -6.524621 5.772213 -22.112157 15.091182 5.717872 35.040663 -13.582593 -10.413038 -39.217286 0.000003 -0.000002 -0.000001 
1.021403 103.900810 -1.224858 -2.606749 10.214534 -6.737757 -2.143065 -2.350973 3.072814 1.889162 -2.598149 2.382705 -1.207759 -0.657965 1.447906 -1.930617 -5.833233 1.634257 0.000004 0.000000 0.000001 -2.044332 0.710408 0.813673 -5.490504 -2.324820 -7.433000 8.727894 13.516869 1.945008 -0.000002 -0.000001 0.000001 -3.531094 -6.901137 6.924194 -1.610059 -1.649193 -14.831947 25.131840 -16.599192 -1.007227 0.000000 0.000003 0.000005 5.132731 1.049138 8.153870 -4.107649 0.130816 2.490918 -2.333938 -6.617580 -5.918157 -0.000000 -0.000000 -0.000000 -4.165613 4.865582 -18.001356 12.604872 4.079683 29.625437 -10.944281 -9.244725 -31.970524 0.000002 -0.000002 0.000001 
1.248867 103.488037 -1.236631 -1.513447 8.311244 -5.212835 -1.512745 -1.698683 2.336790 1.935162 -1.513497 1.662435 -1.662544 -0.986259 1.613752 -2.469826 -4.858546 1.185344 0.000002 0.000002 0.000000 -2.112309 1.312536 0.533158 -5.420640 -1.701133 -6.508574 4.764593 10.715125 1.363526 -0.000003 -0.000002 -0.000000 -3.392175 -5.277641 7.316394 -2.066583 -1.116341 -15.116768 15.944974 -16.153753 -3.304619 0.000001 0.000000 0.000002 4.721968 0.716861 6.330562 -3.579222 -0.123655 1.757689 -2.528562 -4.712339 -4.960853 -0.000001 -0.000000 0.000001 -2.278470 4.129568 -14.452276 10.251217 3.125415 23.826379 -7.356470 -7.615989 -23.965973 0.000000 -0.000006 -0.000001 
1.464125 103.045746 -1.288865 -0.433043 6.536857 -3.747791 -1.331258 -1.281300 1.717831 1.656507 -0.773996 0.960553 -1.929262 -0.878588 1.577004 -1.599693 -4.051886 0.945277 0.000004 -0.000001 -0.000000 -1.742198 -0.037183 -0.339342 -5.410094 -1.602445 -4.870556 2.266442 9.182827 1.619474 -0.000002 -0.000000 -0.000001 -3.398730 -4.203750 5.855231 -2.438689 -0.714315 -12.458137 7.637752 -13.827892 -4.649735 0.000001 0.000000 -0.000003 4.815461 0.632954 4.770071 -4.644696 0.035407 1.043013 -1.466641 -4.432113 -3.945698 -0.000001 -0.000000 -0.000001 -0.595747 3.369832 -10.846625 7.201285 1.398941 17.773978 -4.414693 -4.994352 -14.143689 0.000001 -0.000002 -0.000001 
1.672769 102.553276 -1.406429 0.199088 5.033894 -2.298377 -1.820317 -1.059699 1.022965 1.205752 -0.650972 0.796136 -1.140047 -0.831733 0.905788 -1.258177 -2.699406 0.675722 0.000004 0.000000 -0.000000 -1.400059 0.202513 -0.408939 -3.983514 -1.192261 -3.306783 1.349820 6.611457 0.668326 0.000002 0.000003 0.000000 -2.730230 -2.819892 3.432812 -2.785420 1.026862 -6.885616 2.813930 -11.001772 -4.815464 0.000001 0.000001 -0.000003 3.468555 0.248738 3.025766 -3.828449 -0.111303 0.794792 -1.420205 -3.272486 -3.245676 -0.000001 -0.000000 -0.000000 -0.094914 2.171362 -6.201890 3.801379 0.229816 11.036623 -1.944934 -3.049946 -7.819041 0.000001 -0.000007 0.000000 
1.876109 102.058708 -1.547326 0.187775 3.535320 -1.335539 -1.399024 -0.751676 0.669041 0.934079 -0.374869 0.603649 -1.224348 -1.041647 0.395239 0.164016 -1.303403 0.551099 0.000000 -0.000000 -0.000000 -0.826155 0.295077 -0.258582 -2.131836 -0.494479 -1.926270 0.898016 3.946733 0.198417 0.000000 0.000001 0.000001 -1.011321 0.286692 2.106374 -3.450690 3.706285 -3.429069 -0.534221 -10.450043 -6.934364 0.000001 -0.000001 0.000002 3.068307 0.263306 1.804234 -2.652403 -0.129208 0.734167 -1.193491 -2.335261 -2.439108 -0.000001 0.000000 -0.000001 0.233638 1.149536 -2.825692 1.461869 -0.275173 5.625653 -0.218189 -1.481404 -3.688650 0.000001 -0.000006 -0.000002 
2.100905 101.553322 -1.731965 0.063037 0.422437 -0.282082 -0.145534 -0.047785 -0.004228 -0.275103 -0.406298 0.159557 0.191036 -0.056095 0.075065 -0.014877 -0.026394 -0.013271 0.000002 0.000000 -0.000001 -0.077045 0.249667 0.083525 -0.169987 -0.248741 -0.454486 -0.026016 0.735738 0.935030 0.000000 0.000000 0.000000 -0.232964 -0.469614 0.404737 0.826359 -1.325780 -0.537486 -0.811308 0.473306 0.350082 -0.000000 0.000000 0.000000 0.516428 0.034054 0.412227 -0.505214 0.070268 -0.026581 -0.133731 -0.083317 -0.186947 -0.000001 0.000000 0.000001 0.131600 0.226456 -0.385644 0.234071 -0.063311 0.793023 -0.440324 -0.227220 -0.457741 0.000001 -0.000006 -0.000000 
2.321527 101.006378 -1.911249 -0.245472 -1.804187 1.197791 0.620368 0.203839 0.016619 1.185832 1.723310 -0.702283 -0.813585 0.241943 -0.317905 0.063372 0.112557 0.056500 0.000004 0.000001 -0.000000 0.324421 -1.065638 -0.352381 0.702470 1.075209 1.929440 -0.023907 -3.137851 -3.987063 0.000000 0.000000 0.000000 1.030647 1.983030 -1.747587 -3.674565 5.557680 2.513015 3.427437 -2.071364 -1.416771 0.000000 -0.000003 -0.000002 -2.203868 -0.103436 -1.760236 2.154209 -0.296855 0.120255 0.567000 0.360086 0.794780 -0.000000 -0.000000 0.000001 -0.543929 -0.975153 1.638346 -0.987226 0.306006 -3.377656 1.856556 1.007658 1.931588 0.000002 -0.000004 -0.000000 
2.543930 100.437889 -2.084233 0.297756 -3.286858 2.162575 0.202556 -0.042435 0.243535 2.336153 3.396017 -1.424866 -1.600074 -0.345953 -0.777031 -0.594426 0.929963 -0.052806 0.000002 -0.000001 -0.000000 0.590838 -1.332014 -0.337527 0.885261 0.833861 3.674038 0.416243 -5.708920 -7.158812 0.000000 -0.000002 -0.000000 2.448750 4.593337 -2.660172 -8.181646 12.921894 3.464258 6.538240 -6.534186 -4.563003 -0.000000 0.000001 -0.000002 -4.882223 -0.232748 -3.203002 4.507860 -0.723316 0.114252 0.211461 1.782057 1.240702 -0.000001 -0.000001 0.000001 -0.538261 -1.488713 2.998455 -2.197912 0.480696 -6.236274 1.951094 1.690965 3.877403 0.000003 -0.000006 -0.000002 
2.788578 99.802353 -2.244489 -0.396088 -4.979822 3.375257 2.143361 0.542113 0.220919 1.703384 4.301238 -2.325559 -2.121993 -0.888634 -0.899252 0.307222 2.250582 -0.147494 0.000002 -0.000000 0.000000 1.002321 -1.059448 0.024351 1.603082 0.939871 5.171356 0.182502 -9.343543 -11.193864 -0.000001 0.000000 0.000000 4.212960 7.197374 -4.273928 -12.724640 20.130427 4.885449 9.054640 -10.865834 -7.672258 0.000001 -0.000002 0.000002 -7.423621 -0.242586 -5.207926 8.815279 -1.427229 0.093572 -0.625816 3.402004 1.541622 -0.000001 -0.000001 0.000001 -0.639253 -1.915381 3.865255 -2.858845 0.860519 -8.099129 3.815613 1.864492 3.308123 0.000002 -0.000002 -0.000000 
3.076095 99.103409 -2.422603 -0.685038 -5.936782 4.351654 2.021438 0.471188 0.280433 1.851551 4.925099 -2.844958 -2.264366 -0.448955 -0.519246 1.660628 2.998265 -0.123023 0.000004 -0.000002 -0.000001 1.143166 -2.288109 0.133208 1.276885 0.251535 6.091162 -0.069669 -12.368729 -14.080741 0.000000 -0.000000 -0.000001 4.462219 7.026473 -6.033923 -17.199769 25.362516 7.810222 13.426828 -11.624233 -7.522082 0.000001 -0.000002 0.000000 -9.534310 -0.039979 -7.334058 12.587106 -1.829658 0.952671 -0.963679 4.290934 1.697828 -0.000001 -0.000000 0.000001 -0.484013 -2.391458 4.857647 -3.927452 0.592639 -10.215105 2.992299 2.137982 4.575244 -0.000000 0.000001 0.000000 
3.364927 98.419258 -2.592605 -1.787277 -6.035081 5.145876 3.225636 0.714473 0.550708 -0.134654 4.319638 -3.218075 -0.391473 0.269693 -0.464283 1.609351 3.282081 0.024715 0.000000 0.000000 0.000001 1.475165 -3.875974 0.227238 0.554021 -1.285842 6.449976 -0.310427 -13.904845 -14.897425 0.000000 -0.000002 -0.000000 5.548187 8.627178 -7.614054 -20.938232 30.210330 9.188271 15.385315 -14.844253 -9.427790 0.000003 -0.000004 -0.000002 -10.381525 0.160968 -9.304809 15.632297 -2.244571 1.970922 -1.121304 4.312698 1.690687 -0.000001 -0.000000 -0.000001 0.025209 -2.417256 5.301584 -4.522236 0.522944 -11.772768 4.269267 2.184158 3.918396 0.000002 -0.000004 0.000001 
3.688663 97.718414 -2.758463 -1.703677 -6.919439 5.632221 3.131069 0.624047 0.680721 -0.647385 4.620203 -3.636411 -0.092023 0.849560 0.106465 1.988811 3.643900 0.040991 0.000000 -0.000000 -0.000000 1.367120 -4.431978 -0.187896 0.323892 -1.395342 7.369273 -0.277768 -16.231839 -18.833502 0.000002 -0.000000 0.000001 6.184886 10.088028 -8.827365 -23.867591 32.714902 11.293264 17.582247 -16.614351 -9.612381 0.000003 -0.000002 0.000000 -12.866381 0.204815 -10.520324 18.982376 -2.781874 1.907723 -0.534715 5.225247 2.457564 -0.000001 -0.000001 0.000002 1.013552 -1.936161 5.397744 -5.533021 0.698884 -13.067665 4.971000 1.732767 3.142494 0.000002 -0.000006 -0.000000 
4.019050 97.025375 -2.923844 0.026607 -8.266307 5.814670 1.504662 0.310655 0.288089 0.238886 5.890546 -4.247680 -0.893749 0.958754 1.479864 1.590239 4.161691 -0.293516 0.000004 -0.000001 -0.000001 1.166185 -3.240210 -0.117597 0.297883 -1.287951 7.781459 -0.152372 -18.698801 -23.292840 -0.000007 -0.000002 0.000000 6.314400 10.409351 -9.459512 -26.748926 34.854537 13.596905 19.822099 -17.875061 -9.476603 0.000005 -0.000005 0.000003 -16.490706 0.131216 -10.600305 21.477771 -3.106770 0.733235 -1.438537 7.121178 2.855148 -0.000002 0.000000 0.000001 0.795794 -1.983813 5.263609 -5.185247 1.315191 -13.379918 3.952587 1.352568 2.754265 0.000000 -0.000011 -0.000000 
4.317032 96.385605 -3.084728 0.943116 -8.956201 5.874630 0.273410 0.050771 0.060584 -0.121920 6.104380 -4.538720 -0.397767 1.687997 2.216384 1.757343 4.210726 -0.271330 0.000000 -0.000001 -0.000001 0.959140 -3.581511 -0.011176 0.765137 -0.447136 7.886772 -0.475229 -20.078936 -25.601349 -0.000000 -0.000001 0.000001 6.400864 10.709833 -9.742140 -27.929755 34.449241 16.127943 20.786105 -17.779589 -9.138899 -0.000000 0.000003 0.000000 -18.357228 0.107743 -10.552060 22.991861 -3.174558 0.228323 -1.801155 7.739118 2.851244 -0.000002 0.000001 0.000002 0.679537 -2.171360 5.440971 -4.983719 1.575634 -13.805457 3.394401 1.129446 2.637495 0.000002 -0.000011 0.000001 
4.567344 95.816566 -3.246841 0.942311 -8.391784 6.125400 -0.122554 0.149894 -0.428386 -0.452377 5.773271 -4.373419 0.416872 1.189576 2.034015 2.060763 4.225563 -0.414710 0.000005 -0.000001 0.000000 0.808687 -2.889544 0.406821 0.587817 -0.917470 7.804393 -0.705318 -21.056490 -27.036047 -0.000003 -0.000001 -0.000000 6.836338 11.367328 -10.118624 -28.402146 33.594026 18.695292 21.132732 -16.688623 -8.526323 -0.000001 -0.000003 -0.000002 -19.699659 0.153642 -10.806803 23.892558 -3.167539 0.329768 -1.530923 7.856800 3.214938 -0.000002 0.000001 0.000001 0.525521 -2.454595 6.002583 -4.973039 1.782132 -14.770757 3.808371 1.095675 2.066941 0.000001 -0.000006 0.000001 
4.780607 95.311111 -3.391103 1.147930 -7.996222 6.180771 0.091422 0.306049 -0.659541 -0.663454 5.657327 -4.329878 0.772715 1.133560 2.085769 1.779099 4.095076 -0.487467 0.000006 -0.000002 0.000000 0.486742 -3.931056 1.045416 0.594479 -1.056708 7.291796 -1.307269 -21.509837 -27.679719 0.000002 0.000003 0.000002 6.409718 10.429475 -10.763365 -29.323228 33.263513 21.036301 22.202718 -15.338581 -7.151360 0.000002 -0.000003 -0.000003 -20.571119 0.114745 -11.055105 23.777813 -3.005132 0.849267 -1.796795 8.361270 3.433354 -0.000001 0.000001 0.000001 0.305506 -2.633577 6.358826 -5.120089 1.680869 -15.319141 3.740981 1.137548 2.057540 -0.000000 -0.000002 -0.000000 
4.963879 94.869667 -3.525697 0.661842 -7.385116 6.366762 0.932322 0.556073 -0.667586 -0.835559 5.703444 -4.399677 0.860401 0.334100 1.907357 2.083298 4.427337 -0.698757 0.000002 0.000001 -0.000000 0.331330 -3.494868 1.313699 0.282433 -1.395528 7.120337 -1.279458 -22.059003 -28.924072 0.000004 0.000001 0.000001 6.627922 10.839216 -11.217793 -30.226770 33.639795 22.000729 22.791737 -14.977220 -6.580560 -0.000002 0.000003 -0.000002 -20.657537 0.199867 -11.660019 23.499201 -2.913011 1.567344 -2.250742 8.404617 3.184174 -0.000001 0.000000 0.000001 0.541354 -2.508413 6.376032 -5.526312 1.319027 -15.494178 4.672440 1.196133 1.679201 0.000001 -0.000004 0.000001 
5.121912 94.474136 -3.641018 0.613954 -7.179418 6.557662 1.846985 0.921986 -0.809292 -0.954850 5.863399 -4.508068 0.621521 0.246529 2.113377 1.923989 4.385209 -0.787576 0.000000 -0.000001 -0.000000 -0.007465 -4.364711 1.519598 -0.030007 -1.199169 7.403050 -0.799555 -23.061044 -32.079725 0.000003 -0.000001 -0.000000 6.605366 11.046024 -11.733709 -31.469222 34.901263 21.498785 23.993632 -16.496507 -6.435757 0.000002 0.000001 0.000000 -20.983130 0.241157 -12.376625 23.525680 -2.913765 2.220120 -2.255354 9.019262 3.697674 -0.000000 -0.000000 -0.000000 0.438048 -2.420970 6.111661 -5.622509 1.239498 -15.419198 3.589060 1.401958 2.764994 0.000001 -0.000007 0.000000 
5.268291 94.098396 -3.766029 0.445401 -7.190086 6.512963 2.360343 1.193762 -0.963744 -1.437518 5.617072 -4.474411 0.873418 0.530068 2.493937 1.430054 4.471158 -0.809745 0.000006 0.000000 0.000001 -0.207802 -5.114333 1.743615 -0.080530 -1.001031 7.943663 -0.138841 -24.786417 -36.022144 -0.000005 0.000003 0.000001 6.765601 11.417063 -12.309571 -32.785823 36.265678 21.235178 24.955947 -17.543286 -6.356082 -0.000001 0.000002 -0.000003 -21.227118 0.277390 -12.846947 23.924908 -3.046974 2.845181 -2.195727 9.151522 3.837473 -0.000001 0.000000 0.000001 0.551409 -2.366736 6.152317 -5.599151 1.427985 -15.327812 4.453567 1.384263 2.477745 0.000002 -0.000006 0.000001 
5.402383 93.745689 -3.896492 0.571167 -6.914294 6.515393 2.202920 1.143295 -0.937122 -1.072745 5.696673 -4.378404 0.484345 0.832615 2.782877 0.972594 4.350001 -0.824484 0.000002 -0.000000 0.000000 -0.326778 -6.729666 2.091786 0.145477 -0.629954 8.048612 -0.370754 -26.108113 -38.650350 -0.000001 0.000001 0.000001 6.629189 11.018929 -13.007063 -33.910397 37.340450 21.330114 26.267623 -18.252837 -6.092177 0.000003 0.000000 0.000000 -21.773817 0.300669 -13.170078 24.422313 -3.146264 3.229308 -1.362656 8.978966 4.268595 -0.000002 -0.000001 0.000001 0.615238 -2.386955 6.325767 -5.772639 1.450764 -15.581707 4.860378 1.361178 2.204167 0.000001 -0.000002 0.000000 
5.516934 93.423737 -4.033436 0.844772 -6.588455 6.592723 2.117522 1.138097 -1.108235 -0.960116 5.789355 -4.367842 0.232614 0.983835 3.216403 0.832994 4.156937 -0.930569 0.000002 -0.000002 -0.000000 0.012518 -6.223316 2.172572 0.427800 -1.231051 9.326126 0.013833 -29.625751 -44.524200 0.000001 -0.000001 -0.000001 7.024281 10.938428 -14.010070 -35.041773 39.652178 20.726612 27.089674 -17.605053 -6.205732 -0.000001 0.000000 0.000000 -22.426108 0.279781 -13.455138 24.757542 -3.382613 3.581204 -1.117954 8.685455 4.300120 -0.000001 -0.000001 0.000002 0.766050 -2.279191 6.474872 -6.362020 1.060369 -15.744225 5.294096 1.420457 1.694178 0.000002 -0.000004 0.000000 
5.649259 93.104126 -4.131401 0.620879 -6.866047 6.122071 2.883387 1.033817 -0.404167 -0.992455 6.133245 -4.593139 -0.533066 1.039065 3.496766 1.499598 4.362186 -1.137355 0.000004 -0.000003 -0.000002 -0.051338 -6.654837 1.825102 -0.200710 -1.711349 11.329724 0.694393 -32.681427 -51.099210 0.000004 0.000000 0.000002 7.579748 11.939936 -15.223484 -36.535081 42.248309 19.427992 27.270888 -14.863625 -4.620267 0.000003 0.000001 -0.000003 -22.427230 0.144602 -13.240299 24.525556 -3.497239 3.650550 -1.641178 9.073016 4.157558 -0.000001 0.000000 0.000001 1.993277 -1.884088 7.271071 -6.791500 1.267346 -16.374555 6.691139 1.463278 1.212309 -0.000000 -0.000004 0.000000 
5.740772 92.835060 -4.230570 1.003745 -6.102818 6.427259 2.967040 0.879166 0.043376 -0.828493 6.519586 -4.806971 -0.937345 0.396591 3.099641 1.730730 4.828816 -1.023923 0.000002 -0.000001 -0.000001 -0.241504 -6.587268 2.411957 -1.640665 -3.830911 11.947794 2.266680 -34.553767 -55.127819 0.000005 0.000003 -0.000001 7.942375 12.515255 -16.261372 -38.184033 44.970287 18.339072 26.910264 -11.618157 -2.929860 0.000001 0.000000 0.000000 -22.729324 0.241522 -13.802206 24.772198 -3.814589 3.938836 -2.169708 9.630247 3.990249 -0.000002 0.000001 0.000002 1.651193 -2.076152 7.363024 -7.405884 1.320624 -16.571284 7.549712 1.282793 0.820731 0.000001 -0.000002 0.000001 
5.771135 92.561104 -4.377642 1.516891 -5.043905 7.244620 1.953351 0.771802 -0.269659 -1.133513 6.823218 -5.103712 -0.233341 0.854537 3.441203 0.591328 4.802205 -1.100914 0.000002 0.000000 -0.000000 -0.802410 -7.254687 2.968875 -3.100682 -5.343248 12.534478 1.027325 -34.964794 -57.049220 0.000000 -0.000003 -0.000002 8.474053 13.582286 -17.660960 -39.346435 48.215330 15.424577 29.790594 -19.451388 -5.127690 -0.000000 0.000000 -0.000003 -21.361582 0.421505 -14.903611 23.451378 -3.585190 5.018995 -3.021836 8.862207 2.896723 -0.000001 -0.000000 0.000001 0.756587 -2.417574 7.151598 -7.694023 1.304600 -17.061638 7.794298 1.279870 0.820678 -0.000000 0.000001 -0.000000 
5.778193 92.329826 -4.511397 0.829415 -3.671004 8.036013 2.779048 1.116664 -0.358686 -1.495650 6.847368 -5.219529 0.269346 -0.066907 3.035318 -0.345018 5.040088 -1.198689 0.000006 -0.000002 -0.000001 -1.147126 -7.548839 3.808476 -4.000600 -6.630975 12.762985 -2.121231 -35.391090 -58.296928 -0.000005 0.000004 0.000002 8.522801 13.492264 -18.953922 -40.086503 50.568856 13.589995 32.558187 -24.717334 -6.171482 -0.000000 -0.000004 -0.000003 -20.708744 0.659207 -16.137452 24.667968 -3.551131 6.004659 -2.850228 7.605917 2.274816 -0.000001 -0.000000 0.000003 0.205092 -2.569535 6.756420 -7.827128 0.986201 -17.078760 8.798855 1.309168 0.304774 0.000001 -0.000004 0.000001 
5.769391 92.129997 -4.647477 1.102559 -3.068467 8.395427 2.969994 1.298631 -0.574627 -1.509286 6.774162 -5.197554 0.267311 -0.427274 2.809518 -0.952055 5.319564 -1.293742 0.000002 -0.000003 -0.000002 -1.198397 -7.137761 4.358932 -4.218184 -6.959584 13.039224 -4.510318 -35.769386 -59.638487 -0.000002 -0.000001 -0.000001 8.357168 12.968548 -19.707766 -39.975608 51.928798 11.760466 33.346411 -26.130065 -6.118883 0.000000 0.000000 0.000004 -20.540423 0.760489 -16.587022 24.515840 -3.687181 6.428712 -2.746144 7.125541 2.078428 -0.000001 0.000001 0.000001 -0.591189 -2.924519 6.546223 -7.749352 1.104514 -17.015654 8.221911 1.294539 0.477692 0.000000 -0.000004 0.000000 
5.760195 91.942619 -4.768174 1.086828 -2.840472 8.449023 2.521170 1.062002 -0.323724 -0.282904 7.300479 -5.206274 -0.508335 -0.897775 2.456036 -1.308899 5.634576 -1.566467 0.000000 0.000000 -0.000000 -1.398824 -7.471406 4.201596 -4.723782 -6.881938 13.817553 -5.898327 -35.417297 -60.136981 -0.000002 0.000002 0.000002 8.522843 13.853710 -19.647748 -38.041541 51.809854 8.484396 33.545528 -27.253160 -5.770184 0.000001 0.000000 0.000004 -21.046755 0.846718 -16.635194 25.336245 -3.836140 6.389475 -2.717818 7.267990 2.135314 -0.000001 -0.000000 0.000001 -0.993489 -3.217782 6.672276 -7.299689 1.615942 -17.224969 8.771147 1.447768 0.635920 0.000002 -0.000004 0.000000 
5.755705 91.777229 -4.880618 0.950174 -2.828878 8.464810 2.846736 1.072262 -0.168892 -0.578697 7.337150 -5.298850 -0.392661 -0.736370 2.517803 -1.256413 5.885866 -1.502713 0.000002 -0.000001 -0.000000 -1.135600 -7.769881 4.244524 -4.529826 -7.247723 14.430096 -7.617853 -35.248994 -59.701283 -0.000001 -0.000002 0.000001 8.782456 13.951302 -19.703096 -36.605627 52.740228 5.843847 33.226302 -28.747091 -6.491579 0.000000 -0.000001 -0.000005 -21.055390 0.835439 -16.644522 25.066939 -4.009988 6.281110 -2.775317 7.460361 2.047043 -0.000001 0.000001 0.000003 -0.703333 -2.973735 6.539951 -7.583320 1.505270 -16.954191 8.904352 1.363511 0.398708 0.000000 -0.000002 0.000000 
5.749533 91.626053 -4.989600 0.809008 -2.923809 8.383160 3.314649 1.204256 -0.140992 -0.838430 7.366613 -5.407138 -0.496934 -0.872970 2.713382 -1.423733 6.221472 -1.510606 0.000004 -0.000001 -0.000000 -1.084309 -8.219863 4.632338 -4.875477 -8.182890 14.508087 -8.378518 -34.624719 -57.798338 -0.000006 -0.000001 -0.000000 9.010037 14.013147 -19.882088 -36.084996 53.740987 4.341098 33.494913 -30.013890 -7.051849 0.000000 0.000000 0.000005 -20.581325 0.830537 -16.502654 24.893548 -4.149180 6.112678 -2.623488 7.628861 2.290246 -0.000001 0.000001 0.000001 -0.401029 -2.803875 6.520218 -7.914096 1.348208 -16.686839 9.427153 1.168088 -0.189752 0.000002 -0.000006 -0.000000 
5.741857 91.496384 -5.089513 1.515236 -3.075511 8.362111 2.778610 1.118586 -0.294197 -0.583100 7.610865 -5.528118 -0.754119 -0.593559 3.130715 -1.528951 6.190231 -1.549185 0.000002 -0.000002 -0.000002 -1.108860 -8.704432 4.762084 -5.450114 -8.872796 14.889567 -9.222248 -34.307542 -57.377680 -0.000005 -0.000001 0.000001 9.122634 14.244350 -20.055963 -35.255521 54.451655 2.262138 33.912057 -30.830801 -6.994373 -0.000000 -0.000002 0.000004 -21.410606 0.828144 -16.256967 25.078373 -4.214806 5.671746 -2.634642 7.955559 2.466958 -0.000001 -0.000000 0.000001 -0.735598 -2.996618 6.533093 -8.058547 1.346452 -16.757109 9.342459 1.128545 -0.210734 0.000001 -0.000002 0.000003 
5.743182 91.366600 -5.190776 1.835314 -3.589751 8.459505 2.186423 1.011154 -0.476360 -0.148433 8.241003 -5.822426 -1.064458 -0.442771 3.642017 -1.450531 6.344566 -1.734425 0.000004 -0.000002 -0.000001 -1.076532 -7.844890 4.644174 -5.330257 -8.624357 15.180818 -10.750457 -34.860988 -59.250108 0.000003 0.000006 -0.000001 9.261287 14.429210 -20.101756 -34.496840 54.885156 0.699516 33.918255 -31.208254 -7.003614 -0.000001 0.000002 0.000002 -21.687980 0.816693 -16.129773 25.037126 -4.249678 5.180524 -2.517860 8.127947 2.657497 -0.000002 0.000001 -0.000001 -0.756944 -2.929579 6.381099 -7.976872 1.511122 -16.803138 9.392957 1.221176 -0.084880 0.000003 -0.000004 0.000002 
5.739870 91.255562 -5.291574 1.535665 -3.447138 8.442475 2.350240 0.960950 -0.252840 0.172079 8.288733 -5.754133 -1.272926 -0.523758 3.360125 -1.252086 6.160407 -1.638457 0.000002 0.000000 -0.000000 -1.038870 -7.719415 4.477825 -5.384463 -8.665307 15.444256 -11.748790 -34.701609 -59.230608 -0.000000 0.000004 -0.000001 9.190014 14.351430 -20.061259 -34.257504 55.129858 0.089186 33.767147 -31.270378 -6.955855 0.000001 -0.000002 -0.000002 -21.334091 0.818817 -16.193255 25.240291 -4.341541 5.246297 -3.131288 8.478061 2.346980 -0.000001 0.000000 0.000002 -0.620555 -2.880316 6.483118 -8.168791 1.523444 -16.812418 9.764838 1.117282 -0.392744 0.000001 -0.000002 0.000001 
5.736337 91.160904 -5.396635 1.799317 -3.274748 8.457814 2.039302 0.897649 -0.300071 -0.262516 8.069745 -5.696998 -0.757742 -0.453524 3.367824 -1.485455 6.211307 -1.562951 0.000002 -0.000001 -0.000000 -0.975826 -7.745745 4.508423 -5.333649 -8.985294 15.634901 -12.099292 -34.467580 -58.415166 -0.000002 -0.000000 -0.000001 9.248841 14.334265 -19.967522 -34.244741 55.777323 -0.238576 33.842611 -31.733766 -7.239090 0.000001 0.000000 0.000000 -21.627811 0.784304 -16.177848 25.096316 -4.287785 5.310464 -2.659531 8.072093 2.397744 -0.000001 -0.000000 0.000002 -1.198054 -3.120459 6.509951 -8.265537 1.387615 -16.839005 9.793118 1.368662 0.016529 -0.000000 -0.000002 0.000001 
5.734690 91.072556 -5.494744 1.007445 -3.083372 8.424393 2.877429 1.020783 -0.016764 -0.387818 7.827197 -5.546456 -0.630705 -0.734431 2.927084 -1.539624 6.217539 -1.516016 0.000002 -0.000001 -0.000001 -0.962896 -7.756081 4.670954 -5.085443 -8.859915 15.674454 -12.248791 -34.472470 -58.147668 0.000001 0.000003 -0.000000 9.301933 14.307525 -19.961733 -34.637990 56.190689 0.090515 34.016900 -32.046346 -7.378460 0.000002 -0.000001 -0.000003 -20.642792 0.785614 -16.367937 24.874707 -4.292716 5.652047 -2.551512 7.574570 2.183083 -0.000001 -0.000000 0.000001 -0.669443 -2.876994 6.587618 -8.415369 1.282318 -16.803679 10.157519 1.416263 -0.001119 -0.000000 -0.000002 0.000001 
5.735196 90.991035 -5.597154 1.194034 -3.232459 8.380973 2.643044 0.956503 -0.041204 -0.057168 8.048523 -5.582466 -0.971276 -0.347383 3.208446 -1.653387 6.163629 -1.461140 0.000002 0.000000 -0.000000 -0.899151 -8.850042 4.679817 -5.228280 -9.181270 15.495896 -11.890899 -33.966032 -56.610807 0.000000 -0.000002 -0.000003 9.233776 14.149103 -19.955076 -34.261892 56.299911 -0.492316 34.174367 -32.252017 -7.412553 -0.000002 -0.000002 0.000004 -20.912943 0.743624 -16.211780 24.882949 -4.311823 5.380199 -2.700382 7.817938 2.233630 -0.000001 0.000001 0.000001 -0.795126 -2.918609 6.572541 -8.336275 1.339321 -16.714991 10.312097 1.347162 -0.146757 0.000001 -0.000006 -0.000000 
5.740008 90.914459 -5.702960 1.476980 -3.437644 8.395332 2.679741 1.023797 -0.159530 -0.102043 8.081214 -5.636025 -1.091680 -0.145177 3.394855 -1.942308 5.983705 -1.449839 0.000002 -0.000000 0.000000 -0.924472 -8.773854 4.729154 -5.019258 -8.791981 15.481590 -12.207417 -34.122952 -56.875518 -0.000000 0.000002 0.000004 9.122391 13.898439 -20.145887 -34.640964 56.357991 -0.065138 34.142651 -32.243947 -7.487638 -0.000000 0.000003 -0.000003 -21.498012 0.742934 -16.018353 24.970509 -4.278696 5.081885 -2.858342 7.837552 2.192168 -0.000002 0.000002 0.000001 -0.894587 -2.983715 6.510407 -8.377670 1.291493 -16.836674 10.569097 1.596693 0.298676 0.000001 -0.000002 0.000002 
5.742399 90.844025 -5.800962 1.567006 -3.499017 8.307053 2.604312 1.004933 -0.142432 0.049912 8.111018 -5.598455 -1.062046 -0.330287 3.338661 -2.348769 6.199635 -1.583114 0.000000 0.000001 0.000000 -1.015632 -8.357405 4.895917 -5.443517 -9.401805 15.319788 -11.901891 -33.716286 -55.843316 0.000002 -0.000001 -0.000000 9.200956 14.022083 -20.230706 -35.111096 56.438707 0.489558 34.200079 -32.439983 -7.472587 -0.000002 0.000002 0.000000 -21.632018 0.722231 -15.892025 25.171375 -4.314318 4.942301 -2.651197 7.942299 2.347028 -0.000001 0.000000 -0.000000 -0.948748 -3.010418 6.559799 -8.398713 1.290864 -16.760751 10.407155 1.722683 0.557937 0.000002 -0.000002 0.000000 
5.747296 90.773338 -5.901906 1.527444 -3.311512 8.287851 2.566786 0.937235 -0.024323 0.278536 8.127215 -5.543644 -1.252913 -0.220979 3.283307 -2.347675 5.989433 -1.544204 0.000004 -0.000002 -0.000000 -1.044729 -9.081559 4.906706 -5.288781 -9.052465 15.188462 -11.981450 -33.620233 -55.516181 -0.000002 -0.000004 -0.000002 9.113386 13.975491 -20.162391 -34.798625 56.215981 0.178600 34.254481 -32.231871 -7.395346 -0.000000 -0.000001 0.000000 -21.413423 0.761886 -16.072453 25.027888 -4.225900 5.336315 -2.516770 7.723689 2.348662 -0.000000 0.000000 0.000001 -0.692229 -2.909724 6.564840 -8.656448 0.990256 -16.784606 10.336603 1.745051 0.621885 0.000000 -0.000001 0.000001 
5.745893 90.709984 -5.995090 1.453968 -3.448697 8.353202 2.794871 1.065023 -0.177592 -0.124209 7.940271 -5.548321 -1.137863 -0.209825 3.254900 -2.149503 6.196838 -1.653106 0.000006 -0.000002 -0.000000 -0.969562 -8.747085 4.968580 -5.083796 -8.972329 15.377887 -12.231226 -33.736958 -55.423918 -0.000002 -0.000001 -0.000001 9.316664 14.211705 -19.962536 -34.715881 56.255501 0.218595 33.837942 -32.210704 -7.788325 -0.000001 0.000002 0.000000 -21.572560 0.760623 -15.993060 25.142053 -4.177478 5.104481 -2.664684 7.803526 2.380484 -0.000001 0.000000 0.000001 -0.806928 -2.931991 6.434567 -8.280618 1.091843 -16.676887 10.197696 1.713881 0.482878 0.000001 -0.000002 0.000002 
5.740621 90.652283 -6.084731 1.302201 -3.176863 8.380231 3.066489 1.097621 -0.072484 -0.068884 7.962074 -5.556283 -1.255363 -0.223612 3.274134 -2.241552 6.300454 -1.690301 0.000002 0.000001 -0.000000 -0.945493 -8.456607 4.807374 -5.341241 -9.272556 15.502205 -12.162292 -33.830405 -55.868915 -0.000004 0.000001 0.000001 9.211494 14.057451 -19.979391 -34.624626 56.154909 0.096638 33.837853 -31.787595 -7.605641 -0.000002 0.000001 0.000000 -21.369691 0.782298 -16.094919 25.152093 -4.231865 5.314667 -2.595433 7.867462 2.317665 -0.000001 -0.000001 0.000001 -0.783763 -2.909645 6.424525 -8.400049 1.000113 -16.552578 9.777373 1.680204 0.634306 0.000001 -0.000006 0.000002 
5.734238 90.589615 -6.169944 0.869016 -2.845002 8.457055 3.679882 1.201702 0.104058 -0.555788 7.914841 -5.689030 -1.064129 -0.172765 3.333238 -2.612474 6.234477 -1.607539 0.000000 -0.000001 -0.000000 -0.885610 -8.465913 4.532208 -5.344511 -9.159714 15.709801 -12.247393 -34.025294 -56.813097 -0.000002 -0.000001 -0.000000 9.151811 14.017408 -19.965533 -34.069708 55.933929 -0.566068 33.972767 -31.299670 -7.265139 -0.000002 -0.000002 -0.000003 -20.673938 0.833388 -16.471689 25.482550 -4.319860 5.731828 -2.701626 7.457089 1.925077 -0.000001 0.000000 0.000002 -0.553433 -2.812492 6.448522 -8.707789 0.875650 -16.569151 10.650910 1.630411 0.325247 0.000001 -0.000001 -0.000000 
5.724226 90.539444 -6.255848 0.588949 -2.382678 8.629038 3.519826 1.103446 0.232594 0.404071 8.136682 -5.538896 -1.653387 -0.448346 2.994653 -2.573441 6.156508 -1.615954 0.000000 0.000000 -0.000001 -1.007572 -8.206166 4.343081 -5.806194 -9.518938 15.534208 -11.696843 -34.040345 -57.478671 -0.000002 0.000000 0.000002 9.175042 14.404604 -19.798712 -33.393901 55.255701 -1.098133 34.247398 -30.687302 -6.572407 0.000000 0.000002 0.000000 -20.707211 0.875472 -16.799211 25.586129 -4.341943 6.006310 -2.784044 7.367543 1.915858 0.000000 0.000000 0.000001 -1.029216 -3.023310 6.449994 -8.542708 1.028989 -16.557130 9.837869 1.665348 0.752233 0.000000 -0.000004 -0.000000 
5.708984 90.480598 -6.338788 1.167384 -2.536043 8.589970 2.822753 0.963589 0.064605 0.447262 8.378047 -5.680423 -1.724761 -0.335244 3.325175 -2.890786 6.313140 -1.724157 0.000000 0.000000 -0.000000 -0.966576 -8.272963 4.286378 -5.905039 -9.694847 15.581000 -11.472091 -33.858136 -56.906315 0.000000 -0.000004 -0.000000 9.351128 14.766994 -19.409395 -33.330107 55.441892 -1.278725 34.681921 -30.971705 -6.586776 0.000003 -0.000002 0.000000 -21.581552 0.834559 -16.497043 26.295955 -4.409618 5.487085 -2.827939 7.721957 1.987455 -0.000001 0.000001 0.000002 -1.293085 -3.126999 6.422514 -8.605432 0.982741 -16.524060 10.121916 1.744032 0.779925 0.000001 -0.000002 -0.000000 
5.694110 90.434235 -6.422020 1.035122 -2.371781 8.650421 2.926984 0.968540 0.134936 0.651387 8.407189 -5.616980 -1.876639 -0.519820 3.076417 -3.060447 6.349746 -1.720864 -0.000000 0.000001 -0.000001 -0.975859 -7.923994 4.180283 -6.088312 -9.994893 15.655135 -11.371645 -33.812035 -56.976226 -0.000002 -0.000002 -0.000003 9.538981 15.236064 -19.163945 -32.836554 55.362501 -1.860090 34.984369 -31.358891 -6.510296 -0.000004 0.000002 0.000000 -21.510103 0.843596 -16.586045 26.236667 -4.370220 5.558763 -2.720436 7.646754 2.015517 0.000001 0.000000 0.000003 -1.486239 -3.183030 6.370078 -8.567708 0.930124 -16.424399 10.484181 1.839537 0.789820 0.000001 0.000001 -0.000000 
5.680122 90.381538 -6.498679 0.807987 -2.181410 8.869819 3.170882 1.029954 0.187523 0.305149 8.358514 -5.704659 -1.626532 -0.189164 3.199700 -3.474597 6.234004 -1.727290 0.000006 -0.000003 -0.000001 -0.913999 -8.604735 4.017347 -6.307593 -10.253353 15.622376 -11.260598 -33.630984 -56.382962 0.000002 -0.000000 -0.000003 9.387464 15.031795 -19.006480 -32.455638 55.294681 -2.474832 35.348633 -31.167868 -6.319808 0.000000 -0.000002 -0.000002 -21.107603 0.933773 -16.981005 26.097017 -4.313274 5.964983 -3.089279 7.434865 1.667120 -0.000000 -0.000000 0.000001 -1.370259 -3.121383 6.225640 -8.530806 0.901267 -16.456272 10.538958 1.941021 0.981295 0.000003 -0.000007 0.000000 
5.662909 90.333076 -6.563800 0.805423 -1.940112 9.048713 3.027624 0.893545 0.333365 0.702991 8.509862 -5.693634 -1.877908 -0.270865 2.991958 -3.610239 6.242604 -1.789108 0.000002 -0.000000 -0.000000 -0.822208 -8.035781 3.899063 -6.569407 -10.805451 15.681766 -11.405181 -33.749495 -56.264032 0.000000 -0.000003 0.000001 9.416163 14.891351 -19.156459 -32.273689 55.543071 -2.905600 35.705394 -30.952935 -6.253157 0.000001 0.000000 0.000000 -21.337277 1.014084 -17.247640 26.226651 -4.307353 6.137926 -3.344042 7.086392 1.268793 0.000000 0.000000 0.000001 -1.492826 -3.148696 6.084989 -8.304171 1.047586 -16.384490 10.150237 1.778615 0.757185 0.000001 -0.000002 0.000000 
5.645112 90.291168 -6.624794 1.051364 -1.756235 9.095237 2.815478 0.776879 0.403935 0.641190 8.475380 -5.686531 -1.996859 -0.409890 2.988375 -3.356392 6.764794 -1.976747 0.000002 -0.000002 -0.000001 -0.837469 -7.424214 3.919177 -6.822090 -11.252788 15.474046 -11.040624 -33.804785 -56.072035 -0.000002 0.000002 0.000001 9.529250 15.066969 -18.971192 -32.304476 55.807936 -3.127925 36.032984 -31.161130 -6.304201 -0.000001 0.000002 -0.000003 -21.791351 1.024422 -17.308236 26.371917 -4.329508 6.103998 -3.281274 7.181236 1.352666 -0.000001 0.000001 0.000002 -1.963317 -3.386892 6.139745 -8.060500 1.263235 -16.445678 10.248251 1.675826 0.589226 0.000001 -0.000006 -0.000000 
5.634441 90.246597 -6.675866 1.135250 -1.998850 9.270166 2.874062 0.809197 0.363105 0.403276 8.718691 -5.958677 -1.899398 -0.269090 3.367768 -3.372852 6.983519 -2.129204 0.000006 -0.000002 -0.000000 -0.883176 -8.240362 3.832918 -6.372758 -10.314219 15.521579 -11.494320 -33.862992 -56.375664 -0.000000 -0.000001 0.000002 9.609630 15.350208 -19.061422 -32.126006 55.554218 -3.325398 36.626845 -31.503151 -6.103775 -0.000002 0.000000 -0.000002 -22.368680 1.025753 -17.272112 26.964156 -4.303996 5.597356 -3.357199 7.656485 1.653737 -0.000001 0.000000 0.000001 -1.890115 -3.322327 6.036037 -7.572241 1.669273 -16.628592 9.623156 1.660439 0.842330 0.000002 -0.000006 0.000002 
5.624738 90.200928 -6.733809 1.728249 -2.351934 9.353374 2.242982 0.695905 0.188180 0.443125 8.939755 -6.113409 -1.960446 0.212603 3.830555 -3.820384 7.178438 -2.246288 -0.000001 -0.000000 -0.000001 -1.019025 -8.579782 3.808864 -6.506871 -10.038819 15.275016 -10.962708 -33.909447 -57.137305 0.000004 -0.000002 -0.000003 9.322323 15.083831 -19.169606 -32.514754 55.345228 -2.884944 36.952676 -31.065715 -5.407585 0.000001 -0.000004 0.000003 -23.078921 0.986536 -17.096486 27.646301 -4.342359 5.038139 -3.460702 8.371216 2.050864 -0.000001 -0.000001 0.000001 -1.894397 -3.259363 5.906124 -7.685604 1.637746 -16.720085 9.417853 1.537246 0.744568 0.000001 -0.000002 -0.000000 
5.616857 90.158318 -6.788720 1.979861 -2.159411 9.421260 1.659542 0.465068 0.256956 1.297720 9.192942 -6.049900 -2.604579 -0.040786 3.579695 -3.766773 7.349006 -2.291290 0.000002 0.000001 -0.000001 -0.991938 -8.303407 3.671715 -6.987812 -10.749473 15.344054 -10.344271 -33.774493 -56.809467 -0.000001 -0.000001 -0.000000 9.200714 14.997448 -18.881081 -32.349108 55.347304 -3.219484 37.058359 -30.472756 -5.090745 -0.000001 -0.000002 -0.000002 -23.200964 1.038826 -17.300388 27.224523 -4.366253 5.294626 -3.299300 8.206174 2.072385 -0.000001 0.000000 0.000001 -2.034026 -3.319735 5.849547 -7.964698 1.495744 -16.732632 9.729587 1.506830 0.646170 0.000002 -0.000006 0.000001 
5.608683 90.118950 -6.837075 1.942429 -2.071781 9.525128 1.355647 0.334614 0.291057 1.753447 9.391416 -6.045684 -2.925121 -0.107519 3.510543 -3.533176 7.321257 -2.272551 -0.000001 -0.000002 -0.000001 -0.892907 -8.160131 3.650012 -7.167132 -11.189442 15.202285 -10.084850 -33.757247 -56.261392 -0.000000 -0.000001 -0.000002 9.121414 14.691607 -18.851563 -32.494359 55.471211 -2.994618 37.016528 -30.333369 -5.262777 -0.000004 0.000001 0.000000 -22.967409 1.128235 -17.563037 27.056184 -4.260789 5.628481 -3.193541 8.190543 2.096185 -0.000001 0.000001 0.000003 -2.205219 -3.405939 5.816390 -7.675058 1.640346 -16.794785 9.272571 1.585395 0.901894 0.000000 -0.000002 0.000001 
5.599029 90.086189 -6.892783 2.208991 -1.993416 9.496201 1.041396 0.220365 0.285720 1.786174 9.394252 -6.067807 -3.032388 -0.154648 3.573589 -3.819321 7.504156 -2.326658 0.000004 -0.000002 -0.000002 -0.820229 -8.264456 3.748880 -7.140620 -11.231248 15.269626 -10.157524 -33.667806 -56.078793 0.000001 -0.000003 0.000003 9.327781 14.996251 -18.743883 -32.215263 55.307392 -3.201012 37.009455 -30.586147 -5.315708 0.000002 0.000002 0.000000 -23.110498 1.135612 -17.479847 26.472708 -4.297954 5.623947 -3.539435 8.266593 1.827831 0.000000 -0.000001 0.000000 -2.369077 -3.496663 5.830088 -7.885340 1.558688 -16.788844 9.375399 1.587172 0.850026 0.000001 0.000003 -0.000001 
5.592326 90.058006 -6.947798 2.551257 -2.234168 9.358643 0.950095 0.195162 0.310683 1.778824 9.525932 -6.172534 -3.243730 -0.408771 3.649085 -4.065565 7.775113 -2.510754 0.000000 0.000000 -0.000001 -0.913044 -7.929707 3.847953 -7.429578 -11.724226 15.340079 -10.050998 -33.634112 -55.640200 0.000001 0.000001 -0.000000 9.662450 15.584639 -18.773038 -31.676047 55.443658 -4.207637 36.745803 -30.946272 -5.702801 -0.000002 -0.000002 -0.000007 -23.223543 1.094643 -17.221038 26.493904 -4.181959 5.495563 -3.365697 8.149247 1.889774 -0.000001 -0.000002 0.000001 -2.158870 -3.447977 5.912490 -8.228828 1.193959 -16.906759 9.562290 1.750784 1.010204 0.000000 -0.000004 0.000001 
5.591889 90.022400 -7.006151 2.958108 -2.699500 9.215449 0.402346 0.084788 0.217206 1.905433 9.786277 -6.334348 -3.264920 -0.348869 3.947742 -4.030764 7.709911 -2.554342 0.000004 -0.000001 -0.000001 -1.021608 -7.787546 3.891673 -7.331426 -11.368326 15.507591 -10.146649 -33.750646 -56.028725 0.000001 -0.000001 -0.000000 9.575874 15.619063 -18.605405 -31.942534 55.318317 -3.949991 36.842081 -30.934634 -5.626305 0.000003 -0.000001 0.000002 -23.806682 1.049776 -16.807451 26.710630 -4.175381 4.975546 -2.913597 8.483063 2.450769 -0.000001 -0.000001 -0.000000 -2.057486 -3.431705 5.917493 -7.943778 1.390885 -16.870974 9.192158 1.829949 1.341368 0.000001 0.000001 0.000000 
5.593517 89.997322 -7.062488 3.199547 -2.332642 9.329291 -0.186344 -0.117389 0.263347 2.187876 9.663828 -6.148145 -3.303646 -0.472044 3.600572 -3.876265 7.758909 -2.467434 0.000002 -0.000001 -0.000000 -0.984264 -7.571530 3.742205 -7.362674 -11.482596 15.662409 -10.167797 -33.779930 -56.101746 -0.000002 -0.000003 -0.000002 9.471323 15.472696 -18.550167 -31.910111 55.192170 -3.822787 36.557163 -30.429927 -5.564783 -0.000004 0.000003 0.000000 -24.235697 1.095696 -17.067499 27.040949 -4.247715 5.144497 -3.042797 8.378025 2.325145 -0.000001 0.000001 0.000002 -2.655323 -3.658593 5.833691 -7.790153 1.586827 -16.841749 8.928622 1.684215 1.228494 0.000001 -0.000004 0.000000 
5.593888 89.974648 -7.123060 3.440285 -2.526794 9.311271 -0.393012 -0.124412 0.156733 2.483129 9.888312 -6.219631 -3.672508 0.014154 4.039227 -3.556792 7.433096 -2.325060 0.000002 -0.000000 -0.000000 -0.942088 -8.569420 3.605840 -7.076578 -10.877737 15.583130 -10.529130 -33.828049 -56.390957 0.000002 -0.000002 -0.000001 9.179088 15.017127 -18.612125 -31.836123 54.852180 -3.714710 36.815403 -30.098222 -5.210440 0.000000 0.000003 0.000000 -24.318463 1.067561 -16.928048 27.104914 -4.289104 4.945364 -2.980316 8.468983 2.411455 -0.000001 0.000000 -0.000000 -2.736291 -3.674273 5.815299 -7.921760 1.583381 -16.874355 9.150906 1.727399 1.313283 0.000001 -0.000006 -0.000000 
5.591335 89.957123 -7.173616 3.375130 -2.587722 9.322121 -0.052468 -0.040689 0.181170 2.640885 9.982237 -6.233188 -3.833096 -0.461564 3.811815 -3.946622 7.734339 -2.358184 0.000000 0.000000 -0.000000 -0.934077 -8.379781 3.716395 -7.084501 -11.021647 15.735057 -10.664669 -33.759392 -56.209195 -0.000002 -0.000003 -0.000004 9.651862 15.722418 -18.565182 -30.806349 55.077863 -5.372743 36.475266 -30.361372 -5.562684 -0.000000 -0.000001 0.000000 -24.133090 1.045785 -16.924881 26.742250 -4.270951 4.993941 -3.032880 8.574568 2.390460 -0.000002 0.000000 0.000002 -2.693626 -3.628377 5.785017 -7.929473 1.615201 -16.872722 9.727148 1.659194 1.048032 0.000001 -0.000001 0.000001 
5.594292 89.936989 -7.222645 3.100989 -2.311831 9.359253 -0.012976 -0.137842 0.389806 2.989932 10.044156 -6.158102 -4.023077 -0.673851 3.552600 -3.656681 7.845957 -2.313461 0.000000 -0.000001 0.000000 -0.894402 -8.076001 3.719389 -7.117402 -11.110016 15.466651 -10.641319 -33.818739 -56.373923 -0.000002 0.000002 0.000001 9.737551 15.780800 -18.535875 -30.642985 55.079441 -5.503914 36.652325 -30.727027 -5.687372 -0.000002 0.000000 0.000000 -23.883442 1.099516 -17.207460 26.952814 -4.310598 5.366497 -3.179326 8.105330 2.012841 -0.000001 -0.000001 0.000002 -2.476560 -3.542300 5.830710 -8.072197 1.623023 -16.946116 10.124583 1.720252 1.145891 -0.000000 -0.000004 -0.000000 
5.593432 89.919594 -7.280388 2.665497 -2.145022 9.417921 0.588271 -0.001467 0.502197 2.551333 9.757710 -6.069263 -3.956186 -0.685056 3.366238 -3.280778 7.706242 -2.251075 0.000000 0.000000 -0.000000 -0.873686 -8.345891 3.599279 -6.978157 -10.948991 15.365076 -10.408348 -33.814798 -56.217388 -0.000001 -0.000004 -0.000000 9.694535 15.789167 -18.328473 -30.578617 54.770232 -5.233624 36.452757 -30.584556 -5.733912 -0.000001 -0.000002 0.000000 -23.485477 1.089739 -17.366804 27.007459 -4.303728 5.541013 -2.978579 7.688167 1.909395 0.000000 0.000000 -0.000000 -2.361303 -3.478486 5.869985 -8.134996 1.584998 -16.987813 10.174065 1.674341 1.021386 0.000001 -0.000004 -0.000000 
5.583821 89.901253 -7.337051 2.553150 -2.251699 9.470302 0.661341 0.054682 0.461064 2.762258 9.932652 -6.123824 -4.193417 -0.478803 3.516712 -3.053014 7.587362 -2.203937 -0.000001 0.000001 0.000001 -0.813984 -8.377054 3.521263 -7.260755 -11.409332 15.074311 -10.135027 -33.781194 -55.754178 0.000000 -0.000003 -0.000001 9.637994 15.559014 -18.390033 -30.478845 54.695882 -5.304161 36.614752 -30.351305 -5.749082 -0.000002 0.000000 0.000002 -23.287919 1.101122 -17.281278 27.273814 -4.309538 5.306209 -2.831150 7.890345 2.095666 0.000000 0.000001 0.000002 -2.324963 -3.497126 5.857163 -7.933298 1.687110 -16.955396 10.148430 1.605239 0.917552 0.000002 -0.000004 -0.000000 
5.574955 89.878708 -7.391747 2.085988 -1.948249 9.499385 0.884434 0.050741 0.626746 2.541469 9.797513 -6.089702 -3.798660 -0.281849 3.602926 -3.169813 7.703964 -2.265917 0.000002 -0.000002 -0.000000 -0.776987 -8.470231 3.370514 -7.342978 -11.487582 14.823906 -10.061841 -33.721166 -55.724928 -0.000001 0.000002 -0.000001 9.644597 15.575160 -18.449468 -30.118283 54.585239 -5.694289 36.980079 -30.674195 -5.716631 -0.000002 -0.000001 0.000004 -23.163038 1.129780 -17.424439 27.517405 -4.287885 5.574085 -2.937782 7.556745 1.823721 0.000000 -0.000001 0.000002 -2.303778 -3.493656 5.866829 -7.607668 1.772166 -16.815986 9.314323 1.750989 1.460075 0.000001 -0.000002 0.000001 
5.565089 89.864014 -7.443605 1.740704 -1.353530 9.679894 0.737582 -0.093598 0.818955 3.295446 9.940506 -5.973334 -4.259910 -0.569439 3.259767 -2.635814 7.663408 -2.187594 0.000000 -0.000002 -0.000001 -0.732354 -8.566642 3.238968 -7.391059 -11.373328 14.566903 -9.858243 -33.813637 -56.098065 0.000000 -0.000006 -0.000001 9.730393 15.781615 -18.509389 -29.787910 54.081390 -5.868692 37.393407 -30.720094 -5.465984 -0.000002 -0.000001 0.000000 -22.316759 1.240914 -17.989719 27.359318 -4.264021 6.355140 -2.839333 7.199422 1.667251 -0.000001 0.000001 0.000001 -2.696408 -3.662242 5.806634 -7.611109 1.778247 -16.664917 9.322222 1.594556 1.191715 0.000001 -0.000007 -0.000000 
5.551884 89.844666 -7.496182 2.295697 -1.803129 9.620363 0.410730 -0.093711 0.621441 3.017784 10.056906 -6.125650 -4.080392 -0.242018 3.695790 -2.929139 7.641755 -2.204883 0.000004 -0.000002 -0.000002 -0.749976 -8.121465 3.296789 -7.539262 -11.796963 14.447636 -10.026219 -33.611122 -55.457625 0.000001 0.000002 -0.000001 9.678405 15.629360 -18.461767 -30.067975 54.533050 -5.602430 37.274907 -31.103735 -5.744242 -0.000001 0.000000 0.000000 -22.837511 1.156613 -17.598541 26.896727 -4.251162 5.837428 -3.172237 7.462781 1.614128 -0.000001 0.000000 0.000001 -2.753929 -3.587739 5.632444 -7.426357 1.840683 -16.463594 8.651071 1.599750 1.395066 0.000001 -0.000004 0.000000 
5.529796 89.819176 -7.549040 2.276181 -1.763155 9.348801 0.332892 -0.200157 0.766537 3.155041 9.942055 -6.004101 -4.185510 -0.245475 3.717465 -2.879495 7.874394 -2.347810 0.000002 0.000000 -0.000000 -0.845140 -7.954277 3.333058 -7.890721 -12.020801 14.238506 -9.612817 -33.327300 -55.320526 0.000002 0.000001 0.000001 9.604566 15.747734 -18.298152 -30.341295 54.457730 -5.335987 37.433084 -31.083511 -5.296890 0.000001 0.000002 0.000000 -22.952388 1.070893 -17.332727 27.904898 -4.402988 5.808269 -2.909374 7.481665 1.844906 -0.000001 -0.000000 0.000001 -2.416415 -3.540583 5.957007 -7.708491 1.721123 -16.550414 9.174343 1.761681 1.569424 0.000001 -0.000002 -0.000000 
5.500694 89.806702 -7.594655 2.321394 -1.522327 9.390498 0.241769 -0.244251 0.768473 3.227654 9.967093 -5.991161 -4.104137 -0.392268 3.652453 -3.121671 7.779444 -2.270008 0.000002 0.000001 -0.000001 -0.723511 -8.321675 3.343125 -8.047029 -12.468758 14.302311 -9.644818 -33.056166 -54.364501 -0.000002 0.000004 -0.000000 9.603655 15.667950 -18.149585 -29.996002 54.888295 -6.079285 37.539543 -31.300233 -5.375504 -0.000002 0.000000 0.000000 -23.397071 1.081641 -17.297020 28.525510 -4.434040 5.828099 -3.181305 7.333028 1.526754 0.000000 -0.000001 0.000000 -2.609828 -3.627067 5.943434 -7.645905 1.685431 -16.491063 9.542894 1.819246 1.465139 0.000000 -0.000002 -0.000000 
5.463515 89.800880 -7.647219 2.192343 -1.821230 9.230300 0.384782 -0.198629 0.747498 3.228896 10.069660 -6.056928 -4.175997 -0.157750 3.903031 -3.413950 7.504202 -2.166032 0.000004 0.000001 -0.000000 -0.612964 -8.346320 3.241583 -7.750947 -12.220417 14.385709 -9.967790 -32.949994 -53.912749 0.000001 -0.000001 0.000000 9.846319 15.966209 -17.979440 -29.124138 55.003670 -7.266765 37.440351 -31.521682 -5.664161 0.000001 -0.000003 0.000002 -23.087703 1.016598 -16.976193 28.500433 -4.383350 5.849845 -2.928571 7.006346 1.563043 -0.000001 -0.000000 0.000001 -2.304858 -3.460457 5.878522 -7.728866 1.443500 -16.276351 9.220031 1.987356 1.938314 -0.000000 -0.000004 -0.000000 
5.422438 89.807732 -7.707617 2.444550 -1.991197 8.969207 -0.281439 -0.487137 0.870268 3.796743 10.230869 -5.994437 -4.538779 -0.234540 3.738180 -3.337673 7.419484 -2.165333 0.000004 -0.000000 -0.000000 -0.679423 -8.206271 3.383040 -7.441810 -11.786629 14.472237 -9.712761 -33.014570 -54.093459 -0.000001 -0.000002 -0.000001 9.784792 15.925438 -17.851956 -29.602839 55.066734 -6.570170 37.295063 -31.258993 -5.679674 -0.000002 0.000003 -0.000005 -22.730197 0.939926 -16.651974 27.871789 -4.221627 6.329978 -2.669721 5.984770 1.175626 0.000000 -0.000001 0.000002 -2.251995 -3.341696 5.624947 -7.851962 0.967180 -15.795390 9.006602 2.310199 2.688459 0.000000 -0.000006 -0.000001 
5.373731 89.830566 -7.762087 2.695291 -2.490768 8.492812 -0.116490 -0.451555 0.918927 3.668991 10.177124 -6.005604 -4.696129 0.392351 4.225523 -3.535422 7.193016 -2.065511 0.000000 0.000001 -0.000000 -0.659634 -8.630057 3.403350 -6.812265 -10.768528 14.505408 -10.304043 -33.164653 -54.583269 0.000002 -0.000001 -0.000003 9.406602 15.318217 -17.752418 -29.870357 54.916172 -6.076389 36.915263 -30.809365 -5.659428 -0.000001 -0.000001 0.000004 -23.121978 0.762524 -15.810508 28.129314 -4.242776 5.982144 -2.781182 6.266485 1.320800 -0.000001 0.000001 0.000001 -2.190659 -3.331791 5.682989 -7.606827 0.978889 -15.515377 8.717967 2.534411 3.307937 0.000002 -0.000004 0.000000 
5.314974 89.903099 -7.826607 2.352928 -2.699329 8.089806 -0.060226 -0.525402 1.101427 3.823171 10.105948 -5.882744 -4.787803 0.267438 3.948482 -3.517559 7.028222 -1.935448 0.000004 -0.000001 -0.000001 -0.647929 -8.485690 3.374535 -6.526656 -10.286978 14.552568 -9.718515 -32.646918 -53.348606 -0.000001 0.000003 0.000000 9.516998 15.711558 -17.334438 -29.693237 54.082425 -5.628516 36.503482 -30.799085 -5.703053 -0.000001 -0.000001 0.000000 -22.344781 0.602959 -15.328080 27.208718 -4.192261 6.504302 -2.891626 5.544626 0.814259 0.000001 -0.000000 0.000001 -2.408995 -3.386114 5.587197 -7.228567 1.130224 -15.224406 7.080280 2.711271 4.569069 0.000002 -0.000004 0.000001 
5.245996 90.032089 -7.879392 0.169951 -2.101461 7.778185 2.016065 -0.086915 1.686398 2.478998 9.169187 -5.559452 -3.739420 -0.184120 3.199123 -3.075424 6.312191 -1.634732 0.000002 -0.000001 -0.000001 -0.590217 -7.799307 2.939109 -6.279658 -9.608311 14.269677 -8.543215 -31.854127 -51.909332 0.000001 0.000003 0.000001 9.691939 16.420468 -16.517197 -28.599821 52.642320 -5.956133 37.161386 -31.075725 -5.247901 0.000000 -0.000003 -0.000003 -18.975382 0.534950 -15.387960 25.228832 -4.039075 8.060422 -2.836416 3.872767 -0.303813 -0.000003 -0.000000 0.000001 -1.752607 -3.081631 5.631989 -7.216282 1.249901 -15.319897 5.743498 3.076288 6.139824 0.000001 -0.000002 -0.000001 
5.164681 90.203300 -7.921392 -0.257371 -1.774412 7.415023 2.827420 0.139151 1.837020 1.077643 8.458551 -5.516444 -2.602228 -0.010745 3.341962 -3.774813 6.040583 -1.688612 0.000000 0.000000 -0.000001 -0.801834 -7.399883 2.784602 -6.530791 -9.293237 13.583035 -7.131710 -30.886621 -50.071799 -0.000004 -0.000002 -0.000001 9.465355 16.402923 -16.050598 -28.626192 51.600939 -5.352733 37.961426 -31.557878 -4.977307 0.000002 -0.000001 -0.000003 -17.663663 0.500092 -14.942835 23.646217 -3.865797 8.771661 -3.040421 2.699356 -1.135407 -0.000001 0.000001 0.000003 -1.940911 -3.138218 5.475699 -7.090123 1.309404 -15.189217 4.845379 2.994102 6.538412 0.000001 -0.000002 -0.000000 
5.056345 90.496758 -7.945713 -0.887539 -0.691795 6.791466 3.591465 0.226648 2.202189 1.966354 7.950391 -4.847401 -3.050822 -0.656078 2.645585 -4.786790 5.220699 -1.596962 0.000000 -0.000001 -0.000001 -0.772954 -7.924975 2.336845 -6.154292 -8.130679 12.475919 -5.741737 -29.146015 -46.707631 -0.000002 0.000002 -0.000001 8.682672 15.592489 -14.669622 -28.223650 50.787883 -5.432559 40.016490 -32.242120 -4.246665 -0.000001 0.000001 0.000000 -16.094735 0.389799 -14.139371 20.971469 -3.549451 9.676529 -2.509479 0.742074 -1.828526 -0.000003 0.000001 0.000001 -2.457657 -3.278536 5.151092 -6.930503 1.130886 -15.015008 4.992153 2.965598 6.254044 0.000001 -0.000006 0.000001 
4.921464 90.916702 -7.956173 -0.898245 -0.567158 5.794668 4.127946 0.528977 1.911462 1.517623 7.282402 -4.449955 -2.935431 -0.687412 3.070508 -5.149906 4.572167 -1.433280 0.000002 -0.000001 -0.000000 -0.448450 -7.235035 1.966902 -5.302416 -7.319498 10.775832 -3.833406 -27.310283 -42.145136 0.000000 0.000002 -0.000001 8.680190 15.645351 -12.925536 -26.140184 49.846734 -7.451336 42.070219 -33.917640 -4.264795 -0.000004 -0.000003 0.000000 -15.294441 0.167514 -12.069381 18.240059 -3.120837 8.993541 -2.418624 -0.018176 -2.164613 0.000000 -0.000000 0.000002 -3.258053 -3.346675 4.317321 -5.935329 1.068051 -13.990659 4.540469 2.798893 5.693892 -0.000001 -0.000006 -0.000000 
4.787070 91.373123 -7.952260 -2.214357 -0.294438 4.913864 5.318415 0.698390 2.321726 0.910550 6.459143 -4.029641 -2.164841 -1.493731 2.330162 -5.934010 4.410270 -1.357476 0.000002 -0.000001 -0.000000 -0.134295 -5.723585 1.975948 -3.922204 -6.005031 9.564489 -3.121342 -26.105671 -38.818755 -0.000000 -0.000002 0.000001 8.842585 15.767804 -11.498304 -25.247343 49.129687 -7.464421 42.225510 -34.862023 -4.968523 -0.000001 -0.000002 0.000000 -13.109285 0.094678 -10.553770 16.290940 -2.861329 8.771818 -3.037372 -0.965918 -3.087025 -0.000001 0.000001 0.000001 -3.126312 -3.019023 3.466542 -4.582092 1.203201 -12.390311 3.214403 2.254737 4.834459 0.000000 -0.000001 -0.000000 
4.625850 91.943977 -7.948839 -1.562945 0.459949 4.023255 3.653291 0.134513 2.140893 0.679527 5.590135 -3.482427 -1.431505 -0.231111 2.437689 -7.196247 2.956527 -0.783821 -0.000001 -0.000002 -0.000001 0.677573 -5.497848 1.391163 -2.519183 -5.190896 7.502308 -1.149833 -24.073767 -33.791825 -0.000004 0.000005 0.000003 7.567196 13.245404 -8.946241 -24.081338 45.615483 -4.871043 41.473250 -32.525381 -5.085124 0.000004 -0.000002 0.000002 -12.450234 -0.114091 -8.655178 13.486594 -2.603032 7.821525 -3.296425 -1.090217 -3.308428 0.000000 0.000000 0.000002 -5.638036 -3.125949 1.208948 -2.171478 1.507783 -9.044782 1.334958 1.939914 4.559769 0.000002 -0.000002 -0.000002 
4.433761 92.597336 -7.929407 -1.586468 2.191110 3.897186 2.693851 0.197073 1.155065 0.011074 3.930352 -2.492923 -0.660110 0.080670 1.972008 -7.089226 1.236464 -0.430120 0.000006 -0.000000 0.000001 1.076209 -3.881351 0.992013 -0.791078 -4.068047 4.780421 1.289892 -22.169006 -29.521597 0.000001 -0.000001 -0.000000 5.900049 10.265973 -5.614145 -21.388119 39.725975 -2.188699 39.765013 -30.126592 -5.372287 -0.000000 -0.000001 0.000004 -9.058685 -0.204124 -7.952009 9.516789 -2.045800 7.910736 -3.359573 -3.282423 -4.381939 -0.000001 -0.000001 0.000002 -7.503973 -2.105426 -2.681076 0.106259 0.833275 -4.309517 -1.390516 1.687284 4.566525 0.000001 -0.000007 -0.000001 
4.277946 93.248657 -7.911570 -1.388152 2.160143 2.805079 2.088865 0.064806 0.889699 0.900983 3.448667 -1.732295 -1.956459 0.717129 2.328960 -7.032811 0.595818 -0.327994 0.000002 -0.000001 -0.000001 1.685634 -3.069490 0.826672 0.839815 -3.656434 1.949296 2.827679 -20.428582 -24.732822 -0.000005 0.000001 -0.000000 5.085808 7.791126 -3.373284 -18.444147 34.907673 -0.089976 38.854583 -28.320353 -6.392261 0.000001 0.000002 0.000000 -7.020086 -0.254053 -6.477324 6.998958 -1.655229 7.542669 -3.598055 -3.128957 -4.268680 -0.000001 -0.000001 -0.000000 -8.384750 -1.031784 -5.762639 1.943869 0.125168 0.330421 -1.885935 1.238673 2.561853 0.000002 -0.000002 0.000000 
4.147048 93.947174 -7.889869 -1.899202 3.322474 0.681501 1.607871 -0.674194 1.883539 1.048582 2.183200 -0.644876 -2.294233 1.039423 2.410357 -6.790901 0.194354 -0.246181 0.000000 0.000000 -0.000001 1.917345 -0.821652 0.778835 3.167111 -2.382789 -1.871583 4.851240 -18.360025 -20.336598 0.000000 -0.000000 -0.000001 3.887111 4.415346 -0.508402 -12.366638 26.102625 0.954712 35.301966 -24.041506 -7.316987 0.000002 0.000001 0.000002 -3.570822 -0.310151 -4.164430 4.211587 -1.301509 7.923069 -4.528811 -4.089848 -5.227977 -0.000001 0.000000 -0.000001 -8.487501 0.744258 -9.632656 4.128752 -1.186939 7.348045 -2.828382 -0.084343 -2.087676 0.000003 -0.000011 -0.000001 
4.019000 94.685539 -7.841405 -2.648046 5.954271 -1.117758 1.246387 -1.643134 3.414188 1.249802 1.065610 0.403655 -1.956100 0.604473 1.788404 -8.446916 -0.416795 -0.252883 0.000000 -0.000000 -0.000000 2.135739 1.988887 0.632928 4.058698 -2.701699 -6.140766 8.079733 -15.488765 -16.416662 -0.000000 -0.000001 -0.000001 2.852665 0.697228 2.336374 -7.146793 19.495336 0.703333 34.642849 -23.250418 -8.343535 0.000000 0.000001 0.000004 -1.345608 -0.345491 -2.196783 2.710459 -0.788712 9.145601 -5.447784 -6.312265 -7.003730 -0.000001 -0.000000 -0.000000 -8.977558 2.870524 -14.616776 6.596416 -2.788131 16.156321 -3.794352 -2.156190 -9.262505 0.000000 -0.000002 0.000002 
3.910542 95.383507 -7.776025 -3.051419 8.848819 -2.245010 0.796673 -2.565163 4.885992 0.887752 -0.088412 0.907695 -1.653507 0.785144 1.369993 -8.670767 -1.265888 -0.078313 0.000002 -0.000002 -0.000001 1.925209 1.072016 0.199123 5.004895 -1.141056 -9.467075 10.705454 -12.584971 -14.351693 -0.000005 0.000001 0.000003 1.937295 -1.725958 4.182578 -3.956597 13.880897 0.089096 36.868139 -23.879441 -8.285813 0.000002 0.000003 -0.000002 0.162428 0.026750 -1.022719 0.749817 -0.397958 10.473091 -5.185994 -9.422203 -8.426312 -0.000001 0.000000 0.000002 -9.716161 4.244563 -18.837228 9.314407 -3.061983 23.907219 -5.594213 -4.061648 -15.403026 0.000002 -0.000007 0.000002 
3.803959 96.092400 -7.683450 -4.875602 12.974583 -3.017419 1.752653 -3.162096 6.812669 -1.413701 -1.949313 1.055489 0.000157 -0.013708 0.526919 -8.521022 -2.110999 0.150495 0.000002 -0.000002 -0.000000 1.970097 1.574939 -0.460370 5.281407 -0.264960 -12.686772 15.088094 -8.896242 -13.058834 -0.000003 -0.000000 -0.000001 0.917914 -4.391967 6.368116 -0.729751 8.188782 -1.624676 40.156352 -25.437054 -7.513684 0.000002 -0.000003 0.000003 3.400380 0.845543 0.237265 -2.532145 -0.080535 11.899280 -4.562242 -13.850313 -10.061603 -0.000001 -0.000000 0.000001 -9.387718 5.711414 -23.399470 12.802933 -1.632794 31.320454 -9.997104 -5.415862 -20.978047 0.000001 -0.000005 0.000003 
3.704074 96.779602 -7.628343 -6.657256 16.036780 -4.273506 1.145150 -4.067839 8.086844 -3.029154 -3.297528 1.167736 1.790660 -0.593869 0.293901 -7.874279 -2.655855 -0.075007 0.000002 -0.000001 -0.000000 1.499001 2.870038 -0.738612 6.442039 1.286125 -15.470203 20.338454 -4.423206 -12.711784 0.000004 0.000000 0.000002 -0.342041 -6.976844 8.214455 2.358221 2.457582 -3.340025 44.304131 -26.923856 -5.451609 0.000002 0.000000 0.000000 7.847134 1.592832 3.075475 -7.035381 0.513961 11.309110 -3.414926 -17.548064 -10.780584 -0.000002 -0.000000 -0.000000 -10.685313 7.469590 -28.387955 17.094920 3.044802 37.433347 -12.924488 -6.560170 -27.378168 0.000001 -0.000007 0.000002 
3.598414 97.421486 -7.593146 -8.705880 18.310287 -5.284979 1.175636 -4.605097 9.115927 -3.968728 -4.201235 1.361360 2.730427 -0.962068 0.129760 -7.084720 -3.041512 0.023537 0.000000 0.000001 0.000000 1.437160 4.430802 -0.751301 8.034422 2.659336 -16.948838 24.520365 -1.226423 -12.854137 -0.000001 0.000000 -0.000000 -1.020320 -9.382604 9.593280 5.387625 -2.642860 -4.936882 46.380891 -27.327375 -4.078675 0.000003 -0.000001 0.000005 11.791417 2.371000 5.813359 -10.122429 0.779254 10.608785 -1.949569 -20.155822 -10.655679 -0.000000 0.000000 -0.000000 -11.414019 8.628150 -31.122119 19.298851 5.935104 41.577103 -12.859205 -7.431339 -31.651807 0.000002 -0.000007 0.000001 
3.462445 98.053467 -7.552246 -10.922833 21.514836 -6.162182 0.014501 -5.243342 9.449244 -1.813962 -5.222966 2.930367 1.787051 -1.604584 -0.675146 -6.415575 -4.341716 -0.050450 0.000000 0.000002 0.000000 1.285349 5.294469 -1.411351 9.214671 4.853821 -18.176037 29.445130 3.361094 -13.727974 0.000002 0.000000 -0.000000 -2.333392 -12.616989 10.688669 8.081341 -9.089265 -7.208904 49.537477 -27.110310 -1.257894 0.000003 -0.000002 0.000002 14.308148 3.091940 8.869850 -11.312053 0.968338 9.439122 -2.646488 -19.758154 -11.214903 0.000000 -0.000000 -0.000000 -12.723632 9.314559 -32.925367 22.514305 11.809334 45.289639 -14.900836 -7.216103 -32.809838 0.000003 -0.000007 0.000005 
3.301354 98.658653 -7.484706 -12.290107 24.268378 -6.913788 -1.127526 -5.613486 9.220504 -0.367482 -6.035486 4.237700 1.382210 -2.001083 -0.874751 -6.222503 -5.006534 0.234420 0.000004 0.000000 -0.000000 1.098588 5.031741 -1.348705 10.633482 5.555348 -20.528105 33.307342 7.993055 -13.166747 -0.000001 0.000001 0.000000 -2.929811 -15.164936 11.590366 10.601359 -13.594497 -8.908414 51.036789 -27.810937 -0.591063 0.000001 -0.000001 0.000000 16.943112 3.903825 11.835137 -13.208319 1.295252 8.698738 -3.533166 -21.438907 -12.938297 -0.000001 0.000000 0.000001 -12.883702 9.446633 -32.605909 22.157299 12.756918 40.743236 -18.498148 -7.903843 -38.906964 -0.000003 0.000003 0.000002 
3.144550 99.218002 -7.409639 -13.475861 26.823632 -7.228617 -1.632753 -5.912808 9.300061 -0.415818 -6.935449 4.950874 2.132709 -2.967743 -1.418333 -6.242532 -5.187595 0.632496 0.000002 0.000002 0.000001 1.089373 6.502718 -1.159054 10.971636 5.091647 -22.004851 35.822426 11.016300 -12.907127 -0.000001 0.000002 -0.000000 -3.066339 -16.864497 12.498655 12.438203 -16.421460 -10.262876 51.956945 -28.477072 -0.086981 0.000003 -0.000003 0.000000 19.502077 4.658178 14.151330 -15.081123 1.513265 8.225295 -4.068071 -22.603481 -13.971003 -0.000001 0.000000 -0.000000 -13.189856 9.537964 -32.208543 21.465271 12.836292 36.885334 -22.071348 -7.896615 -42.251113 -0.000004 -0.000002 0.000002 
2.961130 99.781433 -7.310968 -13.886778 29.440222 -7.587149 -3.052788 -6.194871 8.579237 0.578141 -7.776047 6.015965 1.651157 -3.434739 -1.806632 -5.873929 -5.847278 1.274284 0.000004 -0.000000 -0.000000 1.372154 5.310694 -1.477466 11.197573 4.975016 -24.016400 37.445563 14.357604 -12.138502 -0.000001 0.000002 0.000001 -3.319585 -18.702284 13.087805 14.193607 -20.071798 -11.530846 53.871526 -29.139691 1.044449 0.000005 -0.000001 0.000005 21.836352 5.699929 16.693525 -18.188963 1.995008 7.175030 -3.589372 -23.803240 -14.042744 -0.000001 0.000000 0.000002 -14.459994 8.929642 -30.821536 20.316075 12.582603 30.797125 -27.784426 -6.762210 -42.184625 0.000000 -0.000011 0.000002 
2.758176 100.335243 -7.193241 -13.822403 31.646906 -8.066926 -3.970532 -6.247390 7.939014 0.129244 -8.703499 6.327128 2.281758 -4.032671 -1.716219 -5.873377 -6.326841 1.384570 0.000004 0.000001 0.000001 1.184528 5.550584 -1.375123 11.621248 5.153143 -25.423897 38.774574 15.907842 -12.021013 0.000002 0.000003 -0.000003 -3.471927 -19.788701 13.972071 15.034809 -22.314911 -12.443392 54.401350 -29.206818 0.994316 0.000002 -0.000003 0.000002 22.666586 6.426999 18.661550 -20.212336 2.529772 6.982553 -2.912374 -25.810897 -14.294934 0.000000 -0.000001 0.000001 -15.953720 8.045516 -29.338992 19.420255 12.237618 24.685825 -32.753127 -5.526523 -39.324370 0.000001 -0.000007 -0.000000 
2.566905 100.852242 -7.079024 -14.757319 33.222720 -8.178502 -4.160644 -6.200987 7.716836 0.187877 -9.178038 6.708545 2.420338 -4.384668 -1.851370 -5.448266 -6.916099 1.626160 0.000000 -0.000000 -0.000000 1.221655 6.635076 -1.288337 11.678397 4.428935 -26.121852 40.115839 16.416976 -11.899172 -0.000005 -0.000002 0.000000 -3.549270 -20.992294 14.243319 16.200862 -23.463482 -12.798419 54.486540 -29.155813 0.588297 -0.000002 -0.000002 0.000000 24.178088 7.166676 20.436618 -21.933011 3.072950 6.557067 -2.462309 -27.139074 -14.379804 -0.000001 -0.000000 -0.000000 -16.173505 7.515705 -27.928891 18.634378 11.886574 20.324587 -34.986155 -4.981914 -35.976672 0.000003 -0.000002 -0.000001 
2.363519 101.344315 -6.972722 -15.238664 35.065611 -8.120986 -4.797550 -6.089636 7.067793 0.113421 -9.903459 7.125040 2.891304 -4.720442 -1.958511 -5.766066 -7.556027 1.800145 0.000004 -0.000002 -0.000001 0.888779 7.115169 -0.841787 12.298800 4.752627 -26.575183 41.318782 15.942449 -13.510166 -0.000002 -0.000005 0.000002 -3.920441 -22.201883 14.302804 17.148819 -24.892935 -13.051515 55.209205 -28.642467 1.372563 0.000000 -0.000002 0.000007 25.153451 7.756651 22.276949 -23.358561 3.618275 5.751241 -1.964930 -28.123545 -14.263604 -0.000001 0.000000 -0.000000 -16.020258 6.888409 -26.283082 17.053577 10.751467 16.158677 -35.892979 -4.725133 -31.849018 0.000001 -0.000004 0.000000 
2.151652 101.808311 -6.856133 -15.108076 35.830664 -8.332745 -5.469496 -5.982075 6.411063 -0.148372 -10.199039 7.191399 3.338339 -4.937953 -1.849086 -5.250741 -7.913303 2.238581 0.000002 -0.000000 0.000001 0.704871 7.444258 -0.632396 13.015085 4.889040 -26.721257 42.410403 15.531065 -14.257800 -0.000001 -0.000004 0.000002 -3.986944 -22.680406 14.421331 18.165728 -25.810400 -12.437541 55.726752 -28.444021 1.378042 -0.000000 -0.000002 0.000004 25.158691 7.902875 23.286053 -23.739467 3.770025 5.460927 -1.946974 -28.398106 -14.381902 -0.000001 -0.000001 0.000000 -15.999672 6.221561 -24.684715 15.302185 9.648334 12.794233 -36.070810 -4.855710 -31.335050 0.000001 -0.000004 0.000002 
1.951956 102.231575 -6.737092 -15.227389 36.284758 -8.361376 -5.774487 -5.889431 6.021737 0.076602 -10.362903 7.423943 3.270486 -4.934464 -1.902705 -5.520538 -8.141889 2.401616 0.000004 -0.000001 -0.000000 0.710508 7.841867 -0.482772 13.002184 4.464654 -27.122012 43.425994 15.773678 -14.344000 0.000003 0.000001 0.000001 -4.096479 -23.642293 14.294878 19.030971 -26.395850 -12.112502 56.689436 -28.466021 1.318983 -0.000000 0.000000 0.000000 25.059862 7.968876 23.823155 -23.816798 4.036635 5.178503 -1.975439 -28.274241 -14.266205 -0.000001 -0.000001 0.000000 -15.445916 5.723654 -23.380352 13.742867 8.431524 10.123577 -35.947545 -4.819402 -31.875714 0.000003 -0.000004 0.000002 
1.732435 102.620094 -6.604012 -15.147577 36.411014 -8.653127 -6.084136 -5.784046 5.622152 -0.090925 -10.103888 7.164173 3.293901 -5.018549 -1.400113 -4.907925 -8.247933 2.625652 0.000002 -0.000001 -0.000001 0.518860 8.278370 0.125081 13.937785 4.480703 -27.697030 43.716667 15.083254 -13.836561 -0.000004 -0.000002 -0.000004 -3.672054 -23.258594 14.931494 19.252329 -25.063934 -10.750381 56.902350 -28.975903 0.268537 0.000002 -0.000003 0.000005 23.417922 7.390194 23.548346 -22.307371 3.665216 5.769380 -2.333805 -27.715958 -14.359496 -0.000001 -0.000000 0.000001 -14.221681 5.037665 -21.372000 11.565537 6.702694 7.351362 -35.521113 -4.822925 -33.996478 0.000002 -0.000006 -0.000001 
1.501294 102.981644 -6.476027 -14.499489 36.209579 -9.149894 -6.639763 -5.693000 5.058879 0.452386 -9.789234 7.344181 2.908018 -3.851060 -0.492455 -5.114397 -8.675582 3.006579 0.000002 -0.000001 -0.000001 1.140191 6.200935 -0.258097 14.757957 3.977397 -28.510009 43.001140 15.027468 -12.069697 0.000003 0.000002 -0.000001 -3.522376 -24.383821 14.983256 20.019146 -23.995506 -9.513167 57.621375 -29.745511 -0.495477 -0.000002 0.000001 -0.000002 21.730769 6.735878 23.421489 -21.173460 3.444045 6.078153 -1.602617 -27.741913 -13.617001 -0.000001 -0.000000 0.000001 -13.164026 4.436432 -19.453501 9.539104 5.191447 4.754357 -34.866367 -4.896415 -35.110943 -0.000000 -0.000004 0.000002 
1.281715 103.305244 -6.348624 -14.486095 36.396729 -9.371046 -7.150236 -5.683836 4.669927 0.562730 -9.794869 7.448683 3.002620 -3.504353 -0.187581 -4.947798 -8.815174 3.235388 0.000002 0.000001 0.000001 1.396230 5.693790 -0.114038 15.493120 3.907953 -28.995990 42.853426 15.125637 -11.133734 -0.000004 0.000003 0.000000 -3.309179 -24.672566 14.911415 20.519387 -23.364098 -8.325197 57.993688 -29.908247 -0.897092 -0.000002 0.000000 -0.000005 21.605719 6.834911 24.068844 -21.561241 3.705273 5.762590 -0.995326 -28.521328 -13.345470 0.000000 -0.000001 0.000001 -11.233065 3.980072 -17.464428 7.392239 3.656527 2.174748 -34.361794 -4.934606 -35.201873 0.000000 -0.000004 0.000000 
1.062160 103.582542 -6.225202 -14.305611 36.357090 -9.328347 -7.481330 -5.621518 4.348327 0.012131 -9.496150 6.962049 3.507938 -4.301736 -0.006013 -4.418450 -8.385162 3.285697 0.000000 -0.000001 -0.000001 1.050968 8.329831 0.605517 16.257215 4.384185 -28.832838 44.133506 15.663442 -11.278398 -0.000005 -0.000003 0.000000 -3.010464 -24.248831 15.143066 20.858928 -23.203281 -7.013641 59.050776 -29.889263 -0.879942 -0.000000 0.000000 0.000000 21.672989 7.032484 24.366816 -22.022545 3.951367 5.478750 -0.779452 -29.272169 -13.520120 -0.000000 0.000000 -0.000000 -9.951937 3.706895 -16.231579 5.816544 2.842478 0.214041 -34.177727 -5.036762 -35.168965 0.000002 -0.000006 -0.000000 
0.856564 103.820541 -6.105855 -13.736340 36.649784 -9.155332 -8.851846 -5.688396 3.517826 -0.175121 -9.488825 6.853507 4.145973 -4.781756 -0.032923 -3.353967 -8.236124 3.327938 0.000002 -0.000000 -0.000000 0.907851 9.715633 1.309142 17.346384 4.976734 -28.836447 45.513891 16.356619 -10.914399 0.000002 0.000000 0.000002 -2.847008 -24.423732 14.958603 21.464020 -23.314311 -5.683588 59.293972 -29.190637 -1.287207 -0.000000 0.000001 -0.000003 22.094984 7.367999 24.873964 -23.154017 4.600374 4.811650 -0.247737 -30.468528 -13.461750 0.000000 -0.000001 -0.000000 -8.464939 3.544341 -15.125500 4.171267 1.596676 -1.911381 -33.853679 -4.876247 -34.843920 0.000003 -0.000007 0.000001 
0.665536 104.028145 -5.997695 -13.858925 36.485573 -9.210735 -8.947361 -5.783911 3.567362 -1.308277 -9.340203 6.226682 4.937544 -4.885905 0.209132 -2.610096 -8.166553 3.618964 0.000004 -0.000000 -0.000000 1.042831 9.505695 1.510741 18.744957 5.681203 -28.599739 45.559049 16.329027 -10.215029 -0.000005 0.000001 0.000001 -2.786449 -24.784970 14.563773 22.076093 -23.397776 -4.717607 59.887481 -28.660044 -1.422922 0.000001 0.000001 -0.000002 22.977935 7.914091 25.673911 -24.215339 5.206587 4.077048 0.425995 -31.095539 -13.033706 -0.000001 -0.000001 0.000001 -7.161008 3.396233 -14.022409 2.827544 0.855746 -3.707401 -33.644241 -4.927225 -34.390132 -0.000001 -0.000001 -0.000001 
0.488204 104.196022 -5.896996 -14.487880 36.090863 -9.113276 -8.764453 -5.806457 3.730619 -1.874100 -9.115167 5.821253 5.233275 -4.856105 0.399735 -1.303243 -8.117198 3.822062 0.000002 -0.000001 -0.000000 1.208712 10.028080 1.159289 19.279911 6.163894 -28.208198 45.423879 16.476651 -9.651009 -0.000002 0.000001 0.000001 -2.674854 -24.685468 14.794256 22.456829 -24.002762 -4.218796 60.442454 -27.998878 -1.232463 0.000001 0.000000 0.000004 23.946558 8.490678 26.316374 -25.229723 5.899216 3.234983 1.523478 -31.472549 -12.096381 -0.000001 0.000000 -0.000001 -5.643647 3.323531 -12.896763 1.732675 0.353838 -5.344433 -34.150014 -4.814237 -34.109138 0.000001 -0.000007 0.000002 
0.325034 104.326492 -5.799506 -14.264800 36.193603 -8.745997 -9.825620 -5.847389 3.080965 -0.847185 -9.157673 6.406561 4.661920 -4.515421 0.027901 -0.554449 -8.212929 4.073449 0.000002 0.000000 -0.000000 1.669862 9.799288 0.801597 19.182986 5.391389 -28.256096 44.914720 15.775140 -8.650605 -0.000003 -0.000003 0.000001 -2.537786 -25.402968 14.700546 22.675907 -23.115976 -3.754670 60.788977 -27.221924 -1.717502 -0.000000 -0.000002 0.000005 24.329803 8.669189 26.414420 -26.506711 6.735782 2.266424 2.361746 -32.168661 -11.523272 -0.000001 0.000000 0.000001 -4.696363 3.432763 -12.403046 0.395026 -0.415618 -6.819069 -33.530925 -4.904198 -34.305213 0.000002 -0.000004 0.000000 
0.178608 104.439247 -5.700049 -14.329344 36.314613 -8.402762 -9.715680 -5.858080 3.165026 -2.238742 -9.033596 5.680155 5.852062 -4.676180 0.350817 -0.056901 -8.044442 4.258276 0.000004 -0.000000 -0.000000 1.881982 10.040116 0.683310 19.363487 4.990612 -28.146262 44.595077 15.360896 -8.007227 -0.000001 -0.000002 0.000002 -2.367714 -25.675400 14.741807 22.946932 -22.628372 -3.434003 61.368915 -26.945293 -2.007706 0.000001 -0.000001 0.000002 24.791181 8.801830 26.436908 -27.176146 7.097919 1.953038 2.991463 -32.751276 -11.157917 -0.000001 0.000001 0.000001 -3.941860 3.576582 -12.011588 -0.614739 -0.786145 -7.786463 -33.115520 -5.106115 -34.457365 0.000001 -0.000004 0.000002 
0.040221 104.529762 -5.611644 -13.998736 36.325255 -8.174408 -9.511165 -5.916289 3.399950 -2.874060 -8.716003 5.191599 6.360264 -4.669579 0.735263 -0.114365 -7.936670 4.285893 0.000004 -0.000001 -0.000001 1.995164 10.299358 0.486419 19.340574 4.804022 -27.640099 44.589203 14.786588 -7.903066 -0.000003 -0.000000 0.000003 -2.135629 -25.546992 15.198913 22.521727 -21.535815 -3.444802 62.007715 -26.795539 -2.147218 0.000001 -0.000000 -0.000002 24.825021 8.834428 26.412857 -27.574107 7.417375 1.529253 3.292463 -33.156214 -11.003982 -0.000001 -0.000001 0.000001 -3.332541 3.635044 -11.703514 -1.566378 -1.225159 -8.766157 -32.665988 -5.193053 -34.380512 0.000003 -0.000006 -0.000000 
-0.083525 104.620018 -5.541142 -14.209979 36.333738 -7.951084 -9.773954 -5.924015 3.266638 -1.341950 -8.805655 6.034622 5.329110 -4.465021 0.254730 -0.158513 -7.921626 4.345254 0.000002 -0.000000 -0.000000 2.090084 10.088273 0.358347 19.231234 4.696685 -27.303239 44.707355 14.496397 -8.039988 -0.000002 -0.000003 0.000002 -1.972390 -25.584924 15.666200 22.039540 -20.645790 -3.733568 62.917442 -26.424137 -1.728583 -0.000001 -0.000001 -0.000003 24.762057 8.739849 26.244531 -27.406568 7.322398 1.644638 3.268761 -33.544630 -11.147728 -0.000001 0.000001 0.000002 -2.760953 3.748338 -11.417309 -2.254544 -1.484689 -9.398631 -32.363933 -5.271671 -34.661048 0.000002 -0.000002 -0.000000 
-0.196275 104.696602 -5.468076 -14.140295 36.438738 -7.665656 -10.238822 -5.854531 2.876563 0.296297 -8.880449 6.907419 4.160845 -4.177444 -0.170925 0.178697 -7.994307 4.393522 0.000006 -0.000001 -0.000000 2.222439 9.766254 0.072856 19.013141 4.512775 -27.068967 44.918439 14.343375 -8.135281 0.000003 -0.000001 -0.000000 -1.856081 -25.444347 15.945340 21.918980 -20.381899 -3.954105 62.854495 -25.706349 -1.797632 0.000003 -0.000001 0.000002 24.511307 8.558364 25.866256 -27.289824 7.398292 1.726193 2.911011 -33.634218 -11.488111 -0.000001 -0.000001 0.000000 -2.688953 3.800520 -11.515843 -2.395063 -1.597804 -9.766353 -32.562128 -5.210045 -34.866169 0.000000 -0.000006 0.000003 
-0.295489 104.760544 -5.394246 -13.742981 36.071288 -7.520229 -10.058318 -5.798032 2.862455 -0.925412 -8.683912 6.169376 5.173876 -4.329332 0.283453 0.111037 -7.735074 4.256827 0.000002 0.000000 -0.000000 2.297337 10.068235 0.287015 18.975900 4.192208 -26.875500 45.058611 13.840281 -8.104059 0.000004 -0.000003 -0.000001 -1.617507 -25.020506 15.872458 22.046471 -19.961175 -3.847487 62.812182 -24.607906 -1.939981 0.000000 -0.000001 0.000002 24.639532 8.577981 25.603895 -27.811868 7.561320 1.480593 3.240246 -33.789653 -11.296142 -0.000001 -0.000001 0.000001 -2.595049 3.884005 -11.734091 -2.809929 -1.769474 -10.248782 -32.528059 -5.200086 -34.673069 0.000003 -0.000002 0.000002 
-0.384489 104.821373 -5.324190 -13.888665 35.955338 -7.428472 -9.656101 -5.777951 3.091206 -1.701563 -8.615467 5.743424 5.640005 -4.326336 0.507463 0.290740 -7.796165 4.363188 0.000002 -0.000000 -0.000000 2.305604 10.343034 0.152037 18.701524 4.052370 -26.648079 45.627928 13.966961 -8.542020 -0.000001 -0.000001 -0.000000 -1.672917 -24.982749 15.824495 22.034428 -20.101703 -4.155051 62.622624 -23.463954 -1.769772 -0.000002 -0.000002 0.000004 24.918784 8.670182 25.618617 -28.060026 7.615510 1.366785 3.396981 -33.684615 -11.121712 -0.000001 -0.000000 0.000001 -2.052418 3.948985 -11.491311 -3.286392 -1.891696 -10.660321 -32.407472 -5.279398 -34.357931 -0.000000 -0.000003 -0.000002 
-0.466163 104.870964 -5.251469 -13.545815 35.930459 -7.369980 -9.618344 -5.697199 2.985188 -2.461492 -8.602420 5.359000 6.277315 -4.224963 0.854828 0.157928 -8.009887 4.433313 0.000002 -0.000001 -0.000000 2.310890 10.062833 0.090340 18.591742 4.041128 -26.583653 46.050518 14.060402 -8.910552 -0.000000 0.000000 -0.000001 -1.825374 -25.222505 15.527930 21.967538 -20.120330 -4.249728 63.114329 -22.949823 -1.397051 -0.000001 -0.000001 0.000000 25.168649 8.730528 25.620412 -28.652473 7.790278 1.131907 3.854829 -33.787259 -10.718825 -0.000002 -0.000001 0.000002 -1.799279 4.001871 -11.373581 -3.673357 -2.022327 -10.992645 -32.271688 -5.301554 -33.938438 -0.000001 -0.000002 -0.000001 
-0.543025 104.909889 -5.181517 -13.956945 36.284424 -7.329709 -8.841924 -5.745846 3.556405 -4.144890 -8.424938 4.437581 7.242703 -4.675217 1.104404 0.315482 -8.133696 4.468964 0.000004 0.000000 -0.000000 2.124756 10.179798 0.303601 18.358859 4.005847 -26.676820 47.153519 14.551354 -9.325873 -0.000001 -0.000003 0.000001 -1.861750 -25.165048 15.577073 21.783068 -20.297347 -4.527080 63.083504 -22.448071 -1.284847 0.000001 -0.000001 0.000004 25.305098 8.872304 25.874802 -28.605906 7.859797 1.201604 3.608786 -33.932240 -10.998080 -0.000001 -0.000000 0.000001 -1.621394 3.942434 -11.107859 -3.389807 -1.968344 -10.808657 -32.701091 -5.266505 -34.262080 0.000000 -0.000003 -0.000003 
-0.610858 104.946793 -5.109766 -13.943704 36.312988 -7.374924 -9.101262 -5.704198 3.342815 -3.750866 -8.522899 4.651974 7.009638 -4.641988 1.002196 0.494806 -8.349801 4.472288 0.000002 0.000000 -0.000000 2.112435 10.291803 0.157691 18.054039 3.968886 -26.463126 47.340943 14.369009 -9.617304 -0.000001 0.000001 -0.000002 -1.902415 -25.204892 15.761271 21.746455 -20.633655 -5.016141 63.110115 -21.858904 -1.191625 0.000001 -0.000002 0.000000 25.315282 8.944293 25.995893 -28.758307 7.930024 1.010681 3.678230 -33.949462 -10.982433 -0.000001 0.000001 0.000002 -1.505217 3.932210 -10.979294 -3.728421 -2.070098 -11.116217 -32.384529 -5.273192 -34.245305 0.000002 -0.000004 -0.000000 
-0.672462 104.978828 -5.044809 -13.692932 36.187169 -7.348877 -9.198730 -5.630642 3.175806 -3.723872 -8.450656 4.618137 6.976005 -4.552406 1.141582 0.387514 -8.409578 4.468705 -0.000001 0.000001 -0.000000 2.185439 9.938240 0.005978 18.065668 4.032437 -26.254472 47.602676 14.401555 -9.758803 -0.000002 -0.000001 0.000001 -2.011698 -25.393568 15.622545 21.717437 -20.645637 -5.188034 63.014765 -21.460258 -1.119651 0.000002 -0.000001 0.000000 25.032281 8.758476 25.718495 -28.616295 7.846992 1.020340 3.605630 -33.634840 -10.946273 -0.000001 0.000000 0.000001 -1.775480 3.974739 -11.261774 -3.723868 -2.003812 -11.069854 -32.152094 -5.299052 -34.261332 -0.000000 -0.000001 -0.000002 
-0.730352 105.014000 -4.991096 -13.285666 36.502747 -7.420657 -9.976801 -5.669381 2.750958 -2.660157 -8.740033 5.320361 6.556109 -4.988348 0.555195 0.034838 -8.059195 4.343790 0.000000 -0.000001 -0.000001 2.018018 10.646102 0.280494 17.924792 3.844259 -26.278919 48.005056 14.513187 -9.917603 0.000003 -0.000001 0.000001 -1.776241 -24.758420 15.973128 21.513552 -20.276619 -5.266835 63.300131 -21.488489 -0.988350 0.000001 0.000001 -0.000003 24.421507 8.476161 25.635466 -28.316378 7.781540 1.095389 3.548183 -33.809822 -11.052160 -0.000002 -0.000000 0.000002 -2.171483 3.914961 -11.341465 -3.877160 -2.058221 -11.187920 -32.279785 -5.337860 -34.566997 0.000000 -0.000007 0.000001 
-0.773165 105.047661 -4.939053 -13.296277 36.313124 -7.392128 -9.669480 -5.670765 2.955794 -3.744053 -8.525326 4.635672 7.295819 -4.915589 1.033992 0.667298 -8.196270 4.389668 0.000005 -0.000000 0.000000 1.900571 10.608733 0.091855 18.099267 4.320806 -26.045967 48.204258 14.835067 -10.205779 0.000001 0.000001 -0.000001 -2.035547 -24.866060 15.740420 21.606798 -20.920362 -5.335869 63.829142 -21.190426 -0.640607 0.000000 0.000001 -0.000002 24.570298 8.569027 25.572676 -28.450467 7.974099 1.063598 3.836350 -34.010227 -10.859823 -0.000002 -0.000000 0.000001 -2.246233 3.895483 -11.564230 -3.692099 -2.091723 -11.177124 -32.511612 -5.275476 -34.524871 0.000003 -0.000007 0.000001 
-0.808154 105.076118 -4.886844 -13.583849 35.907247 -7.374391 -9.229508 -5.574065 3.101089 -3.790247 -8.469173 4.576819 7.165601 -4.505227 1.272722 0.814521 -8.373760 4.471891 0.000002 -0.000002 -0.000001 1.916138 9.814640 -0.295919 18.203689 4.651712 -26.070251 47.917274 15.042797 -10.308418 0.000001 0.000001 0.000001 -2.261511 -25.038019 15.706744 21.629025 -21.500141 -5.498791 63.553572 -20.767050 -0.312059 0.000002 -0.000002 0.000000 24.966612 8.708389 25.638650 -28.496811 8.135577 0.955649 3.929118 -33.789308 -10.664346 -0.000002 0.000000 0.000002 -2.077870 3.929065 -11.596354 -3.477166 -1.988019 -11.103359 -32.663829 -5.261786 -34.270317 -0.000000 -0.000001 0.000000 
-0.829207 105.105751 -4.833553 -13.991180 35.871996 -7.308549 -8.976964 -5.601702 3.261027 -3.731091 -8.545478 4.704776 7.006692 -4.502754 1.063085 1.252330 -8.246201 4.695892 0.000002 -0.000003 -0.000002 2.074054 10.042119 -0.090919 18.131529 4.135727 -26.230501 47.940019 14.968442 -9.956424 0.000003 -0.000003 0.000000 -2.138672 -25.382414 15.686641 21.729098 -20.911461 -5.402324 63.066244 -20.708708 -0.594261 0.000001 0.000000 0.000004 25.266856 8.740630 25.664347 -28.471150 7.953957 0.939605 3.351561 -33.571493 -11.109220 -0.000001 -0.000001 0.000001 -1.602462 4.060628 -11.316858 -3.700379 -1.947042 -11.223664 -32.214837 -5.382222 -34.270624 0.000000 -0.000002 -0.000000 
-0.845718 105.129181 -4.776043 -14.037435 35.959341 -7.271372 -9.182121 -5.614588 3.135713 -3.968930 -8.548759 4.576878 7.296488 -4.549563 1.141531 1.659609 -8.427925 4.810403 0.000002 0.000001 -0.000000 2.064345 10.093800 -0.072288 17.941855 3.850958 -26.239439 48.046720 14.736659 -9.875928 -0.000003 -0.000002 0.000002 -2.039172 -25.189784 15.833669 21.972413 -21.119358 -5.283765 62.580816 -20.550130 -1.018755 -0.000000 -0.000000 0.000004 25.354291 8.810072 25.729456 -28.707777 8.163639 0.855449 3.791286 -33.863784 -10.795812 -0.000002 -0.000001 0.000001 -1.636143 4.042163 -11.338094 -3.567331 -1.950348 -11.295898 -32.318638 -5.343265 -34.243802 0.000003 -0.000007 0.000003 
-0.860338 105.152222 -4.727238 -13.612195 35.883700 -7.330340 -9.720575 -5.596593 2.777743 -3.961020 -8.632629 4.640431 7.513139 -4.683481 1.079777 1.266168 -8.263964 4.728737 0.000002 -0.000001 -0.000000 2.004278 10.502902 0.084943 17.853609 3.762146 -26.123588 48.337402 14.936401 -9.972584 -0.000001 -0.000000 0.000001 -1.884715 -24.851218 15.990858 21.953280 -20.945958 -5.130489 62.815693 -20.773385 -0.999464 -0.000001 0.000000 -0.000002 25.108342 8.695489 25.602086 -28.760567 8.169813 0.814450 3.897120 -34.032162 -10.763177 -0.000001 -0.000001 0.000000 -1.883552 4.032640 -11.505383 -3.644115 -1.902285 -11.426737 -32.526669 -5.359458 -34.177857 0.000001 -0.000001 -0.000000 
-0.868259 105.181175 -4.676406 -14.039557 35.846725 -7.279374 -9.439864 -5.591294 2.941864 -3.670946 -8.522281 4.747087 7.285863 -4.756250 1.046625 1.114403 -8.129591 4.737656 0.000006 -0.000003 -0.000001 2.121928 10.590311 0.053265 17.765266 3.619700 -26.025299 48.240216 14.801988 -10.016133 0.000002 -0.000001 -0.000001 -1.856765 -25.157286 16.091369 21.773788 -20.548588 -5.243491 62.997772 -20.835617 -0.916415 0.000001 -0.000001 0.000002 25.295015 8.765137 25.649792 -28.475532 8.038879 0.960996 3.716364 -34.095191 -10.960915 -0.000002 0.000000 0.000001 -1.889901 4.062512 -11.657822 -3.373131 -1.828055 -11.057633 -32.172394 -5.457893 -34.558134 0.000001 -0.000011 0.000003 
-0.868483 105.206131 -4.615532 -13.984479 35.793050 -7.369433 -9.335059 -5.631701 3.078059 -4.227454 -8.453617 4.405263 7.665970 -4.754612 1.291477 1.238570 -8.135133 4.706102 0.000006 0.000001 0.000001 1.944819 10.583738 0.202929 18.027523 4.163992 -25.892655 48.309948 14.703041 -10.491171 0.000002 -0.000001 0.000005 -1.849301 -24.787093 16.105545 21.705528 -20.988396 -5.310871 62.918883 -20.320808 -0.596876 0.000001 -0.000001 0.000004 25.173972 8.719359 25.536675 -28.251793 7.772954 1.179091 3.310359 -34.101348 -11.393185 -0.000001 0.000000 -0.000000 -1.978983 4.057640 -11.673858 -3.062616 -1.529024 -10.641346 -32.491801 -5.430913 -34.208333 0.000001 -0.000011 0.000001 
-0.869259 105.230209 -4.561546 -13.851362 35.820705 -7.411112 -9.452174 -5.634737 3.015149 -4.226512 -8.516225 4.442729 7.685858 -4.632902 1.298068 0.973119 -8.204369 4.674821 0.000002 -0.000000 0.000000 2.082402 10.217010 0.041982 17.772378 3.733735 -26.221607 47.876303 14.629820 -10.000637 0.000002 0.000001 0.000001 -1.845104 -24.988315 15.904343 21.891038 -20.992762 -5.172784 62.852787 -20.210415 -0.838458 0.000001 0.000001 0.000002 25.145022 8.727397 25.645477 -28.482767 7.896588 0.873569 3.899541 -34.051792 -10.844301 0.000000 -0.000001 0.000000 -1.925030 4.061123 -11.600651 -3.429142 -1.618620 -10.921707 -32.497381 -5.446148 -34.327639 0.000001 -0.000004 -0.000000 
-0.866195 105.259628 -4.516618 -14.153316 35.719376 -7.497838 -9.238300 -5.632906 3.150492 -4.084854 -8.532743 4.531074 7.628784 -4.755304 1.246467 0.425201 -8.044160 4.503126 0.000005 0.000001 0.000000 2.214910 10.357412 0.037465 17.771710 3.388096 -26.255676 47.553594 14.230602 -9.551239 0.000001 -0.000002 -0.000003 -1.717642 -25.003055 16.108113 21.835599 -20.338732 -5.192146 62.874097 -20.587331 -1.123917 0.000002 0.000000 -0.000003 25.290601 8.803427 25.830558 -28.437590 8.008236 0.841187 3.867954 -33.992349 -10.821247 -0.000002 -0.000001 -0.000000 -1.853620 4.079243 -11.562974 -3.156527 -1.635884 -10.697292 -32.433249 -5.409634 -34.264870 0.000001 -0.000002 0.000000 
