HIERARCHY
ROOT Hips
{
	OFFSET 1.760526 105.769127 -1.111724
	CHANNELS 6 Xposition Yposition Zposition Xrotation Yrotation Zrotation
	JOINT Chest
	{
		OFFSET 0.283234 13.550583 1.567065
		CHANNELS 3 Xrotation Yrotation Zrotation
		JOINT Chest2
		{
			OFFSET -0.948943 21.223274 2.781798
			CHANNELS 3 Xrotation Yrotation Zrotation
			JOINT Chest3
			{
				OFFSET -0.737428 14.892532 -0.699047
				CHANNELS 3 Xrotation Yrotation Zrotation
				JOINT Neck
				{
					OFFSET 0.230111 17.200211 1.648004
					CHANNELS 3 Xrotation Yrotation Zrotation
					JOINT Head
					{
						OFFSET -0.381475 10.336746 1.683367
						CHANNELS 3 Xrotation Yrotation Zrotation
						End Site
						{
							OFFSET -0.378416 10.348343 1.611263
						}
					}
				}
				JOINT LeftCollar
				{
					OFFSET 4.517633 12.883484 3.925693
					CHANNELS 3 Xrotation Yrotation Zrotation
					JOINT LeftUpArm
					{
						OFFSET 14.039058 -5.217209 -9.175243
						CHANNELS 3 Xrotation Yrotation Zrotation
						JOINT LeftLowArm
						{
							OFFSET 5.073431 -33.370789 -0.615650
							CHANNELS 3 Xrotation Yrotation Zrotation
							JOINT LeftHand
							{
								OFFSET -1.495840 -28.043930 10.594701
								CHANNELS 3 Xrotation Yrotation Zrotation
								End Site
								{
									OFFSET -0.326925 -6.129166 2.315538
								}
							}
						}
					}
				}
				JOINT RightCollar
				{
					OFFSET -3.888570 12.956665 4.337359
					CHANNELS 3 Xrotation Yrotation Zrotation
					JOINT RightUpArm
					{
						OFFSET -14.499516 -5.633957 -8.155912
						CHANNELS 3 Xrotation Yrotation Zrotation
						JOINT RightLowArm
						{
							OFFSET -5.444338 -33.235229 -2.348078
							CHANNELS 3 Xrotation Yrotation Zrotation
							JOINT RightHand
							{
								OFFSET 1.423597 -28.411888 9.575647
								CHANNELS 3 Xrotation Yrotation Zrotation
								End Site
								{
									OFFSET 0.311140 -6.209702 2.092849
								}
							}
						}
					}
				}
			}
		}
	}
	JOINT LeftUpLeg
	{
		OFFSET 10.017184 -0.227310 0.153235
		CHANNELS 3 Xrotation Yrotation Zrotation
		JOINT LeftLowLeg
		{
			OFFSET 2.748756 -47.057579 -4.692222
			CHANNELS 3 Xrotation Yrotation Zrotation
			JOINT LeftFoot
			{
				OFFSET -0.604077 -42.833252 -12.865246
				CHANNELS 3 Xrotation Yrotation Zrotation
				JOINT LeftToe
				{
					OFFSET 0.406025 -16.288490 17.148752
					CHANNELS 3 Xrotation Yrotation Zrotation
					End Site
					{
						OFFSET 1.851362 -1.742263 23.517990
					}
				}
			}
		}
	}
	JOINT RightUpLeg
	{
		OFFSET -10.017193 0.227112 -0.153258
		CHANNELS 3 Xrotation Yrotation Zrotation
		JOINT RightLowLeg
		{
			OFFSET -2.223100 -47.268585 2.179592
			CHANNELS 3 Xrotation Yrotation Zrotation
			JOINT RightFoot
			{
				OFFSET -0.496033 -42.325424 -14.453092
				CHANNELS 3 Xrotation Yrotation Zrotation
				JOINT RightToe
				{
					OFFSET -2.012413 -18.038174 15.170078
					CHANNELS 3 Xrotation Yrotation Zrotation
					End Site
					{
						OFFSET -4.212188 -4.257678 22.884180
					}
				}
			}
		}
	}
}
MOTION
Frames: 201
Frame Time: 0.033333
1.760527 105.769135 -1.111723 0.000000 0.000000 0.000000 0.000001 0.000000 -0.000000 0.000000 -0.000000 -0.000000 -0.000001 -0.000000 -0.000000 -0.000001 0.000000 0.000000 -0.000001 -0.000000 0.000000 -0.000001 -0.000000 0.000001 0.000000 -0.000001 0.000001 0.000002 0.000002 -0.000001 0.000001 0.000002 0.000000 -0.000002 -0.000001 0.000000 0.000001 0.000001 -0.000001 0.000002 -0.000001 -0.000001 0.000000 -0.000002 0.000001 -0.000000 -0.000000 -0.000000 0.000001 -0.000000 -0.000000 0.000000 0.000001 0.000000 -0.000001 -0.000000 0.000000 0.000001 0.000000 0.000001 0.000001 0.000000 -0.000000 0.000001 0.000000 -0.000000 -0.000001 0.000000 0.000002 
1.756068 105.773430 -1.111723 0.144288 -0.170209 -0.035233 -0.135328 0.014241 -0.071024 -0.194599 -0.020805 0.040401 0.173932 0.085163 0.054810 0.076447 0.097801 0.007418 0.000000 0.000000 -0.000000 0.042491 -0.372331 -0.007427 -0.016108 -0.050528 -0.070948 0.071076 0.030267 0.213578 0.000000 -0.000004 -0.000000 0.007803 0.078382 0.118565 -0.206657 0.186811 -0.070963 -0.044337 -0.039301 -0.110901 -0.000001 -0.000002 -0.000000 -0.216256 -0.009999 0.013087 0.110694 -0.003736 0.010737 -0.416898 0.125955 0.124971 -0.000001 0.000000 -0.000001 -0.257891 0.021313 0.053625 0.050566 0.030603 -0.031872 -0.207545 0.201136 0.103451 -0.000002 0.000001 0.000001 
1.745645 105.776268 -1.111309 -0.061811 -0.081811 -0.104800 0.392715 -0.030014 -0.036627 -0.544835 0.011670 0.015490 0.203654 0.159230 0.064074 0.217701 0.024268 0.097262 0.000000 -0.000000 0.000000 0.250476 -0.563727 -0.181990 -0.341719 -0.591075 0.103603 -0.016566 -0.201725 0.535203 0.000000 0.000004 0.000000 0.207890 0.244161 0.258180 -0.244186 0.493376 0.021371 -0.486271 0.169825 -0.589475 -0.000001 -0.000002 0.000001 0.111467 -0.031001 0.161403 -0.027335 0.018277 -0.056392 -0.164588 0.202798 0.133271 -0.000001 -0.000000 0.000000 0.021734 0.031430 0.173856 -0.263605 -0.041818 -0.023709 -0.060160 0.209956 0.103980 -0.000001 0.000002 0.000002 
1.737380 105.787117 -1.115046 -0.142580 -0.313903 -0.070014 0.290071 -0.028367 -0.134417 0.793487 0.002235 0.057527 -0.804589 0.088354 0.014245 0.156672 0.045571 0.143850 0.000000 -0.000000 0.000000 0.377915 -0.431489 -0.248769 -0.561300 -0.988423 0.247779 -0.036585 -0.370066 0.708327 0.000005 -0.000002 0.000000 0.357712 0.402702 0.286860 -0.259340 0.756086 0.095380 -0.816105 0.316370 -0.926246 -0.000003 0.000002 0.000000 -0.021399 -0.030878 0.068123 0.434571 -0.011573 -0.022512 -0.526573 0.121060 0.178821 -0.000001 -0.000001 -0.000001 -0.293482 0.060051 0.110767 0.310061 -0.037452 0.002190 -0.096783 0.513500 0.180297 -0.000001 0.000001 0.000001 
1.731913 105.790108 -1.119579 -0.150648 -0.196074 -0.137371 0.415270 -0.042033 -0.024711 0.445863 -0.074689 0.169274 -0.740126 -0.160699 -0.125746 0.566613 0.070504 0.037348 -0.000001 -0.000000 0.000000 0.418876 -0.580941 -0.319623 -0.475409 -0.804662 0.319947 -0.433427 -0.244304 0.560021 0.000001 -0.000001 0.000002 0.331975 0.369915 0.413326 0.004646 0.442079 -0.062602 -1.141977 0.156971 -0.815125 0.000001 0.000002 -0.000000 -0.105935 -0.038029 0.126713 0.557525 -0.123484 -0.037533 -0.532010 0.201388 0.199874 0.000000 0.000000 -0.000001 -0.320185 0.062988 0.145967 0.388833 0.000433 0.082980 -0.325320 0.283552 0.034091 -0.000002 -0.000000 0.000001 
1.723764 105.791908 -1.120328 -0.314731 0.004881 -0.152058 0.849475 -0.041158 0.037520 -0.556401 -0.136535 0.219429 0.099264 -0.285566 -0.281540 0.805429 -0.078911 0.081112 0.000001 0.000000 -0.000000 0.341662 -1.044357 -0.384634 -0.589494 -0.698974 0.500530 -0.629584 -0.040329 0.324544 -0.000000 -0.000004 0.000000 0.165432 -0.040695 0.376714 0.054049 0.160946 -0.021662 -0.624855 -0.050672 -0.632288 0.000000 -0.000002 0.000001 0.055468 0.007749 0.119990 0.791813 -0.176504 0.103040 -0.671581 0.031347 0.108010 0.000000 -0.000000 -0.000001 -0.510721 0.050854 0.162015 1.040487 0.120655 0.144409 -0.547592 0.156455 -0.005629 -0.000001 0.000002 0.000001 
1.711199 105.794228 -1.118579 -0.524632 -0.440243 -0.067407 0.826542 0.000397 -0.214173 -0.013103 -0.051163 0.126877 -0.247111 0.035295 -0.117054 0.736691 -0.162843 0.171877 -0.000001 -0.000000 0.000000 0.388946 -1.224586 -0.271111 -0.718320 -0.826122 0.511467 -0.515732 0.042630 0.341345 -0.000000 -0.000000 0.000001 0.162051 -0.191771 0.236505 0.357271 -0.111249 0.085420 -0.681881 -0.113245 -0.541882 -0.000001 -0.000000 0.000000 0.245630 -0.032477 0.116919 0.819112 -0.224633 0.035852 -0.562454 -0.083438 0.023791 -0.000000 -0.000000 -0.000001 -0.221984 0.051813 0.131148 0.989731 0.222060 -0.068761 -0.790628 0.477234 0.154744 -0.000001 0.000001 0.000001 
1.702477 105.807396 -1.121413 -0.468216 -0.360877 -0.073802 0.597332 0.020110 -0.190229 0.097208 -0.114844 0.184881 0.031337 -0.000888 -0.216414 0.547030 -0.260382 0.201350 -0.000001 -0.000000 0.000000 0.386305 -1.437778 -0.147971 -0.782058 -0.885725 0.472436 -0.447755 -0.139035 0.407826 0.000001 -0.000000 0.000000 0.120090 -0.538127 0.100515 0.161926 0.000949 0.221964 -0.449491 0.169689 -0.685970 -0.000001 -0.000000 -0.000001 0.020932 -0.009171 0.188843 0.972961 -0.260910 0.132627 -0.665053 -0.616121 -0.259503 -0.000000 0.000000 0.000000 -0.657724 0.069901 0.139199 1.310428 0.318228 -0.023177 -0.698231 0.320932 0.128160 -0.000001 -0.000000 0.000000 
1.696436 105.817337 -1.109691 -0.574491 -0.233484 -0.042399 0.659640 0.050505 -0.211425 -0.903600 -0.173017 0.220154 1.208162 -0.379885 -0.288847 0.158841 -0.315293 -0.080057 -0.000001 0.000000 -0.000000 0.023480 -0.780802 -0.170975 -0.852420 -0.507858 0.701563 -0.380502 0.293691 -0.349217 0.000001 -0.000004 0.000001 -0.180620 -0.537245 0.277996 0.647350 -0.842758 0.039462 -0.372220 -0.416438 -0.540930 -0.000001 0.000001 -0.000001 0.103089 -0.061508 0.343545 1.515233 -0.260597 0.116222 -1.320488 -1.771363 -0.725125 -0.000001 -0.000000 -0.000001 -0.630843 0.080556 0.105780 1.705076 0.318573 -0.059566 -1.140974 0.834026 0.244829 -0.000000 -0.000000 0.000000 
1.696246 105.836555 -1.105559 -0.782331 -0.785408 -0.061590 0.696907 0.028132 -0.157579 -0.481406 -0.106994 0.149186 0.510079 0.013266 -0.257399 0.826383 -0.266696 0.067847 0.000001 0.000001 -0.000000 0.241080 -1.256543 -0.091389 -0.951122 -0.846252 0.788505 -0.004871 0.088817 -0.194129 0.000003 -0.000004 0.000001 -0.029444 -0.871704 0.320392 0.745530 -0.656823 0.055896 -0.051032 -0.168573 -1.139623 -0.000001 0.000005 -0.000000 0.053896 -0.006244 0.397073 1.438851 -0.235750 0.010715 -0.838018 -1.916446 -0.850511 -0.000000 0.000000 -0.000000 0.105811 -0.006847 0.082150 1.133170 0.331215 -0.202479 -0.647185 1.277207 0.550445 -0.000001 0.000001 0.000001 
1.694976 105.851120 -1.101466 -0.977429 -0.803782 -0.111604 1.130374 0.012290 -0.121231 -1.316556 -0.180311 0.256456 1.071095 -0.208016 -0.348411 1.151941 -0.067188 -0.084316 0.000000 -0.000000 0.000000 0.141626 -1.025198 0.057951 -0.678547 -0.482881 0.902336 -0.151527 0.298748 -0.805174 -0.000002 -0.000004 0.000001 -0.098668 -0.725245 0.302951 1.016179 -1.024275 0.009311 -0.315086 -0.530859 -1.221104 -0.000002 -0.000004 -0.000000 0.141753 -0.032622 0.555763 1.637038 -0.231227 -0.102274 -0.564705 -2.481101 -1.132832 -0.000000 0.000000 -0.000001 0.330789 -0.012552 0.132098 1.548055 0.392440 -0.231426 -1.131892 1.512891 0.611294 -0.000000 -0.000001 0.000001 
1.702162 105.870842 -1.099080 -1.341133 -0.850945 -0.220114 1.496459 -0.012528 0.050418 -1.500185 -0.211178 0.286948 1.174503 -0.230975 -0.400898 1.753489 -0.106964 -0.189492 0.000001 0.000000 0.000000 0.093936 -1.221352 0.074572 -0.651051 -0.569332 1.114801 -0.273108 -0.039026 -1.063229 0.000003 0.000001 -0.000001 -0.163515 -0.979787 0.311238 1.343185 -1.317405 -0.062716 -0.598086 -0.302709 -1.761723 0.000001 -0.000004 0.000001 0.388126 -0.004121 0.658806 1.527488 -0.178093 -0.099075 -0.495836 -2.893812 -1.339446 -0.000000 0.000000 0.000000 0.249768 -0.029658 0.219759 2.209448 0.457912 -0.306589 -1.392262 1.658651 0.680855 -0.000001 0.000000 0.000001 
1.715681 105.884766 -1.093389 -1.203507 -1.054910 -0.356806 1.163631 0.013322 0.138416 -1.684281 -0.327867 0.392003 1.607392 -0.095758 -0.474917 1.845759 -0.354321 -0.271720 0.000001 -0.000000 0.000000 -0.066824 -1.494284 0.152745 -0.709729 -0.169157 1.192901 -0.356817 0.382659 -1.410511 0.000000 -0.000000 0.000001 -0.440192 -1.415766 0.233193 1.634216 -1.944512 -0.050229 -0.457508 -0.742055 -2.022855 -0.000001 0.000000 0.000001 0.246495 -0.008778 0.775451 1.891159 -0.087589 -0.204613 -1.369073 -3.025203 -1.294687 -0.000001 -0.000000 -0.000001 -0.151539 -0.058428 0.329380 2.180744 0.338052 -0.390056 -1.409566 1.816712 0.685343 -0.000001 -0.000000 0.000001 
1.732486 105.899010 -1.098147 -1.425155 -1.397878 -0.452910 1.377204 0.013085 0.063664 -1.546961 -0.367901 0.466981 1.365985 -0.134987 -0.424416 1.589824 -0.321318 -0.207746 0.000000 -0.000000 0.000000 -0.030237 -1.537611 0.158906 -0.819390 -0.453034 1.290952 -0.411202 0.265355 -1.124412 -0.000000 -0.000004 0.000001 -0.298150 -0.934217 0.332282 1.705230 -1.789502 -0.084842 -1.047651 -0.571698 -2.805577 -0.000001 -0.000002 0.000002 0.474403 -0.005445 0.786865 1.694548 -0.002383 -0.292251 -0.957464 -2.520552 -1.057062 -0.000001 -0.000001 0.000001 -0.151589 -0.027049 0.338276 2.650015 0.394240 -0.415636 -1.421916 2.304081 0.878421 -0.000002 0.000002 0.000001 
1.766778 105.910477 -1.108242 -1.775832 -1.337183 -0.633595 1.400258 -0.006911 0.152391 -0.678407 -0.487208 0.637467 0.727852 -0.404024 -0.477452 1.439214 -0.283211 -0.207632 0.000000 -0.000000 0.000000 -0.017280 -1.358664 0.317493 -0.936630 -0.533496 1.235626 -0.365651 0.339358 -1.129751 0.000000 -0.000004 0.000002 -0.250668 -0.850699 0.592938 1.867635 -1.850557 -0.158591 -1.429982 -0.704504 -4.020768 0.000001 -0.000002 0.000001 0.625737 -0.011833 0.755696 2.294123 -0.130823 -0.169930 -1.271816 -1.964080 -0.783744 0.000000 0.000000 -0.000001 -0.523197 0.017636 0.392787 3.431503 0.508723 -0.290664 -1.596004 2.235669 0.864028 -0.000002 -0.000000 0.000000 
1.805282 105.928001 -1.119502 -2.186702 -1.099009 -0.988840 1.478241 -0.062293 0.331547 -0.660459 -0.635970 0.870264 0.783128 -0.301295 -0.543908 2.150366 -0.534631 0.086156 0.000000 -0.000000 0.000000 0.172250 -1.561435 0.347767 -1.301284 -1.080154 1.296747 -0.367546 0.279430 -0.953082 -0.000000 -0.000001 -0.000000 -0.239354 -1.839201 1.129010 2.080428 -1.682853 -0.266947 -1.686581 -0.800704 -5.826299 0.000001 -0.000002 -0.000000 0.988870 -0.052743 0.937532 2.489281 -0.311465 -0.088172 -1.370766 -1.445924 -0.561418 -0.000001 0.000000 -0.000002 -0.161959 0.038978 0.669887 3.536736 0.629052 -0.129793 -1.552177 1.601305 0.646084 -0.000001 0.000001 0.000000 
1.847805 105.940430 -1.132753 -2.366261 -1.041493 -1.229654 1.307492 -0.074208 0.398730 -0.383890 -0.744030 1.088661 0.775016 -0.647919 -0.662371 2.297378 -0.619223 0.190042 0.000001 -0.000000 0.000000 0.160318 -1.466328 0.309375 -1.303427 -1.195307 1.380950 -0.742126 0.354239 -0.767157 0.000000 -0.000000 0.000000 -0.177034 -1.631260 1.517426 1.950318 -1.481547 -0.170991 -2.207590 -0.998706 -7.421697 -0.000001 0.000001 -0.000000 1.037936 -0.142412 1.035271 2.484491 -0.314579 -0.029624 -1.585064 -1.234908 -0.386540 -0.000001 -0.000000 0.000001 -0.041233 0.090952 0.807689 3.156882 0.579543 0.039810 -1.811657 1.303760 0.562802 -0.000001 -0.000000 0.000001 
1.907479 105.961159 -1.145886 -2.842011 -1.249580 -1.509721 1.740532 -0.091625 0.425986 -0.111494 -0.823487 1.201355 0.280854 -0.489774 -0.533104 2.834865 -0.919123 0.300308 0.000001 0.000000 0.000000 0.114006 -1.404903 0.202800 -1.493998 -1.118272 1.685031 -0.642442 0.723389 -1.052208 0.000003 -0.000004 0.000001 -0.307480 -2.322065 2.171578 1.779730 -1.549892 -0.493962 -2.663694 -1.415912 -9.286119 -0.000001 0.000000 0.000001 1.389939 -0.097046 1.128631 2.556247 -0.273135 -0.119776 -1.675389 -0.703733 -0.098278 -0.000001 0.000000 0.000001 -0.316777 0.054641 0.983374 4.083363 0.609278 -0.009042 -2.074544 1.351351 0.438006 -0.000001 0.000000 0.000002 
1.985504 105.973183 -1.165193 -3.039803 -1.647921 -1.700011 2.322507 -0.092661 0.337617 -0.239461 -0.976903 1.329998 0.345531 -0.176007 -0.489346 2.825713 -1.235819 0.541085 -0.000001 0.000000 0.000000 0.050778 -2.262698 0.297884 -1.606109 -0.689616 2.128700 -1.598276 1.523664 -1.178443 0.000003 -0.000000 -0.000000 -0.602819 -2.702973 2.533981 2.729003 -2.798316 -0.769393 -3.030639 -2.270797 -11.438515 -0.000001 -0.000003 0.000001 1.678695 -0.025802 1.062265 3.040903 -0.463857 -0.194619 -1.984456 -0.063774 0.164404 -0.000001 -0.000001 -0.000001 -0.791842 -0.000908 1.116582 5.022697 0.858678 -0.142015 -1.951964 1.212211 0.440088 -0.000001 -0.000001 0.000001 
2.065030 105.981598 -1.177193 -3.104823 -1.438837 -1.701670 2.643345 -0.102030 0.150951 0.382399 -1.027131 1.424793 -0.289424 -0.399047 -0.472315 3.014771 -1.453298 0.773605 0.000000 -0.000000 0.000000 0.199292 -2.320095 0.482252 -1.963380 -1.088582 2.470034 -2.032886 1.577154 -0.957883 0.000000 0.000002 0.000001 -0.550173 -2.840642 2.840518 3.178854 -2.986846 -1.022336 -2.084835 -2.735797 -13.822326 -0.000001 0.000001 -0.000002 1.849889 0.024568 0.975661 3.290168 -0.537889 -0.259025 -2.229020 0.079766 0.289802 -0.000000 -0.000000 0.000000 -1.392524 0.010606 1.022307 6.058185 0.927189 -0.034097 -1.261660 0.566428 0.162643 -0.000002 0.000001 0.000001 
2.160903 105.978180 -1.185719 -3.067846 -0.869129 -1.917930 2.920069 -0.130881 0.237611 1.015848 -1.152910 1.621196 -0.953529 -0.809270 -0.645247 3.190273 -1.920146 1.152796 0.000000 -0.000000 0.000000 0.197724 -2.825049 0.573963 -2.236743 -1.265097 3.588284 -3.643437 1.973115 -0.664998 0.000002 -0.000004 0.000000 -0.720077 -2.899191 3.172480 2.898892 -2.931991 -1.663485 -1.960723 -3.536393 -16.004335 -0.000001 -0.000001 -0.000001 1.958717 -0.027675 1.160874 3.831232 -0.659051 -0.396735 -2.600868 0.229912 0.449655 -0.000000 0.000001 0.000001 -2.044720 0.048813 1.196955 7.197801 0.983976 0.067079 -1.139958 0.065806 -0.105825 -0.000000 0.000001 0.000001 
2.271011 105.969765 -1.198352 -3.165193 -0.389626 -2.359865 3.578509 -0.120497 0.404506 0.625323 -1.383487 1.882882 -1.006790 -1.508044 -0.866289 3.224727 -2.488754 1.454991 0.000002 -0.000000 0.000001 -0.449840 -2.390682 0.724747 -2.809370 -0.974207 5.206449 -4.428398 3.321509 -0.433558 0.000002 -0.000000 0.000001 -1.304285 -2.236685 3.213760 2.514997 -3.635364 -3.073271 -2.822439 -4.706998 -16.848425 -0.000003 -0.000000 0.000001 1.813689 -0.147216 1.586564 4.355500 -0.845916 -0.568803 -2.945497 0.310966 0.523579 -0.000000 -0.000000 0.000001 -2.587628 0.024787 1.625546 8.627426 1.224991 0.150394 -1.914071 -0.500494 -0.335383 0.000000 -0.000001 0.000002 
2.379831 105.955688 -1.212541 -3.026008 -0.413890 -2.587833 3.875227 -0.094104 0.274194 -0.206570 -1.437824 1.921450 -0.253416 -1.494924 -0.718341 2.563275 -2.946958 1.681083 -0.000001 -0.000000 0.000000 -0.709463 -2.232285 1.278172 -3.212506 -0.709100 6.247408 -5.097231 4.457949 -0.101819 0.000001 -0.000000 0.000001 -1.737355 -2.256976 2.975167 2.439555 -4.306016 -4.401441 -3.540001 -5.933563 -16.972552 -0.000001 -0.000001 -0.000003 1.434786 -0.346212 1.749762 5.034679 -1.078473 -0.828124 -4.148497 0.787839 0.884800 -0.000000 0.000000 0.000000 -3.406692 0.140982 1.782199 9.666306 1.502482 0.200821 -2.754828 -0.585450 -0.352632 -0.000000 0.000001 0.000001 
2.496633 105.957802 -1.224908 -3.086742 -0.516884 -3.063552 4.009637 -0.060055 0.196519 0.759830 -1.556356 2.036788 -1.115339 -1.541955 -0.534277 2.357266 -3.574258 1.948795 0.000000 0.000002 -0.000000 -1.094339 -2.508212 2.235289 -3.880113 -0.336941 7.842804 -4.892467 6.001526 1.183913 -0.000002 -0.000004 -0.000000 -2.299679 -2.329515 2.284647 2.612517 -5.628022 -6.960800 -1.171474 -7.735144 -16.622223 -0.000002 0.000000 0.000002 0.707625 -0.443509 1.965586 6.293426 -1.530496 -0.825551 -4.911480 1.108902 1.014421 -0.000001 -0.000000 -0.000001 -4.479854 0.213071 2.173926 11.115792 1.953193 0.402674 -3.280209 -1.182711 -0.486029 -0.000001 0.000001 0.000001 
2.616200 105.976501 -1.242203 -3.574486 -0.569745 -3.414241 5.445519 -0.076225 -0.199845 0.248904 -1.728425 2.220480 -1.026716 -1.548549 -0.366310 1.877089 -4.088804 2.294449 0.000000 0.000000 0.000000 -1.117935 -2.779140 3.568357 -5.345830 -1.393601 10.013484 -4.808614 7.262231 3.722228 0.000002 -0.000000 0.000000 -2.516247 -1.822701 1.117387 2.529456 -6.246239 -9.708873 0.323993 -9.095179 -16.317479 -0.000000 -0.000000 -0.000000 0.138862 -0.533640 2.141156 7.479848 -1.946590 -0.915821 -5.579139 1.422206 1.165278 -0.000000 0.000001 -0.000000 -4.202048 0.206719 2.455336 11.262739 2.220678 0.423036 -3.805606 -1.913121 -0.683377 -0.000000 0.000001 0.000001 
2.723411 105.993393 -1.250909 -3.423830 -1.136411 -3.687121 5.734767 -0.048470 -0.577122 -0.048066 -1.748225 2.247625 -1.108761 -1.379967 -0.194822 3.141667 -4.188881 2.234308 0.000000 0.000001 -0.000000 -1.399743 -2.637222 4.438920 -5.902744 -1.673519 12.016579 -5.687420 8.168647 5.480824 -0.000002 -0.000007 0.000004 -2.889509 -1.801589 0.318650 2.332628 -6.801113 -12.328254 1.833347 -10.362131 -15.317285 0.000001 0.000000 0.000001 -0.742554 -0.768328 2.379527 8.132364 -2.033687 -1.294495 -5.928468 2.192210 1.528740 -0.000001 -0.000000 0.000000 -4.198432 0.278350 2.692141 11.567211 2.372272 0.318421 -4.408898 -3.582441 -1.249960 -0.000001 0.000002 0.000001 
2.832042 106.015442 -1.268783 -3.092243 -2.056926 -4.059081 5.777377 -0.024541 -0.835138 0.757269 -1.673339 2.123002 -1.761183 -0.678102 0.005032 2.826714 -4.661403 2.416323 0.000000 0.000001 0.000000 -1.317441 -3.447714 5.783004 -6.156823 -1.850936 14.765720 -7.325246 9.024058 8.139617 -0.000000 -0.000005 -0.000001 -3.223215 -1.741681 -1.038541 0.805622 -6.072013 -15.447513 4.005595 -11.805100 -14.505710 -0.000001 -0.000001 0.000003 -2.255518 -0.949086 2.614825 8.726330 -2.442995 -1.669571 -6.507333 3.735626 2.186830 -0.000000 0.000000 -0.000001 -3.804358 0.316089 2.703997 11.995071 2.763051 0.419321 -4.896307 -7.366380 -2.792145 -0.000001 0.000000 0.000002 
2.944351 106.040092 -1.269234 -3.056466 -3.354850 -4.445526 6.174810 -0.011828 -1.076916 2.340253 -1.399553 1.635987 -3.395733 -0.159317 0.467267 2.790187 -5.065310 2.306783 0.000001 -0.000001 0.000000 -1.231976 -3.770453 7.340923 -6.600313 -2.371471 17.719326 -9.071509 9.791150 11.245510 -0.000000 -0.000001 0.000002 -3.393438 -0.829063 -2.806491 -0.479728 -5.330342 -19.024343 4.443429 -12.495402 -13.157201 -0.000003 -0.000001 0.000004 -3.486285 -0.987489 2.880738 9.686685 -2.840226 -2.203060 -6.721982 5.398643 2.813766 -0.000001 -0.000000 0.000001 -3.807752 0.245175 2.560929 13.743208 3.148855 0.512023 -5.610219 -10.411048 -4.245286 -0.000002 0.000001 0.000001 
3.057441 106.076599 -1.270515 -3.173639 -4.657193 -4.846396 6.538518 -0.000811 -1.116541 2.406278 -1.225563 1.284877 -3.491883 0.596823 0.715875 3.045944 -5.353254 2.231177 0.000001 0.000001 0.000000 -1.169571 -4.140128 8.304178 -6.512690 -2.758815 20.103490 -10.227586 9.866473 14.029543 -0.000003 0.000000 0.000002 -3.378167 -0.250073 -4.129399 -1.178042 -4.572669 -21.974228 3.552328 -11.892017 -12.226101 -0.000002 -0.000002 -0.000005 -4.436922 -0.975805 3.076221 10.827469 -3.110147 -2.451660 -6.772929 6.657355 3.294520 -0.000001 -0.000001 0.000001 -3.139136 0.178177 2.293588 14.195869 3.327446 0.822488 -5.915378 -12.061745 -5.016545 -0.000001 -0.000002 0.000001 
3.167934 106.120468 -1.277642 -2.605322 -6.170729 -5.224398 4.522674 0.109483 -0.906664 3.243951 -0.919854 0.610307 -3.179493 1.398095 0.962642 3.807383 -5.569997 2.116368 0.000000 -0.000000 -0.000000 -1.499518 -4.427343 9.358764 -5.911860 -1.704797 23.411334 -11.538222 10.327576 15.060478 -0.000000 0.000001 -0.000001 -3.714822 0.503082 -5.847941 -2.731198 -3.909920 -25.968335 1.984042 -11.564747 -10.623629 -0.000003 -0.000001 -0.000008 -6.072902 -0.955618 3.459852 11.624724 -3.267469 -2.882187 -6.528945 8.265833 3.891754 0.000000 0.000000 -0.000001 -2.542411 -0.074581 1.913854 14.824173 3.526987 1.078887 -6.513361 -13.087476 -5.564570 -0.000000 -0.000001 0.000003 
3.282196 106.168106 -1.303195 -2.471447 -7.987572 -5.448045 3.538549 0.174026 -0.905719 4.334475 -0.498664 -0.272856 -4.187429 1.627836 1.301382 5.447020 -5.300573 1.623566 0.000000 0.000002 0.000000 -1.855779 -3.926961 10.504115 -5.647746 -0.747299 27.020362 -11.868672 11.218659 15.362771 -0.000003 -0.000004 0.000001 -4.280094 0.099063 -8.546489 -4.937649 -2.543498 -29.799965 0.804589 -11.508100 -7.832537 -0.000002 -0.000003 -0.000002 -7.307420 -0.882003 3.552721 12.488253 -3.594291 -3.172673 -6.447125 9.641828 4.373067 -0.000000 0.000000 0.000000 -1.501331 -0.333725 1.046989 16.493276 3.836937 2.398779 -7.029153 -15.241881 -6.553204 -0.000000 0.000001 0.000001 
3.393735 106.207344 -1.326009 -3.169452 -8.924309 -5.300624 4.587355 0.218148 -1.492093 4.087197 -0.354045 -0.586832 -4.780599 1.930575 1.370550 5.642186 -5.234416 1.925796 0.000001 0.000001 0.000000 -1.634137 -3.580323 11.509150 -5.509033 -0.899449 29.414449 -12.787065 10.971954 16.318995 -0.000002 -0.000000 0.000001 -4.056794 1.000824 -10.713350 -5.588346 -1.779649 -32.568456 0.158017 -11.216182 -7.085144 -0.000002 0.000001 -0.000003 -6.947750 -0.640642 3.119406 12.526234 -4.025428 -3.368841 -6.375842 10.685632 4.770816 -0.000001 0.000000 0.000000 0.207654 -0.502779 0.051217 18.015568 4.360641 3.598317 -6.312279 -17.965498 -7.468501 0.000001 0.000001 0.000002 
3.488099 106.275642 -1.339325 -2.581056 -10.536690 -5.036625 3.341147 0.304212 -1.718649 3.683930 0.226482 -1.241958 -3.497025 2.153287 1.146168 5.298357 -4.673320 1.975758 -0.000001 0.000001 0.000000 -1.721216 -3.015315 12.466738 -5.695311 -1.835377 32.108562 -13.174491 11.554623 17.768761 -0.000001 -0.000006 0.000001 -4.391369 0.162729 -13.226768 -6.923736 0.226681 -35.816187 -0.919947 -11.804955 -5.509634 -0.000002 -0.000000 -0.000000 -8.203320 -1.256770 3.129599 11.675841 -4.143703 -3.927275 -3.967711 11.910709 4.691876 -0.000000 0.000000 0.000001 1.527123 -0.223029 -0.702017 19.399252 5.136678 5.795932 -6.364346 -19.770428 -7.878810 0.000000 0.000001 -0.000000 
3.565735 106.331589 -1.363492 -2.021940 -13.260845 -4.476168 1.773943 0.573323 -2.655690 4.034338 0.839406 -2.528581 -4.083371 2.737045 2.126844 6.409336 -4.096652 1.144653 0.000001 -0.000002 -0.000000 -2.134546 -2.824543 13.609564 -6.600931 -2.023013 34.384275 -11.504853 12.458729 17.258278 0.000003 0.000001 0.000003 -4.268514 2.781306 -16.211737 -8.180575 0.551507 -39.113929 -2.608802 -11.495348 -4.055652 -0.000001 -0.000000 0.000000 -8.959644 -0.958307 2.872779 9.735445 -4.104908 -4.183150 -1.659322 13.423455 4.682854 -0.000001 0.000000 0.000000 2.482132 -0.551730 -1.365309 24.257045 5.927623 5.919380 -3.012824 -17.082481 -5.790752 -0.000002 -0.000002 0.000002 
3.625039 106.393585 -1.386168 -2.673655 -13.242627 -4.181131 3.223138 0.667766 -3.158244 3.328434 0.834783 -2.751161 -4.068290 1.763319 1.730668 5.410307 -3.853989 0.788392 0.000000 0.000001 0.000000 -2.549049 -3.829658 14.118340 -6.674545 -0.572138 36.510442 -11.188694 13.077765 16.420355 -0.000003 -0.000001 -0.000001 -4.486278 4.181374 -18.252922 -9.550070 0.475716 -41.949837 -2.478925 -11.711014 -2.793704 -0.000002 -0.000002 -0.000000 -8.893740 -0.654220 2.625457 9.833957 -4.281564 -4.024797 -1.108905 12.641674 4.015712 -0.000001 0.000000 -0.000000 4.900088 -0.995146 -1.753372 27.031611 6.736342 7.370962 0.223806 -15.714638 -4.158902 0.000001 -0.000001 0.000001 
3.660802 106.452347 -1.420975 -1.638486 -14.566370 -3.635034 1.968026 0.966571 -3.918459 0.896559 0.843714 -3.016968 -2.184379 2.739402 1.851109 7.023893 -3.471327 0.451738 0.000000 -0.000001 0.000001 -3.633299 -2.983251 14.812023 -7.511873 0.723346 38.229443 -10.509750 14.276175 13.534271 -0.000000 -0.000003 -0.000002 -5.478375 3.950925 -21.241907 -11.821826 1.455237 -44.794860 -1.611372 -12.224192 -0.774146 -0.000003 -0.000000 0.000001 -9.642532 -0.286056 2.404297 9.069440 -4.671012 -4.211261 -0.380528 14.579136 4.464042 -0.000000 -0.000000 0.000000 5.051558 -1.478946 -1.994573 34.566498 8.157677 6.697114 7.806688 -9.630678 -0.250575 -0.000002 0.000000 0.000003 
3.668666 106.476036 -1.453795 -0.439042 -17.203787 -3.234131 0.595311 1.178354 -4.310690 -0.606416 1.222246 -3.571686 -0.753402 3.787642 1.809841 7.063794 -2.821106 -0.100499 -0.000001 -0.000002 0.000000 -4.073172 -2.720212 15.422048 -7.599456 1.392034 40.126415 -9.210647 15.550109 12.799496 -0.000003 -0.000001 -0.000001 -5.936751 4.188856 -24.430291 -12.797239 2.273361 -47.846882 0.103003 -13.487103 -0.300751 -0.000003 0.000002 -0.000000 -9.867024 -0.384374 2.049660 8.927424 -4.789904 -4.277222 -1.258025 14.515638 4.580771 -0.000001 0.000000 0.000001 5.508635 -1.482424 -2.179630 35.647334 9.093043 9.160564 11.518405 -8.194640 1.077550 -0.000002 -0.000002 0.000001 
3.665262 106.498871 -1.506102 -0.024143 -18.840104 -3.017871 -1.172413 1.319348 -4.162011 1.456937 1.934898 -4.916228 -2.122357 4.403750 2.431881 7.686282 -2.841887 -0.145238 0.000003 -0.000000 0.000001 -3.827018 -3.997945 15.444926 -6.744413 2.883938 41.300419 -8.559246 15.893615 13.242553 -0.000003 -0.000003 0.000003 -6.000513 4.691592 -26.955656 -12.512003 1.790033 -50.445428 2.730060 -14.112459 -0.927126 -0.000001 -0.000004 -0.000000 -9.761213 -0.323716 1.910741 8.704925 -4.669484 -4.367074 -0.899136 14.792207 4.613325 -0.000000 -0.000001 0.000000 5.777232 -1.553959 -1.955259 36.262379 9.514944 10.744976 16.377335 -6.629803 2.257827 -0.000001 0.000003 -0.000002 
3.628954 106.525833 -1.536510 -0.139033 -19.578580 -2.448999 -1.468771 1.369976 -4.662862 2.184906 2.449729 -5.877517 -2.617901 4.841045 2.499356 8.033023 -2.776279 -0.301776 -0.000002 0.000001 0.000001 -3.536146 -4.920020 15.657524 -5.956013 4.441742 42.468665 -7.555375 16.816047 13.034100 -0.000000 0.000001 -0.000001 -6.564848 3.965937 -30.009536 -13.017907 2.785774 -53.290157 6.333911 -15.520271 -0.125091 -0.000001 0.000000 0.000001 -9.924881 -0.438551 1.684474 8.848961 -4.484318 -4.799813 -1.731202 15.325963 5.013175 -0.000001 -0.000001 0.000000 6.427734 -1.524582 -1.956889 38.831866 10.431238 12.532118 21.062099 -4.968584 3.382145 -0.000001 0.000001 0.000001 
3.575194 106.540810 -1.575217 -0.752579 -20.453920 -2.245194 0.183936 1.407357 -5.491546 1.482400 2.644210 -6.182553 -3.297532 3.524677 2.249144 8.257256 -1.942310 -1.016761 -0.000001 0.000002 -0.000001 -4.311623 -3.470687 15.846107 -6.387441 3.999608 43.323019 -5.230948 17.704219 12.931074 -0.000003 -0.000005 0.000002 -6.653338 4.881756 -32.883300 -13.402268 3.598708 -55.996650 8.447520 -16.873059 -1.454563 0.000002 -0.000002 0.000000 -9.091056 -0.452774 1.417596 8.952891 -4.181701 -4.962249 -2.741201 15.352438 5.346111 -0.000001 -0.000001 -0.000000 6.797452 -1.580458 -1.786323 41.644886 11.691271 15.475745 25.678818 -3.391394 4.427689 -0.000002 0.000001 0.000002 
3.508553 106.552933 -1.614432 -0.823392 -20.649431 -2.052582 1.038312 1.416495 -5.987689 0.572048 2.743216 -6.339330 -3.098783 2.213715 1.846164 8.209435 -1.612397 -1.497944 0.000002 0.000001 -0.000000 -4.746808 -2.379044 16.233468 -6.701970 3.350005 43.630063 -2.966706 18.271272 13.305041 0.000000 0.000001 -0.000001 -6.740975 5.249209 -35.146087 -13.197591 3.837054 -57.691056 8.870281 -17.387841 -2.428931 -0.000003 -0.000000 -0.000001 -9.032960 -0.466261 1.388540 9.367096 -3.941242 -4.993669 -2.934235 14.864080 5.239906 -0.000001 -0.000001 0.000000 6.909827 -1.622735 -1.638218 43.576405 12.526684 17.788275 29.388269 -1.773035 4.982874 -0.000002 0.000001 0.000000 
3.413201 106.564529 -1.634310 -1.081855 -21.338855 -1.644963 1.381987 1.545725 -6.885552 0.512871 3.212857 -6.974829 -3.205617 1.750890 2.001486 8.377366 -0.923594 -1.983203 0.000001 0.000000 -0.000000 -4.226071 -3.991311 16.271327 -5.035797 5.163873 44.386244 -1.005734 18.490596 13.992891 -0.000003 0.000001 -0.000001 -6.641139 5.110249 -38.052172 -13.142320 5.399525 -59.194053 8.495435 -17.135908 -3.308994 -0.000001 0.000000 0.000001 -9.017121 -0.543617 1.312970 9.921686 -4.195170 -5.661995 -3.495785 15.936460 5.730235 -0.000000 -0.000000 -0.000000 7.342613 -1.518809 -1.620843 45.546959 14.105744 20.267191 32.497866 -0.368249 5.635812 -0.000001 0.000000 -0.000002 
3.294828 106.569321 -1.642382 0.115908 -23.514415 -1.014825 -0.925540 1.872869 -7.202495 0.765684 3.971859 -8.187892 -2.040331 2.012548 2.405853 8.257008 -0.060944 -2.952863 -0.000001 -0.000001 -0.000001 -4.329949 -3.047281 16.969535 -3.957071 6.914391 44.719666 0.065428 19.021793 14.151387 -0.000000 -0.000004 -0.000004 -6.332077 5.528169 -41.031593 -11.824192 4.315722 -61.904375 6.291901 -16.844401 -3.463868 -0.000004 -0.000002 -0.000000 -10.169226 -0.538062 1.580448 10.371460 -4.406740 -6.976004 -4.291913 17.839506 6.857702 -0.000001 0.000001 0.000001 5.813054 -1.386701 -1.318040 48.085044 15.624246 21.978447 35.200995 -1.374770 5.750302 -0.000003 0.000001 0.000002 
3.168115 106.568336 -1.642270 0.522407 -25.311653 -0.710642 -2.027882 2.040291 -7.397798 0.641811 4.474505 -9.092751 -1.914345 2.215375 2.804714 8.539408 0.699688 -3.504077 0.000002 0.000001 -0.000001 -4.160113 -2.797865 17.086572 -4.007624 7.170414 45.065704 1.079555 19.396716 14.560578 -0.000000 -0.000001 -0.000001 -6.009861 6.010534 -43.079212 -11.924480 5.099594 -63.519250 5.845692 -16.871549 -3.839646 -0.000001 -0.000000 -0.000000 -10.616761 -0.360675 1.881408 10.446461 -4.596891 -7.960806 -5.210025 19.414492 7.891443 -0.000001 0.000000 0.000001 5.266481 -1.485192 -0.950670 50.113952 16.653084 22.749606 36.886187 -1.582274 5.999571 -0.000003 -0.000001 -0.000001 
3.013844 106.564659 -1.633300 0.885106 -26.991314 -0.296998 -1.535297 2.214593 -8.447754 0.039531 5.029180 -9.978184 -2.861223 1.201798 3.674451 8.126853 1.721044 -4.890196 -0.000002 0.000004 0.000000 -4.936895 -0.389345 17.324913 -4.495123 6.807489 45.290575 1.328869 19.374699 14.299581 -0.000001 0.000000 0.000002 -5.825930 6.696968 -45.563690 -12.702170 7.491480 -64.909077 7.325201 -17.030177 -4.565463 -0.000003 -0.000001 -0.000001 -10.474236 -0.168652 1.754374 10.733574 -4.521553 -8.651255 -5.665376 20.347198 8.601400 -0.000001 -0.000001 -0.000001 5.742771 -1.673591 -1.147449 51.144993 17.106639 23.857461 38.272897 -3.623515 5.772201 -0.000000 0.000002 -0.000000 
2.830374 106.567970 -1.611919 2.752997 -28.519735 0.288544 -3.186434 2.374461 -8.570578 -0.769763 5.710552 -10.989649 -2.220608 2.054564 4.170805 7.929523 1.967913 -5.521341 0.000002 -0.000000 -0.000002 -4.743227 -1.385145 17.531989 -4.697454 7.355902 45.343857 1.318468 19.957652 14.865803 0.000000 0.000000 0.000002 -6.116115 6.666175 -48.230489 -13.518999 9.387770 -66.388004 7.700150 -17.652482 -4.863052 -0.000004 -0.000003 -0.000003 -11.946955 -0.343130 2.268769 10.495106 -4.595573 -9.030472 -5.759160 21.588080 9.238265 -0.000001 -0.000002 0.000000 5.041828 -1.635175 -1.007957 52.705196 17.546751 23.969331 38.692018 -3.226878 5.748759 0.000002 -0.000001 -0.000004 
2.645488 106.606544 -1.604609 2.479840 -29.422471 0.459616 -1.746830 2.386041 -9.629231 -1.961571 5.956728 -10.980519 -1.354894 1.658425 3.676594 7.270571 2.859295 -6.321570 0.000000 0.000000 0.000002 -5.138330 -1.174868 17.393568 -4.513386 7.625753 46.101202 2.153312 20.552543 15.528145 -0.000000 0.000001 -0.000001 -6.483873 6.530003 -49.829987 -13.720015 10.255170 -67.592822 5.732248 -17.926064 -5.615402 -0.000001 -0.000003 -0.000003 -10.923481 -0.478992 1.640603 11.246785 -4.770430 -9.185524 -4.985939 19.691470 7.907356 -0.000000 -0.000002 0.000000 5.705887 -1.399559 -1.372024 53.485128 18.267986 24.740608 37.425844 -5.669472 5.730486 0.000002 0.000002 0.000001 
2.439620 106.651627 -1.585366 2.747197 -30.746476 0.598787 -1.412112 2.465651 -10.327114 -2.629320 6.235294 -11.286881 -1.301555 1.317144 3.523883 7.859979 4.236872 -7.535399 0.000000 -0.000002 0.000001 -5.335119 -1.035289 17.548542 -4.322183 8.166748 46.378945 1.892430 20.309667 16.103698 0.000001 0.000002 0.000000 -6.731652 6.213768 -51.514919 -14.337361 12.520763 -69.316038 7.180724 -18.083851 -6.738096 -0.000001 -0.000002 0.000001 -10.410044 -0.367955 1.703641 10.961898 -4.523709 -9.496543 -4.239342 18.676206 7.075123 -0.000001 0.000000 0.000001 6.366358 -1.502994 -1.873440 55.000003 18.441960 23.659659 36.860216 -5.280291 5.953439 -0.000002 0.000002 -0.000000 
2.209650 106.694115 -1.581282 4.004526 -32.116540 1.003707 -3.606852 2.636038 -9.764079 -0.293482 7.300636 -13.140549 -2.907938 0.256213 4.162633 6.994803 5.600488 -8.368646 0.000000 0.000001 0.000002 -5.881593 1.444301 17.583912 -2.876628 9.548711 46.491913 1.412243 19.748085 17.037644 -0.000000 0.000001 0.000003 -5.662205 7.270277 -54.093582 -13.754038 13.915152 -71.197564 8.298548 -18.437664 -8.209768 -0.000004 -0.000001 0.000002 -11.002639 -0.623781 2.033758 10.788293 -4.646731 -10.244935 -4.033412 19.512606 7.391565 0.000000 0.000000 -0.000001 5.980391 -1.218420 -1.661013 56.803231 19.393593 23.742287 37.641524 -4.509365 6.317752 0.000002 0.000001 0.000004 
1.979291 106.740311 -1.575999 4.727587 -33.750533 1.345383 -4.383572 2.837375 -10.226221 -2.765738 7.469741 -12.724649 -1.360461 2.060364 4.167902 7.140599 5.969187 -8.792735 -0.000001 -0.000001 0.000001 -5.811334 2.031795 17.488493 -2.731974 9.158105 46.280563 1.886296 19.619628 17.815864 -0.000001 -0.000004 -0.000004 -6.588591 5.607485 -55.325471 -13.589104 16.158225 -72.965094 11.497905 -19.060888 -8.450828 -0.000001 -0.000004 0.000001 -11.016453 -0.772175 2.193350 9.532846 -4.436306 -10.479957 -3.930504 20.390130 7.899617 -0.000000 0.000001 -0.000000 5.969722 -1.114521 -1.833887 58.288302 19.704544 23.266582 36.793396 -4.763940 6.122720 0.000002 0.000002 0.000001 
1.719569 106.828316 -1.645906 7.117752 -35.268839 1.591490 -6.078430 3.169761 -9.837331 -3.190241 7.941526 -13.702410 -0.907036 1.977636 4.444025 5.485142 6.855038 -10.060379 0.000000 0.000001 0.000002 -6.962159 1.602290 17.708613 -4.337196 10.350271 47.029172 1.855869 21.519341 17.085612 -0.000002 0.000003 -0.000001 -7.851595 5.503000 -56.679498 -15.240852 15.864429 -74.219732 10.248785 -20.234027 -9.837397 -0.000000 0.000002 -0.000000 -12.915136 -0.773889 3.689059 21.939080 -7.381006 -8.717712 -9.253049 25.434933 12.172151 -0.000000 0.000001 0.000000 4.277680 -1.177851 -0.983260 59.452453 20.888054 23.314825 38.088167 -4.649374 6.658495 0.000001 0.000000 0.000003 
1.448500 106.896454 -1.680355 7.430778 -36.213158 1.981987 -5.851733 3.508766 -10.704821 -3.241700 8.572885 -14.690569 -1.480509 1.960479 4.934920 4.606333 7.473652 -10.729028 -0.000001 -0.000000 -0.000001 -7.748448 0.901392 17.781849 -4.949091 11.982804 47.167948 1.469407 22.760793 16.710840 0.000003 0.000001 -0.000002 -8.462620 5.913585 -58.516976 -16.518234 16.917945 -75.758894 9.974449 -21.447921 -10.757394 -0.000000 -0.000000 -0.000000 -12.874376 -0.767103 3.636913 29.202757 -9.009938 -7.069645 -11.142988 27.643343 14.063379 0.000001 0.000000 0.000001 4.694212 -1.246390 -1.710583 60.143682 22.479887 25.445735 40.368628 -5.692493 7.213132 -0.000004 -0.000002 -0.000001 
1.188489 106.961540 -1.722670 7.595755 -36.434678 2.193621 -5.327363 3.684481 -11.517973 -3.713328 8.853701 -14.946175 -1.501672 1.568415 4.971637 4.001491 8.049667 -11.133283 0.000001 -0.000000 -0.000001 -7.883638 0.219267 17.957911 -4.852320 12.844881 46.871596 1.573719 23.093592 17.015613 0.000002 -0.000000 0.000000 -8.530078 6.240906 -59.889476 -16.846544 18.219098 -76.984032 9.598846 -21.861887 -12.033286 0.000001 -0.000002 0.000000 -13.172941 -0.822180 3.727318 32.573773 -9.567701 -6.250920 -13.227449 28.165716 15.329950 -0.000003 -0.000001 0.000001 4.916982 -1.282820 -2.036049 60.658698 23.417855 27.138242 41.799965 -5.178568 7.493145 -0.000002 -0.000002 -0.000002 
0.924939 107.023491 -1.740355 9.824966 -37.739022 2.718206 -8.018640 3.780043 -10.385302 -2.401647 9.817637 -16.813907 -2.079395 0.747681 5.811784 3.554144 9.434034 -12.218466 0.000000 -0.000000 0.000001 -8.582959 1.746586 18.247860 -5.746592 12.507497 46.492739 0.844728 23.393114 16.719193 -0.000000 -0.000005 0.000003 -7.473025 7.979972 -61.767334 -17.486266 19.964378 -78.643987 10.796288 -22.858830 -12.779022 -0.000000 0.000000 0.000001 -14.577857 -0.950237 4.600981 28.826083 -9.087757 -8.449012 -11.654844 24.772090 12.616264 -0.000004 -0.000001 -0.000001 3.781734 -1.385502 -1.497013 63.138289 23.830445 25.923544 43.539249 -2.831737 7.914888 0.000000 -0.000002 0.000002 
0.660228 107.100777 -1.743855 9.991566 -38.414900 2.910682 -7.564601 3.940753 -11.297674 -5.047013 10.010264 -16.309133 -0.363867 0.496345 5.390323 2.926495 10.299656 -13.061582 -0.000001 -0.000001 -0.000000 -8.784478 2.509559 17.753875 -5.512609 12.466328 46.749237 1.032687 23.272545 17.282744 -0.000001 -0.000002 -0.000001 -6.808021 8.758058 -63.145440 -17.054062 21.015022 -80.770136 10.117209 -23.092547 -14.850503 -0.000001 -0.000000 -0.000000 -14.574326 -0.966299 4.507412 25.520344 -8.229861 -8.252048 -10.038746 22.743471 10.852655 -0.000001 0.000000 0.000001 4.162669 -1.446421 -1.785567 64.854313 24.517963 26.416431 45.075205 -1.903536 7.972822 -0.000003 -0.000001 0.000002 
0.408319 107.165031 -1.708387 10.034890 -38.777549 3.144762 -6.916412 3.971455 -12.573474 -5.139331 10.001307 -16.149779 -0.586038 -0.127049 5.273201 1.916190 11.005807 -13.011574 0.000001 -0.000000 -0.000002 -7.929776 4.068483 17.731234 -4.116711 10.878536 45.772461 1.669671 21.510205 19.210525 0.000001 -0.000004 0.000000 -4.952464 9.205738 -64.751512 -14.162418 20.211867 -82.922642 10.661385 -21.811651 -16.793492 -0.000001 0.000002 0.000000 -14.302258 -0.941455 4.834208 16.577947 -6.619720 -9.125407 -5.247528 26.038385 10.659688 0.000000 -0.000002 -0.000000 5.070802 -1.528600 -1.785792 66.064759 24.540754 26.111738 43.238448 -5.701262 7.417236 -0.000006 -0.000000 0.000001 
0.154794 107.232925 -1.686387 10.244555 -39.396910 3.367340 -6.871698 4.039632 -13.278800 -5.345475 10.321749 -16.476091 -0.659944 -0.240516 5.237660 1.224880 11.222086 -13.008825 -0.000001 0.000000 -0.000001 -7.531483 4.936009 17.659785 -3.310172 9.881002 45.215538 1.951384 20.202684 20.543158 -0.000001 0.000001 0.000003 -5.401596 7.829512 -65.513583 -12.434320 20.565638 -84.734869 9.931024 -20.924110 -19.845089 -0.000003 -0.000000 0.000001 -14.217248 -0.924944 4.951595 11.182823 -5.334638 -9.287450 -2.518593 27.666122 10.511939 0.000001 -0.000003 0.000000 5.273943 -1.604018 -1.782846 67.949939 24.528690 25.617130 42.234352 -6.530976 6.855354 -0.000002 0.000002 0.000004 
-0.094445 107.314796 -1.664637 11.546828 -40.613196 3.756963 -7.541473 4.220449 -13.671267 -4.673601 10.891249 -17.437922 -1.377982 -0.465320 5.930278 0.244684 11.681754 -13.156551 0.000000 -0.000001 0.000001 -7.527481 5.336013 17.207500 -3.298804 9.560273 45.322373 1.729844 19.811022 21.197233 -0.000000 0.000001 -0.000001 -5.786763 7.176303 -66.257124 -11.701598 20.135959 -86.563072 8.823794 -20.983125 -23.038167 -0.000001 -0.000006 0.000000 -14.707086 -1.040040 5.494354 7.693969 -4.519226 -9.116644 -0.811068 29.423058 10.665590 -0.000000 0.000000 -0.000001 4.608403 -1.619538 -1.232284 70.186211 24.362571 23.957788 41.488925 -6.496142 6.722944 -0.000003 0.000000 0.000003 
-0.329459 107.393250 -1.650975 12.774250 -40.616983 3.510693 -8.456845 4.178216 -12.773724 -4.085023 11.257251 -18.220178 -1.550373 -1.362493 6.046075 -0.150168 12.171011 -13.752766 -0.000001 0.000002 -0.000001 -8.094789 4.981913 17.137380 -3.277676 11.290413 45.238682 0.966785 20.874677 21.351805 0.000001 -0.000002 0.000000 -7.015066 6.773394 -66.463164 -12.560849 20.732392 -87.379976 6.630463 -21.979426 -25.636663 -0.000005 -0.000000 -0.000001 -15.492170 -1.308156 5.820373 8.693845 -4.592750 -9.258963 -2.664662 24.546834 9.126182 -0.000002 0.000000 0.000000 4.478959 -1.523642 -0.820452 69.831670 25.238877 25.503672 42.103888 -7.160971 7.036013 0.000001 0.000002 0.000006 
-0.568372 107.463142 -1.631567 13.138116 -40.170385 4.030214 -8.970803 4.371759 -13.138144 -2.147505 11.800219 -19.524263 -2.243696 -2.794861 6.091572 -2.374954 12.526406 -13.278917 0.000002 0.000001 -0.000003 -7.980075 5.488520 17.458626 -3.673166 9.809653 44.921075 1.630654 20.513377 22.112789 -0.000002 -0.000002 0.000000 -5.754104 7.749193 -67.814503 -11.612798 18.797539 -88.128893 6.825676 -22.054309 -28.756176 -0.000002 -0.000002 0.000001 -16.035025 -1.267045 6.059576 6.841270 -4.208985 -8.966155 -0.569010 27.823223 9.842387 -0.000000 -0.000001 -0.000001 4.938584 -1.738815 -0.912148 70.235744 25.463229 25.905157 41.284737 -7.472222 6.819059 0.000001 -0.000001 0.000000 
-0.795033 107.533562 -1.606002 14.054714 -39.650754 4.205093 -9.499560 4.541646 -13.266944 -0.273164 11.893965 -20.306275 -3.096961 -4.405054 5.834585 -4.135465 12.935845 -13.175392 -0.000001 -0.000001 -0.000004 -8.459048 6.593174 17.387761 -3.747206 10.047133 45.571388 1.793132 20.645198 22.322154 -0.000000 0.000002 0.000001 -5.582613 8.002689 -68.172787 -11.361133 18.214245 -89.444578 5.501969 -22.064967 -32.124251 0.000001 -0.000003 -0.000003 -16.753146 -1.274525 6.561908 5.416535 -4.028503 -8.265002 1.430003 29.055280 9.596651 -0.000001 -0.000001 -0.000000 4.732701 -1.905502 -0.384839 70.431353 25.530614 26.047416 40.475974 -6.911660 6.663191 0.000002 0.000004 0.000003 
-1.005229 107.606339 -1.578515 14.633443 -39.492536 4.373223 -8.928054 4.678707 -13.944151 -0.737380 11.855701 -20.179410 -2.865120 -4.722400 5.672860 -5.032994 12.932608 -13.300715 0.000000 -0.000000 -0.000002 -8.678033 6.328221 17.335725 -3.984565 10.555361 45.913624 1.067064 20.749561 22.325932 0.000002 -0.000001 -0.000001 -5.483359 8.488111 -68.706963 -11.768619 18.353406 -89.908922 2.978140 -21.599889 -34.307637 0.000002 -0.000005 0.000002 -17.152693 -1.231375 6.765280 5.105614 -3.929522 -8.008223 1.748346 29.661258 9.727484 -0.000001 0.000000 0.000000 4.754379 -2.069365 -0.252185 70.561079 25.360786 25.840561 40.685822 -6.588820 6.593275 -0.000001 0.000001 0.000002 
-1.206431 107.637932 -1.542325 15.527817 -40.971976 4.710192 -9.635800 4.751452 -13.801228 -2.754987 12.273848 -19.997018 -1.272308 -3.445130 5.893707 -5.174397 13.790703 -13.934380 -0.000002 -0.000000 -0.000002 -8.895826 7.959856 17.601903 -3.037587 10.894517 45.034480 0.649911 20.381793 23.539769 -0.000000 -0.000002 0.000000 -6.291205 7.223249 -69.182863 -10.745670 18.482034 -90.387384 3.060476 -22.152183 -38.555769 -0.000001 -0.000003 -0.000003 -17.216023 -1.494272 7.276154 3.920728 -3.498782 -7.622284 1.190090 31.648935 11.132451 -0.000001 0.000001 0.000000 4.222230 -1.963924 0.503744 72.272185 24.862997 24.214043 41.575006 -5.181224 6.380328 0.000001 0.000003 0.000004 
-1.389472 107.662163 -1.508520 16.063159 -41.586502 4.894585 -9.438530 4.866145 -14.389890 -4.332435 12.305200 -19.451323 -0.284153 -3.343391 5.648575 -5.440499 14.246407 -14.174459 0.000000 -0.000001 -0.000008 -8.687253 7.757523 17.798455 -3.093471 10.232502 44.867369 1.119628 20.474269 24.610176 0.000001 -0.000005 -0.000001 -7.084489 6.140363 -69.221454 -10.303179 19.518319 -90.654867 3.274716 -22.719648 -42.784786 -0.000004 0.000001 -0.000003 -17.261140 -1.591221 7.595590 3.828413 -3.092851 -7.598795 0.794734 31.718955 11.540469 -0.000001 0.000000 0.000000 4.203741 -1.998390 0.908460 72.871746 24.394716 23.620174 42.453608 -4.663506 6.252711 -0.000002 -0.000001 0.000001 
-1.558423 107.680290 -1.480545 15.922238 -41.713062 4.815461 -9.414686 4.875610 -14.369600 -4.426865 12.401113 -19.608479 -0.254154 -3.595102 5.476542 -5.667022 14.568973 -14.462453 0.000001 -0.000001 -0.000004 -8.738189 7.230577 17.818251 -3.729820 9.691938 45.107064 1.149740 20.827014 24.874133 0.000000 -0.000004 0.000002 -7.182158 6.300677 -69.453284 -10.637015 20.149318 -90.800480 2.129534 -22.761817 -45.338253 -0.000002 -0.000002 0.000001 -17.312026 -1.591545 7.693874 4.134840 -2.957820 -7.577961 0.787471 31.516774 11.532518 -0.000000 0.000001 0.000001 4.517772 -2.063432 0.978123 73.001724 24.468589 23.855279 42.546703 -4.259490 6.210620 0.000000 -0.000003 0.000002 
-1.722615 107.715797 -1.450262 15.911616 -41.468459 4.679063 -9.144968 5.028156 -14.934287 -2.356846 12.515353 -20.348117 -1.504979 -5.231870 5.374369 -7.082436 14.253290 -14.030569 0.000000 0.000001 0.000001 -8.834281 6.739096 17.575267 -3.830020 9.570242 46.476432 0.725962 20.567902 24.631411 -0.000000 -0.000002 0.000001 -6.837916 6.931327 -69.514025 -10.603744 18.014448 -91.125269 -0.120161 -22.067294 -47.961278 -0.000001 -0.000003 0.000003 -17.569454 -1.714597 8.023571 4.466139 -3.192838 -7.730139 1.208038 30.762865 10.837231 -0.000001 -0.000001 0.000000 4.777511 -2.016062 0.985572 72.126565 25.043136 25.142703 41.393040 -5.641187 6.186413 -0.000001 -0.000002 -0.000000 
-1.874636 107.752701 -1.413841 16.208042 -41.804371 4.260682 -9.251963 5.076597 -15.007234 -2.472457 12.475042 -20.243812 -1.263555 -6.054338 5.093123 -6.888267 14.564695 -14.473968 0.000000 -0.000000 -0.000003 -9.179750 7.320978 17.993375 -3.761888 9.762288 46.772551 1.439404 20.957319 24.916861 0.000001 -0.000005 -0.000002 -6.835527 7.101521 -69.331153 -10.666472 17.514599 -91.260316 -1.588402 -21.842687 -51.086376 -0.000001 -0.000001 -0.000001 -18.021360 -2.028534 8.968145 5.130930 -3.330935 -7.958179 1.621322 30.227364 10.363072 -0.000001 -0.000002 0.000001 4.680574 -1.997289 1.674179 72.060511 25.177023 25.353119 41.053262 -5.324877 6.229382 -0.000001 -0.000002 -0.000000 
-2.013107 107.770714 -1.372993 16.823033 -42.126165 4.014272 -10.038840 5.070102 -14.504245 -3.622134 12.401338 -19.762365 -0.264111 -5.986782 4.827499 -6.386930 15.028216 -14.956282 -0.000003 0.000000 -0.000001 -9.312993 8.087409 18.265794 -3.734247 9.339269 46.763361 1.801141 20.919339 24.994239 -0.000000 -0.000004 -0.000000 -6.824828 7.010831 -69.338216 -10.435742 17.987085 -91.413654 -2.143181 -21.760798 -53.334099 -0.000000 -0.000002 0.000000 -17.892527 -2.143508 9.320650 5.000530 -3.416205 -7.812865 1.227278 30.399068 10.677714 -0.000001 -0.000001 0.000000 4.823253 -1.940393 2.017050 71.904885 25.170362 25.425651 41.358588 -4.684198 6.232792 0.000001 -0.000000 -0.000000 
-2.148483 107.794266 -1.347133 17.008358 -42.309740 3.800156 -9.820639 5.163607 -14.851418 -4.115160 12.234335 -19.454423 -0.154629 -6.004515 4.626406 -6.897153 15.040999 -14.999000 0.000001 0.000001 -0.000001 -9.524753 7.292449 18.594587 -4.736442 9.071144 47.038601 0.752536 21.449210 24.836458 -0.000004 -0.000006 0.000006 -7.792846 6.455152 -68.973272 -11.209527 18.801802 -91.559710 -3.101439 -22.145640 -55.580022 -0.000001 -0.000000 0.000000 -17.461648 -2.080984 9.419399 4.730814 -3.198630 -7.372297 1.447199 29.902138 10.419269 -0.000001 -0.000002 0.000000 4.753093 -2.043335 2.021847 71.801421 25.290351 25.962966 41.589479 -4.500346 6.222788 -0.000000 -0.000001 0.000002 
-2.280301 107.824257 -1.321983 17.226410 -43.507984 3.645232 -9.814000 5.288391 -15.291325 -4.946598 12.407729 -19.495409 0.339848 -5.417133 5.121870 -7.275939 15.165207 -15.295941 -0.000002 0.000001 -0.000003 -10.208179 7.986381 18.837141 -5.351318 9.800913 47.172480 0.538705 22.428401 24.814187 0.000003 -0.000003 0.000004 -8.047700 6.697099 -69.187480 -12.010345 17.995250 -91.277221 -6.218789 -21.342195 -57.531530 -0.000004 -0.000000 -0.000000 -16.780035 -2.044136 9.694477 3.780829 -2.873891 -6.746838 1.312116 30.853197 10.866606 -0.000001 0.000000 0.000000 4.777503 -2.094459 2.051438 72.390784 24.941725 25.082154 42.568444 -4.856446 6.261623 -0.000002 -0.000002 0.000001 
-2.406497 107.848198 -1.305681 17.510587 -44.160236 3.676224 -10.424738 5.361461 -15.118853 -5.326599 12.681159 -19.761334 0.595426 -4.971729 5.375353 -7.364155 15.213960 -15.248747 -0.000001 -0.000001 -0.000003 -10.441782 7.951191 19.128949 -5.899657 9.672187 47.043379 0.021508 22.868378 24.824958 0.000000 -0.000001 0.000003 -8.064040 6.966027 -69.281887 -12.465386 18.458641 -91.246027 -8.131297 -20.848300 -58.790368 -0.000001 -0.000002 -0.000000 -16.508263 -2.127147 9.887353 3.243724 -2.823756 -6.630304 1.405919 31.664737 11.138427 -0.000001 -0.000002 -0.000001 4.412260 -2.021378 2.170731 72.991479 24.959605 24.574276 42.997813 -5.605863 6.373896 -0.000004 -0.000000 0.000002 
-2.538818 107.886414 -1.279314 17.848527 -44.584220 3.447499 -11.027773 5.534916 -15.147251 -5.116079 12.691534 -19.805740 0.692497 -4.972737 5.385486 -8.357488 15.559360 -15.125418 0.000002 -0.000000 0.000000 -10.672562 7.990034 19.024034 -6.232671 9.460165 47.518210 0.593076 23.514359 24.770724 -0.000003 -0.000000 0.000001 -8.157297 7.062638 -69.185745 -12.608490 17.965701 -91.198789 -9.739975 -20.172935 -61.154509 -0.000001 -0.000002 0.000001 -16.354314 -2.224810 10.341542 2.989052 -2.706290 -6.617013 1.166343 32.402247 11.751492 -0.000000 -0.000001 0.000000 4.424159 -2.029667 2.751401 73.371463 24.646832 23.825042 42.864580 -6.583429 6.343502 -0.000001 -0.000004 -0.000002 
-2.657662 107.927498 -1.245929 18.230793 -44.767041 3.147707 -10.871030 5.662290 -15.609305 -4.527752 12.677985 -20.185224 0.279094 -5.557643 5.702798 -8.546149 15.224724 -14.929545 0.000000 -0.000001 -0.000003 -10.865257 7.904055 18.420475 -6.505301 9.638015 48.521616 -0.962250 23.396794 25.036212 0.000003 -0.000003 -0.000003 -7.857613 7.807170 -69.294284 -13.048550 17.609676 -91.005843 -11.558019 -19.264868 -63.599354 -0.000001 -0.000000 -0.000000 -16.577634 -2.173661 10.504341 3.030487 -2.766028 -5.832169 0.745309 33.371010 12.332640 -0.000001 -0.000001 -0.000002 4.229746 -2.139281 3.047901 73.213768 25.273102 25.168200 42.329701 -7.961470 6.231422 -0.000001 -0.000001 0.000003 
-2.777369 107.967644 -1.208135 18.449997 -44.800823 3.145347 -10.158438 5.824724 -16.642459 -5.511047 12.471397 -19.605430 0.805325 -6.094306 5.553509 -8.615405 15.130872 -14.727392 0.000000 0.000001 -0.000002 -10.844179 7.478716 18.340673 -6.653900 9.533741 49.316172 -0.922489 23.510824 25.100802 -0.000001 -0.000003 0.000005 -8.041956 7.683396 -68.905387 -12.903159 15.992528 -91.037522 -13.086617 -17.901180 -65.464549 0.000000 0.000001 -0.000001 -16.964713 -2.212607 10.748705 3.106878 -2.748121 -5.569317 0.242350 33.691909 12.693591 -0.000000 0.000001 0.000001 3.907325 -2.192862 3.070917 73.667497 25.387805 25.106254 42.193145 -7.737114 6.234283 0.000001 -0.000001 0.000002 
-2.901824 108.015526 -1.179724 17.455841 -44.255377 2.839912 -8.638570 5.893381 -18.114563 -4.675775 12.320553 -19.690594 -0.071731 -7.260624 5.531976 -9.335341 14.900754 -14.437469 0.000000 0.000001 0.000001 -10.726882 7.971837 18.088626 -6.592480 9.105744 49.792639 -1.061111 23.496506 25.565635 0.000000 -0.000000 0.000001 -8.134300 7.444426 -68.800939 -12.545645 15.911735 -91.127079 -12.983694 -18.111872 -67.855826 0.000001 -0.000000 -0.000000 -16.647589 -2.058962 10.261793 3.056876 -3.122440 -4.759020 1.921698 33.912220 11.938679 -0.000000 0.000002 -0.000001 4.498420 -2.213147 2.715455 73.283162 25.660123 25.823724 42.829859 -7.414076 6.232551 -0.000006 -0.000002 -0.000000 
-3.032696 108.056282 -1.160637 17.273197 -43.531886 2.760917 -8.512672 5.968557 -18.486686 -2.856903 12.457976 -20.407560 -1.101015 -8.016195 5.564209 -10.096957 14.681299 -14.077421 -0.000001 -0.000001 -0.000006 -10.522869 8.642631 17.985292 -6.100834 8.917321 49.579155 -1.341486 22.982656 26.414122 -0.000000 -0.000005 0.000002 -8.101042 7.032350 -68.860219 -11.716231 15.096808 -91.386265 -12.880866 -17.760428 -69.865165 -0.000003 0.000000 0.000000 -16.645425 -2.030715 9.960439 3.174806 -3.575719 -4.422523 2.416013 33.388915 11.389760 -0.000000 -0.000002 0.000000 4.587710 -2.061696 2.723212 72.648781 25.763680 26.140088 43.726902 -6.756294 6.304598 -0.000001 -0.000002 -0.000002 
-3.149436 108.087608 -1.135355 16.737566 -43.689725 2.457485 -8.262383 5.999249 -18.603492 -2.494969 12.562245 -20.737602 -1.448545 -8.048769 5.603628 -10.428999 14.632620 -13.989170 0.000001 -0.000000 -0.000002 -10.282253 8.197841 17.841781 -5.759560 9.597947 49.753355 -1.319561 23.066874 26.913556 0.000001 0.000000 0.000001 -7.787911 7.423745 -68.881597 -11.780192 15.104342 -91.450031 -13.819460 -17.003812 -70.898648 -0.000001 0.000002 0.000000 -16.080222 -1.919894 9.818522 3.107510 -3.837754 -4.420512 2.024562 33.623300 11.606227 -0.000000 0.000000 -0.000000 5.075010 -2.032382 2.713002 72.439340 25.962577 26.318794 44.482922 -6.267324 6.463549 -0.000003 -0.000001 0.000002 
-3.261890 108.114548 -1.118489 16.976244 -43.600233 2.208606 -8.534018 6.040178 -18.426855 -2.018570 12.770652 -21.187110 -1.577022 -8.075931 5.751518 -10.164828 14.295664 -13.633363 -0.000001 0.000001 0.000004 -10.674113 9.137308 17.686150 -5.929214 9.659347 50.194189 -1.584393 23.516278 26.754095 0.000000 -0.000002 0.000005 -7.822627 7.496491 -68.834892 -11.978161 15.328978 -91.521277 -15.626938 -15.790619 -71.712431 -0.000003 0.000002 0.000000 -16.300127 -2.108974 10.031553 2.930705 -4.096751 -3.780873 3.079206 32.796181 10.875072 -0.000001 -0.000003 0.000000 4.813097 -1.963800 3.064255 72.098029 26.141475 26.566789 44.853763 -5.848043 6.645780 -0.000001 -0.000001 0.000003 
-3.364843 108.129395 -1.100122 17.130236 -43.286870 1.959620 -8.612637 6.046948 -18.265736 -1.796308 12.807690 -21.229898 -1.577863 -8.610845 5.551556 -10.486249 14.155092 -13.449287 -0.000002 0.000001 -0.000002 -10.519921 8.752399 17.705420 -6.079209 9.470511 50.428537 -0.185235 24.465719 27.278503 -0.000003 -0.000001 -0.000000 -7.900797 7.347081 -68.473056 -11.807249 15.048951 -91.786739 -15.894055 -15.819169 -74.246287 -0.000003 -0.000002 0.000001 -16.224614 -2.199595 9.995833 2.901049 -4.646844 -3.488762 3.678147 31.796918 10.002543 0.000000 -0.000001 -0.000001 4.926104 -1.812173 3.064864 71.009454 26.665272 27.675462 45.708189 -5.213094 6.871367 -0.000004 -0.000002 0.000001 
-3.451331 108.138260 -1.081535 17.493501 -43.357955 1.895502 -8.460125 6.064105 -18.404939 -2.361571 12.798706 -21.023744 -1.156583 -8.827429 5.539438 -10.766434 14.171833 -13.243644 -0.000000 -0.000000 -0.000002 -10.478186 8.565834 17.631710 -6.478641 8.967547 50.862728 -1.146709 24.551122 27.349975 -0.000001 -0.000004 0.000004 -7.950649 7.328237 -68.407705 -11.917382 14.991680 -91.811095 -16.627824 -15.487632 -75.665983 -0.000001 0.000004 0.000001 -16.403130 -2.325267 10.182477 3.066334 -4.904215 -3.546881 3.727400 31.150693 9.703165 -0.000001 -0.000002 0.000001 4.486601 -1.725587 3.430608 70.875295 27.046417 28.099345 45.648384 -5.152035 6.997787 0.000003 -0.000003 -0.000000 
-3.528269 108.158638 -1.058898 18.092280 -43.960723 1.826846 -8.273265 6.111891 -18.794112 -3.347119 12.652155 -20.434881 -0.632747 -8.944250 5.388421 -11.222983 14.086953 -12.985040 -0.000001 0.000000 -0.000001 -10.464321 8.463630 17.521196 -6.567201 8.904456 51.475191 -2.391223 24.430822 27.954976 -0.000000 -0.000002 -0.000001 -8.092742 7.145510 -68.094329 -11.896297 14.403286 -91.787046 -19.299900 -12.964954 -76.156650 -0.000002 0.000003 -0.000001 -16.373469 -2.497924 10.590779 2.768857 -4.848816 -3.561473 3.982022 31.309963 9.635513 0.000001 -0.000003 0.000001 4.119837 -1.641329 3.697107 71.164397 27.128009 27.912096 45.582183 -5.203397 7.018888 0.000000 -0.000003 -0.000000 
-3.599565 108.176498 -1.033519 17.870415 -44.365805 1.693525 -8.038949 6.147022 -19.239801 -3.727257 12.474131 -20.030525 -0.393128 -8.652175 5.124284 -11.410728 13.955648 -12.782200 0.000000 -0.000000 -0.000004 -10.054071 7.930358 17.457029 -5.991790 9.384114 51.497721 -1.836578 24.451012 28.582723 -0.000000 -0.000001 0.000003 -8.694370 6.123007 -67.499228 -11.440815 14.072248 -92.068450 -19.852372 -11.930361 -77.708066 -0.000002 0.000002 -0.000000 -16.151828 -2.485587 10.735345 2.582584 -4.816390 -3.465679 4.309334 31.432534 9.605126 -0.000001 -0.000001 -0.000001 4.592319 -1.661466 3.614942 71.436942 26.994110 27.478512 45.649194 -4.575246 7.005088 -0.000005 0.000001 0.000001 
-3.662919 108.193626 -1.013520 17.866496 -44.360310 1.751772 -7.774002 6.154069 -19.560064 -4.282851 12.489105 -19.891311 -0.072003 -8.753085 5.084155 -11.282807 13.954691 -12.748471 0.000002 -0.000000 -0.000001 -9.922431 8.109450 17.403845 -5.904889 9.319598 51.413067 -1.365225 24.640546 28.932019 0.000003 0.000001 0.000004 -8.155462 6.600117 -67.835540 -11.194407 13.369204 -91.919402 -20.495041 -11.166236 -78.178291 -0.000003 -0.000004 0.000000 -16.348423 -2.540818 10.871886 2.640844 -4.833539 -3.591259 4.459775 31.588839 9.543111 0.000000 -0.000002 -0.000000 4.685115 -1.670540 3.693247 71.515304 26.960715 27.392375 45.437570 -4.920018 6.940494 0.000001 -0.000002 0.000001 
-3.715749 108.208031 -1.011592 19.489462 -45.199941 1.835912 -9.675409 6.230867 -18.293572 -5.008206 12.606707 -19.870545 0.862798 -8.777359 5.166004 -11.495266 14.023463 -12.763225 0.000002 -0.000000 -0.000000 -10.401620 9.404811 17.650688 -5.780675 10.249733 51.169230 -2.577968 24.230653 29.116325 0.000000 -0.000003 -0.000002 -7.690761 7.255663 -67.695774 -11.607101 13.278760 -92.547144 -20.224521 -11.788498 -78.335583 -0.000001 0.000002 0.000002 -17.465492 -2.984468 12.376719 2.368596 -4.749474 -3.401115 5.023690 33.701799 9.975220 -0.000000 -0.000001 0.000000 3.719161 -1.662954 4.836423 72.515729 26.916917 26.325357 44.994978 -3.559630 6.992071 0.000001 0.000001 0.000002 
-3.754621 108.225662 -0.988080 19.975848 -45.414409 2.059446 -9.790944 6.282987 -18.356362 -5.005913 12.571297 -19.926069 0.751949 -8.456075 5.126626 -11.501648 13.844910 -12.719283 0.000002 0.000000 -0.000001 -10.329034 8.482999 17.422873 -6.448675 9.198323 51.353395 -1.348344 24.592243 28.963561 0.000000 -0.000005 -0.000001 -8.574309 6.498280 -67.320339 -11.730541 12.375697 -92.023767 -20.615823 -11.039979 -80.043164 -0.000001 0.000002 0.000000 -17.453572 -2.864127 12.251957 2.668669 -4.550347 -3.496751 4.312491 31.809492 9.613195 -0.000001 -0.000000 -0.000002 3.572684 -1.769236 4.812615 72.752019 26.403997 25.754000 44.208604 -4.490035 6.821493 -0.000001 -0.000001 0.000003 
-3.783853 108.236244 -0.970754 20.385644 -45.664101 2.111247 -10.354107 6.307864 -17.946496 -4.990514 12.639269 -20.040378 0.707535 -8.356081 5.221592 -11.436883 13.899087 -12.825282 -0.000001 -0.000001 -0.000002 -10.433236 8.329422 17.687663 -6.964544 8.604633 50.898191 0.085544 25.248308 28.804899 -0.000000 -0.000002 -0.000003 -8.667688 6.520592 -67.222558 -11.895813 12.407443 -91.805563 -20.557727 -11.031536 -81.167933 -0.000002 0.000000 0.000001 -17.184915 -2.779853 12.287322 2.293990 -4.396462 -3.352459 3.776452 31.201875 9.742275 -0.000000 0.000000 0.000000 3.383797 -1.820530 4.942246 73.254844 26.011435 24.940904 44.077069 -4.989426 6.746899 -0.000002 0.000001 0.000001 
-3.808446 108.257881 -0.948934 20.627153 -44.996347 2.225688 -10.379390 6.332636 -17.962701 -4.667828 12.614089 -20.158784 0.631410 -8.725947 5.107009 -10.925144 13.724601 -12.912523 -0.000001 0.000000 0.000001 -10.387439 8.310902 17.402581 -7.090910 8.437888 50.690655 0.816033 25.564500 28.551046 0.000005 -0.000002 0.000001 -8.463989 6.838315 -67.764977 -12.007625 12.284584 -91.219232 -20.894879 -10.690645 -81.714266 -0.000001 -0.000001 0.000002 -17.431257 -2.821271 12.350836 2.366143 -4.272676 -3.498637 3.722938 30.209162 9.371469 -0.000001 -0.000002 0.000000 3.265296 -1.847212 4.873065 73.142556 26.199952 25.549808 43.098572 -4.655848 6.503498 0.000001 -0.000002 0.000001 
-3.827780 108.283676 -0.925223 21.568218 -44.766129 2.294626 -11.384789 6.365774 -17.327965 -3.517826 12.530079 -20.485633 0.029558 -8.870543 5.022492 -10.817397 13.496195 -12.815462 0.000003 0.000001 -0.000002 -10.181345 7.684444 17.339275 -6.874030 9.103403 50.429329 0.984768 25.549322 28.282512 -0.000003 0.000002 0.000000 -8.569327 6.796166 -67.607419 -12.222682 12.791890 -91.074268 -21.319271 -10.246049 -81.710154 0.000000 0.000001 -0.000001 -17.762826 -2.879306 12.628036 2.524674 -4.182839 -3.775305 3.151048 30.624144 9.755129 -0.000001 0.000001 -0.000001 2.913760 -1.888969 5.150867 74.059482 25.398636 23.619214 41.899082 -4.938587 6.305029 -0.000003 -0.000002 0.000001 
-3.847791 108.302620 -0.905994 21.304074 -44.783901 2.212103 -10.988769 6.392898 -17.693375 -4.238935 12.441234 -20.061249 0.598937 -9.002323 4.901896 -10.888540 13.622292 -12.888757 -0.000001 0.000001 -0.000002 -10.186659 7.735571 17.387302 -6.535480 9.537277 50.097935 2.198954 25.920276 28.282934 -0.000004 -0.000004 0.000001 -8.558921 6.785884 -67.313707 -11.996981 12.588407 -91.221602 -21.069277 -10.356103 -81.947490 -0.000001 -0.000004 0.000000 -17.446697 -2.814900 12.514029 2.144443 -4.136069 -3.674476 3.642079 30.709446 9.616287 -0.000001 -0.000001 -0.000001 3.432252 -1.888822 4.901491 74.747972 24.837701 22.237624 40.590803 -5.588962 6.060207 -0.000006 0.000001 0.000002 
-3.862397 108.322151 -0.896325 19.931636 -44.050677 1.905750 -9.735324 6.426689 -18.662594 -4.531028 12.123364 -19.587535 0.906594 -9.824156 4.592757 -11.592319 13.659639 -12.597598 -0.000001 0.000001 -0.000000 -10.746288 8.684967 17.730418 -7.073480 9.788844 49.731803 0.007020 25.756377 28.220769 -0.000002 0.000002 0.000005 -7.781086 8.037683 -67.217565 -12.552539 12.110841 -91.927099 -21.983982 -10.359696 -80.472592 0.000002 -0.000001 -0.000001 -16.795223 -2.531280 11.884214 1.729762 -4.383370 -3.335867 4.722436 31.893787 9.457831 0.000001 -0.000002 0.000001 4.430380 -1.948364 4.175872 75.243959 25.231262 21.940946 40.280952 -5.093172 6.319710 -0.000002 0.000001 0.000001 
-3.882573 108.344727 -0.895225 19.153075 -43.324925 1.608666 -8.948350 6.388157 -19.152422 -4.622274 12.018864 -19.423275 0.830917 -10.089181 4.542645 -11.216155 13.384856 -12.392133 0.000002 -0.000002 -0.000001 -11.145324 9.414322 17.958058 -7.209814 10.159138 49.353598 -1.016261 25.743432 27.803801 -0.000000 -0.000009 0.000003 -7.852581 8.179655 -67.212839 -12.969153 12.917714 -91.996235 -22.193030 -10.786629 -80.166402 -0.000003 -0.000004 -0.000001 -16.667183 -2.539963 11.864471 1.460761 -4.529589 -3.173737 5.569849 31.904582 8.996411 0.000000 -0.000002 -0.000001 4.864734 -1.936395 3.760881 75.612127 24.975258 20.931277 40.028231 -5.357085 6.365080 -0.000003 -0.000001 0.000000 
-3.895194 108.363564 -0.887402 18.839764 -43.129773 1.514892 -9.035627 6.405128 -19.243645 -4.385219 12.026217 -19.490522 0.812705 -9.672309 4.662953 -11.162696 13.337116 -12.342506 -0.000001 -0.000001 -0.000005 -11.125845 9.380696 17.656311 -7.242558 9.993589 49.292195 -1.331261 25.782149 27.794171 -0.000001 -0.000003 0.000007 -7.628124 8.469001 -67.284836 -12.983509 13.724234 -92.121821 -22.332939 -10.882798 -79.771480 -0.000001 0.000005 -0.000002 -16.678250 -2.560883 11.820012 1.254871 -4.618202 -3.065837 6.320274 32.097262 8.776290 -0.000000 -0.000001 0.000001 4.865787 -1.925064 3.518043 75.905409 25.022046 20.759836 39.117139 -5.788056 6.240629 -0.000001 0.000004 0.000003 
-3.904227 108.371941 -0.875877 20.308574 -42.467767 1.745339 -10.074868 6.402653 -18.414465 -3.864959 11.980918 -19.568890 0.711161 -9.347597 4.525605 -11.046719 13.272748 -12.411378 0.000001 -0.000001 -0.000001 -10.614478 8.335537 17.386527 -7.119279 9.585194 49.002731 -0.137999 25.879699 28.016765 0.000002 -0.000006 0.000001 -8.118154 7.708172 -67.331486 -12.580093 13.567624 -91.604783 -22.171163 -10.410692 -80.130181 -0.000003 0.000003 -0.000001 -17.669071 -2.760397 12.054487 1.426652 -4.582836 -2.919630 5.094447 30.539108 8.828407 -0.000000 -0.000002 0.000001 4.015240 -1.912008 4.081346 75.799308 23.916954 19.348775 37.535079 -7.389527 5.772374 -0.000005 0.000001 0.000002 
-3.917569 108.371223 -0.871629 20.154000 -41.891073 1.837138 -9.380470 6.329657 -18.820410 -4.221603 11.940001 -19.493239 0.794159 -9.534704 4.564674 -10.828935 13.116422 -12.487308 -0.000001 -0.000000 -0.000001 -10.851423 9.148728 17.579324 -7.329717 9.544751 48.633440 -2.045333 25.227596 28.103648 -0.000000 -0.000007 0.000002 -7.559999 8.391733 -67.926716 -12.897232 13.714073 -91.634235 -22.211285 -10.719260 -79.486641 -0.000000 0.000002 0.000001 -17.910397 -2.731305 12.062413 1.269895 -4.601754 -3.085529 5.912654 31.284507 8.527728 -0.000002 -0.000001 0.000001 4.040863 -1.948621 3.671514 75.554357 23.572812 18.716259 34.647641 -7.557494 5.366694 -0.000002 0.000002 0.000003 
-3.927617 108.371681 -0.860284 20.071803 -41.656385 1.882259 -9.229678 6.361576 -19.119387 -4.072245 11.903720 -19.484627 0.885142 -9.470733 4.592611 -10.933203 12.784912 -12.307887 0.000002 0.000000 -0.000007 -10.795836 8.796531 17.414985 -7.116330 9.909709 48.880478 -2.727609 24.927848 28.260471 0.000003 -0.000003 0.000003 -7.527116 8.425847 -68.064761 -12.973671 13.375834 -91.655285 -22.452946 -10.490842 -78.960409 -0.000000 -0.000004 -0.000001 -17.866265 -2.662786 11.978710 1.081446 -4.574859 -3.141409 6.161341 31.482709 8.488364 0.000001 -0.000001 0.000000 4.027000 -1.961933 3.415158 75.661899 23.026682 17.602058 32.389433 -7.555390 5.103419 -0.000004 -0.000001 0.000001 
-3.932574 108.368309 -0.846956 20.229052 -41.455239 1.766339 -9.185399 6.254641 -18.948120 -3.868015 11.804372 -19.390892 0.745694 -9.661019 4.477748 -11.287136 12.832308 -12.296316 0.000001 -0.000001 -0.000006 -11.072816 9.655529 17.279378 -6.836979 10.489343 49.206537 -2.580308 25.069846 28.070730 -0.000001 -0.000006 0.000001 -7.482117 8.401681 -68.101098 -13.017338 13.525675 -91.833253 -22.250525 -10.820467 -78.823737 -0.000001 0.000004 0.000001 -17.826888 -2.716536 12.098193 0.679916 -4.538712 -3.018506 6.785518 31.600000 8.294082 0.000000 -0.000001 0.000000 3.851698 -1.945039 3.431186 75.502605 22.169262 16.175483 30.684410 -8.285090 4.799224 0.000001 -0.000001 -0.000000 
-3.947365 108.375793 -0.832086 20.762792 -41.018735 1.604007 -9.288753 6.192107 -18.702091 -3.824055 11.702971 -19.303499 0.726541 -9.778190 4.332903 -11.368958 12.640965 -11.970374 -0.000001 -0.000001 -0.000002 -10.831644 9.191906 17.281251 -6.515614 10.793653 49.375656 -2.395770 25.005910 28.251209 -0.000003 0.000001 0.000003 -6.975396 8.795765 -68.241356 -12.756913 12.526774 -91.958409 -21.374252 -11.583025 -79.740328 0.000002 -0.000000 0.000000 -18.536107 -2.928239 12.658929 0.732596 -4.632621 -2.911071 7.026362 31.025916 7.865719 0.000002 -0.000000 -0.000000 3.394221 -1.922053 3.914661 75.235538 21.587655 15.141821 29.057780 -7.763284 4.664719 0.000003 0.000001 0.000003 
-3.957602 108.378609 -0.822836 21.508505 -41.273337 1.625976 -9.825438 6.159780 -18.167338 -4.471321 11.727208 -19.138310 1.300074 -9.624181 4.222612 -11.656739 12.790071 -11.920573 -0.000000 -0.000000 -0.000002 -10.974707 9.468894 17.239449 -6.800983 10.430828 49.849511 -2.944423 25.028706 28.048088 -0.000002 -0.000004 0.000001 -7.516765 8.290926 -68.006869 -12.900903 12.487340 -91.867438 -22.076879 -11.141337 -79.598526 0.000004 0.000003 -0.000000 -19.060920 -3.198875 13.233908 0.908127 -4.657344 -3.219099 6.727787 31.392967 8.115406 -0.000000 0.000000 0.000000 2.817486 -1.887886 4.275021 75.402905 21.009805 13.899830 28.028038 -7.548793 4.580467 -0.000002 -0.000006 -0.000001 
-3.967397 108.380051 -0.811163 21.815114 -41.433024 1.787435 -10.128843 6.192451 -17.998484 -4.342397 11.724530 -19.182527 1.121105 -9.200763 4.257669 -11.581181 12.651007 -11.872675 0.000001 -0.000000 -0.000003 -10.874862 8.943878 17.358905 -6.655820 10.991727 49.723924 -3.072000 25.040092 27.982271 -0.000000 -0.000004 0.000001 -8.060186 7.733574 -67.886910 -13.074773 13.044576 -91.929039 -21.827478 -11.393040 -80.143609 -0.000001 -0.000003 -0.000003 -19.027830 -3.130268 13.096191 0.810313 -4.514628 -3.207823 6.896010 31.629862 8.140838 -0.000000 0.000001 -0.000001 2.560811 -1.914385 4.165830 75.698187 20.361755 12.719663 27.177398 -7.511715 4.462069 -0.000001 0.000000 0.000003 
-3.981752 108.384972 -0.794978 21.888726 -41.572486 1.766604 -10.080891 6.173079 -17.973428 -4.601453 11.744154 -19.185026 1.422209 -9.659596 4.248692 -11.917963 12.874399 -11.918131 -0.000001 0.000000 -0.000002 -10.999259 9.204832 17.589158 -6.920880 10.759598 49.991432 -3.614418 24.974932 27.781699 -0.000000 -0.000002 0.000006 -8.144770 7.725896 -67.741522 -13.195573 12.815821 -91.898727 -21.159381 -12.180065 -81.234172 -0.000000 -0.000001 0.000002 -18.939621 -3.131718 13.123006 0.809629 -4.466639 -3.238782 6.283261 31.791013 8.493455 0.000000 0.000000 -0.000000 2.727180 -1.949336 4.100796 75.786003 19.675835 11.534978 25.120007 -8.198652 4.009214 -0.000002 -0.000002 0.000002 
-3.994358 108.388138 -0.781913 22.105935 -41.741554 1.856845 -10.387219 6.225111 -17.847411 -4.792726 11.823281 -19.206738 1.676352 -9.826127 4.287104 -11.986487 13.004361 -11.879902 0.000001 -0.000000 -0.000001 -11.198034 9.695017 17.690711 -7.204443 10.321900 50.319438 -3.310467 25.220875 27.465750 -0.000002 -0.000003 0.000003 -7.917149 8.062058 -67.742636 -13.205063 12.237662 -91.900830 -21.910511 -11.522176 -81.104248 -0.000000 -0.000002 -0.000001 -18.925042 -3.161341 13.109740 0.721175 -4.527595 -3.151351 6.281514 31.987497 8.655595 -0.000000 -0.000000 0.000001 2.722742 -1.931103 4.004242 75.731642 19.326654 10.822268 24.308286 -8.619075 3.900829 -0.000001 0.000001 0.000003 
-4.008972 108.395157 -0.768979 22.024358 -41.970269 1.812900 -10.345740 6.193808 -17.876543 -4.647564 11.773577 -19.180201 1.409653 -9.500408 4.300272 -11.960168 13.026682 -11.869206 0.000001 0.000001 0.000001 -11.081092 9.872711 17.639956 -6.861600 10.380930 50.136194 -3.257203 24.922402 27.830934 0.000001 -0.000004 0.000001 -7.939596 7.843282 -67.768447 -12.983750 12.724091 -91.990313 -21.708757 -11.351209 -81.329911 -0.000001 -0.000003 0.000002 -18.902171 -3.152763 13.174072 0.890037 -4.547235 -3.205598 6.183919 32.083591 8.720066 -0.000001 -0.000000 -0.000000 2.626989 -1.954331 4.099921 76.130197 19.214562 10.544416 23.125260 -9.203480 3.572572 -0.000000 -0.000000 -0.000001 
-4.022224 108.388786 -0.756177 22.202998 -42.406175 1.967703 -10.806253 6.193978 -17.504733 -4.513481 11.946260 -19.462160 1.372816 -9.122717 4.440285 -12.069486 13.097637 -11.823104 0.000000 0.000000 0.000000 -11.126637 9.799236 17.566721 -6.790018 10.596741 50.205715 -2.565357 25.359058 27.904594 -0.000001 -0.000003 -0.000003 -8.101968 7.787218 -67.894983 -13.103381 13.072601 -92.011630 -21.948202 -11.336996 -81.584561 -0.000003 0.000003 0.000000 -18.840728 -3.182065 13.143709 0.771009 -4.560266 -3.167827 6.454684 32.496449 8.760734 -0.000001 -0.000001 0.000000 2.636812 -1.938323 4.031261 76.443054 19.165733 10.243341 22.273594 -10.078490 3.292072 0.000002 -0.000003 0.000001 
-4.035378 108.397041 -0.737609 22.138151 -42.310758 1.987288 -10.594770 6.203087 -17.690323 -4.237102 11.849981 -19.440771 1.276361 -9.493476 4.318526 -12.604027 13.194828 -11.694372 0.000000 0.000000 0.000000 -11.156567 9.804918 17.619431 -6.725671 10.648021 50.249913 -2.407796 25.401084 28.151837 -0.000001 0.000003 -0.000001 -7.923350 8.077033 -67.999314 -13.072800 12.636560 -91.998311 -22.101189 -11.145353 -81.460620 0.000001 -0.000000 0.000001 -18.961872 -3.210012 13.159553 0.878818 -4.593277 -3.172280 6.589778 32.477290 8.799562 0.000000 -0.000001 -0.000001 2.600293 -1.970725 4.161917 76.461762 19.152416 10.260896 22.087944 -10.434168 3.205196 0.000001 0.000002 0.000003 
-4.053040 108.415421 -0.727656 22.151135 -42.201738 2.036851 -9.901742 6.195732 -18.184863 -4.566797 11.770947 -19.217130 1.279976 -9.715299 4.255841 -12.805988 13.048548 -11.520188 0.000000 -0.000000 -0.000002 -10.908681 8.861930 17.689034 -6.442203 11.092994 50.301980 -2.919515 25.208247 28.225248 -0.000000 -0.000003 0.000005 -8.419676 7.571669 -67.689811 -12.998254 12.714439 -92.172877 -22.810936 -10.354392 -80.985054 -0.000000 -0.000002 0.000001 -19.209955 -3.328277 13.317916 0.817847 -4.704690 -3.046643 6.840645 32.353472 8.660281 -0.000002 -0.000002 -0.000001 2.539831 -1.944128 4.243572 76.177387 19.388563 10.703309 22.072065 -10.697950 3.206794 0.000002 -0.000000 0.000001 
-4.077073 108.426323 -0.708120 22.073238 -42.192001 2.067973 -9.761181 6.164233 -18.350210 -4.689432 11.663627 -19.078197 1.375341 -10.005840 4.114005 -12.763715 12.973487 -11.649221 0.000001 0.000002 0.000003 -10.995280 9.679537 17.663450 -6.450484 10.781795 50.420320 -2.774429 25.077982 28.403357 -0.000002 -0.000003 0.000003 -8.322664 7.547473 -67.614952 -12.790889 12.065720 -92.151328 -22.708005 -10.203807 -81.625986 -0.000001 -0.000000 0.000000 -18.903807 -3.240320 13.119555 0.850184 -4.617462 -3.199715 6.335599 32.620048 8.955798 -0.000000 -0.000002 -0.000000 2.498049 -1.938801 4.265518 76.516137 19.296309 10.574207 21.902456 -10.828341 2.999154 0.000001 0.000002 0.000003 
-4.094372 108.440338 -0.693838 22.329715 -42.629943 2.143569 -10.108914 6.179628 -18.176575 -4.628199 11.615426 -19.062141 1.286802 -9.726411 4.084371 -12.655243 12.762407 -11.567130 0.000001 -0.000001 -0.000003 -10.815201 9.043760 17.894133 -6.350876 11.095189 50.299644 -2.983738 25.030336 28.554468 -0.000003 -0.000002 0.000006 -8.560617 7.270764 -67.507035 -12.824456 11.962414 -92.098981 -22.706255 -10.119169 -81.929062 -0.000001 -0.000002 0.000001 -18.941462 -3.275952 13.287719 0.869664 -4.603039 -3.254548 6.663538 32.949560 9.006743 -0.000000 0.000000 0.000000 2.645385 -1.955251 4.180658 76.577486 18.890135 9.874452 21.876553 -10.416530 3.067337 -0.000001 -0.000001 0.000004 
-4.111392 108.450142 -0.675905 22.300757 -42.762489 2.209967 -10.070146 6.163566 -18.140378 -4.611998 11.714565 -19.208659 1.339959 -9.654217 4.192351 -12.490167 12.874225 -11.708881 0.000000 0.000001 0.000000 -10.874558 9.359412 17.551542 -6.418467 10.794764 50.587912 -3.099607 24.867039 28.508091 0.000003 -0.000002 0.000006 -8.208691 7.626605 -67.796717 -12.696940 11.746854 -92.212062 -22.870619 -9.837499 -81.613200 -0.000001 -0.000001 -0.000003 -18.904471 -3.290008 13.400124 0.750201 -4.447007 -3.245701 6.881146 32.562148 8.699247 -0.000001 -0.000002 -0.000000 2.837425 -1.942507 4.127876 76.345560 18.999682 10.294932 21.507878 -10.554883 2.928467 0.000004 -0.000003 -0.000000 
-4.123976 108.469009 -0.656457 22.653074 -43.210215 2.460047 -10.293832 6.240867 -18.235519 -5.127774 11.784376 -19.142618 1.829991 -9.411739 4.348425 -12.352790 12.958014 -11.842370 -0.000001 -0.000001 0.000001 -11.131143 9.815410 17.445379 -6.665792 10.687188 50.722494 -3.098039 25.075091 28.362473 -0.000002 0.000001 -0.000000 -8.236336 7.669972 -67.603375 -12.752682 11.353689 -92.346944 -23.492171 -9.221614 -81.857106 -0.000005 0.000001 -0.000000 -19.049573 -3.374424 13.687309 0.521478 -4.270760 -3.347701 7.288731 32.654759 8.542488 -0.000001 -0.000001 -0.000002 2.553329 -1.964573 4.301700 76.817007 18.529733 9.444775 20.953630 -9.884570 2.917916 0.000001 0.000001 0.000005 
-4.134562 108.486107 -0.633803 22.537536 -43.231013 2.517263 -9.976283 6.260835 -18.445747 -4.791147 11.699470 -19.122506 1.402032 -9.875779 4.220282 -12.143571 13.236271 -12.051996 -0.000001 0.000001 -0.000001 -11.226261 9.817769 17.723159 -6.815202 10.771089 50.648445 -3.885865 24.931620 28.267206 -0.000001 0.000001 0.000003 -8.412105 7.541129 -67.409965 -12.899453 11.430824 -92.233659 -23.323522 -9.446207 -82.617374 0.000001 -0.000001 0.000004 -19.089465 -3.359346 13.679919 0.571183 -4.302752 -3.396888 7.272356 32.471477 8.542441 -0.000001 -0.000001 -0.000000 2.713075 -1.983992 4.232772 76.724403 18.536466 9.399638 20.382242 -10.507039 2.754006 0.000001 -0.000003 -0.000000 
-4.144410 108.499443 -0.613067 22.618568 -43.444993 2.559858 -9.994287 6.253244 -18.336138 -4.459749 11.774673 -19.268513 1.068416 -9.728018 4.357444 -12.143591 13.373486 -12.082488 -0.000003 -0.000000 -0.000001 -11.140343 9.304686 17.820262 -6.798274 10.811607 50.343251 -4.306947 24.919761 28.476128 -0.000001 0.000002 0.000002 -8.475650 7.476239 -67.479919 -12.923242 11.700205 -92.136602 -22.961252 -9.831081 -83.513085 -0.000002 -0.000000 0.000000 -19.100754 -3.387536 13.609820 0.704038 -4.298232 -3.330796 7.323159 32.553307 8.601345 0.000001 -0.000000 -0.000002 2.835417 -1.946643 4.116548 76.636901 18.728944 9.694630 20.146130 -11.076556 2.671846 -0.000000 -0.000001 0.000003 
-4.157390 108.513054 -0.590411 22.944364 -43.382209 2.599139 -10.195522 6.286121 -18.186545 -4.703513 11.746479 -19.129383 1.369196 -9.609668 4.368532 -12.106486 13.564117 -12.186229 0.000001 -0.000000 -0.000004 -11.387725 9.659334 17.695697 -6.864912 11.009713 50.436627 -4.619076 25.016309 28.522385 0.000001 -0.000002 0.000001 -8.494538 7.648500 -67.564955 -13.054176 11.022201 -91.996897 -23.154956 -9.813043 -83.946986 -0.000001 -0.000002 0.000001 -19.187820 -3.447897 13.566006 0.421077 -4.451099 -2.997817 7.617904 33.027738 8.657227 -0.000000 -0.000002 -0.000001 2.929746 -1.922633 4.215158 76.328429 18.778029 9.692261 20.205090 -10.721666 2.846210 -0.000004 -0.000001 0.000003 
-4.172283 108.525795 -0.565433 23.259603 -43.167356 2.687140 -10.420433 6.317260 -18.064935 -4.404777 11.690571 -19.156498 1.430188 -9.835619 4.267029 -12.542618 13.634975 -12.141345 -0.000003 0.000001 -0.000001 -11.671589 9.797899 17.604895 -7.031634 11.279725 50.817386 -4.982543 25.258075 28.396423 0.000002 0.000000 -0.000004 -8.798881 7.639155 -67.391912 -13.377380 10.701912 -91.940978 -23.896260 -9.373579 -84.118738 0.000001 0.000002 -0.000000 -19.514788 -3.572139 13.687671 0.392573 -4.492040 -3.031517 7.418138 33.040702 8.759984 0.000002 -0.000001 -0.000002 2.824591 -1.934524 4.393144 76.171035 18.979195 10.061135 20.232101 -10.656334 2.920928 0.000002 0.000000 -0.000002 
-4.194344 108.540436 -0.545375 23.105005 -43.260004 2.690887 -10.108413 6.333315 -18.364432 -4.948771 11.743726 -19.107526 1.576739 -9.424578 4.554996 -12.123950 13.555190 -12.208509 -0.000000 0.000000 -0.000001 -11.417573 8.711273 17.552849 -7.002102 11.431868 50.939920 -4.774427 25.358884 28.561143 0.000004 -0.000001 -0.000001 -8.660799 7.928455 -67.558098 -13.579884 11.348816 -91.858326 -24.361774 -8.879379 -83.627941 -0.000000 -0.000002 -0.000001 -19.445301 -3.528753 13.755594 0.238691 -4.445833 -2.973245 7.409651 32.963644 8.765712 -0.000000 -0.000002 0.000001 3.327515 -2.014807 4.262846 76.049526 18.647537 9.591814 20.028828 -9.559112 3.124086 -0.000001 0.000001 0.000001 
-4.215497 108.551750 -0.523824 23.253413 -42.986205 2.780647 -10.140854 6.303680 -18.335913 -4.631236 11.833146 -19.375095 1.423157 -9.313822 4.713549 -12.382468 13.445962 -12.008740 -0.000002 0.000000 0.000004 -10.870992 7.535341 17.421798 -6.509035 11.980813 50.924927 -3.947519 25.537808 28.864031 -0.000000 -0.000004 0.000001 -8.723405 7.703951 -67.640634 -13.284072 10.566086 -91.879295 -24.406839 -8.588818 -83.814638 -0.000002 -0.000004 -0.000001 -19.705839 -3.585818 13.849203 0.152310 -4.347392 -2.983141 7.436164 32.961561 8.695428 -0.000001 -0.000002 -0.000001 3.319902 -2.044253 4.517057 75.955959 18.793960 10.111767 19.460314 -9.851686 2.829136 0.000003 0.000000 -0.000001 
-4.230749 108.557426 -0.502076 23.795155 -42.816185 2.950300 -10.312996 6.268066 -18.156374 -4.754930 11.674821 -19.137656 1.500141 -9.237124 4.550946 -12.369104 13.490151 -12.081335 0.000001 0.000001 -0.000002 -10.622442 7.183745 17.293486 -6.379751 11.833091 50.997853 -2.874189 25.785863 29.005078 0.000002 0.000000 0.000002 -8.692345 7.618250 -67.794033 -13.018305 10.060002 -91.892245 -24.150227 -8.709907 -84.124114 -0.000001 -0.000002 0.000002 -20.108753 -3.653212 13.910655 0.194702 -4.478179 -2.953224 7.097803 33.103325 8.883778 -0.000001 -0.000002 -0.000000 2.979577 -2.008112 4.717560 75.833254 19.103525 10.646827 19.293249 -10.133804 2.708051 0.000000 0.000002 0.000003 
-4.242591 108.560181 -0.484378 23.885156 -42.693549 3.050381 -9.961580 6.199437 -18.231018 -4.957855 11.636589 -19.004066 1.546399 -9.145803 4.412658 -12.372772 13.308908 -11.954101 0.000001 0.000001 -0.000001 -10.344403 6.601503 17.147212 -5.982553 12.418766 50.973336 -2.912867 25.834417 29.362222 0.000002 -0.000001 -0.000001 -8.596889 7.630395 -67.928171 -12.799436 9.477217 -91.824537 -24.380456 -8.404490 -84.107393 0.000001 -0.000002 0.000000 -20.199337 -3.648217 13.752721 0.444982 -4.507852 -3.174234 7.051424 33.253896 8.988320 -0.000000 -0.000001 -0.000000 2.993580 -2.009815 4.692301 75.698372 18.885927 10.333722 19.252690 -10.347549 2.654900 -0.000001 -0.000003 0.000001 
-4.254762 108.569397 -0.471122 24.100469 -42.451904 3.110556 -9.892056 6.114305 -18.056572 -4.568991 11.572244 -19.100458 1.316084 -8.914333 4.289504 -12.239070 12.962178 -11.839518 0.000000 0.000001 0.000001 -10.153220 6.405957 17.079653 -5.975137 12.406065 50.832351 -3.384050 25.709985 29.499375 -0.000005 0.000001 -0.000002 -8.973757 7.118663 -67.874650 -12.763598 10.029441 -91.756017 -24.516740 -8.232133 -84.377609 -0.000000 -0.000000 -0.000000 -20.515250 -3.704880 13.787959 0.796630 -4.542110 -3.408410 6.843750 33.176708 9.091310 -0.000001 -0.000000 -0.000001 2.846405 -2.018547 4.718250 75.249178 19.117655 11.004061 18.803079 -10.772633 2.376464 0.000001 0.000001 0.000001 
-4.263461 108.573601 -0.453358 23.851782 -42.731282 3.043203 -9.606737 6.050787 -18.089614 -4.526722 11.564221 -19.054406 1.055413 -8.658725 4.244040 -11.997856 12.862756 -11.774497 0.000000 0.000000 -0.000003 -9.933874 6.004303 17.021972 -5.617052 12.838660 50.722238 -2.755685 25.966416 29.668153 -0.000001 0.000000 -0.000003 -9.249674 6.665639 -67.571287 -12.616702 10.130678 -91.829619 -24.220908 -8.465319 -84.990448 -0.000004 -0.000000 -0.000000 -20.109089 -3.607787 13.559772 0.636609 -4.678565 -3.234003 6.876326 33.478456 9.110932 -0.000001 -0.000002 0.000000 3.041412 -1.994158 4.525259 75.094037 19.154992 10.977188 18.798547 -10.793793 2.355800 0.000003 0.000004 0.000004 
-4.268245 108.578545 -0.429833 23.908522 -42.619940 3.051312 -9.681151 6.007142 -17.838980 -4.513706 11.539812 -18.985277 1.271457 -8.847527 4.026691 -11.732307 12.835046 -11.925765 0.000000 0.000000 -0.000002 -10.040664 5.967510 17.027812 -5.782874 12.796212 51.014130 -3.382045 25.908557 29.410740 -0.000003 -0.000000 0.000000 -9.013946 6.998245 -67.658754 -12.765466 9.907730 -91.705822 -24.903051 -7.870728 -84.542579 -0.000000 -0.000002 0.000000 -20.263763 -3.682082 13.687192 0.551873 -4.704557 -3.324334 6.655957 33.439524 9.156906 0.000000 0.000000 0.000001 3.095521 -1.984700 4.450046 74.499803 19.440069 11.631999 19.455688 -11.529678 2.371628 -0.000002 -0.000001 0.000001 
-4.272249 108.582123 -0.404411 23.636725 -42.881973 3.189105 -9.185335 6.026576 -18.277747 -5.542220 11.469476 -18.509997 1.913367 -8.508667 4.037395 -11.389111 12.760732 -12.040251 0.000002 -0.000000 -0.000003 -10.120103 6.238448 16.994687 -5.601914 12.959618 50.923227 -3.762471 25.724962 29.369462 0.000001 0.000002 0.000001 -9.104562 6.801480 -67.498054 -12.623352 10.116146 -91.870552 -24.661402 -8.103364 -84.455836 -0.000002 -0.000001 0.000001 -19.841095 -3.619494 13.441183 0.458971 -4.630471 -3.722609 6.047974 34.025649 9.621441 -0.000000 -0.000001 -0.000000 3.079445 -1.874963 4.345816 74.526298 19.422348 11.405657 19.558209 -12.207601 2.304989 0.000002 -0.000002 -0.000001 
-4.271304 108.575890 -0.383492 23.340218 -42.738932 3.215642 -9.142944 5.953850 -17.972565 -5.183650 11.633784 -18.750599 1.775138 -8.588938 4.038662 -11.407086 12.916351 -12.131610 -0.000001 -0.000000 -0.000001 -10.042900 6.241243 16.751983 -5.444383 12.871217 50.837638 -3.559629 25.644936 29.476556 -0.000000 0.000002 0.000001 -8.775200 6.980344 -67.658529 -12.443523 10.414726 -92.053130 -24.117495 -8.608653 -84.380731 0.000000 0.000002 0.000000 -19.784768 -3.629542 13.366832 0.310325 -4.676850 -3.844759 6.187185 34.311367 9.575200 -0.000000 -0.000000 -0.000001 3.395459 -1.817099 4.037275 73.974958 19.627226 11.784652 19.883984 -12.721004 2.379789 -0.000001 -0.000001 -0.000001 
-4.265082 108.577843 -0.370030 23.382379 -42.600136 3.410607 -9.168495 5.919201 -17.746068 -4.759965 11.658756 -18.957600 1.476358 -8.250638 4.107491 -11.747806 12.766545 -11.897658 -0.000001 -0.000000 -0.000001 -9.969746 6.475478 16.878041 -5.517191 12.502248 50.358814 -3.398832 25.436128 29.253499 0.000002 -0.000004 -0.000001 -9.025073 6.599629 -67.550024 -12.238288 10.699897 -92.235940 -23.532358 -9.056151 -84.142227 -0.000002 -0.000002 0.000001 -20.003666 -3.645601 13.343923 0.188538 -4.752732 -3.927845 6.213685 34.291904 9.501627 -0.000000 -0.000001 0.000002 2.907678 -1.792107 4.227675 73.939755 19.767855 11.899048 19.513454 -13.338804 2.154576 -0.000000 -0.000000 -0.000000 
-4.238392 108.557159 -0.349930 21.709027 -41.503303 3.388857 -7.635326 5.811822 -18.163413 -3.093819 11.508254 -19.346014 0.064930 -8.780309 3.973682 -10.603783 12.727008 -12.180937 0.000001 0.000000 -0.000003 -10.384158 6.668594 17.280097 -6.406775 11.913300 49.690528 -3.335395 25.714281 28.435351 -0.000002 -0.000004 0.000001 -9.202219 6.882214 -67.646678 -12.793702 11.596821 -91.775660 -24.393881 -8.163602 -83.790800 -0.000001 -0.000006 -0.000000 -19.144155 -2.943202 11.312867 1.140283 -4.623249 -3.275643 6.382973 31.124585 8.371670 -0.000001 -0.000002 0.000000 3.826470 -1.911469 2.948593 72.922542 19.963168 13.300376 20.408668 -16.061649 1.700458 -0.000000 0.000004 0.000002 
-4.201999 108.538246 -0.324929 21.162187 -40.973523 3.420074 -6.921712 5.739906 -18.272937 -2.367657 11.326720 -19.347861 -0.647882 -9.071330 3.936808 -9.952126 12.706844 -12.357260 -0.000002 -0.000000 0.000001 -10.733541 7.514614 17.306822 -6.727947 11.408549 49.342946 -3.211012 25.584480 28.122182 0.000000 -0.000000 0.000001 -8.954458 7.273698 -67.525627 -12.856064 12.240543 -91.689600 -25.082135 -7.308971 -82.696864 -0.000000 -0.000002 -0.000001 -18.702917 -2.632641 10.391559 1.273516 -4.556319 -3.090542 6.253244 29.501855 7.825659 -0.000001 -0.000001 0.000001 4.105427 -1.924416 2.111973 72.037691 19.907046 13.835871 21.065167 -17.206949 1.551334 -0.000002 0.000001 0.000003 
-4.147902 108.491966 -0.296762 20.444358 -40.460289 3.275297 -6.794043 5.501145 -17.422908 -3.088644 11.231134 -19.022931 0.027056 -8.119539 3.811262 -9.375342 12.676146 -12.627738 0.000000 -0.000000 -0.000000 -10.510229 7.662180 17.052484 -7.006596 10.640700 48.572139 -3.690333 25.167234 28.231351 -0.000001 -0.000001 0.000004 -8.807483 7.253585 -67.422908 -12.838417 13.225268 -91.542662 -25.622683 -6.877029 -80.962276 -0.000002 0.000002 0.000000 -18.177473 -2.344254 9.813187 1.108804 -4.597747 -3.138508 5.912166 28.502023 7.520011 -0.000001 -0.000001 0.000000 3.837219 -1.943556 1.636186 71.848481 19.840441 13.905338 21.716909 -17.405839 1.585460 -0.000000 0.000002 -0.000000 
-4.065485 108.449966 -0.270997 19.914540 -39.611559 3.260442 -6.066196 5.139866 -17.012224 -3.537375 11.004230 -18.407595 0.340878 -8.491611 3.618808 -9.354236 12.982690 -12.684518 0.000002 -0.000001 -0.000004 -9.839242 8.205427 16.567502 -6.595118 8.890106 47.965424 -4.442226 23.420616 28.902478 -0.000001 0.000000 -0.000003 -7.903594 7.197079 -67.237379 -11.630823 13.241368 -91.453200 -23.211139 -8.484296 -81.104050 -0.000003 0.000003 -0.000001 -18.030784 -2.239334 9.226214 1.474378 -4.670760 -3.620702 5.024104 28.429071 7.794015 -0.000000 0.000001 -0.000001 3.083929 -1.763976 1.406968 71.214305 19.649423 13.954741 21.113363 -17.890531 1.342170 -0.000001 0.000005 0.000005 
-3.975504 108.385513 -0.255304 20.244349 -39.513440 3.552434 -6.736907 5.047788 -16.151369 -4.152827 10.993049 -18.215326 0.583185 -7.087703 3.884647 -8.724541 12.655458 -12.620415 0.000002 -0.000000 -0.000002 -9.286553 7.283931 16.517317 -6.168582 9.101900 46.891021 -5.197718 22.447714 29.034830 0.000001 -0.000000 0.000001 -7.872624 6.933181 -67.097087 -11.603484 14.705092 -91.388758 -23.480990 -8.028302 -78.883644 -0.000003 0.000002 0.000000 -18.189818 -2.100107 8.999648 1.275143 -4.567288 -3.883311 4.525125 29.021115 8.154842 -0.000001 -0.000002 0.000001 1.958103 -1.740855 1.323700 71.459147 19.180414 13.046743 20.969516 -17.279477 1.389377 -0.000004 -0.000001 0.000003 
-3.855007 108.306503 -0.223155 20.004951 -37.400292 3.441689 -6.617785 4.624849 -14.830021 -3.688543 10.715754 -17.846195 0.258853 -6.208976 3.532709 -7.213818 11.774019 -12.266584 0.000004 -0.000000 -0.000002 -7.961117 4.930926 15.938807 -5.074538 9.032061 45.614015 -4.903441 21.195165 29.793186 -0.000002 -0.000002 0.000001 -7.666218 6.263334 -67.234579 -10.818937 15.955851 -91.132181 -21.308939 -8.961385 -78.484741 0.000000 -0.000002 0.000000 -18.530052 -2.016417 8.371976 1.685044 -4.385864 -4.169183 3.009971 27.593435 8.370455 -0.000001 -0.000002 -0.000001 0.572229 -1.598017 0.974166 70.124951 19.343934 14.482634 17.925367 -18.224333 0.227032 -0.000001 0.000004 -0.000004 
-3.699439 108.219307 -0.191301 18.821638 -35.203652 3.060209 -5.419863 4.086606 -13.752512 -4.041933 10.482968 -17.301342 0.614399 -6.740878 3.416085 -6.134226 11.845612 -12.409456 -0.000001 -0.000001 -0.000004 -7.881962 5.286540 15.772570 -5.559728 7.290413 44.377570 -5.816661 19.971827 29.366050 -0.000001 -0.000003 0.000003 -6.902193 6.719488 -67.461369 -10.763110 17.590515 -90.453951 -19.754972 -9.902947 -77.296349 -0.000001 -0.000001 0.000001 -18.184819 -1.896255 7.675365 2.289431 -4.083108 -4.794492 2.274477 25.314812 7.663854 0.000000 -0.000002 0.000001 -0.739374 -1.377042 0.256485 68.402391 19.475144 15.931281 15.056780 -18.913977 -0.579280 -0.000001 0.000000 0.000003 
-3.520279 108.120720 -0.148567 17.282001 -34.173547 2.863386 -4.628273 3.674718 -13.075631 -3.745741 10.270117 -17.026627 0.212152 -6.234924 3.500492 -5.120293 11.449835 -12.315798 -0.000001 -0.000000 -0.000002 -7.318630 4.390980 15.615469 -5.864624 6.354559 43.046840 -6.416578 19.634164 29.452838 -0.000000 -0.000002 0.000001 -7.177958 6.159233 -66.965183 -10.849861 19.187171 -90.050423 -19.623863 -10.312781 -76.272934 0.000001 0.000003 -0.000002 -17.017891 -1.590169 6.567109 2.197423 -3.928756 -4.945428 1.492638 24.011624 7.413043 -0.000001 -0.000001 -0.000001 -1.185163 -1.250395 -1.058710 66.822350 19.403478 17.075845 13.422025 -19.666007 -1.295013 0.000001 0.000001 0.000004 
-3.289277 108.003448 -0.103149 15.821392 -32.549888 2.560807 -4.328545 3.299292 -11.743139 -1.105610 9.779368 -17.059067 -2.352093 -5.067229 3.665418 -3.233812 10.114029 -11.324203 -0.000001 -0.000001 -0.000001 -6.084648 1.867093 15.565472 -5.345533 6.933936 40.475821 -7.689630 18.632447 29.700582 -0.000003 -0.000001 -0.000007 -6.837936 6.116627 -66.647217 -11.126414 20.961721 -88.995432 -19.386633 -10.596188 -73.605602 -0.000001 -0.000001 -0.000001 -16.302227 -1.170665 5.376338 3.163928 -4.106584 -5.309148 0.919172 21.817111 6.672755 -0.000001 -0.000000 -0.000000 -1.766415 -1.154715 -2.437479 64.046035 18.784461 17.556318 11.443113 -20.408602 -2.002241 0.000001 0.000002 0.000003 
-3.007716 107.877518 -0.043325 14.122868 -30.294778 2.271089 -2.759532 2.905369 -10.916101 -1.258039 9.078546 -15.756688 -2.721186 -4.732303 3.414398 -1.689993 9.111031 -10.539074 0.000000 0.000001 0.000000 -6.027865 2.080077 14.911082 -5.838050 6.396549 38.353141 -9.873026 17.782613 28.700175 -0.000003 -0.000001 0.000003 -6.077987 6.789710 -65.974341 -11.833067 23.102703 -87.367545 -19.080092 -11.309672 -71.041153 -0.000002 0.000003 0.000000 -15.510275 -0.921571 3.914019 4.263032 -4.603496 -5.416998 0.427972 20.276030 6.073259 -0.000001 -0.000001 0.000000 -2.383243 -0.889148 -3.904061 60.170306 17.897488 17.455913 11.480925 -20.932675 -1.921122 -0.000000 -0.000001 -0.000001 
-2.713044 107.775764 0.006054 13.118974 -28.306976 1.861406 -1.346434 2.612066 -10.357546 -2.251736 8.385089 -14.343548 -1.901078 -4.064654 2.988433 -1.997488 7.898176 -9.290610 0.000003 -0.000002 0.000001 -5.716272 1.238741 14.200071 -6.459346 5.364982 37.077262 -10.356116 17.295533 28.367688 -0.000004 0.000001 0.000003 -5.698442 6.986022 -65.112344 -12.311139 24.351448 -86.073334 -18.832392 -11.283128 -68.193059 0.000000 -0.000002 0.000002 -15.946035 -0.918562 3.503780 5.764623 -4.943943 -5.590154 0.021253 18.923883 5.559473 0.000000 0.000001 -0.000000 -3.432561 -0.663214 -4.160118 56.771668 17.210347 17.620440 10.317302 -20.052687 -1.823081 -0.000002 0.000002 0.000003 
-2.379186 107.718796 0.023295 12.266164 -25.944960 1.059011 -0.922917 2.334991 -8.827787 -0.722076 7.734559 -13.679624 -2.655403 -3.746006 2.799752 -2.796465 5.316787 -7.625535 -0.000002 -0.000001 -0.000001 -6.506238 0.470559 12.517242 -6.844863 6.869401 36.481201 -12.462912 17.747003 26.330652 0.000001 0.000001 -0.000002 -7.456681 5.700067 -62.719626 -14.353094 26.581607 -83.818347 -19.741012 -11.532787 -64.488542 -0.000000 -0.000000 -0.000001 -15.590383 -1.095547 2.817384 9.413768 -5.688874 -5.826312 -1.441663 14.271316 3.683044 -0.000001 0.000001 0.000001 -5.174715 -0.152895 -3.445332 53.681838 16.422966 16.666597 12.933929 -18.210667 -0.269221 -0.000001 -0.000001 0.000008 
-2.016034 107.645729 0.058863 10.427461 -22.750353 0.571282 0.810220 1.905411 -7.989587 -1.139991 6.785363 -12.145959 -2.832432 -4.096152 2.175429 -0.839525 4.058256 -6.061645 0.000000 0.000000 0.000002 -5.372792 -0.656051 12.068698 -6.302125 6.297327 33.801913 -11.158787 17.042493 26.369796 -0.000000 -0.000001 -0.000001 -6.184683 6.192112 -61.203884 -13.618187 24.874857 -81.420069 -17.983977 -12.414698 -61.934373 -0.000000 0.000002 0.000002 -15.133269 -0.841563 2.402035 8.754162 -5.541390 -5.695164 -0.423838 14.040102 3.359702 -0.000001 -0.000001 0.000001 -6.311549 -0.129738 -3.568293 51.678663 15.345837 15.396904 14.586755 -15.836415 0.742507 0.000001 0.000001 -0.000003 
-1.659264 107.630241 0.077638 10.636798 -21.287080 -0.055907 0.529555 1.817130 -7.026660 -1.305331 6.197896 -11.043045 -2.238642 -4.180219 1.972865 -0.983283 2.736768 -4.647964 0.000000 -0.000002 -0.000001 -6.001648 -0.145468 11.543156 -6.524307 7.382385 32.659219 -12.260952 18.035687 24.160172 -0.000005 0.000001 0.000004 -5.661987 7.423835 -59.449707 -14.656034 24.293938 -79.329662 -19.120397 -12.987849 -58.838391 -0.000000 -0.000004 0.000001 -15.229659 -1.402153 2.683436 11.789644 -6.230782 -6.563548 -2.929818 11.388719 2.805662 -0.000002 -0.000003 0.000000 -7.964252 0.355342 -2.648037 51.729551 14.326986 10.978692 14.203215 -15.698203 0.993731 -0.000003 0.000001 0.000002 
-1.278570 107.636421 0.088867 9.761937 -19.380967 -0.769567 1.780244 1.548204 -6.412245 0.350196 5.474175 -10.069706 -3.972415 -4.332756 1.775609 -1.221586 0.831289 -2.615426 -0.000002 0.000001 0.000003 -5.639711 -0.959610 10.556738 -5.995180 7.455975 31.065121 -11.388867 17.917092 23.547559 -0.000002 -0.000004 0.000002 -5.489537 7.378037 -56.561336 -14.019709 22.852609 -77.948004 -17.793333 -13.742574 -55.674825 0.000004 -0.000002 -0.000001 -15.942208 -1.739852 3.116558 13.130744 -6.346806 -6.640648 -4.255692 9.888475 2.555890 -0.000001 -0.000002 -0.000002 -9.590936 0.560765 -1.159346 49.027651 12.840480 8.018495 10.923508 -15.683093 0.245037 -0.000001 0.000002 0.000000 
-0.886684 107.657310 0.081637 9.005322 -17.722801 -1.482205 2.934322 1.273151 -5.684898 1.015918 4.830343 -8.900468 -4.609704 -3.856845 1.388189 -1.797917 -1.112560 -0.857013 0.000001 -0.000001 0.000003 -4.821307 -2.255801 9.827864 -5.323337 6.598673 28.708344 -9.933024 17.501902 24.041287 0.000000 0.000001 0.000003 -5.756063 6.227188 -53.472663 -12.986190 22.488791 -76.023796 -14.301027 -15.499397 -54.089767 -0.000000 0.000000 0.000001 -16.571222 -2.132829 3.641281 12.636337 -6.598057 -6.656681 -4.221306 10.299976 2.784535 0.000000 -0.000002 -0.000001 -12.297704 0.846851 0.252581 43.725795 11.280245 5.278509 5.665245 -12.656995 -0.163874 -0.000003 -0.000000 0.000001 
-0.517515 107.672707 0.072841 8.233446 -15.206972 -2.034640 4.901971 1.012687 -5.072301 -1.629262 4.140536 -7.366382 -2.647393 -3.900599 0.505039 -3.072493 -2.601473 0.442344 -0.000001 -0.000000 0.000002 -4.393001 -2.874466 9.449879 -5.018545 6.205060 26.687868 -7.983185 17.695220 24.021943 -0.000003 0.000002 0.000002 -6.093935 5.199367 -51.040037 -12.637423 22.825539 -74.098735 -11.463644 -16.588817 -52.310623 -0.000002 -0.000003 -0.000002 -17.391803 -2.213941 3.616098 13.938810 -7.063887 -6.118854 -3.762180 9.952297 2.556028 -0.000000 -0.000002 -0.000001 -13.189119 0.895901 0.991561 37.334046 10.085647 3.946360 0.755319 -10.730207 -0.755016 -0.000002 0.000005 0.000000 
-0.149216 107.657768 0.083126 6.907817 -12.730153 -2.917145 5.284139 0.846325 -3.834137 -2.082651 3.212254 -5.896340 -1.833798 -4.089660 -0.417635 -3.558635 -3.773213 1.685143 0.000000 0.000002 -0.000001 -4.372857 -3.037259 8.708521 -4.106255 6.758679 24.634158 -5.612959 17.707964 22.775645 -0.000004 -0.000006 -0.000005 -6.237749 4.630377 -47.523978 -12.806816 22.352248 -71.892850 -8.776510 -17.146121 -49.445010 -0.000003 -0.000000 0.000000 -16.523315 -2.168768 3.756858 14.875228 -7.141216 -5.676018 -4.074166 9.760728 2.541976 -0.000001 -0.000001 -0.000001 -13.261655 0.772807 1.830613 31.823952 9.112953 1.930018 -1.648939 -8.050920 -0.130571 -0.000000 -0.000002 0.000003 
0.227427 107.649605 0.091182 6.986889 -10.951803 -3.725939 4.970498 0.730270 -2.757467 -0.146387 2.624338 -5.295125 -3.695885 -3.980784 -0.395052 -3.559936 -4.572091 2.727931 0.000001 0.000000 0.000000 -4.648170 -3.477399 7.828021 -4.446399 8.077167 22.681523 -4.678695 19.272719 20.393164 0.000000 0.000002 -0.000004 -6.309151 4.874759 -43.417259 -14.345603 20.859263 -68.879439 -8.661628 -17.959311 -45.500046 -0.000001 -0.000005 0.000003 -16.147889 -2.208594 4.080230 14.259263 -7.274529 -5.336923 -3.993463 10.580448 2.817802 0.000000 0.000001 -0.000001 -14.360819 0.634251 2.610211 27.481119 8.861307 0.243227 -2.855496 -5.150466 1.264556 0.000002 0.000001 0.000002 
0.580923 107.624039 0.111390 7.183917 -9.737006 -4.198858 4.538560 0.602145 -2.253001 1.767160 2.256470 -4.899646 -5.201446 -4.432631 -0.211270 -4.031810 -4.865856 3.594925 0.000000 -0.000001 0.000001 -4.132174 -4.755902 7.829044 -3.721556 9.517590 20.192261 -4.493743 19.906342 19.893399 -0.000003 0.000001 -0.000001 -5.590254 6.265278 -40.387335 -14.232960 18.329434 -67.245664 -8.157265 -18.719744 -42.442635 -0.000003 -0.000004 -0.000000 -16.533400 -2.332709 4.222414 13.962196 -7.188149 -4.999096 -2.799338 10.956425 2.889081 -0.000000 -0.000000 0.000001 -15.267109 0.666967 2.885143 24.475237 8.477319 -0.283145 -3.546017 -3.406779 1.918788 -0.000000 -0.000001 0.000002 
0.934093 107.576042 0.146697 5.318057 -7.638524 -5.065310 5.720259 0.322109 -1.077374 0.935189 1.477699 -3.545133 -4.373972 -4.422623 -1.078279 -4.021706 -5.150024 3.779314 0.000000 0.000000 -0.000001 -3.689442 -3.793894 7.712947 -3.319716 9.278787 16.846281 -2.585938 19.637829 19.472536 0.000000 -0.000003 0.000003 -5.210190 5.927888 -36.738703 -13.953515 17.876415 -64.560546 -5.798615 -19.232718 -39.237910 -0.000004 -0.000003 0.000002 -13.920722 -1.934284 4.296845 11.149199 -6.160660 -3.630144 -3.477143 9.649384 2.701847 -0.000001 -0.000000 0.000001 -12.624747 0.499256 2.804547 18.021717 7.305686 0.293359 -4.235521 -2.424417 1.692238 -0.000000 0.000001 0.000000 
1.256861 107.528488 0.184734 4.608245 -6.549849 -5.669948 5.801133 0.239731 -0.547390 0.036208 0.950455 -2.520505 -3.591520 -3.509047 -1.195795 -3.811490 -5.500882 3.784616 -0.000001 -0.000001 0.000001 -3.108482 -4.701946 7.124838 -2.855082 8.730229 13.970735 -1.342028 19.046408 19.012914 0.000001 0.000002 0.000002 -4.896747 5.405868 -32.510638 -12.491385 15.298205 -62.117224 -4.443060 -18.829104 -35.615898 -0.000001 -0.000003 -0.000002 -12.686427 -1.968292 4.461576 9.217671 -6.045839 -3.080969 -4.000855 10.671856 3.310535 -0.000000 -0.000000 0.000001 -11.726643 0.571597 3.369653 14.121752 6.949060 0.614771 -5.127022 -0.476939 2.163489 -0.000001 0.000001 0.000001 
1.557430 107.488495 0.221618 4.263324 -5.887694 -5.880859 5.705041 0.218553 -0.447473 0.317486 0.631162 -1.860999 -3.853410 -3.284649 -1.155436 -4.172494 -5.176954 3.718129 -0.000001 0.000001 -0.000000 -3.048976 -5.034479 6.861725 -2.749394 8.611947 11.747988 -0.119597 19.790376 18.119146 0.000003 0.000002 0.000000 -4.960772 5.169670 -29.254175 -11.919786 14.296710 -59.592581 -3.029654 -19.823258 -32.690795 -0.000000 -0.000000 0.000000 -11.501777 -2.167317 4.367362 8.011300 -6.019978 -2.887267 -3.897392 10.997779 3.583275 -0.000000 0.000000 0.000000 -11.711201 0.772807 3.750140 12.950130 6.815239 0.919909 -4.775761 0.122152 2.396019 -0.000001 0.000001 0.000001 
1.831438 107.433998 0.256470 2.146517 -5.431955 -6.220078 6.320219 0.215935 -0.292237 1.264521 0.206387 -1.615695 -4.736643 -2.105686 -0.577687 -3.416543 -5.271716 3.324439 -0.000001 0.000002 -0.000000 -3.686639 -5.227768 5.917360 -1.199800 11.366718 9.835031 -1.641188 19.617248 15.874393 -0.000003 -0.000002 0.000001 -4.983942 6.165975 -25.432107 -11.983598 10.304674 -56.302912 -2.347199 -19.216923 -29.327842 0.000000 -0.000001 -0.000001 -9.679835 -1.570849 4.487011 8.863973 -5.951437 -2.406913 -4.576803 10.359940 3.425333 -0.000001 0.000001 0.000001 -10.054436 0.131992 4.671771 12.201823 6.388317 0.268135 -4.095921 1.433389 2.785030 -0.000001 0.000001 0.000001 
2.085070 107.385307 0.283701 1.744244 -4.210580 -6.266952 5.910689 0.157008 0.194049 -0.622825 -0.185420 -1.034773 -2.669019 -2.476782 -0.783243 -3.524835 -4.527434 2.647077 0.000000 0.000001 0.000001 -4.362052 -3.300090 5.359970 -0.771567 12.096258 7.534268 -1.274784 19.678791 13.961646 0.000001 0.000001 -0.000000 -4.812879 7.200306 -21.555867 -11.764854 7.159077 -51.872432 -0.971981 -19.276126 -26.833897 -0.000004 -0.000002 0.000000 -9.792277 -1.631989 4.563929 8.964781 -5.838458 -2.356964 -4.221189 9.370781 2.887343 -0.000001 0.000000 -0.000000 -9.043530 0.048454 4.933373 10.127445 6.171496 0.671606 -4.123033 -1.291628 1.730844 -0.000001 0.000002 -0.000000 
2.316401 107.335548 0.313645 -0.371534 -4.347695 -6.092237 7.259892 0.111165 -0.168301 0.716996 -0.228165 -1.078300 -4.435784 -1.246750 -0.177508 -3.083591 -4.584531 2.482923 0.000000 0.000000 0.000000 -3.787259 -4.995011 4.688151 -0.045429 12.412394 5.619883 -1.311332 18.386417 14.314361 0.000000 -0.000001 -0.000002 -5.135644 5.316968 -18.386676 -11.920188 6.148270 -48.084638 -0.341644 -17.821302 -24.574665 -0.000003 -0.000004 -0.000000 -7.618448 -1.159575 4.415319 8.887994 -5.161482 -2.437030 -4.253667 8.281448 2.491011 -0.000001 -0.000000 0.000002 -6.781965 -0.227713 4.951052 9.519774 5.468814 0.163731 -5.163244 -1.018961 1.460791 -0.000000 -0.000000 0.000000 
2.526464 107.272514 0.334706 0.378266 -3.664062 -5.733114 3.932915 0.098367 0.056770 2.824811 -0.285841 -0.837279 -4.964853 -0.968290 -0.122111 -2.714275 -4.311433 2.230307 0.000000 0.000000 0.000000 -2.777927 -4.729648 3.951885 -0.446836 10.333301 3.585052 0.009789 16.904872 14.456924 0.000001 0.000000 0.000002 -4.871519 2.769386 -15.209740 -11.054441 6.185075 -42.848119 1.638110 -16.803327 -23.883280 -0.000001 -0.000002 0.000000 -7.888343 -1.207096 4.053743 7.765548 -4.731207 -2.264394 -4.098356 7.091970 2.125929 -0.000001 0.000000 0.000001 -6.474204 -0.058495 4.562480 7.477183 4.818234 0.535157 -5.071992 -1.969812 0.663867 -0.000000 0.000002 -0.000000 
2.710557 107.197998 0.351673 0.428465 -3.162914 -5.278908 2.605457 0.069585 0.009002 3.665652 -0.311706 -0.620822 -5.137217 -1.107382 0.160523 -4.342922 -3.640836 1.640812 -0.000001 -0.000000 0.000001 -2.530475 -3.608944 2.919940 -1.215560 8.780579 2.303191 0.284828 15.786881 13.256460 -0.000002 -0.000000 0.000001 -4.504690 1.588826 -11.823752 -9.628301 4.233064 -37.662875 2.027706 -15.804248 -22.770078 -0.000001 -0.000002 0.000001 -7.121711 -1.193248 3.543835 6.586715 -4.360236 -2.054746 -3.725594 6.331027 1.866101 -0.000000 0.000001 -0.000001 -5.461371 0.062531 4.112760 5.826467 4.350563 0.615302 -4.897999 -2.518618 0.307123 -0.000001 0.000001 0.000001 
2.874026 107.124962 0.353968 -0.728783 -2.426144 -4.921201 3.407954 0.056706 -0.116036 3.618834 -0.399298 -0.379357 -5.265256 -0.950569 0.294993 -3.754518 -3.181620 0.996567 0.000000 0.000001 -0.000000 -2.383615 -3.025352 2.197085 -1.331850 7.797790 1.456415 0.491254 14.266625 12.104165 0.000001 -0.000000 0.000001 -4.081800 1.044716 -8.962525 -8.256142 2.679468 -33.819098 3.254667 -14.954595 -22.503112 -0.000002 -0.000000 -0.000000 -4.872012 -0.988743 3.127648 5.010847 -3.845552 -1.642504 -3.018067 5.565240 1.490724 -0.000000 0.000000 -0.000001 -3.815351 0.063360 3.722517 5.009802 3.895615 0.597967 -3.987257 -3.065874 -0.009879 -0.000001 0.000001 0.000001 
3.003591 107.046143 0.356233 0.447006 -1.692176 -4.609976 1.148222 0.119807 -0.122457 4.572414 -0.682135 0.009086 -5.045919 -0.877897 0.478962 -4.110001 -2.883791 0.515945 0.000000 -0.000000 0.000000 -2.387309 -3.581424 1.084963 -1.681662 7.267256 0.731582 1.359642 13.909010 10.825827 -0.000001 0.000000 0.000001 -3.993238 0.637205 -5.804436 -6.816250 0.466795 -29.670478 3.579203 -14.578538 -21.284555 -0.000000 -0.000002 0.000000 -5.548461 -0.918051 2.912664 4.825951 -3.522146 -1.334196 -2.903468 4.177404 0.912125 -0.000001 -0.000000 -0.000002 -4.634220 0.060135 3.529785 4.588848 3.543735 0.585357 -3.908448 -3.442276 -0.379754 -0.000001 -0.000000 0.000001 
3.109038 106.968903 0.366068 -0.252990 -1.755860 -4.011538 1.208979 0.200586 -0.569328 4.816827 -0.715688 0.077298 -4.827592 -0.065208 1.105311 -4.900494 -2.434549 -0.034402 0.000000 0.000000 0.000000 -2.465658 -4.061053 0.454331 -0.775119 7.486313 -0.360326 -0.445768 12.610633 9.206529 -0.000000 0.000002 0.000001 -3.922055 -0.148539 -2.783482 -5.053205 -1.626339 -25.502919 4.822006 -14.031606 -20.068277 -0.000005 -0.000001 -0.000002 -3.729564 -0.742075 2.421848 3.599727 -2.869711 -1.318041 -2.919201 3.381864 0.674289 -0.000001 0.000000 -0.000000 -3.855681 0.075443 3.035357 4.508898 3.282719 0.328164 -3.740676 -3.235502 -0.359758 -0.000000 0.000001 0.000001 
3.204076 106.890678 0.383397 -0.678675 -1.373358 -3.634240 1.573144 0.208828 -0.672154 4.801791 -0.813841 0.285422 -4.540259 0.185655 1.255722 -5.233599 -2.045786 -0.439537 0.000000 0.000000 0.000000 -2.343328 -4.142941 0.072798 -0.974554 6.742350 -1.051770 -0.866120 11.457244 8.063528 -0.000000 -0.000004 0.000001 -3.593987 -0.392527 -0.795605 -3.461860 -3.054035 -22.193107 6.319869 -13.364816 -19.542068 -0.000000 -0.000004 0.000001 -2.744027 -0.631592 2.128135 3.458331 -2.286084 -1.188322 -2.583857 2.613634 0.410338 -0.000000 0.000000 0.000000 -3.117478 0.013727 2.590521 4.256993 2.821972 0.328630 -3.253033 -3.228458 -0.414259 -0.000001 0.000001 0.000000 
3.271310 106.814102 0.409032 -1.336873 -0.666129 -3.237795 3.229844 0.118379 -0.783929 1.256764 -0.880816 0.449825 -2.170832 -0.221460 1.367084 -4.771015 -1.531966 -0.501688 -0.000001 -0.000000 0.000000 -2.201784 -2.039526 -0.131387 -1.248709 5.464445 -2.001351 -1.108628 9.762391 6.805666 0.000003 0.000002 0.000000 -2.970199 -0.037083 0.946689 -1.606266 -3.887378 -17.991184 6.563860 -11.981256 -19.098539 0.000000 -0.000001 -0.000001 -1.493407 -0.494263 1.892716 3.016730 -1.801438 -1.054586 -2.200894 1.404248 -0.017070 -0.000001 0.000000 -0.000001 -1.909473 -0.061313 2.228631 3.832010 2.282533 0.329652 -2.682023 -3.129454 -0.490232 -0.000001 -0.000001 0.000002 
3.319782 106.728821 0.435284 -1.490149 -0.781489 -2.869960 3.112130 0.100070 -0.741501 2.533105 -0.798433 0.412943 -3.418653 -0.064263 1.550012 -6.121888 -1.249895 -0.371808 0.000001 0.000000 0.000000 -2.029768 -1.627185 -0.582405 -2.343464 4.055389 -2.313460 -0.811950 8.673959 5.763255 0.000001 -0.000004 -0.000000 -2.501783 0.780223 2.478077 -0.291388 -4.616203 -13.891940 6.210291 -10.828334 -18.805715 0.000000 -0.000000 0.000000 -0.325601 -0.340551 1.626571 2.099202 -1.269874 -0.892528 -1.490391 0.721503 -0.276285 -0.000001 0.000000 -0.000001 -0.872335 -0.175693 1.973893 2.901202 1.749237 0.123399 -1.901334 -2.737573 -0.406570 -0.000002 -0.000000 0.000001 
3.354138 106.648392 0.464276 -1.078512 -0.191669 -2.665712 2.511166 0.062431 -0.470496 2.889582 -0.862130 0.652978 -3.632860 -0.521484 1.185756 -6.663346 -1.160443 -0.196633 0.000000 -0.000000 0.000000 -1.691831 -2.398895 -0.718638 -2.510020 3.797269 -2.813445 -1.390456 8.506155 5.271879 0.000002 0.000001 -0.000000 -2.280770 0.700270 3.094685 0.376570 -4.827488 -10.705145 6.377305 -10.852738 -18.449898 -0.000003 0.000002 -0.000004 -0.230692 -0.292540 1.551489 1.938743 -0.988299 -0.570388 -1.027912 -0.632104 -0.761158 -0.000001 -0.000001 0.000000 0.257087 -0.302381 1.709994 1.110304 1.035719 0.334502 -0.944599 -2.575386 -0.484394 0.000001 -0.000000 0.000000 
3.377593 106.573433 0.473420 -0.126995 -0.284690 -2.248167 0.247744 0.113146 -0.375502 4.341335 -0.777434 0.605505 -3.884096 0.448552 1.118661 -6.271850 -1.554090 -0.003391 0.000000 -0.000000 0.000000 -1.447942 -3.273573 -0.834596 -2.392027 3.314093 -3.105211 -1.139459 7.387606 4.859301 0.000003 -0.000004 0.000002 -2.256589 -0.939766 3.267695 0.960805 -4.952163 -7.511150 5.365723 -9.582305 -17.780832 -0.000002 -0.000001 0.000002 -1.206553 -0.299210 1.167262 2.138145 -0.435081 -0.428340 -1.706026 -1.499212 -0.855728 -0.000000 0.000001 -0.000001 -0.271899 -0.269868 1.323075 0.783497 0.365389 0.277379 -1.012529 -2.039722 -0.603721 -0.000001 -0.000001 0.000002 
3.378085 106.524940 0.474421 -0.703692 -0.674006 -1.664815 -0.176233 0.139931 -0.532803 5.118264 -0.609577 0.393525 -4.276710 0.132236 1.141093 -5.320239 -1.081011 -0.345911 0.000001 0.000000 0.000000 -1.324197 -2.487464 -0.792714 -2.454687 2.646334 -3.088092 -0.080989 6.766900 4.236886 -0.000003 -0.000004 0.000001 -1.991946 -0.705646 3.310988 1.427365 -4.845015 -4.391003 3.990036 -8.576671 -17.523479 0.000000 -0.000002 0.000001 -0.453657 -0.219768 0.754695 0.982675 -0.128635 -0.612319 -0.285778 -1.261040 -0.875158 -0.000000 -0.000000 -0.000000 0.836984 -0.276471 0.728966 -0.215677 0.127278 0.343715 -0.429690 -1.908163 -0.698803 -0.000001 -0.000000 0.000001 
3.369814 106.480896 0.477935 -1.203778 -0.712205 -1.284062 -0.302837 0.157939 -0.562337 4.762377 -0.601129 0.455059 -3.890594 -0.240292 0.869942 -4.579058 -0.775105 -0.515785 -0.000001 0.000000 0.000000 -1.281613 -2.261874 -0.882750 -2.304952 2.220801 -3.057972 0.897197 6.069509 4.231983 -0.000000 -0.000006 -0.000000 -1.803247 -0.312139 3.263124 1.395741 -4.394159 -2.179610 3.059238 -7.578914 -17.611298 0.000000 -0.000002 0.000000 0.150303 -0.125035 0.445689 0.673593 0.058607 -0.585595 0.049129 -1.463145 -0.924519 -0.000001 -0.000000 0.000000 1.494119 -0.296248 0.443823 -0.181212 -0.016674 0.263283 -0.317155 -1.613242 -0.725447 -0.000002 -0.000000 0.000000 
3.335974 106.445900 0.499121 0.087877 -0.901997 -0.881219 -1.289875 0.264947 -0.541980 5.390426 -0.332912 0.032152 -4.146354 0.118917 1.045622 -6.022873 -0.867431 -0.186418 -0.000001 -0.000000 0.000000 -1.398018 -3.134981 -1.273249 -2.694556 2.401320 -2.908511 0.450359 6.060622 4.115025 -0.000000 -0.000004 0.000002 -1.884063 0.321872 3.460051 -0.204870 -3.772360 -0.770837 2.645105 -7.223908 -16.493063 -0.000001 -0.000000 -0.000000 -0.843670 0.002735 0.316799 0.302801 0.085844 -0.768272 0.295119 -0.935727 -0.625989 -0.000000 0.000001 -0.000001 1.061236 -0.401340 0.241270 -0.867967 -0.029307 0.126706 -0.434370 -0.382569 -0.280880 -0.000000 -0.000001 0.000001 
3.281281 106.410469 0.509113 -0.455500 -0.837464 -0.695289 -1.329165 0.215638 -0.476858 4.977081 -0.196527 -0.025232 -3.986337 0.288194 1.018794 -4.437712 -0.660082 -0.015767 0.000001 -0.000000 -0.000000 -1.079155 -2.922105 -1.515126 -2.210515 2.150276 -2.867456 -0.102895 5.510862 4.221076 0.000000 -0.000007 0.000002 -1.546443 0.244938 3.816847 -0.117497 -3.184531 -0.100296 2.296980 -6.584672 -14.840580 -0.000001 0.000004 0.000001 0.090102 -0.031255 0.277497 -0.035203 0.281811 -0.615157 0.301493 -1.924930 -0.956850 -0.000000 0.000000 0.000001 2.190586 -0.452991 0.141917 -1.271054 -0.341747 0.214856 -0.284171 -0.606441 -0.434736 -0.000002 0.000001 0.000001 
3.219249 106.366028 0.527861 -0.401602 -0.593127 -0.622521 -1.401425 0.155254 -0.264279 5.592073 -0.075654 -0.088553 -4.536869 0.200753 0.900558 -4.115962 -0.318651 0.170575 0.000000 -0.000000 0.000000 -0.812777 -2.674421 -1.673602 -2.264547 1.556437 -2.793353 -0.496705 4.825687 4.443742 -0.000001 -0.000004 0.000001 -1.173011 0.487510 3.947760 -0.919254 -2.054327 0.332617 2.149919 -5.737839 -13.518076 0.000001 -0.000003 0.000002 0.281316 -0.000354 0.312505 -0.286365 0.271648 -0.482032 0.467786 -2.294521 -1.066004 -0.000001 -0.000000 0.000001 3.460338 -0.570107 0.178926 -2.827761 -0.543214 0.250744 -0.190565 -0.747013 -0.413456 -0.000001 -0.000001 0.000002 
3.140432 106.324234 0.538396 -0.524005 -0.580842 -0.639932 -0.389794 0.106337 -0.061686 1.955690 -0.059055 -0.117361 -1.828270 0.216440 0.820534 -4.031745 -0.197577 0.064854 0.000000 0.000000 0.000000 -0.857867 -2.290235 -1.522743 -1.805001 1.569365 -2.874836 -0.470922 3.965089 4.317702 -0.000000 0.000002 0.000002 -0.976805 0.830317 3.692576 -1.518382 -1.399716 0.600095 2.434896 -4.596009 -11.019259 -0.000001 0.000004 0.000000 0.506207 -0.013854 0.541352 -0.618843 0.536829 -0.542544 0.741827 -2.284725 -1.063591 -0.000001 0.000000 -0.000000 4.318175 -0.552449 0.381845 -3.642153 -0.648906 0.117271 -0.851940 -0.443274 -0.361039 -0.000002 0.000001 -0.000000 
3.047294 106.280815 0.536190 -0.308808 -0.532884 -0.454143 -0.361241 0.074856 -0.040236 0.805742 -0.039575 -0.122142 -1.150757 0.271187 0.680872 -3.629410 -0.090609 0.009592 -0.000001 0.000000 0.000000 -0.597660 -2.246422 -1.389758 -1.833162 0.879221 -2.801676 0.482396 3.062591 4.367721 0.000001 -0.000004 -0.000000 -0.631711 0.902176 3.185578 -1.962923 -0.605932 0.854611 2.899378 -3.431714 -8.448071 0.000000 -0.000002 0.000001 0.364698 0.024358 0.437332 -1.281744 0.803797 -0.348087 0.886079 -2.176443 -1.014053 -0.000000 -0.000000 0.000001 4.675311 -0.548024 0.201667 -4.441512 -0.812706 0.196393 -0.993719 -0.356728 -0.280946 -0.000000 0.000001 -0.000001 
2.952191 106.241234 0.534850 -0.492531 -0.596481 -0.310584 0.046884 0.054607 -0.029603 0.707449 -0.016801 -0.139916 -1.333686 0.374376 0.592717 -3.113636 -0.052688 -0.111811 0.000000 -0.000000 0.000000 -0.419650 -2.241163 -1.426700 -1.524572 0.589308 -2.672517 0.617335 2.275774 4.643619 -0.000000 -0.000007 0.000003 -0.347392 1.399972 3.044414 -1.918668 -0.216299 1.037190 2.542246 -2.448778 -7.115374 0.000000 -0.000003 0.000001 0.388401 0.024634 0.319650 -1.175419 0.909141 -0.235747 0.617296 -2.096161 -0.924501 -0.000000 0.000000 0.000001 4.817107 -0.497468 0.052214 -4.515734 -0.960291 0.337366 -1.140017 -0.403189 -0.382553 0.000000 -0.000000 -0.000000 
2.844470 106.198204 0.527267 -0.707449 -1.086784 -0.166270 -0.122993 0.059844 -0.066659 0.832308 0.014303 -0.173815 -1.233966 0.657259 0.581462 -2.834768 0.030106 -0.230771 -0.000001 0.000000 -0.000000 -0.391781 -1.878813 -1.456842 -1.067641 0.547479 -2.486821 0.712765 1.657433 4.521275 -0.000003 -0.000003 -0.000000 -0.263066 1.017954 2.953466 -1.503185 -0.196539 0.957720 1.905700 -1.608407 -5.601926 -0.000001 -0.000002 0.000000 0.966594 0.052885 0.153875 -1.782191 0.980615 -0.091184 0.908145 -1.875172 -0.862018 -0.000000 0.000000 -0.000000 5.153277 -0.472895 -0.149985 -4.477685 -0.990904 0.520000 -1.447554 -0.115936 -0.291204 -0.000001 0.000001 0.000000 
2.714513 106.150215 0.521447 -0.775040 -1.387429 -0.195147 -0.231470 0.072035 -0.084666 0.240212 0.018583 -0.179459 -0.565812 0.589142 0.558841 -2.444869 -0.000529 -0.279180 -0.000001 0.000000 -0.000000 -0.405895 -0.879007 -1.455896 -1.181656 0.268782 -2.103409 1.595467 1.368205 3.917917 0.000002 0.000000 0.000002 -0.240357 0.543074 2.735752 -1.128615 -0.219107 0.631318 1.540362 -1.005281 -3.893339 -0.000001 -0.000002 -0.000000 0.994842 0.107192 0.283351 -1.551202 0.885327 -0.089365 0.551443 -1.898824 -0.836556 -0.000001 0.000000 -0.000000 5.756603 -0.535516 0.047614 -4.847195 -1.076639 0.519533 -1.094984 0.018782 -0.292319 -0.000000 0.000001 0.000001 
2.586785 106.111275 0.509479 -0.944508 -1.512314 -0.206958 -0.985291 0.091731 -0.074414 2.576149 0.028640 -0.186441 -2.011796 0.634703 0.568488 -2.180873 0.064169 -0.222075 0.000000 -0.000000 0.000000 -0.404005 -0.854476 -1.684285 -1.171667 0.110652 -1.901040 1.625892 1.347394 4.051615 -0.000003 0.000002 0.000001 -0.251863 0.114310 2.813848 -1.289636 0.100615 0.355642 1.475078 -0.832730 -3.180069 -0.000001 -0.000001 -0.000001 0.613530 0.111513 0.346708 -1.059233 0.746309 -0.046933 0.176379 -1.831400 -0.780994 -0.000001 -0.000000 0.000000 5.838800 -0.567119 0.223986 -4.762028 -1.015300 0.501976 -0.928131 -0.393176 -0.385468 -0.000002 -0.000000 0.000000 
2.442283 106.066475 0.494309 -0.994655 -1.549973 -0.189250 -1.463964 0.127910 -0.179792 3.524138 0.029706 -0.214397 -2.598104 0.525091 0.572844 -1.564117 -0.108068 -0.214461 0.000000 -0.000000 0.000000 -0.347018 -0.910416 -1.629034 -0.848097 0.310435 -1.816835 1.002790 0.986548 3.969444 0.000002 0.000002 0.000000 -0.130563 0.624709 2.607845 -1.439770 0.330702 0.158154 0.781573 -0.266481 -2.327083 -0.000003 -0.000002 0.000001 0.945226 0.232186 0.560544 -1.178313 0.809862 -0.120200 0.330581 -1.980844 -0.835400 -0.000001 0.000001 -0.000001 5.815981 -0.652054 0.406879 -4.658644 -1.170228 0.463299 -0.637900 -0.601858 -0.593803 -0.000001 0.000003 -0.000000 
2.286459 106.020279 0.480509 -1.300716 -1.221763 -0.195653 -1.140744 0.118407 -0.216813 3.701842 -0.020191 -0.127676 -2.684825 0.130173 0.403361 -0.986863 -0.174509 -0.160513 -0.000001 0.000000 0.000000 -0.271403 -1.583818 -1.775356 -0.746862 0.341111 -1.571389 0.257554 0.909343 4.058255 -0.000001 -0.000004 0.000001 -0.096922 0.790921 2.405215 -1.588693 0.437286 0.068245 0.206594 -0.023813 -1.701404 -0.000001 -0.000004 0.000001 1.306987 0.309379 0.806062 -0.715197 0.825484 -0.151133 0.141411 -2.403280 -1.022100 -0.000001 -0.000000 -0.000001 5.996438 -0.709628 0.715365 -4.336569 -1.172568 0.296151 -0.766289 -0.624060 -0.600313 -0.000001 0.000001 0.000001 
2.138743 105.978920 0.458448 -1.560106 -1.300732 -0.100754 -0.864355 0.136722 -0.357142 3.960545 0.022442 -0.225387 -2.913391 0.379167 0.512108 -0.635452 -0.280756 -0.135282 0.000000 -0.000000 0.000000 -0.432725 -0.922696 -1.686698 -0.857037 0.359593 -1.448767 0.680389 0.967006 3.368210 0.000001 -0.000002 0.000001 -0.164980 0.717388 2.290382 -1.531146 0.276003 -0.016919 0.109681 0.044806 -1.341610 0.000000 -0.000002 0.000001 1.443771 0.357518 0.823439 -0.404691 0.796720 -0.227580 -0.182864 -2.153822 -0.933917 -0.000001 0.000000 0.000001 5.975300 -0.739772 0.754356 -3.969403 -1.036411 0.201108 -1.085319 -0.605909 -0.531476 -0.000002 0.000001 0.000001 
1.987825 105.933174 0.445374 -1.395128 -1.345600 -0.061346 -0.361318 0.136162 -0.400304 1.696006 0.028969 -0.183950 -1.111180 0.505993 0.433923 -0.661239 -0.243358 -0.055526 0.000000 -0.000000 -0.000000 -0.400398 -1.131271 -1.464264 -0.581118 0.481331 -1.630928 -0.021118 0.848176 3.391211 -0.000002 0.000000 0.000002 -0.238248 0.413836 1.932301 -1.187990 0.049979 0.038230 -0.478735 0.068399 -0.721996 -0.000000 0.000003 -0.000001 1.237465 0.232893 0.771231 -0.282382 0.591375 -0.091514 -0.260208 -2.192793 -0.961123 -0.000000 -0.000000 -0.000001 5.629605 -0.618925 0.803037 -3.543489 -0.829999 0.341174 -1.149297 -1.040785 -0.591742 -0.000002 -0.000001 0.000002 
1.836053 105.891991 0.429905 -1.341821 -1.484585 -0.042395 -0.448053 0.174030 -0.498670 2.162917 0.067957 -0.284948 -1.630085 0.515370 0.532664 -0.177225 -0.271213 -0.199958 0.000001 -0.000000 0.000000 -0.625485 -0.935708 -1.495463 -0.417460 0.854913 -1.422234 -0.245807 1.089700 3.007049 0.000000 -0.000001 -0.000001 -0.491762 0.058396 1.813299 -0.816903 -0.494597 -0.243465 -0.285345 -0.197871 0.161668 -0.000001 -0.000000 0.000000 1.209750 0.181078 0.861534 -0.427466 0.586533 -0.105890 -0.092914 -2.105053 -0.983382 -0.000001 -0.000001 0.000001 6.036403 -0.619879 0.856816 -4.085123 -0.830928 0.369687 -0.763863 -0.840777 -0.437129 -0.000001 -0.000000 0.000001 
1.689756 105.857765 0.413741 -1.299430 -1.226489 -0.138917 -0.839315 0.154196 -0.400052 2.171011 0.031181 -0.216402 -1.312583 0.390266 0.392183 -0.095272 -0.325107 -0.134355 0.000000 0.000000 0.000000 -0.410900 -1.422211 -1.706803 -0.186547 0.803547 -1.162221 -0.873732 1.033176 3.275867 -0.000002 -0.000000 0.000001 -0.371677 0.000291 1.653931 -0.792478 -0.221753 -0.239305 0.044474 -0.179587 0.226496 -0.000001 -0.000002 0.000001 0.865630 0.139409 1.140047 0.014784 0.543334 -0.181504 -0.325374 -2.389859 -1.035901 -0.000000 0.000001 -0.000000 5.987775 -0.621917 1.065660 -4.168374 -0.931620 0.453326 -1.064466 -0.974796 -0.625148 -0.000000 -0.000000 -0.000000 
1.550163 105.818100 0.395197 -1.555696 -1.178172 -0.053807 -0.100061 0.159332 -0.508371 1.048218 0.095617 -0.320593 -0.635835 0.296665 0.498480 -0.364164 -0.270123 -0.196436 0.000001 -0.000000 0.000000 -0.610778 -0.705567 -1.628540 -0.183671 0.982863 -0.848763 -0.289226 1.219399 2.376928 0.000002 0.000002 0.000001 -0.512847 -0.026829 1.450179 -0.486594 -0.658812 -0.351376 0.166978 -0.408073 0.690935 -0.000003 -0.000000 0.000000 1.270015 0.162081 1.177894 -0.016567 0.559193 -0.230180 -0.342231 -2.358576 -1.040699 -0.000000 -0.000000 -0.000001 6.461757 -0.673710 1.006605 -4.359407 -0.950719 0.463126 -0.844163 -0.880578 -0.515429 -0.000001 -0.000001 0.000001 
1.410101 105.784531 0.378515 -1.362085 -0.966688 -0.110448 0.128308 0.128021 -0.464369 0.458929 0.068552 -0.264334 -0.353346 0.246557 0.474069 -0.444846 -0.310402 -0.161895 -0.000001 -0.000000 0.000000 -0.486446 -0.847798 -1.596605 -0.216349 0.962490 -0.860788 -0.486648 1.227606 2.352829 -0.000000 -0.000009 0.000002 -0.435730 0.032750 1.441125 -0.554682 -0.555442 -0.493816 -0.115401 -0.411865 0.817836 0.000001 -0.000003 0.000001 0.975350 0.120170 1.323058 0.417846 0.533213 -0.204627 -0.277610 -2.255446 -0.981269 -0.000000 0.000000 -0.000000 6.324064 -0.669245 1.166398 -4.440084 -1.021262 0.467897 -1.336890 -0.819559 -0.601159 -0.000001 0.000001 0.000002 
1.282276 105.758438 0.366635 -1.290199 -0.958733 -0.106053 0.127670 0.110978 -0.451549 0.336708 0.143910 -0.370494 -0.311425 -0.064524 0.586064 -0.274320 -0.138206 -0.222247 -0.000001 -0.000000 0.000000 -0.556318 0.134932 -1.610502 -0.233817 0.860118 -0.812881 -0.173998 1.282600 2.132589 0.000001 -0.000001 -0.000001 -0.356801 0.494866 1.638005 -0.743316 -0.281233 -0.649428 -0.447156 -0.507961 0.706846 -0.000000 -0.000004 -0.000000 0.795891 0.058710 1.346415 0.490663 0.466571 -0.196076 -0.523613 -2.160593 -0.904774 -0.000000 0.000000 0.000001 6.314178 -0.631442 1.213109 -4.606914 -0.969229 0.501013 -1.451125 -0.990075 -0.619896 -0.000001 0.000001 0.000001 
1.160650 105.733810 0.351931 -0.972822 -0.925719 -0.016305 -0.065909 0.143111 -0.511248 -0.111785 0.118441 -0.379928 0.087031 -0.103770 0.557355 -0.809239 -0.342827 -0.132685 0.000000 -0.000000 0.000000 -0.720203 -0.309608 -1.416466 -0.125097 1.407852 -1.273573 -0.204200 1.802366 2.543662 -0.000000 -0.000002 0.000000 -0.540559 1.020055 1.357754 -0.806175 -0.623622 -0.540759 0.069793 -0.924501 1.166283 -0.000003 0.000003 -0.000000 0.470741 0.050269 1.250568 0.781573 0.432638 -0.082111 -0.324329 -2.079949 -0.890085 -0.000001 -0.000001 0.000001 5.794213 -0.623793 1.201817 -4.298734 -0.958465 0.487221 -1.393313 -0.981550 -0.636480 -0.000001 0.000000 0.000002 
1.041673 105.725952 0.331464 -0.854192 -1.038211 -0.012668 -0.349058 0.164190 -0.561081 0.653581 0.163778 -0.465209 -0.458930 0.405622 0.760756 -0.934662 -0.668348 0.102545 -0.000001 -0.000000 0.000000 -0.730547 -1.112522 -1.181896 0.007882 1.853885 -1.912662 0.517689 2.379654 3.275855 -0.000000 -0.000004 0.000002 -0.756655 0.303171 1.310849 -0.805172 -0.877387 -0.711654 0.517790 -1.185894 1.732303 -0.000001 -0.000004 0.000000 0.350562 0.016587 1.297767 0.855250 0.330595 -0.158792 -0.441609 -1.913386 -0.841052 -0.000001 -0.000000 -0.000000 5.703053 -0.608724 1.190741 -4.436405 -0.874842 0.585582 -1.220475 -1.317127 -0.680343 -0.000001 0.000001 0.000000 
0.933720 105.718567 0.304833 -0.920234 -1.019380 0.060929 0.040633 0.172117 -0.649510 1.179881 0.161455 -0.466307 -1.143703 0.552188 0.823370 -1.236198 -0.682210 0.184768 0.000000 0.000000 -0.000000 -0.815690 -1.437114 -1.232078 0.158386 2.289522 -2.127684 0.638145 2.874355 3.612422 0.000003 -0.000001 -0.000000 -0.924076 0.302510 1.447763 -0.916031 -1.111051 -0.955363 0.620806 -1.560141 2.046889 -0.000001 -0.000002 0.000000 0.146221 -0.017727 1.292890 1.232661 0.262267 -0.234238 -0.253078 -1.929795 -0.848144 -0.000000 -0.000000 0.000001 5.362014 -0.597357 1.153716 -3.771259 -0.816275 0.583656 -1.707095 -1.106453 -0.632798 -0.000001 -0.000001 0.000002 
0.837824 105.709793 0.282678 -0.672025 -0.961150 0.015934 -0.383006 0.175831 -0.498952 1.632545 0.077348 -0.352904 -1.184286 0.283021 0.673724 -1.283570 -0.588377 -0.015818 -0.000001 0.000000 0.000000 -0.990081 -0.907459 -1.189844 0.219155 2.555200 -2.284897 0.786333 3.059094 3.565772 -0.000000 -0.000000 0.000001 -0.965633 0.706196 1.273587 -0.764858 -1.430168 -0.932348 0.174322 -1.619852 2.379472 -0.000003 -0.000000 0.000001 0.018578 -0.026013 1.362221 0.800930 0.452519 -0.180705 -0.095386 -2.058685 -0.870473 -0.000000 0.000000 -0.000000 5.335283 -0.602141 1.192198 -3.980754 -0.969955 0.564936 -1.378021 -1.160370 -0.696418 -0.000000 0.000002 0.000003 
0.747179 105.701607 0.262865 -0.595786 -0.967290 0.004987 -0.066608 0.133282 -0.356503 0.681002 -0.030696 -0.201682 -0.420337 0.141809 0.495319 -1.524657 -0.415085 -0.200704 -0.000001 -0.000000 0.000000 -0.929435 -0.666674 -1.105364 0.072865 2.231830 -2.381534 1.218085 2.801992 3.705366 -0.000000 -0.000002 -0.000000 -0.865628 0.771361 1.250212 -1.050425 -1.013553 -0.959493 0.460002 -1.364891 2.336047 -0.000001 -0.000004 0.000001 0.030350 -0.010938 1.338793 0.580360 0.403504 -0.067573 -0.050962 -2.170439 -0.979590 0.000001 0.000000 0.000001 5.345129 -0.593725 1.185274 -4.213780 -0.969565 0.583740 -1.417611 -1.280467 -0.735804 -0.000001 0.000001 0.000001 
0.668983 105.685028 0.247495 -0.415941 -1.325546 0.084282 0.016251 0.137978 -0.395002 -0.038205 0.055297 -0.340893 0.133055 0.193792 0.647499 -1.544057 -0.327717 -0.298659 0.000000 -0.000000 0.000000 -0.909159 -0.784989 -1.089775 -0.096757 2.089347 -2.358014 0.725332 2.671542 3.715150 0.000003 0.000002 0.000000 -0.804544 1.196875 1.262446 -1.115374 -0.968276 -0.899911 0.320801 -1.343108 2.134241 0.000002 -0.000002 0.000001 -0.138906 0.004458 1.161318 0.678453 0.345387 -0.039705 -0.125728 -1.729032 -0.811281 -0.000000 0.000000 -0.000000 5.159721 -0.587689 1.108257 -4.180885 -0.887115 0.512270 -1.683283 -1.023603 -0.622955 -0.000002 0.000001 0.000001 
0.600169 105.669922 0.238219 -0.625972 -1.124427 0.077116 0.436594 0.111596 -0.251448 -0.029686 -0.023814 -0.216482 -0.033516 0.390387 0.526929 -1.162072 -0.426443 -0.250255 -0.000001 0.000000 0.000000 -0.826882 -1.220204 -0.817305 0.186957 2.320173 -2.455829 0.327656 2.590539 3.188531 0.000000 -0.000002 0.000001 -0.887135 0.383474 1.011154 -0.967997 -0.983618 -0.823245 -0.013491 -1.222261 2.487286 -0.000005 -0.000002 -0.000000 0.365741 0.008715 1.185312 0.498283 0.407337 0.001143 -0.041717 -2.035930 -0.896127 -0.000000 -0.000000 0.000000 5.596263 -0.598268 1.110085 -4.237245 -0.962059 0.511688 -1.522638 -0.848001 -0.603122 -0.000002 -0.000001 -0.000000 
0.532295 105.651497 0.229476 -0.025467 -1.192465 0.149634 -0.329240 0.117062 -0.246220 0.208175 0.074384 -0.336451 -0.149358 0.465825 0.695692 -1.560455 -0.362424 -0.181296 0.000001 -0.000000 -0.000000 -0.712379 -1.237995 -0.656910 0.143600 2.102746 -2.465806 0.553163 2.400802 3.014849 0.000001 -0.000001 -0.000001 -0.826327 0.366613 0.910275 -1.072450 -0.690137 -0.849493 0.213646 -1.159016 2.515041 -0.000001 0.000000 0.000001 0.082009 -0.030344 1.172192 0.214569 0.432896 -0.025365 0.127864 -2.105377 -0.910209 -0.000001 0.000000 0.000000 5.046763 -0.552375 1.107991 -4.118856 -0.983068 0.410273 -1.219303 -0.608021 -0.512260 -0.000001 0.000000 0.000001 
0.473592 105.632149 0.228412 0.061854 -1.040189 0.131496 -0.359021 0.112072 -0.149605 -0.097024 -0.027068 -0.189183 0.032215 0.461348 0.515927 -1.423742 -0.426658 -0.139768 -0.000001 0.000000 -0.000000 -0.786091 -0.772934 -0.596574 -0.031256 1.941229 -2.289200 0.663699 2.299719 2.554745 0.000001 -0.000001 -0.000000 -0.823199 0.357547 0.986591 -0.743399 -0.916825 -0.961505 0.040605 -1.079612 2.513127 -0.000001 -0.000002 0.000001 0.075732 -0.028537 1.166621 0.221590 0.381265 0.073364 0.007218 -2.244433 -0.989504 -0.000000 0.000001 -0.000000 4.986591 -0.546373 1.200322 -4.351864 -0.940086 0.368732 -1.186434 -0.953442 -0.596216 -0.000001 0.000001 0.000001 
0.414658 105.617874 0.228620 0.106218 -0.750981 0.216265 -0.622894 0.109262 -0.146302 0.730653 0.000395 -0.223389 -0.593050 0.164226 0.505805 -1.294890 -0.433668 -0.112763 0.000000 0.000000 0.000000 -0.689303 -0.752876 -0.648109 0.013822 1.880461 -2.072034 0.805625 2.329922 2.397231 -0.000001 -0.000002 0.000000 -0.763129 0.359106 1.036907 -0.761664 -0.804558 -0.921907 0.107322 -1.198783 2.364700 -0.000001 -0.000004 0.000001 0.174964 -0.031436 1.163360 -0.282696 0.394478 0.035735 0.065360 -2.210042 -0.951442 0.000000 0.000000 -0.000000 5.220247 -0.566632 1.175251 -4.775759 -1.004786 0.387790 -1.037616 -1.180514 -0.715477 -0.000001 -0.000000 0.000001 
0.358725 105.603752 0.227989 0.250745 -0.873067 0.245426 -0.713267 0.088830 -0.068705 0.225813 0.030898 -0.268767 -0.159110 0.285821 0.533772 -1.407506 -0.348499 -0.155714 -0.000001 0.000000 0.000000 -0.592021 -0.905262 -0.752343 0.172821 1.803761 -1.871081 0.400843 2.150982 2.525691 0.000000 -0.000002 0.000000 -0.686854 0.358886 1.122983 -1.106447 -0.391229 -0.893615 0.264171 -1.111649 2.075079 -0.000001 -0.000000 0.000000 -0.019496 -0.043221 1.121474 -0.316484 0.400236 0.032943 0.204870 -2.040021 -0.890035 -0.000001 -0.000000 0.000000 5.220885 -0.554468 1.138642 -4.984293 -1.031332 0.416925 -1.181443 -0.769515 -0.602533 0.000000 0.000001 0.000002 
0.307248 105.588966 0.225275 0.189513 -1.213140 0.284918 -0.532397 0.086931 -0.123401 -0.079002 0.133752 -0.417935 -0.029536 0.337005 0.742014 -1.734060 -0.136140 -0.327480 -0.000001 -0.000000 0.000000 -0.720225 -0.315117 -0.793127 0.270517 1.983476 -1.695867 0.439926 2.272327 2.246007 -0.000000 -0.000000 -0.000000 -0.679313 0.848921 1.198585 -1.360453 -0.313126 -0.977246 0.642444 -1.317321 2.011514 -0.000003 -0.000000 0.000000 0.149126 -0.011763 1.037144 -0.497690 0.522636 0.048010 0.358455 -1.869012 -0.784919 -0.000000 -0.000000 -0.000001 5.451071 -0.604828 1.094458 -5.107180 -1.154588 0.333643 -1.200310 -0.177674 -0.429274 -0.000000 0.000001 0.000001 
0.257893 105.575684 0.224679 0.411874 -0.840760 0.412304 -1.004241 0.100627 -0.143270 0.289026 0.106561 -0.381429 -0.170953 0.285701 0.635223 -1.950826 -0.234489 -0.265796 -0.000001 0.000000 0.000000 -0.685830 -0.600808 -0.656568 0.310526 1.957372 -1.784393 0.806943 2.169443 2.404948 0.000003 -0.000005 0.000001 -0.600043 1.123748 1.150746 -1.733089 -0.030075 -0.696334 0.651247 -1.215861 1.365259 -0.000001 -0.000000 0.000000 -0.131009 -0.012432 0.983054 -0.523480 0.605029 0.070102 0.338439 -2.149823 -0.929269 -0.000001 -0.000000 0.000001 5.373245 -0.589379 0.889160 -5.560621 -1.270064 0.608846 -1.237555 -0.806401 -0.666242 -0.000000 0.000001 0.000003 
0.205802 105.557526 0.224092 0.503617 -0.908600 0.416266 -1.310452 0.107593 -0.101264 0.256783 0.095449 -0.390163 0.036093 0.573692 0.601375 -1.815682 -0.289982 -0.286081 -0.000001 0.000000 0.000000 -0.704359 -0.802637 -0.662053 0.313080 2.016755 -1.645882 0.826354 2.299017 2.346571 0.000001 -0.000004 -0.000000 -0.669115 0.985933 0.867507 -1.542240 -0.294773 -0.539272 0.316815 -1.283627 1.711011 0.000001 -0.000003 0.000001 -0.308456 -0.035049 0.960315 -0.568009 0.648172 0.145586 0.472300 -2.291699 -1.024976 -0.000000 0.000000 -0.000000 5.378405 -0.573594 0.935326 -5.671924 -1.251643 0.587633 -1.099044 -0.858264 -0.632430 -0.000002 0.000001 0.000001 
0.154437 105.538322 0.226010 0.678938 -0.877416 0.534432 -1.140236 0.130518 -0.217358 -0.381936 0.143100 -0.454476 0.513002 0.472100 0.649473 -1.916315 -0.241985 -0.336432 0.000000 -0.000000 0.000000 -0.745324 -0.651290 -0.524778 0.539553 2.215741 -1.544335 0.662986 2.335118 2.074408 0.000001 -0.000000 -0.000000 -0.709483 1.040309 0.723295 -1.251885 -0.575360 -0.495559 0.036831 -1.299329 1.936485 -0.000001 -0.000000 0.000000 -0.401054 -0.078773 0.872999 -0.559861 0.562147 0.091859 0.422653 -2.257506 -1.035951 -0.000000 0.000000 -0.000000 5.166239 -0.511627 0.854952 -5.523099 -1.115163 0.598448 -0.902675 -1.105314 -0.661166 -0.000001 0.000000 0.000002 
0.101026 105.520439 0.224160 0.623518 -0.886430 0.596701 -0.965092 0.132674 -0.313734 0.465153 0.157890 -0.480922 -0.417823 0.267863 0.657875 -2.138967 -0.051815 -0.480239 -0.000001 -0.000000 0.000000 -0.730002 0.035538 -0.377143 0.445154 1.979456 -1.383421 0.914043 2.133546 1.896435 -0.000002 0.000002 0.000002 -0.638129 0.948874 0.417916 -1.138145 -0.500682 -0.388952 -0.046663 -1.091268 2.305078 -0.000001 -0.000002 -0.000000 -0.200373 -0.038301 0.772346 -0.627273 0.555706 0.262286 0.562449 -2.387841 -1.090155 -0.000000 0.000000 -0.000000 5.393939 -0.537100 0.773260 -5.514870 -1.187261 0.645992 -0.889040 -0.790649 -0.611623 -0.000000 0.000002 0.000000 
0.044681 105.506363 0.220248 0.476840 -0.790971 0.557662 -0.525943 0.115914 -0.312061 0.177264 0.186022 -0.498026 -0.318042 0.271466 0.623230 -1.931103 -0.076573 -0.490681 -0.000001 0.000000 -0.000000 -0.560753 -0.498009 -0.343519 0.326248 1.801282 -1.333584 0.511891 2.039430 2.042391 -0.000000 -0.000002 0.000001 -0.580385 0.890979 0.320872 -0.864707 -0.584437 -0.374198 -0.431613 -1.028270 2.508005 -0.000003 -0.000003 0.000001 -0.118034 -0.047030 0.907416 -0.123228 0.443730 0.198848 0.630853 -2.438701 -1.145141 -0.000001 -0.000000 0.000000 5.531739 -0.527329 0.893366 -5.612263 -1.170997 0.652767 -0.916173 -1.186342 -0.801279 -0.000000 0.000001 0.000001 
-0.010678 105.497108 0.218042 0.556624 -0.742353 0.557622 -0.601955 0.129448 -0.338186 0.185493 0.170684 -0.482471 -0.327571 0.267538 0.591760 -1.866842 -0.047547 -0.549895 0.000000 -0.000000 -0.000000 -0.591088 -0.548110 -0.445322 0.108001 1.742381 -1.203468 0.716237 2.286353 2.018013 0.000001 -0.000002 0.000001 -0.660200 0.704803 0.432927 -0.770614 -0.715885 -0.577240 -0.452931 -1.225513 2.799026 -0.000001 -0.000000 -0.000000 -0.337535 -0.072811 0.928361 -0.257068 0.450803 0.235657 0.572104 -2.305020 -1.072469 -0.000001 -0.000001 0.000000 5.524068 -0.519290 0.910846 -5.763660 -1.188420 0.716184 -0.984039 -1.257371 -0.835687 -0.000002 0.000003 -0.000000 
-0.067077 105.495445 0.212112 0.453012 -0.837768 0.638493 -0.821586 0.153800 -0.495332 0.436393 0.170595 -0.457627 -0.318863 0.264686 0.561386 -2.099131 0.002630 -0.558362 -0.000001 0.000000 0.000000 -0.521046 -0.629660 -0.290820 0.036189 1.656609 -1.206709 0.675401 2.194889 1.874308 -0.000000 0.000001 -0.000001 -0.643640 0.574795 0.361540 -0.841267 -0.648288 -0.421672 -0.163195 -1.250303 2.723821 -0.000001 -0.000002 0.000000 -0.246052 -0.090917 0.926525 -0.128033 0.478197 0.155375 0.311160 -2.412369 -1.072879 -0.000000 -0.000000 -0.000001 5.085513 -0.485429 0.866226 -5.251465 -1.165200 0.699752 -1.144632 -1.253178 -0.859992 -0.000001 0.000001 0.000001 
-0.129488 105.490738 0.209574 0.547413 -0.780516 0.647709 -0.624159 0.158850 -0.585620 -0.046810 0.163867 -0.465887 -0.056400 0.087038 0.533472 -2.157936 -0.078843 -0.503534 0.000000 -0.000000 0.000000 -0.522375 -0.577704 -0.119213 0.102204 1.745399 -1.111903 0.258748 2.105544 1.469440 0.000003 0.000002 0.000000 -0.616813 0.775711 0.210254 -0.956267 -0.611623 -0.279693 -0.187152 -1.214772 2.767685 -0.000004 -0.000002 0.000000 -0.191924 -0.034528 0.999321 -0.342231 0.516567 0.149262 0.399551 -2.498304 -1.132822 0.000000 -0.000001 0.000000 5.084658 -0.524278 0.877186 -5.393340 -1.207157 0.735041 -0.969424 -1.009386 -0.749677 -0.000002 0.000000 0.000002 
-0.192729 105.483894 0.209145 0.848647 -0.495090 0.570082 -0.937162 0.176524 -0.560360 -0.150639 0.097817 -0.379828 0.196773 -0.095717 0.409384 -2.498464 -0.203225 -0.390400 0.000000 0.000000 -0.000000 -0.522935 -0.811729 0.067419 -0.065695 1.686452 -1.180799 0.300578 2.076067 1.368720 -0.000000 -0.000002 -0.000000 -0.657636 0.608226 0.232064 -1.243087 -0.463703 -0.334170 -0.471413 -1.143931 2.968457 0.000001 0.000000 0.000001 -0.482586 -0.035107 1.213145 -0.536511 0.563261 0.111993 0.620033 -2.561934 -1.209865 -0.000000 -0.000000 0.000000 5.165124 -0.545022 1.045340 -5.654385 -1.222165 0.745351 -0.960629 -1.166194 -0.798004 -0.000001 0.000002 0.000000 
-0.253205 105.472527 0.212874 0.965286 -0.916582 0.553283 -0.933088 0.205463 -0.691333 -0.509097 0.179396 -0.491353 0.452096 0.329090 0.597031 -2.386983 -0.368706 -0.247394 0.000000 -0.000000 -0.000000 -0.605632 -0.986985 0.315830 0.082846 1.958559 -1.410092 0.586089 2.230092 1.186288 0.000000 0.000001 -0.000000 -0.802134 0.445753 0.068417 -1.115155 -0.755673 -0.221642 -0.343612 -1.301790 3.241974 -0.000001 -0.000004 0.000001 -0.601122 -0.066068 1.199620 -0.497126 0.579191 0.141435 0.675074 -2.161179 -1.039642 -0.000001 0.000001 0.000000 5.353258 -0.551369 1.072530 -6.069510 -1.253250 0.709513 -0.675414 -0.936041 -0.640491 -0.000001 0.000001 0.000001 
