HIERARCHY
ROOT Hips
{
	OFFSET 59.216541 104.939850 -11.937598
	CHANNELS 6 Xposition Yposition Zposition Xrotation Yrotation Zrotation
	JOINT Chest
	{
		OFFSET 0.451118 13.515518 1.811459
		CHANNELS 3 Xrotation Yrotation Zrotation
		JOINT Chest2
		{
			OFFSET -0.096783 20.281113 6.908935
			CHANNELS 3 Xrotation Yrotation Zrotation
			JOINT Chest3
			{
				OFFSET -2.051327 14.435211 3.199476
				CHANNELS 3 Xrotation Yrotation Zrotation
				JOINT Neck
				{
					OFFSET -1.182671 16.801071 3.865423
					CHANNELS 3 Xrotation Yrotation Zrotation
					JOINT Head
					{
						OFFSET -2.151047 9.843994 2.880351
						CHANNELS 3 Xrotation Yrotation Zrotation
						End Site
						{
							OFFSET -2.165630 9.860901 2.810771
						}
					}
				}
				JOINT LeftCollar
				{
					OFFSET 4.103901 13.025513 3.911325
					CHANNELS 3 Xrotation Yrotation Zrotation
					JOINT LeftUpArm
					{
						OFFSET 11.816528 2.764008 -12.697606
						CHANNELS 3 Xrotation Yrotation Zrotation
						JOINT LeftLowArm
						{
							OFFSET 32.467285 -8.983795 -2.212373
							CHANNELS 3 Xrotation Yrotation Zrotation
							JOINT LeftHand
							{
								OFFSET 19.446609 7.320099 21.660849
								CHANNELS 3 Xrotation Yrotation Zrotation
								End Site
								{
									OFFSET 4.250175 1.599884 4.734095
								}
							}
						}
					}
				}
				JOINT RightCollar
				{
					OFFSET -3.545448 11.735916 7.176825
					CHANNELS 3 Xrotation Yrotation Zrotation
					JOINT RightUpArm
					{
						OFFSET -15.774113 -7.271881 -2.606453
						CHANNELS 3 Xrotation Yrotation Zrotation
						JOINT RightLowArm
						{
							OFFSET -11.824818 -31.585602 -1.502948
							CHANNELS 3 Xrotation Yrotation Zrotation
							JOINT RightHand
							{
								OFFSET -2.088036 -24.138390 17.718168
								CHANNELS 3 Xrotation Yrotation Zrotation
								End Site
								{
									OFFSET -0.456366 -5.275681 3.872486
								}
							}
						}
					}
				}
			}
		}
	}
	JOINT LeftUpLeg
	{
		OFFSET 8.599888 0.400101 -5.128449
		CHANNELS 3 Xrotation Yrotation Zrotation
		JOINT LeftLowLeg
		{
			OFFSET -3.494911 -46.540981 -8.106346
			CHANNELS 3 Xrotation Yrotation Zrotation
			JOINT LeftFoot
			{
				OFFSET -26.174850 -31.770052 -17.495987
				CHANNELS 3 Xrotation Yrotation Zrotation
				JOINT LeftToe
				{
					OFFSET 4.894230 -22.117462 6.813534
					CHANNELS 3 Xrotation Yrotation Zrotation
					End Site
					{
						OFFSET 15.680611 -12.096736 12.936241
					}
				}
			}
		}
	}
	JOINT RightUpLeg
	{
		OFFSET -8.599895 -0.400299 5.128425
		CHANNELS 3 Xrotation Yrotation Zrotation
		JOINT RightLowLeg
		{
			OFFSET 16.451538 -41.656570 15.430103
			CHANNELS 3 Xrotation Yrotation Zrotation
			JOINT RightFoot
			{
				OFFSET 14.133392 -39.906048 -14.433757
				CHANNELS 3 Xrotation Yrotation Zrotation
				JOINT RightToe
				{
					OFFSET 15.709534 -17.601341 1.720376
					CHANNELS 3 Xrotation Yrotation Zrotation
					End Site
					{
						OFFSET 13.672806 -10.801199 15.998270
					}
				}
			}
		}
	}
}
MOTION
Frames: 301
Frame Time: 0.033333
2.871159 105.106308 -1.111664 1.047811 -34.211069 -3.783294 -11.938652 -0.231721 1.919983 0.428929 4.685327 -4.064510 2.140489 9.394812 1.891823 -2.263713 7.954163 -3.592178 -0.000001 -0.000001 0.000001 -1.873447 6.393184 -21.019697 3.822946 7.623714 -37.091001 33.799796 18.543516 -32.940930 -0.000002 -0.000001 0.000002 7.620339 2.030983 1.411366 -2.221766 17.925763 15.832881 16.192857 7.525514 -6.990708 -0.000000 0.000004 -0.000003 -3.688545 -1.634734 9.082512 -7.533513 -0.917612 25.967003 -6.791704 -10.483627 -9.127950 -0.000001 -0.000002 -0.000003 21.840816 -3.224112 -21.064034 -24.890108 -14.953379 -5.769442 -32.666476 -0.865303 8.816027 -0.000000 0.000004 0.000003 
2.868877 105.105034 -1.114560 0.927155 -33.862418 -3.756777 -11.685319 -0.207049 1.814425 0.764016 4.687223 -4.219021 1.645485 9.214855 1.946501 -2.306431 7.775898 -3.458878 0.000000 0.000000 0.000001 -1.798413 6.073703 -21.143853 3.721099 7.306945 -37.074315 33.684820 18.700045 -32.632567 -0.000003 0.000002 -0.000001 7.626115 2.158845 1.406417 -2.419213 18.109692 16.028154 16.321620 7.387146 -7.414732 0.000003 0.000004 -0.000003 -3.567400 -1.623620 8.986167 -7.574555 -0.917811 26.039015 -7.313383 -10.568720 -9.165477 -0.000000 -0.000003 0.000001 22.039468 -3.229794 -21.148731 -25.005644 -15.001761 -5.694350 -32.192037 -0.940389 8.666501 0.000002 0.000004 0.000001 
2.868473 105.106880 -1.113708 0.908595 -33.753190 -3.702700 -11.750604 -0.188639 1.759912 0.672572 4.600894 -4.111659 1.856756 9.288830 1.775515 -2.947343 7.582062 -3.211606 0.000000 0.000000 0.000001 -1.803809 6.075475 -21.182215 3.710485 7.201551 -36.981192 33.884483 18.821339 -32.765428 0.000002 -0.000001 0.000003 7.634369 1.579452 1.446361 -2.697285 18.270473 16.018653 16.346347 7.527166 -7.305346 -0.000000 0.000003 -0.000004 -3.678152 -1.609751 9.053931 -7.462459 -0.940683 25.923141 -7.354649 -10.644679 -9.313477 -0.000002 -0.000000 0.000001 22.039135 -3.244646 -21.154513 -25.013259 -14.976626 -5.723378 -32.152033 -0.965894 8.632204 0.000006 0.000002 0.000004 
2.865025 105.105423 -1.117832 0.849058 -33.432970 -3.758313 -11.257876 -0.115444 1.480509 0.387582 4.501195 -3.862953 1.780510 9.149326 1.667542 -2.589462 7.549518 -3.200245 -0.000001 0.000001 0.000000 -1.688895 5.564538 -21.331562 3.752643 7.073653 -36.834046 33.640119 18.605989 -32.518053 -0.000001 -0.000001 0.000003 7.645713 1.883055 1.442568 -2.631739 18.274238 15.944213 16.496182 7.390262 -7.326297 0.000001 0.000001 -0.000003 -3.621645 -1.681664 9.154256 -7.326148 -1.005319 25.760210 -7.655215 -10.602118 -9.249300 0.000002 -0.000002 -0.000001 22.170886 -3.175527 -21.132807 -25.179965 -14.920610 -5.616250 -31.707811 -0.938817 8.574677 0.000005 0.000002 0.000003 
2.865055 105.099113 -1.124002 0.664649 -33.423329 -3.776495 -10.672544 -0.017970 1.094859 -0.190905 4.344253 -3.421137 2.131261 9.047803 1.369742 -2.601570 7.756719 -3.182353 -0.000001 -0.000000 0.000001 -1.784905 5.637519 -21.287893 3.754478 6.962609 -36.694604 33.560377 18.416478 -32.577250 -0.000001 -0.000001 -0.000000 7.619459 1.842020 1.463683 -2.782143 18.358046 15.854735 16.427378 7.346568 -7.340846 -0.000000 0.000003 -0.000004 -3.386928 -1.693628 9.015337 -7.370606 -0.975882 25.724268 -7.440944 -10.542682 -9.226609 -0.000001 -0.000001 -0.000000 22.345572 -3.200717 -21.284174 -25.117525 -14.782336 -5.617425 -31.525547 -1.065786 8.669401 0.000003 0.000002 0.000003 
2.864948 105.097328 -1.129280 0.616896 -33.605610 -3.747557 -10.532190 0.066463 0.835480 -0.260116 4.319217 -3.351546 2.030370 8.712425 1.452575 -2.526772 8.056492 -3.364411 0.000000 -0.000000 0.000001 -1.943697 6.030348 -21.269057 3.683862 6.835925 -36.693060 33.403829 18.685475 -32.405501 -0.000001 0.000003 0.000003 7.661376 2.800346 1.527083 -2.730518 18.350806 15.668251 16.441862 7.218226 -7.512523 0.000002 0.000003 -0.000004 -3.611461 -1.745708 9.085051 -7.139517 -0.998437 25.469060 -7.202806 -10.317553 -8.922471 -0.000000 -0.000002 -0.000001 22.281972 -3.197658 -21.323357 -25.102463 -14.748130 -5.643095 -31.281686 -0.975494 8.608743 0.000003 0.000004 0.000001 
2.865593 105.093979 -1.135751 1.016221 -33.707390 -3.753030 -11.245749 -0.044561 1.294286 0.280572 4.496370 -3.791750 1.785360 8.760355 1.704673 -2.454410 8.047629 -3.360241 0.000000 -0.000001 0.000001 -1.806182 5.585957 -21.166789 3.719130 7.048239 -36.658937 32.868622 17.945103 -31.987927 0.000001 -0.000006 0.000002 7.598228 2.105483 1.556931 -3.036728 18.471082 15.616881 16.700497 7.152904 -7.082947 0.000002 0.000000 -0.000001 -4.003892 -1.797138 9.336127 -7.094379 -1.058680 25.371405 -7.325257 -10.243993 -8.810759 0.000003 -0.000001 -0.000000 22.014311 -3.139166 -21.162139 -25.058528 -14.680061 -5.639615 -31.606564 -0.972448 8.714506 -0.000001 0.000004 0.000003 
2.868637 105.090988 -1.143827 1.023970 -33.672409 -3.790358 -11.142874 -0.051438 1.296377 0.064615 4.508348 -3.719451 1.960503 8.968095 1.658300 -2.765190 7.964235 -3.256616 0.000001 0.000000 -0.000000 -1.694756 5.362749 -21.079210 3.706929 7.184453 -36.511674 32.934988 17.835675 -32.370104 0.000001 -0.000001 -0.000000 7.499993 1.786341 1.486004 -2.987862 18.328772 15.617579 16.431717 7.118243 -6.969556 0.000002 0.000001 -0.000004 -3.666107 -1.746264 9.158110 -7.520095 -1.116294 25.677038 -7.140490 -10.327726 -8.993833 -0.000000 -0.000004 -0.000001 22.150980 -3.192352 -21.268651 -25.176311 -14.728468 -5.571319 -31.637559 -0.985221 8.714235 0.000000 0.000004 0.000003 
2.874905 105.086662 -1.151825 1.025680 -33.654330 -3.814712 -11.107010 -0.056645 1.295978 -0.231264 4.469095 -3.560546 2.167451 8.698620 1.528685 -2.723085 8.044912 -3.359127 0.000000 -0.000001 -0.000000 -1.575587 5.323865 -20.729662 3.804054 7.476218 -36.661682 33.094240 17.751892 -32.592843 -0.000004 -0.000001 0.000003 7.402961 2.486287 1.185358 -3.094719 18.400355 15.854587 16.628411 7.035372 -7.033194 0.000005 0.000001 -0.000004 -3.426926 -1.691763 8.991575 -7.709734 -1.058507 25.878089 -7.180352 -10.392594 -9.024335 -0.000000 -0.000000 0.000001 22.128042 -3.206114 -21.288602 -25.138622 -14.821538 -5.524073 -31.646087 -0.630902 8.596776 0.000003 0.000002 0.000004 
2.887318 105.088730 -1.161836 0.448899 -33.627446 -3.873194 -10.492823 0.028990 0.906971 -0.681839 4.331577 -3.206962 2.232804 9.124176 1.489871 -2.295535 7.884966 -3.279440 -0.000000 -0.000001 0.000000 -1.263031 4.873705 -20.693477 3.946448 7.473354 -36.631155 33.515690 18.054625 -32.992798 -0.000004 0.000003 0.000001 7.499904 1.688590 1.121359 -2.751102 18.388466 15.569560 16.638354 7.310298 -6.776839 0.000004 0.000001 -0.000003 -2.929696 -1.559273 8.636919 -7.736482 -1.126528 26.029624 -7.336626 -10.507329 -9.146543 0.000001 -0.000002 -0.000003 22.543473 -3.330505 -21.537530 -25.078520 -14.783688 -5.496465 -31.502922 -0.699769 8.550696 0.000007 0.000004 0.000003 
2.907387 105.082405 -1.165486 1.158287 -33.722153 -3.896284 -11.226917 -0.127102 1.450289 0.156489 4.504478 -3.764936 1.666894 8.941804 1.813007 -2.269307 8.038652 -3.396517 -0.000001 -0.000001 0.000001 -1.158278 4.956573 -20.479219 3.769668 6.862049 -36.543817 33.598616 18.113875 -33.004987 -0.000000 0.000004 -0.000001 7.475909 2.116259 0.852474 -3.101890 18.658236 15.930576 17.221909 7.125489 -7.040392 0.000002 0.000003 -0.000004 -3.480523 -1.644411 8.886465 -7.811552 -1.248512 26.083948 -7.224947 -10.210909 -8.780913 -0.000000 -0.000003 -0.000002 22.037737 -3.185787 -21.228984 -25.128356 -14.664653 -5.536340 -31.432496 -0.724602 8.569908 0.000002 0.000002 0.000003 
2.928036 105.074577 -1.170760 1.620376 -33.682320 -3.836305 -11.902020 -0.252883 1.909889 0.549472 4.558395 -4.027982 1.634702 9.229542 1.788992 -2.013836 7.926033 -3.401957 0.000001 0.000001 0.000000 -1.061925 4.599141 -20.381732 3.777387 6.996823 -36.519908 33.414908 17.956492 -32.864927 0.000001 -0.000001 -0.000000 7.302565 1.275476 0.634257 -3.039164 18.483375 16.077982 17.391130 7.168284 -6.506537 0.000002 0.000001 -0.000003 -3.897999 -1.667082 9.006811 -7.742866 -1.407740 26.059924 -7.217859 -10.147071 -8.855386 -0.000000 -0.000004 0.000001 21.754513 -3.154505 -21.176552 -25.145751 -14.521788 -5.435055 -31.337010 -0.711744 8.630292 0.000003 0.000003 0.000004 
2.959309 105.066444 -1.169725 1.559038 -33.942728 -3.785242 -12.002747 -0.230334 1.919179 0.638636 4.647969 -4.179138 1.930520 9.190790 1.749662 -2.916433 7.888550 -3.217521 0.000000 -0.000001 0.000000 -1.190365 5.281805 -20.400646 3.640825 6.301058 -36.095200 33.246827 17.243955 -32.536115 -0.000001 -0.000001 0.000002 7.433388 1.682955 0.715409 -3.485127 18.916448 16.186170 17.251787 7.310237 -6.837895 0.000002 0.000003 -0.000004 -3.611679 -1.510398 8.612256 -8.143302 -1.415038 26.463529 -6.979546 -10.275197 -9.118726 -0.000000 -0.000002 -0.000001 21.764913 -3.266005 -21.390887 -25.067035 -14.571958 -5.378505 -31.796255 -1.077750 8.734151 0.000004 0.000000 0.000001 
2.991093 105.063004 -1.175377 2.045762 -33.805738 -3.790727 -12.449917 -0.323310 2.254939 0.380489 4.513268 -3.946617 2.183128 8.984614 1.515047 -2.510805 8.074825 -3.587696 -0.000000 -0.000001 0.000000 -1.154969 5.347934 -20.191595 3.695969 6.325035 -36.094387 33.610688 17.158323 -32.666189 -0.000000 0.000002 -0.000001 7.496553 2.209836 0.681805 -3.683931 19.017000 16.253846 17.432629 7.662026 -6.968577 -0.000002 -0.000003 -0.000002 -4.055405 -1.529601 8.900772 -8.200850 -1.275589 26.544007 -7.118112 -10.474712 -9.273268 -0.000000 -0.000003 0.000001 21.182674 -3.173691 -21.062690 -24.909118 -14.618681 -5.427673 -31.577307 -1.039946 8.569002 0.000002 0.000006 0.000003 
3.017876 105.060081 -1.175126 1.491164 -34.437909 -3.924138 -12.184514 -0.241232 2.030406 0.600014 4.572763 -4.160392 1.783556 9.308759 2.005186 -1.988921 8.076396 -3.867394 0.000000 0.000000 -0.000000 -1.232495 5.006431 -20.084571 3.563269 6.843102 -36.155538 33.428947 17.192127 -32.921990 0.000001 0.000002 0.000002 7.336772 1.859365 0.786097 -3.591030 18.545709 16.022357 17.487344 7.750901 -6.147473 0.000000 0.000005 -0.000004 -3.407143 -1.400902 8.545496 -8.663058 -1.147482 26.782550 -6.571357 -10.235205 -9.000926 -0.000000 -0.000004 0.000001 21.669682 -3.339320 -21.317073 -25.040483 -14.726047 -5.424668 -32.443341 -0.681115 8.823883 0.000003 0.000000 0.000003 
3.055988 105.064636 -1.181962 1.727582 -34.404117 -3.898053 -12.404100 -0.274609 2.178104 0.904718 4.549574 -4.303400 1.962483 9.310847 1.828017 -3.500031 7.720799 -3.219696 0.000000 0.000000 0.000001 -1.334152 4.840609 -20.160915 3.143217 6.337242 -35.769264 33.130604 17.032989 -33.004102 0.000002 0.000001 -0.000000 7.293092 1.747859 0.924827 -4.030602 18.464947 15.944930 17.553088 7.766052 -5.651271 -0.000003 0.000003 -0.000004 -3.868907 -1.411173 8.825619 -8.235364 -1.066798 26.405744 -6.645851 -10.149980 -8.917828 0.000002 -0.000005 0.000003 21.062582 -3.286283 -20.982228 -24.598131 -14.397776 -5.803415 -32.978370 -1.463269 9.150486 0.000004 0.000002 0.000003 
3.094074 105.066521 -1.186227 1.451069 -34.009964 -4.040751 -12.078168 -0.286466 2.133266 0.664875 4.372764 -4.006190 1.981152 9.069238 1.599484 -2.527135 7.793212 -3.549985 -0.000000 0.000000 0.000001 -1.208025 4.947830 -19.975160 3.424425 6.357910 -35.972434 33.384302 16.700818 -32.659205 0.000003 0.000004 -0.000001 7.340436 2.617744 0.677220 -3.799295 18.586898 16.175534 17.548716 7.984588 -6.093908 -0.000001 0.000005 -0.000004 -3.689447 -1.404434 8.853851 -8.152666 -1.055878 26.365725 -6.775075 -10.288054 -9.148239 0.000001 -0.000004 -0.000001 21.361280 -3.284779 -21.033684 -24.616717 -14.441025 -5.720687 -32.612494 -1.446925 9.024121 0.000002 0.000004 0.000003 
3.135029 105.072090 -1.190869 1.493147 -34.026472 -4.055597 -12.333483 -0.351312 2.333936 0.491123 4.288432 -3.833369 2.668427 9.257381 1.203364 -3.261980 7.765967 -3.315045 -0.000001 -0.000000 0.000001 -1.233556 4.996221 -19.999789 3.299004 6.055164 -35.829246 33.389366 16.659368 -32.789378 -0.000003 -0.000001 -0.000000 7.356443 2.226683 0.789588 -4.033102 18.724323 16.036485 17.389892 8.125052 -5.803127 -0.000003 -0.000000 -0.000002 -3.849899 -1.440588 8.870735 -8.219664 -1.033653 26.564414 -6.580325 -10.336160 -9.210926 -0.000000 -0.000001 0.000003 21.238130 -3.232970 -20.921348 -24.635714 -14.436887 -5.845872 -32.767822 -1.354810 9.067085 0.000004 0.000002 0.000003 
3.182453 105.070709 -1.195876 1.104955 -34.034566 -4.081391 -11.867355 -0.286851 2.055594 0.322809 4.297773 -3.778762 2.664964 9.146072 1.296037 -3.323515 7.940509 -3.373736 -0.000001 0.000002 0.000001 -1.194957 4.950681 -19.931744 3.212938 5.743904 -35.827873 33.264708 16.454501 -32.499741 -0.000002 0.000004 0.000003 7.316564 2.616851 0.691685 -4.262455 18.852584 16.130738 17.027774 8.217774 -5.858328 0.000002 0.000002 -0.000004 -3.616143 -1.419020 8.682262 -8.198696 -1.104932 26.419457 -6.628842 -10.235690 -9.094195 0.000002 -0.000004 -0.000003 21.399686 -3.245615 -21.054437 -24.426198 -14.177004 -6.028004 -32.733292 -1.513667 9.123704 0.000004 0.000000 0.000003 
3.232578 105.073105 -1.206258 1.174428 -34.043442 -4.177858 -11.908343 -0.299669 2.108251 -0.082244 4.177306 -3.459697 3.065493 9.326698 1.099706 -3.001257 7.899314 -3.316030 0.000001 0.000000 -0.000000 -1.095026 4.542400 -19.974525 3.200302 5.613899 -35.856646 33.278847 16.617915 -32.501817 -0.000001 0.000001 -0.000001 7.323570 2.208058 0.833821 -4.403899 18.992374 15.886795 17.337762 8.218990 -5.428674 -0.000001 0.000003 -0.000004 -3.679320 -1.471320 8.782232 -8.313684 -1.123225 26.449081 -6.430469 -10.176158 -9.041775 -0.000001 -0.000000 -0.000002 21.297927 -3.179397 -20.955543 -24.583417 -14.199286 -5.929696 -32.621789 -1.622683 9.181513 0.000002 0.000000 0.000003 
3.278217 105.069748 -1.211942 1.156918 -33.982705 -4.289549 -11.873375 -0.323987 2.153998 -0.371352 4.092712 -3.209049 3.569943 9.423002 0.779718 -3.483772 7.776281 -3.053681 0.000000 -0.000002 -0.000000 -0.936736 3.945305 -20.021059 3.127177 5.412201 -35.911007 33.127162 16.809852 -32.042610 0.000000 -0.000003 0.000001 7.332244 2.526845 0.837687 -4.208386 18.889397 15.771991 16.825823 8.333685 -5.501073 -0.000009 0.000004 -0.000003 -3.607280 -1.544254 8.881674 -8.467366 -1.034972 26.502201 -6.464989 -10.226240 -9.030489 0.000002 -0.000004 0.000003 21.417124 -3.147220 -20.971840 -24.689708 -14.327992 -5.831111 -32.537706 -1.565414 9.191030 0.000002 0.000000 -0.000001 
3.325912 105.064743 -1.212152 1.508596 -33.799806 -4.192283 -12.382260 -0.358794 2.313377 0.214426 4.200574 -3.560077 3.257473 9.230454 0.998206 -3.495779 7.790513 -3.055074 0.000001 -0.000001 -0.000001 -1.049524 4.624036 -19.752408 3.079944 5.408308 -35.901018 33.404936 16.834902 -32.799412 0.000002 -0.000004 0.000003 7.319916 2.552097 0.774535 -4.169442 18.881587 15.794029 16.540157 8.219325 -5.405870 -0.000000 0.000001 -0.000004 -3.808605 -1.541874 8.891448 -8.721306 -1.131379 26.629683 -6.388977 -10.285293 -9.147204 0.000003 -0.000003 0.000001 21.237954 -3.104767 -20.895396 -24.903479 -14.340706 -5.840193 -32.387449 -1.528367 9.140473 -0.000001 -0.000002 0.000003 
3.377747 105.066269 -1.213607 1.151903 -34.064039 -4.262413 -12.360970 -0.365732 2.325914 0.228560 4.219160 -3.560833 3.363926 9.165077 0.936254 -3.566254 7.937743 -3.065916 0.000000 0.000000 0.000001 -1.270834 5.252482 -19.603422 3.064489 5.502970 -35.830445 33.611231 17.055274 -33.260310 0.000001 0.000004 -0.000000 7.302982 2.461572 0.709527 -4.426948 18.911513 15.777447 17.267430 8.174665 -5.027458 -0.000002 0.000001 -0.000004 -3.610187 -1.507678 8.651953 -8.497340 -1.165919 26.610328 -6.555247 -10.189993 -8.973017 0.000003 -0.000003 0.000001 21.453723 -3.194352 -21.101033 -24.884686 -14.302024 -5.807590 -32.552593 -1.527866 9.282152 -0.000000 -0.000003 -0.000002 
3.425480 105.068542 -1.216291 0.746321 -33.635861 -4.314225 -12.422175 -0.378011 2.357116 0.411013 4.182736 -3.619057 3.181033 9.095495 0.971436 -3.065219 7.743385 -3.188234 0.000000 0.000000 0.000001 -1.153651 4.899970 -19.625589 2.999616 5.337452 -35.750146 33.687739 17.114533 -33.373554 -0.000001 0.000001 0.000002 7.283332 1.935151 0.781258 -4.303200 18.842791 15.483101 17.454159 8.259142 -4.621003 -0.000002 0.000002 -0.000003 -3.070188 -1.420316 8.439062 -8.590867 -1.189690 26.688645 -7.073816 -10.420134 -9.240435 -0.000001 -0.000003 0.000001 21.875493 -3.264000 -21.206873 -24.928942 -14.334091 -5.889493 -32.402288 -1.534495 9.174818 0.000002 -0.000002 0.000003 
3.470879 105.063896 -1.222283 1.128034 -33.619830 -4.388222 -12.965013 -0.458130 2.659007 0.935415 4.177690 -3.900983 2.732195 8.991638 1.191019 -3.322084 7.607515 -3.214601 -0.000001 0.000001 0.000001 -1.103856 4.645018 -19.639504 2.979660 5.351728 -35.477546 33.792941 16.946027 -33.768489 0.000001 -0.000001 0.000002 7.266468 2.070026 0.970197 -4.264309 18.799626 15.064822 17.556696 8.331849 -4.112202 -0.000001 0.000005 -0.000004 -3.248339 -1.442200 8.632141 -8.868161 -1.118513 26.902881 -7.025952 -10.564826 -9.429051 0.000002 -0.000000 0.000001 21.610575 -3.174044 -20.966142 -24.936776 -14.490581 -5.884155 -32.592464 -1.401217 9.042533 -0.000003 0.000000 0.000003 
3.512039 105.058388 -1.228629 1.008979 -33.816741 -4.406129 -12.925244 -0.391466 2.483609 0.666016 4.260339 -3.886721 2.977966 8.973242 1.285110 -3.491090 7.573897 -3.225981 0.000000 0.000001 0.000001 -1.205177 4.779496 -19.685264 2.907178 5.239260 -35.095988 33.625329 16.406608 -33.866537 -0.000001 -0.000001 0.000002 7.288305 2.663609 1.165656 -4.405522 18.840448 14.607857 17.589767 8.436400 -3.660464 -0.000003 -0.000000 -0.000001 -3.116869 -1.400471 8.577473 -9.015595 -1.025344 27.024297 -6.882235 -10.594715 -9.401852 0.000003 -0.000003 -0.000002 21.704871 -3.234951 -21.032167 -25.142784 -14.811528 -5.745276 -32.850710 -1.126241 8.985900 0.000003 0.000000 0.000003 
3.551220 105.056564 -1.233665 0.723648 -33.752326 -4.337685 -12.622885 -0.281197 2.145855 0.701314 4.219515 -3.850924 2.712527 8.751208 1.353114 -3.565692 7.518669 -3.196545 -0.000001 -0.000001 0.000001 -1.213479 4.651713 -19.858029 2.945699 5.076372 -34.780676 33.538442 16.123083 -33.746230 0.000002 -0.000001 -0.000000 7.340445 2.839693 1.249342 -4.363197 18.866909 14.225722 17.564798 8.681596 -3.214448 -0.000003 -0.000000 -0.000002 -2.990918 -1.349460 8.386233 -8.884165 -0.986918 26.975356 -7.026738 -10.601071 -9.381016 0.000001 0.000001 0.000002 21.751330 -3.277300 -21.146216 -24.976188 -14.717347 -5.844869 -32.795437 -1.371577 9.018096 -0.000003 0.000001 0.000004 
3.590561 105.048531 -1.236560 0.312398 -33.416813 -4.340392 -12.097118 -0.183079 1.800086 0.832737 4.196246 -3.857482 2.390270 8.635867 1.424185 -2.822339 7.475844 -3.213495 -0.000001 0.000001 0.000002 -1.236616 4.625980 -19.901517 3.025525 4.799392 -34.206301 33.733037 15.150661 -34.202807 -0.000000 0.000003 0.000004 7.370564 3.236962 1.280857 -4.627221 18.991051 13.749432 16.895298 9.248176 -2.638765 -0.000003 0.000003 -0.000003 -2.700247 -1.307362 8.238714 -8.703713 -1.003028 26.831167 -7.289719 -10.675522 -9.431591 0.000002 -0.000003 0.000001 22.126340 -3.386033 -21.349769 -24.962900 -14.682914 -5.778486 -32.510775 -1.586210 9.068726 0.000002 -0.000002 0.000003 
3.623882 105.037796 -1.237758 1.025982 -33.165534 -4.232956 -12.718715 -0.264403 2.041421 0.532445 4.127929 -3.652445 2.984116 8.693143 1.072676 -3.473682 7.125591 -2.912845 0.000001 -0.000001 0.000001 -0.948015 4.520084 -19.919591 3.111383 4.058937 -33.592264 33.470154 13.510869 -33.914119 -0.000001 -0.000006 0.000002 7.519680 2.743731 1.179162 -5.352739 19.858246 13.227787 15.371885 10.402426 -1.508650 0.000002 -0.000002 -0.000002 -3.109847 -1.349157 8.524459 -9.056421 -1.022413 26.965676 -7.234045 -10.782587 -9.661317 0.000001 -0.000002 -0.000001 21.341896 -3.211298 -20.927204 -24.790785 -14.566280 -5.969560 -32.450311 -1.692297 8.980258 -0.000003 0.000001 0.000001 
3.657101 105.028015 -1.233954 0.947429 -33.341623 -4.123533 -12.616904 -0.173404 1.775087 0.919906 4.284926 -4.007729 2.682213 8.771777 1.443400 -3.679089 7.122694 -2.864948 0.000001 0.000001 0.000001 -1.094032 4.762570 -19.996936 3.091242 3.749590 -32.885032 33.181718 12.166467 -34.055296 0.000001 -0.000004 0.000001 7.512358 3.302239 1.277742 -5.700904 20.070958 12.505854 14.091057 11.070975 -0.296753 0.000004 0.000004 -0.000002 -3.083593 -1.312476 8.394047 -8.935012 -1.056001 26.791291 -7.206359 -10.714102 -9.578025 -0.000001 -0.000000 -0.000002 21.059838 -3.191573 -20.844242 -24.453638 -14.267878 -6.326153 -32.644309 -1.811867 9.049952 0.000000 0.000004 0.000003 
3.683628 105.011292 -1.230605 1.062259 -33.427981 -4.109856 -11.984297 -0.065742 1.326531 0.808808 4.351392 -4.053742 2.511636 8.819956 1.639171 -3.773967 6.882685 -2.736229 -0.000001 -0.000001 0.000001 -0.644755 3.693964 -20.197600 3.254962 3.422781 -32.321883 32.011560 10.068302 -32.245002 0.000003 0.000004 0.000001 7.551870 3.258228 1.185648 -6.313022 20.729532 11.544762 11.780608 12.322391 1.662955 0.000004 0.000000 -0.000004 -3.046054 -1.293791 8.402050 -8.862339 -1.096707 26.557466 -7.430475 -10.490515 -9.307912 0.000001 -0.000004 -0.000001 20.912854 -3.149717 -20.784829 -24.061245 -13.963282 -6.590384 -32.725871 -1.996522 9.038079 -0.000001 -0.000001 0.000004 
3.706047 104.991089 -1.236436 1.177230 -33.122231 -4.102408 -12.080079 -0.038215 1.284247 1.507698 4.411847 -4.463011 1.637976 8.726280 2.137829 -3.106976 6.791735 -2.821929 -0.000001 -0.000001 -0.000000 -0.397462 2.862794 -20.156260 3.090784 3.533336 -31.763733 30.835401 7.889213 -31.783076 0.000003 -0.000006 -0.000000 7.218625 3.212975 0.912259 -6.747159 20.819733 10.672513 9.503112 13.019393 4.274874 0.000002 -0.000000 -0.000001 -3.279798 -1.359893 8.712229 -8.573679 -1.274151 26.062458 -7.852031 -10.366719 -9.092501 -0.000001 -0.000004 -0.000003 20.219710 -2.950584 -20.246774 -23.343271 -13.382826 -7.084562 -32.098863 -2.093059 8.760508 0.000004 0.000002 0.000004 
3.721416 104.973366 -1.238046 1.359728 -32.720390 -4.116842 -12.052277 -0.046160 1.268404 1.574826 4.331633 -4.398200 1.381606 8.237340 2.099499 -2.535280 6.878332 -3.028830 0.000000 0.000000 -0.000000 -0.297951 3.230880 -19.966859 3.143889 3.351801 -31.280873 30.301882 6.227965 -31.464137 0.000000 -0.000001 0.000002 7.187600 4.090640 0.700214 -6.748494 20.994951 9.905946 6.741318 13.699400 5.637931 0.000000 -0.000000 -0.000002 -3.431995 -1.393380 8.886388 -8.429184 -1.403311 25.979888 -8.325698 -10.646361 -9.406222 0.000003 -0.000001 -0.000000 19.970985 -2.894275 -19.984958 -23.137390 -13.352852 -7.216793 -31.772705 -2.070989 8.498444 0.000003 -0.000003 0.000001 
3.728371 104.954613 -1.230097 2.014777 -32.232312 -3.863895 -12.215530 0.014106 1.049917 1.767408 4.284634 -4.418693 1.550822 8.336428 2.040013 -3.006626 6.776759 -2.701705 0.000000 0.000001 0.000001 0.093039 2.902557 -19.550220 2.930545 3.078870 -31.261523 28.843622 4.031876 -29.924175 0.000001 0.000001 -0.000002 7.030183 3.897276 0.443550 -7.378740 21.518181 9.317374 2.982716 14.235796 7.450025 -0.000000 0.000002 -0.000002 -4.036539 -1.449844 9.079760 -8.079421 -1.562157 25.757092 -8.640047 -11.003787 -9.802065 -0.000002 -0.000003 -0.000002 18.768115 -2.697510 -19.245224 -21.886860 -12.547524 -8.204551 -31.777295 -2.858043 8.487512 0.000006 0.000002 0.000002 
3.727833 104.921837 -1.210563 2.248071 -31.827141 -3.772430 -11.368724 0.140525 0.442147 1.439799 4.284868 -4.203977 1.545203 7.972306 1.916667 -3.123250 6.812615 -2.471714 0.000001 0.000000 -0.000000 0.473645 2.842299 -19.386776 3.008730 1.996315 -31.182505 27.291689 1.919461 -26.907969 -0.000002 -0.000003 0.000001 7.144911 4.680174 0.089776 -8.017493 22.673464 8.913225 -1.592314 15.046032 8.053514 -0.000000 0.000002 0.000001 -5.162900 -1.707248 9.707471 -6.462374 -1.820724 24.606043 -9.006423 -10.953696 -9.708816 0.000001 -0.000000 -0.000002 17.544914 -2.318642 -18.332520 -20.458402 -11.442679 -9.374956 -30.966374 -3.361425 8.330286 0.000003 0.000000 0.000001 
3.727108 104.884613 -1.190751 2.420870 -31.914452 -3.552880 -11.164534 0.229046 0.087441 1.533184 4.523699 -4.459949 1.489121 8.123326 2.195154 -3.022238 6.807318 -2.260441 -0.000000 0.000000 -0.000000 0.696805 2.406024 -19.380052 2.892067 1.492464 -31.245370 25.812876 0.362623 -24.541368 0.000003 -0.000001 0.000003 7.048391 5.155227 -0.355109 -8.288581 23.073021 8.841147 -5.258828 15.458975 8.303859 -0.000003 0.000002 -0.000002 -6.410181 -1.915511 10.082922 -4.604603 -2.117971 23.361665 -9.446697 -10.526140 -9.046715 -0.000000 -0.000003 -0.000002 15.812699 -1.964601 -17.294831 -18.307185 -9.908748 -10.882718 -30.241967 -4.078204 8.336472 0.000002 0.000003 0.000002 
3.722530 104.820175 -1.177384 2.860356 -31.785805 -3.586457 -10.226358 0.315773 -0.276591 1.743320 4.555853 -4.604453 0.617838 7.898450 2.437694 -2.646186 6.734862 -2.402102 0.000001 0.000000 0.000001 0.667336 1.973558 -19.204586 2.545530 1.678834 -31.533508 23.959793 -1.356964 -21.905769 0.000001 -0.000003 0.000001 6.677380 5.378796 -0.672932 -8.639408 22.953411 9.089735 -9.253764 15.737101 9.143800 -0.000002 0.000001 -0.000003 -8.564518 -2.427922 11.402927 -1.839698 -2.421456 21.375191 -10.158199 -10.423438 -8.749805 -0.000000 -0.000002 -0.000001 13.611004 -1.526395 -15.808174 -15.540233 -8.347579 -12.482874 -29.337814 -5.015909 8.152089 0.000004 0.000001 -0.000003 
3.704399 104.693474 -1.170012 3.037031 -31.432319 -3.575941 -8.945235 0.473065 -0.996609 1.171112 4.408141 -4.164111 0.672740 7.584813 2.139812 -2.250847 6.669947 -2.476396 0.000001 -0.000001 -0.000001 0.814348 1.453318 -18.832203 1.747687 0.730473 -32.026433 22.243389 -1.752572 -18.839634 0.000002 -0.000002 0.000006 6.434046 5.838926 -1.081411 -9.002598 22.760905 9.850664 -13.387157 15.952189 8.942450 0.000002 0.000003 -0.000007 -10.342307 -2.879412 12.694056 0.912987 -2.686725 19.049346 -10.990716 -10.428234 -8.530110 0.000001 -0.000004 0.000001 11.099922 -1.155681 -14.149983 -11.835702 -6.421091 -14.621591 -27.745671 -5.788916 7.844917 0.000003 0.000000 0.000003 
3.692383 104.535606 -1.170238 3.365685 -31.359041 -3.567347 -8.016822 0.566688 -1.428577 0.702227 4.356558 -3.885251 0.649672 7.348204 1.982323 -2.226475 6.725867 -2.464244 0.000000 -0.000001 -0.000000 0.812169 0.935593 -18.804607 1.281648 0.552203 -32.426367 20.649595 -2.466861 -16.200020 -0.000001 -0.000004 0.000003 6.207339 6.434561 -1.423718 -9.713466 22.726638 10.881253 -16.118888 15.900414 7.546341 0.000001 0.000005 -0.000004 -11.946850 -3.318640 13.780134 3.205092 -3.021118 17.068405 -11.621552 -10.048912 -7.778832 -0.000000 -0.000001 -0.000000 9.801949 -1.038813 -13.460961 -9.491350 -5.262527 -15.693109 -26.763021 -6.556601 7.740345 0.000004 0.000002 0.000003 
3.681602 104.258080 -1.180446 3.463900 -31.646111 -3.667223 -7.217740 0.640589 -1.777028 0.548943 4.407148 -4.024460 0.404811 7.431824 2.331361 -2.397546 6.508157 -2.709760 0.000000 -0.000001 0.000000 0.766841 0.741819 -18.614830 0.802451 1.030330 -33.365754 19.567406 -2.854695 -13.974337 0.000002 -0.000001 -0.000002 5.914834 6.797385 -1.760236 -10.700105 22.665315 12.602676 -17.774229 15.971600 4.235950 0.000001 -0.000002 -0.000004 -13.544642 -3.658237 15.113059 6.614325 -3.633145 14.022445 -12.342246 -9.498196 -6.762386 -0.000000 -0.000006 0.000001 8.964632 -1.161666 -12.988382 -6.903343 -4.370052 -16.962777 -26.677191 -7.139100 7.507783 -0.000000 0.000005 0.000005 
3.668774 103.838257 -1.192181 3.065844 -32.124145 -3.992769 -5.569866 0.708532 -2.444571 0.155572 4.335138 -3.912606 0.319615 7.673554 2.457489 -2.626894 6.645406 -2.841372 0.000000 -0.000000 -0.000000 0.815092 -0.415365 -18.661974 -0.536239 -0.542849 -33.903881 18.973004 0.141260 -12.512462 -0.000002 -0.000006 -0.000000 5.675578 7.393001 -2.017189 -12.832791 22.743208 15.205625 -18.027185 15.632606 -0.194552 0.000003 0.000005 -0.000005 -16.036801 -4.464910 17.244322 11.410143 -4.814728 9.693586 -12.926597 -8.458058 -5.119605 0.000001 -0.000001 -0.000000 7.357727 -1.091286 -11.936901 -2.908606 -2.662614 -18.866960 -26.579652 -9.084905 7.913294 0.000003 -0.000000 0.000006 
3.657112 103.329445 -1.191339 2.021129 -32.695501 -4.326299 -3.776792 0.843689 -3.420902 0.285438 4.239213 -3.994755 -0.036268 7.617161 2.704083 -3.777991 6.674263 -2.662501 -0.000001 -0.000000 0.000001 0.692315 -0.876853 -18.480043 -1.858038 -1.334844 -34.625169 18.833017 2.424136 -12.715630 0.000000 -0.000001 0.000002 5.308112 8.503966 -2.390892 -13.867712 21.865864 17.477595 -17.510969 15.004442 -3.006693 0.000003 0.000002 -0.000003 -17.260453 -4.914527 18.677357 15.338774 -6.036060 6.136522 -14.001165 -7.385362 -3.232599 -0.000002 -0.000003 0.000002 6.473983 -1.096301 -10.876065 0.611010 -1.261639 -21.327235 -26.707090 -11.106087 8.372623 -0.000003 0.000004 0.000001 
3.665401 102.631813 -1.199228 0.324617 -32.592853 -4.838481 -0.506356 0.833086 -4.508732 -0.758591 3.828533 -3.158601 -0.102102 7.231941 2.057624 -3.440357 6.719462 -3.138465 -0.000000 0.000001 0.000001 1.142996 -2.768547 -18.873343 -3.124412 -3.099497 -35.745331 18.709550 6.945347 -11.638793 0.000006 -0.000001 0.000002 5.280273 9.380730 -2.480422 -15.129130 21.755495 20.766669 -13.845065 13.920255 -7.129135 0.000001 0.000001 -0.000004 -19.284344 -5.608149 20.184889 20.108203 -7.878803 2.485723 -15.719100 -6.330474 -0.948363 0.000001 -0.000001 -0.000000 4.927284 -1.067609 -9.903985 5.194153 0.117326 -23.431305 -25.495853 -14.249057 8.357057 0.000003 0.000000 -0.000001 
3.640995 101.778877 -1.203303 0.404710 -32.350634 -5.067196 1.731905 0.941781 -6.165365 -1.582186 3.594499 -2.481011 -0.120299 7.689875 2.476142 -4.649817 6.276934 -2.421977 -0.000001 0.000000 0.000001 2.368369 -5.166758 -19.094641 -5.679609 -8.522301 -37.410230 17.700939 14.570863 -7.820891 -0.000000 0.000003 0.000001 5.774983 11.511098 -2.803786 -21.261814 24.094122 26.031861 -10.018313 11.603220 -17.634435 0.000000 0.000001 -0.000004 -22.174897 -6.866592 22.041661 24.866904 -10.125952 -1.188031 -16.970141 -5.217012 1.576066 0.000001 -0.000006 -0.000003 2.708177 -0.830024 -7.994045 9.915363 1.352417 -26.102189 -24.290489 -17.766420 8.520356 0.000004 0.000004 0.000001 
3.625393 100.889519 -1.231565 0.947867 -32.947381 -5.211438 2.144132 0.959887 -6.611214 -1.649605 3.742611 -2.574778 -0.432825 8.207615 2.977339 -5.465727 5.939732 -1.960487 0.000000 -0.000000 0.000001 2.732631 -7.145891 -19.610955 -7.809625 -11.476625 -38.685297 15.575097 19.559954 -4.490265 0.000004 -0.000001 -0.000000 5.788658 12.521087 -2.465081 -26.276404 25.125978 29.877433 -6.047262 8.289941 -24.677511 -0.000003 0.000001 -0.000004 -23.354471 -7.654338 23.346667 27.463784 -11.209517 -4.022354 -16.816831 -4.559264 3.005919 0.000001 -0.000003 -0.000002 2.621192 -0.801523 -7.430532 11.231497 1.247972 -27.510971 -24.372294 -19.018206 8.644247 0.000002 0.000003 0.000006 
3.630116 99.937080 -1.288045 0.313445 -32.631038 -5.263977 2.785572 0.900655 -6.790846 -1.059139 3.599915 -2.581189 -0.932594 7.424584 2.807046 -5.779556 6.453932 -1.796144 -0.000001 -0.000001 0.000000 1.376410 -5.858167 -21.212648 -8.180127 -9.631302 -40.075073 14.557087 23.510017 -4.533423 0.000002 -0.000004 0.000003 6.140209 11.845049 -0.345249 -23.105125 23.089552 30.003085 -1.411538 4.529545 -27.713380 -0.000004 0.000001 -0.000004 -22.922147 -7.551399 23.018789 29.067294 -12.270063 -5.306220 -18.219816 -4.125958 4.281416 0.000001 -0.000001 -0.000000 1.293584 -0.874825 -7.166596 15.046297 2.342295 -28.675340 -22.326365 -19.892730 8.821837 -0.000003 0.000000 0.000001 
3.632744 99.138130 -1.300078 0.286372 -32.709646 -4.834698 2.618458 1.087250 -7.208693 -1.362879 3.654376 -2.585799 -0.753744 7.144960 2.984748 -5.395481 6.706949 -2.104342 -0.000000 -0.000001 -0.000000 -0.790642 -3.961032 -23.445941 -6.076847 -3.777980 -38.793262 15.400984 28.345184 -8.281892 0.000001 0.000004 0.000005 6.360653 10.021266 2.701554 -16.761742 19.951734 25.457391 5.479595 -0.491535 -28.188893 0.000002 -0.000002 -0.000004 -21.420566 -6.695539 21.542302 28.332441 -12.099304 -4.852318 -17.649641 -3.853292 4.274339 0.000001 0.000003 -0.000002 3.161457 -1.053861 -8.851609 14.151680 2.597591 -28.111694 -22.442371 -19.335659 9.136185 -0.000001 0.000002 0.000002 
3.636837 98.512894 -1.273877 0.074213 -32.756050 -4.497609 2.934963 1.152660 -7.680496 -2.090762 3.690734 -2.385566 -0.335684 7.686588 3.078798 -5.264327 6.500397 -2.133202 0.000000 -0.000001 0.000000 -2.233502 -1.825804 -24.864571 -3.582121 1.853703 -37.308313 17.920408 33.975693 -13.254657 -0.000001 -0.000001 0.000003 6.786928 7.367236 4.846418 -11.844809 17.451938 21.320606 11.539844 -5.050355 -28.971333 0.000003 0.000003 -0.000004 -19.971929 -5.855689 19.987710 27.000730 -11.575399 -3.560370 -17.882311 -3.703194 4.354733 -0.000000 -0.000003 -0.000002 3.913729 -1.212172 -9.965186 14.505300 2.959705 -27.958078 -22.535401 -20.082611 9.509032 0.000004 0.000000 0.000002 
3.648796 98.222771 -1.237354 -1.635212 -32.988427 -4.606726 3.558324 1.100138 -7.781294 -0.541736 4.001004 -3.355554 -1.042640 7.274546 3.131759 -6.273567 6.401116 -1.888531 0.000002 -0.000001 0.000000 -3.198705 1.730839 -23.815738 -1.180979 6.818526 -34.958302 18.058977 34.666670 -15.163985 0.000001 0.000003 0.000003 6.411662 5.241194 4.488305 -8.324295 15.324494 18.296146 8.848288 -6.064163 -31.360117 -0.000002 0.000002 -0.000005 -19.721951 -5.912271 19.690802 26.597177 -11.631233 -3.564833 -18.055337 -3.099025 5.024378 0.000002 -0.000004 -0.000001 4.678727 -1.066881 -10.426804 13.599518 3.244416 -27.450385 -22.180368 -20.836213 10.018973 0.000002 -0.000003 0.000001 
3.671310 98.461288 -1.226486 -3.710754 -33.770682 -4.599318 2.599235 1.032358 -7.387447 1.022633 4.405904 -4.302372 -1.425588 7.557311 3.283217 -5.544301 6.554371 -2.089234 -0.000000 0.000001 0.000001 -2.549226 2.736715 -21.891827 1.232033 10.302704 -32.816740 14.024363 27.825788 -10.272453 -0.000001 -0.000001 0.000002 6.132908 3.300946 3.232041 -6.016051 14.770752 14.864662 2.424519 -4.397697 -33.224888 -0.000003 0.000000 -0.000004 -16.463797 -5.309495 17.630250 21.720155 -9.309002 -0.682959 -14.579467 -3.097953 3.320455 0.000001 -0.000003 0.000001 7.818162 -0.931956 -12.681984 8.835826 2.393274 -24.630762 -23.236305 -17.144871 9.887057 -0.000003 0.000006 0.000004 
3.689102 98.994324 -1.213631 -3.854259 -33.983091 -4.559521 0.749059 0.993357 -6.262450 2.194408 4.580238 -4.954275 -1.583696 7.811582 3.352023 -4.213555 6.761849 -2.506094 0.000001 -0.000001 0.000000 -2.584055 4.257414 -20.125805 2.382266 11.982727 -30.811113 11.686151 21.925327 -7.351289 0.000003 -0.000001 0.000005 5.710451 1.634857 2.186141 -3.700300 13.450060 11.882678 -3.205154 -1.761115 -33.476601 -0.000000 0.000001 -0.000003 -15.058947 -5.077607 16.698375 17.776578 -7.563933 2.385641 -12.668406 -3.962136 0.974866 -0.000003 -0.000004 -0.000003 8.917800 -0.936443 -13.771611 4.702877 1.379218 -21.738353 -24.557380 -14.338090 9.962390 0.000004 0.000007 0.000002 
3.706318 100.072906 -1.184526 -6.144595 -33.520349 -4.434035 1.024230 0.934906 -6.214614 -0.097979 4.296533 -3.576048 0.870688 7.645759 1.817263 -1.214983 7.302977 -3.672985 0.000001 0.000001 0.000001 -2.458216 5.243527 -17.652412 3.534836 15.007030 -29.165949 8.814036 14.748149 -4.035678 0.000000 -0.000001 -0.000000 4.624995 0.923652 0.322082 -0.729960 11.133295 9.642685 -9.793498 0.694611 -32.903040 -0.000000 -0.000000 -0.000003 -11.356512 -4.159203 13.953100 13.509356 -6.339534 6.616326 -10.101004 -6.213440 -3.445651 0.000001 -0.000003 -0.000002 12.029543 -1.272029 -16.213658 -0.442622 0.022392 -18.360675 -26.623007 -8.796893 9.776888 0.000003 0.000005 0.000003 
3.732235 101.602394 -1.139508 -7.513322 -32.937389 -4.304902 0.582320 0.822838 -5.563986 -0.412286 4.073939 -3.051721 1.735708 7.493269 0.706101 0.403106 7.627409 -4.410360 0.000000 -0.000002 -0.000000 -2.463816 6.657853 -15.276527 4.389483 15.612429 -27.147688 6.962057 9.369422 -0.922182 -0.000001 -0.000001 0.000007 3.539114 -2.466901 -1.763479 0.942533 10.472712 7.304388 -14.724773 3.173650 -31.011907 -0.000000 0.000002 0.000001 -8.297282 -3.614206 11.547769 10.337843 -5.562477 10.712017 -4.665709 -9.893830 -9.787422 0.000001 -0.000004 -0.000001 15.118299 -1.490894 -18.109453 -5.155245 -1.681219 -16.358356 -28.603398 0.269543 9.081643 0.000001 0.000002 0.000003 
3.761696 103.216698 -1.081426 -8.073094 -32.668112 -4.230887 0.096251 0.752086 -5.089369 -0.240619 4.062435 -3.116164 2.046253 7.460599 0.365748 0.119509 7.876882 -4.394540 0.000000 -0.000001 -0.000000 -2.420880 7.458371 -13.701943 4.777845 16.518070 -25.765273 5.187255 5.801602 1.232708 -0.000000 0.000001 0.000003 2.725610 -4.080780 -3.190362 1.723781 9.876638 5.624078 -17.492490 3.739385 -30.895107 0.000000 -0.000000 -0.000009 -6.697576 -3.250061 10.049471 8.523022 -5.663930 13.136466 -1.554086 -12.628975 -13.965866 -0.000000 -0.000004 -0.000003 17.148520 -1.799303 -19.251529 -8.587664 -2.711539 -14.825084 -29.627113 5.721126 8.918124 0.000005 0.000003 0.000004 
3.795261 104.982498 -1.004924 -5.691727 -31.685200 -4.124125 -2.136387 0.595332 -3.325522 -0.286410 3.799527 -2.977007 2.857279 6.614781 -0.434464 -1.402841 8.174063 -4.188936 0.000001 0.000000 0.000001 -2.924451 8.535580 -12.143736 4.561304 17.481661 -23.996335 2.876134 5.387698 4.029237 0.000003 -0.000003 0.000001 1.680160 -3.127174 -4.640154 2.276342 8.556628 4.519820 -19.288767 3.648261 -32.400252 0.000002 -0.000001 -0.000004 -6.691710 -3.098715 9.883227 6.400302 -5.789771 15.431054 0.038796 -14.457122 -16.663329 0.000001 -0.000004 -0.000003 16.718351 -1.771536 -18.952974 -10.574641 -3.328202 -13.367283 -29.282636 10.426410 8.118187 -0.000003 0.000002 0.000003 
3.840027 106.718765 -0.904846 -3.362502 -31.767432 -3.769936 -3.943418 0.577952 -2.390231 -0.257221 3.778018 -3.147230 3.102124 6.819829 -0.419533 -2.294746 8.288560 -4.292273 0.000002 0.000000 0.000001 -3.169519 8.345001 -11.209180 4.092726 18.420703 -22.084341 0.596516 4.802271 6.534124 0.000000 0.000001 -0.000001 0.800341 -2.436706 -5.451073 3.234529 6.586115 2.672707 -21.631429 3.906526 -32.320383 -0.000000 0.000000 -0.000001 -6.599031 -2.932042 9.654584 3.748556 -5.594118 17.142450 2.121367 -15.512890 -18.286194 -0.000003 -0.000002 -0.000003 16.310642 -1.833511 -19.001117 -12.686766 -4.034331 -12.256711 -29.849668 14.254725 7.820503 -0.000000 -0.000001 -0.000000 
3.886467 108.291191 -0.786950 -2.418538 -31.378026 -3.563400 -3.924196 0.576091 -2.290499 0.099863 3.758191 -3.357886 2.465336 6.540529 -0.245774 -2.854743 8.401095 -4.294521 0.000001 -0.000001 -0.000001 -3.284782 8.138204 -10.956352 3.717250 18.516537 -20.652839 -0.832284 3.196276 8.292243 0.000003 -0.000001 -0.000000 0.312270 -2.805789 -5.766530 3.704187 5.478374 1.221428 -24.309540 4.877274 -30.928746 -0.000000 0.000002 -0.000001 -7.055129 -2.954049 9.864495 3.105941 -5.733647 17.552676 2.459457 -15.593267 -18.478957 -0.000001 -0.000003 0.000001 15.599587 -1.766692 -18.641039 -12.777439 -3.907974 -12.333239 -29.895386 15.256133 7.657108 -0.000001 0.000003 0.000006 
3.942822 109.587029 -0.631249 -1.470947 -31.065626 -3.407173 -2.486675 0.642003 -3.000497 -0.372281 3.607005 -3.082435 1.776550 6.671382 -0.027236 -3.214701 8.072313 -4.191609 0.000000 0.000000 0.000001 -2.792828 6.560453 -11.115283 3.167441 18.154870 -19.712701 -2.066415 0.782166 10.007373 0.000002 0.000003 0.000003 -0.055183 -3.106545 -5.892610 3.223312 5.308953 0.485672 -26.824419 5.775148 -29.229764 -0.000003 -0.000001 0.000001 -8.245942 -3.134948 10.381460 4.259633 -6.128364 17.030091 2.247353 -14.330324 -16.937421 -0.000000 -0.000003 0.000001 13.862967 -1.504879 -17.655030 -11.298496 -3.201411 -13.392661 -28.947735 13.338132 7.300531 0.000002 0.000002 0.000004 
3.999126 110.475639 -0.444367 -0.623755 -31.092790 -3.453212 -1.686594 0.693167 -3.440162 -1.044232 3.455827 -2.788989 1.831519 6.769465 0.029299 -2.451873 7.979508 -4.770466 -0.000000 -0.000001 0.000001 -2.453679 5.265839 -11.259833 2.720358 17.666209 -19.528911 -2.762203 -0.088246 11.877189 -0.000001 -0.000001 -0.000002 -0.146342 -2.003086 -5.810860 2.320808 5.622247 0.837177 -26.859157 5.934379 -29.729454 -0.000007 0.000000 -0.000006 -9.978556 -3.379246 11.303115 5.802470 -6.412938 16.263317 0.497748 -12.192854 -14.162882 0.000001 -0.000002 -0.000003 12.486050 -1.268915 -16.353939 -10.304763 -2.848587 -14.627673 -28.837373 9.446962 7.584377 0.000003 -0.000001 -0.000000 
4.057747 111.085251 -0.250492 -0.777649 -31.434433 -3.497074 0.220569 0.787184 -4.629982 -0.395025 3.834059 -3.281189 1.023567 6.642814 0.603387 -2.477738 8.014529 -4.532251 -0.000002 -0.000001 0.000001 -2.005881 4.723486 -11.809929 2.796135 16.251006 -19.767732 -3.560404 -0.670144 14.562129 -0.000001 0.000003 0.000003 0.473329 -0.136660 -5.337312 1.316394 6.999263 1.521280 -27.189617 5.882553 -32.610424 -0.000001 0.000001 -0.000003 -12.004780 -4.111436 12.509235 8.394260 -7.088603 13.756567 -0.047914 -10.405599 -11.802791 -0.000000 -0.000001 -0.000000 10.765108 -0.764849 -15.026507 -7.749592 -1.366525 -16.168659 -27.222808 6.067055 7.616948 0.000003 0.000002 0.000003 
4.128407 111.131638 -0.073101 -1.288026 -31.812152 -3.624555 2.517580 0.915136 -6.114083 0.061424 3.856702 -3.518043 -0.087732 6.416984 1.200608 -2.491278 7.934443 -4.699962 -0.000001 -0.000001 0.000000 -1.861500 3.585605 -12.489535 2.220187 15.679196 -20.015895 -3.250122 -2.885111 13.962642 -0.000001 -0.000001 -0.000000 0.688402 1.753355 -4.800242 0.002162 7.310971 2.433393 -26.431353 5.340083 -32.319615 -0.000003 0.000002 0.000001 -14.647928 -4.932986 14.190969 12.043328 -8.012678 10.185183 -2.993908 -7.510671 -7.676353 -0.000000 -0.000004 -0.000001 9.081954 -0.449046 -13.580644 -3.982951 0.303777 -17.875937 -25.853390 -0.774375 8.337276 0.000000 0.000000 0.000001 
4.186722 110.616554 0.091975 0.732470 -31.699379 -3.740811 4.842278 1.003506 -7.721533 -0.390659 3.583152 -3.071748 -0.320442 6.535886 1.401014 -6.758694 7.044144 -3.118194 -0.000001 -0.000001 0.000001 -1.927568 1.863516 -13.382976 1.043749 13.297321 -19.947229 -2.937990 -3.450089 12.721466 -0.000000 -0.000001 0.000003 0.833512 3.053711 -3.710850 -2.651608 8.530248 4.317366 -24.798866 4.255949 -34.036038 0.000002 0.000003 -0.000004 -19.470624 -6.698816 17.599231 16.785895 -9.211910 5.721740 -6.971814 -4.642229 -2.946476 0.000001 -0.000003 0.000002 4.875765 -0.070900 -10.624589 1.582297 2.094276 -20.427204 -23.025840 -8.122831 8.956558 0.000002 0.000004 0.000003 
4.242020 109.867432 0.255134 2.537724 -32.260493 -3.741217 6.059624 1.135011 -9.148104 -1.544190 3.491189 -2.470008 0.040835 7.276522 1.726477 -9.917190 6.069112 -1.778463 0.000000 0.000001 0.000002 -1.729887 -0.040434 -14.189802 0.116466 10.906575 -20.212929 -2.447518 -2.459734 11.114898 0.000001 -0.000001 0.000002 0.969274 3.224401 -2.783511 -4.808580 9.808402 6.142557 -23.020944 3.217354 -35.067745 0.000003 0.000003 -0.000000 -23.182909 -8.375998 20.493672 20.633308 -10.415723 1.398945 -9.741904 -2.829938 0.600507 -0.000003 -0.000004 -0.000003 1.307436 0.106687 -8.073099 6.270616 3.368315 -22.982074 -20.275324 -13.062808 9.373903 0.000002 0.000002 0.000004 
4.296349 108.709572 0.428587 5.572065 -32.575460 -3.955911 7.421026 1.192130 -10.331530 -2.675741 3.149750 -1.706630 -0.062095 7.054071 1.873052 -14.105679 5.048767 -0.236366 -0.000000 0.000001 0.000002 -1.991518 -0.657783 -15.744909 -1.416828 6.583000 -20.634297 -2.133226 0.241069 8.986398 -0.000000 -0.000001 -0.000003 1.414411 5.953778 -1.771926 -8.414318 11.813184 9.308346 -19.925593 0.455743 -37.499460 0.000002 0.000002 -0.000001 -28.156463 -10.795012 23.866988 24.997814 -12.757277 -3.071332 -12.516177 -1.152407 3.851507 -0.000002 -0.000003 0.000001 -3.711079 0.129554 -4.455977 11.840343 5.111547 -25.842837 -16.440849 -17.830002 9.920935 0.000000 0.000000 0.000001 
4.359058 107.172737 0.541756 7.483830 -33.366369 -4.581531 8.426622 1.202507 -11.365521 -3.321294 3.046349 -1.333840 -0.095945 7.958470 2.476330 -17.133878 3.900931 1.022702 -0.000000 0.000000 0.000001 -1.884172 -2.780398 -17.668106 -2.685139 3.259640 -22.251443 -1.439914 3.607766 7.715480 0.000004 -0.000004 0.000001 2.177608 7.916763 0.057948 -11.617650 13.606856 12.101149 -16.293201 -2.083764 -39.162710 0.000001 0.000001 -0.000000 -31.808833 -13.134189 27.175825 29.357710 -15.080653 -7.700909 -15.099938 0.403935 7.399502 -0.000001 -0.000005 0.000003 -7.896972 -0.110525 -0.744979 18.192089 6.240003 -29.568903 -13.351076 -22.363349 10.674901 0.000006 0.000002 0.000004 
4.413078 105.599960 0.624990 8.828450 -33.568177 -5.296586 9.164365 1.175498 -11.820534 -3.131077 2.923135 -1.419866 -0.801434 8.272321 3.130781 -18.337193 3.087685 1.497711 0.000000 -0.000001 0.000000 -1.954434 -4.227914 -18.886518 -3.957569 1.451955 -24.031951 -0.577154 5.762313 5.965497 0.000002 -0.000001 0.000002 2.528924 9.804397 1.118909 -14.721928 14.841115 14.865569 -12.820762 -4.079708 -40.305482 0.000003 0.000003 -0.000004 -34.131258 -14.810191 29.800208 32.318608 -16.897540 -10.830983 -17.713286 1.059477 9.836775 -0.000000 -0.000004 -0.000003 -11.014079 -0.622754 1.825781 23.145288 6.875586 -31.765205 -11.080028 -25.296886 11.147987 0.000003 -0.000003 -0.000003 
4.449749 103.829872 0.663149 8.643958 -32.304083 -5.509518 10.895912 1.036245 -12.809299 -2.958070 2.781378 -1.667952 -2.130450 7.693315 4.002121 -17.068844 2.312968 1.436198 -0.000001 -0.000001 0.000001 -1.912262 -6.254222 -19.951748 -5.651385 0.990878 -27.516442 0.923823 8.301902 3.441391 0.000000 -0.000004 0.000003 2.657758 12.347279 1.857107 -17.226465 15.243082 18.549786 -9.749682 -5.060516 -41.552118 0.000001 0.000002 -0.000002 -36.421731 -15.357149 30.884490 36.588801 -19.667154 -12.921856 -20.552398 0.806251 11.097981 -0.000000 -0.000003 -0.000002 -13.074156 -1.342258 2.193138 29.036254 7.612456 -32.992232 -8.949291 -28.362180 11.540228 -0.000001 0.000000 0.000003 
4.501274 101.954933 0.647146 6.442453 -32.794269 -5.580728 12.966665 0.929807 -15.140028 -2.966591 3.227007 -2.081205 -2.931028 8.064561 5.349312 -16.136670 2.307660 1.601714 -0.000001 0.000000 0.000001 -1.441869 -7.792248 -21.276975 -6.789691 -2.035380 -31.224264 2.281204 12.636307 4.496157 -0.000002 -0.000001 -0.000000 3.301563 15.560815 1.615656 -21.813958 18.081281 22.834946 -4.489589 -6.916546 -43.418160 -0.000003 0.000002 -0.000001 -36.560206 -15.580828 31.900720 39.253271 -21.576989 -16.264159 -22.249246 1.370522 13.306330 -0.000001 0.000003 -0.000002 -13.350041 -1.493630 2.881491 33.888147 7.526270 -36.136414 -9.101191 -30.711085 12.273834 0.000004 0.000000 0.000003 
4.571507 100.131126 0.595881 4.773042 -32.670072 -5.811149 14.219725 0.712719 -15.841437 -3.168894 3.551095 -2.259695 -3.007008 8.205515 5.762871 -15.496559 2.444650 1.585699 0.000001 -0.000000 0.000001 -0.866676 -8.585881 -22.120054 -7.388479 -3.261779 -34.787540 3.518622 14.907470 5.747456 0.000005 -0.000001 0.000003 3.992929 17.462519 1.221932 -24.780591 20.057380 26.180557 -0.480187 -7.700858 -44.056974 -0.000000 -0.000001 -0.000007 -36.838321 -15.663570 32.288838 41.485937 -23.216691 -18.135361 -22.860245 1.393990 14.004727 0.000001 -0.000003 -0.000002 -13.599849 -1.635178 3.126232 37.208716 7.175244 -38.227920 -9.623922 -32.204489 12.559099 0.000000 0.000000 0.000003 
4.637840 98.367744 0.491763 4.015875 -32.301447 -5.820099 14.186243 0.608342 -15.668022 -3.332974 4.175753 -2.717427 -2.813349 8.039116 6.135788 -14.965682 3.200588 1.342782 -0.000001 -0.000001 0.000000 -0.417923 -8.566591 -22.359037 -8.133200 -4.609796 -38.043228 6.213312 16.884059 4.109906 0.000002 -0.000001 -0.000000 4.441948 19.770427 0.051178 -30.256577 22.917866 28.988552 3.370463 -7.286570 -42.360219 -0.000000 0.000002 -0.000002 -36.797289 -15.587322 32.475685 43.269457 -23.760930 -18.629297 -23.541393 0.612977 13.665009 0.000001 0.000001 -0.000000 -14.507298 -1.948942 3.244742 39.596174 6.436079 -39.565469 -11.194437 -32.524012 12.542198 0.000001 0.000001 0.000001 
4.598328 96.846260 0.403250 5.145569 -31.205966 -5.850352 12.746498 0.784491 -15.319641 -3.575385 4.506579 -3.015263 -2.715314 8.388730 6.942888 -13.728818 3.414945 1.462453 -0.000001 -0.000000 0.000002 1.039434 -9.980120 -21.481763 -9.483635 -6.697388 -40.502438 8.164405 17.498238 2.658678 0.000002 0.000001 -0.000002 4.575337 21.212848 -1.472369 -36.709968 25.589331 31.214965 5.225844 -7.143390 -40.937777 -0.000001 0.000000 -0.000001 -37.481612 -16.194218 33.403327 43.555324 -24.230888 -18.789760 -24.178221 -0.196941 12.823113 0.000001 -0.000003 -0.000002 -16.319458 -2.420122 4.420364 41.281855 6.562902 -39.704142 -11.562378 -32.569392 12.430871 0.000001 0.000002 -0.000000 
4.541309 95.564247 0.315151 4.717743 -30.454994 -5.879845 12.770639 0.735251 -15.648421 -4.077249 4.744192 -3.006596 -2.546553 8.454876 7.369484 -12.481185 3.887890 1.547123 -0.000000 -0.000001 -0.000000 2.121979 -10.390124 -21.636294 -9.728450 -9.237406 -40.915794 9.808402 18.556540 2.007778 0.000002 -0.000001 0.000005 5.119074 22.522100 -3.030304 -42.172784 28.428946 33.124013 6.584893 -6.653596 -40.650352 0.000003 0.000003 -0.000004 -36.646799 -15.665249 33.204715 43.394306 -24.245551 -18.078389 -24.396806 -0.741213 12.186317 -0.000000 -0.000003 -0.000002 -15.780510 -2.424823 4.293964 40.900768 6.659450 -39.142721 -11.519996 -31.729743 11.932015 0.000004 0.000000 0.000003 
4.476707 94.646378 0.242953 3.570580 -28.557631 -5.704546 13.435346 0.462401 -14.909296 -3.069283 4.843265 -3.554551 -3.280186 7.552621 6.914539 -11.606172 4.183984 1.228224 -0.000002 -0.000001 0.000000 2.728154 -12.189410 -21.898085 -9.763864 -10.769346 -40.069639 10.683513 18.216186 1.834247 -0.000000 0.000004 0.000003 5.165997 23.518209 -3.675787 -45.261427 29.306788 34.453277 2.919269 -2.795782 -39.047884 -0.000000 0.000004 -0.000003 -36.636110 -14.545204 31.432192 44.597334 -24.102856 -14.486845 -25.130945 -1.978184 10.598889 0.000001 -0.000003 -0.000002 -15.064377 -2.447771 2.804059 40.215225 6.939491 -37.131272 -10.926716 -30.524833 11.441182 0.000003 0.000001 0.000001 
4.435654 94.191422 0.162552 4.118870 -29.865436 -5.844027 11.107462 0.748993 -13.470660 -2.525871 5.282705 -4.004108 -2.918458 8.224047 6.374023 -11.156424 5.102667 0.401663 0.000001 -0.000000 0.000001 3.940716 -12.575809 -20.597260 -9.044869 -14.501007 -37.816343 12.284921 16.709199 1.379750 0.000001 -0.000001 0.000003 5.216899 23.611720 -6.063077 -50.560373 31.527224 37.794985 0.123565 0.836970 -37.406883 -0.000002 0.000003 -0.000004 -33.904485 -13.529130 30.439667 40.555177 -21.088887 -12.397067 -23.284415 -1.712862 10.122475 0.000001 -0.000008 -0.000000 -11.129080 -1.479975 1.656445 33.467626 6.219296 -35.122602 -12.929573 -28.368170 10.528353 -0.000003 0.000005 0.000003 
4.403984 94.021149 0.097132 3.678459 -30.497771 -6.055523 9.079606 0.904402 -11.926820 -1.464719 5.387170 -4.410438 -2.808592 8.496515 5.699246 -10.316880 5.894005 -0.098454 -0.000000 -0.000000 0.000002 3.751246 -10.694901 -20.191187 -6.465326 -13.181133 -35.616445 14.535594 9.966586 -1.022715 0.000002 -0.000001 -0.000002 5.411097 23.467082 -7.309679 -51.914735 31.366718 41.307898 -3.433936 5.037033 -34.458789 -0.000001 0.000008 -0.000001 -31.403489 -12.313681 29.156206 37.448247 -18.650779 -9.712865 -21.500122 -1.963083 8.616887 0.000001 -0.000001 -0.000000 -6.749968 -0.772827 -0.349762 26.552675 5.536656 -32.070050 -14.163360 -25.639506 9.826069 -0.000001 0.000000 0.000001 
4.391640 94.513084 0.078142 2.048827 -31.295964 -5.905947 8.416055 0.841864 -10.968468 -2.804717 5.367904 -3.534195 -0.629869 8.818812 3.440853 -8.370066 7.458949 -1.248198 -0.000003 -0.000001 0.000001 3.677380 -8.628764 -19.820982 -1.245068 -9.127546 -30.180632 17.423203 -0.669178 -5.563540 0.000004 -0.000004 -0.000001 5.348200 22.612415 -9.676381 -52.740866 30.299040 46.225979 -6.807374 9.492665 -26.292776 -0.000005 0.000003 -0.000000 -28.418571 -11.199362 27.634098 32.643608 -15.575850 -7.196506 -17.670563 -2.563364 5.761554 -0.000000 -0.000004 -0.000001 -2.445439 -0.282178 -3.949603 19.303778 4.604393 -26.966657 -16.205462 -22.065227 9.153643 0.000007 0.000003 0.000007 
4.368736 95.657852 0.080384 0.010413 -31.245090 -4.774497 6.318632 0.726731 -8.899546 -1.105364 7.073983 -6.029073 -0.726533 8.107534 2.768013 -3.427516 9.408759 -3.665850 0.000001 -0.000001 -0.000001 3.757337 -7.716878 -20.110549 3.807100 -4.777745 -23.385378 19.563204 -12.077945 -10.033312 -0.000000 -0.000001 0.000002 5.026346 22.861184 -12.726035 -57.670265 29.911762 51.093339 -8.922759 12.685838 -16.273867 -0.000003 0.000003 -0.000001 -25.372503 -9.752054 25.416964 27.412841 -12.612932 -4.285965 -13.817373 -4.453593 0.903165 -0.000000 -0.000000 -0.000002 0.656820 -0.358543 -8.847925 13.050988 3.478997 -20.459466 -17.470724 -16.635178 8.166126 0.000002 0.000004 0.000001 
4.340733 97.031845 0.118402 -1.781381 -31.445713 -2.600337 4.833477 0.964726 -9.079419 -0.502616 8.551405 -7.973898 -0.664482 8.415234 3.227753 1.434207 10.875892 -6.405395 -0.000002 -0.000001 -0.000000 3.298406 -7.204971 -19.731274 6.655023 -0.526767 -17.658851 20.546964 -22.198035 -17.467985 -0.000003 0.000002 -0.000003 4.048333 24.180138 -15.653231 -61.443275 29.523325 52.384573 -10.582344 13.745033 -8.135441 -0.000000 0.000003 -0.000001 -22.513980 -7.875265 21.967946 23.493153 -10.475816 -1.362728 -10.089117 -6.991282 -4.314933 0.000001 -0.000003 0.000001 3.948000 -0.976870 -13.706085 7.678248 1.893557 -16.617145 -20.429485 -11.142354 7.832457 0.000000 0.000004 0.000001 
4.263824 99.084610 0.134429 -3.834631 -30.545210 -1.225830 3.245447 1.190895 -8.692022 -2.103293 9.903457 -8.566734 0.907751 9.203987 3.464577 6.572816 11.623090 -8.935732 -0.000001 -0.000001 0.000001 2.757029 -5.665717 -18.710407 9.127426 1.619012 -10.513181 20.447812 -31.818416 -26.627940 -0.000000 -0.000001 -0.000000 3.106506 23.168324 -16.646318 -58.699158 28.321379 52.476183 -15.165728 15.493181 2.669799 -0.000001 0.000003 -0.000004 -19.271268 -6.131211 18.169562 20.127481 -9.397311 4.472372 -4.187797 -11.738857 -12.355487 -0.000001 -0.000003 0.000001 7.383659 -1.342298 -16.435675 1.361669 0.141974 -15.296840 -22.041044 0.658963 6.162438 -0.000003 0.000002 0.000002 
4.164211 101.586555 0.160586 -6.348504 -28.662216 -0.564502 1.658711 1.299086 -7.884738 -3.195127 10.622818 -8.749636 2.138095 9.181594 3.646735 10.612302 12.340537 -11.008831 -0.000000 -0.000001 -0.000000 2.198926 -3.918836 -17.206824 10.861928 2.229218 -4.319354 18.832524 -39.888028 -36.698121 0.000002 -0.000004 -0.000003 2.650759 22.026745 -15.914645 -55.061690 27.284854 52.110460 -18.900972 16.491553 13.612733 0.000002 0.000000 -0.000002 -15.822908 -4.674094 14.734463 16.824405 -8.505136 9.683420 -1.195558 -15.623955 -17.961041 -0.000000 -0.000000 -0.000002 11.289526 -1.622135 -18.018790 -4.508712 -1.637769 -14.353429 -22.979000 8.696825 5.350868 0.000001 0.000002 0.000003 
4.071419 104.087875 0.197292 -6.722862 -27.956663 -0.285902 -0.299670 1.343166 -6.701934 -1.546947 10.896290 -9.781873 0.793185 9.985109 4.344755 12.072307 12.581126 -11.757360 0.000000 0.000000 0.000001 2.002452 -3.382891 -16.117865 11.551304 1.799847 -0.336145 15.745616 -45.713333 -45.949524 0.000002 0.000006 -0.000002 2.068648 20.736062 -15.725500 -53.552655 26.611998 52.162421 -20.567325 16.541161 22.370043 -0.000001 0.000003 -0.000004 -13.367684 -3.948492 12.604226 14.453968 -7.929138 12.800465 -1.281689 -18.248734 -21.382976 -0.000001 -0.000004 -0.000001 14.024153 -1.816272 -18.897257 -8.658911 -3.318196 -13.230702 -25.327520 11.884782 5.913189 0.000006 0.000006 0.000003 
3.974869 106.681587 0.286263 -6.811479 -27.805161 -0.597748 -0.823704 1.270379 -6.100239 -4.609212 11.134105 -8.464486 2.627487 10.735479 4.617437 13.711673 13.196211 -12.917226 0.000001 0.000000 -0.000000 2.434348 -2.143009 -14.604807 11.914751 0.156399 0.886873 12.779423 -50.848426 -51.566798 0.000001 -0.000001 -0.000000 2.120717 20.071131 -16.117172 -54.421052 26.315392 53.317409 -21.445392 17.059043 27.675749 0.000002 0.000003 -0.000004 -11.078282 -3.303203 11.181249 13.927059 -7.948651 14.268309 -0.902351 -18.989999 -22.175302 -0.000001 -0.000005 0.000003 16.403003 -2.117327 -19.362982 -8.979067 -3.746962 -12.613747 -27.840922 12.924898 6.714404 0.000004 0.000002 0.000004 
3.868107 109.225426 0.366323 -7.032895 -25.649257 -1.186710 -1.518659 1.028541 -5.048577 -5.314052 10.823530 -7.785810 3.720244 9.763082 4.260281 13.505429 14.213719 -13.380746 0.000001 -0.000001 -0.000000 2.328231 0.286507 -13.041089 12.076288 -2.362559 1.024584 9.617422 -55.132949 -54.736853 0.000002 0.000003 0.000001 2.537928 20.892109 -16.499229 -55.738421 27.286693 52.976238 -23.211505 17.244107 28.810892 -0.000002 0.000001 -0.000003 -7.990643 -2.897406 10.524303 10.660206 -7.347045 16.792389 -1.051498 -18.885794 -22.199689 0.000001 -0.000001 -0.000000 18.221949 -2.068428 -19.274152 -9.928665 -4.196847 -10.707369 -27.629061 12.340826 6.911881 0.000004 0.000002 0.000003 
3.759705 111.549622 0.437510 -7.686759 -24.829177 -1.761472 -1.642275 0.915055 -4.713689 -4.848988 10.741894 -7.796671 3.518466 9.902065 4.617575 13.029274 14.684794 -13.186249 0.000001 -0.000001 -0.000001 2.680481 0.535896 -12.697727 12.235963 -4.259650 1.049840 8.146720 -57.289602 -53.018121 0.000005 -0.000003 0.000004 2.670275 20.370247 -16.577964 -57.260836 28.260026 52.856385 -23.867910 16.921531 29.760551 -0.000001 0.000001 -0.000004 -5.722787 -2.900356 10.400589 8.379632 -6.913920 18.124754 -0.274982 -18.822717 -22.040153 0.000001 -0.000000 -0.000002 19.023848 -1.766588 -18.843992 -9.822223 -4.116961 -10.065177 -27.751337 12.328678 7.107958 0.000004 0.000000 0.000003 
3.655621 113.562439 0.509235 -8.144478 -24.421599 -2.363380 -1.006318 0.840886 -4.648702 -5.521045 10.561542 -7.221316 3.731921 9.961117 4.509132 12.375528 15.039781 -13.129831 0.000000 -0.000001 0.000001 2.646767 0.416150 -12.596736 11.689999 -6.549136 0.571136 8.658168 -57.622604 -49.028017 0.000000 -0.000001 0.000003 2.624939 20.283418 -16.752386 -57.366793 28.114939 52.648249 -24.597852 16.853601 28.491525 -0.000000 0.000001 -0.000003 -3.925964 -2.872021 10.220933 7.610197 -6.707531 19.164338 0.116780 -18.827980 -21.818711 -0.000000 -0.000002 -0.000001 16.927663 -1.125089 -17.134703 -7.181050 -2.868405 -10.766931 -27.048801 14.388360 6.566984 0.000002 0.000000 0.000003 
3.551617 115.065903 0.594061 -9.689337 -23.837563 -2.690354 0.123163 0.666097 -4.346360 -5.529168 10.370108 -7.364942 2.872779 9.796081 4.654721 14.387621 14.646494 -14.112199 -0.000004 -0.000000 -0.000001 3.180513 -1.657209 -12.950376 10.536594 -5.669732 -1.160609 9.461435 -57.905094 -45.261485 0.000000 0.000002 -0.000003 2.574827 20.376865 -16.522847 -52.603897 25.939546 52.934755 -26.316845 17.832014 29.098081 -0.000002 -0.000000 -0.000002 -2.306545 -2.028816 9.664330 9.067982 -6.920019 19.550974 -1.583497 -18.734857 -21.803714 -0.000002 -0.000003 0.000001 13.896760 -1.042142 -14.921265 -5.566941 -2.746639 -11.143900 -29.038003 16.376801 6.890019 0.000003 0.000002 0.000002 
3.456013 116.195442 0.677335 -9.341628 -23.617788 -2.857154 -0.552472 0.568003 -3.564305 -2.647739 9.992193 -8.551054 0.456239 9.694074 4.982255 14.457620 14.643960 -14.270453 0.000001 -0.000002 -0.000000 2.795032 -1.271521 -12.970265 9.388457 -5.858167 -2.591372 8.904069 -58.276185 -44.609092 0.000001 0.000004 0.000003 2.166866 19.538822 -16.498042 -49.493026 23.938968 54.307261 -27.240379 18.024202 31.286016 0.000002 0.000002 -0.000002 -2.588211 -1.734482 9.743301 9.037752 -6.897152 19.668643 -3.400921 -18.197043 -21.218524 -0.000001 -0.000001 0.000003 9.650922 -0.825670 -12.544760 -4.803506 -2.721705 -10.798360 -29.748735 18.181743 6.837033 -0.000000 0.000005 0.000003 
3.372719 116.687752 0.743087 -10.503465 -22.534111 -2.895529 0.346516 0.441252 -3.458681 -3.545116 9.813863 -8.134376 1.469933 9.343102 4.602765 14.453782 14.655356 -14.969053 0.000002 -0.000001 0.000001 3.161849 -3.829375 -13.894340 8.464452 -7.575110 -4.209449 12.329460 -55.588803 -36.329503 0.000001 0.000003 0.000003 1.639790 20.305685 -17.872788 -54.302565 24.215947 55.961092 -26.889000 18.540378 28.543984 0.000000 0.000000 -0.000001 -0.863356 -1.276377 8.962702 9.259334 -6.503258 20.218658 -5.611908 -18.251942 -21.408156 -0.000002 -0.000002 0.000006 6.815116 -0.814953 -11.081712 -4.901903 -3.501425 -9.779720 -30.705334 20.880928 6.660382 0.000001 0.000004 0.000003 
3.288532 116.502396 0.774492 -9.067999 -21.104468 -2.478930 0.049903 0.565475 -3.871783 -4.323711 9.497758 -7.324364 1.819213 8.414619 3.983993 12.231426 14.803276 -13.838118 -0.000001 0.000000 -0.000000 3.813362 -5.446363 -14.828225 7.965100 -12.405855 -4.620386 15.628743 -50.793583 -27.598575 0.000003 0.000001 0.000003 1.652629 21.202697 -20.091292 -64.178629 27.223623 56.062698 -28.249676 18.749767 18.920440 -0.000006 0.000001 -0.000000 1.137967 -1.101784 8.392946 7.488839 -5.751137 18.846739 -7.824251 -18.106936 -21.152302 0.000001 0.000003 -0.000000 2.909906 -0.766415 -9.901368 -6.752829 -4.476068 -8.399920 -29.479226 23.708123 5.572132 0.000002 -0.000000 0.000002 
3.206444 116.018272 0.721951 -7.300303 -20.564286 -1.850802 -1.704942 0.644824 -3.668020 -3.235551 9.648049 -7.943440 1.688353 7.148513 3.694729 9.835161 15.009928 -12.682731 0.000002 -0.000001 -0.000000 3.845620 -4.113616 -15.806342 9.724793 -14.772821 -2.535068 18.601231 -46.983454 -18.183871 0.000003 -0.000003 0.000004 2.360926 22.049027 -21.432177 -70.621096 30.412794 55.523806 -26.771531 19.744062 7.283509 -0.000003 -0.000002 -0.000000 1.701061 -1.084543 8.447570 6.491038 -4.980614 16.526222 -8.254787 -17.036029 -19.542879 0.000001 -0.000001 -0.000000 -0.940595 -0.861146 -9.077909 -7.627393 -5.091849 -7.584318 -28.787693 26.363571 4.733834 0.000000 0.000005 0.000003 
3.114304 114.878906 0.657414 -4.600518 -21.237903 -0.452151 -0.471275 0.855876 -4.866511 -3.572420 10.159159 -8.471205 0.470748 5.148278 3.391783 5.366104 15.809228 -11.573271 -0.000001 -0.000001 -0.000000 3.735478 -7.321106 -16.538376 9.624277 -17.392238 1.659664 17.850132 -36.604288 -13.636830 0.000003 -0.000001 0.000002 0.869176 25.033799 -26.464802 -80.855943 37.161352 50.291287 -24.581084 17.875780 -4.475072 -0.000004 0.000002 -0.000002 0.018746 -1.277925 8.927542 4.814255 -3.778313 12.872917 -6.938003 -11.696294 -11.791733 -0.000000 -0.000001 -0.000000 -6.944752 -1.208015 -7.690679 -7.276666 -4.685949 -7.424262 -27.211001 23.476139 4.568766 0.000002 0.000000 0.000003 
3.028408 113.428581 0.613505 0.461152 -22.226689 1.261475 1.433373 0.822766 -5.467855 -2.773704 10.464395 -9.364751 -1.366158 3.101373 2.381469 0.519635 16.876414 -10.571513 0.000001 -0.000000 0.000001 4.136211 -9.489396 -15.796583 9.810682 -15.056848 5.015807 15.456296 -29.292144 -7.559034 0.000000 -0.000001 -0.000005 -0.619129 27.139970 -32.433201 -87.685805 45.337621 43.266936 -18.240404 13.878433 -18.157529 0.000002 -0.000001 -0.000004 -3.609715 -1.480436 9.643886 3.647294 -3.143092 9.292239 -6.457164 -7.616449 -6.428936 0.000001 -0.000000 -0.000002 -13.631339 -1.731563 -5.829271 -7.806689 -4.255100 -7.628711 -26.071875 22.784136 4.275253 0.000008 0.000002 -0.000000 
2.944897 111.920395 0.580251 2.465219 -22.393197 3.106480 3.692778 0.746874 -6.620908 -2.230437 10.537319 -9.756764 -3.104576 1.976572 1.762027 -1.937689 18.203451 -10.630880 -0.000001 -0.000002 0.000001 3.963290 -10.391457 -16.988583 11.279112 -11.908569 8.400655 13.692144 -25.082623 -2.186081 -0.000000 0.000002 -0.000003 -0.855292 28.897755 -35.913384 -90.353137 53.353671 35.595613 -11.849583 9.344583 -28.086443 0.000000 0.000001 -0.000003 -5.906088 -1.620414 9.518215 5.019194 -3.235716 5.710615 -6.046247 -4.205208 -1.951452 -0.000001 -0.000004 -0.000003 -18.949421 -2.191536 -5.166344 -7.342166 -3.908939 -8.106966 -25.673194 21.567473 4.226555 -0.000003 -0.000003 -0.000000 
2.827908 110.254417 0.527315 1.942261 -23.192817 5.295377 5.558711 0.763959 -7.796997 -2.430855 11.206903 -10.510277 -4.408843 2.438099 1.719175 -1.738337 19.384604 -11.416562 -0.000002 -0.000001 0.000001 3.049132 -9.427823 -16.991561 10.417699 -10.236357 10.270578 11.987672 -16.872806 -3.860083 0.000001 -0.000001 -0.000000 -1.438195 30.305051 -37.772923 -87.888846 58.462629 25.933960 -5.167550 3.298280 -31.674384 -0.000000 0.000000 -0.000005 -7.989264 -1.473907 9.095263 7.589481 -3.985051 0.555225 -5.092586 0.402131 3.423219 -0.000001 -0.000004 -0.000003 -22.306510 -2.603885 -5.451439 -8.345159 -3.660701 -8.181006 -25.346856 22.151652 4.295079 0.000003 0.000003 0.000002 
2.651531 108.490479 0.518945 -0.364134 -23.399069 6.645626 6.759901 0.737038 -8.156258 -2.209616 11.288414 -10.929528 -5.231813 3.742831 1.722495 2.231634 19.364368 -13.223204 0.000001 -0.000000 0.000001 3.081882 -8.487010 -14.574901 7.739233 -8.598332 7.630087 11.007773 -8.627944 -6.240644 0.000002 -0.000001 -0.000000 -2.625541 30.445814 -38.703055 -84.660632 61.119647 17.571261 2.139642 -2.598894 -30.517494 -0.000001 -0.000001 -0.000002 -6.220086 -0.943988 7.833904 9.581564 -4.663707 -4.432529 -2.390905 6.741872 9.807604 0.000001 -0.000006 -0.000003 -24.467756 -2.848581 -7.105602 -9.125577 -3.780399 -7.680499 -25.375309 22.593619 4.346084 0.000003 0.000004 0.000001 
2.447296 106.820084 0.565897 -1.997038 -23.527847 7.256261 7.717391 0.699873 -8.419211 -2.463750 11.157481 -10.756300 -5.002518 4.242072 1.805518 5.174934 19.157697 -14.715694 0.000001 0.000003 -0.000000 2.555142 -7.740600 -13.827510 5.911941 -6.823286 6.366403 9.906682 -4.047448 -8.358099 0.000002 -0.000004 0.000003 -3.479889 30.406790 -39.018579 -78.505907 61.441424 9.462565 5.035284 -6.700294 -31.286986 0.000004 0.000004 -0.000003 -4.974995 -0.670272 7.523201 12.037992 -5.514514 -8.173990 -0.487117 11.617334 14.472314 -0.000001 -0.000004 -0.000003 -25.330807 -2.994355 -8.547323 -8.195593 -3.396976 -8.455880 -26.611687 18.520623 5.427173 0.000006 0.000002 0.000003 
2.163723 105.147316 0.548454 -2.456856 -23.875801 7.773091 6.894012 0.777217 -7.953194 -5.503858 11.712536 -9.761677 -2.350750 3.589726 0.953216 5.017416 20.804500 -16.095112 -0.000000 0.000002 0.000002 2.271366 -6.224631 -12.491457 4.979616 -5.431798 5.472202 9.682355 1.667180 -9.606386 0.000000 0.000001 -0.000001 -3.789504 30.353046 -39.560760 -71.156911 61.317388 1.069676 4.878663 -9.301774 -34.242996 0.000001 -0.000001 -0.000003 -4.823044 -0.776852 8.178496 14.011166 -6.503130 -11.390230 -2.002211 14.516425 18.409508 0.000001 -0.000003 -0.000002 -25.729562 -2.795720 -10.903478 -9.590061 -3.617184 -8.734558 -28.006062 15.504058 6.621303 0.000002 0.000001 0.000004 
1.780258 103.512085 0.470611 -3.109759 -25.326802 8.126240 5.146453 0.933287 -7.399470 -7.826725 12.590879 -9.546466 -0.524215 4.131985 1.227961 4.248704 22.711409 -17.171939 0.000001 -0.000001 0.000000 1.256352 -4.445503 -11.533292 3.718853 -5.252840 4.782241 9.487214 6.507977 -12.192972 0.000003 -0.000001 0.000002 -4.660419 30.082953 -38.464391 -65.307899 59.535897 -4.995562 4.963815 -12.357244 -35.209649 -0.000001 0.000000 -0.000001 -4.206859 -1.086487 8.753642 14.569149 -7.115517 -13.170439 -6.667921 14.007999 20.451156 -0.000000 -0.000000 -0.000002 -24.947765 -2.411455 -13.725872 -13.647844 -5.066782 -7.746594 -24.403429 17.149425 5.111655 0.000000 0.000000 0.000003 
1.359821 102.011307 0.379656 -2.218033 -25.360067 8.388309 2.357822 0.999273 -5.803623 -5.443454 12.709573 -11.030376 -2.346693 4.792595 1.762302 3.934892 24.071728 -18.220441 0.000002 0.000000 0.000001 0.808520 -5.144800 -11.362975 2.409984 -3.543039 4.537406 8.922070 9.391722 -14.030000 0.000000 -0.000001 -0.000000 -6.467187 28.038919 -38.424134 -64.644332 57.972119 -6.352446 6.543290 -14.501733 -32.719601 -0.000000 0.000002 -0.000002 -5.701722 -1.440340 9.942126 15.856844 -8.294002 -14.101571 -9.961629 13.050107 20.965909 0.000002 -0.000003 0.000001 -25.755115 -2.211125 -16.285177 -15.877857 -5.881343 -6.586742 -19.209523 18.691834 2.637133 0.000003 0.000004 0.000003 
0.827282 100.574486 0.335771 -1.502280 -27.693953 8.632791 0.682819 1.182909 -5.086034 -5.962190 13.236024 -11.214849 -1.837748 4.741803 1.652499 4.205079 24.775634 -19.201894 0.000002 0.000000 -0.000000 -0.251712 -3.655621 -11.056391 2.336293 -1.607891 5.627674 8.699637 11.228321 -14.579478 -0.000001 -0.000001 0.000002 -6.752805 28.887769 -38.681810 -58.692423 56.825832 -12.951348 9.705690 -16.212547 -30.519071 0.000001 0.000001 -0.000004 -6.200318 -1.887996 11.272788 16.601670 -8.934483 -17.004459 -13.358205 12.719839 22.689252 0.000002 0.000001 0.000002 -26.372522 -1.823576 -18.426257 -18.563592 -6.845375 -5.296898 -13.751648 21.530057 -0.590535 0.000000 0.000004 0.000003 
0.166031 99.226318 0.354398 0.843774 -29.747386 9.076719 -1.699723 1.338254 -4.026774 -6.787606 13.802474 -11.350505 -1.440916 5.654650 1.840004 4.306396 24.972621 -19.942018 0.000001 0.000002 -0.000002 -1.256835 -3.335232 -10.760897 1.584054 0.602516 6.871321 8.032915 12.231381 -16.090102 0.000001 -0.000003 0.000001 -8.147971 27.652880 -38.889854 -55.525285 54.458615 -16.082217 12.444485 -18.064587 -28.718022 0.000003 0.000002 -0.000009 -8.324060 -2.623733 13.388741 17.552480 -10.049969 -19.789435 -13.205612 13.404151 22.873948 -0.000001 -0.000003 0.000002 -27.094351 -1.372651 -21.411600 -16.827624 -4.989173 -6.112042 -11.746588 20.830147 -1.149351 0.000004 0.000001 -0.000001 
-0.536953 98.021210 0.368051 1.099558 -31.453827 9.222041 -1.877310 1.382825 -3.878955 -6.945227 14.067571 -11.562822 -1.454118 4.979082 1.661468 2.709854 26.371861 -20.491681 0.000003 -0.000002 -0.000002 -2.413687 -0.880889 -9.940186 1.330101 0.918019 7.677127 8.351301 13.682408 -16.876286 0.000002 -0.000001 0.000002 -8.240016 28.194015 -39.201584 -51.175285 53.185819 -21.407225 14.859826 -18.934659 -27.273864 -0.000001 -0.000002 -0.000007 -8.303695 -2.801315 14.324597 18.156970 -10.928422 -21.045012 -13.541437 13.493711 22.855696 -0.000000 -0.000002 -0.000003 -26.252491 -1.096569 -24.100961 -17.095514 -4.630448 -5.973397 -9.482188 20.702172 -2.115297 0.000004 0.000004 0.000001 
-1.431599 96.957260 0.390683 1.512317 -34.665935 9.410933 -1.469566 1.594331 -4.609664 -8.601866 14.246752 -10.964059 -1.400344 5.966168 2.110513 2.479853 26.809915 -20.769362 0.000002 -0.000003 0.000000 -2.758449 -0.045653 -8.934740 0.955131 2.691366 8.274129 7.952868 14.751926 -17.571087 -0.000001 0.000001 0.000003 -9.049627 27.517536 -39.924850 -46.725389 51.263855 -26.635755 16.672207 -18.502313 -23.026052 -0.000002 0.000003 -0.000000 -7.271092 -2.786398 15.202302 17.945760 -11.238781 -22.347148 -13.320348 13.492960 22.260813 0.000001 -0.000006 -0.000003 -26.501407 -1.012871 -25.313335 -16.083192 -3.723983 -5.579214 -5.518158 19.443792 -3.655760 0.000004 0.000004 0.000006 
-2.533379 96.028404 0.410451 1.458286 -36.809512 9.264609 -0.285939 1.559099 -4.998416 -9.894549 14.068603 -10.247150 -1.446631 5.990406 1.692083 2.092125 26.916635 -20.707872 -0.000000 -0.000001 0.000001 -2.777086 0.012390 -7.963342 0.504812 4.990813 8.694732 7.529509 17.060120 -17.679767 0.000001 0.000003 0.000001 -9.904462 26.967216 -40.826366 -42.797043 48.660774 -30.586236 18.148765 -19.135704 -21.450127 0.000001 -0.000001 -0.000007 -6.051691 -2.655137 15.943277 18.787497 -12.129975 -20.904518 -11.234910 12.969523 19.929097 -0.000000 -0.000001 -0.000004 -26.508762 -0.872227 -27.608460 -13.134421 -2.698670 -3.761455 -2.910142 17.109882 -4.231618 0.000000 -0.000003 -0.000001 
-3.688786 95.219894 0.430747 3.379245 -39.416223 8.960478 -1.005963 1.516698 -4.413027 -11.159477 13.736578 -9.337506 -0.539079 6.684976 1.415750 -1.486398 27.960590 -19.499492 -0.000000 -0.000000 -0.000002 -2.968732 0.068590 -7.556798 0.194584 7.015952 9.403344 7.089108 19.397544 -17.278251 0.000002 0.000003 0.000003 -11.322713 24.801165 -41.942853 -40.575019 47.285680 -33.733621 18.781844 -20.112038 -21.482207 0.000000 -0.000007 -0.000005 -3.972012 -2.431740 15.873947 16.913560 -10.961193 -17.983232 -9.693690 12.008507 17.606271 0.000003 -0.000000 -0.000006 -27.892894 -0.716797 -27.207738 -9.783423 -1.442422 -1.464738 0.405714 13.172139 -4.396250 0.000003 0.000005 0.000005 
-5.127605 94.542130 0.459270 2.255796 -43.257278 8.221814 -1.376675 1.461190 -3.966600 -11.151529 13.553511 -9.289965 -0.195801 7.736593 1.356224 -3.209410 28.236919 -18.801913 0.000001 0.000000 0.000001 -3.127582 -0.074928 -7.238592 -0.268859 7.468006 10.176830 7.589395 23.394366 -17.975849 0.000001 -0.000001 0.000002 -12.746445 22.533091 -42.366458 -35.958921 43.427569 -38.996084 18.529478 -20.885764 -22.033541 -0.000002 -0.000004 0.000001 -1.546369 -2.170350 16.085350 19.658821 -12.702164 -17.362100 -9.342767 9.525624 14.068212 0.000003 -0.000003 0.000001 -26.885067 -0.998854 -25.810103 -7.558111 -1.083380 2.853715 5.059152 10.914011 -5.726487 0.000004 0.000002 0.000003 
-6.859592 94.009796 0.519834 -0.315040 -47.532779 7.541718 -0.315606 1.975217 -6.440693 -12.110601 12.551250 -7.957826 0.539297 8.554866 0.933363 -4.841125 28.241727 -17.782910 -0.000002 -0.000000 -0.000002 -2.451186 -0.841360 -6.591906 0.078295 8.581560 10.735311 8.478754 26.544548 -18.291329 0.000002 -0.000003 -0.000001 -14.083524 19.474804 -42.660013 -30.733717 38.845140 -43.446024 16.501662 -19.889687 -22.768238 -0.000004 0.000005 -0.000006 -0.114699 -2.284144 17.894107 24.391072 -16.025193 -19.473805 -6.641098 5.629870 7.439892 0.000001 -0.000004 0.000001 -24.095091 -1.387663 -24.001959 -2.454007 1.800091 1.413977 3.928313 5.970720 -3.143748 0.000002 0.000001 0.000005 
-8.631489 93.545456 0.602721 -1.998518 -49.676837 6.615151 -0.725213 2.067631 -6.709945 -12.149749 11.674525 -7.239975 0.842209 8.033892 0.314701 -4.968991 28.441978 -17.727012 -0.000001 -0.000002 0.000003 -2.776227 0.197276 -5.336454 -0.082395 7.860401 10.430677 9.452320 28.791249 -19.734127 0.000001 -0.000001 -0.000000 -14.625226 18.706257 -42.837990 -29.891162 36.682757 -43.177765 16.505384 -20.200476 -22.438479 -0.000003 0.000000 -0.000001 1.430530 -2.195528 18.738469 28.476734 -18.888113 -18.772263 -5.296157 1.039733 0.619794 0.000001 -0.000002 -0.000001 -21.908856 -1.607166 -22.762411 1.808459 4.306482 0.407334 3.366720 1.290953 -0.731834 0.000003 0.000002 -0.000000 
-10.635197 93.128822 0.726588 -4.997846 -53.526826 5.805598 -0.084629 2.479700 -8.889893 -12.273165 10.626387 -6.293928 0.295750 8.978227 0.445542 -4.277212 28.041565 -17.656580 0.000000 0.000000 0.000003 -1.618921 -1.475472 -5.255971 0.071419 8.648807 10.749192 9.978271 31.580469 -20.280901 0.000002 0.000002 -0.000003 -14.357126 19.134457 -43.010405 -28.753416 34.648621 -42.640086 16.501580 -19.826279 -21.527703 0.000001 -0.000002 -0.000001 4.124201 -1.588109 17.294643 31.740722 -21.261872 -16.930130 -4.809373 -3.537539 -5.849068 0.000003 -0.000002 -0.000004 -18.202213 -1.869436 -20.583513 3.814989 5.686229 -0.187080 1.774021 -2.465182 1.515731 0.000000 -0.000003 -0.000000 
-12.769123 92.797028 0.882983 -4.943740 -57.769112 4.971057 -1.343344 2.688847 -8.841432 -11.828463 9.724643 -5.590258 0.026208 8.797793 -0.090997 -4.874463 27.731029 -16.851576 -0.000000 -0.000001 0.000002 -0.943193 -2.534961 -5.174236 0.392636 8.289723 11.930549 10.600820 35.643151 -20.814844 -0.000000 -0.000001 0.000002 -14.836117 17.763661 -42.540115 -29.546691 34.870616 -40.699598 15.146296 -19.821574 -21.439214 -0.000005 -0.000001 0.000001 2.847369 -1.917136 16.799199 34.799363 -22.896710 -13.261220 -2.226595 -6.367547 -10.212063 -0.000003 -0.000002 -0.000003 -15.726854 -1.927052 -17.062502 6.251088 6.960350 -2.255370 0.481086 -5.057615 3.194308 -0.000003 0.000000 -0.000001 
-14.823444 92.490387 1.058141 -5.469028 -60.383585 3.760636 -1.161324 2.782200 -9.403707 -11.233633 9.462838 -5.424920 -0.385164 7.338739 -0.273606 -6.364563 27.502621 -15.524545 0.000001 0.000000 0.000003 -0.361060 -2.839210 -4.689199 1.050898 7.893862 12.721097 11.278189 38.320121 -21.257869 0.000002 0.000004 0.000001 -15.257596 15.841218 -42.379196 -30.433103 36.312527 -39.200262 14.224169 -20.128641 -22.390743 0.000002 0.000003 -0.000001 0.917355 -2.298527 16.013078 38.157559 -24.240611 -8.677576 -1.127158 -9.136782 -13.869929 -0.000002 -0.000004 -0.000001 -13.652305 -1.778873 -15.915968 7.972767 7.890310 -2.996048 -0.216204 -6.500758 4.154572 0.000003 0.000000 0.000003 
-16.939411 92.177368 1.227064 -5.881420 -64.536197 1.632955 -1.842949 2.862999 -9.232073 -11.277181 8.671807 -4.634018 -0.311831 7.856433 -0.034908 -6.518128 26.056871 -14.214427 -0.000002 -0.000001 0.000003 0.488900 -2.818371 -3.352241 1.473194 7.911838 12.816924 12.023996 40.194529 -21.726600 0.000001 -0.000001 -0.000001 -15.442050 13.933512 -41.831391 -30.926557 37.382383 -37.924171 11.745741 -19.111387 -24.089307 -0.000003 0.000002 -0.000003 -3.965710 -3.235422 17.808320 41.269704 -25.565722 -5.039849 -3.022732 -11.277247 -16.326104 -0.000001 -0.000003 -0.000002 -10.953735 -1.752657 -14.361895 9.688749 8.741729 -6.627505 -2.070276 -8.466409 5.446358 0.000002 0.000003 0.000002 
-19.102192 91.890793 1.385455 -7.908152 -70.308615 -1.101971 -2.646383 3.248606 -9.978433 -11.380933 7.706753 -3.659988 -0.574166 9.328350 1.047467 -6.007393 24.431185 -12.944177 -0.000001 -0.000001 0.000003 0.521444 -1.924339 -2.186638 1.375523 8.158729 12.605776 11.570686 41.892726 -21.565772 0.000000 0.000004 -0.000002 -15.332952 13.759314 -41.261910 -31.373658 37.139256 -36.439469 8.440529 -18.198778 -25.224541 0.000000 -0.000000 -0.000002 -10.313042 -4.496232 19.077777 43.812747 -26.484695 -1.904293 -6.589025 -12.303351 -17.524035 0.000001 -0.000004 -0.000001 -7.298654 -1.835144 -14.901864 10.190466 9.133297 -9.397199 -3.871014 -11.032327 7.080767 0.000006 0.000005 0.000001 
-21.128284 91.608818 1.553185 -9.987785 -75.693468 -4.699662 -3.854499 3.112166 -8.487577 -11.477639 7.778802 -3.645126 -0.269536 10.881214 1.908947 -6.154745 22.939708 -12.087937 0.000000 0.000002 -0.000001 -0.166696 -0.489471 -0.897779 1.304114 7.451964 12.079086 11.577869 43.169282 -21.413113 0.000000 0.000001 0.000003 -15.507547 13.224559 -40.947380 -32.740355 37.714495 -34.643457 6.491379 -17.553149 -26.784295 -0.000005 0.000003 -0.000004 -15.066021 -5.982944 21.709521 43.759608 -26.144552 -1.038703 -8.543294 -12.194613 -17.277927 -0.000000 -0.000003 0.000001 -4.772442 -1.879836 -14.699682 11.249754 9.605771 -10.712833 -5.741876 -12.691295 8.322377 0.000002 -0.000003 0.000001 
-23.133808 91.358032 1.713143 -18.352915 -82.645712 -14.354025 -5.108359 3.101799 -7.488653 -10.923458 7.799623 -3.910276 -0.848734 12.175119 3.749688 -4.839666 22.012356 -11.985807 -0.000000 -0.000002 0.000000 -1.079083 0.669562 0.516496 0.615646 8.802342 11.408719 10.696489 43.202005 -20.695139 0.000004 -0.000004 0.000001 -15.798550 13.779389 -40.480810 -35.134172 37.823952 -32.081422 3.738685 -16.669886 -28.148454 -0.000001 0.000000 -0.000001 -20.637176 -7.332340 22.786416 41.530374 -24.271861 1.769051 -8.985296 -11.682577 -16.192558 -0.000002 -0.000000 -0.000002 -1.614333 -2.110422 -15.672870 9.113750 8.633701 -13.102692 -7.732633 -13.691964 9.255242 0.000003 0.000005 0.000001 
-25.073460 91.191780 1.865438 44.565574 -92.427814 47.512783 -6.940035 3.249314 -6.893564 -10.893243 7.106074 -3.307318 -0.887612 15.372917 5.454835 -3.073823 21.295323 -12.723426 0.000001 0.000002 0.000001 -1.557751 2.478370 1.579333 0.303538 8.704493 10.229440 9.450393 44.478093 -19.374351 -0.000000 -0.000006 -0.000000 -15.738021 14.197163 -40.569387 -35.897268 38.602228 -30.287402 1.473816 -16.598965 -31.748772 -0.000003 0.000000 -0.000000 -26.758890 -9.591205 25.195828 35.485756 -21.681529 -0.242026 -4.777243 -10.935260 -14.862099 -0.000000 0.000004 0.000001 1.702833 -2.298929 -16.696406 1.512783 5.248956 -11.206851 -12.984715 -11.276815 9.000807 -0.000000 0.000002 0.000002 
-26.857533 91.064781 2.058091 7.787715 -99.627844 11.144688 -7.706738 3.235054 -6.476812 -10.652098 8.188479 -4.385641 -1.305390 15.988006 7.592883 -1.685544 22.438018 -14.056097 -0.000000 0.000001 0.000004 -1.687448 4.267833 1.649716 0.521340 9.885535 9.100484 9.565448 45.125414 -18.347678 0.000000 -0.000001 -0.000000 -14.861344 15.552293 -41.189169 -35.807253 39.929276 -30.395506 1.162148 -16.853077 -35.100964 0.000004 0.000000 -0.000004 -30.705505 -10.764248 25.908316 30.369255 -19.197107 -0.674335 -5.061266 -12.399599 -16.538456 -0.000002 -0.000004 -0.000003 3.252132 -2.487980 -17.103849 -0.897605 3.827405 -10.732403 -14.784573 -9.049787 8.333591 -0.000001 -0.000002 0.000006 
-28.637363 91.051888 2.254930 -2.194996 -109.367018 3.636333 -10.519255 3.849998 -7.613735 -10.322211 8.600381 -4.771539 -1.726618 18.231291 10.385649 0.454120 24.609894 -15.820912 0.000001 -0.000002 0.000002 -1.613589 6.841536 0.537175 2.426100 11.364144 6.855301 11.469395 46.018519 -17.082797 0.000002 -0.000004 0.000001 -13.095563 17.385162 -42.679178 -33.955169 42.723308 -32.258451 4.376956 -18.572466 -39.568375 0.000002 -0.000000 -0.000003 -34.285555 -11.709182 26.170063 23.352096 -15.563812 0.209511 -6.578244 -14.444766 -19.020132 0.000001 -0.000004 -0.000001 4.335606 -2.305034 -16.310447 -1.915255 3.065596 -12.101390 -18.507282 -7.796211 8.785694 0.000002 0.000000 0.000001 
-30.378468 91.227806 2.508176 -7.216422 -118.592233 1.763625 -12.188807 4.149754 -8.232349 -9.857834 8.408181 -4.634180 -2.048663 20.514915 10.959579 2.308716 26.923685 -18.146467 -0.000002 -0.000000 0.000002 -1.870641 9.349081 -0.755482 4.114987 14.211442 3.639626 11.681920 41.218778 -15.101632 0.000000 -0.000003 -0.000001 -11.841060 17.806223 -44.758616 -31.306818 44.645941 -34.589717 8.764343 -21.595042 -43.280313 -0.000001 -0.000001 -0.000004 -37.039802 -12.327843 26.186447 15.360769 -11.565782 1.386220 -3.481116 -15.473017 -20.135181 -0.000000 -0.000003 -0.000002 6.418954 -2.403466 -16.181406 -2.849765 2.334054 -12.358964 -21.210819 -6.297965 8.980575 0.000000 0.000000 0.000003 
-32.033398 91.462959 2.757323 -9.613645 -125.701340 1.258335 -13.097458 3.801564 -6.761499 -8.451995 8.897815 -5.888732 -3.203338 21.985829 12.557265 4.481348 26.376341 -19.684721 0.000001 0.000002 0.000001 -3.229249 8.566592 0.580094 2.050883 16.911849 1.117050 12.138231 38.394133 -18.621035 -0.000001 0.000001 -0.000000 -13.166263 19.742546 -45.491823 -35.009542 44.262344 -33.134600 7.999796 -23.303721 -44.354845 -0.000001 0.000004 -0.000003 -39.034070 -12.660754 26.230899 9.847103 -8.314459 2.906361 -1.678463 -16.094721 -20.774975 -0.000000 -0.000001 -0.000000 8.390595 -2.643033 -15.467955 -1.931231 2.006724 -12.377311 -23.842628 -6.053914 9.834246 0.000002 0.000007 -0.000001 
-33.717480 91.816750 3.027988 -8.740651 -132.750587 3.339931 -12.664538 3.830369 -7.604132 -6.206706 8.800097 -6.624750 -5.104159 21.982933 13.620903 7.054992 26.697929 -20.568917 0.000000 0.000001 -0.000002 -1.745768 9.513796 -0.058778 4.408025 12.958284 -2.255119 18.528457 37.928819 -22.365864 0.000001 0.000001 0.000003 -11.699907 15.571793 -42.779155 -29.729621 45.026554 -34.733643 9.858798 -19.622129 -44.102965 0.000002 -0.000000 -0.000002 -38.943041 -11.509688 24.743453 5.780870 -5.572845 5.096382 -6.683109 -21.304627 -27.970525 -0.000001 -0.000004 -0.000001 12.700629 -2.816188 -15.520198 -3.264142 0.576044 -14.979705 -29.265694 -5.914344 10.823249 0.000000 -0.000006 0.000006 
-35.467869 92.326385 3.300235 -8.335913 -139.411100 4.803984 -14.269893 4.045346 -7.948079 -4.647656 10.472784 -8.894105 -6.612631 21.354846 15.575389 9.141296 25.741496 -20.608047 -0.000000 -0.000001 -0.000002 -1.567625 11.099431 -0.849547 6.245874 11.334586 -5.117794 13.569514 35.921812 -11.057941 0.000000 0.000001 0.000001 -10.336375 13.177796 -40.334644 -26.849993 40.395665 -27.062106 5.026494 -13.263771 -45.559677 -0.000003 -0.000002 -0.000001 -38.033663 -9.885474 22.168844 2.668016 -3.589869 7.219614 -4.847059 -25.136732 -32.793558 0.000001 -0.000006 -0.000004 16.473662 -3.127140 -16.668908 -3.888086 -0.632378 -14.920611 -28.121497 -1.123957 9.297559 0.000001 0.000005 0.000008 
-37.160984 92.822769 3.558973 -7.033044 -145.351808 5.694518 -15.583193 3.810547 -7.109903 -4.696643 11.591079 -9.991145 -6.182283 21.824777 16.547551 9.682288 23.812172 -19.243218 -0.000001 -0.000000 0.000000 -2.586269 13.984207 -0.195400 6.925206 13.627161 -7.879016 8.150116 26.287023 -1.262054 -0.000000 -0.000001 0.000003 -9.337877 12.304030 -38.248779 -26.165831 37.379330 -20.049631 -5.467535 -3.469942 -43.184978 -0.000001 0.000001 -0.000007 -36.740906 -8.514474 20.164870 2.432900 -3.947074 10.494828 -8.665805 -26.281999 -35.540831 -0.000001 -0.000002 -0.000001 17.751419 -3.495283 -17.659193 -1.312182 0.132387 -14.463540 -25.250147 1.890326 7.824250 0.000008 -0.000000 0.000002 
-38.966770 93.313271 3.737451 -5.266686 -152.230710 5.593747 -15.586504 3.422486 -6.111448 -5.530121 11.450329 -9.661713 -3.794663 18.470717 14.370358 5.259524 24.878148 -18.672433 0.000001 0.000000 0.000001 -4.688166 13.283596 1.014153 5.744745 11.817710 0.789246 10.655998 34.143508 -9.178170 0.000002 -0.000001 0.000002 -10.963324 14.287912 -39.392583 -28.113264 39.578542 -28.568323 4.976262 -14.637611 -44.888618 -0.000004 -0.000002 -0.000000 -33.056814 -7.865767 20.110512 3.847961 -5.502079 13.236560 -13.892250 -24.166828 -34.756743 0.000001 -0.000003 0.000001 13.588658 -3.343301 -17.932055 6.466855 3.900421 -13.611736 -20.079716 1.880945 6.968106 0.000004 0.000000 0.000003 
-40.701199 93.790184 3.907655 -4.115174 -158.693626 5.395181 -15.051150 3.046270 -4.987048 -5.010718 10.759985 -9.554907 -2.874279 16.455932 12.414628 3.136929 24.812488 -18.842277 0.000000 -0.000001 0.000001 -6.409005 11.126902 1.696588 2.647015 10.770670 6.208773 10.027935 28.856152 -14.854342 0.000002 0.000003 0.000001 -13.918794 15.277033 -41.541234 -30.800072 38.642120 -33.074180 13.063886 -21.890029 -39.324493 0.000000 0.000002 -0.000002 -29.469913 -7.443932 20.704149 6.181211 -6.693894 13.856189 -16.147245 -21.256612 -31.076469 -0.000001 -0.000003 0.000001 7.518278 -3.140495 -17.565221 13.917012 7.371130 -12.879767 -12.120343 -2.135008 5.762202 0.000004 0.000003 0.000007 
-42.325344 94.248749 4.054168 -2.858314 -162.830398 5.817844 -14.340669 2.850320 -4.473985 -3.831104 9.958523 -9.526119 -3.106503 14.881725 10.765964 3.366426 24.385333 -19.134546 0.000001 -0.000001 -0.000003 -6.879259 9.884683 1.462541 0.744016 9.691639 8.945915 8.673600 29.262528 -16.340268 0.000002 -0.000001 -0.000000 -15.294870 14.769184 -41.735881 -33.187507 37.864165 -33.930973 19.135402 -25.749000 -34.463680 -0.000002 0.000002 -0.000002 -26.096440 -6.508540 20.497770 7.260130 -7.431411 14.027066 -17.800957 -19.025016 -27.975582 -0.000002 -0.000002 -0.000003 3.989921 -3.274913 -17.922481 17.689032 9.470342 -11.132029 -6.551961 -5.506694 5.355556 0.000004 0.000003 0.000004 
-43.884098 94.717377 4.150264 -0.952495 -167.708738 6.160033 -12.454053 2.342089 -3.528511 -4.155736 10.114720 -9.436716 -2.065736 12.703815 8.783750 4.277843 23.945052 -19.485785 0.000002 -0.000001 -0.000000 -6.842737 9.120174 0.212163 0.180053 8.713594 11.187862 7.602134 36.197298 -15.406154 -0.000000 -0.000001 0.000002 -15.465172 13.590903 -40.171413 -33.508020 37.336580 -35.556790 23.262245 -27.354194 -29.607221 0.000001 0.000001 -0.000003 -21.570501 -5.800277 20.628256 7.996808 -7.881324 12.991137 -16.810830 -16.248779 -22.821332 0.000001 -0.000004 -0.000003 0.079820 -3.216401 -18.329714 18.222226 10.386324 -6.860370 -1.066223 -7.663911 4.253641 0.000004 0.000003 0.000002 
-45.362865 95.178352 4.201535 0.989484 -173.738047 6.538292 -10.309173 1.942677 -2.831622 -6.031752 10.430419 -8.883918 0.218717 11.431259 6.938330 4.066110 23.679434 -19.259674 0.000003 -0.000003 0.000001 -7.401439 8.279659 -1.109200 -0.852686 8.980188 14.217914 5.365026 40.995472 -14.996478 0.000001 -0.000001 0.000001 -15.646638 12.612290 -37.593665 -33.800602 36.946518 -38.403370 24.787648 -26.286374 -22.542865 -0.000002 -0.000000 -0.000002 -16.383052 -4.736075 20.118138 8.023953 -8.291618 11.760226 -15.325958 -12.500581 -16.194512 -0.000000 -0.000004 -0.000001 -2.713162 -3.197587 -17.834401 16.078470 10.109103 -4.254348 1.307003 -10.596126 4.760191 0.000004 0.000002 0.000002 
-46.687740 95.597572 4.236304 2.106959 -178.898418 6.626895 -9.135228 1.688491 -2.335316 -6.620595 10.429705 -8.761411 1.192008 10.626751 5.843319 3.999009 23.459504 -19.256067 -0.000001 0.000007 0.000002 -7.607009 7.604615 -2.157099 -1.264802 10.296743 16.623475 4.441298 43.194792 -14.936527 -0.000001 -0.000003 -0.000001 -15.662076 11.938045 -36.035033 -34.293963 36.831156 -39.618386 25.374346 -25.541542 -19.049094 -0.000002 0.000001 -0.000000 -12.575948 -3.800069 19.477029 7.495304 -8.280553 11.178821 -14.006741 -9.693453 -11.839935 0.000001 -0.000004 -0.000001 -4.557724 -3.242361 -17.059868 12.111654 8.584636 -2.871757 0.272696 -10.508781 5.005627 0.000002 -0.000001 0.000008 
-47.917339 96.032219 4.189036 0.947884 -186.670559 6.234852 -9.847010 1.501988 -1.630403 -6.936384 9.749463 -7.967358 2.424171 9.797748 3.881468 -0.293403 25.782023 -18.816906 -0.000002 0.000003 0.000003 -8.107590 7.972245 -3.095928 -0.756620 12.340588 19.028900 5.129814 43.959839 -15.633485 0.000002 0.000002 -0.000001 -15.801356 10.758771 -35.847094 -33.224649 37.455525 -43.102240 24.567757 -22.522783 -15.143530 -0.000001 -0.000002 -0.000008 -9.801806 -3.293925 18.663038 7.141427 -8.090801 10.331580 -11.674693 -7.112894 -8.298787 0.000001 -0.000000 -0.000002 -5.494597 -2.827993 -14.069719 3.605618 4.807896 -2.789473 -0.310377 -10.102882 5.242544 0.000003 -0.000003 -0.000001 
-48.955067 96.508430 4.080054 0.496303 -194.248722 6.236886 -10.475501 1.326019 -1.333965 -7.613931 9.605391 -7.417691 3.457444 9.653836 2.785016 -0.687909 25.969897 -18.412158 0.000001 -0.000001 0.000001 -7.513195 7.621485 -3.992478 0.431820 12.202307 20.050983 5.850817 45.491556 -15.843855 0.000000 -0.000001 0.000002 -14.799572 10.350374 -34.623998 -30.827553 37.284722 -45.737354 23.001337 -20.887519 -14.370750 0.000000 0.000001 -0.000007 -7.275454 -3.100024 17.812305 11.107156 -9.549359 6.874579 -7.646194 -4.790386 -6.037887 -0.000003 -0.000004 -0.000003 -3.528617 -2.253414 -11.990629 -3.335862 2.049755 -4.169053 -2.311597 -10.287731 6.274706 0.000002 0.000002 0.000008 
-49.817562 96.969666 3.958291 0.503744 -200.364460 6.389420 -11.260770 1.094120 -0.618240 -7.843598 9.499635 -7.238953 4.160493 10.603964 2.182984 -0.484569 26.079151 -18.577986 0.000002 0.000002 0.000001 -6.937241 7.134825 -4.471298 0.942316 13.111225 20.648838 6.434688 46.199355 -16.004672 0.000002 0.000001 -0.000000 -13.986394 10.869796 -33.628696 -29.057018 36.223341 -47.506059 21.894470 -20.094741 -14.287158 -0.000003 0.000000 -0.000002 -6.564971 -3.132321 17.767194 15.585310 -11.419605 3.134003 -3.154029 -4.200419 -6.580901 -0.000002 -0.000003 -0.000002 -0.974909 -1.927781 -11.233994 -7.438085 0.591341 -5.090290 -4.184385 -10.460987 7.023193 -0.000001 0.000002 -0.000000 
-50.423084 97.406761 3.829999 0.189671 -206.565684 6.477745 -11.330736 0.929538 -0.300378 -7.521603 9.756252 -7.754429 3.313152 12.186493 2.941167 -0.041593 24.032830 -17.479817 -0.000000 0.000002 0.000000 -6.306197 6.567851 -4.131780 0.385535 15.313084 20.512448 5.940945 44.675793 -15.571812 -0.000001 0.000004 -0.000000 -14.301789 10.296257 -34.194372 -29.220379 34.769057 -45.894076 21.463933 -20.423382 -15.209706 0.000002 -0.000002 0.000000 -8.614516 -3.643442 18.957364 20.572359 -13.667786 -0.404774 1.060492 -4.648030 -8.364990 -0.000002 -0.000003 -0.000002 2.716278 -1.762822 -10.645242 -9.357119 0.011584 -6.873722 -7.558269 -12.381687 8.668664 0.000007 -0.000001 0.000004 
-50.770878 97.812157 3.708626 -0.365616 -212.355444 6.599667 -11.803649 0.686614 0.229936 -7.246820 10.081793 -8.138463 2.756647 12.624826 3.436035 -1.469971 21.830473 -14.908128 0.000001 -0.000002 0.000000 -6.114224 7.665882 -3.311721 0.752083 15.825722 19.590393 5.653351 42.630824 -14.633655 0.000002 -0.000001 -0.000001 -14.030107 10.309927 -34.551902 -27.357925 32.982727 -45.944965 20.309276 -20.117453 -17.180258 -0.000001 0.000002 -0.000007 -11.880679 -4.426735 20.252247 24.382203 -15.564796 -2.495387 0.525537 -5.906222 -9.795600 -0.000001 -0.000002 -0.000001 7.006885 -1.681724 -10.942915 -9.853699 0.019756 -9.420179 -11.592741 -14.509485 10.330431 0.000002 0.000002 0.000005 
-51.026363 98.198372 3.547576 -0.653436 -217.304777 6.770600 -12.565904 0.517025 0.987822 -8.029370 9.983627 -7.576724 3.385266 14.038677 3.494458 -2.184950 20.073514 -13.348421 0.000000 0.000001 0.000001 -6.650203 8.103207 -2.594315 0.362807 17.169096 19.589536 5.115254 40.989038 -14.595658 0.000002 -0.000001 -0.000000 -14.327449 10.144858 -34.523594 -27.155896 32.006273 -45.255109 19.370043 -19.855357 -18.095750 -0.000003 0.000003 -0.000002 -14.555647 -5.231691 21.623464 25.133006 -15.813204 -3.933517 0.066746 -5.963226 -9.580375 0.000002 0.000004 0.000001 10.748008 -1.841303 -11.796282 -10.662154 -0.350483 -10.533899 -14.830989 -15.777353 11.397081 0.000002 0.000000 -0.000003 
-51.081203 98.582283 3.340888 0.083911 -222.965324 6.879500 -11.999353 0.644320 0.681823 -8.389154 10.111625 -7.521814 3.101391 14.681811 4.223374 -1.455039 17.702307 -11.765820 0.000001 -0.000001 0.000001 -7.227101 8.728685 -1.484192 -0.254186 17.560177 18.732924 4.186875 39.046699 -14.200960 -0.000001 0.000004 -0.000002 -14.310756 10.950864 -34.059647 -26.345590 29.947774 -45.159203 18.090693 -20.551590 -20.090011 0.000001 0.000002 0.000001 -17.114511 -5.533518 21.568260 23.597563 -14.763450 -0.003274 -1.637984 -5.075953 -7.940699 0.000001 -0.000004 -0.000005 15.715710 -2.560358 -14.493781 -12.989812 -1.783376 -9.166903 -18.134618 -16.184383 12.185138 0.000002 0.000006 0.000003 
-50.884533 98.979782 3.104510 -1.018958 -230.400312 7.148448 -13.377959 0.250288 2.399388 -9.054680 10.949142 -8.040801 2.933428 16.352885 5.948787 0.262302 14.982802 -10.243990 -0.000000 -0.000001 -0.000000 -7.026076 10.013669 -0.584227 -0.137573 18.993989 17.863412 4.326618 36.924576 -12.933339 0.000002 -0.000004 -0.000001 -14.063643 10.885926 -34.140520 -27.280652 30.467199 -42.871274 17.670420 -20.313708 -21.622163 0.000001 -0.000001 -0.000006 -20.288239 -5.963463 22.228986 18.873361 -12.609382 5.782133 -5.309296 -8.811286 -11.797885 -0.000000 -0.000000 -0.000002 19.907833 -3.563510 -16.726322 -15.815182 -4.151147 -6.356524 -19.761865 -15.233041 11.658786 0.000001 0.000004 0.000001 
-50.576511 99.364647 2.856275 -1.334977 -235.248654 7.252893 -13.942168 -0.097676 3.415273 -8.115776 11.623036 -9.041166 1.506500 16.301657 7.280314 1.848456 13.203010 -9.599646 0.000000 0.000002 0.000000 -6.775320 10.692644 -0.229873 0.474507 18.249337 16.700335 4.662128 36.537602 -12.099497 0.000002 -0.000001 0.000002 -13.872794 10.712314 -34.601383 -27.555592 31.252128 -41.420265 18.196193 -20.375704 -22.585047 0.000001 -0.000001 -0.000010 -21.753750 -5.872594 21.269368 14.263509 -10.619336 9.329695 -9.142222 -10.013385 -12.452701 -0.000000 -0.000004 -0.000003 22.719275 -4.116298 -18.197987 -16.316772 -5.448976 -4.576115 -20.808472 -13.392234 10.921135 0.000003 0.000000 0.000003 
-50.050205 99.770134 2.575800 -2.363284 -241.464590 7.799621 -13.920121 -0.237890 3.903605 -9.548771 10.613899 -7.214701 2.377465 17.760158 6.684176 3.870506 12.206569 -9.246106 0.000001 -0.000001 -0.000000 -6.728659 11.130154 0.032097 1.099454 18.101096 14.940419 4.121053 35.686304 -10.895441 0.000002 -0.000003 0.000001 -13.712424 10.545587 -35.011136 -28.281670 32.970498 -39.838612 18.911670 -20.694823 -23.582145 -0.000000 0.000003 -0.000004 -20.933309 -5.359924 20.277737 9.450931 -8.833121 10.914663 -10.825854 -10.465213 -12.637234 -0.000002 -0.000002 -0.000001 23.925639 -4.454085 -19.029744 -14.139261 -4.197798 -5.122035 -21.158987 -9.353110 10.195554 0.000003 -0.000000 0.000002 
-49.309544 100.194962 2.254085 -3.329265 -248.082634 8.026231 -13.607245 -0.625463 4.706333 -7.991506 11.010762 -8.019522 1.010042 17.629852 7.382524 4.352369 8.630595 -6.290407 0.000000 -0.000004 -0.000001 -6.087853 11.224364 0.528983 2.208945 18.195530 11.623819 3.319415 35.912298 -8.429529 -0.000001 -0.000001 -0.000000 -13.247389 10.028733 -35.070412 -29.729010 36.668892 -38.270708 19.894061 -21.722129 -25.170195 0.000002 0.000003 -0.000004 -18.379429 -4.642765 18.277356 7.808911 -8.843729 13.668845 -13.970120 -10.800727 -12.488590 -0.000001 -0.000001 -0.000000 21.805773 -4.713898 -21.122392 -8.044578 -0.851187 -6.563388 -18.334543 -1.315740 7.683579 0.000004 0.000006 0.000005 
-48.483158 100.588326 1.932220 -3.998327 -253.052717 8.398151 -12.969078 -0.337103 3.864487 -8.241496 9.567563 -6.330463 1.242579 18.087787 6.488503 5.651437 6.642343 -5.186202 0.000001 0.000001 -0.000000 -5.373563 10.351683 0.521557 2.837066 18.698468 9.419198 3.369254 37.227857 -7.162266 0.000002 0.000002 -0.000001 -13.100182 9.835277 -35.363909 -31.094771 39.316997 -37.005483 20.467323 -22.203091 -26.344434 -0.000003 -0.000001 -0.000006 -15.701568 -4.174688 17.349980 6.657729 -8.220256 14.058350 -16.297994 -11.464951 -12.968159 -0.000001 -0.000002 -0.000003 18.589992 -4.396358 -21.549566 -1.426210 2.257655 -9.306651 -17.267099 3.024061 6.218473 0.000004 -0.000000 0.000006 
-47.435246 100.899963 1.646276 -6.397234 -257.182632 10.260789 -12.120364 -0.420912 3.981676 -7.134030 9.769486 -6.901361 0.592491 14.810481 5.961877 6.754358 4.862549 -4.370921 0.000000 -0.000003 -0.000000 -5.217567 9.380799 1.404423 2.514633 18.844222 7.512699 3.393196 39.378981 -7.336878 -0.000000 -0.000001 -0.000000 -13.660305 9.871535 -36.328116 -33.526195 41.022205 -34.990233 19.967624 -23.048362 -27.621237 -0.000000 -0.000001 -0.000006 -12.335898 -3.741363 16.519711 3.463307 -6.637639 13.722976 -15.050949 -9.936925 -10.909800 0.000002 -0.000003 -0.000002 12.758623 -3.586859 -20.534178 7.132132 5.826658 -12.722967 -16.475234 1.266424 6.694488 0.000005 0.000000 0.000001 
-46.258732 101.214546 1.320667 -15.551581 -262.720795 19.205990 -10.582915 -0.289325 3.441857 -7.846015 7.740655 -4.795656 1.318106 14.720560 3.853910 7.005370 5.255441 -5.274853 -0.000000 0.000001 0.000001 -5.916566 9.821592 2.443758 1.591833 19.543193 5.765924 3.030922 40.257200 -7.918051 0.000000 -0.000001 0.000002 -13.969963 11.798885 -37.508694 -34.919089 41.802848 -34.437308 21.596119 -24.916356 -28.747665 0.000000 0.000002 -0.000002 -10.444596 -3.148610 15.980954 3.239945 -6.283554 14.455889 -13.278026 -8.915660 -9.698493 -0.000001 -0.000003 -0.000002 5.832091 -2.996408 -18.537135 11.189992 7.107180 -10.479387 -11.555165 -1.618128 5.567376 0.000000 0.000005 0.000005 
-45.050472 101.489090 0.980609 -31.597329 -265.809953 36.124830 -9.413561 0.426062 1.155799 -7.812209 5.679814 -2.865571 1.404641 14.432460 2.067565 7.398075 4.085547 -4.625926 -0.000000 0.000001 -0.000000 -5.343302 8.298824 2.242967 1.297286 20.667370 4.796212 3.394792 40.840768 -9.057166 0.000003 -0.000004 -0.000001 -14.704622 10.859987 -38.354405 -36.331156 42.814764 -33.352681 22.025815 -26.296336 -29.906875 -0.000001 -0.000001 -0.000003 -9.621332 -2.729958 14.890354 4.497322 -6.415816 14.048683 -12.403860 -8.248130 -8.897489 -0.000001 -0.000004 -0.000003 0.396674 -2.662258 -16.980926 12.465114 7.549211 -9.607832 -9.987997 -4.172207 5.898425 0.000001 0.000000 0.000003 
-43.633221 101.781128 0.552074 -97.601545 -267.863927 102.366552 -8.466907 0.546694 0.429095 -6.584677 6.372916 -3.919660 0.824360 10.804841 2.023718 7.491381 3.644616 -4.253140 0.000000 0.000001 0.000000 -4.535865 9.011108 3.201334 2.367355 19.963740 2.227555 5.575508 42.705030 -10.285612 0.000000 -0.000001 -0.000000 -14.173617 10.905246 -39.599176 -36.201843 45.177774 -33.149944 24.434442 -27.879241 -31.246203 -0.000003 0.000001 -0.000003 -8.226048 -2.326043 13.230963 7.032650 -7.354924 14.600682 -14.097951 -10.330699 -11.823904 0.000001 -0.000001 -0.000000 -3.908768 -2.357638 -16.056967 7.121800 5.277487 -7.327954 -11.499078 -3.711494 6.145991 0.000002 0.000003 0.000003 
-41.932354 102.057457 0.078234 -160.593867 -263.970228 164.490981 -8.228354 0.237452 1.228705 -5.884471 4.668523 -2.545520 1.018457 11.876309 0.477307 8.139255 4.407983 -5.472272 0.000001 -0.000001 -0.000000 -3.718310 8.518585 3.038478 3.587477 20.009299 0.327708 8.739295 44.267091 -11.979628 -0.000000 0.000008 0.000002 -14.145528 10.266718 -40.350012 -36.115759 46.390098 -32.313779 26.183223 -28.403806 -32.179586 0.000000 0.000003 0.000000 -6.839633 -2.315162 13.765110 10.114518 -7.642437 12.888625 -13.960536 -12.073106 -14.450530 0.000002 0.000001 -0.000002 -4.577866 -1.903129 -12.668193 -0.161273 1.574185 -6.223785 -16.896501 -2.754393 7.488566 0.000003 0.000002 0.000008 
-40.159435 102.315590 -0.430013 -166.925766 -261.620233 171.583805 -8.409217 0.217026 1.200432 -5.296273 5.578816 -3.630228 0.844023 9.328185 0.398823 8.790170 3.966261 -5.486148 0.000001 -0.000002 -0.000000 -3.376279 9.426708 3.829738 3.983123 18.003554 -1.069143 11.106104 45.363975 -13.697332 0.000001 -0.000001 -0.000002 -14.016866 9.841790 -40.840816 -35.525846 46.806402 -31.815557 27.172116 -28.833927 -32.539943 0.000004 0.000003 -0.000000 -6.645851 -2.314344 13.578862 12.971936 -8.179291 10.222087 -11.208499 -13.366388 -16.374813 0.000002 -0.000003 -0.000002 -4.253782 -1.767296 -12.621714 -4.406442 -0.786947 -5.724002 -19.490805 -2.959618 8.000537 0.000001 0.000003 0.000004 
-38.031940 102.565681 -0.949322 -174.945952 -257.266862 179.080142 -8.413440 0.207736 1.224599 -4.490651 4.865544 -3.254142 0.323713 10.648904 0.868899 9.444693 3.604269 -5.653208 -0.000000 -0.000000 0.000001 -3.326290 8.959985 3.570747 3.953661 17.257388 -1.390761 12.810810 45.119017 -15.521752 -0.000001 0.000004 -0.000003 -14.042482 10.380645 -40.782766 -35.809965 46.994826 -31.412805 27.860118 -29.069459 -32.154222 0.000001 0.000002 -0.000003 -7.976022 -3.040491 15.942461 17.704006 -9.273149 3.280895 -1.942426 -12.610347 -15.491805 0.000002 -0.000003 -0.000002 -0.453143 -1.434537 -11.402733 -6.464507 -2.006608 -6.356308 -20.850614 -5.354420 8.803796 0.000001 0.000000 -0.000001 
-35.627148 102.764740 -1.461705 -177.767967 -250.253295 181.792807 -7.738111 0.152928 1.043153 -4.970415 6.228558 -4.135353 0.002060 12.778370 2.563840 9.089497 4.247154 -5.735487 0.000000 -0.000001 0.000000 -2.888065 9.483433 3.976156 5.091129 16.835855 -2.223944 15.445472 45.260583 -17.124763 0.000001 -0.000003 0.000001 -12.927375 10.672435 -40.274183 -33.757421 47.733518 -33.522627 30.056999 -29.444614 -32.248755 0.000001 0.000002 -0.000002 -9.941029 -4.328743 19.320751 21.864429 -10.984130 -3.529224 4.808219 -10.246217 -12.818066 -0.000000 -0.000002 -0.000003 3.292001 -0.958778 -10.796389 -6.967882 -1.919681 -8.469181 -24.419064 -6.351825 10.083076 -0.000003 0.000003 0.000003 
-33.233395 102.945107 -1.962930 -178.551773 -244.528012 182.325520 -7.212651 0.279114 0.613132 -6.009327 7.128067 -4.500517 0.191595 14.278036 4.553795 8.683681 5.343286 -6.503872 -0.000000 -0.000001 -0.000001 -3.205165 9.682101 4.746484 4.803915 17.199386 -2.369825 16.797387 45.491662 -19.301964 -0.000000 0.000003 0.000003 -12.812925 10.578453 -39.497157 -34.361305 47.919528 -33.581165 29.530712 -29.808527 -32.835479 -0.000001 0.000003 -0.000008 -12.650478 -5.758300 22.794672 24.503893 -12.113197 -9.575894 9.501181 -7.039782 -9.752042 0.000005 -0.000001 -0.000000 5.614086 -0.869824 -10.626801 -7.315379 -1.844291 -11.176683 -28.075849 -6.772591 11.385128 0.000002 0.000002 0.000004 
-30.592930 103.125038 -2.498357 -178.858407 -238.106077 182.732067 -7.361213 0.888073 -1.141924 -5.752995 5.022836 -2.643179 -0.385715 18.215426 4.942864 6.913155 5.787439 -6.391749 0.000000 0.000000 0.000001 -3.904052 10.847409 4.750493 5.606974 17.866895 -1.706721 19.695916 45.449370 -20.835799 0.000002 -0.000003 0.000001 -11.972038 11.454815 -38.355805 -33.201727 48.131114 -35.424462 30.106678 -29.495660 -34.460985 0.000001 -0.000002 0.000000 -15.888704 -6.737883 25.006094 27.130305 -13.135200 -6.519651 6.498023 -6.393137 -8.380789 -0.000002 -0.000004 -0.000001 8.724179 -1.251730 -11.799744 -8.437114 -2.408333 -13.072390 -30.353651 -9.296392 12.097358 -0.000001 0.000002 0.000002 
-27.720989 103.275803 -3.015872 -178.686314 -231.969863 183.031339 -7.548654 1.343478 -2.691309 -5.950108 4.306434 -1.879786 -0.483346 20.949869 6.253205 5.699766 6.769334 -6.729767 -0.000001 -0.000001 -0.000000 -4.309452 11.818229 5.455297 6.104059 19.159814 -1.534678 21.391326 44.708854 -23.128983 0.000001 -0.000001 0.000002 -11.469184 12.477278 -38.497064 -33.203322 48.911333 -36.065339 31.549839 -30.366707 -34.163117 -0.000000 -0.000000 -0.000002 -20.255025 -7.348485 24.007333 22.960931 -10.614093 -2.567188 0.003215 -8.031850 -9.267000 -0.000004 -0.000001 -0.000000 10.900783 -1.554058 -13.615190 -8.256720 -2.115210 -13.721250 -26.690112 -10.469674 11.570000 0.000004 0.000003 0.000002 
-24.904507 103.410500 -3.526710 -179.293217 -226.435743 183.098930 -6.926106 1.240587 -2.731358 -6.538383 4.750553 -2.087912 -0.709934 23.640885 7.848674 4.399497 6.777701 -6.354264 0.000000 -0.000000 0.000001 -4.519210 12.151997 5.858874 6.352771 19.431956 -1.155572 22.399278 44.823123 -24.504811 0.000000 -0.000001 0.000002 -10.988480 12.979817 -38.074630 -33.146519 49.412184 -36.920226 30.567812 -30.856722 -35.585118 -0.000001 -0.000002 -0.000000 -21.533295 -7.916953 24.599469 19.005720 -8.622354 0.806509 -2.115550 -7.469690 -8.425653 -0.000001 -0.000002 -0.000003 13.258628 -1.545763 -14.203467 -6.837488 -1.229622 -14.177112 -24.826909 -12.271247 11.804821 -0.000003 0.000005 0.000003 
-21.912724 103.574104 -4.004641 -179.385561 -222.641136 183.211259 -6.648057 1.146734 -2.600795 -7.863656 6.722898 -3.523837 0.171578 22.888229 10.124582 4.445798 6.728042 -6.323306 0.000001 -0.000001 -0.000001 -4.648888 12.086238 6.015077 5.896008 20.831589 -1.281474 21.541995 45.036963 -24.713846 -0.000000 -0.000001 -0.000000 -10.740365 12.406720 -36.114168 -34.496618 50.003658 -36.918122 25.677367 -30.628815 -38.660548 0.000000 -0.000001 0.000001 -23.044602 -8.255572 24.215836 13.611229 -6.589874 4.220025 0.161054 -6.762341 -8.346159 0.000001 -0.000000 -0.000002 13.865655 -1.707520 -15.224855 -3.568463 0.616880 -15.028093 -22.466596 -13.313045 11.833847 0.000002 -0.000001 -0.000000 
-18.786846 103.716927 -4.478884 -179.386832 -220.178743 183.515531 -5.425551 0.823186 -1.826710 -9.190346 8.773247 -4.887184 0.787051 21.143815 10.753163 4.977960 4.789421 -4.684791 -0.000000 -0.000001 -0.000000 -3.985509 11.229584 6.404870 5.694616 22.439410 -1.057287 21.800707 45.595556 -25.736177 -0.000000 -0.000001 0.000002 -10.420732 13.289570 -35.815504 -35.663672 49.757737 -35.612108 21.601785 -29.907831 -41.545879 -0.000005 0.000004 -0.000003 -23.800265 -8.131328 23.453157 9.383615 -5.284967 6.066331 1.629864 -7.040997 -9.160042 -0.000000 -0.000002 -0.000003 11.819748 -1.702887 -15.062809 2.352905 3.238545 -17.414945 -19.512307 -10.384322 10.587706 -0.000001 0.000002 -0.000000 
-15.770641 103.807770 -4.966332 -179.503601 -218.429436 183.812972 -4.989691 0.690146 -1.571701 -9.091264 9.272026 -5.466136 0.635425 20.719910 10.859733 5.355261 3.608072 -4.038024 0.000002 -0.000000 0.000001 -3.730133 10.866089 6.920404 5.439726 24.107672 -0.189729 21.542487 44.688794 -26.716562 -0.000000 -0.000001 -0.000000 -10.201923 14.176508 -35.394259 -36.885470 49.951427 -34.567844 17.524227 -28.931985 -44.311791 -0.000004 0.000001 -0.000003 -24.570561 -7.811324 22.229243 8.124201 -4.813901 6.675519 2.371323 -5.516887 -7.410936 -0.000000 -0.000001 -0.000000 8.659761 -1.662411 -14.537474 8.727255 5.290303 -19.948203 -18.075851 -5.865013 8.909225 -0.000000 0.000001 0.000004 
-12.596966 103.752319 -5.452184 -180.140570 -216.259253 183.907351 -5.233834 0.597330 -1.322807 -6.402286 7.095491 -4.646566 -1.197448 21.690763 9.983508 6.590853 3.005150 -3.731798 0.000002 -0.000000 0.000002 -3.533230 10.801166 7.785310 4.850199 26.333786 1.681797 20.242673 43.832411 -27.109434 -0.000001 0.000001 -0.000001 -9.558847 15.085671 -33.037065 -39.775511 50.909980 -32.071061 11.004038 -26.738264 -47.685372 -0.000003 0.000003 -0.000004 -23.656104 -7.256625 21.246731 10.189888 -5.393886 6.371097 -2.449620 -4.550606 -4.924452 -0.000003 0.000001 -0.000002 3.111197 -1.618600 -13.344295 16.062156 7.010209 -22.951570 -15.629343 -3.020881 7.109632 0.000003 0.000000 -0.000003 
-9.314640 103.528320 -5.946644 -180.255085 -215.318367 184.978325 -4.219773 0.552499 -1.220282 -7.139467 8.354838 -5.352346 -0.667087 19.176036 10.243353 8.034295 2.008043 -3.014509 0.000002 0.000001 0.000000 -3.165930 10.419293 7.285319 5.552425 27.664862 3.502004 20.464304 41.951835 -27.229845 -0.000001 0.000002 -0.000001 -8.424467 15.837913 -30.858460 -40.744592 52.082856 -30.629915 8.836538 -25.625131 -49.863130 0.000000 -0.000000 -0.000002 -21.384981 -6.543926 20.128182 11.355303 -5.601836 5.086898 -6.335972 -4.631434 -3.700731 -0.000001 -0.000006 -0.000000 -2.146439 -1.564512 -12.349878 19.263838 7.491728 -24.893203 -13.289770 -2.378516 5.942587 0.000000 0.000000 0.000003 
-6.225361 103.241035 -6.414714 -179.685147 -214.979193 185.778864 -4.116973 0.766369 -1.744813 -6.978384 8.178866 -5.288633 -0.626765 17.734972 10.008743 9.668570 1.469456 -3.278260 -0.000000 -0.000001 0.000001 -3.115999 10.504069 7.587365 5.117991 27.944162 5.079607 21.132042 40.675351 -28.999224 0.000001 0.000003 0.000001 -8.087161 16.293568 -29.588335 -43.164316 51.757592 -26.844928 6.922120 -24.959065 -50.930296 -0.000000 -0.000001 -0.000003 -20.603426 -5.898752 19.098722 12.986518 -6.139727 4.047731 -9.801728 -5.598776 -3.908417 0.000002 -0.000003 0.000002 -5.533350 -1.645467 -10.925187 16.846214 6.451153 -27.438362 -17.425657 -2.206430 6.998293 0.000000 0.000004 0.000003 
-3.166382 102.841408 -6.949242 -179.732726 -215.239164 185.867943 -2.850013 0.496423 -1.004983 -6.788810 8.278900 -5.554181 -0.699983 16.102946 9.538951 11.659704 -0.446197 -2.260170 -0.000001 0.000003 0.000001 -2.055149 9.046976 7.609458 5.036588 25.982526 0.739659 19.786915 41.931190 -25.858763 0.000002 -0.000001 -0.000000 -7.709449 16.977453 -28.585885 -44.543523 50.796807 -22.909651 4.659173 -23.411114 -52.682892 0.000004 0.000001 -0.000007 -20.421607 -5.736538 18.738190 12.815884 -6.123939 2.061167 -9.448315 -3.368079 -0.856741 -0.000001 -0.000002 -0.000003 -10.085379 -1.670980 -7.980151 14.037465 5.761335 -27.773844 -18.490434 1.036082 6.406365 0.000003 0.000002 -0.000000 
-0.118782 102.285019 -7.453966 -179.861461 -213.553692 185.509645 -1.246575 0.160805 -0.102843 -5.161681 6.183722 -4.360733 -1.509507 19.029561 8.675700 13.846350 -3.886974 0.351844 0.000001 0.000003 0.000002 -0.792137 7.071297 9.561397 4.541115 24.035579 3.208994 22.993075 45.571985 -30.129672 0.000002 -0.000001 -0.000000 -7.489365 18.950712 -28.134524 -43.936254 48.068897 -21.456288 4.178293 -23.035568 -51.854250 -0.000003 0.000000 -0.000004 -20.766866 -6.011378 19.244826 13.858240 -6.344620 -2.917318 -8.674251 0.712986 4.301714 -0.000000 -0.000003 -0.000002 -13.962974 -1.906231 -5.287182 11.335426 5.447678 -23.819813 -20.554703 3.342920 6.795003 0.000004 0.000000 0.000001 
2.742268 101.697655 -7.956967 -179.818732 -212.423432 185.628149 -0.532548 0.158133 -0.144266 -4.618956 5.967572 -4.521522 -1.397347 18.562762 8.991165 14.416747 -5.593297 1.613869 0.000001 -0.000001 -0.000002 0.511437 5.230562 11.159342 3.725819 24.045575 5.023012 22.512162 51.776611 -29.176020 0.000000 -0.000001 0.000002 -7.498095 20.575081 -27.777418 -43.505590 44.921147 -19.094192 3.797518 -22.817119 -50.846906 -0.000000 -0.000001 -0.000003 -21.734468 -5.907012 18.881523 15.264469 -6.675949 -6.714861 -10.144600 2.823311 7.883901 -0.000002 -0.000004 -0.000003 -16.429892 -2.346549 -3.729422 9.338024 4.633136 -20.181083 -21.981429 5.568891 6.678830 0.000001 0.000000 0.000001 
5.607147 100.975311 -8.442854 -180.544658 -209.907259 185.195989 -0.007788 0.219997 -0.474588 -5.194803 5.953569 -4.296024 -0.690750 18.826773 9.559498 14.359071 -6.838015 2.640766 -0.000002 0.000003 0.000001 1.505989 4.204539 13.225557 3.464350 21.405917 9.942444 -6.839819 65.738904 8.025239 0.000003 0.000003 0.000003 -7.058636 21.867085 -25.432739 -44.738928 42.487943 -14.336692 -1.546659 -20.344053 -52.158118 0.000000 -0.000001 -0.000003 -21.112827 -6.119997 19.332545 16.336356 -7.348745 -10.687775 -11.848339 5.575813 12.537883 -0.000000 -0.000002 -0.000003 -17.822723 -2.432384 -1.919081 7.122409 4.160440 -13.657651 -17.109721 8.531635 4.112878 0.000000 0.000003 0.000006 
8.418400 100.165894 -8.852033 -180.845214 -208.538106 184.348978 1.070123 -0.156666 0.443602 -4.880043 6.274721 -4.779602 -1.400584 18.008723 10.455380 14.807799 -7.493167 4.167786 -0.000003 0.000000 0.000001 2.354609 3.439691 12.573395 3.095169 20.341507 8.195488 -40.695510 58.946404 49.746071 -0.000000 0.000004 0.000003 -6.167760 22.325933 -22.093833 -44.028489 40.668370 -12.265747 -4.362705 -17.879695 -50.996252 -0.000005 0.000001 0.000000 -21.115752 -6.436665 20.168295 17.932096 -8.512265 -14.596136 -14.540289 7.921098 17.685125 0.000003 -0.000001 -0.000000 -21.088527 -2.770975 -2.320507 4.612843 3.088574 -5.632343 -7.083199 12.939087 -1.494636 0.000002 0.000002 0.000003 
11.051876 99.372871 -9.238035 -180.715426 -207.084273 183.703156 1.123019 -0.211645 0.709052 -2.525052 4.687742 -4.110682 -2.913700 19.842058 10.256093 14.583255 -8.576031 5.416580 -0.000003 0.000004 0.000003 2.208985 3.148441 12.264232 2.926166 19.928981 11.014047 -51.797853 50.052091 65.483933 -0.000001 -0.000004 0.000001 -5.829879 22.353894 -19.738224 -43.441270 39.063071 -11.320031 -6.827456 -15.891487 -48.811353 0.000000 0.000001 0.000001 -20.878707 -6.693576 20.636684 18.755491 -9.017270 -17.627327 -16.885097 9.372099 21.440988 0.000003 -0.000003 0.000002 -22.945303 -2.938925 -1.953465 2.814306 2.086776 0.212637 3.706203 14.140705 -7.223191 0.000004 0.000004 0.000003 
13.642746 98.488197 -9.543520 -181.515965 -205.293725 182.899092 3.413032 -0.587431 1.829023 -3.594645 6.078444 -5.151254 -2.340154 19.145953 12.057566 13.762380 -9.271696 5.996694 -0.000002 -0.000000 0.000002 1.902266 2.848204 10.757267 3.116032 18.980843 14.122739 -49.697232 57.274893 58.867201 0.000003 0.000003 0.000004 -5.087939 22.392847 -16.692359 -43.179363 38.390571 -11.142426 -6.866943 -14.315583 -45.006046 0.000001 0.000000 -0.000006 -18.651358 -6.499988 21.714242 19.546504 -9.474680 -20.111639 -18.687650 10.544274 24.400851 0.000002 -0.000004 -0.000003 -23.257115 -3.204913 -0.426887 2.689232 1.656141 4.149451 14.053581 9.664632 -10.768380 0.000003 0.000003 0.000006 
16.183521 97.571312 -9.825255 -180.064605 -204.892302 182.201115 4.204368 -0.701749 1.916613 -3.635548 6.034053 -4.972219 -2.714298 18.736817 11.851159 11.760086 -9.661298 6.737427 -0.000003 -0.000002 0.000001 2.267231 3.234656 10.064178 4.697474 17.603561 16.893032 -58.487955 52.608200 71.864532 0.000002 0.000003 0.000001 -3.959228 21.862088 -15.133695 -42.716638 38.611787 -9.850060 -4.890988 -13.628183 -43.715625 -0.000005 0.000004 0.000000 -19.338103 -6.443607 20.804382 20.979192 -10.262280 -21.652786 -19.868735 11.022498 26.355415 -0.000000 -0.000001 -0.000000 -25.987313 -3.540886 -0.410973 5.131589 2.678228 5.532222 20.230701 5.284151 -12.071008 0.000001 0.000004 0.000003 
18.527645 96.714211 -10.054580 -180.839422 -203.710242 181.653949 6.423193 -0.893752 2.168034 -4.147159 6.257748 -4.888873 -2.642786 18.968678 12.614893 10.369563 -9.399880 6.771370 0.000000 -0.000001 -0.000000 3.171873 3.537516 10.640518 6.243330 15.766216 20.098284 -65.557365 47.321822 82.781661 0.000002 -0.000001 -0.000002 -3.024483 21.556538 -14.372549 -42.472954 38.765534 -8.095244 -3.455977 -13.793662 -43.944887 0.000000 0.000001 -0.000004 -17.718633 -6.393934 21.546294 20.997736 -10.342795 -23.931499 -19.686256 12.496516 28.391314 0.000001 0.000000 -0.000005 -27.068719 -3.691465 -0.092985 7.722930 4.187203 6.550452 24.132428 1.214492 -11.845752 0.000004 0.000003 0.000004 
20.872211 95.867081 -10.302685 -180.220115 -203.470379 180.380337 7.298788 -1.040057 2.705851 -3.759623 5.524162 -4.317003 -3.214852 19.446759 12.755722 9.846045 -10.201372 7.762236 0.000001 -0.000000 -0.000002 4.232467 3.280876 13.007358 7.206157 12.257965 24.508276 -66.569011 38.497026 88.585382 0.000001 -0.000004 0.000001 -2.569890 20.475422 -11.810779 -41.833833 37.303317 -7.301253 -2.901555 -13.523489 -41.745307 -0.000003 -0.000000 -0.000002 -17.824144 -6.562989 22.163238 21.401983 -10.782591 -26.167235 -18.886421 13.819331 29.722490 -0.000002 -0.000004 -0.000003 -29.447234 -4.013221 -0.842936 10.558072 5.938072 8.693045 28.679165 -3.867849 -10.933109 0.000001 0.000001 -0.000003 
23.185719 95.036720 -10.529505 -180.306899 -203.365399 179.341534 7.889462 -1.089730 2.789493 -1.688989 3.000775 -2.476850 -4.447213 21.937714 11.700236 8.976394 -11.034192 8.768132 0.000001 -0.000000 -0.000002 5.309153 3.475572 15.088894 8.461954 9.174693 26.722022 -65.178132 33.021304 90.766111 0.000001 -0.000001 -0.000000 -1.717315 18.998149 -9.399339 -40.103135 35.906482 -6.552536 -2.335413 -12.946203 -41.495035 0.000003 0.000002 -0.000002 -17.120192 -6.337987 22.112604 22.517141 -11.737528 -26.916432 -18.310036 14.390590 29.907291 -0.000001 -0.000004 -0.000003 -30.267550 -4.197192 -0.807118 13.016061 7.478200 9.761428 32.351348 -9.507702 -8.615252 0.000000 0.000000 0.000003 
25.332863 94.271294 -10.725058 -181.093450 -201.891103 178.770216 9.664174 -1.114626 2.532566 -1.541256 2.125897 -1.630232 -4.802649 23.771717 11.519968 8.528915 -11.681331 9.269924 -0.000003 -0.000001 -0.000000 5.189344 3.895734 16.560210 8.648459 8.068695 27.111463 -63.576125 33.242978 89.178297 0.000002 0.000001 -0.000002 -1.392799 17.390249 -7.645522 -38.691970 34.293564 -6.469129 -2.289504 -11.976744 -39.387249 -0.000002 0.000000 -0.000004 -15.290408 -5.981682 22.305352 22.355959 -11.294060 -27.820037 -17.235492 15.794187 30.800468 0.000001 -0.000003 0.000001 -29.940001 -4.298707 0.247749 15.665899 9.149628 9.568251 33.697326 -12.694631 -6.507236 0.000002 0.000002 0.000003 
27.431828 93.598618 -10.851610 -180.516203 -201.686621 178.118670 9.933260 -1.121971 2.227881 -3.563456 2.448914 -1.086858 -2.479766 22.988540 11.322501 8.191754 -12.248324 9.981699 -0.000003 -0.000002 0.000001 4.002490 5.424480 16.725395 7.939597 8.746234 24.928121 -61.456512 46.429560 79.572435 -0.000001 -0.000001 0.000002 -0.958814 15.960054 -6.289987 -35.574589 31.892356 -7.116973 -3.143307 -11.019564 -36.345759 0.000005 -0.000003 -0.000002 -14.811361 -5.780128 21.321320 23.169875 -11.749944 -27.145202 -15.920261 15.971306 30.096218 -0.000000 -0.000003 -0.000002 -31.189188 -4.314495 -0.368788 18.374517 10.942214 10.305260 35.359821 -15.426409 -4.608050 0.000002 0.000003 0.000005 
29.462906 93.050217 -10.908843 -179.442088 -202.069589 177.530263 11.173261 -1.151858 2.437374 -4.382965 1.466592 0.157176 -1.650313 23.962978 10.005337 6.684808 -13.658068 11.287844 -0.000003 -0.000001 0.000001 3.021347 6.547936 17.550665 7.549502 10.032864 25.304222 -51.271238 58.978212 62.318994 0.000001 0.000003 0.000001 -0.957009 15.219311 -5.829443 -31.997162 28.975367 -9.063383 -1.308593 -11.904094 -34.667277 0.000000 0.000001 -0.000004 -14.635490 -5.297551 19.926652 24.225144 -12.411825 -25.454066 -15.425202 15.460717 28.815735 0.000002 -0.000002 -0.000004 -32.181710 -4.558180 -1.039299 20.322523 12.057738 10.129913 36.584423 -17.202813 -3.186009 0.000002 -0.000002 -0.000002 
31.377037 92.560356 -10.969069 -178.625470 -201.605369 176.815334 11.061356 -1.121762 2.112011 -3.870799 0.300272 1.208783 -1.611963 25.663674 9.588442 5.244843 -14.187899 11.707474 -0.000000 0.000000 -0.000004 2.799857 7.155172 18.649992 7.672253 9.970895 26.099725 -33.236995 66.496181 39.031690 -0.000000 -0.000001 -0.000000 -0.416739 14.515320 -4.098450 -30.351503 28.067032 -10.363144 0.089756 -13.266478 -35.066857 0.000000 0.000000 0.000003 -14.527947 -5.099591 18.955406 24.464887 -11.860319 -24.448741 -15.886238 14.654085 28.420342 0.000003 -0.000001 -0.000000 -32.933273 -4.720626 -1.027553 22.144826 12.478274 9.385265 36.336036 -18.754202 -1.937755 0.000002 0.000002 0.000004 
33.240326 92.205177 -10.988456 -177.901798 -201.611215 176.117042 12.365117 -1.228877 2.299514 -6.130722 1.303403 0.900504 -0.280370 23.483188 10.409148 4.581255 -14.136388 11.712089 -0.000001 -0.000001 -0.000003 2.902857 7.780248 19.675859 8.676703 9.931011 27.916779 -24.459437 64.995370 29.911461 -0.000001 0.000003 0.000003 0.687670 13.898219 -1.383120 -29.928188 26.478678 -5.034889 -2.091263 -11.897988 -37.778555 -0.000005 -0.000001 0.000001 -14.147789 -4.485803 17.238293 24.565925 -11.926368 -21.924122 -14.976535 13.882813 26.779602 -0.000000 -0.000000 -0.000002 -33.543250 -4.699104 -1.925505 23.487197 13.170873 9.862759 36.995443 -19.815321 -1.084550 0.000002 0.000000 0.000001 
35.048061 91.997078 -10.964310 -177.476004 -200.331115 175.340040 12.640906 -1.235368 1.066226 -4.732184 0.014622 1.869226 -1.250518 24.658904 11.317782 3.139504 -13.519772 11.682762 -0.000003 0.000000 -0.000001 2.600759 9.008774 16.645827 8.892668 12.940404 21.393307 -2.855745 65.995105 6.110213 0.000001 0.000002 -0.000001 2.511381 13.404834 1.168659 -28.205365 26.273441 -1.646154 -2.601450 -11.274449 -41.062974 0.000001 0.000006 0.000000 -13.723406 -4.107146 15.364799 23.121061 -11.024211 -20.166538 -13.756678 13.906264 25.957709 -0.000001 -0.000001 -0.000000 -33.652769 -4.424603 -2.287381 25.156943 14.063876 9.869190 36.268550 -20.853269 -0.253553 -0.000001 -0.000006 -0.000006 
36.745342 91.875778 -10.932389 -177.202728 -199.664680 174.325170 13.484677 -1.326919 0.976839 -5.364051 0.207311 1.881159 -1.619825 24.289312 12.462586 3.030134 -13.300469 11.659947 0.000002 0.000005 0.000004 3.148527 8.991291 17.689256 10.577523 12.500404 26.375144 -4.828758 65.007152 9.690420 0.000002 -0.000003 0.000001 3.842426 13.596079 4.910749 -25.571016 23.291299 2.938904 6.653131 -9.048640 -21.132986 -0.000001 0.000003 -0.000005 -13.696661 -3.980345 14.357565 22.504724 -10.534976 -18.509381 -12.674376 13.989855 25.238000 -0.000000 -0.000001 -0.000000 -34.176901 -4.368802 -2.618107 26.849793 15.122917 10.640823 35.569074 -21.231681 0.296723 0.000004 -0.000003 0.000001 
38.459312 91.910378 -10.886912 -174.651571 -200.492512 172.786028 12.363567 -1.255447 2.088819 -5.882604 -0.756431 3.056953 -0.506202 22.696445 10.866545 2.925208 -13.111617 11.223685 0.000000 0.000001 0.000001 2.850016 8.826604 20.190248 10.744262 10.795324 29.601931 -7.851168 62.653899 12.990055 0.000002 0.000003 0.000001 3.792825 12.548431 6.422166 -23.194902 20.425862 3.093353 16.797986 -6.452113 -5.108208 -0.000005 0.000001 -0.000003 -14.512057 -3.764237 12.871504 21.660132 -9.405210 -15.536959 -12.658063 12.665573 23.446878 -0.000002 -0.000003 0.000001 -35.702058 -4.216381 -4.554157 26.268805 14.983678 12.437614 35.594780 -21.978377 1.240055 0.000006 0.000000 0.000002 
40.241310 92.112373 -10.851446 -174.006309 -198.649823 171.612902 12.906978 -1.365459 2.969278 -5.015874 -1.644609 3.636747 -1.268749 24.199043 10.632987 2.658488 -12.701321 10.804646 -0.000002 0.000001 0.000004 3.748103 8.433097 22.704797 11.181585 9.773977 32.600356 -7.811711 59.564359 13.480965 -0.000001 0.000001 0.000001 3.117602 10.371625 4.827702 -22.329312 20.424880 -1.932929 13.850081 -10.994188 -17.510382 -0.000002 0.000001 -0.000004 -13.358274 -3.011190 11.352725 18.455817 -7.295112 -13.276417 -10.816176 12.362605 21.733534 -0.000001 -0.000003 -0.000002 -33.163973 -4.319372 -3.308763 25.050627 13.638065 10.112244 32.578363 -21.708790 2.121458 0.000007 0.000007 0.000004 
41.971329 92.395279 -10.831864 -172.916703 -197.697230 170.933571 12.613543 -1.427608 3.649285 -5.471279 -1.711455 3.780342 -0.591700 24.102418 10.581683 2.321999 -12.192823 10.371676 0.000000 0.000001 0.000001 4.413706 8.057877 24.566590 10.701046 9.514840 32.922051 -9.973125 54.690199 16.171499 0.000001 -0.000004 0.000001 2.145655 9.504525 2.866927 -22.165371 20.652074 -6.206893 9.783122 -14.382536 -28.358631 -0.000003 -0.000000 -0.000002 -13.362190 -2.545753 9.727225 16.039892 -6.208017 -11.172161 -8.958013 12.270970 20.177130 -0.000001 -0.000004 -0.000003 -31.128403 -4.193868 -2.809875 23.229661 12.555022 8.977124 30.933305 -21.939903 2.756994 0.000002 0.000002 -0.000000 
43.778633 92.838753 -10.825027 -170.746779 -195.998699 169.939669 10.861428 -1.602420 4.083161 -4.918280 -1.515933 3.384920 -0.851341 23.844308 11.098766 2.138383 -11.884281 10.488272 0.000004 0.000002 0.000000 4.494057 9.396312 25.104799 10.413286 9.427742 31.397960 1.304072 57.835535 1.797709 0.000001 -0.000001 -0.000000 1.517297 9.064968 0.732432 -21.829022 21.647813 -10.147240 9.792390 -17.091888 -33.468197 0.000003 0.000005 0.000002 -14.103109 -1.742588 7.699160 13.782804 -5.030367 -8.162475 -7.110318 10.093997 16.412888 -0.000000 -0.000004 -0.000003 -28.666454 -4.220879 -1.972153 20.233054 9.822681 6.662719 27.016678 -21.607449 3.078829 0.000001 0.000002 0.000003 
45.762428 93.437576 -10.881370 -169.531278 -195.529574 169.280255 9.217248 -1.702516 4.761324 -3.604536 -2.004314 3.645425 -0.942002 23.134457 10.512208 2.723411 -12.085510 10.525503 -0.000001 0.000001 0.000001 5.061005 10.352513 25.865477 12.022332 9.286640 30.376194 4.243602 57.413266 1.035276 -0.000000 -0.000004 0.000003 1.982905 7.426001 -0.410775 -20.167605 22.572298 -10.616035 10.673709 -18.065582 -37.749728 -0.000000 0.000001 -0.000000 -12.397203 -1.038256 5.458831 11.581044 -3.813523 -3.628208 -4.580024 6.737314 11.104523 -0.000002 -0.000001 0.000003 -24.860466 -3.628014 -2.726242 15.527957 6.386221 6.099614 24.011014 -20.233221 2.080017 0.000004 0.000000 -0.000003 
47.607433 94.098053 -10.925604 -168.454581 -195.284056 168.857221 8.270162 -1.703011 4.777616 -3.824571 -1.967898 3.556067 -1.039815 22.485449 10.847664 2.864494 -12.405736 10.748106 -0.000001 0.000001 0.000001 4.774498 10.322419 26.832014 11.282721 7.967570 30.795089 10.327465 57.753839 -7.960635 0.000002 -0.000001 0.000002 1.442461 6.466756 -0.259403 -18.626530 20.167023 -12.057131 10.803644 -18.861996 -36.999415 0.000000 0.000005 -0.000003 -11.155095 -0.455613 4.191383 9.923990 -3.297254 -0.262599 -3.183465 3.366048 6.146253 0.000002 0.000001 -0.000002 -22.696686 -3.575747 -3.528907 12.310676 4.336736 5.699362 21.609378 -19.067976 2.066916 -0.000001 0.000003 0.000003 
49.478691 94.923721 -10.983810 -167.176735 -194.353006 168.438448 7.553951 -1.706192 5.150353 -4.403776 -1.956241 3.545964 -0.764739 22.376388 10.666513 3.243049 -12.453367 10.572671 -0.000000 0.000001 0.000001 4.825560 10.036555 27.353757 10.500637 7.576548 30.823097 10.336756 56.632961 -8.768214 0.000003 -0.000001 0.000003 1.031664 6.673173 -0.948835 -17.789007 18.598091 -13.630113 12.826282 -19.009540 -34.895737 -0.000002 0.000003 -0.000002 -10.222237 0.174967 3.020694 8.132928 -3.396248 2.930506 -0.940905 -0.729645 -0.201093 -0.000001 -0.000000 -0.000002 -20.728924 -3.571876 -4.231321 8.195695 2.541146 5.049815 19.791641 -16.277183 1.157974 0.000006 0.000004 0.000001 
51.316647 95.807503 -11.033272 -166.882244 -194.057094 168.415157 7.105845 -1.827259 5.476366 -4.343101 -1.896027 3.400536 -0.960915 22.627459 10.781653 2.992093 -12.356809 10.484335 0.000001 -0.000000 -0.000001 6.338062 9.719222 27.946619 10.985897 7.044013 31.210676 13.377520 56.422185 -12.222311 0.000002 0.000001 0.000003 1.511555 5.601818 -1.399654 -15.517782 16.964204 -13.706694 13.873763 -17.823187 -33.292053 -0.000002 0.000005 -0.000001 -6.656981 0.587729 2.723407 7.180982 -3.963719 4.492397 3.720362 -3.993955 -5.822868 0.000003 -0.000001 -0.000000 -17.669916 -3.367407 -4.903245 3.536504 0.508895 4.108851 18.278621 -13.924462 0.175658 0.000004 0.000002 0.000003 
53.063690 96.674339 -11.093231 -165.665214 -194.503516 168.709156 5.415598 -1.865385 5.865938 -3.960891 -1.778354 2.998170 -0.914057 21.519846 10.578489 3.137474 -11.938558 10.002214 0.000001 -0.000003 -0.000000 6.293677 9.178868 27.549172 10.571224 6.240893 32.808848 14.292590 55.271619 -13.848364 -0.000002 0.000001 -0.000000 1.497985 4.280819 -0.859502 -13.938894 13.978859 -13.637382 11.398822 -15.762263 -33.012405 0.000001 0.000001 -0.000003 -4.310307 1.003142 2.310975 7.210645 -4.362318 4.776376 7.042652 -7.022313 -10.356827 -0.000000 -0.000002 -0.000001 -15.858422 -3.391189 -6.255657 -0.591677 -1.269198 3.603516 17.183655 -11.358171 -0.822018 0.000001 0.000002 0.000002 
54.830353 97.583054 -11.150495 -164.121550 -194.734745 169.136862 4.436673 -1.998881 6.856758 -4.462221 -1.545887 2.801351 -0.144652 19.872079 9.447733 2.515845 -10.988530 8.879796 0.000001 -0.000001 0.000003 5.421074 9.072462 27.028134 9.810753 5.722143 34.847994 9.374657 51.763162 -9.643456 0.000001 -0.000001 -0.000000 0.783612 3.727636 -1.070830 -12.680049 11.012101 -13.966145 8.812292 -14.495890 -30.716911 0.000000 0.000002 0.000001 -1.444985 1.256180 1.152360 7.643874 -5.021434 4.193318 10.788997 -10.178764 -14.620237 0.000002 -0.000003 -0.000002 -14.269680 -3.277709 -8.566119 -4.410858 -2.867649 4.086683 16.122843 -8.721761 -1.721117 0.000000 0.000000 0.000003 
56.527893 98.487686 -11.196678 -163.282639 -194.594753 168.942093 3.276778 -2.019918 7.529310 -3.520139 -2.192397 3.104297 -0.465218 18.844613 8.314935 2.065288 -10.827125 7.932603 0.000001 -0.000003 -0.000002 5.251776 8.720133 27.822166 8.941611 6.103229 35.155537 11.132933 50.893775 -13.040775 0.000001 -0.000001 -0.000002 -0.005318 3.492230 -1.526722 -11.935409 9.151963 -13.988797 8.232734 -13.400239 -28.475808 0.000003 0.000000 0.000002 0.880275 1.475350 0.097001 10.033725 -6.056936 3.116732 12.409481 -13.408007 -18.248905 -0.000003 -0.000001 -0.000000 -13.618719 -3.264409 -9.820732 -6.949384 -4.153945 3.555136 11.235213 -3.075562 -3.040970 0.000003 0.000003 0.000003 
58.075668 99.367409 -11.225721 -161.944632 -194.546081 169.017812 2.376264 -1.960252 7.731871 -2.453244 -3.078567 3.703209 -1.146329 18.926210 7.414412 1.462837 -10.748711 7.713100 0.000000 0.000002 0.000005 5.374261 7.972672 28.252557 7.822394 6.843688 35.019244 12.258236 50.319383 -15.742894 -0.000001 0.000004 0.000003 -0.825370 3.127964 -2.341227 -12.290329 8.411416 -15.114852 8.635121 -12.887681 -25.994633 -0.000000 0.000003 -0.000004 1.971870 1.652811 -0.057942 11.174961 -6.633537 0.687581 16.533569 -14.477264 -19.698805 -0.000003 -0.000004 -0.000001 -13.710674 -3.365416 -10.991370 -8.696361 -4.640339 3.291692 8.340087 0.132892 -3.183520 -0.000002 0.000003 -0.000001 
59.506718 100.215782 -11.221487 -160.269815 -193.445287 169.146575 0.987815 -1.860017 7.425855 -2.061571 -3.273955 3.774283 -1.131248 18.460159 7.083219 0.839213 -10.315225 7.478139 0.000001 -0.000000 -0.000000 4.805097 8.860618 27.742243 8.434318 7.296942 35.532154 12.668110 50.441729 -15.915941 -0.000003 -0.000001 0.000001 -0.723403 2.469098 -2.453860 -11.836400 8.859300 -15.407826 7.193828 -11.725954 -25.932393 -0.000000 0.000006 -0.000003 3.213119 1.772982 -0.979851 13.175607 -7.575551 -1.319785 19.353618 -16.917583 -22.017926 -0.000001 -0.000003 0.000001 -12.972828 -3.268639 -10.949024 -10.197338 -5.223499 2.518035 6.490948 1.856102 -3.282715 0.000004 0.000002 -0.000000 
60.917210 101.017418 -11.232736 -157.739394 -194.897139 169.134117 -1.353321 -1.801250 7.843134 -2.495920 -4.085885 4.642040 -0.365489 16.557656 5.245812 0.252106 -9.823070 7.083279 -0.000000 -0.000000 -0.000001 4.345897 7.734713 28.185132 7.520320 6.380354 37.031681 9.981033 48.861736 -14.665801 -0.000002 0.000001 0.000003 -2.040301 1.096154 -3.263872 -11.023879 5.866665 -14.712849 5.722136 -10.697830 -22.997961 -0.000003 0.000003 -0.000001 4.247191 1.797481 -0.828051 15.867749 -8.794652 -3.287292 24.871084 -18.838369 -23.750658 0.000001 -0.000001 -0.000000 -12.071764 -3.357064 -11.943002 -13.249811 -6.151538 1.919156 2.890440 2.852323 -1.636675 -0.000004 -0.000002 -0.000001 
62.226334 101.765015 -11.231879 -157.080458 -194.395038 168.604449 -1.458138 -2.055051 8.695066 -3.617575 -4.150882 4.834200 0.412148 16.100171 4.912438 0.065281 -9.244791 6.713934 -0.000000 -0.000001 0.000003 4.779929 7.680609 28.531251 8.042760 6.796596 37.045553 10.379862 48.916432 -14.104151 -0.000001 0.000001 0.000003 -1.940957 0.485066 -2.983485 -10.843885 6.187325 -15.938723 9.249277 -10.442704 -19.210303 0.000003 0.000001 -0.000003 6.314800 1.986299 -1.312314 17.607195 -9.626963 -2.983026 26.211411 -23.532698 -27.610452 0.000003 -0.000000 -0.000002 -11.714939 -3.521308 -12.164639 -13.905193 -6.977921 2.630392 8.387422 1.148926 -3.467955 0.000001 0.000002 -0.000000 
63.419331 102.439445 -11.202353 -154.242337 -196.870627 167.793979 -4.365112 -2.216571 9.335275 -4.626832 -5.296931 6.304758 1.335043 13.690936 2.577754 0.346919 -9.139473 6.645422 -0.000002 0.000000 -0.000001 4.536372 7.462576 28.776017 8.183539 5.097329 38.397766 10.219436 48.721679 -15.212991 0.000001 -0.000001 0.000002 -2.719998 -1.745424 -3.874940 -8.713091 3.127470 -14.736840 11.835172 -9.628561 -13.034471 0.000000 0.000000 -0.000004 7.134988 1.612884 1.154348 19.834837 -10.993207 -6.855298 29.969443 -23.968500 -27.625523 0.000003 -0.000004 -0.000003 -11.480684 -3.404314 -12.936914 -17.066932 -8.161339 2.207609 4.951259 1.955137 -2.199887 -0.000003 0.000000 0.000002 
64.509972 103.065338 -11.168827 -152.029492 -198.685435 166.590732 -6.667025 -2.306363 9.775975 -5.013881 -6.574941 7.549082 1.596675 12.136013 1.117079 -0.118768 -9.175295 6.170949 -0.000002 0.000000 -0.000000 4.267759 6.625324 29.397247 8.272403 3.476102 40.310339 7.695803 46.565242 -12.799787 0.000004 -0.000004 -0.000001 -3.950892 -3.915288 -4.592262 -6.884906 -0.335172 -15.415431 9.892019 -6.936413 -7.325750 -0.000002 0.000002 -0.000001 8.148244 1.372185 3.448803 23.201082 -12.729983 -9.253637 32.962076 -24.559012 -27.657179 -0.000002 -0.000007 0.000001 -11.125488 -3.354863 -12.636163 -19.310142 -9.219762 1.587740 3.958784 1.852299 -1.741663 0.000004 0.000002 0.000003 
65.479713 103.630486 -11.125446 -150.416885 -199.657358 165.810724 -8.088653 -2.468025 10.221232 -5.334263 -6.698478 7.798108 1.632133 10.777843 0.229232 -0.854501 -9.373715 5.914406 -0.000001 0.000000 0.000001 4.845696 7.189724 29.716012 9.994865 3.017331 41.694787 8.055604 47.915761 -11.555075 0.000003 0.000003 -0.000001 -3.853388 -5.281384 -5.486889 -5.283083 0.023625 -15.664820 5.396620 -4.039048 -6.022443 0.000003 0.000001 -0.000000 10.013201 1.066493 5.832091 24.398778 -13.537476 -11.903001 34.503609 -25.238898 -27.744788 0.000003 -0.000004 -0.000001 -11.179296 -3.018141 -12.335186 -20.887511 -10.033400 0.747230 3.413117 1.040704 -1.881759 -0.000002 0.000000 0.000003 
66.561005 104.196419 -11.154434 -149.163231 -198.321578 163.973349 -8.958482 -3.241191 11.844279 -6.345900 -6.706203 8.499374 3.170899 10.227071 -0.364620 -1.510203 -8.162345 6.196655 -0.000000 0.000000 -0.000000 5.509055 9.701695 27.905667 13.021936 7.120751 38.667647 5.822395 51.190246 -1.121220 -0.000001 0.000003 0.000004 -1.754522 -5.528000 -6.673751 -3.124172 3.743350 -17.617394 0.942776 2.575773 -6.101025 -0.000001 0.000002 -0.000005 15.334915 1.285072 4.638742 23.744594 -11.974127 -3.596043 31.353307 -33.017660 -33.822339 -0.000000 -0.000002 -0.000003 -12.667230 -3.181713 -11.178749 -22.456788 -12.202748 -0.883734 10.303731 1.334567 -5.425253 -0.000001 0.000000 0.000006 
67.476990 104.775604 -11.134491 -146.354247 -199.537215 163.484211 -10.546621 -3.336268 12.461870 -6.453916 -7.667755 9.191593 2.999228 8.554638 -2.456697 -2.874487 -8.192644 5.330900 0.000002 0.000001 0.000001 4.030638 8.946433 29.473482 12.105834 4.302279 43.810746 1.867144 47.748633 -0.388799 -0.000001 -0.000001 0.000002 -4.796799 -5.898493 -9.788450 -2.782555 -0.461430 -19.105639 -1.674182 4.583103 4.985157 -0.000003 0.000001 -0.000000 17.891327 1.101334 6.206824 23.299162 -12.703073 -4.605839 34.646169 -31.636333 -32.412902 0.000003 -0.000003 0.000001 -13.314993 -2.963849 -12.503583 -24.232688 -11.728379 -0.289786 5.105127 -0.747294 -1.723056 0.000002 0.000000 0.000001 
68.365013 105.269783 -11.159238 -145.265283 -199.222384 161.995421 -11.450404 -3.712902 12.924929 -7.248500 -8.029758 10.070328 4.345379 7.590814 -2.951067 -3.798241 -7.198559 6.116580 -0.000000 -0.000001 -0.000001 4.647262 10.890282 27.449946 13.132998 9.324366 38.523100 -2.376025 50.933895 11.154027 0.000001 -0.000001 0.000003 -3.256591 -7.138123 -10.795082 -0.108292 1.858385 -19.244213 -6.766173 9.483249 7.494869 0.000001 -0.000003 -0.000001 21.742096 1.525312 6.000378 23.235993 -11.795369 2.348114 32.799228 -38.034113 -37.558958 -0.000002 -0.000004 0.000001 -15.325876 -3.258662 -12.115133 -24.975201 -13.208112 -1.547020 12.198587 0.807067 -5.780996 -0.000003 0.000002 0.000002 
69.033920 105.733406 -11.131747 -141.729431 -200.704767 161.076529 -14.017648 -3.634962 12.955845 -7.311845 -8.888567 10.587434 3.763844 6.029586 -4.868046 -5.441247 -7.903860 5.526753 -0.000003 -0.000001 -0.000001 3.201645 10.072149 29.858995 11.624143 5.941709 44.097925 -0.346591 49.797055 3.200992 0.000003 0.000001 0.000001 -6.690230 -7.692362 -13.483956 -1.424780 -2.299719 -19.950708 -4.677462 8.644499 17.793939 0.000000 -0.000001 -0.000002 23.441522 1.678285 8.242344 23.014520 -11.969418 6.806495 34.558046 -39.131192 -38.322545 -0.000001 0.000000 -0.000003 -17.171878 -3.356045 -12.773194 -26.227679 -12.703620 -1.905627 9.364010 3.080852 -5.286999 0.000003 0.000003 0.000004 
69.769806 106.194794 -11.167804 -140.003182 -201.178181 159.993479 -14.791818 -3.902962 13.106969 -7.905908 -9.331109 11.549652 4.912385 4.924062 -5.673113 -7.278851 -6.467958 5.654869 0.000000 -0.000002 -0.000001 3.313267 12.071529 27.787211 12.919825 10.213486 39.378694 -7.672031 52.161485 17.719491 0.000009 -0.000001 0.000002 -5.460177 -8.397328 -14.618413 1.286437 -0.307811 -19.718471 -10.689061 11.962347 17.223029 0.000004 0.000001 -0.000004 28.712445 2.049282 8.839927 18.921022 -9.617676 10.843085 41.604598 -40.502967 -36.388512 0.000003 -0.000002 -0.000001 -19.181763 -3.391011 -13.603074 -27.463045 -14.419475 -3.156616 15.820170 3.955699 -9.242100 0.000002 0.000000 0.000003 
70.419830 106.610260 -11.206242 -138.107613 -202.103180 159.282020 -15.893550 -4.063851 13.221209 -9.137245 -9.032451 11.548177 5.978240 3.397684 -6.074636 -8.721755 -5.686756 5.513747 -0.000000 -0.000001 -0.000000 3.197050 12.826370 26.530183 12.970744 12.920924 36.004219 -11.562305 52.270290 25.638684 0.000001 0.000004 -0.000002 -5.449219 -9.407279 -15.576158 1.762405 0.649918 -20.358385 -13.692607 13.698060 17.927971 0.000002 -0.000000 -0.000002 32.120433 2.441907 9.893336 16.093401 -8.093001 13.068715 45.809614 -39.268694 -33.849045 -0.000003 0.000001 -0.000004 -20.443914 -3.449726 -14.438520 -28.615629 -15.508407 -4.171506 19.630351 4.334784 -11.791761 0.000002 -0.000002 0.000003 
71.006004 107.018211 -11.226265 -136.171064 -203.717140 159.210016 -16.982818 -3.863838 13.307943 -9.167944 -9.608623 11.723963 4.959498 2.195075 -7.455637 -9.870156 -5.322332 4.297164 -0.000003 -0.000002 0.000001 1.377437 10.782190 29.328887 10.955728 8.671024 42.296486 -5.771524 51.073190 12.319965 -0.000001 -0.000001 -0.000002 -9.301683 -9.607320 -17.707300 -1.444281 -2.611081 -21.048133 -9.107371 10.963411 24.479485 -0.000000 0.000000 -0.000004 33.601051 2.697393 12.433511 14.757886 -8.255580 9.214030 48.719005 -34.185107 -30.405157 -0.000003 -0.000003 -0.000002 -19.626704 -3.173902 -15.558548 -29.401229 -14.215290 -3.019025 12.208692 3.197762 -6.666613 0.000002 0.000000 0.000001 
71.525711 107.394821 -11.248214 -135.015095 -203.464683 159.247841 -17.541434 -3.754652 13.220586 -9.254193 -9.795920 11.758295 4.701965 2.043916 -7.797726 -10.771664 -4.881409 3.777129 -0.000001 0.000000 0.000001 0.387963 10.429514 30.552358 10.098537 7.207316 45.384479 -3.006678 49.735344 5.580314 0.000003 -0.000006 0.000002 -11.009296 -9.407989 -18.807983 -3.405650 -3.217882 -21.220448 -5.674032 9.563261 27.906503 -0.000003 0.000003 -0.000004 34.951939 3.041667 14.406387 14.430776 -8.215290 3.723966 49.032108 -28.451477 -27.274178 -0.000002 0.000001 -0.000002 -19.918030 -3.073202 -15.593061 -30.077640 -13.627090 -2.974173 8.009341 2.875104 -4.313476 -0.000003 -0.000002 0.000003 
71.998505 107.723389 -11.275054 -134.535493 -203.405369 159.143626 -17.384112 -3.864020 13.497419 -9.746322 -9.794534 11.784631 4.822372 2.179082 -8.029345 -11.300591 -4.719741 3.581577 0.000000 0.000000 0.000001 -0.260107 10.487373 30.719271 9.618488 6.479095 46.895713 -1.117511 49.580705 1.270025 0.000002 0.000001 0.000004 -11.903737 -9.431791 -19.618639 -4.448748 -3.439854 -21.435379 -4.065387 8.864439 29.868284 -0.000003 -0.000000 -0.000002 36.321819 3.476009 16.005744 14.251507 -7.785284 -0.684597 48.439599 -23.428760 -24.695111 -0.000004 -0.000001 -0.000000 -20.076767 -3.118447 -15.354544 -30.336053 -13.570644 -3.270734 5.713366 2.146289 -2.954216 0.000001 -0.000002 0.000003 
72.456268 108.047554 -11.309335 -134.445608 -202.820692 159.579297 -16.852698 -3.939621 13.721942 -9.720831 -9.443421 11.472925 4.550796 2.458000 -7.777301 -12.174391 -4.108957 3.259783 0.000001 0.000001 0.000000 -0.627816 10.858038 30.592264 9.661343 6.107266 47.850157 -0.872212 49.452564 0.398218 0.000004 0.000003 0.000003 -12.014022 -9.265875 -19.935843 -5.255990 -2.842936 -21.549021 -3.037653 8.587681 30.421762 0.000000 -0.000001 -0.000003 37.441799 3.930382 17.762185 14.010322 -7.219762 -5.940358 47.650074 -18.833420 -22.305952 -0.000000 -0.000003 0.000001 -20.075246 -3.084265 -15.273773 -30.915181 -13.488048 -3.867027 4.691733 2.539610 -2.491718 0.000001 -0.000002 0.000003 
72.869247 108.277435 -11.354902 -133.401244 -203.368254 159.532360 -17.889078 -3.847434 13.634422 -9.895313 -9.309777 11.138660 4.257207 1.479407 -8.180613 -12.295464 -4.529437 2.849764 -0.000000 -0.000001 0.000001 -1.101848 10.030053 31.061399 8.191631 5.492573 48.119519 -1.740457 48.972497 -1.239192 -0.000001 -0.000001 0.000002 -12.766986 -7.639101 -19.815729 -6.711820 -3.751393 -23.919039 -0.441858 7.867936 33.310409 -0.000000 0.000004 -0.000003 38.811952 4.371009 19.092602 12.165488 -6.466105 -5.785221 47.724075 -18.415127 -22.178154 -0.000002 -0.000001 -0.000004 -19.790599 -3.076364 -15.319761 -28.139993 -12.485556 -1.975258 0.172179 -2.974369 1.666522 -0.000005 0.000001 0.000004 
73.212517 108.522835 -11.385983 -133.435778 -202.950725 159.700027 -17.410974 -3.888489 13.641063 -10.539252 -9.053558 11.147718 4.864390 1.605374 -7.921497 -13.489755 -3.696932 2.955777 -0.000000 0.000001 0.000003 -0.694936 10.282761 30.709275 8.538387 6.135010 48.096133 -1.227466 49.514070 -1.239336 0.000003 0.000001 -0.000000 -12.645103 -7.805225 -20.486405 -6.299978 -3.162952 -22.536732 1.133940 7.937224 32.579466 -0.000000 0.000001 -0.000003 39.793058 4.614097 19.365328 10.864654 -5.570507 -6.790286 48.652616 -17.296387 -21.586012 0.000005 0.000001 0.000003 -20.572236 -3.047750 -15.699770 -30.320227 -13.111309 -3.439554 1.500167 0.953952 -0.463525 0.000006 0.000002 0.000002 
73.528328 108.729095 -11.428379 -133.254969 -202.877109 159.822479 -17.789639 -3.781433 13.341247 -10.160433 -9.476455 11.541025 4.615715 1.594772 -8.349935 -14.142319 -3.420217 2.889347 -0.000000 -0.000001 0.000003 -0.819055 10.265551 30.730196 8.658103 6.013258 48.624889 -0.702823 49.599717 -2.153847 -0.000003 -0.000001 -0.000003 -12.759181 -8.578812 -20.443897 -6.821698 -2.742552 -22.149366 2.307595 7.904714 32.487399 0.000000 0.000004 -0.000003 40.164241 4.750961 20.115583 10.419874 -4.948399 -9.011495 48.700628 -16.382593 -21.055434 -0.000001 -0.000004 -0.000003 -20.588272 -2.982567 -15.912271 -31.762808 -13.453135 -4.198087 2.921977 2.495818 -1.596091 -0.000000 0.000003 0.000004 
73.816368 108.928802 -11.474318 -133.238426 -202.531501 159.942157 -18.018988 -3.793479 13.360903 -10.183855 -9.542691 11.678677 4.706288 1.674180 -8.381072 -14.546332 -2.873291 2.847097 0.000002 0.000001 0.000003 -0.879692 10.514981 30.374097 9.300402 5.900539 48.948670 0.231864 50.312570 -2.564142 -0.000003 0.000004 0.000002 -12.536749 -9.113141 -20.243714 -6.860245 -1.968383 -22.338173 2.547481 8.296280 32.474404 0.000003 0.000003 -0.000005 40.184291 4.818373 20.475230 10.209456 -4.534734 -10.508130 47.936293 -15.580210 -20.598237 -0.000006 -0.000004 -0.000001 -20.582859 -2.944078 -15.927614 -32.486145 -13.771630 -4.576683 3.197607 3.184670 -2.078580 0.000001 0.000004 0.000001 
74.038979 109.101074 -11.510774 -133.800182 -202.784109 159.897037 -17.607712 -3.782300 13.487440 -10.697710 -9.475709 11.621879 5.017465 1.142685 -8.469541 -14.691868 -2.820217 2.655939 -0.000001 0.000002 0.000003 -0.936957 10.153998 30.644757 8.907030 5.563392 48.813805 -0.340815 49.560450 -2.261181 -0.000002 0.000003 0.000006 -12.696376 -9.239563 -19.931411 -6.870081 -2.790978 -22.536573 2.779656 8.291099 33.213543 0.000001 0.000001 -0.000004 41.175194 5.012108 20.414378 9.647115 -3.981800 -10.757212 47.537912 -15.277491 -20.413612 -0.000002 -0.000002 -0.000001 -20.316493 -3.028340 -15.803996 -32.454252 -13.695286 -4.769287 2.808448 3.724361 -2.039900 0.000005 0.000000 0.000003 
74.263283 109.229912 -11.567287 -133.123133 -203.286128 160.109565 -18.716576 -3.658237 13.097098 -10.282675 -9.608829 11.469873 4.477219 0.544448 -8.799784 -13.837852 -3.418724 2.248005 -0.000000 0.000001 0.000004 -1.753061 9.764708 30.603947 8.339130 4.328373 49.746781 -1.541380 47.890578 -2.705211 0.000004 0.000004 -0.000002 -13.040711 -7.401573 -19.648576 -7.475604 -3.899281 -25.009375 3.025106 8.163308 35.661415 -0.000002 0.000001 -0.000003 40.180289 5.144955 21.636863 10.445274 -4.530248 -10.798120 46.888863 -16.190870 -20.963906 0.000002 -0.000003 0.000001 -20.468776 -3.044569 -16.020928 -28.777872 -12.536322 -2.740141 -0.509785 -1.546967 1.483229 0.000004 0.000000 0.000003 
74.457344 109.332825 -11.626448 -133.085034 -203.344950 160.413686 -19.291622 -3.689083 12.955994 -9.818487 -9.482359 11.273189 3.969179 0.540997 -8.782807 -13.548525 -3.243553 2.106895 -0.000000 -0.000000 0.000002 -1.088960 9.714859 30.631906 8.627369 4.462548 49.598617 -1.882984 47.671312 -2.154999 -0.000000 -0.000001 0.000002 -12.812280 -7.184638 -19.816119 -7.076661 -3.756914 -25.919255 2.675563 8.560962 37.048537 -0.000001 0.000002 -0.000002 40.203815 5.298041 22.444411 10.463005 -4.607128 -11.575220 46.636819 -16.728383 -21.341650 0.000001 0.000000 0.000001 -20.028777 -3.016231 -15.556405 -27.399861 -12.006382 -2.199773 -2.770571 -4.825880 3.457555 0.000005 0.000002 0.000003 
74.628922 109.410461 -11.684704 -133.609019 -203.723670 160.610150 -19.134635 -3.612735 12.775187 -9.844518 -9.405405 11.268046 3.738006 -0.055492 -8.805941 -12.972262 -3.331468 2.152745 -0.000000 0.000001 0.000002 -0.995260 10.094544 30.601672 9.511989 4.375476 49.860924 -1.204201 48.185499 -1.896057 -0.000001 -0.000004 0.000006 -12.582767 -7.362445 -19.986291 -6.752178 -2.967125 -26.002465 2.065578 9.123923 37.065575 -0.000002 0.000004 -0.000003 41.271326 5.658685 23.158479 10.194006 -3.949545 -13.291588 45.697606 -15.705559 -20.662881 0.000003 -0.000000 0.000001 -20.260365 -2.931242 -16.308762 -26.834265 -11.940423 -2.276720 -4.557502 -5.093452 3.987849 -0.000000 0.000005 0.000001 
74.742012 109.480690 -11.732820 -133.548790 -204.183861 160.791314 -19.149219 -3.610994 12.807609 -10.219739 -9.339163 11.254381 3.853383 -0.434081 -9.129940 -13.587347 -3.120942 2.138995 0.000002 0.000000 0.000005 -1.300650 10.006248 30.302698 9.333653 4.265149 49.854869 -1.328933 48.486625 -2.053321 -0.000001 -0.000006 0.000002 -12.812839 -6.883574 -20.220007 -7.027620 -3.102315 -26.528065 1.629457 9.088200 37.482309 0.000002 0.000005 -0.000006 41.714916 5.951212 24.101695 9.891329 -3.545335 -14.010310 45.704730 -14.987332 -20.213158 -0.000003 -0.000002 -0.000001 -20.566099 -2.923810 -16.947072 -26.121883 -11.321634 -2.927549 -4.424614 -5.581172 4.128393 0.000001 -0.000001 -0.000000 
74.830833 109.578644 -11.783501 -133.430559 -203.852269 160.874792 -19.492426 -3.740621 13.046377 -10.020010 -9.368353 11.218837 3.811463 -0.000607 -9.039233 -13.815771 -2.943740 2.061313 -0.000000 0.000001 0.000002 -0.890367 9.679896 30.356516 8.816188 4.705069 49.194759 -1.419661 48.972224 -2.293666 -0.000001 0.000003 0.000001 -13.010846 -6.955488 -20.386796 -7.641508 -2.497507 -26.962114 2.677743 9.092328 38.349231 -0.000003 0.000001 -0.000004 41.409504 5.982371 24.341879 9.898549 -3.591033 -15.229695 44.783071 -15.292177 -20.499628 -0.000003 0.000001 -0.000002 -20.277500 -3.007373 -16.481405 -27.204437 -11.513231 -3.586370 -4.521211 -5.011745 3.939068 0.000006 0.000000 -0.000003 
74.833061 109.716286 -11.795711 -133.339855 -203.339240 161.149858 -19.591096 -3.557789 12.696545 -9.843849 -9.970014 11.956545 4.066477 0.744173 -9.236661 -14.617206 -2.458132 2.368058 -0.000002 -0.000000 0.000001 -0.624719 10.093698 29.510495 9.496075 5.814806 49.089539 -0.565820 49.815735 -1.474874 0.000004 -0.000001 0.000002 -12.449035 -8.715950 -20.261311 -7.178577 -1.446420 -25.763001 3.085370 10.074550 38.109071 0.000003 0.000001 -0.000003 41.021706 5.678376 23.593891 10.386125 -3.907771 -15.697692 43.954743 -15.004312 -20.252085 0.000004 -0.000002 -0.000004 -20.724331 -2.923451 -16.665400 -30.459577 -12.651728 -4.849753 -0.859323 0.303058 0.603519 0.000004 -0.000001 -0.000000 
74.879807 109.808716 -11.849440 -133.293273 -203.640314 161.333412 -20.198408 -3.553672 12.515473 -9.437451 -9.812812 11.670106 3.626231 0.366632 -9.114419 -14.714782 -2.198051 2.030107 -0.000000 -0.000000 0.000001 -0.609873 9.771080 29.630474 9.266793 5.463493 49.516549 -1.103532 49.081429 -1.277902 -0.000003 0.000004 0.000002 -12.761343 -8.064088 -20.434500 -7.411846 -2.064575 -27.020264 2.222965 10.074903 39.036508 0.000001 0.000000 -0.000002 40.788005 5.988846 24.820207 11.470917 -4.430517 -16.299949 43.088446 -14.752263 -20.134330 -0.000001 -0.000002 -0.000003 -20.848053 -3.024601 -16.704761 -27.791142 -12.000803 -3.557709 -2.642594 -3.333473 2.631142 0.000006 0.000004 0.000003 
74.856430 109.875015 -11.893943 -134.256042 -202.322470 161.152672 -20.212577 -3.867364 12.482224 -10.029812 -9.791294 12.344910 5.452817 0.646908 -8.825464 -15.396631 -0.844914 2.979434 0.000000 0.000001 -0.000002 1.163666 12.550543 27.469981 12.526756 9.550288 44.345177 -7.252723 53.182653 13.675287 0.000003 -0.000001 -0.000000 -9.573513 -8.963807 -20.537706 -2.647095 1.483239 -24.137624 -3.934145 12.550633 33.392966 0.000000 -0.000006 -0.000001 43.935100 6.677856 24.773187 9.247808 -1.130249 -16.728450 46.336437 -14.188698 -18.812822 -0.000005 0.000001 0.000002 -21.506309 -3.120177 -15.466202 -30.916271 -14.536955 -6.899614 5.347845 3.792974 -4.175225 0.000006 -0.000000 0.000002 
74.841675 109.932159 -11.947599 -135.296130 -201.584619 161.205742 -19.397831 -3.998642 12.656136 -10.409271 -9.638431 12.453190 5.999632 0.936296 -8.444199 -15.817267 -0.170524 3.266922 0.000000 -0.000001 0.000001 2.078783 13.678101 26.543447 14.281876 11.763442 41.135337 -12.976825 55.000774 25.060794 0.000002 -0.000001 -0.000002 -8.340867 -9.307108 -20.827038 -0.310389 3.418138 -22.758525 -7.255522 14.439353 30.513395 0.000000 0.000001 -0.000004 45.616737 7.216435 25.239226 8.840113 0.490781 -19.212047 47.366986 -12.871591 -17.607487 -0.000000 -0.000004 -0.000001 -21.308515 -3.208689 -14.709526 -32.718286 -15.840302 -8.623836 10.712925 8.065063 -9.130650 0.000004 0.000002 0.000003 
74.842354 109.983490 -12.029924 -135.597751 -201.621242 161.506079 -19.845822 -3.896830 12.215458 -10.482585 -9.634536 12.511735 6.444661 0.313925 -8.471391 -16.532980 0.257440 3.417531 -0.000000 -0.000001 0.000001 2.572737 13.435342 26.227611 14.810876 12.968448 39.656714 -17.729662 52.860524 33.250754 0.000002 -0.000004 0.000003 -8.075983 -9.620187 -20.577348 -0.072038 4.511127 -22.893932 -8.737522 14.939365 29.392862 0.000004 -0.000001 -0.000004 47.187834 7.250131 25.002633 7.713570 1.510409 -19.028943 46.890041 -12.925875 -17.314355 -0.000005 -0.000002 -0.000003 -21.532310 -3.023992 -14.923477 -33.394000 -16.091098 -9.467607 14.356540 10.197090 -12.384512 -0.000000 0.000002 -0.000000 
74.797791 110.041237 -12.110888 -136.149658 -201.185749 161.608396 -19.861736 -4.107131 12.609336 -10.501638 -9.198883 12.131934 7.151246 -0.110509 -8.248423 -16.977320 0.440308 3.594717 0.000002 0.000000 0.000001 2.923992 13.327070 26.052329 14.589014 14.575181 37.192907 -20.808293 51.359594 38.790628 0.000002 -0.000001 -0.000003 -7.493752 -8.193026 -20.248495 0.562528 4.498233 -23.074309 -10.342754 15.285525 27.985655 -0.000002 -0.000000 -0.000003 49.245476 7.175461 23.394277 4.967737 3.076792 -16.273136 48.011374 -14.337289 -18.097163 0.000001 0.000000 0.000001 -21.708455 -3.046931 -14.555741 -33.136543 -16.172372 -9.486021 16.335439 11.453971 -14.243653 0.000000 -0.000001 0.000004 
74.744179 110.080086 -12.185017 -136.368688 -201.311056 162.188579 -20.096696 -3.894230 12.171569 -10.221160 -9.365975 12.283092 7.078241 -0.243955 -8.491166 -16.882319 0.553515 3.430072 -0.000000 -0.000001 0.000001 3.075616 12.893994 26.388029 14.370156 14.811820 36.677665 -22.528723 50.515259 41.507756 -0.000003 -0.000004 0.000006 -7.656309 -7.970554 -20.314847 0.498777 4.320397 -23.147955 -8.929741 15.711406 29.598929 -0.000003 -0.000001 -0.000004 48.978624 7.260709 23.852861 6.164815 2.939224 -17.634780 46.758584 -14.344359 -17.957623 -0.000004 -0.000000 -0.000002 -21.609921 -3.063797 -14.906084 -33.015533 -16.376985 -9.575205 17.150636 11.598103 -14.932096 0.000000 0.000002 0.000003 
74.658936 110.126831 -12.256279 -136.511002 -201.350835 162.785073 -20.184331 -3.920368 12.170658 -9.752029 -9.040706 11.966228 6.553592 -0.344819 -8.426148 -16.558588 1.073041 3.430920 0.000001 -0.000001 0.000003 3.202942 13.160880 25.975020 15.106012 14.541918 36.920697 -23.428242 50.517387 43.384545 0.000006 0.000004 -0.000001 -7.519053 -7.686046 -20.772830 0.333100 5.505059 -23.167368 -9.562892 16.005327 29.106195 -0.000001 0.000000 -0.000005 48.726938 7.174965 23.854050 6.307448 2.929775 -18.503812 45.355451 -14.944092 -18.249263 -0.000002 -0.000006 0.000001 -21.382810 -3.016649 -15.076985 -33.327133 -16.371262 -9.776836 17.692318 11.489100 -15.043370 0.000003 0.000000 0.000003 
74.540352 110.179344 -12.323257 -136.770932 -201.323828 163.322923 -20.194520 -3.985637 12.249326 -9.258027 -8.841259 11.768722 6.207923 -0.027089 -8.518282 -16.094835 0.955054 3.528399 -0.000002 -0.000001 0.000002 3.573253 13.157678 25.871544 15.469330 15.037771 35.522567 -24.597953 50.464842 45.870335 0.000006 -0.000004 0.000001 -7.448683 -7.822347 -21.234630 0.635606 6.075613 -22.797850 -10.502600 16.556694 28.379521 -0.000002 0.000001 -0.000003 48.253299 6.746529 22.720249 4.385599 3.774438 -15.616437 43.847714 -18.031892 -19.991906 -0.000003 0.000000 0.000001 -20.810330 -3.037615 -14.899843 -33.728550 -16.577035 -10.093217 17.755055 11.301806 -15.021246 0.000000 0.000001 0.000004 
74.403496 110.224625 -12.380162 -137.217735 -201.419519 163.796542 -19.830129 -4.059529 12.335430 -9.605309 -8.255517 11.250173 6.267446 -0.295820 -8.205161 -15.852015 1.083996 3.583008 0.000001 0.000000 -0.000003 3.545569 13.204562 25.229532 15.392205 15.377985 34.855227 -22.786997 49.996698 44.077632 0.000004 0.000004 -0.000001 -7.349816 -7.725688 -21.300281 0.942753 5.782354 -23.010511 -11.970682 16.479576 27.789173 -0.000002 0.000001 -0.000002 47.675492 6.674316 22.832014 4.171026 3.941576 -15.445115 43.583304 -20.163852 -21.284840 -0.000000 -0.000001 -0.000000 -20.341142 -3.050997 -14.853098 -33.450489 -16.498298 -10.006214 17.653235 10.785868 -14.713051 -0.000000 -0.000003 0.000001 
74.246124 110.286011 -12.437269 -136.993760 -201.334593 164.142437 -20.289145 -4.110867 12.453186 -9.118085 -8.307411 11.202013 5.714331 -0.612706 -8.713936 -15.342910 1.098520 3.395650 0.000004 0.000000 0.000001 3.307213 13.509760 24.842259 15.651375 15.396249 34.491123 -20.363973 49.861597 41.675939 0.000002 0.000001 0.000001 -7.201199 -7.162804 -21.440433 0.533693 6.740125 -23.095911 -11.395841 16.943379 28.055123 0.000002 -0.000000 -0.000003 45.370105 5.816339 21.264366 2.632143 3.897244 -10.920105 41.756723 -24.512098 -24.164260 -0.000000 0.000003 -0.000000 -20.084559 -3.043004 -14.828503 -34.308406 -16.728747 -10.340859 17.535293 11.842418 -15.097735 0.000003 0.000005 0.000001 
74.078735 110.324867 -12.471935 -137.979520 -200.007173 166.278688 -20.338456 -3.637995 11.378928 -8.399207 -7.507892 10.304783 5.246612 -0.107258 -7.609295 -14.459526 1.036445 3.209214 0.000001 0.000001 -0.000002 3.744258 13.570251 24.691014 16.432583 14.084527 36.178347 -20.995457 51.869734 42.650696 -0.000001 0.000003 0.000001 -7.242449 -7.541314 -21.792185 0.789505 6.981745 -22.965726 -11.767394 17.338051 28.296483 0.000000 0.000001 -0.000004 41.652051 5.555104 22.779026 3.462621 4.438690 -15.981966 37.354619 -26.896587 -26.367848 0.000003 -0.000004 -0.000003 -18.722366 -3.110555 -15.165411 -34.399401 -17.119700 -9.784062 16.333906 11.036772 -14.289732 -0.000001 0.000000 0.000002 
73.864159 110.395203 -12.463681 -138.513163 -200.580349 168.681903 -18.948461 -2.874655 10.148295 -8.272483 -6.932716 9.458633 3.158653 -0.132305 -7.384579 -13.314465 -0.033758 2.856491 0.000001 -0.000002 -0.000000 2.999794 12.033520 25.654286 15.865491 10.723613 43.002038 -10.652089 53.282692 25.624165 0.000004 0.000001 0.000001 -9.237999 -7.996944 -22.644345 0.110213 3.448975 -23.438195 -13.296828 15.344607 32.209936 -0.000000 0.000005 -0.000006 35.772522 5.027015 25.861453 6.548188 2.900665 -24.266001 30.432550 -24.261385 -25.978544 -0.000000 -0.000001 -0.000000 -18.449669 -2.946177 -17.470497 -31.761520 -15.294107 -7.045720 8.550593 7.742701 -8.309821 0.000008 0.000002 -0.000000 
73.612129 110.356636 -12.441437 -141.085453 -199.529251 170.950701 -17.514967 -2.288330 9.018348 -7.862192 -6.461687 8.909492 2.507796 0.198979 -6.827963 -11.961031 -0.075173 2.348550 -0.000001 -0.000001 0.000000 2.945164 11.279864 26.682074 16.433659 7.822698 46.015517 -4.680290 52.624104 16.205939 0.000003 0.000001 -0.000000 -9.357305 -7.293688 -22.136927 0.495785 2.115751 -22.510497 -17.476477 14.043647 28.604132 -0.000004 0.000007 -0.000005 28.396201 3.010640 23.813899 13.340906 -3.266633 -24.696940 26.386407 -25.621722 -27.876278 -0.000000 0.000001 0.000003 -16.721789 -2.674043 -17.799015 -29.045267 -13.877134 -5.388214 2.748478 4.031456 -3.777761 0.000001 -0.000001 -0.000000 
73.239120 110.207489 -12.373074 -144.760013 -195.744096 171.911545 -15.695167 -2.366430 9.133288 -7.339989 -5.659616 8.093842 3.307353 2.954589 -5.139265 -10.694552 -0.730992 2.587671 0.000001 0.000001 0.000000 4.087881 11.004631 27.147980 17.281864 6.429958 46.266431 -1.741584 52.152408 12.447980 0.000002 -0.000001 -0.000000 -7.765887 -6.617958 -20.168276 2.009262 1.810046 -22.071888 -21.579283 13.705429 23.085732 0.000002 0.000003 -0.000001 23.978431 1.638162 17.145252 15.645387 -6.634130 -15.010831 27.775873 -27.026828 -28.985028 -0.000001 -0.000002 -0.000003 -13.258134 -2.577107 -14.387797 -26.185058 -12.685526 -4.487468 0.515388 2.226326 -2.175666 0.000003 0.000000 0.000003 
72.931702 110.080078 -12.337388 -147.487471 -192.787991 173.025016 -14.229547 -2.072857 8.460461 -6.371955 -5.439213 7.572016 3.117047 4.361004 -4.032770 -10.276368 -0.788776 1.957588 0.000002 0.000002 0.000001 2.954604 11.062216 27.377872 17.082556 4.217110 46.806795 -1.511749 50.248162 10.176704 0.000002 0.000004 -0.000001 -7.821394 -6.039597 -18.797396 1.982008 0.505656 -21.869188 -23.658665 12.548011 22.851093 -0.000001 0.000002 0.000002 19.155465 0.610969 13.464489 18.363095 -8.641099 -13.429284 25.363240 -27.011168 -29.208382 -0.000003 -0.000006 0.000001 -10.884583 -2.286688 -12.955713 -23.631029 -11.688791 -3.677351 -3.267933 -1.053187 0.646676 0.000003 0.000002 -0.000000 
72.532784 109.896042 -12.295127 -149.938334 -191.496429 174.266539 -13.343944 -1.787462 7.484570 -6.118772 -4.744442 6.878295 3.401422 4.034792 -3.535345 -10.113962 -1.082451 1.846113 0.000002 0.000001 0.000003 3.900891 10.424670 27.028882 17.444575 2.733366 45.803819 -2.615588 49.510484 11.780037 -0.000001 -0.000001 0.000002 -6.510465 -4.860220 -17.186786 3.213469 0.047360 -21.056070 -24.834848 12.396928 19.876767 -0.000001 0.000001 -0.000000 13.702761 -0.033620 11.028278 17.347924 -8.206311 -10.395947 25.437025 -24.059939 -26.513106 -0.000000 -0.000004 -0.000001 -8.270153 -2.016168 -12.162565 -21.690032 -10.826236 -3.726084 -6.341969 -3.663222 2.536180 -0.000003 0.000000 0.000001 
72.025688 109.619644 -12.251294 -152.967223 -190.501503 175.246111 -12.424817 -1.353772 6.188837 -5.551186 -4.724186 6.953861 3.730962 3.972685 -3.472512 -9.980011 -1.204850 1.866483 -0.000002 -0.000000 0.000001 4.443523 9.370635 26.684902 17.454168 -1.130059 45.673332 -3.816517 47.908637 10.969829 -0.000004 -0.000004 0.000003 -5.876841 -3.816198 -15.459650 2.743287 -0.621587 -20.512081 -21.521771 10.316757 20.774584 -0.000003 0.000001 -0.000003 8.459993 -0.839755 9.992180 15.738801 -7.114857 -7.860526 21.036559 -21.746134 -24.689204 0.000001 -0.000001 -0.000000 -6.142901 -1.725847 -11.418872 -19.849703 -10.069868 -4.191596 -9.685403 -4.872163 4.169109 -0.000003 0.000003 0.000002 
71.469093 109.363541 -12.188424 -155.348377 -189.251155 175.959388 -11.179681 -1.201788 5.491318 -4.747323 -4.449263 6.465069 3.138799 4.315463 -2.635213 -9.139894 -0.988226 1.980799 -0.000000 -0.000001 0.000003 5.267008 8.665468 25.737374 17.388487 -2.930935 44.829236 -4.234662 46.081995 11.683685 0.000003 0.000004 0.000002 -4.842360 -2.481827 -14.148881 2.639133 -0.922133 -20.012458 -19.814510 10.078960 19.328737 0.000000 0.000002 -0.000005 4.817597 -0.825925 9.356536 13.737465 -6.361001 -5.682004 17.741782 -21.377018 -24.988112 -0.000000 -0.000001 -0.000004 -3.558554 -1.746698 -10.053478 -19.710826 -9.827177 -4.482289 -7.958070 -1.798199 2.665843 0.000004 0.000000 0.000003 
70.816322 109.064049 -12.130026 -159.249508 -187.743295 176.841753 -8.666718 -1.139561 4.897265 -4.066438 -3.010192 4.789000 1.994718 3.746841 -1.008481 -6.479301 -0.784519 2.095023 0.000001 -0.000000 0.000003 6.660235 7.355205 24.558661 16.868518 -4.525387 42.372322 -4.646794 43.376049 13.117428 -0.000000 -0.000003 0.000004 -3.685310 -2.223754 -12.253543 2.426447 -1.108784 -19.213653 -16.327460 9.960563 18.986741 -0.000000 0.000004 -0.000005 2.238600 -0.575718 8.048887 10.723995 -5.187450 -3.536970 16.180510 -19.617878 -23.612398 -0.000000 -0.000002 -0.000001 -1.262267 -1.838265 -9.066028 -18.232345 -9.078932 -4.675092 -5.925680 1.972988 0.829871 0.000000 -0.000002 -0.000002 
70.047089 108.719963 -12.071030 -162.431174 -186.824716 177.624998 -7.445184 -0.861426 4.107285 -3.736022 -2.700267 4.359600 1.972554 3.406792 -0.952489 -4.591411 -1.070860 1.500656 0.000002 -0.000001 0.000003 6.799347 5.106003 22.727412 15.051177 -5.956523 39.092024 -5.062294 39.461049 13.029473 0.000003 -0.000001 -0.000000 -3.385999 -2.378658 -10.003944 1.807225 -1.643163 -18.249943 -12.926593 9.017412 18.982166 0.000000 0.000000 -0.000001 -0.670867 -0.718989 7.415839 8.897874 -3.850272 -2.621158 17.255766 -17.917599 -21.630461 -0.000001 -0.000002 -0.000001 0.486982 -1.506548 -7.983935 -17.401589 -8.874098 -5.699069 -8.329891 3.542279 1.252059 0.000003 -0.000001 -0.000000 
69.264999 108.410736 -12.023262 -165.193521 -185.455304 178.474414 -5.762084 -0.546871 2.735734 -3.808579 -2.321144 4.171271 2.071679 3.377555 -0.421343 -3.233719 -0.792162 1.606723 0.000002 0.000000 0.000003 7.004540 4.590250 21.352643 14.814199 -7.059447 35.995104 -5.298718 38.406495 14.171839 0.000004 -0.000003 0.000004 -2.296202 -2.360723 -8.682601 2.349663 -0.921806 -16.389140 -11.896870 9.003292 16.183389 0.000005 0.000001 -0.000003 -2.633091 -0.843511 6.437181 7.618813 -2.925780 -3.052547 16.846361 -17.031316 -20.614117 -0.000001 0.000001 -0.000004 0.993607 -1.247728 -7.396712 -15.711103 -7.806390 -6.115839 -4.703325 3.852657 -0.037268 0.000002 0.000000 0.000003 
68.359055 108.041878 -11.978946 -168.331815 -185.157604 178.907776 -4.850560 -0.301442 1.918136 -2.421446 -2.870325 4.399849 1.273928 2.600417 -0.894788 -2.088597 -0.588762 1.242817 0.000001 -0.000001 0.000000 6.607804 3.250522 19.605546 13.326638 -8.641029 31.992449 -4.864309 34.710697 13.560238 0.000002 -0.000003 0.000001 -1.711676 -2.047202 -7.034426 2.162538 -1.221905 -14.328581 -8.804817 8.472362 14.662977 0.000000 0.000001 -0.000003 -4.128225 -0.992773 6.519066 7.784081 -2.502270 -5.471696 16.740136 -16.629011 -20.238477 -0.000000 -0.000002 -0.000001 1.340037 -0.985135 -6.660976 -12.815349 -6.256995 -5.441650 -2.234103 1.727177 -0.004806 0.000004 0.000003 0.000005 
67.298523 107.626785 -11.923706 -171.521527 -183.701571 179.143103 -3.386624 -0.193945 1.180326 -1.447469 -2.801838 4.200455 0.893752 2.931066 -0.668988 -1.361664 -0.560584 1.318522 -0.000000 -0.000001 0.000001 5.965851 2.856408 16.865950 11.891524 -8.825531 27.168954 -5.231722 29.918322 14.167985 -0.000002 0.000003 0.000001 -0.937247 -1.441239 -5.415463 1.253584 0.634695 -12.290047 -6.864741 6.731344 11.511326 -0.000001 0.000005 -0.000005 -4.243077 -1.546968 6.594805 6.057619 -0.951318 -8.151724 18.976046 -16.208532 -19.522760 0.000001 -0.000003 -0.000002 2.469499 -0.304041 -5.628383 -10.774375 -5.154418 -4.630784 2.069109 -3.550716 0.443478 0.000004 0.000002 0.000004 
66.234764 107.207672 -11.871984 -172.761849 -183.033661 179.169645 -2.857371 -0.259833 1.167943 -3.160149 -1.895224 3.793706 2.100446 2.161069 -0.578623 -0.383589 -0.763913 1.546672 0.000001 -0.000001 -0.000000 5.846110 2.490605 14.778081 10.561311 -8.831314 23.100526 -5.123098 25.526249 14.172222 0.000002 -0.000003 0.000001 -0.535193 -1.179109 -4.823586 1.491388 1.215654 -10.335171 -5.435490 5.492954 9.240209 0.000002 0.000001 -0.000003 -4.340396 -1.696232 6.192004 4.211732 -0.019795 -8.671604 19.434212 -15.582366 -18.848059 -0.000001 -0.000002 -0.000003 2.629836 0.053447 -4.723288 -8.279936 -3.912198 -3.859939 3.469839 -6.181086 0.988856 0.000004 0.000002 0.000003 
65.020386 106.751648 -11.847341 -174.112928 -182.820190 179.014409 -2.250692 -0.268216 1.042671 -2.202589 -1.956237 3.568857 1.583270 1.846063 -0.764002 -0.627156 -0.872578 1.794474 -0.000001 -0.000002 -0.000000 5.317648 1.727351 12.291773 8.354606 -6.665471 17.520000 -4.869124 20.583197 13.637186 -0.000001 -0.000001 -0.000000 -0.265575 -1.776576 -3.998364 -0.119418 2.932750 -8.012089 -3.570540 3.728740 6.468532 -0.000006 0.000001 0.000001 -3.559285 -1.743480 5.314802 2.660072 0.511586 -7.890659 17.111181 -12.331724 -15.886554 -0.000002 -0.000003 -0.000009 1.635341 0.285274 -3.677368 -6.024254 -2.637393 -2.395492 4.579099 -7.755880 1.668030 0.000002 0.000000 0.000001 
63.651905 106.259209 -11.851032 -175.677930 -183.735654 179.019859 -2.590676 -0.303078 1.185619 -1.186806 -1.912861 2.998552 1.222392 0.029544 -1.082741 -0.151908 -0.778353 1.154973 0.000000 0.000001 0.000000 4.297625 1.500624 8.955393 6.316321 -7.048748 12.322397 -3.501234 15.008016 12.090665 -0.000002 -0.000001 -0.000000 0.420906 -0.197634 -2.719037 0.293107 2.550236 -5.952497 -3.601854 3.298962 3.116428 0.000000 0.000002 -0.000002 -2.765769 -1.208986 4.221463 2.980850 -0.368579 -5.864860 11.362033 -8.757824 -12.072842 0.000003 -0.000004 -0.000001 0.122176 0.090561 -2.985618 -4.766599 -2.321086 -0.994670 4.796138 -6.811060 0.856988 0.000006 0.000000 0.000001 
62.285172 105.782722 -11.870791 -177.651526 -182.409300 179.276538 -1.621559 -0.145565 0.677531 -1.096073 -1.257548 2.066516 1.489179 0.094155 -0.292903 -0.488280 -0.121322 0.453858 0.000001 -0.000002 -0.000000 2.848602 0.804060 6.660579 3.668338 -6.321999 7.831069 -2.523778 9.671080 8.359755 0.000001 -0.000001 -0.000002 0.104548 -0.129057 -1.533227 -0.138788 1.454735 -4.950501 -1.649118 1.963671 2.939398 0.000001 0.000001 -0.000004 -1.151446 -0.748759 2.801118 2.165498 -0.009967 -4.215265 7.178155 -5.641773 -8.195594 -0.000001 -0.000000 -0.000002 0.763059 0.160123 -1.972118 -3.536982 -1.789825 -0.782404 4.202332 -6.552859 1.018235 0.000002 0.000002 0.000003 
60.734154 105.316177 -11.901915 -179.404399 -181.888088 179.483301 -0.819823 -0.093845 0.499701 -0.069279 -0.938270 1.228852 0.269054 0.193071 -0.345575 0.556824 -0.292651 0.449641 -0.000001 -0.000001 -0.000000 1.918688 -0.654120 3.408274 1.660355 -2.443626 3.556189 -1.326442 3.636923 4.191354 0.000002 -0.000001 -0.000000 0.075559 -0.889238 -0.426615 -0.174382 0.738995 -2.719179 0.192861 0.418448 1.772912 -0.000002 0.000003 -0.000004 -0.239991 -0.494770 1.702044 1.084594 0.020126 -2.656671 2.957750 -2.310914 -3.603353 -0.000001 -0.000006 -0.000003 0.707165 0.245656 -0.888286 -1.372549 -0.468879 0.214837 2.645770 -3.872285 0.654940 0.000002 0.000003 0.000002 
59.030884 104.893806 -11.941966 -180.071695 -179.768667 180.061873 0.100340 0.010993 -0.061219 0.009856 0.114674 -0.150407 -0.032836 -0.023730 0.042215 -0.067948 0.036103 -0.054813 -0.000001 -0.000001 -0.000000 -0.231946 0.087809 -0.415391 -0.192599 0.305841 -0.430097 0.143875 -0.451271 -0.506840 0.000002 0.000004 -0.000000 -0.009694 0.108747 0.052267 0.023727 -0.089810 0.332789 -0.024474 -0.050773 -0.216985 0.000002 -0.000003 -0.000001 0.030364 0.060031 -0.208358 -0.132583 -0.005908 0.324958 -0.371619 0.269716 0.448833 -0.000000 -0.000000 0.000001 -0.086245 -0.030807 0.108456 0.168033 0.057001 -0.027048 -0.320563 0.475666 -0.067804 0.000002 0.000002 0.000003 
57.358139 104.537956 -11.988772 -180.318087 -177.391638 180.309385 0.063000 0.122431 -0.551617 0.688704 0.698688 -1.099781 -0.314515 -0.124332 0.357076 -0.560192 0.876278 -0.631134 -0.000000 -0.000001 -0.000001 -1.501179 1.148395 -3.184718 -0.958978 2.335107 -3.923771 1.306550 -2.896304 -3.269108 0.000001 -0.000004 -0.000001 0.344221 2.215311 0.294391 -0.346018 0.621322 3.076748 0.127131 -0.584725 -2.850179 0.000002 -0.000006 -0.000002 -0.186654 0.306896 -1.581219 -1.633485 -0.064988 2.763200 -2.217947 2.410358 3.640388 0.000001 0.000001 -0.000004 -0.498352 -0.021425 0.944310 1.603481 0.948214 -0.702999 -4.169269 4.551171 0.058229 0.000000 0.000006 0.000003 
55.575920 104.253105 -12.038009 -181.116099 -175.341884 180.174393 0.950397 -0.017228 -0.390393 0.904348 1.105883 -1.650521 -0.930082 0.081624 -0.016959 -0.522096 1.333241 -0.873258 -0.000001 0.000001 0.000000 -1.453580 -0.018324 -7.088516 -1.077098 4.197386 -8.061449 2.596096 -2.624453 -3.425633 0.000002 -0.000003 -0.000001 1.260310 1.032426 0.725567 -1.153741 2.307980 5.305410 0.766569 0.108339 -4.280308 0.000002 0.000000 -0.000001 0.543881 0.590878 -2.680528 -2.375544 -0.709619 6.068977 -3.898347 3.170079 5.204956 -0.000002 -0.000004 -0.000003 -1.343452 -0.198018 1.184702 5.495001 3.008096 -1.827976 -9.803238 8.480213 1.163423 0.000001 0.000002 0.000002 
53.762463 104.067947 -12.107224 -181.577096 -171.799994 179.845766 1.142501 0.041983 -0.804192 1.423584 1.623759 -2.403840 -1.528314 0.495533 0.524054 -0.662542 2.349027 -1.326790 0.000000 0.000000 -0.000000 -2.832889 2.147782 -9.861595 -1.415423 6.444267 -12.189040 4.525907 -2.745713 -7.124064 0.000002 -0.000001 -0.000000 1.918487 2.234468 1.064825 -1.071744 2.897182 7.403314 1.111053 0.316768 -5.492936 -0.000001 0.000002 -0.000002 0.417913 0.816363 -3.673427 -3.749406 -1.236014 9.313526 -3.500953 4.826245 7.073863 -0.000000 -0.000003 0.000001 -2.608307 -0.397407 1.206998 8.760193 4.763914 -5.072543 -14.119417 9.695277 2.744218 0.000006 0.000000 0.000002 
52.043266 103.949760 -12.180649 -181.946295 -169.013072 179.420887 -0.024227 0.110849 -0.860589 2.558533 1.927708 -3.156278 -1.542038 1.293750 1.185950 -0.332160 2.501896 -1.583011 0.000001 0.000001 0.000002 -2.489115 1.326226 -12.191107 -1.366452 8.388351 -16.047348 5.434528 -0.814940 -7.328939 0.000001 -0.000002 0.000006 2.562056 3.198225 1.319451 -1.091555 3.948339 8.761027 1.759865 0.337602 -7.209291 0.000002 -0.000002 -0.000000 0.250476 0.955178 -4.231672 -5.261638 -1.381260 11.966541 -1.581759 5.921624 7.667751 -0.000001 -0.000003 -0.000002 -2.380737 -0.356986 0.871827 10.545191 5.310959 -8.528745 -17.738847 8.509355 4.222886 0.000004 -0.000001 -0.000003 
50.308258 103.912193 -12.266998 -181.646490 -167.657416 178.637819 -0.197584 -0.062230 -0.388084 2.780848 1.700827 -2.961559 -1.918550 1.087173 0.650904 -0.555552 2.306129 -1.583212 -0.000001 -0.000001 -0.000000 -2.437842 2.099881 -14.179404 -1.070221 9.713109 -20.447759 6.926424 0.690091 -7.979357 -0.000000 -0.000001 -0.000000 3.554121 3.090832 1.982079 -2.014135 6.212944 9.833499 1.606711 0.630565 -9.433341 -0.000003 0.000002 -0.000003 0.343882 0.938969 -3.784798 -6.253159 -1.544422 14.614276 -2.216666 5.174240 7.245262 -0.000000 -0.000003 0.000002 -3.606275 -0.695329 -0.661661 12.070531 5.346794 -12.126455 -17.771884 4.345645 4.645974 0.000000 -0.000005 -0.000003 
48.561325 103.948555 -12.349999 -182.360245 -165.489910 177.636691 0.227357 -0.062782 -0.741927 2.150054 1.854042 -2.774371 -1.901562 1.448305 1.089804 0.855951 2.426877 -1.908217 -0.000001 -0.000002 0.000000 -1.864023 2.824649 -15.247675 -0.371576 11.586198 -25.404882 8.859327 3.867811 -8.467889 0.000002 -0.000001 -0.000000 4.539820 3.220257 2.368067 -2.056655 8.069843 10.941565 1.917166 1.002817 -11.837339 -0.000000 0.000002 -0.000003 1.537290 0.741182 -2.805156 -6.793543 -1.842543 16.035157 -2.458224 4.554001 6.707917 -0.000002 -0.000006 -0.000003 -4.343739 -0.929870 -2.834711 11.246642 4.729833 -15.510487 -18.634774 1.090964 5.188896 0.000004 0.000000 0.000003 
46.915302 104.011108 -12.429015 -182.354289 -164.033823 176.965065 -0.002282 -0.055102 -0.896856 0.552052 2.041617 -2.112264 -0.204523 2.642862 0.912196 0.445127 1.879247 -1.740265 0.000001 -0.000000 0.000001 -0.663582 2.204555 -16.058830 0.671408 12.323548 -29.765794 10.361575 6.814664 -7.417623 0.000003 -0.000001 0.000003 5.346206 2.013696 2.311818 -2.192773 10.394641 12.088199 1.981842 1.196234 -14.209782 0.000000 0.000001 -0.000003 2.351463 0.060396 -2.205319 -7.108064 -1.721438 17.137018 -1.141023 5.457652 7.721420 -0.000000 -0.000004 -0.000003 -5.339212 -0.798702 -5.146294 10.266999 3.907223 -17.407832 -20.837760 1.980775 5.145573 0.000003 0.000002 -0.000000 
45.265888 104.126724 -12.487459 -182.472165 -161.252297 175.959579 -1.032602 0.009383 -1.001678 0.686744 2.191947 -2.083718 -0.026899 4.085491 1.515390 0.616698 2.192227 -1.451135 0.000000 -0.000002 -0.000001 -0.685621 3.792066 -16.595958 1.880652 13.971528 -33.667286 12.247185 10.139153 -8.859483 0.000002 -0.000001 -0.000000 6.249011 1.129579 2.780358 -2.442829 12.500769 12.527349 2.387834 1.429845 -15.717505 -0.000000 0.000003 -0.000004 2.373070 -0.180559 -1.303577 -6.458669 -2.467007 18.809643 -4.291559 0.716939 3.606224 -0.000000 -0.000004 -0.000001 -5.146385 -0.830647 -8.120630 8.004815 3.153860 -19.065703 -24.711558 0.926310 6.508681 0.000000 0.000000 0.000003 
43.602921 104.240662 -12.530235 -182.095425 -159.623146 174.756674 -2.053942 -0.046431 -0.531833 -0.527598 2.095268 -1.540503 1.701177 4.557276 1.138802 0.588123 2.265341 -1.503607 0.000001 -0.000001 -0.000000 -1.123781 4.481712 -16.828942 2.444699 15.617873 -36.792658 14.264161 13.100927 -11.692545 -0.000002 0.000004 -0.000000 6.475456 1.283116 3.040810 -3.349931 13.705898 13.133980 3.527378 1.669622 -16.666602 0.000006 0.000001 -0.000004 2.039843 -0.091294 0.197230 -7.721585 -1.923061 20.073516 -2.099041 3.695444 6.504505 -0.000002 -0.000002 -0.000003 -4.604932 -1.200279 -10.879117 4.340493 1.696792 -18.974385 -24.352712 -0.416957 6.359837 0.000001 0.000003 0.000004 
42.034332 104.341454 -12.568936 -182.440637 -158.960946 173.971502 -3.434456 -0.110927 -0.027057 1.269700 2.013290 -2.171697 1.181575 4.936076 1.539225 0.197823 2.282762 -1.312798 0.000000 0.000000 0.000001 -1.086227 4.773141 -16.824482 2.994531 16.420068 -38.867915 16.216078 14.129273 -14.518708 0.000000 0.000003 0.000003 6.662507 1.325202 3.092230 -2.744170 14.009403 13.370482 3.720298 1.869541 -17.179601 0.000003 0.000002 -0.000002 2.112469 -0.163760 1.118985 -8.781279 -1.708964 20.372569 -0.638238 6.584530 9.195657 0.000001 -0.000003 0.000001 -4.236164 -1.385805 -12.867555 3.491785 1.454119 -18.936590 -22.710719 -0.549582 5.682690 -0.000000 0.000001 -0.000001 
40.454292 104.413925 -12.576560 -183.847082 -158.484335 173.415566 -2.102237 -0.083407 -0.530236 0.684517 2.002020 -1.873516 1.378649 4.499974 1.230193 -0.088051 2.468072 -1.340916 0.000002 0.000000 -0.000000 -1.167527 5.879080 -16.873284 2.510518 14.545048 -40.421913 18.570678 13.796173 -16.993707 0.000001 -0.000001 0.000001 6.948450 1.775053 2.750448 -2.866992 14.915475 14.485624 4.975187 2.057493 -18.323692 0.000001 0.000003 -0.000005 3.631513 -0.087830 1.426044 -9.511522 -1.586992 21.274463 0.810247 8.726950 11.023732 -0.000000 -0.000002 -0.000003 -2.482235 -1.662624 -15.528956 4.317076 1.505891 -19.640899 -23.064224 -1.475298 5.776150 0.000002 0.000006 0.000002 
38.901173 104.493095 -12.583616 -184.256893 -157.755008 173.092157 -2.526338 -0.110542 -0.407766 -0.046988 1.980155 -1.594305 1.883522 5.479794 1.072256 -1.004719 2.102392 -1.300616 0.000000 0.000001 0.000002 0.017183 3.783535 -17.428075 2.566496 13.085013 -42.142926 21.175936 13.912474 -18.053047 0.000002 0.000004 -0.000002 7.422802 0.087144 2.421123 -3.112263 16.277077 15.552575 7.583235 2.649520 -19.835267 0.000000 0.000002 -0.000004 4.519805 0.075168 1.860978 -9.765752 -1.199411 22.320802 2.763803 10.007706 11.627484 -0.000001 -0.000007 0.000001 -1.456079 -1.989559 -17.499956 1.548458 -0.074614 -18.438454 -23.914355 -0.700703 5.506707 0.000004 0.000000 0.000003 
37.442390 104.582558 -12.594858 -184.487494 -157.072303 172.968394 -2.569536 -0.072561 -0.535418 -0.108230 1.929500 -1.500613 1.825435 5.854516 0.913642 -1.595287 2.138726 -1.306976 0.000000 0.000000 -0.000000 0.293060 3.276143 -17.532870 2.503754 12.145921 -42.906736 23.015441 13.837873 -19.441275 -0.000001 0.000003 0.000003 7.617461 0.892069 2.054973 -2.613147 16.506322 16.274700 8.577753 3.181990 -20.982519 0.000001 0.000000 -0.000001 4.404891 0.103957 2.391788 -9.275225 -0.865503 22.879445 3.411538 9.751093 11.165504 -0.000001 -0.000002 -0.000001 -0.214143 -2.213068 -18.762642 -0.943988 -1.372980 -17.630072 -25.444871 0.576926 5.795731 0.000002 0.000004 0.000001 
35.985073 104.688538 -12.617954 -183.037896 -156.310477 172.887920 -4.488348 -0.067504 -0.125358 -1.078341 1.703602 -0.854766 3.216809 5.801577 0.220985 -1.368718 2.789852 -1.545610 -0.000000 -0.000000 0.000001 0.116686 4.204262 -17.451302 2.310522 11.140948 -43.418563 25.182390 14.779870 -22.037955 -0.000001 0.000001 0.000001 7.804635 -0.198442 2.095541 -2.480532 16.819409 16.766810 9.082672 3.857511 -20.634541 0.000002 0.000003 -0.000004 3.306141 -0.022693 3.860937 -9.804871 -0.628422 23.390220 4.887881 9.547945 10.360082 0.000001 -0.000001 -0.000000 0.709335 -2.362344 -19.392630 -5.036739 -3.189245 -15.521205 -26.922876 2.360779 6.120372 0.000002 0.000002 0.000005 
34.514584 104.802162 -12.646801 -182.431949 -154.978468 172.667319 -6.647920 -0.074047 0.338073 0.628785 1.764765 -1.551684 2.414256 5.729566 0.555004 -1.334237 3.395854 -1.933445 0.000000 -0.000001 0.000000 0.614772 2.964028 -17.851951 2.235261 10.621387 -43.998224 26.264260 15.623728 -22.693607 0.000002 -0.000001 -0.000000 8.073920 0.861088 2.205235 -2.084759 16.848180 17.274542 10.537659 3.750760 -20.841002 -0.000000 0.000004 -0.000005 2.351765 -0.135097 5.447196 -9.128299 -0.393231 23.231379 4.867659 9.103565 10.070724 -0.000001 -0.000001 0.000003 2.536304 -2.428931 -19.181832 -8.619836 -5.031670 -13.815044 -27.868560 3.418643 6.317361 -0.000001 0.000003 -0.000001 
33.126011 104.912865 -12.678772 -182.605394 -154.229196 172.528926 -7.358030 -0.050586 0.398736 1.923368 1.775091 -2.030491 1.603435 5.275408 0.715260 -1.469102 3.977606 -2.145984 0.000001 0.000000 -0.000000 0.608631 2.974485 -18.374817 1.616088 8.731348 -43.696808 27.201737 16.672758 -23.181824 -0.000001 -0.000004 0.000003 8.352941 1.388280 2.370871 -2.207450 17.172888 17.586783 11.656487 3.718593 -20.859109 -0.000000 0.000003 -0.000005 2.420512 -0.160178 6.136949 -8.603059 -0.413603 23.390488 5.026688 8.583731 9.478654 -0.000000 0.000001 -0.000004 4.353970 -2.458418 -19.064969 -11.073664 -6.235551 -12.764199 -28.060953 3.578968 6.427764 0.000004 0.000005 -0.000002 
31.716864 105.029716 -12.708252 -182.480115 -154.240370 172.660571 -7.862127 -0.006493 0.421633 2.746105 1.624549 -2.099666 1.108954 4.627921 0.249075 -1.582431 4.444518 -2.080272 0.000001 0.000000 -0.000000 0.419970 3.277618 -18.970656 1.189107 6.897719 -43.175330 28.386751 18.649410 -23.809461 -0.000003 -0.000004 0.000006 8.572506 1.588161 2.502690 -2.400954 17.555994 17.966848 11.920063 4.197930 -20.654951 -0.000000 0.000004 -0.000006 1.959486 -0.350023 7.226171 -7.655996 -0.612151 23.148049 5.914592 8.203013 8.657404 0.000002 0.000002 -0.000003 6.124868 -2.386994 -18.754694 -13.078227 -7.036322 -12.255046 -27.603043 2.453698 6.580887 -0.000003 0.000000 0.000002 
30.294071 105.152290 -12.735691 -182.338197 -154.374474 172.875517 -8.508098 -0.036647 0.620966 2.494122 1.583564 -1.830696 1.346731 4.863470 -0.317292 -1.310731 4.513754 -1.976602 0.000002 0.000000 0.000001 0.510826 3.224798 -19.706165 1.075281 5.514706 -42.720258 30.384503 21.830557 -25.321960 -0.000003 -0.000001 -0.000001 8.796818 0.498335 2.287752 -1.760437 17.642529 17.913844 12.311196 5.170592 -19.914147 -0.000005 0.000003 -0.000004 1.883332 -0.449005 8.192829 -7.028410 -0.629139 23.223072 5.698134 6.975486 7.564676 -0.000001 -0.000004 -0.000003 8.572009 -2.482018 -19.023972 -15.229029 -8.292635 -11.404463 -28.502103 1.650980 6.955885 0.000002 0.000004 0.000003 
28.952297 105.264946 -12.768420 -183.645591 -153.069908 172.905993 -7.095486 0.227868 -0.509650 0.023661 1.652005 -0.924937 2.852945 5.430514 -0.516701 -0.499577 5.139907 -2.720500 0.000000 0.000001 0.000002 0.379573 3.647306 -19.976698 1.714551 6.192014 -42.647537 31.312753 22.915626 -25.803748 -0.000001 -0.000004 0.000007 8.855887 0.625532 2.167803 -1.503758 17.689642 17.898847 13.457514 5.491013 -19.057129 0.000002 0.000003 -0.000004 3.471279 -0.295977 7.808882 -7.325923 -0.536982 23.533654 5.600281 6.713620 7.317737 -0.000003 -0.000002 -0.000003 11.434508 -2.677118 -19.636164 -17.559810 -9.545858 -10.839374 -30.402948 2.303790 7.476023 0.000002 0.000000 -0.000001 
27.590878 105.371628 -12.809021 -184.019708 -152.035394 173.089985 -6.702766 0.390576 -1.215087 -1.681869 1.886620 -0.443205 4.043284 5.706804 -0.717527 -0.573346 5.741871 -2.799369 0.000000 0.000002 0.000001 -0.150202 5.562811 -19.907693 2.270863 5.683012 -42.277078 32.661579 23.789467 -26.331206 -0.000001 -0.000004 0.000003 9.080042 1.515905 2.126075 -2.285452 18.683422 18.193353 14.748253 5.753988 -18.940335 -0.000001 0.000001 -0.000005 3.708214 -0.403696 8.410594 -6.929070 -0.331803 23.236457 6.691114 7.096577 7.281325 -0.000001 -0.000002 -0.000004 13.908704 -2.876233 -20.334161 -18.491882 -10.249908 -10.086992 -31.340685 0.749848 8.157428 0.000004 0.000002 0.000004 
26.222462 105.475212 -12.860521 -183.801470 -151.319180 173.393901 -6.839178 0.508616 -1.672247 -2.639694 2.208565 -0.376597 4.594865 6.361806 -0.526053 -1.011526 5.925205 -2.673630 0.000001 -0.000001 0.000000 -0.407573 5.558322 -20.312332 2.359659 5.683299 -41.723781 32.725765 24.333403 -26.553173 0.000000 -0.000001 0.000002 8.944364 1.261596 2.164473 -2.555008 18.683066 18.158966 15.414981 5.858296 -17.529665 0.000002 -0.000000 -0.000002 3.576925 -0.587710 9.240776 -6.500329 -0.235419 22.771350 7.706216 7.515088 7.427951 0.000001 0.000001 -0.000002 15.468908 -3.020686 -20.740836 -19.309249 -11.084744 -8.894969 -31.059257 0.050128 8.211468 0.000003 0.000004 0.000003 
24.930794 105.563835 -12.908564 -183.572003 -150.882198 173.518688 -7.276020 0.481847 -1.520041 -2.406755 2.446237 -0.695925 4.237600 6.639368 -0.363424 -1.062451 6.045767 -2.734123 0.000001 -0.000000 -0.000000 -0.521007 5.373462 -20.633971 2.623811 6.281749 -41.396329 32.624781 24.773952 -26.781197 -0.000001 0.000001 -0.000002 8.810876 2.537534 1.936666 -2.017994 18.241653 18.159847 14.757539 6.060408 -16.862532 -0.000001 0.000001 -0.000004 3.329373 -0.758222 9.915787 -5.877166 -0.251702 22.212567 8.378095 7.942630 7.556341 -0.000001 0.000001 0.000002 16.585417 -3.074695 -20.876939 -20.006681 -11.621008 -8.146344 -30.870502 -0.541633 8.258828 0.000001 0.000002 0.000004 
23.637650 105.661514 -12.967100 -181.705421 -151.492202 173.765299 -9.588394 0.224591 -0.225859 -0.043646 2.704225 -1.879261 2.893843 6.230761 -0.173269 -1.497715 6.293230 -2.628391 0.000001 -0.000001 -0.000000 -0.388196 4.948149 -20.922085 3.065297 6.528687 -41.497511 32.534769 25.312879 -25.787738 0.000000 -0.000001 0.000002 8.875343 1.859432 1.818475 -3.099134 19.060445 18.586620 15.616498 6.384317 -16.451646 -0.000001 0.000003 -0.000004 1.774101 -1.128610 11.498302 -4.894941 -0.389430 21.509219 8.143398 7.654790 7.273231 -0.000002 -0.000002 -0.000001 16.524050 -2.895945 -20.415890 -20.551841 -12.111925 -7.123877 -29.797284 -1.107523 8.060776 0.000002 0.000002 -0.000000 
22.385849 105.766579 -13.024742 -180.479498 -150.969638 174.172228 -10.563191 0.153738 0.273763 0.713413 3.222553 -2.780967 2.312336 6.843062 0.378067 -1.949486 6.187433 -2.613969 -0.000001 -0.000001 -0.000000 -0.344740 4.285670 -21.407360 3.531642 7.777180 -41.456475 32.601890 26.118174 -25.903772 -0.000000 0.000004 -0.000002 8.562640 1.070601 1.328745 -3.695899 19.220306 18.915328 15.933739 6.700987 -15.181209 0.000001 0.000006 -0.000003 -0.301123 -1.467371 12.745103 -2.745566 -0.591317 19.507078 5.727359 5.571291 6.172191 -0.000001 -0.000001 -0.000000 16.595461 -2.901037 -20.347417 -21.036416 -12.686709 -6.341449 -29.983380 -1.089903 7.895528 -0.000000 0.000002 0.000002 
21.225395 105.866135 -13.075732 -180.448885 -150.552068 174.467169 -10.810434 0.164083 0.372629 1.323459 3.690440 -3.573875 1.721469 7.018732 1.062859 -2.372328 6.479729 -2.765550 -0.000000 -0.000000 0.000001 -1.107267 6.131412 -21.161745 3.759588 8.603335 -41.078725 33.482441 26.759406 -27.696332 0.000000 -0.000004 0.000004 8.359558 1.196956 1.286764 -4.222915 19.197956 18.966658 16.747252 6.374237 -14.497672 0.000004 0.000000 -0.000001 -2.127002 -1.762457 13.561842 -0.222241 -0.904892 17.604766 2.572760 3.286687 5.055959 -0.000003 -0.000001 -0.000004 16.716914 -2.934572 -20.314070 -20.725490 -12.610852 -6.288434 -30.043482 -1.588968 7.897675 0.000001 0.000002 0.000002 
20.114014 105.977303 -13.131477 -180.199829 -150.341848 174.798638 -10.852679 0.096659 0.534268 1.109392 3.943965 -3.667031 2.062587 6.989566 0.892861 -3.056608 7.009891 -2.794959 -0.000001 0.000001 0.000003 -1.757336 7.242713 -21.374051 4.218802 9.444278 -40.598412 34.078758 27.515239 -28.970442 0.000004 0.000001 0.000001 8.265600 1.608492 1.403060 -4.565827 19.237520 18.596011 17.090441 6.281024 -13.303187 0.000002 -0.000001 -0.000002 -3.719295 -2.234388 13.889081 0.796579 -0.865300 16.452911 -1.793204 -0.523368 2.396287 -0.000002 -0.000003 -0.000002 16.577134 -2.803554 -20.329455 -20.463175 -12.644321 -6.052872 -29.627571 -2.011247 7.931573 0.000000 0.000002 0.000002 
19.070648 106.098061 -13.179662 -180.399667 -149.528796 175.180460 -10.475989 0.077592 0.416560 0.580365 4.354069 -3.791412 2.271687 7.346342 1.098373 -3.380270 7.835046 -2.922860 -0.000001 -0.000001 0.000000 -2.114053 8.397451 -21.452465 5.138643 10.499444 -40.455139 34.562929 27.739977 -29.469838 0.000003 0.000002 -0.000003 8.394681 2.341803 1.412387 -4.954323 19.790359 18.655234 17.889932 6.106851 -13.141527 -0.000000 0.000002 -0.000004 -4.623515 -2.311971 12.757052 -0.361849 -0.896427 17.941884 -5.455782 -4.360659 -1.288449 0.000002 -0.000000 -0.000002 17.384571 -2.938169 -21.189308 -20.654960 -12.700050 -5.523886 -30.128729 -1.461652 8.223006 0.000005 0.000002 0.000002 
18.108986 106.204628 -13.224242 -180.068102 -149.153177 175.349479 -10.412477 0.010628 0.549175 0.665803 4.561389 -4.024226 2.072113 7.510746 1.242504 -3.375847 8.214898 -3.083313 0.000000 -0.000000 0.000001 -2.140808 8.580644 -21.516300 5.690841 11.182235 -40.352180 34.587491 27.312537 -29.376985 -0.000000 -0.000004 -0.000001 8.334815 3.366772 0.993620 -5.038684 19.895209 18.994828 17.720805 6.397346 -13.027731 -0.000003 0.000000 -0.000001 -5.895731 -2.427882 12.388584 -0.411735 -1.110110 18.491537 -7.886416 -7.551025 -5.030550 -0.000002 -0.000004 -0.000001 17.455062 -2.866245 -21.170538 -20.563702 -12.492368 -5.664543 -30.336678 -1.299672 8.317875 0.000000 0.000004 0.000001 
17.213081 106.324554 -13.265231 -180.221085 -148.119824 175.628233 -10.202251 -0.026169 0.549658 0.685858 5.069312 -4.500226 2.001503 7.745843 1.583153 -3.592107 9.014601 -3.305740 0.000001 -0.000001 -0.000000 -2.392715 9.459079 -21.703309 6.243125 11.787081 -39.694020 34.607004 27.237247 -29.893115 0.000003 0.000003 0.000003 8.366661 5.066899 0.859251 -5.240501 20.121333 19.162536 17.706290 6.080306 -12.644047 0.000001 0.000002 -0.000003 -7.034858 -2.467267 11.477758 -0.551794 -1.275808 19.042567 -10.608349 -10.855355 -9.269368 0.000002 -0.000001 -0.000000 17.544830 -2.862057 -21.337835 -20.033030 -11.967990 -6.269455 -30.962713 -0.945751 8.560073 0.000000 0.000001 0.000005 
16.376949 106.411636 -13.299616 -180.346337 -147.807753 175.899665 -10.098432 -0.071089 0.679894 0.667889 5.304263 -4.764344 2.101400 8.208552 1.598108 -3.511077 9.116326 -3.419358 0.000001 0.000000 -0.000001 -2.431487 9.396681 -22.067783 6.414647 11.424529 -39.045879 34.290531 26.360936 -29.344310 0.000002 0.000003 0.000003 8.258648 5.014262 0.478217 -5.482934 20.472975 19.419170 17.099805 6.917730 -12.003738 -0.000002 -0.000000 -0.000002 -7.861718 -2.373023 10.732278 -1.073966 -1.381937 19.903899 -11.233374 -12.106398 -11.079620 0.000001 -0.000001 -0.000000 17.484162 -2.856758 -21.353150 -19.442972 -11.546039 -6.718052 -31.030342 -1.010763 8.526858 0.000006 0.000003 0.000003 
15.614040 106.472374 -13.333139 -180.293198 -148.004312 176.176410 -10.537168 -0.138433 0.927429 0.923182 5.416810 -5.032335 1.779902 8.193141 1.715684 -3.234653 9.173665 -3.520717 0.000000 -0.000001 0.000000 -2.375795 9.395481 -22.302151 6.426873 10.940779 -38.598605 33.601140 24.971768 -28.341349 0.000004 0.000003 0.000003 8.246734 3.447621 0.392066 -5.480496 20.658168 19.269547 17.129858 7.544472 -10.730833 0.000001 -0.000001 -0.000002 -7.908461 -2.178603 9.919943 -1.853621 -1.476340 21.066115 -11.893836 -12.589996 -11.777743 0.000001 -0.000003 -0.000002 17.339712 -2.848994 -21.345164 -19.181232 -11.327435 -6.878625 -30.759050 -1.313872 8.427587 0.000003 0.000000 0.000003 
14.898228 106.496185 -13.359716 -180.570421 -148.190257 176.251788 -10.676325 -0.138120 0.966148 0.753157 5.384264 -4.882891 2.018044 8.449417 1.534449 -2.716709 9.155219 -3.646852 -0.000000 -0.000000 0.000001 -2.248388 8.980236 -22.272982 6.512720 11.441134 -38.586126 32.915628 24.246162 -27.993906 0.000004 -0.000001 0.000003 8.065570 2.060055 0.140779 -4.969581 20.264738 19.216269 17.130584 7.631824 -9.502356 0.000001 0.000001 -0.000003 -7.571102 -2.069896 9.370747 -1.786598 -1.683425 21.832724 -12.479409 -13.170958 -12.599950 0.000002 -0.000002 -0.000001 17.964308 -2.866908 -21.348733 -19.116373 -11.156370 -7.325040 -30.413050 -1.117953 8.287506 0.000001 0.000000 0.000001 
14.223972 106.506447 -13.391580 -180.856538 -148.336245 176.003415 -10.863589 -0.176299 1.102073 0.003552 5.170777 -4.275516 2.942265 8.365986 0.932078 -2.118839 9.203602 -3.804185 0.000000 -0.000001 0.000000 -2.350755 9.657344 -22.244782 6.780949 11.399210 -38.359428 33.630322 24.860861 -28.686825 -0.000001 -0.000001 0.000002 8.234254 1.414048 0.170844 -4.514382 20.307416 18.941607 16.743519 8.015065 -9.444180 0.000002 -0.000004 -0.000003 -6.339155 -1.933851 9.149587 -2.974615 -1.532605 22.705239 -12.569095 -13.454627 -13.082403 0.000001 -0.000008 -0.000000 18.746050 -2.850428 -21.129788 -19.896023 -11.508656 -7.136703 -30.053584 -0.768381 8.210951 0.000003 0.000006 0.000003 
13.616154 106.510406 -13.422198 -180.621457 -148.526999 176.061896 -11.576313 -0.256350 1.469106 0.921641 5.093671 -4.639793 2.358655 8.130233 1.004353 -1.344501 9.293388 -4.142958 0.000000 0.000000 0.000001 -2.556077 9.949673 -22.266642 6.800273 11.557670 -38.176024 34.028699 25.254249 -29.372665 0.000004 -0.000001 0.000002 8.201754 0.818797 0.212341 -3.363177 19.656581 18.385548 16.318012 8.415236 -9.226491 -0.000001 0.000005 -0.000005 -5.677285 -1.729340 8.783331 -3.924066 -1.416558 23.617817 -12.853064 -13.740181 -13.531733 -0.000002 -0.000003 0.000001 19.079399 -2.948019 -21.132417 -20.522961 -11.948467 -6.867558 -30.054953 -0.665569 8.194929 -0.000001 0.000000 0.000003 
13.054863 106.496376 -13.450289 -180.233625 -148.615450 176.108423 -11.912403 -0.285121 1.648927 0.715375 4.882197 -4.347312 2.551593 7.997660 0.663643 -0.672438 9.290153 -4.384684 0.000001 -0.000001 0.000000 -2.675856 10.066212 -22.038295 6.768180 12.042995 -38.228316 34.177317 25.782834 -30.147987 0.000003 -0.000001 0.000003 7.993198 1.812034 0.051591 -2.467564 18.908014 18.414135 15.727019 8.038604 -9.576660 0.000002 0.000001 -0.000003 -5.316870 -1.653366 8.672983 -4.546137 -1.323130 24.114352 -12.907997 -13.910856 -13.827569 -0.000002 -0.000007 -0.000002 19.327685 -2.975672 -20.986429 -20.809028 -12.123408 -6.935503 -30.080064 -0.329354 8.158367 0.000005 0.000003 -0.000001 
12.535545 106.475670 -13.474586 -179.888290 -148.840504 176.009057 -12.276223 -0.354610 1.965176 0.463737 4.831687 -4.147527 2.937170 8.007377 0.537543 -0.198730 9.261100 -4.519774 -0.000000 -0.000002 -0.000000 -2.959903 10.380043 -21.690797 6.836067 12.549156 -38.177127 33.958799 24.888588 -30.486286 0.000001 0.000004 -0.000001 7.814602 2.064338 0.114435 -2.487592 18.652668 18.279673 16.395372 7.517941 -9.332084 0.000003 0.000006 -0.000003 -4.538370 -1.660936 8.499831 -5.674090 -1.181563 24.859532 -12.654847 -14.283589 -14.373051 -0.000003 -0.000003 -0.000002 20.018603 -2.992964 -21.061633 -21.707835 -12.705893 -6.428315 -30.136851 0.039384 8.183410 -0.000001 0.000000 0.000001 
12.059856 106.447662 -13.493837 -180.271737 -148.514076 176.043536 -12.121576 -0.271507 1.772785 0.737681 4.929553 -4.352900 2.605025 8.159580 0.891289 0.159203 9.370364 -4.709718 0.000000 0.000001 0.000001 -3.171515 10.623406 -21.533712 6.809424 12.795088 -37.990359 33.714227 24.404513 -30.809979 0.000002 -0.000004 0.000003 7.703157 2.247692 0.188449 -2.113192 18.317101 18.042013 16.674457 7.247573 -8.992747 -0.000000 0.000002 -0.000003 -3.906027 -1.584629 8.051054 -6.296732 -1.171085 25.331018 -12.061093 -14.039530 -14.019005 0.000002 -0.000002 -0.000001 20.693585 -3.088263 -21.294645 -22.334017 -12.987483 -6.400364 -30.576694 0.304184 8.329172 -0.000001 0.000003 0.000003 
11.629898 106.415230 -13.521874 -180.005729 -148.760946 176.071308 -12.399975 -0.379317 2.109449 0.890131 4.848187 -4.310545 2.710556 8.033495 0.641380 0.388666 9.402864 -4.714048 0.000001 0.000001 0.000001 -3.306940 10.895043 -21.712260 6.820011 12.432765 -37.575995 33.737730 23.966902 -30.961429 0.000002 0.000003 0.000001 7.788772 2.205605 0.336094 -2.451404 18.661416 17.968705 17.210243 7.105534 -9.027750 0.000002 0.000003 -0.000005 -4.028626 -1.674903 8.169156 -6.513221 -1.164775 25.425227 -11.923174 -14.031950 -14.010154 -0.000000 -0.000001 -0.000000 20.556670 -3.017499 -21.263617 -22.294267 -12.994283 -6.117830 -30.400059 -0.116467 8.359485 0.000004 0.000001 -0.000001 
11.237133 106.387985 -13.547873 -180.134942 -148.459298 176.209906 -12.488320 -0.390548 2.141881 0.908455 4.911283 -4.384548 2.896831 8.213478 0.658373 0.278033 9.415101 -4.587626 -0.000001 -0.000001 -0.000000 -3.201539 10.667707 -21.840349 6.713185 11.956847 -37.553213 33.748969 23.809765 -30.759689 0.000000 -0.000004 0.000001 7.911074 2.289708 0.407025 -2.904697 18.990865 18.218249 17.621767 7.089968 -9.397315 -0.000000 0.000002 -0.000001 -4.077210 -1.593786 8.015970 -6.569022 -1.223143 25.377506 -11.417113 -13.652177 -13.543031 0.000001 -0.000001 0.000003 20.429089 -3.049169 -21.324044 -21.952508 -12.597399 -6.325902 -30.654036 -0.250296 8.549518 0.000002 0.000001 0.000004 
10.883038 106.361496 -13.573160 -180.205184 -148.632662 176.237664 -12.182632 -0.366665 2.051969 0.572679 4.854254 -4.172545 3.033801 8.047604 0.559650 -0.216080 9.447748 -4.375416 0.000002 -0.000000 -0.000000 -3.149958 10.729705 -21.771680 6.603366 11.511654 -37.677123 33.686742 23.483768 -30.351100 0.000003 -0.000003 0.000003 8.014148 2.644892 0.407739 -3.248106 19.291533 18.494998 17.774490 7.178805 -9.898397 0.000000 0.000006 -0.000003 -4.184135 -1.590883 8.090747 -6.359995 -1.251164 25.196891 -11.626189 -13.534831 -13.386998 -0.000000 -0.000003 0.000001 20.683087 -3.098897 -21.448753 -22.103057 -12.626900 -6.144503 -30.476557 -0.363292 8.556081 0.000003 -0.000001 -0.000000 
10.558418 106.335037 -13.596861 -180.396224 -148.370068 176.218949 -11.949175 -0.318155 1.922342 0.247876 4.799400 -3.939488 3.277654 8.220804 0.530049 -0.307872 9.431632 -4.342845 0.000000 -0.000001 -0.000001 -3.012091 10.412086 -21.754574 6.457366 10.888174 -37.696087 33.750461 22.914052 -30.158328 0.000001 -0.000001 -0.000002 8.102470 2.751239 0.408801 -3.103765 19.344470 18.384511 17.517055 7.650069 -9.686424 0.000002 0.000003 -0.000004 -3.932156 -1.543076 7.951055 -6.336568 -1.242482 25.182472 -11.227715 -13.313015 -13.094236 0.000001 -0.000004 -0.000001 20.843200 -3.114053 -21.520999 -22.274031 -12.698869 -6.043886 -30.328461 -0.058943 8.492575 0.000006 -0.000000 0.000002 
10.266289 106.301125 -13.620290 -180.448366 -148.062382 176.229618 -11.742233 -0.314613 1.874524 -0.226195 4.630278 -3.535430 3.605255 8.173207 0.235385 -0.506726 9.379080 -4.401472 0.000001 -0.000000 -0.000000 -2.809287 10.306895 -21.714010 6.380380 10.248408 -37.623616 34.182071 22.654515 -30.342689 0.000004 0.000001 -0.000002 8.288965 2.672974 0.487026 -3.221663 19.696440 18.395105 17.239840 8.154296 -9.540870 0.000003 0.000003 -0.000004 -3.630727 -1.501555 7.744668 -6.556828 -1.119448 25.399742 -10.943846 -13.464982 -13.250454 -0.000000 -0.000003 -0.000002 21.196944 -3.199558 -21.793599 -22.429877 -12.998375 -5.944104 -30.648575 0.128678 8.444849 0.000003 0.000002 0.000003 
10.004883 106.267967 -13.644735 -180.426127 -147.729219 176.302086 -11.617225 -0.274326 1.771359 -0.075026 4.609095 -3.581398 3.327561 8.469539 0.382761 -0.913481 9.233311 -4.137849 0.000001 -0.000001 0.000001 -2.612793 9.633487 -21.782669 6.246284 10.010029 -37.660014 34.064920 22.172107 -30.179870 -0.000000 0.000004 -0.000001 8.291481 1.973732 0.601941 -3.160417 19.638259 18.308520 16.933741 8.463394 -9.100153 0.000004 0.000003 -0.000004 -3.520239 -1.452319 7.591046 -6.645279 -1.092546 25.435597 -10.838274 -13.286209 -12.951990 0.000002 0.000000 0.000001 21.259107 -3.262517 -21.920671 -22.417922 -12.940588 -6.078489 -30.917019 0.117632 8.573281 -0.000001 0.000002 0.000004 
9.769157 106.234688 -13.667629 -180.111296 -147.480887 176.368899 -11.787447 -0.325270 1.939004 0.019326 4.553028 -3.558582 3.291159 8.303440 0.264605 -1.406466 9.298746 -4.026929 -0.000001 -0.000000 -0.000001 -2.656642 9.690357 -22.050730 6.053133 9.490868 -37.424768 33.896460 22.155969 -29.930562 -0.000001 -0.000001 -0.000002 8.385605 2.190291 0.777347 -3.426992 19.829130 18.419297 16.673581 8.425661 -9.274633 0.000002 0.000000 -0.000001 -3.633510 -1.459952 7.663741 -6.694417 -1.041033 25.338393 -11.022769 -13.140900 -12.661772 -0.000000 -0.000004 -0.000003 20.987460 -3.212019 -21.779925 -22.370760 -12.918339 -6.229450 -30.872619 -0.143567 8.532953 0.000002 0.000002 0.000004 
9.558216 106.200867 -13.683426 -179.570741 -147.498536 176.434701 -12.291073 -0.452398 2.394709 0.213350 4.468778 -3.571337 3.461457 8.241820 -0.018634 -1.704431 9.233474 -3.920267 0.000001 -0.000001 0.000000 -2.663606 9.546051 -22.025632 6.004377 9.455395 -37.404312 34.151414 22.313538 -30.256505 0.000004 -0.000001 0.000003 8.298293 1.660856 0.701028 -3.283974 19.684465 18.451628 16.801425 8.557541 -9.000085 0.000001 0.000002 -0.000003 -3.853706 -1.467913 7.797454 -6.758404 -1.027158 25.414898 -11.211400 -13.273761 -12.910349 -0.000001 -0.000001 -0.000000 20.778122 -3.166282 -21.664879 -22.464125 -12.908260 -6.219126 -30.831477 0.001382 8.564400 0.000002 0.000000 0.000003 
9.370213 106.169609 -13.701150 -179.430326 -147.099134 176.553505 -12.254768 -0.439563 2.317861 0.474361 4.577421 -3.807666 3.254511 8.101710 0.165034 -2.374016 9.359080 -3.892740 -0.000000 -0.000001 0.000000 -2.683369 9.991848 -22.003705 6.034462 9.188898 -37.373228 34.334394 22.380329 -30.154558 0.000001 0.000003 0.000003 8.368614 2.454486 0.616400 -3.342024 19.856997 18.559642 16.977074 8.583218 -9.298752 0.000003 0.000001 -0.000003 -3.771767 -1.457076 7.664472 -7.068260 -0.968792 25.439815 -10.929170 -13.155599 -12.745323 -0.000000 -0.000004 -0.000001 20.599588 -3.152859 -21.688082 -22.435421 -12.908015 -6.423776 -31.069462 0.124332 8.555091 0.000002 0.000000 0.000003 
9.202618 106.129295 -13.716551 -179.041019 -146.864585 176.675028 -12.321392 -0.507226 2.475317 0.795078 4.592107 -3.929408 2.959922 8.178625 0.145473 -2.814613 9.446865 -3.728878 -0.000000 -0.000000 0.000001 -2.512975 9.161963 -22.276986 5.851182 8.937568 -37.441034 33.690799 22.209977 -29.398186 0.000001 -0.000004 0.000003 8.243540 2.446905 0.452400 -3.387215 19.822732 18.659180 16.714434 8.512639 -9.012769 -0.000003 0.000003 -0.000003 -4.054391 -1.544688 7.656727 -6.963597 -0.827491 25.413228 -11.084309 -13.044609 -12.432193 -0.000000 -0.000004 -0.000001 20.171490 -3.063947 -21.530343 -22.285427 -12.923315 -6.632577 -31.184776 -0.194178 8.656587 0.000001 0.000002 0.000003 
9.049778 106.093178 -13.728366 -178.643325 -147.256474 176.711064 -12.365983 -0.604248 2.758311 0.742677 4.586727 -3.885654 2.849074 7.738352 0.031616 -2.860131 9.694376 -3.825367 0.000001 -0.000000 0.000001 -2.694046 9.567260 -22.178061 5.862312 8.955205 -37.419567 33.583910 21.680369 -29.364530 -0.000000 0.000001 -0.000001 8.262659 2.772097 0.535057 -3.286379 19.772800 18.390353 16.465628 8.550115 -9.065323 0.000000 -0.000000 -0.000002 -4.199513 -1.608286 7.716632 -7.144105 -0.830421 25.652025 -11.230596 -13.305355 -12.792957 0.000001 -0.000004 -0.000001 19.977019 -2.968684 -21.378675 -22.436575 -13.034302 -6.500012 -30.600224 -0.117559 8.493342 0.000003 0.000003 0.000006 
8.909790 106.057945 -13.740881 -178.590008 -147.034124 176.782781 -12.451190 -0.579290 2.720405 1.594641 4.722766 -4.390084 1.986322 8.002961 0.607686 -2.941363 9.687828 -3.689073 0.000000 0.000000 -0.000000 -2.630718 8.996631 -22.211676 5.655870 8.835721 -37.535523 33.200440 21.298622 -29.073055 -0.000001 -0.000001 0.000003 8.177013 2.741286 0.529255 -3.103306 19.560212 18.221918 16.268035 8.531354 -8.839137 0.000001 0.000003 -0.000004 -4.271241 -1.646495 7.732374 -7.098864 -0.765541 25.526773 -11.085838 -13.133862 -12.525991 -0.000001 -0.000003 -0.000002 19.845127 -2.926355 -21.282695 -22.242660 -12.810905 -6.825423 -30.868610 -0.536514 8.732564 0.000004 0.000002 0.000003 
8.782703 106.016716 -13.749440 -178.190579 -147.155114 176.732087 -12.591876 -0.645935 2.932512 1.486945 4.653536 -4.255682 2.190172 8.181029 0.457709 -3.379788 9.641091 -3.488695 0.000000 0.000000 0.000001 -2.368947 8.246700 -22.387615 5.355544 8.349209 -37.490417 32.965642 21.006192 -28.886772 -0.000002 -0.000001 -0.000003 8.189774 2.505446 0.559201 -3.396676 19.640050 18.221406 16.324161 8.313845 -8.835944 0.000000 0.000000 -0.000001 -4.515036 -1.690894 8.026988 -7.224981 -0.811177 25.562446 -11.440302 -13.125480 -12.558216 -0.000000 0.000001 -0.000002 19.641903 -2.848325 -21.022795 -22.496642 -12.883405 -6.755915 -30.760249 -0.696015 8.741472 0.000000 0.000003 0.000003 
8.665123 105.977402 -13.755796 -177.980154 -147.085788 176.785814 -12.495437 -0.643369 2.897076 0.794770 4.575208 -3.860955 2.580640 7.925570 0.179362 -3.569674 9.850288 -3.540719 0.000000 0.000001 0.000001 -2.378215 8.705312 -22.222464 5.240583 8.017687 -37.479198 33.038332 20.805335 -28.957185 -0.000002 -0.000001 0.000002 8.208468 3.054810 0.411912 -3.454321 19.702663 18.388674 16.743341 8.107552 -8.905868 0.000001 0.000001 -0.000003 -4.533955 -1.688177 8.005734 -7.556489 -0.793791 25.691683 -11.240178 -13.125857 -12.564206 -0.000002 -0.000002 -0.000001 19.468133 -2.838627 -20.966348 -22.531452 -12.924902 -6.750209 -30.705153 -0.749405 8.672600 0.000000 -0.000003 -0.000001 
8.559582 105.941544 -13.764592 -177.922193 -147.064464 176.749409 -12.525735 -0.682096 2.975369 0.788268 4.593746 -3.876908 2.643610 8.080761 0.202949 -4.307111 9.784028 -3.268236 -0.000000 -0.000000 -0.000000 -2.284557 8.599340 -22.260602 5.080286 7.621945 -37.526255 33.079252 20.896475 -28.828487 0.000001 0.000002 -0.000001 8.272375 2.528830 0.529606 -3.711258 19.913884 18.317070 16.967296 8.120181 -8.867441 -0.000000 0.000002 -0.000001 -4.621644 -1.721575 8.156315 -7.441045 -0.734033 25.572040 -11.236199 -13.091540 -12.474095 0.000001 -0.000002 -0.000001 19.483391 -2.839543 -20.934989 -22.554796 -13.034307 -6.720563 -30.747131 -0.911405 8.663575 0.000003 0.000002 0.000003 
8.465416 105.912544 -13.775403 -177.876786 -146.842592 176.766962 -12.424321 -0.673085 2.939069 0.945088 4.582123 -3.968110 2.581291 7.918325 0.160406 -4.655594 9.793612 -3.316081 -0.000000 -0.000000 0.000001 -2.291142 8.562289 -22.359645 4.967468 7.386885 -37.430321 32.948061 20.933107 -28.637373 -0.000000 0.000001 -0.000001 8.238441 3.259065 0.454065 -3.996050 20.062907 18.584470 16.701967 8.047538 -9.244763 0.000001 0.000004 -0.000003 -4.722253 -1.718379 8.189605 -7.372244 -0.735387 25.423054 -11.193669 -13.000037 -12.383428 -0.000002 -0.000002 -0.000003 19.498450 -2.872709 -21.012848 -22.553961 -13.099843 -6.637779 -30.967326 -0.898001 8.651562 0.000004 0.000000 0.000003 
8.381691 105.884140 -13.784403 -177.837212 -146.873547 176.815375 -12.308595 -0.660434 2.890521 0.821472 4.647159 -3.988872 2.503947 7.743785 0.210577 -4.704319 9.762122 -3.272132 -0.000000 -0.000001 0.000001 -2.322596 8.599636 -22.326866 4.762196 6.924947 -37.307576 33.163085 21.121037 -28.980489 0.000002 -0.000004 0.000003 8.142620 3.582850 0.311626 -3.702345 19.848677 18.576960 16.337343 8.172224 -9.088088 0.000001 0.000006 -0.000003 -4.696470 -1.691140 8.100241 -7.449492 -0.783228 25.528867 -11.147247 -12.950115 -12.304749 -0.000001 -0.000000 -0.000002 19.615084 -2.914675 -21.083539 -22.659602 -13.121049 -6.716012 -31.333862 -0.811292 8.762317 0.000003 0.000002 0.000003 
8.304668 105.859749 -13.799198 -177.524417 -146.885923 176.861765 -12.516547 -0.691742 3.017827 0.511825 4.592426 -3.784966 2.938461 8.065141 -0.031430 -4.531430 9.554198 -3.207274 -0.000000 -0.000001 -0.000000 -2.089438 7.896522 -22.438826 4.772779 7.005968 -37.340600 33.057375 21.061249 -28.796825 0.000003 -0.000001 0.000002 8.127218 3.278402 0.270539 -3.692047 19.806857 18.570089 16.171403 8.257725 -8.968931 0.000003 0.000003 -0.000004 -5.014462 -1.737137 8.274034 -7.420855 -0.751960 25.523167 -11.116947 -13.019187 -12.400442 0.000001 -0.000003 0.000001 19.232858 -2.832825 -20.865569 -22.592387 -13.102500 -6.810941 -31.065357 -0.908107 8.655468 0.000003 0.000004 0.000001 
8.238834 105.830238 -13.804163 -177.311902 -146.832210 177.047519 -12.801584 -0.654952 2.965386 -0.020736 4.496418 -3.487313 3.462143 8.190330 -0.245118 -4.485984 9.381640 -3.165911 -0.000001 0.000001 0.000001 -2.131352 7.693085 -22.271061 4.669306 7.298119 -37.380188 32.995681 20.882048 -29.206022 -0.000002 0.000002 -0.000003 7.944950 3.061498 0.207876 -3.201816 19.271427 18.512661 15.954801 8.280625 -8.443938 0.000002 -0.000000 -0.000001 -5.319207 -1.717301 8.205040 -7.366366 -0.814872 25.513665 -11.049406 -12.977584 -12.367330 -0.000001 -0.000002 -0.000003 18.838900 -2.808779 -20.743892 -22.323321 -12.826520 -7.123234 -30.984999 -0.956511 8.658443 0.000003 0.000006 0.000003 
