HIERARCHY
ROOT Hips
{
	OFFSET -0.766329 105.751518 -1.111724
	CHANNELS 6 Xposition Yposition Zposition Xrotation Yrotation Zrotation
	JOINT Chest
	{
		OFFSET 0.248713 13.542801 1.638556
		CHANNELS 3 Xrotation Yrotation Zrotation
		JOINT Chest2
		{
			OFFSET -0.983785 21.282066 2.274284
			CHANNELS 3 Xrotation Yrotation Zrotation
			JOINT Chest3
			{
				OFFSET -0.692944 14.859848 -1.234697
				CHANNELS 3 Xrotation Yrotation Zrotation
				JOINT Neck
				{
					OFFSET 0.232811 17.225296 1.360520
					CHANNELS 3 Xrotation Yrotation Zrotation
					JOINT Head
					{
						OFFSET -0.412079 10.405945 1.172298
						CHANNELS 3 Xrotation Yrotation Zrotation
						End Site
						{
							OFFSET -0.408239 10.414001 1.099764
						}
					}
				}
				JOINT LeftCollar
				{
					OFFSET 4.527610 12.947464 3.697092
					CHANNELS 3 Xrotation Yrotation Zrotation
					JOINT LeftUpArm
					{
						OFFSET 14.104127 -5.601547 -8.842834
						CHANNELS 3 Xrotation Yrotation Zrotation
						JOINT LeftLowArm
						{
							OFFSET 4.135056 -33.504669 -0.259622
							CHANNELS 3 Xrotation Yrotation Zrotation
							JOINT LeftHand
							{
								OFFSET -1.321100 -28.037964 10.633655
								CHANNELS 3 Xrotation Yrotation Zrotation
								End Site
								{
									OFFSET -0.288738 -6.127861 2.324051
								}
							}
						}
					}
				}
				JOINT RightCollar
				{
					OFFSET -3.877347 13.026825 4.132398
					CHANNELS 3 Xrotation Yrotation Zrotation
					JOINT RightUpArm
					{
						OFFSET -14.404807 -6.080551 -8.001554
						CHANNELS 3 Xrotation Yrotation Zrotation
						JOINT RightLowArm
						{
							OFFSET -4.868902 -33.406982 -0.046885
							CHANNELS 3 Xrotation Yrotation Zrotation
							JOINT RightHand
							{
								OFFSET 2.554283 -27.771721 11.097852
								CHANNELS 3 Xrotation Yrotation Zrotation
								End Site
								{
									OFFSET 0.558256 -6.069786 2.425552
								}
							}
						}
					}
				}
			}
		}
	}
	JOINT LeftUpLeg
	{
		OFFSET 10.016021 -0.212128 0.231232
		CHANNELS 3 Xrotation Yrotation Zrotation
		JOINT LeftLowLeg
		{
			OFFSET 4.001475 -46.959927 -4.769034
			CHANNELS 3 Xrotation Yrotation Zrotation
			JOINT LeftFoot
			{
				OFFSET -0.209793 -42.715828 -13.262074
				CHANNELS 3 Xrotation Yrotation Zrotation
				JOINT LeftToe
				{
					OFFSET -0.055978 -16.674061 16.778927
					CHANNELS 3 Xrotation Yrotation Zrotation
					End Site
					{
						OFFSET 1.311543 -2.283145 23.507999
					}
				}
			}
		}
	}
	JOINT RightUpLeg
	{
		OFFSET -10.016028 0.211937 -0.231256
		CHANNELS 3 Xrotation Yrotation Zrotation
		JOINT RightLowLeg
		{
			OFFSET -2.165053 -47.116806 -4.396855
			CHANNELS 3 Xrotation Yrotation Zrotation
			JOINT RightFoot
			{
				OFFSET 0.863914 -42.173126 -14.874875
				CHANNELS 3 Xrotation Yrotation Zrotation
				JOINT RightToe
				{
					OFFSET -1.616149 -18.237207 14.978294
					CHANNELS 3 Xrotation Yrotation Zrotation
					End Site
					{
						OFFSET -4.238198 -4.599441 22.813131
					}
				}
			}
		}
	}
}
MOTION
Frames: 162
Frame Time: 0.033333
-0.766329 105.751526 -1.111722 0.000001 -0.000000 0.000000 -0.000001 0.000000 -0.000000 -0.000000 -0.000000 -0.000001 -0.000001 -0.000000 -0.000000 -0.000000 -0.000001 -0.000000 -0.000001 -0.000000 -0.000000 0.000001 -0.000001 -0.000001 -0.000001 -0.000001 0.000000 -0.000001 0.000003 -0.000001 -0.000001 0.000003 -0.000001 0.000000 -0.000001 -0.000001 -0.000001 0.000001 -0.000002 -0.000001 0.000001 0.000000 0.000001 0.000002 -0.000000 -0.000000 -0.000000 -0.000000 -0.000001 0.000000 -0.000000 -0.000000 0.000000 -0.000000 0.000001 0.000000 0.000000 0.000000 -0.000000 0.000000 -0.000001 0.000000 -0.000000 -0.000000 0.000000 0.000001 -0.000000 0.000000 -0.000000 
-0.773421 105.750305 -1.113382 -0.270172 -0.334856 -0.070554 0.368779 0.005905 -0.111522 -0.120303 -0.001092 -0.020314 -0.057636 -0.046876 0.152341 -0.231176 0.177079 -0.182179 -0.000001 -0.000000 -0.000000 -0.019541 0.374174 -0.080279 -0.191465 -0.092779 0.034434 0.086852 0.095234 0.152055 -0.000000 -0.000004 0.000002 0.082508 0.522429 0.036851 -0.316427 0.161892 0.004421 0.093865 -0.065888 -0.082560 -0.000001 0.000003 0.000001 0.173558 0.028464 0.091994 0.058463 0.039643 -0.079510 -0.168813 0.361034 0.222772 -0.000001 0.000000 0.000000 0.218890 -0.068108 0.114938 0.155050 -0.017078 -0.199768 0.032290 0.540344 0.172106 -0.000001 0.000000 0.000001 
-0.780781 105.748070 -1.116269 -0.105191 -0.381314 -0.065622 0.347239 0.008865 -0.223130 -0.294428 0.035722 -0.092327 0.006403 -0.096107 0.316939 -0.116852 0.235965 -0.203602 -0.000000 -0.000000 -0.000000 -0.052287 1.170295 0.047708 -0.315376 -0.274461 -0.008759 0.196243 -0.057966 -0.039343 0.000003 0.000005 0.000001 0.167719 0.950957 -0.000133 -0.065382 0.074354 0.027777 -0.228404 0.043420 -0.352552 -0.000001 -0.000003 0.000002 0.082557 0.022621 0.133341 -0.012715 -0.032858 -0.167812 0.020777 0.526171 0.229559 0.000000 0.000000 0.000000 0.303171 -0.059522 0.130004 -0.108576 0.026613 -0.260095 0.355273 0.521113 0.224690 0.000001 0.000001 0.000000 
-0.788402 105.751266 -1.118296 -0.323601 -0.330684 -0.089654 0.529769 0.010286 -0.231229 -0.516083 -0.003716 -0.009856 0.169122 -0.226730 0.238437 0.053047 0.300085 -0.267800 -0.000000 0.000000 -0.000000 -0.062711 1.302432 0.048611 -0.505303 -0.443943 -0.030093 0.585870 -0.095088 0.054070 0.000002 0.000003 -0.000001 0.182856 0.908838 0.011502 -0.159905 0.153666 0.018400 -0.095124 0.137914 -0.331360 0.000001 -0.000000 -0.000001 0.361794 0.043684 0.149502 -0.123545 -0.016158 -0.149880 0.075782 0.405158 0.121131 -0.000000 0.000000 -0.000001 0.469483 -0.071684 0.152067 -0.085818 0.052738 -0.195555 0.423265 0.421150 0.240089 -0.000001 -0.000000 0.000001 
-0.795298 105.757156 -1.125708 -0.541289 0.018286 -0.082509 0.947370 -0.020309 -0.178182 -0.289003 0.038142 -0.044213 -0.114558 -0.253922 0.230883 -0.335396 0.196394 -0.099026 -0.000000 -0.000000 -0.000000 0.216151 0.792159 0.060045 -0.751929 -0.856750 -0.108725 0.398320 -0.254809 0.394370 -0.000001 0.000003 0.000000 0.403742 1.143105 -0.063626 -0.393990 0.651783 0.177736 -0.342700 0.288153 -0.950608 0.000002 0.000001 0.000001 0.431910 0.053652 0.221542 -0.041337 -0.084155 -0.216539 -0.049013 0.383249 0.116199 -0.000000 -0.000000 -0.000001 0.634712 -0.069621 0.202215 -0.391684 0.025123 -0.099934 1.267413 -0.194294 0.067341 0.000000 -0.000000 -0.000001 
-0.802015 105.760307 -1.133466 -0.763915 -0.161500 -0.067139 1.245979 -0.020592 -0.192049 -0.491120 0.024027 -0.015904 -0.127649 -0.025305 0.197084 -0.162183 0.207659 -0.111615 -0.000000 -0.000000 0.000000 0.222963 0.561232 -0.053701 -0.623318 -0.770903 0.063344 0.531358 -0.207218 0.424351 -0.000003 0.000005 -0.000000 0.372389 1.015729 -0.093821 -0.574906 0.731433 0.228365 0.279344 0.209124 -0.951720 -0.000004 0.000000 0.000000 0.651418 0.070100 0.169812 -0.133340 -0.096627 -0.230018 -0.143578 0.383632 0.100363 -0.000000 0.000001 -0.000001 0.829850 -0.081916 0.140435 -0.435602 0.050302 -0.045541 1.350243 -0.283002 0.098710 -0.000000 -0.000000 -0.000002 
-0.808909 105.760780 -1.139066 -0.859156 -0.018805 -0.095119 1.161307 -0.032460 -0.122775 -0.400868 -0.006103 0.034157 -0.099181 -0.012047 0.119560 -0.169599 0.143943 -0.001414 -0.000000 -0.000000 0.000000 0.364783 -0.084914 -0.074255 -0.747807 -0.956873 0.024930 0.534883 -0.272374 0.762207 -0.000000 0.000003 0.000000 0.388688 0.703856 -0.017770 -0.619124 0.874578 0.136851 0.243693 0.328863 -0.929965 -0.000002 0.000003 0.000001 0.697525 0.062977 0.200894 -0.215043 -0.174648 -0.195672 0.017923 0.368398 0.054867 0.000000 0.000001 -0.000001 0.992857 -0.080622 0.205772 -0.524050 0.122607 -0.065190 1.359741 -0.513916 0.001606 0.000000 0.000000 -0.000001 
-0.811665 105.764122 -1.142946 -0.628107 -0.055241 -0.069613 1.064566 -0.021672 -0.256126 -0.778592 -0.021625 0.020853 0.248779 0.066028 0.192005 -0.141588 0.002591 0.098104 -0.000000 -0.000000 -0.000000 0.187391 0.424313 -0.020828 -0.475643 -0.626212 0.202455 0.149794 -0.266413 0.176757 -0.000001 0.000002 0.000003 0.286298 0.735458 -0.182087 -0.244178 0.395700 0.214817 -0.031475 0.322944 -0.515649 -0.000002 0.000002 -0.000001 0.452234 0.061374 0.207399 -0.153251 -0.134481 -0.224176 0.202836 0.286480 -0.006291 -0.000000 -0.000000 -0.000000 0.750273 -0.099893 0.177985 -0.136284 0.142788 -0.157357 0.895946 0.011938 0.202818 -0.000001 0.000001 -0.000000 
-0.810154 105.770752 -1.145117 -0.668000 0.101090 -0.110263 1.163428 -0.029890 -0.179317 -0.983514 -0.028157 0.003907 0.347363 -0.058445 0.168999 0.018485 -0.089996 0.052854 -0.000001 -0.000000 -0.000000 0.139716 0.620643 0.137962 -0.515165 -0.621475 0.163562 0.505261 -0.307113 -0.060641 -0.000001 0.000003 -0.000000 0.257794 0.901020 -0.253533 -0.107672 0.257108 0.265727 -0.166951 0.324816 -0.433700 -0.000001 -0.000002 -0.000001 0.706908 0.087006 0.239492 -0.295392 -0.128778 -0.180146 -0.074026 0.128755 -0.052006 0.000000 0.000001 -0.000001 0.869352 -0.111870 0.191175 -0.306638 0.055054 -0.092971 1.165715 -0.172425 0.108480 -0.000000 -0.000001 -0.000000 
-0.809715 105.776039 -1.145187 -0.694809 0.000929 -0.073299 0.888944 -0.008099 -0.254405 -0.753012 -0.010528 -0.020168 0.318386 -0.275933 0.217155 -0.073812 0.066327 -0.089340 -0.000001 0.000000 -0.000000 0.029092 1.147442 0.231535 -0.435058 -0.572755 0.165278 0.916545 -0.361776 -0.269401 -0.000002 0.000003 -0.000000 0.213998 0.799462 -0.291796 -0.048533 0.203154 0.273082 -0.157844 0.390841 -0.230703 -0.000001 0.000000 -0.000000 0.752133 0.055654 0.198198 -0.501975 -0.055797 -0.190587 0.109529 0.212963 -0.008939 -0.000000 0.000000 -0.000001 0.888085 -0.080407 0.105405 -0.266582 0.037091 -0.118194 0.735039 0.113907 0.155775 -0.000001 0.000000 -0.000001 
-0.804402 105.784660 -1.151080 -0.283661 0.035729 -0.059683 0.354006 0.024948 -0.330054 -0.180478 -0.080898 0.057289 -0.175594 -0.288745 0.175353 0.244148 -0.022757 -0.081840 0.000000 -0.000000 -0.000000 0.004714 1.106145 0.331520 -0.256712 -0.331883 0.057331 0.789577 -0.373443 -0.241508 -0.000000 0.000005 0.000001 0.130528 0.503346 -0.232453 0.000658 0.055853 0.139424 -0.100293 0.450928 0.062582 -0.000001 -0.000001 0.000001 0.533029 0.056212 0.165016 -0.423321 -0.126869 -0.178744 0.235589 0.231745 -0.042109 -0.000000 -0.000000 -0.000001 0.470715 -0.053162 0.094446 -0.186232 0.097162 -0.111844 0.622054 0.098537 0.113834 -0.000001 0.000001 -0.000002 
-0.797212 105.793098 -1.153583 -0.391841 -0.029519 -0.067559 0.637306 0.027507 -0.380911 0.047683 -0.134376 0.130815 -0.482242 -0.173792 0.137810 0.124520 -0.058882 -0.044512 -0.000000 0.000000 -0.000000 0.033544 0.914471 0.546028 -0.196647 -0.198190 -0.310739 0.784741 -0.196426 0.025468 0.000001 0.000003 0.000000 0.110320 0.544736 -0.230446 0.199589 -0.085924 0.213055 -0.259421 0.310415 -0.018858 -0.000001 0.000000 -0.000000 0.874334 0.061058 0.079151 -0.896452 -0.158858 -0.075826 0.526970 0.440528 0.020176 -0.000000 0.000001 0.000001 0.768384 -0.050831 0.053210 -0.353332 0.120097 -0.144353 0.892510 0.272915 0.192288 -0.000001 0.000001 -0.000000 
-0.788658 105.798553 -1.155644 -0.010556 0.029153 -0.163819 0.191014 0.026350 -0.263555 -0.091201 -0.162436 0.176680 -0.231756 -0.114791 0.061290 0.262225 -0.187910 0.076562 -0.000001 -0.000000 -0.000000 0.156816 0.443395 0.573472 -0.248109 -0.290962 -0.369005 0.546262 -0.296629 0.187964 0.000002 0.000001 0.000002 0.143855 0.612199 -0.214821 0.464599 -0.174523 0.284655 -0.630195 0.331951 -0.310183 -0.000000 -0.000001 -0.000000 0.394656 0.016244 0.153832 -0.684511 -0.258888 -0.098120 0.307172 0.565742 0.115282 -0.000000 0.000000 -0.000000 0.423463 -0.010616 0.117528 -0.689148 0.082762 -0.037010 1.137244 -0.221585 -0.015978 0.000000 0.000000 0.000001 
-0.775682 105.801445 -1.158931 -0.139621 -0.244417 -0.244789 0.406360 0.011544 -0.271803 -0.534939 -0.134150 0.171960 0.122852 -0.101994 0.085716 0.025211 -0.169591 0.206254 -0.000000 0.000000 -0.000000 0.178385 0.551294 0.644106 -0.333437 -0.369875 -0.446140 0.490657 -0.259956 0.278212 -0.000002 -0.000002 0.000003 0.163726 0.467394 -0.339571 0.266521 -0.019184 0.432687 -0.328927 0.231161 -0.252607 0.000003 -0.000003 -0.000000 0.417748 0.006725 0.193977 -0.551850 -0.226223 -0.155893 0.067259 0.704872 0.234513 -0.000000 0.000000 -0.000000 0.446268 -0.020477 0.191551 -0.400532 0.160929 -0.156224 0.883641 0.188720 0.167185 -0.000000 -0.000000 0.000002 
-0.760463 105.804634 -1.162601 -0.179242 -0.446194 -0.305278 0.459698 0.037104 -0.362486 -0.211310 -0.131129 0.137955 -0.297021 -0.119408 0.206988 0.181349 -0.404043 0.342962 0.000000 0.000000 -0.000000 0.073264 0.685618 0.560531 0.011668 0.083686 -0.444976 0.360784 -0.095945 0.246945 -0.000001 0.000002 -0.000001 0.043202 0.185151 -0.374825 -0.052237 0.022763 0.445364 0.316309 0.125032 -0.101089 -0.000000 -0.000002 -0.000000 0.574668 0.076556 0.207812 -0.948224 -0.083760 -0.147387 0.643852 1.003521 0.341082 -0.000001 0.000000 -0.000001 0.512179 -0.077615 0.221427 -0.666168 0.029314 -0.255349 1.482091 0.232888 0.214328 -0.000000 -0.000000 -0.000001 
-0.737406 105.809402 -1.167898 0.069359 -0.519438 -0.364035 0.109746 0.029881 -0.245555 -0.215429 -0.075310 0.022925 -0.183480 -0.172763 0.268932 0.218705 -0.518544 0.325141 -0.000000 0.000000 0.000000 0.036939 0.742468 0.630159 0.064701 0.153497 -0.570809 1.138178 -0.139042 0.401720 -0.000002 0.000001 0.000001 0.046267 0.393417 -0.514543 -0.056318 -0.023241 0.525988 0.777153 0.240102 -0.194583 0.000001 -0.000001 -0.000000 0.601080 0.121709 0.202274 -1.380430 0.059767 -0.097415 1.224884 0.820700 0.202966 -0.000000 0.000000 -0.000000 0.471215 -0.102341 0.222908 -1.292849 -0.160737 -0.346851 1.951969 0.352260 0.256037 0.000000 -0.000001 0.000000 
-0.709900 105.809166 -1.170227 -0.090163 -0.280228 -0.352312 0.006636 0.039455 -0.293815 -0.070325 -0.151652 0.141698 -0.229856 -0.467567 0.104451 0.380377 -0.716543 0.496995 -0.000000 -0.000000 -0.000001 0.097463 0.848874 0.738671 0.212660 0.248204 -0.569941 0.480500 -0.213788 0.232815 0.000000 0.000003 -0.000001 0.084450 0.548105 -0.599939 -0.040521 0.055437 0.573187 0.896764 0.184579 -0.064010 -0.000000 0.000000 -0.000000 0.360628 0.102273 0.184822 -0.765697 -0.091490 -0.145463 0.662627 0.573528 0.152064 -0.000000 0.000000 -0.000000 0.560814 -0.104881 0.184674 -0.959477 -0.123783 -0.274872 1.042487 0.370614 0.071900 -0.000001 0.000000 -0.000001 
-0.673789 105.814354 -1.177531 -0.297382 -0.511467 -0.275621 0.237476 0.059544 -0.505216 -0.563476 -0.154432 0.133973 0.134068 -0.022975 0.243953 0.482502 -1.057054 0.759787 -0.000001 0.000000 -0.000000 0.225248 0.600424 0.630280 0.008777 0.032314 -0.507669 0.921283 -0.230385 0.263529 0.000001 0.000001 -0.000001 0.131452 0.182807 -0.595252 0.064128 0.042936 0.468197 0.656953 0.253971 0.085263 0.000001 0.000000 -0.000000 0.498702 0.148844 0.013668 -0.704355 -0.119400 -0.235539 0.374335 0.851920 0.274737 0.000000 0.000000 -0.000001 0.502124 -0.100311 0.037658 -0.883855 -0.045972 -0.390884 1.149638 0.908496 0.296490 -0.000000 0.000000 0.000001 
-0.635938 105.820244 -1.185597 -0.523049 -0.749944 -0.364332 0.693950 0.035506 -0.535402 -0.721827 -0.150637 0.145395 0.068517 0.137111 0.291487 0.693618 -1.218384 0.945677 -0.000000 -0.000000 0.000000 0.197272 1.163895 0.610797 0.185559 -0.028620 -0.426748 1.065533 -0.400294 0.135922 0.000000 0.000005 -0.000000 0.196591 0.240856 -0.455384 0.085801 0.209093 0.355239 0.235989 0.385834 -0.020172 -0.000000 0.000001 0.000001 0.816953 0.138685 0.047614 -0.787374 -0.054622 -0.264455 0.079827 0.863011 0.354414 -0.000001 -0.000000 0.000000 0.767455 -0.099116 0.002802 -0.859124 -0.120661 -0.331143 1.210810 1.074102 0.359749 -0.000000 0.000000 -0.000001 
-0.589131 105.829033 -1.194003 -0.487810 -0.533175 -0.352901 0.231283 0.071655 -0.589815 -0.120111 -0.149335 0.169095 -0.247250 -0.147097 0.227546 1.031710 -1.431708 1.134710 -0.000000 0.000001 -0.000000 0.095695 1.401782 0.609823 0.200967 -0.054009 -0.376729 1.283379 -0.344485 0.207284 0.000002 0.000006 -0.000001 0.208927 0.406668 -0.408674 0.154765 0.230705 0.289751 0.792135 0.423898 0.089689 0.000000 0.000004 -0.000000 0.649651 0.100366 -0.033379 -0.915666 -0.087749 -0.250914 0.366383 1.052881 0.387099 0.000000 -0.000000 -0.000000 0.495386 -0.013597 -0.074267 -0.506372 -0.000815 -0.206339 1.025649 0.716424 0.232811 -0.000000 0.000001 0.000001 
-0.526535 105.842964 -1.205671 -0.476291 -0.281684 -0.373635 0.155326 0.068007 -0.582076 -0.665697 -0.072448 0.078842 0.268419 -0.106140 0.290003 0.878064 -1.805627 1.546825 -0.000000 0.000000 -0.000000 0.095886 1.263436 0.495240 -0.070153 -0.374740 -0.212704 1.485170 -0.410062 0.385191 -0.000001 -0.000001 0.000000 0.272837 0.542592 -0.347629 -0.149527 0.509747 0.337691 0.941323 0.425642 -0.430361 -0.000001 -0.000003 -0.000000 0.616426 0.054124 -0.101489 -1.184346 -0.006624 -0.179128 0.956256 0.917075 0.269701 -0.000000 -0.000000 0.000001 0.282372 0.058091 -0.197594 -0.543873 -0.035365 -0.112193 1.212627 0.444076 0.199486 0.000001 0.000001 0.000001 
-0.461128 105.857086 -1.210117 -0.487481 -0.362957 -0.397708 -0.178588 0.099987 -0.663407 -0.120284 -0.095653 0.123156 0.154677 0.017653 0.340257 1.054138 -1.997050 1.669493 -0.000000 0.000000 -0.000000 0.008221 1.166525 0.382006 -0.050422 -0.277692 -0.039163 1.577970 -0.282493 0.691432 0.000000 -0.000000 0.000003 0.220066 0.560466 -0.206383 -0.184776 0.406256 0.303349 0.988239 0.401334 -0.632857 -0.000000 -0.000002 -0.000002 0.897025 0.077919 -0.202461 -1.679602 0.130380 -0.126720 1.279287 0.973565 0.268658 -0.000000 0.000001 -0.000000 0.443080 0.049821 -0.237591 -0.787014 -0.085559 -0.209689 1.553046 0.245021 0.180659 0.000000 -0.000001 0.000000 
-0.388843 105.869759 -1.217023 -1.030609 -0.251233 -0.578537 0.330036 0.073265 -0.667022 -0.187715 -0.168916 0.242469 -0.014831 -0.068635 0.287649 1.504649 -2.341485 2.080855 -0.000000 0.000000 -0.000000 0.011289 1.242091 0.142289 -0.220020 -0.821788 0.370491 1.980412 -0.553976 1.967962 -0.000002 0.000003 0.000001 0.359642 0.937419 -0.000045 -0.843643 1.080912 0.431042 1.179233 0.712651 -1.580891 -0.000002 0.000000 -0.000001 1.195970 0.099672 -0.086621 -0.959199 0.195584 -0.158296 1.020149 0.862576 0.272940 -0.000000 0.000000 -0.000001 0.254053 0.065497 -0.131330 0.580985 0.052389 -0.123164 0.802080 0.273712 0.178281 -0.000002 0.000000 -0.000001 
-0.297130 105.884834 -1.220933 -1.387192 -0.343636 -0.686414 0.108472 0.081342 -0.692135 1.667474 -0.051476 0.115638 -1.446180 0.332144 0.451939 1.806295 -2.849115 2.752233 -0.000001 -0.000000 0.000000 0.180078 0.662027 -0.146143 -0.661756 -1.408329 0.860771 2.131553 -0.194172 4.059814 -0.000001 -0.000001 0.000001 0.554339 0.920621 0.103118 -1.750541 1.983409 0.648873 1.789625 0.924483 -2.513799 -0.000000 0.000006 -0.000001 1.609959 0.166453 -0.133762 -0.996889 0.214066 -0.189477 0.852875 1.003324 0.447563 0.000000 0.000000 -0.000000 0.052977 0.088451 -0.243236 1.352934 0.168217 0.007167 0.429540 0.308257 0.153403 0.000000 -0.000000 -0.000000 
-0.204096 105.902641 -1.228978 -1.361258 0.432309 -0.784773 -0.815427 0.078658 -0.671931 4.149834 -0.039432 0.160942 -3.158117 -0.059040 0.430110 2.093232 -3.245269 3.344855 -0.000000 0.000000 -0.000000 0.366944 0.652886 -0.061683 -0.669107 -1.564974 1.399983 3.016676 0.194654 5.037532 -0.000002 -0.000001 0.000002 0.715140 0.994118 0.352807 -2.371331 2.488950 0.660328 2.460458 0.720073 -3.095121 -0.000004 -0.000002 -0.000000 1.428154 0.145386 -0.001217 -0.891103 0.060454 -0.209641 0.897077 0.641262 0.300454 0.000000 0.000000 -0.000000 -0.721797 0.122108 -0.082685 2.542552 0.380694 0.065247 0.227483 0.007984 0.043765 -0.000000 0.000000 -0.000001 
-0.112416 105.933640 -1.239870 -1.624745 1.198758 -1.242344 -0.149906 0.055612 -0.533169 2.209795 -0.310253 0.453218 -1.934172 -0.400160 0.317374 2.248554 -3.977346 3.795936 -0.000000 -0.000000 0.000000 0.000592 0.844669 0.595915 -1.052009 -1.543058 2.318569 4.331799 1.080745 6.090936 -0.000000 -0.000001 0.000000 0.328908 0.375129 0.376266 -3.418152 2.615899 0.648806 2.395679 0.523069 -2.330357 0.000001 -0.000001 0.000002 1.166567 0.138148 0.558475 0.192473 -0.119216 -0.264246 -0.025298 0.344866 0.234297 -0.000001 0.000001 -0.000000 -2.103192 0.143032 0.417505 4.103817 0.698887 0.325761 0.795591 -0.870706 -0.113480 0.000000 -0.000001 0.000000 
-0.008742 105.973801 -1.242708 -0.817974 1.549087 -1.580260 -1.508468 0.167900 -0.668408 3.953266 -0.565562 0.911153 -2.823337 -0.800162 0.196604 2.850456 -4.567073 4.316629 -0.000000 0.000001 -0.000001 0.019003 0.566502 1.593560 -1.859456 -2.028203 3.581386 2.842553 1.899400 7.401546 -0.000001 0.000001 0.000001 0.520733 2.507821 0.022586 -5.444195 3.609604 1.141294 0.975269 -0.053955 -2.895833 -0.000002 -0.000000 -0.000002 1.174803 0.070746 0.909252 -1.035544 -0.257995 -0.386903 0.948936 1.183827 0.371388 0.000000 0.000000 -0.000000 -4.782075 0.357365 0.218861 5.467483 1.076523 1.400263 1.428889 -1.540623 -0.053243 -0.000001 0.000001 -0.000000 
0.096627 106.008293 -1.240510 -1.160865 1.628549 -1.753953 -0.443729 0.146704 -0.727241 4.121211 -0.571265 0.915210 -3.490900 -0.645736 0.358038 3.097241 -5.064558 4.696955 -0.000000 0.000001 -0.000000 -0.017521 0.030314 2.633068 -3.284272 -2.787724 4.422302 0.872431 2.672340 8.417202 0.000002 0.000005 0.000001 0.537045 4.012128 -0.183855 -6.873430 4.020222 1.482706 -0.640864 -0.617011 -3.037041 -0.000000 0.000001 -0.000000 1.882482 -0.034398 1.042690 -1.335205 -0.390388 -0.559961 0.888993 1.889758 0.591359 -0.000001 0.000000 -0.000000 -6.818011 0.624740 -0.278390 7.906220 1.425484 2.630027 0.821782 -1.624381 0.017766 0.000000 0.000001 -0.000000 
0.210410 106.068634 -1.265106 -2.769715 2.487849 -2.355842 3.142275 0.019990 -0.206642 2.873100 -0.691573 1.005939 -3.940227 0.240625 0.403192 2.100373 -6.514905 6.199982 0.000000 0.000000 -0.000000 0.168528 -3.899630 3.768810 -7.238071 -5.546426 5.939547 -0.793284 3.915007 11.394329 0.000001 0.000003 -0.000004 -0.012546 4.056773 -0.613356 -10.368360 5.360713 1.919624 -2.284416 -1.426469 -3.122011 0.000003 0.000002 -0.000002 1.375681 -0.221881 1.768849 0.483123 -1.007409 -0.733221 0.153849 1.369895 0.084834 -0.000001 0.000000 -0.000000 -7.407221 0.931033 -1.128348 9.556138 1.987642 5.255247 1.899441 -2.743617 0.369214 -0.000000 0.000000 -0.000000 
0.299421 106.125336 -1.283622 -4.423676 1.139736 -3.268638 6.177137 0.009670 -0.314437 3.122060 -0.597519 0.851884 -5.030591 1.004484 1.232518 2.392412 -7.194847 6.951462 0.000000 0.000001 -0.000001 0.072865 -6.432377 5.317760 -11.491932 -8.638456 8.471999 -3.183264 5.463478 14.258427 0.000002 0.000003 0.000001 -0.102154 8.267948 -1.414513 -14.809056 7.053865 2.417639 -5.901018 -2.833345 -4.268322 -0.000001 0.000002 0.000000 0.983602 -0.622672 2.980183 2.602777 -1.454075 -1.931103 -1.247427 2.675677 0.832127 -0.000000 -0.000000 -0.000001 -11.487524 1.716882 -2.768632 16.938746 3.329825 9.180287 3.634792 -2.882162 1.057357 0.000000 0.000002 0.000001 
0.372897 106.198914 -1.314649 -4.832419 -0.031107 -4.044579 7.432930 0.038103 -0.316645 2.780198 -0.540244 0.679364 -5.436896 1.681263 1.894967 3.771451 -7.666551 7.120646 -0.000001 0.000001 -0.000000 -0.037264 -8.248801 6.337950 -14.263219 -10.760944 10.895304 -4.441493 6.589754 15.848803 -0.000002 0.000004 -0.000001 -0.286778 10.436195 -1.382465 -19.247915 9.056303 2.423638 -6.632137 -3.881214 -4.529037 -0.000004 0.000003 0.000000 -0.230409 -0.840352 3.882556 4.016640 -1.577819 -2.700439 -1.690000 3.133293 0.957616 -0.000000 0.000001 -0.000000 -14.954889 2.359327 -4.218461 22.141127 4.501977 12.747078 4.560595 -3.936053 1.085125 -0.000000 0.000001 -0.000002 
0.465235 106.284882 -1.334849 -6.199600 -1.809701 -4.700860 9.182165 0.039937 -0.095608 0.580778 -0.248603 0.055778 -3.882483 3.132547 2.818877 4.986703 -8.296691 7.273019 -0.000001 -0.000001 0.000000 0.065430 -8.992416 7.983048 -17.362300 -14.256195 12.834951 -5.133865 6.917711 18.736039 -0.000001 -0.000000 0.000003 0.363136 15.331683 -2.796443 -24.682403 12.951488 1.996943 -7.768029 -4.333833 -8.851514 -0.000001 0.000002 -0.000001 -0.069106 -0.924094 4.078454 5.278919 -1.917886 -2.933708 -2.506857 4.351243 1.594630 -0.000000 -0.000000 -0.000002 -17.195689 3.256605 -6.610837 26.701568 5.828267 16.583942 4.706430 -8.231519 -0.437333 -0.000002 -0.000001 -0.000001 
0.558146 106.395782 -1.333766 -5.290498 -3.613219 -5.383069 9.845894 0.011096 0.217469 -0.529404 0.013499 -0.687109 -3.462819 4.535399 3.838743 4.569912 -9.033069 7.491335 -0.000000 -0.000001 0.000001 0.263917 -10.241971 9.976743 -20.507523 -17.583776 15.271080 -5.833787 7.737269 22.383157 -0.000000 -0.000001 0.000001 0.979990 19.243681 -5.173752 -30.695874 16.577216 1.797780 -10.816779 -4.509335 -11.784008 0.000003 0.000000 0.000004 -2.397563 -1.024108 4.702441 6.473919 -2.195095 -3.480335 -2.409735 4.985356 1.631175 -0.000000 0.000001 -0.000000 -20.251572 4.066421 -8.534935 28.967211 6.662518 18.631429 6.181714 -13.197882 -1.764412 0.000000 0.000001 -0.000000 
0.656515 106.514442 -1.320991 -6.254539 -3.934759 -5.927883 10.474385 -0.057798 0.874761 1.187249 0.401219 -1.404700 -4.987888 4.744018 4.547481 3.788040 -9.807965 8.003736 -0.000000 0.000001 0.000000 0.320942 -10.175097 11.173073 -22.648583 -20.254803 16.635701 -7.241653 7.570846 24.922095 -0.000001 0.000001 0.000000 1.726438 22.050943 -7.012460 -35.199527 20.041850 1.089061 -12.438893 -4.303683 -13.424790 -0.000002 0.000004 0.000003 -1.518590 -0.893152 5.109802 6.171554 -2.108084 -3.472246 -2.460610 4.698896 1.435861 -0.000000 0.000000 0.000000 -19.940975 4.378815 -10.186500 28.924772 6.557945 19.563764 7.372641 -16.473153 -2.563795 -0.000000 0.000001 -0.000001 
0.757650 106.664459 -1.322982 -5.907552 -4.332928 -5.984731 6.838788 -0.015365 0.974953 2.453269 0.352440 -1.625329 -5.041971 5.940688 5.150493 6.116966 -10.988503 9.018875 -0.000000 0.000000 -0.000002 0.468804 -11.664487 12.986239 -23.860395 -21.169524 17.466576 -10.372713 7.291145 27.102879 -0.000000 0.000000 0.000003 1.612537 22.883280 -7.609994 -38.743579 20.870615 3.255480 -21.547918 -2.505800 -9.756586 -0.000000 0.000007 -0.000004 -0.630847 -0.491877 5.045258 4.706928 -1.864895 -3.286614 -1.857610 4.004873 0.834623 0.000000 0.000000 -0.000001 -18.963998 4.579954 -12.389322 25.701128 5.471937 18.557697 11.426427 -19.390477 -2.306955 -0.000001 -0.000001 -0.000003 
0.856662 106.781685 -1.330803 -6.903143 -3.375164 -6.197569 7.935346 -0.087799 1.357583 1.857032 0.170296 -1.409575 -5.326762 6.660795 5.196513 5.690207 -12.052659 10.668070 -0.000000 0.000001 -0.000001 1.166615 -13.540423 15.158268 -24.175537 -21.939633 19.456916 -16.658884 6.060853 30.089691 0.000002 -0.000001 0.000001 1.826948 22.811097 -10.396306 -44.415405 24.087574 4.281782 -24.936263 -2.545647 -13.148820 -0.000001 0.000002 -0.000001 0.827460 -0.098652 5.217522 4.223751 -1.911106 -2.990118 -1.363440 3.521990 0.541388 -0.000000 0.000001 -0.000002 -16.361151 4.432732 -14.718504 22.206055 4.480024 17.573325 14.933903 -20.740597 -1.633429 -0.000003 -0.000004 -0.000003 
0.953776 106.882263 -1.326437 -7.669011 -3.005365 -6.213761 8.556535 -0.094043 1.452263 1.644626 0.036404 -1.337669 -5.324152 6.994243 5.244662 5.520954 -13.030374 11.731886 -0.000000 -0.000000 -0.000000 1.626371 -15.565006 16.176707 -24.236803 -22.342589 21.697235 -21.610971 4.904088 32.670410 0.000001 0.000006 -0.000002 1.725167 23.036387 -11.896380 -49.383480 25.437069 6.709496 -26.007803 -2.941001 -15.764437 0.000002 0.000002 -0.000005 1.811798 0.261891 5.208106 4.263597 -1.809772 -2.801914 -1.645414 3.012704 0.374182 0.000000 0.000001 -0.000001 -15.439552 4.360225 -16.379224 21.002490 3.959047 16.373336 17.396084 -20.649839 -0.869286 -0.000001 -0.000003 -0.000001 
1.047717 106.966530 -1.347189 -7.016387 -4.228837 -6.097362 7.267280 -0.112013 1.416941 0.944509 0.093735 -1.478338 -4.227771 7.476492 5.625275 5.726247 -13.093649 11.765646 -0.000001 0.000000 -0.000000 2.365062 -16.525539 17.648546 -23.645423 -24.066525 24.691019 -25.684674 3.190955 37.742321 0.000000 0.000001 0.000000 3.157707 25.667069 -15.505578 -53.559775 31.025171 3.923279 -27.398646 -2.743611 -19.634142 0.000001 0.000000 0.000000 1.358190 0.155019 5.149587 3.404920 -2.002884 -3.635867 -1.507667 5.114890 1.538073 -0.000001 -0.000000 0.000000 -16.415465 5.094335 -18.012138 19.881593 3.809828 15.196853 20.429857 -18.492112 0.386760 -0.000000 0.000001 -0.000004 
1.137078 107.040359 -1.382552 -7.992603 -3.704921 -5.879618 8.354117 -0.090736 1.774602 -3.366305 0.161191 -1.606911 -0.738729 7.874974 5.995966 6.735930 -12.510994 11.165054 -0.000000 0.000000 -0.000001 1.444357 -14.069975 19.830756 -23.842847 -23.745364 24.432792 -33.737023 -0.150167 39.448120 0.000000 -0.000001 0.000001 3.336116 25.505123 -18.609409 -58.660403 34.538289 4.695999 -35.428058 -0.721804 -20.311792 -0.000001 0.000003 -0.000004 1.788375 0.212404 4.975887 3.995129 -1.834342 -3.625584 -1.839076 4.487538 1.353913 -0.000000 -0.000000 -0.000001 -14.852052 5.202991 -20.353057 19.376683 3.449231 15.078005 23.766687 -17.166497 1.496281 -0.000001 -0.000003 -0.000000 
1.218320 107.104019 -1.427061 -8.464173 -3.653073 -5.602659 8.848058 -0.052860 1.956172 -5.256554 0.204702 -1.690358 0.756044 8.008288 6.026808 7.085548 -12.366147 10.576585 0.000001 -0.000001 -0.000000 0.812985 -13.213394 20.628221 -23.321401 -23.507604 25.944692 -40.115033 -2.606833 40.201250 0.000000 0.000005 -0.000000 3.621699 26.404948 -20.595530 -61.861092 36.940631 4.653597 -39.537397 0.043339 -22.206716 -0.000001 0.000005 0.000000 1.930155 0.169919 4.791687 4.287065 -1.648536 -3.767038 -1.868342 4.429515 1.355731 0.000000 0.000000 -0.000001 -13.802129 5.287932 -22.077656 18.940383 3.168270 15.222043 25.994547 -16.351229 2.120514 -0.000000 -0.000003 0.000001 
1.285668 107.137184 -1.463186 -8.466289 -3.018313 -5.150282 8.231863 0.026418 2.363831 -3.029668 0.377841 -2.115344 -1.051762 8.752232 6.289562 6.966268 -12.830469 10.846811 0.000000 -0.000001 0.000001 0.125567 -13.091721 21.461887 -24.147143 -23.629145 27.111999 -47.006707 -4.916697 39.838362 0.000002 0.000003 -0.000006 3.249610 26.550702 -22.391325 -64.307023 38.281093 4.148398 -41.603430 0.281733 -25.219440 -0.000002 0.000003 0.000001 2.035936 0.200206 4.455571 4.436623 -1.824929 -3.813452 -1.382907 4.017020 1.032905 -0.000000 0.000000 -0.000002 -13.738371 5.590953 -23.840970 19.518626 3.413466 15.988563 27.447209 -14.132676 2.824424 0.000002 -0.000002 -0.000003 
1.338853 107.141304 -1.483220 -7.128515 -3.104182 -4.715502 7.507509 0.020478 2.784108 -1.427548 0.650804 -2.703249 -2.336002 9.296384 6.711703 6.114062 -13.105224 11.135695 -0.000001 -0.000001 0.000002 -0.571978 -11.516292 22.383799 -25.723483 -25.164504 27.839585 -52.438494 -6.658636 38.206490 0.000001 0.000001 0.000004 3.215941 26.186667 -24.891253 -69.092930 41.217333 4.548974 -39.266908 -0.247882 -29.781353 -0.000003 0.000004 -0.000001 0.966101 0.195758 4.041978 4.292108 -2.114304 -3.940819 -1.322682 4.261834 1.003447 0.000000 0.000000 0.000001 -15.151011 6.247238 -25.250014 19.960012 3.763119 17.099572 29.282787 -11.828001 3.804127 0.000000 0.000001 -0.000001 
1.378010 107.121941 -1.493685 -6.252984 -2.839772 -4.305713 6.877694 0.001634 3.121222 -0.940437 0.809783 -3.025646 -2.861785 9.506394 6.865498 5.983187 -13.038630 11.190907 -0.000002 -0.000001 -0.000001 -0.924500 -10.516587 22.853553 -25.909027 -25.691977 28.755742 -56.910502 -8.477481 37.394613 -0.000000 0.000003 -0.000000 3.508573 26.416423 -26.207975 -71.639771 43.136838 4.431991 -38.248028 -0.218503 -32.889512 -0.000001 0.000004 -0.000001 0.551283 0.271273 3.649262 4.238210 -2.269823 -3.840743 -1.394574 4.023479 0.881419 0.000000 0.000000 0.000000 -16.145896 6.691575 -26.206304 20.588769 3.989673 17.896667 30.208697 -10.104146 4.340934 -0.000003 0.000003 0.000002 
1.406204 107.057663 -1.495563 -6.474613 -2.270966 -3.473465 6.838741 -0.066478 3.444165 -0.749963 1.089222 -3.440146 -3.197621 10.215646 7.215013 6.054266 -12.625630 11.129644 -0.000001 0.000000 0.000001 -0.505302 -10.590725 22.947404 -23.755345 -25.176620 31.378661 -60.951331 -11.322883 37.977850 -0.000001 0.000003 -0.000001 3.974271 26.052365 -27.745994 -75.489914 45.469734 5.850848 -35.533424 -0.161410 -36.654569 -0.000003 0.000000 -0.000000 1.453399 0.486057 2.695587 4.267220 -2.417739 -3.560643 -2.351855 3.601003 0.866080 -0.000000 0.000000 0.000001 -15.945312 6.953461 -27.628255 20.713947 3.966914 18.867728 30.551607 -9.812144 4.509046 -0.000002 -0.000001 -0.000001 
1.431305 106.937477 -1.488170 -5.718557 -2.064425 -2.350740 6.666076 -0.076005 3.722960 -0.601214 1.429772 -4.026712 -3.454362 9.250587 7.242125 6.284596 -11.626314 10.552760 -0.000001 0.000000 0.000002 -1.166375 -8.340170 23.214350 -23.473593 -25.337801 32.244852 -64.151609 -12.996014 37.701524 -0.000000 -0.000001 -0.000000 5.447211 28.047885 -30.403375 -79.514829 48.365198 6.643391 -32.602556 -0.873121 -41.350191 -0.000000 -0.000001 -0.000003 1.518644 0.700771 1.500192 4.249418 -2.837535 -3.656257 -2.945819 3.886802 0.991210 -0.000000 0.000000 0.000000 -17.008435 7.701780 -29.186529 20.950731 4.446686 20.043619 30.651492 -9.975930 4.786483 -0.000003 0.000004 -0.000001 
1.451594 106.787666 -1.476705 -4.847486 -2.266661 -1.498957 6.055857 -0.075261 3.872066 0.250694 1.598004 -4.358543 -4.366399 9.868999 7.245417 6.120303 -11.412074 10.629864 0.000000 -0.000000 -0.000000 -1.633754 -7.600354 23.329320 -23.866038 -25.280465 32.421351 -66.074301 -13.621061 37.674623 0.000002 0.000003 -0.000000 5.429928 27.628914 -32.115327 -83.942950 49.141476 9.543326 -31.135253 -1.589796 -44.079012 0.000001 -0.000001 -0.000004 1.073282 0.804125 0.606233 4.347345 -3.068852 -3.961157 -3.025035 4.535005 1.259142 0.000000 0.000001 -0.000000 -17.593961 8.234291 -30.520471 20.893182 4.634662 21.071221 30.731586 -10.389457 4.920066 -0.000002 0.000002 -0.000003 
1.466205 106.562881 -1.467066 -3.384120 -2.781157 -0.198079 5.497282 -0.092377 4.000607 0.714158 2.040003 -5.159537 -5.170127 10.720831 7.243832 5.985225 -11.662331 10.820486 0.000001 -0.000000 0.000000 -1.487646 -8.216522 23.366104 -23.507775 -24.878505 33.313763 -65.512811 -15.072223 41.798774 -0.000001 0.000001 0.000001 5.331792 26.690774 -34.171184 -88.720346 49.962038 12.597474 -30.859355 -1.695068 -47.404402 -0.000001 -0.000002 -0.000002 -0.779093 0.870967 -0.773700 5.544165 -3.164033 -4.321651 -3.946663 5.167574 1.774825 -0.000000 0.000001 -0.000001 -18.174416 8.982778 -32.577946 20.268492 4.323430 22.553105 29.808158 -11.248483 4.598440 0.000002 0.000001 0.000002 
1.486238 106.264526 -1.450926 -2.131603 -3.483414 1.356746 6.896891 -0.097582 4.282452 -3.095848 2.831047 -6.280450 -3.048050 11.725412 7.600622 5.711184 -11.553416 10.594158 0.000000 -0.000001 0.000001 -1.748481 -8.257313 23.159365 -23.343888 -24.364775 33.901555 -64.201859 -17.275814 48.181650 0.000001 0.000004 0.000002 6.007082 27.945268 -36.334216 -90.089451 50.934766 12.410141 -33.198271 -0.126753 -51.110510 0.000000 0.000003 0.000001 -4.151092 0.995311 -2.389344 8.682612 -3.531649 -4.735845 -5.382520 5.995050 2.498616 -0.000000 0.000001 -0.000000 -19.178806 10.078668 -35.167886 20.614966 4.324933 24.446263 28.465993 -11.940133 4.166708 0.000004 0.000001 -0.000002 
1.508178 105.934464 -1.445338 -1.576208 -3.312315 2.377948 7.598865 -0.135360 4.845139 -4.545693 3.362436 -7.011669 -2.540558 11.889601 7.527339 6.001301 -11.553709 10.385545 0.000000 -0.000000 -0.000002 -1.876009 -7.610599 23.176589 -22.745413 -23.853681 33.994446 -62.668434 -19.544013 54.123973 -0.000001 0.000003 -0.000000 6.660313 28.560921 -37.545424 -91.873769 51.682187 13.369879 -36.716447 2.778848 -53.444854 -0.000003 -0.000000 -0.000002 -6.570399 1.121584 -3.492668 11.204246 -3.819259 -4.878895 -6.288337 6.036538 2.675810 0.000000 0.000000 -0.000002 -19.701286 10.946480 -37.254010 21.417974 4.502340 26.043113 27.196464 -11.784064 3.826448 0.000003 0.000000 0.000000 
1.540109 105.505524 -1.442708 0.814109 -3.728950 3.634179 6.577629 -0.214353 5.628385 -2.257316 3.852835 -8.009418 -4.364608 11.893593 7.257060 3.101363 -11.063603 9.464781 -0.000001 -0.000001 0.000001 -1.761650 -7.344835 22.835013 -22.802108 -24.810085 34.734025 -59.397961 -20.735630 60.745346 -0.000000 0.000001 -0.000005 7.556681 29.073995 -39.458348 -93.608747 53.500250 13.458758 -37.045805 3.791584 -56.203783 -0.000002 -0.000002 -0.000001 -11.643500 1.162643 -4.618505 15.192438 -4.267644 -5.552316 -8.336128 7.340304 3.817974 -0.000000 0.000000 -0.000000 -22.470846 13.058651 -39.655925 21.946386 4.607899 28.858997 26.250439 -12.180101 3.469440 0.000002 0.000001 0.000000 
1.576236 104.983803 -1.449648 2.977838 -4.579292 4.950904 7.847342 -0.266954 6.122296 -1.875401 4.431683 -8.805623 -5.544702 12.637525 6.840824 1.997230 -10.934497 9.210230 -0.000001 -0.000001 -0.000001 -1.411912 -7.647017 22.134066 -21.769840 -25.484156 36.411964 -54.892717 -21.590119 69.100853 -0.000001 0.000002 0.000002 8.347590 29.103774 -40.831878 -95.032691 56.225393 12.897508 -37.142688 5.049401 -59.024733 -0.000005 0.000001 0.000001 -17.604519 1.161556 -5.391585 20.078104 -4.684623 -7.022381 -10.171478 9.319031 5.548763 0.000000 0.000000 -0.000001 -25.238454 15.433173 -42.239092 22.018978 4.346714 32.157500 26.544622 -13.925683 3.189986 0.000002 -0.000002 0.000001 
1.610077 104.435020 -1.453613 4.293927 -5.209114 5.818111 8.875524 -0.287409 6.418912 -1.706792 4.765193 -9.317943 -6.504937 13.159203 6.656588 1.689900 -10.852302 9.140604 0.000000 -0.000000 0.000002 -1.055246 -8.396395 21.788966 -20.445164 -24.917778 37.868611 -51.531650 -21.910163 75.370270 0.000003 0.000002 0.000002 8.811070 29.434123 -41.285751 -96.121956 57.567676 12.824889 -37.205400 5.782493 -60.245096 -0.000002 -0.000001 0.000001 -22.180662 1.148243 -5.627245 23.693894 -5.092470 -8.615124 -11.934597 10.631312 6.887065 -0.000000 0.000000 -0.000001 -26.830322 17.088611 -44.296905 22.252065 4.234499 34.612728 26.650896 -14.852450 3.066990 -0.000000 -0.000001 -0.000002 
1.654214 103.765198 -1.467120 4.446370 -5.829788 6.969531 10.852864 -0.299685 6.620578 -1.351727 5.219211 -10.105315 -7.566237 13.051848 6.498486 0.845755 -10.689478 9.074101 -0.000001 0.000000 0.000002 -0.675590 -7.957577 21.230463 -19.399846 -25.422756 39.755639 -48.418320 -21.586675 80.566774 -0.000001 0.000001 0.000000 9.073799 28.735528 -42.339554 -97.952446 59.428889 13.285569 -36.425372 5.499109 -61.156858 -0.000001 -0.000001 0.000001 -26.354626 1.138980 -6.084366 28.490686 -6.410245 -10.906958 -15.066991 12.802256 9.088326 -0.000000 0.000001 -0.000002 -27.555469 18.790052 -47.128886 22.638730 4.744733 37.563950 27.664732 -14.304296 3.513712 -0.000000 0.000001 -0.000003 
1.708900 103.001740 -1.481348 4.948782 -6.488690 7.790745 12.315162 -0.302614 7.163549 -1.181487 5.509057 -10.431408 -7.886712 13.123399 5.913527 0.011259 -10.592453 8.840389 0.000000 -0.000000 0.000003 -0.707247 -7.298547 20.729400 -18.202085 -25.581270 41.503013 -46.683790 -21.272245 83.185523 -0.000001 0.000003 0.000001 9.432919 28.325635 -43.010862 -99.592942 61.733026 13.268497 -35.448347 5.362775 -61.782196 0.000001 -0.000002 -0.000002 -30.176974 1.022767 -6.290552 33.193620 -7.538067 -13.046539 -17.818025 14.506951 11.160961 -0.000000 0.000001 -0.000000 -28.422806 20.595438 -49.809660 23.015181 4.980027 40.799916 27.935841 -14.787716 3.527611 0.000003 -0.000001 -0.000001 
1.768026 102.235107 -1.502163 5.101243 -7.076123 8.339217 13.624673 -0.268279 7.503891 -1.420141 5.719902 -10.694467 -8.002753 13.108489 5.736199 -0.515718 -10.148611 8.334990 -0.000002 -0.000000 0.000002 -1.033804 -6.575807 20.545202 -17.724706 -25.077210 42.211689 -47.427215 -21.546306 82.399197 0.000001 0.000003 -0.000001 10.003256 29.101619 -43.602876 -98.981872 62.816970 11.717170 -35.147245 4.747755 -61.312593 -0.000003 -0.000002 -0.000002 -32.755890 0.928836 -6.481825 36.689010 -8.608884 -14.627214 -19.349613 16.003787 12.701376 -0.000000 0.000001 -0.000000 -29.311986 22.049980 -51.522835 23.479851 5.434892 43.056126 28.233002 -15.127658 3.680838 -0.000002 0.000001 -0.000002 
1.822215 101.414604 -1.524497 5.275983 -7.067018 8.680581 14.785258 -0.210450 8.106666 -3.056829 5.746178 -10.457250 -6.336270 13.935548 5.236787 -1.761515 -10.595047 8.353468 -0.000001 -0.000000 0.000002 -0.729438 -8.964962 21.026136 -16.805592 -22.968401 42.896115 -47.470467 -21.269658 83.039726 0.000001 -0.000003 0.000000 8.991404 28.243138 -43.312620 -99.319215 62.209868 11.810170 -35.967278 4.447897 -59.566906 -0.000001 -0.000000 -0.000003 -35.633053 0.937111 -6.811341 41.047617 -9.644668 -15.432712 -21.533776 16.329097 13.755726 -0.000001 0.000001 -0.000001 -29.585330 23.246496 -53.436682 23.738189 5.753485 45.402398 28.327776 -15.622576 3.766775 0.000002 0.000004 -0.000001 
1.884358 100.544075 -1.561041 4.921857 -6.992940 8.908884 15.490488 -0.167393 9.005655 -4.422271 5.691168 -10.158649 -5.134823 13.883025 4.527450 -1.090554 -10.385251 8.134975 -0.000002 -0.000001 -0.000001 -0.875009 -9.571610 21.122930 -16.302301 -20.993621 43.048698 -48.752924 -21.637754 82.273187 -0.000003 0.000003 -0.000000 8.426219 28.185267 -42.558212 -101.283516 61.019093 13.858030 -37.676874 4.544550 -57.162161 -0.000001 -0.000000 -0.000003 -37.641944 1.119658 -7.367600 45.195184 -10.587477 -15.625934 -23.016455 16.762392 14.610791 0.000000 0.000000 -0.000000 -29.819288 24.310306 -55.249878 24.595692 6.375984 47.549950 27.953864 -15.656342 3.727363 0.000001 -0.000001 0.000000 
1.940267 99.702148 -1.586287 4.250205 -7.156838 9.130493 16.261673 -0.122699 9.304508 -3.607962 5.542769 -10.079413 -6.075161 12.849252 4.052570 -0.045114 -9.952287 7.595083 0.000002 0.000000 0.000001 -1.381890 -8.505183 20.841209 -16.437178 -20.766541 43.183782 -50.061861 -21.965789 80.419207 -0.000002 0.000002 -0.000001 9.402117 30.035829 -42.571019 -99.747803 61.160027 12.210847 -37.565846 4.099623 -56.349850 -0.000003 0.000000 -0.000002 -38.979459 1.323589 -7.813817 48.659214 -11.352546 -15.770366 -23.962204 17.377765 15.470732 0.000000 0.000001 -0.000000 -30.717355 25.280154 -55.936159 26.091937 7.298090 48.368995 27.679386 -15.554853 3.661887 -0.000000 0.000001 0.000000 
1.985073 98.853615 -1.619819 4.591519 -7.564418 9.276818 16.356701 -0.105303 9.595573 -3.566001 5.551131 -10.109397 -6.094655 13.124549 3.900332 -0.119618 -9.886678 7.347570 -0.000002 0.000000 -0.000002 -1.983611 -7.922607 20.735280 -16.513924 -20.234698 43.482641 -51.883329 -22.349474 78.015370 0.000001 0.000005 0.000001 9.186562 30.278495 -42.444500 -99.956028 60.688888 12.177181 -38.232944 3.819011 -54.825833 -0.000001 0.000002 -0.000000 -40.812262 1.261985 -7.718342 50.764145 -12.052412 -16.458507 -24.656295 18.563283 16.526204 -0.000000 0.000000 -0.000000 -32.466935 26.603384 -56.113057 27.065125 8.114510 49.438043 27.706111 -16.198642 3.769584 0.000001 0.000002 -0.000000 
2.024695 98.029541 -1.656076 4.884582 -7.729450 9.503405 16.803671 -0.041845 9.786857 -4.384286 5.591250 -9.984684 -5.240916 13.176844 3.663426 -0.877025 -9.631811 6.968813 -0.000000 -0.000000 -0.000001 -2.400735 -7.506910 20.793901 -16.593694 -19.867115 43.815114 -53.600770 -22.422263 75.478023 -0.000001 0.000000 -0.000001 9.093903 30.469303 -42.469000 -99.977727 60.846248 11.694620 -38.215294 3.167689 -53.675257 -0.000004 -0.000000 -0.000002 -42.446327 1.182375 -7.699006 52.856409 -12.773951 -17.274872 -24.852162 18.939544 16.876795 -0.000000 0.000000 0.000000 -33.370412 27.586565 -56.703209 27.702641 8.714626 50.576113 28.046176 -16.582067 3.944659 0.000000 0.000001 -0.000001 
2.062413 97.260376 -1.693752 4.657421 -7.437542 9.696596 16.593909 -0.046189 10.182984 -4.412108 5.622574 -10.043900 -5.020226 12.879968 3.423125 -0.418280 -9.445912 6.801127 -0.000002 -0.000001 -0.000001 -2.584640 -7.792370 20.725698 -16.384466 -19.220144 44.086088 -54.965715 -22.821542 74.175930 0.000002 0.000004 0.000004 8.789785 30.660094 -41.850785 -100.242418 59.842129 12.436302 -39.168925 3.119988 -51.933740 -0.000002 -0.000002 -0.000001 -43.236709 1.330671 -8.061701 54.510609 -13.178678 -17.273367 -25.073742 18.884066 16.930280 -0.000000 0.000001 -0.000000 -33.017589 27.914169 -57.777888 28.032017 9.024858 51.527371 28.066128 -16.527886 4.025380 0.000004 -0.000003 0.000002 
2.091329 96.523514 -1.731972 4.054965 -7.697677 9.798672 17.539248 0.009699 10.121573 -4.614845 5.605751 -10.015404 -5.120784 13.040912 3.405178 0.068380 -9.539582 6.758703 -0.000001 -0.000000 0.000003 -2.823798 -7.799395 20.546860 -16.353102 -18.559113 44.365579 -56.743504 -23.054919 72.037049 0.000000 0.000000 -0.000001 8.391833 30.726388 -41.096678 -100.142806 59.025627 12.593962 -40.426957 3.052984 -49.885209 -0.000003 0.000006 -0.000002 -43.221273 1.311998 -8.046228 55.444464 -13.410789 -17.743081 -25.437158 19.092308 17.256143 0.000000 0.000001 -0.000000 -33.346356 28.253054 -58.031405 29.455809 9.795649 51.460390 28.300278 -16.047074 4.156304 0.000000 0.000001 -0.000000 
2.113839 95.816963 -1.777624 4.122686 -7.958159 9.799961 17.395419 0.024677 10.291411 -4.314282 5.521714 -9.983688 -5.238172 13.016098 3.409288 -0.311726 -9.306934 6.371289 -0.000001 -0.000000 -0.000003 -3.027471 -7.595642 20.560847 -16.499058 -18.174995 44.295580 -57.916384 -22.961575 70.167613 -0.000003 0.000000 0.000003 8.161023 30.663888 -40.926213 -101.204545 58.708474 13.490635 -39.556562 2.128600 -49.031708 -0.000000 -0.000001 -0.000003 -43.577242 1.284803 -7.809736 56.172698 -13.645322 -18.214926 -25.747508 19.472364 17.688931 0.000000 0.000001 -0.000000 -33.670295 28.615262 -58.439269 29.652501 9.904892 52.155758 28.601593 -16.154031 4.186290 -0.000002 0.000004 -0.000001 
2.123531 95.172890 -1.822041 4.751994 -8.089951 9.839284 16.746306 -0.010374 10.409596 -3.004856 5.595953 -10.319947 -6.202270 12.523638 3.559205 -0.547080 -8.916838 6.003686 -0.000002 0.000000 0.000001 -3.335548 -6.881307 20.336600 -16.770887 -18.527897 44.404890 -58.082850 -22.975763 69.976961 0.000001 -0.000002 -0.000001 8.580938 31.516392 -40.863687 -100.940101 59.194142 12.757308 -39.551512 2.056727 -48.820847 -0.000004 -0.000001 -0.000003 -44.356645 1.163086 -7.537034 56.521356 -13.891329 -18.741983 -26.109499 19.909405 18.144254 0.000000 0.000000 -0.000001 -34.233106 29.105212 -58.585285 29.887914 10.124486 52.642860 28.552783 -16.174880 4.179766 0.000000 0.000003 -0.000000 
2.123209 94.568787 -1.873022 4.056688 -7.748539 9.734608 17.632704 0.028693 10.721098 -3.595149 5.494296 -10.099936 -5.650270 12.590018 3.327715 -1.095361 -8.928196 5.900717 -0.000002 0.000000 -0.000002 -3.105806 -7.068154 20.218506 -16.448557 -18.274340 44.677722 -57.992220 -22.922458 69.847229 0.000003 -0.000001 -0.000004 8.414063 31.176231 -40.680706 -101.492342 59.289471 13.233980 -39.231978 1.811079 -48.415571 -0.000005 -0.000000 -0.000002 -43.950621 1.319349 -7.796637 57.301442 -13.989129 -18.229988 -26.508505 19.684122 18.093243 -0.000000 0.000000 -0.000001 -33.757346 28.974281 -59.009023 30.384431 10.429614 52.950393 28.201819 -16.122754 4.020744 -0.000000 0.000003 -0.000001 
2.114419 94.005859 -1.921839 3.810311 -7.823387 9.779288 17.705211 0.031293 10.881162 -3.045972 5.425879 -10.046074 -5.719832 12.445620 3.024989 -1.527616 -8.655224 5.881582 -0.000001 -0.000000 -0.000001 -2.964797 -7.384381 20.594111 -16.222526 -18.000571 44.465911 -57.432814 -22.865983 70.660342 0.000001 0.000001 -0.000001 8.250921 30.770771 -40.753379 -102.682161 59.160592 14.461539 -38.516601 1.488668 -48.746568 -0.000002 -0.000000 -0.000002 -44.498904 1.218060 -7.706508 58.244944 -14.348829 -18.564355 -26.475270 19.955571 18.346901 -0.000000 0.000001 -0.000001 -34.372859 29.352560 -58.782111 31.548794 11.201349 52.729241 28.284046 -15.469158 4.249564 -0.000003 -0.000001 0.000001 
2.104725 93.498268 -1.978962 4.194442 -7.854894 9.849148 17.707197 -0.006564 10.951784 -3.628226 5.591731 -10.208888 -5.508175 12.553757 3.243279 -1.548367 -8.482451 5.641703 -0.000003 0.000000 0.000000 -2.741579 -7.000279 20.340136 -16.077666 -18.381917 44.579798 -56.993311 -23.132531 71.370368 0.000002 0.000003 -0.000000 8.871498 31.309864 -40.805770 -101.785952 59.939008 13.426911 -38.283115 1.705386 -49.018943 -0.000004 0.000005 0.000001 -44.793415 1.280978 -7.743439 58.411621 -14.378943 -18.474253 -26.426395 20.065428 18.421631 0.000000 0.000001 -0.000000 -34.689814 29.605185 -58.872112 31.777086 11.228568 52.874441 27.836909 -15.100073 4.067729 -0.000001 0.000001 -0.000001 
2.075162 93.030891 -2.029909 4.181111 -7.823164 9.804667 17.803786 -0.027077 10.998095 -4.322531 5.598175 -10.048897 -4.864890 12.449878 3.127695 -1.781474 -8.212086 5.466056 -0.000001 -0.000000 0.000003 -2.456191 -6.848041 20.467147 -15.420443 -18.071946 44.639856 -56.360064 -23.445114 72.341177 -0.000001 0.000004 -0.000001 8.935617 31.079044 -40.403178 -102.598300 59.854088 14.587886 -37.894033 1.849573 -49.145687 -0.000003 -0.000004 -0.000002 -44.705477 1.300076 -7.799503 58.696972 -14.375690 -18.186803 -26.158055 19.900345 18.219757 0.000000 0.000001 -0.000002 -34.488275 29.590449 -59.067735 31.450439 10.989545 53.357168 27.844349 -15.151072 3.958916 -0.000000 -0.000000 -0.000001 
2.044151 92.611801 -2.075108 4.186278 -7.861838 9.775562 18.150668 -0.005895 11.159452 -3.801905 5.565254 -10.157442 -5.524851 12.550171 3.060903 -1.044441 -8.220554 5.440952 -0.000002 0.000000 -0.000002 -2.476153 -6.799662 20.558091 -15.268406 -17.445591 44.520044 -57.638361 -23.669488 70.708693 -0.000003 -0.000004 0.000003 8.597467 30.813155 -40.086305 -103.479429 59.138455 15.721620 -37.825622 1.514751 -48.437212 -0.000004 0.000002 0.000003 -44.797172 1.269132 -7.702988 58.685675 -14.492224 -18.208472 -26.294797 20.148052 18.394432 0.000000 0.000000 0.000000 -34.485529 29.564283 -59.029985 31.526316 11.150976 53.381374 28.106105 -15.319662 4.055941 -0.000001 0.000001 0.000001 
2.004778 92.225685 -2.129913 4.386540 -8.146003 9.767358 17.841434 -0.020579 11.119766 -3.473898 5.547166 -10.181678 -5.548444 12.972805 3.154614 -1.295020 -8.245032 5.372631 0.000000 0.000001 -0.000001 -2.265844 -7.569380 20.648591 -14.753089 -16.553389 44.780868 -58.237956 -23.606930 69.664863 -0.000002 0.000007 0.000005 7.971849 29.993512 -39.686961 -104.874795 58.421511 17.382652 -36.891498 0.863035 -47.875125 -0.000004 0.000001 0.000003 -44.804279 1.139407 -7.404979 58.397346 -14.363341 -18.469180 -26.717593 20.164831 18.703100 -0.000000 0.000001 -0.000001 -35.198502 29.789365 -58.584179 32.111892 11.290398 53.038178 27.881998 -14.663952 3.964314 -0.000004 0.000004 -0.000001 
1.961332 91.876541 -2.178487 4.730681 -8.160592 9.642228 18.297233 0.023219 11.073865 -3.987216 5.363786 -9.838956 -5.170698 12.764868 2.937497 -1.407179 -8.123538 5.211683 0.000000 0.000001 -0.000002 -2.340292 -7.390266 20.839167 -14.408315 -15.912737 44.962039 -58.335696 -23.747072 70.011679 -0.000003 0.000003 -0.000000 7.529123 29.365090 -39.550678 -107.498811 57.871558 19.875567 -36.416820 0.461650 -47.914672 -0.000002 0.000002 -0.000001 -45.192254 1.031318 -7.192756 58.509163 -14.459895 -18.423564 -26.970238 20.287670 18.834880 -0.000000 0.000000 -0.000001 -35.502207 29.888686 -58.364827 32.461577 11.595843 53.051210 27.400952 -14.165662 3.905765 -0.000001 0.000002 -0.000001 
1.909842 91.556580 -2.240201 4.072997 -8.054006 9.483169 19.172814 0.075574 11.078402 -4.755736 5.184378 -9.405684 -4.654878 12.282238 2.744742 -0.816985 -7.833977 5.035855 -0.000003 -0.000001 -0.000000 -2.439887 -6.585208 20.844151 -13.961401 -15.825733 44.906066 -58.384744 -24.042093 69.918891 -0.000004 0.000001 -0.000004 7.557811 29.219389 -39.309392 -109.670770 57.734517 22.022243 -34.923229 -0.030700 -48.208411 -0.000001 0.000002 -0.000001 -44.594520 1.015521 -7.229473 58.696617 -14.420000 -18.065717 -26.782761 20.216972 18.668425 -0.000000 0.000000 0.000001 -35.066130 29.542125 -58.233407 32.820473 11.801546 52.670300 27.307803 -13.777797 3.907563 -0.000000 -0.000001 -0.000001 
1.856568 91.273804 -2.291657 3.966500 -8.004462 9.446885 19.334112 0.082093 11.089218 -4.777360 5.111556 -9.295511 -4.553943 12.066588 2.669308 -0.867258 -7.721864 4.962432 -0.000002 -0.000001 -0.000003 -2.288627 -6.799576 20.882834 -13.547296 -15.374109 45.032622 -58.004528 -24.269913 70.794624 -0.000003 -0.000002 -0.000001 7.664276 29.355088 -39.228713 -110.113858 57.339083 22.726063 -34.424922 -0.203428 -48.390596 -0.000001 0.000000 0.000003 -44.601798 0.951462 -7.097849 58.954703 -14.595452 -18.191111 -26.703065 20.066134 18.492385 -0.000000 0.000001 0.000000 -34.805111 29.364455 -58.255524 32.919435 11.899160 52.586788 27.255009 -13.842289 3.898557 -0.000001 0.000000 -0.000001 
1.798217 91.012741 -2.344769 3.798202 -8.046713 9.503385 19.618202 0.087733 10.948991 -4.685591 5.016829 -9.144456 -4.564818 12.154206 2.503922 -0.660812 -7.754042 5.054175 -0.000002 0.000000 -0.000000 -2.237953 -6.643176 20.917840 -13.395779 -15.349392 45.055425 -57.998708 -24.487056 71.230479 -0.000006 0.000001 0.000002 7.242735 28.591710 -39.007822 -112.474911 57.157748 24.757998 -33.380828 -0.905338 -48.288611 -0.000003 0.000003 0.000002 -44.703537 0.817146 -6.974904 59.085754 -14.745936 -18.494272 -26.482378 20.257595 18.613056 -0.000001 0.000001 -0.000001 -35.064047 29.467830 -58.024943 33.090638 11.983773 52.472737 27.554259 -13.998795 3.931799 0.000001 -0.000001 -0.000001 
1.739655 90.783409 -2.393352 3.725793 -8.049973 9.495915 19.619693 0.090428 11.091088 -4.670732 5.072001 -9.236611 -4.488432 12.371821 2.580339 -0.793229 -7.831372 5.018035 0.000000 0.000000 -0.000000 -2.179162 -6.993929 20.826128 -12.955034 -14.508842 44.990149 -58.375714 -24.921731 71.346626 -0.000002 0.000002 0.000002 6.906165 28.141773 -38.753278 -113.227516 56.015262 26.077073 -33.261457 -1.074749 -47.624450 -0.000003 -0.000002 -0.000001 -44.542225 0.815345 -7.005662 59.003969 -14.613658 -18.323378 -26.644814 20.144636 18.597750 -0.000001 0.000000 0.000000 -34.913588 29.334300 -57.968826 33.588692 12.218952 52.153651 27.090144 -13.447997 3.879406 0.000002 -0.000001 -0.000001 
1.680794 90.573135 -2.442270 4.119649 -7.930907 9.463569 19.085507 0.058257 11.258296 -4.183283 5.079506 -9.311271 -4.723652 11.858382 2.540310 -1.079853 -7.536923 4.726919 0.000000 0.000000 0.000000 -2.380095 -6.159584 20.835019 -13.238084 -14.928895 44.698773 -58.616642 -24.980679 70.790321 0.000004 0.000003 -0.000004 7.077458 28.268353 -38.752168 -113.295018 55.938337 26.219851 -33.212604 -0.923001 -47.620957 -0.000000 -0.000001 -0.000004 -45.019522 0.824021 -6.979585 59.330910 -14.594202 -18.094428 -26.589061 19.954662 18.447972 -0.000000 0.000000 -0.000002 -35.516936 29.599919 -57.680524 33.953700 12.415676 52.097606 26.846347 -13.462311 3.811107 -0.000000 0.000002 -0.000002 
1.617450 90.383347 -2.492845 3.961978 -7.842552 9.433451 19.106168 0.061464 11.343428 -4.615221 5.009438 -9.181577 -4.387084 12.108836 2.490341 -0.827398 -7.591970 4.699165 -0.000000 -0.000000 -0.000001 -2.315367 -6.396750 20.789130 -13.106754 -14.619962 44.518432 -59.199667 -25.100539 70.035086 -0.000001 0.000004 -0.000001 6.898251 28.164056 -38.433311 -112.390838 55.061918 26.158279 -33.892608 -0.719097 -46.925247 -0.000003 0.000003 0.000001 -44.740215 0.826650 -7.000437 59.287784 -14.589467 -17.891027 -26.285406 19.819209 18.137967 -0.000001 0.000000 -0.000000 -35.443320 29.496172 -57.579806 34.058335 12.506828 51.950238 26.665018 -12.944042 3.831995 0.000001 -0.000000 -0.000003 
1.555395 90.213348 -2.543752 3.470151 -7.925282 9.441537 19.717148 0.093651 11.245199 -4.556107 4.980693 -9.074803 -4.459836 11.982437 2.408942 -0.571580 -7.559983 4.577064 -0.000001 0.000000 0.000001 -2.178177 -6.185470 20.820807 -12.789895 -14.910614 44.360429 -58.361863 -25.061784 70.562193 0.000001 0.000001 -0.000001 7.101385 28.005980 -38.599431 -113.240732 55.006433 27.259562 -33.007111 -0.577386 -48.004393 -0.000005 0.000001 0.000002 -44.250070 0.796583 -6.936837 59.076212 -14.377019 -17.960710 -26.373216 19.739112 18.232384 -0.000000 0.000000 -0.000000 -35.378625 29.342681 -57.369587 34.648716 12.573770 51.403549 26.531325 -12.696281 3.701766 0.000001 0.000002 -0.000002 
1.497614 90.061722 -2.595870 3.740005 -8.129161 9.457700 19.375413 0.071575 11.229376 -3.959645 5.060346 -9.251614 -4.829558 12.028063 2.528186 -0.353691 -7.483551 4.515715 -0.000001 0.000001 -0.000000 -2.028798 -6.544453 20.845285 -12.391017 -14.549230 44.466420 -57.786283 -25.088695 71.474870 0.000001 0.000002 0.000002 7.384262 28.356478 -38.722531 -113.415332 55.466122 27.193258 -32.645794 -0.639503 -48.280603 0.000003 -0.000006 -0.000002 -44.363349 0.690819 -6.763416 58.766538 -14.313039 -18.195124 -26.294015 20.123409 18.515803 -0.000000 0.000000 -0.000001 -35.657822 29.413267 -57.148818 34.637412 12.475413 51.327396 26.719936 -12.876916 3.670796 0.000001 -0.000004 0.000001 
1.448227 89.923264 -2.640377 2.995233 -7.641408 9.337436 19.547858 0.091219 11.603313 -4.003368 4.881209 -8.932403 -4.788445 11.419415 2.074782 0.521009 -7.226186 4.439682 -0.000000 -0.000001 0.000001 -2.164133 -5.925579 20.734766 -12.266899 -14.607512 44.480275 -57.794745 -25.539139 72.159282 -0.000000 0.000002 0.000002 7.017494 27.837032 -37.938873 -115.561664 53.769066 29.976792 -32.350132 -0.769027 -47.538875 -0.000000 -0.000001 -0.000004 -43.768996 0.808602 -7.069343 59.188186 -14.275024 -17.571572 -25.995278 19.521739 17.926373 0.000000 0.000000 0.000000 -34.596001 28.989075 -57.676638 34.172451 12.304062 51.667038 26.618139 -13.056450 3.667222 0.000001 0.000000 -0.000000 
1.403840 89.798340 -2.685674 3.219857 -7.759599 9.466547 19.378888 0.069528 11.506064 -4.725590 4.971364 -8.941715 -4.253535 11.572826 2.230740 0.513213 -7.032012 4.314141 -0.000002 -0.000001 -0.000003 -2.194629 -5.731444 20.678715 -12.279738 -14.821044 44.612193 -57.825748 -25.557414 72.080817 -0.000004 0.000002 0.000003 7.155629 28.014521 -37.941072 -115.462955 53.972708 29.832613 -32.377026 -0.721567 -47.457879 -0.000002 -0.000002 -0.000002 -44.161275 0.773284 -7.068852 59.191697 -14.318651 -17.771252 -25.889839 19.524212 17.896405 -0.000000 0.000001 -0.000001 -34.693639 29.136474 -57.738232 34.235681 12.328020 51.610856 26.725864 -12.927286 3.720847 0.000002 -0.000001 0.000000 
1.360439 89.688095 -2.734848 3.279490 -7.720220 9.417391 19.227351 0.069656 11.684445 -4.322814 5.056869 -9.165626 -4.611925 11.500503 2.366518 0.204631 -7.031061 4.276499 -0.000002 0.000000 -0.000001 -2.268734 -6.049455 20.741065 -12.413164 -14.548284 44.542385 -58.443818 -25.428861 71.171760 0.000003 0.000000 -0.000001 7.111208 28.295146 -37.912372 -114.425934 53.642830 29.106902 -32.882679 -0.735212 -46.746805 -0.000000 -0.000003 -0.000004 -44.080846 0.740351 -7.012533 59.074094 -14.280011 -17.735850 -25.918814 19.671696 18.008036 -0.000000 0.000001 -0.000000 -34.499169 28.986636 -57.734653 33.999128 12.220992 51.657967 26.930901 -13.214876 3.766113 0.000000 0.000002 -0.000002 
1.318471 89.583740 -2.781282 2.474257 -8.052716 9.359637 19.762852 0.109024 11.534465 -4.103699 5.014697 -9.151445 -4.703591 11.662090 2.445161 0.405427 -7.033816 4.275356 0.000001 0.000000 0.000004 -2.278681 -6.252069 20.710868 -12.299627 -14.224752 44.579695 -58.784433 -25.547004 70.892282 -0.000000 0.000002 -0.000003 6.998166 28.353654 -37.569063 -113.782646 53.354808 28.763658 -33.072172 -0.727286 -46.159672 -0.000006 0.000004 -0.000000 -43.499897 0.643511 -6.804357 59.174259 -14.425633 -18.168073 -26.158513 19.971319 18.367297 -0.000001 -0.000000 -0.000001 -35.102347 28.951502 -56.914102 35.494280 13.005119 50.439117 26.766135 -12.491066 3.887410 0.000001 0.000000 -0.000001 
1.285786 89.494385 -2.828951 2.435551 -7.997284 9.417831 19.666946 0.089681 11.609888 -4.229957 5.057037 -9.213461 -4.476367 11.527624 2.453865 0.379430 -6.957939 4.184623 -0.000003 0.000000 0.000000 -2.377842 -5.668853 20.423189 -12.387620 -14.627724 44.635706 -59.210316 -25.750544 70.158037 -0.000001 0.000002 0.000003 7.163046 28.585498 -37.300425 -112.736746 53.163170 28.234595 -33.705723 -0.214207 -45.733574 -0.000004 0.000001 -0.000004 -43.444750 0.713158 -6.866198 59.085883 -14.344304 -18.079866 -26.208247 19.859914 18.315340 -0.000000 0.000001 -0.000001 -35.093963 28.936096 -56.942707 35.672405 13.018464 50.241984 27.011948 -12.045115 3.990030 0.000002 -0.000002 -0.000000 
1.254409 89.415382 -2.880934 2.722935 -8.052530 9.451515 19.498356 0.068134 11.548626 -4.403770 5.150093 -9.296482 -4.312744 11.632997 2.549423 -0.030236 -7.050100 4.297031 -0.000001 -0.000001 -0.000003 -2.314015 -5.441961 20.385321 -12.377817 -15.028330 44.545660 -58.841246 -25.727840 70.295808 -0.000000 -0.000002 -0.000002 7.287659 28.522303 -37.309102 -112.619178 53.689863 27.997535 -33.655125 0.101007 -46.274928 -0.000003 0.000003 -0.000003 -43.533242 0.716871 -6.885024 58.493139 -14.175759 -17.981984 -26.126414 19.990610 18.355411 -0.000001 0.000001 -0.000000 -35.195507 29.030582 -56.951681 35.226735 12.762253 50.366983 27.148472 -12.320873 3.932790 0.000001 0.000000 -0.000001 
1.227133 89.340477 -2.933696 2.630565 -7.783155 9.454408 19.592749 0.086912 11.612264 -4.887949 5.078163 -9.139947 -3.897047 11.794885 2.395539 0.032500 -7.216417 4.414332 -0.000001 0.000000 -0.000002 -2.215097 -6.201011 20.627771 -12.386298 -14.534380 44.307161 -59.329994 -25.640347 69.726758 0.000001 -0.000002 -0.000002 7.022107 28.356271 -37.316540 -112.057709 53.516772 27.543247 -34.031151 0.007243 -45.972296 -0.000000 -0.000000 -0.000003 -43.623257 0.819172 -7.078601 58.833433 -14.170453 -17.651137 -26.089808 19.822233 18.195812 0.000000 0.000001 0.000000 -34.859366 28.926855 -57.215730 35.310668 12.848317 50.422874 26.438858 -11.981269 3.831948 0.000002 0.000000 -0.000000 
1.199901 89.276512 -2.980615 2.478753 -7.645284 9.517687 19.688575 0.097245 11.436394 -5.016397 5.064899 -9.104377 -3.886884 11.746839 2.500345 0.418604 -7.217719 4.513383 0.000000 -0.000000 -0.000000 -2.286533 -5.824293 20.607871 -12.814611 -15.016050 44.060963 -59.945736 -25.569165 68.715692 -0.000003 -0.000000 -0.000002 7.242658 28.712196 -37.469649 -110.942763 53.608027 26.656020 -34.835392 0.306480 -45.977821 -0.000003 0.000000 -0.000005 -43.583260 0.862603 -7.201028 58.981313 -14.309357 -17.640596 -26.192736 19.863259 18.214462 0.000001 -0.000000 -0.000000 -34.784927 28.911262 -57.253122 35.527133 13.047002 50.266641 26.386798 -11.793957 3.887083 -0.000001 0.000004 -0.000002 
1.180638 89.227310 -3.023043 2.456001 -7.752160 9.563255 19.809647 0.095867 11.347910 -4.635197 5.085542 -9.197665 -4.151855 11.869189 2.513915 0.715772 -7.292572 4.546967 -0.000001 0.000000 -0.000000 -2.112584 -6.093726 20.605356 -12.821752 -15.157144 44.192881 -59.705573 -25.442376 68.851005 -0.000001 0.000001 0.000001 7.088951 28.381970 -37.415035 -111.502087 53.661019 27.094281 -34.302754 -0.019474 -46.062318 0.000001 0.000003 -0.000005 -43.457058 0.886120 -7.242640 58.697642 -14.273214 -17.617245 -26.181596 19.961650 18.287586 -0.000000 0.000000 -0.000001 -34.936851 28.983816 -57.177074 35.514361 13.020833 50.257976 26.396909 -11.834648 3.829598 -0.000001 -0.000001 -0.000001 
1.165874 89.178909 -3.069795 2.836002 -7.816778 9.413293 19.565021 0.091507 11.453941 -4.178977 5.013480 -9.115961 -4.432640 11.533433 2.337655 0.553064 -7.088492 4.393711 -0.000002 -0.000001 -0.000001 -2.208744 -5.866166 20.880985 -12.581281 -14.892205 44.085415 -59.429414 -25.448778 69.227594 0.000002 0.000006 0.000003 7.248776 28.364840 -37.881667 -113.337748 53.995702 28.215153 -32.684378 -0.647838 -46.881500 -0.000001 -0.000002 -0.000000 -43.954364 0.760780 -7.021567 59.019234 -14.292174 -17.706726 -26.050056 19.892525 18.225959 -0.000001 0.000000 -0.000000 -35.313359 29.134066 -56.981854 35.114552 12.819226 50.638763 26.094722 -12.465070 3.733333 0.000004 -0.000002 -0.000000 
1.154874 89.137619 -3.113830 3.300603 -7.918575 9.403304 19.189367 0.079964 11.397678 -4.200197 5.093941 -9.206071 -4.411654 12.078649 2.465914 0.431228 -7.266245 4.596647 -0.000000 0.000000 0.000002 -2.048674 -6.517074 21.067949 -12.636580 -14.797489 43.850689 -59.318014 -25.467402 69.550095 -0.000000 0.000005 -0.000000 7.068329 28.074586 -37.952165 -112.609800 54.201270 27.511413 -33.703234 -0.126280 -46.992852 -0.000000 -0.000001 -0.000003 -44.328112 0.727858 -6.974538 58.886210 -14.223049 -17.659119 -26.207528 19.828538 18.284410 -0.000000 -0.000000 -0.000001 -35.775325 29.326462 -56.739532 35.124863 12.830690 50.528992 25.774183 -12.406029 3.674200 0.000001 0.000001 -0.000002 
1.144342 89.100456 -3.158236 2.993948 -7.835934 9.307871 19.961281 0.135839 11.342166 -4.718810 5.072979 -9.069897 -4.291751 11.913141 2.463643 0.396347 -7.121183 4.492480 -0.000002 0.000000 0.000001 -2.138795 -6.359968 20.999167 -12.700122 -14.995634 43.809841 -59.072066 -25.506160 69.890785 0.000002 0.000000 -0.000001 7.164702 28.103916 -38.153023 -112.918894 54.573283 27.507648 -33.324957 -0.211780 -47.410300 -0.000000 -0.000000 -0.000003 -44.157668 0.729560 -6.997966 59.102009 -14.215989 -17.527329 -26.176109 19.890167 18.296745 0.000000 0.000000 0.000000 -35.445311 29.141969 -56.790253 34.921152 12.768524 50.594179 26.075483 -12.819798 3.735285 0.000001 0.000002 -0.000002 
1.142056 89.077499 -3.209607 2.773422 -7.894242 9.340720 20.078784 0.130019 11.435994 -4.235682 5.086766 -9.158338 -4.606330 11.803450 2.456874 0.002340 -6.970036 4.316290 -0.000001 -0.000001 -0.000001 -2.155202 -6.008065 20.755937 -12.582362 -15.026128 43.878795 -59.186403 -25.644099 69.739995 0.000004 0.000001 -0.000006 7.194379 27.996259 -38.088441 -114.223057 54.044616 28.927033 -32.569245 -0.433115 -47.487160 -0.000003 -0.000001 -0.000005 -43.989062 0.742216 -6.947429 59.007111 -14.154175 -17.700452 -26.044126 19.714492 18.158664 -0.000001 0.000001 -0.000001 -35.028868 28.874177 -56.927376 35.079326 12.633932 50.222654 26.322649 -12.378044 3.770654 0.000004 0.000002 -0.000001 
1.145236 89.072769 -3.259130 2.828795 -7.814950 9.392113 20.036326 0.119763 11.473180 -4.219890 5.106789 -9.219257 -4.634758 11.904145 2.482587 0.256191 -6.995290 4.342697 -0.000002 0.000001 -0.000000 -2.011429 -6.490131 20.802028 -12.310909 -14.468873 43.956864 -59.368441 -25.691482 69.712449 0.000003 0.000001 0.000001 6.845801 27.529924 -37.883945 -114.957247 53.683815 29.632677 -32.333241 -0.761274 -47.016092 -0.000002 -0.000001 -0.000005 -43.759888 0.730084 -6.897611 58.497900 -14.074158 -17.931273 -26.018668 19.470494 18.027427 -0.000001 0.000000 0.000000 -34.753474 28.742221 -57.063116 34.618899 12.304709 50.229809 26.558269 -12.150833 3.836733 0.000002 0.000003 -0.000003 
1.148982 89.076347 -3.314288 3.438089 -7.755185 9.365802 19.561773 0.082102 11.476027 -3.894576 5.081613 -9.261210 -5.018786 11.925631 2.546333 0.371972 -7.100034 4.514678 -0.000000 0.000000 -0.000001 -2.002446 -6.527813 20.949855 -12.283093 -14.152931 43.956348 -60.077101 -25.772723 69.082432 -0.000001 -0.000001 0.000002 6.592932 27.215691 -37.906238 -115.812729 53.331111 30.343798 -32.123770 -1.191227 -46.870189 -0.000001 -0.000000 -0.000002 -44.069391 0.618634 -6.754635 57.864420 -14.111517 -18.113954 -26.010778 19.437576 17.968102 -0.000001 0.000001 -0.000000 -34.359936 28.631222 -57.344267 33.778714 11.939868 50.549219 26.700840 -12.536691 3.837486 0.000001 0.000003 -0.000003 
1.158112 89.098526 -3.365810 3.342527 -7.378828 9.443270 19.079534 0.057461 11.551843 -3.938857 5.187628 -9.453671 -4.796533 12.219447 2.830175 0.710995 -7.357408 4.737207 -0.000001 -0.000000 0.000002 -2.081829 -6.843266 20.843687 -12.759663 -14.451997 43.820786 -61.258403 -25.597828 67.211097 -0.000002 0.000004 0.000003 6.835326 28.171033 -37.559962 -111.869080 53.737411 27.064597 -34.413106 -0.234425 -46.111574 -0.000001 -0.000001 -0.000004 -43.770260 0.815464 -7.109994 57.790593 -13.928672 -17.549380 -25.759637 19.095080 17.590356 -0.000001 0.000001 0.000000 -33.974611 28.429027 -57.515520 33.916841 12.016883 50.247345 26.947463 -12.609839 3.903499 -0.000000 0.000003 -0.000003 
1.167937 89.136848 -3.413255 3.767120 -7.344906 9.349594 18.302848 -0.012070 11.649578 -3.362351 5.210835 -9.606635 -5.064803 12.253461 3.003899 0.635567 -7.348544 4.726330 -0.000000 -0.000000 -0.000003 -2.074967 -6.515170 20.832227 -13.029590 -15.045162 43.910241 -61.139175 -25.592808 67.198468 -0.000005 0.000002 0.000003 7.425812 29.162859 -37.536059 -109.484681 54.748505 24.627077 -35.224839 0.303848 -46.181948 -0.000002 0.000000 -0.000001 -43.843199 0.886574 -7.076015 57.562519 -13.766195 -17.248478 -25.864366 18.959565 17.512147 -0.000000 0.000001 -0.000002 -34.186859 28.329311 -57.154169 34.002973 11.965791 49.806422 26.974396 -12.394999 3.899011 0.000003 0.000001 -0.000000 
1.173541 89.186066 -3.465013 3.922026 -7.342176 9.284068 18.951724 0.031252 11.383973 -4.154875 5.157900 -9.394655 -4.627097 12.252737 3.115766 0.286153 -7.158930 4.566052 -0.000001 0.000000 -0.000002 -2.097175 -6.295866 20.941092 -13.116095 -15.321050 43.970343 -60.320256 -25.440464 68.075116 -0.000000 0.000003 -0.000004 7.861205 29.604290 -38.058774 -109.333830 55.869807 23.697925 -34.846522 0.327717 -47.167162 -0.000002 0.000004 -0.000001 -43.722602 0.844420 -6.955668 57.246640 -13.692688 -17.274310 -25.555648 18.908774 17.328227 0.000000 0.000000 -0.000001 -34.431380 28.260686 -56.742678 34.140325 12.020769 49.375680 26.755033 -11.865678 3.961368 0.000001 0.000001 -0.000001 
1.186548 89.254044 -3.517540 3.217160 -7.239389 9.167949 19.020554 0.034276 11.454282 -4.084127 5.100764 -9.311541 -4.617742 12.100731 3.111020 0.636546 -7.162080 4.549796 -0.000004 -0.000000 -0.000001 -2.044475 -6.245586 20.933261 -13.058223 -15.524842 43.800238 -60.099074 -25.589623 68.324766 0.000002 0.000005 -0.000006 7.887027 29.683647 -37.734251 -109.070328 55.679425 23.826297 -34.869017 0.530407 -47.111039 -0.000002 -0.000000 -0.000003 -42.726600 0.922565 -7.085441 56.853989 -13.500309 -16.957645 -25.787617 18.778050 17.322449 -0.000001 -0.000000 -0.000001 -33.980983 27.752467 -56.380138 34.397762 12.057109 48.585427 26.316630 -11.436735 3.890807 0.000003 0.000003 -0.000001 
1.205076 89.361801 -3.566866 2.755984 -7.224236 8.873136 19.075907 0.060488 11.599828 -4.081535 5.090720 -9.337658 -4.726869 12.595900 3.298803 0.852049 -7.436123 4.752520 -0.000003 0.000000 0.000001 -1.979229 -7.122236 20.971355 -13.230183 -15.127703 43.551151 -60.729227 -25.665903 67.969972 0.000001 -0.000002 0.000003 7.249139 29.159119 -37.023259 -108.208617 54.521135 23.767622 -36.619489 1.027798 -45.682672 -0.000002 0.000002 -0.000000 -41.717976 0.898479 -6.959846 56.044998 -13.162891 -16.649392 -25.300074 18.930262 17.214090 0.000000 0.000001 -0.000002 -33.304699 27.005689 -55.937019 34.431107 12.004033 47.821696 26.249266 -11.416400 3.934980 -0.000000 0.000001 -0.000001 
1.225821 89.486877 -3.615639 2.691443 -7.161291 8.540128 18.452267 0.054058 11.795213 -4.255124 4.901253 -9.087925 -4.312707 12.364726 3.202761 1.242221 -7.389005 4.601183 -0.000003 0.000000 -0.000001 -2.430046 -6.927327 20.928903 -13.783352 -14.885421 43.345876 -62.317922 -25.508332 65.964362 -0.000003 -0.000000 0.000002 7.106121 29.821395 -36.506682 -107.237494 53.195187 23.524382 -37.449852 0.878346 -44.494639 -0.000001 0.000003 0.000001 -41.378304 0.824591 -6.743970 55.866709 -12.784073 -16.272840 -24.847127 18.495585 16.837624 0.000000 0.000000 -0.000001 -33.090334 26.460721 -55.334392 34.946991 12.015758 46.959258 25.999812 -10.934396 3.923000 0.000002 0.000003 -0.000001 
1.250601 89.674385 -3.644985 2.088636 -7.407286 8.082291 18.541716 0.052641 11.792053 -4.206960 4.771533 -8.943623 -4.438972 12.668025 3.249288 1.624209 -7.544622 4.740656 -0.000002 0.000000 0.000001 -2.335422 -7.086543 21.158225 -13.598983 -14.535356 43.070312 -63.099077 -25.677611 64.974073 -0.000003 0.000001 -0.000005 6.332403 28.586852 -36.062012 -108.796123 51.822213 25.793987 -36.653076 0.451029 -44.021163 -0.000001 0.000000 -0.000006 -40.220774 0.733147 -6.493554 55.269126 -12.525000 -15.915674 -24.574170 18.470343 16.736556 0.000000 -0.000001 -0.000001 -32.800553 25.665566 -54.231839 34.958745 11.795427 45.851839 25.396131 -10.129829 3.873107 0.000004 -0.000001 -0.000001 
1.278889 89.952820 -3.662167 2.230569 -7.421537 7.505954 17.909487 0.005536 11.569377 -4.177174 4.683569 -8.776603 -3.901104 12.777982 3.378695 0.572525 -7.887251 5.110800 0.000000 0.000000 -0.000001 -1.809942 -8.168217 21.579513 -13.158251 -14.210314 42.969243 -61.712658 -25.851735 67.232318 -0.000003 0.000005 0.000001 5.936047 27.542191 -35.975419 -110.355592 51.785227 27.226777 -36.169400 0.507408 -44.770476 -0.000001 -0.000001 -0.000000 -38.844529 0.690257 -6.407100 53.676285 -11.800161 -14.754742 -24.549612 17.856239 16.301814 0.000000 0.000000 -0.000001 -32.110748 24.666492 -53.164331 34.484594 11.291117 44.644323 24.908858 -9.327496 3.788618 0.000002 0.000001 -0.000001 
1.300523 90.263763 -3.686887 2.087438 -7.156328 7.062667 16.936767 -0.071602 11.453233 -3.597985 4.617966 -8.758491 -4.047237 12.805124 3.609771 -0.011491 -8.341399 5.513343 -0.000001 -0.000000 0.000000 -1.523426 -8.852210 21.564960 -13.036492 -14.476550 42.936413 -61.098590 -26.019003 68.188743 -0.000000 -0.000001 -0.000003 5.691105 26.918581 -36.042130 -109.509277 51.895006 26.819335 -36.965458 1.125108 -44.757495 0.000001 -0.000001 0.000000 -37.561891 0.728527 -6.477357 52.606472 -11.227153 -13.573855 -24.643430 16.986698 15.662457 -0.000001 0.000000 -0.000000 -31.394247 23.757664 -52.229569 33.996553 10.819822 43.667735 25.675651 -9.960654 3.762137 -0.000001 0.000004 -0.000003 
1.324782 90.683647 -3.706090 1.604128 -7.203129 6.676398 16.290887 -0.126671 10.765418 -1.587089 4.599173 -9.027409 -5.789763 12.224237 4.155647 0.107252 -8.438106 5.840303 0.000000 -0.000000 0.000000 -1.683009 -8.143226 21.790527 -13.729481 -15.442641 42.002822 -61.774417 -25.661106 66.343403 0.000001 -0.000000 0.000003 6.290200 27.953348 -36.330992 -106.961165 52.206599 24.885712 -37.919626 1.950262 -45.450312 0.000003 -0.000001 0.000001 -35.702840 0.823597 -6.617519 50.701334 -10.526691 -12.380201 -23.717747 16.656864 15.151957 0.000000 0.000000 0.000001 -30.846644 22.501886 -50.475764 33.624991 10.255365 41.488724 24.915046 -9.101260 3.694411 0.000003 0.000002 -0.000000 
1.351193 91.211182 -3.693351 0.589826 -7.189397 6.061806 15.976975 -0.131706 9.961000 -1.215235 4.423759 -8.681010 -5.954717 12.014244 4.255014 0.124451 -8.417383 6.144137 -0.000000 0.000000 -0.000001 -1.629653 -7.921659 22.046751 -14.258177 -16.919704 41.028024 -60.425427 -25.440735 66.880905 -0.000001 0.000002 -0.000001 6.478456 27.624451 -36.681077 -107.201383 51.839756 25.721371 -37.248095 2.675165 -46.982744 -0.000000 0.000000 -0.000006 -33.706126 0.876061 -6.622030 49.288359 -9.770904 -10.937650 -23.420780 15.516725 14.219843 -0.000000 -0.000000 0.000001 -30.187104 21.078244 -48.356346 33.293491 9.792081 39.098086 24.106862 -8.928697 3.611444 0.000002 0.000000 0.000000 
1.378714 91.772316 -3.682108 0.072425 -7.149693 5.623903 15.644330 -0.158395 9.308260 -0.671345 4.273771 -8.545850 -6.514729 11.656157 4.497800 0.478956 -8.278608 6.223916 -0.000001 -0.000000 0.000001 -1.440515 -7.715275 22.133708 -14.488747 -17.625774 40.367186 -59.500653 -25.510374 67.790720 0.000003 0.000003 0.000001 6.448564 27.042432 -36.828400 -108.258116 51.292344 27.208192 -37.200851 3.297317 -47.868565 -0.000002 0.000000 -0.000002 -31.425670 1.022994 -6.719596 47.299804 -9.217336 -9.684802 -22.883236 14.676721 13.324529 0.000000 0.000000 -0.000000 -29.421101 19.913425 -46.862642 32.643363 9.379795 37.404906 23.889806 -9.031639 3.566363 0.000003 0.000002 -0.000000 
1.398617 92.438004 -3.653041 -0.718091 -6.545128 5.006820 14.401211 -0.234880 8.579461 -0.789944 4.010152 -8.135471 -6.307768 11.246940 4.741718 1.259042 -7.826619 6.447551 -0.000001 -0.000001 -0.000001 -0.815291 -8.679161 22.207568 -14.408486 -17.428075 39.418330 -59.422769 -25.312425 67.137447 -0.000001 0.000004 -0.000001 6.349772 26.814300 -36.351182 -106.522189 49.590192 27.374024 -38.393320 3.952808 -47.086569 0.000001 0.000003 -0.000005 -27.902612 1.123751 -6.677644 43.758379 -8.598765 -8.278875 -21.553044 14.021733 12.311506 -0.000000 -0.000000 -0.000000 -28.518953 18.402428 -44.765716 31.627898 8.900172 35.192393 23.858547 -9.939312 3.497750 0.000003 -0.000001 -0.000003 
1.421106 93.216965 -3.617470 -1.421479 -5.734288 4.192481 12.948831 -0.237868 7.783481 -0.617768 3.654300 -7.580712 -6.004308 10.618197 4.944136 2.238587 -7.759129 6.762233 -0.000001 -0.000000 0.000001 -0.968605 -9.135713 21.551451 -14.886816 -17.227180 38.200640 -61.344060 -24.483033 63.085007 -0.000002 0.000003 0.000004 5.477597 26.232778 -34.445791 -104.369238 46.093993 28.320985 -39.570226 3.858105 -43.722875 -0.000002 -0.000001 -0.000003 -23.520276 1.033438 -6.152123 38.440643 -7.603069 -7.147649 -19.287600 12.686133 10.564381 0.000001 0.000000 -0.000000 -26.911919 16.500632 -42.510128 30.042577 8.118910 32.899027 23.766186 -11.254537 3.303440 0.000000 0.000002 -0.000000 
1.445690 93.999115 -3.581813 -2.120937 -5.284678 3.574127 11.859742 -0.253007 7.289420 -1.335190 3.369896 -7.051554 -4.572418 10.282828 4.942345 1.375135 -7.713316 6.739476 -0.000000 0.000000 0.000002 -1.244184 -8.827039 21.065883 -15.626416 -17.377255 36.823626 -62.873606 -23.814687 59.971028 -0.000000 0.000006 -0.000002 4.845517 25.841391 -32.939048 -101.870858 43.269989 28.684093 -40.344507 3.419685 -40.440136 0.000000 0.000001 -0.000003 -20.128192 0.945075 -5.575035 34.230859 -6.914481 -6.544900 -17.766138 11.865493 9.504842 0.000001 0.000000 -0.000000 -25.712182 15.086723 -40.550061 28.821315 7.540317 31.060565 23.243472 -12.245563 2.976651 0.000000 0.000001 -0.000000 
1.466490 94.872520 -3.525982 -3.227142 -3.719554 2.528276 12.210127 -0.250966 7.043497 -4.372175 3.187488 -6.261943 -1.861552 10.082629 5.015803 2.692072 -8.033143 6.763630 0.000001 -0.000001 0.000001 -1.116215 -8.543341 19.842813 -15.497947 -17.321426 34.981995 -64.746314 -23.420603 56.056886 0.000003 -0.000001 -0.000001 4.380466 25.182655 -30.294232 -97.610377 41.580911 27.996339 -40.818119 2.934205 -35.982195 -0.000005 0.000001 0.000000 -16.136563 0.657738 -4.637057 29.797213 -5.670157 -5.303577 -15.237503 9.241108 7.337974 0.000001 0.000001 -0.000000 -24.458714 13.391551 -37.364710 28.319892 6.471934 28.456653 21.285822 -13.654926 1.686374 -0.000001 -0.000003 -0.000001 
1.483885 95.809036 -3.498842 -4.606402 -2.310665 1.607055 11.222755 -0.252396 6.426102 -1.290286 2.515066 -5.409633 -3.617562 9.443832 5.009145 2.934181 -8.284107 6.691068 -0.000001 -0.000000 -0.000002 -1.945595 -7.330364 17.968585 -16.377677 -17.493533 32.422362 -67.843101 -21.292044 48.257810 -0.000002 0.000002 0.000002 3.290179 24.109955 -26.976773 -89.991697 38.838979 25.268507 -43.386974 2.494467 -29.022437 -0.000003 0.000004 -0.000000 -11.480770 0.422821 -3.808811 24.988952 -4.681456 -4.062094 -13.567083 6.898299 5.387330 -0.000001 0.000000 -0.000001 -24.007505 11.961998 -33.361581 27.672383 6.071184 25.891482 19.223632 -17.593947 0.189760 -0.000001 -0.000000 -0.000000 
1.490068 96.738564 -3.482106 -5.091570 -1.641129 1.079876 11.747140 -0.229713 5.420824 -3.260541 2.436404 -5.090990 -2.015978 10.198140 6.050819 2.901257 -8.327204 6.970309 -0.000001 0.000000 0.000001 -2.344398 -6.821319 16.723957 -16.303305 -16.380578 30.512832 -71.067968 -19.255866 41.335314 0.000002 0.000003 0.000001 3.075324 25.146482 -23.911432 -80.123925 36.592189 19.998500 -48.721631 2.505110 -22.686098 -0.000002 -0.000000 -0.000003 -8.142194 0.251241 -3.117097 20.637637 -4.081478 -3.484423 -12.311515 5.800777 4.322393 -0.000000 -0.000000 0.000001 -24.210999 10.969367 -29.880660 28.037452 6.326017 23.687221 16.516284 -20.578754 -1.165338 -0.000000 -0.000001 -0.000001 
1.480421 97.661674 -3.455791 -4.343150 0.100338 0.529738 10.885629 -0.286694 4.847458 -0.959600 2.039629 -4.591724 -3.292706 9.626563 6.011048 1.461180 -8.820068 7.526578 -0.000001 -0.000000 -0.000003 -1.912841 -6.696684 15.663000 -16.634036 -16.292923 27.684954 -71.847880 -16.775160 35.240935 -0.000000 0.000003 0.000001 3.435809 25.818142 -22.302349 -73.072465 36.002692 15.539563 -51.733191 2.563485 -18.237949 -0.000004 0.000001 0.000001 -6.397915 0.143730 -2.135005 17.300318 -3.806643 -2.816870 -11.183555 3.732613 2.786379 -0.000000 0.000000 -0.000002 -24.519087 9.964414 -26.273506 29.137112 6.716405 22.739457 12.705559 -23.113276 -3.200855 -0.000003 -0.000001 -0.000002 
1.450302 98.551704 -3.409209 -4.344242 1.157210 -0.123450 10.349864 -0.304282 4.012835 0.288169 1.756222 -3.962177 -3.795836 8.720560 5.781117 0.765155 -9.334242 8.332989 0.000000 -0.000000 -0.000000 -1.324961 -7.443416 13.831473 -16.522351 -16.190875 24.660886 -70.485913 -14.482873 30.320839 0.000001 0.000003 -0.000001 3.558399 25.608724 -19.761937 -67.413810 34.523437 13.491569 -52.234541 2.217622 -13.284699 -0.000002 0.000001 0.000001 -4.941602 -0.081261 -1.103325 14.777415 -3.235622 -2.488087 -9.305940 2.360451 1.770663 -0.000000 -0.000000 -0.000001 -24.551397 8.655052 -22.086218 31.768316 7.277506 21.433525 8.225947 -21.074590 -4.148223 -0.000002 0.000002 0.000001 
1.415461 99.366585 -3.353862 -5.897239 1.655132 -0.589501 11.900657 -0.280814 3.536031 0.060206 1.808707 -3.771770 -4.157083 7.516295 5.754527 0.465217 -9.304280 8.974671 0.000001 -0.000000 0.000001 -0.638310 -9.574707 12.446598 -15.305798 -14.560034 22.453649 -69.318142 -12.627087 27.163230 0.000001 0.000001 0.000002 3.550861 25.727294 -17.517615 -62.130536 32.537956 11.961265 -50.556060 1.334344 -10.853652 -0.000003 0.000000 0.000000 -2.392785 -0.229967 -0.389709 12.908711 -3.182946 -2.425987 -8.474951 2.208694 1.506807 0.000000 0.000001 -0.000002 -23.228577 7.342511 -18.730336 33.423558 7.995378 20.182326 5.198524 -19.791091 -4.460335 -0.000001 -0.000003 -0.000000 
1.380579 100.122299 -3.306638 -7.051198 1.615511 -0.870342 11.002184 -0.291693 2.647413 1.053196 1.637983 -3.332576 -4.792279 6.513954 5.517202 0.311499 -9.178021 9.188409 -0.000000 -0.000000 0.000000 0.556204 -11.545635 10.957476 -15.687435 -14.668480 18.511925 -63.484197 -10.643984 25.607945 -0.000000 0.000003 -0.000001 2.982591 22.732377 -14.598515 -58.203860 29.297304 13.842309 -46.132679 0.004033 -5.206073 -0.000004 -0.000001 -0.000005 0.038241 -0.113063 -0.072786 10.977367 -2.976860 -2.184815 -7.825659 2.208854 1.397405 -0.000000 0.000000 -0.000002 -22.261391 5.967044 -14.818024 35.245955 8.360946 18.001146 4.383733 -16.583651 -3.598245 -0.000001 0.000001 -0.000000 
1.337522 100.810326 -3.260225 -7.765041 2.491084 -0.880515 9.945152 -0.378129 2.237716 2.222120 1.568528 -3.015713 -5.425624 5.398392 4.952307 1.069090 -8.518953 9.062526 0.000001 0.000000 0.000001 1.360994 -11.237738 8.967337 -15.823854 -13.816988 13.394609 -57.691685 -8.255514 22.492843 -0.000003 0.000005 -0.000000 2.731528 20.901813 -10.743004 -51.692354 25.675707 14.177566 -42.678505 -1.448548 1.827555 -0.000003 -0.000002 -0.000001 2.043978 -0.069577 0.089300 9.735315 -2.800876 -1.827375 -7.274434 1.680746 1.208942 0.000000 0.000000 -0.000000 -21.075860 4.599553 -10.685845 36.729875 8.255346 15.238801 2.301939 -12.744033 -2.931969 -0.000002 -0.000000 -0.000002 
1.299982 101.397255 -3.188443 -7.343734 3.651314 -1.139062 8.680560 -0.467559 2.212902 3.959993 1.248459 -2.426844 -6.422457 4.870606 4.412556 1.061421 -8.095416 8.907213 -0.000000 -0.000001 0.000001 2.322178 -11.550837 7.082174 -14.308697 -12.869176 9.651908 -54.946799 -8.550758 19.853663 -0.000002 0.000003 -0.000000 3.175343 19.669862 -8.400261 -46.954767 23.612485 15.075465 -39.543165 -0.681893 7.017257 -0.000003 -0.000005 -0.000001 2.012554 0.036989 0.352078 9.907586 -2.613993 -0.994641 -6.858955 0.436484 0.751877 0.000000 0.000001 -0.000000 -21.070312 3.490691 -7.275244 37.678240 7.591022 12.676758 0.107996 -9.863768 -2.759295 -0.000001 0.000000 -0.000000 
1.262099 101.874619 -3.088680 -7.453830 5.704892 -1.585585 8.351563 -0.506028 2.805753 4.807100 0.821819 -1.616768 -6.392135 2.687258 3.456621 0.517594 -7.054298 7.764724 0.000000 -0.000000 -0.000001 2.108801 -11.157048 5.477221 -15.870037 -13.154340 5.789111 -47.097440 -6.106841 17.593553 -0.000001 -0.000000 0.000002 2.560940 17.849726 -5.800663 -42.466903 21.203854 15.215139 -32.367782 -0.159617 2.201287 -0.000004 0.000002 -0.000001 1.464996 -0.217258 1.007503 11.191031 -2.395850 0.206782 -7.238562 -0.858981 0.362709 -0.000000 0.000000 0.000001 -20.513889 2.417850 -3.534207 38.235710 6.880416 9.845795 0.761875 -7.416080 -1.946777 -0.000002 -0.000001 -0.000001 
1.225252 102.290443 -3.002177 -5.033302 7.314473 -1.521105 8.723162 -0.506558 2.679067 2.599406 0.471185 -0.970499 -5.144035 1.131215 2.577866 -1.639611 -6.535618 6.698864 -0.000000 -0.000000 0.000001 2.100750 -12.344564 4.015406 -19.249326 -14.608267 1.462447 -37.358666 -4.487331 17.741428 0.000000 0.000006 -0.000002 2.635745 17.928243 -4.564247 -39.744154 20.729580 14.030692 -25.035240 0.374444 -3.367226 -0.000004 0.000002 -0.000001 -0.435159 -0.335259 1.295946 10.105034 -1.829938 0.439080 -5.990530 -2.718653 -0.772341 -0.000000 0.000001 -0.000001 -22.208422 1.930763 -1.011352 37.018830 5.852449 6.793621 -0.285914 -7.373833 -2.414024 -0.000002 0.000000 -0.000001 
1.204308 102.688721 -2.937243 -4.115908 8.031399 -1.067120 9.276692 -0.460914 2.299324 1.453182 0.304945 -0.651778 -4.814325 -0.027647 1.975232 -2.327529 -5.821491 5.866319 -0.000000 -0.000001 0.000001 1.611393 -12.303911 2.764120 -20.947000 -14.336842 -1.942001 -29.384451 -2.726127 17.766493 -0.000001 0.000001 -0.000000 2.338448 17.898393 -3.385040 -35.845919 18.847598 12.588139 -19.428760 -0.135690 -4.833117 -0.000002 -0.000002 -0.000005 -0.986105 -0.343409 0.899937 9.292407 -1.455833 0.481603 -4.944749 -3.464414 -1.264925 0.000000 0.000001 -0.000001 -21.739748 1.601514 0.080091 34.934133 5.079217 4.389428 -0.435206 -6.711978 -2.211362 -0.000001 0.000000 -0.000001 
1.160027 103.023308 -2.903601 -4.146739 8.276730 -0.378948 10.410151 -0.440350 1.027965 0.661150 0.186541 -0.472619 -4.394194 -0.685368 2.095559 -3.193262 -5.277585 4.949964 -0.000001 -0.000000 0.000001 1.484368 -11.963256 2.351697 -20.158853 -12.256156 -4.808279 -22.523838 -0.854452 16.077026 0.000001 0.000004 -0.000003 1.948722 16.556083 -2.011520 -30.699549 16.256388 10.553723 -14.854847 -0.765725 -5.104163 0.000001 0.000004 -0.000002 -1.693578 -0.322050 0.538488 9.128549 -0.960836 0.129320 -4.602689 -3.713171 -1.252337 -0.000001 -0.000000 -0.000001 -21.934857 1.501639 0.182134 34.112458 4.386257 2.916104 -1.581037 -6.239308 -2.636315 -0.000001 0.000000 -0.000001 
1.134706 103.333519 -2.896725 -3.340972 7.759423 -0.351048 8.828928 -0.344237 0.382781 0.993151 -0.029729 -0.109301 -4.175290 -0.876784 1.946927 -3.523062 -4.407067 3.959521 -0.000000 -0.000001 -0.000000 1.311751 -10.920592 1.583412 -17.620105 -10.358204 -5.616541 -15.789092 0.259164 13.101249 0.000004 0.000003 -0.000001 1.575120 14.385341 -0.142449 -25.372230 14.321328 7.863166 -9.992541 -0.721093 -4.752499 -0.000003 0.000000 -0.000000 -3.711507 -0.441679 0.587282 10.289273 -0.806668 -0.350039 -4.471567 -3.629192 -1.210110 -0.000000 0.000001 0.000000 -18.870699 1.216335 0.496863 29.623965 3.597978 1.996703 -3.044633 -5.857316 -2.920547 0.000001 0.000000 -0.000000 
1.126598 103.627365 -2.897319 -3.159098 6.999561 -0.266495 7.777076 -0.276489 0.074329 1.051316 -0.001518 -0.098366 -3.916590 -0.773426 1.932390 -3.287756 -3.777899 3.454508 -0.000001 0.000000 0.000001 1.154692 -9.550840 0.840152 -15.095756 -9.099223 -5.614518 -11.847337 0.289037 10.692428 -0.000001 0.000003 -0.000001 1.443780 12.797013 1.335199 -21.117072 12.933178 5.483778 -6.086107 -0.344559 -4.744937 0.000002 0.000004 -0.000002 -3.242922 -0.382240 0.517293 9.090369 -0.533011 -0.489789 -3.821496 -3.682993 -1.283360 0.000000 0.000000 -0.000001 -14.365971 0.878112 0.658451 23.856024 2.767397 1.171707 -3.072687 -4.727404 -2.447126 -0.000001 0.000000 -0.000000 
1.115940 103.901772 -2.881998 -2.565711 5.839139 -0.655663 5.033700 -0.164243 -0.039742 0.805367 -0.163529 0.211179 -2.787380 -0.616212 1.711812 -2.314204 -3.095565 2.941275 -0.000001 -0.000000 0.000000 0.701151 -6.902061 0.510865 -10.705889 -6.328065 -4.770385 -8.014403 0.223852 6.567613 -0.000004 0.000002 -0.000001 0.989336 9.674459 2.432780 -15.611999 9.785184 3.464727 -0.634225 -0.493262 -4.110339 -0.000001 0.000003 -0.000000 -0.557677 -0.174214 0.851984 5.287601 -0.242143 -0.282181 -2.617941 -3.675177 -1.377793 -0.000000 -0.000000 0.000001 -10.577489 0.527504 1.064468 18.498324 2.104272 0.522321 -2.126374 -3.347817 -1.759739 -0.000000 0.000001 -0.000002 
1.093538 104.167259 -2.860440 -2.715433 5.169558 -0.942829 2.794576 -0.075708 -0.262989 3.729431 -0.393847 0.572480 -4.305604 -0.666197 1.513399 -2.170890 -2.757408 2.471071 -0.000000 -0.000000 0.000000 0.368911 -4.974373 0.611537 -6.920790 -3.740530 -3.824936 -5.133627 0.099493 3.186403 0.000002 0.000003 0.000000 0.577120 6.909477 3.065445 -10.834266 6.531603 1.766584 2.498364 -0.975246 -5.421967 0.000003 0.000000 -0.000000 1.051304 0.021899 1.058549 3.336138 0.027395 0.063516 -1.301840 -3.463678 -1.412641 -0.000000 0.000001 0.000000 -8.368898 0.246442 1.457529 15.098125 1.554797 0.060834 -1.321754 -2.831886 -1.481532 -0.000001 0.000001 -0.000000 
1.066416 104.412956 -2.848165 -2.797952 4.630913 -1.059543 2.021123 -0.030879 -0.338510 5.042668 -0.447510 0.711408 -5.075595 -1.189168 1.315615 -1.927788 -2.071365 2.053236 0.000000 0.000000 -0.000000 0.079859 -3.288698 0.713731 -4.351284 -2.038142 -3.175381 -3.460299 0.096847 1.236919 -0.000004 -0.000001 0.000002 0.399173 5.743511 3.324381 -7.707097 4.450369 0.548569 4.093244 -1.457073 -6.235973 -0.000000 0.000000 -0.000000 1.127379 0.008337 1.045559 3.009469 -0.024346 0.240576 -0.785833 -3.116121 -1.356493 -0.000001 0.000000 0.000000 -7.049806 0.161348 1.664769 12.974691 1.442163 -0.162983 -0.842810 -2.745909 -1.228225 -0.000001 0.000000 -0.000001 
1.011761 104.628647 -2.832638 -2.974038 3.809349 -1.250778 1.516588 0.029593 -0.467519 6.250466 -0.512891 0.808687 -5.818156 -1.153321 1.140160 -2.106980 -1.776808 1.785289 -0.000000 0.000000 -0.000001 -0.118575 -2.746199 0.534504 -2.643862 -0.762182 -2.225581 -2.225514 0.346177 0.654028 -0.000000 0.000005 -0.000000 0.135339 4.397666 3.303720 -5.028957 2.469587 -0.524217 4.570521 -1.808697 -6.867726 -0.000001 0.000000 -0.000000 1.250312 0.080845 1.234101 3.068101 -0.133572 0.281836 -0.870793 -3.001057 -1.330666 0.000000 0.000001 -0.000000 -6.252820 0.002941 1.963844 11.354641 1.332188 -0.280516 -1.096301 -2.592209 -1.233032 -0.000001 0.000001 -0.000000 
0.940078 104.812286 -2.817308 -3.355786 2.672339 -1.338998 1.191868 0.051692 -0.628219 6.558281 -0.412299 0.640601 -5.619273 -0.712761 1.117585 -2.052490 -1.506750 1.657086 -0.000000 0.000000 -0.000000 -0.213613 -2.228861 0.214245 -0.972748 0.181643 -1.119869 -1.251170 0.522590 0.577266 0.000001 0.000003 -0.000000 -0.068340 2.542978 3.022986 -2.357450 0.734534 -1.416975 3.437167 -1.740396 -6.573654 -0.000001 -0.000001 0.000002 1.291747 0.007932 1.265825 2.978039 -0.180993 0.214318 -0.684271 -2.485721 -1.132132 -0.000000 0.000000 -0.000000 -5.148599 0.001173 1.986121 9.825965 1.236772 -0.120754 -0.639087 -2.359348 -0.924649 -0.000001 0.000001 -0.000001 
0.873396 104.978348 -2.811522 -3.240635 1.661208 -1.180770 1.190522 0.094822 -0.864468 6.214000 -0.357701 0.476392 -5.224239 -0.698772 1.132999 -2.328780 -1.004809 1.178048 -0.000000 0.000000 -0.000000 -0.549414 -0.834949 0.125116 0.140061 1.106380 -0.479535 0.281048 0.842783 0.507137 0.000000 0.000007 0.000000 -0.317918 1.785587 2.843227 -0.443701 -0.841541 -2.126801 2.817674 -1.757757 -5.770960 -0.000000 -0.000001 -0.000001 1.164376 0.053945 0.954246 2.585585 -0.177038 0.213520 -0.726508 -2.279744 -1.051525 0.000001 0.000000 -0.000001 -4.863205 -0.005818 1.680704 9.054628 1.145444 -0.047844 -0.579145 -1.806844 -0.680434 -0.000001 0.000002 -0.000002 
0.788473 105.116341 -2.803695 -2.937767 1.002645 -1.170740 0.721223 0.115310 -0.943321 5.892557 -0.262112 0.323080 -4.650567 -0.434979 1.139699 -1.859186 -0.757469 0.803213 -0.000000 0.000000 -0.000000 -0.504035 0.075433 -0.051175 1.364717 1.763538 -0.192274 2.341840 1.097202 1.538110 -0.000003 0.000003 -0.000000 -0.365548 0.265807 2.556364 1.540677 -2.000813 -2.766580 3.325458 -1.536041 -4.467426 -0.000000 0.000001 0.000001 0.390354 -0.046367 1.028413 2.947285 -0.249430 0.015606 -0.656809 -1.815168 -0.858058 -0.000000 0.000000 -0.000001 -3.826940 0.001355 1.686773 7.110374 0.924007 -0.017857 -0.150121 -1.636828 -0.674445 0.000000 -0.000001 0.000000 
0.688167 105.231644 -2.803992 -2.646096 0.844729 -1.116808 0.689046 0.104941 -0.978267 5.614827 -0.204315 0.215255 -4.453359 -0.448641 1.023992 -1.899740 -0.636563 0.459518 -0.000001 -0.000000 -0.000000 -0.401870 0.422014 -0.226162 2.251276 2.425374 -0.045646 3.005744 1.386601 2.519697 0.000000 0.000003 -0.000001 -0.323077 -0.203925 2.096151 2.811832 -2.897100 -2.887786 3.533479 -1.293154 -2.909731 0.000001 0.000002 -0.000000 -0.320041 -0.064157 1.128602 3.190796 -0.187576 0.020785 -0.201815 -1.909478 -0.966455 -0.000000 0.000000 -0.000001 -3.198129 -0.065581 1.672793 5.677889 0.573189 -0.005930 0.006963 -1.647821 -0.807499 0.000000 -0.000001 -0.000001 
0.588003 105.338821 -2.806804 -2.544640 0.727400 -1.016518 0.365683 0.133152 -1.115743 6.028914 -0.184514 0.179905 -4.514140 -0.423744 0.910022 -2.324551 -0.533409 0.295482 -0.000000 0.000000 -0.000000 -0.396491 1.014965 -0.394230 2.629752 2.534436 0.045443 3.842512 1.388002 3.358492 0.000002 -0.000001 0.000001 -0.259742 -0.504145 1.739479 3.554681 -3.287154 -2.633637 3.858673 -0.928740 -2.343054 -0.000002 0.000002 0.000000 -0.705861 -0.056731 1.184591 3.494587 -0.147133 -0.067808 -0.203961 -1.915087 -0.985565 -0.000000 0.000001 -0.000000 -2.706948 -0.087203 1.602341 4.889280 0.418487 0.019582 0.079224 -1.493339 -0.788164 -0.000000 0.000001 -0.000000 
0.476034 105.428261 -2.807903 -2.593393 0.854065 -0.991893 0.959302 0.083739 -1.083312 5.279564 -0.122088 0.113858 -4.162733 -0.871617 0.774660 -1.994659 -0.118020 0.058758 -0.000000 -0.000000 -0.000000 -0.327764 1.788543 -0.414513 2.857748 2.534488 -0.076933 3.977357 1.404313 3.778497 -0.000001 0.000001 0.000001 -0.134276 -0.189419 1.355693 4.026088 -3.424251 -1.873303 3.348294 -0.951499 -2.357560 0.000001 0.000002 -0.000000 -0.582967 -0.111251 1.292877 3.024752 -0.165959 -0.104175 0.278922 -1.850994 -0.958134 -0.000000 0.000000 -0.000001 -1.871813 -0.112602 1.763950 4.028034 0.305689 -0.108631 -0.094565 -1.388198 -0.826171 -0.000001 0.000001 -0.000000 
0.358971 105.513977 -2.810661 -2.231352 1.034383 -0.981605 0.423302 0.118695 -1.168657 5.111656 -0.096331 0.141719 -3.722270 -0.936268 0.617644 -2.005198 -0.156364 0.273008 -0.000000 -0.000000 -0.000000 -0.191392 1.378362 -0.703697 2.599583 2.030064 -0.123961 4.468463 1.283691 4.371927 -0.000002 -0.000001 0.000001 -0.033773 -0.491368 1.354746 3.796782 -2.913402 -1.159189 2.729640 -0.742011 -3.191068 -0.000001 0.000004 -0.000000 -1.223213 -0.202470 1.407840 3.097793 -0.163398 -0.140454 0.335492 -1.799527 -0.918894 0.000000 -0.000000 -0.000000 -2.399241 -0.082508 2.044796 3.758337 0.346276 -0.330724 0.044356 -1.673809 -0.847087 -0.000001 0.000000 -0.000001 
0.243697 105.591797 -2.811298 -2.241191 0.851219 -1.061391 0.467226 0.108224 -1.153176 4.959443 -0.090344 0.149231 -3.752392 -1.160036 0.563324 -1.806969 0.058486 0.170566 -0.000000 -0.000000 -0.000000 -0.103187 1.261333 -0.757739 2.404164 1.724951 -0.388339 4.597799 1.043776 4.926536 0.000002 0.000001 0.000000 0.079079 -0.590333 1.394346 3.774094 -2.726819 -0.888284 2.925262 -0.444760 -3.577962 -0.000000 0.000002 -0.000000 -1.389822 -0.197610 1.526717 3.138995 -0.135170 -0.087436 0.399995 -1.792233 -0.932462 0.000001 0.000000 0.000000 -2.267348 -0.137590 2.243902 3.304396 0.316260 -0.500469 0.474286 -1.589646 -0.680718 -0.000001 0.000000 -0.000001 
0.130134 105.660400 -2.814427 -2.394875 0.484445 -0.934608 0.632534 0.118399 -1.249790 4.911258 0.011435 0.032032 -3.572409 -1.158023 0.584696 -1.791709 0.288990 0.089222 0.000000 -0.000000 -0.000000 0.008493 0.988492 -1.064508 1.776420 1.090207 -0.444911 4.182060 0.930657 5.307883 0.000000 0.000005 0.000000 0.183129 -0.363327 1.442680 3.812838 -2.588648 -0.626096 3.085201 -0.496396 -4.019738 -0.000002 0.000000 0.000000 -1.435155 -0.246233 1.378366 3.021754 -0.123961 -0.069520 0.680764 -1.299697 -0.698246 -0.000000 0.000001 0.000000 -2.026550 -0.103160 2.102454 3.444856 0.354530 -0.420569 0.656629 -1.395252 -0.488338 0.000000 0.000001 -0.000003 
0.007858 105.719551 -2.820428 -2.165083 0.357519 -0.964479 0.512897 0.127980 -1.255701 4.978750 0.035757 0.018785 -3.817076 -1.177657 0.563380 -1.116408 0.353873 0.009664 -0.000000 -0.000000 -0.000000 0.040864 1.044026 -1.022453 1.740123 1.089100 -0.584758 3.888656 0.989418 5.258846 0.000000 0.000007 0.000001 0.179372 -0.570446 1.416620 3.678966 -2.481993 -0.420977 3.165992 -0.634691 -4.115733 0.000001 0.000002 -0.000000 -1.666645 -0.309756 1.589845 2.903108 -0.072268 -0.332202 0.911370 -0.896734 -0.506786 0.000000 0.000001 -0.000001 -2.036513 -0.111299 2.261875 2.976800 0.316098 -0.433107 0.747716 -1.493245 -0.501135 -0.000001 0.000000 -0.000001 
-0.106644 105.764282 -2.831328 -2.196830 0.279715 -0.956250 0.784970 0.115397 -1.223828 4.777791 0.023375 0.053816 -3.713227 -1.111956 0.474581 -1.270798 0.413744 0.012707 -0.000000 0.000000 -0.000000 0.075554 0.742734 -1.019802 1.406639 0.849769 -0.644661 3.862159 1.060989 5.449860 -0.000002 0.000002 -0.000001 0.217730 -0.346026 1.280318 3.679767 -2.433345 -0.266224 3.189696 -0.635319 -4.169386 -0.000002 0.000004 -0.000001 -1.371496 -0.290952 1.562278 2.587455 -0.043536 -0.223062 1.213467 -0.897893 -0.496989 0.000000 -0.000000 0.000000 -1.695036 -0.124122 2.225982 3.086287 0.267659 -0.310935 0.473762 -1.447309 -0.525862 -0.000001 -0.000000 -0.000001 
-0.212562 105.801949 -2.839219 -2.331080 0.153723 -0.854796 1.340235 0.085241 -1.272034 3.111676 0.078835 -0.014467 -2.530172 -0.957692 0.564922 -0.962401 0.566856 -0.103539 -0.000000 -0.000000 -0.000000 0.163533 0.528179 -0.776828 0.969412 0.481762 -0.801432 4.004513 1.101849 5.456508 0.000001 0.000005 0.000000 0.158000 -0.812103 1.207898 3.469533 -2.156486 -0.408805 3.169700 -0.738997 -3.903991 -0.000000 0.000001 0.000001 -1.275887 -0.335226 1.420584 2.655654 -0.103833 -0.254119 0.984990 -0.564403 -0.280143 -0.000001 0.000001 -0.000001 -1.742386 -0.054693 2.155257 3.282072 0.318779 -0.312829 0.480128 -1.484958 -0.540660 -0.000001 0.000002 -0.000003 
-0.321881 105.832291 -2.851620 -2.007697 -0.018665 -0.880983 1.433692 0.085132 -1.294965 2.904840 -0.014265 0.121606 -2.397713 -1.030761 0.493070 -0.909582 0.680773 -0.254659 -0.000000 0.000000 0.000000 0.069351 0.510486 -0.826357 0.506041 0.162828 -0.508055 3.358306 1.062408 5.207627 -0.000000 0.000002 -0.000002 0.154098 -0.422328 1.295196 3.220992 -2.052180 -0.650454 3.028553 -0.677336 -3.668433 -0.000001 0.000004 -0.000001 -1.603997 -0.395642 1.470688 2.558668 -0.106596 -0.249438 0.969612 -0.351412 -0.199786 -0.000000 0.000000 -0.000001 -1.718638 -0.030232 2.222172 2.476346 0.297716 -0.339496 0.699789 -1.670714 -0.480802 -0.000000 0.000000 -0.000001 
-0.426381 105.858589 -2.867678 -1.993061 0.072825 -0.818072 1.555066 0.091506 -1.331628 3.246451 -0.008832 0.070025 -2.931322 -1.087432 0.553073 -1.029286 0.709596 -0.332620 -0.000001 0.000000 -0.000000 -0.107831 0.625254 -0.576417 0.814524 0.618824 -0.464024 3.104810 1.112166 4.458321 0.000003 0.000005 -0.000000 0.003427 -0.206680 1.149372 3.375827 -2.456774 -0.626533 3.124921 -0.908752 -3.343090 -0.000001 0.000004 0.000001 -1.897884 -0.409476 1.401556 2.842538 -0.107969 -0.155497 0.916519 -0.306651 -0.160670 -0.000001 0.000000 0.000001 -1.409010 -0.056942 2.184332 2.138181 0.202518 -0.335946 0.588368 -1.379686 -0.397979 -0.000001 0.000001 -0.000000 
-0.525579 105.883667 -2.881506 -1.712248 -0.047402 -0.782437 1.891224 0.064207 -1.247497 1.371799 0.042524 -0.011831 -1.371288 -1.081827 0.555359 -1.376561 0.696468 -0.350745 -0.000000 -0.000000 0.000000 -0.057780 0.431643 -0.525423 0.519418 0.437563 -0.337049 2.427943 0.998921 4.048946 -0.000001 0.000001 0.000002 0.064497 0.296236 0.952672 3.198907 -2.426586 -0.367653 2.735348 -0.957042 -3.396793 -0.000001 -0.000001 0.000001 -2.275970 -0.460001 1.352682 2.625336 -0.087945 -0.109670 0.733201 -0.035354 0.007117 -0.000000 0.000000 0.000000 -1.940252 -0.034969 2.164583 2.553214 0.186971 -0.360607 0.401655 -1.269871 -0.442047 -0.000001 0.000001 -0.000002 
-0.618608 105.910233 -2.897727 -1.605575 0.053773 -0.750481 1.901220 0.040421 -1.164572 1.340028 -0.002646 0.089565 -1.519751 -0.957552 0.434709 -1.531860 0.830484 -0.436762 -0.000000 -0.000000 0.000000 0.093703 -0.121614 -0.548120 0.186149 0.093770 -0.424616 2.444654 0.772859 4.015430 -0.000001 0.000007 -0.000000 0.099960 0.002856 1.003824 2.867245 -2.083880 -0.351004 2.523680 -0.749842 -3.616797 -0.000001 -0.000001 0.000001 -2.544348 -0.492448 1.347983 2.925398 -0.061982 -0.064736 0.305320 -0.274194 -0.024552 -0.000000 0.000001 -0.000000 -1.994093 -0.023789 2.146716 2.589041 0.102054 -0.364451 0.409521 -1.150385 -0.441144 -0.000001 -0.000001 -0.000001 
-0.705012 105.940338 -2.920536 -1.831703 0.004507 -0.736844 1.955635 0.021547 -1.062703 2.077348 0.077915 -0.013206 -1.986477 -0.814718 0.496710 -2.156723 0.964850 -0.453270 -0.000001 -0.000000 -0.000000 0.168415 -0.291881 -1.025552 -0.189103 -0.337840 -0.122044 1.945869 0.579853 4.158709 -0.000001 0.000001 0.000001 0.188051 -0.020186 1.232102 2.212370 -1.480706 -0.533255 2.639949 -0.623204 -3.847254 -0.000002 0.000001 0.000001 -2.679078 -0.518743 1.421013 3.213849 -0.064350 -0.196024 0.309926 -0.116485 0.056306 -0.000000 0.000000 -0.000001 -1.975527 -0.013636 2.140209 2.746257 0.138415 -0.337752 0.073499 -1.112102 -0.479171 -0.000001 -0.000000 -0.000002 
-0.786373 105.960930 -2.937248 -1.525702 -0.063441 -0.666120 1.816566 0.020106 -1.094250 1.893444 0.147709 -0.072495 -1.800714 -0.569363 0.555788 -2.134723 0.953446 -0.372306 -0.000001 0.000000 -0.000000 0.380886 -0.717683 -0.903925 -0.270732 -0.602524 -0.225618 2.053791 0.357186 3.938134 0.000001 0.000003 0.000000 0.340649 -0.054842 1.061392 2.198955 -1.246025 -0.445547 2.495782 -0.492235 -3.756521 -0.000002 0.000001 0.000001 -2.889821 -0.599228 1.453420 3.060154 -0.071261 -0.368705 0.568113 0.061731 0.089103 0.000000 0.000000 0.000000 -2.435311 0.067695 2.073348 2.725221 0.183593 -0.295644 0.051631 -1.070370 -0.416886 -0.000002 0.000001 -0.000001 
-0.861810 105.980820 -2.955911 -1.135970 0.078432 -0.638822 1.487831 0.013024 -0.948507 2.737134 0.127445 -0.024224 -2.385888 -0.675151 0.411861 -2.478915 1.008571 -0.385695 -0.000000 -0.000000 -0.000000 0.442868 -0.823474 -0.829601 -0.567017 -0.864901 -0.266493 1.620839 0.115459 3.824013 -0.000000 -0.000002 0.000002 0.458317 0.496007 0.878758 2.106901 -1.157080 -0.273355 2.143728 -0.294609 -3.852153 0.000001 0.000001 0.000000 -3.477648 -0.607839 1.389718 3.221909 -0.050084 -0.267460 0.787467 -0.041580 0.027286 -0.000001 0.000000 -0.000000 -2.848917 0.064510 2.053297 2.659763 0.131855 -0.318697 0.300046 -1.156266 -0.437180 0.000000 0.000001 -0.000000 
-0.931637 106.000214 -2.972284 -0.990805 0.112542 -0.609496 2.019868 -0.013630 -0.896116 0.880838 0.083672 0.055484 -1.096417 -0.918974 0.259923 -2.155703 1.012185 -0.430210 -0.000000 -0.000000 -0.000000 0.473841 -0.430482 -0.758737 -0.688833 -1.097541 -0.178539 1.821417 -0.066207 3.536566 0.000000 0.000001 0.000002 0.553947 0.696677 0.733190 2.113644 -1.063622 -0.157881 2.167347 -0.155908 -3.759471 0.000002 -0.000001 -0.000000 -3.472915 -0.610312 1.330011 3.213541 -0.152854 -0.167314 0.601349 0.063307 0.089079 0.000000 0.000001 -0.000001 -3.041491 0.105344 2.081038 2.589550 0.211827 -0.407731 0.440780 -0.975343 -0.336893 0.000000 0.000000 -0.000000 
-0.989018 106.015060 -2.986380 -0.801269 0.020494 -0.538946 1.879842 -0.013996 -0.791739 0.994845 0.087148 0.042614 -1.324153 -1.236625 0.181672 -1.973585 1.166135 -0.624892 -0.000001 -0.000000 -0.000000 0.389568 0.175778 -0.731054 -0.657050 -1.066796 -0.013340 1.429458 -0.203166 3.056839 -0.000001 0.000003 -0.000000 0.543195 0.904613 0.535578 2.030532 -1.063545 -0.093192 2.194829 -0.100818 -3.453166 0.000002 0.000001 0.000001 -3.487818 -0.578345 1.227661 3.209515 -0.142524 -0.160974 0.232617 -0.106507 0.042853 -0.000001 0.000001 -0.000000 -3.137271 0.125882 1.922451 2.671686 0.204940 -0.347892 0.429830 -1.050264 -0.406905 -0.000001 0.000001 -0.000001 
-1.035059 106.018303 -2.997797 -0.173583 -0.044770 -0.407068 1.612403 0.000348 -0.785697 0.664392 0.101841 -0.001477 -1.023937 -0.615828 0.246344 -2.475587 1.029146 -0.594103 -0.000000 0.000000 -0.000000 0.419849 -0.512164 -0.511074 -1.022461 -1.243714 0.069350 1.572854 -0.164260 2.404716 -0.000001 0.000007 0.000000 0.354786 -0.030625 0.413346 2.241532 -1.286214 -0.120984 1.885218 -0.130668 -3.068906 0.000002 0.000002 -0.000000 -3.859398 -0.621720 1.128734 3.232417 -0.129170 -0.303985 -0.041112 0.064348 0.140885 0.000000 0.000000 -0.000000 -3.727487 0.212010 1.792895 2.711046 0.259939 -0.383410 0.670941 -1.006340 -0.341469 0.000000 0.000000 0.000001 
-1.075788 106.025261 -3.007405 -1.028849 0.108929 -0.358863 2.825593 -0.066304 -0.645569 0.404722 0.125437 -0.033414 -1.302398 -0.582582 0.192932 -2.019733 1.056329 -0.620149 0.000000 -0.000000 -0.000000 0.518159 -0.970004 -0.722485 -0.957250 -1.387766 0.448665 1.813544 -0.289100 2.194226 -0.000003 -0.000000 0.000003 0.437163 -0.036402 0.490194 2.026193 -0.981437 -0.288789 1.479977 0.104549 -3.079388 0.000001 0.000001 0.000001 -3.512737 -0.559886 1.033950 3.686490 -0.126578 -0.290079 -0.281951 -0.164651 0.047493 -0.000001 0.000000 -0.000000 -3.638440 0.205893 1.754797 3.332874 0.321093 -0.412286 0.307072 -1.296451 -0.481716 -0.000002 0.000000 -0.000001 
-1.103486 106.032524 -3.022807 -0.528843 0.066443 -0.245682 2.031652 -0.049403 -0.511964 0.346346 0.179285 -0.142850 -0.812959 -0.652582 0.154042 -2.199442 1.169978 -0.747715 -0.000000 -0.000000 -0.000000 0.492571 -1.081005 -0.945737 -1.152263 -1.486035 0.834575 1.413299 -0.217582 2.027815 0.000002 -0.000004 0.000003 0.400898 0.214741 0.364588 1.941088 -0.995716 -0.255438 1.381684 -0.052764 -2.976535 0.000001 0.000001 0.000000 -4.135059 -0.558771 0.867382 3.577671 -0.181309 -0.340515 0.121133 0.116702 0.117225 0.000000 0.000001 -0.000001 -4.222559 0.235528 1.626476 3.248934 0.357203 -0.481611 -0.005401 -1.067793 -0.495322 -0.000000 -0.000000 -0.000001 
-1.122561 106.037720 -3.035942 -0.761454 -0.126752 -0.188810 2.267259 -0.057839 -0.371372 -0.125463 0.156481 -0.120903 -0.419787 -0.815485 0.034949 -2.145302 1.385309 -0.945098 -0.000001 0.000000 -0.000000 0.249515 -0.419907 -1.009226 -1.160856 -1.388055 1.124929 1.879148 -0.105201 1.475151 0.000001 0.000005 -0.000000 0.306778 0.666579 0.232416 2.066505 -1.290919 -0.289456 0.921531 -0.120761 -2.518601 -0.000002 -0.000001 0.000000 -3.868787 -0.527294 0.760191 3.275436 -0.148074 -0.374333 0.124190 0.189290 0.151585 -0.000001 0.000000 0.000000 -3.912441 0.223899 1.460607 3.163709 0.352148 -0.445741 0.002705 -0.974147 -0.424601 -0.000002 0.000001 -0.000002 
-1.131986 106.044861 -3.048519 -0.972908 -0.280452 -0.082583 2.055377 -0.081691 -0.292425 1.440035 0.251297 -0.249368 -1.734488 -0.807812 0.032215 -2.098309 1.450466 -0.917651 -0.000000 0.000000 -0.000000 0.400430 -0.413911 -1.216313 -1.166004 -1.695625 1.359827 1.451676 -0.399984 1.587205 -0.000001 0.000001 0.000001 0.441103 0.768204 0.172457 2.014033 -0.968431 -0.247196 1.185462 0.007659 -2.680532 -0.000001 0.000000 -0.000000 -3.604933 -0.496167 0.646521 3.188719 -0.112680 -0.490986 0.025801 0.261096 0.216485 0.000000 0.000000 -0.000001 -3.594455 0.217569 1.295299 2.971612 0.274561 -0.521301 0.195292 -0.977596 -0.427270 0.000001 0.000001 -0.000000 
-1.134478 106.041939 -3.058432 -0.925825 -0.023557 -0.063963 2.150959 -0.119827 -0.082680 0.873221 0.254765 -0.247744 -1.342138 -1.044486 -0.148621 -2.307255 1.457432 -0.832913 -0.000000 0.000000 -0.000000 0.454287 -0.115831 -1.297280 -1.247000 -1.952970 1.456853 1.592016 -0.572719 1.628667 -0.000002 0.000002 0.000002 0.552731 0.953106 0.114340 1.905088 -0.680660 -0.247658 1.338916 0.165674 -2.731466 -0.000001 0.000002 0.000000 -3.496599 -0.476476 0.634173 3.294949 -0.121348 -0.493913 0.152761 -0.092393 0.043614 -0.000000 0.000000 0.000000 -3.184078 0.183249 1.355127 2.402915 0.226086 -0.702248 0.462873 -1.165083 -0.477208 0.000000 0.000001 -0.000001 
-1.123707 106.035591 -3.066132 -0.777631 -0.144034 -0.041942 2.174792 -0.117386 -0.051734 0.501479 0.271799 -0.295841 -1.140822 -0.390577 -0.036306 -2.213235 1.144526 -0.649711 -0.000000 0.000000 -0.000000 0.430395 -1.001816 -1.139328 -1.418861 -1.871162 1.113142 1.316180 -0.374783 1.642984 -0.000001 -0.000004 0.000002 0.322883 0.143052 -0.182118 2.182514 -1.061820 -0.189912 0.891774 0.141481 -2.144644 -0.000001 0.000001 -0.000000 -3.453553 -0.505586 0.532932 2.996813 -0.094775 -0.519141 0.482024 0.218076 0.151197 -0.000001 0.000001 -0.000000 -3.263622 0.223521 1.299050 2.263812 0.253918 -0.767783 0.560129 -1.190009 -0.456466 -0.000001 0.000000 -0.000001 
-1.108861 106.030342 -3.070385 -0.587595 -0.151906 0.035457 1.943876 -0.114344 -0.100668 -0.010894 0.256127 -0.266105 -0.589210 -0.338507 -0.018927 -2.233689 1.162760 -0.625339 -0.000000 -0.000000 -0.000000 0.432699 -1.012283 -1.123407 -1.662311 -2.018086 0.980411 1.236912 -0.302758 1.605292 0.000000 0.000001 0.000002 0.298022 0.016489 -0.261280 2.137425 -1.049082 -0.157415 0.849749 0.104152 -2.033644 -0.000000 0.000003 -0.000000 -3.421757 -0.525545 0.382493 2.737805 -0.114128 -0.531829 0.454880 0.356774 0.219290 -0.000001 0.000000 -0.000001 -3.462869 0.274497 1.188041 2.349976 0.335585 -0.782102 0.441876 -1.040653 -0.354067 -0.000001 0.000000 -0.000001 
-1.081360 106.026070 -3.074588 -0.370508 -0.105994 0.016847 1.492811 -0.107736 -0.031527 0.963862 0.215839 -0.197929 -1.223983 -0.436067 -0.101526 -2.305768 1.217079 -0.671045 -0.000000 -0.000000 -0.000000 0.401335 -1.233624 -1.138522 -1.458123 -1.662914 0.885013 0.718145 -0.020679 1.495247 -0.000003 0.000001 0.000002 0.223910 0.075039 -0.298970 2.217490 -1.241014 -0.196764 0.713844 -0.120327 -1.498296 -0.000001 -0.000001 -0.000000 -3.139699 -0.499418 0.351413 2.146842 -0.063418 -0.458702 0.945029 0.106801 0.049575 -0.000000 0.000001 -0.000001 -3.457151 0.274016 1.082686 2.103535 0.308064 -0.756024 0.930322 -1.293794 -0.350206 -0.000000 0.000000 -0.000001 
-1.043912 106.020981 -3.075395 -0.410149 -0.263519 -0.006172 1.528052 -0.117354 0.031769 1.451017 0.209903 -0.143292 -1.632683 -0.290770 -0.134740 -2.240590 1.246809 -0.586507 -0.000000 -0.000000 -0.000000 0.520227 -1.341838 -1.105938 -1.736377 -2.046004 0.865335 1.325739 -0.122043 1.538838 -0.000001 0.000001 0.000001 0.349883 0.242810 -0.215454 1.926990 -0.817712 -0.164393 0.549605 -0.141642 -1.790249 -0.000002 0.000003 0.000000 -2.629532 -0.476639 0.272908 1.533223 -0.134884 -0.478277 1.194270 0.209142 0.064461 0.000000 0.000000 -0.000001 -2.918730 0.279081 1.043061 1.439924 0.347086 -0.892004 1.142826 -1.110636 -0.226022 0.000001 -0.000000 -0.000002 
-1.005346 106.017738 -3.075356 -0.153441 -0.414613 0.021539 0.931633 -0.081014 0.008482 2.143579 0.245041 -0.208734 -2.020475 -0.049877 -0.084009 -2.553321 1.182425 -0.521537 -0.000001 0.000000 -0.000000 0.450397 -0.954172 -1.272291 -2.038438 -2.130109 0.975963 1.621178 0.015648 1.295569 0.000000 0.000003 0.000002 0.261487 -0.183198 -0.107592 1.870364 -0.867015 -0.187318 0.780195 -0.227963 -1.657262 -0.000001 -0.000003 0.000000 -2.771617 -0.423781 0.226445 1.625761 -0.100891 -0.554749 1.196717 0.205473 0.067886 -0.000000 0.000001 -0.000000 -3.054630 0.247727 1.022265 1.411769 0.323114 -1.063982 1.079508 -0.788643 -0.172076 -0.000001 -0.000001 -0.000001 
-0.959441 106.022293 -3.074484 -0.625945 -0.066116 -0.013112 1.620778 -0.098215 0.088184 1.699503 0.201393 -0.161493 -1.909703 -0.546884 -0.137040 -2.418975 1.169788 -0.645563 0.000000 -0.000000 -0.000000 0.330135 -0.640312 -1.394414 -1.821742 -1.871371 1.078405 1.993098 0.025035 1.111279 0.000002 0.000003 -0.000001 0.349421 0.825414 -0.024803 1.984211 -1.097694 -0.160225 0.270780 -0.121668 -1.882229 -0.000002 -0.000001 -0.000000 -2.962354 -0.406974 0.265251 2.053374 -0.008524 -0.552720 1.202197 -0.103578 -0.073146 -0.000000 0.000000 0.000000 -2.716542 0.185464 1.059205 1.490233 0.213962 -1.073181 0.995790 -0.800442 -0.219965 0.000000 0.000000 0.000000 
-0.899752 106.035255 -3.080294 -0.686450 -0.112940 0.045575 1.971866 -0.095916 0.045231 0.842636 0.183204 -0.188598 -1.457401 -0.373984 -0.075158 -2.410200 0.979872 -0.569089 -0.000001 0.000000 -0.000000 0.229677 -0.707679 -1.475683 -1.629670 -1.592979 1.032391 1.802353 0.156511 1.125457 0.000001 0.000001 0.000002 0.198905 0.409309 -0.073492 2.122030 -1.377763 -0.232242 0.214328 -0.123384 -1.599847 -0.000001 -0.000001 -0.000000 -2.926873 -0.353225 0.122263 2.030846 -0.020339 -0.561052 0.980360 -0.183803 -0.115976 -0.000000 -0.000000 -0.000000 -3.166780 0.203643 0.878896 2.055655 0.306498 -1.056261 1.130695 -0.697390 -0.128769 -0.000000 -0.000001 -0.000000 
