HIERARCHY
ROOT Hips
{
	OFFSET 10.524628 107.211601 -0.883273
	CHANNELS 6 Xposition Yposition Zposition Xrotation Yrotation Zrotation
	JOINT Chest
	{
		OFFSET -1.450688 13.545708 -0.750668
		CHANNELS 3 Xrotation Yrotation Zrotation
		JOINT Chest2
		{
			OFFSET -5.291496 20.758728 0.376906
			CHANNELS 3 Xrotation Yrotation Zrotation
			JOINT Chest3
			{
				OFFSET -2.675528 14.460358 -2.561125
				CHANNELS 3 Xrotation Yrotation Zrotation
				JOINT Neck
				{
					OFFSET -3.386437 16.911530 -1.071522
					CHANNELS 3 Xrotation Yrotation Zrotation
					JOINT Head
					{
						OFFSET -1.211153 10.297409 1.524544
						CHANNELS 3 Xrotation Yrotation Zrotation
						End Site
						{
							OFFSET -1.221855 10.306503 1.452820
						}
					}
				}
				JOINT LeftCollar
				{
					OFFSET 1.999167 14.019165 1.127182
					CHANNELS 3 Xrotation Yrotation Zrotation
					JOINT LeftUpArm
					{
						OFFSET 14.438058 4.563171 -8.900517
						CHANNELS 3 Xrotation Yrotation Zrotation
						JOINT LeftLowArm
						{
							OFFSET 25.401798 20.401474 8.846234
							CHANNELS 3 Xrotation Yrotation Zrotation
							JOINT LeftHand
							{
								OFFSET 21.163437 19.337219 8.895360
								CHANNELS 3 Xrotation Yrotation Zrotation
								End Site
								{
									OFFSET 4.625381 4.226288 1.944122
								}
							}
						}
					}
				}
				JOINT RightCollar
				{
					OFFSET -6.097075 12.507950 2.861011
					CHANNELS 3 Xrotation Yrotation Zrotation
					JOINT RightUpArm
					{
						OFFSET -16.577484 -5.801575 -0.158259
						CHANNELS 3 Xrotation Yrotation Zrotation
						JOINT RightLowArm
						{
							OFFSET -7.296232 -14.896988 29.403728
							CHANNELS 3 Xrotation Yrotation Zrotation
							JOINT RightHand
							{
								OFFSET 13.434632 22.711395 14.305880
								CHANNELS 3 Xrotation Yrotation Zrotation
								End Site
								{
									OFFSET 2.936255 4.963821 3.126667
								}
							}
						}
					}
				}
			}
		}
	}
	JOINT LeftUpLeg
	{
		OFFSET 9.960354 1.078545 0.217274
		CHANNELS 3 Xrotation Yrotation Zrotation
		JOINT LeftLowLeg
		{
			OFFSET 14.089401 -45.100525 3.379733
			CHANNELS 3 Xrotation Yrotation Zrotation
			JOINT LeftFoot
			{
				OFFSET 8.304173 -42.270096 -12.035327
				CHANNELS 3 Xrotation Yrotation Zrotation
				JOINT LeftToe
				{
					OFFSET 0.990620 -19.151154 13.849619
					CHANNELS 3 Xrotation Yrotation Zrotation
					End Site
					{
						OFFSET -1.925560 -6.237263 22.736485
					}
				}
			}
		}
	}
	JOINT RightUpLeg
	{
		OFFSET -9.960338 -1.078743 -0.217263
		CHANNELS 3 Xrotation Yrotation Zrotation
		JOINT RightLowLeg
		{
			OFFSET -20.490025 -42.635036 2.534603
			CHANNELS 3 Xrotation Yrotation Zrotation
			JOINT RightFoot
			{
				OFFSET -16.218351 -36.021652 -20.975821
				CHANNELS 3 Xrotation Yrotation Zrotation
				JOINT RightToe
				{
					OFFSET -9.126823 -20.206837 8.242661
					CHANNELS 3 Xrotation Yrotation Zrotation
					End Site
					{
						OFFSET -7.170998 -9.900604 20.251194
					}
				}
			}
		}
	}
}
MOTION
Frames: 166
Frame Time: 0.033333
-5.449472 105.462723 -1.111719 12.218494 -0.975836 -7.965637 -7.529341 -1.276395 -4.550906 5.507308 -0.110614 4.696250 -0.110549 -7.955238 -4.227548 -9.547942 -3.783364 7.098631 -0.000000 0.000001 0.000001 0.653639 3.151149 -32.685713 12.595183 -2.346675 -74.144927 25.363305 -2.936712 3.236515 0.000003 0.000002 -0.000001 13.011195 -9.847733 19.163359 41.091579 -4.168411 12.665076 66.972969 -29.335881 -0.809797 0.000003 0.000006 0.000001 -2.774465 -1.639207 -4.580664 -8.749407 2.280587 3.357255 -5.910128 4.770698 -2.397681 0.000002 -0.000000 -0.000001 -3.177867 3.035197 31.778121 -19.303631 1.263477 0.985318 -10.946982 4.100239 -1.930659 0.000001 -0.000000 0.000003 
-5.442835 105.462021 -1.107989 12.776145 -1.069590 -7.942279 -8.286049 -1.371463 -4.480875 5.278785 -0.161421 4.755742 0.343772 -7.914183 -4.387920 -9.857560 -3.909608 7.175172 -0.000001 0.000000 -0.000000 0.655363 3.211961 -32.928260 12.668161 -2.561624 -73.856106 25.614700 -3.055843 3.808680 -0.000001 -0.000000 -0.000000 13.071362 -9.852620 19.243325 40.916573 -3.996151 12.436966 66.913751 -29.474787 -0.855116 -0.000003 0.000005 -0.000003 -3.168283 -1.742194 -4.637053 -8.971079 2.261035 3.373908 -5.891486 4.812987 -2.297832 0.000000 -0.000001 -0.000000 -3.731520 3.015894 31.708183 -19.599433 1.254312 0.975965 -10.931042 3.906015 -2.142885 0.000003 0.000001 0.000004 
-5.436205 105.472046 -1.110513 12.863752 -0.958687 -7.990007 -8.687540 -1.421069 -4.424520 6.047329 0.031693 4.691285 -0.205251 -7.893676 -4.357962 -9.811016 -3.946581 7.190018 -0.000001 -0.000001 0.000000 0.613878 3.245407 -33.053440 12.738699 -2.327438 -73.753694 25.808315 -3.069719 3.602294 0.000002 0.000002 -0.000001 13.244847 -10.474793 19.738639 40.927132 -4.356194 12.298832 67.177438 -29.405757 -0.967573 -0.000001 0.000006 -0.000003 -3.532506 -1.854880 -4.643756 -8.481486 2.252918 3.384677 -5.990060 4.720321 -2.544378 -0.000000 -0.000001 0.000000 -3.826396 3.054067 31.619053 -19.509302 1.194353 1.149498 -11.059516 3.817523 -2.211754 0.000001 0.000000 -0.000001 
-5.429372 105.480064 -1.115507 12.613838 -0.925141 -8.008734 -8.023276 -1.346393 -4.450983 5.658164 -0.037779 4.729494 -0.082539 -7.999836 -4.325455 -10.223469 -3.959851 7.250960 -0.000000 0.000001 0.000001 0.680641 3.007510 -33.003939 12.747913 -2.207173 -73.694968 25.775607 -3.171296 3.541269 0.000002 -0.000005 -0.000001 13.130970 -9.860132 19.508128 40.783790 -4.287908 12.239986 67.418284 -29.503279 -0.699447 -0.000001 0.000004 0.000004 -3.284231 -1.814149 -4.593460 -8.479280 2.224527 3.288590 -6.101470 4.742423 -2.719417 0.000002 -0.000000 -0.000001 -3.468166 3.084992 31.585042 -19.539950 1.248587 1.197109 -10.832734 3.637564 -2.266248 0.000003 0.000002 0.000001 
-5.417823 105.486084 -1.118371 12.390277 -1.067844 -7.975992 -7.515058 -1.297557 -4.492477 5.844926 0.019863 4.687285 -0.382740 -8.112258 -4.240775 -10.426909 -3.922646 7.190078 0.000001 -0.000001 -0.000000 0.540898 3.500051 -33.176466 12.736740 -2.450436 -73.381497 25.627022 -3.229327 3.303963 -0.000001 -0.000000 0.000002 13.033400 -9.284496 19.297308 40.690671 -4.166726 12.175187 67.253669 -29.391834 -0.519555 0.000002 0.000007 0.000003 -2.979949 -1.804842 -4.647589 -8.601349 2.182668 3.296017 -6.089015 4.977598 -2.566057 -0.000001 0.000000 0.000000 -3.203490 3.143612 31.535325 -19.366093 1.197258 1.265014 -10.739600 3.685622 -2.215480 -0.000003 0.000004 0.000001 
-5.409204 105.486183 -1.121210 12.724087 -1.010422 -7.994250 -7.625828 -1.311121 -4.527078 5.861411 0.004548 4.739870 -0.531026 -7.784215 -4.283376 -10.625054 -4.122662 7.414889 -0.000001 -0.000002 -0.000000 0.748266 3.118284 -33.065786 12.775365 -2.545136 -73.373334 25.820731 -3.455938 3.540531 0.000000 -0.000000 0.000000 13.140896 -9.788412 19.484827 40.660581 -4.131824 12.084265 67.077184 -29.231318 -0.662693 -0.000001 0.000002 -0.000001 -3.237150 -1.883056 -4.609454 -8.450673 2.176947 3.231631 -6.113824 5.040323 -2.547537 -0.000001 0.000000 -0.000001 -3.522272 3.141979 31.564503 -19.215515 1.157740 1.265710 -10.906724 3.798214 -2.179943 -0.000003 0.000002 0.000001 
-5.399598 105.489067 -1.126513 13.116950 -0.921244 -8.060157 -8.030047 -1.358893 -4.420310 5.962048 0.049575 4.679957 -0.516681 -7.766349 -4.271561 -10.931310 -4.209743 7.497022 0.000001 -0.000001 -0.000000 0.945165 2.703585 -32.974910 12.684351 -2.978978 -73.319110 25.493544 -3.245749 3.652449 -0.000003 -0.000003 -0.000002 13.219764 -10.124057 19.532427 40.573089 -3.943429 12.064191 67.034946 -29.255592 -0.670215 0.000007 0.000002 0.000003 -3.716743 -1.939648 -4.540860 -8.443746 2.144210 3.196969 -6.122715 5.042758 -2.606673 -0.000000 -0.000001 0.000001 -4.097273 3.087633 31.601076 -19.064871 1.155351 1.306785 -11.034602 3.568140 -2.406831 -0.000001 0.000003 -0.000000 
-5.382741 105.488220 -1.127191 13.134269 -1.365469 -7.916842 -7.829715 -1.328839 -4.496249 5.064993 -0.118080 4.646337 0.168615 -7.468245 -4.217042 -11.103345 -4.179043 7.376589 0.000001 0.000000 -0.000000 0.700491 3.105986 -32.829683 12.589242 -2.717376 -73.650715 25.321072 -3.296058 3.318808 -0.000002 -0.000003 -0.000002 12.968827 -9.831040 19.138544 40.609347 -3.818862 12.323550 67.444922 -29.238698 -0.375729 0.000003 0.000003 0.000001 -3.376933 -1.886633 -4.664117 -8.853926 2.188447 3.174375 -6.251515 5.331274 -2.616987 0.000002 -0.000001 0.000001 -4.025629 3.069498 31.454425 -19.130474 1.136393 1.210568 -10.633603 3.828758 -2.090494 0.000000 0.000002 0.000001 
-5.369947 105.487854 -1.127863 13.016533 -1.158552 -8.018733 -7.626588 -1.325028 -4.431611 5.394309 -0.065299 4.695915 -0.253361 -7.878553 -4.226574 -10.944820 -4.101697 7.372592 0.000001 -0.000001 -0.000000 0.592144 3.651181 -32.831319 12.718622 -2.567211 -73.767874 25.383596 -3.078781 3.097069 -0.000004 -0.000001 -0.000002 12.956918 -9.618735 18.966365 40.640746 -3.712474 12.287530 67.380854 -29.333251 -0.437337 -0.000002 0.000005 -0.000003 -3.286139 -1.851485 -4.566379 -8.798205 2.174248 3.175866 -6.150109 5.053540 -2.596918 0.000001 -0.000001 0.000000 -3.689231 3.070727 31.529485 -19.382747 1.146000 1.237115 -10.468917 3.862050 -2.042657 -0.000003 0.000001 -0.000003 
-5.360384 105.484962 -1.125205 13.116994 -1.085979 -8.065141 -7.715467 -1.328210 -4.411557 5.598438 -0.052614 4.722417 -0.269931 -7.914444 -4.252527 -11.330900 -4.243088 7.412748 -0.000000 -0.000000 0.000000 0.467123 3.755916 -32.708885 12.574225 -2.718054 -73.824038 25.269724 -3.058217 2.970563 0.000005 0.000005 -0.000001 12.855126 -9.792263 18.992202 40.403031 -3.622674 12.291889 67.717890 -29.192720 -0.304810 -0.000001 0.000004 0.000003 -3.201296 -1.838349 -4.491890 -8.855876 2.213228 3.153646 -6.063121 4.830315 -2.523851 -0.000001 -0.000000 0.000000 -3.706383 3.070481 31.602602 -19.532466 1.140454 1.161629 -10.581067 3.777694 -2.177636 -0.000001 0.000002 -0.000002 
-5.348108 105.483025 -1.122164 13.157787 -1.425458 -8.003953 -7.643216 -1.328005 -4.416731 4.855116 -0.115511 4.581331 0.252741 -7.487809 -4.147523 -11.490311 -4.266106 7.508557 0.000000 0.000000 -0.000000 0.724710 3.437158 -32.714192 12.617514 -2.871063 -73.658420 25.422476 -3.187215 3.110855 -0.000001 -0.000002 0.000003 13.058250 -9.997462 19.211509 40.158548 -3.520594 11.978294 67.187266 -29.113832 -0.502250 0.000003 0.000008 0.000001 -3.160757 -1.809447 -4.570778 -9.038563 2.162972 3.228318 -6.091440 5.195680 -2.305543 -0.000002 -0.000000 -0.000001 -3.675702 3.057026 31.575958 -19.619288 1.191805 1.056667 -10.414699 4.070859 -1.938021 -0.000001 0.000003 0.000001 
-5.336884 105.486237 -1.122882 13.173756 -1.146539 -8.004240 -7.606950 -1.313109 -4.471472 5.050178 -0.144567 4.732254 0.013625 -7.696318 -4.277098 -11.330509 -4.304390 7.541363 -0.000000 -0.000000 0.000001 0.800308 3.032088 -32.610571 12.565829 -2.715318 -73.792517 25.230353 -3.149499 3.047627 0.000002 -0.000003 0.000003 12.992610 -9.965788 19.237773 40.308696 -3.692579 12.137947 66.915848 -28.908851 -0.553217 0.000004 0.000003 0.000001 -3.269776 -1.859203 -4.563421 -8.868243 2.211555 3.170269 -6.083580 4.932728 -2.430532 -0.000001 0.000000 0.000000 -3.774755 3.063018 31.511836 -19.453429 1.124918 1.118827 -10.714502 4.107120 -1.928200 0.000001 0.000003 -0.000002 
-5.326333 105.486572 -1.118618 13.460968 -1.061711 -8.072086 -8.510495 -1.415485 -4.403616 6.273922 0.078401 4.766136 -0.720232 -8.142943 -4.375358 -10.992922 -4.157937 7.398945 -0.000001 0.000000 0.000000 0.746817 3.149441 -32.608286 12.660936 -2.528321 -73.811211 25.385112 -3.188621 3.249668 0.000001 -0.000001 -0.000005 12.881662 -9.741499 18.997910 40.437377 -3.559114 12.181157 67.052370 -29.020750 -0.475663 -0.000002 0.000007 0.000003 -3.286256 -1.880943 -4.470863 -9.189330 2.233376 3.189215 -6.013879 4.813086 -2.367464 -0.000000 0.000001 -0.000001 -3.607889 3.093196 31.605082 -20.169135 1.279167 1.069741 -10.599133 3.967617 -2.049600 -0.000005 0.000004 -0.000000 
-5.317226 105.487236 -1.113981 13.150411 -1.243913 -8.048862 -7.909391 -1.366775 -4.415116 5.705813 0.020657 4.685112 -0.470061 -8.067788 -4.344136 -10.893221 -4.229559 7.448727 0.000000 0.000000 -0.000001 0.808426 3.327003 -32.763109 12.795868 -2.906621 -73.531884 25.671736 -3.113746 3.656544 -0.000002 -0.000004 -0.000002 13.062985 -9.874971 19.104186 40.108964 -3.224671 11.821523 67.110884 -29.340205 -0.516338 -0.000003 0.000008 0.000003 -3.165046 -1.874842 -4.482589 -8.891052 2.261302 3.198423 -6.024612 4.938079 -2.317302 0.000001 0.000000 -0.000000 -3.233653 3.138766 31.594710 -20.170691 1.242458 1.073926 -10.393805 4.052622 -1.989167 -0.000001 0.000002 -0.000000 
-5.308843 105.483360 -1.106478 13.291300 -1.384382 -8.067863 -7.934895 -1.371571 -4.370452 5.197087 -0.087742 4.670182 -0.076259 -8.023922 -4.376336 -10.803478 -4.187358 7.365684 -0.000001 -0.000003 -0.000000 0.800508 3.358366 -32.651699 12.773176 -3.051733 -73.448262 25.586577 -2.912180 3.418717 -0.000001 -0.000000 0.000000 12.929102 -9.546229 18.670759 40.481274 -3.270861 12.107339 67.006949 -29.444420 -0.640688 -0.000001 0.000001 -0.000002 -3.152907 -1.842786 -4.491192 -8.693983 2.255851 3.275526 -5.866325 4.979352 -2.076114 0.000002 0.000000 0.000000 -3.194084 3.126433 31.622908 -20.084279 1.262227 1.046210 -10.173392 4.259599 -1.781891 0.000001 0.000001 -0.000002 
-5.303147 105.486794 -1.101959 13.062073 -1.577735 -8.100104 -7.875577 -1.353941 -4.429596 5.328242 0.006974 4.506566 -0.214340 -7.704552 -4.227824 -10.728862 -4.357477 7.455995 -0.000000 0.000001 0.000001 0.847030 3.411547 -32.632345 12.784057 -3.032374 -73.468998 25.754444 -3.042591 3.512015 -0.000002 -0.000001 -0.000002 13.004224 -9.799223 18.667211 40.610874 -3.266270 12.141263 66.862771 -29.570505 -0.797590 -0.000004 0.000007 0.000003 -3.018409 -1.757261 -4.393358 -8.532207 2.327865 3.213278 -5.988046 4.969373 -2.285685 -0.000001 -0.000000 -0.000001 -2.864932 3.111718 31.683260 -20.249306 1.288635 0.976563 -9.856288 4.533544 -1.557872 -0.000003 0.000004 -0.000001 
-5.293784 105.482826 -1.087473 13.119214 -1.842997 -8.158491 -8.353132 -1.401717 -4.435330 5.457489 0.052373 4.431232 -0.079011 -7.481426 -4.192642 -10.425435 -4.434101 7.499163 -0.000000 0.000001 -0.000000 0.755061 3.507692 -32.563620 12.700843 -2.827309 -73.601599 25.748124 -3.223690 3.370284 0.000002 0.000001 -0.000007 13.121427 -10.782330 19.177725 40.660280 -3.572800 12.231183 67.326527 -29.247133 -0.743772 -0.000003 0.000003 0.000001 -2.942591 -1.737294 -4.327002 -8.569074 2.331645 3.300014 -5.889234 4.782679 -2.134744 -0.000000 -0.000001 0.000001 -2.651533 3.116058 31.731604 -20.549331 1.316738 0.995452 -9.436699 4.424227 -1.647417 -0.000003 0.000001 -0.000000 
-5.285429 105.479973 -1.078551 13.134407 -1.997340 -8.242093 -8.417319 -1.407137 -4.461103 5.690851 0.116584 4.392956 -0.226252 -7.478138 -4.086723 -10.496488 -4.414937 7.517284 -0.000000 0.000000 0.000000 0.593205 3.793822 -32.511605 12.653267 -2.603184 -73.813520 25.657766 -3.279701 3.264129 0.000003 -0.000001 -0.000002 13.062997 -10.309903 19.211819 40.671256 -3.683389 12.343773 67.031401 -29.251706 -0.514043 0.000004 0.000004 0.000003 -3.315347 -1.818385 -4.234491 -8.088384 2.438666 3.358403 -5.905309 4.818436 -2.103658 0.000001 0.000000 0.000000 -2.838280 3.110227 31.783916 -20.271184 1.180134 1.083368 -9.672486 4.541001 -1.540822 -0.000001 0.000003 -0.000001 
-5.276027 105.477844 -1.070967 13.138414 -1.989722 -8.338550 -8.650315 -1.425009 -4.499957 5.568221 0.073187 4.486085 -0.059193 -7.522197 -4.178853 -10.274673 -4.363948 7.489553 0.000000 -0.000001 -0.000000 0.561064 3.589822 -32.636683 12.722071 -2.380398 -73.960881 25.332885 -2.947267 3.665520 -0.000001 -0.000001 0.000001 13.061296 -10.220535 19.454991 40.831421 -3.894406 12.421414 66.910671 -29.452175 -0.254864 0.000001 0.000005 0.000006 -3.570436 -1.921062 -4.189150 -7.562889 2.593394 3.455062 -5.945110 4.627432 -2.189243 -0.000000 0.000000 0.000000 -2.881222 3.152135 31.823798 -20.101779 0.997495 1.179792 -9.950004 4.442682 -1.642822 0.000001 0.000001 0.000003 
-5.262210 105.476418 -1.068057 12.444116 -2.176524 -8.480537 -7.927422 -1.337170 -4.520779 6.081960 0.207288 4.343398 -0.631757 -7.645318 -3.948070 -10.228621 -4.445747 7.509293 -0.000000 0.000001 0.000001 0.275331 3.762860 -33.004563 12.631825 -1.894345 -74.132947 24.928075 -2.837246 4.104936 0.000002 -0.000003 -0.000002 12.885719 -9.404623 19.413848 40.967010 -4.398109 12.660504 65.724684 -29.375906 -0.425970 0.000003 0.000003 0.000001 -3.911868 -1.978353 -4.177001 -5.775541 2.819665 3.590706 -6.166653 4.996713 -2.362569 0.000001 -0.000000 -0.000001 -2.661894 3.154323 31.993337 -19.208842 0.817154 1.143509 -9.902283 4.849460 -1.230407 -0.000003 0.000002 0.000001 
-5.245426 105.473404 -1.070594 12.327945 -1.918386 -8.770023 -7.712756 -1.315699 -4.398207 5.654436 -0.002285 4.498570 -0.136298 -8.750142 -3.876807 -10.175197 -4.005042 6.889924 -0.000001 -0.000002 -0.000000 -0.210071 4.980669 -33.216754 12.555248 -1.464804 -74.401387 24.801677 -2.794695 4.239850 -0.000003 -0.000003 0.000003 12.638701 -7.638663 19.037954 40.694598 -4.450518 12.642657 64.634640 -29.764605 -0.193436 -0.000002 0.000004 0.000004 -4.534843 -1.973856 -4.032208 -4.754432 2.981668 3.757370 -6.297576 4.728549 -2.734907 0.000001 0.000000 -0.000000 -2.635269 3.069808 32.244398 -18.973965 0.605615 1.127005 -10.298972 5.075652 -1.336284 0.000004 0.000001 0.000003 
-5.227268 105.456200 -1.070189 12.397314 -2.223519 -9.152637 -7.845567 -1.320912 -4.304727 5.182929 -0.174773 4.654189 0.541277 -8.290397 -3.856480 -10.140194 -4.113479 6.882973 0.000001 0.000001 0.000001 -0.289764 4.901646 -33.085843 12.382944 -0.816606 -75.103517 24.033699 -2.741608 4.479778 0.000001 0.000002 -0.000001 12.686856 -7.268900 19.530011 40.394415 -4.884850 12.605244 64.436394 -30.191243 0.757963 -0.000003 0.000004 -0.000001 -6.301366 -2.283052 -3.840336 -1.823147 3.474120 3.953631 -6.634164 5.092792 -3.067561 0.000001 -0.000000 -0.000000 -2.611027 3.047960 32.684692 -18.478819 0.416472 1.106149 -10.827297 5.269775 -1.261749 0.000000 0.000002 -0.000000 
-5.202105 105.428345 -1.073116 11.486107 -2.683418 -9.459015 -7.136641 -1.230534 -4.423065 5.686964 -0.062611 4.572209 0.025702 -8.073955 -3.432160 -9.665966 -4.046319 6.755006 -0.000001 -0.000001 0.000000 -0.452726 4.875513 -33.299139 12.207744 0.641950 -75.957468 23.113152 -3.040970 5.397145 -0.000004 -0.000000 0.000000 12.669333 -6.818879 20.163579 40.609641 -6.330361 12.774658 64.229214 -30.576424 2.043063 0.000004 0.000004 0.000004 -7.290821 -2.426862 -3.556506 1.078387 3.799112 3.801325 -6.897329 5.744312 -3.127709 -0.000000 -0.000000 0.000000 -1.924773 3.033517 32.952565 -17.564252 0.168907 1.125673 -11.022237 5.586398 -1.006598 -0.000003 0.000001 -0.000002 
-5.180179 105.397102 -1.076837 11.112146 -2.741374 -9.899608 -6.752812 -1.196145 -4.293182 5.356994 -0.213302 4.699752 0.230686 -8.388501 -3.312805 -10.421253 -4.178872 6.687303 -0.000000 -0.000002 -0.000000 -0.970525 5.903026 -33.496880 12.070787 2.013552 -76.493051 22.248680 -3.186441 5.591003 0.000002 0.000001 0.000002 12.461585 -6.351808 20.258829 41.079100 -7.576573 13.145180 64.196306 -30.646256 3.074289 -0.000000 0.000003 0.000006 -8.525997 -2.654178 -3.113319 3.672885 4.218276 3.672350 -6.992183 5.855964 -3.180307 0.000003 -0.000000 -0.000001 -1.327605 3.023316 33.388178 -17.990022 0.095590 1.138525 -11.115552 5.823984 -0.930469 -0.000001 -0.000000 0.000003 
-5.140948 105.357361 -1.085078 9.928456 -3.274843 -10.251404 -6.039540 -1.147108 -4.283177 6.100139 0.003539 4.457930 -0.537521 -8.154671 -2.924362 -9.208700 -3.957690 6.294980 -0.000001 -0.000000 0.000001 -1.664988 6.942646 -34.001775 11.793892 4.005337 -76.755514 20.876501 -3.663923 6.838699 0.000001 0.000002 0.000002 12.138357 -6.379092 20.584638 41.219348 -9.553203 13.436967 63.653313 -29.922881 4.147319 0.000001 0.000006 0.000005 -10.567431 -3.224786 -2.632796 8.070774 4.588530 2.966433 -6.857109 6.932639 -2.423289 0.000001 0.000000 0.000000 -0.047445 3.195199 33.575130 -17.762814 0.040132 1.423624 -11.230883 6.204802 -0.626414 -0.000003 0.000000 0.000001 
-5.085582 105.305252 -1.097828 9.113117 -3.668563 -10.844425 -5.915137 -1.094703 -4.082595 6.113287 -0.117749 4.481672 0.143867 -7.796300 -2.810691 -9.169387 -4.377693 6.145090 -0.000000 0.000001 0.000000 -2.327976 7.611293 -33.916892 11.692195 6.674642 -76.849682 19.251576 -3.448484 8.240814 0.000000 0.000004 0.000003 11.676932 -6.842900 20.746988 40.953111 -11.623475 13.563425 61.730929 -29.267770 4.337404 -0.000002 0.000004 0.000004 -13.679721 -3.892607 -1.650747 14.124425 5.104320 1.561476 -6.273290 7.906460 -1.078361 0.000001 0.000000 -0.000000 0.939573 3.300467 33.980860 -18.238111 0.250062 1.886489 -11.507375 5.866091 -1.056075 -0.000001 0.000003 -0.000002 
-5.025129 105.238579 -1.117998 8.390858 -3.940184 -11.157210 -5.123497 -0.980498 -4.093922 6.348863 -0.166907 4.504835 -0.083971 -7.793291 -2.701149 -9.453701 -4.507674 6.013898 -0.000000 -0.000003 0.000001 -2.773998 7.954856 -33.872694 11.244342 7.880869 -76.113996 18.036554 -3.585354 9.400921 -0.000002 0.000001 -0.000005 11.312748 -7.035260 20.681731 39.931554 -12.679969 13.361642 60.341238 -28.963322 4.603645 -0.000003 0.000004 0.000003 -15.331714 -4.234240 -0.864339 18.234051 5.208879 0.189384 -5.646308 8.344238 -0.033372 0.000002 -0.000001 0.000001 1.291136 3.315490 34.162028 -17.748105 0.300599 2.208523 -11.910417 5.753045 -1.125154 -0.000003 0.000002 0.000001 
-4.929860 105.138702 -1.139695 7.587084 -4.002867 -11.116141 -3.822407 -0.835411 -4.252136 6.622648 -0.020500 4.054152 -1.134264 -7.587346 -2.459808 -9.261837 -5.033635 6.475609 0.000000 0.000000 0.000001 -2.798378 7.495110 -33.168225 10.356639 9.666995 -74.087902 16.615823 -3.988241 9.575913 -0.000001 0.000002 0.000001 10.607050 -7.103142 19.701568 38.975730 -14.152511 13.558047 56.472339 -27.319729 3.736485 0.000006 0.000007 0.000000 -17.018002 -4.492906 -0.250894 22.097605 5.226910 -1.464657 -5.468743 8.698478 0.301097 0.000001 -0.000000 0.000001 0.991011 3.156380 34.025933 -15.823706 -0.157979 2.188300 -12.418099 6.054217 -0.863738 -0.000003 0.000001 0.000002 
-4.793482 105.031570 -1.155327 5.883721 -4.030249 -11.004330 -0.807784 -0.477756 -4.666341 4.202262 -0.633725 4.099296 -0.555632 -6.710479 -2.457369 -7.725456 -5.425783 6.714478 -0.000000 -0.000002 -0.000000 -3.636163 8.646695 -32.047613 8.982192 11.188261 -70.241816 16.251040 -5.576031 8.613916 0.000001 0.000003 0.000003 9.981635 -8.786427 19.374356 37.056672 -15.855417 13.383940 51.141899 -23.243947 1.407855 0.000005 -0.000002 0.000005 -17.123339 -4.553620 1.232946 26.160408 4.965706 -4.108184 -7.103219 12.497953 -0.196563 0.000002 0.000001 0.000001 1.024653 3.094980 33.484890 -13.566870 -0.494379 2.851715 -13.339235 5.672736 -0.885264 -0.000001 0.000002 0.000002 
-4.643927 104.942520 -1.169973 4.574602 -3.533275 -11.072330 1.272057 -0.221888 -4.945677 2.624676 -1.231811 4.606753 0.170249 -6.359575 -2.818165 -7.162742 -5.890200 6.933053 0.000000 -0.000001 -0.000000 -3.669226 7.652248 -30.804624 8.303474 12.702738 -67.243998 15.732267 -6.139390 8.343552 0.000002 0.000001 0.000000 9.419968 -9.676022 18.699511 35.808479 -16.617738 12.944301 46.598990 -21.003277 0.279350 -0.000002 0.000005 0.000003 -17.294584 -4.794796 2.716378 28.307243 4.763209 -5.895966 -8.751661 16.543275 -0.155386 0.000000 0.000000 -0.000000 0.935338 3.158355 33.320115 -12.196407 -0.572058 3.241623 -14.584240 5.243550 -1.068609 0.000001 0.000003 0.000003 
-4.453642 104.877922 -1.191219 3.586050 -2.323330 -11.220012 2.535926 -0.111429 -5.132530 3.057968 -1.424363 5.127483 -0.650691 -6.223315 -3.188200 -6.111281 -6.562585 7.440112 0.000000 0.000001 -0.000000 -2.858418 5.679617 -29.062738 7.586017 11.898037 -62.071557 14.752770 -5.526425 8.171018 0.000001 0.000002 -0.000005 9.033135 -10.280411 17.722732 33.489056 -16.376014 11.238799 40.107899 -19.714247 -0.520088 -0.000002 0.000002 0.000003 -18.466238 -5.338787 4.858162 30.711317 4.467955 -6.769338 -9.939841 20.837335 1.125792 -0.000000 -0.000002 0.000001 0.625886 3.264505 33.258821 -11.219381 -0.449998 3.668780 -17.199938 4.634901 -1.766320 -0.000001 0.000002 0.000001 
-4.199726 104.855453 -1.216084 4.538053 -3.035727 -10.536863 0.468727 -0.339525 -5.986095 5.774382 -0.708692 4.675458 -2.733161 -5.710054 -2.449940 -6.701374 -7.021908 7.784383 0.000001 0.000000 -0.000000 -1.193292 4.125214 -27.037324 7.417173 10.425410 -55.667660 15.086177 -4.480832 8.918822 -0.000003 0.000004 -0.000001 9.142312 -9.983316 16.430488 30.361612 -15.125623 8.422555 31.970084 -20.462352 -0.932052 -0.000002 0.000002 0.000001 -19.847700 -5.744651 7.534658 29.870203 3.965304 -7.652420 -11.309180 25.651544 3.044255 -0.000000 -0.000001 0.000001 -0.601371 2.912556 32.258386 -10.940704 -0.388341 3.424301 -17.553108 5.489518 -1.256737 -0.000003 0.000002 0.000002 
-3.920455 104.863075 -1.229731 3.136240 -2.989630 -10.165876 2.045333 -0.235689 -6.447486 6.140375 -0.603389 4.430869 -3.970094 -5.401671 -2.064900 -6.188064 -7.066690 8.134997 -0.000001 -0.000002 -0.000000 0.186703 2.702867 -25.137786 7.139929 10.273490 -50.811106 15.487857 -4.557714 9.348906 0.000000 0.000002 0.000002 9.253624 -11.454755 15.775823 27.526557 -13.310712 6.597199 26.278357 -20.204313 -1.538219 0.000002 0.000000 0.000006 -18.633260 -5.246103 9.548825 29.029752 3.504591 -7.246310 -11.900216 28.573120 4.488965 0.000001 0.000002 -0.000001 0.845073 2.805753 31.553346 -10.947028 0.020670 3.245097 -17.674926 5.458829 -1.300736 0.000001 0.000000 -0.000003 
-3.544901 104.970154 -1.261877 2.575738 -2.089453 -10.335894 1.675297 -0.211091 -5.882440 4.668850 -1.254537 4.928997 -2.358543 -6.317837 -2.364605 -4.358557 -5.918952 7.115057 0.000000 0.000001 0.000001 -0.232617 3.453413 -22.047615 5.645810 11.684951 -45.641329 15.298464 -5.956298 6.845950 -0.000001 0.000004 -0.000001 7.920940 -10.394535 13.856075 26.410381 -14.733346 6.494981 19.409719 -17.974585 -1.363222 -0.000002 0.000007 -0.000002 -16.743422 -4.735178 12.186763 24.669846 2.950895 -5.166062 -11.164360 29.922799 6.823872 -0.000000 0.000002 0.000000 2.360667 2.749551 31.188802 -12.049855 1.074622 3.194161 -16.789266 4.409613 -1.551499 0.000001 0.000002 -0.000002 
-3.039619 105.145668 -1.296329 3.344874 -2.880008 -9.942592 -1.127619 -0.334500 -5.529149 6.077930 -0.981944 4.588457 -2.919817 -5.928091 -1.920716 -3.110391 -5.125471 6.076128 0.000001 -0.000000 0.000001 -1.154628 3.680310 -18.618261 3.060004 12.922113 -40.178318 13.592682 -6.887274 2.426983 -0.000002 0.000001 0.000000 6.143566 -10.503825 12.427630 23.572895 -14.212482 6.999811 14.181827 -14.469532 -0.679817 -0.000002 0.000003 0.000002 -13.845551 -3.821990 14.714020 19.097690 2.296357 -3.001957 -9.644518 28.533979 6.833432 -0.000000 -0.000001 0.000000 1.371169 2.559610 29.996774 -12.499299 2.100986 2.998416 -15.577402 3.109428 -1.806239 -0.000003 0.000002 0.000001 
-2.486526 105.335182 -1.319405 4.309568 -3.452729 -9.474108 -1.958120 -0.327455 -5.561137 3.646066 -1.532989 4.476008 -0.834626 -5.266744 -1.619997 -2.695311 -4.685600 5.374407 0.000002 -0.000001 -0.000000 -2.072412 5.163100 -16.298015 1.825078 12.280955 -35.204902 13.592148 -7.086212 -0.742198 -0.000003 0.000001 -0.000003 5.270445 -9.290424 11.124425 21.136324 -13.059124 6.494749 8.858784 -14.778421 0.289007 -0.000002 0.000003 0.000003 -11.692300 -2.912892 16.262429 14.141945 1.694677 -1.256894 -7.630561 26.105120 7.118143 0.000001 -0.000001 0.000001 0.633433 2.324774 28.729801 -13.361244 2.589735 2.918376 -14.316166 2.968828 -1.536556 0.000001 0.000002 0.000002 
-1.763564 105.571556 -1.322282 4.325384 -3.119377 -9.265389 -2.459100 -0.324247 -5.034199 5.178313 -1.375899 4.602305 -2.036222 -4.292980 -1.706304 -2.167028 -5.088917 5.141967 0.000001 0.000000 -0.000001 -1.188442 3.433108 -13.318658 0.540849 12.205096 -30.482858 13.870608 -8.120105 -2.605404 0.000003 0.000001 -0.000001 4.406073 -7.811004 9.734521 17.117065 -10.280203 5.239589 5.049925 -17.296909 1.924879 -0.000000 0.000003 0.000003 -10.005175 -2.262565 17.254277 11.149325 1.101912 1.478891 -3.670595 19.147790 6.912468 -0.000001 -0.000001 -0.000004 1.350309 2.275159 27.185066 -15.252757 3.236744 2.832274 -12.587358 2.478344 -1.753685 -0.000003 0.000000 0.000001 
-0.824515 105.817558 -1.293677 4.209420 -3.504686 -8.574176 -1.424064 -0.156977 -4.370467 1.765810 -1.993744 4.443342 0.322385 -2.567709 -1.692781 -1.939203 -5.046234 5.124048 0.000001 0.000000 -0.000000 -1.535359 3.319782 -10.461674 -1.004355 12.536380 -25.459038 14.004718 -9.034984 -4.944655 -0.000001 0.000002 -0.000005 3.407514 -7.248438 8.261308 12.758738 -7.192101 4.485582 1.945035 -17.573904 2.757468 0.000002 0.000003 0.000003 -8.746032 -1.834712 16.858362 11.146064 0.788602 4.037421 0.597408 11.179281 7.179247 -0.000001 -0.000000 -0.000001 1.072288 2.101830 24.901277 -14.377869 3.503822 2.525996 -10.752617 1.863787 -1.293979 0.000001 0.000001 0.000002 
0.184230 106.044388 -1.255672 4.003109 -3.583274 -7.794453 -1.244619 -0.137628 -4.046951 3.352468 -1.302701 3.695000 -0.841749 -2.447422 -1.100956 -1.797588 -4.782386 4.814688 -0.000001 0.000001 0.000000 -1.661827 3.892735 -8.201449 -1.777867 12.255930 -22.036741 14.439810 -9.879403 -5.355635 -0.000001 0.000002 -0.000001 2.771276 -4.040322 6.229931 9.493699 -6.146656 2.953306 -0.749805 -20.462658 3.889194 -0.000003 0.000000 -0.000000 -7.761106 -1.483846 15.763390 10.113012 0.445864 5.650113 2.571062 4.980486 5.887933 -0.000001 0.000000 -0.000002 -0.027983 1.920739 22.667233 -12.224519 2.989998 2.355498 -10.153665 2.253486 -0.753912 -0.000001 0.000001 -0.000000 
1.444717 106.279312 -1.204400 3.752764 -3.195600 -6.515435 -1.138077 -0.094597 -3.670469 3.267928 -0.966607 2.999052 -0.683278 -1.934241 -0.763639 -1.452012 -4.859455 4.451759 -0.000001 0.000000 0.000000 -1.814799 3.904501 -5.811599 -2.519043 11.437259 -18.085820 12.567605 -8.564925 -6.369332 0.000001 0.000002 -0.000003 1.941032 -3.942833 4.352661 6.825816 -3.917863 2.612678 -4.351750 -19.156372 3.723235 -0.000003 0.000004 -0.000001 -6.023310 -0.969671 13.636293 6.843323 0.154613 6.027566 3.271678 0.444406 4.431010 0.000001 0.000000 0.000000 -0.369618 1.629162 19.145751 -10.765264 2.427631 2.270450 -8.137621 2.487829 -0.119115 -0.000001 0.000002 -0.000000 
2.966113 106.519325 -1.132291 3.351161 -1.747210 -5.629138 -0.950947 -0.030536 -2.545577 2.362220 -1.143290 3.052680 0.169104 -2.816084 -1.247013 -1.071528 -4.350000 3.932601 -0.000001 -0.000000 0.000001 -1.950438 3.012112 -3.265881 -3.971672 10.375784 -13.968438 9.673368 -7.692271 -7.942672 -0.000001 -0.000001 -0.000007 0.384923 -3.828205 2.265688 5.245738 -2.402324 3.936160 -5.415130 -12.631571 3.382159 -0.000002 -0.000003 -0.000000 -4.326963 -0.550579 11.490999 3.837069 -0.098791 4.954565 3.841552 -1.385430 4.469365 0.000003 -0.000000 -0.000002 -0.924534 1.384998 15.424570 -7.309758 1.447253 2.198379 -5.791065 3.256461 1.112707 -0.000004 0.000002 0.000001 
4.539106 106.761253 -1.056768 2.434820 -1.827139 -4.568144 -0.812067 -0.042202 -2.099967 1.365088 -1.069974 2.439329 0.514276 -2.260309 -1.013906 0.255836 -3.988591 3.271675 0.000000 -0.000000 0.000001 -0.718776 2.028323 -1.654888 -4.065220 9.856480 -10.934935 8.401717 -6.266118 -7.498043 0.000003 0.000001 -0.000002 0.080444 -3.961172 0.694249 5.457287 -1.067321 4.453675 -9.015039 -8.220393 2.645061 -0.000000 0.000006 0.000002 -2.263559 -0.010382 9.366834 1.122236 -0.620561 3.642199 3.438727 -0.368252 4.414468 0.000001 -0.000000 0.000001 -1.026238 1.177617 12.267713 -5.206184 1.122157 1.613617 -2.147522 3.278876 1.449201 0.000001 0.000001 0.000002 
6.380410 106.982353 -0.990587 0.246651 -1.289977 -3.111216 1.319602 0.164623 -1.250929 -1.323266 -1.282833 1.770150 1.815140 -2.382444 -1.211752 1.291188 -3.049114 2.625793 -0.000002 0.000001 0.000001 0.257498 0.720452 0.036317 -3.820993 7.431470 -7.329887 5.589247 -4.279292 -6.444804 0.000000 -0.000000 0.000002 -0.652053 -2.938218 -0.990315 5.019346 -0.122516 5.124320 -7.804448 -1.662594 1.716484 -0.000000 0.000007 -0.000002 -0.700665 0.298790 6.037872 0.968621 -0.212096 2.650318 2.129308 0.027080 3.075816 0.000002 -0.000000 0.000001 -0.350598 0.652504 8.032049 -1.126751 -0.082019 0.332093 1.499758 5.346769 3.350075 -0.000003 0.000002 -0.000000 
8.447343 107.140266 -0.943544 -0.410193 -0.899068 -1.156488 1.389447 0.254900 -0.675607 -0.727643 -0.445450 0.363826 0.654547 -0.803479 -0.304418 0.362310 -1.463501 1.258242 0.000000 -0.000001 -0.000000 -1.342284 1.125429 0.080782 -2.289222 1.971055 -3.380013 2.082734 -3.026621 -3.608755 -0.000001 0.000005 -0.000004 -0.815726 -1.170997 -0.192362 2.301493 -1.648201 3.118843 -3.172824 2.766643 0.675984 -0.000000 0.000005 0.000001 0.144533 0.320503 2.589261 0.850159 -0.507794 0.946341 1.465297 -0.060746 1.634744 0.000001 -0.000001 0.000001 -0.410917 0.305582 3.327432 0.749740 0.339735 -0.028727 1.692899 3.306006 2.796882 0.000001 0.000000 -0.000001 
10.489995 107.212074 -0.883822 0.003328 -0.003497 -0.031998 0.000834 0.000737 0.003003 -0.002691 -0.008395 0.008330 0.002692 0.025421 0.002614 0.048129 -0.036204 0.029976 -0.000000 -0.000001 0.000001 0.000942 -0.013844 -0.019318 -0.039025 0.019363 -0.046372 0.060094 -0.080500 -0.051834 -0.000002 0.000002 0.000002 -0.003737 -0.020479 0.019505 0.035798 -0.078884 0.017605 -0.112056 0.020507 0.023015 -0.000003 0.000005 0.000003 -0.018502 0.005220 0.055974 0.021232 -0.015535 0.018319 0.033165 -0.022648 0.023509 -0.000002 -0.000001 -0.000000 -0.012761 0.004627 0.052905 0.021884 0.001475 0.029880 -0.000727 0.062934 0.049037 0.000001 -0.000001 -0.000003 
12.654551 107.182922 -0.849496 -0.208249 0.211516 1.968283 -0.051060 -0.045160 -0.184707 0.168281 0.515606 -0.512971 -0.167734 -1.562913 -0.163118 -2.924232 2.273579 -1.785167 -0.000000 -0.000001 -0.000001 -0.066798 0.851026 1.188807 2.429265 -1.128880 2.877204 -3.843348 4.839837 3.356152 -0.000001 0.000002 -0.000001 0.243081 1.256846 -1.202611 -2.159637 4.870780 -0.990099 6.876401 -1.344365 -1.335392 -0.000000 0.000000 0.000007 1.127607 -0.355430 -3.438892 -1.296789 0.968161 -1.115506 -2.021903 1.418618 -1.420571 0.000002 -0.000000 0.000000 0.775691 -0.306998 -3.251801 -1.346837 -0.068885 -1.838572 -0.058978 -3.869939 -3.018844 -0.000003 0.000001 -0.000000 
14.853926 107.080330 -0.817320 1.820239 0.594376 3.873871 -3.787885 -0.520380 -0.426222 0.519399 1.050931 -1.404590 0.607778 -1.143296 -0.097388 -2.712425 3.242932 -3.010932 0.000000 -0.000001 -0.000001 -0.519658 1.434257 1.371237 4.108901 -3.222946 6.238483 -7.032540 7.377110 7.416524 0.000000 0.000001 -0.000002 0.611498 1.472215 -0.023224 -3.774087 8.691174 -0.125261 7.500328 10.992117 -5.592245 -0.000000 0.000004 -0.000002 0.842969 -0.741089 -7.122053 -3.185995 1.553662 -1.288715 -3.303678 1.648661 -2.862137 0.000001 0.000000 0.000000 -0.634447 -0.215759 -5.865290 -0.999494 -0.496071 -3.126480 1.065270 -6.242733 -4.709531 -0.000003 -0.000002 -0.000001 
16.969154 106.959648 -0.819620 3.475688 2.425054 5.037114 -4.483298 -0.532773 -0.230705 -0.639401 0.822001 -1.650395 1.743564 -0.452408 -0.622873 -6.503751 3.503112 -3.789430 0.000001 -0.000000 0.000001 -1.512785 1.436617 0.490800 3.399113 -3.985974 9.181986 -9.800797 8.481551 10.464391 -0.000001 0.000002 0.000002 -0.078202 -1.397643 0.692104 -5.635335 11.701683 2.507333 9.861205 22.597023 -10.180634 0.000001 -0.000001 0.000005 0.788749 -0.547688 -9.131807 -4.025182 1.865083 -2.046671 -4.133408 5.350821 -2.365173 0.000002 -0.000001 -0.000001 -0.364469 -0.850695 -7.520551 -4.110865 0.439803 -4.195182 3.881718 -5.605135 -3.746659 -0.000005 0.000002 0.000001 
19.030899 106.730995 -0.815907 4.650203 2.857852 6.012044 -6.465151 -0.886916 -0.444512 -0.147843 0.837649 -1.374247 1.591844 -1.659127 -0.906017 -7.841828 5.376578 -4.961604 0.000000 -0.000002 -0.000000 -0.894207 2.118823 0.513042 6.128118 -4.490863 12.193653 -12.472415 11.039030 15.668954 0.000001 0.000002 -0.000003 1.038627 0.194102 0.922687 -6.464482 17.036556 3.030769 7.169239 25.055425 -11.091355 -0.000001 0.000006 0.000004 0.233522 -0.970514 -11.381661 -4.769711 2.274291 -2.056051 -4.464706 1.679689 -4.600456 -0.000000 -0.000000 -0.000001 -0.056570 -0.753469 -8.905850 -5.706582 0.787137 -4.960037 1.609811 -10.945001 -8.103832 -0.000001 0.000001 -0.000002 
21.021116 106.460968 -0.816501 5.925882 1.200639 6.935669 -7.389553 -1.044016 -0.078914 0.795781 1.163167 -1.777866 0.835314 -1.751266 -0.885923 -9.147883 7.270447 -6.411783 0.000001 0.000000 -0.000000 -0.669147 2.018288 0.187438 6.936063 -4.849191 13.927132 -14.523649 11.801000 18.574706 -0.000001 0.000001 -0.000005 1.215518 1.653583 0.723026 -6.144793 20.196818 5.379137 11.519913 25.340214 -13.051437 0.000003 0.000000 0.000005 0.130542 -1.234419 -13.290121 -6.154143 2.145953 -2.620011 -5.233106 2.096223 -5.582328 -0.000000 -0.000001 -0.000001 -1.948087 -0.136855 -10.668948 -6.582961 1.468666 -5.891310 2.222748 -13.700308 -9.730590 -0.000003 0.000004 -0.000002 
22.849726 106.203346 -0.821309 6.224691 0.396495 7.191524 -7.426526 -1.083978 0.289949 0.997260 1.343160 -2.052204 0.814129 -1.346891 -0.839658 -9.788114 8.158505 -7.171317 0.000000 0.000000 -0.000000 -0.362784 2.016710 0.225942 6.814462 -3.354410 14.687857 -16.111972 13.367756 20.304674 0.000000 0.000001 -0.000002 1.493171 2.280347 0.548666 -6.902978 22.578553 5.762544 12.840226 30.001531 -15.507065 -0.000001 0.000006 0.000001 0.315445 -1.403277 -14.183855 -6.571178 2.116977 -2.829655 -5.667591 2.549469 -6.006201 0.000002 -0.000000 -0.000002 -2.322600 0.079950 -11.722121 -6.855356 1.661439 -6.177275 3.296966 -14.269285 -9.829925 -0.000001 -0.000001 0.000002 
24.593708 105.915047 -0.847811 7.629092 0.216002 7.054551 -8.496630 -1.273906 0.704033 1.136859 1.397911 -2.087795 0.893591 -0.905002 -0.801644 -10.879497 9.204492 -7.667499 0.000001 -0.000001 -0.000000 -0.441086 2.265543 -0.010391 6.617610 -2.348441 15.321735 -16.244104 13.556729 21.612293 0.000000 -0.000000 0.000002 1.668313 2.459554 0.281152 -7.225139 23.288312 5.663155 15.145123 33.035023 -17.926868 -0.000001 0.000005 0.000001 -0.836719 -1.590587 -14.668152 -6.894244 2.001061 -3.030126 -6.021117 3.313071 -6.228408 0.000002 -0.000000 -0.000000 -3.521819 0.486600 -12.650706 -7.207254 1.962073 -5.911333 4.412366 -14.570834 -9.457984 -0.000001 0.000002 0.000001 
26.225693 105.632751 -0.880882 9.043484 0.105519 6.886140 -10.418693 -1.576507 0.954669 2.426259 1.536956 -2.034963 0.599878 -0.564203 -0.828266 -11.821370 9.832214 -8.144669 -0.000001 0.000000 0.000000 -0.486618 2.200302 -0.335348 6.184926 -1.778962 15.171008 -16.614416 12.801685 23.417012 -0.000001 -0.000000 0.000000 1.712304 2.207362 0.809067 -5.148154 24.116735 8.427889 19.892359 31.402471 -19.496572 0.000003 0.000003 0.000001 -1.981377 -1.772843 -15.160535 -7.328137 2.211992 -2.910883 -6.169893 3.447135 -6.207527 0.000001 -0.000001 0.000001 -4.908009 0.888670 -13.379821 -7.341127 1.705895 -5.839477 6.165022 -15.045064 -9.286779 0.000000 -0.000003 -0.000003 
27.711798 105.373756 -0.917881 10.044473 0.009880 6.806928 -11.813722 -1.786713 1.039578 3.596922 1.755581 -2.159977 0.046101 -0.236574 -0.648764 -12.007842 10.221040 -8.435109 -0.000000 -0.000002 0.000000 -0.961698 2.567697 -0.797711 5.365650 -0.544527 14.857553 -16.058709 11.789989 24.772418 -0.000001 0.000002 -0.000005 1.772767 2.346055 1.213416 -2.591965 24.639786 11.166476 25.557507 33.196669 -23.113857 -0.000002 0.000002 -0.000003 -2.867276 -1.891032 -15.588421 -7.556174 2.172451 -2.791019 -6.371988 3.997056 -6.307261 0.000002 -0.000001 0.000002 -5.842018 1.207336 -13.825986 -7.412765 1.790081 -5.812946 7.335133 -15.309466 -9.001056 0.000004 0.000001 -0.000002 
29.082790 105.121964 -0.945026 9.686303 -0.467340 6.818173 -10.759267 -1.622821 1.139320 3.157282 1.606842 -1.949647 0.162655 -0.085071 -0.906115 -12.297908 10.549111 -8.749645 0.000001 -0.000001 -0.000000 -0.963235 2.284585 -1.168879 5.340144 -0.553420 14.872324 -16.224476 10.725042 26.678200 0.000001 0.000002 -0.000001 1.727850 2.420757 1.073143 0.163706 25.515650 14.290138 32.952774 34.704287 -27.906939 0.000004 0.000004 0.000004 -2.502972 -1.866347 -15.970333 -7.183352 2.329442 -2.915601 -6.674791 4.745730 -6.312585 -0.000000 -0.000000 0.000002 -5.635915 1.112763 -14.263569 -7.539926 1.821415 -5.980050 8.536629 -15.451215 -8.694861 -0.000005 0.000003 -0.000002 
30.352304 104.869141 -0.981714 9.880230 -0.292274 6.589852 -10.260577 -1.661835 1.426944 3.574081 1.711257 -1.921803 -0.546800 -0.547604 -1.201258 -13.504781 11.100359 -8.249273 -0.000001 -0.000002 -0.000000 0.746949 1.447152 -1.454478 5.671345 0.925037 16.083907 -15.967049 10.419924 29.227790 0.000000 0.000001 -0.000001 2.321299 1.670143 0.201392 -0.902279 27.369017 13.304175 29.861269 33.134136 -26.092004 -0.000000 -0.000003 -0.000000 -2.838265 -1.875139 -16.193892 -7.000032 1.576460 -2.844455 -6.538787 4.779385 -6.367376 0.000002 -0.000000 -0.000000 -5.317343 1.131803 -14.647337 -8.405308 2.650134 -5.382763 7.902682 -16.038710 -9.118992 -0.000002 0.000001 0.000001 
31.491125 104.635315 -1.016898 9.769620 -0.047644 6.278222 -9.856819 -1.632678 1.643247 2.816745 1.484577 -1.671856 0.079848 -1.062873 -1.384313 -13.510889 11.406963 -8.378065 -0.000000 -0.000003 0.000000 0.527061 2.185964 -1.888076 5.507574 1.568718 16.321521 -16.705714 10.057091 31.369211 0.000000 0.000002 -0.000005 2.593896 1.738013 0.134060 1.078573 27.920148 14.867836 32.858964 34.602736 -28.598709 -0.000003 0.000004 0.000004 -2.757570 -1.814869 -16.176458 -6.717775 1.347459 -2.734523 -6.478841 4.446046 -6.584182 -0.000001 -0.000000 -0.000002 -4.636872 0.895264 -14.752152 -9.132467 3.029219 -5.029494 8.359616 -16.588974 -9.279576 -0.000005 -0.000002 0.000001 
32.546005 104.414818 -1.050545 10.195582 0.356570 6.030338 -9.561519 -1.570204 1.641202 1.311490 1.217304 -1.577636 1.103948 -1.040610 -1.363603 -13.882558 11.382797 -8.260193 0.000001 0.000000 0.000000 0.328199 2.206671 -1.993457 5.367061 1.516246 16.557659 -17.297154 9.564808 32.329536 -0.000001 0.000001 -0.000004 2.358301 1.404434 -0.159135 0.238036 27.323781 13.811670 34.048592 35.579996 -29.641518 -0.000000 0.000009 0.000002 -3.192581 -1.910623 -16.210581 -6.776484 1.340557 -2.755049 -6.603228 4.491077 -6.743608 0.000001 -0.000001 -0.000000 -4.462075 0.825457 -15.005058 -9.573930 3.163272 -4.754885 8.869622 -17.382661 -9.518838 -0.000000 -0.000002 -0.000001 
33.509338 104.205917 -1.083920 10.820719 -0.144589 5.993003 -8.893287 -1.460890 1.609078 -0.517604 1.049529 -1.736457 2.220885 -0.524170 -1.139028 -14.103087 11.329139 -8.111142 -0.000001 -0.000001 0.000000 0.040254 2.719695 -2.022409 5.428905 1.338853 16.422480 -17.205462 8.785636 33.449345 -0.000001 0.000002 -0.000001 2.188930 1.143014 -0.431466 -0.475492 27.356619 13.396291 33.878913 36.010195 -29.594506 -0.000005 0.000006 -0.000000 -3.141334 -2.009255 -16.307855 -7.326451 1.269287 -2.851744 -6.861654 4.995759 -6.715912 0.000002 0.000000 -0.000002 -5.292904 1.141225 -15.277140 -9.854776 3.210215 -4.811223 9.764943 -17.322702 -9.221628 0.000003 0.000001 -0.000002 
34.374130 104.020546 -1.116146 11.033821 -0.346276 5.985623 -8.569355 -1.389888 1.605586 -1.109797 0.972845 -1.757641 2.412836 -0.522076 -1.115281 -14.431746 11.572743 -8.249863 0.000001 -0.000002 -0.000000 -0.304404 2.904374 -2.154456 6.154679 0.107641 16.530338 -17.706886 8.842168 33.696451 -0.000002 0.000002 -0.000001 2.158849 1.525772 -0.413386 0.206016 26.868400 13.744402 33.992871 35.852264 -29.551421 0.000004 0.000004 0.000004 -3.158835 -2.003940 -16.404427 -7.332519 1.392650 -2.825381 -6.739819 4.784239 -6.596965 -0.000000 -0.000000 -0.000000 -6.003875 1.359007 -15.435270 -9.444062 3.093635 -4.946538 10.358627 -17.154312 -8.830071 -0.000001 0.000002 -0.000000 
35.160645 103.850830 -1.148505 11.312338 -0.634638 6.028628 -8.156963 -1.303096 1.615905 -2.681061 0.802891 -1.890352 3.276400 -0.107010 -1.088218 -14.376927 11.657401 -8.214195 0.000002 -0.000003 0.000000 -0.203608 2.625316 -2.389270 5.759642 0.267329 16.522636 -17.900900 8.197165 34.141732 0.000001 0.000001 0.000000 2.016847 1.237801 -0.474201 -0.238736 26.636391 13.506599 35.935114 36.318301 -30.720125 0.000004 0.000008 0.000004 -3.196479 -1.951998 -16.571950 -7.457617 1.279809 -2.831632 -6.834572 4.779582 -6.828421 0.000001 -0.000000 0.000001 -6.634884 1.518328 -15.638681 -9.239893 3.128938 -4.944912 10.715110 -17.365988 -8.743844 0.000001 -0.000003 -0.000002 
35.858566 103.686493 -1.166850 11.258081 -0.666944 5.958163 -8.426826 -1.342640 1.607422 -2.266417 0.891735 -1.939992 2.951329 -0.111522 -1.092783 -14.382983 11.669688 -8.180321 -0.000000 0.000000 0.000000 -0.226908 2.456579 -2.673998 5.950791 -0.359318 16.664222 -18.174566 7.694166 34.702719 0.000000 0.000002 -0.000005 2.060082 1.042141 0.057339 2.108774 26.574757 15.391189 40.110539 37.579827 -33.757906 -0.000006 0.000006 -0.000000 -3.016160 -1.939165 -16.653577 -7.381811 1.319415 -2.796419 -6.872512 4.736110 -6.880157 0.000001 -0.000000 0.000001 -6.705615 1.510023 -15.702216 -9.128520 3.064199 -4.971341 10.976286 -17.315124 -8.578156 -0.000003 0.000001 -0.000003 
36.486546 103.534325 -1.184975 11.498775 -0.546065 5.960205 -8.478246 -1.352057 1.544408 -2.175736 0.903273 -1.902381 2.819371 -0.140217 -1.114135 -14.480889 11.803393 -8.201410 0.000001 -0.000001 -0.000000 -0.512858 2.842538 -2.964720 5.798347 -0.073446 16.816739 -17.617143 7.104321 35.158255 0.000000 0.000002 0.000002 2.206418 1.515105 0.327260 3.099214 26.657146 16.128638 40.474174 37.747129 -34.034744 -0.000001 0.000003 0.000001 -3.336034 -1.995262 -16.763489 -7.126230 1.362900 -2.786512 -6.951718 4.667494 -6.998197 0.000002 -0.000001 0.000001 -6.496114 1.451982 -15.810896 -9.285390 3.111983 -4.960097 11.322252 -17.555094 -8.561638 -0.000001 0.000001 0.000001 
37.046867 103.389969 -1.204600 11.406258 -0.341782 5.816706 -8.162091 -1.302149 1.543520 -2.866912 0.821578 -1.926931 3.359521 -0.005974 -1.084040 -14.651661 11.680802 -7.990408 -0.000000 -0.000003 -0.000000 -0.772166 3.181727 -2.982776 6.144831 -0.461283 16.779089 -17.598961 7.313131 34.993276 -0.000001 0.000002 -0.000001 2.145366 0.527951 0.562149 2.935801 27.029856 16.262245 41.070846 37.883050 -34.496451 0.000001 -0.000002 0.000001 -2.837529 -1.974028 -16.639775 -7.432017 1.253215 -2.745003 -6.855462 4.381746 -7.038521 0.000000 -0.000001 0.000000 -6.394806 1.445943 -15.825555 -9.538336 3.263932 -4.962800 11.464823 -17.195814 -8.291646 0.000003 -0.000000 0.000003 
37.546734 103.255386 -1.221869 11.508473 -0.815946 6.059139 -7.842177 -1.249567 1.512479 -3.292544 0.811486 -2.050130 3.434744 0.136518 -1.229082 -14.923434 11.630085 -7.870062 0.000002 -0.000002 0.000000 -0.614742 2.856819 -3.165650 6.043756 -0.509176 16.959479 -18.261819 7.111446 35.649243 0.000001 0.000002 0.000001 2.125593 1.336452 0.160128 2.090616 26.913377 15.658335 39.367305 36.684984 -32.660315 -0.000003 0.000005 0.000003 -2.745605 -1.992841 -16.918843 -7.680806 1.131470 -2.794307 -6.931584 4.829657 -7.033408 0.000001 -0.000000 0.000004 -6.785087 1.608472 -16.171100 -9.728940 3.521091 -5.018005 11.769704 -16.921657 -7.965256 0.000002 0.000002 0.000003 
37.997856 103.132088 -1.244057 11.748963 -0.668744 6.074611 -8.004738 -1.273980 1.547729 -2.416085 0.977589 -2.120828 2.859585 -0.120263 -1.266306 -15.212284 11.567184 -7.807576 -0.000001 -0.000000 0.000001 -0.435300 2.574759 -3.229017 6.064435 -0.488090 17.025874 -17.769043 6.779079 35.773959 0.000000 0.000002 0.000002 2.153710 1.828506 -0.095760 1.456189 26.683073 14.848778 36.512579 35.342063 -30.326648 -0.000005 0.000007 0.000003 -3.047434 -2.030135 -16.950889 -7.484050 1.240557 -2.725521 -6.907964 4.572265 -7.044355 -0.000002 -0.000001 0.000003 -7.094154 1.719168 -16.276266 -9.594833 3.376247 -5.014553 12.249839 -16.881137 -7.835582 0.000002 0.000003 -0.000000 
38.418758 103.027390 -1.277974 12.125749 -0.570062 6.167147 -8.006208 -1.277307 1.583702 -2.149385 0.965590 -2.050017 2.618562 0.081682 -1.386228 -15.620759 11.712365 -7.871925 -0.000001 -0.000003 0.000000 -0.316702 2.417794 -3.475555 5.391830 0.515134 17.012586 -17.737858 6.885729 35.722982 -0.000001 0.000002 0.000004 2.172019 1.684815 -0.036209 2.129507 26.520617 15.012826 36.208749 36.075714 -30.617501 -0.000003 0.000003 0.000001 -3.491370 -2.027554 -17.070613 -7.682131 1.146913 -2.797751 -6.786971 4.659680 -6.880333 0.000001 -0.000001 0.000000 -7.291189 1.783773 -16.472669 -10.042119 3.540063 -4.902532 12.090053 -17.497189 -8.270742 -0.000001 0.000003 -0.000001 
38.793400 102.931236 -1.305162 12.274080 -0.618278 6.106815 -8.739714 -1.406403 1.769704 -1.817131 1.011973 -2.076212 2.672630 -0.025441 -1.401366 -15.689879 11.930883 -8.063771 -0.000001 0.000002 0.000001 -0.208732 2.280631 -3.634034 5.816631 0.100426 17.139796 -18.492338 7.343593 36.017234 0.000000 -0.000000 -0.000002 2.219571 1.532112 0.034738 2.126585 26.781937 15.113429 37.709840 35.984278 -31.596383 -0.000003 0.000005 0.000006 -3.505871 -2.000037 -16.968548 -7.767079 1.060690 -2.891300 -6.814479 4.702816 -7.001120 -0.000001 -0.000001 0.000002 -7.581495 1.901593 -16.440101 -9.875374 3.567533 -4.834888 11.328227 -17.004825 -8.255228 0.000000 0.000003 -0.000002 
39.130066 102.840973 -1.328647 12.003812 -0.338935 6.140412 -9.198663 -1.464723 1.692623 -1.542443 1.101496 -2.160838 2.673164 -0.323161 -1.286210 -14.897930 11.866401 -8.165787 -0.000001 -0.000002 0.000000 -0.194041 2.382339 -3.602389 5.939059 -0.235173 17.040750 -18.033957 6.694884 36.367335 0.000000 0.000001 0.000004 2.333248 1.336024 0.338597 2.068158 26.512749 14.943952 39.109547 36.062593 -32.360729 0.000001 0.000009 0.000003 -3.029567 -1.958638 -17.124432 -7.777090 0.952408 -2.792669 -6.797187 4.574831 -7.165303 -0.000000 -0.000001 0.000003 -7.334430 1.806323 -16.566306 -9.667640 3.619801 -4.789546 11.357176 -17.051246 -8.215917 0.000001 -0.000000 0.000003 
39.446655 102.763756 -1.354021 11.528046 -0.637019 6.144304 -8.328037 -1.329959 1.736541 -1.771584 1.095758 -2.177299 2.696149 -0.026100 -1.197211 -14.846171 11.837809 -8.175613 0.000000 -0.000002 -0.000000 -0.705894 2.840048 -3.724933 6.046647 -0.602749 17.328197 -17.696103 5.869477 37.104473 0.000000 0.000001 -0.000002 2.394767 1.469057 0.965110 4.428683 26.099951 16.521109 42.315071 37.697255 -35.120761 -0.000002 0.000006 0.000005 -2.818548 -1.990304 -17.193224 -7.396823 1.052447 -2.799747 -7.060114 4.909125 -7.359834 0.000002 -0.000001 0.000001 -7.088366 1.712168 -16.581853 -9.636190 3.627928 -4.892876 11.677595 -16.904503 -7.961670 -0.000000 0.000002 -0.000001 
39.733711 102.686577 -1.386410 11.685596 -0.296658 6.027346 -8.234839 -1.323065 1.831718 -1.089523 1.138019 -2.088211 2.148335 -0.215108 -1.267609 -15.072836 11.863286 -8.194469 -0.000000 -0.000002 -0.000000 -0.473249 2.349694 -3.762749 5.605605 -0.150688 17.281103 -18.169097 5.894937 37.374587 0.000002 0.000001 -0.000005 2.331953 1.344683 1.129926 4.680420 25.992053 16.829612 43.246173 38.864476 -36.335363 -0.000001 0.000002 -0.000001 -2.853094 -2.008187 -17.069239 -7.566723 1.029160 -2.840107 -6.869352 4.536629 -7.240214 -0.000000 0.000000 0.000001 -6.998371 1.697420 -16.533436 -9.898174 3.697568 -4.860179 11.447482 -16.973403 -8.091647 -0.000003 -0.000003 0.000002 
39.985268 102.611572 -1.410342 11.863578 -0.737946 6.113163 -7.777162 -1.244325 1.817901 -2.112677 0.964153 -2.055063 2.945889 0.306024 -1.265520 -15.362851 11.868773 -8.150486 0.000000 0.000001 0.000001 -0.639963 2.471031 -3.912016 5.493796 -0.040945 17.524937 -18.705421 6.115636 37.635237 0.000000 0.000001 -0.000001 2.445293 1.217743 1.617526 6.373453 26.038407 18.171428 47.009252 40.190841 -39.701738 -0.000000 0.000005 0.000006 -2.866254 -2.001135 -17.137199 -7.448736 1.096063 -2.893064 -6.968691 4.953382 -7.202992 -0.000000 -0.000000 0.000002 -7.476994 1.861884 -16.536913 -9.704673 3.707363 -5.031481 11.840176 -16.622409 -7.722027 -0.000003 0.000003 -0.000002 
40.212605 102.550705 -1.437868 12.119173 -0.464129 6.113649 -8.257222 -1.314166 1.818427 -2.114842 0.979454 -2.076201 3.117211 0.083607 -1.237473 -15.181866 11.968062 -8.214966 -0.000001 -0.000001 0.000000 -0.676261 2.413465 -3.819175 5.943372 -0.832541 17.497089 -18.565590 5.878763 37.551567 0.000001 0.000001 -0.000005 2.365500 1.319980 1.490070 6.283919 26.192903 18.420837 47.656921 39.836819 -39.839425 -0.000000 0.000004 0.000004 -3.017580 -2.003127 -17.147253 -7.386267 1.132289 -2.835179 -7.161231 4.620951 -7.688070 0.000001 -0.000000 -0.000002 -7.504842 1.839878 -16.627539 -10.014076 3.740684 -4.910051 12.053729 -17.008440 -7.825890 -0.000001 0.000002 0.000001 
40.419624 102.496956 -1.466820 12.034352 -0.210620 6.084489 -7.994400 -1.243374 1.785095 -2.194848 0.913302 -2.000787 3.059458 -0.007129 -1.270194 -14.982718 11.848005 -8.308546 -0.000001 -0.000002 -0.000001 -0.529379 2.022619 -3.589651 5.498742 -0.634657 17.107351 -17.127850 4.548334 37.847991 0.000000 0.000001 -0.000001 2.198288 1.448099 1.262452 6.449855 26.027535 18.818457 46.708573 39.510063 -38.853982 0.000001 0.000004 0.000004 -2.823385 -1.967429 -17.128274 -7.618307 1.151936 -2.854179 -6.910078 4.357097 -7.481215 -0.000000 -0.000001 -0.000001 -7.128660 1.700778 -16.653533 -10.149505 3.800395 -4.837648 11.935782 -17.259656 -7.975330 0.000003 -0.000001 0.000003 
40.596664 102.442772 -1.490757 12.335232 -0.388079 6.005067 -8.459725 -1.279539 1.708676 -1.593183 0.983413 -2.006379 2.572414 -0.189417 -1.203483 -14.760664 11.808038 -8.392889 -0.000001 -0.000002 0.000000 -1.053504 2.491804 -3.456528 5.713825 -1.266233 16.933803 -17.200276 4.060563 38.424076 0.000000 -0.000000 -0.000003 2.025359 1.707022 1.008380 6.046004 25.738414 18.637886 47.706293 40.197651 -39.959301 0.000002 0.000003 0.000007 -3.084520 -1.968356 -16.943669 -7.391293 1.128913 -2.968433 -6.908283 4.481407 -7.508431 0.000001 0.000000 -0.000002 -7.560167 1.846126 -16.547124 -10.025690 3.862043 -4.832585 11.756405 -17.218463 -7.953846 0.000001 0.000002 0.000001 
40.756989 102.399445 -1.519576 11.743748 -0.390178 5.972378 -7.788705 -1.196123 1.698343 -1.706390 1.019217 -2.115786 2.593525 -0.493326 -1.126250 -14.486946 11.875423 -8.469095 -0.000001 -0.000002 -0.000000 -1.054137 2.635778 -3.519935 5.824681 -1.181734 17.048784 -16.865991 4.022642 38.620745 0.000000 -0.000000 -0.000002 2.050313 1.653638 0.950290 5.387486 25.946377 18.164010 47.986986 39.891727 -40.053442 0.000002 0.000003 0.000001 -2.635414 -1.930016 -16.917296 -7.181438 1.101332 -2.954258 -7.042410 4.313561 -7.781999 -0.000001 -0.000001 0.000003 -7.139613 1.689679 -16.585340 -10.121898 3.836088 -4.843355 12.099655 -17.214524 -7.868928 -0.000000 -0.000001 -0.000003 
40.901394 102.358154 -1.548955 12.131439 -0.578694 5.954486 -8.041054 -1.231020 1.733818 -1.345104 1.071018 -2.191128 2.256771 -0.230761 -1.065519 -14.908445 11.922234 -8.568944 -0.000000 -0.000002 -0.000000 -0.984801 2.364097 -3.482509 5.450976 -1.056834 16.910655 -16.691109 3.567963 38.936866 0.000000 -0.000000 0.000004 1.901012 1.213518 1.030351 5.421678 25.820222 18.515765 48.830621 40.041332 -40.603378 0.000003 0.000005 0.000001 -2.910270 -1.896526 -16.823611 -7.313421 1.179509 -3.074415 -7.085787 4.659062 -7.641272 0.000000 0.000000 -0.000002 -7.484359 1.766637 -16.486210 -10.211838 3.840504 -5.036367 12.261355 -16.997633 -7.768737 0.000001 0.000000 -0.000003 
41.033752 102.322266 -1.577171 12.268549 -0.521606 5.945018 -7.961488 -1.235536 1.774921 -2.046674 1.057540 -2.326895 2.845288 -0.098464 -0.939881 -14.901337 11.971557 -8.578631 0.000000 -0.000003 0.000000 -0.854853 2.462243 -3.373308 5.320581 -0.715345 16.754403 -16.579282 3.904937 38.523216 0.000000 -0.000001 0.000000 1.973770 1.111578 0.968153 5.150197 25.930159 18.161960 48.669923 40.065244 -40.631170 -0.000000 0.000003 0.000003 -3.089234 -1.866053 -16.830197 -7.244924 1.274643 -3.038498 -7.140846 4.276312 -7.814764 -0.000000 0.000001 -0.000003 -7.685991 1.803311 -16.538601 -10.357961 3.703541 -5.038345 12.423726 -17.042838 -7.814714 -0.000003 0.000001 0.000001 
41.147305 102.286018 -1.598658 12.381028 -0.257611 5.795710 -7.963830 -1.245708 1.834291 -2.093524 0.952239 -2.150152 2.914861 -0.081370 -1.026597 -14.890470 12.079551 -8.544962 -0.000000 -0.000002 -0.000001 -1.147372 2.752196 -3.536846 5.373046 -0.917783 16.737840 -17.007921 3.419815 39.622532 0.000000 0.000001 -0.000001 2.004690 1.291364 1.124374 6.306555 25.611208 18.822929 49.978116 40.798366 -41.963747 0.000003 -0.000004 -0.000004 -2.969556 -1.848842 -16.734208 -7.447415 1.181350 -2.938159 -7.097660 4.149513 -7.874780 0.000001 0.000000 0.000001 -7.381880 1.668825 -16.442833 -10.820143 3.915942 -4.884705 11.734243 -17.436085 -8.150633 0.000003 0.000003 0.000002 
41.246651 102.252747 -1.617328 12.291207 -0.176420 5.770321 -7.950146 -1.260352 1.893651 -2.054840 0.913023 -2.101910 2.783114 -0.103872 -1.174608 -14.616045 11.981748 -8.508216 0.000000 0.000001 0.000000 -0.846822 2.321052 -3.526035 5.495206 -1.047868 16.921671 -17.441829 3.394115 40.150594 0.000001 -0.000000 0.000004 1.976175 1.088664 1.285736 7.026332 25.568851 19.282170 50.851721 40.913468 -42.633850 0.000003 0.000002 0.000002 -2.529530 -1.785031 -16.735838 -7.943982 1.111336 -2.855341 -6.830688 3.972891 -7.499140 0.000001 -0.000000 0.000001 -6.931644 1.480410 -16.443218 -11.132309 3.944388 -4.805748 11.841807 -17.401659 -8.159803 0.000001 -0.000001 -0.000003 
41.341972 102.233139 -1.641764 11.962695 -0.085001 5.785628 -7.885742 -1.236485 1.936837 -1.813027 0.936613 -2.074362 2.765301 -0.176254 -1.282979 -14.484383 11.967165 -8.564604 0.000000 -0.000002 -0.000000 -0.785005 2.044388 -3.509874 5.109498 -0.682114 16.670321 -17.181986 3.308100 39.479760 -0.000001 0.000001 -0.000009 1.917992 0.920411 1.499378 7.783716 25.282727 19.601234 50.743839 40.877627 -42.381013 -0.000002 0.000003 -0.000000 -2.527637 -1.845263 -16.834316 -7.607423 1.139498 -2.743389 -6.839977 3.937894 -7.524999 -0.000000 -0.000001 0.000001 -6.662143 1.412508 -16.528829 -11.268724 3.977997 -4.653519 11.611663 -17.665321 -8.364051 -0.000003 0.000001 0.000003 
41.424992 102.216415 -1.665081 12.052520 -0.366783 5.878007 -7.849487 -1.212498 1.826006 -1.399405 1.018861 -2.143914 2.349408 0.152111 -1.178665 -14.797840 11.904092 -8.610037 0.000001 -0.000001 -0.000000 -0.628872 1.821171 -3.405945 4.722698 -0.256634 16.602365 -17.362792 3.296152 39.574574 0.000001 0.000001 -0.000003 1.873162 0.617087 1.553639 7.850228 25.383703 19.789560 52.021449 40.733011 -43.224374 -0.000003 0.000006 -0.000000 -2.617723 -1.821861 -16.939217 -7.277446 1.324920 -2.647980 -7.051997 3.975759 -7.747981 -0.000000 0.000002 -0.000001 -7.100586 1.540653 -16.513456 -11.303524 3.841215 -4.876073 11.675758 -16.978315 -8.122445 -0.000004 -0.000003 0.000001 
41.494061 102.195892 -1.687715 12.471793 -0.310902 5.779253 -7.890538 -1.206947 1.812560 -1.582476 1.045073 -2.225269 2.500533 0.045537 -1.050034 -15.197615 11.806983 -8.463768 -0.000000 -0.000001 0.000001 -0.711156 1.814527 -3.291866 5.026258 -0.552533 16.487759 -17.680402 3.499227 39.633272 0.000000 -0.000000 0.000004 1.862274 0.927391 1.474324 7.025873 25.450750 19.318854 49.579909 40.281560 -41.181717 0.000003 0.000004 -0.000001 -2.968778 -1.903595 -16.820987 -7.470316 1.412037 -2.691244 -7.108058 4.026120 -7.817940 0.000001 -0.000001 0.000001 -7.428634 1.731520 -16.384051 -11.213734 3.860422 -4.882129 11.262219 -16.602563 -8.000271 0.000001 -0.000001 0.000001 
41.559731 102.183754 -1.714808 12.236195 -0.302253 5.831889 -7.885962 -1.201651 1.690855 -1.553024 1.043946 -2.251212 2.571685 -0.150031 -0.972550 -15.238205 11.924624 -8.577143 0.000001 0.000001 0.000001 -0.834511 2.031030 -3.399066 5.067836 -0.736773 16.440691 -17.571879 3.207830 39.780794 0.000001 0.000002 -0.000003 1.869971 1.171240 1.512653 7.166656 25.414183 19.450731 50.390001 39.887734 -41.333569 0.000001 0.000003 -0.000003 -2.712871 -1.897554 -16.889502 -7.455417 1.324907 -2.670956 -7.060883 4.074500 -7.758934 -0.000000 0.000001 -0.000003 -7.001769 1.595156 -16.387067 -11.288230 3.959441 -4.908854 11.648168 -16.900888 -8.029595 0.000000 -0.000003 -0.000004 
41.615868 102.168442 -1.736912 12.203407 -0.002420 5.698414 -7.802202 -1.217112 1.735700 -1.733284 1.012315 -2.203258 2.710593 -0.195030 -1.014936 -14.866171 11.843014 -8.551551 -0.000000 -0.000001 -0.000000 -0.241629 1.841811 -3.302577 4.967436 0.208703 16.199568 -17.532233 3.578392 40.358075 0.000000 0.000001 -0.000001 2.143695 0.818608 1.440348 7.263881 25.893831 19.182139 48.395985 39.794793 -40.239605 0.000002 0.000003 0.000003 -2.610152 -1.875713 -16.762502 -7.419272 1.208693 -2.669280 -7.136843 3.919267 -7.985606 -0.000000 0.000001 0.000000 -6.755462 1.541599 -16.317641 -11.082596 3.901948 -4.800230 11.351291 -16.733627 -8.086396 0.000001 0.000001 -0.000003 
41.663406 102.159233 -1.758774 11.924514 -0.108314 5.681540 -7.790159 -1.201246 1.616087 -1.793530 1.047545 -2.271082 2.690561 -0.228829 -0.857272 -14.776416 11.934276 -8.585676 0.000000 -0.000004 0.000000 -0.651718 2.262655 -3.299707 5.461811 -0.489233 16.116508 -17.540899 3.449109 40.822647 0.000001 0.000001 -0.000005 2.179364 1.011212 1.611425 7.841934 25.527053 19.352578 49.714823 39.887202 -41.307645 0.000002 0.000003 -0.000003 -2.324221 -1.837351 -16.727598 -7.483357 1.353615 -2.631452 -7.035135 3.590104 -7.997866 -0.000000 -0.000000 -0.000001 -6.631286 1.462261 -16.297654 -11.006728 3.838384 -4.850345 11.504387 -16.421424 -7.794760 0.000001 0.000000 -0.000003 
41.710648 102.150520 -1.784670 11.959060 -0.133770 5.654877 -7.280939 -1.140297 1.625236 -2.370539 0.928304 -2.189684 2.924551 -0.297478 -0.913319 -14.959130 12.070197 -8.589751 0.000001 -0.000004 -0.000001 -0.753888 2.494957 -3.366289 5.642335 -0.676334 16.468230 -18.027333 3.892033 40.624121 0.000001 -0.000000 -0.000002 2.213443 1.312571 1.332555 6.911027 25.516200 18.652260 47.685707 39.543319 -39.788222 -0.000002 0.000005 0.000001 -2.423017 -1.811890 -16.659952 -7.529519 1.283798 -2.726940 -7.013110 3.791948 -7.842459 0.000001 -0.000000 0.000002 -6.795906 1.520561 -16.239898 -10.981474 3.908466 -4.941620 11.403016 -16.329712 -7.774079 -0.000001 0.000000 -0.000001 
41.755234 102.144905 -1.812005 11.954197 -0.087154 5.649883 -7.710855 -1.208667 1.646799 -2.040462 0.969686 -2.126460 3.012428 -0.589208 -1.031841 -15.089069 12.180355 -8.718480 0.000000 -0.000002 -0.000001 -0.700867 2.417868 -3.454904 5.490233 -0.321919 16.485420 -18.623692 4.211445 40.789398 0.000002 -0.000001 -0.000000 2.277066 1.385410 1.435085 7.214866 25.594508 18.751265 48.075366 39.797381 -40.220532 -0.000000 0.000000 -0.000000 -2.459147 -1.877434 -16.704739 -7.782832 1.361888 -2.650816 -6.939816 3.746484 -7.647639 -0.000000 -0.000001 0.000000 -6.861059 1.575119 -16.266060 -10.915158 3.762516 -4.925583 11.482491 -16.690605 -8.001047 -0.000002 0.000000 0.000003 
41.792633 102.138992 -1.836067 11.864425 -0.241085 5.751941 -7.524574 -1.168795 1.660325 -2.095662 0.934239 -2.125465 2.843286 -0.489356 -1.217891 -15.098738 11.980918 -8.625311 0.000001 -0.000003 0.000000 -0.458659 1.851301 -3.611592 5.505811 -0.626857 16.818070 -18.333939 3.772386 40.846447 0.000000 0.000002 -0.000005 2.244507 1.481572 1.709035 7.612159 25.494453 19.159413 50.471215 40.146247 -41.991368 -0.000000 0.000007 0.000003 -2.553848 -1.865609 -16.779060 -7.832231 1.379048 -2.730509 -6.849422 3.717460 -7.521308 0.000001 -0.000000 -0.000001 -7.091109 1.633824 -16.304633 -10.564586 3.649153 -5.008651 11.543619 -16.495072 -7.881464 0.000002 -0.000002 -0.000003 
41.819973 102.123169 -1.856023 12.070279 -0.078760 5.712424 -7.323992 -1.134177 1.658347 -2.293632 0.932917 -2.141740 2.885434 -0.422374 -1.175431 -15.020161 11.886187 -8.492631 0.000001 -0.000002 0.000000 -0.673305 2.275312 -3.630340 5.543477 -0.749586 16.891621 -17.804387 3.407445 40.569357 0.000002 0.000002 -0.000001 2.227137 1.293794 1.654840 7.801967 25.755160 19.513232 52.375250 40.708515 -43.550693 0.000003 0.000002 -0.000001 -2.734744 -1.909782 -16.719709 -7.684648 1.254555 -2.825996 -7.005048 3.773417 -7.777295 -0.000000 -0.000001 0.000002 -7.157149 1.680970 -16.227766 -10.513077 3.778258 -5.039085 11.369093 -16.520008 -7.907786 -0.000004 0.000002 0.000003 
41.849930 102.114670 -1.880877 12.359541 -0.237089 5.853185 -7.580183 -1.164742 1.635838 -2.124793 0.981852 -2.218464 2.684667 -0.177949 -1.166947 -14.761499 11.762654 -8.468604 0.000001 0.000002 0.000000 -0.647241 2.077850 -3.866304 5.530659 -0.758718 17.091628 -17.478557 3.090083 41.013585 0.000003 0.000001 -0.000001 2.180050 1.057287 1.748130 7.151362 25.760572 19.154065 52.511143 40.065289 -43.229579 0.000001 0.000002 0.000002 -3.110739 -1.913983 -16.840815 -7.679562 1.277716 -2.829823 -7.018444 3.948899 -7.722401 0.000001 0.000001 -0.000002 -7.447889 1.757646 -16.285539 -10.567964 3.751743 -5.024970 11.349267 -16.673651 -8.022333 0.000003 -0.000001 -0.000001 
41.875805 102.109085 -1.906754 12.444183 -0.095754 5.893195 -7.721653 -1.207144 1.740135 -2.046708 0.982306 -2.272684 2.735647 -0.211971 -1.115574 -15.270324 12.036792 -8.665468 0.000001 -0.000003 -0.000000 -0.759961 2.299346 -3.926765 5.545870 -0.879909 17.059118 -17.571927 3.633619 40.150239 0.000001 0.000002 0.000002 2.091915 1.515107 1.356120 6.442593 25.619056 18.654828 50.339170 39.703729 -41.513282 -0.000001 0.000005 -0.000003 -3.166548 -1.849656 -16.899577 -7.718320 1.196636 -2.827667 -7.011488 3.923419 -7.793585 -0.000001 0.000000 0.000002 -7.340727 1.673501 -16.270445 -10.513156 3.665455 -4.858387 11.384725 -17.130302 -8.286107 0.000000 0.000005 0.000005 
41.892761 102.102921 -1.929366 12.613107 -0.008094 5.882112 -8.031621 -1.254108 1.801497 -2.145323 0.946981 -2.257201 2.769604 -0.412726 -1.163622 -15.419403 12.062133 -8.706306 0.000001 -0.000001 0.000000 -0.676932 2.030531 -3.790480 5.353184 -1.025215 16.792420 -17.364378 3.391366 39.887075 0.000002 -0.000001 -0.000002 1.965308 1.489340 1.345480 6.727260 25.531476 19.220579 52.311186 39.777741 -42.737143 0.000001 0.000003 0.000001 -3.175036 -1.864561 -16.820615 -7.916383 1.210689 -2.874632 -6.913094 3.893634 -7.673718 -0.000000 -0.000001 0.000002 -7.005568 1.531553 -16.125419 -11.158469 3.844542 -4.749751 10.658473 -17.220133 -8.553477 -0.000002 -0.000001 -0.000003 
41.898323 102.099213 -1.953866 12.482487 -0.225677 5.947060 -7.562206 -1.192952 1.885379 -1.625199 1.053208 -2.352207 2.429630 -0.564934 -1.093292 -15.343844 12.101601 -8.780627 0.000001 0.000000 -0.000000 -0.375096 1.681812 -4.010604 5.082164 -0.638881 16.935642 -18.242568 4.040272 39.891150 0.000001 0.000002 -0.000001 2.010932 1.682925 1.467863 7.472342 25.544067 19.737486 52.387042 39.947611 -42.958526 0.000003 0.000007 0.000003 -3.105359 -1.796259 -16.780031 -7.632212 1.268894 -2.905430 -7.027977 3.729732 -7.892799 -0.000000 -0.000000 0.000001 -7.463874 1.650207 -15.960450 -10.765090 3.583601 -4.869775 10.610541 -16.771145 -8.426095 -0.000003 0.000001 0.000003 
41.875046 102.099663 -1.966163 11.607979 0.557652 5.864158 -7.054099 -1.134883 1.976388 -0.286936 1.181283 -1.931959 1.375817 -0.805573 -1.865257 -15.247639 11.408650 -8.447123 -0.000000 -0.000003 0.000000 0.560177 0.148554 -3.364046 4.423717 1.213284 16.535055 -17.874410 6.677711 36.101450 0.000001 0.000002 -0.000007 2.064042 0.594331 1.775168 8.306862 25.999503 19.799139 49.189581 39.624789 -40.924677 -0.000000 0.000006 -0.000000 -2.626832 -1.934210 -16.623487 -7.130189 2.132837 -2.742172 -7.130414 2.742183 -8.109951 0.000001 -0.000001 0.000001 -6.421817 1.373754 -15.774564 -10.287487 2.683831 -4.955507 9.700306 -16.257991 -8.556165 0.000001 0.000002 -0.000001 
41.841415 102.090103 -1.983409 12.201526 0.087077 6.011483 -7.423044 -1.181336 1.887122 -1.040842 1.087553 -2.119282 1.935536 -0.915984 -1.417307 -15.053329 11.932398 -8.733507 0.000000 0.000001 0.000001 -0.274528 1.450585 -3.642239 5.356946 -0.509156 16.579871 -17.747318 5.210546 37.949279 0.000000 0.000001 0.000000 2.078210 1.311577 1.778960 8.282087 25.998584 20.304730 51.408577 39.087206 -41.842613 0.000001 0.000005 0.000006 -2.681937 -1.806926 -16.633700 -7.664682 1.654053 -2.821676 -6.959755 3.195080 -7.872955 0.000002 -0.000000 0.000001 -7.077401 1.548733 -15.590481 -9.977274 2.997031 -4.992751 10.239302 -16.664483 -8.503922 -0.000003 0.000001 -0.000006 
41.766678 102.097244 -1.994083 11.292686 0.330941 5.983050 -6.618855 -1.014503 1.759217 -1.974177 0.858652 -1.792422 3.012556 -0.585715 -1.910265 -14.962161 11.306587 -8.543546 -0.000001 0.000000 -0.000000 0.324092 -0.045097 -3.262392 4.239297 0.917559 16.052980 -18.027798 6.351355 36.079218 -0.000001 0.000001 -0.000001 1.963328 0.442704 2.410102 8.832042 25.754847 20.508661 50.915000 39.164749 -41.567886 -0.000003 0.000002 0.000003 -2.410539 -1.856092 -16.466749 -6.996424 2.205099 -2.542233 -7.101883 2.706799 -8.169652 0.000000 -0.000000 0.000001 -6.149811 1.243459 -15.304226 -9.609388 2.471959 -5.053353 9.964761 -16.063305 -8.239477 -0.000002 -0.000001 -0.000000 
41.645752 102.110138 -2.001241 11.816470 0.896909 6.100424 -7.215058 -1.078544 1.455911 -2.028641 0.929525 -1.823401 3.340229 -0.979252 -1.916743 -16.271845 11.612874 -8.304305 0.000001 -0.000000 0.000000 0.473602 -0.823242 -3.035673 3.645631 1.447494 15.822625 -16.879312 6.042431 34.947056 0.000002 -0.000001 -0.000000 1.714156 0.905701 2.297726 8.643669 25.358534 20.343495 49.723637 39.176138 -40.562994 0.000003 0.000003 0.000006 -3.154218 -1.941281 -16.298863 -6.815947 2.425135 -2.409267 -6.909134 2.083173 -8.040494 -0.000002 -0.000000 0.000003 -5.886910 1.142684 -14.999507 -9.995516 2.288041 -4.659390 8.473213 -16.714352 -8.950417 0.000001 -0.000001 -0.000003 
41.495792 102.128952 -2.006201 11.460134 -0.069169 6.409254 -6.740940 -0.962397 0.917379 -1.832133 1.076234 -1.964102 2.977753 -0.754459 -1.596609 -16.566067 11.774758 -8.296623 0.000001 -0.000000 0.000000 0.380510 -0.679611 -2.729990 3.523231 1.901503 15.320295 -15.922899 5.950846 34.248935 -0.000001 0.000001 -0.000005 1.775154 1.269962 2.081342 7.598947 25.307560 19.404497 49.179193 38.507531 -39.842904 -0.000003 0.000005 0.000001 -2.876743 -1.994801 -16.165359 -6.847569 2.372599 -2.626889 -7.232962 3.191912 -8.080022 0.000002 -0.000001 -0.000001 -6.200523 1.345465 -14.728570 -10.033808 2.479987 -4.647293 7.781395 -16.295158 -8.774689 0.000001 -0.000003 -0.000000 
41.276249 102.163971 -2.018268 12.053645 -0.071292 6.436552 -7.658389 -1.051618 0.594704 -1.502495 1.277850 -2.279888 2.705967 -0.948263 -1.221086 -15.713255 11.626752 -8.281452 -0.000001 -0.000001 0.000000 0.186645 -0.416806 -2.400502 3.542721 1.972146 14.747046 -15.399930 5.872052 34.308935 -0.000001 0.000001 -0.000001 1.739315 1.628781 1.647593 6.145643 25.275349 18.388104 46.677540 36.374118 -37.166488 -0.000000 0.000006 0.000008 -3.901501 -1.950601 -15.775645 -6.706178 2.310218 -2.406926 -7.128581 3.082153 -8.075651 -0.000000 -0.000001 -0.000000 -6.882677 1.549783 -13.821867 -10.058573 2.527973 -4.434171 5.468986 -16.901773 -9.893258 0.000001 -0.000001 -0.000002 
40.970192 102.213905 -2.031047 12.691191 0.136528 6.393728 -9.039468 -1.231916 0.153171 0.748735 1.726283 -2.574017 1.132000 -1.219688 -0.793701 -14.874873 11.460534 -8.155978 -0.000000 0.000002 0.000001 0.201934 -0.101203 -2.301997 3.736114 1.701710 14.498898 -14.782797 5.505906 34.261052 -0.000001 0.000002 0.000002 1.864105 1.438887 1.547049 6.511924 24.954624 18.178883 45.352647 36.929433 -36.747101 -0.000003 0.000011 0.000002 -4.492051 -1.928217 -15.131463 -7.151744 1.974682 -2.221857 -7.042827 2.735911 -8.374740 -0.000000 0.000000 0.000000 -7.210596 1.693227 -12.624158 -9.957290 2.674070 -4.018987 2.636657 -16.523524 -10.583665 -0.000003 0.000000 0.000002 
40.623810 102.263100 -2.039045 11.289743 0.456259 6.293056 -7.520930 -1.024308 -0.278867 -0.369321 1.465614 -2.388781 1.720558 -1.544974 -0.882974 -14.285865 11.047624 -7.716964 -0.000000 -0.000004 -0.000001 1.056046 -0.381973 -2.237326 4.266732 1.669727 14.536497 -15.247576 6.033780 34.592787 0.000000 0.000002 -0.000005 2.105148 1.427631 1.457180 5.576193 25.107724 16.883302 43.616980 36.601966 -35.430336 -0.000000 0.000006 0.000004 -3.895390 -1.853303 -14.656005 -6.492095 1.598815 -1.912868 -6.946911 2.380040 -8.563019 0.000001 0.000000 -0.000000 -5.710392 1.265024 -11.676348 -9.632909 2.710183 -3.788554 0.868765 -15.378137 -10.546981 -0.000004 0.000000 -0.000002 
40.139011 102.326210 -2.035197 10.210936 0.568501 6.276093 -6.397775 -0.885611 -1.034433 0.946042 1.605839 -2.378780 0.279930 -2.161431 -0.694792 -13.841645 10.928405 -7.419694 -0.000001 -0.000003 -0.000001 1.086693 -0.081741 -2.213292 4.619600 1.044091 14.579052 -14.418791 5.502186 34.578331 0.000000 0.000002 -0.000001 2.185915 1.414264 1.261774 5.508920 25.172476 16.844601 42.747804 36.050100 -34.568830 0.000003 0.000007 0.000003 -3.195546 -1.576433 -13.805781 -5.813261 1.733559 -1.499898 -6.731987 0.962243 -8.787359 0.000002 -0.000001 -0.000001 -5.299658 1.044252 -10.170436 -8.775852 2.263710 -4.080917 0.833401 -11.656042 -8.134252 0.000002 0.000001 0.000003 
39.502838 102.421028 -2.031396 9.669979 0.528714 6.148339 -5.845464 -0.783415 -1.886919 1.832434 1.686574 -2.354733 -0.649615 -2.197724 -0.543987 -13.403210 10.456852 -6.915292 0.000001 -0.000004 -0.000001 0.510768 0.926999 -2.239586 5.767588 -0.561728 14.450377 -15.737258 6.411096 34.778989 0.000000 0.000002 -0.000001 2.208892 1.227353 1.161908 6.259529 24.915261 17.101230 43.777708 35.990845 -35.204755 0.000004 0.000007 0.000003 -3.854245 -1.525547 -12.574032 -4.291875 1.734965 -1.135642 -6.800776 0.321970 -9.237462 0.000003 0.000000 -0.000000 -5.595792 1.123139 -8.292039 -7.491894 1.917063 -4.325934 0.075334 -8.303556 -6.013202 -0.000001 0.000001 0.000003 
38.808994 102.533501 -2.026811 8.661579 0.949345 5.698296 -4.995850 -0.652714 -2.259720 2.292647 1.526350 -1.950670 -1.189132 -3.088440 -0.834677 -12.794527 9.758039 -6.517385 -0.000000 0.000000 -0.000000 0.738251 0.683324 -2.142597 5.881771 -0.665357 14.121308 -15.074007 6.551524 34.465462 -0.000001 0.000001 -0.000005 2.296295 1.780603 0.952355 5.848611 24.361591 16.325761 40.451655 34.388196 -32.490264 -0.000001 0.000001 -0.000002 -3.523739 -1.332753 -11.314265 -3.731104 1.758145 -0.611830 -6.447211 -0.623797 -9.197517 -0.000000 0.000000 -0.000002 -4.957408 0.945082 -6.579493 -7.147405 1.785593 -4.306201 -1.563049 -6.099121 -4.919985 -0.000001 -0.000002 0.000001 
37.912426 102.689896 -2.013149 7.519686 0.850298 5.230144 -4.595474 -0.556669 -3.202367 2.763968 1.527165 -1.877883 -1.626942 -3.207338 -0.461369 -11.991787 8.821302 -5.900263 0.000001 -0.000002 -0.000001 1.826852 -0.386204 -2.020063 4.990636 0.412864 12.867301 -13.882391 5.872965 34.429450 -0.000001 0.000002 -0.000003 2.292985 1.573086 0.387539 5.623891 23.608149 15.517543 38.994554 32.956704 -30.955753 -0.000002 0.000009 0.000000 -3.045017 -1.081903 -9.578734 -3.190143 1.836404 0.006816 -5.756859 -1.260804 -8.261085 -0.000000 0.000000 0.000001 -4.773025 0.814242 -4.426681 -6.479964 1.379282 -4.783599 -2.548885 -3.921608 -3.837183 -0.000001 0.000003 -0.000000 
36.796494 102.903008 -1.999652 7.439409 1.492133 4.054746 -5.032281 -0.588816 -3.661126 3.316848 1.383245 -1.439105 -1.555161 -4.255581 -0.535469 -12.416732 7.877477 -5.133245 -0.000001 -0.000001 -0.000000 1.120529 0.876976 -2.208391 5.647544 -0.971375 11.342379 -13.017535 4.614136 34.793277 0.000000 0.000002 -0.000003 2.236440 1.958298 -0.278766 5.438396 22.622309 14.659352 41.647229 33.454133 -32.444826 -0.000000 0.000004 -0.000001 -3.937484 -1.067060 -7.059403 -3.124506 1.720626 0.868400 -4.332996 -2.020109 -6.385094 -0.000000 0.000000 0.000000 -4.243007 0.692134 -1.756667 -7.143417 1.430868 -4.395976 -4.501756 -2.413964 -3.310786 -0.000001 0.000002 0.000003 
35.620403 103.128059 -1.977074 7.666704 0.937746 3.471865 -4.744545 -0.495258 -4.285459 1.969315 1.216778 -1.528078 -0.607251 -3.504270 -0.098059 -12.550006 6.905927 -4.485896 -0.000000 -0.000001 -0.000000 0.836856 1.023404 -2.437522 5.629980 -1.589989 9.965502 -12.006569 3.329454 34.912526 -0.000001 0.000002 -0.000001 2.055982 2.113828 -0.488193 5.714693 21.704798 14.414650 44.856584 33.986816 -34.346873 -0.000000 0.000004 0.000004 -4.370792 -1.081419 -5.236078 -3.014273 1.702486 1.351020 -3.756428 -1.607232 -5.208614 0.000001 -0.000001 -0.000000 -4.761310 0.831349 0.072434 -7.382617 1.395867 -4.187419 -4.591824 -1.455767 -2.796053 -0.000001 -0.000000 -0.000000 
34.215836 103.437248 -1.952553 7.105690 -0.185476 2.537773 -3.559064 -0.272578 -4.814671 1.708813 1.180300 -1.395675 -0.773284 -2.377069 -0.009617 -13.091526 5.195285 -3.386326 0.000001 0.000001 0.000000 1.772333 -1.692311 -2.543984 3.811939 -0.405639 6.470674 -8.924955 -0.378640 36.162112 -0.000001 0.000002 -0.000001 1.265339 1.140372 -0.395625 7.968545 19.965292 16.452329 50.107207 33.715453 -36.892471 0.000004 0.000003 0.000001 -4.868940 -1.157210 -2.658049 -1.806750 1.856215 1.677475 -2.872145 0.200717 -2.911503 0.000001 -0.000000 0.000000 -5.251113 1.045591 2.740714 -6.004582 0.650956 -3.606827 -5.444535 0.073391 -1.870250 -0.000001 -0.000001 0.000001 
32.574329 103.804794 -1.925678 7.371961 -0.675950 1.183573 -2.997710 -0.251377 -4.790251 2.447833 1.223227 -1.177735 -1.201281 -2.763955 -0.359220 -13.460455 3.600848 -2.167464 -0.000000 0.000000 -0.000000 2.880737 -3.005183 -3.100190 3.296252 1.244656 3.213148 -4.820990 -2.344098 37.001501 -0.000001 0.000004 -0.000001 1.530245 1.687890 -1.022175 9.409342 18.795475 16.317672 51.670098 31.245988 -36.698258 -0.000002 0.000005 -0.000003 -6.077872 -1.372256 0.118174 -0.505136 1.574338 2.327327 -2.025571 2.249212 -0.737694 0.000001 -0.000000 -0.000000 -5.355767 1.259496 6.236115 -6.818259 0.827704 -2.792019 -7.161481 0.051128 -2.077252 -0.000003 0.000001 -0.000002 
30.912157 104.175560 -1.901123 6.352271 -1.244553 0.192376 -0.530044 -0.049564 -4.748374 1.673423 0.901857 -0.964274 -1.248306 -3.755444 -0.463974 -13.015686 3.002994 -1.771336 -0.000000 0.000000 0.000000 1.927250 -1.731430 -4.161049 3.359387 1.158215 0.638561 -1.258657 -3.945741 37.328288 0.000000 0.000002 0.000002 1.821100 3.378857 -1.132864 10.098650 17.358883 16.004434 49.077081 28.154933 -33.262284 0.000001 0.000003 0.000001 -5.721643 -1.121088 2.169694 0.130217 1.571987 2.821342 -1.572677 3.848402 0.504318 0.000003 -0.000000 0.000001 -4.319644 1.233107 9.006219 -8.183275 1.344169 -2.504600 -8.753048 -0.239598 -2.433035 -0.000001 0.000001 -0.000002 
29.066412 104.541840 -1.874231 6.102024 -0.992803 -1.026703 1.564893 0.085617 -4.591261 1.279727 0.702658 -0.812539 -1.477197 -3.519632 -0.824367 -13.592496 1.386963 -0.502260 -0.000000 -0.000001 -0.000001 3.106099 -2.796766 -5.365622 2.878983 2.840841 -2.231178 0.674894 -4.828008 38.281960 -0.000003 0.000004 0.000003 2.621831 4.127223 -0.642947 10.428425 15.378745 14.188630 45.828551 23.479520 -28.707534 -0.000000 0.000003 0.000003 -6.343957 -1.173596 4.279415 0.996426 1.308223 3.020507 -1.946054 7.233501 1.628748 -0.000000 0.000001 -0.000001 -3.565905 1.260945 12.067981 -9.914578 1.715194 -1.830344 -10.341607 -0.016071 -2.782564 -0.000001 0.000003 0.000002 
27.078775 104.911331 -1.859864 7.442958 -0.900343 -2.147532 -0.260895 -0.064562 -4.742529 3.882532 1.097689 -0.976151 -2.992447 -4.164751 -0.403990 -13.441315 0.533670 0.282160 0.000000 -0.000001 -0.000000 1.438505 -1.007633 -7.327827 2.710227 1.912643 -6.448362 4.046654 -7.241090 38.254906 0.000000 -0.000001 -0.000002 2.915356 5.062608 0.845392 13.414445 11.817244 14.686343 45.326013 17.932146 -24.536471 0.000002 0.000002 0.000003 -8.019479 -1.452621 5.996057 1.090381 1.024145 2.607424 -2.673597 12.308182 3.630133 0.000001 -0.000001 -0.000001 -4.614560 1.341893 15.065329 -11.082507 2.044820 -0.937617 -11.837915 -0.333323 -3.458432 0.000004 -0.000001 -0.000002 
25.147465 105.244667 -1.845650 7.131301 -0.197363 -3.202040 0.248772 0.017783 -4.540647 4.140915 1.129697 -0.869314 -3.552912 -4.209025 -0.435230 -12.787804 -0.507785 1.304034 -0.000001 -0.000001 -0.000000 1.044360 -1.076101 -8.899209 2.268809 2.134633 -9.893888 5.981154 -9.177980 38.617651 -0.000001 -0.000001 -0.000002 3.050027 4.230653 2.297997 16.199026 8.997496 15.306461 45.837201 13.235345 -21.114188 -0.000002 0.000005 -0.000003 -7.979433 -1.517030 7.096036 1.110787 0.777877 2.344190 -3.895697 16.118541 4.433387 0.000002 -0.000002 0.000000 -4.096095 1.441527 17.290419 -12.093623 2.380961 0.110171 -13.145391 -0.940549 -4.175046 0.000001 0.000000 -0.000001 
23.165924 105.527916 -1.826513 6.748280 -0.330711 -3.520630 -0.446782 -0.026030 -4.737971 5.576526 1.594779 -1.400117 -3.920221 -4.515365 -0.094784 -12.112839 -0.914289 1.945363 0.000001 0.000000 -0.000000 -0.083533 -0.249825 -11.441766 2.207475 1.906401 -14.230234 7.812008 -10.812605 38.192502 0.000002 0.000001 0.000004 3.430515 3.957098 4.042713 18.028450 6.285342 15.201491 46.637317 5.930277 -15.960388 0.000001 0.000003 0.000003 -7.632584 -1.531714 6.592089 1.460118 0.697242 1.469944 -5.313712 19.449341 4.694944 0.000001 -0.000001 -0.000000 -3.240266 1.539616 18.767014 -13.372100 2.841982 1.235865 -14.353902 -1.747446 -4.905108 -0.000003 0.000003 0.000002 
21.195961 105.754295 -1.796951 6.996405 0.437349 -3.499429 -0.867138 -0.130918 -5.008894 6.582549 1.870508 -1.647742 -4.618125 -4.516466 -0.357081 -11.511613 -1.957793 3.221410 0.000001 0.000000 0.000000 -0.292795 0.104136 -14.007986 2.698281 1.367888 -19.335600 9.232964 -11.332131 37.900160 0.000004 -0.000000 -0.000007 4.002996 1.198830 5.812045 21.475884 3.930956 16.078081 46.911467 0.161742 -12.142896 -0.000003 0.000006 0.000001 -9.024689 -1.970623 4.703122 4.172953 0.936500 0.265033 -6.801009 20.436754 2.961923 0.000001 -0.000001 0.000001 -3.831030 1.666801 19.815863 -12.838173 2.531333 2.148050 -15.831086 -2.001874 -5.352056 0.000000 0.000001 -0.000000 
19.361609 105.936554 -1.777430 8.117508 1.826592 -3.613844 -0.907903 -0.184563 -4.958258 5.822650 1.623409 -1.269745 -3.806695 -4.718717 -0.984656 -12.104826 -3.022180 4.055615 -0.000000 -0.000001 -0.000000 -0.529994 0.296472 -15.842019 2.978523 1.198841 -23.840249 10.424600 -11.949403 37.877077 -0.000001 -0.000002 0.000001 4.330897 -1.246350 7.135590 24.284845 2.110486 16.826074 47.071946 -3.689616 -9.394881 0.000002 0.000004 0.000004 -10.291096 -2.472527 3.069311 4.685506 1.070073 -0.461282 -7.279756 20.590466 2.369040 0.000001 0.000002 0.000000 -5.290679 1.900351 20.371753 -12.522252 2.158593 2.977862 -16.953896 -2.667453 -6.223202 -0.000001 -0.000000 -0.000000 
17.583263 106.065559 -1.757688 8.830287 2.041595 -4.025770 0.517902 -0.161647 -4.762497 3.480216 1.264669 -1.050740 -2.522401 -4.351728 -1.198726 -12.509196 -3.839228 4.924026 -0.000000 -0.000001 0.000000 -0.835980 1.229943 -18.390281 3.696127 1.397698 -29.244944 12.017638 -12.516533 37.371619 0.000000 0.000002 -0.000003 4.957031 -1.794067 8.000408 27.149117 0.081670 16.692468 46.359796 -8.342204 -5.907014 0.000002 0.000010 0.000007 -10.254182 -2.790924 1.235614 3.974380 0.845059 -0.942169 -7.937201 20.490988 1.269353 0.000001 -0.000002 0.000001 -5.931800 2.262470 21.535901 -12.098633 1.928728 3.551781 -17.472613 -2.486520 -6.277203 -0.000003 0.000002 -0.000001 
15.848341 106.148865 -1.722806 11.082199 1.861917 -4.372833 -0.289367 -0.264428 -4.895658 3.339457 1.266320 -0.969464 -2.471908 -4.720045 -1.133052 -13.671051 -4.500813 5.716203 -0.000001 0.000001 0.000001 -1.099020 1.188546 -21.004626 3.787303 1.569507 -34.942835 13.361313 -13.479768 35.219741 0.000002 -0.000002 0.000003 5.239113 -2.044179 8.891805 27.358386 -1.162379 16.057280 47.744436 -12.539583 -2.233558 -0.000002 0.000004 0.000004 -11.823959 -3.301001 -0.713177 4.041293 0.736482 -1.337056 -8.310520 20.092045 0.285336 0.000002 0.000001 0.000001 -7.576418 2.383323 22.807877 -12.638276 2.061466 3.887544 -17.611052 -3.227536 -6.879831 -0.000001 0.000000 0.000001 
14.255711 106.214622 -1.689929 12.781943 1.747772 -4.429704 0.357696 -0.163055 -4.964520 3.091676 1.319557 -0.836252 -2.682313 -5.173345 -1.347905 -15.599730 -5.072999 6.120264 -0.000000 0.000000 -0.000000 -1.405547 0.990389 -22.926474 4.362177 1.029951 -39.402012 13.329599 -12.765581 34.160508 0.000004 -0.000000 -0.000003 5.364489 -1.770271 9.055196 26.193873 -0.867374 14.924030 49.329443 -16.447854 0.727194 -0.000000 0.000005 0.000003 -13.299028 -4.001892 -2.344485 4.831516 1.147650 -1.534967 -8.798254 20.264476 0.091561 -0.000001 -0.000001 -0.000000 -9.186548 2.632110 23.331247 -11.735331 1.663814 4.184678 -17.835451 -3.953331 -7.574143 0.000001 0.000000 -0.000000 
12.741270 106.257530 -1.667618 12.046257 0.506539 -4.595776 -0.174904 -0.252693 -5.079854 1.636809 1.090176 -0.787583 -0.854707 -5.175846 -1.138537 -14.756887 -5.337411 5.946816 0.000000 -0.000000 0.000001 -1.282755 1.054853 -25.397083 4.812616 1.902825 -44.643780 13.482605 -12.129426 31.335480 0.000004 -0.000001 -0.000002 6.246604 -2.440031 11.019190 27.225638 -1.788818 14.225058 52.681925 -19.093225 2.828752 0.000002 0.000003 -0.000000 -12.322332 -3.770301 -3.871386 4.026138 1.318248 -1.391889 -8.615262 18.107608 -0.894186 0.000002 0.000000 -0.000000 -8.902096 2.621416 24.466378 -10.886271 0.996570 3.623790 -16.896030 -3.413831 -7.697886 0.000002 -0.000002 0.000001 
11.325094 106.296127 -1.639563 11.918760 0.471676 -4.875192 -1.165248 -0.416767 -5.030588 3.129163 1.261703 -0.350604 -1.251645 -5.670104 -1.421208 -14.453695 -5.220596 6.336581 -0.000000 0.000000 -0.000000 -1.178277 1.336758 -27.531967 5.874178 3.293055 -50.769274 12.928090 -10.764173 28.910896 -0.000001 -0.000002 -0.000006 7.293417 -3.679569 12.962062 28.901911 -2.547943 13.400249 54.384907 -21.830616 4.719676 0.000004 0.000006 0.000004 -13.147106 -4.127942 -5.660109 6.094751 1.619459 -0.871622 -8.238346 15.665623 -1.624408 -0.000000 -0.000001 0.000000 -9.406617 2.840374 25.307596 -9.865140 0.477656 3.894602 -17.541685 -3.772697 -8.376099 0.000001 -0.000002 0.000002 
10.036325 106.336418 -1.623325 12.043937 0.016866 -5.124988 -2.199137 -0.609098 -5.007051 4.974101 1.419614 -0.055613 -2.357018 -5.958980 -1.525297 -13.841950 -4.878498 6.398525 -0.000000 0.000000 -0.000000 -1.015159 1.921068 -29.134326 6.926393 4.531344 -55.586521 13.826296 -10.010906 27.444463 -0.000001 0.000001 0.000000 8.195915 -4.564445 14.127229 29.725970 -2.822378 12.584040 56.143824 -23.932535 5.733353 -0.000005 0.000003 0.000001 -13.199697 -4.094005 -6.389759 6.955679 1.543301 -0.732748 -7.560968 13.623120 -1.916169 0.000002 -0.000001 0.000001 -10.096568 2.807988 26.107285 -9.216419 0.405372 3.756085 -17.816272 -3.759735 -8.583807 -0.000001 -0.000002 -0.000002 
8.850565 106.345985 -1.601741 10.599596 -0.004823 -5.364943 -0.556597 -0.477789 -4.884519 1.870829 0.751760 0.632979 0.232266 -6.457304 -1.936867 -13.073114 -4.149313 6.148482 -0.000000 -0.000002 -0.000001 -1.445205 2.932438 -30.757749 8.111179 5.254902 -60.683574 13.516575 -8.416756 24.476799 -0.000001 0.000003 0.000003 8.663736 -4.597464 14.973291 31.979550 -4.108257 12.587010 58.119794 -25.888816 6.936685 0.000001 0.000003 0.000003 -10.813522 -3.973947 -6.815889 4.788011 1.579890 -0.149414 -7.271135 12.604487 -1.932134 0.000001 0.000001 -0.000001 -7.273620 3.143657 26.699513 -11.434736 1.059970 3.618564 -19.131374 -3.912246 -8.944058 -0.000003 -0.000001 0.000001 
7.759985 106.325813 -1.576975 9.953373 -0.909450 -5.655905 0.300481 -0.435003 -4.870890 2.975190 0.812647 0.981525 -1.177252 -6.171223 -1.968690 -14.061945 -4.416938 6.326347 -0.000000 -0.000001 -0.000000 -0.751997 2.874138 -31.937039 9.124809 4.864472 -65.669216 12.312310 -5.647540 21.273611 0.000002 0.000002 0.000002 9.587785 -5.428543 15.940705 33.643767 -5.021885 12.331680 60.169431 -27.728616 7.951280 -0.000001 0.000005 0.000001 -8.688657 -3.461101 -6.623695 2.350577 1.431467 0.358208 -7.454941 12.490357 -1.961678 0.000001 -0.000001 -0.000000 -5.785525 3.176493 27.362067 -12.773051 1.194257 3.355820 -18.997271 -3.413829 -9.145066 -0.000004 0.000002 0.000002 
6.770819 106.304565 -1.563975 11.240289 -0.500369 -6.188952 -1.938961 -0.701530 -4.517941 4.569006 0.973380 1.578562 -1.158997 -7.372417 -2.227717 -13.407300 -3.724617 5.993229 0.000001 0.000000 0.000000 -0.673736 4.672944 -32.715954 10.288732 3.496337 -69.217820 12.852920 -4.118907 19.799986 0.000002 0.000002 -0.000003 10.456972 -5.062014 16.347667 34.453878 -4.887770 11.243267 59.553137 -29.326056 8.125462 0.000003 0.000003 0.000001 -9.170203 -3.675745 -6.138781 0.984658 1.465308 0.772593 -7.558929 11.872609 -1.909858 0.000002 0.000001 -0.000001 -6.966406 3.312410 28.072299 -12.968649 0.890112 3.330582 -19.829183 -3.022658 -9.515715 -0.000001 0.000001 -0.000000 
5.876009 106.266319 -1.549437 10.420893 -0.109660 -6.790850 -2.194678 -0.811294 -4.070487 5.127544 0.924443 2.132105 -1.230544 -7.098591 -2.561901 -12.238010 -3.651478 6.106367 0.000000 -0.000002 -0.000001 -0.011837 4.684454 -33.510175 11.297258 2.238566 -72.439047 13.966189 -2.355442 18.421585 -0.000001 0.000001 -0.000001 11.539944 -6.452474 17.343440 36.104544 -5.513952 10.596034 59.997550 -31.355609 7.834037 0.000006 0.000005 0.000001 -7.034253 -3.117204 -5.480157 -0.621315 1.808467 1.256902 -7.140416 9.954815 -1.836065 -0.000000 0.000000 -0.000001 -5.566331 3.284682 28.782434 -14.397607 0.486521 3.030237 -19.210542 -3.324499 -10.414683 -0.000005 0.000002 -0.000000 
5.072268 106.224419 -1.529540 9.758310 -0.233453 -6.943111 -1.232266 -0.739695 -3.993508 3.667222 0.524205 2.531307 0.041502 -7.164892 -2.759035 -11.335887 -3.162466 5.703515 0.000001 -0.000001 0.000000 -0.225809 5.810335 -33.997874 12.037859 2.269325 -75.100635 16.095440 -2.063105 16.504560 -0.000001 -0.000002 -0.000000 12.050009 -7.047526 17.606841 37.925083 -5.922788 10.955763 59.363599 -32.305804 6.799572 0.000003 0.000003 0.000001 -5.117892 -2.643477 -5.212389 -1.973488 2.110522 1.446160 -6.696889 8.899135 -1.515652 0.000001 0.000000 0.000000 -4.288784 3.253092 28.978082 -15.161751 0.294582 2.878548 -18.463193 -3.487826 -10.494982 -0.000001 0.000004 -0.000000 
4.352689 106.178352 -1.513257 9.855305 -0.405722 -6.982133 -0.692248 -0.710387 -4.127820 1.341396 0.030800 2.770565 1.835983 -6.883694 -2.791463 -11.161683 -2.767343 5.555504 0.000002 0.000000 -0.000000 -0.259407 6.144023 -34.316366 12.574398 2.203755 -76.630508 17.479501 -1.856878 15.419313 -0.000001 0.000001 -0.000002 12.379930 -7.570881 17.773691 38.862369 -5.823699 11.106129 60.134823 -33.370597 6.707678 0.000002 0.000003 -0.000000 -3.979380 -2.382059 -5.128474 -3.740256 2.130761 1.565977 -6.795707 8.889214 -1.531443 0.000001 -0.000001 0.000001 -4.185832 3.231155 29.004846 -15.416649 0.245385 2.831615 -18.266431 -3.276629 -10.174621 -0.000003 0.000001 -0.000000 
3.697029 106.135338 -1.493334 9.755131 -0.346004 -7.051372 -1.352606 -0.756036 -4.209413 1.852987 0.088598 2.909567 1.629330 -7.173548 -2.812185 -10.360980 -2.402922 5.461707 0.000001 -0.000000 0.000001 -0.769758 6.538389 -34.112475 12.610594 3.421910 -77.977046 18.428352 -2.617918 13.509523 0.000000 0.000001 0.000001 12.270171 -8.776025 18.315309 40.052731 -6.380676 12.241596 61.479639 -32.798439 6.686075 -0.000002 0.000004 0.000004 -3.152124 -2.252475 -5.080835 -4.358086 2.401235 1.860038 -6.792327 8.230392 -1.673905 0.000002 -0.000001 0.000001 -3.931167 3.159727 29.147409 -15.196537 0.000112 2.611417 -18.113347 -2.844700 -9.575936 -0.000001 0.000001 -0.000003 
3.103071 106.084236 -1.477868 9.844698 -0.802522 -6.898490 -2.264541 -0.823459 -4.582596 3.045725 0.280425 3.035091 0.990788 -7.269492 -2.850906 -9.844687 -2.231832 5.568932 0.000000 0.000000 -0.000000 -1.121139 7.468503 -34.142733 12.687949 2.634619 -77.645126 19.153966 -2.443835 11.798628 -0.000003 0.000001 -0.000002 12.232476 -9.138049 18.230941 41.335431 -6.211182 12.966347 62.742917 -32.764978 6.510881 0.000003 0.000005 0.000006 -2.092313 -2.025405 -5.112823 -5.444713 2.340439 1.918513 -6.665931 8.313772 -1.371565 -0.000001 -0.000001 0.000001 -3.224701 3.208928 29.127980 -15.969174 0.235564 2.444853 -17.651685 -2.711411 -9.337156 -0.000003 -0.000001 -0.000003 
2.570005 106.024551 -1.448964 10.129978 -1.233574 -6.941656 -2.347308 -0.826934 -4.760892 1.317461 -0.160262 3.298951 2.371427 -7.040083 -3.019551 -9.964660 -2.141505 5.578168 0.000000 0.000000 -0.000000 -1.273778 7.881144 -34.006074 12.605935 1.850963 -77.259985 19.194035 -1.947299 10.255310 -0.000002 -0.000001 -0.000002 12.214573 -9.756713 18.334451 42.220070 -6.079971 13.642815 63.770512 -32.487112 6.369455 0.000003 0.000004 -0.000001 -1.651124 -1.951036 -5.014300 -5.525033 2.381051 2.022474 -7.178717 8.371637 -2.185368 0.000002 0.000000 -0.000000 -2.639466 3.221650 29.325397 -16.622700 0.438219 2.215293 -17.352977 -2.384486 -8.974019 -0.000004 0.000002 -0.000003 
2.083322 105.966125 -1.418190 10.367389 -1.613139 -6.876124 -3.395556 -0.917141 -5.124518 2.240455 -0.115772 3.550403 1.796631 -7.141581 -3.221730 -9.393874 -2.228813 5.559779 0.000001 -0.000002 -0.000000 -1.354388 8.352327 -33.961948 12.646759 0.903068 -76.375360 19.251918 -0.636376 8.382384 -0.000001 0.000002 -0.000001 12.378610 -10.316268 18.398967 43.448066 -6.020318 14.315586 65.269404 -32.927768 6.038005 -0.000001 0.000006 0.000004 -1.081675 -1.714803 -4.970957 -6.326714 2.491527 2.066804 -7.404152 8.318675 -2.525067 -0.000000 0.000001 0.000000 -2.142131 3.162339 29.318474 -17.438798 0.431194 2.051694 -16.844848 -1.949360 -8.597042 -0.000003 -0.000001 -0.000000 
1.640333 105.919884 -1.399227 10.314165 -1.708467 -7.028822 -4.235917 -0.967682 -5.379597 2.665493 -0.136112 3.680901 1.841024 -7.194143 -3.230797 -8.817697 -2.496938 5.683234 0.000000 -0.000000 0.000001 -1.325142 8.293471 -33.650757 12.994347 1.768741 -76.127840 19.945465 -0.112706 6.420857 -0.000001 -0.000000 -0.000001 12.616784 -10.770560 18.718615 44.012110 -5.585307 14.684381 66.081349 -33.103721 5.373548 -0.000001 0.000007 0.000003 -0.616838 -1.473116 -4.773206 -7.201979 2.517954 2.224255 -7.010370 8.005520 -2.016411 -0.000000 0.000001 -0.000001 -1.703898 3.175921 29.605428 -18.164953 0.619193 1.869478 -16.350066 -1.790767 -8.417669 -0.000003 0.000002 0.000003 
1.242721 105.872520 -1.380899 10.583456 -1.972081 -7.068359 -4.455562 -0.997142 -5.607337 1.405377 -0.389513 3.829382 2.868262 -7.182656 -3.289907 -9.106904 -2.494978 5.875498 0.000001 -0.000001 -0.000000 -0.709033 7.374452 -33.213625 13.371776 2.104628 -76.141610 20.951858 -0.351143 5.757612 -0.000001 -0.000000 0.000000 12.847682 -10.780487 18.698107 44.377511 -4.919686 14.834042 66.358853 -33.089705 5.159998 -0.000000 0.000003 0.000001 -0.117458 -1.457354 -4.680713 -8.326166 2.278071 2.274663 -6.689157 8.005938 -1.488712 0.000001 -0.000000 -0.000001 -1.415167 3.301234 29.725239 -18.946496 1.009671 1.820828 -16.115640 -1.820125 -8.242739 -0.000006 -0.000002 -0.000003 
0.881619 105.832504 -1.366179 10.971142 -2.056636 -7.219358 -4.653218 -1.028804 -5.750332 0.677246 -0.536064 3.802925 3.235689 -6.928708 -3.182013 -8.747349 -2.832313 5.974465 0.000000 -0.000000 0.000001 -0.338703 7.296052 -33.101101 13.937512 2.357826 -76.050823 21.609240 0.901261 4.669389 -0.000003 0.000002 -0.000001 13.291863 -10.906273 19.056363 44.467714 -4.210295 14.589356 66.643522 -33.979341 4.492045 0.000002 0.000003 0.000003 0.000768 -1.291190 -4.445039 -8.953611 2.301099 2.352645 -6.534705 7.347818 -1.654280 0.000001 0.000000 0.000001 -1.225430 3.310534 29.997907 -19.754410 1.084154 1.613261 -15.623936 -1.544323 -8.120556 -0.000003 0.000003 -0.000001 
0.558697 105.792130 -1.348235 11.250178 -1.696587 -7.642934 -5.480973 -1.111695 -5.572726 2.765357 -0.139701 3.762189 1.731976 -7.079626 -3.095742 -8.889282 -3.236627 6.190431 -0.000000 0.000000 -0.000000 -0.228284 7.320885 -33.099725 14.094538 2.259341 -76.308793 21.967120 1.396405 4.778924 0.000003 0.000002 0.000002 13.635967 -10.684131 19.544136 43.895512 -3.460438 14.296949 66.298324 -34.364253 3.825710 -0.000000 0.000005 -0.000003 0.139054 -1.064129 -3.982734 -9.421542 2.444236 2.477303 -6.133454 6.501309 -1.592735 0.000002 -0.000000 0.000000 -0.877496 3.276625 30.493441 -20.680959 1.164349 1.564553 -15.361620 -1.865946 -8.477860 -0.000003 0.000005 -0.000001 
0.279345 105.757942 -1.330908 11.910346 -1.586827 -7.880806 -6.778535 -1.245143 -5.386695 4.627378 0.160372 3.816320 0.638847 -7.408746 -3.107418 -9.085086 -3.418309 6.106016 0.000000 -0.000001 0.000001 -0.259184 7.741224 -33.185925 14.248351 2.021557 -76.563866 22.059450 2.008478 4.974181 -0.000005 -0.000003 -0.000002 13.663256 -10.088473 19.387138 43.729299 -2.981481 14.104517 65.685089 -34.573250 3.077161 -0.000001 0.000006 0.000001 -0.464758 -1.056130 -3.722658 -9.378538 2.589018 2.478737 -5.972722 6.223903 -1.497082 0.000002 -0.000001 -0.000000 -1.330189 3.209915 30.719056 -21.002506 1.027058 1.516119 -15.110501 -1.703146 -8.478411 -0.000003 -0.000001 0.000001 
0.045950 105.739372 -1.322255 11.360686 -1.517150 -7.877468 -6.077931 -1.190587 -5.372524 4.643260 0.158968 3.860134 0.421978 -7.504085 -3.111081 -8.899306 -3.354524 6.017982 0.000001 -0.000001 -0.000000 -0.379269 8.167422 -33.345851 14.345328 1.959947 -76.672220 22.300595 2.062296 4.927118 -0.000002 -0.000001 -0.000002 13.612661 -9.925788 19.238903 43.497237 -2.839813 13.805493 66.413303 -34.299185 2.595527 -0.000000 0.000005 -0.000003 0.125220 -0.928307 -3.852983 -9.822457 2.668649 2.613135 -5.877422 5.683750 -1.521239 0.000001 0.000000 0.000000 -0.946824 3.195272 30.616453 -21.081712 0.825321 1.310102 -14.660239 -1.623003 -8.486672 -0.000003 0.000001 0.000001 
-0.147902 105.719040 -1.311166 11.700269 -1.719837 -7.745630 -6.698089 -1.277893 -5.358665 5.141176 0.266136 3.821834 0.277793 -7.222600 -3.181921 -9.145117 -3.459986 6.096133 -0.000000 0.000001 0.000001 -0.123855 7.979970 -33.349276 14.381831 1.588477 -76.600285 22.290058 2.243875 4.931457 0.000002 -0.000001 0.000003 13.631756 -9.685990 18.938351 43.314270 -2.737176 13.470088 66.243840 -33.724667 1.865060 -0.000006 0.000007 -0.000002 0.198037 -0.938115 -4.123708 -10.378081 2.481231 2.676956 -6.042776 5.879238 -1.649799 -0.000002 0.000000 0.000001 -0.933221 3.191112 30.362237 -21.547812 0.970649 1.264471 -14.309507 -1.594996 -8.456952 -0.000003 0.000002 -0.000001 
-0.311638 105.701546 -1.301053 11.527491 -1.888106 -7.616579 -6.520781 -1.257684 -5.441150 4.784019 0.184164 3.886913 0.573128 -7.045346 -3.201420 -9.248703 -3.277493 6.057070 -0.000000 -0.000000 0.000001 -0.027206 8.032181 -33.350188 14.641388 1.314983 -76.475647 22.878562 2.310468 5.272807 0.000002 0.000002 0.000002 13.838277 -10.001735 19.088984 43.087613 -2.668419 12.939209 65.553697 -33.700300 0.925708 -0.000003 0.000007 0.000000 0.418114 -0.900363 -4.331582 -10.638627 2.420092 2.656658 -5.952288 6.008012 -1.447809 0.000002 0.000000 0.000001 -0.875858 3.213121 30.167071 -21.305604 1.022420 1.216357 -14.206076 -1.420127 -8.176933 -0.000003 -0.000002 -0.000000 
-0.443651 105.683784 -1.283870 10.895260 -1.752047 -7.582794 -6.087822 -1.226260 -5.342851 5.095780 0.249981 3.870443 0.246621 -6.934103 -3.280746 -9.542388 -3.262782 6.143842 0.000000 0.000001 0.000001 0.090159 7.336351 -33.415218 14.717992 1.533808 -76.169054 23.360302 1.932754 5.296096 -0.000001 0.000001 -0.000004 13.880485 -10.092495 19.284665 43.034314 -2.981497 12.824395 64.981689 -33.452480 0.317958 -0.000002 0.000006 0.000001 0.902436 -0.798983 -4.426617 -10.486594 2.550814 2.528835 -5.851303 5.955178 -1.358017 -0.000001 0.000000 0.000000 -0.421964 3.223149 30.048362 -21.051169 1.002191 1.187660 -14.334885 -1.388372 -8.016680 -0.000003 0.000000 0.000002 
-0.546762 105.667290 -1.276586 11.081868 -1.854017 -7.637248 -5.912753 -1.215924 -5.181233 5.500750 0.337069 3.801748 -0.267535 -6.976613 -3.206542 -9.609101 -3.281173 6.073977 0.000000 0.000000 -0.000000 -0.031459 7.305470 -33.498072 14.477665 1.715350 -75.847017 22.729626 2.131449 4.208524 -0.000002 -0.000000 -0.000002 13.777000 -9.933025 19.372515 42.696124 -3.254778 12.874012 65.264124 -32.653782 0.255362 0.000001 0.000003 0.000001 0.706902 -0.842882 -4.390439 -10.713708 2.551130 2.388888 -5.891790 5.979694 -1.505759 -0.000001 -0.000001 -0.000000 -0.805840 3.166803 30.017158 -20.942024 1.007582 1.202678 -14.256947 -1.364385 -7.881377 -0.000001 0.000000 -0.000003 
-0.632559 105.656792 -1.271911 11.169780 -1.682988 -7.660705 -6.197350 -1.249154 -5.144425 5.782271 0.332617 3.870923 -0.336914 -7.223960 -3.169462 -9.719617 -3.292460 5.975972 -0.000000 0.000001 0.000000 0.133631 7.152970 -33.456077 14.455487 1.435773 -75.699198 23.199909 1.693360 4.406461 -0.000003 -0.000000 -0.000002 13.746300 -9.477457 19.238471 42.612594 -3.281795 12.710127 65.314572 -32.589776 0.271538 -0.000002 0.000004 -0.000001 0.674364 -0.850610 -4.425502 -10.912243 2.469235 2.372479 -5.913868 5.875778 -1.626656 0.000002 0.000000 -0.000000 -1.039286 3.150396 29.906916 -20.626715 0.838591 1.271865 -14.373312 -1.385617 -8.090570 -0.000003 0.000001 -0.000000 
-0.696833 105.645271 -1.268551 11.603779 -1.666680 -7.739287 -6.375735 -1.267127 -4.937128 5.365216 0.231472 3.923353 0.127396 -7.222662 -3.250046 -10.189397 -3.396687 6.066489 0.000000 0.000000 0.000000 0.132348 7.076752 -33.345305 14.371418 1.733465 -75.697552 22.974825 1.676355 3.836759 -0.000003 -0.000001 -0.000002 13.707366 -9.606676 19.226361 42.420737 -3.351309 12.738975 65.545938 -32.021723 0.213489 -0.000001 0.000001 0.000003 0.313945 -0.938465 -4.443300 -11.174148 2.388995 2.436471 -6.009014 6.156433 -1.648920 -0.000000 -0.000000 0.000000 -1.416761 3.135052 29.887678 -20.844641 0.971355 1.341577 -14.278476 -1.811447 -8.388092 -0.000003 0.000003 0.000002 
-0.740985 105.633682 -1.263974 11.353128 -1.818431 -7.671681 -6.335363 -1.271639 -4.811879 6.039912 0.392649 3.859593 -0.489177 -7.275548 -3.265118 -10.364844 -3.325938 5.942716 -0.000000 0.000000 -0.000000 0.015477 7.374043 -33.735202 14.377118 1.497712 -75.163336 23.088532 1.483241 3.898074 -0.000001 -0.000003 -0.000000 13.697667 -9.344424 19.293649 42.180926 -3.248236 12.459290 65.317618 -31.902215 0.169597 -0.000000 0.000003 -0.000003 0.214061 -1.001184 -4.637162 -10.752547 2.488305 2.463717 -6.149478 6.354594 -1.719357 0.000002 0.000001 -0.000001 -1.333674 3.131247 29.731827 -20.587754 0.823727 1.257864 -14.383726 -1.329335 -8.088976 -0.000001 0.000003 -0.000001 
-0.775232 105.620102 -1.253995 11.225895 -1.797023 -7.741935 -6.062836 -1.239684 -4.684299 5.145060 0.148528 4.039594 0.184120 -7.094625 -3.464955 -9.957103 -3.282241 5.941221 -0.000000 -0.000001 0.000001 -0.037158 7.321997 -33.554278 14.321457 1.591995 -75.388684 22.302924 2.118205 3.260966 -0.000001 0.000001 0.000004 13.656344 -9.724303 19.305212 42.097406 -3.308623 12.530569 65.787740 -31.607336 0.217403 -0.000001 0.000006 0.000001 0.878118 -0.906297 -4.607550 -11.170673 2.461809 2.495108 -5.887561 6.047853 -1.550191 -0.000000 0.000000 0.000000 -0.625487 3.167719 29.763895 -21.103183 1.046196 1.284828 -13.959326 -1.403990 -7.856673 -0.000005 0.000003 -0.000002 
-0.798764 105.605232 -1.252510 11.327344 -1.802098 -7.751916 -6.427913 -1.293760 -4.534201 5.599722 0.260569 3.992458 -0.026121 -7.010772 -3.511818 -10.181923 -3.331691 5.992287 0.000000 -0.000001 0.000000 0.194585 6.904138 -33.564735 14.478748 1.524984 -75.547295 22.114045 2.621959 3.501340 -0.000001 -0.000001 -0.000005 13.763033 -9.573291 19.346786 41.887201 -3.084247 12.199613 65.201095 -31.845972 0.011510 -0.000002 0.000004 -0.000001 1.022705 -0.871171 -4.578873 -11.808762 2.368661 2.350517 -5.748517 5.935460 -1.431867 -0.000000 -0.000000 -0.000000 -0.647493 3.188469 29.691795 -21.143812 1.066122 1.315680 -13.908007 -1.283988 -7.794486 -0.000003 0.000003 -0.000001 
-0.811179 105.594788 -1.249365 11.218777 -1.712701 -7.761783 -5.981822 -1.269291 -4.331256 4.906824 0.123925 4.048510 0.357333 -7.071730 -3.675552 -10.392958 -3.270437 6.033663 -0.000001 -0.000001 0.000000 0.206107 7.134746 -33.626312 14.638096 1.612647 -75.555402 21.802445 3.253547 3.097328 -0.000002 0.000001 -0.000002 13.845530 -9.585259 19.314305 41.652382 -2.809217 11.939438 65.192414 -31.953387 -0.138233 -0.000002 0.000003 0.000001 1.075178 -0.888019 -4.659950 -11.808654 2.341777 2.439906 -5.740456 5.816361 -1.480716 0.000002 -0.000001 -0.000001 -0.355563 3.214589 29.689528 -21.517739 1.186303 1.270094 -14.157240 -1.568201 -8.134772 -0.000003 0.000003 -0.000001 
-0.819480 105.584488 -1.248347 11.327461 -1.732618 -7.667332 -6.073304 -1.266079 -4.321941 4.677194 0.097336 4.008345 0.630465 -7.055418 -3.650843 -10.278021 -3.129651 5.899210 -0.000001 0.000000 0.000000 0.070819 7.198709 -33.661798 14.510563 1.604988 -75.513076 21.765380 3.069312 2.960369 0.000002 0.000002 -0.000003 13.710935 -9.349939 19.157955 41.796540 -3.099181 12.131449 65.085740 -31.531722 -0.338159 -0.000002 0.000006 -0.000000 1.137718 -0.899006 -4.789804 -11.992394 2.379348 2.460924 -5.724089 5.819391 -1.409857 -0.000002 -0.000000 0.000001 -0.265933 3.199005 29.557770 -21.629128 1.218508 1.255850 -13.853589 -1.586039 -8.036059 0.000001 0.000000 -0.000000 
-0.823772 105.577400 -1.250256 11.232078 -1.638002 -7.669572 -5.983698 -1.265421 -4.161989 4.883144 0.137902 3.977947 0.363039 -7.089651 -3.719058 -10.293140 -3.136706 5.894718 -0.000001 -0.000000 0.000001 -0.078872 7.550594 -33.789827 14.575002 2.147493 -75.540554 22.005126 2.866574 2.879261 -0.000001 -0.000000 -0.000003 13.667178 -9.545845 19.125269 42.141864 -3.413357 12.350966 65.219038 -31.357395 -0.494568 0.000002 0.000007 0.000008 0.870882 -0.925998 -4.835969 -11.581630 2.393887 2.539125 -5.769325 5.721934 -1.557885 -0.000000 -0.000001 -0.000000 -0.443981 3.182040 29.618685 -21.399539 1.189216 1.135642 -14.215586 -1.428686 -8.016520 -0.000003 -0.000001 -0.000000 
-0.829260 105.565857 -1.249232 11.319435 -1.726286 -7.522478 -6.177028 -1.274988 -4.233502 5.226608 0.270427 3.854326 0.106049 -6.973881 -3.674675 -10.636139 -3.217540 5.972965 -0.000001 -0.000002 -0.000001 -0.003045 7.336468 -33.734861 14.573148 2.351444 -75.611273 22.127829 2.634680 2.979165 -0.000002 -0.000002 0.000001 13.611258 -9.442994 18.952330 42.191250 -3.349936 12.468777 65.439428 -31.428952 -0.379256 0.000003 0.000004 0.000003 0.873277 -0.933661 -4.982410 -11.516871 2.422269 2.505018 -5.778652 5.838893 -1.517470 0.000001 0.000000 -0.000000 -0.594188 3.161926 29.469579 -21.303116 1.198756 1.125271 -13.985886 -1.672382 -8.122008 -0.000001 0.000002 0.000002 
-0.830809 105.557587 -1.249048 11.363002 -1.745634 -7.585249 -6.264013 -1.295577 -4.055521 5.240303 0.276735 3.840597 0.099358 -7.009954 -3.733006 -10.739213 -3.226344 5.959014 -0.000000 -0.000001 -0.000001 -0.020468 7.434375 -33.993708 14.510996 2.176913 -75.268924 21.963457 2.697633 2.819253 -0.000004 -0.000002 0.000001 13.695023 -9.693324 19.124574 42.086840 -3.316076 12.412943 65.588531 -31.463126 -0.227702 -0.000000 0.000006 0.000005 0.831750 -0.932068 -4.909734 -11.627647 2.364067 2.484500 -5.729646 5.762891 -1.486670 -0.000000 -0.000001 -0.000001 -0.705157 3.148243 29.506434 -21.272091 1.160593 1.175516 -13.955149 -1.758227 -8.258782 0.000001 0.000004 0.000003 
-0.834818 105.552757 -1.249287 11.374831 -2.060417 -7.573593 -6.290491 -1.299005 -4.036968 5.590878 0.366549 3.814045 -0.241003 -6.961884 -3.663261 -10.635819 -3.110547 5.939547 0.000000 -0.000001 -0.000000 -0.073427 7.519813 -34.023973 14.444494 2.048843 -75.224883 22.029833 2.431367 2.908418 -0.000001 0.000002 0.000002 13.708755 -9.760540 19.162237 42.104565 -3.521705 12.394247 65.612880 -31.196008 -0.367737 -0.000000 0.000000 -0.000000 0.986097 -0.896316 -4.909114 -11.990950 2.326574 2.466415 -5.726852 5.953553 -1.325945 0.000001 0.000000 -0.000000 -0.713604 3.141769 29.527253 -21.299077 1.214733 1.104782 -13.686579 -1.534542 -7.986429 -0.000001 0.000001 0.000002 
-0.836768 105.549057 -1.248273 11.378904 -2.035648 -7.530513 -6.188857 -1.282277 -4.049538 4.810686 0.172392 3.928334 0.499655 -7.017824 -3.749250 -10.589909 -3.012057 5.879467 0.000001 0.000000 -0.000000 -0.017549 7.508071 -33.996529 14.480061 1.874281 -75.287597 22.049814 2.499557 3.199805 0.000003 0.000001 -0.000001 13.666624 -9.455969 18.914378 42.137681 -3.443464 12.342692 65.458791 -31.252480 -0.488131 0.000001 0.000008 0.000004 1.002146 -0.887010 -4.967129 -12.040101 2.316466 2.502977 -5.620174 5.805986 -1.232010 -0.000000 0.000000 -0.000001 -0.632397 3.151538 29.487023 -21.398211 1.263462 1.089257 -13.784258 -1.691674 -8.142867 -0.000003 0.000006 0.000002 
-0.838018 105.541077 -1.255155 11.801227 -2.054615 -7.509954 -6.681006 -1.346637 -4.053235 5.749817 0.419670 3.791281 -0.236920 -6.940641 -3.645931 -11.004224 -3.198761 6.069083 -0.000000 -0.000001 0.000000 0.180256 7.063756 -34.023324 14.601351 1.615662 -75.221051 22.072767 2.846435 3.481883 -0.000003 0.000001 -0.000007 13.732538 -9.539844 18.980003 41.924913 -3.066573 12.079892 65.193295 -31.649454 -0.555252 -0.000003 0.000003 0.000001 0.548013 -0.961348 -4.913229 -11.930548 2.338213 2.383242 -5.790478 6.045119 -1.348118 0.000001 -0.000001 -0.000000 -1.293902 3.129129 29.453989 -20.972436 1.084504 1.143971 -14.083620 -1.436485 -8.029475 0.000002 0.000002 0.000001 
-0.839251 105.535522 -1.257401 11.423835 -2.019769 -7.479436 -6.123105 -1.277436 -4.078109 5.081516 0.266184 3.848844 0.252906 -6.603104 -3.713649 -10.917793 -3.343890 6.236288 -0.000000 -0.000001 0.000000 0.250306 6.854794 -34.014783 14.449779 1.647488 -75.193232 22.204921 2.308807 3.402962 -0.000001 -0.000000 0.000002 13.783349 -9.925897 19.105354 42.135171 -3.406957 12.278017 65.371133 -31.235056 -0.556617 0.000003 0.000007 0.000003 1.054829 -0.872179 -4.974285 -12.065213 2.274590 2.380939 -5.652883 6.080550 -1.161263 0.000001 -0.000000 0.000001 -1.001627 3.132400 29.391414 -20.884751 1.144604 1.167518 -13.824813 -1.613596 -8.035866 -0.000001 0.000001 -0.000002 
-0.847112 105.530678 -1.257134 11.229949 -2.011913 -7.491714 -5.946400 -1.243358 -4.147712 5.171438 0.321335 3.811347 -0.004544 -6.573572 -3.608086 -10.711742 -3.272167 6.272754 0.000000 0.000001 0.000001 0.077930 6.901772 -34.136725 14.422455 1.675368 -74.974481 22.220781 2.107434 3.307545 -0.000001 -0.000001 0.000002 13.805874 -10.045640 19.326860 41.972817 -3.513296 12.257342 65.396077 -31.116880 -0.487025 0.000001 0.000007 0.000003 1.353410 -0.885968 -4.936100 -12.352710 2.265632 2.408560 -5.606108 6.115728 -1.066592 -0.000002 -0.000001 -0.000000 -0.579414 3.203565 29.458066 -21.306977 1.357898 1.229110 -13.825479 -1.831188 -8.048370 -0.000001 0.000004 -0.000000 
-0.850083 105.519997 -1.250641 11.317636 -2.010162 -7.447573 -6.281226 -1.286581 -4.161067 5.216066 0.278983 3.883804 -0.012599 -6.767972 -3.667627 -10.163238 -3.086039 6.063763 -0.000000 0.000001 0.000000 -0.057784 7.370297 -34.131842 14.419889 1.808316 -75.039955 22.226096 2.116023 3.257341 -0.000001 -0.000004 0.000005 13.806153 -10.329860 19.344996 42.182504 -3.724773 12.335810 65.758213 -31.000774 -0.614032 -0.000003 0.000003 0.000001 1.338302 -0.851210 -5.022556 -12.265538 2.281141 2.426538 -5.614027 5.954228 -1.144797 0.000000 0.000000 0.000000 -0.604879 3.157082 29.418974 -21.166314 1.264918 1.150136 -13.582119 -1.570923 -7.795368 0.000001 0.000001 -0.000000 
-0.856173 105.511948 -1.244628 11.062143 -1.737297 -7.428047 -6.324678 -1.295033 -4.156350 5.604192 0.340917 3.955894 -0.233897 -7.239631 -3.747583 -10.429928 -3.007901 6.061921 -0.000001 -0.000000 0.000001 -0.012697 7.347992 -34.287116 14.500456 1.484241 -74.940364 22.364088 2.088478 3.870975 -0.000003 -0.000003 -0.000000 13.854476 -9.834226 19.251295 41.978107 -3.551973 12.045268 65.994449 -31.387974 -0.483219 0.000002 0.000005 0.000003 1.422965 -0.862929 -5.063332 -12.026320 2.363409 2.427259 -5.803700 5.882807 -1.459712 0.000001 -0.000001 0.000002 -0.315670 3.186601 29.361733 -21.223611 1.260503 1.185487 -13.885619 -1.744504 -8.015312 -0.000001 0.000002 0.000001 
-0.862600 105.499954 -1.236587 11.519619 -1.619857 -7.381694 -6.543647 -1.319972 -4.157532 5.295486 0.240759 4.065741 0.148603 -7.344199 -3.895049 -10.916709 -2.957422 6.059540 -0.000001 -0.000001 0.000001 0.045541 7.308321 -34.419372 14.554431 1.158508 -74.789820 22.278701 2.291333 4.187953 0.000001 -0.000000 0.000003 13.847653 -9.651755 19.073465 42.029504 -3.298681 12.026644 66.005848 -31.661236 -0.336815 -0.000002 0.000007 0.000003 0.906651 -0.980486 -5.109802 -11.764277 2.379903 2.449343 -5.701430 5.750289 -1.411442 -0.000002 0.000000 -0.000000 -0.645755 3.173428 29.309489 -21.345839 1.284416 1.273570 -14.061710 -1.850511 -8.149830 0.000001 0.000000 -0.000001 
-0.868443 105.486328 -1.229460 11.688130 -1.824345 -7.274478 -6.508913 -1.307659 -4.264152 5.274640 0.312736 3.936310 -0.040463 -6.976789 -3.774856 -11.139999 -3.027624 6.185830 0.000000 0.000001 0.000001 0.136033 7.001982 -34.568055 14.595663 0.902469 -74.663339 22.113455 2.649670 4.390334 -0.000001 0.000002 0.000004 13.968792 -9.768964 19.282247 42.051648 -3.395723 11.899013 65.782440 -31.828405 -0.470850 -0.000000 0.000005 0.000001 0.837913 -0.998908 -5.147752 -11.895472 2.489717 2.320469 -5.907338 6.025056 -1.504442 -0.000001 0.000000 0.000001 -0.804467 3.164360 29.210421 -21.324482 1.242707 1.241756 -13.806104 -1.707025 -7.929628 -0.000001 0.000003 0.000002 
-0.878147 105.471832 -1.224903 11.931565 -2.007139 -7.167195 -6.790736 -1.342576 -4.302659 5.558783 0.456900 3.701418 -0.162166 -6.888481 -3.598847 -11.174190 -3.088139 6.035893 -0.000000 -0.000001 -0.000000 0.169522 7.269874 -34.542937 14.618435 0.707112 -74.654220 22.281802 2.660153 4.585081 0.000000 0.000002 0.000001 13.930434 -9.472075 19.102419 42.060407 -3.279324 11.804082 65.458634 -31.859294 -0.578146 -0.000001 0.000003 -0.000004 0.481799 -1.022460 -5.202888 -11.771990 2.490499 2.278886 -5.980846 6.242073 -1.479382 -0.000000 0.000000 0.000001 -1.087792 3.135626 29.105345 -21.300454 1.121191 1.245572 -14.075570 -1.602029 -8.117173 -0.000003 0.000001 -0.000002 
-0.893112 105.458710 -1.221643 12.005493 -2.064459 -7.223749 -6.434842 -1.300039 -4.298406 4.827348 0.303861 3.716951 0.387953 -6.650568 -3.565452 -11.561250 -3.110021 6.017325 0.000000 -0.000001 -0.000001 0.122111 7.295352 -34.384200 14.589025 0.708012 -74.783031 22.574649 2.370028 4.755732 -0.000004 -0.000002 -0.000002 13.885302 -9.633772 19.030485 42.104001 -3.395629 11.882611 65.022527 -31.629360 -1.014145 0.000004 0.000002 0.000002 0.438651 -1.016203 -5.122128 -11.540713 2.517027 2.387222 -5.970883 5.955600 -1.667893 -0.000000 -0.000001 0.000002 -1.224823 3.122481 29.246337 -21.173371 1.108146 1.158517 -13.991557 -1.533250 -8.039090 -0.000001 0.000002 0.000002 
-0.914143 105.444908 -1.217586 12.184677 -2.042646 -7.282109 -6.685341 -1.343065 -4.279788 5.651153 0.468681 3.677644 -0.366097 -6.732493 -3.522567 -11.867161 -3.146529 6.025220 0.000001 -0.000001 -0.000000 0.203253 7.168450 -34.294872 14.649299 0.759785 -74.903283 22.706805 2.285177 4.958020 0.000000 0.000002 0.000001 13.882138 -9.364541 18.979829 42.070472 -3.382657 11.779360 64.979052 -31.729712 -0.974340 -0.000003 0.000002 0.000002 0.305982 -1.001119 -4.992452 -11.744770 2.494756 2.362389 -5.836729 5.821966 -1.516608 0.000001 0.000000 0.000001 -1.354624 3.113650 29.321329 -21.187221 1.056232 1.218387 -14.142417 -1.205826 -7.818856 -0.000001 0.000001 -0.000000 
-0.940938 105.425903 -1.204385 12.253444 -1.846436 -7.415822 -6.791623 -1.352760 -4.216805 5.115920 0.313303 3.804246 0.183877 -6.817701 -3.644943 -11.626504 -3.127330 5.998076 0.000001 0.000000 -0.000000 0.138317 7.135414 -34.126887 14.566391 0.869791 -75.087548 22.444900 2.306007 4.655959 -0.000001 -0.000003 0.000002 13.779119 -9.632080 18.986637 42.041658 -3.479337 11.842677 65.519375 -31.377879 -0.917272 0.000001 0.000005 -0.000003 0.490170 -0.990908 -4.813315 -11.820133 2.484115 2.377517 -5.837489 5.549893 -1.627861 -0.000002 0.000000 -0.000000 -1.136443 3.150412 29.542638 -21.664202 1.185450 1.194533 -14.196924 -1.425530 -8.039174 0.000001 0.000004 -0.000000 
