HIERARCHY
ROOT Hips
{
	OFFSET 2.986477 97.943527 -2.248842
	CHANNELS 6 Xposition Yposition Zposition Xrotation Yrotation Zrotation
	JOINT Chest
	{
		OFFSET -5.887320 11.428246 4.570440
		CHANNELS 3 Xrotation Yrotation Zrotation
		JOINT Chest2
		{
			OFFSET -8.813785 16.351204 10.678104
			CHANNELS 3 Xrotation Yrotation Zrotation
			JOINT Chest3
			{
				OFFSET -3.448519 12.979218 6.516714
				CHANNELS 3 Xrotation Yrotation Zrotation
				JOINT Neck
				{
					OFFSET -2.333139 15.059021 8.148518
					CHANNELS 3 Xrotation Yrotation Zrotation
					JOINT Head
					{
						OFFSET 0.425640 9.118286 5.148153
						CHANNELS 3 Xrotation Yrotation Zrotation
						End Site
						{
							OFFSET 0.449228 9.151215 5.087360
						}
					}
				}
				JOINT LeftCollar
				{
					OFFSET 0.823561 9.788895 10.261757
					CHANNELS 3 Xrotation Yrotation Zrotation
					JOINT LeftUpArm
					{
						OFFSET 17.430763 -2.159760 0.057343
						CHANNELS 3 Xrotation Yrotation Zrotation
						JOINT LeftLowArm
						{
							OFFSET 26.368839 -21.063240 0.867353
							CHANNELS 3 Xrotation Yrotation Zrotation
							JOINT LeftHand
							{
								OFFSET -4.551418 -21.583359 20.356571
								CHANNELS 3 Xrotation Yrotation Zrotation
								End Site
								{
									OFFSET -0.994738 -4.717178 4.449039
								}
							}
						}
					}
				}
				JOINT RightCollar
				{
					OFFSET -6.768480 10.536652 6.706358
					CHANNELS 3 Xrotation Yrotation Zrotation
					JOINT RightUpArm
					{
						OFFSET -11.377996 5.448257 -12.221051
						CHANNELS 3 Xrotation Yrotation Zrotation
						JOINT RightLowArm
						{
							OFFSET -29.290184 -10.966827 -12.710171
							CHANNELS 3 Xrotation Yrotation Zrotation
							JOINT RightHand
							{
								OFFSET -18.079453 -18.991325 14.608814
								CHANNELS 3 Xrotation Yrotation Zrotation
								End Site
								{
									OFFSET -3.951469 -4.150719 3.192903
								}
							}
						}
					}
				}
			}
		}
	}
	JOINT LeftUpLeg
	{
		OFFSET 7.492269 1.245049 6.537194
		CHANNELS 3 Xrotation Yrotation Zrotation
		JOINT LeftLowLeg
		{
			OFFSET -8.237703 -41.316063 21.658993
			CHANNELS 3 Xrotation Yrotation Zrotation
			JOINT LeftFoot
			{
				OFFSET 2.447117 -37.910587 -23.608604
				CHANNELS 3 Xrotation Yrotation Zrotation
				JOINT LeftToe
				{
					OFFSET -3.397503 -18.282104 14.621255
					CHANNELS 3 Xrotation Yrotation Zrotation
					End Site
					{
						OFFSET -3.237132 -4.690927 22.958118
					}
				}
			}
		}
	}
	JOINT RightUpLeg
	{
		OFFSET -7.492187 -1.245216 -6.537263
		CHANNELS 3 Xrotation Yrotation Zrotation
		JOINT RightLowLeg
		{
			OFFSET 29.604252 -34.833412 -12.419127
			CHANNELS 3 Xrotation Yrotation Zrotation
			JOINT RightFoot
			{
				OFFSET 32.803635 -23.112057 -19.756887
				CHANNELS 3 Xrotation Yrotation Zrotation
				JOINT RightToe
				{
					OFFSET 13.803993 -18.392313 -5.543404
					CHANNELS 3 Xrotation Yrotation Zrotation
					End Site
					{
						OFFSET 0.033386 -23.648785 0.538532
					}
				}
			}
		}
	}
}
MOTION
Frames: 194
Frame Time: 0.033333
-2.017599 105.392487 -1.111724 -16.247196 39.681145 -11.466498 -9.365600 -6.628703 1.475739 -2.400515 -6.143604 2.566492 6.696986 0.404720 7.959808 -0.276176 -15.368124 5.273610 0.000001 -0.000002 -0.000000 1.670928 7.522430 -2.647859 16.756355 3.519809 -34.187918 21.934910 28.803734 26.352248 -0.000005 -0.000002 0.000003 -7.353419 -16.526843 19.700096 -0.386289 -20.614465 27.848607 19.794710 -23.473118 -4.888214 0.000002 -0.000003 -0.000002 35.827914 21.486631 32.510416 -48.728421 15.046026 -0.216529 2.583122 -40.903606 -20.109487 0.000001 0.000001 0.000001 -1.183614 5.853870 -15.800434 0.919389 -4.475953 -2.005860 -33.457726 13.283690 -17.807350 -0.000000 -0.000005 -0.000000 
-2.015645 105.393517 -1.111306 -16.192207 39.502864 -11.529848 -9.172831 -6.597605 1.588139 -2.298669 -6.010965 2.552020 6.247768 0.575017 8.068832 0.190951 -15.539833 5.423880 -0.000001 -0.000000 0.000000 1.707344 7.479434 -2.656721 16.896416 3.720978 -34.084058 21.926396 28.535385 26.162924 -0.000003 -0.000001 -0.000001 -7.469065 -16.964605 19.458447 -0.348138 -20.660660 27.737788 19.862064 -23.507436 -4.712295 -0.000004 0.000002 0.000001 35.840694 21.553649 32.543457 -48.700919 15.115965 -0.269777 3.144078 -40.674781 -19.584323 0.000001 0.000002 0.000001 -1.174558 5.834140 -15.837470 1.187913 -4.349213 -1.804122 -33.341104 13.642700 -17.771888 0.000001 -0.000005 0.000000 
-2.015874 105.390976 -1.112143 -15.538709 39.265292 -11.712225 -9.833856 -6.636014 1.108521 -1.790164 -5.945624 2.858316 5.983734 0.450933 7.960800 0.147654 -15.340936 5.370721 0.000002 -0.000000 0.000001 1.675208 7.880460 -2.676969 16.644158 3.543405 -34.084686 22.214932 28.936568 26.144421 -0.000009 -0.000002 0.000002 -7.344985 -16.317718 19.962010 -0.376809 -20.759231 27.703787 19.312114 -22.867991 -5.058622 -0.000002 -0.000003 -0.000003 35.534623 21.324933 32.423526 -48.603763 15.191845 -0.320549 3.175520 -40.433241 -19.417155 -0.000000 0.000002 0.000001 -1.610408 5.731175 -16.167177 1.217473 -4.357941 -1.868051 -33.307131 13.560331 -17.737269 0.000001 -0.000001 -0.000001 
-2.012705 105.385956 -1.105909 -15.772587 39.252308 -11.640316 -9.670325 -6.589988 1.178682 -1.749045 -5.998016 2.919456 5.833767 0.473341 7.789353 0.048246 -15.400157 5.427682 0.000000 -0.000001 0.000000 1.726281 8.039870 -2.497418 16.593844 3.328454 -34.167693 22.361397 28.953595 26.106390 -0.000005 -0.000004 0.000002 -7.257864 -16.536812 19.863869 -0.337064 -20.520202 27.921472 19.553698 -23.145889 -5.091007 -0.000002 0.000002 0.000001 35.909112 21.590873 32.547808 -48.689673 15.029944 -0.358981 2.488528 -40.612161 -20.026840 -0.000001 0.000001 0.000001 -1.229009 5.860620 -15.932086 1.181294 -4.225392 -1.617385 -34.054842 14.213554 -17.922983 0.000001 -0.000001 0.000000 
-2.010179 105.384201 -1.103898 -15.607493 39.231309 -11.585559 -9.768613 -6.568832 1.033225 -1.928245 -6.016371 2.812187 6.114113 0.413186 7.888331 0.129619 -15.381255 5.406427 0.000000 -0.000001 0.000000 1.996367 8.071053 -2.507620 16.350196 2.619055 -34.538481 21.784480 28.596996 26.773360 -0.000004 0.000002 -0.000002 -7.002687 -16.313005 20.210800 -0.239958 -20.128453 28.141645 19.501532 -22.814189 -5.515849 -0.000005 -0.000002 0.000001 35.821644 21.446007 32.410737 -48.733666 15.068967 -0.542486 3.250006 -40.286361 -19.382724 0.000000 0.000001 0.000000 -1.463299 5.875925 -16.119386 1.103671 -4.218090 -1.682577 -33.816137 13.877108 -17.942589 0.000000 -0.000003 -0.000001 
-2.004569 105.379166 -1.099405 -15.661637 39.342713 -11.596757 -9.576445 -6.591686 1.235394 -2.373783 -6.075951 2.571178 6.404250 0.417615 8.025592 0.020182 -15.394739 5.408274 0.000002 0.000000 -0.000000 1.853839 7.970474 -2.538037 16.453261 3.007272 -34.515169 22.025258 29.141596 26.576845 -0.000005 0.000006 -0.000002 -7.169760 -16.424390 20.051094 -0.236448 -20.548628 27.958970 19.425755 -23.096688 -5.275205 -0.000003 0.000000 -0.000002 35.895772 21.507813 32.464056 -48.647391 14.955932 -0.265224 2.228875 -40.580439 -20.191648 0.000001 0.000001 0.000001 -1.392218 5.853422 -16.057659 1.253079 -4.198315 -1.587132 -33.734571 13.801726 -17.904793 -0.000000 -0.000001 -0.000000 
-2.000041 105.373489 -1.091217 -15.905661 39.087506 -11.693246 -9.024883 -6.543112 1.604781 -2.733065 -6.051672 2.349718 6.462484 0.402861 8.068758 0.589707 -15.377273 5.637112 0.000001 0.000001 0.000001 1.672574 8.313118 -2.316946 16.553366 3.026415 -34.512796 22.037955 28.894849 26.395386 -0.000007 0.000000 0.000001 -7.151406 -16.415209 19.940560 -0.199155 -20.518691 28.061591 19.633251 -23.250352 -5.049146 -0.000000 -0.000002 -0.000004 36.080324 21.645576 32.549191 -48.833855 15.204587 -0.459332 3.359804 -40.232738 -19.205537 0.000001 0.000001 0.000002 -1.107032 5.910984 -15.874792 1.118788 -4.347819 -1.811627 -33.540341 13.729074 -17.799382 0.000000 -0.000001 -0.000001 
-1.996059 105.368027 -1.084769 -15.549288 39.071452 -11.785266 -9.179843 -6.577999 1.539178 -2.670733 -6.006430 2.374366 6.350703 0.464952 8.083985 0.170513 -15.459457 5.534433 -0.000001 0.000000 -0.000000 1.910878 7.600208 -2.627520 16.584920 3.124475 -34.475773 21.505102 28.380040 26.289646 -0.000005 0.000000 0.000002 -7.218673 -16.649366 19.917926 -0.246602 -20.391818 27.975886 19.429433 -23.032429 -5.104865 -0.000002 0.000003 0.000003 35.756395 21.399749 32.402366 -48.568659 15.021657 -0.313908 2.567710 -40.088050 -19.673414 0.000001 0.000001 0.000000 -1.419655 5.836762 -16.081276 1.243014 -4.226797 -1.639510 -33.749877 13.791330 -17.875988 0.000001 -0.000001 -0.000000 
-1.990213 105.364548 -1.079226 -15.542992 39.057870 -11.819706 -9.317182 -6.584205 1.442343 -2.842258 -6.033009 2.250806 6.719096 0.368904 8.235400 0.164590 -15.405299 5.441898 0.000000 0.000000 0.000001 2.003301 7.008738 -2.694169 16.603092 3.076952 -34.709628 21.227958 28.343444 26.575083 -0.000007 -0.000002 0.000003 -7.136453 -16.370119 19.963955 -0.209366 -20.591168 28.094702 19.539289 -23.103624 -5.147368 -0.000001 0.000000 0.000003 35.734146 21.388879 32.349565 -48.375276 14.838181 -0.036231 1.922843 -40.143265 -20.170829 0.000001 0.000001 0.000000 -1.434004 5.819541 -16.093710 1.331864 -4.190561 -1.617152 -33.727628 13.928709 -17.883713 0.000001 -0.000003 0.000001 
-1.980363 105.358421 -1.074146 -15.441861 39.217840 -11.774503 -9.338640 -6.627402 1.462923 -2.629040 -6.078707 2.399575 6.503946 0.150480 7.903516 0.225454 -15.284604 5.459680 0.000002 -0.000001 -0.000001 1.972485 7.506783 -2.655496 16.447840 2.743701 -34.722479 21.531480 28.751203 26.965187 -0.000005 -0.000003 0.000002 -7.077287 -16.100913 20.208243 -0.181871 -20.413844 28.119815 19.630823 -23.110544 -5.275299 -0.000000 0.000001 -0.000004 35.803753 21.409460 32.351741 -48.637323 14.952928 -0.210777 2.764446 -40.156270 -19.595946 0.000001 0.000002 0.000001 -1.545617 5.827204 -16.178828 1.388671 -4.138696 -1.402685 -33.627036 13.479335 -17.859644 0.000000 -0.000003 0.000000 
-1.970271 105.354828 -1.063703 -15.840834 39.188166 -11.702396 -9.024836 -6.542278 1.605290 -2.560175 -6.068566 2.451863 6.410520 0.237627 7.943914 0.254500 -15.378837 5.480334 -0.000001 0.000001 0.000001 1.997167 7.679431 -2.730640 16.381070 2.874873 -34.504719 21.656896 28.696142 26.490178 -0.000009 0.000002 0.000001 -7.201217 -16.482730 20.142050 -0.109438 -20.481487 27.822839 19.639097 -23.299056 -4.838512 -0.000004 -0.000002 0.000001 36.034442 21.570890 32.452186 -48.602588 15.024873 -0.267870 2.771569 -40.129154 -19.550315 0.000001 0.000000 -0.000001 -1.272784 5.892524 -16.043162 1.344381 -4.190750 -1.563074 -33.448584 13.407263 -17.841243 -0.000000 -0.000003 -0.000002 
-1.953978 105.352989 -1.055021 -15.404464 39.192189 -11.753726 -9.692954 -6.622043 1.161568 -2.035075 -6.135261 2.822343 6.095848 0.261303 7.730073 0.400659 -15.371860 5.633655 0.000001 0.000001 0.000001 1.890577 7.805381 -2.608035 16.391332 2.664663 -34.703925 21.771651 28.879471 26.722459 -0.000005 0.000002 -0.000003 -7.296925 -16.798666 19.926457 -0.073515 -20.346232 27.797109 19.903673 -23.576701 -4.679937 -0.000001 0.000000 0.000003 35.907903 21.437413 32.417751 -48.858112 15.243106 -0.511908 3.284279 -40.155707 -19.204103 0.000001 0.000001 0.000000 -1.527006 5.887038 -16.251455 1.185753 -4.258629 -1.749120 -33.433223 13.748775 -17.643999 -0.000001 -0.000005 0.000001 
-1.932909 105.355919 -1.052275 -15.410640 39.096624 -11.707553 -9.524503 -6.612921 1.288015 -2.494876 -6.045593 2.510375 6.381284 0.555628 8.177994 0.236782 -15.386704 5.591156 0.000003 0.000000 -0.000000 2.145040 7.091514 -2.866821 16.301973 2.513828 -34.856521 21.513096 28.909954 26.978619 -0.000002 0.000004 -0.000002 -7.318041 -16.964750 19.846341 -0.121983 -20.152169 27.792409 19.900557 -23.825725 -4.729871 -0.000001 0.000005 -0.000000 35.862895 21.290941 32.215072 -48.803143 15.280597 -0.574664 3.780049 -40.083266 -18.854625 0.000002 0.000002 0.000001 -1.550756 5.944983 -16.400942 1.221725 -4.204898 -1.629533 -33.319353 13.749859 -17.557367 -0.000000 -0.000001 0.000000 
-1.914046 105.354172 -1.043715 -15.389835 39.183460 -11.670165 -9.531560 -6.612989 1.278021 -2.572211 -6.127433 2.503103 6.399951 0.420430 8.027977 0.135415 -15.310286 5.613712 -0.000001 -0.000001 -0.000000 2.073531 7.590502 -2.606079 16.262600 2.394878 -34.926572 21.718707 28.954432 26.855168 -0.000005 -0.000001 0.000001 -7.231341 -16.813523 19.955870 0.017941 -20.259342 27.780434 19.644329 -23.536012 -4.719602 0.000000 0.000000 -0.000002 35.996234 21.399744 32.236946 -48.756223 15.049898 -0.493810 3.406772 -40.171993 -19.174385 -0.000000 0.000001 0.000000 -1.481926 5.939508 -16.320682 1.239839 -4.118733 -1.570168 -33.309381 13.665925 -17.559477 0.000001 -0.000001 0.000000 
-1.890182 105.352875 -1.035660 -15.250515 39.186701 -11.698037 -9.728975 -6.690323 1.229332 -2.266041 -6.139997 2.671575 6.369910 0.179811 7.805231 -0.056396 -15.095681 5.454830 0.000002 -0.000002 -0.000001 2.002054 7.495735 -2.677604 16.163375 2.416026 -35.028352 21.638073 29.239179 26.951021 -0.000007 0.000003 -0.000001 -7.177036 -16.084925 20.331827 -0.328331 -20.086458 27.938745 19.549712 -23.782440 -5.078437 -0.000003 -0.000001 -0.000000 36.003133 21.404450 32.229532 -48.882301 15.151544 -0.548152 3.972238 -40.283178 -18.825791 0.000001 0.000001 0.000001 -1.571944 5.919427 -16.523133 1.210553 -4.222929 -1.549559 -33.338427 13.728609 -17.554484 0.000000 -0.000003 -0.000000 
-1.866164 105.354965 -1.028099 -15.196281 39.325757 -11.628840 -10.043594 -6.715856 1.025175 -1.510501 -6.171936 3.155596 5.823006 0.202077 7.475240 0.185628 -15.139316 5.516376 0.000000 -0.000000 0.000001 2.135741 7.681909 -2.811014 16.114947 2.445608 -34.818009 21.784642 29.419947 27.099329 -0.000009 0.000001 -0.000001 -7.235852 -16.276517 20.428606 -0.151875 -20.296932 27.766642 19.228793 -23.319372 -5.187441 -0.000004 -0.000001 -0.000001 35.914419 21.339372 32.124084 -48.947116 15.205338 -0.625361 3.759157 -40.389142 -19.015096 -0.000000 0.000002 0.000001 -1.955950 5.868454 -16.822210 1.557165 -4.039932 -1.150127 -33.530696 13.622093 -17.783349 0.000001 0.000000 0.000001 
-1.838690 105.356773 -1.019786 -15.099842 39.401510 -11.500616 -10.362359 -6.707919 0.752119 -1.182073 -6.204245 3.377357 5.608054 0.197510 7.273898 0.049705 -15.196759 5.414495 0.000004 -0.000002 -0.000001 2.158619 7.916559 -2.825871 16.236365 2.696392 -34.629414 21.850542 29.641607 27.224914 -0.000011 0.000002 0.000001 -7.236627 -16.249761 20.277138 -0.155702 -20.483295 27.842242 19.214618 -23.353977 -5.062895 -0.000001 0.000003 -0.000002 35.956216 21.284808 31.982316 -49.011491 15.201103 -0.579727 3.821975 -40.408461 -18.970038 0.000001 0.000003 0.000001 -1.794478 5.933519 -16.787623 1.440633 -4.192347 -1.434407 -33.167904 13.833136 -17.627897 -0.000001 -0.000001 -0.000000 
-1.813005 105.362473 -1.011132 -15.399348 39.290943 -11.574347 -10.300763 -6.753588 0.843052 -0.421264 -6.092205 3.841069 4.943238 0.324846 7.096697 0.567052 -15.120811 5.566206 0.000001 -0.000001 -0.000000 2.222867 7.930693 -2.885391 16.067909 2.396627 -34.811384 21.589010 29.226776 27.199955 -0.000003 -0.000001 0.000001 -7.218788 -16.392679 20.322383 -0.160116 -20.264835 27.729366 19.230744 -23.384490 -4.985052 -0.000003 0.000000 0.000002 36.198572 21.400803 32.082351 -49.108189 15.375697 -0.557275 3.916511 -40.421681 -18.861987 -0.000000 0.000001 -0.000000 -1.808024 5.982149 -16.808563 1.664997 -4.155582 -1.253910 -33.139009 14.097915 -17.545564 0.000000 -0.000001 -0.000000 
-1.784143 105.367821 -1.006333 -15.617113 39.283939 -11.700477 -9.739217 -6.794967 1.353085 -1.374320 -6.092866 3.228275 5.523129 0.412190 7.491228 0.508386 -15.153200 5.653059 0.000001 -0.000002 -0.000000 2.291482 7.799365 -2.961317 16.026585 2.306760 -34.822869 21.471290 29.304298 27.324276 -0.000005 -0.000003 0.000002 -7.203414 -16.316046 20.417321 -0.142248 -20.207610 27.749851 19.167152 -23.324655 -5.204863 -0.000003 0.000002 -0.000006 36.212652 21.531499 32.274365 -48.934535 15.160298 -0.577018 3.881799 -40.295387 -18.871215 0.000001 -0.000000 0.000001 -1.405662 5.974892 -16.391054 1.204192 -4.308021 -1.635285 -33.046921 13.689084 -17.514166 0.000001 -0.000001 -0.000001 
-1.761451 105.374855 -1.005349 -15.609807 39.492325 -11.646260 -9.565547 -6.811431 1.539629 -1.811448 -6.105362 2.933561 5.851887 0.434544 7.653525 0.174569 -15.220890 5.546614 0.000002 -0.000001 -0.000001 2.416175 7.300782 -3.240808 15.971165 2.421860 -34.768115 21.212534 29.031589 27.192651 -0.000005 0.000000 -0.000002 -7.408943 -16.769118 20.269505 -0.290402 -20.057110 27.516554 19.194370 -23.448769 -4.996855 -0.000002 0.000000 -0.000003 35.982745 21.383782 32.178964 -48.693054 14.930447 -0.499713 3.714925 -40.269395 -19.008393 0.000001 0.000000 0.000001 -1.659364 5.933869 -16.578169 1.242853 -4.189230 -1.383161 -33.179280 13.244571 -17.658103 0.000000 -0.000001 0.000001 
-1.736877 105.373619 -0.996440 -15.962871 39.658612 -11.498611 -9.413584 -6.726048 1.551539 -1.453945 -6.021306 3.134374 5.402836 0.392141 7.526612 0.603015 -15.478011 5.739527 0.000000 0.000000 0.000001 2.384543 7.484185 -3.172552 15.905180 2.381568 -34.751128 21.542102 29.258013 27.045065 -0.000003 -0.000002 0.000001 -7.481402 -17.084875 20.022928 -0.187239 -20.220405 27.452899 19.155846 -23.422968 -4.826446 -0.000003 -0.000002 0.000001 36.206471 21.582612 32.340071 -48.635926 14.962477 -0.433027 3.542903 -40.678332 -19.293420 0.000001 0.000000 0.000001 -1.420185 5.984456 -16.419940 1.445751 -4.153784 -1.275700 -33.221398 13.422559 -17.750222 0.000000 -0.000003 0.000002 
-1.713839 105.378235 -0.988036 -15.935741 39.712383 -11.535780 -9.404919 -6.703765 1.520598 -1.959454 -6.138730 2.876706 5.966412 0.380026 7.703088 0.817984 -15.583770 5.946379 0.000001 0.000001 0.000001 2.450278 7.351685 -3.269504 15.799940 2.225175 -34.716229 21.365638 29.085312 26.984033 -0.000008 -0.000001 -0.000001 -7.379590 -16.798801 20.295989 -0.240374 -20.057590 27.511575 19.196530 -23.509653 -5.006635 -0.000004 0.000003 -0.000000 36.102403 21.464401 32.267982 -48.670289 14.908486 -0.347725 3.692069 -40.626857 -19.218653 0.000001 0.000001 0.000000 -1.660233 5.978190 -16.622496 1.481448 -4.025378 -1.002909 -33.423520 13.178993 -17.735088 0.000001 -0.000003 -0.000000 
-1.684480 105.382515 -0.981391 -16.365067 39.749768 -11.469817 -9.075764 -6.646481 1.710469 -1.886186 -6.111158 2.923086 5.845158 0.249129 7.643220 0.636949 -15.331910 5.805307 0.000001 0.000001 0.000001 2.339431 7.897694 -3.219437 15.820178 2.315590 -34.595817 21.545002 29.045390 26.737404 -0.000009 0.000003 -0.000002 -7.424297 -16.720737 20.405156 -0.089264 -20.344191 27.302435 19.040792 -23.469375 -4.955514 -0.000002 0.000002 -0.000006 36.343959 21.588198 32.319198 -48.617471 14.838857 -0.242779 3.831238 -40.707528 -19.137487 0.000000 0.000001 0.000001 -1.287433 6.083978 -16.408519 1.466357 -4.064278 -0.998937 -33.298292 13.091646 -17.677715 0.000001 -0.000003 -0.000000 
-1.651076 105.388069 -0.974815 -16.589247 39.673116 -11.589293 -9.116336 -6.688426 1.725236 -2.060285 -6.104849 2.827326 6.106246 0.261198 7.742281 1.214509 -15.467517 6.141895 0.000002 -0.000002 -0.000001 2.429864 7.637600 -3.307568 15.991406 2.424003 -34.589611 21.229925 28.946308 26.999700 -0.000007 -0.000002 -0.000001 -7.485623 -17.041080 20.260496 -0.077886 -20.289509 27.307370 19.086084 -23.538328 -4.935920 -0.000003 0.000003 0.000005 36.622293 21.811548 32.501530 -48.793806 15.018923 -0.359904 3.679856 -40.594857 -19.167232 0.000001 0.000001 0.000000 -1.103476 6.086369 -16.205030 1.475388 -4.075456 -1.101843 -33.390578 13.494490 -17.605144 0.000000 -0.000001 -0.000000 
-1.614515 105.393867 -0.969566 -16.585905 39.924915 -11.588738 -9.339403 -6.701467 1.581901 -2.114653 -6.291902 2.850686 6.207480 0.497695 7.775130 1.358495 -15.803567 6.295058 -0.000001 -0.000001 -0.000000 2.442789 7.522033 -3.468583 15.962596 2.561524 -34.490270 21.513486 29.215946 26.808650 -0.000005 0.000001 0.000001 -7.680475 -17.638301 19.644679 -0.004747 -20.653613 27.140559 19.240219 -23.628122 -4.414872 -0.000001 -0.000004 -0.000001 36.655064 21.936373 32.664676 -48.938261 15.161333 -0.539977 3.428527 -40.591391 -19.354719 0.000000 0.000002 0.000001 -0.982495 6.064242 -16.014738 1.329703 -4.062337 -1.265769 -33.339454 13.412059 -17.549416 -0.000001 -0.000001 -0.000001 
-1.579731 105.398392 -0.964787 -16.337013 39.877096 -11.771720 -9.819052 -6.737291 1.253055 -1.109183 -6.296931 3.475496 5.480456 0.441825 7.368959 1.972164 -15.898698 6.562625 0.000000 -0.000001 0.000000 2.197200 7.952875 -3.177381 16.227165 3.024461 -34.198013 21.970226 29.477088 26.400580 -0.000005 -0.000003 -0.000001 -7.645459 -17.633761 19.550472 -0.024940 -20.823107 27.116717 19.159942 -23.446088 -4.248991 -0.000003 -0.000003 0.000000 36.559936 21.972437 32.786636 -49.046332 15.234894 -0.747731 4.013840 -40.513581 -18.960959 0.000001 0.000001 0.000000 -1.062064 6.011556 -15.985076 1.119311 -4.033547 -1.452743 -33.457781 13.517817 -17.525017 0.000000 -0.000003 0.000001 
-1.543139 105.408363 -0.968402 -16.401630 39.865690 -12.028497 -9.518579 -6.765366 1.561576 -1.751703 -6.378377 3.090773 5.957842 0.422295 7.629143 2.298592 -15.797253 6.667104 0.000002 -0.000001 -0.000001 2.018019 7.745547 -3.109176 16.406253 3.422979 -34.218534 22.065654 30.067763 26.524804 -0.000005 0.000000 0.000002 -7.598498 -17.094249 19.671592 -0.051068 -21.197142 27.088945 19.221252 -23.744956 -4.137941 -0.000004 -0.000002 -0.000006 36.355376 21.963706 32.950796 -48.674926 14.949471 -0.624266 3.739655 -40.304014 -19.086171 0.000000 0.000001 0.000000 -1.266938 5.900491 -15.916629 1.235635 -3.754530 -1.213079 -33.537284 13.270095 -17.545803 0.000001 -0.000003 0.000000 
-1.498055 105.414536 -0.964060 -16.276681 39.760389 -12.146752 -9.664228 -6.748094 1.387779 -2.139225 -6.309673 2.869062 6.328640 0.464360 7.982921 2.689127 -15.843889 6.872221 0.000004 -0.000001 -0.000001 1.915145 8.266697 -2.810966 16.403910 3.037277 -34.338506 22.087701 29.690204 26.488887 -0.000005 0.000001 0.000001 -7.571745 -17.437244 19.591646 0.087786 -20.799712 27.161096 19.265865 -23.730060 -4.164991 -0.000006 0.000001 -0.000004 36.474201 21.932530 33.013156 -48.871506 15.219446 -0.836708 4.007225 -40.109927 -18.736841 -0.000000 0.000001 0.000001 -1.196258 6.012088 -15.839362 0.998925 -3.997594 -1.612319 -33.103570 13.301625 -17.341550 -0.000000 -0.000003 0.000001 
-1.447534 105.414360 -0.959766 -16.603258 39.995856 -12.037484 -9.579211 -6.705213 1.397280 -2.454606 -6.497156 2.757963 6.751034 0.333932 7.930925 2.775328 -15.881949 6.939212 0.000001 0.000000 0.000001 1.894741 8.309386 -2.784555 16.417806 3.009285 -34.365813 21.937027 29.571789 26.533682 -0.000007 -0.000001 0.000002 -7.575003 -17.424851 19.491002 0.120250 -20.838383 27.144686 19.354943 -23.855276 -3.906352 0.000000 -0.000003 -0.000006 36.742548 22.134562 33.185232 -48.945655 15.359369 -0.994953 4.382081 -40.244455 -18.543673 -0.000001 0.000002 0.000000 -0.871469 6.079662 -15.581926 1.134120 -3.881259 -1.481052 -33.041809 13.134108 -17.325902 0.000000 -0.000001 0.000001 
-1.389741 105.418617 -0.956766 -16.849342 39.921892 -12.177379 -9.375277 -6.696662 1.535300 -2.232957 -6.473593 2.897851 6.321868 0.261323 7.772830 3.595090 -16.029827 7.377899 0.000001 0.000000 0.000001 1.868111 8.406824 -2.707188 16.597869 3.420778 -34.112475 21.977705 29.563774 26.253166 -0.000005 0.000001 0.000000 -7.601861 -17.459157 19.602669 0.030482 -20.691969 26.939607 19.275718 -24.090846 -3.829943 -0.000003 0.000000 -0.000003 36.742600 22.165801 33.262885 -48.679195 15.169341 -0.939707 3.750722 -40.007406 -18.824862 0.000001 -0.000000 0.000001 -0.724631 6.086662 -15.443061 1.303399 -3.741403 -1.298459 -33.570072 14.062437 -17.395285 0.000000 -0.000001 -0.000000 
-1.320126 105.426834 -0.960454 -16.900873 40.083095 -12.321257 -9.195327 -6.749386 1.735158 -2.644149 -6.619412 2.701968 6.797748 0.262577 7.916842 3.483829 -16.237007 7.399209 -0.000001 -0.000000 0.000001 1.976665 8.251372 -2.630854 16.502183 3.087390 -34.090106 22.122182 29.168603 26.239060 -0.000009 -0.000001 0.000002 -7.463867 -17.541253 19.573753 0.135979 -20.344869 26.880483 19.454887 -23.691039 -3.706428 -0.000005 0.000002 -0.000001 36.693183 22.266041 33.396224 -48.552649 15.039860 -0.944684 3.627962 -40.083273 -18.977013 0.000001 0.000001 0.000001 -0.856267 6.038368 -15.530192 1.366533 -3.691713 -1.054968 -33.650184 13.830210 -17.499915 -0.000000 -0.000001 -0.000002 
-1.250219 105.435478 -0.967418 -16.536808 40.083037 -12.541555 -9.464564 -6.794860 1.593821 -2.039294 -6.659716 3.063071 6.359915 0.146788 7.637390 3.613665 -16.237810 7.337886 0.000000 -0.000002 -0.000002 1.893491 8.328893 -2.474967 16.431092 2.971621 -33.905131 22.452527 28.766581 25.892229 -0.000005 -0.000001 0.000000 -7.300831 -17.098791 19.755523 0.240861 -20.371333 26.857146 19.581013 -23.318064 -3.679700 -0.000006 -0.000002 0.000002 36.340605 22.118214 33.326822 -48.288778 14.822204 -0.765427 3.116973 -40.017532 -19.345812 0.000000 0.000001 0.000001 -1.250498 5.927958 -15.784200 1.326671 -3.716962 -1.083147 -33.609715 13.541260 -17.614308 -0.000001 -0.000003 -0.000000 
-1.175371 105.450485 -0.978463 -16.620808 40.245541 -12.880144 -9.127645 -6.886027 2.026114 -1.469574 -6.669121 3.384185 5.617986 0.204822 7.340859 3.878496 -16.695957 7.423132 0.000001 -0.000001 -0.000000 1.766380 8.153869 -2.482615 16.169708 3.217146 -33.377297 23.337182 28.837291 24.864520 -0.000007 0.000001 -0.000000 -7.473123 -17.154572 19.726054 0.279299 -20.460055 26.117327 19.484365 -22.880184 -3.088116 -0.000002 -0.000003 -0.000003 36.164274 22.216438 33.516493 -48.139723 14.679977 -0.508933 3.104224 -40.132402 -19.388102 0.000000 -0.000000 -0.000000 -1.156511 5.777672 -15.483011 1.358350 -3.856763 -1.115441 -33.760648 13.753674 -17.801946 0.000000 0.000000 -0.000000 
-1.095939 105.458328 -0.984420 -16.812033 40.275279 -13.388336 -8.257326 -6.851545 2.701342 -2.034191 -6.848800 3.104822 5.875736 0.389768 7.550861 3.902012 -17.318664 7.578839 0.000000 0.000000 -0.000000 1.919456 7.310453 -2.686745 15.504427 2.828046 -32.746731 23.723296 28.468717 23.963323 -0.000004 -0.000002 0.000001 -7.534226 -17.132619 19.902598 0.448396 -20.097388 25.093676 18.898715 -21.779764 -2.370055 -0.000003 0.000000 -0.000000 35.932792 22.165299 33.767082 -47.550896 14.153391 0.056212 2.514273 -39.569256 -19.492535 -0.000000 0.000001 0.000001 -2.018875 5.564585 -15.765403 2.511321 -2.966059 0.391821 -34.559589 14.469462 -18.005726 0.000000 0.000000 -0.000001 
-1.015835 105.459526 -0.977859 -16.995763 39.992769 -13.670397 -7.716981 -6.676994 2.973862 -2.775795 -6.919453 2.655416 6.402841 0.323759 7.863826 4.390559 -17.636798 7.784042 0.000000 -0.000001 -0.000000 1.617964 7.630051 -2.597111 14.918422 2.879273 -31.697132 24.657683 28.233535 22.444876 -0.000005 0.000000 0.000002 -7.725923 -17.143987 20.123465 0.607494 -19.951626 23.894840 18.265423 -20.551319 -1.554817 -0.000004 -0.000003 0.000003 36.259678 22.492815 34.111536 -47.207382 14.011281 0.116891 1.268047 -39.164844 -20.159829 -0.000000 0.000000 0.000001 -1.917292 5.568050 -15.577341 2.746388 -2.658617 0.685134 -34.923727 14.806593 -18.031843 -0.000000 0.000000 0.000000 
-0.922113 105.472054 -0.979662 -17.167824 40.072010 -13.932659 -7.683536 -6.682268 3.023369 -2.253753 -7.088828 2.997256 6.062861 0.150454 7.510292 5.026505 -18.075331 8.116555 0.000004 0.000001 0.000001 1.578747 7.276470 -2.544709 13.997202 2.938902 -29.914617 25.762826 27.697898 20.243386 -0.000005 0.000002 -0.000000 -7.885310 -17.292050 20.094439 0.746443 -19.234849 22.090398 18.380121 -20.634963 0.019198 -0.000003 -0.000003 -0.000001 36.418186 22.811882 34.230873 -47.089192 13.623443 0.279844 0.053003 -38.684245 -20.808503 0.000001 0.000000 0.000001 -2.376481 5.402350 -16.051049 3.353775 -2.198381 1.696421 -35.132796 15.234739 -18.156757 0.000000 -0.000003 -0.000001 
-0.820185 105.500191 -0.986018 -17.672626 39.977347 -14.515938 -6.748156 -6.701901 3.760737 -2.698266 -7.327589 2.750948 6.235412 0.047476 7.612381 5.000933 -18.476574 8.075986 -0.000001 -0.000001 -0.000000 1.530735 7.595584 -2.058287 12.658627 2.234014 -28.004375 27.616065 28.255390 19.015182 -0.000007 -0.000002 0.000001 -7.890684 -17.683165 20.097873 1.309959 -18.174604 19.484747 18.538030 -19.964201 1.837244 -0.000003 0.000001 -0.000001 36.610104 23.371435 34.593358 -46.888876 13.187874 0.439626 -0.315074 -37.844029 -20.695174 0.000001 0.000000 0.000000 -3.317727 5.100412 -16.838300 5.073740 -1.006403 4.005183 -34.886810 16.241490 -18.074921 -0.000000 0.000000 -0.000000 
-0.714816 105.538918 -1.000228 -17.481517 39.722177 -15.121414 -6.747110 -6.840858 3.923160 -1.946904 -7.508396 3.293745 5.572654 0.111759 7.227495 5.492675 -18.686849 8.239849 0.000002 -0.000001 -0.000000 1.583817 6.756311 -1.999511 11.822261 2.234677 -26.247498 28.653091 28.959271 18.195593 -0.000007 0.000001 -0.000001 -8.020608 -17.673062 19.994240 1.499024 -17.044624 17.250717 18.794946 -20.449820 3.489089 -0.000002 -0.000003 -0.000003 36.405509 23.270967 34.564398 -46.649318 12.747993 0.680111 -0.527248 -36.831761 -20.293750 0.000000 -0.000001 0.000001 -4.657652 4.987597 -18.052065 6.468047 0.028105 6.166735 -34.791553 16.841997 -18.014383 -0.000000 -0.000001 -0.000001 
-0.584633 105.573586 -1.008893 -17.716833 39.224059 -15.553186 -5.670927 -6.734642 4.743522 -0.519589 -7.599595 4.284253 4.440729 -0.143372 6.318652 4.002664 -18.844282 7.715623 0.000002 -0.000002 -0.000000 1.081897 6.417699 -2.243686 9.503663 1.073761 -24.536854 28.434078 28.901894 16.580496 -0.000005 0.000001 -0.000000 -8.424009 -16.915291 19.559847 1.823319 -16.879429 13.520524 17.513418 -19.766199 5.655603 -0.000003 -0.000003 -0.000003 37.062474 23.329085 34.565962 -46.597818 12.366796 0.802606 -1.054907 -35.329054 -19.940838 -0.000001 0.000001 0.000001 -6.711861 5.403999 -20.640589 8.689038 2.272911 10.978953 -34.971982 15.898894 -17.728681 -0.000000 -0.000003 0.000002 
-0.432062 105.614609 -1.025005 -17.544953 38.430315 -16.047924 -4.349991 -6.729277 5.978753 0.972513 -7.403492 5.159671 2.516360 -0.223519 5.185959 3.670842 -19.036518 7.732685 0.000000 0.000001 0.000001 1.284486 4.054645 -2.607328 6.636068 -0.600398 -23.119063 26.294481 28.654477 16.977439 -0.000010 0.000001 0.000000 -8.404392 -15.986177 19.004540 2.011230 -16.265973 9.228674 16.513263 -19.148154 7.120962 -0.000004 -0.000003 0.000004 37.117919 23.024170 33.681760 -45.998373 10.923125 1.549142 -2.105629 -34.147893 -20.158060 -0.000000 0.000002 0.000001 -8.764303 6.028344 -24.009855 10.570750 4.272746 16.796333 -35.288370 15.027736 -17.837198 0.000000 -0.000001 -0.000002 
-0.269290 105.648209 -1.043914 -17.379073 37.569230 -16.449078 -2.739545 -6.588165 7.286932 -0.573451 -7.703881 4.254265 3.423945 -0.245949 5.292206 3.858240 -18.692923 7.557568 -0.000003 0.000001 0.000001 1.166488 3.536164 -2.609425 4.427270 -2.095868 -21.971341 24.587371 28.705509 17.354363 -0.000005 -0.000001 0.000001 -8.277151 -14.899568 18.600410 2.197883 -15.517954 6.121303 15.534411 -18.780486 7.732700 -0.000001 -0.000001 0.000004 36.912986 22.469222 32.837128 -45.378114 10.145834 2.184538 -1.633386 -33.040135 -19.302688 0.000001 0.000001 0.000001 -10.115667 6.585210 -26.399072 12.167617 5.947341 21.601640 -35.967701 14.630646 -18.189226 0.000001 -0.000003 0.000001 
-0.090925 105.648643 -1.053418 -17.596061 35.628200 -16.752987 -1.455162 -6.195909 8.043909 1.165219 -7.206264 5.101875 1.459827 -0.137325 4.522382 4.748094 -18.230588 7.703887 -0.000001 0.000000 -0.000000 0.938060 2.784233 -2.454654 2.349727 -3.005303 -20.334248 20.853389 28.394783 19.360817 0.000000 0.000001 -0.000001 -7.806610 -12.750832 18.298413 2.509063 -16.487383 2.500296 13.890145 -17.904672 5.898209 -0.000002 0.000000 0.000003 36.305737 21.445763 31.197726 -42.792484 8.461261 3.240762 -2.731425 -30.750181 -18.865539 0.000001 0.000001 0.000001 -10.135866 7.128254 -28.251966 14.356105 9.007327 28.253984 -37.918919 10.825723 -19.942539 -0.000001 0.000000 -0.000000 
0.089852 105.600555 -1.056121 -16.684014 33.299648 -16.757850 -0.754484 -5.638409 8.017198 1.450692 -7.082986 5.082890 0.710603 0.178504 4.196929 5.257081 -17.648956 7.551348 -0.000001 -0.000001 -0.000001 0.362401 1.605246 -2.599142 -0.348956 -3.696286 -18.997642 15.953442 28.954538 22.075842 -0.000005 0.000002 0.000002 -8.164054 -11.803451 16.864765 1.026324 -14.528900 -0.377318 11.167520 -17.680366 2.898412 -0.000003 0.000001 -0.000004 34.434283 19.640901 29.332104 -39.507037 7.272099 3.675804 -3.393781 -28.159393 -17.982630 0.000001 -0.000000 0.000001 -10.152072 7.484163 -29.816644 16.017384 11.622283 35.127711 -39.604203 5.264005 -22.006152 0.000001 -0.000003 0.000002 
0.258824 105.521378 -1.048774 -16.485707 31.293277 -16.626747 -1.105090 -5.393074 7.365482 2.869095 -6.434548 5.543995 -0.164951 -0.037744 3.754450 5.658755 -17.140283 7.251768 0.000004 -0.000001 -0.000000 -0.137445 2.472174 -2.268581 -1.962861 -4.216258 -17.879344 12.158334 28.477304 24.669834 -0.000003 0.000002 0.000004 -8.148879 -10.433563 16.152760 0.109891 -13.348656 -1.815933 9.924892 -18.509521 -0.735631 0.000000 -0.000003 -0.000004 33.050623 18.576689 28.023233 -36.662659 6.571724 3.758951 -2.382144 -26.671767 -16.657460 -0.000001 0.000000 0.000001 -9.261098 7.724416 -30.700495 17.395879 13.542396 41.814445 -39.914526 0.090173 -23.405192 -0.000003 -0.000001 -0.000000 
0.438528 105.364128 -1.041531 -15.044808 30.082639 -15.710733 -1.740434 -5.419235 6.837894 2.583679 -6.291210 5.148757 0.011547 -0.270806 2.950329 4.311177 -16.650734 6.608236 -0.000003 -0.000001 -0.000000 -0.266407 1.686369 -1.847078 -3.745523 -5.429272 -17.510430 7.126213 27.674552 28.596889 0.000000 0.000001 0.000000 -7.957071 -9.601751 15.060082 -0.499946 -12.570729 -2.674089 9.154169 -21.465118 -6.696427 -0.000002 -0.000001 0.000000 31.643781 16.859559 25.496580 -34.845504 5.286456 4.581884 -2.268641 -25.032029 -15.816707 0.000000 -0.000000 0.000001 -9.131955 7.847401 -31.679606 18.973757 17.632383 49.556325 -34.414417 -1.825176 -20.464159 0.000001 -0.000001 -0.000002 
0.640225 105.108795 -1.053926 -13.594357 27.256860 -15.118086 -2.572717 -5.330908 5.980480 2.618154 -5.635930 4.683160 0.050809 -0.174358 2.711235 3.328494 -15.615880 5.684904 0.000001 -0.000002 -0.000002 -0.734549 0.929652 -1.628407 -5.276831 -6.282839 -16.885203 1.922320 26.167213 32.079551 -0.000007 -0.000000 -0.000001 -7.753907 -8.292866 14.070787 -1.198690 -12.097115 -3.595377 7.193761 -22.153075 -12.260967 -0.000003 0.000002 -0.000002 31.198829 15.615146 23.104546 -33.997629 4.626411 4.989582 -2.244876 -24.230321 -15.554695 0.000001 0.000001 0.000001 -6.275343 7.850905 -29.790953 18.146100 15.430745 50.497159 -32.645002 -4.141444 -19.742945 0.000001 0.000002 0.000003 
0.837813 104.825996 -1.070824 -12.514595 25.427257 -14.353412 -3.037646 -5.230911 5.374441 2.242707 -5.156290 4.130632 0.430411 -0.066591 2.848176 2.392172 -14.840353 5.011898 0.000002 -0.000001 -0.000000 -1.345006 1.279388 -0.964203 -5.098705 -5.573679 -16.190965 -1.139842 24.606533 32.985770 -0.000002 0.000002 0.000003 -7.515179 -7.716022 12.657082 -1.433636 -12.038158 -3.762522 5.191506 -21.059254 -15.584656 -0.000003 -0.000002 -0.000002 29.981081 14.151898 21.186019 -32.389064 4.096871 4.969088 -2.363317 -22.491511 -14.675068 0.000001 0.000001 0.000001 -3.940103 7.831521 -27.679408 17.540021 14.079181 50.139155 -30.990269 -4.867339 -18.779861 0.000000 -0.000003 0.000001 
1.053763 104.479294 -1.098091 -10.074038 22.343340 -13.355709 -5.080908 -5.385532 3.807645 3.023108 -3.820955 3.846648 0.112180 0.371431 3.000648 1.983724 -13.737471 4.339425 0.000001 -0.000001 -0.000000 -1.744732 1.328859 -0.970588 -5.840297 -5.316547 -15.263301 -2.859621 25.388312 34.547165 -0.000005 0.000000 -0.000001 -7.496789 -7.290067 11.046809 -1.995424 -11.684849 -4.548380 3.637183 -19.169252 -16.258227 -0.000003 -0.000004 -0.000005 27.358857 12.027870 18.581987 -30.378086 4.088888 5.046698 -2.557994 -20.070466 -13.268503 0.000001 -0.000000 0.000001 -3.709969 7.264695 -26.014579 17.715291 14.212556 48.690810 -27.922256 -2.749427 -16.612545 -0.000001 -0.000001 -0.000000 
1.270525 104.062431 -1.158787 -7.566525 17.942511 -12.786696 -6.138132 -5.018082 2.487497 2.501711 -2.960049 3.033779 0.195119 1.270219 3.824504 0.856454 -12.101348 3.349864 0.000002 0.000000 -0.000000 -2.239506 0.838706 -0.691077 -6.746674 -5.980614 -14.676888 -3.695472 27.322341 36.272867 -0.000005 0.000000 -0.000001 -7.053089 -6.001395 9.791629 -2.382529 -10.261823 -4.538893 2.794533 -19.372269 -16.696047 -0.000004 0.000000 -0.000003 24.561292 10.201664 16.996489 -28.545541 4.261851 3.112130 -2.787032 -16.081066 -11.151243 0.000001 -0.000000 0.000001 -3.529861 6.431402 -22.929493 15.842354 10.764837 45.469430 -22.703118 -3.573977 -13.286540 -0.000001 -0.000003 0.000000 
1.470029 103.633003 -1.242710 -6.058133 14.754030 -12.208351 -6.411326 -4.570046 1.730380 3.043915 -2.014739 2.948045 -0.231260 1.400040 3.907328 -0.720431 -11.342485 2.785549 0.000003 -0.000002 -0.000001 -2.732163 0.643065 -0.491995 -7.907700 -7.112985 -14.284799 -3.212594 29.197665 36.369620 -0.000007 -0.000001 -0.000002 -6.748034 -4.619660 9.539850 -2.692832 -8.983290 -4.632718 1.991968 -19.325417 -16.854622 -0.000004 -0.000002 0.000001 23.490663 9.185060 16.003830 -27.464448 4.413602 1.866693 -2.776692 -13.738104 -9.615907 0.000001 0.000001 0.000002 -2.285305 5.951718 -19.588477 13.835904 7.530196 41.226663 -16.894128 -4.382984 -9.621501 0.000000 0.000000 0.000000 
1.637260 103.135506 -1.353475 -4.262943 11.882064 -11.028272 -6.033312 -3.632031 0.825892 2.601267 -1.543054 2.325142 -0.501382 1.591041 4.112286 -1.723594 -10.711519 2.127835 0.000001 -0.000003 -0.000001 -2.955313 0.357094 -0.547694 -8.282583 -6.652756 -12.124534 -1.283934 28.325409 31.817955 -0.000006 0.000003 -0.000001 -6.371700 -3.140856 8.866707 -3.518611 -8.466935 -4.774315 1.092058 -18.371693 -15.357911 -0.000002 0.000000 -0.000003 20.921920 7.924733 14.932545 -24.583251 4.237408 0.050780 -2.490662 -10.816763 -7.853155 0.000002 0.000001 0.000000 -1.060843 4.804472 -14.898828 11.183996 5.138452 33.727365 -10.144054 -3.501253 -5.261730 -0.000000 -0.000001 -0.000000 
1.791030 102.554108 -1.476889 -2.867629 9.692561 -9.499008 -5.199339 -2.835306 0.347652 0.478406 -2.376834 1.441789 0.606455 3.015581 4.300326 -2.211647 -9.980692 1.737071 0.000004 0.000001 -0.000000 -2.720409 0.243712 -0.492492 -6.895334 -3.964646 -8.881953 1.273758 25.358080 24.239354 -0.000003 0.000002 -0.000000 -6.248289 -3.993266 6.732471 -3.980942 -6.873608 -4.522547 0.209821 -16.577320 -11.594004 -0.000004 -0.000003 -0.000003 19.610685 6.932961 13.331654 -23.655716 4.098446 -1.086047 -2.470769 -9.042436 -6.938393 -0.000001 0.000001 0.000000 -0.135510 3.609227 -10.102100 8.171077 2.862592 25.869309 -5.377479 -4.330888 -2.280201 -0.000000 0.000000 -0.000000 
1.933465 101.962234 -1.600754 -2.528032 8.549258 -8.011435 -3.979349 -2.113981 0.189402 0.795355 -1.898123 1.417781 -0.506052 2.590091 3.735753 -1.167343 -8.725077 1.699229 0.000003 -0.000004 -0.000000 -2.241533 0.269781 -0.504329 -5.413921 -1.595788 -6.391814 3.068966 21.958887 17.994446 -0.000005 0.000000 -0.000001 -5.910249 -4.614957 5.155154 -3.675822 -6.425549 -4.558273 -0.344505 -14.707803 -8.714507 -0.000002 -0.000004 -0.000006 18.370967 6.023276 11.837975 -22.081001 3.747462 -1.555183 -1.627227 -8.033960 -6.031221 0.000001 0.000002 0.000000 0.683754 2.708268 -6.271654 5.609985 1.545687 18.962220 -2.758283 -3.496521 -0.592957 -0.000000 -0.000003 -0.000000 
2.080083 101.312965 -1.722487 -1.931235 6.939653 -6.197571 -2.876129 -1.375980 -0.044177 0.602929 -1.425828 1.097802 -0.626089 1.902538 2.842888 -1.608181 -7.494907 1.149622 0.000004 -0.000003 -0.000002 -1.754838 0.216576 -0.551128 -4.254163 -0.460594 -3.754443 4.202121 17.157466 12.465617 -0.000005 0.000002 -0.000000 -4.945546 -4.179338 3.975278 -3.028996 -5.982948 -3.890410 0.366434 -12.311714 -6.499477 -0.000003 0.000001 0.000003 14.956285 4.626020 9.764667 -18.567207 3.431235 -1.568537 0.145349 -7.073213 -4.618307 0.000000 0.000000 0.000001 0.909485 1.700858 -3.250319 3.701931 0.949799 12.209222 -1.337799 -0.795909 0.100689 0.000000 0.000000 -0.000000 
2.253346 100.591064 -1.837673 -1.469668 4.979637 -4.386543 -1.682684 -0.714816 -0.150545 -0.542533 -1.650614 0.543802 0.558196 1.386106 1.925323 -2.317448 -5.453851 0.339143 -0.000001 -0.000000 -0.000001 -1.351633 0.726697 -0.143018 -3.184491 -0.252646 -2.010937 4.353918 12.585235 8.048691 -0.000008 0.000001 0.000001 -3.424605 -2.395071 3.330948 -2.466076 -4.146165 -2.502416 -0.067689 -8.709051 -4.702602 -0.000004 0.000002 0.000001 10.834353 3.039653 7.299633 -12.425373 2.172409 -1.157122 1.501109 -5.610977 -3.095181 -0.000000 0.000001 0.000001 1.327107 1.241593 -1.217080 1.977930 0.547854 6.706460 -0.237629 0.786474 0.450479 -0.000000 -0.000005 0.000000 
2.436328 99.881798 -1.966918 -0.328277 3.167917 -3.207926 -1.909647 -0.634950 -0.537494 -0.781690 -1.495163 0.265340 0.656732 2.110162 1.934949 -2.320131 -4.343061 0.099024 -0.000001 0.000002 0.000002 -0.666392 0.229983 -0.308174 -2.061109 0.419439 -0.869949 3.204469 8.486175 5.397983 -0.000005 0.000002 0.000000 -2.617923 -2.138322 2.448782 -1.884902 -2.786164 -1.908759 0.325614 -6.774097 -3.125570 -0.000003 -0.000006 -0.000003 7.258878 2.004726 5.604821 -8.692252 1.676104 -1.265146 1.483570 -3.624714 -1.872099 -0.000001 0.000001 0.000000 0.624092 0.455581 -0.346392 1.057552 0.446668 3.067023 0.408674 1.427197 0.522071 -0.000000 -0.000003 0.000000 
2.630580 99.141861 -2.078147 0.439396 0.941993 -2.081030 -1.015317 0.043879 -0.808828 -1.171445 -1.293313 -0.074674 0.639919 2.063396 1.829768 -1.882014 -2.681762 0.015567 -0.000001 -0.000000 -0.000001 -0.554330 0.693283 -0.330317 -1.408655 1.274162 0.374714 4.994976 5.500183 0.394711 -0.000003 0.000001 -0.000000 -1.673793 -0.949787 1.625425 -1.485746 -1.938992 -1.235421 -0.006352 -4.256432 -0.972901 -0.000005 -0.000008 -0.000003 4.039933 1.165291 3.960992 -5.009195 1.128320 -1.649263 2.191887 -1.700616 -0.465411 0.000000 0.000002 0.000001 0.458396 0.189628 -0.097502 0.444391 0.324024 1.296950 0.828895 1.157502 0.638598 -0.000000 -0.000003 0.000000 
2.857228 98.360657 -2.186931 0.186939 0.481364 -0.557414 -0.614087 -0.227043 -0.123693 0.286877 0.172672 0.077005 -0.186798 -0.119809 0.260425 -0.440730 -0.558391 -0.029094 0.000001 -0.000000 0.000001 -0.116043 0.697547 0.124628 0.036362 0.803033 0.001403 1.384865 1.268594 -0.179900 0.000000 0.000000 0.000001 -0.619850 -1.001704 0.449659 -0.300952 0.495975 -0.353079 0.234934 -1.271722 -0.238306 -0.000004 0.000000 -0.000003 1.227143 0.307459 1.045957 -1.148856 0.261429 -0.196108 1.336131 -1.022597 -0.184488 0.000000 0.000001 -0.000000 0.157659 0.122559 -0.104706 0.148936 -0.078876 0.502170 -0.512676 0.121624 -0.329338 0.000000 -0.000003 0.000000 
3.083985 97.628845 -2.295540 -0.137915 -0.364322 0.419470 0.462921 0.172140 0.091683 -0.216565 -0.130008 -0.058663 0.141266 0.089820 -0.196721 0.332301 0.421379 0.019108 0.000001 0.000000 -0.000000 0.086543 -0.526398 -0.093081 -0.027441 -0.605789 -0.001378 -1.042242 -0.959689 0.115399 -0.000003 0.000000 0.000001 0.472837 0.752410 -0.346408 0.229058 -0.372921 0.268084 -0.180765 0.958717 0.183256 -0.000003 -0.000002 0.000001 -0.929336 -0.217052 -0.793285 0.867263 -0.194593 0.151394 -1.010225 0.768430 0.154947 0.000001 0.000000 0.000002 -0.118775 -0.092649 0.078778 -0.111899 0.060364 -0.378699 0.387208 -0.089800 0.249162 -0.000000 -0.000003 0.000000 
3.326496 96.879692 -2.425954 -0.657535 -1.454408 1.357216 1.885399 0.714035 0.326519 -1.408175 -0.764637 -0.421839 0.669147 0.557551 -0.456104 1.150891 1.430670 -0.017830 0.000004 -0.000000 0.000000 0.595929 -0.830046 -0.054608 0.018642 -2.095572 -0.285400 -2.768713 -2.982196 0.031018 0.000002 -0.000000 0.000001 0.924493 0.174436 -1.236879 0.874855 2.608064 0.092782 0.244497 1.732424 2.061595 -0.000001 -0.000002 -0.000006 -2.690141 -0.607129 -2.462872 3.433956 -0.770162 0.180929 -2.011613 2.394485 0.951412 0.000001 0.000002 0.000000 0.071022 0.084374 0.179823 -0.518412 0.136111 -1.214325 1.354116 0.755000 0.826396 -0.000000 0.000002 0.000000 
3.569229 96.131912 -2.566659 -0.130033 -3.120627 1.915559 2.134626 0.907610 0.131896 -1.555045 -0.255117 -0.774673 0.284734 0.751020 0.026242 1.957741 2.721847 0.061597 -0.000001 0.000001 -0.000000 0.835829 -1.776118 0.459609 0.116092 -3.349881 -0.993293 -4.605462 -3.977576 1.172561 -0.000007 0.000001 0.000001 1.836325 0.684786 -2.215956 1.507128 4.538397 0.092561 0.369123 2.437669 3.892711 -0.000001 0.000000 -0.000002 -5.271690 -1.004127 -2.942191 6.144513 -1.360896 -1.252571 -1.673525 4.695216 2.366456 -0.000001 0.000000 -0.000001 -0.162722 0.002062 0.280358 -1.288036 0.102910 -2.272138 2.614849 0.635643 1.722584 -0.000000 -0.000001 0.000000 
3.804238 95.422638 -2.703460 0.147206 -4.302574 2.176627 2.359580 1.021001 0.153827 -1.469050 0.360552 -1.038521 0.137502 0.703577 0.338247 2.031354 3.403571 0.067585 0.000001 0.000001 -0.000001 0.891469 -1.807038 0.767935 0.619860 -3.273729 -1.336452 -6.265399 -5.185355 1.423801 -0.000003 -0.000000 0.000001 2.402188 0.968893 -2.889553 1.798777 5.883348 0.077372 0.065268 3.596432 5.044932 -0.000004 0.000000 0.000002 -7.087609 -1.201104 -3.086495 7.888816 -1.770126 -2.340622 -1.899637 6.359763 3.269459 -0.000001 -0.000000 0.000001 0.127799 0.175247 0.309971 -1.936568 0.115755 -3.095501 3.330453 -0.645310 2.329678 0.000000 -0.000003 0.000000 
4.061708 94.711578 -2.836196 1.502721 -5.445842 2.524752 1.418288 0.533213 0.054937 -0.968303 1.657594 -1.350015 -0.305760 0.423074 0.773986 2.161021 3.978126 0.336966 0.000005 -0.000001 -0.000001 1.042644 -2.296287 1.740402 1.781834 -3.730622 -2.236543 -8.819723 -6.851814 3.598275 -0.000005 0.000000 -0.000001 3.385266 1.242999 -3.607517 2.309361 7.191506 0.919384 0.189974 5.093207 4.325038 -0.000003 -0.000001 -0.000001 -9.766521 -1.605616 -3.169035 10.260893 -2.315769 -4.008044 -2.331176 8.870236 4.825717 -0.000001 -0.000000 0.000001 0.119380 0.516093 -0.144008 -2.217351 0.544741 -3.705320 3.384423 0.256699 2.599188 -0.000000 0.000000 0.000000 
4.338914 94.011543 -2.987179 0.741244 -6.479263 2.486067 1.984940 0.547620 0.461521 -0.092788 2.577791 -1.287891 -0.860240 -0.842543 0.338879 2.317131 5.021083 0.314112 0.000004 0.000000 -0.000000 1.143781 -1.408735 2.086719 2.642643 -3.485670 -2.502656 -9.113067 -7.797059 3.289528 -0.000005 -0.000001 0.000002 4.605111 2.761855 -4.167687 2.448981 8.038129 1.679699 0.263201 5.674180 4.186092 -0.000005 0.000000 -0.000003 -9.752155 -1.652012 -3.569986 11.184437 -2.732330 -4.534633 -1.942943 10.508007 5.927114 -0.000000 0.000000 -0.000000 0.740687 1.037938 -0.182839 -2.065324 1.249878 -3.775616 3.908121 0.315759 3.139567 -0.000000 -0.000003 0.000000 
4.590228 93.373253 -3.123514 0.324265 -6.665857 2.396892 2.274691 0.518113 0.753184 -0.085882 2.430474 -1.152240 -0.791343 -1.217026 -0.080839 2.163992 5.589718 0.333082 0.000000 -0.000001 -0.000001 1.115977 -1.321447 2.453816 2.711636 -4.053202 -2.720863 -8.282827 -7.907428 2.969260 -0.000005 -0.000002 0.000001 5.085929 3.348358 -4.133338 2.534886 8.681075 2.032554 0.181110 6.236285 4.018213 -0.000004 -0.000001 -0.000001 -9.905967 -1.741465 -3.740277 12.567516 -3.070209 -4.819792 -1.844485 10.987310 6.376050 0.000001 0.000000 0.000000 0.637105 1.054362 -0.194057 -1.733072 1.657016 -3.268200 2.968193 -0.040164 2.759239 -0.000000 -0.000003 0.000000 
4.822137 92.773132 -3.270858 1.070757 -7.428025 2.017272 1.518291 0.307630 0.559686 0.017312 2.501334 -1.094366 -0.917206 -0.915706 0.239815 1.847980 5.553191 0.281211 -0.000001 -0.000002 -0.000000 0.626198 -2.276378 2.880169 1.652267 -5.340132 -2.240647 -5.785093 -7.266458 1.627717 -0.000002 0.000001 0.000000 5.078623 3.674631 -4.141452 1.840800 8.913531 2.686050 0.730817 5.357448 5.111375 -0.000004 -0.000003 0.000003 -10.824658 -1.847899 -2.885607 13.507057 -3.229096 -6.024954 -1.744467 11.945181 7.016585 0.000001 0.000001 0.000001 1.170244 1.290334 0.035902 -2.066016 1.622057 -3.560479 3.679385 -0.061749 3.274236 -0.000000 -0.000001 -0.000000 
5.015648 92.245934 -3.402855 1.404650 -7.757092 1.883579 1.333245 0.426053 0.227496 0.144651 2.350320 -0.943141 -1.347183 -0.581174 0.370226 2.438778 5.618148 0.487057 0.000000 0.000001 0.000000 0.707549 -2.569863 2.883955 1.487819 -5.808868 -0.736143 -3.950352 -9.134933 -3.354385 -0.000005 0.000001 -0.000000 4.400608 2.280994 -3.760070 2.149575 9.661554 2.105023 0.923347 5.627068 7.369025 0.000004 0.000002 0.000001 -10.856482 -1.773921 -2.456627 13.621004 -3.405674 -6.816975 -2.143229 12.686157 7.384720 -0.000000 0.000000 0.000001 2.004315 1.627755 0.483747 -3.165009 1.224394 -4.623955 3.812721 -0.519479 3.605676 -0.000000 -0.000001 0.000000 
5.188246 91.790146 -3.512738 2.033759 -7.898929 2.197019 0.801495 0.386483 -0.067985 0.460674 2.836920 -1.063980 -1.519765 -1.303465 0.203470 2.078974 6.069543 0.180219 0.000002 -0.000001 -0.000000 0.151461 -2.457734 3.232743 0.895236 -5.616689 0.444190 -0.818630 -10.302632 -9.214233 -0.000005 0.000004 0.000001 4.519593 3.300948 -3.832456 1.868216 8.572454 1.713203 0.104351 6.113379 10.265931 -0.000007 -0.000003 0.000004 -11.145961 -1.741441 -2.520966 13.910859 -3.565091 -7.548524 -1.723930 13.070866 7.614895 0.000000 0.000001 0.000001 2.451468 1.910712 0.199649 -3.741718 1.086448 -5.243816 3.758072 -1.028089 3.708112 0.000000 0.000002 -0.000000 
5.313482 91.391655 -3.629575 2.107708 -7.944238 2.931471 1.384627 1.197154 -0.948879 -1.178193 1.570335 -1.314493 -0.843745 0.043913 0.718163 3.166042 6.076433 0.217176 0.000001 -0.000002 -0.000000 0.286616 -4.340205 4.005832 0.783768 -5.589377 1.368101 -2.505140 -12.473144 -12.804941 -0.000007 0.000001 -0.000000 5.232272 3.664019 -4.875066 2.792244 8.646249 0.903615 -1.551662 8.566286 12.397816 -0.000001 0.000000 0.000003 -10.916661 -1.595352 -2.874814 13.066738 -3.172075 -7.846531 -2.896950 12.925785 7.404401 0.000002 0.000000 -0.000001 2.005377 1.521113 -0.085097 -3.077686 1.217111 -5.951853 5.361870 0.864769 4.151418 -0.000000 -0.000005 0.000000 
5.445552 91.029930 -3.734897 2.702163 -7.934260 3.251197 0.234807 0.595999 -0.874210 -0.238739 3.199992 -1.651485 -1.356481 -0.556054 1.089328 2.950134 6.437520 0.063403 0.000004 -0.000001 -0.000000 0.068038 -4.678470 4.832089 1.435258 -4.319575 1.989147 -4.007011 -14.533336 -16.879226 -0.000002 0.000001 0.000003 5.370953 2.671294 -6.384575 3.930516 9.809682 -0.766545 -4.133408 11.578746 14.429191 0.000001 -0.000002 0.000001 -11.271386 -1.671824 -3.033264 12.361345 -2.982267 -8.165585 -2.561275 13.219546 7.814090 0.000001 0.000000 0.000000 1.761556 1.396214 -0.193413 -3.481901 0.676563 -6.514779 6.787833 0.449491 4.766676 -0.000000 -0.000003 0.000000 
5.554093 90.724815 -3.827863 2.498897 -7.243568 3.631616 0.884267 0.870906 -0.867678 -1.419954 2.146329 -1.709196 -0.440476 -0.091630 0.843699 3.122463 6.609181 0.091836 -0.000001 -0.000001 0.000000 0.116205 -5.702865 5.678988 1.287085 -5.968744 2.577842 -7.323372 -15.540193 -15.749754 -0.000002 -0.000001 0.000000 5.936347 2.222286 -7.389332 5.036963 10.857919 -1.399303 -5.210010 14.175410 13.251314 -0.000001 0.000003 0.000003 -11.394815 -1.685216 -3.653885 12.435149 -2.942054 -7.683322 -2.568539 12.468175 7.400467 0.000001 0.000001 -0.000001 1.290402 1.137956 -0.239808 -3.290174 0.690257 -6.696673 7.050333 -0.231106 4.823793 -0.000000 -0.000001 0.000000 
5.668221 90.480339 -3.910035 2.937848 -7.154468 4.043206 0.823236 0.879055 -0.931727 -1.626690 2.285139 -1.879903 -0.418967 0.533405 1.134004 3.363156 6.237408 0.306618 0.000002 0.000000 -0.000000 0.236858 -6.241762 5.896639 1.428179 -6.278218 3.270949 -8.514901 -16.264936 -16.362128 -0.000005 -0.000000 -0.000000 6.132061 1.600948 -8.536169 5.829801 10.342124 -2.289769 -5.695519 15.009093 12.320346 -0.000006 -0.000003 -0.000001 -12.387664 -1.878980 -3.846011 12.631885 -3.252059 -8.470904 -1.827435 13.383719 7.922949 0.000001 -0.000000 -0.000000 0.776160 1.128354 -0.722768 -3.350568 1.197056 -6.519513 5.794593 0.394482 4.280888 -0.000000 -0.000005 0.000000 
5.792118 90.250748 -3.982058 1.853757 -6.673086 4.423403 1.269645 0.875103 -0.621459 -0.268701 3.530960 -1.868614 -1.053465 -1.441801 0.178308 2.470279 6.243554 0.305615 0.000003 0.000000 -0.000001 -0.216917 -4.835782 6.376799 0.498739 -7.669852 4.331706 -6.120163 -16.085459 -17.317289 -0.000000 0.000000 -0.000001 6.729816 2.262390 -9.616342 6.265867 10.161045 -3.779118 -5.673695 14.800460 12.319546 -0.000001 0.000002 0.000000 -12.119751 -1.821954 -4.838004 13.921080 -3.565284 -8.002461 -1.669825 13.159625 7.654838 -0.000002 0.000001 0.000001 1.534631 1.626489 -1.031746 -3.350676 1.218562 -6.510818 4.138915 -0.724820 3.586904 -0.000000 -0.000001 -0.000000 
5.903007 90.040504 -4.055199 1.446063 -6.552994 4.581999 1.461012 0.895714 -0.525253 0.221908 4.203164 -2.020729 -1.248660 -2.563870 -0.219259 1.972473 6.101288 0.230865 0.000004 -0.000000 0.000001 -0.704649 -3.721809 6.968546 -0.392901 -9.234174 5.018348 -4.871679 -15.700455 -16.681251 -0.000003 0.000005 -0.000000 7.405960 2.984459 -10.642261 6.335696 9.860823 -4.212754 -4.974036 13.860463 12.758886 -0.000003 -0.000003 -0.000003 -12.286024 -1.788862 -5.179444 14.601350 -3.538569 -7.771403 -1.910286 12.825652 7.414152 -0.000000 0.000000 -0.000001 2.046006 1.914497 -1.220844 -3.390493 0.781397 -6.471685 3.402769 -1.845723 3.142158 -0.000000 -0.000005 0.000000 
5.985497 89.863312 -4.112071 1.626474 -6.872395 4.638596 1.530129 1.043504 -0.739123 0.003369 4.435227 -2.333427 -1.174862 -2.478092 -0.042304 1.309681 5.498333 0.306555 0.000002 0.000001 0.000001 -0.994698 -3.421239 7.213937 -0.084242 -8.247698 6.258846 -7.286037 -15.677296 -14.776730 -0.000003 -0.000003 0.000002 7.419553 2.784282 -11.256063 6.716467 9.688428 -5.352082 -3.774621 12.281250 14.205943 -0.000002 -0.000001 -0.000000 -12.415337 -1.785094 -4.976376 14.502228 -3.365599 -7.944640 -2.395611 12.957602 7.507681 0.000001 -0.000001 -0.000001 2.187412 2.094483 -1.613406 -3.476715 0.363508 -6.193403 3.219376 -2.863900 3.115025 -0.000000 -0.000001 0.000000 
6.051058 89.708099 -4.169806 2.409788 -6.703767 4.510046 1.388580 1.035573 -0.929446 -1.154306 3.703553 -2.542245 -0.656288 -1.389090 0.649527 0.885540 5.098493 0.213005 -0.000001 0.000001 0.000001 -0.974294 -3.622468 7.467769 0.314317 -7.773639 6.806829 -9.279556 -15.740868 -12.984482 -0.000008 -0.000000 0.000001 6.700851 1.177840 -11.468624 7.826832 10.406752 -7.075378 -3.479253 11.794681 15.226500 -0.000004 0.000002 0.000001 -12.759306 -1.894434 -4.794815 14.059221 -3.314204 -7.849991 -3.495036 13.383754 7.701259 0.000001 0.000000 -0.000001 2.057996 2.152409 -1.762580 -3.273690 0.309346 -5.837454 3.437756 -1.589252 3.017109 -0.000000 -0.000003 0.000000 
6.110978 89.567215 -4.232082 2.673819 -6.552793 4.482217 1.367879 1.075232 -1.000324 -2.294555 2.908219 -2.739732 0.145653 -0.511934 0.988094 0.647940 4.779235 0.105749 0.000002 0.000001 -0.000001 -1.140151 -2.879580 7.315164 0.466498 -7.015826 7.445691 -9.663598 -16.035865 -13.948651 -0.000003 0.000004 0.000001 6.170351 0.325182 -11.747815 8.175505 10.377919 -8.020172 -3.542951 11.534442 15.816954 -0.000004 -0.000005 -0.000003 -12.810018 -1.916561 -4.830211 13.859416 -3.317471 -7.601773 -3.805881 13.252066 7.564206 0.000001 -0.000000 0.000001 1.742424 1.981923 -1.758251 -3.526950 0.009519 -5.819466 3.645844 -1.580745 3.037652 -0.000000 -0.000001 0.000000 
6.169517 89.428513 -4.293015 3.257645 -6.562803 4.413607 0.469091 0.693958 -1.144295 -2.385527 3.244536 -2.946501 0.300573 -0.126981 1.503276 0.181795 4.594180 0.014499 0.000001 -0.000001 -0.000001 -1.235843 -3.090780 7.549137 0.273622 -7.437243 7.474057 -10.435664 -15.757163 -12.831701 0.000000 -0.000001 0.000001 5.950161 -0.096374 -11.978821 8.527227 9.654257 -8.522940 -4.169054 12.101797 15.277118 -0.000004 -0.000003 0.000000 -13.406836 -2.023435 -4.579126 13.715325 -3.273514 -7.838362 -3.985401 13.592942 7.858194 0.000001 0.000001 0.000001 1.705297 2.003046 -1.876732 -3.315429 0.004647 -5.634637 3.950774 -1.468786 3.108157 -0.000000 -0.000003 0.000000 
6.217827 89.300995 -4.352650 3.709831 -6.707890 4.386547 0.099430 0.690761 -1.445286 -2.708255 3.277451 -3.143282 0.367026 0.099106 1.951641 -0.124334 4.471307 -0.121145 0.000000 -0.000001 -0.000002 -1.451303 -3.017819 7.663451 0.332477 -7.075937 7.578013 -10.832565 -15.726201 -12.834365 -0.000010 -0.000001 0.000001 5.514212 -0.639546 -12.064051 8.653837 9.704890 -8.966292 -4.239315 11.911912 15.397210 -0.000006 -0.000001 -0.000001 -13.950485 -2.112676 -4.169332 13.831446 -3.188031 -8.374035 -4.172959 13.954254 8.128473 0.000001 0.000000 -0.000000 1.727051 2.033371 -1.988492 -3.165437 -0.120433 -5.628805 4.406755 -1.169910 3.209746 0.000001 -0.000003 0.000000 
6.258288 89.187851 -4.409673 3.776947 -6.537496 4.333145 0.150327 0.716545 -1.438050 -3.310887 2.717387 -3.194247 0.805133 0.455903 1.998753 -0.497697 4.490016 -0.337715 0.000000 -0.000001 -0.000000 -1.657411 -3.602623 7.760650 -0.357352 -7.987619 7.610544 -10.039469 -14.914545 -11.799730 -0.000008 0.000001 0.000001 5.181603 -0.857228 -12.022676 8.559900 9.410367 -9.279154 -4.134023 11.338331 16.018913 -0.000003 0.000003 -0.000002 -14.186722 -2.158243 -4.133606 13.889783 -3.169159 -8.246259 -4.267500 13.787471 7.991723 0.000000 0.000001 0.000001 1.713649 1.977757 -1.908746 -3.458110 -0.497248 -5.691286 4.582222 -1.198231 3.294841 0.000001 -0.000003 0.000000 
6.293170 89.084480 -4.474466 3.206578 -6.417492 4.355976 0.581065 0.972269 -1.480097 -3.405782 2.612117 -3.202660 0.915786 0.110518 1.863627 -0.613651 4.445037 -0.447212 -0.000003 0.000000 0.000000 -1.788003 -3.449015 7.705702 -0.614198 -8.261386 7.698741 -9.930868 -14.678029 -11.386123 -0.000010 -0.000002 0.000001 5.035005 -0.837578 -12.003725 8.436442 8.905630 -9.344249 -3.730564 10.715706 16.237576 -0.000004 0.000000 -0.000002 -13.496334 -2.063212 -4.352543 13.941302 -3.103697 -7.902375 -3.801225 13.477235 7.914281 0.000001 0.000001 0.000001 1.825223 1.987563 -1.855164 -3.426565 -0.580975 -5.666295 4.405105 -0.883343 3.162296 0.000000 -0.000003 -0.000000 
6.325871 88.992424 -4.538935 2.884455 -6.179666 4.287787 0.814234 1.030113 -1.378799 -3.679533 2.161659 -3.092289 1.207233 0.250636 1.656374 -0.758952 4.497627 -0.428131 -0.000001 0.000000 -0.000000 -1.775542 -3.879067 7.736658 -1.252264 -9.793462 7.678494 -9.408925 -14.080376 -9.911188 -0.000008 0.000002 0.000000 4.934959 -0.927970 -11.760955 8.632419 8.755588 -9.536510 -3.795020 10.916680 15.792299 -0.000002 -0.000003 -0.000003 -13.113152 -2.051785 -4.534104 13.864608 -3.132982 -7.455146 -4.562632 13.106895 7.531374 -0.000001 0.000001 0.000001 1.775079 1.974831 -1.774394 -3.278069 -0.300401 -5.546732 5.152351 -0.079763 3.673893 -0.000000 -0.000005 0.000000 
6.350226 88.906982 -4.604425 3.227973 -6.181702 4.070646 0.480458 0.873816 -1.415864 -3.821678 1.932974 -3.028940 1.350146 0.584527 1.718593 -1.015738 4.447964 -0.387440 0.000002 0.000001 0.000001 -1.792575 -4.153386 8.007377 -1.683266 -11.176490 7.496180 -9.782224 -13.678963 -7.746813 -0.000010 -0.000002 0.000001 5.120248 -0.761451 -11.568150 8.799677 8.655918 -9.383123 -3.647660 11.281953 14.979356 -0.000004 -0.000003 -0.000001 -13.423589 -2.071313 -4.275309 13.853142 -3.083459 -7.314779 -4.021731 12.967450 7.552289 -0.000000 0.000001 0.000000 1.407619 1.687672 -1.584557 -2.925799 0.001416 -5.494852 5.503518 -0.778670 3.906114 0.000001 -0.000001 -0.000000 
6.370507 88.830780 -4.669164 3.006359 -6.051924 4.063310 0.420056 0.825693 -1.423353 -3.697473 2.176590 -3.027470 1.255465 0.529607 1.856208 -0.906740 4.292968 -0.279170 0.000000 -0.000001 0.000002 -1.447296 -3.724609 7.728662 -0.417400 -9.326820 7.680102 -11.091312 -14.958403 -9.627748 -0.000005 -0.000004 -0.000000 5.082217 -1.245766 -11.505033 9.327044 8.519706 -9.449010 -3.257873 11.230626 14.445007 -0.000003 -0.000003 0.000000 -13.338581 -2.108809 -4.359951 13.803977 -3.163172 -7.318302 -4.050603 13.249192 7.702265 -0.000001 0.000001 -0.000001 1.302374 1.695626 -1.430836 -3.090863 -0.067821 -5.507780 5.054185 -0.900118 3.617282 -0.000001 -0.000001 0.000000 
6.388739 88.752396 -4.736730 2.822788 -6.141503 4.157155 0.396768 0.830469 -1.477279 -3.678604 2.425838 -3.127155 1.180830 0.382325 1.981389 -0.687381 4.537493 -0.307371 0.000001 0.000001 -0.000000 -1.359422 -2.770687 7.617383 0.287897 -8.106680 7.615503 -12.055613 -15.746439 -11.205148 -0.000005 -0.000000 -0.000000 5.264625 -1.201519 -11.567616 9.502751 8.275616 -9.363815 -3.087184 11.193039 13.960612 -0.000002 -0.000001 0.000002 -13.110745 -2.082267 -4.492484 13.571261 -3.265728 -7.408353 -4.141702 13.784544 7.913806 -0.000001 0.000000 0.000001 1.319408 1.730929 -1.425826 -3.230477 0.032228 -5.602566 4.915784 -0.471725 3.492407 0.000001 -0.000003 0.000000 
6.406884 88.685013 -4.802648 2.967268 -6.345107 4.121070 0.106049 0.673204 -1.453518 -3.466912 2.977542 -3.292770 1.015948 0.313035 2.229488 -0.968218 4.409148 -0.286832 -0.000001 0.000001 0.000001 -1.309055 -2.718839 7.595268 0.478640 -7.862237 7.559422 -12.657588 -16.018199 -11.401557 -0.000007 0.000003 -0.000001 5.376304 -1.182416 -11.742374 9.449282 8.378225 -9.210134 -3.198991 11.488081 13.234817 -0.000003 0.000003 -0.000000 -13.580057 -2.137656 -4.211707 13.906106 -3.396807 -7.964764 -4.525581 14.114450 8.113576 -0.000001 0.000002 -0.000000 1.217925 1.645017 -1.347574 -3.404687 0.003810 -5.730366 5.158018 -1.149967 3.696212 -0.000000 -0.000005 -0.000000 
6.427766 88.621910 -4.873205 2.858283 -6.328916 4.225573 0.164404 0.719589 -1.444849 -3.588636 2.795908 -3.279538 1.091966 0.303058 2.121677 -1.224201 4.592618 -0.429050 0.000001 -0.000001 -0.000000 -1.450516 -2.709278 7.386428 -0.133403 -8.176961 7.573955 -11.727620 -15.394037 -11.653049 -0.000005 -0.000002 0.000000 5.160354 -1.089352 -11.674253 9.240456 8.518790 -9.632122 -3.550980 11.214734 13.578978 -0.000006 -0.000001 0.000000 -13.555597 -2.143834 -4.517709 13.874177 -3.410336 -7.743924 -4.198798 14.228875 8.118895 0.000000 -0.000000 0.000001 1.452816 1.843799 -1.509126 -3.783536 -0.281437 -5.679320 5.262056 -0.726616 3.858350 -0.000000 -0.000001 -0.000000 
6.443109 88.574646 -4.948856 2.268927 -6.080622 4.186384 0.723063 0.894372 -1.268962 -3.808747 2.223990 -3.128667 1.348027 0.440461 1.786094 -1.315787 4.459181 -0.510492 0.000000 0.000000 0.000001 -1.437920 -3.586850 7.358957 -0.369305 -8.392477 7.405700 -11.237358 -15.014858 -11.087099 -0.000007 -0.000000 0.000001 5.127255 -1.003927 -11.654968 9.187467 8.486174 -9.780133 -3.412856 11.099567 13.325831 -0.000007 0.000001 -0.000004 -12.657935 -2.006822 -4.858921 13.422812 -3.283552 -7.028647 -4.406191 13.948547 7.937242 -0.000001 0.000000 0.000000 1.445411 1.755748 -1.381852 -3.570306 -0.073779 -5.697996 5.824166 0.021001 4.121017 -0.000000 -0.000003 0.000000 
6.454416 88.527649 -5.011134 2.348886 -6.441971 4.050893 0.800540 0.998912 -1.400434 -3.753455 2.476076 -3.210796 1.223355 0.295192 2.004763 -1.615259 4.466579 -0.483870 0.000004 -0.000002 -0.000000 -1.303498 -3.286287 7.415522 -0.764449 -9.887399 7.415832 -11.661400 -14.748277 -9.175011 -0.000007 -0.000000 -0.000000 5.485374 -0.631420 -11.461828 9.418302 8.206211 -9.533813 -2.998069 11.061816 12.562606 -0.000006 0.000003 -0.000000 -12.985151 -2.054259 -4.511021 13.678116 -3.384602 -7.468878 -5.029983 14.466088 8.331705 -0.000001 0.000001 -0.000000 1.444843 1.735835 -1.234563 -3.615973 0.010653 -5.801983 5.274401 -0.390698 3.822899 -0.000000 -0.000003 0.000000 
6.472474 88.480515 -5.067266 2.899398 -6.789243 3.966444 0.036726 0.607544 -1.372734 -2.601165 3.824528 -3.278275 0.400025 -0.278328 2.315749 -2.277587 4.302883 -0.654561 -0.000001 0.000001 0.000001 -1.413819 -3.595534 7.347262 -0.420907 -8.661254 7.073605 -11.745718 -14.805156 -9.941748 -0.000005 -0.000003 -0.000003 5.293596 -0.803977 -11.703382 9.111780 8.245145 -9.471125 -2.917377 10.528389 12.945294 -0.000004 0.000001 -0.000003 -13.767986 -2.154630 -4.144253 13.597553 -3.302470 -7.898820 -4.583740 14.882630 8.615630 -0.000000 0.000001 0.000000 1.542138 1.822442 -1.303026 -3.551102 0.011073 -5.729263 5.288481 -0.664405 3.819753 0.000000 0.000000 -0.000000 
6.482690 88.433167 -5.138374 2.553058 -6.580776 4.186471 0.141880 0.688238 -1.407267 -3.167808 3.346819 -3.338427 0.738343 0.175048 2.304143 -1.613746 4.229724 -0.537225 0.000002 0.000000 -0.000000 -1.274937 -3.569552 7.090272 0.046159 -7.663337 6.904657 -10.812285 -15.123369 -11.683345 -0.000005 -0.000003 -0.000000 5.367988 -0.832498 -12.005922 9.116739 8.310877 -9.520105 -2.950158 10.594102 13.162340 -0.000000 -0.000001 -0.000001 -13.731587 -2.151376 -4.416610 13.638113 -3.296682 -7.930217 -4.202513 14.931599 8.631246 -0.000001 0.000001 0.000001 1.677476 1.936841 -1.380003 -3.465975 0.182519 -5.917361 5.660865 -0.785302 4.005607 0.000000 -0.000001 0.000000 
6.494071 88.395027 -5.202891 2.443042 -6.580461 4.238643 0.199965 0.719480 -1.396860 -3.225390 3.252394 -3.313034 0.755954 0.015898 2.134769 -1.576282 4.490117 -0.617715 0.000002 0.000000 0.000001 -1.258351 -2.594933 6.923286 0.393199 -7.109176 7.046237 -11.244311 -15.510566 -12.232226 -0.000005 -0.000001 0.000001 5.431378 -0.740753 -11.909903 9.217720 8.422483 -9.543787 -3.146780 11.085298 12.650466 -0.000003 0.000000 -0.000003 -13.664902 -2.128792 -4.504946 13.465187 -3.268191 -7.828795 -4.371078 14.713211 8.530672 -0.000000 0.000001 0.000000 1.540515 1.868342 -1.407505 -3.491575 0.173532 -5.941421 5.457759 -0.349755 3.864228 -0.000000 -0.000001 0.000000 
6.505437 88.354942 -5.266217 2.721134 -6.644881 4.276630 -0.006871 0.629063 -1.457501 -3.330377 3.334385 -3.403824 0.719080 0.022013 2.295636 -1.618645 4.613032 -0.547996 0.000002 -0.000000 -0.000001 -1.149364 -2.414062 7.024427 0.893941 -6.749286 6.910709 -11.340982 -15.859604 -12.488081 -0.000008 0.000003 -0.000000 5.516363 -0.918559 -11.921670 9.482325 8.989279 -9.545863 -2.977005 11.242910 12.067398 -0.000001 0.000004 -0.000000 -14.151450 -2.204434 -4.416339 13.962776 -3.463409 -8.207563 -4.469415 14.968544 8.811231 -0.000000 0.000001 -0.000000 1.427059 1.844035 -1.398820 -3.638146 0.132573 -5.967996 5.761005 -0.916531 4.090137 -0.000000 0.000000 -0.000000 
6.518751 88.325043 -5.328808 3.062638 -6.863319 4.204995 -0.050958 0.640008 -1.503893 -3.574667 3.063291 -3.401684 0.759776 0.296780 2.395586 -1.771003 4.746008 -0.627990 0.000001 -0.000002 -0.000000 -1.257019 -2.967018 7.227627 0.258438 -7.956169 6.713705 -10.747855 -15.136971 -10.983828 -0.000005 -0.000001 -0.000001 5.470442 -0.837481 -11.801993 9.486751 9.230220 -9.658101 -3.221281 11.479228 11.801768 -0.000007 -0.000003 -0.000003 -14.340774 -2.241893 -4.156883 13.881904 -3.399997 -8.473386 -4.579761 15.165276 9.005143 -0.000000 0.000001 0.000001 1.277441 1.762050 -1.418101 -3.726874 -0.061773 -5.964538 5.337513 -1.250328 3.837044 0.000000 -0.000003 0.000000 
6.527447 88.291084 -5.379938 2.992180 -6.781357 4.176931 0.115017 0.656163 -1.423153 -3.611206 2.994478 -3.391503 0.825472 -0.176812 2.106442 -1.916650 5.053291 -0.734527 -0.000001 0.000001 -0.000000 -1.437240 -2.700904 7.537981 -0.001328 -8.710988 6.620352 -10.515307 -14.828793 -10.006384 -0.000005 0.000002 0.000001 5.685193 -0.469230 -11.681447 9.517248 9.394298 -9.580830 -3.356742 11.775959 11.405291 0.000002 0.000000 -0.000002 -14.175790 -2.232853 -4.261525 13.859145 -3.421209 -8.261518 -5.406605 15.040452 8.781039 0.000000 0.000002 0.000001 1.364613 1.822365 -1.387729 -3.704103 -0.002355 -5.918399 5.060558 -2.125179 3.752129 -0.000000 -0.000001 -0.000000 
6.526666 88.267548 -5.429503 2.787008 -6.300093 4.332324 0.295520 0.743490 -1.443761 -4.048479 2.288379 -3.278053 1.359186 0.205172 1.778954 -2.029459 4.760144 -0.601037 0.000004 0.000000 0.000001 -1.285778 -3.163480 7.614407 -0.049063 -9.210152 6.608033 -10.461194 -14.669718 -9.074570 -0.000001 0.000001 -0.000002 5.583341 -0.771732 -11.541513 9.775630 9.409679 -9.661313 -3.133973 11.730521 11.146844 -0.000003 0.000000 0.000004 -13.581659 -2.163581 -4.723869 13.789351 -3.463658 -7.764620 -5.072585 14.743112 8.521990 -0.000001 0.000001 0.000000 1.070764 1.675880 -1.394581 -3.824154 -0.157475 -5.856071 4.862988 -1.550014 3.629026 0.000000 -0.000003 0.000000 
6.533762 88.248291 -5.486880 2.947125 -6.334294 4.346052 0.259550 0.727083 -1.471624 -3.987165 2.403112 -3.293302 1.339363 0.035941 1.846989 -2.296544 4.794793 -0.727523 0.000001 0.000001 0.000001 -1.236262 -3.070248 7.595533 -0.034887 -9.434362 6.608436 -10.353600 -14.550087 -8.588971 0.000000 -0.000002 0.000000 5.520954 -0.928418 -11.405119 9.965093 9.529075 -9.764689 -3.224524 12.042705 10.773712 -0.000004 0.000000 -0.000001 -13.539986 -2.175421 -4.688304 13.471027 -3.365654 -7.856050 -4.652246 14.816991 8.537263 -0.000000 0.000001 0.000001 1.075643 1.748067 -1.551762 -3.703960 -0.146014 -5.772573 5.353876 -1.882420 3.842836 0.000000 -0.000005 0.000000 
6.539052 88.225517 -5.539147 3.112250 -6.260921 4.324545 0.026194 0.556404 -1.396327 -3.708236 2.773471 -3.313062 1.246797 -0.213919 1.892023 -2.474986 4.775592 -0.839183 0.000001 0.000001 0.000001 -1.153746 -3.726327 7.636423 0.130611 -9.251809 6.681724 -10.320377 -14.456085 -8.200203 -0.000012 0.000001 -0.000002 5.675672 -0.723316 -11.493952 10.015698 9.257247 -9.617217 -3.396220 12.358368 10.497533 -0.000003 -0.000001 -0.000001 -13.939995 -2.226667 -4.655569 13.624253 -3.324190 -7.878592 -4.879850 14.751668 8.681740 0.000000 0.000001 -0.000000 1.066551 1.726475 -1.541671 -3.619754 -0.224017 -5.844881 4.961308 -2.019855 3.511274 -0.000001 -0.000001 0.000000 
6.542645 88.208130 -5.588114 2.998372 -6.152556 4.409498 0.122092 0.608067 -1.422322 -3.582649 2.922561 -3.342215 1.142599 -0.267469 1.947550 -2.515085 4.494761 -0.812409 0.000001 0.000000 -0.000000 -1.189003 -3.638376 7.576724 0.161405 -8.992663 6.684306 -9.255931 -14.538913 -9.377810 -0.000008 0.000002 -0.000002 5.553952 -0.925941 -11.616993 9.926223 9.001192 -9.669803 -3.372513 12.225790 10.844974 -0.000003 0.000000 0.000003 -13.521155 -2.157588 -4.882865 13.658289 -3.312883 -7.625457 -4.595359 14.376949 8.273406 0.000000 0.000002 0.000001 1.116243 1.791290 -1.644718 -3.596046 -0.266245 -5.728910 4.919373 -1.549457 3.468593 -0.000000 0.000002 -0.000000 
6.543691 88.189682 -5.645790 2.884302 -5.997157 4.429916 0.316915 0.738919 -1.428414 -4.074619 2.427533 -3.364512 1.398312 0.024934 1.976407 -2.164068 4.678093 -0.874437 -0.000001 0.000000 0.000001 -1.365425 -3.578975 7.482186 -0.052791 -8.864677 6.549546 -8.123766 -14.216387 -10.156670 -0.000005 -0.000000 0.000001 5.286551 -1.029821 -11.596969 9.795537 9.192297 -9.987173 -3.010960 11.291487 11.903774 -0.000005 -0.000002 -0.000003 -13.019241 -2.077924 -5.055392 13.232787 -3.247683 -7.269533 -4.732300 14.115721 8.098303 0.000000 0.000001 0.000001 1.131152 1.771970 -1.620193 -3.721785 -0.336977 -5.695251 4.870283 -0.954444 3.426535 -0.000001 -0.000001 0.000000 
6.547137 88.177612 -5.697058 2.686710 -5.853946 4.550525 0.392300 0.738814 -1.354828 -4.027042 2.668421 -3.474610 1.660915 -0.283796 1.878213 -2.476193 4.646856 -1.083335 -0.000001 -0.000002 -0.000001 -1.464890 -3.428331 7.401324 -0.407310 -9.274702 6.555944 -8.704879 -13.881017 -9.288329 -0.000003 0.000000 0.000002 5.206892 -0.955199 -11.630716 9.610563 9.227313 -9.958317 -3.022497 11.027817 12.248534 -0.000001 -0.000001 -0.000001 -12.851918 -2.075382 -5.304515 13.306759 -3.232223 -7.125491 -4.633018 14.177403 8.280414 -0.000001 0.000000 -0.000001 1.157925 1.845777 -1.720353 -3.813980 -0.527741 -5.662988 4.882361 -0.260817 3.343519 -0.000000 -0.000001 0.000000 
6.546687 88.172752 -5.747278 2.782060 -5.875884 4.559466 0.593420 0.891281 -1.433021 -4.402887 2.313657 -3.494805 1.917557 0.103591 1.950881 -2.540495 4.572714 -1.152819 0.000001 0.000000 -0.000000 -1.518737 -3.772040 7.480304 -0.748597 -9.824491 6.415723 -8.867668 -13.547182 -8.510070 -0.000007 0.000002 -0.000000 5.367407 -0.562325 -11.578076 9.419336 8.511911 -9.679011 -3.218896 11.128888 12.076504 -0.000001 0.000001 0.000001 -12.975778 -2.095508 -5.234765 13.175697 -3.112613 -7.202953 -4.689432 14.305157 8.365253 0.000000 0.000001 0.000001 0.880910 1.695175 -1.775705 -3.793084 -0.645837 -5.660796 4.724100 -0.536236 3.206987 -0.000000 -0.000003 0.000000 
6.546283 88.161270 -5.801771 3.087589 -5.928562 4.430191 0.285075 0.785344 -1.508869 -4.339322 2.429044 -3.497875 1.803679 0.248101 2.228587 -2.536160 4.660406 -1.147743 0.000000 0.000000 -0.000000 -1.488927 -3.499583 7.391016 -0.356789 -9.094473 6.423185 -8.615869 -13.911881 -9.787661 0.000000 0.000006 0.000001 5.277281 -0.771261 -11.627028 9.430373 8.747841 -9.616358 -3.504991 11.391642 12.091641 -0.000003 0.000001 0.000001 -13.406805 -2.175875 -4.946910 13.363839 -3.199280 -7.539748 -4.714797 14.713952 8.618229 -0.000002 0.000001 -0.000000 0.671168 1.569362 -1.667139 -3.788334 -0.561657 -5.559483 4.887267 -1.084848 3.334262 0.000000 -0.000003 0.000000 
6.549416 88.150383 -5.853448 3.099155 -6.004105 4.347684 -0.193130 0.468403 -1.384872 -3.312400 3.459751 -3.446962 1.228431 -0.419603 2.152815 -3.126857 4.526334 -1.091401 -0.000001 -0.000001 -0.000000 -1.361232 -3.656063 7.416323 -0.310415 -9.351120 6.385877 -7.860863 -14.053062 -10.262393 -0.000005 0.000006 0.000001 5.470875 -0.657321 -11.639577 9.548396 8.871540 -9.444847 -3.236025 11.373652 11.769073 -0.000001 -0.000003 -0.000001 -13.418731 -2.164445 -4.885880 13.460390 -3.227629 -7.511598 -4.936088 14.907690 8.632272 0.000001 0.000000 -0.000000 0.834328 1.657502 -1.649679 -3.880568 -0.656175 -5.533759 4.855246 -0.975312 3.344033 -0.000000 -0.000001 0.000000 
6.551242 88.138855 -5.902755 3.544020 -6.072188 4.296276 -0.293372 0.510572 -1.564130 -3.949612 3.019461 -3.568245 1.493595 0.106414 2.456282 -2.816908 4.419008 -1.015036 0.000004 -0.000001 0.000000 -1.218809 -4.089425 7.584948 -0.626489 -10.472895 6.352192 -8.110792 -13.709069 -8.654907 -0.000005 -0.000000 -0.000000 5.411821 -1.053260 -11.618159 9.721852 9.172052 -9.323604 -3.205445 11.667408 11.461614 -0.000000 0.000001 0.000003 -13.987041 -2.234616 -4.714073 13.585595 -3.298577 -7.710604 -4.762342 15.263820 8.980899 0.000001 0.000000 0.000001 0.780092 1.644731 -1.652881 -3.704052 -0.406226 -5.592348 5.123185 -0.515616 3.436674 0.000000 -0.000003 0.000000 
6.550788 88.135559 -5.956792 3.381492 -5.978295 4.230731 -0.211306 0.521921 -1.484827 -4.012643 2.820312 -3.507566 1.660052 0.070033 2.136768 -2.857518 4.363084 -0.945227 0.000001 -0.000002 -0.000000 -1.245394 -3.993852 7.484551 -0.746817 -10.381859 6.620894 -7.686957 -13.643269 -9.081630 -0.000007 -0.000001 -0.000000 5.440954 -0.760886 -11.403718 9.581686 9.238546 -9.470642 -2.919438 11.133656 12.073995 -0.000007 -0.000001 0.000000 -13.585836 -2.159498 -4.870183 13.554031 -3.223791 -7.274314 -4.787391 15.074041 8.964557 -0.000000 0.000001 0.000001 0.818380 1.634772 -1.743778 -3.394430 -0.280299 -5.236316 5.897711 -0.841307 3.955753 -0.000000 -0.000005 0.000000 
6.550495 88.128662 -6.000512 2.691607 -5.835590 4.106348 0.481695 0.765167 -1.347619 -3.997608 2.534968 -3.352664 1.495153 -0.030165 1.885483 -2.639619 4.301396 -0.838172 -0.000001 -0.000001 -0.000000 -0.974892 -4.025726 7.370691 -0.502221 -10.208250 6.595717 -8.189321 -13.901712 -8.849370 -0.000007 0.000000 -0.000000 5.427589 -0.952493 -11.253176 9.897886 9.232183 -9.643083 -2.603275 11.011812 12.173540 -0.000003 0.000002 0.000001 -12.827654 -2.048728 -5.014267 13.432872 -3.192542 -6.883158 -4.897019 14.909736 8.711321 0.000000 0.000001 0.000001 1.231200 1.786394 -1.622927 -3.276765 -0.360334 -5.182457 5.694450 -0.309642 3.735164 0.000001 -0.000001 -0.000000 
6.551272 88.123260 -6.045011 2.747105 -5.850174 4.099197 0.452367 0.759283 -1.399174 -4.331741 2.291336 -3.392780 1.713597 0.249905 1.912747 -2.495387 4.335466 -0.738529 -0.000001 -0.000000 -0.000001 -0.868152 -3.654733 7.378252 -0.002891 -9.669762 6.506762 -9.088658 -14.369963 -8.840864 -0.000009 0.000002 0.000001 5.438508 -1.177490 -11.183998 10.115162 9.347981 -9.591225 -2.848109 11.604501 11.539297 -0.000000 0.000002 -0.000001 -12.979255 -2.080656 -4.974955 13.448876 -3.189793 -6.981827 -5.117468 14.969254 8.866203 0.000000 0.000001 0.000000 0.858258 1.578559 -1.604285 -3.326668 -0.405317 -5.256373 5.791039 -0.281197 3.800268 -0.000000 -0.000003 0.000000 
6.557966 88.112297 -6.080192 2.576693 -5.775096 4.052126 0.377644 0.701648 -1.352650 -4.062059 2.564793 -3.382390 1.605719 -0.165659 1.870412 -2.612336 4.350099 -0.856442 -0.000001 -0.000000 -0.000001 -0.911674 -3.528816 7.215864 0.396074 -8.672798 6.539333 -9.463944 -14.651019 -9.304978 -0.000001 0.000001 -0.000000 5.528451 -0.848929 -11.295766 9.903663 9.041466 -9.394739 -3.167146 11.933854 11.381036 -0.000000 -0.000003 -0.000001 -13.082704 -2.098922 -5.076654 13.775996 -3.232238 -6.838534 -4.703739 14.787389 8.864749 -0.000001 0.000001 0.000000 1.071959 1.694768 -1.578630 -3.243592 -0.373571 -5.161509 5.399767 -0.696064 3.578257 0.000000 0.000000 -0.000000 
6.559157 88.106789 -6.115779 2.644408 -5.732230 3.935698 0.218144 0.584048 -1.278429 -3.642558 2.945000 -3.340872 1.413480 -0.564478 1.785010 -3.152731 4.271101 -0.960606 0.000001 0.000001 -0.000000 -1.068251 -3.216143 7.414269 0.057086 -9.384686 6.315703 -9.281185 -14.463474 -8.786629 -0.000005 -0.000000 -0.000001 5.709178 -0.566029 -11.361520 9.745582 8.943917 -9.080513 -3.246076 12.193230 10.812119 -0.000004 -0.000001 0.000004 -13.162720 -2.078797 -4.986636 13.885978 -3.242568 -6.754466 -4.441527 14.808967 8.749746 0.000000 0.000001 0.000001 1.178421 1.729788 -1.554327 -3.257428 -0.496124 -5.085027 5.741788 -0.720198 3.705867 -0.000000 -0.000003 -0.000000 
6.563381 88.099052 -6.161424 2.749284 -5.914996 3.962110 -0.107907 0.519116 -1.443335 -3.318466 3.224482 -3.320502 1.064080 -0.461560 1.940932 -2.647075 4.265517 -0.779620 -0.000002 -0.000001 -0.000000 -0.862181 -3.409783 7.225129 0.614171 -8.273001 6.371460 -8.703911 -14.854992 -10.257214 -0.000007 -0.000001 0.000000 5.671141 -0.702895 -11.323374 9.847569 8.979906 -9.358111 -2.640509 11.384857 11.464273 0.000001 0.000000 0.000003 -13.109340 -2.061219 -4.861444 13.697683 -3.291730 -7.078856 -4.015111 15.037102 9.016242 -0.000001 0.000002 0.000001 1.159125 1.738338 -1.661050 -3.340452 -0.410675 -5.005132 5.547794 -0.280058 3.698559 -0.000000 -0.000001 -0.000000 
6.572719 88.097290 -6.203057 3.034765 -6.199887 3.886966 -0.229812 0.494525 -1.510162 -3.618449 3.011341 -3.392680 1.148160 0.050104 2.153945 -2.738362 4.319526 -0.791559 0.000001 0.000000 -0.000000 -0.880457 -3.430455 7.200257 0.456278 -8.507812 6.349278 -8.441763 -14.689944 -10.035775 -0.000007 0.000004 0.000002 5.468035 -0.921389 -11.220848 9.872458 9.438410 -9.592064 -2.473297 11.052335 11.817913 -0.000002 0.000003 -0.000000 -13.512899 -2.114506 -4.458816 13.770590 -3.301024 -7.716648 -4.656506 15.384356 9.213883 -0.000001 0.000001 0.000001 1.359215 1.843260 -1.667806 -3.520520 -0.488296 -5.271457 5.692152 -1.332738 3.856891 0.000000 -0.000001 0.000000 
6.575660 88.098053 -6.237654 2.943083 -6.185630 3.857416 0.081808 0.690656 -1.567220 -3.847397 2.754303 -3.400589 1.360118 0.069811 2.116846 -2.972286 4.196023 -0.819506 0.000000 -0.000000 -0.000002 -1.003851 -3.332198 7.302535 -0.088037 -9.462295 6.432625 -8.811257 -14.354189 -8.900259 -0.000003 0.000001 0.000003 5.389017 -0.975689 -11.170125 9.694220 9.349726 -9.473714 -2.375353 10.829110 12.004770 -0.000004 0.000001 0.000001 -13.457016 -2.103296 -4.432294 13.802328 -3.240261 -7.708620 -4.913287 15.425528 9.218685 -0.000000 0.000001 -0.000000 1.257358 1.677328 -1.435751 -3.502447 -0.460943 -5.432570 5.514701 -1.263705 3.752886 0.000001 -0.000003 -0.000000 
6.586320 88.091881 -6.266601 2.916317 -6.195510 3.731941 -0.280558 0.385771 -1.348390 -2.783639 3.796439 -3.368442 0.766006 -1.052218 1.842918 -3.334340 4.352722 -1.007396 -0.000003 -0.000001 -0.000000 -1.271248 -4.032794 7.571228 -0.666749 -10.118579 6.304118 -7.928622 -13.586648 -8.124248 -0.000007 0.000004 -0.000001 5.447398 -0.662769 -11.267092 9.278661 9.165807 -9.190947 -2.668638 10.962563 11.941298 -0.000004 0.000001 -0.000000 -13.560725 -2.111076 -4.353208 14.086612 -3.291999 -7.651384 -5.209705 15.520691 9.195828 0.000001 0.000000 -0.000001 1.487513 1.743603 -1.242398 -3.485668 -0.302510 -5.536481 5.279133 -1.010456 3.619016 -0.000000 -0.000003 0.000000 
6.600656 88.091621 -6.298639 3.097257 -6.360419 3.726625 -0.116908 0.511842 -1.447179 -3.175213 3.481878 -3.391018 0.795657 -0.690273 2.050212 -2.991465 4.478294 -1.049137 0.000000 0.000001 0.000001 -1.199005 -3.258093 7.496412 -0.487493 -10.123277 6.239498 -8.144651 -13.909445 -8.502817 -0.000003 0.000003 -0.000001 5.558301 -0.562460 -11.217540 9.576125 9.089958 -9.334174 -2.219956 10.353989 12.133201 -0.000004 -0.000001 -0.000001 -13.888904 -2.203051 -4.207750 14.152407 -3.319440 -7.994477 -5.439899 15.671237 9.404055 -0.000001 0.000001 0.000000 1.393841 1.724416 -1.194972 -3.584987 -0.401028 -5.781841 5.494966 -1.254840 3.677933 -0.000000 -0.000003 -0.000000 
6.617491 88.088547 -6.333773 3.109329 -6.594441 3.704553 -0.087936 0.598317 -1.568588 -3.222833 3.357330 -3.356805 0.709933 -0.428818 2.161583 -3.043840 4.397106 -1.051860 0.000003 0.000001 -0.000001 -1.049479 -3.557706 7.509356 -0.442833 -10.272294 6.166024 -8.259965 -13.967996 -8.176037 -0.000007 -0.000002 -0.000002 5.668494 -0.531913 -11.252342 9.638965 9.240754 -9.313241 -1.982623 10.247450 12.028946 -0.000000 -0.000001 -0.000001 -13.800422 -2.185620 -4.111687 13.929993 -3.286724 -8.146718 -5.286723 15.980390 9.466989 -0.000000 0.000001 0.000001 1.609279 1.857232 -1.234182 -3.476017 -0.257684 -5.924721 6.418850 -1.044017 4.158217 0.000000 -0.000001 -0.000000 
6.632904 88.093002 -6.366767 3.118718 -6.663348 3.664495 0.371691 0.854515 -1.584413 -4.074296 2.539733 -3.431151 1.187312 0.152929 2.221935 -3.155838 4.463359 -1.113538 -0.000003 -0.000001 -0.000000 -1.225266 -3.634889 7.597675 -0.707691 -10.376388 6.047562 -7.644530 -13.749079 -8.428587 -0.000005 0.000001 0.000002 5.448923 -0.676128 -11.189743 9.448835 9.420030 -9.401165 -2.108696 10.168927 12.232222 -0.000006 -0.000002 0.000001 -13.569602 -2.138318 -4.115174 13.807406 -3.169355 -8.016958 -5.181682 15.795794 9.436482 -0.000001 0.000002 0.000001 1.685013 1.892084 -1.308662 -3.496294 -0.388672 -5.903742 6.570921 -1.425091 4.284742 0.000001 -0.000003 0.000000 
6.650651 88.093704 -6.394607 3.687906 -6.738685 3.544115 -0.139684 0.615189 -1.621458 -3.942386 2.773680 -3.506328 0.978154 0.403446 2.593364 -3.125940 4.355379 -1.000012 0.000000 -0.000004 -0.000000 -1.035536 -4.334144 7.555132 -0.768310 -10.611090 5.947876 -8.558041 -13.624277 -7.180551 -0.000010 0.000004 0.000001 5.596684 -0.581596 -11.342866 9.378705 8.844144 -9.110779 -2.106622 10.346524 12.093576 -0.000005 0.000000 -0.000003 -14.451126 -2.228184 -3.856047 14.026745 -3.217463 -8.249870 -5.420287 16.019193 9.618569 0.000000 0.000001 0.000001 1.501502 1.716564 -1.227276 -3.473339 -0.370478 -5.987327 6.466617 -1.748487 4.234471 -0.000000 -0.000003 0.000000 
6.666541 88.095291 -6.428166 3.111002 -6.519477 3.605326 0.168118 0.715993 -1.502874 -3.542682 2.882177 -3.347206 0.774160 -0.132763 2.138094 -2.894844 4.431916 -0.944917 0.000003 -0.000000 0.000001 -1.143011 -3.977261 7.440648 -0.898342 -10.434797 5.980167 -8.008027 -13.604803 -8.141857 -0.000005 -0.000001 -0.000001 5.476892 -0.555536 -11.341907 9.235746 8.909885 -9.320530 -1.989421 9.891705 12.625972 0.000002 -0.000003 -0.000004 -13.733937 -2.121152 -4.310360 14.126725 -3.239420 -7.639094 -5.376625 15.583913 9.187313 -0.000001 0.000001 0.000002 1.766799 1.860082 -1.233138 -3.550221 -0.442955 -5.965672 6.051749 -2.195159 4.086004 0.000000 0.000000 0.000000 
6.680386 88.098030 -6.459620 3.378694 -6.608736 3.603084 -0.123499 0.600297 -1.592439 -3.397071 2.998008 -3.302917 0.666026 -0.063701 2.158471 -2.991623 4.337761 -0.911468 0.000000 0.000000 0.000001 -1.034771 -4.036336 7.475321 -0.892040 -10.647210 6.145724 -7.397739 -13.679061 -8.646086 -0.000005 -0.000004 -0.000000 5.437543 -0.727918 -11.153328 9.464686 9.005450 -9.434169 -1.802193 9.745257 12.416960 -0.000003 -0.000001 -0.000006 -13.905975 -2.172761 -4.269362 14.308734 -3.289719 -7.752503 -5.118515 15.617439 9.268148 -0.000001 0.000002 0.000001 1.544523 1.788138 -1.287350 -3.093286 0.089027 -5.911040 6.231634 -1.038856 4.132123 -0.000000 -0.000001 -0.000000 
6.696423 88.093147 -6.491582 2.933593 -6.722163 3.516472 0.287334 0.774773 -1.550711 -3.564215 2.681734 -3.260416 0.730973 0.064744 2.139163 -2.854067 4.384459 -0.899402 0.000002 0.000001 0.000001 -0.975478 -3.848369 7.447501 -0.539019 -9.948747 6.188701 -7.365372 -14.016003 -9.485181 -0.000007 0.000006 0.000003 5.564194 -0.558848 -11.212141 9.463594 8.712647 -9.331646 -1.960692 10.072123 12.232228 -0.000002 -0.000001 -0.000006 -13.637776 -2.113731 -4.178809 14.146223 -3.319584 -7.848782 -4.866734 15.691091 9.390504 0.000001 0.000001 0.000001 1.502571 1.718606 -1.247944 -2.800614 0.366913 -5.627353 5.983484 -1.343082 3.993434 -0.000000 -0.000001 -0.000000 
6.709511 88.092880 -6.526211 2.908657 -6.430006 3.570822 0.118212 0.641750 -1.462456 -3.614663 2.476664 -3.180772 1.023622 0.321825 2.036385 -2.996325 4.274405 -0.850048 -0.000003 -0.000000 0.000001 -0.958410 -3.832324 7.401083 -0.347673 -9.499308 6.075458 -7.083804 -14.191816 -10.392984 -0.000005 0.000001 0.000001 5.538015 -0.564972 -11.338428 9.382253 8.543365 -9.216894 -2.000413 9.849707 12.364944 -0.000000 0.000000 -0.000003 -13.581970 -2.107504 -4.481151 13.853522 -3.318697 -7.319569 -5.167484 15.533583 9.089475 -0.000001 0.000001 0.000002 1.455936 1.700122 -1.317709 -2.731417 0.320215 -5.396121 5.973027 -1.164425 3.942494 0.000001 -0.000005 -0.000000 
6.718686 88.088615 -6.563935 2.320549 -6.277978 3.618470 0.525137 0.797403 -1.379499 -3.562777 2.420621 -3.117198 1.069189 0.163425 1.855947 -2.887141 4.218758 -0.812676 0.000000 0.000000 -0.000000 -0.842088 -3.983487 7.317891 -0.385979 -9.731932 6.070965 -7.540101 -14.153101 -9.726557 -0.000007 -0.000001 0.000002 5.486454 -0.657427 -11.178860 9.572987 8.470534 -9.466387 -1.732642 9.707648 12.550720 -0.000001 0.000002 -0.000002 -12.750928 -1.989937 -4.753156 13.741578 -3.308386 -6.981318 -5.087010 15.364760 8.910438 0.000001 -0.000000 0.000001 1.634713 1.804403 -1.346568 -2.831080 0.109979 -5.178709 5.405235 -1.612017 3.623847 0.000000 -0.000001 -0.000000 
6.730723 88.083687 -6.593479 2.725841 -6.405786 3.558075 0.333325 0.718951 -1.388496 -3.981565 2.200426 -3.210044 1.206156 0.774751 2.248998 -3.264202 4.117540 -0.900986 0.000002 0.000000 0.000000 -0.837306 -4.150811 7.276409 -0.102723 -9.299794 5.926350 -7.549977 -14.408988 -10.049240 -0.000003 -0.000003 0.000001 5.382391 -0.937005 -11.212240 9.700318 8.601740 -9.488409 -1.218259 9.330879 12.593843 -0.000003 0.000002 -0.000001 -13.031085 -2.017214 -4.669266 13.591712 -3.139114 -6.908612 -4.944905 15.494274 9.074226 -0.000000 0.000001 0.000001 1.362308 1.663413 -1.384773 -2.743653 0.028711 -5.066919 4.973811 -1.203138 3.316757 0.000000 -0.000005 0.000000 
6.732721 88.080414 -6.626571 2.786015 -6.590014 3.452622 0.458419 0.771994 -1.382155 -3.663036 2.587971 -3.234804 0.710974 0.529160 2.432885 -3.164232 4.155557 -0.869513 0.000004 -0.000001 0.000001 -0.943937 -3.857778 7.351242 -0.151799 -9.270536 5.620942 -8.012111 -14.299961 -9.662681 -0.000005 -0.000003 0.000001 5.493256 -0.611329 -11.156024 9.659415 8.285237 -9.514808 -1.266896 9.244114 12.714178 -0.000001 0.000001 0.000001 -13.070469 -2.012979 -4.451811 13.418428 -3.121020 -7.058234 -5.229656 15.563660 9.243479 -0.000001 0.000001 0.000000 1.333290 1.595778 -1.300281 -2.966695 -0.191156 -5.197613 4.639886 -1.169756 3.124317 -0.000000 -0.000003 0.000000 
6.732280 88.073181 -6.656272 2.851466 -6.823354 3.280112 0.382985 0.761932 -1.395889 -3.476042 2.747840 -3.201230 0.572699 0.627654 2.667622 -3.506848 3.938472 -0.889249 -0.000001 -0.000000 0.000001 -1.013194 -3.722469 7.117621 -0.432588 -9.410157 5.670245 -7.825695 -14.001540 -9.676052 0.000000 0.000002 -0.000000 5.333541 -0.545079 -10.986978 9.587244 8.113471 -9.740594 -1.293690 8.959227 13.118276 -0.000003 0.000003 0.000001 -13.383953 -2.071278 -4.115773 13.554905 -3.143109 -7.284848 -5.429627 15.871273 9.337523 0.000000 0.000002 0.000001 1.588451 1.757894 -1.282951 -2.829074 -0.063827 -4.910173 5.046103 -0.955907 3.396105 0.000000 -0.000001 -0.000000 
6.727786 88.059402 -6.682615 2.354263 -6.632853 3.339908 0.760765 0.875747 -1.270309 -3.713895 2.357218 -3.140815 0.755869 0.352898 2.156543 -3.440461 3.950108 -0.814696 0.000002 0.000001 -0.000000 -1.130243 -3.963346 7.285963 -1.314980 -11.064307 5.650298 -6.709369 -13.067441 -8.139635 -0.000005 0.000001 -0.000002 5.559490 -0.048521 -10.862464 9.382042 8.494081 -9.608590 -1.335866 8.984397 12.950446 -0.000001 -0.000002 0.000001 -13.157676 -2.043064 -4.409743 13.980191 -3.221677 -6.831243 -4.831194 15.471258 9.123158 -0.000001 0.000002 0.000000 1.848936 1.923194 -1.308381 -2.712879 0.071265 -4.836544 4.461200 -1.217500 3.134259 -0.000000 -0.000003 -0.000000 
6.716779 88.049652 -6.709937 2.326947 -6.966492 3.339460 0.853785 0.997967 -1.402678 -3.758556 2.395909 -3.191610 0.697842 0.323570 2.200798 -3.189907 4.014585 -0.788270 0.000001 -0.000001 -0.000000 -1.145961 -3.657136 7.287791 -1.362359 -11.055694 5.792317 -6.145886 -12.970787 -8.576714 -0.000005 0.000003 0.000001 5.496444 -0.029350 -10.675358 9.303888 8.983076 -9.636036 -1.428059 8.901932 12.842275 -0.000003 -0.000002 0.000001 -13.217260 -2.065875 -4.150244 14.115008 -3.274236 -7.315297 -5.232229 15.794811 9.343962 -0.000000 0.000001 0.000002 1.948993 2.013673 -1.404058 -2.650897 0.106720 -4.731823 4.526643 -1.720350 3.176694 0.000000 0.000000 -0.000000 
6.708004 88.033714 -6.746010 2.727852 -7.121795 3.171523 0.155175 0.613704 -1.317457 -3.666800 2.478578 -3.195461 0.719600 0.794921 2.458057 -3.096060 4.119524 -0.821794 0.000000 0.000000 -0.000001 -1.219006 -3.575806 7.115420 -0.838208 -9.654367 5.956144 -6.865498 -13.362160 -9.312262 -0.000002 0.000002 0.000001 5.267749 -0.226818 -10.779954 9.122986 8.908402 -9.662685 -1.223977 8.495806 13.518003 -0.000003 0.000002 0.000001 -13.705376 -2.127352 -3.774214 14.404837 -3.314726 -7.554957 -5.366048 15.807722 9.438264 -0.000001 0.000002 -0.000000 1.914132 1.941499 -1.257385 -2.909619 -0.085066 -4.770503 5.172296 -2.335265 3.621697 0.000000 -0.000001 -0.000000 
6.685828 88.027946 -6.775672 2.294187 -7.097864 3.166392 0.575810 0.828040 -1.308560 -3.493728 2.267576 -3.013735 0.424956 0.717825 2.192005 -2.875560 4.252290 -0.823184 0.000001 -0.000003 -0.000001 -1.192769 -3.982023 7.012925 -1.507999 -10.660317 6.061114 -5.214115 -12.888651 -9.460749 -0.000005 0.000001 -0.000000 5.171395 -0.193253 -10.608045 9.005530 8.828155 -9.871240 -1.374734 8.557491 13.601487 -0.000002 -0.000002 0.000002 -13.006436 -2.005073 -3.862292 14.259815 -3.280595 -7.203098 -5.301929 15.601921 9.112232 -0.000001 0.000002 0.000001 2.000455 1.933986 -1.215347 -2.757806 0.047736 -4.693359 4.603029 -2.359968 3.356557 0.000001 -0.000001 0.000000 
6.661662 88.026047 -6.806731 2.031971 -7.201261 3.190271 0.945769 1.037097 -1.343139 -3.527799 2.206362 -2.990505 0.465110 0.511630 2.070078 -2.993456 4.337640 -0.846992 0.000002 -0.000001 -0.000001 -1.160377 -3.973458 7.058195 -1.691765 -11.004551 6.156269 -5.058051 -12.666074 -9.065077 -0.000005 -0.000001 0.000001 5.304170 0.072036 -10.498300 8.935820 8.973236 -9.774017 -1.900327 9.154000 12.903555 -0.000003 -0.000002 0.000001 -12.693480 -1.978833 -3.860816 14.020575 -3.277864 -7.166810 -5.327612 15.510485 9.157567 0.000000 0.000001 0.000001 2.098191 2.020033 -1.276168 -2.758396 0.116176 -4.673664 4.583092 -1.670801 3.361561 -0.000000 -0.000001 0.000000 
6.636008 88.017090 -6.847825 1.957939 -7.369657 3.122957 0.988194 1.065868 -1.360314 -3.501986 2.266591 -2.988840 0.310866 0.483836 2.242735 -2.932779 4.562709 -0.863445 0.000001 -0.000001 -0.000000 -1.199009 -3.594185 7.063992 -1.525285 -10.816214 6.061253 -4.395997 -12.879513 -9.986852 0.000000 -0.000001 0.000002 5.258058 -0.094819 -10.585431 9.015603 9.432703 -9.830106 -2.174128 9.498139 12.496995 -0.000002 0.000003 -0.000000 -12.884307 -2.022332 -3.602814 14.161624 -3.366460 -7.458697 -5.185857 15.711368 9.388410 -0.000001 -0.000000 0.000001 2.250638 2.173614 -1.316606 -2.888815 0.026244 -4.478373 5.039827 -1.400871 3.655616 0.000000 -0.000001 0.000000 
6.605644 88.021088 -6.889830 1.985400 -7.577973 3.035587 1.008538 1.081420 -1.352052 -3.620317 2.211182 -3.060873 0.399100 0.545437 2.343909 -2.997434 4.643336 -1.002893 0.000002 0.000001 0.000001 -1.319848 -3.541688 7.009701 -1.421096 -10.196841 6.264225 -4.505743 -12.886719 -10.361511 -0.000003 0.000000 0.000002 5.282186 0.280421 -10.446824 8.869767 9.000336 -9.830573 -2.067800 9.233592 12.657837 -0.000005 -0.000001 -0.000001 -13.121248 -2.035930 -3.203824 13.878335 -3.264521 -7.743268 -5.451605 15.872318 9.429561 -0.000000 0.000001 -0.000000 1.989353 1.977971 -1.303119 -2.656494 0.250135 -4.494491 4.999165 -1.222250 3.567103 0.000001 -0.000001 0.000000 
6.574913 88.028145 -6.934483 1.775008 -7.483635 2.947752 1.114031 1.050789 -1.211504 -3.702987 1.887556 -2.948634 0.498311 0.864808 2.178519 -3.058772 4.417761 -0.985053 0.000004 -0.000001 0.000001 -1.321873 -3.940035 7.032366 -1.568901 -10.280014 6.121360 -4.695113 -12.628788 -9.614293 -0.000005 0.000001 0.000000 5.145305 0.074000 -10.414250 8.746850 9.587522 -9.933825 -1.526915 8.589975 12.810312 0.000001 -0.000003 -0.000003 -12.970417 -1.988545 -3.159207 13.555397 -3.149144 -7.505742 -5.580063 15.867486 9.443871 0.000001 0.000001 0.000000 1.944337 1.924040 -1.362846 -2.377709 0.372982 -4.243370 5.147610 -1.558622 3.631018 0.000001 -0.000001 -0.000000 
6.541364 88.055206 -6.970887 1.506899 -7.691940 2.913343 1.110510 1.038715 -1.217393 -3.232754 2.168567 -2.816563 0.190891 0.601981 1.989200 -2.876451 4.470631 -0.732613 0.000002 -0.000001 -0.000000 -1.131157 -3.582258 7.000292 -1.011934 -9.747520 6.190016 -5.077608 -13.133012 -9.753879 -0.000002 -0.000002 0.000002 5.452858 0.338844 -10.439161 8.673671 9.681102 -9.361724 -1.532890 9.086712 11.786228 -0.000002 -0.000005 -0.000004 -12.995587 -2.009519 -2.800808 13.810971 -3.218316 -7.985131 -5.286969 15.856390 9.389389 0.000000 0.000001 0.000001 2.217824 2.139927 -1.505511 -2.383923 0.389045 -4.380386 5.099188 -1.435731 3.639200 -0.000000 -0.000001 -0.000000 
6.499776 88.118210 -7.004297 1.537590 -7.814524 2.750239 1.128648 1.096065 -1.297572 -3.709577 1.817244 -2.883825 0.431739 1.092277 2.279376 -2.727212 4.197335 -0.615947 0.000004 -0.000000 -0.000001 -0.901179 -3.703601 6.957724 -0.885760 -10.029279 6.119401 -4.775796 -13.139975 -9.478905 -0.000005 0.000000 -0.000001 5.386701 0.024478 -10.305091 8.803982 10.178586 -9.211689 -1.112668 8.871395 11.332759 -0.000002 -0.000003 -0.000006 -12.519986 -1.964709 -2.534325 13.092006 -3.071774 -7.801142 -5.533200 15.484374 9.128208 -0.000000 0.000000 -0.000000 2.348135 2.264767 -1.585724 -2.171501 0.592401 -4.422413 5.507048 -0.468688 3.751219 0.000000 0.000000 -0.000000 
6.456566 88.202187 -7.037758 1.452038 -7.653124 2.513778 1.152802 1.002095 -1.104525 -3.739517 1.587987 -2.810591 0.438307 1.196685 2.195368 -2.833022 4.035700 -0.603516 0.000002 -0.000001 -0.000001 -0.959372 -3.954618 6.902295 -0.996405 -9.611703 6.000279 -4.759669 -12.692331 -9.209284 -0.000005 0.000002 0.000001 5.258254 0.073219 -10.132709 8.613981 10.388779 -9.433858 -0.744695 8.063751 11.954884 -0.000001 0.000002 -0.000006 -12.030791 -1.859653 -2.451165 12.186844 -2.896219 -7.087009 -5.055907 14.725939 8.661751 0.000000 0.000001 0.000001 2.059352 1.964454 -1.392712 -2.094155 0.759595 -4.528592 5.536359 0.615256 3.740566 0.000000 0.000000 0.000000 
6.404589 88.358505 -7.078656 0.840016 -6.979321 2.276018 1.266951 0.773679 -0.626552 -3.616331 1.313695 -2.601181 0.712384 1.138577 1.916225 -2.949260 3.968948 -0.819063 0.000006 -0.000001 0.000002 -0.998569 -3.285989 6.460318 -0.719397 -8.342297 5.856490 -4.412026 -12.776749 -10.703779 -0.000003 0.000000 0.000001 5.113521 0.263280 -9.991246 8.386873 9.808727 -9.608790 -1.161415 8.000414 12.059154 -0.000004 -0.000004 -0.000001 -10.556880 -1.703846 -2.662103 10.761824 -2.590663 -5.695615 -4.482205 13.100128 7.611535 0.000000 0.000001 0.000000 1.745609 1.736073 -1.178740 -2.392926 0.466221 -4.861373 4.903046 -0.612244 3.346330 -0.000001 -0.000001 0.000000 
6.339540 88.595894 -7.129592 0.561320 -6.674518 2.040844 0.870749 0.514499 -0.481802 -2.839289 1.773794 -2.406157 0.262355 0.722195 1.836344 -2.747214 3.730432 -0.970853 0.000002 -0.000001 0.000001 -1.223555 -2.711294 5.891915 -0.948907 -7.424112 6.060161 -3.397443 -12.322985 -11.734936 -0.000003 0.000003 0.000002 5.493590 1.789097 -10.056836 7.412361 8.615791 -9.100989 -0.745428 6.708927 12.439151 0.000002 -0.000003 0.000000 -9.230320 -1.522107 -2.566953 9.291762 -2.044680 -4.501113 -3.133825 11.254883 6.619640 0.000001 0.000001 0.000001 1.779534 1.738030 -1.325780 -3.040386 -0.576055 -5.447093 4.268451 -2.071138 2.932516 -0.000000 0.000000 -0.000000 
6.273340 88.860558 -7.171792 0.393938 -6.522509 1.577652 0.591424 0.230565 -0.204487 -1.359073 2.890087 -2.119615 -0.797002 -0.265668 1.828000 -3.627160 3.558532 -1.115266 -0.000001 0.000002 0.000000 -1.431396 -2.653081 5.718155 -1.018465 -6.992927 5.753834 -3.277971 -11.731136 -11.532731 -0.000005 0.000002 0.000003 5.643903 2.534911 -10.022253 7.035523 7.628830 -8.881584 -1.274124 6.734474 12.215296 -0.000002 -0.000001 -0.000001 -8.569592 -1.509115 -1.989661 8.347643 -1.882059 -4.145889 -1.760256 10.668727 6.389408 0.000001 0.000001 0.000001 1.930947 1.856818 -1.164898 -3.250917 -0.526514 -5.835517 3.575880 -2.398807 2.602825 -0.000000 -0.000003 0.000000 
6.183841 89.246948 -7.207455 1.444431 -6.559897 0.955169 -0.120453 0.001932 -0.339002 -0.834460 3.256196 -2.065291 -1.254837 -0.003036 2.574482 -4.816909 2.728211 -1.356399 -0.000001 0.000001 0.000001 -1.988083 -3.094818 5.473974 -1.801038 -6.240418 5.803183 -1.885447 -10.315635 -12.184738 -0.000007 0.000002 0.000001 4.884705 2.798416 -9.506709 6.098500 6.413492 -9.088322 -1.296901 4.887705 13.583718 -0.000001 0.000000 -0.000002 -7.589514 -1.371801 -1.039707 5.549100 -1.319050 -3.496771 -0.797177 9.510179 5.839308 -0.000000 0.000001 -0.000000 0.652330 1.026780 -1.134771 -3.594358 -0.856989 -6.332741 3.258764 -2.352001 2.412529 -0.000000 -0.000001 0.000000 
6.059476 89.763954 -7.247927 1.313084 -5.962342 0.251815 -0.194429 -0.095043 -0.218375 -0.035980 3.584406 -1.763394 -1.542488 -0.407739 2.466817 -5.360040 1.980725 -1.139754 0.000000 0.000002 0.000001 -2.244289 -2.899349 5.611607 -1.745185 -5.752420 5.887153 -1.374864 -9.869587 -12.443500 -0.000005 -0.000001 0.000000 4.425861 2.430312 -8.851825 5.769160 6.454291 -8.790697 -1.095356 4.457559 12.877167 -0.000004 0.000003 0.000002 -5.170002 -1.010525 -0.312408 2.192315 -0.745804 -2.254187 0.666809 6.970404 4.382152 0.000001 0.000001 0.000001 0.251939 0.817677 -1.056874 -4.217891 -1.398947 -6.857823 2.292763 -1.833060 1.911677 -0.000000 -0.000003 -0.000000 
5.932854 90.305099 -7.290582 1.180433 -5.170432 -0.282840 0.025170 -0.070463 -0.068339 -0.955670 2.125392 -1.493136 -0.618046 0.250160 2.170124 -6.183059 1.410583 -1.251862 0.000000 -0.000000 -0.000002 -2.576135 -2.614927 5.933822 -2.533293 -6.966593 5.778168 0.301119 -8.739457 -11.872402 -0.000005 0.000001 0.000001 4.108666 2.444865 -8.127695 5.555499 6.659994 -8.753939 -0.983583 3.929074 12.346812 0.000000 0.000000 0.000003 -3.019749 -0.691733 -0.051409 -0.997385 -0.332742 -0.728050 0.468764 4.869270 2.988467 -0.000000 0.000001 0.000001 -0.467598 0.410815 -1.030225 -4.426000 -1.682031 -7.168299 2.668380 -1.966560 2.086666 -0.000000 -0.000001 0.000000 
5.782704 90.949341 -7.333667 2.189189 -5.384507 -1.293875 -1.304083 -0.485265 -0.393039 -0.854269 2.289178 -1.532948 -0.875541 0.667420 3.097246 -5.740961 0.937876 -0.989538 0.000002 0.000002 0.000002 -3.145368 -2.017721 5.855220 -2.725199 -5.633094 6.073202 3.232641 -7.688972 -13.542748 -0.000003 0.000003 0.000001 3.580613 2.856802 -7.436384 4.364047 6.374735 -8.662330 -1.448236 2.875613 12.709817 -0.000006 0.000000 -0.000002 -0.510931 -0.198251 1.473507 -5.595513 0.362507 -0.582854 0.040559 3.701435 2.156855 0.000000 0.000001 0.000001 -1.588290 -0.174836 -1.276501 -4.592101 -1.564975 -6.865453 3.279225 -2.652209 2.753439 -0.000000 0.000000 0.000000 
5.620751 91.668098 -7.367589 2.583090 -5.217977 -2.567628 -2.487531 -0.917549 -0.651866 -0.603600 2.101640 -1.313987 -1.157687 1.264427 3.976908 -5.475629 0.089347 -0.766028 0.000001 0.000000 0.000003 -3.548487 -1.084047 6.136674 -2.081023 -4.357825 5.430215 5.817322 -6.978278 -14.391320 -0.000001 -0.000000 -0.000000 3.404956 3.223683 -6.840701 3.859944 6.536434 -7.947609 -0.660973 1.434007 11.354055 -0.000004 -0.000004 -0.000001 2.435398 0.509513 2.995694 -10.391995 1.128057 -0.122398 1.052108 1.750335 1.235594 -0.000000 -0.000001 0.000001 -1.473236 0.169527 -1.956095 -4.870187 -2.502174 -5.938247 3.739504 -5.432983 3.025041 -0.000000 0.000000 0.000000 
5.458882 92.394554 -7.393297 2.572908 -4.643320 -3.463714 -3.419068 -1.354562 -0.686840 0.094454 2.126610 -0.968522 -1.106628 1.592593 4.200504 -6.580952 -1.040722 -0.843217 -0.000001 0.000000 -0.000000 -3.942958 -1.064950 6.360469 -1.369616 -2.514647 4.757214 6.907299 -6.580861 -14.807008 -0.000005 0.000002 0.000002 2.555028 2.312517 -6.293744 3.245535 7.145045 -7.590538 -1.001850 1.532265 10.065587 -0.000004 0.000004 0.000001 4.735461 1.128867 3.974685 -13.625421 1.739539 0.488531 2.509579 -0.011953 0.626014 0.000001 -0.000001 -0.000000 -1.643687 0.253441 -2.639923 -4.377213 -2.844319 -4.822786 3.797609 -5.080083 2.986307 -0.000000 -0.000001 0.000001 
5.293130 93.178726 -7.417814 2.163488 -4.423330 -5.359837 -4.556493 -2.075354 -0.376576 0.721573 1.911860 -0.480406 -1.613321 2.223677 4.899109 -6.366637 -1.971678 -0.595364 0.000004 -0.000001 -0.000001 -4.417194 0.014446 6.179668 -1.012441 -0.701275 3.656256 9.423977 -4.983133 -14.601975 -0.000005 0.000001 0.000000 1.647828 1.720969 -5.413954 2.489740 6.489501 -7.563029 -1.056693 1.053538 9.452772 -0.000005 0.000003 -0.000004 7.324020 2.086808 6.199407 -17.332047 2.623390 0.524715 3.006184 -1.784300 -0.146392 -0.000001 -0.000000 0.000001 -2.105049 0.275962 -3.689973 -3.170689 -3.300789 -1.465030 3.388031 -6.288729 2.744542 -0.000000 -0.000003 0.000002 
5.111358 94.015366 -7.432544 1.977997 -4.117912 -7.659093 -5.673490 -2.924277 -0.013657 1.568092 1.789620 0.088530 -2.606700 3.107131 5.843146 -6.336293 -3.444580 -0.060318 0.000001 0.000000 -0.000000 -4.549383 1.290848 5.836494 0.067421 1.857370 2.183074 9.651315 -3.625085 -13.689151 -0.000005 0.000001 0.000002 0.694149 0.893191 -4.235910 1.505567 6.565180 -6.861717 -0.373885 -1.046894 8.162684 -0.000002 -0.000004 -0.000002 10.660608 3.432185 8.983075 -21.563081 3.629512 -0.050010 2.117854 -3.099476 -1.200729 -0.000000 0.000001 0.000001 -2.991504 0.440947 -5.447029 -1.536271 -3.648029 3.464298 1.710830 -8.381212 1.895219 0.000001 -0.000003 -0.000001 
4.940042 94.830605 -7.437654 1.774879 -3.437139 -9.350256 -6.565238 -3.636424 0.393798 2.382627 1.771484 0.517464 -3.276953 3.430591 6.342516 -6.322187 -4.325850 0.272136 -0.000001 -0.000001 0.000000 -4.664640 1.980653 5.182892 0.365792 4.199345 1.307723 10.471903 -1.917571 -14.107246 -0.000003 -0.000001 0.000001 0.110766 1.631273 -3.059824 0.746665 3.708855 -7.030351 -1.305621 -1.988393 8.160444 -0.000003 -0.000003 -0.000004 13.094626 4.494002 11.052235 -24.653231 4.157646 -0.473615 1.676992 -4.109517 -1.972001 0.000001 0.000000 0.000001 -3.630679 0.773212 -7.107948 -0.119517 -3.658126 7.919986 -0.571153 -8.582561 0.581156 -0.000000 -0.000003 0.000000 
4.760138 95.650703 -7.428263 0.804202 -1.007607 -10.801249 -6.782240 -4.253376 0.998821 2.029380 0.673333 1.049163 -2.720284 4.190479 6.581828 -4.975009 -5.401096 0.805209 0.000002 0.000001 0.000000 -3.823392 2.215242 4.378370 1.833122 4.699475 -1.312868 7.431459 -0.947353 -10.177661 -0.000005 0.000001 0.000000 -1.074545 -0.582391 -1.658506 1.211453 2.879694 -6.462220 -1.096668 -2.394741 5.163235 -0.000002 -0.000006 -0.000001 16.501722 5.626279 12.731616 -27.856814 4.628488 -0.226528 1.405245 -6.542443 -3.511021 0.000002 0.000001 0.000001 -4.244911 1.971893 -10.275599 1.465073 -4.693165 14.413762 -4.500720 -11.538665 -2.035632 -0.000000 -0.000003 -0.000001 
4.585607 96.451759 -7.408952 -0.938391 1.288685 -12.391449 -6.594234 -4.669995 1.686209 1.869539 -0.551347 1.654558 -2.064748 4.306922 6.425734 -4.236759 -6.328667 1.034525 0.000002 0.000000 0.000000 -3.798352 3.374580 3.173531 1.698653 5.056087 -3.785221 7.841825 2.587759 -7.186498 -0.000005 0.000001 -0.000002 -2.740207 -1.960454 0.406937 0.502086 1.642161 -6.306732 -1.111667 -4.454386 4.388567 -0.000003 0.000002 0.000001 19.824527 6.920415 14.553487 -30.422079 5.225233 -0.114903 0.649766 -8.030398 -4.536064 0.000001 -0.000000 -0.000000 -4.461436 3.660571 -14.285538 3.711597 -5.217877 22.235592 -10.123332 -13.658311 -5.608857 -0.000003 -0.000003 0.000000 
4.429640 97.182701 -7.382057 -3.260109 3.660681 -13.398173 -5.020422 -4.461669 2.619509 1.707227 -1.434212 1.973040 -1.875736 3.887797 6.125451 -4.032939 -7.334299 1.124601 0.000001 -0.000001 -0.000000 -3.648262 4.658489 2.274022 1.578172 5.042345 -5.917267 8.478827 5.170008 -4.900415 -0.000004 0.000002 0.000000 -3.903922 -3.251025 1.913115 0.116729 -0.042906 -6.408767 -1.243579 -4.966692 3.826234 -0.000005 -0.000001 -0.000000 22.533899 8.083512 15.586297 -31.536472 5.380617 0.708593 -0.035030 -9.520396 -5.744643 0.000001 0.000000 0.000000 -4.338125 4.916827 -17.350977 6.368845 -3.950547 28.807323 -15.963928 -14.103595 -9.421460 0.000003 0.000000 0.000001 
4.277208 97.866295 -7.350637 -5.585325 7.600274 -14.184618 -3.890611 -4.645325 3.825836 2.004961 -2.333852 2.544451 -1.737593 3.086332 5.307767 -3.852991 -8.830653 1.386449 -0.000001 -0.000001 -0.000001 -3.036557 5.425004 1.208164 2.098274 5.550082 -8.660696 8.695348 7.495854 -1.551438 -0.000002 0.000002 0.000000 -5.063876 -5.388751 3.344969 -0.427875 -2.142329 -5.691844 -0.694530 -4.552168 1.945839 -0.000007 0.000004 0.000001 24.706782 9.461770 16.464490 -31.803587 5.211743 2.488358 -0.770162 -12.637107 -7.760883 0.000001 0.000000 0.000001 -5.536816 5.749451 -21.537159 9.687203 -1.565494 36.094743 -22.714066 -12.930694 -13.909293 0.000002 -0.000003 -0.000003 
4.110787 98.519096 -7.322289 -7.176101 11.955584 -14.752413 -4.599536 -5.404709 4.325583 2.071487 -3.093953 2.979920 -0.740462 2.688288 5.045699 -3.551874 -10.657072 1.641225 -0.000001 0.000001 0.000001 -2.405865 5.573863 -0.420477 2.486408 6.391989 -11.550300 9.743648 11.454353 1.682051 -0.000002 0.000000 -0.000001 -6.437474 -7.238548 5.421459 -0.956853 -5.593203 -5.246568 0.014525 -7.081483 -0.362401 -0.000006 -0.000001 -0.000003 26.338760 10.721769 17.844334 -33.244180 5.609604 3.268608 -1.406501 -15.815175 -9.908878 -0.000000 0.000001 0.000002 -6.424804 6.842256 -25.512257 12.542219 2.572998 41.505772 -28.010261 -9.121610 -16.966987 -0.000001 -0.000005 -0.000000 
3.942254 99.125481 -7.294114 -8.450156 14.992952 -15.416801 -5.071142 -5.962786 4.729776 3.153620 -3.018647 3.586599 -1.171861 2.228633 4.814856 -3.479364 -11.932454 1.861310 -0.000001 -0.000002 -0.000002 -2.220084 6.016427 -1.323261 2.409974 6.304543 -14.203980 11.108200 15.271128 4.767469 -0.000005 0.000000 -0.000001 -7.386604 -8.163536 7.152309 -1.700549 -8.251844 -4.609123 0.776988 -9.371467 -2.309734 -0.000002 0.000002 -0.000001 27.802341 11.985558 19.209550 -34.627000 5.917982 3.648121 -1.228237 -18.260381 -11.270497 0.000001 0.000001 0.000001 -7.199276 7.481938 -28.191678 13.968823 4.563280 44.855529 -32.394470 -7.723528 -19.623562 0.000001 -0.000001 -0.000001 
3.769852 99.697296 -7.275414 -10.046846 19.220058 -15.705422 -5.758608 -6.550215 4.956041 3.184770 -3.765296 3.959587 -0.531079 1.818470 4.639290 -3.121245 -13.580797 2.321065 0.000001 -0.000002 -0.000001 -1.368264 4.856778 -2.644240 3.793037 7.216108 -17.540628 10.956332 19.582058 9.988614 -0.000010 0.000001 -0.000002 -8.385279 -9.558457 9.052215 -2.321510 -10.793354 -2.882115 2.338680 -13.861787 -5.918578 -0.000004 -0.000002 0.000001 29.821029 13.755582 21.203685 -36.895733 6.838545 3.163282 0.775499 -21.660861 -11.992591 -0.000000 0.000000 0.000001 -7.398256 8.356144 -31.025082 15.336094 6.503249 47.623856 -33.581895 -8.722309 -20.963428 0.000003 -0.000001 -0.000001 
3.586359 100.227951 -7.213511 -12.544046 22.750250 -16.320949 -5.094216 -6.542857 5.463088 3.257926 -4.466471 4.484029 -0.098455 1.725241 5.071365 -2.440285 -14.904255 2.950216 0.000001 -0.000001 -0.000000 -0.753949 4.966895 -3.483427 5.410931 6.713575 -21.494373 10.333280 23.566202 16.592674 -0.000005 -0.000000 -0.000001 -8.782196 -10.727497 11.464685 -2.165794 -13.577004 -0.298810 4.036171 -16.970186 -10.472233 -0.000007 -0.000004 -0.000001 32.084974 15.836360 23.642778 -38.334543 7.700927 2.675606 -0.423386 -23.522897 -13.620420 -0.000000 0.000001 0.000000 -7.459509 8.833627 -32.150107 16.927861 10.989471 48.769887 -35.572598 -5.999578 -21.862720 -0.000002 -0.000001 -0.000000 
3.400444 100.705620 -7.145721 -14.174412 25.744366 -16.770517 -4.088678 -6.509471 6.267757 1.283290 -5.803326 4.002697 1.684743 1.964739 5.554434 -2.220099 -15.593967 3.445840 0.000001 -0.000002 -0.000002 -0.468297 4.863626 -4.051183 6.605114 6.256273 -24.333608 9.312130 26.798184 21.818611 -0.000005 0.000001 -0.000001 -9.096653 -11.520915 13.386712 -1.839336 -15.952624 1.512655 5.290063 -20.079602 -14.043247 -0.000004 -0.000004 -0.000001 33.953260 17.560532 25.668635 -39.884531 8.303129 2.582441 -1.587878 -24.970144 -15.144140 0.000000 -0.000000 0.000001 -7.949488 9.014350 -32.530989 17.271967 12.876933 47.276175 -37.229872 -3.499926 -22.090039 0.000000 -0.000003 -0.000001 
3.196596 101.158859 -7.060247 -15.118328 29.283729 -16.989385 -4.531063 -6.773241 6.175811 -0.032387 -6.882521 3.895387 3.336400 1.476705 5.642384 -1.641172 -16.264810 4.082963 0.000000 0.000000 -0.000000 0.095342 5.668502 -3.957109 8.023694 4.860938 -27.644513 8.660875 30.125926 27.739685 -0.000002 0.000001 0.000001 -9.282106 -13.653258 15.051068 -1.344295 -15.928431 5.382441 7.271000 -24.719923 -18.036351 -0.000004 -0.000003 -0.000003 35.616346 19.360709 28.147701 -42.176640 9.326559 1.641200 -1.307951 -27.012613 -16.032797 -0.000000 0.000001 0.000001 -8.955989 8.878139 -32.073639 16.526281 12.043515 41.885674 -38.595480 -0.603360 -22.372811 -0.000005 -0.000001 0.000000 
2.987954 101.616173 -6.987337 -15.240932 32.839942 -17.227187 -4.962217 -7.204414 6.268840 0.554055 -7.664768 4.841897 2.991146 0.309833 4.498635 -1.624616 -16.432445 4.420595 0.000001 0.000000 -0.000000 0.350275 7.340784 -3.378300 9.609971 3.884210 -30.454980 8.648466 32.794948 32.436186 -0.000008 -0.000001 0.000000 -9.109717 -14.884418 16.948920 -0.813873 -16.756633 9.228649 8.588962 -27.829292 -21.082043 -0.000006 0.000002 0.000001 35.716869 20.482540 30.548205 -44.316805 10.420385 0.742431 -0.546954 -29.528875 -16.961325 0.000001 0.000000 0.000001 -9.204453 8.568761 -30.883370 14.861508 9.272438 35.134514 -38.947023 4.992635 -21.240348 -0.000000 -0.000001 0.000002 
2.778921 102.042160 -6.920615 -15.421242 35.366897 -17.398710 -4.967027 -7.290774 6.397461 0.948998 -8.318758 5.463931 2.804280 -0.233752 3.951181 -3.102236 -16.931528 3.718813 0.000002 -0.000001 -0.000000 0.719402 6.666065 -3.626752 10.849824 3.903511 -32.190456 8.094210 34.414694 35.851748 -0.000005 -0.000003 0.000001 -9.421505 -15.971678 17.955667 -0.736504 -17.844796 11.569662 9.334914 -29.927642 -22.519496 -0.000003 0.000000 0.000005 35.782518 21.516884 32.669853 -45.560312 11.713237 -0.198139 0.306188 -31.242812 -17.221345 0.000001 0.000001 0.000001 -8.958263 8.241696 -29.625741 13.455499 6.820535 29.393463 -37.495631 9.604867 -19.694198 -0.000001 0.000000 -0.000001 
2.565684 102.439819 -6.844643 -15.249823 37.236658 -17.270352 -5.985385 -7.250456 5.367563 1.826310 -8.663521 6.259257 2.837687 -0.224335 4.170092 -2.554639 -17.207828 4.079461 0.000001 -0.000001 -0.000001 0.732118 7.172612 -3.415801 11.896864 3.959286 -33.622941 9.239233 34.706254 35.885793 -0.000009 -0.000001 0.000001 -9.680758 -17.567354 18.381123 -0.283901 -20.038665 13.605079 10.375228 -29.992194 -22.089417 -0.000001 -0.000003 0.000000 35.945612 22.423885 34.207520 -46.364502 12.601127 -0.438396 0.581593 -33.425675 -18.054039 0.000001 -0.000000 0.000000 -9.360545 7.546518 -28.384610 11.789347 4.688878 22.995229 -33.999749 13.841254 -17.126353 0.000001 0.000000 -0.000002 
2.346445 102.800636 -6.757605 -14.607987 38.736127 -17.169144 -6.988647 -7.183559 4.315806 2.063893 -9.073952 6.639237 2.928466 -0.413848 4.243847 -2.600890 -17.593449 4.262964 0.000001 -0.000002 -0.000000 1.073728 6.406668 -3.185072 13.324773 4.352992 -34.488255 11.070606 34.207302 35.246047 -0.000005 -0.000004 0.000001 -9.686287 -18.992027 18.785836 -0.020468 -21.486884 16.097750 11.651825 -29.783347 -21.624480 -0.000001 0.000003 -0.000002 35.619628 22.967580 35.250036 -47.018674 13.325962 -0.583843 1.177454 -35.200176 -18.403002 0.000001 0.000001 0.000000 -9.648714 6.554197 -26.557152 10.609412 3.503544 17.242247 -30.332143 17.765430 -14.894085 -0.000001 -0.000005 -0.000001 
2.137695 103.123611 -6.663461 -14.709241 39.413118 -17.163760 -6.699652 -7.041829 4.303288 0.917595 -9.480397 6.062626 3.711976 -0.405416 4.527198 -2.274821 -17.819415 4.458857 -0.000001 0.000001 0.000001 1.200906 5.765802 -3.116296 14.130045 4.327279 -35.147450 12.053481 33.024402 34.191712 -0.000005 0.000002 -0.000001 -9.568745 -19.150235 19.317098 0.205495 -22.616408 18.143843 11.997197 -28.264366 -20.815937 -0.000005 -0.000002 0.000001 35.758772 23.380057 35.925327 -47.362147 13.801456 -0.499487 1.400735 -35.931556 -18.526367 -0.000000 0.000001 0.000001 -9.955228 5.958791 -25.402884 9.964925 2.760828 13.956892 -29.186518 19.565634 -14.246124 -0.000001 0.000000 0.000000 
1.926435 103.418022 -6.551755 -14.850833 39.656895 -17.246424 -7.119149 -6.846261 3.614878 1.523525 -9.428842 6.506447 3.530513 -0.364306 4.972763 -2.045874 -17.708925 4.852674 0.000001 0.000000 0.000000 0.951912 5.137390 -2.248410 15.308366 3.988141 -36.228976 14.267038 31.757412 32.223275 -0.000009 -0.000000 0.000001 -9.253641 -19.290987 19.944448 0.659692 -23.136094 20.629784 12.132544 -26.046252 -20.118787 -0.000003 0.000000 -0.000003 35.762095 23.473439 36.345759 -47.371371 13.857602 -0.254164 1.392333 -35.892999 -18.411465 -0.000000 0.000001 0.000000 -10.502321 5.380232 -24.169584 9.218736 2.163700 11.961532 -30.610937 17.165688 -15.410411 0.000001 -0.000001 -0.000001 
1.719802 103.665817 -6.426838 -14.245345 39.786989 -17.457076 -7.676085 -6.918443 3.214888 0.967910 -9.347471 6.166690 3.885458 -0.635081 5.280351 -1.564334 -17.405376 5.276698 0.000001 -0.000001 -0.000000 0.539566 5.286648 -1.228763 16.671498 4.363916 -37.095235 16.245470 30.487290 29.940250 -0.000008 -0.000004 0.000002 -8.810019 -18.773275 20.755736 0.750163 -23.097825 22.612041 12.497048 -24.862686 -19.119574 -0.000001 0.000000 -0.000001 35.324529 23.305128 36.464935 -47.288999 13.832512 0.167680 1.698756 -36.017179 -18.188589 0.000001 0.000000 -0.000000 -9.669288 4.831245 -22.241464 7.958723 0.703973 9.975263 -32.405358 14.340015 -16.900985 0.000000 -0.000005 0.000001 
1.519982 103.896019 -6.298330 -13.937418 40.023577 -17.434821 -8.768105 -6.973584 2.371370 1.935629 -9.095533 6.735971 3.369949 -0.707404 5.342830 -0.759576 -17.396476 5.797340 0.000001 -0.000001 -0.000001 0.156898 5.664007 -0.498033 17.626399 4.770351 -37.743140 17.825295 30.367748 28.249087 -0.000003 0.000001 0.000001 -8.813010 -19.312862 20.738206 0.812512 -22.843752 23.585973 12.809664 -24.766864 -18.146805 -0.000004 -0.000002 0.000001 34.963834 23.080640 36.539197 -47.342022 13.831762 0.040376 2.511423 -35.788299 -17.540860 -0.000001 0.000003 0.000000 -8.425103 4.591752 -20.508568 6.306071 -0.770674 7.865437 -33.332839 12.742841 -17.694254 0.000001 -0.000005 -0.000000 
1.315592 104.087196 -6.171005 -13.733896 39.938640 -17.371481 -8.781665 -6.956928 2.331886 0.846213 -8.785169 5.866321 3.975536 -0.374238 6.305518 -0.790807 -17.474079 5.852180 0.000002 0.000000 -0.000000 -0.048472 5.173177 -0.058321 18.818662 5.239395 -38.482218 18.590443 29.539523 27.595831 -0.000005 0.000002 0.000000 -8.591135 -19.003395 20.900831 0.621929 -22.590574 24.791741 13.206021 -23.867638 -17.419938 -0.000004 0.000000 -0.000003 34.794568 23.144902 36.813644 -47.146306 14.068275 0.101944 2.492690 -36.374138 -17.812867 -0.000000 -0.000000 0.000000 -7.526303 4.363574 -19.178563 5.543074 -1.513510 6.216603 -33.938868 11.897384 -18.215554 0.000000 -0.000005 -0.000001 
1.113692 104.253716 -6.049719 -13.399402 40.083273 -16.893266 -10.117729 -6.944445 1.249537 1.809086 -8.405437 6.386082 3.428815 -0.508805 6.050929 -0.824874 -17.205315 5.900079 0.000001 -0.000002 -0.000001 0.055481 5.987182 -0.015246 19.050379 4.936635 -39.005438 18.921002 29.951769 28.144809 -0.000005 -0.000000 0.000002 -8.214886 -18.459199 21.039517 0.616332 -22.530593 25.768149 14.290579 -24.873022 -16.339054 0.000003 -0.000006 -0.000003 34.612072 22.882281 36.561152 -47.468537 14.393434 -0.314358 3.161258 -36.755980 -17.572297 0.000000 -0.000000 0.000001 -6.356437 4.386342 -17.988434 4.012712 -2.540086 3.823753 -34.094972 11.573356 -18.282104 -0.000000 -0.000003 0.000000 
0.918953 104.397621 -5.929957 -13.293245 40.193614 -16.414656 -11.172221 -6.914052 0.384020 2.287150 -8.087643 6.578714 3.184566 -0.551803 5.953977 -0.504071 -17.053266 5.965253 0.000001 0.000000 -0.000000 0.315681 6.492412 -0.278440 19.101901 4.774335 -39.056586 18.841287 30.174321 28.850907 -0.000010 0.000002 -0.000001 -8.093524 -18.453477 21.099423 0.560061 -22.326997 26.304771 15.163054 -25.582480 -15.510361 -0.000004 0.000001 0.000001 34.744124 22.899275 36.411291 -47.930354 14.831664 -0.724195 3.314559 -37.237884 -17.701328 -0.000000 -0.000002 0.000000 -5.206358 4.486148 -17.012985 2.700832 -3.516138 1.702910 -34.280043 11.647987 -18.423991 0.000000 -0.000003 -0.000000 
0.733385 104.511841 -5.813692 -13.305569 40.181784 -15.695597 -11.862153 -6.890450 -0.152385 2.730468 -7.651163 6.644108 2.988966 -0.542475 5.903122 -0.196294 -16.891314 5.811745 0.000001 -0.000002 -0.000001 0.401142 7.189794 -0.412828 19.295324 5.011545 -38.713949 19.001597 30.265726 29.372071 -0.000008 0.000001 -0.000001 -7.912715 -17.957042 20.971288 0.357308 -22.402034 26.903842 16.179323 -25.930791 -13.947333 -0.000006 0.000000 0.000003 35.041937 22.833941 35.848422 -48.370300 15.125575 -0.745636 3.125485 -37.933354 -18.175784 -0.000000 0.000001 0.000001 -4.204561 4.687362 -16.481545 2.289030 -3.781348 0.372920 -34.175842 12.513996 -18.376311 -0.000001 0.000000 -0.000001 
0.556573 104.597809 -5.698617 -13.893128 40.179045 -15.123132 -11.876541 -6.955474 -0.067209 2.490043 -7.399534 6.359957 3.214202 -0.274863 6.151176 -0.463316 -16.526553 5.530991 0.000003 -0.000001 -0.000001 0.595900 7.340500 -0.668850 19.397201 5.167840 -38.238746 19.076754 30.527199 29.893880 -0.000007 -0.000004 0.000003 -7.856097 -18.093711 20.731069 -0.035973 -21.592219 27.262538 17.018065 -25.914311 -12.370857 -0.000000 0.000005 -0.000002 35.748042 23.276943 35.880510 -49.110488 15.771656 -1.283245 3.454561 -38.517472 -18.199053 -0.000000 -0.000000 0.000001 -2.688334 4.989002 -15.462075 1.169780 -4.548995 -1.329435 -33.958218 12.545367 -18.326651 0.000001 -0.000003 0.000000 
0.390774 104.660255 -5.577263 -13.878779 40.225402 -14.686985 -12.186787 -6.997567 -0.288871 2.208369 -7.085567 6.040195 3.501861 -0.266435 6.434606 -0.184934 -16.308685 5.664480 0.000001 0.000000 -0.000000 0.854508 7.482053 -0.561359 19.516391 4.461026 -38.165581 19.002744 30.189535 30.987807 -0.000005 -0.000001 0.000001 -7.442012 -17.820761 20.782090 0.034213 -20.529331 28.142900 18.047361 -25.537562 -11.767501 -0.000002 -0.000005 0.000001 36.123938 23.428452 35.753144 -49.496048 15.923189 -1.430305 3.445569 -39.260440 -18.627907 0.000001 0.000000 0.000001 -2.045420 5.203499 -15.123847 0.713492 -4.790156 -2.031578 -33.984071 12.667498 -18.357225 0.000001 -0.000003 -0.000000 
0.239207 104.716599 -5.472205 -13.940137 40.255585 -14.159634 -12.690458 -7.139625 -0.515478 2.979160 -6.915888 6.472671 3.025575 0.061023 6.072497 -0.275217 -16.048137 5.503877 -0.000001 0.000000 0.000000 1.174562 7.357900 -0.816992 19.087215 3.908544 -37.936312 19.238389 30.508652 31.365485 -0.000010 -0.000002 0.000001 -7.320602 -17.808241 20.730666 -0.121071 -19.765321 28.500923 18.681204 -25.500315 -10.629615 -0.000003 0.000002 -0.000002 36.301619 23.291326 35.294302 -49.780666 16.125243 -1.506647 3.620803 -39.876089 -18.799158 0.000000 -0.000000 0.000001 -1.389221 5.485606 -15.139878 0.214047 -5.318145 -2.701739 -33.489954 12.518035 -18.288325 0.000001 -0.000001 0.000000 
0.096055 104.759270 -5.371749 -14.116418 40.141087 -13.697853 -12.816572 -7.174412 -0.573621 2.480917 -6.778238 6.067554 3.286596 0.328997 6.276798 -0.025757 -16.060100 5.557094 -0.000001 0.000000 0.000001 1.461528 7.263022 -1.261674 18.628585 3.685293 -37.502448 19.391021 30.972275 31.652046 -0.000005 0.000001 0.000001 -7.261721 -17.619004 20.548834 0.013489 -19.980299 28.328336 19.107157 -25.119841 -9.079390 -0.000005 -0.000003 0.000003 36.640881 23.314728 34.948121 -50.052719 16.427887 -1.647067 3.806738 -39.932178 -18.671090 0.000000 0.000001 0.000001 -1.061938 5.665114 -15.306179 0.181823 -5.491519 -2.904693 -33.599825 12.585750 -18.390182 0.000001 0.000000 -0.000002 
-0.040246 104.800713 -5.268844 -14.329754 39.805407 -13.522705 -12.906389 -7.167604 -0.660754 2.872458 -6.607420 6.246771 3.128838 0.385661 6.215212 -0.172037 -15.905967 5.460053 0.000004 0.000000 -0.000000 1.630112 7.704634 -1.495742 18.312420 3.514500 -36.961883 19.513799 30.982138 31.589225 -0.000009 0.000001 0.000000 -7.245693 -17.625768 20.592317 -0.008274 -19.707300 28.218577 19.391464 -25.032006 -8.189827 -0.000004 -0.000002 -0.000006 36.883909 23.340875 34.750421 -49.983256 16.364843 -1.533749 3.517492 -39.842570 -18.827468 -0.000000 0.000001 0.000001 -0.769087 5.785688 -15.304820 0.158126 -5.528977 -2.983760 -33.468309 12.668777 -18.298621 0.000001 -0.000001 -0.000000 
-0.166127 104.833145 -5.171427 -14.764653 39.636394 -13.153913 -12.644515 -7.095507 -0.549536 2.913369 -6.480435 6.206553 3.190325 0.377818 6.120781 -0.544148 -15.751374 5.300914 0.000001 0.000001 0.000001 1.687109 8.005775 -1.860423 17.984535 3.266700 -36.733352 19.202297 31.186487 32.034035 -0.000008 0.000001 -0.000002 -7.303749 -17.443478 20.308886 0.096541 -20.049996 28.166589 19.441736 -24.666823 -7.388272 -0.000003 0.000000 0.000003 37.125848 23.222085 34.382441 -49.679244 16.150826 -1.180091 3.084581 -39.855639 -19.110463 -0.000001 0.000001 0.000000 -0.675401 5.948369 -15.554569 0.388906 -5.340954 -2.664726 -33.695724 12.777613 -18.275315 0.000000 -0.000001 -0.000000 
-0.287709 104.859932 -5.079923 -14.805046 39.281603 -12.960713 -12.385665 -7.018816 -0.460945 2.946681 -6.263360 6.112810 3.135872 0.096024 5.885679 -0.763145 -15.571228 5.060001 0.000001 0.000000 -0.000000 1.617997 9.167949 -1.876250 17.502544 3.038573 -36.392088 19.551483 31.643935 32.074773 -0.000005 0.000001 0.000001 -7.245991 -17.030363 20.245984 -0.135808 -19.768859 28.202000 19.626262 -24.502684 -6.745764 -0.000001 -0.000001 -0.000001 37.126333 23.007315 33.968853 -49.525927 16.105554 -1.041080 2.688132 -39.621060 -19.215547 0.000001 0.000002 0.000001 -0.617190 6.039143 -15.818071 0.653824 -5.368525 -2.573310 -33.795209 13.332838 -18.354376 0.000001 0.000000 -0.000000 
-0.404740 104.874931 -4.981285 -14.695932 39.288512 -12.901013 -12.768717 -7.017600 -0.761966 2.570967 -6.343651 5.920225 3.804711 0.168171 6.031730 -0.812974 -15.575994 5.071978 0.000001 0.000000 -0.000000 1.646634 8.815993 -1.843193 17.529172 2.967993 -36.394704 19.811783 32.254749 32.474455 -0.000005 0.000007 -0.000004 -7.154750 -16.914654 19.965101 -0.047240 -19.891336 28.224678 19.794027 -24.250802 -6.031158 -0.000004 -0.000002 0.000001 37.100512 22.986679 34.030212 -49.681512 16.117469 -1.114386 2.827573 -39.879422 -19.297533 -0.000000 0.000000 0.000000 -0.525479 6.061488 -15.699070 0.121121 -5.688642 -3.104397 -33.840678 13.007221 -18.366420 0.000000 -0.000001 -0.000001 
-0.526299 104.885765 -4.886172 -14.013211 39.160972 -13.027776 -13.041626 -6.909579 -1.109921 2.607938 -6.346185 5.968638 3.676334 0.173236 5.967528 -0.709065 -15.726540 5.280686 -0.000001 -0.000002 -0.000001 1.772273 8.298223 -1.874042 17.625793 2.996357 -36.167481 19.956979 32.225645 32.201186 -0.000005 0.000000 -0.000001 -7.111389 -16.948180 19.892426 0.081988 -19.678636 28.187735 19.740140 -24.137552 -5.585106 -0.000006 0.000002 0.000001 36.660508 22.645825 33.985584 -49.679224 15.933303 -1.265676 3.406440 -39.754679 -18.881435 -0.000000 0.000002 0.000000 -0.762771 6.037958 -15.659302 -0.267381 -5.686217 -3.295260 -33.931154 13.036588 -18.297715 0.000002 -0.000005 0.000001 
-0.653326 104.910805 -4.801990 -14.203080 38.849266 -13.238614 -12.435881 -6.752801 -0.827392 2.264145 -6.397906 5.757014 3.763922 0.256544 6.118097 -0.641361 -15.837009 5.308990 0.000004 0.000001 0.000001 1.763059 8.015159 -2.023293 17.444134 3.032844 -35.973186 20.222839 32.408045 31.866896 -0.000009 -0.000000 0.000001 -7.174888 -16.767064 20.157971 -0.052272 -19.583199 27.998474 19.504995 -23.991654 -5.646843 0.000000 0.000000 -0.000003 36.547068 22.675239 34.152940 -49.536596 15.890896 -1.263118 3.234174 -39.376543 -18.792524 0.000000 0.000001 0.000001 -0.751644 5.977341 -15.451399 -0.249846 -5.627647 -3.213350 -33.996635 13.085034 -18.301622 0.000000 -0.000001 -0.000001 
-0.769194 104.934258 -4.720811 -14.542805 38.700098 -13.305704 -12.104413 -6.616570 -0.779265 2.746987 -6.305812 6.055403 3.178526 0.365377 6.067901 -0.650857 -15.956582 5.406076 -0.000001 0.000000 -0.000000 1.865847 8.027613 -2.030161 17.040707 2.518657 -36.165220 20.287238 32.193499 31.539348 -0.000005 -0.000001 0.000001 -7.200615 -16.965621 20.354725 0.000939 -19.385047 27.812979 19.395422 -24.159498 -5.719526 -0.000004 -0.000002 0.000001 36.595542 22.702121 34.261561 -49.341993 15.776106 -1.202120 3.599105 -39.295318 -18.495351 -0.000000 0.000000 -0.000000 -0.649752 6.012160 -15.290794 -0.164313 -5.544234 -3.051019 -34.108769 13.034503 -18.315893 0.000001 -0.000005 0.000000 
-0.891625 104.960381 -4.641661 -14.689777 38.590337 -13.546401 -11.660200 -6.522093 -0.555955 2.328950 -6.364936 5.774507 3.376984 0.192210 6.179244 -0.768716 -15.974028 5.251124 0.000002 -0.000001 -0.000001 1.625321 8.450319 -1.714380 16.901976 2.497430 -36.061500 20.956866 32.300081 30.950647 -0.000004 0.000001 0.000001 -7.179009 -16.820135 20.488409 0.006774 -19.468665 27.769435 19.541333 -24.116196 -5.516226 -0.000003 -0.000002 0.000001 36.456848 22.835211 34.507772 -49.263245 15.590685 -1.083939 3.353509 -39.263793 -18.700353 -0.000001 0.000001 0.000001 -0.645803 5.873248 -15.000586 -0.207768 -5.540606 -3.108556 -33.864034 12.933837 -18.270310 -0.000000 -0.000001 -0.000001 
-1.011909 104.985710 -4.554392 -14.101059 38.686956 -13.768564 -12.083639 -6.549729 -0.844570 2.362298 -6.388495 5.803316 3.619027 0.042431 6.197925 -0.597446 -16.133839 5.344553 0.000001 -0.000001 -0.000000 1.462645 8.561593 -1.521752 16.830928 2.621225 -35.938744 21.305158 32.089281 30.076420 -0.000001 0.000002 -0.000000 -7.264775 -16.941179 20.538999 -0.230960 -19.177972 27.733802 19.575901 -24.577973 -5.337380 -0.000004 0.000001 0.000001 35.914245 22.555923 34.587538 -49.308918 15.484140 -1.051030 3.390940 -39.432533 -18.775229 0.000000 0.000002 0.000001 -1.110951 5.709531 -15.096608 -0.255768 -5.561306 -3.022562 -34.061122 12.911388 -18.341641 -0.000001 -0.000003 -0.000000 
-1.122557 105.007675 -4.468182 -13.692370 38.542334 -13.948070 -12.150470 -6.493550 -0.950552 1.548100 -6.398976 5.277463 4.167218 0.060310 6.614795 -0.404822 -16.226468 5.425828 0.000001 0.000000 -0.000000 1.329893 8.245059 -1.370297 17.097540 2.973208 -35.833331 21.445518 31.889446 29.600394 -0.000010 0.000001 0.000000 -7.294602 -17.011766 20.261707 -0.164604 -19.416684 27.784752 19.576321 -24.326018 -5.024386 -0.000001 -0.000003 0.000003 35.724963 22.481274 34.673455 -49.483266 15.659862 -1.208089 3.424180 -39.115298 -18.536751 0.000001 0.000001 0.000001 -1.311167 5.643670 -15.131579 -0.338456 -5.654498 -3.156052 -34.127935 13.135422 -18.347319 0.000001 -0.000003 -0.000000 
-1.226376 105.021591 -4.381635 -13.344973 38.108330 -14.115232 -12.274337 -6.430290 -1.124193 1.373116 -6.333419 5.127551 4.259772 0.018920 6.713915 -0.181185 -16.109136 5.502449 0.000000 -0.000001 -0.000000 1.088543 8.571636 -1.042916 17.255925 3.174974 -35.745754 21.661511 31.727533 29.192642 -0.000005 0.000001 0.000001 -7.181551 -16.699213 20.356909 -0.039119 -19.741868 27.944618 19.738284 -24.440684 -4.934827 -0.000004 0.000000 0.000003 35.722654 22.522965 34.683134 -49.637519 15.781980 -1.375471 3.531112 -38.794662 -18.302342 0.000000 0.000001 0.000001 -1.175531 5.653328 -15.101144 -0.634041 -5.832499 -3.516721 -33.539453 13.194985 -18.030982 0.000000 -0.000003 -0.000000 
-1.321739 105.028381 -4.298428 -13.199117 38.098461 -14.165514 -11.962997 -6.390862 -0.932526 1.026640 -6.450472 4.940619 4.306346 0.150906 6.710440 -0.117074 -16.306421 5.498467 0.000001 0.000000 0.000000 1.423217 7.690433 -1.272906 17.155103 2.969872 -36.050442 20.935940 30.956367 29.224805 -0.000009 0.000005 -0.000002 -7.081337 -16.562099 20.354910 -0.089844 -19.726454 28.245515 19.417439 -23.963118 -5.180834 -0.000006 -0.000002 0.000001 35.592775 22.474889 34.613445 -49.657613 15.695828 -1.250948 3.826420 -38.930965 -18.171238 0.000001 0.000002 0.000001 -1.131627 5.634161 -15.099496 -0.702895 -6.001595 -3.563362 -33.510322 13.166605 -18.206687 0.000001 -0.000001 -0.000001 
-1.407969 105.039886 -4.220814 -13.008740 38.144441 -14.145054 -11.888520 -6.358854 -0.918518 -0.100830 -6.560862 4.244095 5.160557 0.228094 7.206727 0.157327 -16.206697 5.506092 0.000002 0.000001 0.000000 1.578328 7.566978 -1.393022 17.023019 2.897789 -35.957927 21.154272 31.072942 29.128950 -0.000005 0.000002 -0.000004 -7.185111 -16.921819 20.217254 -0.032530 -19.730595 28.115074 19.422044 -24.021307 -4.990791 -0.000006 -0.000003 0.000004 35.443607 22.392447 34.561631 -49.681751 15.652813 -1.302007 3.818015 -39.032055 -18.226934 -0.000000 0.000002 0.000001 -1.274501 5.594701 -15.197661 -0.837255 -6.124556 -3.749985 -33.261809 12.955804 -18.278100 0.000001 0.000000 -0.000002 
-1.485770 105.047409 -4.137342 -13.053233 38.405307 -14.150856 -11.795996 -6.427929 -0.766763 -0.230553 -6.632036 4.188197 5.290407 0.065193 7.058863 0.353259 -16.188395 5.550748 0.000002 0.000001 0.000000 1.642110 7.229074 -1.333846 16.952152 2.729961 -36.172784 21.324218 30.780002 28.772483 -0.000005 0.000002 -0.000000 -7.127302 -16.996683 19.958038 0.051217 -19.875820 28.238702 19.600278 -24.121221 -4.718022 -0.000003 -0.000003 -0.000003 35.351253 22.404866 34.624223 -49.667332 15.616299 -1.278807 3.751405 -39.065417 -18.281039 0.000000 0.000001 0.000001 -1.096366 5.578037 -14.964791 -1.068706 -6.293334 -4.057353 -33.275531 12.747828 -18.397526 -0.000001 -0.000003 0.000000 
-1.552555 105.054192 -4.058972 -13.191674 38.165321 -14.180321 -11.716807 -6.377269 -0.757369 0.327258 -6.465241 4.467683 4.702608 0.319109 7.161078 0.829938 -16.275851 5.786333 0.000000 0.000000 -0.000000 1.613906 6.879652 -1.510490 16.763688 2.831643 -36.197858 21.710718 30.973443 28.267657 -0.000009 0.000001 -0.000002 -7.317281 -17.092764 19.936960 -0.021445 -20.221868 27.889170 19.215469 -23.904342 -4.552927 -0.000007 -0.000003 0.000000 35.454911 22.416889 34.594765 -49.743906 15.773986 -1.395422 3.887362 -38.909091 -18.118465 0.000001 0.000000 0.000001 -1.059795 5.617453 -15.049005 -0.911631 -6.204930 -3.885895 -33.305310 13.165563 -18.217665 0.000000 -0.000001 -0.000000 
-1.612320 105.063042 -3.979750 -13.066064 38.437402 -14.032419 -11.926543 -6.399533 -0.887965 -0.136101 -6.549951 4.204986 5.253137 0.073715 7.152408 1.113328 -16.277539 5.901084 0.000001 0.000000 -0.000001 1.542433 7.052122 -1.426901 16.659275 2.695239 -36.239068 21.994316 31.096093 28.161177 -0.000005 -0.000002 0.000002 -7.295527 -17.049267 19.904030 -0.105476 -20.105944 28.030103 19.532203 -24.317318 -4.562595 -0.000003 -0.000003 -0.000003 35.419930 22.405828 34.593989 -49.933956 15.930699 -1.579871 4.240421 -39.096467 -18.009564 0.000001 0.000001 0.000001 -1.330550 5.601735 -15.299917 -0.828718 -6.122643 -3.731999 -33.264643 13.012782 -18.184858 -0.000002 -0.000005 -0.000001 
-1.664701 105.072411 -3.900571 -13.462994 38.547347 -13.992250 -11.584879 -6.416049 -0.564073 -1.692931 -6.695973 3.259128 6.434781 -0.014008 7.608586 1.576230 -16.184135 6.100188 0.000002 -0.000002 -0.000002 1.223416 7.853072 -1.321743 16.822838 3.062236 -35.944021 22.487286 31.483217 27.827654 -0.000005 0.000000 -0.000001 -7.450709 -17.284743 19.757985 -0.008451 -20.523079 27.740866 19.986605 -24.766923 -4.127923 -0.000001 0.000003 -0.000002 35.678702 22.706114 34.795289 -50.047965 16.046706 -1.731042 4.590728 -39.377697 -17.941013 -0.000000 0.000001 0.000001 -0.846452 5.627632 -14.902636 -1.137155 -6.165154 -4.068844 -33.006479 12.958862 -17.914304 -0.000000 -0.000001 0.000001 
-1.702141 105.081566 -3.825542 -13.779503 38.300948 -13.949821 -11.197223 -6.392607 -0.327511 -1.814381 -6.707385 3.230046 6.286686 -0.105922 7.481035 1.652751 -16.007761 6.167092 0.000002 -0.000001 -0.000001 1.376610 7.921450 -1.461266 16.535999 2.547116 -36.007060 22.546185 31.305919 27.949855 -0.000005 -0.000001 0.000000 -7.327056 -16.986095 20.288162 -0.243234 -19.826875 27.918975 19.988921 -24.707579 -4.622465 -0.000004 -0.000002 -0.000006 35.939557 22.740118 34.694970 -49.910433 15.977459 -1.559004 4.360313 -39.335073 -18.033270 0.000000 0.000003 0.000001 -0.896477 5.710037 -15.072651 -0.873416 -5.991750 -3.841512 -32.969624 12.946848 -17.801201 -0.000000 -0.000001 -0.000001 
-1.732023 105.089203 -3.751443 -13.712301 38.226414 -14.008044 -11.205952 -6.453321 -0.258321 -2.266701 -6.763717 2.991104 6.566185 0.155279 7.726154 1.625179 -16.058883 6.233268 0.000000 -0.000001 -0.000001 1.403715 7.784189 -1.462025 16.674660 2.680635 -35.961445 22.591986 31.153575 27.765665 -0.000005 -0.000002 0.000001 -7.388199 -17.481087 20.033956 -0.247094 -19.686617 27.860603 19.959158 -24.399893 -4.409864 -0.000004 -0.000003 0.000000 35.914490 22.707442 34.680764 -49.845621 16.011314 -1.537113 4.152455 -39.346985 -18.131581 0.000000 0.000001 0.000001 -0.924197 5.717726 -15.112041 -0.922258 -6.058850 -3.915181 -33.091747 12.911498 -17.871368 0.000001 -0.000001 -0.000000 
