HIERARCHY
ROOT Hips
{
	OFFSET 12.549683 106.216415 -3.467426
	CHANNELS 6 Xposition Yposition Zposition Xrotation Yrotation Zrotation
	JOINT Chest
	{
		OFFSET -1.388010 13.555107 0.697663
		CHANNELS 3 Xrotation Yrotation Zrotation
		JOINT Chest2
		{
			OFFSET -2.801528 21.167885 1.771576
			CHANNELS 3 Xrotation Yrotation Zrotation
			JOINT Chest3
			{
				OFFSET 1.843400 14.802246 -0.561664
				CHANNELS 3 Xrotation Yrotation Zrotation
				JOINT Neck
				{
					OFFSET 0.335738 17.261871 0.728615
					CHANNELS 3 Xrotation Yrotation Zrotation
					JOINT Head
					{
						OFFSET -2.296301 10.058014 1.841513
						CHANNELS 3 Xrotation Yrotation Zrotation
						End Site
						{
							OFFSET -2.259576 10.077148 1.781273
						}
					}
				}
				JOINT LeftCollar
				{
					OFFSET 3.347530 13.012711 4.611710
					CHANNELS 3 Xrotation Yrotation Zrotation
					JOINT LeftUpArm
					{
						OFFSET 17.136520 2.863022 -2.577255
						CHANNELS 3 Xrotation Yrotation Zrotation
						JOINT LeftLowArm
						{
							OFFSET 28.614010 12.594467 12.741488
							CHANNELS 3 Xrotation Yrotation Zrotation
							JOINT LeftHand
							{
								OFFSET 25.961372 8.979156 12.096625
								CHANNELS 3 Xrotation Yrotation Zrotation
								End Site
								{
									OFFSET 5.674011 1.962463 2.643787
								}
							}
						}
					}
				}
				JOINT RightCollar
				{
					OFFSET -4.642243 13.279388 1.978942
					CHANNELS 3 Xrotation Yrotation Zrotation
					JOINT RightUpArm
					{
						OFFSET -12.764421 5.477966 -10.749771
						CHANNELS 3 Xrotation Yrotation Zrotation
						JOINT RightLowArm
						{
							OFFSET -29.444490 16.004227 4.076821
							CHANNELS 3 Xrotation Yrotation Zrotation
							JOINT RightHand
							{
								OFFSET -25.469219 14.551437 6.366202
								CHANNELS 3 Xrotation Yrotation Zrotation
								End Site
								{
									OFFSET -5.566566 3.180344 1.391397
								}
							}
						}
					}
				}
			}
		}
	}
	JOINT LeftUpLeg
	{
		OFFSET 7.349037 0.402290 6.800659
		CHANNELS 3 Xrotation Yrotation Zrotation
		JOINT LeftLowLeg
		{
			OFFSET -13.406452 -43.811310 12.034372
			CHANNELS 3 Xrotation Yrotation Zrotation
			JOINT LeftFoot
			{
				OFFSET -2.717013 -44.394455 -4.724294
				CHANNELS 3 Xrotation Yrotation Zrotation
				JOINT LeftToe
				{
					OFFSET -8.484858 -17.655699 13.260585
					CHANNELS 3 Xrotation Yrotation Zrotation
					End Site
					{
						OFFSET -8.249498 -4.175032 21.773235
					}
				}
			}
		}
	}
	JOINT RightUpLeg
	{
		OFFSET -7.349020 -0.402489 -6.800671
		CHANNELS 3 Xrotation Yrotation Zrotation
		JOINT RightLowLeg
		{
			OFFSET 6.909454 -46.027771 -8.815666
			CHANNELS 3 Xrotation Yrotation Zrotation
			JOINT RightFoot
			{
				OFFSET 7.972626 -43.030510 -9.240797
				CHANNELS 3 Xrotation Yrotation Zrotation
				JOINT RightToe
				{
					OFFSET -18.983433 -13.852936 2.698526
					CHANNELS 3 Xrotation Yrotation Zrotation
					End Site
					{
						OFFSET -22.177935 0.771403 8.191477
					}
				}
			}
		}
	}
}
MOTION
Frames: 256
Frame Time: 0.033333
-2.960882 105.908752 -1.111722 3.491007 40.825082 -4.345911 -3.195050 -1.057524 1.515692 -2.250112 -3.137848 6.208688 3.804915 -15.433075 -2.828197 -7.442637 8.916941 -9.403351 0.000002 0.000000 -0.000002 15.578299 -4.004375 -32.496230 25.326294 -17.331900 -59.605381 20.274383 -11.669199 17.592144 -0.000003 -0.000001 -0.000000 -6.218321 -10.549117 43.704540 9.411297 -9.025126 65.038018 22.717054 7.921288 -0.877324 0.000000 -0.000001 0.000000 13.332554 5.441364 23.707624 -9.708450 8.943083 -6.732765 -24.023184 -22.872145 -15.392048 0.000000 -0.000000 -0.000002 -8.300241 0.958933 -5.291079 7.556130 -3.722998 7.033356 -8.449911 16.068618 18.164475 -0.000000 0.000000 -0.000001 
-2.966646 105.915833 -1.122107 3.539895 41.248598 -4.393225 -3.278296 -1.071123 1.597385 -1.400963 -3.124610 6.805440 3.039079 -15.532849 -3.318529 -7.740244 8.790004 -9.483742 0.000001 0.000002 -0.000000 15.543426 -3.913420 -32.679218 25.192929 -17.315180 -59.560062 20.221426 -11.815849 17.526778 -0.000002 -0.000001 -0.000002 -6.270281 -10.372343 43.789453 9.293246 -9.052646 64.848125 22.703282 8.209993 -1.013737 -0.000004 -0.000000 0.000000 13.065786 5.410510 23.580924 -9.414185 8.782469 -6.292633 -24.268606 -23.174530 -15.711259 -0.000001 -0.000002 -0.000001 -8.186399 0.910078 -5.160244 7.301065 -3.829419 6.894053 -8.196129 16.059904 17.977987 0.000000 0.000002 0.000000 
-2.967994 105.919563 -1.122831 3.453699 40.803994 -4.226587 -3.118681 -1.052046 1.560224 -1.262401 -3.024342 6.732468 2.769852 -15.144005 -3.274479 -7.647367 8.893646 -9.593007 0.000001 0.000000 -0.000000 15.559123 -3.759111 -32.688493 25.158469 -17.216918 -59.675055 20.067663 -11.659956 17.237605 0.000001 -0.000001 -0.000002 -6.203853 -10.057333 43.740931 9.286925 -9.144299 64.957572 22.485831 8.040469 -0.983064 -0.000003 0.000002 0.000004 13.043469 5.363074 23.346188 -9.253741 8.687960 -6.133317 -24.334530 -22.945561 -15.582078 -0.000002 0.000001 -0.000001 -8.361848 0.955283 -5.459463 7.771066 -3.735206 7.193365 -8.376142 16.340784 18.405854 -0.000002 0.000002 -0.000002 
-2.977705 105.921143 -1.116494 3.608601 40.695568 -4.268769 -3.437792 -1.055286 1.323747 -0.407525 -2.997018 7.369402 2.203293 -14.827577 -3.597808 -7.855015 8.834703 -9.527172 0.000001 0.000000 -0.000000 15.618718 -4.310884 -32.449242 25.066255 -17.754259 -59.690205 19.748993 -11.302338 17.269326 0.000001 -0.000003 -0.000001 -6.191506 -9.963456 43.791594 9.261542 -8.842908 64.824130 22.665124 8.357272 -1.206620 -0.000002 0.000001 0.000002 12.980035 5.374980 23.405730 -9.153945 8.654648 -6.053267 -24.265383 -22.992210 -15.571954 -0.000000 0.000000 -0.000005 -8.490392 0.948265 -5.519405 7.942789 -3.710689 7.315314 -8.706037 16.439575 18.697781 -0.000001 0.000004 -0.000000 
-2.993492 105.922417 -1.114787 3.706012 40.707009 -4.346712 -3.322403 -1.046389 1.443815 -1.157939 -3.056599 6.857780 2.860321 -14.857091 -3.250923 -8.260885 8.771733 -9.645389 0.000001 0.000000 0.000001 15.608273 -4.345198 -32.662706 24.967738 -17.851008 -59.568573 19.600430 -11.226907 17.149072 -0.000001 -0.000003 -0.000002 -6.357359 -10.449801 43.891359 9.221747 -8.918118 64.514306 22.573731 8.302547 -0.559534 -0.000004 -0.000000 0.000000 12.726061 5.316084 23.373983 -9.016027 8.517335 -6.065578 -24.764161 -22.699910 -15.606711 0.000001 0.000001 -0.000002 -8.373853 0.934416 -5.331200 7.699215 -3.696201 7.293326 -8.527959 16.233615 18.329989 0.000000 0.000000 -0.000000 
-3.003531 105.932632 -1.121810 3.588253 40.624527 -4.338097 -3.167361 -1.037026 1.606963 -0.873802 -3.070670 7.097065 2.337534 -14.829495 -3.594414 -8.232768 8.791227 -9.673479 0.000001 0.000002 0.000000 15.524731 -4.423752 -32.804972 24.931058 -17.471267 -59.728481 19.431818 -11.278000 16.916637 0.000002 -0.000003 -0.000001 -6.442491 -10.252930 43.926675 9.081925 -8.917433 64.416703 22.349615 8.310067 -0.413068 0.000002 -0.000000 0.000000 12.700519 5.253023 23.368095 -8.942427 8.432266 -6.073349 -24.583553 -22.573780 -15.482777 0.000001 -0.000000 -0.000001 -8.194385 0.971828 -5.224772 7.538552 -3.621413 7.226179 -8.240119 16.132861 18.201856 0.000000 0.000006 -0.000002 
-3.017129 105.940125 -1.124612 3.694493 40.272906 -4.356459 -3.257212 -1.021297 1.483350 -0.450508 -3.054744 7.368449 1.947988 -14.888443 -3.723823 -7.821623 8.813797 -9.690557 0.000003 0.000000 -0.000001 15.407539 -4.509427 -32.746239 24.794273 -17.535298 -59.962108 19.355745 -11.481289 16.907766 -0.000000 0.000000 -0.000002 -6.434922 -9.492254 44.001790 8.940829 -8.891518 64.339904 22.084435 8.148780 -0.223330 -0.000004 -0.000001 0.000000 12.754577 5.264980 23.426113 -8.998876 8.540960 -6.246687 -24.912208 -22.225654 -15.368701 0.000000 0.000000 -0.000004 -8.180845 0.974008 -5.220193 7.482825 -3.697358 7.177119 -8.988229 16.299022 18.724419 -0.000001 0.000006 -0.000000 
-3.030577 105.945114 -1.127383 3.762104 40.411613 -4.396767 -3.296120 -1.028294 1.515273 -1.056311 -3.101434 6.986380 2.486434 -15.102004 -3.458082 -8.142660 8.857235 -9.707418 0.000001 0.000000 -0.000000 15.306715 -4.101089 -32.614488 24.671750 -17.918025 -60.020540 19.499135 -11.614762 16.420591 -0.000001 0.000002 0.000000 -6.464348 -9.892654 43.770386 8.894446 -8.830169 64.399525 21.822627 7.898635 0.291804 -0.000001 -0.000000 -0.000002 12.836999 5.323422 23.510833 -9.286033 8.664704 -6.532417 -24.702170 -22.231631 -15.252181 -0.000000 -0.000000 -0.000001 -8.189421 0.935349 -5.150485 7.335023 -3.728040 6.950608 -8.849780 16.375741 18.789552 -0.000001 0.000002 -0.000000 
-3.042747 105.949608 -1.132626 4.115391 40.552199 -4.502547 -3.561241 -1.051884 1.403926 -1.273858 -3.157201 6.924786 2.679386 -15.228837 -3.431709 -8.010172 8.854101 -9.552653 0.000001 0.000000 -0.000001 15.205936 -3.386405 -32.818021 24.553588 -18.514949 -59.851206 19.623968 -11.673612 16.202698 -0.000002 0.000002 -0.000002 -6.426907 -9.891101 43.649294 8.963348 -9.115354 64.516239 22.028856 8.197396 0.262925 -0.000000 0.000001 -0.000002 12.408079 5.185478 23.276819 -9.031496 8.557212 -6.301763 -24.785092 -22.155037 -15.203694 -0.000000 0.000001 -0.000003 -8.563217 0.970828 -5.376986 7.599502 -3.647805 7.265618 -8.955433 16.238927 18.701700 -0.000001 0.000002 0.000000 
-3.053575 105.956047 -1.132820 4.178661 40.326875 -4.635458 -3.383854 -1.067264 1.601565 -1.187024 -3.167223 7.008208 2.338108 -15.053155 -3.582333 -8.448946 8.742886 -9.646083 0.000003 0.000000 -0.000001 15.184031 -3.395360 -32.600254 24.498779 -18.575963 -60.079191 19.456875 -11.514505 15.641560 0.000001 -0.000001 -0.000002 -6.435408 -9.942866 43.518940 8.888716 -9.019953 64.533874 21.912944 8.506616 0.387815 0.000000 -0.000001 -0.000002 12.306184 5.129228 23.316872 -8.964167 8.463426 -6.288042 -24.535593 -21.723400 -14.824147 0.000000 0.000003 -0.000001 -8.435628 0.969899 -5.249614 7.221604 -3.738750 7.099934 -8.854614 16.362159 18.827486 -0.000000 0.000004 -0.000000 
-3.059309 105.959122 -1.132186 4.176412 40.174490 -4.675720 -3.427437 -1.060147 1.522968 -1.419464 -3.248330 6.958969 2.753792 -15.098835 -3.398198 -8.466417 8.657807 -9.626489 0.000001 0.000000 -0.000001 15.049304 -2.800095 -32.796963 24.378123 -18.864465 -59.897822 19.569609 -11.443576 14.937994 -0.000002 0.000000 -0.000000 -6.391018 -9.760590 43.426452 8.777892 -8.690229 64.489485 21.998200 8.566955 0.454551 0.000001 -0.000002 -0.000002 12.462002 5.184528 23.452561 -8.994832 8.564358 -6.341222 -24.627357 -21.566981 -14.750002 0.000000 0.000001 -0.000002 -8.345638 0.963352 -5.211850 7.217349 -3.762751 7.153094 -8.917511 16.420101 18.953872 0.000001 0.000004 0.000000 
-3.067260 105.960320 -1.131145 4.231909 39.901005 -4.749060 -3.415261 -1.064825 1.597780 -1.158922 -3.239280 7.160778 2.417694 -15.183239 -3.605603 -8.324221 8.676126 -9.611011 0.000001 -0.000001 -0.000001 15.069187 -2.703663 -32.714127 24.396589 -19.087408 -59.878233 19.699883 -11.252487 14.822624 -0.000002 0.000000 -0.000004 -6.250570 -9.410915 43.397280 8.841447 -8.746974 64.582294 22.358570 8.957301 0.278683 -0.000001 0.000001 0.000000 12.193246 5.106725 23.163895 -8.574665 8.301624 -5.737928 -24.905453 -21.306845 -14.685576 0.000000 -0.000000 -0.000002 -8.453618 0.958194 -5.252163 7.444556 -3.666195 7.327812 -9.323569 16.353158 18.945652 -0.000000 0.000002 0.000000 
-3.061049 105.966118 -1.130113 3.981813 39.493773 -4.808658 -3.108601 -1.042078 1.755530 -1.270790 -3.290270 7.169884 2.545248 -15.180790 -3.510627 -8.555605 8.641369 -9.639493 0.000002 -0.000001 -0.000001 15.066036 -3.874835 -32.523281 24.343267 -18.868252 -60.062191 19.622150 -11.508717 15.327954 -0.000000 0.000000 0.000002 -6.383513 -9.142094 43.514299 8.635029 -8.712596 64.393213 22.369684 9.170265 0.230998 -0.000001 -0.000002 0.000004 12.224475 5.040031 23.069200 -8.165267 8.140690 -5.211061 -24.957211 -20.897720 -14.420514 -0.000000 0.000003 -0.000001 -8.670031 1.010079 -5.419098 8.152159 -3.438412 7.874451 -10.038451 16.386022 19.376690 0.000002 0.000002 -0.000001 
-3.040453 105.965385 -1.117462 3.946289 39.432844 -4.908689 -3.231119 -1.048082 1.689752 -1.048907 -3.403431 7.538381 2.277106 -15.270097 -3.831449 -8.448806 8.318281 -9.372994 0.000000 0.000000 -0.000000 15.207753 -4.484865 -32.127591 24.447206 -18.823955 -60.292006 19.705941 -11.360152 15.285181 -0.000001 -0.000001 0.000002 -6.267764 -9.101697 43.327035 8.712473 -8.747642 64.596521 22.570987 9.212808 0.027190 -0.000000 -0.000002 0.000002 12.116056 4.998066 22.820096 -8.002774 7.993568 -4.807383 -24.849813 -20.541044 -14.186529 0.000000 0.000001 -0.000002 -9.020931 1.009843 -5.591386 8.888706 -3.225798 8.258177 -10.133524 16.394582 19.394968 0.000002 0.000000 0.000000 
-3.019361 105.961212 -1.106587 4.059914 39.046873 -4.956409 -3.303617 -1.034131 1.490824 -1.554485 -3.376618 7.157453 2.863829 -15.079845 -3.401294 -8.478419 7.991402 -8.996670 0.000001 0.000002 0.000000 15.215628 -4.346131 -31.815721 24.478713 -19.393648 -60.174650 19.789052 -10.801726 14.632391 0.000001 0.000000 -0.000000 -6.189607 -9.389001 43.172410 8.842247 -8.681694 64.783893 22.859709 9.229536 -0.112258 -0.000003 -0.000001 0.000002 11.915431 4.920752 22.691784 -7.571505 7.887090 -4.612933 -24.879089 -19.982234 -13.775684 -0.000000 0.000000 -0.000002 -9.036140 1.022451 -5.601523 9.081673 -3.229144 8.297327 -10.194483 16.671652 19.896063 0.000000 0.000000 -0.000001 
-2.989239 105.954384 -1.087440 4.122932 38.902449 -5.248292 -3.293612 -1.028666 1.490858 -2.034996 -3.535805 7.062011 3.337163 -15.260123 -3.209119 -8.328727 7.695772 -8.696099 0.000001 -0.000002 0.000001 15.071110 -4.179632 -31.622181 24.491575 -19.138692 -60.609815 19.693872 -11.048827 14.273225 0.000002 0.000002 -0.000002 -6.266982 -9.567098 43.010879 8.844724 -8.828516 64.904644 22.642581 9.182669 -0.056875 -0.000003 0.000001 0.000006 11.293936 4.745278 22.317865 -6.752550 7.582636 -3.734934 -25.119317 -19.633372 -13.577167 0.000001 0.000001 -0.000001 -9.358547 1.020586 -5.629275 9.829862 -3.015499 8.832223 -10.544421 16.706621 20.095016 -0.000002 0.000002 0.000002 
-2.943446 105.942909 -1.068446 4.294444 38.627933 -5.611278 -3.362093 -1.098672 1.626642 -2.044936 -3.590024 7.230272 3.320989 -15.528102 -3.329449 -8.138088 7.454889 -8.287243 0.000001 0.000000 -0.000000 15.282912 -4.014684 -31.713620 24.691486 -19.846831 -60.022794 19.835819 -10.468721 14.355637 0.000001 0.000002 0.000000 -5.978458 -9.021145 43.334907 9.143016 -8.172359 64.806365 22.755296 8.556525 -1.040135 0.000003 0.000001 0.000000 10.626175 4.473501 21.784060 -5.658637 7.149901 -2.438634 -25.653417 -18.954555 -13.230553 -0.000000 0.000003 -0.000001 -9.495487 1.059497 -5.555240 10.359863 -2.915755 9.369528 -11.099759 16.730010 20.329892 -0.000001 0.000001 -0.000002 
-2.897286 105.921875 -1.051296 3.791707 38.431289 -5.910072 -2.627981 -1.118390 2.338330 -2.071104 -3.588255 7.254580 3.287152 -15.242153 -3.372587 -8.358678 7.015066 -7.941168 -0.000001 0.000000 0.000001 15.430815 -4.631701 -31.414448 24.745183 -20.210658 -59.985112 19.995925 -10.822421 15.141648 0.000001 -0.000001 -0.000002 -5.982493 -9.667716 43.343588 9.260217 -7.852419 64.652856 22.943789 8.517124 -1.371356 0.000003 -0.000002 -0.000002 10.529438 4.436017 21.841581 -4.877164 6.894861 -1.578311 -25.897678 -18.556750 -13.038455 -0.000000 0.000001 -0.000002 -9.396794 1.027089 -5.252840 10.908676 -2.753950 9.760691 -11.156227 16.675214 20.319598 0.000000 0.000004 -0.000002 
-2.833771 105.887238 -1.027134 4.111221 38.139401 -6.416568 -2.480829 -1.171410 2.771352 -1.839288 -3.678993 7.638263 2.860324 -15.260675 -3.762723 -8.586056 6.592742 -7.679317 0.000003 0.000002 -0.000001 15.569496 -4.866702 -31.266803 24.826804 -20.576262 -59.911933 20.295205 -11.346835 16.034270 0.000002 -0.000001 0.000000 -5.845004 -9.430699 43.521320 9.383842 -7.378889 64.449310 23.167834 8.693180 -2.330921 0.000001 0.000001 0.000000 9.725605 4.231129 21.439655 -3.783417 6.454866 -0.461615 -26.620553 -18.039834 -12.912241 0.000000 0.000001 -0.000001 -10.323197 1.139613 -5.615131 12.339748 -2.167282 11.014184 -11.610632 16.580339 20.342494 -0.000000 0.000002 -0.000000 
-2.754467 105.827179 -0.999357 4.464402 37.717968 -6.810278 -2.823909 -1.164173 2.531409 -2.097288 -3.927665 7.822408 3.152715 -15.733821 -3.774623 -8.501316 6.226539 -7.421380 -0.000000 0.000000 0.000001 15.258506 -4.329541 -31.188864 24.643707 -20.584670 -60.426164 19.992281 -11.529187 15.898153 0.000001 -0.000003 -0.000001 -5.883133 -8.952992 43.397885 9.178991 -7.526443 64.796400 22.804648 8.544159 -2.780453 -0.000000 -0.000001 0.000002 9.584065 4.180315 21.332153 -3.312397 6.268144 0.152533 -26.222281 -17.187608 -12.196093 -0.000001 0.000005 -0.000001 -10.554303 1.164327 -5.780882 12.901544 -1.872758 11.843650 -12.121471 16.632154 20.791342 -0.000002 -0.000002 0.000000 
-2.669590 105.761673 -0.968412 4.755823 37.631713 -6.986249 -2.898893 -1.160059 2.500150 -2.204783 -4.096029 8.002326 3.161793 -15.839342 -4.008828 -8.280570 5.743456 -7.043890 0.000001 -0.000001 -0.000001 15.119114 -4.791627 -30.919696 24.536918 -20.177186 -60.683253 19.871942 -11.608060 15.536568 0.000001 0.000000 -0.000000 -6.094904 -9.598381 42.961207 9.036304 -8.229647 65.276541 22.883044 8.990045 -2.952202 0.000000 -0.000001 0.000002 9.254058 4.069283 20.913250 -2.664804 6.151056 0.951785 -26.324613 -16.850102 -11.946031 0.000000 0.000002 -0.000002 -11.315335 1.254674 -6.498326 14.395643 -1.350110 13.192164 -12.672642 16.606960 21.013832 -0.000000 0.000000 -0.000001 
-2.569948 105.678612 -0.941549 4.867459 37.143672 -7.101545 -2.363373 -1.124756 2.724625 -2.712397 -4.173558 7.770618 3.562314 -15.997871 -3.758564 -8.746806 5.262420 -6.803317 0.000002 -0.000001 -0.000000 15.227567 -4.816241 -31.064353 24.483322 -20.871883 -60.164691 19.767047 -11.300160 16.157931 -0.000001 0.000000 -0.000000 -6.037846 -9.421347 43.494399 9.198495 -8.391070 65.332597 23.624272 9.378213 -5.149078 -0.000001 -0.000002 0.000000 9.233668 4.043873 20.771970 -2.045741 6.084709 1.198030 -26.831408 -15.911219 -11.402169 -0.000001 0.000001 -0.000002 -12.857756 1.605890 -8.147040 17.687945 0.051312 16.283084 -13.316490 16.324839 20.806001 0.000001 0.000005 0.000002 
-2.451685 105.583206 -0.923873 4.438274 36.863603 -7.177153 -1.541503 -1.088664 3.262432 -2.455426 -4.287051 8.162169 2.900265 -16.193566 -4.302600 -8.639539 4.681229 -6.312018 0.000000 0.000000 -0.000001 15.382056 -5.467007 -30.791695 24.298506 -20.861254 -60.220467 19.532852 -11.415416 17.009876 -0.000007 -0.000005 0.000003 -6.103223 -9.892423 43.371141 9.072137 -8.976983 65.668082 24.186041 10.140119 -6.621688 0.000001 -0.000003 -0.000000 9.735210 4.290820 20.976424 -1.727757 6.221866 1.175507 -27.115040 -15.553965 -11.084851 -0.000000 0.000001 -0.000002 -14.119392 1.970528 -10.072188 21.435999 1.787685 20.231729 -13.678859 16.593805 21.072023 -0.000002 0.000002 -0.000000 
-2.331130 105.481834 -0.902138 4.229623 36.716443 -7.329741 -1.461082 -1.108338 3.429967 -2.102359 -4.371209 8.596218 2.526806 -16.475752 -4.727267 -8.604337 4.360693 -5.980667 0.000001 -0.000002 0.000001 15.516443 -5.481815 -30.772786 24.173884 -21.062244 -60.099313 19.253714 -11.477454 17.547623 -0.000002 -0.000001 -0.000000 -6.021379 -9.806476 43.367227 9.093934 -9.318558 65.929309 24.528693 10.643662 -7.737933 -0.000000 -0.000003 -0.000000 9.914790 4.376919 21.028339 -1.519697 6.112530 1.274829 -27.467783 -15.341809 -10.983865 0.000000 0.000001 -0.000002 -14.859522 2.247363 -11.278448 23.883391 3.237041 23.334745 -13.794008 16.225345 20.297261 -0.000000 0.000004 -0.000003 
-2.190959 105.376602 -0.888701 3.456166 35.820032 -7.385163 -0.309057 -1.067962 4.310239 -2.945576 -4.584010 8.287556 2.775636 -16.573731 -4.849508 -8.015301 4.170598 -5.725602 0.000001 0.000000 -0.000000 15.732036 -5.196607 -31.131886 24.290504 -20.559067 -60.130561 18.716629 -11.044404 18.126444 -0.000000 -0.000001 -0.000000 -6.070312 -10.565255 43.257152 9.340620 -10.413614 66.214374 24.884483 11.037925 -8.540813 0.000002 0.000001 0.000002 10.655092 4.538360 21.119259 -1.502476 6.032963 1.409018 -28.358959 -15.135897 -11.071795 0.000001 0.000003 0.000000 -15.516716 2.572760 -12.721510 26.909274 5.271947 27.363048 -12.820033 15.227468 17.894327 0.000000 0.000004 0.000000 
-2.027189 105.240311 -0.872024 3.293579 34.603432 -7.105738 -0.426509 -1.019559 4.051346 -2.736106 -4.679486 8.517020 2.948058 -16.413870 -4.917208 -7.491688 3.914227 -5.787724 0.000001 0.000000 0.000001 15.551878 -4.940600 -31.302067 24.177594 -20.278687 -60.446655 17.901087 -10.627178 18.372847 0.000001 -0.000001 -0.000000 -6.250680 -10.593419 42.743146 9.361897 -11.533478 66.889170 25.235329 11.879072 -9.563142 0.000001 -0.000000 0.000002 11.318523 4.526979 20.736200 -1.506563 6.030020 1.410329 -29.056933 -14.975246 -11.172307 0.000000 -0.000000 -0.000002 -15.848095 2.999365 -14.381633 29.669020 7.646087 32.246033 -9.543298 13.729778 14.059798 -0.000000 0.000002 0.000000 
-1.859366 105.093651 -0.859344 2.953456 33.697537 -6.966425 -0.302239 -1.001049 4.110497 -2.625262 -4.749097 8.637114 2.860928 -16.545693 -5.071151 -6.969857 3.787419 -5.814409 0.000001 0.000000 -0.000000 15.460649 -4.545428 -31.555976 23.980475 -20.107309 -60.534505 17.389327 -10.316753 18.531826 0.000001 -0.000005 0.000001 -6.368092 -10.879533 42.439452 9.296554 -12.231994 67.142146 25.012540 11.716045 -9.684588 -0.000000 -0.000002 0.000002 11.652146 4.568334 20.274675 -1.273511 6.059136 1.885834 -29.722142 -15.362298 -11.637275 -0.000000 0.000003 -0.000001 -15.306355 3.086628 -15.248242 31.627864 9.548833 36.283249 -7.311976 13.157895 12.249617 0.000000 0.000003 -0.000002 
-1.673058 104.938293 -0.851460 2.790858 32.039765 -6.911568 -0.012211 -0.978346 4.289901 -2.299460 -4.755209 8.811362 2.607282 -16.114761 -5.215358 -6.023364 3.661635 -5.795493 0.000000 0.000002 0.000000 15.424842 -4.881776 -31.403325 23.747845 -20.019126 -60.955320 16.822773 -10.078921 19.616477 -0.000004 0.000000 -0.000002 -6.498598 -10.993805 42.063102 9.387930 -13.934647 67.622691 23.577606 9.899992 -9.461788 0.000002 0.000001 0.000002 11.752297 4.499071 19.886096 -0.606826 6.265984 2.229669 -29.864961 -15.538733 -11.710188 -0.000000 -0.000000 -0.000002 -14.782052 3.139331 -15.838107 33.141553 11.031958 39.989084 -4.678171 13.200822 11.430444 0.000001 -0.000000 0.000002 
-1.484485 104.761978 -0.849990 2.754507 30.637787 -6.794133 -0.109258 -0.941382 3.985448 -2.247884 -4.916638 9.020376 2.625848 -15.802440 -5.353288 -5.377926 3.533725 -5.557386 0.000002 0.000002 0.000000 15.415903 -4.668617 -31.926534 23.493452 -19.600582 -60.783097 16.186305 -9.771802 20.367196 -0.000001 -0.000001 -0.000002 -6.713641 -11.467728 42.179000 9.323697 -15.202478 67.677544 22.053074 7.766868 -9.565759 -0.000003 -0.000003 0.000003 11.660911 4.565505 19.623050 0.080069 6.180735 2.292498 -30.175557 -15.623455 -11.857465 -0.000000 0.000001 -0.000002 -13.666085 2.971620 -15.995321 33.537943 12.136618 43.863208 -2.566512 12.899695 10.369522 0.000003 0.000003 -0.000002 
-1.300717 104.585808 -0.852735 2.591383 29.403712 -6.726605 0.188073 -0.895208 3.885258 -1.718205 -4.888968 9.345287 1.967950 -15.207039 -5.569385 -5.508025 3.264506 -5.259190 0.000001 0.000000 -0.000001 15.660294 -4.844713 -31.870260 23.553373 -19.502388 -60.674339 15.759313 -9.081963 20.786082 0.000001 0.000000 -0.000002 -6.633526 -11.813430 42.469198 9.488627 -15.574192 67.550093 21.740040 6.865111 -10.221060 0.000002 -0.000001 0.000000 11.605615 4.617764 19.408092 0.424897 5.963487 2.090839 -30.463829 -15.058581 -11.529041 0.000000 -0.000001 -0.000001 -12.538436 2.782462 -15.769708 33.373967 12.846908 46.772046 -1.102099 12.106337 8.951067 0.000000 0.000000 -0.000001 
-1.109791 104.391945 -0.877507 2.238681 28.110960 -6.689754 0.769519 -0.842899 4.003561 -2.267441 -5.187871 9.323131 2.184469 -14.660339 -5.698979 -5.442864 2.906346 -5.104673 0.000002 -0.000000 0.000000 15.897988 -5.000271 -31.967416 23.583474 -19.635052 -60.332748 15.190819 -8.120956 21.813176 -0.000006 -0.000001 -0.000002 -6.696022 -12.671047 42.469850 9.596117 -15.978118 67.620287 19.932982 4.301815 -10.597807 0.000000 -0.000002 0.000004 11.305432 4.508935 18.984953 1.058966 5.485168 2.211922 -30.742115 -14.021346 -10.914002 -0.000000 0.000003 -0.000001 -11.111858 2.586008 -15.278717 32.824185 13.447811 50.053464 0.978545 12.248384 8.697548 -0.000000 0.000004 0.000000 
-0.908350 104.169258 -0.925803 2.736253 26.554150 -6.705084 0.108184 -0.907755 3.657215 -1.669941 -5.126318 9.665404 1.833234 -14.172910 -5.948408 -5.686502 2.661753 -4.803417 0.000001 0.000000 -0.000000 15.876148 -4.471205 -32.302570 23.582987 -18.838811 -60.490723 14.939116 -8.550988 23.431381 -0.000004 0.000000 -0.000003 -6.724829 -12.435906 42.409792 9.497393 -17.338244 67.861590 19.421684 3.986111 -11.490964 -0.000000 -0.000001 0.000002 10.653248 4.367955 18.431028 0.699939 5.402114 1.469698 -28.034861 -13.281733 -9.539184 -0.000000 0.000001 -0.000003 -9.914662 2.340309 -14.716090 31.166266 12.452343 51.218578 3.502159 14.165510 10.892454 0.000003 0.000005 0.000004 
-0.713538 103.948135 -0.966368 2.631547 25.212358 -6.730375 0.512018 -0.864958 3.863379 -1.512527 -5.136893 9.730814 1.472835 -13.998950 -6.130774 -5.400617 2.854554 -4.665565 0.000002 -0.000001 0.000000 15.836670 -3.989431 -32.544308 23.614787 -18.217238 -60.687392 14.423898 -8.329299 24.230410 -0.000001 -0.000001 -0.000002 -6.598642 -11.873191 42.254900 9.369146 -17.761337 68.208468 19.181970 3.373508 -12.219952 0.000000 -0.000001 0.000005 10.298681 4.346016 17.951848 0.946317 5.281311 1.768886 -26.609457 -13.359684 -9.154153 -0.000000 0.000003 -0.000001 -8.795845 2.075930 -14.211614 30.036686 11.532166 51.354314 5.299263 15.121019 11.849051 -0.000000 -0.000001 -0.000003 
-0.496505 103.719307 -1.011421 2.639098 23.697915 -6.732581 0.924608 -0.834734 4.285887 -1.439411 -5.133535 9.616477 1.184058 -13.166723 -6.218553 -5.142858 3.002805 -4.579003 0.000002 -0.000003 -0.000000 15.743595 -4.114465 -32.896810 23.192522 -17.257429 -60.926619 13.411579 -8.501225 24.608892 -0.000002 -0.000001 -0.000000 -6.800211 -11.637988 42.362739 8.724338 -18.097438 67.917646 19.385878 4.243953 -12.791891 -0.000000 -0.000000 0.000002 9.674206 4.222996 16.970464 1.868810 4.919459 2.873710 -27.374601 -12.547913 -8.816432 -0.000000 0.000003 0.000000 -8.215455 1.809201 -13.960426 28.190508 10.267986 52.583267 5.536526 13.845272 10.334289 0.000001 0.000002 0.000000 
-0.269818 103.470589 -1.057086 2.416997 22.321178 -6.573018 1.133038 -0.851552 4.440866 -0.790224 -4.908868 9.737316 0.507733 -12.618740 -6.422952 -5.069402 2.972739 -4.311394 -0.000000 0.000000 0.000001 16.110980 -4.387022 -32.882327 23.152723 -17.624386 -60.469898 12.407524 -7.169103 25.940227 -0.000004 0.000000 -0.000005 -6.614417 -11.899294 42.347087 8.644745 -17.893231 67.696300 19.344373 3.421880 -13.590083 -0.000000 -0.000001 0.000000 9.569576 4.114685 16.019104 2.780117 4.805939 3.768728 -28.764788 -11.371111 -8.280116 -0.000000 0.000001 -0.000001 -8.029459 1.615066 -13.839731 26.796082 9.147143 54.314989 5.648230 13.150957 9.511788 -0.000001 0.000001 -0.000001 
-0.047588 103.224243 -1.098164 2.082867 21.016827 -6.438573 1.337382 -0.823868 4.484677 0.382640 -4.585686 10.186828 -0.707126 -12.612077 -6.850309 -4.386563 3.367229 -4.331087 0.000000 -0.000002 0.000001 16.058941 -4.150606 -33.097939 22.922627 -17.781235 -60.060797 11.379889 -6.540929 26.506656 -0.000000 0.000000 -0.000003 -6.578776 -11.308845 42.252442 8.402623 -17.850926 67.632759 19.151184 3.603073 -13.951992 -0.000000 -0.000001 0.000000 9.305245 3.906466 15.359637 3.791244 4.551185 4.260494 -29.583284 -10.358837 -7.666278 0.000000 -0.000000 -0.000002 -8.133797 1.561575 -13.718280 25.932504 8.591941 55.596825 5.615080 12.487205 8.731537 -0.000001 0.000001 0.000003 
0.184192 102.958908 -1.139353 2.188580 19.548843 -6.259753 1.605307 -0.769827 4.611929 2.018853 -3.961981 10.576455 -2.487585 -12.403289 -7.229512 -4.655868 3.364680 -4.355921 0.000001 0.000000 -0.000000 15.941668 -4.435119 -33.097280 22.900543 -17.369144 -59.808490 10.488761 -6.267674 27.259348 0.000003 -0.000001 -0.000000 -6.720954 -11.387536 42.199272 8.214342 -17.606874 66.989689 18.189357 3.042549 -13.892470 -0.000001 -0.000001 0.000005 8.339178 3.481386 14.279546 5.236993 3.946556 5.004311 -29.742547 -8.850492 -6.695802 0.000000 -0.000000 -0.000003 -8.533353 1.719352 -13.566633 24.276827 7.730571 57.015469 5.635735 11.193268 7.410737 0.000003 0.000002 -0.000001 
0.424781 102.675964 -1.169420 2.011686 18.180528 -6.201419 1.958629 -0.712278 4.813870 3.205313 -3.480172 10.712941 -3.699699 -12.422053 -7.359654 -4.531306 3.566614 -4.643747 0.000000 0.000000 -0.000000 15.646273 -3.558337 -33.282627 22.916260 -16.421800 -60.124571 9.148068 -5.260464 27.093631 -0.000000 -0.000001 -0.000002 -6.716502 -10.670542 41.818212 7.958226 -17.575566 66.817856 17.847677 3.183810 -13.843801 -0.000000 -0.000002 0.000004 7.654435 3.170588 13.339287 7.042782 3.518498 6.181369 -30.253985 -7.726003 -5.978093 0.000001 -0.000001 -0.000002 -8.654165 1.669366 -13.156093 23.563336 7.191740 57.963321 4.978630 10.095590 6.155456 -0.000001 0.000002 -0.000000 
0.650861 102.392052 -1.191874 1.817738 17.658283 -6.131340 1.907465 -0.707516 4.871509 2.569696 -3.706958 10.472843 -2.774396 -12.369809 -7.243660 -4.022404 3.623437 -4.738971 -0.000000 -0.000001 -0.000000 15.370385 -3.320477 -33.307001 22.800111 -14.774206 -60.775317 8.111047 -4.944944 26.736975 -0.000005 -0.000001 -0.000000 -6.957598 -10.551533 41.505830 7.570680 -18.506729 66.401774 16.733209 2.591439 -13.263060 0.000000 -0.000002 0.000000 6.891618 3.003917 12.497629 9.033328 3.151638 7.477808 -30.767134 -6.495712 -5.112676 0.000000 0.000003 -0.000001 -8.513381 1.473393 -12.582874 23.239297 6.777328 58.338708 3.870857 9.110467 4.866846 0.000001 0.000002 -0.000001 
0.889844 102.087555 -1.219212 2.732734 16.215303 -5.979371 0.037782 -0.908516 4.322078 4.202397 -2.975249 10.607233 -3.430875 -12.197158 -7.221388 -4.428893 3.466019 -4.906022 0.000001 0.000000 -0.000001 15.019449 -3.137740 -33.133012 22.435274 -14.068480 -60.527429 7.128048 -5.090150 26.714222 -0.000002 -0.000001 0.000001 -7.161175 -10.583659 41.083082 7.207700 -19.170826 65.746199 16.365208 3.426101 -12.437790 -0.000000 0.000001 0.000002 4.978371 2.590135 11.282302 11.383042 2.821145 8.519545 -32.016973 -4.885977 -4.018110 -0.000000 0.000003 -0.000002 -9.844637 1.595567 -12.657684 23.739791 7.265052 58.463523 2.274213 7.981662 3.544391 0.000001 0.000001 0.000003 
1.138520 101.777153 -1.253993 3.150502 14.830847 -5.917932 -0.576251 -0.962575 4.263314 3.500612 -3.181881 10.289928 -2.075965 -11.306569 -6.979081 -4.583155 3.121267 -5.096277 -0.000001 0.000002 0.000000 14.637983 -3.445714 -32.963425 22.129277 -12.758193 -60.405326 5.710833 -5.157447 26.664406 -0.000004 0.000000 -0.000002 -7.523857 -10.518432 40.562444 6.760729 -19.951099 64.792103 16.255454 4.767493 -11.124058 -0.000000 -0.000002 0.000004 3.445936 2.199026 10.134784 13.797004 2.728134 9.800198 -33.259210 -3.175502 -2.845742 -0.000002 0.000001 -0.000002 -10.405824 1.583789 -12.443134 24.136695 7.249131 57.847331 1.303914 6.844334 1.913863 0.000003 0.000002 0.000001 
1.384540 101.482666 -1.292753 3.240310 13.632889 -5.841134 -0.452447 -0.934616 4.313010 2.081918 -3.616982 9.858635 -0.254584 -10.544976 -6.713417 -4.917787 3.005851 -5.114772 0.000002 -0.000002 -0.000000 14.403843 -3.348179 -32.804408 21.999035 -12.597204 -59.642127 4.657684 -4.067150 26.579505 -0.000001 -0.000003 0.000001 -7.684371 -10.733763 40.437541 6.517053 -19.324683 63.887042 15.851098 4.410156 -10.232516 0.000001 -0.000001 0.000002 2.713532 1.960791 9.347099 14.643799 2.602222 10.387566 -33.640874 -1.930614 -2.049265 -0.000000 0.000002 -0.000003 -10.645877 1.666271 -12.351402 24.299511 7.572159 57.355933 0.498703 5.955764 0.955608 -0.000005 -0.000000 -0.000007 
1.637952 101.174187 -1.335479 3.863747 12.614210 -5.725407 -0.798768 -0.933214 4.063668 3.946157 -2.875879 10.056850 -1.817357 -10.811063 -6.740396 -6.190331 2.696992 -5.014937 -0.000001 0.000002 0.000000 14.147036 -2.994007 -32.554475 21.430752 -12.874827 -57.851497 4.153736 -4.303472 27.239501 -0.000001 0.000002 -0.000003 -7.660781 -10.406011 40.438176 6.028061 -19.122602 62.180239 15.463647 4.030361 -8.817838 0.000000 -0.000001 0.000002 1.328878 1.876802 8.383133 16.690981 2.089248 11.275497 -32.737503 -0.613919 -1.025961 -0.000000 0.000003 -0.000001 -11.280440 1.673423 -12.439211 24.548994 8.281219 57.036072 -1.611210 5.407381 0.774807 -0.000001 -0.000001 -0.000001 
1.906289 100.862099 -1.376087 3.958469 11.775655 -5.726063 -0.182372 -0.850329 4.146181 4.564444 -2.645738 10.194946 -2.574605 -10.798972 -6.943726 -6.960798 2.426112 -4.826611 0.000001 0.000002 0.000001 14.373800 -4.337159 -31.177829 21.366396 -13.230495 -55.892971 3.641042 -4.028610 28.857273 0.000001 -0.000003 -0.000002 -7.423841 -10.228289 40.389839 6.141496 -18.385597 60.380518 15.441108 3.467186 -7.463244 -0.000002 -0.000001 0.000000 0.425974 1.795275 7.701450 18.383328 1.344843 11.791370 -32.673419 0.966786 0.089537 -0.000000 0.000003 -0.000001 -11.468487 1.698955 -12.271024 24.330667 8.583184 56.785325 -1.649956 3.784719 -1.272885 -0.000000 0.000001 -0.000001 
2.167870 100.574516 -1.422383 4.200297 10.711444 -5.751026 -0.082327 -0.811273 4.030633 4.985600 -2.435610 10.078321 -3.074726 -10.662270 -6.823671 -7.149927 2.308841 -4.628878 0.000001 -0.000002 0.000001 14.355765 -4.756332 -30.334117 21.113144 -12.725491 -54.596854 3.282321 -4.020145 29.264017 -0.000002 -0.000003 -0.000002 -7.195487 -9.251827 40.441417 5.781596 -17.556477 59.117794 16.834820 5.547966 -6.431117 -0.000000 -0.000000 0.000002 -0.437765 1.835366 7.364528 19.122095 0.710016 11.689841 -32.507131 2.218119 0.872821 -0.000000 0.000001 -0.000002 -12.079160 1.699217 -12.227751 24.251287 8.989758 56.350270 -2.115555 2.868515 -2.358541 -0.000003 0.000000 0.000002 
2.455667 100.304512 -1.480919 4.483941 9.870335 -5.669644 -0.316022 -0.801682 3.854590 3.123606 -3.012584 9.537513 -1.280645 -10.173691 -6.463326 -5.681744 2.838727 -4.842648 0.000001 0.000000 -0.000001 14.023241 -3.009179 -30.294150 20.902042 -12.239730 -52.101673 3.651445 -4.201489 28.912252 0.000005 -0.000001 -0.000001 -6.993004 -8.823580 39.944176 5.884999 -17.618982 57.327936 16.017652 4.345783 -5.373920 -0.000000 -0.000000 0.000000 -1.124676 1.598775 6.872215 19.472688 0.298817 11.488473 -33.879910 4.051265 2.174309 -0.000001 0.000001 -0.000003 -12.115851 1.896347 -12.253680 23.679446 8.706139 56.064307 -3.584228 2.317426 -3.388776 -0.000001 0.000002 -0.000000 
2.769916 100.067093 -1.545156 4.366701 9.076603 -5.808416 0.160126 -0.740886 3.940883 2.699480 -3.283492 9.493186 -1.111151 -9.568129 -6.485152 -5.101523 2.542796 -4.693059 0.000002 0.000000 0.000001 13.690178 -2.613299 -29.533536 20.022660 -11.467276 -49.372234 3.496652 -5.217096 28.233219 -0.000000 -0.000005 -0.000004 -7.021971 -8.074376 39.206187 5.241672 -17.938568 54.832663 16.282607 6.459937 -3.136203 -0.000001 -0.000001 0.000000 -2.021372 1.461795 6.409313 20.085472 -0.169659 11.637200 -34.591626 5.560663 3.219595 -0.000001 -0.000000 -0.000003 -11.789489 1.747909 -11.580238 22.577515 7.807988 55.143952 -4.674232 0.499963 -6.119749 0.000001 0.000002 0.000000 
3.083994 99.870125 -1.616422 4.384612 8.666406 -5.920272 0.145009 -0.697181 3.899610 2.312268 -3.393263 9.435241 -0.796762 -9.249013 -6.309746 -5.222376 2.313537 -4.271758 -0.000000 -0.000002 0.000002 13.189658 -1.107118 -29.436206 19.878740 -10.523958 -47.446674 3.614590 -5.057496 27.101748 0.000004 -0.000001 -0.000007 -6.647246 -6.716714 38.651521 5.179133 -17.038761 53.273208 18.388780 9.931240 -2.513923 0.000000 -0.000002 0.000004 -2.555045 1.271974 6.155859 20.133946 -0.564527 11.528380 -34.656926 6.452397 3.784242 0.000000 0.000001 -0.000001 -11.399702 1.795606 -11.028249 21.165921 7.070926 54.376225 -4.853628 -1.498918 -8.527487 0.000001 0.000002 -0.000000 
3.431286 99.748238 -1.685401 3.508860 7.752379 -5.864318 1.459974 -0.467674 3.824360 1.928475 -3.506421 9.194994 -0.891638 -8.203672 -6.050353 -5.237594 1.856770 -3.843929 0.000001 0.000002 -0.000001 12.659789 -0.838507 -28.412422 19.376914 -8.196614 -45.484706 4.284051 -6.320047 26.330096 0.000003 -0.000003 -0.000006 -6.758274 -6.740527 37.692344 4.614745 -17.279113 50.204284 18.611622 11.056670 -0.978744 0.000000 -0.000001 0.000004 -2.425849 1.169447 5.993517 20.539564 -1.063586 10.966463 -34.657524 7.780680 4.716243 0.000000 0.000001 -0.000002 -11.080956 1.762717 -10.603165 20.308434 6.591953 52.899286 -6.809512 -3.040112 -10.848000 0.000001 0.000001 -0.000001 
3.804259 99.705177 -1.752474 3.281823 6.390095 -5.736009 0.638028 -0.441929 3.238312 4.905380 -2.323433 9.305370 -3.490935 -7.767109 -5.900111 -4.698777 1.493991 -3.337945 0.000000 -0.000001 -0.000001 11.864316 -0.223308 -26.983957 18.116652 -6.036201 -43.124616 4.544287 -7.215068 24.266457 0.000000 -0.000001 -0.000002 -7.258229 -7.992717 36.294372 3.354235 -16.004523 46.476999 18.491397 12.648229 1.471204 -0.000001 -0.000001 0.000000 -2.828149 1.313713 5.611075 20.156313 -1.735719 10.452470 -32.950154 7.734047 4.302649 -0.000003 -0.000000 -0.000003 -10.357683 1.391075 -9.841176 18.996978 5.874024 50.274919 -8.585271 -3.945249 -12.511628 0.000002 0.000004 -0.000000 
4.171545 99.718109 -1.821168 3.211137 5.966910 -5.671226 0.247465 -0.387651 2.898904 6.445833 -1.690488 9.262208 -4.889153 -7.678225 -5.728906 -4.518792 1.108726 -2.941553 -0.000000 0.000000 -0.000000 11.151358 0.283923 -25.900004 16.913608 -4.846960 -40.986401 4.715441 -8.121976 22.662576 0.000002 -0.000001 -0.000004 -7.435383 -7.623171 35.234204 2.245691 -14.935829 43.889464 18.571278 14.728808 2.737607 -0.000000 -0.000000 0.000000 -2.925037 1.429716 5.310645 19.631005 -2.084156 10.244288 -31.388486 7.925050 4.317127 -0.000001 0.000003 -0.000002 -9.815019 1.072318 -9.029264 17.432629 4.875632 47.824022 -9.492114 -4.584227 -13.560150 0.000001 0.000001 -0.000002 
4.579099 99.834442 -1.903543 3.175270 4.627535 -5.347805 -0.195415 -0.372517 2.369495 6.882841 -1.424173 8.937773 -5.259808 -6.669429 -5.353890 -4.038088 1.144899 -2.692537 0.000001 0.000006 0.000000 10.312499 1.029891 -24.296371 15.647243 -3.190842 -38.464279 4.881880 -8.585612 20.481145 0.000001 0.000000 -0.000003 -7.248928 -6.470999 33.751148 1.290896 -13.405253 40.579383 17.007642 13.877741 3.427912 -0.000001 -0.000000 -0.000005 -3.384100 1.557304 5.026930 18.616941 -2.158031 9.679425 -30.444195 7.693817 4.048784 -0.000001 0.000003 -0.000003 -9.325622 0.725181 -8.216324 16.740929 4.239970 43.915261 -10.153373 -3.776985 -12.140733 0.000001 0.000002 -0.000003 
5.022853 100.065521 -1.988432 3.465163 3.210503 -4.910871 -0.868530 -0.407938 1.744800 6.743573 -1.222712 8.330218 -4.931213 -4.998624 -4.656842 -3.254585 1.085918 -2.290020 -0.000001 0.000002 0.000000 9.594725 1.293888 -22.162084 14.623389 -0.985635 -36.061408 5.010182 -8.746326 18.243574 0.000001 0.000000 -0.000003 -7.005360 -6.292106 31.756954 0.896111 -12.014143 37.083231 15.047982 12.016969 3.077103 -0.000000 -0.000002 -0.000000 -3.920384 1.578833 5.167823 17.146290 -2.215454 8.220486 -28.867368 7.924270 4.099899 -0.000001 -0.000000 -0.000003 -8.994919 0.512610 -7.333416 15.655224 3.242685 39.571626 -10.565617 -2.692768 -10.271490 0.000001 0.000004 0.000000 
5.460845 100.334473 -2.088487 3.432808 2.581380 -4.532000 -1.745407 -0.405650 1.274482 7.129858 -0.951877 8.026972 -5.245138 -4.447513 -4.353697 -2.337717 1.184310 -1.964917 0.000001 -0.000000 0.000001 8.651784 1.401377 -20.582159 13.571139 0.211491 -34.123516 5.073838 -9.025729 16.605959 -0.000001 -0.000003 -0.000003 -6.776924 -5.429007 29.855556 0.294792 -11.091301 34.587689 14.993302 12.981572 3.148863 -0.000002 -0.000001 0.000000 -3.667606 1.543695 5.092338 15.883938 -2.221932 7.471585 -27.446786 7.302965 3.530329 -0.000002 0.000001 -0.000002 -8.011388 0.348570 -6.601698 14.238331 2.382313 36.013969 -10.260360 -2.281846 -8.970978 -0.000001 0.000002 0.000002 
5.931707 100.716896 -2.176036 3.264933 2.344214 -3.833856 -2.127350 -0.435855 0.794914 5.531036 -1.460221 7.505598 -3.708625 -3.775586 -4.160162 -1.702598 1.196603 -1.846386 0.000000 -0.000002 0.000001 8.068454 1.718348 -18.525418 12.585174 1.770074 -31.426790 5.468465 -9.307680 14.588191 0.000000 -0.000003 -0.000002 -5.507840 -2.951137 27.815489 0.332383 -9.358578 31.816425 14.272093 12.354031 2.094020 0.000001 -0.000003 -0.000002 -2.797454 1.463285 4.841652 13.562653 -2.430743 6.197037 -25.107333 6.297875 2.612489 -0.000000 0.000005 -0.000001 -6.814655 0.239515 -5.713986 11.856941 1.262184 31.633946 -9.001866 -2.106203 -8.033097 0.000001 0.000002 -0.000001 
6.444030 101.194389 -2.271429 3.267537 1.662839 -2.980673 -2.213041 -0.365177 0.249392 4.867110 -1.486890 6.740572 -3.307282 -3.055183 -3.704146 -0.973158 1.260838 -1.722218 -0.000001 0.000002 0.000000 6.792681 2.530609 -16.682530 10.924612 2.436703 -28.203989 5.223917 -9.469158 11.839797 0.000001 -0.000003 -0.000007 -5.065462 -2.270957 24.895800 -0.318075 -8.728148 28.400447 12.732115 11.663957 2.168822 0.000000 -0.000000 0.000002 -2.468432 1.368525 4.485175 11.152919 -2.447944 4.777239 -21.280011 5.210767 1.685489 -0.000001 0.000001 -0.000001 -5.479381 0.199003 -4.796182 9.232292 0.409780 26.660038 -7.669660 -1.661840 -6.258827 -0.000000 0.000000 0.000001 
6.950541 101.678047 -2.370116 3.251860 1.274576 -2.290730 -2.102136 -0.316025 -0.184538 4.849114 -1.201942 6.009013 -3.524969 -2.091436 -3.262180 -0.933639 0.696490 -1.263141 -0.000000 0.000000 -0.000000 6.089962 2.164636 -14.833795 9.941047 2.848969 -25.953375 4.947936 -8.872289 10.303840 0.000001 0.000000 -0.000002 -5.037989 -3.053784 22.421062 -0.243834 -6.507238 26.250638 11.200249 9.704562 2.064308 -0.000000 -0.000002 0.000004 -2.161985 1.330723 4.078125 8.828445 -1.925476 3.729615 -18.124486 4.021142 1.000061 -0.000001 0.000001 -0.000002 -4.604722 0.098585 -4.149744 7.265010 -0.428648 22.609524 -6.724349 -1.119919 -4.987030 -0.000000 -0.000001 0.000000 
7.492442 102.218658 -2.459682 3.291205 1.415235 -1.497805 -2.522564 -0.373142 -0.306779 4.888426 -0.771532 4.998358 -3.734264 -2.019777 -2.931311 0.265259 1.100324 -1.092992 0.000001 0.000001 0.000001 5.799754 1.138566 -12.846518 8.516598 3.892551 -23.172209 4.772374 -9.293434 8.479305 -0.000001 0.000002 -0.000005 -4.397186 -2.535440 19.765837 -0.279622 -5.111875 23.098132 8.754321 7.242228 2.153166 -0.000000 -0.000001 0.000000 -1.561604 1.155395 3.274216 6.891717 -1.715384 3.049772 -14.604502 2.784557 0.360521 -0.000000 0.000003 -0.000002 -3.942529 -0.013684 -3.268251 5.525419 -0.807735 17.997951 -4.975331 -0.359399 -3.410777 -0.000000 0.000002 -0.000001 
8.063726 102.780067 -2.552891 3.159857 1.457683 -0.762150 -2.568749 -0.346553 -0.511153 4.963132 -0.373703 4.199720 -3.878969 -1.863044 -2.597841 0.881168 1.237199 -0.994468 -0.000001 0.000000 -0.000000 5.230139 0.460376 -10.868707 7.015352 3.925082 -19.988088 4.268546 -8.611495 6.479405 0.000001 0.000000 -0.000001 -3.765168 -2.180944 16.569293 -0.649927 -4.914494 19.991713 7.165126 6.300934 1.768727 -0.000000 -0.000000 0.000002 -1.440089 0.955498 2.299947 5.199814 -1.429816 2.528627 -12.019896 1.820277 -0.029247 0.000000 0.000001 -0.000001 -3.436256 -0.118224 -2.302340 4.432464 -0.818998 13.435366 -3.879531 0.113364 -2.483990 -0.000001 0.000002 0.000001 
8.619571 103.319443 -2.648366 3.099912 1.403593 -0.402260 -2.563028 -0.283085 -0.612461 4.790743 -0.276253 3.865266 -3.493017 -1.614409 -2.525872 0.501235 0.792610 -0.885053 0.000003 0.000003 0.000002 4.778423 0.146864 -9.561203 5.737568 3.501563 -17.349324 3.858156 -8.629712 5.095074 -0.000000 0.000002 0.000002 -3.496836 -2.053633 14.531929 -0.889674 -4.110902 17.312359 6.082717 6.166288 1.738930 -0.000001 -0.000003 -0.000002 -1.353046 0.870744 1.939070 4.176981 -1.473100 1.847371 -9.605930 1.541111 -0.173534 0.000000 -0.000001 -0.000002 -3.048844 -0.170369 -1.735083 3.375002 -0.667274 10.404761 -3.098006 0.347009 -1.793216 -0.000000 0.000002 -0.000000 
9.204010 103.846840 -2.755780 2.657739 0.996909 0.002601 -2.418917 -0.232392 -0.801876 4.321542 -0.066333 3.013082 -2.975722 -0.699208 -1.819589 0.793386 0.666837 -0.815737 -0.000001 0.000000 -0.000001 4.084417 -0.156177 -7.917965 4.350733 4.429756 -14.527607 3.396693 -7.405966 3.627936 -0.000000 0.000000 -0.000000 -2.906940 -1.570681 12.016367 -0.877068 -2.955179 13.915820 5.106890 5.217679 2.188916 0.000000 -0.000001 0.000002 -1.307073 0.818173 1.574550 2.929799 -1.005998 1.079494 -7.762179 0.826384 -0.481557 -0.000001 -0.000000 -0.000002 -2.423777 -0.167475 -1.335432 2.463883 -0.638733 7.554232 -2.823905 0.732916 -0.768239 0.000002 0.000002 -0.000000 
9.814246 104.364632 -2.867339 1.224355 1.146571 0.051845 -0.395495 -0.021098 -0.481928 2.765413 -0.201107 2.519512 -2.300589 -1.521290 -1.725961 0.763573 1.061446 -0.586446 -0.000001 0.000000 0.000001 2.381648 1.074504 -6.182431 3.710255 2.866209 -11.734188 2.883486 -6.245766 1.868798 0.000001 0.000000 -0.000002 -2.417658 -1.568535 8.972117 -0.910263 -2.928676 11.370563 3.425583 3.647993 1.383411 -0.000000 -0.000002 0.000000 0.010114 0.262702 1.312311 1.767817 -0.926196 0.797262 -6.195517 0.244860 -0.582652 -0.000000 0.000001 -0.000002 -1.240886 0.119306 -0.602856 1.392101 -0.022029 5.066260 -1.458173 -0.702649 -1.601365 -0.000001 0.000002 -0.000000 
10.403568 104.840874 -2.987216 1.410911 0.802555 0.082248 -0.583736 -0.074956 -0.360112 0.251092 -0.724096 1.874823 0.268970 -1.247436 -1.225378 -0.652282 0.578771 -0.850647 0.000003 0.000002 0.000001 1.417794 2.214054 -5.258368 3.381397 1.268545 -9.177683 2.523000 -4.984321 1.260519 -0.000001 -0.000001 -0.000004 -1.080818 0.232416 7.296699 -0.702042 -3.245352 8.855295 2.792834 3.119156 0.912061 -0.000000 -0.000001 0.000004 -0.436744 0.083276 1.345648 0.853156 -0.538915 0.095162 -5.070051 0.191026 -0.387233 -0.000001 -0.000000 -0.000002 -1.745196 0.207726 -0.245424 1.281893 0.206907 3.444064 -1.042585 -0.861466 -1.604401 -0.000000 0.000002 -0.000000 
11.017466 105.278954 -3.110767 1.522003 0.588774 0.323061 -2.041849 -0.244443 -0.486802 2.275605 0.315175 1.211119 -1.012808 -1.817258 -0.873105 -0.885552 0.294093 -0.426128 0.000001 0.000002 0.000002 0.990593 2.183121 -3.444040 2.818792 0.277090 -6.314491 2.288329 -3.515707 0.503499 0.000001 0.000000 -0.000002 -0.515986 0.087918 5.178618 0.448619 -1.015301 6.027000 1.858985 1.268873 0.765530 -0.000001 -0.000002 0.000002 -0.863157 0.097437 0.575583 0.809199 -0.415736 0.283438 -3.600764 -0.092680 -0.325945 0.000001 0.000001 -0.000002 -1.672499 0.081341 -0.161127 0.726707 0.047756 1.757484 -0.844694 -0.552585 -1.228325 0.000001 0.000004 -0.000000 
11.645590 105.678818 -3.249259 0.704751 0.355032 0.206757 -0.895303 -0.070793 -0.246623 1.478335 0.388958 0.571121 -0.742412 -1.209602 -0.375687 -0.221361 0.244489 -0.413556 -0.000001 -0.000003 -0.000000 0.421189 1.088823 -1.913076 1.649721 0.673281 -3.512895 1.012986 -1.399112 0.782022 -0.000000 -0.000001 -0.000000 -0.277316 -0.164684 2.585842 0.234995 -0.998673 3.501918 1.226398 0.780003 -0.187006 -0.000001 -0.000001 0.000002 -0.443349 -0.069702 0.319724 0.478688 -0.243613 0.103971 -1.907779 -0.234167 -0.139249 0.000000 -0.000000 -0.000001 -0.755276 0.139967 0.099858 0.304503 0.212830 0.600230 -0.442919 -0.466033 -0.828589 0.000000 0.000002 -0.000000 
12.250481 106.042839 -3.395268 0.053583 0.275255 0.094282 -0.064475 0.014076 -0.100339 1.624455 0.319465 0.511458 -1.659214 -0.892597 -0.480870 0.609345 0.550096 -0.223113 0.000002 0.000000 -0.000000 0.348743 0.035633 -0.786332 0.554924 0.140345 -1.451065 0.094360 -0.027952 0.719875 0.000001 -0.000003 -0.000001 0.073520 0.186756 0.873092 -0.246006 -0.558032 1.529692 0.593444 0.015820 -0.574354 0.000001 -0.000000 0.000002 0.142739 0.108390 0.029260 0.326923 -0.121501 0.224298 -0.716192 -0.496963 -0.318727 -0.000001 -0.000001 -0.000002 -0.082835 -0.082702 0.135039 0.134644 0.106995 0.052241 0.083664 -0.340829 -0.361386 0.000002 0.000002 0.000000 
12.857380 106.394928 -3.541631 -0.055585 -0.282973 -0.097235 0.066339 -0.014365 0.103208 -1.673521 -0.313263 -0.535226 1.698677 0.932035 0.467418 -0.624436 -0.568159 0.223347 -0.000001 0.000005 0.000000 -0.358101 -0.041641 0.808434 -0.566793 -0.158920 1.490782 -0.096660 0.029971 -0.740269 0.000001 -0.000003 -0.000004 -0.078562 -0.190875 -0.898149 0.268447 0.566805 -1.575692 -0.610100 -0.022464 0.590460 -0.000001 -0.000001 0.000002 -0.146858 -0.111399 -0.030366 -0.335705 0.126272 -0.229931 0.733662 0.515180 0.321291 -0.000001 0.000003 -0.000003 0.085395 0.084839 -0.138997 -0.138576 -0.109901 -0.053995 -0.088274 0.349953 0.372173 0.000000 0.000002 -0.000000 
13.449866 106.711067 -3.683919 0.061753 0.364867 -0.455468 -1.288667 -0.096232 0.099733 0.495772 0.150170 -0.411928 -0.458502 -1.398341 0.161231 -0.176438 -0.402831 0.081076 -0.000001 0.000004 -0.000000 -1.012562 0.169125 2.528284 -1.658553 -1.436948 3.875106 -2.314705 3.144968 -0.028002 0.000001 -0.000001 0.000001 0.259350 0.300626 -2.690504 0.668263 2.254043 -3.709738 -1.094959 -0.744429 -0.237236 -0.000000 -0.000001 0.000000 -0.230617 0.127982 -0.782074 -0.062896 0.035771 0.931759 -0.345985 -3.604196 -1.453882 -0.000000 -0.000000 -0.000001 -0.752114 -0.344334 -0.221240 0.280198 -0.409469 0.224093 0.279057 0.523868 -0.034812 -0.000000 0.000002 0.000000 
14.004001 106.998444 -3.825812 0.291197 -0.764411 -0.714236 -1.527055 -0.103977 -0.187383 0.264125 0.129927 -0.431390 -0.611554 -0.534045 0.618374 0.861179 0.079281 -0.291163 -0.000000 -0.000005 -0.000001 -1.529381 0.508314 3.765403 -1.889496 -2.160872 6.255744 -2.751992 4.690468 -1.353226 0.000001 0.000000 -0.000005 0.895172 0.806453 -3.880516 1.094617 1.513302 -6.308244 -1.131849 0.092350 0.043474 -0.000000 -0.000000 0.000000 -1.035356 0.098730 -0.684306 -0.111406 -0.259263 0.709294 -0.442541 -2.787734 -1.163064 0.000001 0.000001 -0.000002 -0.892018 -0.176607 -0.330949 0.315340 -0.240810 0.292141 -0.089946 1.315490 0.679915 -0.000000 0.000001 -0.000000 
14.530822 107.264160 -3.971562 -0.600118 -0.532513 -1.313345 -0.500757 0.051816 -0.222385 -0.040058 -0.350426 0.102801 -0.640124 -0.217484 0.322847 1.502905 -0.150875 0.005632 0.000002 -0.000003 -0.000000 -2.496692 -0.379200 5.099537 -3.356157 -3.601787 8.375245 -4.581258 5.682588 -2.174480 0.000001 -0.000001 -0.000001 0.341363 1.028618 -5.311271 0.846190 3.619775 -8.625553 -2.166045 1.377456 1.096018 -0.000002 -0.000000 -0.000003 -0.178055 0.028048 -0.726575 -0.249447 -0.387395 1.186540 0.074537 -2.780837 -1.236178 0.000002 0.000001 -0.000003 -0.503498 -0.257487 0.038706 0.478579 0.050039 0.336258 -0.008815 1.480141 1.342598 0.000001 0.000002 0.000000 
15.025265 107.504257 -4.117785 -0.796200 0.038183 -1.901622 -0.681044 0.030657 -0.188839 0.568423 -0.363116 0.342665 -1.047741 -1.153473 0.125593 1.347937 -0.724727 -0.134462 0.000000 0.000000 -0.000000 -3.085003 -0.999072 6.313087 -3.837305 -5.229387 10.823006 -5.555345 6.702484 -1.213521 0.000001 0.000002 -0.000003 0.930573 1.915403 -6.976309 0.467083 3.474363 -10.867823 -2.370872 1.703776 0.824276 0.000001 -0.000004 0.000002 0.100114 0.045843 -0.799476 0.170929 -0.010528 1.961334 0.579312 -3.752621 -1.494413 -0.000001 0.000001 -0.000001 -0.168289 -0.330476 0.388394 0.066168 -0.600873 0.551511 0.485773 1.757673 1.292454 -0.000001 0.000002 0.000000 
15.481049 107.715805 -4.263458 -0.800596 -0.117348 -2.276598 -0.543664 0.083599 -0.245503 0.320570 -0.412371 0.149226 -0.971915 -1.260659 0.374409 1.109136 -1.243678 -0.311701 -0.000000 -0.000001 0.000000 -3.844396 -1.106691 7.258269 -3.988693 -6.797087 12.555895 -6.327320 7.342750 -0.447873 0.000001 -0.000001 -0.000002 1.313099 2.632235 -7.947811 0.838542 4.468393 -12.496506 -2.726147 1.247806 0.515776 -0.000001 -0.000001 0.000000 0.048565 0.060076 -0.698912 0.698877 0.169445 2.210152 0.297196 -3.742002 -1.434543 0.000000 0.000001 -0.000001 -0.063593 -0.310437 0.431019 -0.200515 -1.047842 0.873047 0.518367 2.012064 1.316434 0.000001 0.000002 -0.000000 
15.927813 107.918144 -4.415296 -0.268259 0.255890 -2.555276 -1.619621 0.184339 -0.461339 -0.191398 -0.735388 0.104890 -0.152205 -0.850550 0.442599 2.150157 -1.216537 0.237709 0.000003 0.000000 -0.000000 -4.271757 -2.889904 7.995054 -5.196326 -8.814943 13.584464 -8.338002 7.384678 1.400179 0.000001 0.000000 -0.000000 0.274876 2.095844 -9.036470 -0.026965 6.547276 -14.418579 -2.282799 3.036476 1.019163 -0.000001 -0.000002 0.000004 0.087052 0.280583 -1.256315 0.255323 0.082893 3.169415 -0.375683 -6.616919 -3.170372 -0.000000 0.000001 -0.000002 -0.279714 -0.532158 0.518532 0.317055 -0.286534 1.548698 -0.434569 4.477501 5.759348 -0.000002 0.000000 0.000000 
16.348667 108.091141 -4.572358 0.058769 0.388487 -3.122611 -2.089123 0.210616 -0.624722 -0.267803 -0.940327 0.347349 -0.014747 -0.913194 0.433366 2.843544 -1.138788 0.468477 -0.000000 0.000000 -0.000000 -4.259326 -4.051943 8.552044 -5.065801 -10.502751 14.961135 -10.008136 6.964206 4.776067 0.000001 -0.000001 0.000001 -0.062607 1.865601 -9.707100 0.736237 7.883087 -16.836210 -2.652768 2.556281 0.000046 0.000000 -0.000002 0.000002 -0.026539 0.269369 -1.309533 0.435030 0.045828 3.952917 -1.448950 -7.825013 -3.979109 -0.000000 0.000003 -0.000000 -0.587181 -0.539514 0.615798 0.954043 -0.061592 2.527787 -0.933205 5.726056 7.922300 0.000000 0.000002 0.000000 
16.736359 108.248260 -4.747823 0.117037 0.037306 -3.720004 -2.203677 0.257359 -0.619549 1.548777 -0.391983 0.658557 -1.648930 -1.027913 0.434957 2.428668 -1.334419 0.587012 0.000001 -0.000002 -0.000000 -4.237366 -5.285242 8.983399 -4.521374 -11.951249 15.260698 -11.181451 5.711943 7.549793 0.000001 0.000004 -0.000006 -0.688650 1.145612 -9.988544 1.579074 8.685648 -18.849389 -2.471362 3.288453 -0.620546 -0.000002 -0.000000 0.000000 -0.348946 0.204083 -0.864761 0.715393 0.133206 4.114223 -1.659340 -8.133658 -4.106246 0.000000 0.000002 -0.000004 -0.547505 -0.416254 0.818103 1.095416 0.105583 3.264167 -1.246268 6.501214 9.391357 0.000001 0.000002 -0.000000 
17.102716 108.374619 -4.925749 0.316451 0.089324 -4.282472 -2.866770 0.263499 -0.792533 2.467852 0.015295 0.519297 -2.077010 -0.896332 0.962803 1.955737 -1.998375 0.710157 0.000000 -0.000000 0.000000 -4.785738 -5.472745 9.572882 -4.283464 -13.702622 15.828031 -12.675148 4.375852 11.075436 -0.000004 -0.000001 -0.000004 -0.612432 1.498426 -10.363537 2.370707 10.154526 -20.678068 -3.090538 3.046169 -1.515240 -0.000002 -0.000001 0.000002 -0.709791 0.240346 -0.687942 0.379074 0.615458 4.603491 -1.830733 -9.020587 -4.374022 -0.000000 0.000003 -0.000002 -1.012907 -0.520802 0.967109 1.254626 -0.171419 3.966494 -2.096028 7.107643 10.407299 0.000001 0.000004 -0.000000 
17.444193 108.466400 -5.097671 0.096454 0.911772 -5.108221 -3.058130 0.219811 -0.771272 0.300107 -0.713849 0.661368 0.257764 -0.300430 1.283055 1.758441 -2.567876 0.637748 -0.000001 0.000002 0.000000 -5.071275 -5.817511 9.923473 -4.037886 -15.055964 16.589087 -14.485361 2.813566 14.849697 0.000003 -0.000001 -0.000000 -0.583229 1.645543 -10.540794 1.974890 9.242121 -22.991230 -3.598595 4.188187 -2.535490 -0.000002 -0.000001 0.000000 -0.537914 -0.069075 -0.353987 0.561174 0.973204 5.207270 -1.596546 -9.677081 -4.470276 -0.000001 -0.000002 -0.000004 -0.967876 -0.306165 1.502168 0.588700 -0.681066 4.670172 -1.948392 6.224555 9.296297 -0.000000 0.000002 -0.000000 
17.769703 108.554733 -5.283617 -0.781211 2.000206 -5.757936 -2.198962 0.253951 -0.548951 -1.142712 -1.151031 0.562598 1.497080 -0.829078 1.537974 1.902039 -2.459991 0.632440 0.000001 0.000000 -0.000000 -5.661259 -4.223843 10.368476 -2.725023 -16.564611 17.205163 -15.343940 2.358185 18.477784 -0.000001 -0.000005 -0.000003 0.488695 2.375716 -10.490570 2.393262 8.159698 -24.608987 -3.446586 3.546581 -4.068616 0.000000 -0.000003 0.000003 0.599678 -0.130209 -0.346129 0.473436 1.061546 6.180812 -1.884572 -10.750259 -4.926493 -0.000000 0.000001 -0.000001 -0.337595 -0.277031 1.929564 0.850804 -0.888100 5.358982 -2.606863 6.471409 9.445706 0.000001 0.000002 0.000001 
18.067345 108.617493 -5.459949 -1.026714 2.898295 -6.518102 -2.502205 0.407178 -0.592694 -0.142676 -1.101716 0.925256 1.073083 -1.837502 1.579340 0.559531 -3.674186 0.389990 0.000001 -0.000000 0.000001 -7.037499 -4.676716 10.208798 -3.820380 -18.013910 16.573077 -16.708582 -1.753018 21.608741 0.000001 -0.000005 -0.000001 -1.234194 1.740895 -10.465585 2.301966 10.151572 -25.553133 -3.841111 4.935696 -5.766285 0.000001 0.000001 -0.000001 1.292814 -0.016926 -0.200710 -0.897172 1.172658 6.920040 -2.102304 -13.169295 -6.166837 0.000000 0.000001 -0.000002 -0.059098 -0.478014 2.507928 2.127059 -0.342435 6.400780 -3.238634 7.181284 10.793447 -0.000001 0.000002 0.000001 
18.351460 108.666794 -5.644778 -1.064943 3.447271 -7.417118 -2.857680 0.392292 -0.494480 1.192208 -0.917537 1.591834 0.274924 -2.272885 1.453226 0.059860 -4.338501 0.197419 -0.000001 0.000000 -0.000001 -7.663603 -4.712833 9.993422 -4.259618 -18.373098 16.451605 -17.032974 -6.046377 25.111223 -0.000004 -0.000003 -0.000004 -2.336055 0.874702 -10.126370 2.559421 10.829031 -26.956084 -3.716884 6.667497 -7.969851 0.000002 -0.000001 0.000002 0.832829 -0.143367 0.123199 -0.816555 1.185568 7.297334 -2.369995 -13.714187 -6.444790 0.000001 0.000003 -0.000001 -0.091983 -0.345306 2.975304 3.169560 0.028253 7.758183 -3.872824 6.661391 10.395851 -0.000000 0.000004 -0.000001 
18.615078 108.700668 -5.831698 -1.465825 4.446539 -8.036524 -2.348177 0.464225 -0.273226 1.324010 -1.162262 2.074462 0.055366 -2.856614 1.177366 -0.630698 -4.855528 0.364055 -0.000001 0.000004 -0.000000 -7.945889 -5.235262 9.911838 -4.901614 -18.368848 16.031263 -16.861449 -9.643605 27.784655 -0.000001 -0.000003 -0.000004 -3.282019 0.369044 -9.873388 2.491803 11.503340 -27.837075 -3.081103 8.539392 -9.413777 0.000001 -0.000003 -0.000000 1.175604 -0.135354 0.101127 -0.818604 1.158343 8.172292 -2.700934 -14.094960 -6.749090 0.000000 0.000002 -0.000003 0.149782 -0.429090 3.492451 3.297144 0.170080 8.336484 -4.250762 6.290725 10.280769 0.000001 0.000007 -0.000000 
18.868008 108.728775 -6.030652 -1.756442 5.957684 -8.812662 -1.818530 0.513908 0.001462 0.527315 -1.670595 2.494676 0.624767 -3.992797 0.957991 -0.556717 -5.166038 0.723977 -0.000001 0.000002 0.000000 -8.404660 -4.925521 9.738165 -4.927403 -18.620568 15.338988 -16.450536 -13.683178 31.359072 -0.000004 -0.000003 -0.000002 -3.664537 0.468530 -9.539174 1.454313 9.976243 -28.870872 -1.848851 11.225629 -11.850218 0.000000 -0.000003 0.000004 1.848995 -0.320609 0.023080 -0.441001 0.958339 9.502759 -3.258785 -15.456457 -7.452728 0.000000 0.000002 -0.000003 0.277243 -0.433393 4.146804 3.466252 0.217798 9.207562 -3.985820 5.740053 9.361454 0.000001 0.000002 0.000001 
19.114479 108.739998 -6.239765 -2.496733 7.046148 -9.579095 -1.552039 0.487680 0.247050 0.695206 -1.865938 2.921409 0.664554 -4.251165 0.888384 -0.448346 -5.800643 0.948424 -0.000000 0.000005 0.000001 -7.607099 -4.775006 9.854954 -4.345470 -17.690241 15.577201 -15.749844 -15.775978 36.278768 -0.000003 -0.000003 -0.000002 -3.603133 -0.086752 -8.703924 2.054496 8.541042 -30.306823 -0.426037 11.755284 -15.897974 0.000000 -0.000000 0.000004 2.535822 -0.172041 -0.260379 0.845563 0.624211 11.605381 -4.906107 -15.970511 -8.115971 -0.000000 0.000003 -0.000002 0.263217 -0.642600 4.551251 4.150681 -0.025120 10.141058 -4.768239 6.630134 9.723982 -0.000000 0.000006 0.000001 
19.336626 108.747383 -6.440939 -3.277563 5.254942 -10.131566 -0.823698 0.321657 0.553090 -0.138210 -1.807403 2.832293 0.856359 -3.049228 1.056340 1.299896 -4.251987 1.548650 0.000001 -0.000003 -0.000001 -6.436332 -3.669553 9.936785 -3.036517 -15.464858 16.868756 -15.674792 -15.225282 40.672926 0.000001 0.000000 -0.000000 -0.938526 1.785979 -8.179136 2.007304 4.995895 -31.350008 -0.002871 11.215604 -19.028441 0.000000 -0.000001 0.000004 0.829424 -0.357117 0.241096 5.865657 -0.080481 11.677934 -2.448874 -8.279355 -3.656632 -0.000000 -0.000000 -0.000001 0.256252 -0.302752 4.079313 2.637268 -0.891726 10.463697 -2.871010 3.338779 4.447531 -0.000000 0.000004 0.000001 
19.553616 108.736580 -6.647543 -2.612157 4.187613 -10.660807 -2.851844 0.055642 0.275621 0.855399 -1.527424 3.224292 0.818294 -1.399030 1.243532 2.666997 -3.988545 2.426523 0.000000 -0.000001 -0.000002 -5.409199 -3.512183 9.997806 -2.447042 -13.924508 17.665198 -16.771475 -14.454815 44.985631 -0.000002 -0.000001 -0.000002 -1.003666 0.571617 -7.711407 3.115089 3.972689 -32.394696 0.893438 11.088662 -22.698471 -0.000001 -0.000002 0.000000 -1.159088 -0.219580 0.088168 7.766319 -0.427914 12.337182 -1.067237 -3.817943 -1.288947 -0.000000 -0.000002 -0.000002 -1.316788 -0.417821 3.676676 2.556828 -1.167871 11.339345 -2.321482 1.723073 1.710074 0.000001 0.000004 0.000000 
19.756578 108.707138 -6.858567 -2.438976 3.726121 -11.233069 -3.586062 -0.028714 0.220498 0.720479 -1.650534 3.390582 1.276192 -0.409356 1.486905 3.026947 -4.026983 2.751916 0.000001 0.000002 0.000000 -4.999441 -3.868526 9.578939 -2.811005 -12.842820 17.661858 -16.293365 -16.387490 48.518805 -0.000000 -0.000001 -0.000004 -1.253754 0.605100 -6.813226 3.481811 3.948709 -33.882540 1.275109 11.804580 -25.705777 0.000000 0.000001 0.000004 -2.157093 -0.220696 -0.141001 8.294246 -0.390993 13.273569 0.055515 -1.636470 -0.141184 -0.000000 0.000004 -0.000000 -1.862476 -0.460907 3.657194 2.667100 -1.261775 12.075874 -2.358388 0.967711 0.688790 -0.000000 0.000002 0.000000 
19.941578 108.673752 -7.066376 -2.709322 3.746255 -11.688687 -3.728581 -0.043188 0.334138 0.320268 -1.853729 3.510350 1.816422 -0.044115 1.600852 3.413040 -3.900309 2.865429 -0.000001 0.000000 -0.000000 -5.304089 -3.881698 9.217381 -2.914318 -13.163234 16.785485 -14.806604 -19.555720 50.983274 0.000003 -0.000001 -0.000004 -1.406935 1.230975 -6.253697 3.438216 4.334396 -34.577744 1.606302 13.300263 -27.778262 -0.000002 -0.000001 0.000000 -2.713726 -0.327967 -0.295179 9.884423 -0.562965 14.096780 -0.042499 -0.221211 0.493154 0.000001 0.000003 -0.000004 -1.718023 -0.391151 3.921352 2.742672 -1.195679 12.468235 -2.521836 0.335751 -0.003439 0.000000 0.000004 -0.000000 
20.120199 108.633820 -7.278960 -3.280388 4.144913 -12.293786 -3.236093 -0.026942 0.695079 -0.067091 -2.029880 3.693059 2.205991 -0.901461 1.514537 3.444518 -4.009163 3.045941 -0.000000 0.000005 -0.000000 -5.397876 -3.441912 8.812200 -2.647338 -12.370013 16.445108 -13.556291 -21.584477 54.793864 -0.000003 -0.000003 -0.000006 -0.966201 1.750118 -5.893577 2.603589 2.573006 -35.423478 2.670024 14.046580 -31.101953 0.000000 -0.000003 -0.000004 -2.884694 -0.428288 -0.324920 11.441512 -0.785671 14.890991 -0.051058 0.985948 1.061742 -0.000003 0.000003 -0.000001 -1.554898 -0.253480 4.180073 2.888082 -1.046695 13.281178 -3.084611 0.013679 -0.482802 -0.000002 0.000000 0.000000 
20.290194 108.586052 -7.493271 -4.077740 5.133894 -12.767106 -2.416364 0.017261 0.947997 -0.014977 -2.199884 3.850890 1.815801 -1.463915 1.453320 2.643559 -4.773714 3.355212 0.000002 -0.000002 0.000001 -5.100106 -3.010255 8.558747 -2.038032 -12.834674 15.567743 -12.352472 -23.337715 59.058576 -0.000007 -0.000003 -0.000002 -0.530134 2.388400 -4.992570 3.978938 3.404056 -36.686766 1.408133 11.869027 -33.835521 0.000000 -0.000004 0.000003 -2.196672 -0.204759 -0.778898 11.123885 -0.732202 16.278818 -1.041608 0.245958 0.581762 0.000000 0.000003 -0.000002 -1.161981 -0.477793 4.187334 3.274010 -1.212214 14.425551 -3.794762 0.305384 -0.551621 -0.000000 0.000000 -0.000001 
20.456825 108.532364 -7.719495 -4.040707 5.062040 -13.043182 -2.850834 -0.001901 0.924441 0.543746 -2.096037 4.015215 1.606805 -1.311583 1.533433 1.981922 -5.416334 3.299488 0.000001 -0.000002 -0.000000 -5.195883 -3.101947 8.250700 -2.076010 -12.572720 14.817383 -10.425998 -25.560164 62.255173 -0.000004 -0.000001 -0.000000 -0.795083 2.408746 -4.590266 4.841087 4.311547 -37.701135 1.077837 11.307287 -35.202631 -0.000001 -0.000001 0.000000 -2.674492 -0.170273 -1.091010 11.407463 -0.566493 16.974202 -1.069049 -0.304418 0.390454 -0.000001 0.000002 -0.000003 -1.507344 -0.516789 4.097098 3.421035 -1.400154 15.017247 -3.903078 0.232746 -0.920585 -0.000000 0.000002 -0.000000 
20.615723 108.485931 -7.948529 -4.348676 4.309284 -13.224031 -2.554631 0.042534 0.940260 0.283137 -2.048248 3.719869 1.642509 -0.255171 2.036822 1.342941 -5.816365 3.429085 -0.000001 -0.000002 0.000001 -4.947734 -3.323955 7.517654 -2.303122 -12.692815 13.895894 -8.782392 -28.625290 66.065688 0.000001 0.000000 -0.000000 -0.606783 3.387551 -3.925186 6.981920 6.705721 -39.059130 -0.964484 10.422483 -35.733419 -0.000000 -0.000000 0.000000 -2.971360 -0.217996 -0.965836 11.206174 -0.589991 16.119470 0.717642 -1.987886 -0.046940 0.000000 0.000001 -0.000001 -1.604402 -0.495769 3.805734 3.413969 -1.519568 15.687425 -4.707649 0.607442 -0.474923 -0.000000 0.000002 0.000000 
20.772152 108.447487 -8.196306 -4.820813 4.700248 -13.608762 -1.885857 0.029977 1.199503 -0.596424 -2.257537 3.516577 2.160621 1.093283 2.521872 -0.542701 -6.895839 3.429952 -0.000001 0.000002 -0.000002 -4.350202 -3.658804 7.305287 -1.382695 -12.847640 12.765761 -7.186155 -30.411431 70.705189 0.000001 0.000000 -0.000000 0.569603 5.409042 -2.638706 11.752461 10.959087 -39.861039 -4.284297 7.645230 -37.466811 -0.000002 0.000001 0.000002 -3.401243 -0.363260 -1.794361 12.042277 -0.687383 16.909564 -0.851454 -3.757454 -0.976364 -0.000000 0.000001 -0.000003 -2.446819 -0.492111 3.705573 4.505627 -1.194347 16.826909 -6.000566 0.941295 -0.130308 -0.000000 0.000002 -0.000000 
20.921894 108.410881 -8.431476 -5.178783 5.233399 -13.912015 -1.166918 0.002970 1.546449 -0.009419 -2.034484 3.628033 1.119025 2.534075 2.675280 -0.000723 -7.005052 3.789802 0.000002 -0.000001 -0.000002 -3.305901 -4.540446 7.222462 -0.334044 -12.870662 12.327586 -5.583046 -31.317678 74.393895 0.000002 0.000000 -0.000002 1.505257 6.669726 -1.483403 17.898816 17.234429 -38.796127 -7.121119 5.390645 -42.373363 0.000003 -0.000000 0.000000 -2.905533 -0.534173 -2.633829 12.407308 -0.667440 17.708519 -2.962725 -5.320097 -1.902857 0.000001 0.000003 -0.000001 -2.844182 -0.487191 3.702013 4.826783 -1.223780 17.493737 -6.526842 0.299017 -1.348179 -0.000001 0.000002 0.000000 
21.083923 108.373352 -8.708282 -5.677812 5.491189 -14.330355 -0.632311 -0.031381 1.853623 0.342617 -1.951320 3.744128 0.123072 3.603007 2.919754 -2.753183 -8.156167 3.465159 -0.000000 0.000002 -0.000000 -1.889913 -6.300826 7.498462 0.156640 -11.733098 11.185418 -2.387935 -32.778781 78.154993 0.000001 -0.000003 -0.000002 3.541853 10.165435 -0.142708 22.571871 22.607089 -36.738092 -7.533233 5.400088 -48.495081 -0.000003 0.000002 0.000001 -3.240612 -0.472276 -3.613798 12.451224 -0.546167 17.992615 -6.677970 -7.258596 -3.361158 -0.000001 0.000003 -0.000003 -2.853318 -0.588333 3.806528 4.541441 -1.734261 18.025877 -7.194389 0.311683 -1.915083 0.000001 0.000002 -0.000000 
21.249687 108.339386 -9.014757 -5.349663 5.441129 -14.652871 -0.017388 0.025292 2.113706 -0.028636 -1.968514 3.406207 -0.344082 5.675438 3.652888 -5.794944 -9.109931 2.938218 -0.000000 0.000000 -0.000000 -1.557255 -7.150051 7.376434 0.396889 -12.290931 10.172935 2.961595 -35.283258 81.132839 -0.000003 0.000000 -0.000005 4.657179 13.556831 1.856143 25.695165 27.994830 -34.057533 -4.364251 7.893431 -53.094134 -0.000003 0.000001 0.000000 -4.920288 -0.330371 -5.052445 12.162594 -0.524510 18.175803 -9.850061 -9.205970 -4.988211 -0.000002 0.000000 -0.000004 -3.675172 -0.791455 3.809887 5.370966 -1.431999 18.598610 -8.276775 0.810679 -1.047315 -0.000000 0.000002 -0.000000 
21.410236 108.310753 -9.328050 -4.987136 5.808423 -14.867235 -0.264201 -0.109037 2.353187 0.790042 -1.661109 3.464873 -1.536001 6.271756 3.796429 -6.336220 -9.057521 2.757808 0.000001 -0.000002 -0.000000 -1.091064 -7.060284 7.331272 1.631179 -12.731800 9.904567 3.422065 -34.837848 84.013970 0.000001 0.000000 -0.000005 5.474521 15.115050 3.259985 28.969605 31.685900 -32.900017 -3.685870 7.748189 -57.840965 0.000002 0.000006 -0.000001 -6.113608 -0.179482 -6.506530 10.786180 -0.020315 18.798414 -12.536051 -11.122762 -6.559858 -0.000001 0.000003 -0.000003 -3.898847 -0.851452 3.826578 5.131332 -1.961620 18.985066 -8.128672 0.620330 -1.591678 -0.000001 0.000000 -0.000001 
21.536285 108.286598 -9.586355 -6.029078 6.906767 -15.384532 1.553481 0.019448 3.376940 0.743801 -1.773956 3.520912 -2.299365 6.722779 3.781435 -6.983950 -9.351820 2.770927 -0.000001 -0.000001 -0.000001 -0.639352 -7.286439 6.531594 2.034900 -13.418521 9.423774 9.537388 -36.642353 86.896221 -0.000001 0.000002 -0.000002 5.644541 16.199913 4.610004 32.011075 35.633732 -32.831517 -0.677242 8.764874 -59.891408 -0.000000 0.000001 -0.000003 -6.658540 -0.024521 -8.143144 12.037863 0.307205 19.781201 -15.892684 -12.002992 -7.853716 0.000001 0.000001 -0.000002 -2.788213 -0.979162 4.303900 5.876018 -2.089217 19.759787 -8.599553 0.861998 -1.719287 -0.000001 0.000000 -0.000001 
21.647736 108.260567 -9.824230 -6.550690 7.923269 -15.911358 2.813411 0.122841 4.127698 0.391754 -1.989603 3.556747 -2.520251 7.193963 3.828991 -8.800040 -10.780806 2.951353 -0.000000 -0.000002 -0.000000 -0.557329 -7.444430 5.929063 2.242275 -13.636048 8.634600 14.333647 -37.862348 90.790010 0.000001 -0.000003 -0.000001 5.736224 17.686707 6.296280 34.179141 39.042481 -32.232342 2.601982 9.759436 -62.109075 -0.000000 0.000001 -0.000001 -6.746801 -0.059961 -10.052509 11.729356 0.722443 20.651775 -19.431029 -13.017436 -9.336221 -0.000000 0.000002 -0.000003 -2.662214 -1.128642 4.616577 6.233430 -2.189837 20.571377 -8.910281 0.537674 -2.292507 -0.000002 0.000001 -0.000000 
21.750137 108.232834 -10.069504 -6.709562 7.730995 -16.001292 3.433670 0.170003 4.229151 0.162444 -1.915968 3.279751 -2.571041 8.116695 4.331902 -10.688535 -12.061826 3.278938 0.000001 -0.000002 -0.000000 -0.179946 -6.768586 5.637137 3.112319 -13.552442 8.832491 16.766941 -37.684257 93.775219 -0.000001 0.000004 -0.000001 6.236152 18.380068 7.251439 36.301100 40.708023 -32.317050 3.770562 9.063962 -63.258576 0.000000 -0.000001 0.000002 -8.412798 0.202117 -11.436952 11.326350 0.929868 20.615466 -20.686847 -13.226529 -9.657309 0.000002 0.000000 -0.000005 -2.871058 -1.181454 4.353789 6.943366 -2.184757 21.266865 -9.294860 0.759594 -2.155600 -0.000001 0.000002 0.000001 
21.842442 108.209534 -10.317609 -7.593196 7.711628 -16.151861 5.013838 0.345478 4.591899 0.035714 -1.733838 3.063313 -2.732433 8.921921 4.647663 -9.837118 -11.985236 4.168005 -0.000001 -0.000001 -0.000001 0.918195 -6.905590 5.179146 4.590060 -13.373761 9.622329 16.850498 -36.568276 96.333131 -0.000002 0.000005 -0.000001 6.984451 19.586413 8.559356 37.832565 41.321217 -31.590834 5.042051 8.284742 -64.805265 0.000000 -0.000003 -0.000000 -9.825962 0.323633 -12.794961 11.831479 1.069011 19.906322 -21.610281 -13.084629 -9.461075 0.000004 -0.000001 -0.000001 -2.132247 -0.994264 4.342618 7.700305 -2.121845 22.005908 -9.620429 1.086494 -2.160306 -0.000000 0.000004 -0.000000 
21.924809 108.180412 -10.559141 -7.637856 6.993504 -16.378625 5.592248 0.443915 4.675571 -1.333099 -2.116664 2.774137 -2.149196 11.666873 5.312558 -8.643099 -12.614360 5.314320 0.000001 0.000000 -0.000001 1.777033 -8.230772 4.669444 4.623774 -13.816419 9.463874 22.291069 -37.676935 99.118326 -0.000001 -0.000003 -0.000001 6.040925 19.096104 9.786577 38.781722 44.380547 -29.659902 8.321361 9.741509 -63.159244 0.000001 -0.000004 0.000003 -12.393914 0.862708 -14.021411 11.949738 1.342156 18.827717 -22.019995 -12.975433 -9.168895 0.000003 0.000001 -0.000001 -2.340549 -1.126585 4.024186 8.494332 -2.388769 22.817043 -10.130011 1.123683 -2.794090 -0.000001 0.000000 -0.000000 
22.002062 108.156639 -10.806168 -8.278405 6.922712 -16.341183 5.852689 0.505649 4.632979 0.823986 -1.452530 3.051121 -3.897706 11.238315 5.290483 -6.902790 -12.048221 5.837967 -0.000000 -0.000001 -0.000001 1.688783 -7.886973 3.853698 4.695705 -14.317342 9.191831 27.584330 -38.357557 100.951330 -0.000000 0.000000 -0.000000 6.615083 21.167764 10.372744 38.194841 45.615654 -27.929963 10.555128 10.655922 -62.210852 -0.000001 -0.000003 0.000003 -13.658963 1.241156 -15.069274 11.928696 1.777637 18.128895 -22.555981 -13.110736 -9.184242 0.000003 0.000002 -0.000004 -1.930654 -1.202371 3.655235 9.471008 -2.418034 23.601244 -11.273877 1.381133 -2.705003 0.000001 0.000005 0.000000 
22.053329 108.123329 -11.025721 -8.752775 6.679696 -16.505420 5.839979 0.533474 4.678569 1.001215 -1.285787 2.859020 -3.626620 12.277011 5.696734 -5.773027 -12.070867 6.274923 0.000000 -0.000001 -0.000000 1.864435 -8.263155 3.362284 4.809591 -14.547307 8.764100 30.576585 -38.511287 103.894158 -0.000000 0.000000 -0.000002 6.081848 20.977864 10.964982 37.927969 48.293440 -25.128377 13.721400 12.076787 -62.212696 -0.000003 -0.000004 -0.000002 -15.690572 1.696523 -16.084016 11.020808 1.967252 17.112388 -21.554492 -12.896942 -8.717677 -0.000000 0.000002 -0.000004 -1.478890 -1.156880 3.448246 10.390270 -2.221496 24.468845 -11.959335 1.503459 -2.739248 -0.000000 0.000002 0.000000 
22.089066 108.076759 -11.219359 -9.365742 5.411781 -16.639796 7.166332 0.788807 4.678768 -0.141324 -1.482340 2.404808 -3.240713 13.768721 6.208377 -4.178822 -12.214750 7.006975 0.000002 -0.000001 -0.000002 1.866723 -8.515430 2.998318 4.514385 -14.222283 7.852563 33.596898 -38.776934 107.248443 0.000004 0.000002 -0.000003 5.739680 21.152718 11.508094 37.592740 51.213435 -22.406244 17.475698 14.072268 -63.570866 -0.000002 -0.000003 -0.000000 -18.035512 2.321888 -16.887492 10.843535 2.048246 16.226648 -22.205944 -11.965749 -8.316301 -0.000002 -0.000001 -0.000000 -1.021017 -1.083303 3.013775 11.277573 -1.728681 25.240734 -12.989881 2.156982 -1.602354 0.000000 0.000002 -0.000000 
22.116083 108.025734 -11.400207 -11.088020 5.234455 -16.841223 9.169045 1.114653 4.959933 0.033748 -1.578022 2.552154 -4.264500 14.264365 6.163725 -2.369493 -11.821126 7.892784 0.000001 0.000000 -0.000001 1.453337 -7.946965 2.427645 4.173196 -14.483420 6.740144 37.136548 -39.368264 108.711155 0.000004 -0.000001 -0.000000 5.302094 21.075985 11.770592 38.172271 54.288454 -21.229756 20.476999 15.809747 -64.640582 -0.000004 0.000002 0.000002 -18.500817 2.612324 -17.308855 9.668521 2.297110 15.753321 -21.227695 -12.053029 -8.138481 0.000001 0.000001 -0.000003 1.027667 -1.092817 2.991310 11.997950 -1.405507 25.747308 -11.979908 1.706651 -2.089626 -0.000000 0.000000 0.000000 
22.124577 107.967422 -11.555796 -11.013301 4.158872 -17.126981 8.614205 1.079846 4.997983 0.504928 -1.350640 2.267401 -4.224355 15.522968 6.554506 -2.440056 -12.570985 8.142393 -0.000000 -0.000003 0.000000 1.387579 -8.422195 2.101223 3.408946 -14.877067 5.934905 43.855477 -40.192627 110.229793 0.000002 -0.000003 0.000001 4.451647 21.377208 13.116990 35.583906 57.095163 -16.517236 24.303801 18.151127 -63.697969 -0.000005 -0.000001 0.000000 -21.149712 3.451896 -17.990090 9.911903 2.097160 15.115193 -20.615562 -10.881250 -7.360468 0.000002 -0.000001 -0.000000 1.320607 -1.245752 2.811014 12.368561 -1.115407 26.174840 -12.754622 1.895688 -1.853590 -0.000000 0.000004 0.000000 
22.120308 107.902832 -11.707769 -11.335205 4.043806 -17.575684 8.539255 1.105956 5.263744 1.662426 -1.010664 2.338549 -4.555137 15.298333 6.674837 -2.464853 -12.780365 8.047492 0.000000 0.000000 -0.000000 0.919889 -8.035728 1.641762 2.764513 -14.780420 5.209787 49.068608 -40.632187 112.424128 -0.000002 0.000002 -0.000003 4.488809 23.218209 14.108555 34.041093 58.184913 -14.385545 27.814905 19.911427 -65.046063 -0.000003 -0.000000 0.000000 -23.152569 4.134290 -18.662619 10.249050 2.301482 14.331349 -19.842898 -10.447865 -6.853228 -0.000003 0.000000 -0.000004 1.859842 -1.401500 2.942613 13.038736 -1.094394 26.897358 -13.306173 2.208905 -1.768215 -0.000001 0.000002 -0.000001 
22.106186 107.832787 -11.845850 -11.638960 4.011855 -18.034040 8.575675 1.132839 5.550864 2.542647 -0.799389 2.490615 -5.220705 15.206356 6.578483 -2.310035 -12.949217 8.201561 0.000000 0.000000 -0.000000 0.525272 -7.670721 1.643193 2.581130 -15.069530 4.334091 53.109983 -40.906549 113.952643 0.000001 0.000002 -0.000003 4.187483 23.684128 14.742806 32.483724 59.590832 -11.600754 30.132172 21.127001 -65.328219 0.000002 -0.000004 -0.000000 -24.608560 4.616408 -19.109918 11.242708 2.260493 13.990304 -20.388514 -10.069084 -6.659524 0.000001 -0.000000 -0.000002 2.377309 -1.512561 3.402776 13.391837 -1.064594 27.046067 -13.381535 2.458402 -1.403503 0.000002 0.000002 -0.000000 
22.095207 107.758934 -12.000650 -11.501738 3.537428 -18.371886 8.524772 1.102108 5.604317 3.307004 -0.729746 2.757377 -6.018693 15.369172 6.553902 -3.560734 -13.722918 7.953526 0.000001 -0.000006 0.000002 -0.295613 -5.823013 1.347259 3.062842 -16.980916 3.514468 55.129025 -40.993183 115.005318 -0.000001 -0.000003 -0.000001 4.284334 24.506215 15.190476 32.007947 60.563253 -10.496950 32.510498 22.070284 -66.663350 -0.000003 -0.000001 0.000002 -26.485433 5.343152 -19.754526 12.743162 2.184703 13.507750 -20.584308 -8.937155 -6.010187 -0.000001 0.000001 0.000000 1.974028 -1.788409 3.479553 14.386670 -0.784362 27.210044 -12.958740 2.240773 -2.001743 0.000001 0.000000 0.000000 
22.072262 107.670807 -12.136129 -12.502566 5.354494 -18.948989 10.931124 1.437163 6.796149 1.486847 -1.493151 2.884624 -5.865491 15.881501 6.177586 -2.756909 -14.146853 8.665362 0.000001 -0.000001 0.000000 0.381260 -7.124807 1.104903 2.917963 -15.962109 2.880010 58.269990 -41.046862 115.328741 0.000001 -0.000001 -0.000004 3.273818 22.828087 16.057775 29.318164 62.088127 -5.659963 35.692226 23.288930 -66.637101 0.000000 -0.000000 0.000000 -25.689776 5.375113 -21.380422 12.464366 2.674301 14.438272 -20.758113 -10.140041 -6.701826 -0.000003 -0.000002 -0.000005 3.700032 -1.799283 4.391837 13.679183 -1.456956 27.760025 -12.718985 2.123712 -2.292095 -0.000000 0.000002 0.000000 
22.043983 107.588150 -12.257475 -12.700343 5.652823 -19.200567 11.755363 1.499914 7.218595 1.080095 -1.639955 2.871041 -5.870325 16.181983 6.074414 -2.398346 -14.221201 9.084453 0.000000 0.000000 -0.000000 0.699453 -7.152164 1.018025 2.951915 -14.764468 2.601041 59.389711 -40.739022 115.996119 0.000001 -0.000001 -0.000002 2.922484 22.106428 16.626441 28.802822 62.880484 -3.955762 38.077236 23.778928 -67.545592 0.000002 -0.000000 -0.000003 -26.511115 5.733930 -22.007283 13.279348 2.782363 14.597339 -21.045449 -10.387771 -6.838606 -0.000002 0.000007 -0.000003 4.091387 -1.823305 4.482168 13.789991 -1.631859 28.285126 -12.681109 2.033808 -2.585666 0.000000 0.000002 -0.000001 
22.008011 107.492554 -12.373213 -13.328671 4.398042 -19.549221 12.619345 1.653186 7.093199 1.280190 -1.495831 2.758720 -6.330283 17.582802 6.567774 -2.872390 -14.376133 9.157772 0.000001 -0.000001 -0.000002 0.743408 -7.065599 0.924039 3.345929 -14.302055 2.239711 61.186877 -40.620573 115.695837 -0.000002 -0.000003 0.000001 2.653737 21.809436 17.210642 28.224357 62.865437 -2.512339 38.886517 23.756692 -67.029393 -0.000001 -0.000004 -0.000000 -28.644958 6.278728 -21.277395 14.124585 2.907213 13.969039 -20.195165 -9.400123 -5.895083 -0.000001 0.000001 0.000000 4.687137 -1.721250 4.394051 15.013903 -1.152914 28.463972 -13.576254 2.748675 -1.545578 -0.000000 0.000000 0.000000 
21.984886 107.388702 -12.489326 -13.856095 3.339003 -19.790794 13.786293 1.896943 7.201631 0.381876 -1.530858 2.342456 -6.102297 18.484973 7.085484 -4.037933 -14.797987 8.571705 -0.000000 0.000002 0.000000 0.103022 -5.563450 0.523986 3.972117 -14.492965 1.460801 62.931744 -40.222581 116.370140 -0.000000 -0.000003 -0.000002 2.846725 22.195796 17.504668 28.905214 62.854351 -2.858829 39.362121 23.828553 -66.620497 -0.000000 0.000004 -0.000001 -30.809030 6.717616 -20.738037 16.552105 2.732669 13.223190 -20.310922 -8.102464 -4.954595 -0.000000 -0.000001 -0.000000 5.931203 -1.457134 4.352613 15.126625 -1.337737 28.421414 -12.970715 3.340317 -0.666058 0.000001 0.000000 0.000000 
21.961105 107.291672 -12.595833 -14.288193 3.095602 -19.900661 14.168888 1.988221 7.231686 0.028540 -1.605061 2.346872 -5.861074 18.581735 7.225857 -4.265674 -14.798573 8.368431 -0.000000 -0.000001 -0.000000 -0.082859 -4.717132 0.204965 4.346778 -14.373698 0.907439 64.912301 -39.823742 117.371091 0.000001 0.000000 -0.000004 3.086256 22.975925 18.098350 29.663604 62.728512 -3.530702 39.680288 23.784928 -66.244434 0.000001 -0.000000 0.000000 -31.711636 6.916866 -20.798076 17.357502 2.890910 13.252731 -20.378530 -7.962296 -4.762893 0.000001 -0.000000 -0.000002 7.016792 -1.286087 4.509412 15.043668 -1.637368 28.133681 -12.723673 3.805105 -0.066771 0.000001 0.000002 0.000000 
21.944487 107.201637 -12.705330 -14.552842 2.396900 -20.122658 14.133095 1.977975 7.213549 0.480135 -1.491371 2.451025 -6.101724 18.272426 7.285583 -4.233552 -14.403090 8.238937 0.000001 -0.000001 -0.000000 -0.173851 -4.045396 -0.107978 4.490164 -13.675866 -0.043999 67.321213 -39.522811 118.262157 -0.000001 -0.000005 -0.000004 3.521275 24.295266 18.462679 29.762771 62.858074 -3.231252 39.988166 23.797212 -65.983835 -0.000001 -0.000001 0.000000 -33.148219 7.296199 -20.574927 18.595427 2.768132 13.100520 -20.244203 -7.696027 -4.481656 0.000000 0.000003 -0.000002 7.418918 -1.238917 4.331717 15.329448 -1.597032 28.467897 -13.067455 4.359281 0.741247 0.000000 0.000002 -0.000000 
21.940220 107.126411 -12.814556 -15.017723 1.702465 -20.340554 14.025951 1.925558 7.223010 0.538776 -1.485759 2.517521 -6.093594 18.639381 7.417053 -3.924407 -14.292912 8.403114 -0.000000 0.000000 -0.000000 -0.122340 -3.437859 -0.365901 4.894967 -12.816081 -0.953891 70.127157 -39.057194 118.931174 -0.000000 -0.000005 -0.000004 3.456668 24.392347 19.246633 29.699213 63.812805 -1.846694 40.868700 23.878440 -65.526151 0.000003 -0.000000 0.000004 -34.193348 7.540501 -20.149861 18.651761 2.984414 12.497656 -19.549618 -7.497381 -4.019675 -0.000002 0.000002 -0.000002 7.786747 -1.178708 3.809396 15.844015 -1.651092 29.175658 -13.590506 4.945317 1.463495 0.000001 0.000002 0.000000 
21.937681 107.050964 -12.926432 -15.085967 1.263040 -20.505001 14.087520 1.942081 7.264251 0.120246 -1.703294 2.585344 -5.861834 19.386696 7.470408 -4.427134 -14.679373 8.352131 0.000001 -0.000003 -0.000000 -0.144629 -3.615508 -0.528234 4.928901 -12.574244 -1.898673 72.173120 -39.074696 119.051959 0.000001 -0.000003 -0.000001 3.046478 23.875201 19.689525 28.165895 64.826220 0.766854 42.336043 24.543791 -65.087099 0.000002 -0.000000 0.000000 -35.211032 7.830352 -20.087510 19.255649 3.010830 12.173800 -19.548182 -6.892986 -3.619606 -0.000001 0.000003 -0.000001 7.890080 -1.164688 3.467382 15.943444 -1.621368 29.779092 -13.440872 4.516804 0.782804 -0.000002 0.000000 0.000000 
21.938015 106.980438 -13.036749 -15.042196 0.724892 -20.854953 14.043226 1.909884 7.401383 0.257899 -1.653488 2.610604 -6.046349 20.326356 7.621221 -4.557258 -15.046944 8.563160 0.000003 -0.000005 -0.000001 0.022263 -3.954415 -0.516768 5.302149 -12.329326 -2.786726 73.647246 -38.894563 118.964956 -0.000001 -0.000002 0.000005 2.546276 22.570929 19.883412 28.805725 66.935806 1.488072 42.909021 24.506673 -64.826336 -0.000003 -0.000001 -0.000003 -36.312301 8.154577 -19.922545 19.898960 3.107949 11.759802 -19.502430 -6.629410 -3.463224 -0.000002 -0.000001 0.000000 7.630959 -1.232684 3.246299 16.359241 -1.583097 30.513624 -13.361870 4.441727 0.681351 -0.000000 0.000000 0.000000 
21.936161 106.900658 -13.146500 -15.346774 0.446581 -21.160158 14.797245 2.039725 7.413193 0.172304 -1.668831 2.614537 -6.041755 20.235224 7.683454 -4.621400 -14.930694 8.470756 0.000001 0.000004 0.000001 -0.056373 -3.590604 -0.545616 5.517859 -11.329971 -3.523546 74.976557 -38.505485 119.208808 0.000004 0.000000 -0.000003 2.702389 22.835479 20.225882 29.851154 67.737663 0.887011 43.495792 24.326890 -65.010348 -0.000003 -0.000000 -0.000001 -37.082463 8.378348 -19.897048 20.199513 2.999892 11.309121 -19.040672 -6.212034 -3.195361 -0.000001 -0.000001 -0.000000 7.968463 -1.168118 3.196921 16.599033 -1.309716 30.937885 -13.839270 4.454030 0.848375 -0.000001 0.000002 -0.000000 
21.938316 106.821266 -13.252409 -15.414255 -0.119968 -21.344189 15.136034 2.115711 7.366666 -0.427917 -1.810130 2.405673 -5.549939 21.183786 7.907218 -4.912305 -15.365991 8.641728 0.000001 -0.000001 -0.000002 0.065568 -4.169674 -0.634994 5.295292 -10.613798 -3.939863 76.566243 -38.352455 120.039414 -0.000003 -0.000001 -0.000005 2.163693 22.095168 20.496911 28.755294 68.378629 2.605571 45.427072 25.326266 -65.077708 -0.000000 -0.000000 0.000004 -37.937090 8.572310 -19.811029 20.438511 2.895166 10.927408 -19.066857 -5.658921 -2.859105 0.000001 -0.000001 0.000000 8.120420 -1.100039 2.935668 16.792826 -1.106558 31.432029 -13.198296 3.931859 0.092599 -0.000000 0.000000 0.000001 
21.932728 106.743141 -13.348888 -15.728717 -0.220711 -21.658772 15.156868 2.120647 7.351226 -0.299122 -1.979413 2.612575 -5.606888 21.341167 7.921493 -4.171857 -15.182860 9.009366 -0.000000 -0.000001 -0.000001 0.037162 -4.243874 -0.835942 5.032987 -10.644373 -4.936698 80.276306 -38.764728 119.509910 -0.000002 -0.000003 0.000001 1.534482 21.613497 21.114738 24.395472 69.503322 8.291369 45.894753 26.591221 -62.409201 -0.000002 -0.000002 -0.000002 -38.216916 8.790514 -19.874522 19.359210 2.981214 10.902641 -18.193870 -6.035294 -3.090219 -0.000000 0.000001 -0.000003 8.552961 -1.194933 2.992885 16.857038 -0.913071 31.860333 -13.576814 4.014156 0.506355 -0.000000 0.000002 0.000000 
21.916195 106.659584 -13.430887 -16.598242 -0.420047 -22.074316 15.451360 2.169527 7.458321 -0.079810 -1.914644 2.650045 -5.698925 21.495340 7.802676 -3.368544 -15.192835 9.681220 -0.000000 -0.000002 -0.000000 0.487647 -4.579604 -0.803594 5.082614 -9.974545 -5.485159 82.669577 -38.571991 119.983256 0.000003 -0.000003 -0.000006 1.397688 21.347003 21.666139 23.010916 70.314598 10.588773 47.384393 27.491347 -61.539390 0.000002 -0.000001 0.000002 -38.221342 8.800969 -19.728882 18.703389 2.810341 10.429763 -17.393287 -5.465900 -2.724278 -0.000005 -0.000002 -0.000003 9.339149 -1.135509 2.922486 17.310179 -0.391026 32.531590 -14.129717 3.954307 0.559468 -0.000001 0.000002 -0.000001 
21.892162 106.578476 -13.512989 -17.019383 -0.810067 -22.577134 15.742929 2.230398 7.447753 0.112653 -1.825365 2.666590 -5.763113 21.169215 8.019739 -3.348320 -14.940228 9.355862 0.000001 0.000000 -0.000000 0.153387 -4.116194 -0.828510 5.228797 -9.579710 -6.333265 84.285361 -38.303120 120.481258 0.000001 -0.000003 0.000001 1.544068 22.067873 21.892740 22.753561 70.742257 11.129565 47.694507 27.676408 -60.923245 0.000000 -0.000002 0.000004 -38.673931 8.816968 -19.152677 18.429990 2.888941 9.818038 -17.077676 -5.061848 -2.398286 0.000000 0.000000 -0.000004 9.661486 -1.111250 3.164884 17.628515 -0.250923 32.782975 -14.102876 4.115229 0.846222 0.000001 0.000005 -0.000001 
21.860256 106.496460 -13.596645 -17.373022 -1.058888 -22.956440 16.427571 2.342977 7.165846 -0.614801 -2.093791 2.704179 -5.400830 20.948441 8.312907 -2.382782 -14.231423 9.393028 -0.000001 -0.000001 -0.000001 0.041213 -3.566889 -0.763025 5.512010 -9.079716 -6.900559 85.147419 -37.693762 121.538818 0.000002 -0.000003 -0.000004 2.062600 23.796970 22.423409 24.697867 70.587737 8.868774 48.411175 27.882297 -61.413509 -0.000002 -0.000002 -0.000000 -39.186011 8.854250 -18.895305 17.960800 2.805383 9.061947 -16.872657 -4.199214 -1.957741 0.000002 -0.000001 -0.000007 10.056327 -0.986664 3.223501 17.449709 -0.195800 33.381949 -12.992921 3.111676 -0.750095 0.000000 0.000002 -0.000000 
21.821823 106.409866 -13.682360 -17.902023 -1.427924 -23.313920 16.611100 2.367127 7.074038 -0.565427 -2.188966 2.967457 -4.856609 20.507928 8.140109 -1.869458 -13.504789 9.137588 0.000001 -0.000001 -0.000001 0.176682 -3.196509 -0.511319 6.011969 -8.473803 -7.741817 85.630368 -37.785877 120.864350 0.000000 -0.000003 -0.000002 2.507457 24.669909 22.732441 27.317644 71.280769 6.505321 46.019154 27.093200 -59.323540 -0.000000 0.000001 -0.000001 -39.799533 8.912388 -18.539603 17.097767 2.799104 8.611019 -15.660283 -3.724740 -1.467144 0.000001 0.000000 -0.000003 10.253438 -0.891339 3.275197 18.099528 0.331115 33.641974 -12.757661 2.914198 -1.214611 -0.000001 0.000001 -0.000001 
21.781450 106.328064 -13.761398 -17.702211 -0.542274 -23.528745 15.153757 2.153045 7.764046 0.594098 -1.732302 2.909436 -4.896497 20.322313 7.829952 -1.778740 -14.085366 9.435229 -0.000002 -0.000001 -0.000001 0.798785 -5.201864 -0.534079 5.304872 -7.033957 -8.251492 87.741867 -38.183674 120.816484 0.000005 -0.000001 -0.000006 1.604906 23.294828 23.122613 23.443149 72.435754 11.429046 47.688312 28.823009 -58.320670 -0.000000 -0.000002 0.000002 -39.384124 8.970238 -19.535871 16.052418 3.009341 9.133592 -15.449931 -4.414160 -1.880397 0.000000 -0.000003 -0.000006 10.239202 -0.864455 3.727295 17.693608 0.329469 34.076814 -12.230902 2.179958 -2.210658 -0.000000 0.000000 0.000001 
21.725536 106.233047 -13.836580 -17.715035 -0.725918 -23.884154 14.474165 2.033777 7.927979 1.230029 -1.304290 2.729732 -4.835473 20.476106 7.944198 -0.681242 -13.630126 9.454764 -0.000000 0.000004 0.000001 1.158430 -6.277959 -0.518910 5.514154 -5.949903 -8.378272 87.596800 -37.670993 121.579088 0.000002 -0.000001 -0.000002 1.447081 22.658944 23.159867 24.520782 73.350843 10.876132 49.201186 29.131167 -59.329236 0.000000 0.000001 0.000004 -40.157097 9.000997 -19.342013 15.331012 3.347173 8.765195 -15.058393 -4.469293 -1.782482 -0.000000 0.000002 -0.000005 10.561461 -0.653799 4.043736 17.851826 0.382750 34.121576 -12.087487 1.897271 -2.541853 0.000001 0.000002 0.000000 
21.666451 106.131638 -13.909809 -18.163770 -1.389652 -24.248384 15.131062 2.141494 7.916092 0.730799 -1.483096 2.753377 -4.437280 20.753972 7.788469 -0.029263 -13.024244 9.387265 0.000001 0.000000 0.000001 1.531436 -6.722573 -0.631511 5.523135 -4.907320 -8.339378 87.487538 -37.455559 121.843909 0.000000 0.000002 -0.000000 1.213458 21.637991 23.112593 23.728038 74.690728 12.705088 48.505172 29.420579 -57.542479 0.000001 -0.000003 0.000002 -40.792332 8.988235 -18.986017 14.574826 3.286409 8.220690 -14.640902 -3.746336 -1.290658 0.000002 0.000001 -0.000001 10.842246 -0.482993 4.214471 18.095123 0.813584 33.986810 -11.831290 1.727152 -2.571262 -0.000001 0.000002 0.000000 
21.608454 106.042137 -13.971996 -18.657124 -1.392433 -24.530942 15.372565 2.165727 8.188120 1.426819 -1.307260 2.865258 -4.855351 20.175824 7.516003 0.318717 -12.683029 9.282626 0.000000 -0.000003 -0.000001 1.628783 -6.714577 -0.844161 5.302594 -4.007699 -8.645974 89.434627 -37.601479 122.006276 -0.000001 -0.000005 -0.000006 1.113659 21.897489 23.399627 20.601138 74.959619 16.663790 49.583874 30.680175 -56.910468 0.000001 -0.000002 0.000007 -40.594458 8.916268 -19.076022 13.790879 3.174974 8.053687 -14.239849 -3.532479 -1.189258 -0.000003 0.000003 -0.000001 11.104138 -0.399359 4.453405 18.399544 1.221664 33.993387 -11.649555 1.686408 -2.567755 -0.000000 0.000000 0.000002 
21.555416 105.955933 -14.022406 -18.999501 -1.462617 -24.778101 15.752580 2.233591 8.464797 1.023774 -1.674226 3.153832 -4.573501 20.259398 7.072764 0.699917 -12.581563 9.399172 0.000001 -0.000001 -0.000000 1.825346 -7.377323 -0.682305 5.076668 -3.008316 -9.400664 91.939312 -38.418206 120.578042 -0.000001 0.000000 0.000002 0.883606 21.702812 23.458403 16.138813 75.609197 22.226919 48.410250 31.137849 -54.399749 -0.000002 0.000001 0.000002 -40.517341 9.016525 -19.265880 12.150245 3.420206 8.164518 -13.363436 -3.723549 -1.233580 0.000002 0.000001 -0.000002 11.339108 -0.427362 4.448060 19.025897 1.690149 34.148258 -11.985123 2.007619 -2.033912 -0.000000 0.000002 0.000002 
21.499660 105.864464 -14.066633 -19.209072 -1.374272 -24.983408 16.009525 2.320582 8.770925 1.352675 -1.632197 3.236843 -4.890301 20.058722 6.854592 1.338635 -12.441321 9.534753 0.000001 -0.000001 -0.000001 1.122148 -6.608331 -0.977752 4.784972 -3.558484 -9.815576 94.879845 -38.794556 120.576990 -0.000000 -0.000001 -0.000004 0.431612 21.595602 23.620493 8.998723 76.123858 30.566541 49.000771 32.556028 -52.480663 0.000001 -0.000001 0.000002 -40.696555 9.192577 -19.654100 11.303966 3.720655 8.091622 -12.835533 -3.537986 -1.042538 0.000001 0.000005 -0.000001 11.761576 -0.457071 4.347548 19.195939 1.734321 34.666738 -12.398089 2.034263 -1.947365 0.000001 0.000002 0.000000 
21.451885 105.778458 -14.116875 -19.592562 -1.852042 -25.177949 15.894289 2.306689 8.808475 1.641160 -1.462980 3.111303 -4.912851 19.985473 6.908913 1.652124 -12.315830 9.637303 -0.000001 -0.000001 -0.000000 0.730315 -5.879888 -1.021407 4.930095 -4.046492 -10.138499 96.198454 -39.077066 120.156360 0.000001 0.000002 -0.000000 0.386115 21.645704 23.648497 5.827114 76.348777 34.425284 48.954807 32.988571 -51.325361 -0.000001 -0.000001 0.000005 -41.166991 9.206546 -19.197558 11.017884 3.853200 7.345284 -12.626068 -2.896361 -0.617281 -0.000003 0.000000 0.000003 12.059159 -0.433101 4.096403 19.545809 1.842021 34.990014 -12.901830 2.214226 -1.753358 0.000000 0.000002 0.000000 
21.408566 105.694283 -14.164181 -19.702869 -2.137150 -25.440322 16.596824 2.427940 8.837786 0.814562 -1.942437 3.405217 -4.239637 20.578472 6.629111 1.397847 -12.479451 9.619037 0.000001 -0.000002 -0.000000 1.398864 -6.723455 -0.766404 5.130881 -2.840434 -10.085388 95.248361 -39.248005 119.015964 -0.000001 0.000000 0.000003 0.556806 21.692882 23.850228 8.663184 76.278419 31.420062 48.984252 32.459084 -51.367923 -0.000002 -0.000000 -0.000001 -41.471123 9.351813 -19.437091 10.848598 3.759670 7.023234 -12.780054 -2.433003 -0.386734 0.000003 0.000001 -0.000000 11.905016 -0.443985 4.103657 19.658738 1.925935 35.219997 -12.873006 2.182362 -1.990187 -0.000000 0.000002 0.000000 
21.367605 105.607986 -14.201057 -20.110169 -3.147231 -25.666123 16.948884 2.500202 8.738345 1.301833 -1.765716 3.365045 -4.603081 21.075691 6.665411 2.045406 -12.079343 9.480277 0.000000 -0.000004 -0.000000 0.902358 -5.626093 -0.792939 5.268649 -4.001841 -10.335737 96.430667 -40.093511 117.684433 0.000001 0.000002 -0.000005 0.516276 21.512587 23.703195 5.957549 76.590463 34.647091 48.666710 32.830411 -50.472373 -0.000000 -0.000000 0.000000 -42.526018 9.535625 -18.897441 9.670379 3.855854 7.098551 -11.472848 -2.190188 -0.177820 -0.000000 -0.000001 0.000001 11.817966 -0.451901 3.429896 20.283712 2.502618 35.872379 -12.802227 2.220063 -2.002119 0.000000 0.000002 0.000000 
21.326143 105.526649 -14.225924 -20.794864 -2.725574 -25.826972 16.902702 2.496919 9.107746 1.315682 -1.890560 3.608084 -4.532557 20.402871 6.277899 3.078085 -11.476803 9.637254 0.000001 0.000000 0.000001 0.872117 -5.539165 -0.615875 5.490689 -3.644432 -11.084729 98.369723 -40.661134 116.631081 0.000001 -0.000001 -0.000000 0.347772 21.121896 23.910421 -2.505922 76.593099 45.020611 47.691618 32.788825 -48.650481 0.000000 -0.000002 0.000005 -42.007221 9.506075 -19.250997 9.319583 3.835754 7.003844 -11.181331 -1.922120 -0.023064 0.000004 -0.000002 -0.000001 12.644801 -0.350199 3.326522 19.973881 2.477474 36.590444 -12.804925 2.010684 -2.363008 0.000000 0.000002 -0.000001 
21.293808 105.448479 -14.254341 -21.287514 -2.573216 -26.077749 17.163989 2.581322 9.675361 1.222360 -2.190618 4.038608 -3.919633 19.892926 5.351493 3.334680 -11.199543 9.386152 0.000000 0.000000 -0.000000 0.697030 -5.314083 -0.934540 5.137632 -2.971068 -11.309323 100.336667 -41.639005 115.327621 -0.000004 -0.000001 0.000002 0.315490 21.512475 24.072833 -6.006956 75.433729 49.127771 48.134276 33.598107 -47.671394 -0.000001 -0.000000 0.000002 -41.889957 9.619828 -19.722076 8.956580 3.932488 7.211915 -10.679189 -1.771461 0.012770 -0.000003 0.000004 0.000001 12.741915 -0.366716 3.020982 20.439905 2.892770 37.536315 -12.404383 1.358115 -3.360115 0.000002 0.000002 0.000000 
21.257755 105.370216 -14.274500 -21.861042 -3.344922 -26.135372 17.000512 2.583553 9.699552 1.182473 -2.192511 3.983359 -3.617439 19.818535 5.121986 3.733839 -10.565650 8.816436 0.000001 -0.000001 -0.000001 0.302933 -4.964902 -1.377714 4.852541 -3.104496 -11.822488 102.882231 -43.547855 112.876854 -0.000002 0.000004 -0.000003 0.215644 22.124769 24.303350 -10.930759 74.024935 55.100051 46.179988 33.548503 -44.968965 0.000001 -0.000000 0.000004 -42.887427 9.799889 -19.346702 9.803956 3.984343 6.518743 -11.017706 -0.587166 0.658102 0.000000 -0.000001 -0.000008 12.863087 -0.353946 2.192067 21.191316 3.280917 38.311938 -13.031185 1.435830 -3.387274 -0.000001 -0.000000 0.000002 
21.213905 105.294594 -14.284388 -22.178838 -3.497291 -26.269804 17.031580 2.590254 9.808389 1.467563 -2.086145 4.016015 -3.859792 19.617808 5.013389 4.173448 -10.140880 8.735372 0.000000 0.000000 0.000001 0.345166 -4.811256 -1.733257 4.756676 -2.547769 -11.871110 104.561249 -43.556048 113.278885 0.000001 0.000000 -0.000005 -0.134639 21.131910 24.297297 -17.851017 73.622363 63.945372 46.551475 34.522126 -43.325608 0.000000 0.000002 0.000002 -43.387281 9.870989 -18.977843 9.383051 4.100866 6.382860 -10.271384 -0.381119 0.831578 -0.000002 0.000003 -0.000002 13.218439 -0.344463 1.836474 21.533150 3.570015 39.035436 -13.718981 1.584772 -3.169513 0.000000 0.000002 0.000001 
21.170191 105.223839 -14.292408 -22.570944 -3.918544 -26.385502 16.961318 2.544544 9.828215 1.387077 -2.047985 3.905653 -3.716919 19.821118 5.071556 4.315230 -9.867594 8.580457 0.000001 0.000002 -0.000000 0.680138 -5.035948 -1.819695 5.074771 -1.911525 -12.314367 105.373679 -43.823156 112.716959 -0.000002 0.000000 -0.000000 0.291020 22.050605 24.453336 -13.966240 73.621899 59.365457 46.206223 33.960428 -43.629346 -0.000000 0.000002 -0.000001 -43.808990 9.930701 -18.876765 9.103581 4.171115 6.339972 -10.124621 0.276204 1.206686 -0.000003 0.000002 -0.000004 12.939955 -0.329865 1.394530 22.334543 4.157606 39.590871 -14.106025 1.631366 -3.137144 -0.000000 0.000000 0.000001 
21.126114 105.152084 -14.314026 -23.027300 -3.650403 -26.220102 17.236245 2.573485 9.627396 1.562808 -1.933715 3.860551 -3.978276 19.626946 5.051797 4.164764 -9.955834 8.647211 0.000001 0.000000 -0.000000 0.847792 -4.905912 -1.936637 5.299045 -1.871319 -12.351289 105.970064 -43.574684 113.093473 -0.000002 -0.000001 0.000001 0.287383 21.541115 24.427162 -16.236712 73.803288 62.467182 46.271024 34.141664 -42.988391 0.000000 0.000001 -0.000001 -43.704144 9.959031 -19.342556 9.365169 4.049120 5.720089 -10.195685 1.135505 1.681942 -0.000002 0.000001 -0.000003 12.764889 -0.271031 1.145935 22.742100 4.575904 40.091465 -14.595042 1.585550 -3.295831 0.000000 0.000002 -0.000000 
21.076096 105.081673 -14.320827 -23.531781 -3.465326 -26.380255 17.590064 2.641152 9.871646 1.590585 -2.010356 4.040619 -3.963551 19.417190 4.615679 4.371080 -9.807191 8.654883 0.000001 -0.000002 0.000001 1.202337 -5.460713 -2.200359 5.080667 -0.730211 -12.258915 106.684823 -43.351795 113.627792 -0.000004 0.000000 -0.000004 0.101946 20.946238 24.371963 -20.747548 73.104908 68.397849 45.805748 34.314925 -41.832088 -0.000001 -0.000001 -0.000000 -43.495806 9.893803 -19.361592 8.993046 4.055353 5.716758 -9.910446 1.455531 1.842182 -0.000000 0.000003 -0.000003 13.191409 -0.193140 1.103618 22.884431 4.846822 40.496929 -15.137033 1.679277 -3.174534 -0.000000 0.000004 -0.000002 
21.017338 105.016327 -14.328384 -23.793654 -3.759961 -26.542522 17.167739 2.546221 9.885282 2.160415 -1.803089 4.124726 -4.236775 19.259129 4.432044 4.500124 -9.755219 8.775328 -0.000001 0.000003 0.000000 1.544904 -5.647938 -2.152349 5.376122 -0.576964 -12.578465 106.500093 -43.990370 112.308848 -0.000001 0.000005 -0.000005 0.345106 21.150690 24.505991 -19.567691 73.173114 67.268067 45.415041 33.859481 -41.730079 -0.000000 -0.000003 -0.000002 -43.999836 9.952520 -19.097501 9.321424 3.958621 5.366528 -9.920295 2.039527 2.268394 0.000003 0.000000 0.000003 13.176701 -0.169427 1.079482 23.605296 5.297772 40.362863 -15.111829 1.938152 -2.961738 -0.000001 0.000002 -0.000001 
20.957386 104.947006 -14.340502 -24.091312 -4.187516 -26.708831 17.026987 2.500425 9.748035 1.897693 -2.046705 4.420207 -3.861802 19.409279 4.069556 4.721788 -9.542797 8.832375 0.000002 0.000000 -0.000000 1.495152 -4.987789 -2.250724 5.769363 -0.916396 -12.806827 106.626309 -44.014412 112.054396 -0.000002 0.000000 -0.000002 0.357651 20.891448 24.642308 -22.416331 72.670214 71.343587 45.788485 34.180910 -41.166018 -0.000000 -0.000003 0.000002 -44.394850 9.949564 -18.764954 9.210576 3.816314 5.182848 -9.621195 2.503814 2.454158 -0.000003 0.000004 -0.000000 13.262094 -0.105501 1.030192 24.054608 5.785510 40.310984 -15.845723 2.329978 -2.187975 -0.000001 0.000002 0.000000 
20.889767 104.882446 -14.348248 -24.039093 -4.358047 -26.736477 16.556899 2.394898 9.612572 2.246830 -1.932202 4.483209 -3.695540 19.662318 3.909673 4.407372 -9.864087 9.008321 -0.000000 0.000000 -0.000000 1.784717 -5.296313 -2.251119 5.848945 -0.678989 -12.830571 106.308753 -43.250790 113.108322 -0.000004 0.000000 -0.000002 0.236219 20.217748 24.633830 -23.406017 72.269139 72.924933 47.203526 34.886827 -41.578459 -0.000002 -0.000004 0.000001 -44.606145 10.011214 -18.808031 9.232084 3.729789 4.954853 -9.497930 2.639096 2.493407 0.000002 0.000002 -0.000004 13.114186 -0.095363 1.096265 24.123274 5.892874 40.311831 -16.185178 2.584749 -1.785806 0.000000 0.000000 0.000001 
20.810760 104.810516 -14.354189 -24.089910 -4.658527 -26.916387 16.306551 2.336116 9.670524 2.259999 -1.860412 4.350984 -3.702563 19.501589 3.959766 4.869190 -9.362596 8.905324 0.000000 0.000000 -0.000000 1.877269 -4.922724 -2.345751 6.034442 -0.447590 -12.860839 106.484220 -43.188738 112.945750 -0.000001 0.000004 -0.000001 0.548284 20.569963 24.571372 -24.088627 72.287205 73.967165 45.726252 33.913197 -40.836079 0.000002 -0.000001 0.000002 -44.948546 10.080643 -18.563703 9.429097 3.683370 4.448014 -9.691627 3.106286 2.787549 -0.000000 0.000005 -0.000001 13.411763 -0.111313 1.088227 24.165110 5.871357 40.366121 -15.923683 2.497006 -2.104338 -0.000001 0.000002 -0.000002 
20.729961 104.736717 -14.366396 -24.437385 -4.635061 -26.933531 16.393122 2.329201 9.474418 2.883249 -1.577337 4.330179 -4.456149 19.323643 4.074616 4.690413 -9.425859 9.099482 -0.000000 -0.000003 0.000000 1.945681 -4.561886 -2.217555 6.504938 -0.742508 -13.051715 106.763165 -42.854950 112.995733 -0.000002 -0.000001 -0.000001 0.698928 20.350012 24.518581 -26.062489 71.152512 77.351845 46.573690 34.095874 -40.903708 0.000001 -0.000001 0.000002 -44.905639 10.070989 -18.601429 9.704163 3.457961 3.923804 -10.012782 3.716856 3.069437 -0.000002 0.000007 -0.000001 13.894532 -0.049278 0.982605 23.861944 5.784614 40.700687 -15.516761 2.121499 -2.744290 0.000001 0.000002 -0.000002 
20.647655 104.661240 -14.377623 -24.604488 -4.550718 -27.079579 16.116912 2.266395 9.571709 2.693254 -1.770750 4.548235 -3.917376 19.385550 3.827834 4.746020 -9.271751 9.007061 0.000001 0.000002 -0.000000 2.123765 -4.456588 -2.246138 6.604829 -0.697481 -13.043346 106.951972 -42.340483 113.737191 -0.000000 0.000002 -0.000003 0.766211 20.093780 24.419688 -28.903564 70.496595 81.435594 46.937763 34.662838 -40.173124 -0.000001 -0.000000 -0.000001 -44.886296 10.081899 -18.495083 9.413509 3.355442 3.892876 -10.029532 3.729507 3.022228 0.000001 -0.000000 -0.000002 13.963873 -0.069407 1.219581 23.897488 5.906369 40.654976 -15.418595 1.937688 -3.172054 0.000001 0.000004 -0.000001 
20.556416 104.579857 -14.382814 -24.691428 -5.039739 -27.236904 16.544451 2.335342 9.339658 2.417341 -1.798331 4.437545 -3.889048 19.921070 4.008440 4.724899 -9.311488 9.127873 0.000002 -0.000000 0.000000 2.379092 -4.774452 -1.995148 7.007574 -0.334106 -13.108123 105.856731 -41.991108 113.464079 -0.000003 -0.000005 0.000001 0.999861 20.264247 24.481980 -27.094961 70.630686 79.573657 47.475798 34.202053 -41.205216 0.000000 0.000001 0.000004 -45.576421 10.163164 -18.102505 8.806207 3.596125 4.478616 -8.853179 3.119133 2.720877 -0.000002 0.000006 0.000003 14.184070 -0.025622 1.076254 24.009397 5.942243 40.623646 -15.010177 1.717899 -3.419770 0.000001 0.000002 0.000002 
20.459745 104.496490 -14.378300 -25.169011 -5.177980 -27.394972 16.854503 2.383866 9.380417 2.477163 -1.945690 4.846873 -3.610198 19.461528 3.390675 5.311821 -8.683716 8.918210 0.000001 -0.000001 -0.000002 2.562455 -4.648199 -2.170893 7.320920 0.293667 -13.153370 105.240709 -41.546149 113.611324 0.000001 -0.000001 -0.000000 1.209912 20.686141 24.799042 -28.780641 68.768995 83.091690 49.198631 35.010231 -41.446059 -0.000002 0.000002 -0.000003 -45.894674 10.106728 -17.752309 9.024952 3.470852 4.195620 -8.816447 3.874770 3.216663 0.000001 0.000004 0.000002 14.692425 0.089578 1.136325 24.319870 6.104796 40.406399 -15.243314 1.871503 -3.281971 -0.000001 0.000004 -0.000000 
20.364523 104.421562 -14.367163 -25.578157 -5.250732 -27.457074 16.965722 2.410791 9.401539 2.057933 -2.079671 4.860348 -3.327276 19.507997 3.295674 5.540064 -8.715204 9.074974 0.000000 0.000002 -0.000001 2.605881 -4.676324 -2.216179 7.457854 0.516080 -13.327856 106.038065 -41.466594 113.844575 0.000001 0.000000 0.000002 1.165683 20.496949 24.773187 -27.433574 69.320423 81.248577 47.939267 34.139372 -41.244244 -0.000001 -0.000000 0.000000 -45.997824 10.017402 -17.589697 8.812324 3.559040 4.285031 -8.221897 3.947732 3.330137 -0.000000 0.000003 -0.000002 15.146184 0.180013 1.032430 24.484695 6.145224 40.515091 -14.633769 1.856153 -3.316875 -0.000000 0.000000 0.000002 
20.282995 104.347122 -14.372013 -25.275158 -5.152655 -27.489681 16.915228 2.400927 9.631584 2.728255 -1.773086 4.727480 -3.771296 19.231335 3.324626 4.527831 -9.094360 8.761571 0.000001 -0.000001 0.000000 2.623118 -4.685710 -2.509544 7.029280 0.924935 -13.197909 106.681674 -41.769175 114.029639 -0.000002 0.000000 -0.000003 0.689913 19.443069 24.866982 -32.070006 67.822945 87.890915 46.910904 35.305234 -37.423054 0.000001 -0.000001 0.000000 -46.359147 10.187537 -17.651143 9.135109 3.418643 3.603461 -8.972584 4.492514 3.600970 -0.000000 -0.000001 -0.000002 15.126407 0.146935 1.059940 24.312233 6.083866 40.795832 -15.058593 1.970414 -3.362374 -0.000000 0.000002 0.000001 
20.200897 104.285225 -14.362234 -25.630708 -4.815166 -27.396362 17.418717 2.504545 9.723239 2.147755 -2.019567 4.798365 -3.388488 19.398675 3.132647 5.369117 -8.599200 8.838660 0.000003 -0.000005 -0.000002 2.627999 -4.577519 -2.456653 7.248871 0.701038 -13.195826 106.870454 -41.668590 113.908315 -0.000000 0.000004 -0.000001 1.028409 20.004166 24.557619 -29.155113 69.762842 83.266904 45.532268 33.614977 -38.700753 -0.000000 -0.000002 0.000002 -46.076494 10.219903 -18.075582 8.954547 3.495521 3.889097 -8.612171 4.517636 3.611626 -0.000001 -0.000000 -0.000001 15.034964 0.135322 0.953779 24.533894 6.155350 41.103949 -14.780456 1.846757 -3.653955 -0.000001 0.000000 0.000001 
20.117575 104.222740 -14.357130 -25.711136 -4.620851 -27.341396 17.860217 2.578740 9.597053 2.350043 -1.873258 4.636552 -3.841147 19.240486 3.330516 4.153153 -9.477677 8.973112 0.000003 -0.000004 0.000000 2.606409 -4.443278 -2.339843 7.110999 0.950043 -13.212040 107.233184 -41.847432 113.959056 -0.000002 0.000000 -0.000005 1.162494 20.098979 24.352478 -27.772989 70.883218 80.946532 45.315201 33.288730 -39.605265 -0.000003 -0.000003 0.000002 -46.140363 10.297121 -18.218158 9.044694 3.373088 3.841867 -8.257243 4.795139 3.694063 -0.000003 0.000003 -0.000004 14.547512 0.087355 1.022238 24.774003 6.475734 41.254732 -14.955705 1.941686 -3.526053 -0.000000 0.000001 -0.000000 
20.039026 104.165199 -14.349203 -25.752417 -5.047768 -27.362095 17.646803 2.525666 9.479124 2.342850 -1.920112 4.673668 -3.831566 19.318323 3.352622 4.158422 -9.393825 8.853162 -0.000001 0.000004 -0.000000 2.647777 -4.635372 -2.289953 6.913939 1.467991 -13.379903 107.554162 -42.275439 113.443247 -0.000002 0.000002 -0.000002 0.930068 19.367015 24.182744 -30.962197 69.492585 85.540586 45.930065 34.573127 -37.880943 -0.000002 -0.000004 0.000003 -46.926009 10.365635 -17.499098 8.938145 3.459455 3.578603 -7.930817 5.167488 3.870388 -0.000001 -0.000000 -0.000001 14.622597 0.037807 0.891843 25.277512 6.685261 40.853926 -15.389637 2.338140 -2.957984 0.000000 0.000002 -0.000000 
19.965023 104.106079 -14.341757 -25.645798 -5.257166 -27.400149 17.349109 2.444763 9.563308 2.987983 -1.641894 4.650256 -4.000228 18.795979 3.228591 3.981792 -9.149343 8.556986 0.000002 -0.000003 0.000000 2.672191 -4.438346 -2.363158 6.963063 1.847500 -13.342155 106.913067 -42.124963 113.515702 -0.000003 -0.000003 -0.000002 1.024620 19.146123 23.940913 -32.209991 69.402262 87.310417 46.421288 35.389300 -36.576380 0.000002 -0.000003 0.000002 -47.340864 10.383658 -17.191506 8.504467 3.555058 3.594478 -7.378571 5.169840 3.854291 0.000001 0.000002 -0.000005 14.655438 0.038575 0.991377 25.435922 6.696014 40.568663 -15.550029 2.606489 -2.537007 0.000000 0.000004 -0.000000 
19.896231 104.051613 -14.335211 -25.737889 -5.356824 -27.430234 17.490854 2.459355 9.605152 2.960808 -1.753365 4.871127 -3.868136 18.682311 2.847974 4.100831 -8.910122 8.418324 0.000001 -0.000003 -0.000000 2.826379 -4.477807 -2.476966 6.946598 2.210047 -13.149259 106.319428 -42.209971 113.145895 -0.000002 -0.000001 -0.000000 0.919799 18.715758 24.076296 -33.952256 69.045126 89.851897 46.405121 36.169246 -34.534423 -0.000000 0.000001 0.000000 -47.567333 10.367920 -16.953003 8.518311 3.532205 3.513348 -7.243895 5.298672 3.932222 -0.000000 0.000004 -0.000003 14.958488 0.070171 0.960605 25.516251 6.733337 40.415250 -15.044614 2.544536 -2.644372 0.000000 0.000000 0.000002 
19.839808 104.014076 -14.325397 -26.183817 -5.059887 -27.415259 17.763481 2.550719 9.657482 2.339971 -2.130904 5.138393 -3.470105 18.829356 2.613002 4.393498 -8.907502 8.567864 0.000000 -0.000001 0.000000 2.880458 -5.019313 -2.657193 6.688415 2.754639 -13.445452 107.937309 -42.263609 113.694810 0.000001 -0.000001 -0.000002 0.608870 18.576228 24.304260 -34.660963 67.551213 91.498710 46.582761 36.257851 -35.546685 -0.000003 -0.000003 -0.000002 -47.105564 10.139683 -16.741171 8.160171 3.501037 3.261193 -7.007122 5.402697 4.079506 -0.000003 0.000003 -0.000001 15.272812 0.163589 0.970553 25.374995 6.836339 40.590301 -15.322385 2.517599 -2.615831 0.000002 0.000000 -0.000001 
19.786318 103.979736 -14.315254 -26.067618 -4.662622 -27.293385 17.482902 2.507035 9.787648 2.599170 -1.910494 4.858713 -3.796790 18.663931 2.915425 4.306055 -9.044197 8.638153 0.000001 0.000000 -0.000000 2.746292 -4.979651 -2.535772 6.614014 2.358765 -13.748742 109.095306 -42.672823 113.482623 0.000000 -0.000005 -0.000001 0.595932 18.993807 24.397091 -31.315096 68.404829 86.476274 46.237307 35.686017 -36.867165 -0.000001 -0.000002 -0.000000 -46.699479 10.184124 -17.218038 7.702277 3.526552 3.591943 -6.892113 5.321687 3.913530 0.000002 -0.000001 -0.000000 15.369783 0.141292 1.117001 25.187371 6.770329 40.477463 -15.117396 2.287975 -2.950793 0.000001 0.000002 0.000002 
19.733547 103.946022 -14.299345 -25.991079 -4.891210 -27.256729 17.079902 2.396571 9.729339 2.669396 -1.834963 4.754859 -3.834238 19.161703 3.119642 3.829217 -9.219457 8.494769 -0.000001 0.000004 -0.000000 2.766334 -4.686179 -2.477552 7.057102 1.542355 -13.694124 108.466034 -42.247531 113.530537 0.000000 0.000000 -0.000000 0.878742 19.281185 24.385375 -28.927538 69.244847 83.209948 45.917436 34.453762 -37.801019 -0.000002 -0.000000 0.000004 -47.057848 10.241461 -16.915450 7.632917 3.725659 3.583472 -6.714485 5.014043 3.800757 0.000001 0.000003 -0.000002 15.494542 0.120988 1.071922 25.587060 6.765551 40.074523 -15.248828 2.614312 -2.513029 0.000000 0.000000 0.000000 
19.691591 103.916466 -14.283157 -26.191185 -4.902304 -27.230779 17.289994 2.449766 9.792316 2.422744 -1.996310 4.882247 -3.546984 19.096557 2.876493 3.948742 -8.778181 8.211542 0.000001 -0.000001 -0.000001 2.810711 -4.735740 -2.963812 6.646134 2.195561 -13.338219 109.819067 -42.240123 114.005501 -0.000001 -0.000003 -0.000002 0.641586 19.152008 24.634177 -32.619600 67.820131 88.599821 45.562143 35.118172 -35.965522 0.000001 -0.000001 -0.000002 -46.924028 10.180215 -16.820801 7.705973 3.731171 3.281542 -7.082167 5.189760 3.955146 -0.000000 -0.000001 0.000000 15.718229 0.138134 1.060908 25.481776 6.680451 39.976937 -15.153529 2.587195 -2.513953 0.000001 0.000000 0.000001 
19.649853 103.892113 -14.266270 -26.042086 -4.382761 -27.074190 17.437809 2.489841 9.898941 2.195321 -2.030510 4.754113 -3.369079 18.878105 2.981837 3.336746 -8.925682 7.939440 0.000000 0.000002 -0.000000 2.648217 -4.733493 -3.119117 6.548367 1.428734 -13.339177 110.076346 -43.078013 113.040239 -0.000001 -0.000001 -0.000000 0.581291 19.602178 24.776936 -29.759882 67.990660 84.560652 45.651530 35.234555 -36.489084 0.000000 -0.000001 0.000000 -46.468495 10.241514 -17.549054 7.788015 3.676697 3.368962 -7.459183 5.179635 3.843225 -0.000003 0.000001 -0.000000 15.807722 0.179957 1.192143 25.127426 6.521118 40.174319 -14.984506 2.161887 -3.114531 -0.000001 0.000000 -0.000000 
19.615231 103.869995 -14.249540 -26.060915 -4.062323 -27.027904 17.384020 2.481412 10.038645 2.484639 -1.885049 4.721411 -3.462910 18.674038 2.952374 3.195000 -8.897985 7.819025 0.000001 0.000000 0.000001 2.644167 -4.753421 -3.324268 6.506019 1.526324 -13.129306 110.567451 -42.900165 113.456867 0.000002 -0.000001 -0.000004 0.476546 19.387842 24.827442 -29.158627 66.764095 84.457208 47.206706 36.531076 -36.477083 0.000001 -0.000003 -0.000000 -46.271352 10.214550 -17.760587 7.822325 3.674672 3.367654 -7.242967 5.113986 3.797763 -0.000000 -0.000001 -0.000005 15.879548 0.233336 1.310148 24.925887 6.457662 40.297481 -14.733736 1.900773 -3.436640 0.000001 0.000000 -0.000000 
19.582619 103.850189 -14.235916 -25.957560 -4.351293 -26.958444 17.640268 2.520877 9.841787 1.436280 -2.117834 4.371917 -2.896803 19.069733 3.370301 2.739404 -8.805424 7.559629 0.000000 0.000000 -0.000000 2.440759 -4.500515 -3.203079 6.622186 1.229830 -13.414773 110.724449 -43.211366 113.058291 -0.000000 -0.000001 -0.000002 0.670532 20.133501 24.914225 -26.081407 66.407054 80.447758 48.380320 37.179363 -37.149327 -0.000002 -0.000001 0.000002 -46.645107 10.270766 -17.622064 7.761845 3.730251 3.394829 -7.092719 5.158105 3.876498 -0.000003 0.000005 -0.000002 15.509859 0.190117 1.201680 25.278779 6.668203 40.107762 -15.212235 2.124499 -3.098426 -0.000000 0.000002 -0.000002 
19.545984 103.833138 -14.218636 -25.980472 -4.171498 -26.993869 17.503688 2.493510 9.859983 0.978858 -2.324813 4.437483 -2.398257 19.184958 3.314132 2.784914 -8.824269 7.621177 0.000001 0.000000 0.000001 2.379668 -4.202375 -3.209027 6.770694 1.016524 -13.327006 110.832209 -42.957017 113.369242 0.000001 -0.000001 -0.000000 0.935335 20.666496 24.942174 -24.248001 67.371251 77.636076 47.295840 35.915450 -37.808208 -0.000003 0.000001 0.000002 -46.615280 10.254305 -17.661080 8.004836 3.626903 3.192653 -7.171483 5.152795 3.944738 -0.000003 0.000000 -0.000006 15.486595 0.207230 1.362548 25.135725 6.634991 40.205710 -15.300524 2.089896 -3.195991 0.000001 0.000002 0.000000 
19.512856 103.820045 -14.197725 -26.090433 -4.114728 -26.971065 17.548981 2.523196 9.914020 1.929365 -1.986281 4.467981 -3.151102 19.071734 3.205990 2.638591 -9.049546 7.638906 -0.000000 0.000002 0.000000 2.518475 -4.845995 -3.451040 6.376014 1.523042 -13.180385 111.107370 -43.299025 113.106642 -0.000000 0.000000 -0.000003 0.408432 19.727231 25.004764 -26.673892 65.992413 81.296026 47.013193 36.333605 -36.601720 0.000003 -0.000001 0.000002 -46.479205 10.262509 -17.799449 7.879329 3.704085 3.434239 -6.947538 4.819523 3.717038 0.000002 -0.000002 -0.000005 15.382018 0.187204 1.327798 25.295069 6.761134 40.254557 -15.029328 2.113341 -2.997688 0.000001 0.000000 0.000001 
19.474192 103.808044 -14.171492 -26.271831 -3.998653 -27.122358 17.249759 2.461455 10.024342 2.484077 -1.834445 4.656099 -3.341465 18.556405 2.979720 2.984792 -8.778725 7.660111 0.000000 0.000000 -0.000000 2.611367 -4.648713 -3.502647 6.566901 1.690496 -13.065734 110.754700 -43.029270 113.186145 0.000001 -0.000001 -0.000000 0.439004 19.593178 25.172906 -27.543300 65.148346 83.191055 48.169018 36.865905 -36.859300 0.000000 -0.000000 0.000002 -46.358321 10.205705 -17.778439 7.750834 3.638539 3.687770 -6.913535 4.544737 3.542937 -0.000001 0.000003 -0.000001 15.642028 0.265852 1.469344 25.030331 6.671559 40.358932 -14.840927 1.947136 -3.294219 -0.000000 0.000000 0.000000 
19.435289 103.797737 -14.152277 -26.257455 -4.502774 -27.130102 17.162751 2.437273 9.591431 2.211252 -1.797745 4.370708 -3.375200 19.132410 3.589665 2.914368 -8.893630 7.684452 0.000001 0.000000 0.000002 2.514569 -4.623405 -3.348997 6.602796 1.579867 -13.282881 111.049566 -42.883527 113.432715 0.000002 -0.000001 -0.000002 0.668841 20.438110 25.254379 -24.651710 65.651662 78.933067 48.669934 36.751769 -37.948555 -0.000000 -0.000003 -0.000002 -46.864633 10.280078 -17.487449 7.827101 3.691363 3.670086 -7.192374 4.595507 3.595406 -0.000000 -0.000005 -0.000005 15.802430 0.256228 1.311120 25.212661 6.691016 40.069305 -14.790534 2.326381 -2.620184 0.000001 0.000002 0.000001 
19.401543 103.788437 -14.131567 -26.455257 -4.469413 -27.200573 17.019950 2.413904 9.581114 2.171116 -1.884457 4.520937 -3.244278 19.206248 3.516543 3.103744 -8.933034 7.793963 -0.000000 -0.000001 -0.000002 2.471310 -4.505878 -3.302211 6.591801 1.694699 -13.316935 111.555055 -42.552994 113.983918 0.000001 0.000000 -0.000000 0.758901 20.478557 25.052596 -26.037931 67.178961 80.091283 46.747536 35.367867 -37.487869 -0.000000 0.000003 0.000001 -46.684169 10.189011 -17.296163 7.544093 3.797453 3.607997 -6.725155 4.505699 3.563612 -0.000001 0.000001 -0.000001 16.194901 0.274648 1.324544 25.124849 6.544190 40.080083 -14.984259 2.353305 -2.668183 0.000001 0.000004 0.000000 
19.371380 103.773399 -14.113604 -26.510023 -4.854293 -27.200791 17.479159 2.491954 9.444286 1.788568 -2.147814 4.756050 -2.961291 19.505576 3.173778 3.393814 -8.589899 7.694365 0.000003 -0.000001 -0.000001 2.535383 -4.513467 -3.369797 6.522706 1.860917 -13.098006 111.207446 -42.440050 114.185094 -0.000001 -0.000005 -0.000003 0.762882 19.990377 24.714401 -29.434663 67.186317 84.579851 46.245599 35.342168 -36.779390 -0.000001 -0.000000 0.000000 -46.993190 10.199177 -17.112522 8.110521 3.531308 2.978135 -7.020898 5.421056 4.068932 -0.000003 -0.000000 -0.000004 16.103436 0.300538 1.203636 25.065058 6.594785 40.036998 -15.058067 2.315688 -2.800914 -0.000000 0.000000 0.000001 
19.339214 103.764015 -14.088184 -26.473852 -4.827305 -27.195165 17.306617 2.469339 9.583452 2.077183 -1.978045 4.624362 -3.165468 19.318744 3.168241 3.248968 -8.598628 7.554989 0.000000 0.000002 -0.000000 2.401672 -4.517879 -3.460144 6.486607 1.397161 -13.150865 111.207665 -43.211673 113.067143 0.000001 -0.000005 0.000001 0.513807 19.729310 24.880813 -28.581053 65.646451 84.147500 47.378471 37.059828 -35.152644 -0.000000 -0.000002 0.000000 -46.918403 10.233878 -17.248043 8.208626 3.666740 2.912388 -7.307198 5.180668 3.999220 -0.000002 -0.000004 -0.000003 15.885207 0.253010 1.196454 25.172601 6.590515 40.174210 -15.019296 2.108691 -3.132046 0.000001 -0.000001 -0.000000 
19.306061 103.752754 -14.058319 -26.482467 -4.547767 -27.206382 17.526733 2.505159 9.634577 1.671543 -2.151107 4.676783 -3.087593 19.306592 3.154284 3.785349 -8.357402 7.658092 0.000000 -0.000002 -0.000000 2.622917 -4.692242 -3.381710 6.697744 1.556069 -13.042995 110.644003 -42.815860 113.313863 -0.000001 0.000000 0.000000 0.609658 19.685981 24.953386 -28.019980 65.994244 83.521418 47.627725 36.586462 -36.125820 -0.000001 -0.000004 0.000003 -46.763338 10.261767 -17.550323 8.699932 3.514292 2.835320 -7.504905 5.237797 3.973761 -0.000001 0.000000 -0.000004 15.871478 0.281129 1.361005 25.026467 6.499071 40.292597 -14.978767 2.103999 -3.162785 0.000000 0.000004 0.000001 
19.276548 103.743492 -14.036819 -26.294857 -5.081087 -27.276451 17.076596 2.413532 9.469514 2.055724 -1.933260 4.540618 -3.481675 19.524955 3.415116 3.372276 -8.738467 7.835698 0.000001 -0.000002 -0.000000 2.565356 -4.623892 -3.268011 6.702329 1.324570 -13.054789 110.888927 -42.941505 113.204655 0.000001 -0.000003 -0.000001 0.809537 20.038344 24.713062 -26.242528 67.404767 80.403334 46.953217 35.679867 -37.100341 0.000000 -0.000000 0.000004 -47.099154 10.329271 -17.425612 8.896459 3.508833 2.692016 -7.839632 5.440395 4.049674 -0.000002 -0.000005 0.000001 15.468428 0.194911 1.280023 25.327627 6.605015 40.084857 -15.311158 2.516336 -2.490054 -0.000001 0.000002 -0.000001 
19.253313 103.738518 -14.016830 -26.394750 -5.173153 -27.340948 16.522684 2.304505 9.613221 2.782577 -1.736970 4.698172 -3.671468 19.058982 3.251652 3.827632 -8.420094 7.865298 0.000002 0.000000 -0.000001 2.429101 -4.349330 -3.298851 6.545899 1.592945 -13.234467 111.927901 -43.250674 113.228520 -0.000001 0.000002 -0.000001 0.957956 20.685274 24.689377 -26.765442 67.764916 80.777922 45.457463 34.985212 -36.752715 0.000000 -0.000001 0.000004 -46.789593 10.246580 -17.395554 8.462542 3.551528 2.802304 -7.706689 5.366137 4.081091 -0.000001 0.000002 -0.000003 15.441610 0.156359 1.283465 25.380997 6.642340 40.150225 -15.677309 2.615460 -2.480817 -0.000001 0.000002 0.000001 
19.229794 103.734200 -13.987251 -26.538261 -4.774427 -27.262495 16.475668 2.307979 9.724101 2.424320 -1.927674 4.791079 -3.374669 19.071580 3.100924 3.522646 -8.805134 7.989606 0.000000 0.000002 -0.000000 2.505270 -4.585679 -3.416996 6.471660 1.440647 -13.033154 112.358934 -43.551789 112.974710 0.000001 0.000000 0.000000 0.660769 20.093175 24.749021 -26.115455 67.318010 80.102375 45.791887 35.570464 -36.421349 -0.000000 0.000001 -0.000001 -46.261028 10.160434 -17.694524 8.477182 3.576345 2.778947 -7.915894 5.330325 4.136313 0.000002 0.000005 -0.000001 15.587178 0.186699 1.350935 25.408802 6.642513 40.234336 -15.454213 2.414472 -2.908701 -0.000000 0.000000 -0.000000 
19.204229 103.732353 -13.960081 -26.315264 -4.536452 -27.244235 16.510679 2.308084 9.793642 1.998218 -2.059153 4.732565 -2.987830 19.351603 3.177528 3.412510 -9.044351 8.294436 0.000002 0.000002 0.000000 2.631638 -4.464809 -3.123304 6.710675 1.238138 -13.133865 112.152437 -42.407449 114.522601 0.000001 0.000005 -0.000004 0.753627 20.026330 24.761498 -24.963513 68.083435 78.444784 47.334720 36.161433 -37.832571 0.000000 -0.000002 0.000004 -45.772875 10.133065 -18.115550 8.184909 3.505733 2.864255 -7.942651 5.051932 3.920642 0.000000 0.000004 -0.000003 15.498234 0.182293 1.457486 25.298601 6.620126 40.257224 -15.171932 2.269790 -3.176958 -0.000002 0.000002 -0.000001 
19.182896 103.732887 -13.937880 -26.278547 -4.712274 -27.292164 16.670607 2.337404 9.758114 1.497943 -2.278220 4.750509 -2.515084 19.781428 3.219609 2.852554 -9.346186 8.189650 0.000001 -0.000001 -0.000002 2.730651 -4.876554 -3.013761 6.697716 1.279014 -13.314747 111.687807 -42.621958 114.203563 0.000001 0.000002 -0.000001 0.826635 20.276458 24.659141 -22.541228 68.629290 74.912210 46.873980 35.865221 -37.949067 -0.000003 -0.000002 0.000002 -45.540529 10.084250 -18.230265 8.155127 3.493860 2.870363 -8.164750 5.080052 3.851507 -0.000001 0.000003 -0.000006 15.317083 0.183751 1.557002 25.316286 6.649885 40.052844 -14.892485 2.218969 -3.088324 -0.000000 0.000002 -0.000000 
19.166449 103.740089 -13.912508 -26.350609 -4.706207 -27.320121 16.416114 2.297341 10.067345 2.447724 -1.901227 4.752384 -3.251416 18.589921 2.962316 3.418786 -8.797416 7.931396 -0.000000 0.000000 -0.000001 2.453950 -4.280985 -3.322010 6.618753 1.173736 -13.279454 112.390995 -43.080913 113.630872 0.000000 0.000002 -0.000003 0.565876 19.670294 24.590740 -27.264457 67.002646 81.848015 46.551636 36.426826 -36.156733 -0.000002 -0.000001 0.000002 -45.130755 9.984164 -18.204418 7.659244 3.645995 3.031879 -8.141783 4.638933 3.585510 -0.000002 -0.000002 -0.000001 15.506310 0.189235 1.627954 25.340461 6.619987 39.776163 -15.149426 2.570888 -2.381686 0.000001 0.000002 -0.000001 
19.144192 103.755829 -13.882254 -26.346659 -5.367396 -27.309400 16.416981 2.312706 9.875154 2.208152 -1.951829 4.669650 -2.892027 19.328768 2.995416 4.729619 -8.153296 8.032868 0.000002 -0.000000 0.000000 2.724823 -4.787286 -3.377443 6.630941 1.395057 -13.141909 111.549987 -42.818289 113.629780 -0.000002 0.000002 -0.000001 0.723338 20.068096 24.663029 -26.058328 67.369830 80.213926 46.165440 35.561629 -36.712076 0.000001 -0.000004 0.000002 -45.398293 9.898285 -17.594267 7.467351 3.712661 2.911312 -7.815869 4.543856 3.542038 0.000000 -0.000001 -0.000003 15.228211 0.176862 1.496338 25.429826 6.595177 39.362462 -14.852738 2.615957 -2.294922 0.000000 0.000002 -0.000000 
19.122986 103.795448 -13.860863 -26.244515 -5.605309 -27.191449 16.648081 2.372161 9.665009 1.560136 -2.182669 4.613678 -2.591482 19.730029 3.110003 4.499705 -8.391976 8.052628 0.000000 -0.000001 0.000000 2.568051 -4.481158 -3.394452 6.530759 0.823238 -13.231548 112.117999 -43.603733 112.835531 -0.000000 0.000004 -0.000001 0.773704 20.483232 24.824527 -24.431015 67.295962 77.893117 45.714169 35.561728 -36.482943 -0.000003 -0.000000 0.000004 -44.957401 9.778221 -17.570008 6.806473 3.863161 3.322624 -7.689751 4.291760 3.405035 -0.000000 0.000000 -0.000005 15.052239 0.142424 1.598610 25.243331 6.440633 38.821436 -14.782491 2.663338 -2.223950 -0.000001 0.000001 -0.000002 
19.105577 103.845596 -13.850784 -26.038242 -5.859505 -26.995679 16.672277 2.350821 9.326499 1.879033 -1.921562 4.389008 -2.975871 19.912109 3.451855 4.817848 -8.267628 8.159356 -0.000000 -0.000004 0.000001 2.829418 -4.888597 -3.274508 6.869918 0.769149 -13.323809 110.593883 -43.668241 111.894871 0.000001 -0.000001 -0.000002 1.225106 21.476268 25.034897 -21.924503 67.021552 74.799218 46.107619 34.757842 -37.673759 -0.000000 0.000002 0.000002 -44.773717 9.733439 -17.523544 7.204928 3.835796 2.983497 -8.256149 4.569907 3.480385 -0.000000 -0.000003 -0.000001 14.800779 0.121527 1.722503 25.072426 6.252607 38.222613 -14.337112 2.501845 -2.193953 0.000001 0.000002 0.000000 
19.083269 103.939590 -13.853542 -25.277374 -5.784700 -26.834751 16.080337 2.253883 9.225329 2.186148 -1.749473 4.268568 -3.148206 19.874809 3.761156 4.842414 -8.200548 8.156915 0.000000 0.000000 -0.000000 3.024737 -5.134859 -3.557733 6.792176 0.758664 -13.352993 109.810994 -44.088246 111.138823 -0.000002 0.000004 -0.000003 0.845195 20.821301 25.234757 -21.737512 66.279534 74.679472 45.452317 34.595052 -36.833660 0.000003 0.000001 0.000002 -43.588266 9.593386 -17.908555 6.734365 3.913160 3.741080 -9.481517 3.486279 2.959198 -0.000000 0.000006 -0.000003 14.625860 -0.002788 2.361775 24.178812 5.476053 37.357146 -14.797417 2.968052 -1.569223 -0.000000 0.000000 0.000000 
19.055176 104.076744 -13.858786 -24.638062 -5.420390 -26.526088 15.868765 2.223069 9.188305 2.430427 -1.650175 4.084876 -3.828830 19.700461 4.134267 5.046785 -7.989837 7.916582 0.000000 0.000000 -0.000001 2.708209 -5.195684 -3.701770 6.486559 0.029266 -13.973564 111.149369 -45.152267 110.111535 0.000001 0.000000 -0.000004 0.546533 21.158551 25.394485 -20.509392 64.478454 72.783698 46.660885 35.902852 -36.437003 -0.000001 -0.000002 0.000002 -41.408667 9.197126 -18.207799 5.490934 4.372268 5.642630 -10.253392 0.862781 1.622204 0.000001 0.000004 -0.000004 15.040044 -0.159421 2.980672 23.138779 4.303457 36.235513 -14.739096 3.516246 -0.684656 -0.000001 0.000004 -0.000001 
19.024931 104.225899 -13.850512 -24.046898 -5.274314 -26.189949 15.237344 2.165350 9.103845 2.771358 -1.349343 3.886516 -4.016419 19.276539 4.422015 5.129556 -7.777242 7.705860 0.000001 0.000002 0.000000 2.679354 -5.514115 -3.947597 6.586554 -0.919857 -14.158286 110.017047 -46.190701 108.328460 -0.000000 -0.000001 0.000001 0.646568 22.330515 25.770123 -18.721040 62.473398 70.763560 46.864779 36.044640 -36.981998 -0.000002 -0.000002 0.000000 -39.933247 8.709032 -17.914198 4.686343 4.492214 6.906485 -10.574040 -1.189380 0.488000 -0.000000 -0.000004 -0.000003 15.193455 -0.122509 3.356170 22.351408 3.674359 35.108719 -14.191100 3.376256 -0.712068 0.000001 0.000002 -0.000001 
18.994648 104.409149 -13.861610 -23.244034 -4.963491 -25.368388 15.075962 2.094111 8.589596 2.083652 -1.240902 3.440096 -3.704712 19.399704 4.857350 4.742686 -7.824984 7.659886 0.000001 0.000000 -0.000000 2.751024 -5.498073 -3.855924 7.361206 -1.928206 -14.047517 108.240084 -45.705310 108.255548 0.000003 -0.000001 -0.000002 0.971635 22.199903 25.455442 -15.434494 63.268623 66.240848 46.577522 35.187526 -38.131621 -0.000000 -0.000000 0.000002 -37.466719 7.811054 -17.543175 3.511631 4.856262 8.860743 -10.897886 -3.974242 -0.841419 -0.000002 -0.000001 0.000000 15.410491 0.082614 3.845410 20.940887 2.560477 33.357473 -13.482037 3.451836 -0.314481 0.000000 0.000002 -0.000001 
18.962166 104.625381 -13.884178 -21.952756 -3.993219 -23.943954 14.833195 1.967951 7.537247 -1.027804 -2.416103 3.381797 -0.946745 19.399805 5.060786 3.301024 -8.113971 7.373388 -0.000000 -0.000004 -0.000000 2.750242 -3.871340 -3.747999 8.533536 -3.555357 -13.789690 106.213649 -43.626993 110.002109 -0.000003 0.000002 -0.000001 1.405981 20.524766 24.356118 -13.662394 65.765610 63.946594 47.652222 33.789694 -40.000733 -0.000001 -0.000002 0.000002 -33.966558 7.000068 -17.510617 4.200449 4.971498 10.057676 -13.430411 -6.743617 -2.473652 -0.000003 0.000004 -0.000004 14.787882 -0.064380 4.453458 19.826904 1.076088 30.954557 -13.929776 4.454191 0.541869 0.000001 0.000002 0.000001 
18.933918 104.857208 -13.925310 -20.730908 -3.536584 -22.742927 14.330912 1.843938 6.627202 -2.031339 -2.815153 3.381917 -0.330689 19.630946 5.293712 3.644104 -7.394085 7.184750 -0.000001 0.000000 -0.000001 3.473843 -4.161654 -3.905593 8.953686 -4.192301 -13.628885 104.325327 -42.785415 110.618137 0.000001 -0.000003 -0.000001 1.402259 19.514062 24.201688 -12.587981 65.205910 63.053451 49.419349 34.325252 -41.279085 0.000001 -0.000002 0.000000 -30.985877 6.324214 -17.670975 5.133438 4.535702 11.123922 -15.738404 -8.505999 -3.923934 0.000001 0.000004 -0.000003 13.513455 -0.288319 4.779339 19.374620 0.617766 28.851918 -14.389569 5.313401 1.766624 -0.000001 0.000002 0.000001 
18.920031 105.117317 -14.004213 -19.098495 -3.413014 -21.110906 12.705027 1.508149 5.942150 0.384105 -1.286238 2.633253 -2.254272 18.070136 5.815514 3.285852 -6.384362 6.213878 0.000001 0.000000 -0.000001 4.189911 -5.148151 -4.527910 9.069456 -3.571171 -13.268155 103.100141 -42.791285 110.776823 -0.000004 0.000000 -0.000003 2.060840 20.339123 23.595312 -10.200584 65.599507 59.891381 47.520403 34.012184 -40.854012 0.000000 -0.000003 0.000002 -27.145706 4.968486 -17.093500 6.400830 4.330578 12.456493 -18.905178 -10.430459 -5.662666 0.000003 0.000000 -0.000005 11.736136 -0.178837 5.033971 17.881826 -0.216100 26.359923 -14.349891 6.515557 4.213807 0.000000 0.000000 -0.000000 
18.909874 105.392975 -14.097544 -18.044216 -1.432744 -18.994944 12.187156 1.347672 5.140663 1.093060 -0.825453 2.350217 -3.214284 16.479037 5.649346 2.620874 -5.731423 5.490241 -0.000001 0.000002 -0.000000 4.734505 -5.450541 -5.343891 8.917959 -4.067580 -12.927662 103.982896 -43.510323 110.828302 0.000001 0.000002 -0.000002 1.381390 19.070573 24.126651 -10.463373 63.926329 60.795883 49.615416 36.468415 -40.989338 0.000000 0.000002 -0.000001 -21.156897 3.310513 -17.095613 6.717476 4.379319 15.045568 -22.494834 -13.719572 -8.445977 -0.000005 -0.000002 -0.000005 9.963624 -0.316574 5.472890 16.643781 -1.330340 23.668419 -13.939052 7.261528 5.236455 0.000000 0.000002 0.000000 
18.897285 105.653961 -14.182121 -16.995403 -1.144161 -17.307237 11.283665 1.177468 3.955259 -1.165559 -1.436316 1.985439 -0.996730 16.742167 6.111416 0.784489 -5.371651 4.337308 0.000000 -0.000002 -0.000000 4.857080 -3.758337 -5.876432 10.053327 -6.365108 -12.529787 101.931667 -42.636985 110.859175 0.000001 0.000004 -0.000003 2.399648 20.585336 24.230718 -4.388878 63.977460 52.800528 50.297581 35.118162 -43.565231 -0.000002 -0.000001 0.000004 -17.487490 2.391282 -16.151811 6.849232 3.955535 16.722287 -24.076331 -15.079835 -9.797331 0.000002 0.000002 -0.000004 8.846971 -0.386423 5.141955 15.900385 -1.684509 21.621077 -13.081716 7.575010 5.395726 -0.000001 0.000002 -0.000001 
18.861204 105.888290 -14.268211 -14.477021 0.474262 -15.819739 8.403298 0.777445 3.587568 0.973392 -0.701646 2.063176 -2.133063 15.176337 5.874920 -0.082679 -4.405695 3.715377 -0.000001 0.000000 -0.000000 4.704833 -3.134202 -6.148547 10.323370 -8.086241 -13.539099 103.210169 -43.739343 109.841770 0.000001 -0.000003 -0.000002 1.910969 20.133758 24.561908 -2.732460 61.774874 50.256067 51.644027 36.983856 -43.220027 -0.000002 -0.000000 0.000000 -12.805631 1.378581 -14.396449 6.498925 3.317540 18.895845 -25.172549 -17.748501 -12.247821 -0.000000 0.000006 -0.000001 6.061128 -0.721280 5.531404 14.611564 -1.635654 19.600577 -11.778603 6.417090 3.897006 -0.000000 0.000002 -0.000001 
18.800879 106.082108 -14.359718 -12.374443 1.626545 -14.418343 6.497839 0.537643 3.012248 2.061518 -0.296198 2.137378 -2.778133 14.366418 5.662650 -1.891369 -3.275394 2.577221 0.000001 -0.000002 -0.000000 5.274111 -4.121214 -7.010525 10.546448 -8.361447 -13.818368 104.059865 -43.796819 110.384989 0.000001 0.000002 -0.000003 1.568580 19.470993 25.122699 -2.324901 59.710381 49.925807 53.738521 38.358373 -43.907670 0.000004 -0.000002 0.000004 -8.420737 0.561412 -11.207077 8.552728 2.221844 19.125904 -26.098184 -19.059668 -14.008715 0.000001 0.000003 -0.000001 4.634058 -0.673857 5.686883 12.228911 -1.546074 17.934911 -10.538816 4.978281 2.709877 -0.000001 0.000002 -0.000001 
18.730698 106.237442 -14.458864 -9.928865 2.494151 -13.413131 4.033044 0.195736 2.703199 3.806448 0.348023 2.332815 -3.746459 13.376930 5.166665 -1.812071 -2.088487 2.183787 0.000001 0.000000 -0.000001 6.033515 -4.461129 -7.617018 11.007982 -8.807611 -13.834591 103.700167 -44.039448 110.315444 0.000001 0.000002 -0.000003 1.670915 18.523203 25.202635 -1.940147 58.398042 50.353312 55.169514 38.825370 -45.228854 0.000002 -0.000002 0.000004 -6.187286 0.194781 -8.322837 10.221504 1.231914 18.529178 -25.161432 -19.959824 -14.474212 -0.000001 0.000002 -0.000004 3.091140 -0.726396 5.965537 9.823384 -1.788736 16.271493 -9.086231 3.827183 1.434006 -0.000001 0.000000 -0.000001 
18.622036 106.350899 -14.564301 -7.540402 3.595306 -12.164897 3.643224 0.129624 1.950418 3.003038 0.410411 1.867988 -3.755420 12.101535 5.540050 -2.152857 -0.717926 1.227895 0.000000 -0.000004 0.000000 6.735419 -3.791692 -8.375750 12.296267 -10.372890 -13.879919 100.683559 -43.118120 109.757226 -0.000003 -0.000001 -0.000002 2.672285 19.019963 25.198813 1.681237 58.389108 45.940880 56.234051 36.900169 -48.364593 -0.000000 -0.000000 0.000000 -5.029233 0.220780 -4.890588 12.855375 0.356588 17.137237 -22.471911 -18.498922 -12.743997 -0.000000 0.000010 0.000001 1.673346 -0.724703 6.095599 7.862093 -2.000131 14.552782 -7.853470 1.996944 -0.821731 -0.000000 0.000002 -0.000000 
18.477980 106.430565 -14.676907 -4.228113 4.675086 -10.620728 2.162623 0.044926 0.862487 3.404371 0.656432 1.588518 -3.603099 11.351803 5.691796 -5.173341 -0.325124 -0.470355 0.000001 0.000000 -0.000000 7.153414 -3.478658 -9.491327 12.849092 -12.286996 -14.179964 99.892760 -43.137900 109.443010 0.000001 -0.000001 -0.000000 2.333090 17.689505 25.523497 2.734610 57.984823 44.656392 57.719511 36.962197 -49.833607 -0.000001 -0.000002 0.000000 -4.066273 0.401113 -1.973634 13.181702 -0.125912 15.318458 -20.555927 -17.366272 -11.482721 -0.000002 0.000003 -0.000002 -0.456254 -0.878227 5.461609 5.924060 -2.565927 13.509634 -5.887930 2.447769 -0.148229 -0.000001 0.000002 0.000000 
18.322233 106.502716 -14.777374 -2.569952 4.695503 -9.576314 1.577002 0.006317 0.238509 4.126335 1.037724 1.279533 -4.536129 10.675482 5.774545 -4.454786 0.742390 -1.245217 0.000000 0.000002 0.000000 7.706403 -3.098057 -10.344104 13.231086 -12.520489 -15.306401 100.540815 -43.149966 109.408859 -0.000000 -0.000001 -0.000002 2.519908 18.366473 26.264130 3.975277 57.432110 43.136637 56.702707 36.658353 -49.148327 0.000002 0.000001 -0.000001 -2.333587 0.553359 0.449151 12.035184 -0.160608 13.566043 -18.278852 -16.757651 -10.401580 0.000001 0.000005 -0.000001 -1.175548 -0.869471 4.739893 4.383599 -3.268607 13.030264 -4.134034 1.892207 -1.246693 0.000001 0.000002 0.000000 
18.134304 106.543022 -14.872847 -0.046130 5.521325 -8.602145 0.485613 -0.069451 -0.060796 3.727507 1.063938 1.094111 -3.570936 9.800928 5.617343 -5.674148 1.131946 -2.510628 -0.000001 0.000000 -0.000001 7.850514 -2.591174 -11.732800 13.466421 -12.710291 -17.474018 103.939394 -42.719773 111.721650 -0.000000 0.000002 -0.000001 2.176755 18.832445 27.257789 3.955158 57.030587 43.324802 58.215000 38.943266 -48.182688 0.000001 -0.000002 0.000002 -2.549300 0.648094 2.631796 10.841058 0.170056 11.479184 -18.783131 -15.028665 -9.379449 0.000000 0.000003 -0.000000 -2.942064 -0.854923 3.859668 2.857526 -4.217395 12.941318 -3.522784 0.377736 -3.881629 0.000001 -0.000001 0.000000 
17.906088 106.561737 -14.940847 1.606393 5.853016 -7.625159 0.337576 -0.091477 -0.116162 1.990705 0.761741 0.710662 -1.815427 10.400195 5.480201 -6.531301 1.390011 -3.281522 0.000000 -0.000000 0.000002 9.261289 -5.245414 -13.051546 14.085878 -10.883886 -19.722079 101.642203 -42.215903 111.671872 0.000001 0.000000 -0.000002 1.725528 18.389198 28.502166 5.304112 57.128115 42.034466 54.221412 38.198024 -43.918485 0.000000 -0.000002 0.000002 -1.816031 0.658479 4.839997 7.996407 0.970664 8.434736 -18.902600 -12.997800 -7.975573 -0.000000 0.000001 -0.000002 -4.439639 -0.703242 2.799725 2.815595 -4.657967 13.464588 -3.460775 -0.515820 -5.342579 -0.000001 0.000002 -0.000000 
17.682524 106.579300 -15.009279 2.903131 6.435668 -7.122386 -1.268973 -0.378760 -0.009296 4.744544 1.613671 1.015412 -3.656846 9.227049 4.720960 -6.493044 2.027898 -3.414188 -0.000000 0.000002 -0.000000 10.234979 -4.620016 -14.958015 15.424350 -11.208128 -20.424091 99.492046 -41.722846 110.599047 0.000000 -0.000001 -0.000004 1.946924 17.802973 29.142921 7.508568 57.778025 40.065739 52.205670 36.911882 -41.570864 -0.000004 -0.000003 0.000002 -1.807414 0.729182 6.074900 6.627511 1.045853 6.675171 -18.943217 -10.129926 -6.155005 0.000001 0.000003 -0.000002 -5.412245 -0.628023 2.139696 2.192869 -4.928711 13.931787 -3.078069 -2.151688 -7.668151 -0.000000 0.000000 -0.000000 
17.428989 106.582695 -15.064131 3.110940 7.286522 -6.700932 -1.328857 -0.378872 0.139587 4.671865 1.501886 1.247735 -4.016868 8.231754 4.114508 -6.493280 2.513050 -3.973950 0.000001 0.000005 -0.000000 10.146739 -2.590187 -17.528835 16.129014 -10.902306 -23.823946 102.472925 -43.410589 107.631432 0.000001 0.000000 -0.000002 1.188785 17.717970 30.811161 4.991045 55.788719 44.630228 54.662738 40.185558 -37.881937 -0.000001 0.000002 0.000000 -1.381658 0.930886 7.154800 6.357018 1.464176 5.626733 -17.901318 -9.987243 -5.663285 0.000001 0.000001 -0.000003 -5.465566 -0.464250 1.317288 2.075639 -5.500444 15.292073 -2.177201 -3.199258 -9.591511 -0.000000 0.000002 0.000000 
17.149174 106.561348 -15.101572 4.031138 7.751353 -6.311520 -2.118586 -0.624573 0.156575 2.531308 1.025798 1.003570 -1.972731 8.869015 4.230085 -7.126506 2.668300 -4.350681 -0.000001 -0.000002 -0.000000 11.852516 -2.607486 -19.195996 18.370002 -13.124531 -26.284714 97.134763 -43.437681 103.104683 -0.000000 -0.000001 -0.000002 1.278438 16.184437 32.143925 5.758124 55.315257 46.115511 54.564773 41.111974 -33.419545 -0.000003 -0.000004 -0.000000 -1.263776 0.879817 8.257739 5.890337 1.801421 4.002072 -17.987650 -7.600933 -4.072029 0.000001 0.000001 -0.000001 -6.313362 -0.123284 0.461240 3.095712 -5.654880 17.016323 -2.169576 -3.479097 -10.447422 -0.000000 0.000002 0.000000 
16.866037 106.532166 -15.130390 4.890930 8.582803 -6.270370 -3.424071 -0.868772 0.219417 2.728850 1.029234 1.279599 -2.193451 8.547966 3.704155 -7.348982 2.677156 -4.043914 0.000001 0.000004 -0.000001 12.711871 -2.705001 -20.761702 19.589879 -13.978369 -28.647656 96.886083 -43.622984 101.194498 0.000001 -0.000003 -0.000002 0.780647 15.104536 33.516920 4.861091 53.680069 48.604241 53.396568 42.686589 -27.642747 -0.000000 0.000002 -0.000001 -1.849125 0.803403 8.725590 6.604579 1.866763 3.671140 -18.441012 -6.465394 -3.307375 -0.000001 0.000003 -0.000003 -6.803125 -0.036476 0.274052 3.526593 -5.810165 18.102402 -2.413657 -3.621741 -10.660660 0.000001 0.000002 0.000000 
16.564060 106.473335 -15.160496 5.459920 9.674545 -6.485796 -5.285957 -1.140991 0.469952 4.224650 1.025198 2.286096 -2.358230 8.207037 2.617114 -8.263459 2.441259 -3.982467 0.000002 0.000002 -0.000000 13.799042 -4.173278 -22.280547 20.841767 -14.106899 -32.342684 95.030088 -42.671860 100.603762 0.000002 0.000000 -0.000003 0.049484 13.335988 35.359804 1.975098 49.874253 54.960210 53.177975 43.017283 -23.203474 -0.000001 -0.000000 0.000002 -2.213615 1.170098 9.049639 5.583866 2.275189 3.525877 -19.826632 -5.309672 -2.790396 -0.000002 0.000003 -0.000003 -7.145460 -0.332349 0.235240 4.583079 -5.652720 19.586471 -3.331990 -3.554476 -10.793149 0.000001 0.000002 0.000000 
16.235664 106.421600 -15.183554 4.859256 11.515032 -6.758785 -4.990403 -1.208754 1.268461 5.872076 1.011858 3.368775 -3.248044 6.123640 1.360927 -9.183772 3.054653 -4.740752 0.000001 0.000000 -0.000000 14.350829 -4.468197 -24.139116 21.753946 -14.817648 -37.278035 92.420888 -42.277546 99.097616 0.000002 0.000000 -0.000002 -0.582895 12.990754 37.187211 0.004552 45.322953 59.968658 51.717141 41.852414 -19.537882 0.000001 -0.000002 0.000000 -1.438060 1.678826 9.391333 4.994176 3.003630 4.332038 -21.040292 -6.936335 -3.939877 -0.000000 0.000001 -0.000003 -7.034514 -0.714677 0.026830 6.487796 -5.563867 21.856038 -4.141799 -2.384371 -9.837781 0.000002 0.000004 -0.000000 
15.899504 106.352966 -15.183643 4.770945 12.920677 -6.929412 -4.625697 -1.214286 1.647544 7.144026 1.134328 4.195240 -4.032812 4.723019 0.607197 -9.671000 3.671127 -5.029791 0.000002 -0.000003 0.000000 14.760985 -4.490318 -25.074027 22.803503 -16.170739 -41.243691 89.231668 -41.597993 97.451179 -0.000000 0.000000 -0.000002 -0.438205 13.921539 38.180703 -0.233351 41.435933 62.581219 52.665755 41.224723 -19.279433 -0.000003 0.000002 0.000000 -0.664297 1.906480 9.791015 4.226380 3.431491 4.615668 -21.484773 -8.479469 -4.857014 -0.000001 0.000001 -0.000003 -7.236384 -0.847823 -0.194902 7.627315 -5.457286 23.588610 -3.995312 -1.650862 -8.891140 -0.000000 0.000004 -0.000000 
15.513710 106.276093 -15.128855 4.447847 15.180936 -7.511986 -3.861518 -1.234226 2.439453 7.300127 0.961953 4.867849 -4.212632 3.807743 -0.063575 -8.919514 3.822310 -4.919379 -0.000000 -0.000000 0.000000 15.425041 -6.676521 -25.640049 23.233250 -19.780837 -45.029030 81.969831 -40.985086 94.008524 -0.000002 0.000002 -0.000001 -1.301308 11.356987 39.496266 0.281920 37.000320 64.160502 49.839327 40.233796 -13.714845 -0.000002 0.000001 0.000000 0.188299 2.260607 10.570969 4.419213 4.208170 5.569975 -22.373722 -10.669617 -6.198868 -0.000000 0.000001 -0.000002 -6.745871 -0.986710 -0.047864 9.184934 -5.666776 26.247351 -3.817347 -0.290299 -7.609810 -0.000000 0.000001 -0.000002 
15.098306 106.165337 -15.030624 5.692161 16.743393 -8.310355 -3.469647 -1.262326 3.388239 7.514083 0.685422 5.716509 -5.087704 2.203669 -1.132218 -9.284036 4.763752 -6.158587 0.000002 -0.000000 0.000000 15.588020 -8.767874 -26.315906 22.520599 -23.904945 -48.878750 71.319633 -41.420774 85.948047 0.000001 -0.000001 -0.000000 -1.718667 10.302948 39.291766 0.646053 33.901955 63.756080 44.594083 35.488772 -12.427922 0.000001 0.000001 0.000002 -0.769954 2.460578 11.543125 5.515871 4.291676 5.981790 -24.063180 -11.422782 -7.152869 -0.000001 0.000002 -0.000003 -7.870168 -0.749904 -1.544921 11.768159 -4.326556 31.066234 -2.832898 1.223471 -5.058384 0.000002 0.000005 0.000000 
14.688628 106.056770 -14.924202 5.847144 19.181381 -8.584002 -3.156384 -1.232643 3.610373 6.983073 0.205808 6.260883 -5.105082 0.998081 -1.699300 -10.208103 5.254866 -6.953841 0.000001 0.000002 0.000000 15.233371 -7.874604 -26.363583 21.816965 -25.526307 -53.565448 62.831088 -41.615448 75.220122 -0.000000 -0.000005 0.000001 -1.873338 8.965736 38.924039 0.743750 30.861687 63.330368 40.606011 31.794022 -10.345119 -0.000000 -0.000005 -0.000000 0.332045 2.825819 12.116088 4.986187 4.634740 6.229175 -24.588276 -12.864095 -8.377406 0.000000 0.000001 -0.000003 -7.946546 -0.528993 -3.466522 13.780234 -3.145815 36.013436 0.281288 1.893849 -3.637699 0.000000 0.000006 -0.000003 
14.268475 105.962242 -14.812296 6.597468 21.968038 -8.439689 -2.862847 -1.216985 3.696553 6.614371 -0.048465 6.374743 -5.021182 -0.973647 -2.209491 -11.578847 5.564473 -8.001055 0.000001 0.000002 -0.000000 15.373366 -8.648758 -25.174651 20.972680 -29.679948 -57.351329 51.477565 -38.720366 65.390694 0.000002 0.000000 -0.000002 -1.808278 7.768313 38.708653 1.363247 27.898317 62.642397 37.233670 27.759239 -8.254798 -0.000000 -0.000001 0.000002 0.730759 3.056129 12.379449 4.977299 4.365955 6.076485 -25.011716 -14.234393 -9.621151 -0.000002 0.000002 -0.000003 -9.200746 0.246401 -7.435009 16.542310 -0.731231 42.186271 3.800167 3.609078 -1.186279 0.000001 -0.000002 0.000002 
13.847981 105.869972 -14.708460 8.274547 24.681824 -8.422392 -4.130482 -1.292536 2.842167 6.092347 -0.638202 7.267566 -4.365115 -3.517305 -2.878463 -12.970308 6.441859 -9.001540 0.000001 -0.000002 -0.000000 15.380614 -8.514703 -24.953901 20.422467 -32.806065 -60.118027 41.633756 -34.601588 56.470495 -0.000004 -0.000001 -0.000002 -2.051026 6.865408 39.653353 2.439931 24.950891 61.585364 33.734103 23.059374 -7.675537 -0.000002 -0.000002 -0.000000 0.816825 2.851297 12.571020 4.001440 3.930684 5.622672 -23.779608 -16.238956 -10.801867 -0.000001 0.000003 -0.000001 -10.305929 1.319012 -10.854102 18.533606 1.961036 46.625159 7.375007 6.324905 2.348154 0.000003 0.000005 0.000005 
13.428965 105.772141 -14.601566 8.631426 26.997153 -8.407177 -4.315537 -1.206402 2.030468 6.440824 -1.041756 8.515494 -4.733161 -5.300483 -3.680069 -13.533054 6.904546 -9.224089 0.000002 0.000004 -0.000001 15.600931 -9.063162 -24.542538 20.297983 -34.563588 -61.121792 35.123783 -30.300437 49.974862 -0.000004 -0.000003 0.000003 -2.372670 5.906722 40.615337 3.092012 21.731903 61.794320 31.862443 19.403348 -8.495966 0.000002 0.000001 0.000004 1.388038 2.919636 13.034221 3.356534 3.907513 4.954661 -23.735872 -17.337107 -11.493906 0.000000 -0.000000 -0.000003 -10.597844 1.852444 -13.026807 20.697584 4.301936 49.879225 9.509907 8.688347 4.995213 -0.000000 0.000003 -0.000005 
13.030043 105.720093 -14.494043 8.498617 30.180806 -8.815673 -4.221534 -1.202121 1.942621 4.718479 -2.009016 9.136665 -3.177444 -7.811092 -3.956077 -12.975502 6.971216 -9.510866 0.000001 0.000000 -0.000000 15.571090 -9.146951 -24.922978 20.440635 -34.669525 -61.148259 29.994649 -26.291305 41.892193 -0.000003 0.000000 0.000002 -3.216524 3.188825 41.546989 3.564247 17.114425 62.639030 28.442164 15.340436 -7.216117 -0.000000 0.000002 0.000002 3.710725 3.200623 15.117056 1.815499 4.813486 3.246878 -24.284172 -19.551072 -13.078288 0.000002 -0.000000 -0.000002 -12.304809 2.562752 -15.453592 23.799644 7.264342 53.378198 7.793098 9.225504 5.531523 -0.000003 0.000004 -0.000002 
12.612001 105.733437 -14.390614 8.354846 33.544459 -9.438313 -5.077781 -1.066601 0.767371 2.958572 -3.027823 9.836085 -1.215742 -10.705772 -3.906046 -11.659087 6.614125 -9.463036 0.000001 0.000000 -0.000001 15.035063 -8.129809 -25.899191 20.869711 -32.145117 -61.126723 26.643222 -23.490279 33.803655 -0.000001 -0.000003 -0.000000 -4.337619 0.053427 42.527435 4.271287 11.863279 63.583604 24.050510 10.471846 -6.129600 0.000000 0.000002 -0.000003 7.208411 3.884294 18.663499 -2.485180 6.617663 -0.884929 -24.725671 -21.906715 -14.705213 0.000000 -0.000002 -0.000003 -13.314682 2.953180 -15.809523 25.433114 7.732009 49.658269 6.792701 10.207990 6.442531 -0.000000 0.000001 -0.000004 
12.202061 105.757187 -14.273178 8.555076 35.383993 -10.387163 -5.206495 -1.104314 0.761233 2.206755 -3.572932 10.449698 -0.484062 -12.168816 -4.007330 -11.072263 6.620974 -9.373937 0.000001 0.000000 -0.000000 14.871665 -7.240890 -26.357340 21.209074 -30.809009 -60.801156 23.866115 -20.831814 27.285035 0.000001 0.000000 -0.000002 -4.728709 -1.161942 43.283086 4.946831 8.630999 63.455374 20.365030 6.702731 -5.370611 -0.000006 -0.000001 0.000002 9.179076 4.421198 21.788964 -4.970557 7.518122 -4.034403 -23.905596 -22.408295 -14.709601 -0.000001 0.000002 -0.000003 -14.728678 3.342555 -15.773014 25.396853 7.374367 45.860926 5.438221 10.549036 7.055239 -0.000000 0.000002 -0.000000 
11.811889 105.807999 -14.128105 8.374504 36.301926 -11.255470 -5.077028 -1.220854 1.408926 3.239994 -3.782499 11.794920 -1.721518 -13.367884 -5.019647 -10.926198 7.039838 -9.571511 0.000003 0.000002 -0.000000 14.963587 -6.786411 -27.563532 21.825426 -28.354135 -59.910137 22.192106 -19.238804 23.161013 -0.000001 0.000000 -0.000000 -5.152292 -1.826239 44.431975 6.021624 4.617078 62.561275 18.543287 5.314665 -6.573301 -0.000004 0.000001 0.000002 9.595814 4.805098 23.521874 -5.538578 7.376008 -5.091979 -24.621515 -20.792617 -14.073900 -0.000000 -0.000000 -0.000003 -16.014760 3.348871 -15.100732 24.792026 6.474136 40.033477 0.492154 11.415562 8.988479 -0.000002 0.000000 0.000000 
11.439567 105.865593 -13.986305 8.699579 36.456162 -11.696028 -5.203237 -1.302603 1.623774 3.312377 -3.977868 12.229519 -2.084116 -13.858962 -5.526102 -11.349255 7.132651 -9.838319 -0.000000 0.000000 0.000001 15.249333 -7.142861 -28.374486 22.377387 -26.508985 -58.996886 20.655624 -17.063677 20.462719 0.000006 -0.000001 -0.000001 -5.546345 -3.621716 45.103151 7.094260 0.790922 61.578527 18.261687 4.765209 -7.653723 -0.000001 0.000001 0.000004 9.604268 5.113673 24.536321 -5.422518 7.468066 -5.363552 -25.367014 -20.340607 -14.049574 -0.000000 -0.000000 -0.000002 -15.353051 2.636785 -12.806303 22.926334 4.127260 32.556086 -4.876296 13.682314 13.263363 0.000002 0.000000 0.000000 
11.086559 105.926117 -13.832500 8.489455 37.366578 -12.027527 -4.861895 -1.340410 1.986709 2.467338 -4.371241 12.118211 -1.497614 -14.738763 -5.553991 -11.637960 7.234577 -10.060942 -0.000000 -0.000002 -0.000000 15.054444 -6.888159 -28.944354 22.515218 -24.648066 -59.057955 19.722665 -16.054928 18.312256 0.000001 0.000002 -0.000000 -6.080679 -5.126095 45.201195 7.665998 -3.447321 61.307771 18.028517 4.892959 -7.419941 -0.000006 -0.000000 0.000004 10.027061 5.419661 25.474116 -5.522783 7.671216 -5.413515 -25.956595 -20.391251 -14.232336 -0.000001 -0.000000 -0.000003 -15.808613 2.346097 -12.028091 22.151731 2.890287 27.864648 -8.018591 15.084029 16.223006 0.000001 0.000004 -0.000000 
10.751872 105.987015 -13.665180 8.091355 38.169365 -11.940651 -4.502915 -1.355251 2.178828 3.009983 -4.526920 12.830900 -2.221949 -15.548880 -6.195860 -11.561721 7.467995 -10.221125 0.000001 -0.000002 0.000001 14.922158 -6.753500 -29.358079 22.375976 -23.539590 -59.264541 18.756191 -15.215500 17.445961 0.000001 0.000000 -0.000003 -6.620651 -6.093363 45.278092 7.962594 -7.783681 61.036216 17.348102 5.239274 -7.494662 0.000000 -0.000002 0.000000 10.720370 5.622400 26.094292 -5.463708 7.447178 -5.122588 -27.179286 -19.893990 -14.393946 -0.000000 0.000002 -0.000003 -18.097858 2.711038 -13.104732 23.365543 3.344131 26.182980 -9.943031 15.973086 18.334208 0.000000 0.000000 -0.000000 
10.431488 106.041222 -13.483736 6.828977 39.771382 -12.002072 -2.755672 -1.411988 3.943867 0.037780 -4.978413 11.009497 0.121400 -15.886137 -5.465966 -11.416875 7.220302 -9.824265 0.000001 0.000002 0.000000 14.950603 -6.893560 -29.548809 22.544960 -22.364782 -59.790574 18.064179 -14.799403 16.983844 0.000001 0.000000 -0.000005 -6.987521 -7.945981 44.900055 8.340195 -11.188988 61.029817 17.650565 6.666909 -8.011376 0.000001 -0.000000 0.000000 11.638707 5.901179 27.226562 -5.250862 7.150800 -4.730578 -27.087465 -20.282602 -14.677441 0.000000 -0.000000 -0.000003 -18.642586 2.696743 -12.743713 23.280903 3.323775 25.236427 -10.528983 15.437086 17.827074 0.000000 0.000004 0.000001 
10.126534 106.093369 -13.303640 6.455273 40.908312 -12.019531 -1.942794 -1.415556 4.759374 -1.109717 -5.110793 10.308096 0.687447 -16.175691 -5.337337 -10.806228 7.177413 -9.573719 0.000001 0.000000 0.000001 14.962600 -6.788856 -29.671814 22.753341 -21.384282 -60.523167 17.826051 -14.752678 17.057936 0.000002 0.000000 -0.000002 -7.103846 -8.727382 44.764998 8.594710 -13.097508 61.144256 17.555697 6.842244 -8.488154 -0.000001 -0.000002 0.000002 11.853530 5.980083 27.818525 -5.009578 7.004277 -4.503373 -27.058628 -20.607577 -14.878379 -0.000001 0.000001 -0.000002 -18.951579 2.617447 -12.204824 23.187787 3.204583 24.408817 -9.977162 14.938621 16.852286 -0.000001 0.000001 -0.000002 
9.822809 106.139496 -13.119818 5.964035 41.763455 -11.683657 -1.852024 -1.393241 4.683839 -1.363879 -5.075481 10.139093 1.107574 -16.357039 -5.256097 -10.364210 7.089895 -9.256225 0.000000 0.000002 -0.000000 15.156279 -6.848364 -29.955372 22.931766 -20.940527 -60.701503 16.878881 -13.436146 16.445733 -0.000000 0.000000 -0.000000 -7.223826 -9.937095 44.490343 8.977109 -14.597745 61.869684 16.942231 6.418582 -8.691933 -0.000000 -0.000002 0.000002 12.040910 6.059156 28.248423 -4.430936 6.621493 -4.328618 -27.204823 -20.681244 -14.982788 -0.000001 0.000003 -0.000002 -19.186481 2.622525 -11.861615 23.584734 3.565020 24.323256 -9.421777 14.183651 15.455805 -0.000000 0.000001 -0.000002 
9.532084 106.175140 -12.928469 4.905359 42.291729 -11.037623 -1.266931 -1.383409 5.158967 -2.358000 -5.044415 9.322802 1.961076 -16.990019 -5.103361 -9.280218 7.310813 -9.012812 0.000001 0.000000 -0.000001 15.503472 -6.813020 -30.597588 23.144887 -21.591527 -60.269958 16.415936 -12.334932 17.573674 -0.000001 0.000002 -0.000003 -7.070122 -10.519849 44.179187 9.563900 -15.328838 63.266977 17.040311 5.810077 -9.085016 -0.000002 -0.000003 0.000002 12.399455 6.181817 28.312597 -3.625450 6.370191 -3.682768 -27.562755 -21.084309 -15.370598 -0.000000 0.000001 -0.000003 -18.280385 2.356424 -11.023831 23.684849 3.408519 23.659538 -9.537793 13.892028 14.832388 -0.000000 0.000001 -0.000001 
9.264539 106.205925 -12.736067 4.420395 42.470823 -10.501377 -1.335418 -1.391778 4.980074 -1.890005 -5.016674 9.646927 1.832553 -17.119516 -5.404844 -9.717102 7.393874 -9.235875 -0.000001 -0.000001 -0.000000 15.795026 -6.854392 -31.172526 23.225327 -22.314228 -60.023661 15.750396 -10.982201 18.400810 -0.000005 0.000000 -0.000002 -6.952928 -11.078414 43.880035 9.895402 -15.436233 64.454105 16.384989 4.109935 -9.002599 0.000001 -0.000002 0.000000 12.502788 6.164238 27.948777 -3.267293 6.345572 -3.294383 -28.331191 -21.255235 -15.774438 0.000000 0.000002 -0.000003 -17.800195 2.260400 -10.792347 23.811484 3.278154 23.275780 -9.414133 14.003679 14.780943 -0.000000 0.000002 -0.000002 
8.997206 106.234772 -12.538309 4.125486 42.277218 -9.953448 -1.661701 -1.374440 4.503624 -0.604749 -4.832949 10.477091 0.882869 -17.112938 -6.006086 -10.245422 7.750875 -9.551746 0.000001 -0.000001 -0.000001 15.972865 -6.552431 -31.694721 23.333173 -22.917057 -59.973562 15.341168 -9.998377 18.804411 -0.000005 -0.000001 -0.000002 -6.805824 -11.182379 43.571979 10.244150 -15.586546 66.002850 16.382089 3.677415 -8.963263 -0.000001 -0.000001 0.000002 12.862955 6.166368 27.773708 -3.521598 6.481932 -3.377387 -28.637721 -21.620752 -16.069482 -0.000001 0.000003 -0.000002 -16.936554 2.133735 -10.211978 23.334240 2.808310 22.200922 -8.774335 14.413246 15.084502 -0.000000 0.000002 -0.000002 
8.724573 106.249184 -12.335253 4.519292 42.057716 -9.798391 -1.969106 -1.368866 4.306721 -1.651143 -4.776433 9.543987 2.189851 -17.182873 -5.233198 -9.417490 7.952225 -9.231401 -0.000000 0.000000 -0.000000 15.918657 -5.421195 -32.228394 23.588856 -22.729459 -60.325180 15.130370 -8.526269 17.985985 -0.000001 -0.000003 -0.000002 -6.737005 -12.391552 43.211929 10.583686 -16.118948 67.422355 18.256057 5.064420 -8.969044 0.000000 0.000001 -0.000002 12.397328 6.125457 27.327346 -3.341607 6.514729 -2.815775 -28.777172 -21.824435 -16.318415 -0.000002 0.000003 -0.000003 -16.167010 1.733079 -9.266536 22.202244 2.108381 20.333482 -9.153176 14.806696 16.050813 0.000001 0.000000 0.000000 
8.470600 106.258095 -12.136499 4.562561 41.653772 -9.622061 -2.479994 -1.357437 3.880826 -1.494062 -4.651565 9.585760 2.269030 -16.873564 -5.205909 -8.793788 8.017669 -8.851143 -0.000001 0.000002 -0.000001 16.185148 -5.821731 -32.377337 23.823355 -22.991518 -60.278380 14.652378 -7.033626 17.941409 -0.000003 -0.000001 -0.000002 -6.859469 -14.300806 42.958406 10.766659 -15.921779 67.905884 18.999226 5.207885 -8.055320 -0.000000 -0.000000 -0.000002 12.796843 6.199756 27.358032 -4.328541 6.892901 -3.405856 -28.245590 -22.109512 -16.310695 -0.000000 0.000001 -0.000002 -15.138740 1.482001 -8.315400 20.863889 1.454267 18.688685 -9.018122 15.169454 16.800153 0.000000 0.000002 0.000003 
8.214436 106.242371 -11.950783 5.597091 40.061911 -9.093550 -4.595535 -1.287265 1.706953 1.220179 -4.244151 11.245235 0.328066 -16.467352 -6.013213 -7.256642 8.330701 -8.581290 0.000002 0.000000 -0.000001 16.040614 -4.935443 -32.931422 24.198401 -21.940374 -60.545590 15.252098 -7.090293 18.020211 -0.000002 -0.000001 -0.000001 -6.582736 -13.306146 43.003974 10.752149 -15.959131 68.687920 19.589954 5.284350 -7.249747 -0.000003 0.000002 0.000002 12.459028 5.816765 26.508398 -5.072901 7.347532 -4.342064 -26.902923 -21.620306 -15.403924 0.000000 -0.000001 -0.000001 -14.722292 1.526412 -8.186989 19.155377 0.631110 16.748669 -9.914686 15.666723 18.186905 0.000001 0.000002 -0.000000 
7.964778 106.218864 -11.783789 6.111914 39.278208 -8.563747 -5.443317 -1.195199 0.695866 2.283627 -3.998801 11.807982 -0.313848 -16.624288 -6.267553 -6.556665 8.713197 -8.590384 -0.000001 0.000000 -0.000001 16.037472 -4.077213 -33.649791 24.570672 -21.130870 -60.196076 15.969063 -7.366035 17.898195 0.000001 0.000002 -0.000003 -6.278964 -12.233965 43.480708 10.912540 -15.585430 68.971407 19.533810 4.392332 -6.450954 0.000000 -0.000002 0.000004 12.223202 5.600246 25.952243 -5.350543 7.507758 -4.797445 -26.479590 -21.283843 -15.005499 0.000000 -0.000000 -0.000003 -14.034680 1.493162 -7.797953 17.567238 0.012880 15.115359 -10.110649 15.780240 18.687471 -0.000000 0.000002 0.000000 
7.724932 106.198204 -11.613688 6.502928 38.741403 -8.248755 -5.941031 -1.124188 0.070540 2.675210 -3.929491 12.015811 -0.400847 -16.484265 -6.284482 -6.179206 8.921643 -8.729585 0.000001 0.000000 -0.000000 15.899721 -3.429642 -34.047533 24.671891 -20.770129 -60.055804 16.062488 -6.896687 17.276984 -0.000001 -0.000001 -0.000001 -6.331746 -12.240129 43.591213 10.833192 -15.402474 68.900107 19.440370 3.763260 -5.405585 -0.000000 -0.000000 -0.000002 11.948409 5.500583 25.592620 -5.442943 7.619009 -5.105601 -25.772851 -21.022055 -14.571415 -0.000001 0.000001 -0.000002 -13.887601 1.450720 -7.691750 16.915085 -0.258844 14.271642 -10.333465 15.889984 19.058697 -0.000000 0.000002 -0.000001 
7.483968 106.169647 -11.446384 6.468160 38.430674 -8.028484 -5.852259 -1.110282 0.028500 2.640347 -3.857750 11.935810 -0.393011 -16.266480 -6.291019 -6.023327 8.978139 -8.600363 0.000002 0.000000 0.000001 16.034124 -3.958110 -33.827079 25.030683 -20.573247 -59.905964 16.286670 -6.611479 17.603529 0.000003 0.000000 -0.000003 -6.178703 -12.037313 43.699765 10.919552 -14.684244 68.723622 19.756114 3.682176 -4.725140 0.000000 -0.000000 0.000002 12.299989 5.561289 25.943780 -5.815124 7.768332 -5.688630 -25.828937 -21.101463 -14.631431 -0.000000 -0.000000 -0.000003 -13.512766 1.440641 -7.241498 16.331273 -0.459416 13.597466 -10.001735 15.855879 18.981972 -0.000000 0.000003 -0.000003 
7.251766 106.147987 -11.288293 6.872705 38.240525 -7.721306 -6.277628 -1.081897 -0.441029 3.322875 -3.702736 12.318405 -0.885257 -16.046519 -6.498101 -6.173478 9.116574 -8.617489 0.000001 0.000002 -0.000001 16.086977 -4.020183 -33.843359 25.186370 -20.771297 -59.525898 16.532997 -6.438117 17.513568 -0.000000 0.000000 -0.000000 -6.027797 -11.430614 43.886817 10.992354 -14.173907 68.543906 20.090067 4.116098 -4.728770 -0.000001 0.000001 0.000002 11.997292 5.347133 25.492513 -6.098057 7.804183 -5.895300 -25.448470 -20.999843 -14.446980 -0.000000 0.000001 -0.000003 -13.686437 1.594097 -7.526909 16.232329 -0.358782 13.687743 -10.172243 15.784651 19.041509 -0.000001 0.000001 -0.000001 
7.037589 106.130447 -11.126049 6.865349 38.125853 -7.539658 -6.400009 -1.108384 -0.477310 2.932818 -3.626748 11.866836 -0.366357 -16.129487 -6.105431 -5.917049 9.414978 -8.663113 0.000003 0.000000 -0.000001 16.169218 -3.541050 -34.128741 25.382612 -20.789619 -59.113771 17.024250 -6.796339 17.598729 -0.000001 0.000000 -0.000002 -5.993464 -11.544370 44.075576 11.068754 -13.451898 68.137455 20.217428 4.103774 -4.482806 -0.000000 -0.000000 0.000000 12.085666 5.263293 25.385235 -6.288123 7.836440 -5.957746 -25.461234 -21.052945 -14.481384 -0.000000 -0.000000 -0.000003 -13.368023 1.630070 -7.434561 15.721347 -0.530917 13.369751 -10.329288 15.623781 18.954198 0.000001 0.000004 0.000000 
6.830910 106.112679 -10.967478 5.229588 39.381894 -7.482300 -4.485689 -1.200956 1.354616 0.579154 -3.878371 10.257146 1.279001 -15.831695 -5.540572 -5.695393 8.743316 -8.092991 0.000001 0.000000 -0.000000 16.409654 -4.168002 -33.832615 25.459373 -21.081995 -58.515078 17.345516 -6.491751 16.947351 -0.000001 -0.000001 -0.000000 -6.333517 -14.034923 43.862816 11.307779 -13.559931 67.699291 20.874480 4.780341 -3.909108 0.000001 -0.000000 0.000002 13.041892 5.612991 26.136853 -6.141728 7.639830 -5.233697 -26.640830 -21.778407 -15.478732 -0.000000 0.000003 -0.000004 -11.570427 1.357358 -6.084414 14.888076 -0.861151 13.094839 -9.707335 15.278882 18.021096 -0.000000 0.000004 0.000000 
6.620331 106.096024 -10.817982 4.820965 40.038081 -7.272567 -3.843090 -1.191016 1.740708 -0.942665 -3.965047 9.093220 2.523901 -15.812486 -4.847635 -5.717215 8.432964 -7.854432 0.000000 0.000000 -0.000000 16.377525 -4.146042 -33.536949 25.436333 -20.999466 -58.446646 17.582217 -6.471767 16.352593 -0.000001 0.000000 -0.000002 -6.469131 -14.841405 43.922676 11.190139 -13.403819 67.389686 20.654063 4.359743 -3.142417 -0.000001 0.000002 0.000001 13.385725 5.804932 26.364196 -6.551244 7.881488 -5.413357 -27.046296 -22.556018 -16.158573 -0.000001 0.000001 -0.000003 -11.084825 1.225014 -5.811163 14.777533 -1.049293 13.157098 -9.913486 15.248850 17.868974 0.000000 0.000002 0.000000 
6.420840 106.087242 -10.670156 4.175281 40.335774 -7.062887 -3.301111 -1.162081 2.049744 -1.049484 -3.887631 8.821086 2.685835 -15.988291 -4.581039 -6.596453 8.406389 -8.217454 0.000001 0.000000 -0.000001 16.306305 -3.850065 -33.799697 25.268679 -20.993884 -58.155420 17.693120 -6.547576 15.780797 0.000004 -0.000001 -0.000002 -6.449266 -14.283358 44.116332 11.033695 -13.354356 67.286618 20.602279 4.467473 -3.130876 -0.000002 0.000001 0.000004 13.784294 5.953442 26.556605 -6.751122 7.922728 -5.374713 -27.687377 -22.904961 -16.666222 -0.000002 0.000001 -0.000002 -10.969347 1.197471 -5.788739 15.048899 -0.964691 13.362151 -9.689533 15.037013 17.333656 0.000002 0.000005 -0.000000 
6.218346 106.076607 -10.531279 4.159263 40.659047 -6.975454 -3.469168 -1.149360 1.874492 -1.448295 -3.880727 8.463207 3.063565 -15.906160 -4.383375 -6.494715 8.240708 -8.089475 0.000002 -0.000002 0.000001 16.266850 -4.195168 -33.731811 25.290049 -20.537038 -58.045304 18.029220 -6.663899 15.326588 -0.000002 -0.000001 -0.000002 -6.566406 -14.785876 43.979373 10.865085 -13.051909 67.025616 20.644419 4.323637 -2.385378 -0.000003 -0.000001 0.000002 13.776281 6.028532 26.718604 -6.853584 8.018517 -5.527730 -27.651643 -23.120011 -16.832332 -0.000000 -0.000002 -0.000004 -10.870028 1.157129 -5.690473 14.617643 -1.119877 13.177458 -9.804680 14.773575 17.045060 0.000001 0.000004 0.000000 
6.021124 106.068268 -10.399337 4.163837 41.001434 -6.949749 -3.671174 -1.165552 1.753229 -1.298016 -3.885418 8.565717 2.993917 -16.240390 -4.411008 -6.572801 8.421428 -8.259492 0.000003 0.000002 -0.000000 16.229911 -4.382072 -33.468320 25.518456 -20.158999 -58.283691 18.613676 -6.976658 15.474584 -0.000002 0.000000 -0.000003 -6.398467 -13.914110 44.108675 10.801567 -12.345963 66.640448 20.790821 4.207749 -1.939208 -0.000002 -0.000001 0.000002 13.770427 6.050254 26.718496 -7.196785 8.137171 -5.622460 -27.325674 -23.383935 -16.869739 -0.000000 -0.000001 -0.000002 -10.921993 1.165306 -5.602368 14.595660 -1.156711 13.184557 -9.915063 14.696373 16.956962 -0.000001 0.000004 -0.000000 
5.832246 106.063667 -10.273752 4.409726 41.197871 -6.907111 -3.719203 -1.150084 1.566972 -1.896066 -3.965397 8.246416 3.437388 -16.421911 -4.198287 -6.692157 8.463293 -8.179396 -0.000000 0.000000 -0.000001 16.239871 -4.427764 -33.255474 25.632324 -19.757311 -58.299319 19.163035 -7.598049 15.364826 -0.000000 0.000000 -0.000005 -6.415753 -14.170828 43.972703 10.795648 -12.404377 66.517532 20.922357 4.445444 -1.471833 -0.000001 -0.000000 0.000005 13.803724 6.075869 26.891442 -7.808586 8.292536 -6.373137 -26.535292 -23.380989 -16.524497 0.000000 -0.000000 -0.000003 -11.123652 1.224970 -5.753797 14.375723 -1.102354 13.122216 -9.715488 14.590300 16.780711 -0.000000 0.000002 -0.000001 
5.647404 106.052864 -10.140907 4.611024 41.360880 -6.806733 -3.988930 -1.161911 1.336006 -2.012661 -3.962372 8.141080 3.599595 -16.793019 -4.114691 -6.711358 8.688194 -8.411066 0.000001 -0.000002 0.000001 16.179284 -3.923354 -33.146044 25.678366 -19.719074 -58.249069 19.512505 -7.447711 14.709796 0.000003 0.000000 -0.000003 -6.205014 -13.333626 43.906604 10.820145 -12.247522 66.532278 20.886017 4.171948 -0.954738 0.000000 -0.000001 0.000002 13.647649 6.055771 26.762571 -7.877711 8.326754 -6.378037 -26.461650 -23.663937 -16.660804 0.000001 -0.000002 -0.000004 -11.565946 1.254142 -6.090040 14.706593 -1.084440 13.277399 -9.762526 14.647032 16.748998 -0.000001 0.000008 -0.000001 
5.473125 106.049088 -10.025312 4.443903 41.370148 -6.597234 -3.956183 -1.142925 1.297781 -1.368495 -3.861214 8.454397 2.887673 -16.437569 -4.423873 -6.738722 8.653008 -8.405273 -0.000000 -0.000003 -0.000000 16.093473 -4.144120 -32.883765 25.585853 -19.801045 -58.168042 19.609750 -7.514401 14.184831 0.000003 0.000000 -0.000002 -6.200765 -12.861047 43.899105 10.723166 -11.919968 66.345398 20.854963 4.255776 -0.671359 -0.000000 -0.000002 0.000000 13.530419 6.001889 26.539265 -7.824485 8.261878 -6.258888 -26.187680 -23.665567 -16.551903 -0.000000 -0.000000 -0.000003 -11.581510 1.275564 -6.259530 14.853269 -1.017347 13.524965 -10.126769 14.710225 16.981370 0.000000 0.000004 0.000000 
5.316371 106.043243 -9.909117 4.359986 41.563378 -6.498197 -4.083901 -1.160955 1.317533 -1.232320 -3.805501 8.468256 2.918311 -16.409475 -4.401710 -6.820087 8.638982 -8.418053 0.000001 -0.000001 0.000000 16.173031 -4.065799 -32.934380 25.611416 -19.986141 -57.752671 19.912964 -7.726024 13.918640 0.000001 -0.000001 -0.000002 -6.229611 -13.514947 43.814540 10.796133 -11.398588 66.050293 21.180738 4.454012 -0.420071 -0.000003 0.000001 -0.000003 13.406988 5.968484 26.429724 -7.647199 8.169724 -6.070617 -26.009026 -23.692326 -16.535120 0.000000 0.000001 -0.000002 -11.664041 1.300211 -6.387281 14.984436 -0.955947 13.660768 -9.841801 14.585802 16.618957 -0.000001 0.000002 -0.000001 
5.164447 106.037575 -9.795112 4.093478 41.295682 -6.330017 -3.734144 -1.137579 1.614237 -1.439361 -3.747250 8.123153 3.082350 -15.910765 -4.201525 -6.975986 8.551624 -8.645675 0.000001 0.000000 -0.000000 15.965178 -4.187040 -32.837733 25.397778 -19.650905 -57.734804 20.198106 -8.482379 13.546704 -0.000001 -0.000001 -0.000000 -6.232411 -12.608311 43.759328 10.597114 -11.716585 66.221594 21.289809 4.900358 -0.650525 0.000001 -0.000000 0.000002 13.487483 6.022295 26.406199 -7.550560 8.191742 -6.065392 -26.006816 -23.578008 -16.501619 -0.000000 0.000003 -0.000003 -11.484324 1.256805 -6.305278 14.946530 -0.998058 13.546762 -10.075029 14.769408 16.956098 -0.000000 0.000000 0.000000 
5.017544 106.025871 -9.686562 4.533517 41.345188 -6.234346 -4.146049 -1.127096 1.313969 -1.480768 -3.838495 8.172595 3.324305 -15.812503 -4.216385 -6.905876 8.496497 -8.778015 0.000001 0.000002 0.000000 15.864422 -4.315102 -32.527376 25.235922 -19.560369 -57.855520 20.312009 -9.100144 13.462281 -0.000003 -0.000005 -0.000001 -6.310171 -12.817572 43.428836 10.399258 -11.381336 66.239598 21.433772 5.487324 -0.372367 0.000000 -0.000001 -0.000002 13.239358 5.962518 26.123119 -8.002697 8.349555 -6.426469 -25.462515 -23.885322 -16.511228 -0.000001 -0.000000 -0.000003 -11.169295 1.221396 -6.263896 14.030830 -1.364722 12.963234 -10.332752 14.974551 17.213161 0.000001 0.000004 0.000000 
4.883698 106.012581 -9.576761 4.416036 41.086214 -6.204680 -4.097495 -1.132143 1.437811 -1.331026 -3.816135 8.207937 3.173244 -15.693415 -4.302830 -6.630215 8.551833 -8.799661 0.000001 0.000002 -0.000001 15.737427 -4.470724 -32.428437 25.244231 -18.979979 -58.088826 20.407065 -9.541183 13.535994 0.000002 -0.000001 0.000001 -6.402396 -12.858646 43.332960 10.267491 -11.403005 66.148285 21.742652 6.042571 -0.294464 -0.000003 -0.000000 -0.000001 13.282646 5.953443 26.086557 -7.969944 8.347777 -6.288705 -25.452645 -23.809766 -16.481212 -0.000000 0.000003 -0.000002 -10.946427 1.197993 -6.148549 13.812258 -1.410107 12.928889 -10.522976 14.987438 17.423184 -0.000001 0.000002 0.000000 
4.752469 105.998665 -9.471798 4.466632 40.733312 -6.088829 -3.990868 -1.119675 1.459736 -1.100488 -3.794964 8.321946 2.878639 -15.575890 -4.421017 -6.435409 8.638758 -8.932484 -0.000001 0.000000 0.000001 15.648460 -4.257183 -32.606367 25.142153 -18.840969 -57.879098 20.763823 -10.326557 13.711788 0.000002 0.000000 -0.000000 -6.472478 -12.682411 43.312395 10.090069 -10.973184 65.975898 21.647533 6.028042 0.030021 -0.000002 -0.000002 -0.000002 13.236403 5.890614 25.984177 -7.843408 8.334035 -6.212208 -26.048549 -23.599275 -16.557678 0.000001 0.000001 -0.000001 -11.068970 1.252812 -6.350634 14.172526 -1.359126 13.178093 -10.856502 15.092061 17.614467 -0.000000 0.000001 -0.000001 
4.626672 105.984055 -9.365492 4.816994 40.422610 -5.952414 -4.517463 -1.102524 1.026357 -1.136974 -3.723456 8.134141 3.155646 -15.567147 -4.143247 -6.580817 8.780731 -9.166356 0.000001 0.000002 0.000000 15.570596 -4.184306 -32.535466 25.022487 -18.701039 -58.088553 20.529339 -10.252179 13.377924 -0.000004 -0.000003 -0.000001 -6.418526 -12.229816 43.291887 9.823829 -10.414302 65.875399 21.440886 6.054076 0.132650 -0.000002 -0.000000 0.000000 13.158359 5.863526 25.779820 -8.162952 8.460264 -6.486308 -25.648926 -23.563155 -16.379647 -0.000001 0.000003 -0.000002 -11.204514 1.266777 -6.584639 14.000829 -1.406563 13.039517 -10.837462 15.205143 17.731171 -0.000001 0.000000 -0.000000 
4.513442 105.972710 -9.259205 4.623901 40.298239 -5.809532 -4.294268 -1.094898 1.119455 -1.302173 -3.673040 7.959132 3.282206 -15.568655 -4.002239 -6.671863 8.833370 -9.194920 0.000002 0.000001 0.000000 15.687403 -4.347013 -32.564430 25.091946 -18.733592 -57.952017 20.729158 -10.658306 13.847973 -0.000000 0.000000 -0.000003 -6.262617 -11.600980 43.396789 9.915772 -10.310562 65.880781 21.535032 6.148660 -0.023973 -0.000003 0.000002 -0.000001 13.359731 5.891753 25.831738 -8.136838 8.380149 -6.531610 -25.683248 -23.302830 -16.186444 -0.000000 -0.000002 -0.000004 -11.240376 1.334813 -6.789893 14.219250 -1.305015 13.307166 -11.078645 15.206245 17.756508 -0.000000 0.000004 -0.000000 
4.405039 105.962120 -9.154791 4.248296 40.287932 -5.719155 -3.959581 -1.087332 1.310729 -1.234979 -3.637839 7.995546 2.951801 -15.386381 -4.139369 -6.796891 8.894219 -9.184245 -0.000001 0.000002 -0.000000 15.743550 -4.170552 -32.741673 25.121221 -18.893032 -57.854270 20.687229 -10.593183 13.788508 0.000003 0.000002 -0.000003 -6.091731 -10.824742 43.676519 10.056283 -10.528228 65.824650 21.729767 6.443412 -0.466256 0.000000 -0.000003 -0.000000 13.560612 5.943852 26.049609 -8.212872 8.394354 -6.805575 -25.631087 -23.168012 -16.081508 0.000000 -0.000000 -0.000003 -10.720793 1.282862 -6.392923 13.685438 -1.471681 12.885232 -11.149673 15.009619 17.580173 -0.000001 0.000002 0.000001 
4.301342 105.949745 -9.047047 4.429449 40.571723 -5.756993 -4.137300 -1.110871 1.290093 -1.622771 -3.702157 7.815874 3.569263 -15.404218 -3.866915 -6.960822 8.892590 -9.139670 0.000001 0.000000 -0.000000 15.787526 -4.804411 -32.379577 25.135443 -19.155349 -57.906583 20.596413 -10.315045 13.787671 -0.000001 0.000002 -0.000001 -6.162930 -11.115567 43.622584 10.017659 -10.220129 65.697773 21.850557 6.593153 -0.576303 -0.000001 -0.000000 0.000002 13.471367 5.898920 26.044158 -8.194081 8.291332 -6.582886 -25.969370 -23.457455 -16.432235 -0.000001 0.000001 -0.000002 -10.851957 1.293358 -6.365460 13.507626 -1.500550 12.728655 -10.939738 14.914082 17.441352 0.000001 -0.000004 0.000001 
4.204454 105.937981 -8.936887 4.385906 40.756091 -5.790493 -3.905730 -1.134526 1.644503 -1.646217 -3.751594 7.892234 3.371471 -15.599493 -4.131917 -6.936444 8.935943 -9.151315 0.000001 0.000000 -0.000000 15.647279 -4.583833 -32.420647 25.019721 -19.142947 -58.026500 20.546345 -10.511157 13.526682 -0.000001 0.000000 -0.000002 -6.190158 -11.016485 43.381472 9.902954 -10.416733 65.927588 21.816512 6.960798 -0.528789 -0.000002 -0.000000 0.000005 13.732887 6.013297 26.342055 -8.573336 8.520045 -7.048598 -25.269157 -23.614947 -16.243257 -0.000000 -0.000000 -0.000003 -10.760487 1.270290 -6.268094 13.743227 -1.395521 12.975535 -10.640318 14.890661 17.390611 -0.000001 -0.000001 -0.000003 
4.112530 105.927132 -8.827578 4.552938 40.442165 -5.707432 -3.954632 -1.125527 1.549694 -1.455084 -3.729005 8.035669 3.047860 -15.504241 -4.246176 -6.865677 9.179589 -9.067290 0.000001 0.000004 -0.000000 15.507439 -4.286402 -32.418171 25.159354 -19.104714 -58.178001 20.796232 -10.751989 13.613902 0.000001 0.000002 0.000000 -6.214535 -10.954588 43.311097 9.956761 -10.386699 65.844274 21.809916 6.885315 -0.231773 0.000002 -0.000001 0.000000 13.641562 5.900163 26.220914 -8.502471 8.488206 -7.075473 -25.449000 -23.373621 -16.145471 -0.000000 0.000002 -0.000003 -11.120344 1.350637 -6.551588 14.264083 -1.106677 13.280441 -10.774617 14.937844 17.789296 -0.000002 0.000002 0.000001 
4.028421 105.914627 -8.722408 4.455676 40.315103 -5.639901 -3.881084 -1.139352 1.635602 -1.270348 -3.742515 8.197510 2.869380 -15.129719 -4.368195 -7.104673 9.168141 -9.154643 0.000001 0.000000 -0.000000 15.613312 -4.596442 -32.279491 25.208311 -19.466299 -57.927927 20.779413 -10.154240 13.276514 0.000002 -0.000001 0.000000 -6.250018 -11.370849 43.378453 10.038679 -10.298825 65.759012 21.912440 6.688368 -0.313843 0.000000 -0.000000 0.000004 13.571370 5.864165 26.129300 -8.265607 8.395341 -6.838507 -25.371933 -23.480015 -16.185675 0.000000 0.000001 -0.000002 -11.299022 1.380258 -6.694846 14.618773 -0.994968 13.443769 -10.881202 14.991261 17.875956 -0.000001 -0.000001 -0.000003 
3.953743 105.906883 -8.612453 4.393922 40.437568 -5.557675 -3.780280 -1.172377 1.729168 -1.409839 -3.784542 8.171785 2.834237 -15.662286 -4.464433 -6.698828 9.356024 -9.191035 -0.000001 0.000002 -0.000001 15.768871 -4.202892 -32.397189 25.271768 -19.538262 -57.905736 20.955905 -10.619988 13.691476 0.000001 0.000000 0.000000 -5.906223 -10.364533 43.412860 10.107690 -10.043653 65.973637 21.932299 6.702340 -0.678085 0.000001 -0.000000 0.000002 13.713801 5.896222 26.149210 -8.402769 8.366149 -6.887935 -25.202529 -23.529372 -16.120344 0.000000 0.000003 -0.000003 -11.342027 1.388549 -6.799351 14.635200 -1.023634 13.468310 -10.638772 15.043746 17.699889 0.000001 0.000002 0.000000 
3.885626 105.904343 -8.505669 4.226079 40.389299 -5.549690 -3.583241 -1.181423 2.026952 -2.187398 -3.802538 7.558093 3.576245 -15.454005 -4.025299 -6.777769 9.325287 -9.311782 0.000001 0.000000 -0.000000 15.769735 -4.928180 -32.042081 25.286822 -19.598282 -58.056512 21.116993 -10.697030 13.959639 0.000000 -0.000003 -0.000001 -5.986761 -10.493782 43.400719 10.040054 -9.900918 65.813435 21.978143 6.472209 -0.554690 0.000002 0.000001 0.000000 13.704022 5.924795 26.135430 -8.294623 8.420302 -6.821956 -25.285743 -23.545245 -16.179019 -0.000001 0.000001 -0.000003 -11.007858 1.343507 -6.610129 14.258927 -1.243348 13.233849 -10.672468 15.100280 17.788108 -0.000002 0.000002 0.000000 
3.819560 105.897858 -8.393614 4.397981 40.494709 -5.491522 -3.705113 -1.190019 1.945874 -2.442258 -3.778546 7.313657 3.944516 -15.239144 -3.782537 -6.937620 9.047662 -9.151338 0.000002 0.000005 -0.000000 15.887334 -5.675363 -31.865384 25.394968 -19.572191 -57.937640 21.392858 -10.815558 14.442363 0.000001 0.000000 -0.000003 -6.051541 -10.968122 43.358376 10.065412 -9.655752 65.692794 22.217996 6.373878 -0.547219 0.000000 0.000002 0.000001 13.545544 5.855200 25.922994 -8.364506 8.463188 -6.799544 -25.213001 -23.599552 -16.189048 0.000000 0.000000 -0.000004 -10.965750 1.334786 -6.550726 14.039572 -1.364309 12.915465 -10.645057 15.147935 17.830564 0.000002 0.000001 0.000003 
3.758455 105.894882 -8.278607 4.479235 40.615853 -5.490388 -3.826730 -1.184314 1.811161 -2.737906 -3.810494 7.120460 4.319696 -15.692097 -3.513530 -6.919609 9.190371 -9.271600 0.000001 0.000002 -0.000001 15.737295 -4.751568 -32.040793 25.320882 -19.638315 -57.900231 21.445201 -10.780696 13.756846 0.000001 0.000002 -0.000003 -5.980341 -10.679002 43.178670 10.042859 -9.753279 65.870174 22.069285 6.333971 -0.206972 -0.000000 -0.000003 0.000002 13.471549 5.851440 25.900310 -8.331451 8.340000 -6.688901 -25.166385 -23.563806 -16.201911 -0.000000 0.000001 -0.000003 -11.101976 1.352040 -6.638402 14.153195 -1.210922 13.037398 -10.828271 15.156321 17.935112 -0.000001 0.000001 -0.000001 
3.703453 105.893990 -8.166761 4.463460 40.518752 -5.206779 -3.939624 -1.143396 1.459325 -2.729534 -3.736607 7.025468 4.531819 -15.743400 -3.278823 -7.102230 9.254150 -9.309101 -0.000000 0.000002 -0.000001 15.662594 -4.617274 -32.049952 25.239065 -19.726845 -58.041520 21.233690 -10.931523 13.777887 0.000001 0.000000 -0.000000 -5.976424 -10.490059 43.008793 9.997789 -9.703675 66.085058 21.720688 6.254455 -0.038582 -0.000001 -0.000001 0.000004 13.618150 5.756139 25.694402 -8.574254 8.408135 -6.951117 -24.935938 -23.490269 -16.052492 -0.000000 0.000001 -0.000003 -11.139164 1.464960 -6.940428 14.254004 -1.108657 13.085248 -10.608688 15.156726 17.915475 0.000001 0.000005 0.000002 
